[2026-05-12T03:25:36.768Z] [SyncDiag] RECEIVE-PUSH START: batch=660efda2-e258-44f5-803c-67bff66ba337, vessel=7446783c-841a-11ed-aa7c-7003bca91a86, fieldLogs=0, oneWayRows=0
[2026-05-12T03:25:36.773Z] [SyncDiag] RECEIVE-PUSH DONE: stored=0, applied=0, errors=0, oneWayTables=0
[2026-05-12T03:25:36.788Z] [SyncDiag] PREPARE-PULL START: vessel=7446783c-841a-11ed-aa7c-7003bca91a86, vesselCode=null, checkpoint=2026-05-04T11:18:08.589Z
[2026-05-12T03:25:37.295Z] [SyncDiag] PREPARE-PULL FIELD LOGS: 0 shore logs for vessel
[2026-05-12T03:25:37.475Z] [SyncDiag] PREPARE-PULL DONE: 373 one-way rows across 13 tables, 0 field logs, 0 conflicts
[2026-05-12T03:25:37.476Z] [SyncDiag] PREPARE-PULL ONE-WAY: components — 12 rows
[2026-05-12T03:25:37.477Z] [SyncDiag] PREPARE-PULL ONE-WAY: jobs — 2 rows
[2026-05-12T03:25:37.477Z] [SyncDiag] PREPARE-PULL ONE-WAY: fleet_groups — 13 rows
[2026-05-12T03:25:37.478Z] [SyncDiag] PREPARE-PULL ONE-WAY: adm_menumaster_ac — 1 rows
[2026-05-12T03:25:37.478Z] [SyncDiag] PREPARE-PULL ONE-WAY: adm_role_menu_access — 6 rows
[2026-05-12T03:25:37.478Z] [SyncDiag] PREPARE-PULL ONE-WAY: maker_list — 2 rows
[2026-05-12T03:25:37.479Z] [SyncDiag] PREPARE-PULL ONE-WAY: master_lists — 6 rows
[2026-05-12T03:25:37.479Z] [SyncDiag] PREPARE-PULL ONE-WAY: alert_policies — 1 rows
[2026-05-12T03:25:37.480Z] [SyncDiag] PREPARE-PULL ONE-WAY: pms_vessel_settings — 1 rows
[2026-05-12T03:25:37.480Z] [SyncDiag] PREPARE-PULL ONE-WAY: ship_certificates_master — 141 rows
[2026-05-12T03:25:37.481Z] [SyncDiag] PREPARE-PULL ONE-WAY: ship_surveys_master — 64 rows
[2026-05-12T03:25:37.481Z] [SyncDiag] PREPARE-PULL ONE-WAY: vessel_certificate_applicability — 83 rows
[2026-05-12T03:25:37.481Z] [SyncDiag] PREPARE-PULL ONE-WAY: vessel_survey_applicability — 41 rows
[2026-05-12T03:26:32.048Z] [SyncDiag] RECEIVE-PUSH START: batch=d724710f-c8b0-4afb-8fe0-e5323772fd3e, vessel=7446783c-841a-11ed-aa7c-7003bca91a86, fieldLogs=0, oneWayRows=0
[2026-05-12T03:26:32.054Z] [SyncDiag] RECEIVE-PUSH DONE: stored=0, applied=0, errors=0, oneWayTables=0
[2026-05-12T03:26:34.076Z] [SyncDiag] PREPARE-PULL START: vessel=7446783c-841a-11ed-aa7c-7003bca91a86, vesselCode=null, checkpoint=2026-05-04T11:18:08.589Z
[2026-05-12T03:26:34.390Z] [SyncDiag] PREPARE-PULL FIELD LOGS: 0 shore logs for vessel
[2026-05-12T03:26:34.473Z] [SyncDiag] PREPARE-PULL DONE: 373 one-way rows across 13 tables, 0 field logs, 0 conflicts
[2026-05-12T03:26:34.474Z] [SyncDiag] PREPARE-PULL ONE-WAY: components — 12 rows
[2026-05-12T03:26:34.474Z] [SyncDiag] PREPARE-PULL ONE-WAY: jobs — 2 rows
[2026-05-12T03:26:34.474Z] [SyncDiag] PREPARE-PULL ONE-WAY: fleet_groups — 13 rows
[2026-05-12T03:26:34.475Z] [SyncDiag] PREPARE-PULL ONE-WAY: adm_menumaster_ac — 1 rows
[2026-05-12T03:26:34.475Z] [SyncDiag] PREPARE-PULL ONE-WAY: adm_role_menu_access — 6 rows
[2026-05-12T03:26:34.476Z] [SyncDiag] PREPARE-PULL ONE-WAY: maker_list — 2 rows
[2026-05-12T03:26:34.476Z] [SyncDiag] PREPARE-PULL ONE-WAY: master_lists — 6 rows
[2026-05-12T03:26:34.476Z] [SyncDiag] PREPARE-PULL ONE-WAY: alert_policies — 1 rows
[2026-05-12T03:26:34.477Z] [SyncDiag] PREPARE-PULL ONE-WAY: pms_vessel_settings — 1 rows
[2026-05-12T03:26:34.477Z] [SyncDiag] PREPARE-PULL ONE-WAY: ship_certificates_master — 141 rows
[2026-05-12T03:26:34.478Z] [SyncDiag] PREPARE-PULL ONE-WAY: ship_surveys_master — 64 rows
[2026-05-12T03:26:34.478Z] [SyncDiag] PREPARE-PULL ONE-WAY: vessel_certificate_applicability — 83 rows
[2026-05-12T03:26:34.478Z] [SyncDiag] PREPARE-PULL ONE-WAY: vessel_survey_applicability — 41 rows
[2026-05-12T03:57:22.731Z] [SyncDiag] === SYNC START === vessel=7446783c-841a-11ed-aa7c-7003bca91a86, instance=SHORE-PROD, mode=LOCAL
[2026-05-12T03:57:22.794Z] [SyncDiag] PUSH START: gathering field logs for vessel=7446783c-841a-11ed-aa7c-7003bca91a86, vesselCode=null
[2026-05-12T03:57:22.999Z] [SyncDiag] PUSH: found 0 unsynced field logs
[2026-05-12T03:57:23.000Z] [SyncDiag] RECEIVE-PUSH START: batch=ff101b40-822b-4125-ad73-5837938052ad, vessel=7446783c-841a-11ed-aa7c-7003bca91a86, fieldLogs=0, oneWayRows=0
[2026-05-12T03:57:23.017Z] [SyncDiag] RECEIVE-PUSH DONE: stored=0, applied=0, errors=0, oneWayTables=0
[2026-05-12T03:57:23.021Z] [SyncDiag] PREPARE-PULL START: vessel=7446783c-841a-11ed-aa7c-7003bca91a86, vesselCode=null, checkpoint=2026-05-11T12:05:29.066Z
[2026-05-12T03:57:23.220Z] [SyncDiag] PREPARE-PULL FIELD LOGS: 0 shore logs for vessel
[2026-05-12T03:57:23.432Z] [SyncDiag] PREPARE-PULL DONE: 14 one-way rows across 4 tables, 0 field logs, 0 conflicts
[2026-05-12T03:57:23.432Z] [SyncDiag] PREPARE-PULL ONE-WAY: adm_menumaster_ac — 1 rows
[2026-05-12T03:57:23.433Z] [SyncDiag] PREPARE-PULL ONE-WAY: adm_role_menu_access — 6 rows
[2026-05-12T03:57:23.433Z] [SyncDiag] PREPARE-PULL ONE-WAY: master_lists — 6 rows
[2026-05-12T03:57:23.433Z] [SyncDiag] PREPARE-PULL ONE-WAY: alert_policies — 1 rows
[2026-05-12T03:57:23.434Z] [SyncDiag] PULL RECEIVED: 4 one-way table batches, 0 field logs
[2026-05-12T03:57:23.434Z] [SyncDiag] PULL one-way tables: {"adm_menumaster_ac":1,"adm_role_menu_access":6,"master_lists":6,"alert_policies":1}
[2026-05-12T03:57:23.447Z] [SyncDiag] PULL: RBAC cleanup done
[2026-05-12T03:57:23.448Z] [SyncDiag] ONE-WAY-APPLY START: adm_menumaster_ac — 1 rows
[2026-05-12T03:57:23.497Z] [SyncDiag] ONE-WAY-APPLY DONE: adm_menumaster_ac — inserted=1, updated=0, deleted=0, errors=0
[2026-05-12T03:57:23.498Z] [SyncDiag] PULL ONE-WAY: adm_menumaster_ac — inserted=1, updated=0, deleted=0, errors=0
[2026-05-12T03:57:23.498Z] [SyncDiag] ONE-WAY-APPLY START: adm_role_menu_access — 6 rows
[2026-05-12T03:57:23.508Z] [SyncDiag] ONE-WAY-APPLY ROW ERROR: adm_role_menu_access row[0]: insert or update on table "adm_role_menu_access" violates foreign key constraint "adm_role_menu_access_role_ruid_fkey"
[2026-05-12T03:57:23.556Z] [SyncDiag] ONE-WAY-APPLY ROW ERROR: adm_role_menu_access row[1]: insert or update on table "adm_role_menu_access" violates foreign key constraint "adm_role_menu_access_role_ruid_fkey"
[2026-05-12T03:57:23.604Z] [SyncDiag] ONE-WAY-APPLY ROW ERROR: adm_role_menu_access row[2]: insert or update on table "adm_role_menu_access" violates foreign key constraint "adm_role_menu_access_role_ruid_fkey"
[2026-05-12T03:57:23.652Z] [SyncDiag] ONE-WAY-APPLY ROW ERROR: adm_role_menu_access row[3]: insert or update on table "adm_role_menu_access" violates foreign key constraint "adm_role_menu_access_role_ruid_fkey"
[2026-05-12T03:57:23.700Z] [SyncDiag] ONE-WAY-APPLY ROW ERROR: adm_role_menu_access row[4]: insert or update on table "adm_role_menu_access" violates foreign key constraint "adm_role_menu_access_role_ruid_fkey"
[2026-05-12T03:57:23.748Z] [SyncDiag] ONE-WAY-APPLY ROW ERROR: adm_role_menu_access row[5]: insert or update on table "adm_role_menu_access" violates foreign key constraint "adm_role_menu_access_role_ruid_fkey"
[2026-05-12T03:57:23.749Z] [SyncDiag] ONE-WAY-APPLY DONE: adm_role_menu_access — inserted=0, updated=0, deleted=0, errors=6
[2026-05-12T03:57:23.807Z] [SyncDiag] PULL ONE-WAY: adm_role_menu_access — inserted=0, updated=0, deleted=0, errors=6
[2026-05-12T03:57:23.808Z] [SyncDiag] PULL ONE-WAY ERROR: adm_role_menu_access[0]: insert or update on table "adm_role_menu_access" violates foreign key constraint "adm_role_menu_access_role_ruid_fkey"
[2026-05-12T03:57:23.808Z] [SyncDiag] PULL ONE-WAY ERROR: adm_role_menu_access[1]: insert or update on table "adm_role_menu_access" violates foreign key constraint "adm_role_menu_access_role_ruid_fkey"
[2026-05-12T03:57:23.808Z] [SyncDiag] PULL ONE-WAY ERROR: adm_role_menu_access[2]: insert or update on table "adm_role_menu_access" violates foreign key constraint "adm_role_menu_access_role_ruid_fkey"
[2026-05-12T03:57:23.809Z] [SyncDiag] ONE-WAY-APPLY START: master_lists — 6 rows
[2026-05-12T03:57:23.846Z] [SyncDiag] ONE-WAY-APPLY DONE: master_lists — inserted=0, updated=6, deleted=0, errors=0
[2026-05-12T03:57:23.852Z] [SyncDiag] PULL ONE-WAY: master_lists — inserted=0, updated=6, deleted=0, errors=0
[2026-05-12T03:57:23.852Z] [SyncDiag] ONE-WAY-APPLY START: alert_policies — 1 rows
[2026-05-12T03:57:23.862Z] [SyncDiag] ONE-WAY-APPLY DONE: alert_policies — inserted=0, updated=1, deleted=0, errors=0
[2026-05-12T03:57:23.865Z] [SyncDiag] PULL ONE-WAY: alert_policies — inserted=0, updated=1, deleted=0, errors=0
[2026-05-12T03:57:24.087Z] [SyncDiag] SYNC COMPLETE: checkpoint=2026-05-12T03:57:23.870Z
[2026-05-12T03:57:24.093Z] [SyncDiag] FILE-SYNC START: 0 pending files for vessel=7446783c-841a-11ed-aa7c-7003bca91a86, direction=shore_to_ship
[2026-05-12T03:57:24.094Z] [SyncDiag] FILE-SYNC DONE: processed=0, failed=0, bytes=0
[2026-05-12T03:57:24.096Z] [SyncDiag] === SYNC END === vessel=7446783c-841a-11ed-aa7c-7003bca91a86, duration=1365ms, status=success, pushed=0, pulled=8, conflicts=0, files=0+0
[2026-05-12T04:11:01.502Z] [SyncDiag] RECEIVE-PUSH START: batch=5ccea6dc-10fc-44fa-94af-eae85a1442dc, vessel=7446783c-841a-11ed-aa7c-7003bca91a86, fieldLogs=15, oneWayRows=0
[2026-05-12T04:11:01.554Z] [SyncDiag] RECEIVE-PUSH: 15 field logs stored in sync_field_log
[2026-05-12T04:11:01.556Z] [SyncDiag] SYNC-APPLY TRIGGER BYPASS active for batch=5ccea6dc-10fc-44fa-94af-eae85a1442dc
[2026-05-12T04:11:01.557Z] [SyncDiag] FIELD-LOG-INSERT START: 15 logs
[2026-05-12T04:11:01.557Z] [SyncDiag] FIELD-LOG-INSERT: 1 groups from 15 logs
[2026-05-12T04:11:01.595Z] [SyncDiag] FIELD-LOG-INSERT OK: change_request row=a88d1af4-ffb9-41d5-a918-8e94d08f3548 (16 columns)
[2026-05-12T04:11:01.596Z] [SyncDiag] FIELD-LOG-INSERT DONE: inserted=1, updatePassthrough=0, errors=0
[2026-05-12T04:11:01.601Z] [SyncDiag] RECEIVE-PUSH DONE: stored=15, applied=1, errors=0, oneWayTables=0
[2026-05-12T04:11:01.611Z] [SyncDiag] PREPARE-PULL START: vessel=7446783c-841a-11ed-aa7c-7003bca91a86, vesselCode=null, checkpoint=2026-05-12T04:04:49.442Z
[2026-05-12T04:11:01.704Z] [SyncDiag] PREPARE-PULL FIELD LOGS: 0 shore logs for vessel
[2026-05-12T04:11:01.941Z] [SyncDiag] PREPARE-PULL DONE: 0 one-way rows across 0 tables, 0 field logs, 0 conflicts
[2026-05-12T04:11:48.700Z] [SyncDiag] RECEIVE-PUSH START: batch=f03716ef-3167-49ba-bf75-77c5f1c91f87, vessel=7446783c-841a-11ed-aa7c-7003bca91a86, fieldLogs=0, oneWayRows=0
[2026-05-12T04:11:48.705Z] [SyncDiag] RECEIVE-PUSH DONE: stored=0, applied=0, errors=0, oneWayTables=0
[2026-05-12T04:11:50.732Z] [SyncDiag] PREPARE-PULL START: vessel=7446783c-841a-11ed-aa7c-7003bca91a86, vesselCode=null, checkpoint=2026-05-12T04:04:49.442Z
[2026-05-12T04:11:50.849Z] [SyncDiag] PREPARE-PULL FIELD LOGS: 0 shore logs for vessel
[2026-05-12T04:11:51.056Z] [SyncDiag] PREPARE-PULL DONE: 0 one-way rows across 0 tables, 0 field logs, 0 conflicts
[2026-05-12T04:12:35.583Z] [SyncDiag] === SYNC START === vessel=7446783c-841a-11ed-aa7c-7003bca91a86, instance=SHORE-PROD, mode=LOCAL
[2026-05-12T04:12:35.610Z] [SyncDiag] PUSH START: gathering field logs for vessel=7446783c-841a-11ed-aa7c-7003bca91a86, vesselCode=null
[2026-05-12T04:12:35.732Z] [SyncDiag] PUSH: found 0 unsynced field logs
[2026-05-12T04:12:35.733Z] [SyncDiag] RECEIVE-PUSH START: batch=fb5b2d6c-9153-4971-b7cf-34b4615d8249, vessel=7446783c-841a-11ed-aa7c-7003bca91a86, fieldLogs=0, oneWayRows=0
[2026-05-12T04:12:35.739Z] [SyncDiag] RECEIVE-PUSH DONE: stored=0, applied=0, errors=0, oneWayTables=0
[2026-05-12T04:12:35.742Z] [SyncDiag] PREPARE-PULL START: vessel=7446783c-841a-11ed-aa7c-7003bca91a86, vesselCode=null, checkpoint=2026-05-12T03:57:23.870Z
[2026-05-12T04:12:35.893Z] [SyncDiag] PREPARE-PULL FIELD LOGS: 0 shore logs for vessel
[2026-05-12T04:12:36.025Z] [SyncDiag] PREPARE-PULL DONE: 0 one-way rows across 0 tables, 0 field logs, 0 conflicts
[2026-05-12T04:12:36.026Z] [SyncDiag] PULL RECEIVED: 0 one-way table batches, 0 field logs
[2026-05-12T04:12:36.163Z] [SyncDiag] SYNC COMPLETE: checkpoint=2026-05-12T04:12:36.027Z
[2026-05-12T04:12:36.165Z] [SyncDiag] FILE-SYNC START: 0 pending files for vessel=7446783c-841a-11ed-aa7c-7003bca91a86, direction=shore_to_ship
[2026-05-12T04:12:36.165Z] [SyncDiag] FILE-SYNC DONE: processed=0, failed=0, bytes=0
[2026-05-12T04:12:36.166Z] [SyncDiag] === SYNC END === vessel=7446783c-841a-11ed-aa7c-7003bca91a86, duration=583ms, status=success, pushed=0, pulled=0, conflicts=0, files=0+0
[2026-05-12T04:12:45.291Z] [SyncDiag] RECEIVE-PUSH START: batch=e9ac6f58-25fc-476e-90a2-11b30ca5a5a3, vessel=7446783c-841a-11ed-aa7c-7003bca91a86, fieldLogs=0, oneWayRows=0
[2026-05-12T04:12:45.298Z] [SyncDiag] RECEIVE-PUSH DONE: stored=0, applied=0, errors=0, oneWayTables=0
[2026-05-12T04:12:45.312Z] [SyncDiag] PREPARE-PULL START: vessel=7446783c-841a-11ed-aa7c-7003bca91a86, vesselCode=null, checkpoint=2026-05-12T04:04:49.442Z
[2026-05-12T04:12:45.540Z] [SyncDiag] PREPARE-PULL FIELD LOGS: 0 shore logs for vessel
[2026-05-12T04:12:45.656Z] [SyncDiag] PREPARE-PULL DONE: 0 one-way rows across 0 tables, 0 field logs, 0 conflicts
[2026-05-12T04:15:53.015Z] [SyncDiag] === SYNC START === vessel=7446783c-841a-11ed-aa7c-7003bca91a86, instance=SHORE-PROD, mode=LOCAL
[2026-05-12T04:15:53.031Z] [SyncDiag] PUSH START: gathering field logs for vessel=7446783c-841a-11ed-aa7c-7003bca91a86, vesselCode=null
[2026-05-12T04:15:53.245Z] [SyncDiag] PUSH: found 0 unsynced field logs
[2026-05-12T04:15:53.246Z] [SyncDiag] RECEIVE-PUSH START: batch=c89b22c4-9292-4a40-bd0e-3005bd4da484, vessel=7446783c-841a-11ed-aa7c-7003bca91a86, fieldLogs=0, oneWayRows=0
[2026-05-12T04:15:53.252Z] [SyncDiag] RECEIVE-PUSH DONE: stored=0, applied=0, errors=0, oneWayTables=0
[2026-05-12T04:15:53.255Z] [SyncDiag] PREPARE-PULL START: vessel=7446783c-841a-11ed-aa7c-7003bca91a86, vesselCode=null, checkpoint=2026-05-12T04:12:36.027Z
[2026-05-12T04:15:53.408Z] [SyncDiag] PREPARE-PULL FIELD LOGS: 0 shore logs for vessel
[2026-05-12T04:15:53.587Z] [SyncDiag] PREPARE-PULL DONE: 139 one-way rows across 2 tables, 0 field logs, 0 conflicts
[2026-05-12T04:15:53.588Z] [SyncDiag] PREPARE-PULL ONE-WAY: ship_certificates_master — 136 rows
[2026-05-12T04:15:53.588Z] [SyncDiag] PREPARE-PULL ONE-WAY: vessel_certificate_applicability — 3 rows
[2026-05-12T04:15:53.589Z] [SyncDiag] PULL RECEIVED: 2 one-way table batches, 0 field logs
[2026-05-12T04:15:53.589Z] [SyncDiag] PULL one-way tables: {"ship_certificates_master":136,"vessel_certificate_applicability":3}
[2026-05-12T04:15:53.590Z] [SyncDiag] ONE-WAY-APPLY START: ship_certificates_master — 136 rows
[2026-05-12T04:15:53.847Z] [SyncDiag] ONE-WAY-APPLY DONE: ship_certificates_master — inserted=0, updated=136, deleted=0, errors=0
[2026-05-12T04:15:53.851Z] [SyncDiag] PULL ONE-WAY: ship_certificates_master — inserted=0, updated=136, deleted=0, errors=0
[2026-05-12T04:15:53.852Z] [SyncDiag] ONE-WAY-APPLY START: vessel_certificate_applicability — 3 rows
[2026-05-12T04:15:53.877Z] [SyncDiag] ONE-WAY-APPLY DONE: vessel_certificate_applicability — inserted=0, updated=3, deleted=0, errors=0
[2026-05-12T04:15:53.879Z] [SyncDiag] PULL ONE-WAY: vessel_certificate_applicability — inserted=0, updated=3, deleted=0, errors=0
[2026-05-12T04:15:54.060Z] [SyncDiag] SYNC COMPLETE: checkpoint=2026-05-12T04:15:53.881Z
[2026-05-12T04:15:54.065Z] [SyncDiag] FILE-SYNC START: 0 pending files for vessel=7446783c-841a-11ed-aa7c-7003bca91a86, direction=shore_to_ship
[2026-05-12T04:15:54.065Z] [SyncDiag] FILE-SYNC DONE: processed=0, failed=0, bytes=0
[2026-05-12T04:15:54.066Z] [SyncDiag] === SYNC END === vessel=7446783c-841a-11ed-aa7c-7003bca91a86, duration=1051ms, status=success, pushed=0, pulled=139, conflicts=0, files=0+0
[2026-05-12T04:16:14.894Z] [SyncDiag] RECEIVE-PUSH START: batch=16d4fc1c-80af-420a-b759-42cef6e7b8a5, vessel=7446783c-841a-11ed-aa7c-7003bca91a86, fieldLogs=0, oneWayRows=0
[2026-05-12T04:16:14.899Z] [SyncDiag] RECEIVE-PUSH DONE: stored=0, applied=0, errors=0, oneWayTables=0
[2026-05-12T04:16:16.925Z] [SyncDiag] PREPARE-PULL START: vessel=7446783c-841a-11ed-aa7c-7003bca91a86, vesselCode=null, checkpoint=2026-05-12T04:04:49.442Z
[2026-05-12T04:16:17.103Z] [SyncDiag] PREPARE-PULL FIELD LOGS: 0 shore logs for vessel
[2026-05-12T04:16:17.218Z] [SyncDiag] PREPARE-PULL DONE: 139 one-way rows across 2 tables, 0 field logs, 0 conflicts
[2026-05-12T04:16:17.218Z] [SyncDiag] PREPARE-PULL ONE-WAY: ship_certificates_master — 136 rows
[2026-05-12T04:16:17.218Z] [SyncDiag] PREPARE-PULL ONE-WAY: vessel_certificate_applicability — 3 rows
[2026-05-12T04:17:53.231Z] [SyncDiag] RECEIVE-PUSH START: batch=cf714ba1-c195-4202-8f0d-447865bfeac5, vessel=7446783c-841a-11ed-aa7c-7003bca91a86, fieldLogs=0, oneWayRows=0
[2026-05-12T04:17:53.237Z] [SyncDiag] RECEIVE-PUSH DONE: stored=0, applied=0, errors=0, oneWayTables=0
[2026-05-12T04:17:53.245Z] [SyncDiag] PREPARE-PULL START: vessel=7446783c-841a-11ed-aa7c-7003bca91a86, vesselCode=null, checkpoint=2026-05-12T04:04:49.442Z
[2026-05-12T04:17:53.396Z] [SyncDiag] PREPARE-PULL FIELD LOGS: 0 shore logs for vessel
[2026-05-12T04:17:53.513Z] [SyncDiag] PREPARE-PULL DONE: 139 one-way rows across 2 tables, 0 field logs, 0 conflicts
[2026-05-12T04:17:53.514Z] [SyncDiag] PREPARE-PULL ONE-WAY: ship_certificates_master — 136 rows
[2026-05-12T04:17:53.514Z] [SyncDiag] PREPARE-PULL ONE-WAY: vessel_certificate_applicability — 3 rows
[2026-05-12T04:18:12.710Z] [SyncDiag] === SYNC START === vessel=7446783c-841a-11ed-aa7c-7003bca91a86, instance=SHORE-PROD, mode=LOCAL
[2026-05-12T04:18:12.722Z] [SyncDiag] PUSH START: gathering field logs for vessel=7446783c-841a-11ed-aa7c-7003bca91a86, vesselCode=null
[2026-05-12T04:18:12.842Z] [SyncDiag] PUSH: found 0 unsynced field logs
[2026-05-12T04:18:12.843Z] [SyncDiag] RECEIVE-PUSH START: batch=91f62fe9-29e7-4c4f-b45b-32084c7d04c1, vessel=7446783c-841a-11ed-aa7c-7003bca91a86, fieldLogs=0, oneWayRows=0
[2026-05-12T04:18:12.851Z] [SyncDiag] RECEIVE-PUSH DONE: stored=0, applied=0, errors=0, oneWayTables=0
[2026-05-12T04:18:12.854Z] [SyncDiag] PREPARE-PULL START: vessel=7446783c-841a-11ed-aa7c-7003bca91a86, vesselCode=null, checkpoint=2026-05-12T04:15:53.881Z
[2026-05-12T04:18:13.000Z] [SyncDiag] PREPARE-PULL FIELD LOGS: 0 shore logs for vessel
[2026-05-12T04:18:13.126Z] [SyncDiag] PREPARE-PULL DONE: 0 one-way rows across 0 tables, 0 field logs, 0 conflicts
[2026-05-12T04:18:13.127Z] [SyncDiag] PULL RECEIVED: 0 one-way table batches, 0 field logs
[2026-05-12T04:18:13.342Z] [SyncDiag] RECEIVE-PUSH START: batch=11cee623-d655-4b42-b71f-bf8805ae1794, vessel=7446783c-841a-11ed-aa7c-7003bca91a86, fieldLogs=30, oneWayRows=0
[2026-05-12T04:18:13.387Z] [SyncDiag] RECEIVE-PUSH: 30 field logs stored in sync_field_log
[2026-05-12T04:18:13.388Z] [SyncDiag] SYNC-APPLY TRIGGER BYPASS active for batch=11cee623-d655-4b42-b71f-bf8805ae1794
[2026-05-12T04:18:13.388Z] [SyncDiag] FIELD-LOG-INSERT START: 30 logs
[2026-05-12T04:18:13.389Z] [SyncDiag] FIELD-LOG-INSERT: 3 groups from 30 logs
[2026-05-12T04:18:13.399Z] [SyncDiag] SYNC COMPLETE: checkpoint=2026-05-12T04:18:13.128Z
[2026-05-12T04:18:13.404Z] [SyncDiag] FILE-SYNC START: 0 pending files for vessel=7446783c-841a-11ed-aa7c-7003bca91a86, direction=shore_to_ship
[2026-05-12T04:18:13.405Z] [SyncDiag] FILE-SYNC DONE: processed=0, failed=0, bytes=0
[2026-05-12T04:18:13.405Z] [SyncDiag] === SYNC END === vessel=7446783c-841a-11ed-aa7c-7003bca91a86, duration=695ms, status=success, pushed=0, pulled=0, conflicts=0, files=0+0
[2026-05-12T04:18:13.440Z] [SyncDiag] FIELD-LOG-INSERT OK: spares_history row=7ca47bac-76a8-4e24-aff7-aea5e4887c58 (19 columns)
[2026-05-12T04:18:13.489Z] [SyncDiag] FIELD-LOG-INSERT OK: spare_location_stock row=a4b52e55-f22d-474d-a353-723a0c4fa8ce (9 columns)
[2026-05-12T04:18:13.490Z] [SyncDiag] FIELD-LOG-INSERT DONE: inserted=2, updatePassthrough=4, errors=0
[2026-05-12T04:18:13.501Z] [SyncDiag] INSERT-LOG ALLOWED: spares.location row=c41c9d7c-9204-461f-b96e-cbcc549a84f4
[2026-05-12T04:18:13.502Z] [SyncDiag] INSERT-LOG ALLOWED: spares.location2 row=c41c9d7c-9204-461f-b96e-cbcc549a84f4
[2026-05-12T04:18:13.507Z] [SyncDiag] RECEIVE-PUSH DONE: stored=30, applied=5, errors=1, oneWayTables=0
[2026-05-12T04:18:13.514Z] [SyncDiag] PREPARE-PULL START: vessel=7446783c-841a-11ed-aa7c-7003bca91a86, vesselCode=null, checkpoint=2026-05-12T04:04:49.442Z
[2026-05-12T04:18:13.666Z] [SyncDiag] PREPARE-PULL FIELD LOGS: 0 shore logs for vessel
[2026-05-12T04:18:13.783Z] [SyncDiag] PREPARE-PULL DONE: 139 one-way rows across 2 tables, 0 field logs, 0 conflicts
[2026-05-12T04:18:13.783Z] [SyncDiag] PREPARE-PULL ONE-WAY: ship_certificates_master — 136 rows
[2026-05-12T04:18:13.784Z] [SyncDiag] PREPARE-PULL ONE-WAY: vessel_certificate_applicability — 3 rows
[2026-05-12T04:19:09.840Z] [SyncDiag] RECEIVE-PUSH START: batch=21397c51-2743-438f-89dc-3655b9b77640, vessel=7446783c-841a-11ed-aa7c-7003bca91a86, fieldLogs=0, oneWayRows=0
[2026-05-12T04:19:09.846Z] [SyncDiag] RECEIVE-PUSH DONE: stored=0, applied=0, errors=0, oneWayTables=0
[2026-05-12T04:19:09.853Z] [SyncDiag] PREPARE-PULL START: vessel=7446783c-841a-11ed-aa7c-7003bca91a86, vesselCode=null, checkpoint=2026-05-12T04:04:49.442Z
[2026-05-12T04:19:09.942Z] [SyncDiag] PREPARE-PULL FIELD LOGS: 0 shore logs for vessel
[2026-05-12T04:19:10.161Z] [SyncDiag] PREPARE-PULL DONE: 139 one-way rows across 2 tables, 0 field logs, 0 conflicts
[2026-05-12T04:19:10.162Z] [SyncDiag] PREPARE-PULL ONE-WAY: ship_certificates_master — 136 rows
[2026-05-12T04:19:10.162Z] [SyncDiag] PREPARE-PULL ONE-WAY: vessel_certificate_applicability — 3 rows
[2026-05-12T04:20:34.693Z] [SyncDiag] FIELD-LOGGER: vessel_certificate_data row=06155085-812b-418d-81eb-65465083acf7 — 10 fields changed, isInsert=true
[2026-05-12T04:20:38.390Z] [SyncDiag] FIELD-LOGGER: vessel_certificate_data row=06155085-812b-418d-81eb-65465083acf7 — 1 fields changed, isInsert=false
[2026-05-12T04:20:48.349Z] [SyncDiag] === SYNC START === vessel=7446783c-841a-11ed-aa7c-7003bca91a86, instance=SHORE-PROD, mode=LOCAL
[2026-05-12T04:20:48.567Z] [SyncDiag] PUSH START: gathering field logs for vessel=7446783c-841a-11ed-aa7c-7003bca91a86, vesselCode=null
[2026-05-12T04:20:58.121Z] [SyncDiag] PUSH: found 11 unsynced field logs
[2026-05-12T04:20:58.121Z] [SyncDiag] PUSH table breakdown: {"vessel_certificate_data":11}
[2026-05-12T04:20:58.122Z] [SyncDiag] PUSH sample[0]: table=vessel_certificate_data, field=id, row=06155085-812b-418d-81eb-65465083acf7, oldNull=true, newValue=91
[2026-05-12T04:20:58.123Z] [SyncDiag] PUSH sample[1]: table=vessel_certificate_data, field=vcduuid, row=06155085-812b-418d-81eb-65465083acf7, oldNull=true, newValue=06155085-812b-418d-81eb-65465083acf7
[2026-05-12T04:20:58.123Z] [SyncDiag] PUSH sample[2]: table=vessel_certificate_data, field=vesselId, row=06155085-812b-418d-81eb-65465083acf7, oldNull=true, newValue=7446783c-841a-11ed-aa7c-7003bca91a86
[2026-05-12T04:20:58.124Z] [SyncDiag] PUSH sample[3]: table=vessel_certificate_data, field=vesselName, row=06155085-812b-418d-81eb-65465083acf7, oldNull=true, newValue=Vessel 5
[2026-05-12T04:20:58.124Z] [SyncDiag] PUSH sample[4]: table=vessel_certificate_data, field=masterId, row=06155085-812b-418d-81eb-65465083acf7, oldNull=true, newValue=A1-015
[2026-05-12T04:20:58.125Z] [SyncDiag] RECEIVE-PUSH START: batch=bd79e06a-5787-4a13-9eb5-e9058013aa8a, vessel=7446783c-841a-11ed-aa7c-7003bca91a86, fieldLogs=11, oneWayRows=0
[2026-05-12T04:20:58.149Z] [SyncDiag] RECEIVE-PUSH: 11 field logs stored in sync_field_log
[2026-05-12T04:20:58.154Z] [SyncDiag] SYNC-APPLY TRIGGER BYPASS active for batch=bd79e06a-5787-4a13-9eb5-e9058013aa8a
[2026-05-12T04:20:58.155Z] [SyncDiag] FIELD-LOG-INSERT START: 11 logs
[2026-05-12T04:20:58.155Z] [SyncDiag] FIELD-LOG-INSERT: 1 groups from 11 logs
[2026-05-12T04:20:58.159Z] [SyncDiag] FIELD-LOG-INSERT DONE: inserted=0, updatePassthrough=11, errors=0
[2026-05-12T04:20:58.160Z] [SyncDiag] INSERT-LOG ALLOWED: vessel_certificate_data.id row=06155085-812b-418d-81eb-65465083acf7
[2026-05-12T04:20:58.871Z] [SyncDiag] INSERT-LOG ALLOWED: vessel_certificate_data.vcduuid row=06155085-812b-418d-81eb-65465083acf7
[2026-05-12T04:20:58.874Z] [SyncDiag] INSERT-LOG ALLOWED: vessel_certificate_data.vesselId row=06155085-812b-418d-81eb-65465083acf7
[2026-05-12T04:20:58.875Z] [SyncDiag] INSERT-LOG ALLOWED: vessel_certificate_data.vesselName row=06155085-812b-418d-81eb-65465083acf7
[2026-05-12T04:20:58.876Z] [SyncDiag] INSERT-LOG ALLOWED: vessel_certificate_data.masterId row=06155085-812b-418d-81eb-65465083acf7
[2026-05-12T04:20:58.877Z] [SyncDiag] INSERT-LOG ALLOWED: vessel_certificate_data.issueDate row=06155085-812b-418d-81eb-65465083acf7
[2026-05-12T04:20:58.878Z] [SyncDiag] INSERT-LOG ALLOWED: vessel_certificate_data.lastEditUpload row=06155085-812b-418d-81eb-65465083acf7
[2026-05-12T04:20:58.879Z] [SyncDiag] INSERT-LOG ALLOWED: vessel_certificate_data.attachments row=06155085-812b-418d-81eb-65465083acf7
[2026-05-12T04:20:58.882Z] [SyncDiag] INSERT-LOG ALLOWED: vessel_certificate_data.sortOrder row=06155085-812b-418d-81eb-65465083acf7
[2026-05-12T04:20:58.883Z] [SyncDiag] INSERT-LOG ALLOWED: vessel_certificate_data.isDeleted row=06155085-812b-418d-81eb-65465083acf7
[2026-05-12T04:20:58.884Z] [SyncDiag] INSERT-LOG ALLOWED: vessel_certificate_data.expiryDate row=06155085-812b-418d-81eb-65465083acf7
[2026-05-12T04:20:58.891Z] [SyncDiag] RECEIVE-PUSH DONE: stored=11, applied=11, errors=0, oneWayTables=0
[2026-05-12T04:20:58.893Z] [SyncDiag] PREPARE-PULL START: vessel=7446783c-841a-11ed-aa7c-7003bca91a86, vesselCode=null, checkpoint=2026-05-12T04:18:13.128Z
[2026-05-12T04:20:59.130Z] [SyncDiag] PREPARE-PULL FIELD LOGS: 0 shore logs for vessel
[2026-05-12T04:20:59.408Z] [SyncDiag] PREPARE-PULL DONE: 0 one-way rows across 0 tables, 0 field logs, 0 conflicts
[2026-05-12T04:20:59.409Z] [SyncDiag] PULL RECEIVED: 0 one-way table batches, 0 field logs
[2026-05-12T04:20:59.866Z] [SyncDiag] SYNC COMPLETE: checkpoint=2026-05-12T04:20:59.411Z
[2026-05-12T04:20:59.877Z] [SyncDiag] PUSH DONE: marked 11 field logs as synced locally
[2026-05-12T04:20:59.883Z] [SyncDiag] FILE-SYNC START: 0 pending files for vessel=7446783c-841a-11ed-aa7c-7003bca91a86, direction=shore_to_ship
[2026-05-12T04:20:59.884Z] [SyncDiag] FILE-SYNC DONE: processed=0, failed=0, bytes=0
[2026-05-12T04:20:59.884Z] [SyncDiag] === SYNC END === vessel=7446783c-841a-11ed-aa7c-7003bca91a86, duration=11535ms, status=success, pushed=11, pulled=0, conflicts=0, files=0+0
[2026-05-12T04:23:19.835Z] [SyncDiag] FIELD-LOGGER: defect_sequences row=4 — 1 fields changed, isInsert=false
[2026-05-12T04:23:20.006Z] [SyncDiag] FIELD-LOGGER: defects row=2b3dab23-ca80-4bc7-9e3c-576ab7e14a71 — 61 fields changed, isInsert=true
[2026-05-12T04:23:40.003Z] [SyncDiag] === SYNC START === vessel=7446783c-841a-11ed-aa7c-7003bca91a86, instance=SHORE-PROD, mode=LOCAL
[2026-05-12T04:23:40.020Z] [SyncDiag] PUSH START: gathering field logs for vessel=7446783c-841a-11ed-aa7c-7003bca91a86, vesselCode=null
[2026-05-12T04:23:40.217Z] [SyncDiag] PUSH: found 62 unsynced field logs
[2026-05-12T04:23:40.218Z] [SyncDiag] PUSH table breakdown: {"defect_sequences":1,"defects":61}
[2026-05-12T04:23:40.218Z] [SyncDiag] PUSH sample[0]: table=defect_sequences, field=lastSequence, row=4, oldNull=false, newValue=40
[2026-05-12T04:23:40.219Z] [SyncDiag] PUSH sample[1]: table=defects, field=id, row=2b3dab23-ca80-4bc7-9e3c-576ab7e14a71, oldNull=true, newValue=D005-26-0040
[2026-05-12T04:23:40.219Z] [SyncDiag] PUSH sample[2]: table=defects, field=deferApprovalRequired, row=2b3dab23-ca80-4bc7-9e3c-576ab7e14a71, oldNull=true, newValue=true
[2026-05-12T04:23:40.219Z] [SyncDiag] PUSH sample[3]: table=defects, field=duuid, row=2b3dab23-ca80-4bc7-9e3c-576ab7e14a71, oldNull=true, newValue=2b3dab23-ca80-4bc7-9e3c-576ab7e14a71
[2026-05-12T04:23:40.220Z] [SyncDiag] PUSH sample[4]: table=defects, field=vesselId, row=2b3dab23-ca80-4bc7-9e3c-576ab7e14a71, oldNull=true, newValue=7446783c-841a-11ed-aa7c-7003bca91a86
[2026-05-12T04:23:40.220Z] [SyncDiag] RECEIVE-PUSH START: batch=0ab4948f-3608-43d9-8d31-1cd4ba3a9b43, vessel=7446783c-841a-11ed-aa7c-7003bca91a86, fieldLogs=62, oneWayRows=0
[2026-05-12T04:23:40.292Z] [SyncDiag] RECEIVE-PUSH: 62 field logs stored in sync_field_log
[2026-05-12T04:23:40.293Z] [SyncDiag] SYNC-APPLY TRIGGER BYPASS active for batch=0ab4948f-3608-43d9-8d31-1cd4ba3a9b43
[2026-05-12T04:23:40.294Z] [SyncDiag] FIELD-LOG-INSERT START: 62 logs
[2026-05-12T04:23:40.294Z] [SyncDiag] FIELD-LOG-INSERT: 2 groups from 62 logs
[2026-05-12T04:23:40.308Z] [SyncDiag] FIELD-LOG-INSERT DONE: inserted=0, updatePassthrough=62, errors=0
[2026-05-12T04:23:40.337Z] [SyncDiag] INSERT-LOG ALLOWED: defects.id row=2b3dab23-ca80-4bc7-9e3c-576ab7e14a71
[2026-05-12T04:23:40.345Z] [SyncDiag] INSERT-LOG ALLOWED: defects.deferApprovalRequired row=2b3dab23-ca80-4bc7-9e3c-576ab7e14a71
[2026-05-12T04:23:40.352Z] [SyncDiag] INSERT-LOG ALLOWED: defects.duuid row=2b3dab23-ca80-4bc7-9e3c-576ab7e14a71
[2026-05-12T04:23:40.353Z] [SyncDiag] INSERT-LOG ALLOWED: defects.vesselId row=2b3dab23-ca80-4bc7-9e3c-576ab7e14a71
[2026-05-12T04:23:40.354Z] [SyncDiag] INSERT-LOG ALLOWED: defects.vesselName row=2b3dab23-ca80-4bc7-9e3c-576ab7e14a71
[2026-05-12T04:23:40.356Z] [SyncDiag] INSERT-LOG ALLOWED: defects.issueDate row=2b3dab23-ca80-4bc7-9e3c-576ab7e14a71
[2026-05-12T04:23:40.357Z] [SyncDiag] INSERT-LOG ALLOWED: defects.category row=2b3dab23-ca80-4bc7-9e3c-576ab7e14a71
[2026-05-12T04:23:40.358Z] [SyncDiag] INSERT-LOG ALLOWED: defects.defectType row=2b3dab23-ca80-4bc7-9e3c-576ab7e14a71
[2026-05-12T04:23:40.359Z] [SyncDiag] INSERT-LOG ALLOWED: defects.description row=2b3dab23-ca80-4bc7-9e3c-576ab7e14a71
[2026-05-12T04:23:40.360Z] [SyncDiag] INSERT-LOG ALLOWED: defects.targetCloseDate row=2b3dab23-ca80-4bc7-9e3c-576ab7e14a71
[2026-05-12T04:23:40.361Z] [SyncDiag] INSERT-LOG ALLOWED: defects.dateCompleted row=2b3dab23-ca80-4bc7-9e3c-576ab7e14a71
[2026-05-12T04:23:40.362Z] [SyncDiag] INSERT-LOG ALLOWED: defects.status row=2b3dab23-ca80-4bc7-9e3c-576ab7e14a71
[2026-05-12T04:23:40.362Z] [SyncDiag] INSERT-LOG ALLOWED: defects.priority row=2b3dab23-ca80-4bc7-9e3c-576ab7e14a71
[2026-05-12T04:23:40.363Z] [SyncDiag] INSERT-LOG ALLOWED: defects.critical row=2b3dab23-ca80-4bc7-9e3c-576ab7e14a71
[2026-05-12T04:23:40.364Z] [SyncDiag] INSERT-LOG ALLOWED: defects.is_coc row=2b3dab23-ca80-4bc7-9e3c-576ab7e14a71
[2026-05-12T04:23:40.365Z] [SyncDiag] INSERT-LOG ALLOWED: defects.severity row=2b3dab23-ca80-4bc7-9e3c-576ab7e14a71
[2026-05-12T04:23:40.366Z] [SyncDiag] INSERT-LOG ALLOWED: defects.source row=2b3dab23-ca80-4bc7-9e3c-576ab7e14a71
[2026-05-12T04:23:40.367Z] [SyncDiag] INSERT-LOG ALLOWED: defects.equipmentCategory row=2b3dab23-ca80-4bc7-9e3c-576ab7e14a71
[2026-05-12T04:23:40.368Z] [SyncDiag] INSERT-LOG ALLOWED: defects.equipmentMake row=2b3dab23-ca80-4bc7-9e3c-576ab7e14a71
[2026-05-12T04:23:40.369Z] [SyncDiag] INSERT-LOG ALLOWED: defects.equipmentModel row=2b3dab23-ca80-4bc7-9e3c-576ab7e14a71
[2026-05-12T04:23:40.370Z] [SyncDiag] INSERT-LOG ALLOWED: defects.componentId row=2b3dab23-ca80-4bc7-9e3c-576ab7e14a71
[2026-05-12T04:23:40.371Z] [SyncDiag] INSERT-LOG ALLOWED: defects.viqVersion row=2b3dab23-ca80-4bc7-9e3c-576ab7e14a71
[2026-05-12T04:23:40.372Z] [SyncDiag] INSERT-LOG ALLOWED: defects.viqRef row=2b3dab23-ca80-4bc7-9e3c-576ab7e14a71
[2026-05-12T04:23:40.373Z] [SyncDiag] INSERT-LOG ALLOWED: defects.componentHardwareId row=2b3dab23-ca80-4bc7-9e3c-576ab7e14a71
[2026-05-12T04:23:40.373Z] [SyncDiag] INSERT-LOG ALLOWED: defects.componentHardwareLevel1 row=2b3dab23-ca80-4bc7-9e3c-576ab7e14a71
[2026-05-12T04:23:40.374Z] [SyncDiag] INSERT-LOG ALLOWED: defects.componentHardwareLevel2 row=2b3dab23-ca80-4bc7-9e3c-576ab7e14a71
[2026-05-12T04:23:40.375Z] [SyncDiag] INSERT-LOG ALLOWED: defects.componentHardwareLevel3 row=2b3dab23-ca80-4bc7-9e3c-576ab7e14a71
[2026-05-12T04:23:40.376Z] [SyncDiag] INSERT-LOG ALLOWED: defects.immediateCause row=2b3dab23-ca80-4bc7-9e3c-576ab7e14a71
[2026-05-12T04:23:40.377Z] [SyncDiag] INSERT-LOG ALLOWED: defects.immediateCauseExplanation row=2b3dab23-ca80-4bc7-9e3c-576ab7e14a71
[2026-05-12T04:23:40.378Z] [SyncDiag] INSERT-LOG ALLOWED: defects.rootCause row=2b3dab23-ca80-4bc7-9e3c-576ab7e14a71
[2026-05-12T04:23:40.379Z] [SyncDiag] INSERT-LOG ALLOWED: defects.rootCauseExplanation row=2b3dab23-ca80-4bc7-9e3c-576ab7e14a71
[2026-05-12T04:23:40.380Z] [SyncDiag] INSERT-LOG ALLOWED: defects.riskLevel row=2b3dab23-ca80-4bc7-9e3c-576ab7e14a71
[2026-05-12T04:23:40.381Z] [SyncDiag] INSERT-LOG ALLOWED: defects.raisedById row=2b3dab23-ca80-4bc7-9e3c-576ab7e14a71
[2026-05-12T04:23:40.382Z] [SyncDiag] INSERT-LOG ALLOWED: defects.raisedByName row=2b3dab23-ca80-4bc7-9e3c-576ab7e14a71
[2026-05-12T04:23:40.383Z] [SyncDiag] INSERT-LOG ALLOWED: defects.raisedByRank row=2b3dab23-ca80-4bc7-9e3c-576ab7e14a71
[2026-05-12T04:23:40.384Z] [SyncDiag] INSERT-LOG ALLOWED: defects.isDeferred row=2b3dab23-ca80-4bc7-9e3c-576ab7e14a71
[2026-05-12T04:23:40.385Z] [SyncDiag] INSERT-LOG ALLOWED: defects.reportToThirdParty row=2b3dab23-ca80-4bc7-9e3c-576ab7e14a71
[2026-05-12T04:23:40.386Z] [SyncDiag] INSERT-LOG ALLOWED: defects.classReport row=2b3dab23-ca80-4bc7-9e3c-576ab7e14a71
[2026-05-12T04:23:40.386Z] [SyncDiag] INSERT-LOG ALLOWED: defects.flagReport row=2b3dab23-ca80-4bc7-9e3c-576ab7e14a71
[2026-05-12T04:23:40.388Z] [SyncDiag] INSERT-LOG ALLOWED: defects.portReport row=2b3dab23-ca80-4bc7-9e3c-576ab7e14a71
[2026-05-12T04:23:40.388Z] [SyncDiag] INSERT-LOG ALLOWED: defects.dateReportedToOffice row=2b3dab23-ca80-4bc7-9e3c-576ab7e14a71
[2026-05-12T04:23:40.389Z] [SyncDiag] INSERT-LOG ALLOWED: defects.dateRegisteredInSystem row=2b3dab23-ca80-4bc7-9e3c-576ab7e14a71
[2026-05-12T04:23:40.390Z] [SyncDiag] INSERT-LOG ALLOWED: defects.vesselLocationType row=2b3dab23-ca80-4bc7-9e3c-576ab7e14a71
[2026-05-12T04:23:40.391Z] [SyncDiag] INSERT-LOG ALLOWED: defects.latitude row=2b3dab23-ca80-4bc7-9e3c-576ab7e14a71
[2026-05-12T04:23:40.392Z] [SyncDiag] INSERT-LOG ALLOWED: defects.longitude row=2b3dab23-ca80-4bc7-9e3c-576ab7e14a71
[2026-05-12T04:23:40.393Z] [SyncDiag] INSERT-LOG ALLOWED: defects.reportedBy row=2b3dab23-ca80-4bc7-9e3c-576ab7e14a71
[2026-05-12T04:23:40.394Z] [SyncDiag] INSERT-LOG ALLOWED: defects.confirmCompleted row=2b3dab23-ca80-4bc7-9e3c-576ab7e14a71
[2026-05-12T04:23:40.395Z] [SyncDiag] INSERT-LOG ALLOWED: defects.closedByName row=2b3dab23-ca80-4bc7-9e3c-576ab7e14a71
[2026-05-12T04:23:40.396Z] [SyncDiag] INSERT-LOG ALLOWED: defects.closedByRank row=2b3dab23-ca80-4bc7-9e3c-576ab7e14a71
[2026-05-12T04:23:40.397Z] [SyncDiag] INSERT-LOG ALLOWED: defects.verified row=2b3dab23-ca80-4bc7-9e3c-576ab7e14a71
[2026-05-12T04:23:40.398Z] [SyncDiag] INSERT-LOG ALLOWED: defects.dateVerified row=2b3dab23-ca80-4bc7-9e3c-576ab7e14a71
[2026-05-12T04:23:40.398Z] [SyncDiag] INSERT-LOG ALLOWED: defects.verifiedByName row=2b3dab23-ca80-4bc7-9e3c-576ab7e14a71
[2026-05-12T04:23:40.399Z] [SyncDiag] INSERT-LOG ALLOWED: defects.verifiedByOfficePosition row=2b3dab23-ca80-4bc7-9e3c-576ab7e14a71
[2026-05-12T04:23:40.400Z] [SyncDiag] INSERT-LOG ALLOWED: defects.notes row=2b3dab23-ca80-4bc7-9e3c-576ab7e14a71
[2026-05-12T04:23:40.401Z] [SyncDiag] INSERT-LOG ALLOWED: defects.actions row=2b3dab23-ca80-4bc7-9e3c-576ab7e14a71
[2026-05-12T04:23:40.402Z] [SyncDiag] INSERT-LOG ALLOWED: defects.targetDateExtensions row=2b3dab23-ca80-4bc7-9e3c-576ab7e14a71
[2026-05-12T04:23:40.403Z] [SyncDiag] INSERT-LOG ALLOWED: defects.partAAttachments row=2b3dab23-ca80-4bc7-9e3c-576ab7e14a71
[2026-05-12T04:23:40.404Z] [SyncDiag] INSERT-LOG ALLOWED: defects.attachments row=2b3dab23-ca80-4bc7-9e3c-576ab7e14a71
[2026-05-12T04:23:40.405Z] [SyncDiag] INSERT-LOG ALLOWED: defects.auditTrail row=2b3dab23-ca80-4bc7-9e3c-576ab7e14a71
[2026-05-12T04:23:40.406Z] [SyncDiag] INSERT-LOG ALLOWED: defects.isDeleted row=2b3dab23-ca80-4bc7-9e3c-576ab7e14a71
[2026-05-12T04:23:40.407Z] [SyncDiag] INSERT-LOG ALLOWED: defects.sortOrder row=2b3dab23-ca80-4bc7-9e3c-576ab7e14a71
[2026-05-12T04:23:40.413Z] [SyncDiag] RECEIVE-PUSH DONE: stored=62, applied=62, errors=0, oneWayTables=0
[2026-05-12T04:23:40.415Z] [SyncDiag] PREPARE-PULL START: vessel=7446783c-841a-11ed-aa7c-7003bca91a86, vesselCode=null, checkpoint=2026-05-12T04:20:59.411Z
[2026-05-12T04:23:40.576Z] [SyncDiag] PREPARE-PULL FIELD LOGS: 0 shore logs for vessel
[2026-05-12T04:23:40.701Z] [SyncDiag] PREPARE-PULL DONE: 0 one-way rows across 0 tables, 0 field logs, 0 conflicts
[2026-05-12T04:23:40.701Z] [SyncDiag] PULL RECEIVED: 0 one-way table batches, 0 field logs
[2026-05-12T04:23:40.916Z] [SyncDiag] SYNC COMPLETE: checkpoint=2026-05-12T04:23:40.703Z
[2026-05-12T04:23:40.923Z] [SyncDiag] PUSH DONE: marked 62 field logs as synced locally
[2026-05-12T04:23:40.930Z] [SyncDiag] FILE-SYNC START: 0 pending files for vessel=7446783c-841a-11ed-aa7c-7003bca91a86, direction=shore_to_ship
[2026-05-12T04:23:40.930Z] [SyncDiag] FILE-SYNC DONE: processed=0, failed=0, bytes=0
[2026-05-12T04:23:40.931Z] [SyncDiag] === SYNC END === vessel=7446783c-841a-11ed-aa7c-7003bca91a86, duration=929ms, status=success, pushed=62, pulled=0, conflicts=0, files=0+0
[2026-05-12T04:23:46.450Z] [SyncDiag] RECEIVE-PUSH START: batch=d6ff9bca-4b53-4b15-a5f3-9dcc649d635f, vessel=7446783c-841a-11ed-aa7c-7003bca91a86, fieldLogs=20, oneWayRows=0
[2026-05-12T04:23:46.477Z] [SyncDiag] RECEIVE-PUSH: 20 field logs stored in sync_field_log
[2026-05-12T04:23:46.479Z] [SyncDiag] SYNC-APPLY TRIGGER BYPASS active for batch=d6ff9bca-4b53-4b15-a5f3-9dcc649d635f
[2026-05-12T04:23:46.480Z] [SyncDiag] FIELD-LOG-INSERT START: 20 logs
[2026-05-12T04:23:46.481Z] [SyncDiag] FIELD-LOG-INSERT: 1 groups from 20 logs
[2026-05-12T04:23:46.516Z] [SyncDiag] FIELD-LOG-INSERT OK: running_hours_audit row=8a8933c1-529a-453c-b2d6-57b0394248ca (21 columns)
[2026-05-12T04:23:46.517Z] [SyncDiag] FIELD-LOG-INSERT DONE: inserted=1, updatePassthrough=0, errors=0
[2026-05-12T04:23:46.521Z] [SyncDiag] RECEIVE-PUSH DONE: stored=20, applied=1, errors=0, oneWayTables=0
[2026-05-12T04:23:46.530Z] [SyncDiag] PREPARE-PULL START: vessel=7446783c-841a-11ed-aa7c-7003bca91a86, vesselCode=null, checkpoint=2026-05-12T04:04:49.442Z
[2026-05-12T04:23:46.649Z] [SyncDiag] PREPARE-PULL FIELD LOGS: 0 shore logs for vessel
[2026-05-12T04:23:46.771Z] [SyncDiag] PREPARE-PULL DONE: 139 one-way rows across 2 tables, 0 field logs, 0 conflicts
[2026-05-12T04:23:46.771Z] [SyncDiag] PREPARE-PULL ONE-WAY: ship_certificates_master — 136 rows
[2026-05-12T04:23:46.772Z] [SyncDiag] PREPARE-PULL ONE-WAY: vessel_certificate_applicability — 3 rows
[2026-05-12T04:24:11.163Z] [SyncDiag] RECEIVE-PUSH START: batch=ab9875b1-2d5f-4271-b198-ca604bd59057, vessel=7446783c-841a-11ed-aa7c-7003bca91a86, fieldLogs=0, oneWayRows=0
[2026-05-12T04:24:11.169Z] [SyncDiag] RECEIVE-PUSH DONE: stored=0, applied=0, errors=0, oneWayTables=0
[2026-05-12T04:24:13.195Z] [SyncDiag] PREPARE-PULL START: vessel=7446783c-841a-11ed-aa7c-7003bca91a86, vesselCode=null, checkpoint=2026-05-12T04:04:49.442Z
[2026-05-12T04:24:13.386Z] [SyncDiag] PREPARE-PULL FIELD LOGS: 0 shore logs for vessel
[2026-05-12T04:24:13.503Z] [SyncDiag] PREPARE-PULL DONE: 139 one-way rows across 2 tables, 0 field logs, 0 conflicts
[2026-05-12T04:24:13.504Z] [SyncDiag] PREPARE-PULL ONE-WAY: ship_certificates_master — 136 rows
[2026-05-12T04:24:13.504Z] [SyncDiag] PREPARE-PULL ONE-WAY: vessel_certificate_applicability — 3 rows
[2026-05-12T04:27:23.859Z] [SyncDiag] RECEIVE-PUSH START: batch=52604ce4-989e-4f8a-855b-a23b34db066f, vessel=7446783c-841a-11ed-aa7c-7003bca91a86, fieldLogs=62, oneWayRows=0
[2026-05-12T04:27:23.946Z] [SyncDiag] RECEIVE-PUSH: 62 field logs stored in sync_field_log
[2026-05-12T04:27:23.947Z] [SyncDiag] SYNC-APPLY TRIGGER BYPASS active for batch=52604ce4-989e-4f8a-855b-a23b34db066f
[2026-05-12T04:27:23.947Z] [SyncDiag] FIELD-LOG-INSERT START: 62 logs
[2026-05-12T04:27:23.948Z] [SyncDiag] FIELD-LOG-INSERT: 2 groups from 62 logs
[2026-05-12T04:27:23.980Z] [SyncDiag] FIELD-LOG-INSERT DONE: inserted=0, updatePassthrough=1, errors=1
[2026-05-12T04:27:23.983Z] [SyncDiag] RECEIVE-PUSH DONE: stored=62, applied=0, errors=2, oneWayTables=0
[2026-05-12T04:27:23.991Z] [SyncDiag] PREPARE-PULL START: vessel=7446783c-841a-11ed-aa7c-7003bca91a86, vesselCode=null, checkpoint=2026-05-12T04:04:49.442Z
[2026-05-12T04:27:24.181Z] [SyncDiag] PREPARE-PULL FIELD LOGS: 0 shore logs for vessel
[2026-05-12T04:27:24.299Z] [SyncDiag] PREPARE-PULL DONE: 139 one-way rows across 2 tables, 0 field logs, 0 conflicts
[2026-05-12T04:27:24.300Z] [SyncDiag] PREPARE-PULL ONE-WAY: ship_certificates_master — 136 rows
[2026-05-12T04:27:24.300Z] [SyncDiag] PREPARE-PULL ONE-WAY: vessel_certificate_applicability — 3 rows
[2026-05-12T04:28:23.198Z] [SyncDiag] === SYNC START === vessel=7446783c-841a-11ed-aa7c-7003bca91a86, instance=SHORE-PROD, mode=LOCAL
[2026-05-12T04:28:23.213Z] [SyncDiag] PUSH START: gathering field logs for vessel=7446783c-841a-11ed-aa7c-7003bca91a86, vesselCode=null
[2026-05-12T04:28:23.336Z] [SyncDiag] PUSH: found 0 unsynced field logs
[2026-05-12T04:28:23.337Z] [SyncDiag] RECEIVE-PUSH START: batch=4122d8cc-cbd5-4727-8281-9013c293d009, vessel=7446783c-841a-11ed-aa7c-7003bca91a86, fieldLogs=0, oneWayRows=0
[2026-05-12T04:28:23.342Z] [SyncDiag] RECEIVE-PUSH DONE: stored=0, applied=0, errors=0, oneWayTables=0
[2026-05-12T04:28:23.345Z] [SyncDiag] PREPARE-PULL START: vessel=7446783c-841a-11ed-aa7c-7003bca91a86, vesselCode=null, checkpoint=2026-05-12T04:23:40.703Z
[2026-05-12T04:28:23.486Z] [SyncDiag] PREPARE-PULL FIELD LOGS: 0 shore logs for vessel
[2026-05-12T04:28:23.610Z] [SyncDiag] PREPARE-PULL DONE: 0 one-way rows across 0 tables, 0 field logs, 0 conflicts
[2026-05-12T04:28:23.611Z] [SyncDiag] PULL RECEIVED: 0 one-way table batches, 0 field logs
[2026-05-12T04:28:23.790Z] [SyncDiag] SYNC COMPLETE: checkpoint=2026-05-12T04:28:23.612Z
[2026-05-12T04:28:23.796Z] [SyncDiag] FILE-SYNC START: 0 pending files for vessel=7446783c-841a-11ed-aa7c-7003bca91a86, direction=shore_to_ship
[2026-05-12T04:28:23.797Z] [SyncDiag] FILE-SYNC DONE: processed=0, failed=0, bytes=0
[2026-05-12T04:28:23.797Z] [SyncDiag] === SYNC END === vessel=7446783c-841a-11ed-aa7c-7003bca91a86, duration=599ms, status=success, pushed=0, pulled=0, conflicts=0, files=0+0
[2026-05-12T04:29:21.099Z] [SyncDiag] RECEIVE-PUSH START: batch=6ae6ba78-138a-45f9-a771-a5ca798f13e2, vessel=7446783c-841a-11ed-aa7c-7003bca91a86, fieldLogs=87, oneWayRows=0
[2026-05-12T04:29:21.195Z] [SyncDiag] RECEIVE-PUSH: 87 field logs stored in sync_field_log
[2026-05-12T04:29:21.196Z] [SyncDiag] SYNC-APPLY TRIGGER BYPASS active for batch=6ae6ba78-138a-45f9-a771-a5ca798f13e2
[2026-05-12T04:29:21.196Z] [SyncDiag] FIELD-LOG-INSERT START: 87 logs
[2026-05-12T04:29:21.197Z] [SyncDiag] FIELD-LOG-INSERT: 5 groups from 87 logs
[2026-05-12T04:29:21.244Z] [SyncDiag] FIELD-LOG-INSERT OK: inventory_transactions row=d56d6265-90de-4fca-a21d-4b5838faf719 (19 columns)
[2026-05-12T04:29:21.251Z] [SyncDiag] FIELD-LOG-INSERT OK: spares_history row=5402617a-347d-4e1d-96fa-938cf864b329 (22 columns)
[2026-05-12T04:29:21.252Z] [SyncDiag] FIELD-LOG-INSERT DONE: inserted=2, updatePassthrough=48, errors=0
[2026-05-12T04:29:21.252Z] [SyncDiag] INSERT-LOG ALLOWED: work_orders.approvalBlockReason row=d8ab8073-6ace-4ae7-b8ef-368cb2f6871c
[2026-05-12T04:29:21.269Z] [SyncDiag] INSERT-LOG ALLOWED: work_orders.submittedDate row=d8ab8073-6ace-4ae7-b8ef-368cb2f6871c
[2026-05-12T04:29:21.284Z] [SyncDiag] INSERT-LOG ALLOWED: work_orders.maintenanceType row=d8ab8073-6ace-4ae7-b8ef-368cb2f6871c
[2026-05-12T04:29:21.285Z] [SyncDiag] INSERT-LOG ALLOWED: work_orders.approver row=d8ab8073-6ace-4ae7-b8ef-368cb2f6871c
[2026-05-12T04:29:21.287Z] [SyncDiag] INSERT-LOG ALLOWED: work_orders.nextDueDate row=d8ab8073-6ace-4ae7-b8ef-368cb2f6871c
[2026-05-12T04:29:21.288Z] [SyncDiag] INSERT-LOG ALLOWED: work_orders.nextDueReading row=d8ab8073-6ace-4ae7-b8ef-368cb2f6871c
[2026-05-12T04:29:21.299Z] [SyncDiag] INSERT-LOG ALLOWED: work_orders.currentReading row=d8ab8073-6ace-4ae7-b8ef-368cb2f6871c
[2026-05-12T04:29:21.301Z] [SyncDiag] INSERT-LOG ALLOWED: work_orders.jobCategory row=d8ab8073-6ace-4ae7-b8ef-368cb2f6871c
[2026-05-12T04:29:21.302Z] [SyncDiag] INSERT-LOG ALLOWED: work_orders.sfiCode row=d8ab8073-6ace-4ae7-b8ef-368cb2f6871c
[2026-05-12T04:29:21.303Z] [SyncDiag] INSERT-LOG ALLOWED: work_orders.criticality row=d8ab8073-6ace-4ae7-b8ef-368cb2f6871c
[2026-05-12T04:29:21.305Z] [SyncDiag] INSERT-LOG ALLOWED: work_orders.dateCompleted row=d8ab8073-6ace-4ae7-b8ef-368cb2f6871c
[2026-05-12T04:29:21.307Z] [SyncDiag] INSERT-LOG ALLOWED: work_orders.riskAssessmentStatus row=d8ab8073-6ace-4ae7-b8ef-368cb2f6871c
[2026-05-12T04:29:21.308Z] [SyncDiag] INSERT-LOG ALLOWED: work_orders.safetyChecklistsStatus row=d8ab8073-6ace-4ae7-b8ef-368cb2f6871c
[2026-05-12T04:29:21.309Z] [SyncDiag] INSERT-LOG ALLOWED: work_orders.operationalFormsStatus row=d8ab8073-6ace-4ae7-b8ef-368cb2f6871c
[2026-05-12T04:29:21.310Z] [SyncDiag] INSERT-LOG ALLOWED: work_orders.startDateTime row=d8ab8073-6ace-4ae7-b8ef-368cb2f6871c
[2026-05-12T04:29:21.311Z] [SyncDiag] INSERT-LOG ALLOWED: work_orders.completionDateTime row=d8ab8073-6ace-4ae7-b8ef-368cb2f6871c
[2026-05-12T04:29:21.312Z] [SyncDiag] INSERT-LOG ALLOWED: work_orders.executionAssignedTo row=d8ab8073-6ace-4ae7-b8ef-368cb2f6871c
[2026-05-12T04:29:21.313Z] [SyncDiag] INSERT-LOG ALLOWED: work_orders.performedBy row=d8ab8073-6ace-4ae7-b8ef-368cb2f6871c
[2026-05-12T04:29:21.314Z] [SyncDiag] INSERT-LOG ALLOWED: work_orders.noOfPersons row=d8ab8073-6ace-4ae7-b8ef-368cb2f6871c
[2026-05-12T04:29:21.316Z] [SyncDiag] INSERT-LOG ALLOWED: work_orders.totalTimeHours row=d8ab8073-6ace-4ae7-b8ef-368cb2f6871c
[2026-05-12T04:29:21.316Z] [SyncDiag] INSERT-LOG ALLOWED: work_orders.manhours row=d8ab8073-6ace-4ae7-b8ef-368cb2f6871c
[2026-05-12T04:29:21.318Z] [SyncDiag] INSERT-LOG ALLOWED: work_orders.workCarriedOut row=d8ab8073-6ace-4ae7-b8ef-368cb2f6871c
[2026-05-12T04:29:21.319Z] [SyncDiag] INSERT-LOG ALLOWED: work_orders.jobExperienceNotes row=d8ab8073-6ace-4ae7-b8ef-368cb2f6871c
[2026-05-12T04:29:21.320Z] [SyncDiag] INSERT-LOG ALLOWED: work_orders.previousReading row=d8ab8073-6ace-4ae7-b8ef-368cb2f6871c
[2026-05-12T04:29:21.321Z] [SyncDiag] INSERT-LOG ALLOWED: work_orders.runningHours row=d8ab8073-6ace-4ae7-b8ef-368cb2f6871c
[2026-05-12T04:29:21.322Z] [SyncDiag] INSERT-LOG ALLOWED: work_orders.runningHoursDifference row=d8ab8073-6ace-4ae7-b8ef-368cb2f6871c
[2026-05-12T04:29:21.323Z] [SyncDiag] INSERT-LOG ALLOWED: work_orders.readingDate row=d8ab8073-6ace-4ae7-b8ef-368cb2f6871c
[2026-05-12T04:29:21.324Z] [SyncDiag] INSERT-LOG ALLOWED: work_orders.woExecutionId row=d8ab8073-6ace-4ae7-b8ef-368cb2f6871c
[2026-05-12T04:29:21.325Z] [SyncDiag] INSERT-LOG ALLOWED: work_orders.remarks row=d8ab8073-6ace-4ae7-b8ef-368cb2f6871c
[2026-05-12T04:29:21.326Z] [SyncDiag] INSERT-LOG ALLOWED: work_orders.completionRemarks row=d8ab8073-6ace-4ae7-b8ef-368cb2f6871c
[2026-05-12T04:29:21.327Z] [SyncDiag] INSERT-LOG ALLOWED: work_orders.originalDueDate row=d8ab8073-6ace-4ae7-b8ef-368cb2f6871c
[2026-05-12T04:29:21.330Z] [SyncDiag] INSERT-LOG ALLOWED: work_orders.superintendentNotifiedAt row=d8ab8073-6ace-4ae7-b8ef-368cb2f6871c
[2026-05-12T04:29:21.331Z] [SyncDiag] INSERT-LOG ALLOWED: spare_location_stock.locationId row=b3e77d38-e1e5-4118-a3d5-727f3cdc7b52
[2026-05-12T04:29:21.339Z] [SyncDiag] INSERT-LOG ALLOWED: spare_location_stock.qty row=b3e77d38-e1e5-4118-a3d5-727f3cdc7b52
[2026-05-12T04:29:21.340Z] [SyncDiag] INSERT-LOG ALLOWED: spare_location_stock.id row=b3e77d38-e1e5-4118-a3d5-727f3cdc7b52
[2026-05-12T04:29:21.341Z] [SyncDiag] INSERT-LOG ALLOWED: spare_location_stock.slsuuid row=b3e77d38-e1e5-4118-a3d5-727f3cdc7b52
[2026-05-12T04:29:21.341Z] [SyncDiag] INSERT-LOG ALLOWED: spare_location_stock.vesselId row=b3e77d38-e1e5-4118-a3d5-727f3cdc7b52
[2026-05-12T04:29:21.342Z] [SyncDiag] INSERT-LOG ALLOWED: spare_location_stock.spareId row=b3e77d38-e1e5-4118-a3d5-727f3cdc7b52
[2026-05-12T04:29:21.343Z] [SyncDiag] INSERT-LOG ALLOWED: spare_location_stock.spareUuid row=b3e77d38-e1e5-4118-a3d5-727f3cdc7b52
[2026-05-12T04:29:21.344Z] [SyncDiag] INSERT-LOG ALLOWED: spare_location_stock.isDeleted row=b3e77d38-e1e5-4118-a3d5-727f3cdc7b52
[2026-05-12T04:29:21.358Z] [SyncDiag] RECEIVE-PUSH DONE: stored=87, applied=50, errors=0, oneWayTables=0
[2026-05-12T04:29:21.366Z] [SyncDiag] PREPARE-PULL START: vessel=7446783c-841a-11ed-aa7c-7003bca91a86, vesselCode=null, checkpoint=2026-05-12T04:04:49.442Z
[2026-05-12T04:29:21.469Z] [SyncDiag] PREPARE-PULL FIELD LOGS: 0 shore logs for vessel
[2026-05-12T04:29:21.935Z] [SyncDiag] PREPARE-PULL DONE: 139 one-way rows across 2 tables, 0 field logs, 0 conflicts
[2026-05-12T04:29:21.936Z] [SyncDiag] PREPARE-PULL ONE-WAY: ship_certificates_master — 136 rows
[2026-05-12T04:29:21.936Z] [SyncDiag] PREPARE-PULL ONE-WAY: vessel_certificate_applicability — 3 rows
[2026-05-12T04:31:59.973Z] [SyncDiag] RECEIVE-PUSH START: batch=e09315c4-f57a-4130-a612-4d17a765d943, vessel=7446783c-841a-11ed-aa7c-7003bca91a86, fieldLogs=87, oneWayRows=0
[2026-05-12T04:32:00.070Z] [SyncDiag] RECEIVE-PUSH: 87 field logs stored in sync_field_log
[2026-05-12T04:32:00.072Z] [SyncDiag] SYNC-APPLY TRIGGER BYPASS active for batch=e09315c4-f57a-4130-a612-4d17a765d943
[2026-05-12T04:32:00.072Z] [SyncDiag] FIELD-LOG-INSERT START: 87 logs
[2026-05-12T04:32:00.073Z] [SyncDiag] FIELD-LOG-INSERT: 5 groups from 87 logs
[2026-05-12T04:32:00.088Z] [SyncDiag] FIELD-LOG-INSERT OK: inventory_transactions row=26b1bbf0-1056-4c7b-878f-83ca85c89691 (19 columns)
[2026-05-12T04:32:00.095Z] [SyncDiag] FIELD-LOG-INSERT OK: spares_history row=603d68e5-26ff-444e-b83c-bb590152855d (22 columns)
[2026-05-12T04:32:00.096Z] [SyncDiag] FIELD-LOG-INSERT DONE: inserted=2, updatePassthrough=48, errors=0
[2026-05-12T04:32:00.096Z] [SyncDiag] INSERT-LOG ALLOWED: work_orders.dateCompleted row=8578e907-1f0c-4342-82b0-24e058898d5c
[2026-05-12T04:32:00.116Z] [SyncDiag] INSERT-LOG ALLOWED: work_orders.submittedDate row=8578e907-1f0c-4342-82b0-24e058898d5c
[2026-05-12T04:32:00.118Z] [SyncDiag] INSERT-LOG ALLOWED: work_orders.maintenanceType row=8578e907-1f0c-4342-82b0-24e058898d5c
[2026-05-12T04:32:00.119Z] [SyncDiag] INSERT-LOG ALLOWED: work_orders.approver row=8578e907-1f0c-4342-82b0-24e058898d5c
[2026-05-12T04:32:00.121Z] [SyncDiag] INSERT-LOG ALLOWED: work_orders.nextDueDate row=8578e907-1f0c-4342-82b0-24e058898d5c
[2026-05-12T04:32:00.122Z] [SyncDiag] INSERT-LOG ALLOWED: work_orders.nextDueReading row=8578e907-1f0c-4342-82b0-24e058898d5c
[2026-05-12T04:32:00.127Z] [SyncDiag] INSERT-LOG ALLOWED: work_orders.currentReading row=8578e907-1f0c-4342-82b0-24e058898d5c
[2026-05-12T04:32:00.129Z] [SyncDiag] INSERT-LOG ALLOWED: work_orders.jobCategory row=8578e907-1f0c-4342-82b0-24e058898d5c
[2026-05-12T04:32:00.130Z] [SyncDiag] INSERT-LOG ALLOWED: work_orders.sfiCode row=8578e907-1f0c-4342-82b0-24e058898d5c
[2026-05-12T04:32:00.131Z] [SyncDiag] INSERT-LOG ALLOWED: work_orders.criticality row=8578e907-1f0c-4342-82b0-24e058898d5c
[2026-05-12T04:32:00.135Z] [SyncDiag] INSERT-LOG ALLOWED: work_orders.riskAssessmentStatus row=8578e907-1f0c-4342-82b0-24e058898d5c
[2026-05-12T04:32:00.136Z] [SyncDiag] INSERT-LOG ALLOWED: work_orders.safetyChecklistsStatus row=8578e907-1f0c-4342-82b0-24e058898d5c
[2026-05-12T04:32:00.137Z] [SyncDiag] INSERT-LOG ALLOWED: work_orders.operationalFormsStatus row=8578e907-1f0c-4342-82b0-24e058898d5c
[2026-05-12T04:32:00.138Z] [SyncDiag] INSERT-LOG ALLOWED: work_orders.startDateTime row=8578e907-1f0c-4342-82b0-24e058898d5c
[2026-05-12T04:32:00.140Z] [SyncDiag] INSERT-LOG ALLOWED: work_orders.completionDateTime row=8578e907-1f0c-4342-82b0-24e058898d5c
[2026-05-12T04:32:00.141Z] [SyncDiag] INSERT-LOG ALLOWED: work_orders.executionAssignedTo row=8578e907-1f0c-4342-82b0-24e058898d5c
[2026-05-12T04:32:00.142Z] [SyncDiag] INSERT-LOG ALLOWED: work_orders.performedBy row=8578e907-1f0c-4342-82b0-24e058898d5c
[2026-05-12T04:32:00.143Z] [SyncDiag] INSERT-LOG ALLOWED: work_orders.noOfPersons row=8578e907-1f0c-4342-82b0-24e058898d5c
[2026-05-12T04:32:00.144Z] [SyncDiag] INSERT-LOG ALLOWED: work_orders.totalTimeHours row=8578e907-1f0c-4342-82b0-24e058898d5c
[2026-05-12T04:32:00.145Z] [SyncDiag] INSERT-LOG ALLOWED: work_orders.manhours row=8578e907-1f0c-4342-82b0-24e058898d5c
[2026-05-12T04:32:00.147Z] [SyncDiag] INSERT-LOG ALLOWED: work_orders.workCarriedOut row=8578e907-1f0c-4342-82b0-24e058898d5c
[2026-05-12T04:32:00.148Z] [SyncDiag] INSERT-LOG ALLOWED: work_orders.jobExperienceNotes row=8578e907-1f0c-4342-82b0-24e058898d5c
[2026-05-12T04:32:00.149Z] [SyncDiag] INSERT-LOG ALLOWED: work_orders.previousReading row=8578e907-1f0c-4342-82b0-24e058898d5c
[2026-05-12T04:32:00.160Z] [SyncDiag] INSERT-LOG ALLOWED: work_orders.runningHours row=8578e907-1f0c-4342-82b0-24e058898d5c
[2026-05-12T04:32:00.162Z] [SyncDiag] INSERT-LOG ALLOWED: work_orders.runningHoursDifference row=8578e907-1f0c-4342-82b0-24e058898d5c
[2026-05-12T04:32:00.163Z] [SyncDiag] INSERT-LOG ALLOWED: work_orders.readingDate row=8578e907-1f0c-4342-82b0-24e058898d5c
[2026-05-12T04:32:00.164Z] [SyncDiag] INSERT-LOG ALLOWED: work_orders.woExecutionId row=8578e907-1f0c-4342-82b0-24e058898d5c
[2026-05-12T04:32:00.165Z] [SyncDiag] INSERT-LOG ALLOWED: work_orders.remarks row=8578e907-1f0c-4342-82b0-24e058898d5c
[2026-05-12T04:32:00.166Z] [SyncDiag] INSERT-LOG ALLOWED: work_orders.completionRemarks row=8578e907-1f0c-4342-82b0-24e058898d5c
[2026-05-12T04:32:00.167Z] [SyncDiag] INSERT-LOG ALLOWED: work_orders.originalDueDate row=8578e907-1f0c-4342-82b0-24e058898d5c
[2026-05-12T04:32:00.171Z] [SyncDiag] INSERT-LOG ALLOWED: work_orders.superintendentNotifiedAt row=8578e907-1f0c-4342-82b0-24e058898d5c
[2026-05-12T04:32:00.172Z] [SyncDiag] INSERT-LOG ALLOWED: work_orders.approvalBlockReason row=8578e907-1f0c-4342-82b0-24e058898d5c
[2026-05-12T04:32:00.173Z] [SyncDiag] INSERT-LOG ALLOWED: spare_location_stock.qty row=171eb4ce-e5a1-4b3e-93ae-3922877ace8c
[2026-05-12T04:32:00.178Z] [SyncDiag] INSERT-LOG ALLOWED: spare_location_stock.id row=171eb4ce-e5a1-4b3e-93ae-3922877ace8c
[2026-05-12T04:32:00.179Z] [SyncDiag] INSERT-LOG ALLOWED: spare_location_stock.slsuuid row=171eb4ce-e5a1-4b3e-93ae-3922877ace8c
[2026-05-12T04:32:00.180Z] [SyncDiag] INSERT-LOG ALLOWED: spare_location_stock.vesselId row=171eb4ce-e5a1-4b3e-93ae-3922877ace8c
[2026-05-12T04:32:00.181Z] [SyncDiag] INSERT-LOG ALLOWED: spare_location_stock.spareId row=171eb4ce-e5a1-4b3e-93ae-3922877ace8c
[2026-05-12T04:32:00.182Z] [SyncDiag] INSERT-LOG ALLOWED: spare_location_stock.spareUuid row=171eb4ce-e5a1-4b3e-93ae-3922877ace8c
[2026-05-12T04:32:00.183Z] [SyncDiag] INSERT-LOG ALLOWED: spare_location_stock.locationId row=171eb4ce-e5a1-4b3e-93ae-3922877ace8c
[2026-05-12T04:32:00.183Z] [SyncDiag] INSERT-LOG ALLOWED: spare_location_stock.isDeleted row=171eb4ce-e5a1-4b3e-93ae-3922877ace8c
[2026-05-12T04:32:00.193Z] [SyncDiag] RECEIVE-PUSH DONE: stored=87, applied=50, errors=0, oneWayTables=0
[2026-05-12T04:32:00.202Z] [SyncDiag] PREPARE-PULL START: vessel=7446783c-841a-11ed-aa7c-7003bca91a86, vesselCode=null, checkpoint=2026-05-12T04:04:49.442Z
[2026-05-12T04:32:00.410Z] [SyncDiag] PREPARE-PULL FIELD LOGS: 0 shore logs for vessel
[2026-05-12T04:32:00.626Z] [SyncDiag] PREPARE-PULL DONE: 139 one-way rows across 2 tables, 0 field logs, 0 conflicts
[2026-05-12T04:32:00.627Z] [SyncDiag] PREPARE-PULL ONE-WAY: ship_certificates_master — 136 rows
[2026-05-12T04:32:00.627Z] [SyncDiag] PREPARE-PULL ONE-WAY: vessel_certificate_applicability — 3 rows
[2026-05-12T04:34:09.123Z] [SyncDiag] === SYNC START === vessel=7446783c-841a-11ed-aa7c-7003bca91a86, instance=SHORE-PROD, mode=LOCAL
[2026-05-12T04:34:09.141Z] [SyncDiag] PUSH START: gathering field logs for vessel=7446783c-841a-11ed-aa7c-7003bca91a86, vesselCode=null
[2026-05-12T04:34:10.353Z] [SyncDiag] PUSH: found 0 unsynced field logs
[2026-05-12T04:34:10.354Z] [SyncDiag] RECEIVE-PUSH START: batch=a0990b88-1259-4413-bd27-df4ed54c0bfd, vessel=7446783c-841a-11ed-aa7c-7003bca91a86, fieldLogs=0, oneWayRows=0
[2026-05-12T04:34:10.362Z] [SyncDiag] RECEIVE-PUSH DONE: stored=0, applied=0, errors=0, oneWayTables=0
[2026-05-12T04:34:10.365Z] [SyncDiag] PREPARE-PULL START: vessel=7446783c-841a-11ed-aa7c-7003bca91a86, vesselCode=null, checkpoint=2026-05-12T04:28:23.612Z
[2026-05-12T04:34:10.583Z] [SyncDiag] PREPARE-PULL FIELD LOGS: 0 shore logs for vessel
[2026-05-12T04:34:10.861Z] [SyncDiag] PREPARE-PULL DONE: 59 one-way rows across 2 tables, 0 field logs, 0 conflicts
[2026-05-12T04:34:10.861Z] [SyncDiag] PREPARE-PULL ONE-WAY: ship_surveys_master — 56 rows
[2026-05-12T04:34:10.862Z] [SyncDiag] PREPARE-PULL ONE-WAY: vessel_survey_applicability — 3 rows
[2026-05-12T04:34:10.862Z] [SyncDiag] PULL RECEIVED: 2 one-way table batches, 0 field logs
[2026-05-12T04:34:10.863Z] [SyncDiag] PULL one-way tables: {"ship_surveys_master":56,"vessel_survey_applicability":3}
[2026-05-12T04:34:10.863Z] [SyncDiag] ONE-WAY-APPLY START: ship_surveys_master — 56 rows
[2026-05-12T04:34:11.033Z] [SyncDiag] ONE-WAY-APPLY DONE: ship_surveys_master — inserted=0, updated=56, deleted=0, errors=0
[2026-05-12T04:34:11.042Z] [SyncDiag] PULL ONE-WAY: ship_surveys_master — inserted=0, updated=56, deleted=0, errors=0
[2026-05-12T04:34:11.042Z] [SyncDiag] ONE-WAY-APPLY START: vessel_survey_applicability — 3 rows
[2026-05-12T04:34:11.059Z] [SyncDiag] ONE-WAY-APPLY ROW ERROR: vessel_survey_applicability row[0]: duplicate key value violates unique constraint "uniq_vessel_survey_applicability_live"
[2026-05-12T04:34:11.111Z] [SyncDiag] ONE-WAY-APPLY ROW ERROR: vessel_survey_applicability row[1]: duplicate key value violates unique constraint "uniq_vessel_survey_applicability_live"
[2026-05-12T04:34:11.160Z] [SyncDiag] ONE-WAY-APPLY DONE: vessel_survey_applicability — inserted=0, updated=1, deleted=0, errors=2
[2026-05-12T04:34:11.171Z] [SyncDiag] PULL ONE-WAY: vessel_survey_applicability — inserted=0, updated=1, deleted=0, errors=2
[2026-05-12T04:34:11.171Z] [SyncDiag] PULL ONE-WAY ERROR: vessel_survey_applicability[0]: duplicate key value violates unique constraint "uniq_vessel_survey_applicability_live"
[2026-05-12T04:34:11.172Z] [SyncDiag] PULL ONE-WAY ERROR: vessel_survey_applicability[1]: duplicate key value violates unique constraint "uniq_vessel_survey_applicability_live"
[2026-05-12T04:34:11.358Z] [SyncDiag] SYNC COMPLETE: checkpoint=2026-05-12T04:34:11.177Z
[2026-05-12T04:34:11.364Z] [SyncDiag] FILE-SYNC START: 0 pending files for vessel=7446783c-841a-11ed-aa7c-7003bca91a86, direction=shore_to_ship
[2026-05-12T04:34:11.365Z] [SyncDiag] FILE-SYNC DONE: processed=0, failed=0, bytes=0
[2026-05-12T04:34:11.367Z] [SyncDiag] === SYNC END === vessel=7446783c-841a-11ed-aa7c-7003bca91a86, duration=2244ms, status=success, pushed=0, pulled=57, conflicts=0, files=0+0
[2026-05-12T04:35:05.562Z] [SyncDiag] RECEIVE-PUSH START: batch=0d377d71-7147-41a1-821f-60f31e8bc644, vessel=7446783c-841a-11ed-aa7c-7003bca91a86, fieldLogs=74, oneWayRows=0
[2026-05-12T04:35:05.659Z] [SyncDiag] RECEIVE-PUSH: 74 field logs stored in sync_field_log
[2026-05-12T04:35:05.660Z] [SyncDiag] SYNC-APPLY TRIGGER BYPASS active for batch=0d377d71-7147-41a1-821f-60f31e8bc644
[2026-05-12T04:35:05.660Z] [SyncDiag] FIELD-LOG-INSERT START: 74 logs
[2026-05-12T04:35:05.661Z] [SyncDiag] FIELD-LOG-INSERT: 6 groups from 74 logs
[2026-05-12T04:35:05.691Z] [SyncDiag] FIELD-LOG-INSERT OK: inventory_transactions row=dbf663c6-391f-4756-ae28-9e58452d1207 (19 columns)
[2026-05-12T04:35:05.706Z] [SyncDiag] FIELD-LOG-INSERT OK: spares_history row=5234e450-6ea6-4544-b398-3aeccdb377b6 (22 columns)
[2026-05-12T04:35:05.768Z] [SyncDiag] FIELD-LOG-INSERT OK: component_maintenance_history row=79a3a751-df30-4f76-b9a4-7ee9931dffee (25 columns)
[2026-05-12T04:35:05.768Z] [SyncDiag] FIELD-LOG-INSERT DONE: inserted=3, updatePassthrough=11, errors=0
[2026-05-12T04:35:05.773Z] [SyncDiag] INSERT-LOG ALLOWED: work_orders.superintendentAcknowledgedAt row=8578e907-1f0c-4342-82b0-24e058898d5c
[2026-05-12T04:35:05.780Z] [SyncDiag] INSERT-LOG ALLOWED: work_orders.approvalAction row=8578e907-1f0c-4342-82b0-24e058898d5c
[2026-05-12T04:35:05.782Z] [SyncDiag] INSERT-LOG ALLOWED: work_orders.ceApprovalRemarks row=8578e907-1f0c-4342-82b0-24e058898d5c
[2026-05-12T04:35:05.794Z] [SyncDiag] RECEIVE-PUSH DONE: stored=74, applied=14, errors=0, oneWayTables=0
[2026-05-12T04:35:05.802Z] [SyncDiag] PREPARE-PULL START: vessel=7446783c-841a-11ed-aa7c-7003bca91a86, vesselCode=null, checkpoint=2026-05-12T04:04:49.442Z
[2026-05-12T04:35:06.000Z] [SyncDiag] PREPARE-PULL FIELD LOGS: 0 shore logs for vessel
[2026-05-12T04:35:06.122Z] [SyncDiag] PREPARE-PULL DONE: 198 one-way rows across 4 tables, 0 field logs, 0 conflicts
[2026-05-12T04:35:06.123Z] [SyncDiag] PREPARE-PULL ONE-WAY: ship_certificates_master — 136 rows
[2026-05-12T04:35:06.123Z] [SyncDiag] PREPARE-PULL ONE-WAY: ship_surveys_master — 56 rows
[2026-05-12T04:35:06.123Z] [SyncDiag] PREPARE-PULL ONE-WAY: vessel_certificate_applicability — 3 rows
[2026-05-12T04:35:06.124Z] [SyncDiag] PREPARE-PULL ONE-WAY: vessel_survey_applicability — 3 rows
[2026-05-12T04:42:45.074Z] [SyncDiag] RECEIVE-PUSH START: batch=55527f81-10a4-434a-aa71-47e90114e8d9, vessel=7446783c-841a-11ed-aa7c-7003bca91a86, fieldLogs=27, oneWayRows=0
[2026-05-12T04:42:45.209Z] [SyncDiag] RECEIVE-PUSH: 27 field logs stored in sync_field_log
[2026-05-12T04:42:45.211Z] [SyncDiag] SYNC-APPLY TRIGGER BYPASS active for batch=55527f81-10a4-434a-aa71-47e90114e8d9
[2026-05-12T04:42:45.212Z] [SyncDiag] FIELD-LOG-INSERT START: 27 logs
[2026-05-12T04:42:45.213Z] [SyncDiag] FIELD-LOG-INSERT: 2 groups from 27 logs
[2026-05-12T04:42:45.213Z] [SyncDiag] FIELD-LOG-INSERT DONE: inserted=0, updatePassthrough=27, errors=0
[2026-05-12T04:42:45.214Z] [SyncDiag] INSERT-LOG ALLOWED: vessel_certificate_data.id row=33e167f3-94a7-4c22-b9ba-3c99ccb71420
[2026-05-12T04:42:45.248Z] [SyncDiag] INSERT-LOG ALLOWED: vessel_certificate_data.vcduuid row=33e167f3-94a7-4c22-b9ba-3c99ccb71420
[2026-05-12T04:42:45.250Z] [SyncDiag] INSERT-LOG ALLOWED: vessel_certificate_data.vesselId row=33e167f3-94a7-4c22-b9ba-3c99ccb71420
[2026-05-12T04:42:45.251Z] [SyncDiag] INSERT-LOG ALLOWED: vessel_certificate_data.vesselName row=33e167f3-94a7-4c22-b9ba-3c99ccb71420
[2026-05-12T04:42:45.253Z] [SyncDiag] INSERT-LOG ALLOWED: vessel_certificate_data.masterId row=33e167f3-94a7-4c22-b9ba-3c99ccb71420
[2026-05-12T04:42:45.254Z] [SyncDiag] INSERT-LOG ALLOWED: vessel_certificate_data.issueDate row=33e167f3-94a7-4c22-b9ba-3c99ccb71420
[2026-05-12T04:42:45.255Z] [SyncDiag] INSERT-LOG ALLOWED: vessel_certificate_data.lastEditUpload row=33e167f3-94a7-4c22-b9ba-3c99ccb71420
[2026-05-12T04:42:45.257Z] [SyncDiag] INSERT-LOG ALLOWED: vessel_certificate_data.attachments row=33e167f3-94a7-4c22-b9ba-3c99ccb71420
[2026-05-12T04:42:45.258Z] [SyncDiag] INSERT-LOG ALLOWED: vessel_certificate_data.sortOrder row=33e167f3-94a7-4c22-b9ba-3c99ccb71420
[2026-05-12T04:42:45.260Z] [SyncDiag] INSERT-LOG ALLOWED: vessel_certificate_data.isDeleted row=33e167f3-94a7-4c22-b9ba-3c99ccb71420
[2026-05-12T04:42:45.261Z] [SyncDiag] INSERT-LOG ALLOWED: vessel_certificate_data.expiryDate row=33e167f3-94a7-4c22-b9ba-3c99ccb71420
[2026-05-12T04:42:45.279Z] [SyncDiag] INSERT-LOG ALLOWED: vessel_survey_data.id row=a61e6258-2de8-477a-a2f3-27328ca3b93d
[2026-05-12T04:42:45.295Z] [SyncDiag] INSERT-LOG ALLOWED: vessel_survey_data.vsduuid row=a61e6258-2de8-477a-a2f3-27328ca3b93d
[2026-05-12T04:42:45.296Z] [SyncDiag] INSERT-LOG ALLOWED: vessel_survey_data.vesselId row=a61e6258-2de8-477a-a2f3-27328ca3b93d
[2026-05-12T04:42:45.297Z] [SyncDiag] INSERT-LOG ALLOWED: vessel_survey_data.vesselName row=a61e6258-2de8-477a-a2f3-27328ca3b93d
[2026-05-12T04:42:45.299Z] [SyncDiag] INSERT-LOG ALLOWED: vessel_survey_data.masterId row=a61e6258-2de8-477a-a2f3-27328ca3b93d
[2026-05-12T04:42:45.301Z] [SyncDiag] INSERT-LOG ALLOWED: vessel_survey_data.surveyDate row=a61e6258-2de8-477a-a2f3-27328ca3b93d
[2026-05-12T04:42:45.302Z] [SyncDiag] INSERT-LOG ALLOWED: vessel_survey_data.lastEditUpload row=a61e6258-2de8-477a-a2f3-27328ca3b93d
[2026-05-12T04:42:45.304Z] [SyncDiag] INSERT-LOG ALLOWED: vessel_survey_data.attachments row=a61e6258-2de8-477a-a2f3-27328ca3b93d
[2026-05-12T04:42:45.305Z] [SyncDiag] INSERT-LOG ALLOWED: vessel_survey_data.isDeleted row=a61e6258-2de8-477a-a2f3-27328ca3b93d
[2026-05-12T04:42:45.307Z] [SyncDiag] INSERT-LOG ALLOWED: vessel_survey_data.sortOrder row=a61e6258-2de8-477a-a2f3-27328ca3b93d
[2026-05-12T04:42:45.308Z] [SyncDiag] INSERT-LOG ALLOWED: vessel_survey_data.dueDate row=a61e6258-2de8-477a-a2f3-27328ca3b93d
[2026-05-12T04:42:45.323Z] [SyncDiag] RECEIVE-PUSH DONE: stored=27, applied=27, errors=0, oneWayTables=0
[2026-05-12T04:42:45.368Z] [SyncDiag] PREPARE-PULL START: vessel=7446783c-841a-11ed-aa7c-7003bca91a86, vesselCode=null, checkpoint=2026-05-12T04:04:49.442Z
[2026-05-12T04:42:45.501Z] [SyncDiag] PREPARE-PULL FIELD LOGS: 0 shore logs for vessel
[2026-05-12T04:42:45.753Z] [SyncDiag] PREPARE-PULL DONE: 204 one-way rows across 5 tables, 0 field logs, 0 conflicts
[2026-05-12T04:42:45.753Z] [SyncDiag] PREPARE-PULL ONE-WAY: master_lists — 6 rows
[2026-05-12T04:42:45.754Z] [SyncDiag] PREPARE-PULL ONE-WAY: ship_certificates_master — 136 rows
[2026-05-12T04:42:45.754Z] [SyncDiag] PREPARE-PULL ONE-WAY: ship_surveys_master — 56 rows
[2026-05-12T04:42:45.754Z] [SyncDiag] PREPARE-PULL ONE-WAY: vessel_certificate_applicability — 3 rows
[2026-05-12T04:42:45.755Z] [SyncDiag] PREPARE-PULL ONE-WAY: vessel_survey_applicability — 3 rows
[2026-05-12T04:43:19.112Z] [SyncDiag] === SYNC START === vessel=7446783c-841a-11ed-aa7c-7003bca91a86, instance=SHORE-PROD, mode=LOCAL
[2026-05-12T04:43:19.125Z] [SyncDiag] PUSH START: gathering field logs for vessel=7446783c-841a-11ed-aa7c-7003bca91a86, vesselCode=null
[2026-05-12T04:43:19.246Z] [SyncDiag] PUSH: found 0 unsynced field logs
[2026-05-12T04:43:19.247Z] [SyncDiag] RECEIVE-PUSH START: batch=1b0672cb-4c4f-4898-a8b5-485eb6c2f014, vessel=7446783c-841a-11ed-aa7c-7003bca91a86, fieldLogs=0, oneWayRows=0
[2026-05-12T04:43:19.255Z] [SyncDiag] RECEIVE-PUSH DONE: stored=0, applied=0, errors=0, oneWayTables=0
[2026-05-12T04:43:19.258Z] [SyncDiag] PREPARE-PULL START: vessel=7446783c-841a-11ed-aa7c-7003bca91a86, vesselCode=null, checkpoint=2026-05-12T04:34:11.177Z
[2026-05-12T04:43:19.455Z] [SyncDiag] PREPARE-PULL FIELD LOGS: 0 shore logs for vessel
[2026-05-12T04:43:19.580Z] [SyncDiag] PREPARE-PULL DONE: 6 one-way rows across 1 tables, 0 field logs, 0 conflicts
[2026-05-12T04:43:19.581Z] [SyncDiag] PREPARE-PULL ONE-WAY: master_lists — 6 rows
[2026-05-12T04:43:19.581Z] [SyncDiag] PULL RECEIVED: 1 one-way table batches, 0 field logs
[2026-05-12T04:43:19.582Z] [SyncDiag] PULL one-way tables: {"master_lists":6}
[2026-05-12T04:43:19.583Z] [SyncDiag] ONE-WAY-APPLY START: master_lists — 6 rows
[2026-05-12T04:43:19.618Z] [SyncDiag] ONE-WAY-APPLY DONE: master_lists — inserted=0, updated=6, deleted=0, errors=0
[2026-05-12T04:43:19.621Z] [SyncDiag] PULL ONE-WAY: master_lists — inserted=0, updated=6, deleted=0, errors=0
[2026-05-12T04:43:19.824Z] [SyncDiag] SYNC COMPLETE: checkpoint=2026-05-12T04:43:19.623Z
[2026-05-12T04:43:19.830Z] [SyncDiag] FILE-SYNC START: 0 pending files for vessel=7446783c-841a-11ed-aa7c-7003bca91a86, direction=shore_to_ship
[2026-05-12T04:43:19.831Z] [SyncDiag] FILE-SYNC DONE: processed=0, failed=0, bytes=0
[2026-05-12T04:43:19.831Z] [SyncDiag] === SYNC END === vessel=7446783c-841a-11ed-aa7c-7003bca91a86, duration=719ms, status=success, pushed=0, pulled=6, conflicts=0, files=0+0
[2026-05-12T04:51:07.281Z] [SyncDiag] FIELD-LOGGER: vessel_survey_data row=2635747e-3849-406f-a700-ebffb04be056 — 10 fields changed, isInsert=true
[2026-05-12T04:51:12.337Z] [SyncDiag] FIELD-LOGGER: vessel_survey_data row=2635747e-3849-406f-a700-ebffb04be056 — 1 fields changed, isInsert=false
[2026-05-12T04:51:18.639Z] [SyncDiag] FIELD-LOGGER: vessel_survey_data row=2635747e-3849-406f-a700-ebffb04be056 — 1 fields changed, isInsert=false
[2026-05-12T04:51:34.499Z] [SyncDiag] === SYNC START === vessel=7446783c-841a-11ed-aa7c-7003bca91a86, instance=SHORE-PROD, mode=LOCAL
[2026-05-12T04:51:34.514Z] [SyncDiag] PUSH START: gathering field logs for vessel=7446783c-841a-11ed-aa7c-7003bca91a86, vesselCode=null
[2026-05-12T04:51:34.740Z] [SyncDiag] PUSH: found 12 unsynced field logs
[2026-05-12T04:51:34.741Z] [SyncDiag] PUSH table breakdown: {"vessel_survey_data":12}
[2026-05-12T04:51:34.741Z] [SyncDiag] PUSH sample[0]: table=vessel_survey_data, field=id, row=2635747e-3849-406f-a700-ebffb04be056, oldNull=true, newValue=157
[2026-05-12T04:51:34.742Z] [SyncDiag] PUSH sample[1]: table=vessel_survey_data, field=vsduuid, row=2635747e-3849-406f-a700-ebffb04be056, oldNull=true, newValue=2635747e-3849-406f-a700-ebffb04be056
[2026-05-12T04:51:34.742Z] [SyncDiag] PUSH sample[2]: table=vessel_survey_data, field=vesselId, row=2635747e-3849-406f-a700-ebffb04be056, oldNull=true, newValue=7446783c-841a-11ed-aa7c-7003bca91a86
[2026-05-12T04:51:34.743Z] [SyncDiag] PUSH sample[3]: table=vessel_survey_data, field=vesselName, row=2635747e-3849-406f-a700-ebffb04be056, oldNull=true, newValue=Vessel 5
[2026-05-12T04:51:34.743Z] [SyncDiag] PUSH sample[4]: table=vessel_survey_data, field=masterId, row=2635747e-3849-406f-a700-ebffb04be056, oldNull=true, newValue=B1-006
[2026-05-12T04:51:34.745Z] [SyncDiag] RECEIVE-PUSH START: batch=e949803b-4e4e-4fc9-97b9-298a09ceb1f3, vessel=7446783c-841a-11ed-aa7c-7003bca91a86, fieldLogs=12, oneWayRows=0
[2026-05-12T04:51:34.763Z] [SyncDiag] RECEIVE-PUSH: 12 field logs stored in sync_field_log
[2026-05-12T04:51:34.764Z] [SyncDiag] SYNC-APPLY TRIGGER BYPASS active for batch=e949803b-4e4e-4fc9-97b9-298a09ceb1f3
[2026-05-12T04:51:34.766Z] [SyncDiag] FIELD-LOG-INSERT START: 12 logs
[2026-05-12T04:51:34.766Z] [SyncDiag] FIELD-LOG-INSERT: 1 groups from 12 logs
[2026-05-12T04:51:34.767Z] [SyncDiag] FIELD-LOG-INSERT DONE: inserted=0, updatePassthrough=12, errors=0
[2026-05-12T04:51:34.767Z] [SyncDiag] INSERT-LOG ALLOWED: vessel_survey_data.id row=2635747e-3849-406f-a700-ebffb04be056
[2026-05-12T04:51:34.790Z] [SyncDiag] INSERT-LOG ALLOWED: vessel_survey_data.vsduuid row=2635747e-3849-406f-a700-ebffb04be056
[2026-05-12T04:51:34.792Z] [SyncDiag] INSERT-LOG ALLOWED: vessel_survey_data.vesselId row=2635747e-3849-406f-a700-ebffb04be056
[2026-05-12T04:51:34.793Z] [SyncDiag] INSERT-LOG ALLOWED: vessel_survey_data.vesselName row=2635747e-3849-406f-a700-ebffb04be056
[2026-05-12T04:51:34.794Z] [SyncDiag] INSERT-LOG ALLOWED: vessel_survey_data.masterId row=2635747e-3849-406f-a700-ebffb04be056
[2026-05-12T04:51:34.794Z] [SyncDiag] INSERT-LOG ALLOWED: vessel_survey_data.surveyDate row=2635747e-3849-406f-a700-ebffb04be056
[2026-05-12T04:51:34.795Z] [SyncDiag] INSERT-LOG ALLOWED: vessel_survey_data.lastEditUpload row=2635747e-3849-406f-a700-ebffb04be056
[2026-05-12T04:51:34.796Z] [SyncDiag] INSERT-LOG ALLOWED: vessel_survey_data.attachments row=2635747e-3849-406f-a700-ebffb04be056
[2026-05-12T04:51:34.798Z] [SyncDiag] INSERT-LOG ALLOWED: vessel_survey_data.isDeleted row=2635747e-3849-406f-a700-ebffb04be056
[2026-05-12T04:51:34.799Z] [SyncDiag] INSERT-LOG ALLOWED: vessel_survey_data.sortOrder row=2635747e-3849-406f-a700-ebffb04be056
[2026-05-12T04:51:34.800Z] [SyncDiag] INSERT-LOG ALLOWED: vessel_survey_data.dueDate row=2635747e-3849-406f-a700-ebffb04be056
[2026-05-12T04:51:34.811Z] [SyncDiag] RECEIVE-PUSH DONE: stored=12, applied=12, errors=0, oneWayTables=0
[2026-05-12T04:51:34.815Z] [SyncDiag] PREPARE-PULL START: vessel=7446783c-841a-11ed-aa7c-7003bca91a86, vesselCode=null, checkpoint=2026-05-12T04:43:19.623Z
[2026-05-12T04:51:34.970Z] [SyncDiag] PREPARE-PULL FIELD LOGS: 0 shore logs for vessel
[2026-05-12T04:51:35.096Z] [SyncDiag] PREPARE-PULL DONE: 6 one-way rows across 1 tables, 0 field logs, 0 conflicts
[2026-05-12T04:51:35.097Z] [SyncDiag] PREPARE-PULL ONE-WAY: master_lists — 6 rows
[2026-05-12T04:51:35.097Z] [SyncDiag] PULL RECEIVED: 1 one-way table batches, 0 field logs
[2026-05-12T04:51:35.098Z] [SyncDiag] PULL one-way tables: {"master_lists":6}
[2026-05-12T04:51:35.099Z] [SyncDiag] ONE-WAY-APPLY START: master_lists — 6 rows
[2026-05-12T04:51:35.129Z] [SyncDiag] ONE-WAY-APPLY DONE: master_lists — inserted=0, updated=6, deleted=0, errors=0
[2026-05-12T04:51:35.133Z] [SyncDiag] PULL ONE-WAY: master_lists — inserted=0, updated=6, deleted=0, errors=0
[2026-05-12T04:51:35.325Z] [SyncDiag] SYNC COMPLETE: checkpoint=2026-05-12T04:51:35.135Z
[2026-05-12T04:51:35.327Z] [SyncDiag] PUSH DONE: marked 12 field logs as synced locally
[2026-05-12T04:51:35.333Z] [SyncDiag] FILE-SYNC START: 0 pending files for vessel=7446783c-841a-11ed-aa7c-7003bca91a86, direction=shore_to_ship
[2026-05-12T04:51:35.333Z] [SyncDiag] FILE-SYNC DONE: processed=0, failed=0, bytes=0
[2026-05-12T04:51:35.334Z] [SyncDiag] === SYNC END === vessel=7446783c-841a-11ed-aa7c-7003bca91a86, duration=835ms, status=success, pushed=12, pulled=6, conflicts=0, files=0+0
[2026-05-12T04:51:56.692Z] [SyncDiag] RECEIVE-PUSH START: batch=32bebd64-9da1-45dd-8df6-6319455ed2a4, vessel=7446783c-841a-11ed-aa7c-7003bca91a86, fieldLogs=0, oneWayRows=0
[2026-05-12T04:51:56.697Z] [SyncDiag] RECEIVE-PUSH DONE: stored=0, applied=0, errors=0, oneWayTables=0
[2026-05-12T04:51:58.726Z] [SyncDiag] PREPARE-PULL START: vessel=7446783c-841a-11ed-aa7c-7003bca91a86, vesselCode=null, checkpoint=2026-05-12T04:04:49.442Z
[2026-05-12T04:51:58.982Z] [SyncDiag] PREPARE-PULL FIELD LOGS: 0 shore logs for vessel
[2026-05-12T04:51:59.164Z] [SyncDiag] PREPARE-PULL DONE: 204 one-way rows across 5 tables, 0 field logs, 0 conflicts
[2026-05-12T04:51:59.164Z] [SyncDiag] PREPARE-PULL ONE-WAY: master_lists — 6 rows
[2026-05-12T04:51:59.165Z] [SyncDiag] PREPARE-PULL ONE-WAY: ship_certificates_master — 136 rows
[2026-05-12T04:51:59.165Z] [SyncDiag] PREPARE-PULL ONE-WAY: ship_surveys_master — 56 rows
[2026-05-12T04:51:59.166Z] [SyncDiag] PREPARE-PULL ONE-WAY: vessel_certificate_applicability — 3 rows
[2026-05-12T04:51:59.166Z] [SyncDiag] PREPARE-PULL ONE-WAY: vessel_survey_applicability — 3 rows
[2026-05-12T05:53:58.578Z] [SyncDiag] RECEIVE-PUSH START: batch=40e38661-4d2d-49bb-b827-f15703522dfa, vessel=7446783c-841a-11ed-aa7c-7003bca91a86, fieldLogs=20, oneWayRows=0
[2026-05-12T05:53:58.650Z] [SyncDiag] RECEIVE-PUSH: 20 field logs stored in sync_field_log
[2026-05-12T05:53:58.657Z] [SyncDiag] SYNC-APPLY TRIGGER BYPASS active for batch=40e38661-4d2d-49bb-b827-f15703522dfa
[2026-05-12T05:53:58.658Z] [SyncDiag] FIELD-LOG-INSERT START: 20 logs
[2026-05-12T05:53:58.658Z] [SyncDiag] FIELD-LOG-INSERT: 1 groups from 20 logs
[2026-05-12T05:53:58.763Z] [SyncDiag] FIELD-LOG-INSERT OK: running_hours_audit row=c2ed24fe-08df-42e6-bb42-20356bb3d94b (21 columns)
[2026-05-12T05:53:58.764Z] [SyncDiag] FIELD-LOG-INSERT DONE: inserted=1, updatePassthrough=0, errors=0
[2026-05-12T05:53:58.768Z] [SyncDiag] RECEIVE-PUSH DONE: stored=20, applied=1, errors=0, oneWayTables=0
[2026-05-12T05:53:58.780Z] [SyncDiag] PREPARE-PULL START: vessel=7446783c-841a-11ed-aa7c-7003bca91a86, vesselCode=null, checkpoint=2026-05-12T05:52:06.862Z
[2026-05-12T05:53:58.980Z] [SyncDiag] PREPARE-PULL FIELD LOGS: 0 shore logs for vessel
[2026-05-12T05:54:00.608Z] [SyncDiag] PREPARE-PULL DONE: 0 one-way rows across 0 tables, 0 field logs, 0 conflicts
[2026-05-12T05:56:22.825Z] [SyncDiag] FIELD-LOGGER: work_orders row=6a60f437-37be-4f51-854d-263e8ca7f408 — 35 fields changed, isInsert=false
[2026-05-12T05:56:47.544Z] [SyncDiag] RECEIVE-PUSH START: batch=81076f39-c368-46fa-acb7-6e7c7a436d46, vessel=7446783c-841a-11ed-aa7c-7003bca91a86, fieldLogs=0, oneWayRows=0
[2026-05-12T05:56:47.550Z] [SyncDiag] RECEIVE-PUSH DONE: stored=0, applied=0, errors=0, oneWayTables=0
[2026-05-12T05:56:47.557Z] [SyncDiag] PREPARE-PULL START: vessel=7446783c-841a-11ed-aa7c-7003bca91a86, vesselCode=null, checkpoint=2026-05-12T05:52:06.862Z
[2026-05-12T05:56:47.853Z] [SyncDiag] PREPARE-PULL FIELD LOGS: 35 shore logs for vessel
[2026-05-12T05:56:48.053Z] [SyncDiag] PREPARE-PULL DONE: 0 one-way rows across 0 tables, 35 field logs, 0 conflicts
[2026-05-12T06:00:13.927Z] [SyncDiag] RECEIVE-PUSH START: batch=5ae653c7-25e0-4f67-a640-ebd384a69355, vessel=7446783c-841a-11ed-aa7c-7003bca91a86, fieldLogs=36, oneWayRows=0
[2026-05-12T06:00:13.974Z] [SyncDiag] RECEIVE-PUSH: 36 field logs stored in sync_field_log
[2026-05-12T06:00:13.977Z] [SyncDiag] SYNC-APPLY TRIGGER BYPASS active for batch=5ae653c7-25e0-4f67-a640-ebd384a69355
[2026-05-12T06:00:13.977Z] [SyncDiag] FIELD-LOG-INSERT START: 36 logs
[2026-05-12T06:00:13.978Z] [SyncDiag] FIELD-LOG-INSERT: 1 groups from 36 logs
[2026-05-12T06:00:13.979Z] [SyncDiag] FIELD-LOG-INSERT DONE: inserted=0, updatePassthrough=36, errors=0
[2026-05-12T06:00:14.027Z] [SyncDiag] INSERT-LOG ALLOWED: work_orders.dateCompleted row=59b3509d-0088-4043-861d-ceeeddc53e45
[2026-05-12T06:00:14.034Z] [SyncDiag] INSERT-LOG ALLOWED: work_orders.submittedDate row=59b3509d-0088-4043-861d-ceeeddc53e45
[2026-05-12T06:00:14.036Z] [SyncDiag] INSERT-LOG ALLOWED: work_orders.maintenanceType row=59b3509d-0088-4043-861d-ceeeddc53e45
[2026-05-12T06:00:14.038Z] [SyncDiag] INSERT-LOG ALLOWED: work_orders.approver row=59b3509d-0088-4043-861d-ceeeddc53e45
[2026-05-12T06:00:14.040Z] [SyncDiag] INSERT-LOG ALLOWED: work_orders.nextDueDate row=59b3509d-0088-4043-861d-ceeeddc53e45
[2026-05-12T06:00:14.048Z] [SyncDiag] INSERT-LOG ALLOWED: work_orders.nextDueReading row=59b3509d-0088-4043-861d-ceeeddc53e45
[2026-05-12T06:00:14.050Z] [SyncDiag] INSERT-LOG ALLOWED: work_orders.currentReading row=59b3509d-0088-4043-861d-ceeeddc53e45
[2026-05-12T06:00:14.052Z] [SyncDiag] INSERT-LOG ALLOWED: work_orders.jobCategory row=59b3509d-0088-4043-861d-ceeeddc53e45
[2026-05-12T06:00:14.054Z] [SyncDiag] INSERT-LOG ALLOWED: work_orders.sfiCode row=59b3509d-0088-4043-861d-ceeeddc53e45
[2026-05-12T06:00:14.056Z] [SyncDiag] INSERT-LOG ALLOWED: work_orders.criticality row=59b3509d-0088-4043-861d-ceeeddc53e45
[2026-05-12T06:00:14.063Z] [SyncDiag] INSERT-LOG ALLOWED: work_orders.riskAssessmentStatus row=59b3509d-0088-4043-861d-ceeeddc53e45
[2026-05-12T06:00:14.065Z] [SyncDiag] INSERT-LOG ALLOWED: work_orders.safetyChecklistsStatus row=59b3509d-0088-4043-861d-ceeeddc53e45
[2026-05-12T06:00:14.066Z] [SyncDiag] INSERT-LOG ALLOWED: work_orders.operationalFormsStatus row=59b3509d-0088-4043-861d-ceeeddc53e45
[2026-05-12T06:00:14.068Z] [SyncDiag] INSERT-LOG ALLOWED: work_orders.startDateTime row=59b3509d-0088-4043-861d-ceeeddc53e45
[2026-05-12T06:00:14.070Z] [SyncDiag] INSERT-LOG ALLOWED: work_orders.completionDateTime row=59b3509d-0088-4043-861d-ceeeddc53e45
[2026-05-12T06:00:14.072Z] [SyncDiag] INSERT-LOG ALLOWED: work_orders.executionAssignedTo row=59b3509d-0088-4043-861d-ceeeddc53e45
[2026-05-12T06:00:14.074Z] [SyncDiag] INSERT-LOG ALLOWED: work_orders.performedBy row=59b3509d-0088-4043-861d-ceeeddc53e45
[2026-05-12T06:00:14.076Z] [SyncDiag] INSERT-LOG ALLOWED: work_orders.noOfPersons row=59b3509d-0088-4043-861d-ceeeddc53e45
[2026-05-12T06:00:14.078Z] [SyncDiag] INSERT-LOG ALLOWED: work_orders.totalTimeHours row=59b3509d-0088-4043-861d-ceeeddc53e45
[2026-05-12T06:00:14.080Z] [SyncDiag] INSERT-LOG ALLOWED: work_orders.manhours row=59b3509d-0088-4043-861d-ceeeddc53e45
[2026-05-12T06:00:14.082Z] [SyncDiag] INSERT-LOG ALLOWED: work_orders.workCarriedOut row=59b3509d-0088-4043-861d-ceeeddc53e45
[2026-05-12T06:00:14.084Z] [SyncDiag] INSERT-LOG ALLOWED: work_orders.jobExperienceNotes row=59b3509d-0088-4043-861d-ceeeddc53e45
[2026-05-12T06:00:14.086Z] [SyncDiag] INSERT-LOG ALLOWED: work_orders.previousReading row=59b3509d-0088-4043-861d-ceeeddc53e45
[2026-05-12T06:00:14.088Z] [SyncDiag] INSERT-LOG ALLOWED: work_orders.runningHours row=59b3509d-0088-4043-861d-ceeeddc53e45
[2026-05-12T06:00:14.090Z] [SyncDiag] INSERT-LOG ALLOWED: work_orders.runningHoursDifference row=59b3509d-0088-4043-861d-ceeeddc53e45
[2026-05-12T06:00:14.093Z] [SyncDiag] INSERT-LOG ALLOWED: work_orders.readingDate row=59b3509d-0088-4043-861d-ceeeddc53e45
[2026-05-12T06:00:14.095Z] [SyncDiag] INSERT-LOG ALLOWED: work_orders.woExecutionId row=59b3509d-0088-4043-861d-ceeeddc53e45
[2026-05-12T06:00:14.096Z] [SyncDiag] INSERT-LOG ALLOWED: work_orders.remarks row=59b3509d-0088-4043-861d-ceeeddc53e45
[2026-05-12T06:00:14.098Z] [SyncDiag] INSERT-LOG ALLOWED: work_orders.completionRemarks row=59b3509d-0088-4043-861d-ceeeddc53e45
[2026-05-12T06:00:14.100Z] [SyncDiag] INSERT-LOG ALLOWED: work_orders.originalDueDate row=59b3509d-0088-4043-861d-ceeeddc53e45
[2026-05-12T06:00:14.107Z] [SyncDiag] INSERT-LOG ALLOWED: work_orders.superintendentNotifiedAt row=59b3509d-0088-4043-861d-ceeeddc53e45
[2026-05-12T06:00:14.109Z] [SyncDiag] INSERT-LOG ALLOWED: work_orders.approvalBlockReason row=59b3509d-0088-4043-861d-ceeeddc53e45
[2026-05-12T06:00:14.115Z] [SyncDiag] RECEIVE-PUSH DONE: stored=36, applied=36, errors=0, oneWayTables=0
[2026-05-12T06:00:14.129Z] [SyncDiag] PREPARE-PULL START: vessel=7446783c-841a-11ed-aa7c-7003bca91a86, vesselCode=null, checkpoint=2026-05-12T05:52:06.862Z
[2026-05-12T06:00:14.383Z] [SyncDiag] PREPARE-PULL FIELD LOGS: 0 shore logs for vessel
[2026-05-12T06:00:14.594Z] [SyncDiag] PREPARE-PULL DONE: 0 one-way rows across 0 tables, 0 field logs, 0 conflicts
[2026-05-12T06:02:34.078Z] [SyncDiag] RECEIVE-PUSH START: batch=53c75e38-95ae-4561-8b66-ee9132dba684, vessel=7446783c-841a-11ed-aa7c-7003bca91a86, fieldLogs=30, oneWayRows=0
[2026-05-12T06:02:34.134Z] [SyncDiag] RECEIVE-PUSH: 30 field logs stored in sync_field_log
[2026-05-12T06:02:34.136Z] [SyncDiag] SYNC-APPLY TRIGGER BYPASS active for batch=53c75e38-95ae-4561-8b66-ee9132dba684
[2026-05-12T06:02:34.136Z] [SyncDiag] FIELD-LOG-INSERT START: 30 logs
[2026-05-12T06:02:34.137Z] [SyncDiag] FIELD-LOG-INSERT: 3 groups from 30 logs
[2026-05-12T06:02:34.184Z] [SyncDiag] FIELD-LOG-INSERT OK: spares_history row=7c6d66ac-d348-4ed7-988d-7c405a972258 (19 columns)
[2026-05-12T06:02:34.233Z] [SyncDiag] FIELD-LOG-INSERT OK: spare_location_stock row=19014fe7-524c-4caa-ba40-c1e1ae95cbd8 (9 columns)
[2026-05-12T06:02:34.234Z] [SyncDiag] FIELD-LOG-INSERT DONE: inserted=2, updatePassthrough=4, errors=0
[2026-05-12T06:02:34.262Z] [SyncDiag] INSERT-LOG ALLOWED: spares.location2 row=cf3eaadb-d7bc-4db2-9875-1deba21493aa
[2026-05-12T06:02:34.267Z] [SyncDiag] RECEIVE-PUSH DONE: stored=30, applied=5, errors=1, oneWayTables=0
[2026-05-12T06:02:36.295Z] [SyncDiag] PREPARE-PULL START: vessel=7446783c-841a-11ed-aa7c-7003bca91a86, vesselCode=null, checkpoint=2026-05-12T05:52:06.862Z
[2026-05-12T06:02:36.483Z] [SyncDiag] PREPARE-PULL FIELD LOGS: 0 shore logs for vessel
[2026-05-12T06:02:36.682Z] [SyncDiag] PREPARE-PULL DONE: 0 one-way rows across 0 tables, 0 field logs, 0 conflicts
[2026-05-12T06:03:48.236Z] [SyncDiag] RECEIVE-PUSH START: batch=a084020c-c2bf-4ee9-ac19-84d6b107a7df, vessel=7446783c-841a-11ed-aa7c-7003bca91a86, fieldLogs=21, oneWayRows=0
[2026-05-12T06:03:48.279Z] [SyncDiag] RECEIVE-PUSH: 21 field logs stored in sync_field_log
[2026-05-12T06:03:48.281Z] [SyncDiag] SYNC-APPLY TRIGGER BYPASS active for batch=a084020c-c2bf-4ee9-ac19-84d6b107a7df
[2026-05-12T06:03:48.281Z] [SyncDiag] FIELD-LOG-INSERT START: 21 logs
[2026-05-12T06:03:48.281Z] [SyncDiag] FIELD-LOG-INSERT: 2 groups from 21 logs
[2026-05-12T06:03:48.296Z] [SyncDiag] FIELD-LOG-INSERT OK: spares_history row=74efa5c3-509c-460b-bc41-df1934629baa (20 columns)
[2026-05-12T06:03:48.297Z] [SyncDiag] FIELD-LOG-INSERT DONE: inserted=1, updatePassthrough=2, errors=0
[2026-05-12T06:03:48.304Z] [SyncDiag] RECEIVE-PUSH DONE: stored=21, applied=3, errors=0, oneWayTables=0
[2026-05-12T06:03:50.336Z] [SyncDiag] PREPARE-PULL START: vessel=7446783c-841a-11ed-aa7c-7003bca91a86, vesselCode=null, checkpoint=2026-05-12T05:52:06.862Z
[2026-05-12T06:03:50.525Z] [SyncDiag] PREPARE-PULL FIELD LOGS: 0 shore logs for vessel
[2026-05-12T06:03:50.723Z] [SyncDiag] PREPARE-PULL DONE: 0 one-way rows across 0 tables, 0 field logs, 0 conflicts
[2026-05-12T06:40:41.382Z] [SyncDiag] FIELD-LOGGER: defect_sequences row=4 — 1 fields changed, isInsert=false
[2026-05-12T06:40:41.577Z] [SyncDiag] FIELD-LOGGER: defects row=b851cf40-aa12-4e53-a638-d23ab1eae699 — 62 fields changed, isInsert=true
[2026-05-12T06:41:10.234Z] [SyncDiag] === SYNC START === vessel=7446783c-841a-11ed-aa7c-7003bca91a86, instance=SHORE-PROD, mode=LOCAL
[2026-05-12T06:41:10.427Z] [SyncDiag] PUSH START: gathering field logs for vessel=7446783c-841a-11ed-aa7c-7003bca91a86, vesselCode=null
[2026-05-12T06:41:11.973Z] [SyncDiag] PUSH: found 63 unsynced field logs
[2026-05-12T06:41:11.975Z] [SyncDiag] PUSH table breakdown: {"defect_sequences":1,"defects":62}
[2026-05-12T06:41:11.976Z] [SyncDiag] PUSH sample[0]: table=defect_sequences, field=lastSequence, row=4, oldNull=false, newValue=41
[2026-05-12T06:41:11.976Z] [SyncDiag] PUSH sample[1]: table=defects, field=id, row=b851cf40-aa12-4e53-a638-d23ab1eae699, oldNull=true, newValue=D005-26-0041
[2026-05-12T06:41:11.977Z] [SyncDiag] PUSH sample[2]: table=defects, field=actions, row=b851cf40-aa12-4e53-a638-d23ab1eae699, oldNull=true, newValue=[]
[2026-05-12T06:41:11.978Z] [SyncDiag] PUSH sample[3]: table=defects, field=targetDateExtensions, row=b851cf40-aa12-4e53-a638-d23ab1eae699, oldNull=true, newValue=[]
[2026-05-12T06:41:11.979Z] [SyncDiag] PUSH sample[4]: table=defects, field=partAAttachments, row=b851cf40-aa12-4e53-a638-d23ab1eae699, oldNull=true, newValue=[]
[2026-05-12T06:41:11.980Z] [SyncDiag] RECEIVE-PUSH START: batch=c374bb22-8f5f-4b43-8917-c2a8a8f6493f, vessel=7446783c-841a-11ed-aa7c-7003bca91a86, fieldLogs=63, oneWayRows=0
[2026-05-12T06:41:12.070Z] [SyncDiag] RECEIVE-PUSH: 63 field logs stored in sync_field_log
[2026-05-12T06:41:12.074Z] [SyncDiag] SYNC-APPLY TRIGGER BYPASS active for batch=c374bb22-8f5f-4b43-8917-c2a8a8f6493f
[2026-05-12T06:41:12.074Z] [SyncDiag] FIELD-LOG-INSERT START: 63 logs
[2026-05-12T06:41:12.075Z] [SyncDiag] FIELD-LOG-INSERT: 2 groups from 63 logs
[2026-05-12T06:41:12.091Z] [SyncDiag] FIELD-LOG-INSERT DONE: inserted=0, updatePassthrough=63, errors=0
[2026-05-12T06:41:12.150Z] [SyncDiag] INSERT-LOG ALLOWED: defects.id row=b851cf40-aa12-4e53-a638-d23ab1eae699
[2026-05-12T06:41:12.159Z] [SyncDiag] INSERT-LOG ALLOWED: defects.actions row=b851cf40-aa12-4e53-a638-d23ab1eae699
[2026-05-12T06:41:12.169Z] [SyncDiag] INSERT-LOG ALLOWED: defects.targetDateExtensions row=b851cf40-aa12-4e53-a638-d23ab1eae699
[2026-05-12T06:41:12.171Z] [SyncDiag] INSERT-LOG ALLOWED: defects.partAAttachments row=b851cf40-aa12-4e53-a638-d23ab1eae699
[2026-05-12T06:41:12.175Z] [SyncDiag] INSERT-LOG ALLOWED: defects.attachments row=b851cf40-aa12-4e53-a638-d23ab1eae699
[2026-05-12T06:41:12.177Z] [SyncDiag] INSERT-LOG ALLOWED: defects.auditTrail row=b851cf40-aa12-4e53-a638-d23ab1eae699
[2026-05-12T06:41:12.179Z] [SyncDiag] INSERT-LOG ALLOWED: defects.isDeleted row=b851cf40-aa12-4e53-a638-d23ab1eae699
[2026-05-12T06:41:12.181Z] [SyncDiag] INSERT-LOG ALLOWED: defects.sortOrder row=b851cf40-aa12-4e53-a638-d23ab1eae699
[2026-05-12T06:41:12.183Z] [SyncDiag] INSERT-LOG ALLOWED: defects.raisedByRank row=b851cf40-aa12-4e53-a638-d23ab1eae699
[2026-05-12T06:41:12.184Z] [SyncDiag] INSERT-LOG ALLOWED: defects.isDeferred row=b851cf40-aa12-4e53-a638-d23ab1eae699
[2026-05-12T06:41:12.186Z] [SyncDiag] INSERT-LOG ALLOWED: defects.deferApprovalRequired row=b851cf40-aa12-4e53-a638-d23ab1eae699
[2026-05-12T06:41:12.188Z] [SyncDiag] INSERT-LOG ALLOWED: defects.reportToThirdParty row=b851cf40-aa12-4e53-a638-d23ab1eae699
[2026-05-12T06:41:12.190Z] [SyncDiag] INSERT-LOG ALLOWED: defects.classReport row=b851cf40-aa12-4e53-a638-d23ab1eae699
[2026-05-12T06:41:12.191Z] [SyncDiag] INSERT-LOG ALLOWED: defects.flagReport row=b851cf40-aa12-4e53-a638-d23ab1eae699
[2026-05-12T06:41:12.193Z] [SyncDiag] INSERT-LOG ALLOWED: defects.portReport row=b851cf40-aa12-4e53-a638-d23ab1eae699
[2026-05-12T06:41:12.195Z] [SyncDiag] INSERT-LOG ALLOWED: defects.dateReportedToOffice row=b851cf40-aa12-4e53-a638-d23ab1eae699
[2026-05-12T06:41:12.197Z] [SyncDiag] INSERT-LOG ALLOWED: defects.dateRegisteredInSystem row=b851cf40-aa12-4e53-a638-d23ab1eae699
[2026-05-12T06:41:12.199Z] [SyncDiag] INSERT-LOG ALLOWED: defects.vesselLocationType row=b851cf40-aa12-4e53-a638-d23ab1eae699
[2026-05-12T06:41:12.201Z] [SyncDiag] INSERT-LOG ALLOWED: defects.latitude row=b851cf40-aa12-4e53-a638-d23ab1eae699
[2026-05-12T06:41:12.203Z] [SyncDiag] INSERT-LOG ALLOWED: defects.longitude row=b851cf40-aa12-4e53-a638-d23ab1eae699
[2026-05-12T06:41:12.205Z] [SyncDiag] INSERT-LOG ALLOWED: defects.reportedBy row=b851cf40-aa12-4e53-a638-d23ab1eae699
[2026-05-12T06:41:12.207Z] [SyncDiag] INSERT-LOG ALLOWED: defects.confirmCompleted row=b851cf40-aa12-4e53-a638-d23ab1eae699
[2026-05-12T06:41:12.209Z] [SyncDiag] INSERT-LOG ALLOWED: defects.closedByName row=b851cf40-aa12-4e53-a638-d23ab1eae699
[2026-05-12T06:41:12.211Z] [SyncDiag] INSERT-LOG ALLOWED: defects.closedByRank row=b851cf40-aa12-4e53-a638-d23ab1eae699
[2026-05-12T06:41:12.213Z] [SyncDiag] INSERT-LOG ALLOWED: defects.verified row=b851cf40-aa12-4e53-a638-d23ab1eae699
[2026-05-12T06:41:12.215Z] [SyncDiag] INSERT-LOG ALLOWED: defects.dateVerified row=b851cf40-aa12-4e53-a638-d23ab1eae699
[2026-05-12T06:41:12.217Z] [SyncDiag] INSERT-LOG ALLOWED: defects.verifiedByName row=b851cf40-aa12-4e53-a638-d23ab1eae699
[2026-05-12T06:41:12.219Z] [SyncDiag] INSERT-LOG ALLOWED: defects.verifiedByOfficePosition row=b851cf40-aa12-4e53-a638-d23ab1eae699
[2026-05-12T06:41:12.222Z] [SyncDiag] INSERT-LOG ALLOWED: defects.notes row=b851cf40-aa12-4e53-a638-d23ab1eae699
[2026-05-12T06:41:12.223Z] [SyncDiag] INSERT-LOG ALLOWED: defects.duuid row=b851cf40-aa12-4e53-a638-d23ab1eae699
[2026-05-12T06:41:12.225Z] [SyncDiag] INSERT-LOG ALLOWED: defects.vesselId row=b851cf40-aa12-4e53-a638-d23ab1eae699
[2026-05-12T06:41:12.227Z] [SyncDiag] INSERT-LOG ALLOWED: defects.vesselName row=b851cf40-aa12-4e53-a638-d23ab1eae699
[2026-05-12T06:41:12.229Z] [SyncDiag] INSERT-LOG ALLOWED: defects.issueDate row=b851cf40-aa12-4e53-a638-d23ab1eae699
[2026-05-12T06:41:12.231Z] [SyncDiag] INSERT-LOG ALLOWED: defects.category row=b851cf40-aa12-4e53-a638-d23ab1eae699
[2026-05-12T06:41:12.233Z] [SyncDiag] INSERT-LOG ALLOWED: defects.defectType row=b851cf40-aa12-4e53-a638-d23ab1eae699
[2026-05-12T06:41:12.235Z] [SyncDiag] INSERT-LOG ALLOWED: defects.description row=b851cf40-aa12-4e53-a638-d23ab1eae699
[2026-05-12T06:41:12.236Z] [SyncDiag] INSERT-LOG ALLOWED: defects.targetCloseDate row=b851cf40-aa12-4e53-a638-d23ab1eae699
[2026-05-12T06:41:12.238Z] [SyncDiag] INSERT-LOG ALLOWED: defects.dateCompleted row=b851cf40-aa12-4e53-a638-d23ab1eae699
[2026-05-12T06:41:12.240Z] [SyncDiag] INSERT-LOG ALLOWED: defects.status row=b851cf40-aa12-4e53-a638-d23ab1eae699
[2026-05-12T06:41:12.242Z] [SyncDiag] INSERT-LOG ALLOWED: defects.priority row=b851cf40-aa12-4e53-a638-d23ab1eae699
[2026-05-12T06:41:12.243Z] [SyncDiag] INSERT-LOG ALLOWED: defects.critical row=b851cf40-aa12-4e53-a638-d23ab1eae699
[2026-05-12T06:41:12.245Z] [SyncDiag] INSERT-LOG ALLOWED: defects.is_coc row=b851cf40-aa12-4e53-a638-d23ab1eae699
[2026-05-12T06:41:12.247Z] [SyncDiag] INSERT-LOG ALLOWED: defects.severity row=b851cf40-aa12-4e53-a638-d23ab1eae699
[2026-05-12T06:41:12.249Z] [SyncDiag] INSERT-LOG ALLOWED: defects.source row=b851cf40-aa12-4e53-a638-d23ab1eae699
[2026-05-12T06:41:12.251Z] [SyncDiag] INSERT-LOG ALLOWED: defects.equipmentCategory row=b851cf40-aa12-4e53-a638-d23ab1eae699
[2026-05-12T06:41:12.253Z] [SyncDiag] INSERT-LOG ALLOWED: defects.equipmentMake row=b851cf40-aa12-4e53-a638-d23ab1eae699
[2026-05-12T06:41:12.254Z] [SyncDiag] INSERT-LOG ALLOWED: defects.equipmentModel row=b851cf40-aa12-4e53-a638-d23ab1eae699
[2026-05-12T06:41:12.256Z] [SyncDiag] INSERT-LOG ALLOWED: defects.componentId row=b851cf40-aa12-4e53-a638-d23ab1eae699
[2026-05-12T06:41:12.260Z] [SyncDiag] INSERT-LOG ALLOWED: defects.defectCategory row=b851cf40-aa12-4e53-a638-d23ab1eae699
[2026-05-12T06:41:12.262Z] [SyncDiag] INSERT-LOG ALLOWED: defects.viqVersion row=b851cf40-aa12-4e53-a638-d23ab1eae699
[2026-05-12T06:41:12.264Z] [SyncDiag] INSERT-LOG ALLOWED: defects.viqRef row=b851cf40-aa12-4e53-a638-d23ab1eae699
[2026-05-12T06:41:12.266Z] [SyncDiag] INSERT-LOG ALLOWED: defects.componentHardwareId row=b851cf40-aa12-4e53-a638-d23ab1eae699
[2026-05-12T06:41:12.268Z] [SyncDiag] INSERT-LOG ALLOWED: defects.componentHardwareLevel1 row=b851cf40-aa12-4e53-a638-d23ab1eae699
[2026-05-12T06:41:12.270Z] [SyncDiag] INSERT-LOG ALLOWED: defects.componentHardwareLevel2 row=b851cf40-aa12-4e53-a638-d23ab1eae699
[2026-05-12T06:41:12.272Z] [SyncDiag] INSERT-LOG ALLOWED: defects.componentHardwareLevel3 row=b851cf40-aa12-4e53-a638-d23ab1eae699
[2026-05-12T06:41:12.274Z] [SyncDiag] INSERT-LOG ALLOWED: defects.immediateCause row=b851cf40-aa12-4e53-a638-d23ab1eae699
[2026-05-12T06:41:12.276Z] [SyncDiag] INSERT-LOG ALLOWED: defects.immediateCauseExplanation row=b851cf40-aa12-4e53-a638-d23ab1eae699
[2026-05-12T06:41:12.278Z] [SyncDiag] INSERT-LOG ALLOWED: defects.rootCause row=b851cf40-aa12-4e53-a638-d23ab1eae699
[2026-05-12T06:41:12.280Z] [SyncDiag] INSERT-LOG ALLOWED: defects.rootCauseExplanation row=b851cf40-aa12-4e53-a638-d23ab1eae699
[2026-05-12T06:41:12.283Z] [SyncDiag] INSERT-LOG ALLOWED: defects.riskLevel row=b851cf40-aa12-4e53-a638-d23ab1eae699
[2026-05-12T06:41:12.284Z] [SyncDiag] INSERT-LOG ALLOWED: defects.raisedById row=b851cf40-aa12-4e53-a638-d23ab1eae699
[2026-05-12T06:41:12.286Z] [SyncDiag] INSERT-LOG ALLOWED: defects.raisedByName row=b851cf40-aa12-4e53-a638-d23ab1eae699
[2026-05-12T06:41:12.293Z] [SyncDiag] RECEIVE-PUSH DONE: stored=63, applied=63, errors=0, oneWayTables=0
[2026-05-12T06:41:12.298Z] [SyncDiag] PREPARE-PULL START: vessel=7446783c-841a-11ed-aa7c-7003bca91a86, vesselCode=null, checkpoint=2026-05-12T04:51:35.135Z
[2026-05-12T06:41:12.632Z] [SyncDiag] PREPARE-PULL FIELD LOGS: 0 shore logs for vessel
[2026-05-12T06:41:12.923Z] [SyncDiag] PREPARE-PULL DONE: 0 one-way rows across 0 tables, 0 field logs, 0 conflicts
[2026-05-12T06:41:12.924Z] [SyncDiag] PULL RECEIVED: 0 one-way table batches, 0 field logs
[2026-05-12T06:41:13.148Z] [SyncDiag] SYNC COMPLETE: checkpoint=2026-05-12T06:41:12.926Z
[2026-05-12T06:41:13.155Z] [SyncDiag] PUSH DONE: marked 63 field logs as synced locally
[2026-05-12T06:41:13.161Z] [SyncDiag] FILE-SYNC START: 0 pending files for vessel=7446783c-841a-11ed-aa7c-7003bca91a86, direction=shore_to_ship
[2026-05-12T06:41:13.161Z] [SyncDiag] FILE-SYNC DONE: processed=0, failed=0, bytes=0
[2026-05-12T06:41:13.162Z] [SyncDiag] === SYNC END === vessel=7446783c-841a-11ed-aa7c-7003bca91a86, duration=2928ms, status=success, pushed=63, pulled=0, conflicts=0, files=0+0
[2026-05-12T06:41:52.147Z] [SyncDiag] RECEIVE-PUSH START: batch=506bb58e-a02e-4be9-ad0e-a18ae9262897, vessel=7446783c-841a-11ed-aa7c-7003bca91a86, fieldLogs=161, oneWayRows=0
[2026-05-12T06:41:53.942Z] [SyncDiag] RECEIVE-PUSH: 161 field logs stored in sync_field_log
[2026-05-12T06:41:53.963Z] [SyncDiag] SYNC-APPLY TRIGGER BYPASS active for batch=506bb58e-a02e-4be9-ad0e-a18ae9262897
[2026-05-12T06:41:53.964Z] [SyncDiag] FIELD-LOG-INSERT START: 161 logs
[2026-05-12T06:41:53.965Z] [SyncDiag] FIELD-LOG-INSERT: 8 groups from 161 logs
[2026-05-12T06:41:54.470Z] [SyncDiag] FIELD-LOG-INSERT OK: inventory_transactions row=b3387841-f33d-4820-8362-cf02f22eab12 (19 columns)
[2026-05-12T06:41:54.666Z] [SyncDiag] FIELD-LOG-INSERT OK: spares_history row=0abcacf6-92ed-49e6-b379-0fde343aabbe (22 columns)
[2026-05-12T06:41:54.688Z] [SyncDiag] FIELD-LOG-INSERT OK: inventory_transactions row=dc9d902e-ee52-446f-b650-5425b7a12e81 (19 columns)
[2026-05-12T06:41:54.690Z] [SyncDiag] FIELD-LOG-INSERT OK: spares_history row=17e0f94c-12cd-44b1-8bc7-26a40fa44b20 (22 columns)
[2026-05-12T06:41:55.055Z] [SyncDiag] FIELD-LOG-INSERT OK: component_maintenance_history row=ced6525f-f0a2-426e-aa74-fb83771ddc01 (25 columns)
[2026-05-12T06:41:55.056Z] [SyncDiag] FIELD-LOG-INSERT DONE: inserted=5, updatePassthrough=59, errors=0
[2026-05-12T06:41:55.056Z] [SyncDiag] INSERT-LOG ALLOWED: work_orders.executionAssignedTo row=4dd1926f-96de-4e68-83bd-46dc9ee5951e
[2026-05-12T06:41:55.084Z] [SyncDiag] INSERT-LOG ALLOWED: work_orders.approver row=4dd1926f-96de-4e68-83bd-46dc9ee5951e
[2026-05-12T06:41:55.088Z] [SyncDiag] INSERT-LOG ALLOWED: work_orders.nextDueDate row=4dd1926f-96de-4e68-83bd-46dc9ee5951e
[2026-05-12T06:41:55.089Z] [SyncDiag] INSERT-LOG ALLOWED: work_orders.nextDueReading row=4dd1926f-96de-4e68-83bd-46dc9ee5951e
[2026-05-12T06:41:55.090Z] [SyncDiag] INSERT-LOG ALLOWED: work_orders.currentReading row=4dd1926f-96de-4e68-83bd-46dc9ee5951e
[2026-05-12T06:41:55.092Z] [SyncDiag] INSERT-LOG ALLOWED: work_orders.jobCategory row=4dd1926f-96de-4e68-83bd-46dc9ee5951e
[2026-05-12T06:41:55.093Z] [SyncDiag] INSERT-LOG ALLOWED: work_orders.sfiCode row=4dd1926f-96de-4e68-83bd-46dc9ee5951e
[2026-05-12T06:41:55.094Z] [SyncDiag] INSERT-LOG ALLOWED: work_orders.criticality row=4dd1926f-96de-4e68-83bd-46dc9ee5951e
[2026-05-12T06:41:55.100Z] [SyncDiag] INSERT-LOG ALLOWED: work_orders.riskAssessmentStatus row=4dd1926f-96de-4e68-83bd-46dc9ee5951e
[2026-05-12T06:41:55.104Z] [SyncDiag] INSERT-LOG ALLOWED: work_orders.safetyChecklistsStatus row=4dd1926f-96de-4e68-83bd-46dc9ee5951e
[2026-05-12T06:41:55.105Z] [SyncDiag] INSERT-LOG ALLOWED: work_orders.operationalFormsStatus row=4dd1926f-96de-4e68-83bd-46dc9ee5951e
[2026-05-12T06:41:55.106Z] [SyncDiag] INSERT-LOG ALLOWED: work_orders.startDateTime row=4dd1926f-96de-4e68-83bd-46dc9ee5951e
[2026-05-12T06:41:55.109Z] [SyncDiag] INSERT-LOG ALLOWED: work_orders.completionDateTime row=4dd1926f-96de-4e68-83bd-46dc9ee5951e
[2026-05-12T06:41:55.110Z] [SyncDiag] INSERT-LOG ALLOWED: work_orders.maintenanceType row=4dd1926f-96de-4e68-83bd-46dc9ee5951e
[2026-05-12T06:41:55.111Z] [SyncDiag] INSERT-LOG ALLOWED: work_orders.performedBy row=4dd1926f-96de-4e68-83bd-46dc9ee5951e
[2026-05-12T06:41:55.112Z] [SyncDiag] INSERT-LOG ALLOWED: work_orders.noOfPersons row=4dd1926f-96de-4e68-83bd-46dc9ee5951e
[2026-05-12T06:41:55.113Z] [SyncDiag] INSERT-LOG ALLOWED: work_orders.totalTimeHours row=4dd1926f-96de-4e68-83bd-46dc9ee5951e
[2026-05-12T06:41:55.115Z] [SyncDiag] INSERT-LOG ALLOWED: work_orders.manhours row=4dd1926f-96de-4e68-83bd-46dc9ee5951e
[2026-05-12T06:41:55.116Z] [SyncDiag] INSERT-LOG ALLOWED: work_orders.workCarriedOut row=4dd1926f-96de-4e68-83bd-46dc9ee5951e
[2026-05-12T06:41:55.117Z] [SyncDiag] INSERT-LOG ALLOWED: work_orders.jobExperienceNotes row=4dd1926f-96de-4e68-83bd-46dc9ee5951e
[2026-05-12T06:41:55.944Z] [SyncDiag] INSERT-LOG ALLOWED: work_orders.previousReading row=4dd1926f-96de-4e68-83bd-46dc9ee5951e
[2026-05-12T06:41:55.946Z] [SyncDiag] INSERT-LOG ALLOWED: work_orders.runningHours row=4dd1926f-96de-4e68-83bd-46dc9ee5951e
[2026-05-12T06:41:55.947Z] [SyncDiag] INSERT-LOG ALLOWED: work_orders.runningHoursDifference row=4dd1926f-96de-4e68-83bd-46dc9ee5951e
[2026-05-12T06:41:55.948Z] [SyncDiag] INSERT-LOG ALLOWED: work_orders.readingDate row=4dd1926f-96de-4e68-83bd-46dc9ee5951e
[2026-05-12T06:41:55.950Z] [SyncDiag] INSERT-LOG ALLOWED: work_orders.woExecutionId row=4dd1926f-96de-4e68-83bd-46dc9ee5951e
[2026-05-12T06:41:55.951Z] [SyncDiag] INSERT-LOG ALLOWED: work_orders.remarks row=4dd1926f-96de-4e68-83bd-46dc9ee5951e
[2026-05-12T06:41:55.952Z] [SyncDiag] INSERT-LOG ALLOWED: work_orders.completionRemarks row=4dd1926f-96de-4e68-83bd-46dc9ee5951e
[2026-05-12T06:41:55.954Z] [SyncDiag] INSERT-LOG ALLOWED: work_orders.originalDueDate row=4dd1926f-96de-4e68-83bd-46dc9ee5951e
[2026-05-12T06:41:55.958Z] [SyncDiag] INSERT-LOG ALLOWED: work_orders.superintendentNotifiedAt row=4dd1926f-96de-4e68-83bd-46dc9ee5951e
[2026-05-12T06:41:55.959Z] [SyncDiag] INSERT-LOG ALLOWED: work_orders.approvalBlockReason row=4dd1926f-96de-4e68-83bd-46dc9ee5951e
[2026-05-12T06:41:55.960Z] [SyncDiag] INSERT-LOG ALLOWED: work_orders.dateCompleted row=4dd1926f-96de-4e68-83bd-46dc9ee5951e
[2026-05-12T06:41:55.962Z] [SyncDiag] INSERT-LOG ALLOWED: work_orders.submittedDate row=4dd1926f-96de-4e68-83bd-46dc9ee5951e
[2026-05-12T06:41:55.966Z] [SyncDiag] INSERT-LOG ALLOWED: work_orders.superintendentAcknowledgedAt row=4dd1926f-96de-4e68-83bd-46dc9ee5951e
[2026-05-12T06:41:55.970Z] [SyncDiag] INSERT-LOG ALLOWED: work_orders.approvalAction row=4dd1926f-96de-4e68-83bd-46dc9ee5951e
[2026-05-12T06:41:55.972Z] [SyncDiag] INSERT-LOG ALLOWED: work_orders.ceApprovalRemarks row=4dd1926f-96de-4e68-83bd-46dc9ee5951e
[2026-05-12T06:41:55.973Z] [SyncDiag] INSERT-LOG ALLOWED: spare_location_stock.slsuuid row=625c3dd6-8421-47ed-84b9-06a84ed52f80
[2026-05-12T06:41:56.130Z] [SyncDiag] INSERT-LOG ALLOWED: spare_location_stock.vesselId row=625c3dd6-8421-47ed-84b9-06a84ed52f80
[2026-05-12T06:41:56.134Z] [SyncDiag] INSERT-LOG ALLOWED: spare_location_stock.id row=625c3dd6-8421-47ed-84b9-06a84ed52f80
[2026-05-12T06:41:56.135Z] [SyncDiag] INSERT-LOG ALLOWED: spare_location_stock.spareId row=625c3dd6-8421-47ed-84b9-06a84ed52f80
[2026-05-12T06:41:56.136Z] [SyncDiag] INSERT-LOG ALLOWED: spare_location_stock.spareUuid row=625c3dd6-8421-47ed-84b9-06a84ed52f80
[2026-05-12T06:41:56.137Z] [SyncDiag] INSERT-LOG ALLOWED: spare_location_stock.locationId row=625c3dd6-8421-47ed-84b9-06a84ed52f80
[2026-05-12T06:41:56.138Z] [SyncDiag] INSERT-LOG ALLOWED: spare_location_stock.qty row=625c3dd6-8421-47ed-84b9-06a84ed52f80
[2026-05-12T06:41:56.144Z] [SyncDiag] INSERT-LOG ALLOWED: spare_location_stock.isDeleted row=625c3dd6-8421-47ed-84b9-06a84ed52f80
[2026-05-12T06:41:56.436Z] [SyncDiag] RECEIVE-PUSH DONE: stored=161, applied=64, errors=0, oneWayTables=0
[2026-05-12T06:41:58.643Z] [SyncDiag] PREPARE-PULL START: vessel=7446783c-841a-11ed-aa7c-7003bca91a86, vesselCode=null, checkpoint=2026-05-12T05:52:06.862Z
[2026-05-12T06:41:58.958Z] [SyncDiag] PREPARE-PULL FIELD LOGS: 0 shore logs for vessel
[2026-05-12T06:41:59.081Z] [SyncDiag] PREPARE-PULL DONE: 0 one-way rows across 0 tables, 0 field logs, 0 conflicts
[2026-05-12T06:43:27.014Z] [SyncDiag] RECEIVE-PUSH START: batch=259f854c-6ec5-40b8-b173-174cd28c585b, vessel=7446783c-841a-11ed-aa7c-7003bca91a86, fieldLogs=62, oneWayRows=0
[2026-05-12T06:43:27.076Z] [SyncDiag] RECEIVE-PUSH: 62 field logs stored in sync_field_log
[2026-05-12T06:43:27.077Z] [SyncDiag] SYNC-APPLY TRIGGER BYPASS active for batch=259f854c-6ec5-40b8-b173-174cd28c585b
[2026-05-12T06:43:27.077Z] [SyncDiag] FIELD-LOG-INSERT START: 62 logs
[2026-05-12T06:43:27.078Z] [SyncDiag] FIELD-LOG-INSERT: 2 groups from 62 logs
[2026-05-12T06:43:27.096Z] [SyncDiag] FIELD-LOG-INSERT DONE: inserted=0, updatePassthrough=1, errors=1
[2026-05-12T06:43:27.100Z] [SyncDiag] RECEIVE-PUSH DONE: stored=62, applied=0, errors=2, oneWayTables=0
[2026-05-12T06:43:29.109Z] [SyncDiag] PREPARE-PULL START: vessel=7446783c-841a-11ed-aa7c-7003bca91a86, vesselCode=null, checkpoint=2026-05-12T05:52:06.862Z
[2026-05-12T06:43:29.311Z] [SyncDiag] PREPARE-PULL FIELD LOGS: 0 shore logs for vessel
[2026-05-12T06:43:29.431Z] [SyncDiag] PREPARE-PULL DONE: 0 one-way rows across 0 tables, 0 field logs, 0 conflicts
[2026-05-12T06:44:14.970Z] [SyncDiag] === SYNC START === vessel=7446783c-841a-11ed-aa7c-7003bca91a86, instance=SHORE-PROD, mode=LOCAL
[2026-05-12T06:44:14.987Z] [SyncDiag] PUSH START: gathering field logs for vessel=7446783c-841a-11ed-aa7c-7003bca91a86, vesselCode=null
[2026-05-12T06:44:15.113Z] [SyncDiag] PUSH: found 0 unsynced field logs
[2026-05-12T06:44:15.113Z] [SyncDiag] RECEIVE-PUSH START: batch=3548ceed-8c69-45ab-894d-0fc81dfb7300, vessel=7446783c-841a-11ed-aa7c-7003bca91a86, fieldLogs=0, oneWayRows=0
[2026-05-12T06:44:15.122Z] [SyncDiag] RECEIVE-PUSH DONE: stored=0, applied=0, errors=0, oneWayTables=0
[2026-05-12T06:44:15.129Z] [SyncDiag] PREPARE-PULL START: vessel=7446783c-841a-11ed-aa7c-7003bca91a86, vesselCode=null, checkpoint=2026-05-12T06:41:12.926Z
[2026-05-12T06:44:15.326Z] [SyncDiag] PREPARE-PULL FIELD LOGS: 0 shore logs for vessel
[2026-05-12T06:44:15.452Z] [SyncDiag] PREPARE-PULL DONE: 0 one-way rows across 0 tables, 0 field logs, 0 conflicts
[2026-05-12T06:44:15.453Z] [SyncDiag] PULL RECEIVED: 0 one-way table batches, 0 field logs
[2026-05-12T06:44:15.652Z] [SyncDiag] SYNC COMPLETE: checkpoint=2026-05-12T06:44:15.456Z
[2026-05-12T06:44:15.658Z] [SyncDiag] FILE-SYNC START: 0 pending files for vessel=7446783c-841a-11ed-aa7c-7003bca91a86, direction=shore_to_ship
[2026-05-12T06:44:15.658Z] [SyncDiag] FILE-SYNC DONE: processed=0, failed=0, bytes=0
[2026-05-12T06:44:15.659Z] [SyncDiag] === SYNC END === vessel=7446783c-841a-11ed-aa7c-7003bca91a86, duration=689ms, status=success, pushed=0, pulled=0, conflicts=0, files=0+0
[2026-05-12T06:47:56.768Z] [SyncDiag] RECEIVE-PUSH START: batch=3eb1a16c-ff55-41c5-8867-4baf8f8b85be, vessel=7446783c-841a-11ed-aa7c-7003bca91a86, fieldLogs=15, oneWayRows=0
[2026-05-12T06:47:56.839Z] [SyncDiag] RECEIVE-PUSH: 15 field logs stored in sync_field_log
[2026-05-12T06:47:56.841Z] [SyncDiag] SYNC-APPLY TRIGGER BYPASS active for batch=3eb1a16c-ff55-41c5-8867-4baf8f8b85be
[2026-05-12T06:47:56.842Z] [SyncDiag] FIELD-LOG-INSERT START: 15 logs
[2026-05-12T06:47:56.842Z] [SyncDiag] FIELD-LOG-INSERT: 1 groups from 15 logs
[2026-05-12T06:47:56.842Z] [SyncDiag] FIELD-LOG-INSERT DONE: inserted=0, updatePassthrough=15, errors=0
[2026-05-12T06:47:56.843Z] [SyncDiag] INSERT-LOG ALLOWED: vessel_certificate_data.id row=922428d5-1612-4071-ad5f-49aa538e1913
[2026-05-12T06:47:56.881Z] [SyncDiag] INSERT-LOG ALLOWED: vessel_certificate_data.vcduuid row=922428d5-1612-4071-ad5f-49aa538e1913
[2026-05-12T06:47:56.882Z] [SyncDiag] INSERT-LOG ALLOWED: vessel_certificate_data.vesselId row=922428d5-1612-4071-ad5f-49aa538e1913
[2026-05-12T06:47:56.883Z] [SyncDiag] INSERT-LOG ALLOWED: vessel_certificate_data.vesselName row=922428d5-1612-4071-ad5f-49aa538e1913
[2026-05-12T06:47:56.884Z] [SyncDiag] INSERT-LOG ALLOWED: vessel_certificate_data.masterId row=922428d5-1612-4071-ad5f-49aa538e1913
[2026-05-12T06:47:56.885Z] [SyncDiag] INSERT-LOG ALLOWED: vessel_certificate_data.issueDate row=922428d5-1612-4071-ad5f-49aa538e1913
[2026-05-12T06:47:56.885Z] [SyncDiag] INSERT-LOG ALLOWED: vessel_certificate_data.lastEditUpload row=922428d5-1612-4071-ad5f-49aa538e1913
[2026-05-12T06:47:56.886Z] [SyncDiag] INSERT-LOG ALLOWED: vessel_certificate_data.attachments row=922428d5-1612-4071-ad5f-49aa538e1913
[2026-05-12T06:47:56.889Z] [SyncDiag] INSERT-LOG ALLOWED: vessel_certificate_data.sortOrder row=922428d5-1612-4071-ad5f-49aa538e1913
[2026-05-12T06:47:56.890Z] [SyncDiag] INSERT-LOG ALLOWED: vessel_certificate_data.isDeleted row=922428d5-1612-4071-ad5f-49aa538e1913
[2026-05-12T06:47:56.891Z] [SyncDiag] INSERT-LOG ALLOWED: vessel_certificate_data.expiryDate row=922428d5-1612-4071-ad5f-49aa538e1913
[2026-05-12T06:47:56.892Z] [SyncDiag] INSERT-LOG ALLOWED: vessel_certificate_data.lastAnnual row=922428d5-1612-4071-ad5f-49aa538e1913
[2026-05-12T06:47:56.893Z] [SyncDiag] INSERT-LOG ALLOWED: vessel_certificate_data.lastInterm row=922428d5-1612-4071-ad5f-49aa538e1913
[2026-05-12T06:47:56.916Z] [SyncDiag] RECEIVE-PUSH DONE: stored=15, applied=15, errors=0, oneWayTables=0
[2026-05-12T06:47:56.929Z] [SyncDiag] PREPARE-PULL START: vessel=7446783c-841a-11ed-aa7c-7003bca91a86, vesselCode=null, checkpoint=2026-05-12T05:52:06.862Z
[2026-05-12T06:47:57.303Z] [SyncDiag] PREPARE-PULL FIELD LOGS: 0 shore logs for vessel
[2026-05-12T06:47:58.597Z] [SyncDiag] PREPARE-PULL DONE: 0 one-way rows across 0 tables, 0 field logs, 0 conflicts
