[2026-05-16T01:45:09.904Z] [SyncDiag] RECEIVE-PUSH START: batch=d042667b-9f4c-42db-940d-b8e41a57b575, vessel=744535d0-841a-11ed-aa7c-7003bca91a86, fieldLogs=0, oneWayRows=0
[2026-05-16T01:45:09.910Z] [SyncDiag] RECEIVE-PUSH DONE: stored=0, applied=0, errors=0, oneWayTables=0
[2026-05-16T01:45:11.946Z] [SyncDiag] PREPARE-PULL START: vessel=744535d0-841a-11ed-aa7c-7003bca91a86, vesselCode=null, checkpoint=2026-05-15T14:49:33.284Z, shoreInstanceId=SHORE-PROD
[2026-05-16T01:45:12.138Z] [SyncDiag] PREPARE-PULL DIAG: vessel=744535d0-841a-11ed-aa7c-7003bca91a86 total_logs=57 unsynced=0 after_instance_filter=0 exclude=SHIP-Vessel 4 since=2026-05-15T14:49:33.284Z instances=[]
[2026-05-16T01:45:12.140Z] [SyncDiag] PREPARE-PULL FIELD LOGS: 0 shore logs for vessel=744535d0-841a-11ed-aa7c-7003bca91a86 (excluded instance=SHIP-Vessel 4)
[2026-05-16T01:45:12.147Z] [SyncDiag] PREPARE-PULL DONE: 1 one-way rows across 1 tables, 0 field logs, 0 conflicts
[2026-05-16T01:45:12.147Z] [SyncDiag] PREPARE-PULL ONE-WAY: components — 1 rows
[2026-05-16T01:45:12.213Z] [SyncDiag] COMPLETE-SESSION: marking shore logs synced for vessel=744535d0-841a-11ed-aa7c-7003bca91a86 checkpointBefore=2026-05-15T14:49:33.284Z excludeInstance=SHIP-Vessel 4
[2026-05-16T01:45:12.266Z] [SyncDiag] PREPARE-PULL DIAG: vessel=744535d0-841a-11ed-aa7c-7003bca91a86 total_logs=57 unsynced=0 after_instance_filter=0 exclude=SHIP-Vessel 4 since=2026-05-15T14:49:33.284Z instances=[]
[2026-05-16T01:45:12.266Z] [SyncDiag] COMPLETE-SESSION: found 0 shore logs to mark synced
[2026-05-16T01:45:12.267Z] [SyncDiag] COMPLETE-SESSION: found 0 ship logs to mark synced
[2026-05-16T01:49:42.483Z] [SyncDiag] RECEIVE-PUSH START: batch=7d038337-cdce-4cec-ab5f-a83346a28ebd, vessel=744535d0-841a-11ed-aa7c-7003bca91a86, fieldLogs=19, oneWayRows=0
[2026-05-16T01:49:42.521Z] [SyncDiag] RECEIVE-PUSH: 19 field logs stored in sync_field_log
[2026-05-16T01:49:42.522Z] [SyncDiag] SYNC-APPLY TRIGGER BYPASS active for batch=7d038337-cdce-4cec-ab5f-a83346a28ebd
[2026-05-16T01:49:42.522Z] [SyncDiag] FIELD-LOG-INSERT START: 19 logs
[2026-05-16T01:49:42.523Z] [SyncDiag] FIELD-LOG-INSERT: 1 groups from 19 logs
[2026-05-16T01:49:42.536Z] [SyncDiag] FIELD-LOG-INSERT OK: running_hours_audit row=41771dc3-f704-42b9-a57f-5fc49322e42b (21 columns)
[2026-05-16T01:49:42.538Z] [SyncDiag] RH-APPLY INSERT: component=fce06ec3-3fa5-43dd-ace7-98961522bf56 current_cumulative_rh updated from 0.00 to 100.00, last_updated=05 Mar 2025 05:30 from audit row 41771dc3-f704-42b9-a57f-5fc49322e42b
[2026-05-16T01:49:42.539Z] [SyncDiag] FIELD-LOG-INSERT DONE: inserted=1, updatePassthrough=0, errors=0
[2026-05-16T01:49:42.542Z] [SyncDiag] RECEIVE-PUSH DONE: stored=19, applied=1, errors=0, oneWayTables=0
[2026-05-16T01:49:44.574Z] [SyncDiag] PREPARE-PULL START: vessel=744535d0-841a-11ed-aa7c-7003bca91a86, vesselCode=null, checkpoint=2026-05-16T01:45:12.212Z, shoreInstanceId=SHORE-PROD
[2026-05-16T01:49:44.761Z] [SyncDiag] PREPARE-PULL DIAG: vessel=744535d0-841a-11ed-aa7c-7003bca91a86 total_logs=76 unsynced=19 after_instance_filter=0 exclude=SHIP-Vessel 4 since=2026-05-16T01:45:12.212Z instances=[SHIP-Vessel 4:19]
[2026-05-16T01:49:44.762Z] [SyncDiag] PREPARE-PULL FIELD LOGS: 0 shore logs for vessel=744535d0-841a-11ed-aa7c-7003bca91a86 (excluded instance=SHIP-Vessel 4)
[2026-05-16T01:49:44.770Z] [SyncDiag] PREPARE-PULL DONE: 1 one-way rows across 1 tables, 0 field logs, 0 conflicts
[2026-05-16T01:49:44.771Z] [SyncDiag] PREPARE-PULL ONE-WAY: components — 1 rows
[2026-05-16T01:49:44.787Z] [SyncDiag] COMPLETE-SESSION: marking shore logs synced for vessel=744535d0-841a-11ed-aa7c-7003bca91a86 checkpointBefore=2026-05-16T01:45:12.212Z excludeInstance=SHIP-Vessel 4
[2026-05-16T01:49:44.839Z] [SyncDiag] PREPARE-PULL DIAG: vessel=744535d0-841a-11ed-aa7c-7003bca91a86 total_logs=76 unsynced=19 after_instance_filter=0 exclude=SHIP-Vessel 4 since=2026-05-16T01:45:12.212Z instances=[SHIP-Vessel 4:19]
[2026-05-16T01:49:44.839Z] [SyncDiag] COMPLETE-SESSION: found 0 shore logs to mark synced
[2026-05-16T01:49:44.841Z] [SyncDiag] COMPLETE-SESSION: found 19 ship logs to mark synced
[2026-05-16T01:51:26.548Z] [SyncDiag] RECEIVE-PUSH START: batch=f7dc53f7-91f5-4784-a61f-c1d9bf5a8614, vessel=7446783c-841a-11ed-aa7c-7003bca91a86, fieldLogs=0, oneWayRows=0
[2026-05-16T01:51:26.554Z] [SyncDiag] RECEIVE-PUSH DONE: stored=0, applied=0, errors=0, oneWayTables=0
[2026-05-16T01:51:26.565Z] [SyncDiag] PREPARE-PULL START: vessel=7446783c-841a-11ed-aa7c-7003bca91a86, vesselCode=null, checkpoint=2026-05-16T01:49:44.786Z, shoreInstanceId=SHORE-PROD
[2026-05-16T01:51:26.877Z] [SyncDiag] PREPARE-PULL DIAG: vessel=7446783c-841a-11ed-aa7c-7003bca91a86 total_logs=65285 unsynced=0 after_instance_filter=0 exclude=SHIP-Vessel 4 since=2026-05-16T01:49:44.786Z instances=[]
[2026-05-16T01:51:26.877Z] [SyncDiag] PREPARE-PULL FIELD LOGS: 0 shore logs for vessel=7446783c-841a-11ed-aa7c-7003bca91a86 (excluded instance=SHIP-Vessel 4)
[2026-05-16T01:51:26.885Z] [SyncDiag] PREPARE-PULL DONE: 0 one-way rows across 0 tables, 0 field logs, 0 conflicts
[2026-05-16T01:51:26.896Z] [SyncDiag] COMPLETE-SESSION: marking shore logs synced for vessel=7446783c-841a-11ed-aa7c-7003bca91a86 checkpointBefore=2026-05-16T01:49:44.786Z excludeInstance=SHIP-Vessel 4
[2026-05-16T01:51:26.959Z] [SyncDiag] PREPARE-PULL DIAG: vessel=7446783c-841a-11ed-aa7c-7003bca91a86 total_logs=65285 unsynced=0 after_instance_filter=0 exclude=SHIP-Vessel 4 since=2026-05-16T01:49:44.786Z instances=[]
[2026-05-16T01:51:26.960Z] [SyncDiag] COMPLETE-SESSION: found 0 shore logs to mark synced
[2026-05-16T01:51:26.961Z] [SyncDiag] COMPLETE-SESSION: found 0 ship logs to mark synced
[2026-05-16T01:51:35.897Z] [SyncDiag] RECEIVE-PUSH START: batch=8a25677f-1b25-42f4-b9aa-5a3a133ccae7, vessel=744535d0-841a-11ed-aa7c-7003bca91a86, fieldLogs=19, oneWayRows=0
[2026-05-16T01:51:35.922Z] [SyncDiag] RECEIVE-PUSH: 19 field logs stored in sync_field_log
[2026-05-16T01:51:35.923Z] [SyncDiag] SYNC-APPLY TRIGGER BYPASS active for batch=8a25677f-1b25-42f4-b9aa-5a3a133ccae7
[2026-05-16T01:51:35.923Z] [SyncDiag] FIELD-LOG-INSERT START: 19 logs
[2026-05-16T01:51:35.924Z] [SyncDiag] FIELD-LOG-INSERT: 2 groups from 19 logs
[2026-05-16T01:51:35.972Z] [SyncDiag] FIELD-LOG-INSERT OK: stores_ledger row=8120f1c9-cd33-45f4-b495-c00de7912f5b (19 columns)
[2026-05-16T01:51:35.973Z] [SyncDiag] FIELD-LOG-INSERT DONE: inserted=1, updatePassthrough=2, errors=0
[2026-05-16T01:51:35.979Z] [SyncDiag] RECEIVE-PUSH DONE: stored=19, applied=3, errors=0, oneWayTables=0
[2026-05-16T01:51:35.987Z] [SyncDiag] PREPARE-PULL START: vessel=744535d0-841a-11ed-aa7c-7003bca91a86, vesselCode=null, checkpoint=2026-05-16T01:51:26.895Z, shoreInstanceId=SHORE-PROD
[2026-05-16T01:51:36.173Z] [SyncDiag] PREPARE-PULL DIAG: vessel=744535d0-841a-11ed-aa7c-7003bca91a86 total_logs=95 unsynced=19 after_instance_filter=0 exclude=SHIP-Vessel 4 since=2026-05-16T01:51:26.895Z instances=[SHIP-Vessel 4:19]
[2026-05-16T01:51:36.173Z] [SyncDiag] PREPARE-PULL FIELD LOGS: 0 shore logs for vessel=744535d0-841a-11ed-aa7c-7003bca91a86 (excluded instance=SHIP-Vessel 4)
[2026-05-16T01:51:36.181Z] [SyncDiag] PREPARE-PULL DONE: 0 one-way rows across 0 tables, 0 field logs, 0 conflicts
[2026-05-16T01:51:36.190Z] [SyncDiag] COMPLETE-SESSION: marking shore logs synced for vessel=744535d0-841a-11ed-aa7c-7003bca91a86 checkpointBefore=2026-05-16T01:51:26.895Z excludeInstance=SHIP-Vessel 4
[2026-05-16T01:51:36.243Z] [SyncDiag] PREPARE-PULL DIAG: vessel=744535d0-841a-11ed-aa7c-7003bca91a86 total_logs=95 unsynced=19 after_instance_filter=0 exclude=SHIP-Vessel 4 since=2026-05-16T01:51:26.895Z instances=[SHIP-Vessel 4:19]
[2026-05-16T01:51:36.244Z] [SyncDiag] COMPLETE-SESSION: found 0 shore logs to mark synced
[2026-05-16T01:51:36.245Z] [SyncDiag] COMPLETE-SESSION: found 19 ship logs to mark synced
[2026-05-16T01:52:58.612Z] [SyncDiag] RECEIVE-PUSH START: batch=7e3532e8-6417-400b-b728-c4439253c3fb, vessel=744535d0-841a-11ed-aa7c-7003bca91a86, fieldLogs=21, oneWayRows=0
[2026-05-16T01:52:58.644Z] [SyncDiag] RECEIVE-PUSH: 21 field logs stored in sync_field_log
[2026-05-16T01:52:58.647Z] [SyncDiag] SYNC-APPLY TRIGGER BYPASS active for batch=7e3532e8-6417-400b-b728-c4439253c3fb
[2026-05-16T01:52:58.647Z] [SyncDiag] FIELD-LOG-INSERT START: 21 logs
[2026-05-16T01:52:58.648Z] [SyncDiag] FIELD-LOG-INSERT: 8 groups from 21 logs
[2026-05-16T01:52:58.657Z] [SyncDiag] FIELD-LOG-INSERT OK: change_request row=f49ca483-d621-47ef-8cd9-e29a5efc0270 (16 columns)
[2026-05-16T01:52:58.659Z] [SyncDiag] FIELD-LOG-INSERT DONE: inserted=1, updatePassthrough=7, errors=0
[2026-05-16T01:52:58.724Z] [SyncDiag] RECEIVE-PUSH DONE: stored=21, applied=8, errors=0, oneWayTables=0
[2026-05-16T01:53:00.765Z] [SyncDiag] PREPARE-PULL START: vessel=744535d0-841a-11ed-aa7c-7003bca91a86, vesselCode=null, checkpoint=2026-05-16T01:51:36.189Z, shoreInstanceId=SHORE-PROD
[2026-05-16T01:53:00.971Z] [SyncDiag] PREPARE-PULL DIAG: vessel=744535d0-841a-11ed-aa7c-7003bca91a86 total_logs=116 unsynced=21 after_instance_filter=0 exclude=SHIP-Vessel 4 since=2026-05-16T01:51:36.189Z instances=[SHIP-Vessel 4:21]
[2026-05-16T01:53:00.971Z] [SyncDiag] PREPARE-PULL FIELD LOGS: 0 shore logs for vessel=744535d0-841a-11ed-aa7c-7003bca91a86 (excluded instance=SHIP-Vessel 4)
[2026-05-16T01:53:00.980Z] [SyncDiag] PREPARE-PULL DONE: 0 one-way rows across 0 tables, 0 field logs, 0 conflicts
[2026-05-16T01:53:00.989Z] [SyncDiag] COMPLETE-SESSION: marking shore logs synced for vessel=744535d0-841a-11ed-aa7c-7003bca91a86 checkpointBefore=2026-05-16T01:51:36.189Z excludeInstance=SHIP-Vessel 4
[2026-05-16T01:53:01.052Z] [SyncDiag] PREPARE-PULL DIAG: vessel=744535d0-841a-11ed-aa7c-7003bca91a86 total_logs=116 unsynced=21 after_instance_filter=0 exclude=SHIP-Vessel 4 since=2026-05-16T01:51:36.189Z instances=[SHIP-Vessel 4:21]
[2026-05-16T01:53:01.052Z] [SyncDiag] COMPLETE-SESSION: found 0 shore logs to mark synced
[2026-05-16T01:53:01.054Z] [SyncDiag] COMPLETE-SESSION: found 21 ship logs to mark synced
[2026-05-16T01:53:30.401Z] [SyncDiag] FIELD-LOGGER: change_request row=f49ca483-d621-47ef-8cd9-e29a5efc0270 — 5 fields changed, isInsert=false, vesselId=744535d0-841a-11ed-aa7c-7003bca91a86, instanceId=SHORE-PROD
[2026-05-16T01:53:34.939Z] [SyncDiag] RECEIVE-PUSH START: batch=a6c35fd0-7301-4459-a774-f68f5579c1cc, vessel=744535d0-841a-11ed-aa7c-7003bca91a86, fieldLogs=0, oneWayRows=0
[2026-05-16T01:53:34.945Z] [SyncDiag] RECEIVE-PUSH DONE: stored=0, applied=0, errors=0, oneWayTables=0
[2026-05-16T01:53:34.953Z] [SyncDiag] PREPARE-PULL START: vessel=744535d0-841a-11ed-aa7c-7003bca91a86, vesselCode=null, checkpoint=2026-05-16T01:53:00.988Z, shoreInstanceId=SHORE-PROD
[2026-05-16T01:53:35.094Z] [SyncDiag] PREPARE-PULL FIELD LOGS: 5 shore logs for vessel=744535d0-841a-11ed-aa7c-7003bca91a86 (excluded instance=SHIP-Vessel 4)
[2026-05-16T01:53:35.095Z] [SyncDiag] PREPARE-PULL FIELD LOG TABLES: {"change_request":5}
[2026-05-16T01:53:35.103Z] [SyncDiag] PREPARE-PULL DONE: 1 one-way rows across 1 tables, 5 field logs, 0 conflicts
[2026-05-16T01:53:35.103Z] [SyncDiag] PREPARE-PULL ONE-WAY: components — 1 rows
[2026-05-16T01:53:35.141Z] [SyncDiag] COMPLETE-SESSION: marking shore logs synced for vessel=744535d0-841a-11ed-aa7c-7003bca91a86 checkpointBefore=2026-05-16T01:53:00.988Z excludeInstance=SHIP-Vessel 4
[2026-05-16T01:53:35.191Z] [SyncDiag] COMPLETE-SESSION: found 5 shore logs to mark synced
[2026-05-16T01:53:35.197Z] [SyncDiag] COMPLETE-SESSION: found 0 ship logs to mark synced
[2026-05-16T01:53:56.410Z] [SyncDiag] FIELD-LOGGER: work_orders row=6b94490a-5a85-4f8e-b4bb-f2b860a6d820 — 1 fields changed, isInsert=false, vesselId=744535d0-841a-11ed-aa7c-7003bca91a86, instanceId=SHORE-PROD
[2026-05-16T01:53:56.416Z] [SyncDiag] FIELD-LOGGER: work_orders row=69b048c0-5c13-4361-a76c-137855dc05fe — 1 fields changed, isInsert=false, vesselId=744535d0-841a-11ed-aa7c-7003bca91a86, instanceId=SHORE-PROD
[2026-05-16T01:53:56.422Z] [SyncDiag] FIELD-LOGGER: work_orders row=80c99cab-c8e1-401d-8b1a-f73920c0f343 — 1 fields changed, isInsert=false, vesselId=744535d0-841a-11ed-aa7c-7003bca91a86, instanceId=SHORE-PROD
[2026-05-16T01:53:56.429Z] [SyncDiag] FIELD-LOGGER: work_orders row=02872f45-6861-40e6-9fcb-67013b4dab40 — 1 fields changed, isInsert=false, vesselId=744535d0-841a-11ed-aa7c-7003bca91a86, instanceId=SHORE-PROD
[2026-05-16T01:53:56.436Z] [SyncDiag] FIELD-LOGGER: work_orders row=c297d8d5-eb74-4523-8209-8870b60cdc3b — 1 fields changed, isInsert=false, vesselId=744535d0-841a-11ed-aa7c-7003bca91a86, instanceId=SHORE-PROD
[2026-05-16T01:53:56.442Z] [SyncDiag] FIELD-LOGGER: work_orders row=00450a8a-143f-4e92-8c7c-2ec020e11dff — 1 fields changed, isInsert=false, vesselId=744535d0-841a-11ed-aa7c-7003bca91a86, instanceId=SHORE-PROD
[2026-05-16T01:53:56.448Z] [SyncDiag] FIELD-LOGGER: work_orders row=d1b28766-8762-4973-bf2f-5dbfe1cd3b1e — 1 fields changed, isInsert=false, vesselId=744535d0-841a-11ed-aa7c-7003bca91a86, instanceId=SHORE-PROD
[2026-05-16T01:55:12.242Z] [SyncDiag] FIELD-LOGGER: spares row=72319bc3-ca72-457c-b276-454ff62dc07e — 30 fields changed, isInsert=true, vesselId=744535d0-841a-11ed-aa7c-7003bca91a86, instanceId=SHORE-PROD
[2026-05-16T01:55:12.305Z] [SyncDiag] FIELD-LOGGER: spare_location_stock row=3170c115-c1e3-406d-a985-38fe94fde1c8 — 9 fields changed, isInsert=true, vesselId=744535d0-841a-11ed-aa7c-7003bca91a86, instanceId=SHORE-PROD
[2026-05-16T01:55:12.330Z] [SyncDiag] FIELD-LOGGER: spare_location_stock row=274b57cc-3428-402e-b89b-031f4afec792 — 9 fields changed, isInsert=true, vesselId=744535d0-841a-11ed-aa7c-7003bca91a86, instanceId=SHORE-PROD
[2026-05-16T01:55:12.386Z] [SyncDiag] FIELD-LOGGER: spare_component_links row=cbc44d78-1c0b-4017-8c9e-7133b184ba01 — 9 fields changed, isInsert=true, vesselId=744535d0-841a-11ed-aa7c-7003bca91a86, instanceId=SHORE-PROD
[2026-05-16T01:55:12.461Z] [SyncDiag] FIELD-LOGGER: inventory_transactions row=4919fd2d-04e0-4163-ad55-016b4a84efc6 — 18 fields changed, isInsert=true, vesselId=744535d0-841a-11ed-aa7c-7003bca91a86, instanceId=SHORE-PROD
[2026-05-16T01:55:12.511Z] [SyncDiag] FIELD-LOGGER: inventory_transactions row=6db0e54d-ad54-45a0-b8f0-cb62c5027a96 — 18 fields changed, isInsert=true, vesselId=744535d0-841a-11ed-aa7c-7003bca91a86, instanceId=SHORE-PROD
[2026-05-16T01:55:12.587Z] [SyncDiag] FIELD-LOGGER: spares row=4a4e849b-ebbd-4fbb-bb85-5bfbfde8d400 — 30 fields changed, isInsert=true, vesselId=744535d0-841a-11ed-aa7c-7003bca91a86, instanceId=SHORE-PROD
[2026-05-16T01:55:12.612Z] [SyncDiag] FIELD-LOGGER: spare_location_stock row=a5b8e599-3825-4e2e-aa5f-df3e49d73304 — 9 fields changed, isInsert=true, vesselId=744535d0-841a-11ed-aa7c-7003bca91a86, instanceId=SHORE-PROD
[2026-05-16T01:55:12.638Z] [SyncDiag] FIELD-LOGGER: spare_location_stock row=4a8f5412-5604-4044-b847-fa039cf308e0 — 9 fields changed, isInsert=true, vesselId=744535d0-841a-11ed-aa7c-7003bca91a86, instanceId=SHORE-PROD
[2026-05-16T01:55:12.665Z] [SyncDiag] FIELD-LOGGER: spare_component_links row=cd98668c-8940-43e8-bcb6-7cc33b6440c2 — 9 fields changed, isInsert=true, vesselId=744535d0-841a-11ed-aa7c-7003bca91a86, instanceId=SHORE-PROD
[2026-05-16T01:55:12.714Z] [SyncDiag] FIELD-LOGGER: inventory_transactions row=1e3e1d6c-d488-451b-a77c-c0878eeec440 — 18 fields changed, isInsert=true, vesselId=744535d0-841a-11ed-aa7c-7003bca91a86, instanceId=SHORE-PROD
[2026-05-16T01:55:12.760Z] [SyncDiag] FIELD-LOGGER: inventory_transactions row=85c92b82-0ca9-42d0-a117-0e3259b9336a — 18 fields changed, isInsert=true, vesselId=744535d0-841a-11ed-aa7c-7003bca91a86, instanceId=SHORE-PROD
[2026-05-16T01:55:12.831Z] [SyncDiag] FIELD-LOGGER: spares row=102027f2-0e18-4bc7-977a-ab6d986a7344 — 30 fields changed, isInsert=true, vesselId=744535d0-841a-11ed-aa7c-7003bca91a86, instanceId=SHORE-PROD
[2026-05-16T01:55:12.856Z] [SyncDiag] FIELD-LOGGER: spare_location_stock row=591137b4-e851-41a6-8daa-08cf017aa414 — 9 fields changed, isInsert=true, vesselId=744535d0-841a-11ed-aa7c-7003bca91a86, instanceId=SHORE-PROD
[2026-05-16T01:55:12.881Z] [SyncDiag] FIELD-LOGGER: spare_location_stock row=af770efb-9ce5-41d4-a3bc-fedd0845dfc1 — 9 fields changed, isInsert=true, vesselId=744535d0-841a-11ed-aa7c-7003bca91a86, instanceId=SHORE-PROD
[2026-05-16T01:55:12.908Z] [SyncDiag] FIELD-LOGGER: spare_component_links row=144eff47-7fce-468e-835d-1e1249efb1a2 — 9 fields changed, isInsert=true, vesselId=744535d0-841a-11ed-aa7c-7003bca91a86, instanceId=SHORE-PROD
[2026-05-16T01:55:12.956Z] [SyncDiag] FIELD-LOGGER: inventory_transactions row=7df49306-a783-4c61-bdee-e01625c2e780 — 18 fields changed, isInsert=true, vesselId=744535d0-841a-11ed-aa7c-7003bca91a86, instanceId=SHORE-PROD
[2026-05-16T01:55:13.005Z] [SyncDiag] FIELD-LOGGER: inventory_transactions row=2142d489-2f92-4fbd-8aa3-dc15e6833d40 — 18 fields changed, isInsert=true, vesselId=744535d0-841a-11ed-aa7c-7003bca91a86, instanceId=SHORE-PROD
[2026-05-16T01:55:13.077Z] [SyncDiag] FIELD-LOGGER: spares row=1d078bf8-f978-4e04-bb57-efcf2d1240c7 — 30 fields changed, isInsert=true, vesselId=744535d0-841a-11ed-aa7c-7003bca91a86, instanceId=SHORE-PROD
[2026-05-16T01:55:13.100Z] [SyncDiag] FIELD-LOGGER: spare_location_stock row=adad4e9a-7e58-43bc-b2df-e116978f1135 — 9 fields changed, isInsert=true, vesselId=744535d0-841a-11ed-aa7c-7003bca91a86, instanceId=SHORE-PROD
[2026-05-16T01:55:13.125Z] [SyncDiag] FIELD-LOGGER: spare_location_stock row=1a6d4e12-6d5e-43d4-801a-13e39d9be8a6 — 9 fields changed, isInsert=true, vesselId=744535d0-841a-11ed-aa7c-7003bca91a86, instanceId=SHORE-PROD
[2026-05-16T01:55:13.162Z] [SyncDiag] FIELD-LOGGER: spare_component_links row=63b28a90-9412-4295-a65f-be9c142f8580 — 9 fields changed, isInsert=true, vesselId=744535d0-841a-11ed-aa7c-7003bca91a86, instanceId=SHORE-PROD
[2026-05-16T01:55:13.210Z] [SyncDiag] FIELD-LOGGER: inventory_transactions row=39c36477-e3c2-4c81-8e15-7c18ba2eacd1 — 18 fields changed, isInsert=true, vesselId=744535d0-841a-11ed-aa7c-7003bca91a86, instanceId=SHORE-PROD
[2026-05-16T01:55:13.260Z] [SyncDiag] FIELD-LOGGER: inventory_transactions row=f15364d0-ccf8-4d59-86ef-7ad75ebc2a71 — 18 fields changed, isInsert=true, vesselId=744535d0-841a-11ed-aa7c-7003bca91a86, instanceId=SHORE-PROD
[2026-05-16T01:55:13.330Z] [SyncDiag] FIELD-LOGGER: spares row=0cc2e2a1-c4ce-445a-a866-87aca0960431 — 30 fields changed, isInsert=true, vesselId=744535d0-841a-11ed-aa7c-7003bca91a86, instanceId=SHORE-PROD
[2026-05-16T01:55:13.353Z] [SyncDiag] FIELD-LOGGER: spare_location_stock row=2a9ecd76-8bd3-439d-a4a4-d2c91c622c4d — 9 fields changed, isInsert=true, vesselId=744535d0-841a-11ed-aa7c-7003bca91a86, instanceId=SHORE-PROD
[2026-05-16T01:55:13.379Z] [SyncDiag] FIELD-LOGGER: spare_location_stock row=de74cf5e-b673-4441-9cb6-045e8d818bb2 — 9 fields changed, isInsert=true, vesselId=744535d0-841a-11ed-aa7c-7003bca91a86, instanceId=SHORE-PROD
[2026-05-16T01:55:13.407Z] [SyncDiag] FIELD-LOGGER: spare_component_links row=8cbc5be5-9186-41e7-ace0-384613ff21fe — 9 fields changed, isInsert=true, vesselId=744535d0-841a-11ed-aa7c-7003bca91a86, instanceId=SHORE-PROD
[2026-05-16T01:55:13.454Z] [SyncDiag] FIELD-LOGGER: inventory_transactions row=4b1c2695-0ed6-498f-9b4d-64f8325bfe88 — 18 fields changed, isInsert=true, vesselId=744535d0-841a-11ed-aa7c-7003bca91a86, instanceId=SHORE-PROD
[2026-05-16T01:55:13.513Z] [SyncDiag] FIELD-LOGGER: inventory_transactions row=6e285d42-a75d-4238-b02b-1eb50f25aa50 — 18 fields changed, isInsert=true, vesselId=744535d0-841a-11ed-aa7c-7003bca91a86, instanceId=SHORE-PROD
[2026-05-16T01:55:13.581Z] [SyncDiag] FIELD-LOGGER: spares row=630e8b25-7ccd-4ced-9c9e-b21c0b55d0b1 — 30 fields changed, isInsert=true, vesselId=744535d0-841a-11ed-aa7c-7003bca91a86, instanceId=SHORE-PROD
[2026-05-16T01:55:13.605Z] [SyncDiag] FIELD-LOGGER: spare_location_stock row=e0c9f6eb-e2d8-4e6f-9576-03a2bac6f8ad — 9 fields changed, isInsert=true, vesselId=744535d0-841a-11ed-aa7c-7003bca91a86, instanceId=SHORE-PROD
[2026-05-16T01:55:13.627Z] [SyncDiag] FIELD-LOGGER: spare_location_stock row=907a7e7b-692e-41a0-bc91-48d127acbdd7 — 9 fields changed, isInsert=true, vesselId=744535d0-841a-11ed-aa7c-7003bca91a86, instanceId=SHORE-PROD
[2026-05-16T01:55:13.654Z] [SyncDiag] FIELD-LOGGER: spare_component_links row=cfcab16a-a639-4cac-9f99-7b7d86b21e46 — 9 fields changed, isInsert=true, vesselId=744535d0-841a-11ed-aa7c-7003bca91a86, instanceId=SHORE-PROD
[2026-05-16T01:55:13.700Z] [SyncDiag] FIELD-LOGGER: inventory_transactions row=8af73ba1-9181-4c0b-b00a-868e0d4403e5 — 18 fields changed, isInsert=true, vesselId=744535d0-841a-11ed-aa7c-7003bca91a86, instanceId=SHORE-PROD
[2026-05-16T01:55:13.747Z] [SyncDiag] FIELD-LOGGER: inventory_transactions row=e67ba8e0-02c7-431d-b626-11ee467d687e — 18 fields changed, isInsert=true, vesselId=744535d0-841a-11ed-aa7c-7003bca91a86, instanceId=SHORE-PROD
[2026-05-16T01:55:13.818Z] [SyncDiag] FIELD-LOGGER: spares row=cbfb796a-d63a-413e-ac82-5c5e9cdccf89 — 30 fields changed, isInsert=true, vesselId=744535d0-841a-11ed-aa7c-7003bca91a86, instanceId=SHORE-PROD
[2026-05-16T01:55:13.841Z] [SyncDiag] FIELD-LOGGER: spare_location_stock row=33e74101-97b4-4fd4-8514-382dc9b05388 — 9 fields changed, isInsert=true, vesselId=744535d0-841a-11ed-aa7c-7003bca91a86, instanceId=SHORE-PROD
[2026-05-16T01:55:13.866Z] [SyncDiag] FIELD-LOGGER: spare_location_stock row=cd50838d-b6a3-4e21-a4cd-79f70f42476e — 9 fields changed, isInsert=true, vesselId=744535d0-841a-11ed-aa7c-7003bca91a86, instanceId=SHORE-PROD
[2026-05-16T01:55:13.892Z] [SyncDiag] FIELD-LOGGER: spare_component_links row=c2b79e74-8235-442f-b6ae-a96dc2d67b8b — 9 fields changed, isInsert=true, vesselId=744535d0-841a-11ed-aa7c-7003bca91a86, instanceId=SHORE-PROD
[2026-05-16T01:55:13.937Z] [SyncDiag] FIELD-LOGGER: inventory_transactions row=d885fb2d-c8d0-45ac-b492-4b278bf643fd — 18 fields changed, isInsert=true, vesselId=744535d0-841a-11ed-aa7c-7003bca91a86, instanceId=SHORE-PROD
[2026-05-16T01:55:13.982Z] [SyncDiag] FIELD-LOGGER: inventory_transactions row=6a481056-ad8c-4f36-9914-59cd2162ffa0 — 18 fields changed, isInsert=true, vesselId=744535d0-841a-11ed-aa7c-7003bca91a86, instanceId=SHORE-PROD
[2026-05-16T01:55:14.049Z] [SyncDiag] FIELD-LOGGER: spares row=1d00f852-9ff4-4509-a1c9-23649152765f — 30 fields changed, isInsert=true, vesselId=744535d0-841a-11ed-aa7c-7003bca91a86, instanceId=SHORE-PROD
[2026-05-16T01:55:14.075Z] [SyncDiag] FIELD-LOGGER: spare_location_stock row=6a59b265-4e81-46e1-9c2b-b591aa0571c9 — 9 fields changed, isInsert=true, vesselId=744535d0-841a-11ed-aa7c-7003bca91a86, instanceId=SHORE-PROD
[2026-05-16T01:55:14.098Z] [SyncDiag] FIELD-LOGGER: spare_location_stock row=46b0e86b-acd4-4b9a-a991-5268213642c0 — 9 fields changed, isInsert=true, vesselId=744535d0-841a-11ed-aa7c-7003bca91a86, instanceId=SHORE-PROD
[2026-05-16T01:55:14.126Z] [SyncDiag] FIELD-LOGGER: spare_component_links row=3659ad0f-17e3-490d-af07-5ff5e068fd69 — 9 fields changed, isInsert=true, vesselId=744535d0-841a-11ed-aa7c-7003bca91a86, instanceId=SHORE-PROD
[2026-05-16T01:55:14.170Z] [SyncDiag] FIELD-LOGGER: inventory_transactions row=a6caccde-8987-465b-8f18-3afb9d662bf6 — 18 fields changed, isInsert=true, vesselId=744535d0-841a-11ed-aa7c-7003bca91a86, instanceId=SHORE-PROD
[2026-05-16T01:55:14.217Z] [SyncDiag] FIELD-LOGGER: inventory_transactions row=5b9853a5-4b78-4a68-9f62-a08bda1cc4d0 — 18 fields changed, isInsert=true, vesselId=744535d0-841a-11ed-aa7c-7003bca91a86, instanceId=SHORE-PROD
[2026-05-16T01:55:14.284Z] [SyncDiag] FIELD-LOGGER: spares row=6f10a826-2a9e-4783-b94d-c8232e062abc — 30 fields changed, isInsert=true, vesselId=744535d0-841a-11ed-aa7c-7003bca91a86, instanceId=SHORE-PROD
[2026-05-16T01:55:14.310Z] [SyncDiag] FIELD-LOGGER: spare_location_stock row=c4af9d41-be75-4942-8afa-e0e3034aff5c — 9 fields changed, isInsert=true, vesselId=744535d0-841a-11ed-aa7c-7003bca91a86, instanceId=SHORE-PROD
[2026-05-16T01:55:14.330Z] [SyncDiag] FIELD-LOGGER: spare_location_stock row=ed21f2f4-06d3-4c5c-b4bf-fe5f872c9e4f — 9 fields changed, isInsert=true, vesselId=744535d0-841a-11ed-aa7c-7003bca91a86, instanceId=SHORE-PROD
[2026-05-16T01:55:14.354Z] [SyncDiag] FIELD-LOGGER: spare_component_links row=d7972327-1b79-4d55-b404-5c96813e1f3f — 9 fields changed, isInsert=true, vesselId=744535d0-841a-11ed-aa7c-7003bca91a86, instanceId=SHORE-PROD
[2026-05-16T01:55:14.399Z] [SyncDiag] FIELD-LOGGER: inventory_transactions row=66e7adbc-8abd-4c66-afdd-6a39b97962ac — 18 fields changed, isInsert=true, vesselId=744535d0-841a-11ed-aa7c-7003bca91a86, instanceId=SHORE-PROD
[2026-05-16T01:55:14.442Z] [SyncDiag] FIELD-LOGGER: inventory_transactions row=34e73f0f-a937-4ae7-9e44-055de09e4a31 — 18 fields changed, isInsert=true, vesselId=744535d0-841a-11ed-aa7c-7003bca91a86, instanceId=SHORE-PROD
[2026-05-16T01:55:14.509Z] [SyncDiag] FIELD-LOGGER: spares row=b24beee8-f2d3-4176-ac7d-6b7073ab5020 — 30 fields changed, isInsert=true, vesselId=744535d0-841a-11ed-aa7c-7003bca91a86, instanceId=SHORE-PROD
[2026-05-16T01:55:14.535Z] [SyncDiag] FIELD-LOGGER: spare_location_stock row=3985836e-7da2-4d52-b459-32eda2f88994 — 9 fields changed, isInsert=true, vesselId=744535d0-841a-11ed-aa7c-7003bca91a86, instanceId=SHORE-PROD
[2026-05-16T01:55:14.564Z] [SyncDiag] FIELD-LOGGER: spare_location_stock row=b3765741-52dc-4130-b6a4-9c0f41de6e7b — 9 fields changed, isInsert=true, vesselId=744535d0-841a-11ed-aa7c-7003bca91a86, instanceId=SHORE-PROD
[2026-05-16T01:55:14.588Z] [SyncDiag] FIELD-LOGGER: spare_component_links row=12386837-40c1-4694-8efd-b4ef59e4463a — 9 fields changed, isInsert=true, vesselId=744535d0-841a-11ed-aa7c-7003bca91a86, instanceId=SHORE-PROD
[2026-05-16T01:55:14.636Z] [SyncDiag] FIELD-LOGGER: inventory_transactions row=99893d44-c2ed-45fb-b06b-1beb4d1bb4e8 — 18 fields changed, isInsert=true, vesselId=744535d0-841a-11ed-aa7c-7003bca91a86, instanceId=SHORE-PROD
[2026-05-16T01:55:14.682Z] [SyncDiag] FIELD-LOGGER: inventory_transactions row=a246d66a-c25c-4e9b-802d-9ef8ad1fcfda — 18 fields changed, isInsert=true, vesselId=744535d0-841a-11ed-aa7c-7003bca91a86, instanceId=SHORE-PROD
[2026-05-16T01:55:14.750Z] [SyncDiag] FIELD-LOGGER: spares row=6db8134c-42a7-4245-a67b-f2fe1b139d5b — 30 fields changed, isInsert=true, vesselId=744535d0-841a-11ed-aa7c-7003bca91a86, instanceId=SHORE-PROD
[2026-05-16T01:55:14.772Z] [SyncDiag] FIELD-LOGGER: spare_location_stock row=2f61d720-ee75-4d27-81dd-5fb4375abe05 — 9 fields changed, isInsert=true, vesselId=744535d0-841a-11ed-aa7c-7003bca91a86, instanceId=SHORE-PROD
[2026-05-16T01:55:14.793Z] [SyncDiag] FIELD-LOGGER: spare_location_stock row=b73704e8-265c-4bf6-b120-37a985a8abfa — 9 fields changed, isInsert=true, vesselId=744535d0-841a-11ed-aa7c-7003bca91a86, instanceId=SHORE-PROD
[2026-05-16T01:55:14.817Z] [SyncDiag] FIELD-LOGGER: spare_component_links row=ce8ac6eb-ade7-4793-8607-c5e068264741 — 9 fields changed, isInsert=true, vesselId=744535d0-841a-11ed-aa7c-7003bca91a86, instanceId=SHORE-PROD
[2026-05-16T01:55:14.864Z] [SyncDiag] FIELD-LOGGER: inventory_transactions row=9b2e224f-23f1-4911-8be8-a8e393adb4d2 — 18 fields changed, isInsert=true, vesselId=744535d0-841a-11ed-aa7c-7003bca91a86, instanceId=SHORE-PROD
[2026-05-16T01:55:14.912Z] [SyncDiag] FIELD-LOGGER: inventory_transactions row=4e330d27-4989-4b5c-b8a7-51ae6533bd78 — 18 fields changed, isInsert=true, vesselId=744535d0-841a-11ed-aa7c-7003bca91a86, instanceId=SHORE-PROD
[2026-05-16T01:55:14.978Z] [SyncDiag] FIELD-LOGGER: spares row=a4c6f296-67c1-4f72-91aa-1b8dbcace4c2 — 30 fields changed, isInsert=true, vesselId=744535d0-841a-11ed-aa7c-7003bca91a86, instanceId=SHORE-PROD
[2026-05-16T01:55:15.002Z] [SyncDiag] FIELD-LOGGER: spare_location_stock row=be8da6f1-6eb5-4dfa-a43f-ac167fb5acfd — 9 fields changed, isInsert=true, vesselId=744535d0-841a-11ed-aa7c-7003bca91a86, instanceId=SHORE-PROD
[2026-05-16T01:55:15.024Z] [SyncDiag] FIELD-LOGGER: spare_location_stock row=56b54dc7-5a45-4545-a6bc-390e83c11366 — 9 fields changed, isInsert=true, vesselId=744535d0-841a-11ed-aa7c-7003bca91a86, instanceId=SHORE-PROD
[2026-05-16T01:55:15.049Z] [SyncDiag] FIELD-LOGGER: spare_component_links row=1b10e7cb-c746-443b-93ef-41eea490f4ff — 9 fields changed, isInsert=true, vesselId=744535d0-841a-11ed-aa7c-7003bca91a86, instanceId=SHORE-PROD
[2026-05-16T01:55:15.093Z] [SyncDiag] FIELD-LOGGER: inventory_transactions row=83bc1119-7a7f-434d-bd80-9a8dda5eff27 — 18 fields changed, isInsert=true, vesselId=744535d0-841a-11ed-aa7c-7003bca91a86, instanceId=SHORE-PROD
[2026-05-16T01:55:15.136Z] [SyncDiag] FIELD-LOGGER: inventory_transactions row=94803e88-0c62-4247-aaf9-efad81a00571 — 18 fields changed, isInsert=true, vesselId=744535d0-841a-11ed-aa7c-7003bca91a86, instanceId=SHORE-PROD
[2026-05-16T01:55:15.194Z] [SyncDiag] FIELD-LOGGER: spares row=70e20e68-0258-479b-a4ab-de28d3e638e3 — 30 fields changed, isInsert=true, vesselId=744535d0-841a-11ed-aa7c-7003bca91a86, instanceId=SHORE-PROD
[2026-05-16T01:55:15.215Z] [SyncDiag] FIELD-LOGGER: spare_location_stock row=487a4776-8a99-4137-83a9-579f9ba7f669 — 9 fields changed, isInsert=true, vesselId=744535d0-841a-11ed-aa7c-7003bca91a86, instanceId=SHORE-PROD
[2026-05-16T01:55:15.236Z] [SyncDiag] FIELD-LOGGER: spare_location_stock row=760c3f40-6182-4073-aad5-2c55642987c0 — 9 fields changed, isInsert=true, vesselId=744535d0-841a-11ed-aa7c-7003bca91a86, instanceId=SHORE-PROD
[2026-05-16T01:55:15.259Z] [SyncDiag] FIELD-LOGGER: spare_component_links row=b87ffaef-e4a9-4ab8-802d-06692ebf2337 — 9 fields changed, isInsert=true, vesselId=744535d0-841a-11ed-aa7c-7003bca91a86, instanceId=SHORE-PROD
[2026-05-16T01:55:15.302Z] [SyncDiag] FIELD-LOGGER: inventory_transactions row=dd59b8f7-3e8c-4db2-bae9-a8c6b83c696f — 18 fields changed, isInsert=true, vesselId=744535d0-841a-11ed-aa7c-7003bca91a86, instanceId=SHORE-PROD
[2026-05-16T01:55:15.345Z] [SyncDiag] FIELD-LOGGER: inventory_transactions row=058a8d03-8320-47c8-b0cb-a325b711d2be — 18 fields changed, isInsert=true, vesselId=744535d0-841a-11ed-aa7c-7003bca91a86, instanceId=SHORE-PROD
[2026-05-16T01:55:15.405Z] [SyncDiag] FIELD-LOGGER: spares row=bf872672-6541-43a1-8e1a-3d4f9151f7f7 — 30 fields changed, isInsert=true, vesselId=744535d0-841a-11ed-aa7c-7003bca91a86, instanceId=SHORE-PROD
[2026-05-16T01:55:15.427Z] [SyncDiag] FIELD-LOGGER: spare_location_stock row=a2d9bf6e-ea47-4fce-84e3-a25c36337212 — 9 fields changed, isInsert=true, vesselId=744535d0-841a-11ed-aa7c-7003bca91a86, instanceId=SHORE-PROD
[2026-05-16T01:55:15.448Z] [SyncDiag] FIELD-LOGGER: spare_location_stock row=5bdcb750-93cd-41ae-9842-bc553b153267 — 9 fields changed, isInsert=true, vesselId=744535d0-841a-11ed-aa7c-7003bca91a86, instanceId=SHORE-PROD
[2026-05-16T01:55:15.474Z] [SyncDiag] FIELD-LOGGER: spare_component_links row=a6e8fecd-2252-4b83-8cf9-237cd44753ab — 9 fields changed, isInsert=true, vesselId=744535d0-841a-11ed-aa7c-7003bca91a86, instanceId=SHORE-PROD
[2026-05-16T01:55:15.517Z] [SyncDiag] FIELD-LOGGER: inventory_transactions row=4839dfb5-d047-40f4-a262-a5d253447ac6 — 18 fields changed, isInsert=true, vesselId=744535d0-841a-11ed-aa7c-7003bca91a86, instanceId=SHORE-PROD
[2026-05-16T01:55:15.561Z] [SyncDiag] FIELD-LOGGER: inventory_transactions row=f8a24d95-bb4c-4548-ab2c-554ed40777e9 — 18 fields changed, isInsert=true, vesselId=744535d0-841a-11ed-aa7c-7003bca91a86, instanceId=SHORE-PROD
[2026-05-16T01:55:15.655Z] [SyncDiag] FIELD-LOGGER: spares row=bfd366ae-d2e8-4f22-bc7e-a7bdfe1d1b58 — 30 fields changed, isInsert=true, vesselId=744535d0-841a-11ed-aa7c-7003bca91a86, instanceId=SHORE-PROD
[2026-05-16T01:55:15.678Z] [SyncDiag] FIELD-LOGGER: spare_location_stock row=85efc59d-44c5-49ca-a451-578e9d7230b2 — 9 fields changed, isInsert=true, vesselId=744535d0-841a-11ed-aa7c-7003bca91a86, instanceId=SHORE-PROD
[2026-05-16T01:55:15.702Z] [SyncDiag] FIELD-LOGGER: spare_location_stock row=b6e4f4e6-e883-4c91-b05e-14dee99ca5b7 — 9 fields changed, isInsert=true, vesselId=744535d0-841a-11ed-aa7c-7003bca91a86, instanceId=SHORE-PROD
[2026-05-16T01:55:15.726Z] [SyncDiag] FIELD-LOGGER: spare_component_links row=0f5492ed-c3f7-4ae7-a1cd-d4018ecfae89 — 9 fields changed, isInsert=true, vesselId=744535d0-841a-11ed-aa7c-7003bca91a86, instanceId=SHORE-PROD
[2026-05-16T01:55:15.771Z] [SyncDiag] FIELD-LOGGER: inventory_transactions row=aca6ee1c-a4a3-43dd-8e38-870431fbe760 — 18 fields changed, isInsert=true, vesselId=744535d0-841a-11ed-aa7c-7003bca91a86, instanceId=SHORE-PROD
[2026-05-16T01:55:15.812Z] [SyncDiag] FIELD-LOGGER: inventory_transactions row=c048eefb-cca4-462d-90ab-3800ce51ec7f — 18 fields changed, isInsert=true, vesselId=744535d0-841a-11ed-aa7c-7003bca91a86, instanceId=SHORE-PROD
[2026-05-16T01:55:15.876Z] [SyncDiag] FIELD-LOGGER: spares row=abae63f4-cfa1-4de1-93df-d1d71a4d3c4b — 30 fields changed, isInsert=true, vesselId=744535d0-841a-11ed-aa7c-7003bca91a86, instanceId=SHORE-PROD
[2026-05-16T01:55:15.898Z] [SyncDiag] FIELD-LOGGER: spare_location_stock row=f12afba6-5b0c-48ed-ae3a-7cd5992b7ce8 — 9 fields changed, isInsert=true, vesselId=744535d0-841a-11ed-aa7c-7003bca91a86, instanceId=SHORE-PROD
[2026-05-16T01:55:15.919Z] [SyncDiag] FIELD-LOGGER: spare_location_stock row=dc242844-99dd-464f-81af-755181d0502c — 9 fields changed, isInsert=true, vesselId=744535d0-841a-11ed-aa7c-7003bca91a86, instanceId=SHORE-PROD
[2026-05-16T01:55:15.943Z] [SyncDiag] FIELD-LOGGER: spare_component_links row=c2a0baa5-c008-4373-8fa7-e88335a5fd0f — 9 fields changed, isInsert=true, vesselId=744535d0-841a-11ed-aa7c-7003bca91a86, instanceId=SHORE-PROD
[2026-05-16T01:55:15.983Z] [SyncDiag] FIELD-LOGGER: inventory_transactions row=de0f6ad4-4bf6-4725-abab-72cf7c55a96e — 18 fields changed, isInsert=true, vesselId=744535d0-841a-11ed-aa7c-7003bca91a86, instanceId=SHORE-PROD
[2026-05-16T01:55:16.025Z] [SyncDiag] FIELD-LOGGER: inventory_transactions row=135aee60-7922-466e-85ef-846b4ab85cd1 — 18 fields changed, isInsert=true, vesselId=744535d0-841a-11ed-aa7c-7003bca91a86, instanceId=SHORE-PROD
[2026-05-16T01:55:16.092Z] [SyncDiag] FIELD-LOGGER: spares row=9bd08512-97b1-4b58-87de-db037ea314e1 — 30 fields changed, isInsert=true, vesselId=744535d0-841a-11ed-aa7c-7003bca91a86, instanceId=SHORE-PROD
[2026-05-16T01:55:16.113Z] [SyncDiag] FIELD-LOGGER: spare_location_stock row=9c7dcc92-3ecf-475f-9ea8-a891b5241e17 — 9 fields changed, isInsert=true, vesselId=744535d0-841a-11ed-aa7c-7003bca91a86, instanceId=SHORE-PROD
[2026-05-16T01:55:16.135Z] [SyncDiag] FIELD-LOGGER: spare_location_stock row=52fb56ca-c914-4885-8460-d40d1d365f68 — 9 fields changed, isInsert=true, vesselId=744535d0-841a-11ed-aa7c-7003bca91a86, instanceId=SHORE-PROD
[2026-05-16T01:55:16.159Z] [SyncDiag] FIELD-LOGGER: spare_component_links row=96ec7099-aaba-4121-9ce5-870127c37bd7 — 9 fields changed, isInsert=true, vesselId=744535d0-841a-11ed-aa7c-7003bca91a86, instanceId=SHORE-PROD
[2026-05-16T01:55:16.203Z] [SyncDiag] FIELD-LOGGER: inventory_transactions row=82e0969d-d8a1-4532-af47-650b2510f9a9 — 18 fields changed, isInsert=true, vesselId=744535d0-841a-11ed-aa7c-7003bca91a86, instanceId=SHORE-PROD
[2026-05-16T01:55:16.247Z] [SyncDiag] FIELD-LOGGER: inventory_transactions row=fb7f849f-960d-437b-a01e-51994b530fb9 — 18 fields changed, isInsert=true, vesselId=744535d0-841a-11ed-aa7c-7003bca91a86, instanceId=SHORE-PROD
[2026-05-16T01:55:16.310Z] [SyncDiag] FIELD-LOGGER: spares row=3ad81a08-c47e-44a4-86c3-d870096846b7 — 30 fields changed, isInsert=true, vesselId=744535d0-841a-11ed-aa7c-7003bca91a86, instanceId=SHORE-PROD
[2026-05-16T01:55:16.330Z] [SyncDiag] FIELD-LOGGER: spare_location_stock row=784b13a9-6f1e-4db4-b591-ba96d2c96f06 — 9 fields changed, isInsert=true, vesselId=744535d0-841a-11ed-aa7c-7003bca91a86, instanceId=SHORE-PROD
[2026-05-16T01:55:16.351Z] [SyncDiag] FIELD-LOGGER: spare_location_stock row=99376737-2fe3-4b54-a016-a1f2c1f9c038 — 9 fields changed, isInsert=true, vesselId=744535d0-841a-11ed-aa7c-7003bca91a86, instanceId=SHORE-PROD
[2026-05-16T01:55:16.376Z] [SyncDiag] FIELD-LOGGER: spare_component_links row=aa3368a2-acaa-4e01-8f9b-0038c66db7c4 — 9 fields changed, isInsert=true, vesselId=744535d0-841a-11ed-aa7c-7003bca91a86, instanceId=SHORE-PROD
[2026-05-16T01:55:16.417Z] [SyncDiag] FIELD-LOGGER: inventory_transactions row=01f34dc7-8da5-4f9e-b7cb-aad3f3124666 — 18 fields changed, isInsert=true, vesselId=744535d0-841a-11ed-aa7c-7003bca91a86, instanceId=SHORE-PROD
[2026-05-16T01:55:16.460Z] [SyncDiag] FIELD-LOGGER: inventory_transactions row=9dbf1531-6155-4621-b253-a5242e9412fb — 18 fields changed, isInsert=true, vesselId=744535d0-841a-11ed-aa7c-7003bca91a86, instanceId=SHORE-PROD
[2026-05-16T01:55:16.516Z] [SyncDiag] FIELD-LOGGER: spares row=a21494e2-cdb6-4629-80ba-56efeb110ba2 — 30 fields changed, isInsert=true, vesselId=744535d0-841a-11ed-aa7c-7003bca91a86, instanceId=SHORE-PROD
[2026-05-16T01:55:16.538Z] [SyncDiag] FIELD-LOGGER: spare_location_stock row=8738ae5a-e749-45f3-99ac-f23572ad8174 — 9 fields changed, isInsert=true, vesselId=744535d0-841a-11ed-aa7c-7003bca91a86, instanceId=SHORE-PROD
[2026-05-16T01:55:16.562Z] [SyncDiag] FIELD-LOGGER: spare_location_stock row=90d3fa2c-4d01-48f5-8f0b-4f03b2a46e0f — 9 fields changed, isInsert=true, vesselId=744535d0-841a-11ed-aa7c-7003bca91a86, instanceId=SHORE-PROD
[2026-05-16T01:55:16.587Z] [SyncDiag] FIELD-LOGGER: spare_component_links row=273abb85-6707-461b-969d-13e79dac63a1 — 9 fields changed, isInsert=true, vesselId=744535d0-841a-11ed-aa7c-7003bca91a86, instanceId=SHORE-PROD
[2026-05-16T01:55:16.629Z] [SyncDiag] FIELD-LOGGER: inventory_transactions row=8c50835f-1e31-4498-a674-a4e0462c60c8 — 18 fields changed, isInsert=true, vesselId=744535d0-841a-11ed-aa7c-7003bca91a86, instanceId=SHORE-PROD
[2026-05-16T01:55:16.680Z] [SyncDiag] FIELD-LOGGER: inventory_transactions row=2eeb2e8b-d806-4786-a295-cd2cafcd9d29 — 18 fields changed, isInsert=true, vesselId=744535d0-841a-11ed-aa7c-7003bca91a86, instanceId=SHORE-PROD
[2026-05-16T01:55:16.745Z] [SyncDiag] FIELD-LOGGER: spares row=b7a7ae0c-51bd-4e6a-9b74-6df444441151 — 30 fields changed, isInsert=true, vesselId=744535d0-841a-11ed-aa7c-7003bca91a86, instanceId=SHORE-PROD
[2026-05-16T01:55:16.767Z] [SyncDiag] FIELD-LOGGER: spare_location_stock row=79058076-b0f9-4bac-81d5-3b9c06164a61 — 9 fields changed, isInsert=true, vesselId=744535d0-841a-11ed-aa7c-7003bca91a86, instanceId=SHORE-PROD
[2026-05-16T01:55:16.789Z] [SyncDiag] FIELD-LOGGER: spare_location_stock row=105b93f7-3876-4ac1-b001-3fc2d8494f48 — 9 fields changed, isInsert=true, vesselId=744535d0-841a-11ed-aa7c-7003bca91a86, instanceId=SHORE-PROD
[2026-05-16T01:55:16.813Z] [SyncDiag] FIELD-LOGGER: spare_component_links row=5b3e4bf9-e07e-4810-adaf-d7cc47cb2981 — 9 fields changed, isInsert=true, vesselId=744535d0-841a-11ed-aa7c-7003bca91a86, instanceId=SHORE-PROD
[2026-05-16T01:55:16.852Z] [SyncDiag] FIELD-LOGGER: inventory_transactions row=9d72dbf7-d70d-4399-9510-05d983a32de7 — 18 fields changed, isInsert=true, vesselId=744535d0-841a-11ed-aa7c-7003bca91a86, instanceId=SHORE-PROD
[2026-05-16T01:55:16.891Z] [SyncDiag] FIELD-LOGGER: inventory_transactions row=1facc482-7a3e-4510-972a-ee4d6b27443b — 18 fields changed, isInsert=true, vesselId=744535d0-841a-11ed-aa7c-7003bca91a86, instanceId=SHORE-PROD
[2026-05-16T01:55:16.950Z] [SyncDiag] FIELD-LOGGER: spares row=779d9c15-94b0-46ab-b2a2-37558ed58a99 — 30 fields changed, isInsert=true, vesselId=744535d0-841a-11ed-aa7c-7003bca91a86, instanceId=SHORE-PROD
[2026-05-16T01:55:16.971Z] [SyncDiag] FIELD-LOGGER: spare_location_stock row=2b8af688-63b9-475a-b8ea-bf3b8742e106 — 9 fields changed, isInsert=true, vesselId=744535d0-841a-11ed-aa7c-7003bca91a86, instanceId=SHORE-PROD
[2026-05-16T01:55:16.994Z] [SyncDiag] FIELD-LOGGER: spare_location_stock row=66b594ab-d6e2-4e50-b6ab-d3c142e00ecd — 9 fields changed, isInsert=true, vesselId=744535d0-841a-11ed-aa7c-7003bca91a86, instanceId=SHORE-PROD
[2026-05-16T01:55:17.016Z] [SyncDiag] FIELD-LOGGER: spare_component_links row=32400a96-406c-4fe6-9227-67fac3942dfb — 9 fields changed, isInsert=true, vesselId=744535d0-841a-11ed-aa7c-7003bca91a86, instanceId=SHORE-PROD
[2026-05-16T01:55:17.056Z] [SyncDiag] FIELD-LOGGER: inventory_transactions row=9df7b2d4-b078-48ea-ab45-47f3962a4e0b — 18 fields changed, isInsert=true, vesselId=744535d0-841a-11ed-aa7c-7003bca91a86, instanceId=SHORE-PROD
[2026-05-16T01:55:17.096Z] [SyncDiag] FIELD-LOGGER: inventory_transactions row=dc7a3860-0572-47a8-a95b-de1dc9fdb773 — 18 fields changed, isInsert=true, vesselId=744535d0-841a-11ed-aa7c-7003bca91a86, instanceId=SHORE-PROD
[2026-05-16T01:55:17.156Z] [SyncDiag] FIELD-LOGGER: spares row=4609044d-2d09-4f55-8ff3-27b8ae5219b6 — 30 fields changed, isInsert=true, vesselId=744535d0-841a-11ed-aa7c-7003bca91a86, instanceId=SHORE-PROD
[2026-05-16T01:55:17.179Z] [SyncDiag] FIELD-LOGGER: spare_location_stock row=2cf8154e-6a48-4878-94d3-9ccc1d16e09b — 9 fields changed, isInsert=true, vesselId=744535d0-841a-11ed-aa7c-7003bca91a86, instanceId=SHORE-PROD
[2026-05-16T01:55:17.201Z] [SyncDiag] FIELD-LOGGER: spare_location_stock row=0b1a623b-650b-4065-8e89-2442577028cd — 9 fields changed, isInsert=true, vesselId=744535d0-841a-11ed-aa7c-7003bca91a86, instanceId=SHORE-PROD
[2026-05-16T01:55:17.225Z] [SyncDiag] FIELD-LOGGER: spare_component_links row=e6d69faf-ecf2-4987-b22b-58adbac2de4b — 9 fields changed, isInsert=true, vesselId=744535d0-841a-11ed-aa7c-7003bca91a86, instanceId=SHORE-PROD
[2026-05-16T01:55:17.265Z] [SyncDiag] FIELD-LOGGER: inventory_transactions row=15fda933-6024-4765-815b-1b3f4991dfc9 — 18 fields changed, isInsert=true, vesselId=744535d0-841a-11ed-aa7c-7003bca91a86, instanceId=SHORE-PROD
[2026-05-16T01:55:17.305Z] [SyncDiag] FIELD-LOGGER: inventory_transactions row=bc9053d3-dcd2-4ba0-bf67-7d22ea4dffc2 — 18 fields changed, isInsert=true, vesselId=744535d0-841a-11ed-aa7c-7003bca91a86, instanceId=SHORE-PROD
[2026-05-16T01:55:17.371Z] [SyncDiag] FIELD-LOGGER: spares row=7a02c10f-60b5-4330-a6bd-92d938fd3ead — 30 fields changed, isInsert=true, vesselId=744535d0-841a-11ed-aa7c-7003bca91a86, instanceId=SHORE-PROD
[2026-05-16T01:55:17.393Z] [SyncDiag] FIELD-LOGGER: spare_location_stock row=dde9bcc0-ce3b-4dbc-b4c5-eeaec5906845 — 9 fields changed, isInsert=true, vesselId=744535d0-841a-11ed-aa7c-7003bca91a86, instanceId=SHORE-PROD
[2026-05-16T01:55:17.415Z] [SyncDiag] FIELD-LOGGER: spare_location_stock row=51caf055-d663-4dfc-bf8e-0714ad5cf48a — 9 fields changed, isInsert=true, vesselId=744535d0-841a-11ed-aa7c-7003bca91a86, instanceId=SHORE-PROD
[2026-05-16T01:55:17.439Z] [SyncDiag] FIELD-LOGGER: spare_component_links row=74806a56-b47a-4726-89b6-1136d3d1e0dd — 9 fields changed, isInsert=true, vesselId=744535d0-841a-11ed-aa7c-7003bca91a86, instanceId=SHORE-PROD
[2026-05-16T01:55:17.480Z] [SyncDiag] FIELD-LOGGER: inventory_transactions row=96bc0baa-4c4e-488a-a240-6d029677b059 — 18 fields changed, isInsert=true, vesselId=744535d0-841a-11ed-aa7c-7003bca91a86, instanceId=SHORE-PROD
[2026-05-16T01:55:17.522Z] [SyncDiag] FIELD-LOGGER: inventory_transactions row=ee497592-bf6b-4dd4-a71e-7fc4773b5d5e — 18 fields changed, isInsert=true, vesselId=744535d0-841a-11ed-aa7c-7003bca91a86, instanceId=SHORE-PROD
[2026-05-16T01:55:17.583Z] [SyncDiag] FIELD-LOGGER: spares row=d9247484-ac39-43de-b4bb-3d07e3b2c249 — 30 fields changed, isInsert=true, vesselId=744535d0-841a-11ed-aa7c-7003bca91a86, instanceId=SHORE-PROD
[2026-05-16T01:55:17.604Z] [SyncDiag] FIELD-LOGGER: spare_location_stock row=8eba4bbd-794e-4b49-8e77-bc10c96c6832 — 9 fields changed, isInsert=true, vesselId=744535d0-841a-11ed-aa7c-7003bca91a86, instanceId=SHORE-PROD
[2026-05-16T01:55:17.625Z] [SyncDiag] FIELD-LOGGER: spare_location_stock row=1d1da40a-b60f-48aa-b938-cc48527b1721 — 9 fields changed, isInsert=true, vesselId=744535d0-841a-11ed-aa7c-7003bca91a86, instanceId=SHORE-PROD
[2026-05-16T01:55:17.648Z] [SyncDiag] FIELD-LOGGER: spare_component_links row=ed5ff338-0fc4-411a-830e-e50cbd5488be — 9 fields changed, isInsert=true, vesselId=744535d0-841a-11ed-aa7c-7003bca91a86, instanceId=SHORE-PROD
[2026-05-16T01:55:17.689Z] [SyncDiag] FIELD-LOGGER: inventory_transactions row=f8fb94eb-0ee7-4105-8ff5-0c839bf794db — 18 fields changed, isInsert=true, vesselId=744535d0-841a-11ed-aa7c-7003bca91a86, instanceId=SHORE-PROD
[2026-05-16T01:55:17.729Z] [SyncDiag] FIELD-LOGGER: inventory_transactions row=e02fa8b9-cbf8-4222-b944-ac0ff98343da — 18 fields changed, isInsert=true, vesselId=744535d0-841a-11ed-aa7c-7003bca91a86, instanceId=SHORE-PROD
[2026-05-16T01:55:17.790Z] [SyncDiag] FIELD-LOGGER: spares row=b22ee1e1-b281-4d22-978a-cf677aa4576a — 30 fields changed, isInsert=true, vesselId=744535d0-841a-11ed-aa7c-7003bca91a86, instanceId=SHORE-PROD
[2026-05-16T01:55:17.809Z] [SyncDiag] FIELD-LOGGER: spare_location_stock row=2bf3fb49-8240-45f9-b7f2-911051959fa7 — 9 fields changed, isInsert=true, vesselId=744535d0-841a-11ed-aa7c-7003bca91a86, instanceId=SHORE-PROD
[2026-05-16T01:55:17.832Z] [SyncDiag] FIELD-LOGGER: spare_location_stock row=dd8a2896-3c04-4fd5-b6af-588e6212550f — 9 fields changed, isInsert=true, vesselId=744535d0-841a-11ed-aa7c-7003bca91a86, instanceId=SHORE-PROD
[2026-05-16T01:55:17.853Z] [SyncDiag] FIELD-LOGGER: spare_component_links row=e7648e9d-f67c-49b1-85df-34e2a8face16 — 9 fields changed, isInsert=true, vesselId=744535d0-841a-11ed-aa7c-7003bca91a86, instanceId=SHORE-PROD
[2026-05-16T01:55:17.894Z] [SyncDiag] FIELD-LOGGER: inventory_transactions row=4736996b-b8f4-425d-9d77-e3affdb6046b — 18 fields changed, isInsert=true, vesselId=744535d0-841a-11ed-aa7c-7003bca91a86, instanceId=SHORE-PROD
[2026-05-16T01:55:17.932Z] [SyncDiag] FIELD-LOGGER: inventory_transactions row=9186753d-eb9a-4c60-a53d-f75fc3a05281 — 18 fields changed, isInsert=true, vesselId=744535d0-841a-11ed-aa7c-7003bca91a86, instanceId=SHORE-PROD
[2026-05-16T01:55:18.007Z] [SyncDiag] FIELD-LOGGER: spares row=24d62b28-62bd-42cb-921e-e27a73ecc00c — 32 fields changed, isInsert=true, vesselId=744535d0-841a-11ed-aa7c-7003bca91a86, instanceId=SHORE-PROD
[2026-05-16T01:55:18.029Z] [SyncDiag] FIELD-LOGGER: spare_location_stock row=b64cc19c-d662-4311-b631-9e5d4f22ad23 — 9 fields changed, isInsert=true, vesselId=744535d0-841a-11ed-aa7c-7003bca91a86, instanceId=SHORE-PROD
[2026-05-16T01:55:18.048Z] [SyncDiag] FIELD-LOGGER: spare_location_stock row=dca7b114-0b62-4c00-9651-617721f7d63e — 9 fields changed, isInsert=true, vesselId=744535d0-841a-11ed-aa7c-7003bca91a86, instanceId=SHORE-PROD
[2026-05-16T01:55:18.069Z] [SyncDiag] FIELD-LOGGER: spare_component_links row=27617a1c-febf-48a8-b40c-552e646cba17 — 9 fields changed, isInsert=true, vesselId=744535d0-841a-11ed-aa7c-7003bca91a86, instanceId=SHORE-PROD
[2026-05-16T01:55:18.111Z] [SyncDiag] FIELD-LOGGER: inventory_transactions row=736933d7-1845-4e38-b9ed-7a93d22cce89 — 18 fields changed, isInsert=true, vesselId=744535d0-841a-11ed-aa7c-7003bca91a86, instanceId=SHORE-PROD
[2026-05-16T01:55:18.150Z] [SyncDiag] FIELD-LOGGER: inventory_transactions row=89dc5270-ee37-4a25-a211-721bb357bf55 — 18 fields changed, isInsert=true, vesselId=744535d0-841a-11ed-aa7c-7003bca91a86, instanceId=SHORE-PROD
[2026-05-16T01:55:18.215Z] [SyncDiag] FIELD-LOGGER: spares row=d57a93f4-d648-46c0-ae09-94e0fb5081c7 — 32 fields changed, isInsert=true, vesselId=744535d0-841a-11ed-aa7c-7003bca91a86, instanceId=SHORE-PROD
[2026-05-16T01:55:18.235Z] [SyncDiag] FIELD-LOGGER: spare_location_stock row=08d9dbe2-bfb2-44aa-913b-f5100e7d94fc — 9 fields changed, isInsert=true, vesselId=744535d0-841a-11ed-aa7c-7003bca91a86, instanceId=SHORE-PROD
[2026-05-16T01:55:18.256Z] [SyncDiag] FIELD-LOGGER: spare_location_stock row=1ebbaba5-af9e-4dbd-a23b-36eb79bd9f3d — 9 fields changed, isInsert=true, vesselId=744535d0-841a-11ed-aa7c-7003bca91a86, instanceId=SHORE-PROD
[2026-05-16T01:55:18.280Z] [SyncDiag] FIELD-LOGGER: spare_component_links row=bc234ef6-3b40-497d-8566-d6d8e062b5e5 — 9 fields changed, isInsert=true, vesselId=744535d0-841a-11ed-aa7c-7003bca91a86, instanceId=SHORE-PROD
[2026-05-16T01:55:18.320Z] [SyncDiag] FIELD-LOGGER: inventory_transactions row=87ebf7b2-2a4f-4717-8d05-ba8119a5f62e — 18 fields changed, isInsert=true, vesselId=744535d0-841a-11ed-aa7c-7003bca91a86, instanceId=SHORE-PROD
[2026-05-16T01:55:18.361Z] [SyncDiag] FIELD-LOGGER: inventory_transactions row=5eb897ba-6445-435b-b45e-e8b58faecca8 — 18 fields changed, isInsert=true, vesselId=744535d0-841a-11ed-aa7c-7003bca91a86, instanceId=SHORE-PROD
[2026-05-16T01:55:18.432Z] [SyncDiag] FIELD-LOGGER: spares row=12818e83-a3cc-42df-a338-bdd8385f1580 — 31 fields changed, isInsert=true, vesselId=744535d0-841a-11ed-aa7c-7003bca91a86, instanceId=SHORE-PROD
[2026-05-16T01:55:18.453Z] [SyncDiag] FIELD-LOGGER: spare_location_stock row=99005b3a-c759-45e3-864f-36af2dac15ad — 9 fields changed, isInsert=true, vesselId=744535d0-841a-11ed-aa7c-7003bca91a86, instanceId=SHORE-PROD
[2026-05-16T01:55:18.475Z] [SyncDiag] FIELD-LOGGER: spare_location_stock row=0d515245-e626-4295-b1df-7a165ee8b317 — 9 fields changed, isInsert=true, vesselId=744535d0-841a-11ed-aa7c-7003bca91a86, instanceId=SHORE-PROD
[2026-05-16T01:55:18.498Z] [SyncDiag] FIELD-LOGGER: spare_component_links row=b703db84-951b-44a1-af2c-a68e7ef33d65 — 9 fields changed, isInsert=true, vesselId=744535d0-841a-11ed-aa7c-7003bca91a86, instanceId=SHORE-PROD
[2026-05-16T01:55:18.537Z] [SyncDiag] FIELD-LOGGER: inventory_transactions row=f796212a-7aa2-4892-b043-cf527d124fab — 18 fields changed, isInsert=true, vesselId=744535d0-841a-11ed-aa7c-7003bca91a86, instanceId=SHORE-PROD
[2026-05-16T01:55:18.577Z] [SyncDiag] FIELD-LOGGER: inventory_transactions row=524aff47-e766-4c13-9422-a9c3865744cc — 18 fields changed, isInsert=true, vesselId=744535d0-841a-11ed-aa7c-7003bca91a86, instanceId=SHORE-PROD
[2026-05-16T01:55:18.635Z] [SyncDiag] FIELD-LOGGER: spares row=52abeace-5c21-42b1-a011-1f2d4f0cc462 — 31 fields changed, isInsert=true, vesselId=744535d0-841a-11ed-aa7c-7003bca91a86, instanceId=SHORE-PROD
[2026-05-16T01:55:18.655Z] [SyncDiag] FIELD-LOGGER: spare_location_stock row=b010f978-5781-4095-98e0-19336e02318d — 9 fields changed, isInsert=true, vesselId=744535d0-841a-11ed-aa7c-7003bca91a86, instanceId=SHORE-PROD
[2026-05-16T01:55:18.674Z] [SyncDiag] FIELD-LOGGER: spare_location_stock row=714e8266-ac59-4ce4-b31c-5bf1a9fd3fdd — 9 fields changed, isInsert=true, vesselId=744535d0-841a-11ed-aa7c-7003bca91a86, instanceId=SHORE-PROD
[2026-05-16T01:55:18.697Z] [SyncDiag] FIELD-LOGGER: spare_component_links row=c52f1006-0ce3-4cda-a1e5-86e2dbfe7142 — 9 fields changed, isInsert=true, vesselId=744535d0-841a-11ed-aa7c-7003bca91a86, instanceId=SHORE-PROD
[2026-05-16T01:55:18.737Z] [SyncDiag] FIELD-LOGGER: inventory_transactions row=c12fa1ca-5be7-41bd-917d-be8221d37960 — 18 fields changed, isInsert=true, vesselId=744535d0-841a-11ed-aa7c-7003bca91a86, instanceId=SHORE-PROD
[2026-05-16T01:55:18.778Z] [SyncDiag] FIELD-LOGGER: inventory_transactions row=be7e6bf0-a0a8-4748-836e-5826df1dfda7 — 18 fields changed, isInsert=true, vesselId=744535d0-841a-11ed-aa7c-7003bca91a86, instanceId=SHORE-PROD
[2026-05-16T01:55:18.839Z] [SyncDiag] FIELD-LOGGER: spares row=d2adbb4b-bf99-4695-b160-7d20c3ad4014 — 31 fields changed, isInsert=true, vesselId=744535d0-841a-11ed-aa7c-7003bca91a86, instanceId=SHORE-PROD
[2026-05-16T01:55:18.860Z] [SyncDiag] FIELD-LOGGER: spare_location_stock row=5e92ce54-f2a9-4ded-a4e2-c42f66f0a4ee — 9 fields changed, isInsert=true, vesselId=744535d0-841a-11ed-aa7c-7003bca91a86, instanceId=SHORE-PROD
[2026-05-16T01:55:18.880Z] [SyncDiag] FIELD-LOGGER: spare_location_stock row=b611ab8f-92d9-43cf-a032-ee0e97b65fd5 — 9 fields changed, isInsert=true, vesselId=744535d0-841a-11ed-aa7c-7003bca91a86, instanceId=SHORE-PROD
[2026-05-16T01:55:18.901Z] [SyncDiag] FIELD-LOGGER: spare_component_links row=009ee92e-bed4-4166-9ab9-14ecaace771a — 9 fields changed, isInsert=true, vesselId=744535d0-841a-11ed-aa7c-7003bca91a86, instanceId=SHORE-PROD
[2026-05-16T01:55:18.942Z] [SyncDiag] FIELD-LOGGER: inventory_transactions row=c50856ee-c083-4989-a58e-b03c5ff5f738 — 18 fields changed, isInsert=true, vesselId=744535d0-841a-11ed-aa7c-7003bca91a86, instanceId=SHORE-PROD
[2026-05-16T01:55:18.981Z] [SyncDiag] FIELD-LOGGER: inventory_transactions row=58e5daa5-cec3-4354-af39-388cff05c49e — 18 fields changed, isInsert=true, vesselId=744535d0-841a-11ed-aa7c-7003bca91a86, instanceId=SHORE-PROD
[2026-05-16T01:55:19.042Z] [SyncDiag] FIELD-LOGGER: spares row=81f7cb5c-2971-437b-b0bd-ac44437d9567 — 31 fields changed, isInsert=true, vesselId=744535d0-841a-11ed-aa7c-7003bca91a86, instanceId=SHORE-PROD
[2026-05-16T01:55:19.063Z] [SyncDiag] FIELD-LOGGER: spare_location_stock row=76efd03b-f757-4b07-a719-e188e14fd202 — 9 fields changed, isInsert=true, vesselId=744535d0-841a-11ed-aa7c-7003bca91a86, instanceId=SHORE-PROD
[2026-05-16T01:55:19.083Z] [SyncDiag] FIELD-LOGGER: spare_location_stock row=f8c76f8c-a386-4829-82eb-a432c6511941 — 9 fields changed, isInsert=true, vesselId=744535d0-841a-11ed-aa7c-7003bca91a86, instanceId=SHORE-PROD
[2026-05-16T01:55:19.103Z] [SyncDiag] FIELD-LOGGER: spare_component_links row=74aeeb06-ca12-47ff-be73-f135160e83ed — 9 fields changed, isInsert=true, vesselId=744535d0-841a-11ed-aa7c-7003bca91a86, instanceId=SHORE-PROD
[2026-05-16T01:55:19.140Z] [SyncDiag] FIELD-LOGGER: inventory_transactions row=453e5d23-c9c4-4059-af54-29752b15fbde — 18 fields changed, isInsert=true, vesselId=744535d0-841a-11ed-aa7c-7003bca91a86, instanceId=SHORE-PROD
[2026-05-16T01:55:19.179Z] [SyncDiag] FIELD-LOGGER: inventory_transactions row=c937615d-5862-498d-9f97-bf9f575f62f9 — 18 fields changed, isInsert=true, vesselId=744535d0-841a-11ed-aa7c-7003bca91a86, instanceId=SHORE-PROD
[2026-05-16T01:55:19.242Z] [SyncDiag] FIELD-LOGGER: spares row=676b0fa7-0726-40cf-9191-e8b6214de2b2 — 31 fields changed, isInsert=true, vesselId=744535d0-841a-11ed-aa7c-7003bca91a86, instanceId=SHORE-PROD
[2026-05-16T01:55:19.264Z] [SyncDiag] FIELD-LOGGER: spare_location_stock row=8b1850d4-47cc-422e-951c-a84808f77ebb — 9 fields changed, isInsert=true, vesselId=744535d0-841a-11ed-aa7c-7003bca91a86, instanceId=SHORE-PROD
[2026-05-16T01:55:19.282Z] [SyncDiag] FIELD-LOGGER: spare_location_stock row=2381561a-b8de-4219-9d0c-db49afa74216 — 9 fields changed, isInsert=true, vesselId=744535d0-841a-11ed-aa7c-7003bca91a86, instanceId=SHORE-PROD
[2026-05-16T01:55:19.303Z] [SyncDiag] FIELD-LOGGER: spare_component_links row=14db1300-ad99-4e96-a0ba-f132c8ace6c5 — 9 fields changed, isInsert=true, vesselId=744535d0-841a-11ed-aa7c-7003bca91a86, instanceId=SHORE-PROD
[2026-05-16T01:55:19.341Z] [SyncDiag] FIELD-LOGGER: inventory_transactions row=2e5b0d4d-3ec9-46b8-af99-a0e7cee168bc — 18 fields changed, isInsert=true, vesselId=744535d0-841a-11ed-aa7c-7003bca91a86, instanceId=SHORE-PROD
[2026-05-16T01:55:19.382Z] [SyncDiag] FIELD-LOGGER: inventory_transactions row=dfa8f8b0-9b5e-424a-8927-e4a4d85b883a — 18 fields changed, isInsert=true, vesselId=744535d0-841a-11ed-aa7c-7003bca91a86, instanceId=SHORE-PROD
[2026-05-16T01:55:19.439Z] [SyncDiag] FIELD-LOGGER: spares row=18466c44-2332-4c87-b89c-4b21b9321ed6 — 31 fields changed, isInsert=true, vesselId=744535d0-841a-11ed-aa7c-7003bca91a86, instanceId=SHORE-PROD
[2026-05-16T01:55:19.457Z] [SyncDiag] FIELD-LOGGER: spare_location_stock row=4d855378-2fcd-482f-b476-7498bdf83e57 — 9 fields changed, isInsert=true, vesselId=744535d0-841a-11ed-aa7c-7003bca91a86, instanceId=SHORE-PROD
[2026-05-16T01:55:19.475Z] [SyncDiag] FIELD-LOGGER: spare_location_stock row=f636b081-3619-4aa2-9daa-f5dc8eff7bf8 — 9 fields changed, isInsert=true, vesselId=744535d0-841a-11ed-aa7c-7003bca91a86, instanceId=SHORE-PROD
[2026-05-16T01:55:19.496Z] [SyncDiag] FIELD-LOGGER: spare_component_links row=754f8568-7269-4e8d-9dc3-6569279f3671 — 9 fields changed, isInsert=true, vesselId=744535d0-841a-11ed-aa7c-7003bca91a86, instanceId=SHORE-PROD
[2026-05-16T01:55:19.534Z] [SyncDiag] FIELD-LOGGER: inventory_transactions row=8bb957ee-a0f7-4be4-a8d5-c16014db000a — 18 fields changed, isInsert=true, vesselId=744535d0-841a-11ed-aa7c-7003bca91a86, instanceId=SHORE-PROD
[2026-05-16T01:55:19.572Z] [SyncDiag] FIELD-LOGGER: inventory_transactions row=b55e56e4-e0ac-408c-a822-a5bd4337340b — 18 fields changed, isInsert=true, vesselId=744535d0-841a-11ed-aa7c-7003bca91a86, instanceId=SHORE-PROD
[2026-05-16T01:55:19.648Z] [SyncDiag] FIELD-LOGGER: spares row=dcfd7d39-9000-470a-9e5f-d57309518ef6 — 31 fields changed, isInsert=true, vesselId=744535d0-841a-11ed-aa7c-7003bca91a86, instanceId=SHORE-PROD
[2026-05-16T01:55:19.669Z] [SyncDiag] FIELD-LOGGER: spare_location_stock row=9bf6ac28-a134-4326-9567-0428535300f2 — 9 fields changed, isInsert=true, vesselId=744535d0-841a-11ed-aa7c-7003bca91a86, instanceId=SHORE-PROD
[2026-05-16T01:55:19.689Z] [SyncDiag] FIELD-LOGGER: spare_location_stock row=23be83f9-c960-4ae0-87b3-8a43e8068f2e — 9 fields changed, isInsert=true, vesselId=744535d0-841a-11ed-aa7c-7003bca91a86, instanceId=SHORE-PROD
[2026-05-16T01:55:19.714Z] [SyncDiag] FIELD-LOGGER: spare_component_links row=4f6ba6f8-9abf-4ad1-a027-7160884db018 — 9 fields changed, isInsert=true, vesselId=744535d0-841a-11ed-aa7c-7003bca91a86, instanceId=SHORE-PROD
[2026-05-16T01:55:19.752Z] [SyncDiag] FIELD-LOGGER: inventory_transactions row=44855fdc-9add-43fc-b8be-939407c88040 — 18 fields changed, isInsert=true, vesselId=744535d0-841a-11ed-aa7c-7003bca91a86, instanceId=SHORE-PROD
[2026-05-16T01:55:19.791Z] [SyncDiag] FIELD-LOGGER: inventory_transactions row=751daa38-9778-4855-a44b-dbc24d15153e — 18 fields changed, isInsert=true, vesselId=744535d0-841a-11ed-aa7c-7003bca91a86, instanceId=SHORE-PROD
[2026-05-16T01:55:19.850Z] [SyncDiag] FIELD-LOGGER: spares row=db22f33c-6b73-4814-b5c3-c0b700f7d668 — 31 fields changed, isInsert=true, vesselId=744535d0-841a-11ed-aa7c-7003bca91a86, instanceId=SHORE-PROD
[2026-05-16T01:55:19.869Z] [SyncDiag] FIELD-LOGGER: spare_location_stock row=f27baffd-b62a-4a79-b4d1-f398becd87ef — 9 fields changed, isInsert=true, vesselId=744535d0-841a-11ed-aa7c-7003bca91a86, instanceId=SHORE-PROD
[2026-05-16T01:55:19.890Z] [SyncDiag] FIELD-LOGGER: spare_location_stock row=b49aba7a-538f-4419-b11d-a281b966f6dd — 9 fields changed, isInsert=true, vesselId=744535d0-841a-11ed-aa7c-7003bca91a86, instanceId=SHORE-PROD
[2026-05-16T01:55:19.912Z] [SyncDiag] FIELD-LOGGER: spare_component_links row=1f0c3398-146e-432a-bc76-7a7535992fac — 9 fields changed, isInsert=true, vesselId=744535d0-841a-11ed-aa7c-7003bca91a86, instanceId=SHORE-PROD
[2026-05-16T01:55:19.952Z] [SyncDiag] FIELD-LOGGER: inventory_transactions row=146229a1-5e0f-427f-b2be-63d9138ecc08 — 18 fields changed, isInsert=true, vesselId=744535d0-841a-11ed-aa7c-7003bca91a86, instanceId=SHORE-PROD
[2026-05-16T01:55:19.989Z] [SyncDiag] FIELD-LOGGER: inventory_transactions row=60343289-ccf4-41da-8fd7-cb4c073c0c06 — 18 fields changed, isInsert=true, vesselId=744535d0-841a-11ed-aa7c-7003bca91a86, instanceId=SHORE-PROD
[2026-05-16T01:55:20.053Z] [SyncDiag] FIELD-LOGGER: spares row=283ae42f-1dbd-43e8-8152-4dc557c4a0e0 — 31 fields changed, isInsert=true, vesselId=744535d0-841a-11ed-aa7c-7003bca91a86, instanceId=SHORE-PROD
[2026-05-16T01:55:20.072Z] [SyncDiag] FIELD-LOGGER: spare_location_stock row=359b9de5-5db2-421b-96a7-ec7a170230f1 — 9 fields changed, isInsert=true, vesselId=744535d0-841a-11ed-aa7c-7003bca91a86, instanceId=SHORE-PROD
[2026-05-16T01:55:20.091Z] [SyncDiag] FIELD-LOGGER: spare_location_stock row=e17a077b-2e30-4817-a6f4-45b22298c577 — 9 fields changed, isInsert=true, vesselId=744535d0-841a-11ed-aa7c-7003bca91a86, instanceId=SHORE-PROD
[2026-05-16T01:55:20.114Z] [SyncDiag] FIELD-LOGGER: spare_component_links row=f49b5638-c63c-4841-9cfe-a6c81a593e19 — 9 fields changed, isInsert=true, vesselId=744535d0-841a-11ed-aa7c-7003bca91a86, instanceId=SHORE-PROD
[2026-05-16T01:55:20.154Z] [SyncDiag] FIELD-LOGGER: inventory_transactions row=125d93f0-0c4b-45fc-ab06-a083b52ea0db — 18 fields changed, isInsert=true, vesselId=744535d0-841a-11ed-aa7c-7003bca91a86, instanceId=SHORE-PROD
[2026-05-16T01:55:20.196Z] [SyncDiag] FIELD-LOGGER: inventory_transactions row=8fd3e26e-38b5-40f9-8071-939ffdd27470 — 18 fields changed, isInsert=true, vesselId=744535d0-841a-11ed-aa7c-7003bca91a86, instanceId=SHORE-PROD
[2026-05-16T01:55:20.255Z] [SyncDiag] FIELD-LOGGER: spares row=82766ebf-c064-4c6e-80b5-e14ff0ed11dd — 31 fields changed, isInsert=true, vesselId=744535d0-841a-11ed-aa7c-7003bca91a86, instanceId=SHORE-PROD
[2026-05-16T01:55:20.276Z] [SyncDiag] FIELD-LOGGER: spare_location_stock row=215a45a6-6556-43c9-bd7d-a53b73ce8a35 — 9 fields changed, isInsert=true, vesselId=744535d0-841a-11ed-aa7c-7003bca91a86, instanceId=SHORE-PROD
[2026-05-16T01:55:20.296Z] [SyncDiag] FIELD-LOGGER: spare_location_stock row=b26a3fb8-3ddd-45b3-a02f-a2c449bf12e9 — 9 fields changed, isInsert=true, vesselId=744535d0-841a-11ed-aa7c-7003bca91a86, instanceId=SHORE-PROD
[2026-05-16T01:55:20.319Z] [SyncDiag] FIELD-LOGGER: spare_component_links row=a8c1db27-4923-4300-9054-d3ca94eac1d5 — 9 fields changed, isInsert=true, vesselId=744535d0-841a-11ed-aa7c-7003bca91a86, instanceId=SHORE-PROD
[2026-05-16T01:55:20.357Z] [SyncDiag] FIELD-LOGGER: inventory_transactions row=39e37ea1-7649-4c26-88c4-8ff6941e8a12 — 18 fields changed, isInsert=true, vesselId=744535d0-841a-11ed-aa7c-7003bca91a86, instanceId=SHORE-PROD
[2026-05-16T01:55:20.398Z] [SyncDiag] FIELD-LOGGER: inventory_transactions row=3a07b601-5a7a-4e96-88f1-6ca2baf58e3c — 18 fields changed, isInsert=true, vesselId=744535d0-841a-11ed-aa7c-7003bca91a86, instanceId=SHORE-PROD
[2026-05-16T01:55:20.466Z] [SyncDiag] FIELD-LOGGER: spares row=5c408bd2-793b-4be1-8a4a-7ed0b63084a0 — 31 fields changed, isInsert=true, vesselId=744535d0-841a-11ed-aa7c-7003bca91a86, instanceId=SHORE-PROD
[2026-05-16T01:55:20.485Z] [SyncDiag] FIELD-LOGGER: spare_location_stock row=df87fb53-88d0-4a7e-a46b-fc4d5c1b6196 — 9 fields changed, isInsert=true, vesselId=744535d0-841a-11ed-aa7c-7003bca91a86, instanceId=SHORE-PROD
[2026-05-16T01:55:20.505Z] [SyncDiag] FIELD-LOGGER: spare_location_stock row=19eb9011-5cfb-482d-9f0d-02304049fcc7 — 9 fields changed, isInsert=true, vesselId=744535d0-841a-11ed-aa7c-7003bca91a86, instanceId=SHORE-PROD
[2026-05-16T01:55:20.526Z] [SyncDiag] FIELD-LOGGER: spare_component_links row=edd8b694-97b5-4a8f-8c9f-677d7888edcc — 9 fields changed, isInsert=true, vesselId=744535d0-841a-11ed-aa7c-7003bca91a86, instanceId=SHORE-PROD
[2026-05-16T01:55:20.561Z] [SyncDiag] FIELD-LOGGER: inventory_transactions row=c022a12f-3418-4d9d-8f79-53b047d3549e — 18 fields changed, isInsert=true, vesselId=744535d0-841a-11ed-aa7c-7003bca91a86, instanceId=SHORE-PROD
[2026-05-16T01:55:20.598Z] [SyncDiag] FIELD-LOGGER: inventory_transactions row=38f1f967-6dcf-4466-bf75-9d6546c55218 — 18 fields changed, isInsert=true, vesselId=744535d0-841a-11ed-aa7c-7003bca91a86, instanceId=SHORE-PROD
[2026-05-16T01:55:20.654Z] [SyncDiag] FIELD-LOGGER: spares row=874c1ae5-d81b-452c-b318-bad3d3826f78 — 31 fields changed, isInsert=true, vesselId=744535d0-841a-11ed-aa7c-7003bca91a86, instanceId=SHORE-PROD
[2026-05-16T01:55:20.674Z] [SyncDiag] FIELD-LOGGER: spare_location_stock row=adacd850-5802-49d9-8f8c-d66caf40b18b — 9 fields changed, isInsert=true, vesselId=744535d0-841a-11ed-aa7c-7003bca91a86, instanceId=SHORE-PROD
[2026-05-16T01:55:20.695Z] [SyncDiag] FIELD-LOGGER: spare_location_stock row=e6b8ab58-b4af-4d53-b7a2-35f6d8901bd2 — 9 fields changed, isInsert=true, vesselId=744535d0-841a-11ed-aa7c-7003bca91a86, instanceId=SHORE-PROD
[2026-05-16T01:55:20.716Z] [SyncDiag] FIELD-LOGGER: spare_component_links row=ebf118f4-1feb-455d-aa87-b8659c3a6bf2 — 9 fields changed, isInsert=true, vesselId=744535d0-841a-11ed-aa7c-7003bca91a86, instanceId=SHORE-PROD
[2026-05-16T01:55:20.763Z] [SyncDiag] FIELD-LOGGER: inventory_transactions row=b184930c-7038-4dbe-96e6-fd2c43832c7d — 18 fields changed, isInsert=true, vesselId=744535d0-841a-11ed-aa7c-7003bca91a86, instanceId=SHORE-PROD
[2026-05-16T01:55:20.801Z] [SyncDiag] FIELD-LOGGER: inventory_transactions row=0c95c5e3-da93-4b09-ae48-8a0d487f6f61 — 18 fields changed, isInsert=true, vesselId=744535d0-841a-11ed-aa7c-7003bca91a86, instanceId=SHORE-PROD
[2026-05-16T01:55:20.861Z] [SyncDiag] FIELD-LOGGER: spares row=7bb77dcb-062f-4b87-9900-43b7c2a57639 — 31 fields changed, isInsert=true, vesselId=744535d0-841a-11ed-aa7c-7003bca91a86, instanceId=SHORE-PROD
[2026-05-16T01:55:20.879Z] [SyncDiag] FIELD-LOGGER: spare_location_stock row=af304255-1e5e-4ef6-9776-4ac4e682b307 — 9 fields changed, isInsert=true, vesselId=744535d0-841a-11ed-aa7c-7003bca91a86, instanceId=SHORE-PROD
[2026-05-16T01:55:20.898Z] [SyncDiag] FIELD-LOGGER: spare_location_stock row=f2a51a5d-8a0b-4ba6-88e7-3f4470f6a006 — 9 fields changed, isInsert=true, vesselId=744535d0-841a-11ed-aa7c-7003bca91a86, instanceId=SHORE-PROD
[2026-05-16T01:55:20.922Z] [SyncDiag] FIELD-LOGGER: spare_component_links row=3ffcfc14-09e5-43ce-8470-aca24d4ab953 — 9 fields changed, isInsert=true, vesselId=744535d0-841a-11ed-aa7c-7003bca91a86, instanceId=SHORE-PROD
[2026-05-16T01:55:20.961Z] [SyncDiag] FIELD-LOGGER: inventory_transactions row=5f55919e-115c-429d-8251-d1a694256654 — 18 fields changed, isInsert=true, vesselId=744535d0-841a-11ed-aa7c-7003bca91a86, instanceId=SHORE-PROD
[2026-05-16T01:55:21.000Z] [SyncDiag] FIELD-LOGGER: inventory_transactions row=343b9d65-3c0a-49d2-b46f-19564ded769c — 18 fields changed, isInsert=true, vesselId=744535d0-841a-11ed-aa7c-7003bca91a86, instanceId=SHORE-PROD
[2026-05-16T01:55:21.057Z] [SyncDiag] FIELD-LOGGER: spares row=49b5c2e1-29a5-4966-87dd-6b07daeb473d — 31 fields changed, isInsert=true, vesselId=744535d0-841a-11ed-aa7c-7003bca91a86, instanceId=SHORE-PROD
[2026-05-16T01:55:21.077Z] [SyncDiag] FIELD-LOGGER: spare_location_stock row=838155d3-a826-483f-858d-84bcfca147cf — 9 fields changed, isInsert=true, vesselId=744535d0-841a-11ed-aa7c-7003bca91a86, instanceId=SHORE-PROD
[2026-05-16T01:55:21.097Z] [SyncDiag] FIELD-LOGGER: spare_location_stock row=8e50cc12-ec68-4788-9142-8db8899ad807 — 9 fields changed, isInsert=true, vesselId=744535d0-841a-11ed-aa7c-7003bca91a86, instanceId=SHORE-PROD
[2026-05-16T01:55:21.118Z] [SyncDiag] FIELD-LOGGER: spare_component_links row=3d504617-37b2-4e0f-8db5-5418e8eb9b3a — 9 fields changed, isInsert=true, vesselId=744535d0-841a-11ed-aa7c-7003bca91a86, instanceId=SHORE-PROD
[2026-05-16T01:55:21.159Z] [SyncDiag] FIELD-LOGGER: inventory_transactions row=9cc29770-6cc8-448a-90b2-fde83b93f1b6 — 18 fields changed, isInsert=true, vesselId=744535d0-841a-11ed-aa7c-7003bca91a86, instanceId=SHORE-PROD
[2026-05-16T01:55:21.197Z] [SyncDiag] FIELD-LOGGER: inventory_transactions row=f09ac656-b824-44c8-a426-7dd0b7d69676 — 18 fields changed, isInsert=true, vesselId=744535d0-841a-11ed-aa7c-7003bca91a86, instanceId=SHORE-PROD
[2026-05-16T01:55:21.256Z] [SyncDiag] FIELD-LOGGER: spares row=183e07eb-83b3-425f-83d2-41947fafb34a — 31 fields changed, isInsert=true, vesselId=744535d0-841a-11ed-aa7c-7003bca91a86, instanceId=SHORE-PROD
[2026-05-16T01:55:21.276Z] [SyncDiag] FIELD-LOGGER: spare_location_stock row=40186b7d-ff4f-4467-9c17-666efac86ab2 — 9 fields changed, isInsert=true, vesselId=744535d0-841a-11ed-aa7c-7003bca91a86, instanceId=SHORE-PROD
[2026-05-16T01:55:21.295Z] [SyncDiag] FIELD-LOGGER: spare_location_stock row=a82c40b8-2538-491b-9cac-269ab04fb907 — 9 fields changed, isInsert=true, vesselId=744535d0-841a-11ed-aa7c-7003bca91a86, instanceId=SHORE-PROD
[2026-05-16T01:55:21.317Z] [SyncDiag] FIELD-LOGGER: spare_component_links row=dd0d316a-7b04-43b8-9bb4-749c68d6a401 — 9 fields changed, isInsert=true, vesselId=744535d0-841a-11ed-aa7c-7003bca91a86, instanceId=SHORE-PROD
[2026-05-16T01:55:21.354Z] [SyncDiag] FIELD-LOGGER: inventory_transactions row=b988bc3d-5e39-4e89-a496-9fa337b55709 — 18 fields changed, isInsert=true, vesselId=744535d0-841a-11ed-aa7c-7003bca91a86, instanceId=SHORE-PROD
[2026-05-16T01:55:21.392Z] [SyncDiag] FIELD-LOGGER: inventory_transactions row=17b8d612-3ab9-48d1-88b1-c9202c79dad3 — 18 fields changed, isInsert=true, vesselId=744535d0-841a-11ed-aa7c-7003bca91a86, instanceId=SHORE-PROD
[2026-05-16T01:55:21.450Z] [SyncDiag] FIELD-LOGGER: spares row=f2c359b5-678d-4b00-9774-ec141b679123 — 31 fields changed, isInsert=true, vesselId=744535d0-841a-11ed-aa7c-7003bca91a86, instanceId=SHORE-PROD
[2026-05-16T01:55:21.470Z] [SyncDiag] FIELD-LOGGER: spare_location_stock row=e72808f2-383d-4710-972c-cc05673f0a65 — 9 fields changed, isInsert=true, vesselId=744535d0-841a-11ed-aa7c-7003bca91a86, instanceId=SHORE-PROD
[2026-05-16T01:55:21.490Z] [SyncDiag] FIELD-LOGGER: spare_location_stock row=b8aee108-85b3-48b9-8870-1a73c606ec22 — 9 fields changed, isInsert=true, vesselId=744535d0-841a-11ed-aa7c-7003bca91a86, instanceId=SHORE-PROD
[2026-05-16T01:55:21.513Z] [SyncDiag] FIELD-LOGGER: spare_component_links row=520840ef-85f1-40b5-b3f3-17a608860404 — 9 fields changed, isInsert=true, vesselId=744535d0-841a-11ed-aa7c-7003bca91a86, instanceId=SHORE-PROD
[2026-05-16T01:55:21.548Z] [SyncDiag] FIELD-LOGGER: inventory_transactions row=2e5a6a3f-0c76-40f1-bcf9-3ac4aabb05ab — 18 fields changed, isInsert=true, vesselId=744535d0-841a-11ed-aa7c-7003bca91a86, instanceId=SHORE-PROD
[2026-05-16T01:55:21.587Z] [SyncDiag] FIELD-LOGGER: inventory_transactions row=209bdd27-f6ea-4564-8d67-383213d13f3c — 18 fields changed, isInsert=true, vesselId=744535d0-841a-11ed-aa7c-7003bca91a86, instanceId=SHORE-PROD
[2026-05-16T01:55:21.645Z] [SyncDiag] FIELD-LOGGER: spares row=fa5e69d4-c752-43d3-9183-d1cb7dea2a81 — 30 fields changed, isInsert=true, vesselId=744535d0-841a-11ed-aa7c-7003bca91a86, instanceId=SHORE-PROD
[2026-05-16T01:55:21.664Z] [SyncDiag] FIELD-LOGGER: spare_location_stock row=ad1dae2e-9db7-44a9-9893-09440455ce23 — 9 fields changed, isInsert=true, vesselId=744535d0-841a-11ed-aa7c-7003bca91a86, instanceId=SHORE-PROD
[2026-05-16T01:55:21.683Z] [SyncDiag] FIELD-LOGGER: spare_location_stock row=0fd6026d-c398-43f3-a78c-9accb25814ac — 9 fields changed, isInsert=true, vesselId=744535d0-841a-11ed-aa7c-7003bca91a86, instanceId=SHORE-PROD
[2026-05-16T01:55:21.705Z] [SyncDiag] FIELD-LOGGER: spare_component_links row=e7eb98ec-2b7f-465c-bac3-4e03e1aa0570 — 9 fields changed, isInsert=true, vesselId=744535d0-841a-11ed-aa7c-7003bca91a86, instanceId=SHORE-PROD
[2026-05-16T01:55:21.742Z] [SyncDiag] FIELD-LOGGER: inventory_transactions row=cb3f44d0-7d83-4486-8293-7e91475b62db — 18 fields changed, isInsert=true, vesselId=744535d0-841a-11ed-aa7c-7003bca91a86, instanceId=SHORE-PROD
[2026-05-16T01:55:21.780Z] [SyncDiag] FIELD-LOGGER: inventory_transactions row=3e9fc72d-9ffb-4009-8575-f59494a0e0c4 — 18 fields changed, isInsert=true, vesselId=744535d0-841a-11ed-aa7c-7003bca91a86, instanceId=SHORE-PROD
[2026-05-16T01:55:21.834Z] [SyncDiag] FIELD-LOGGER: spares row=c9b1d3e1-f6d0-4b82-8bb1-1cc98370bb86 — 30 fields changed, isInsert=true, vesselId=744535d0-841a-11ed-aa7c-7003bca91a86, instanceId=SHORE-PROD
[2026-05-16T01:55:21.854Z] [SyncDiag] FIELD-LOGGER: spare_location_stock row=36f4c698-68e9-48ad-8b95-5a23be9fa5ce — 9 fields changed, isInsert=true, vesselId=744535d0-841a-11ed-aa7c-7003bca91a86, instanceId=SHORE-PROD
[2026-05-16T01:55:21.873Z] [SyncDiag] FIELD-LOGGER: spare_location_stock row=81bf643d-5ed8-44c4-9f28-5bbe3ab1c98b — 9 fields changed, isInsert=true, vesselId=744535d0-841a-11ed-aa7c-7003bca91a86, instanceId=SHORE-PROD
[2026-05-16T01:55:21.892Z] [SyncDiag] FIELD-LOGGER: spare_component_links row=f52a6ee9-22f1-49e9-a866-719122b3d11e — 9 fields changed, isInsert=true, vesselId=744535d0-841a-11ed-aa7c-7003bca91a86, instanceId=SHORE-PROD
[2026-05-16T01:55:21.928Z] [SyncDiag] FIELD-LOGGER: inventory_transactions row=16628f6b-ffb8-45c6-b30b-a253b1c37a32 — 18 fields changed, isInsert=true, vesselId=744535d0-841a-11ed-aa7c-7003bca91a86, instanceId=SHORE-PROD
[2026-05-16T01:55:21.964Z] [SyncDiag] FIELD-LOGGER: inventory_transactions row=6de54676-e1f3-4d8f-8e9b-f8ad48652f36 — 18 fields changed, isInsert=true, vesselId=744535d0-841a-11ed-aa7c-7003bca91a86, instanceId=SHORE-PROD
[2026-05-16T01:55:22.016Z] [SyncDiag] FIELD-LOGGER: spares row=45606324-84da-4145-958b-5e842e994e19 — 30 fields changed, isInsert=true, vesselId=744535d0-841a-11ed-aa7c-7003bca91a86, instanceId=SHORE-PROD
[2026-05-16T01:55:22.038Z] [SyncDiag] FIELD-LOGGER: spare_location_stock row=fced8dbf-fb46-456f-ab4d-63b108f03cf8 — 9 fields changed, isInsert=true, vesselId=744535d0-841a-11ed-aa7c-7003bca91a86, instanceId=SHORE-PROD
[2026-05-16T01:55:22.057Z] [SyncDiag] FIELD-LOGGER: spare_location_stock row=41e9d44c-41d1-4510-b89f-d5acb6750835 — 9 fields changed, isInsert=true, vesselId=744535d0-841a-11ed-aa7c-7003bca91a86, instanceId=SHORE-PROD
[2026-05-16T01:55:22.078Z] [SyncDiag] FIELD-LOGGER: spare_component_links row=5ac95083-f60c-4f34-8e17-96c258affe43 — 9 fields changed, isInsert=true, vesselId=744535d0-841a-11ed-aa7c-7003bca91a86, instanceId=SHORE-PROD
[2026-05-16T01:55:22.113Z] [SyncDiag] FIELD-LOGGER: inventory_transactions row=ed2a48de-f2b8-4e25-86ae-eaaa78a8189f — 18 fields changed, isInsert=true, vesselId=744535d0-841a-11ed-aa7c-7003bca91a86, instanceId=SHORE-PROD
[2026-05-16T01:55:22.150Z] [SyncDiag] FIELD-LOGGER: inventory_transactions row=23397c23-6981-4e42-be36-866b734552fc — 18 fields changed, isInsert=true, vesselId=744535d0-841a-11ed-aa7c-7003bca91a86, instanceId=SHORE-PROD
[2026-05-16T01:55:22.204Z] [SyncDiag] FIELD-LOGGER: spares row=ca22fcf7-bff9-4036-ba27-7d7a2c49fb27 — 30 fields changed, isInsert=true, vesselId=744535d0-841a-11ed-aa7c-7003bca91a86, instanceId=SHORE-PROD
[2026-05-16T01:55:22.227Z] [SyncDiag] FIELD-LOGGER: spare_location_stock row=12edeeb6-7a1a-4f34-ba5f-333048adcdd4 — 9 fields changed, isInsert=true, vesselId=744535d0-841a-11ed-aa7c-7003bca91a86, instanceId=SHORE-PROD
[2026-05-16T01:55:22.248Z] [SyncDiag] FIELD-LOGGER: spare_location_stock row=fd78e920-bf6c-4b47-9732-3e6ff1d1aded — 9 fields changed, isInsert=true, vesselId=744535d0-841a-11ed-aa7c-7003bca91a86, instanceId=SHORE-PROD
[2026-05-16T01:55:22.268Z] [SyncDiag] FIELD-LOGGER: spare_component_links row=ca95d583-07ed-4e24-a610-b63e04c782da — 9 fields changed, isInsert=true, vesselId=744535d0-841a-11ed-aa7c-7003bca91a86, instanceId=SHORE-PROD
[2026-05-16T01:55:22.305Z] [SyncDiag] FIELD-LOGGER: inventory_transactions row=287fc4fd-b549-4e72-ab59-1455bec52751 — 18 fields changed, isInsert=true, vesselId=744535d0-841a-11ed-aa7c-7003bca91a86, instanceId=SHORE-PROD
[2026-05-16T01:55:22.339Z] [SyncDiag] FIELD-LOGGER: inventory_transactions row=709a56b5-5a31-47e9-ad18-b194ee12f184 — 18 fields changed, isInsert=true, vesselId=744535d0-841a-11ed-aa7c-7003bca91a86, instanceId=SHORE-PROD
[2026-05-16T01:55:22.393Z] [SyncDiag] FIELD-LOGGER: spares row=6a247e69-a1f1-4779-aed4-942ac3880531 — 30 fields changed, isInsert=true, vesselId=744535d0-841a-11ed-aa7c-7003bca91a86, instanceId=SHORE-PROD
[2026-05-16T01:55:22.413Z] [SyncDiag] FIELD-LOGGER: spare_location_stock row=c1b787d1-71bd-4ea8-a99f-35288e541a51 — 9 fields changed, isInsert=true, vesselId=744535d0-841a-11ed-aa7c-7003bca91a86, instanceId=SHORE-PROD
[2026-05-16T01:55:22.433Z] [SyncDiag] FIELD-LOGGER: spare_location_stock row=ceeaebe9-a881-41d0-a655-135b1fe1f1d1 — 9 fields changed, isInsert=true, vesselId=744535d0-841a-11ed-aa7c-7003bca91a86, instanceId=SHORE-PROD
[2026-05-16T01:55:22.453Z] [SyncDiag] FIELD-LOGGER: spare_component_links row=a10a554f-7e92-403f-9a16-d555c8d26146 — 9 fields changed, isInsert=true, vesselId=744535d0-841a-11ed-aa7c-7003bca91a86, instanceId=SHORE-PROD
[2026-05-16T01:55:22.490Z] [SyncDiag] FIELD-LOGGER: inventory_transactions row=0b03cc05-67cb-437c-962f-b47c91c63c5e — 18 fields changed, isInsert=true, vesselId=744535d0-841a-11ed-aa7c-7003bca91a86, instanceId=SHORE-PROD
[2026-05-16T01:55:22.525Z] [SyncDiag] FIELD-LOGGER: inventory_transactions row=45f80658-178b-4b75-bfcd-f73f4b00296f — 18 fields changed, isInsert=true, vesselId=744535d0-841a-11ed-aa7c-7003bca91a86, instanceId=SHORE-PROD
[2026-05-16T01:55:22.578Z] [SyncDiag] FIELD-LOGGER: spares row=442ce4e1-b2e8-4eb9-a989-7145226eaf08 — 30 fields changed, isInsert=true, vesselId=744535d0-841a-11ed-aa7c-7003bca91a86, instanceId=SHORE-PROD
[2026-05-16T01:55:22.596Z] [SyncDiag] FIELD-LOGGER: spare_location_stock row=c4d58434-0d4d-4670-819f-28afea4b85c7 — 9 fields changed, isInsert=true, vesselId=744535d0-841a-11ed-aa7c-7003bca91a86, instanceId=SHORE-PROD
[2026-05-16T01:55:22.614Z] [SyncDiag] FIELD-LOGGER: spare_location_stock row=efec155c-6a9f-46db-9b22-eacd44039975 — 9 fields changed, isInsert=true, vesselId=744535d0-841a-11ed-aa7c-7003bca91a86, instanceId=SHORE-PROD
[2026-05-16T01:55:22.634Z] [SyncDiag] FIELD-LOGGER: spare_component_links row=c663e57f-25de-4226-9c63-b8a9bbfd0497 — 9 fields changed, isInsert=true, vesselId=744535d0-841a-11ed-aa7c-7003bca91a86, instanceId=SHORE-PROD
[2026-05-16T01:55:22.673Z] [SyncDiag] FIELD-LOGGER: inventory_transactions row=7c169575-33e8-4aa5-856e-1656f573d79d — 18 fields changed, isInsert=true, vesselId=744535d0-841a-11ed-aa7c-7003bca91a86, instanceId=SHORE-PROD
[2026-05-16T01:55:22.711Z] [SyncDiag] FIELD-LOGGER: inventory_transactions row=cd41eb7a-531c-4675-8f68-5909e473bf5e — 18 fields changed, isInsert=true, vesselId=744535d0-841a-11ed-aa7c-7003bca91a86, instanceId=SHORE-PROD
[2026-05-16T01:55:22.767Z] [SyncDiag] FIELD-LOGGER: spares row=5c6e37da-7af5-4289-bfe1-242aa165adbf — 30 fields changed, isInsert=true, vesselId=744535d0-841a-11ed-aa7c-7003bca91a86, instanceId=SHORE-PROD
[2026-05-16T01:55:22.787Z] [SyncDiag] FIELD-LOGGER: spare_location_stock row=fbad8ddd-e233-4f5a-a661-25d400c70ec2 — 9 fields changed, isInsert=true, vesselId=744535d0-841a-11ed-aa7c-7003bca91a86, instanceId=SHORE-PROD
[2026-05-16T01:55:22.805Z] [SyncDiag] FIELD-LOGGER: spare_location_stock row=e3f27582-8d7d-4659-a181-0fc438ec5631 — 9 fields changed, isInsert=true, vesselId=744535d0-841a-11ed-aa7c-7003bca91a86, instanceId=SHORE-PROD
[2026-05-16T01:55:22.825Z] [SyncDiag] FIELD-LOGGER: spare_component_links row=f5f51120-6793-4d17-86d1-19e1744817f2 — 9 fields changed, isInsert=true, vesselId=744535d0-841a-11ed-aa7c-7003bca91a86, instanceId=SHORE-PROD
[2026-05-16T01:55:22.863Z] [SyncDiag] FIELD-LOGGER: inventory_transactions row=ce6e05b2-c0e2-4f5a-ab9d-585483186ed2 — 18 fields changed, isInsert=true, vesselId=744535d0-841a-11ed-aa7c-7003bca91a86, instanceId=SHORE-PROD
[2026-05-16T01:55:22.901Z] [SyncDiag] FIELD-LOGGER: inventory_transactions row=ff5ea1e0-9897-4d80-88d1-227fec45effc — 18 fields changed, isInsert=true, vesselId=744535d0-841a-11ed-aa7c-7003bca91a86, instanceId=SHORE-PROD
[2026-05-16T01:55:22.958Z] [SyncDiag] FIELD-LOGGER: spares row=590a3e69-45e2-43fb-8117-dd5c4b46e43d — 30 fields changed, isInsert=true, vesselId=744535d0-841a-11ed-aa7c-7003bca91a86, instanceId=SHORE-PROD
[2026-05-16T01:55:22.977Z] [SyncDiag] FIELD-LOGGER: spare_location_stock row=637046e9-3ec9-484c-aa82-552520338f1c — 9 fields changed, isInsert=true, vesselId=744535d0-841a-11ed-aa7c-7003bca91a86, instanceId=SHORE-PROD
[2026-05-16T01:55:22.996Z] [SyncDiag] FIELD-LOGGER: spare_location_stock row=677d22bf-f01a-48b1-b802-065fd59d04ba — 9 fields changed, isInsert=true, vesselId=744535d0-841a-11ed-aa7c-7003bca91a86, instanceId=SHORE-PROD
[2026-05-16T01:55:23.020Z] [SyncDiag] FIELD-LOGGER: spare_component_links row=6bacb7fe-aa08-4939-9dc2-043b272cfc98 — 9 fields changed, isInsert=true, vesselId=744535d0-841a-11ed-aa7c-7003bca91a86, instanceId=SHORE-PROD
[2026-05-16T01:55:23.057Z] [SyncDiag] FIELD-LOGGER: inventory_transactions row=0779477b-f929-4bd7-8fd0-8d95778eded7 — 18 fields changed, isInsert=true, vesselId=744535d0-841a-11ed-aa7c-7003bca91a86, instanceId=SHORE-PROD
[2026-05-16T01:55:23.092Z] [SyncDiag] FIELD-LOGGER: inventory_transactions row=8abbe718-796e-4fae-9539-18f65e52417d — 18 fields changed, isInsert=true, vesselId=744535d0-841a-11ed-aa7c-7003bca91a86, instanceId=SHORE-PROD
[2026-05-16T01:55:23.147Z] [SyncDiag] FIELD-LOGGER: spares row=0977b8ec-bef9-4429-a913-b020479a34e6 — 30 fields changed, isInsert=true, vesselId=744535d0-841a-11ed-aa7c-7003bca91a86, instanceId=SHORE-PROD
[2026-05-16T01:55:23.169Z] [SyncDiag] FIELD-LOGGER: spare_location_stock row=6aa04eae-ef54-4e0f-8a3f-5e76010b29da — 9 fields changed, isInsert=true, vesselId=744535d0-841a-11ed-aa7c-7003bca91a86, instanceId=SHORE-PROD
[2026-05-16T01:55:23.187Z] [SyncDiag] FIELD-LOGGER: spare_location_stock row=6eefdae5-3ce1-462f-8947-b347d19d385e — 9 fields changed, isInsert=true, vesselId=744535d0-841a-11ed-aa7c-7003bca91a86, instanceId=SHORE-PROD
[2026-05-16T01:55:23.208Z] [SyncDiag] FIELD-LOGGER: spare_component_links row=3b7b1ae0-4f87-45d3-a2b4-633d8503727e — 9 fields changed, isInsert=true, vesselId=744535d0-841a-11ed-aa7c-7003bca91a86, instanceId=SHORE-PROD
[2026-05-16T01:55:23.244Z] [SyncDiag] FIELD-LOGGER: inventory_transactions row=967b49d2-bb5f-46b7-940c-b8f03dae2d6c — 18 fields changed, isInsert=true, vesselId=744535d0-841a-11ed-aa7c-7003bca91a86, instanceId=SHORE-PROD
[2026-05-16T01:55:23.281Z] [SyncDiag] FIELD-LOGGER: inventory_transactions row=b12716c6-f012-48f9-b1b1-bfc14e2ae252 — 18 fields changed, isInsert=true, vesselId=744535d0-841a-11ed-aa7c-7003bca91a86, instanceId=SHORE-PROD
[2026-05-16T01:55:23.334Z] [SyncDiag] FIELD-LOGGER: spares row=c8e4f27a-3c05-4a61-a057-b6e673893419 — 30 fields changed, isInsert=true, vesselId=744535d0-841a-11ed-aa7c-7003bca91a86, instanceId=SHORE-PROD
[2026-05-16T01:55:23.352Z] [SyncDiag] FIELD-LOGGER: spare_location_stock row=cb13a908-5535-4689-bb97-3f57e5d16687 — 9 fields changed, isInsert=true, vesselId=744535d0-841a-11ed-aa7c-7003bca91a86, instanceId=SHORE-PROD
[2026-05-16T01:55:23.371Z] [SyncDiag] FIELD-LOGGER: spare_location_stock row=2d7bcaa5-86fb-47a1-9899-c0bc3be7f6c3 — 9 fields changed, isInsert=true, vesselId=744535d0-841a-11ed-aa7c-7003bca91a86, instanceId=SHORE-PROD
[2026-05-16T01:55:23.391Z] [SyncDiag] FIELD-LOGGER: spare_component_links row=2b569059-8c8d-4958-a0b1-0f6558effc08 — 9 fields changed, isInsert=true, vesselId=744535d0-841a-11ed-aa7c-7003bca91a86, instanceId=SHORE-PROD
[2026-05-16T01:55:23.426Z] [SyncDiag] FIELD-LOGGER: inventory_transactions row=dc9fd5ee-b1a3-4ca9-a215-d224b43c4fef — 18 fields changed, isInsert=true, vesselId=744535d0-841a-11ed-aa7c-7003bca91a86, instanceId=SHORE-PROD
[2026-05-16T01:55:23.463Z] [SyncDiag] FIELD-LOGGER: inventory_transactions row=d5d850fa-dd8b-4518-a511-68c97a21238c — 18 fields changed, isInsert=true, vesselId=744535d0-841a-11ed-aa7c-7003bca91a86, instanceId=SHORE-PROD
[2026-05-16T01:55:23.517Z] [SyncDiag] FIELD-LOGGER: spares row=ecf94d51-e1f0-4794-9767-d8552eb010b6 — 30 fields changed, isInsert=true, vesselId=744535d0-841a-11ed-aa7c-7003bca91a86, instanceId=SHORE-PROD
[2026-05-16T01:55:23.535Z] [SyncDiag] FIELD-LOGGER: spare_location_stock row=675fc517-8651-4a85-a1f0-6995816ebe83 — 9 fields changed, isInsert=true, vesselId=744535d0-841a-11ed-aa7c-7003bca91a86, instanceId=SHORE-PROD
[2026-05-16T01:55:23.555Z] [SyncDiag] FIELD-LOGGER: spare_location_stock row=95ea6191-43f6-411e-a0fb-125d9ca240f5 — 9 fields changed, isInsert=true, vesselId=744535d0-841a-11ed-aa7c-7003bca91a86, instanceId=SHORE-PROD
[2026-05-16T01:55:23.575Z] [SyncDiag] FIELD-LOGGER: spare_component_links row=3876ff9e-c89b-4eb7-92b0-6b77e532a15e — 9 fields changed, isInsert=true, vesselId=744535d0-841a-11ed-aa7c-7003bca91a86, instanceId=SHORE-PROD
[2026-05-16T01:55:23.609Z] [SyncDiag] FIELD-LOGGER: inventory_transactions row=d37ac6a1-dffd-4d65-a40c-fb04f24f09a3 — 18 fields changed, isInsert=true, vesselId=744535d0-841a-11ed-aa7c-7003bca91a86, instanceId=SHORE-PROD
[2026-05-16T01:55:23.645Z] [SyncDiag] FIELD-LOGGER: inventory_transactions row=e2a1af4d-71f5-407e-8025-83c1b07f1fb0 — 18 fields changed, isInsert=true, vesselId=744535d0-841a-11ed-aa7c-7003bca91a86, instanceId=SHORE-PROD
[2026-05-16T01:55:23.699Z] [SyncDiag] FIELD-LOGGER: spares row=994fc0a9-62a2-4b85-93f4-5155c7d7163c — 30 fields changed, isInsert=true, vesselId=744535d0-841a-11ed-aa7c-7003bca91a86, instanceId=SHORE-PROD
[2026-05-16T01:55:23.718Z] [SyncDiag] FIELD-LOGGER: spare_location_stock row=e2c097da-678d-43ac-a4c3-b0356a03de16 — 9 fields changed, isInsert=true, vesselId=744535d0-841a-11ed-aa7c-7003bca91a86, instanceId=SHORE-PROD
[2026-05-16T01:55:23.737Z] [SyncDiag] FIELD-LOGGER: spare_location_stock row=c6bb958c-66a5-4556-b0bf-3445883677ab — 9 fields changed, isInsert=true, vesselId=744535d0-841a-11ed-aa7c-7003bca91a86, instanceId=SHORE-PROD
[2026-05-16T01:55:23.758Z] [SyncDiag] FIELD-LOGGER: spare_component_links row=ab360031-6b20-40ea-b700-e24a3f47a71b — 9 fields changed, isInsert=true, vesselId=744535d0-841a-11ed-aa7c-7003bca91a86, instanceId=SHORE-PROD
[2026-05-16T01:55:23.794Z] [SyncDiag] FIELD-LOGGER: inventory_transactions row=e2204f73-590d-435c-b5c0-3c595a9df655 — 18 fields changed, isInsert=true, vesselId=744535d0-841a-11ed-aa7c-7003bca91a86, instanceId=SHORE-PROD
[2026-05-16T01:55:23.833Z] [SyncDiag] FIELD-LOGGER: inventory_transactions row=6833d358-a5a8-40aa-a5b2-f9dc568a8839 — 18 fields changed, isInsert=true, vesselId=744535d0-841a-11ed-aa7c-7003bca91a86, instanceId=SHORE-PROD
[2026-05-16T01:55:23.899Z] [SyncDiag] FIELD-LOGGER: spares row=a1fb73c0-70da-4c7a-b268-80cc0ac44f38 — 30 fields changed, isInsert=true, vesselId=744535d0-841a-11ed-aa7c-7003bca91a86, instanceId=SHORE-PROD
[2026-05-16T01:55:23.918Z] [SyncDiag] FIELD-LOGGER: spare_location_stock row=a5684896-7e53-4758-9b16-81e0e89a42c9 — 9 fields changed, isInsert=true, vesselId=744535d0-841a-11ed-aa7c-7003bca91a86, instanceId=SHORE-PROD
[2026-05-16T01:55:23.937Z] [SyncDiag] FIELD-LOGGER: spare_location_stock row=a67854ae-4236-492f-8e11-1ca9ee6655d8 — 9 fields changed, isInsert=true, vesselId=744535d0-841a-11ed-aa7c-7003bca91a86, instanceId=SHORE-PROD
[2026-05-16T01:55:23.957Z] [SyncDiag] FIELD-LOGGER: spare_component_links row=b49d86c4-1f77-4f06-bc2b-d144e07e3b14 — 9 fields changed, isInsert=true, vesselId=744535d0-841a-11ed-aa7c-7003bca91a86, instanceId=SHORE-PROD
[2026-05-16T01:55:23.992Z] [SyncDiag] FIELD-LOGGER: inventory_transactions row=4bd39fed-48cf-4b45-ac3a-c8156a7a0494 — 18 fields changed, isInsert=true, vesselId=744535d0-841a-11ed-aa7c-7003bca91a86, instanceId=SHORE-PROD
[2026-05-16T01:55:24.027Z] [SyncDiag] FIELD-LOGGER: inventory_transactions row=c8183254-4242-4988-9db7-aded7f378205 — 18 fields changed, isInsert=true, vesselId=744535d0-841a-11ed-aa7c-7003bca91a86, instanceId=SHORE-PROD
[2026-05-16T01:55:24.079Z] [SyncDiag] FIELD-LOGGER: spares row=0a4fa15c-ad18-4b11-b301-7be2422bd514 — 30 fields changed, isInsert=true, vesselId=744535d0-841a-11ed-aa7c-7003bca91a86, instanceId=SHORE-PROD
[2026-05-16T01:55:24.098Z] [SyncDiag] FIELD-LOGGER: spare_location_stock row=af27c4d7-03fc-4da9-842e-d602ebdf44f1 — 9 fields changed, isInsert=true, vesselId=744535d0-841a-11ed-aa7c-7003bca91a86, instanceId=SHORE-PROD
[2026-05-16T01:55:24.116Z] [SyncDiag] FIELD-LOGGER: spare_location_stock row=e5ecbd07-78b1-487e-a15d-184577094885 — 9 fields changed, isInsert=true, vesselId=744535d0-841a-11ed-aa7c-7003bca91a86, instanceId=SHORE-PROD
[2026-05-16T01:55:24.136Z] [SyncDiag] FIELD-LOGGER: spare_component_links row=f6158893-ae61-4ce3-83f2-6326592b5f4c — 9 fields changed, isInsert=true, vesselId=744535d0-841a-11ed-aa7c-7003bca91a86, instanceId=SHORE-PROD
[2026-05-16T01:55:24.173Z] [SyncDiag] FIELD-LOGGER: inventory_transactions row=da47301f-554d-4420-9a91-51cc520aada8 — 18 fields changed, isInsert=true, vesselId=744535d0-841a-11ed-aa7c-7003bca91a86, instanceId=SHORE-PROD
[2026-05-16T01:55:24.209Z] [SyncDiag] FIELD-LOGGER: inventory_transactions row=8476eb08-bd58-4b91-818a-9c4251597b00 — 18 fields changed, isInsert=true, vesselId=744535d0-841a-11ed-aa7c-7003bca91a86, instanceId=SHORE-PROD
[2026-05-16T01:55:24.265Z] [SyncDiag] FIELD-LOGGER: spares row=56724493-57c3-451c-a714-f174c5facec7 — 31 fields changed, isInsert=true, vesselId=744535d0-841a-11ed-aa7c-7003bca91a86, instanceId=SHORE-PROD
[2026-05-16T01:55:24.285Z] [SyncDiag] FIELD-LOGGER: spare_location_stock row=498a3f45-05b6-45ce-82d3-e5b29a505ae3 — 9 fields changed, isInsert=true, vesselId=744535d0-841a-11ed-aa7c-7003bca91a86, instanceId=SHORE-PROD
[2026-05-16T01:55:24.304Z] [SyncDiag] FIELD-LOGGER: spare_location_stock row=777d3171-5997-4a89-b72d-315e40a178e6 — 9 fields changed, isInsert=true, vesselId=744535d0-841a-11ed-aa7c-7003bca91a86, instanceId=SHORE-PROD
[2026-05-16T01:55:24.326Z] [SyncDiag] FIELD-LOGGER: spare_component_links row=21c6bce4-2721-40a4-97b4-0938128ec8db — 9 fields changed, isInsert=true, vesselId=744535d0-841a-11ed-aa7c-7003bca91a86, instanceId=SHORE-PROD
[2026-05-16T01:55:24.364Z] [SyncDiag] FIELD-LOGGER: inventory_transactions row=fd6c63d8-1a38-4d18-adbd-bb065571b463 — 18 fields changed, isInsert=true, vesselId=744535d0-841a-11ed-aa7c-7003bca91a86, instanceId=SHORE-PROD
[2026-05-16T01:55:24.402Z] [SyncDiag] FIELD-LOGGER: inventory_transactions row=5ab5c5ee-24fd-436d-ab54-2172657f7dda — 18 fields changed, isInsert=true, vesselId=744535d0-841a-11ed-aa7c-7003bca91a86, instanceId=SHORE-PROD
[2026-05-16T01:55:24.456Z] [SyncDiag] FIELD-LOGGER: spares row=067a53c9-e6f8-4f58-97ff-a6892fdd7d98 — 30 fields changed, isInsert=true, vesselId=744535d0-841a-11ed-aa7c-7003bca91a86, instanceId=SHORE-PROD
[2026-05-16T01:55:24.474Z] [SyncDiag] FIELD-LOGGER: spare_location_stock row=0c905885-b3f3-4384-8e50-9df98488ddd4 — 9 fields changed, isInsert=true, vesselId=744535d0-841a-11ed-aa7c-7003bca91a86, instanceId=SHORE-PROD
[2026-05-16T01:55:24.493Z] [SyncDiag] FIELD-LOGGER: spare_location_stock row=a49003b1-1149-4123-b479-0884aeb7e517 — 9 fields changed, isInsert=true, vesselId=744535d0-841a-11ed-aa7c-7003bca91a86, instanceId=SHORE-PROD
[2026-05-16T01:55:24.516Z] [SyncDiag] FIELD-LOGGER: spare_component_links row=e536cc79-4ee1-468f-93aa-af13168d3055 — 9 fields changed, isInsert=true, vesselId=744535d0-841a-11ed-aa7c-7003bca91a86, instanceId=SHORE-PROD
[2026-05-16T01:55:24.553Z] [SyncDiag] FIELD-LOGGER: inventory_transactions row=caa50a47-b069-4dd4-80a5-deabd4cb37a4 — 18 fields changed, isInsert=true, vesselId=744535d0-841a-11ed-aa7c-7003bca91a86, instanceId=SHORE-PROD
[2026-05-16T01:55:24.587Z] [SyncDiag] FIELD-LOGGER: inventory_transactions row=77bb02ad-2cf3-4a16-9ec8-95d3ae9ee3d7 — 18 fields changed, isInsert=true, vesselId=744535d0-841a-11ed-aa7c-7003bca91a86, instanceId=SHORE-PROD
[2026-05-16T01:55:24.611Z] [SyncDiag] FIELD-LOGGER: spare_component_links row=f8e543ff-891c-4431-a9b7-a308c4ef26f1 — 9 fields changed, isInsert=true, vesselId=744535d0-841a-11ed-aa7c-7003bca91a86, instanceId=SHORE-PROD
[2026-05-16T01:55:24.622Z] [SyncDiag] FIELD-LOGGER: spares row=067a53c9-e6f8-4f58-97ff-a6892fdd7d98 — 3 fields changed, isInsert=false, vesselId=744535d0-841a-11ed-aa7c-7003bca91a86, instanceId=SHORE-PROD
[2026-05-16T01:55:24.695Z] [SyncDiag] FIELD-LOGGER: spares row=e7b7b09b-2174-41cf-b9d6-cbeb5f95489e — 30 fields changed, isInsert=true, vesselId=744535d0-841a-11ed-aa7c-7003bca91a86, instanceId=SHORE-PROD
[2026-05-16T01:55:24.713Z] [SyncDiag] FIELD-LOGGER: spare_location_stock row=a0d0ba42-ffcb-4311-af9d-da497d8ca238 — 9 fields changed, isInsert=true, vesselId=744535d0-841a-11ed-aa7c-7003bca91a86, instanceId=SHORE-PROD
[2026-05-16T01:55:24.731Z] [SyncDiag] FIELD-LOGGER: spare_location_stock row=6fa5232e-08f8-4ae4-87eb-60a0a8a41d2a — 9 fields changed, isInsert=true, vesselId=744535d0-841a-11ed-aa7c-7003bca91a86, instanceId=SHORE-PROD
[2026-05-16T01:55:24.749Z] [SyncDiag] FIELD-LOGGER: spare_component_links row=ce851a58-4fd9-41c4-9861-ca854ebb2e8b — 9 fields changed, isInsert=true, vesselId=744535d0-841a-11ed-aa7c-7003bca91a86, instanceId=SHORE-PROD
[2026-05-16T01:55:24.793Z] [SyncDiag] FIELD-LOGGER: inventory_transactions row=d3391d05-992c-4cd7-a11d-f94e399fea93 — 18 fields changed, isInsert=true, vesselId=744535d0-841a-11ed-aa7c-7003bca91a86, instanceId=SHORE-PROD
[2026-05-16T01:55:24.830Z] [SyncDiag] FIELD-LOGGER: inventory_transactions row=32069b57-917a-4542-99c4-e807cd1dfc4a — 18 fields changed, isInsert=true, vesselId=744535d0-841a-11ed-aa7c-7003bca91a86, instanceId=SHORE-PROD
[2026-05-16T01:55:24.851Z] [SyncDiag] FIELD-LOGGER: spare_component_links row=3c32b144-0111-427c-8b6a-2082278dc74f — 9 fields changed, isInsert=true, vesselId=744535d0-841a-11ed-aa7c-7003bca91a86, instanceId=SHORE-PROD
[2026-05-16T01:55:24.866Z] [SyncDiag] FIELD-LOGGER: spares row=e7b7b09b-2174-41cf-b9d6-cbeb5f95489e — 6 fields changed, isInsert=false, vesselId=744535d0-841a-11ed-aa7c-7003bca91a86, instanceId=SHORE-PROD
[2026-05-16T01:55:24.875Z] [SyncDiag] FIELD-LOGGER: spare_location_stock row=6fa5232e-08f8-4ae4-87eb-60a0a8a41d2a — 1 fields changed, isInsert=false, vesselId=744535d0-841a-11ed-aa7c-7003bca91a86, instanceId=SHORE-PROD
[2026-05-16T01:55:24.946Z] [SyncDiag] FIELD-LOGGER: spares row=feee924c-4063-47d6-8e54-c426af847ba1 — 30 fields changed, isInsert=true, vesselId=744535d0-841a-11ed-aa7c-7003bca91a86, instanceId=SHORE-PROD
[2026-05-16T01:55:24.964Z] [SyncDiag] FIELD-LOGGER: spare_location_stock row=a34cd584-04fa-4a81-839d-9facc5d4591c — 9 fields changed, isInsert=true, vesselId=744535d0-841a-11ed-aa7c-7003bca91a86, instanceId=SHORE-PROD
[2026-05-16T01:55:24.984Z] [SyncDiag] FIELD-LOGGER: spare_location_stock row=f7ff1f17-7caf-40f0-883d-50e66f21811a — 9 fields changed, isInsert=true, vesselId=744535d0-841a-11ed-aa7c-7003bca91a86, instanceId=SHORE-PROD
[2026-05-16T01:55:25.006Z] [SyncDiag] FIELD-LOGGER: spare_component_links row=5847f01b-96ba-4fd0-9ec2-f9b4bd696c9f — 9 fields changed, isInsert=true, vesselId=744535d0-841a-11ed-aa7c-7003bca91a86, instanceId=SHORE-PROD
[2026-05-16T01:55:25.044Z] [SyncDiag] FIELD-LOGGER: inventory_transactions row=95b0eeeb-7339-4fb7-947b-c35dfa3536e9 — 18 fields changed, isInsert=true, vesselId=744535d0-841a-11ed-aa7c-7003bca91a86, instanceId=SHORE-PROD
[2026-05-16T01:55:25.080Z] [SyncDiag] FIELD-LOGGER: inventory_transactions row=be467141-9cc3-4346-ad87-58ab38b56551 — 18 fields changed, isInsert=true, vesselId=744535d0-841a-11ed-aa7c-7003bca91a86, instanceId=SHORE-PROD
[2026-05-16T01:55:25.101Z] [SyncDiag] FIELD-LOGGER: spare_component_links row=aa0db91e-4ce5-4414-8c19-f8604a8f171c — 9 fields changed, isInsert=true, vesselId=744535d0-841a-11ed-aa7c-7003bca91a86, instanceId=SHORE-PROD
[2026-05-16T01:55:25.110Z] [SyncDiag] FIELD-LOGGER: spares row=feee924c-4063-47d6-8e54-c426af847ba1 — 3 fields changed, isInsert=false, vesselId=744535d0-841a-11ed-aa7c-7003bca91a86, instanceId=SHORE-PROD
[2026-05-16T01:55:25.184Z] [SyncDiag] FIELD-LOGGER: spares row=37f1f9bc-5784-4654-833f-b580456637b6 — 30 fields changed, isInsert=true, vesselId=744535d0-841a-11ed-aa7c-7003bca91a86, instanceId=SHORE-PROD
[2026-05-16T01:55:25.202Z] [SyncDiag] FIELD-LOGGER: spare_location_stock row=24007fb4-6da0-408f-a426-a045aaae35dc — 9 fields changed, isInsert=true, vesselId=744535d0-841a-11ed-aa7c-7003bca91a86, instanceId=SHORE-PROD
[2026-05-16T01:55:25.220Z] [SyncDiag] FIELD-LOGGER: spare_location_stock row=929c7d11-62af-4b0d-8524-9b239497e974 — 9 fields changed, isInsert=true, vesselId=744535d0-841a-11ed-aa7c-7003bca91a86, instanceId=SHORE-PROD
[2026-05-16T01:55:25.242Z] [SyncDiag] FIELD-LOGGER: spare_component_links row=82aeb945-1aa7-464d-9740-64b87857bfee — 9 fields changed, isInsert=true, vesselId=744535d0-841a-11ed-aa7c-7003bca91a86, instanceId=SHORE-PROD
[2026-05-16T01:55:25.278Z] [SyncDiag] FIELD-LOGGER: inventory_transactions row=cab8f013-5c81-42bd-9d9e-7af62631b871 — 18 fields changed, isInsert=true, vesselId=744535d0-841a-11ed-aa7c-7003bca91a86, instanceId=SHORE-PROD
[2026-05-16T01:55:25.313Z] [SyncDiag] FIELD-LOGGER: inventory_transactions row=94a49bce-2c1d-4486-962d-0052e5ec99ab — 18 fields changed, isInsert=true, vesselId=744535d0-841a-11ed-aa7c-7003bca91a86, instanceId=SHORE-PROD
[2026-05-16T01:55:25.336Z] [SyncDiag] FIELD-LOGGER: spare_component_links row=916afb62-0e21-4628-a9f1-1723d3ef91e2 — 9 fields changed, isInsert=true, vesselId=744535d0-841a-11ed-aa7c-7003bca91a86, instanceId=SHORE-PROD
[2026-05-16T01:55:25.345Z] [SyncDiag] FIELD-LOGGER: spares row=37f1f9bc-5784-4654-833f-b580456637b6 — 3 fields changed, isInsert=false, vesselId=744535d0-841a-11ed-aa7c-7003bca91a86, instanceId=SHORE-PROD
[2026-05-16T01:55:25.415Z] [SyncDiag] FIELD-LOGGER: spares row=60d090d3-5467-431b-a52d-815f5ad55f5f — 30 fields changed, isInsert=true, vesselId=744535d0-841a-11ed-aa7c-7003bca91a86, instanceId=SHORE-PROD
[2026-05-16T01:55:25.435Z] [SyncDiag] FIELD-LOGGER: spare_location_stock row=f34249b0-8966-4b03-9190-7f39dbffdd8f — 9 fields changed, isInsert=true, vesselId=744535d0-841a-11ed-aa7c-7003bca91a86, instanceId=SHORE-PROD
[2026-05-16T01:55:25.453Z] [SyncDiag] FIELD-LOGGER: spare_location_stock row=9f35d9cc-15f0-430f-a33a-b7fbdff997e2 — 9 fields changed, isInsert=true, vesselId=744535d0-841a-11ed-aa7c-7003bca91a86, instanceId=SHORE-PROD
[2026-05-16T01:55:25.473Z] [SyncDiag] FIELD-LOGGER: spare_component_links row=ac78bce6-03de-4cd4-b347-b442ddb24bfa — 9 fields changed, isInsert=true, vesselId=744535d0-841a-11ed-aa7c-7003bca91a86, instanceId=SHORE-PROD
[2026-05-16T01:55:25.509Z] [SyncDiag] FIELD-LOGGER: inventory_transactions row=4817a3f0-9e8b-4223-b9b9-5a6b0b7b1d45 — 18 fields changed, isInsert=true, vesselId=744535d0-841a-11ed-aa7c-7003bca91a86, instanceId=SHORE-PROD
[2026-05-16T01:55:25.544Z] [SyncDiag] FIELD-LOGGER: inventory_transactions row=1daaa133-afaf-4245-93e6-a31fa9cc16bc — 18 fields changed, isInsert=true, vesselId=744535d0-841a-11ed-aa7c-7003bca91a86, instanceId=SHORE-PROD
[2026-05-16T01:55:25.565Z] [SyncDiag] FIELD-LOGGER: spare_component_links row=d2c57976-c622-44b3-b4b5-239421ced392 — 9 fields changed, isInsert=true, vesselId=744535d0-841a-11ed-aa7c-7003bca91a86, instanceId=SHORE-PROD
[2026-05-16T01:55:25.574Z] [SyncDiag] FIELD-LOGGER: spares row=60d090d3-5467-431b-a52d-815f5ad55f5f — 3 fields changed, isInsert=false, vesselId=744535d0-841a-11ed-aa7c-7003bca91a86, instanceId=SHORE-PROD
[2026-05-16T01:55:25.646Z] [SyncDiag] FIELD-LOGGER: spares row=2d9c6442-60b1-407b-8b61-d3c09dd5e046 — 30 fields changed, isInsert=true, vesselId=744535d0-841a-11ed-aa7c-7003bca91a86, instanceId=SHORE-PROD
[2026-05-16T01:55:25.664Z] [SyncDiag] FIELD-LOGGER: spare_location_stock row=c9d3ff89-63ba-4df9-ab1e-b3e332032f8f — 9 fields changed, isInsert=true, vesselId=744535d0-841a-11ed-aa7c-7003bca91a86, instanceId=SHORE-PROD
[2026-05-16T01:55:25.682Z] [SyncDiag] FIELD-LOGGER: spare_location_stock row=eeb40801-e354-4988-b6c0-22cf405cffa2 — 9 fields changed, isInsert=true, vesselId=744535d0-841a-11ed-aa7c-7003bca91a86, instanceId=SHORE-PROD
[2026-05-16T01:55:25.703Z] [SyncDiag] FIELD-LOGGER: spare_component_links row=07d43af9-1873-4460-b70a-7872d47dfd4c — 9 fields changed, isInsert=true, vesselId=744535d0-841a-11ed-aa7c-7003bca91a86, instanceId=SHORE-PROD
[2026-05-16T01:55:25.739Z] [SyncDiag] FIELD-LOGGER: inventory_transactions row=b038abd7-c8d6-431b-8496-3ba4ae2a1856 — 18 fields changed, isInsert=true, vesselId=744535d0-841a-11ed-aa7c-7003bca91a86, instanceId=SHORE-PROD
[2026-05-16T01:55:25.777Z] [SyncDiag] FIELD-LOGGER: inventory_transactions row=50eda09d-2940-429a-8892-3816f3faa0b1 — 18 fields changed, isInsert=true, vesselId=744535d0-841a-11ed-aa7c-7003bca91a86, instanceId=SHORE-PROD
[2026-05-16T01:55:25.796Z] [SyncDiag] FIELD-LOGGER: spare_component_links row=a775796e-b4e9-4406-b38d-55fded39625b — 9 fields changed, isInsert=true, vesselId=744535d0-841a-11ed-aa7c-7003bca91a86, instanceId=SHORE-PROD
[2026-05-16T01:55:25.805Z] [SyncDiag] FIELD-LOGGER: spares row=2d9c6442-60b1-407b-8b61-d3c09dd5e046 — 3 fields changed, isInsert=false, vesselId=744535d0-841a-11ed-aa7c-7003bca91a86, instanceId=SHORE-PROD
[2026-05-16T01:55:25.874Z] [SyncDiag] FIELD-LOGGER: spares row=62a513e2-1470-45bc-a4c3-69270c3c64e9 — 30 fields changed, isInsert=true, vesselId=744535d0-841a-11ed-aa7c-7003bca91a86, instanceId=SHORE-PROD
[2026-05-16T01:55:25.894Z] [SyncDiag] FIELD-LOGGER: spare_location_stock row=190cd266-3548-4340-9192-dee19771ff95 — 9 fields changed, isInsert=true, vesselId=744535d0-841a-11ed-aa7c-7003bca91a86, instanceId=SHORE-PROD
[2026-05-16T01:55:25.913Z] [SyncDiag] FIELD-LOGGER: spare_location_stock row=c0bb8b4d-9e90-453b-b1f7-1ce337cc15b2 — 9 fields changed, isInsert=true, vesselId=744535d0-841a-11ed-aa7c-7003bca91a86, instanceId=SHORE-PROD
[2026-05-16T01:55:25.933Z] [SyncDiag] FIELD-LOGGER: spare_component_links row=1a8d8e95-4471-4159-905c-bda3340ded6d — 9 fields changed, isInsert=true, vesselId=744535d0-841a-11ed-aa7c-7003bca91a86, instanceId=SHORE-PROD
[2026-05-16T01:55:25.969Z] [SyncDiag] FIELD-LOGGER: inventory_transactions row=37539659-79dc-486a-ad9b-9dfa6fba3b59 — 18 fields changed, isInsert=true, vesselId=744535d0-841a-11ed-aa7c-7003bca91a86, instanceId=SHORE-PROD
[2026-05-16T01:55:26.006Z] [SyncDiag] FIELD-LOGGER: inventory_transactions row=2ead765c-466c-42d3-bf84-747724c6da16 — 18 fields changed, isInsert=true, vesselId=744535d0-841a-11ed-aa7c-7003bca91a86, instanceId=SHORE-PROD
[2026-05-16T01:55:26.027Z] [SyncDiag] FIELD-LOGGER: spare_component_links row=2cb88e99-c871-4b69-be00-0c394629040b — 9 fields changed, isInsert=true, vesselId=744535d0-841a-11ed-aa7c-7003bca91a86, instanceId=SHORE-PROD
[2026-05-16T01:55:26.039Z] [SyncDiag] FIELD-LOGGER: spares row=62a513e2-1470-45bc-a4c3-69270c3c64e9 — 4 fields changed, isInsert=false, vesselId=744535d0-841a-11ed-aa7c-7003bca91a86, instanceId=SHORE-PROD
[2026-05-16T01:55:26.107Z] [SyncDiag] FIELD-LOGGER: spares row=d6286ffa-7d74-4295-81b6-620ff3a27003 — 30 fields changed, isInsert=true, vesselId=744535d0-841a-11ed-aa7c-7003bca91a86, instanceId=SHORE-PROD
[2026-05-16T01:55:26.127Z] [SyncDiag] FIELD-LOGGER: spare_location_stock row=6d836c94-fe9d-49ca-b664-4e3386ea2971 — 9 fields changed, isInsert=true, vesselId=744535d0-841a-11ed-aa7c-7003bca91a86, instanceId=SHORE-PROD
[2026-05-16T01:55:26.146Z] [SyncDiag] FIELD-LOGGER: spare_location_stock row=4578dcb6-0da8-476d-b823-022902af3711 — 9 fields changed, isInsert=true, vesselId=744535d0-841a-11ed-aa7c-7003bca91a86, instanceId=SHORE-PROD
[2026-05-16T01:55:26.166Z] [SyncDiag] FIELD-LOGGER: spare_component_links row=29e28933-8ea8-4d9f-88ad-62f5e1b3c8c0 — 9 fields changed, isInsert=true, vesselId=744535d0-841a-11ed-aa7c-7003bca91a86, instanceId=SHORE-PROD
[2026-05-16T01:55:26.202Z] [SyncDiag] FIELD-LOGGER: inventory_transactions row=7c34c1c0-5b32-4204-b22f-73785a89d25e — 18 fields changed, isInsert=true, vesselId=744535d0-841a-11ed-aa7c-7003bca91a86, instanceId=SHORE-PROD
[2026-05-16T01:55:26.238Z] [SyncDiag] FIELD-LOGGER: inventory_transactions row=2b891d0d-cb8d-469c-aee4-5a5241a6210c — 18 fields changed, isInsert=true, vesselId=744535d0-841a-11ed-aa7c-7003bca91a86, instanceId=SHORE-PROD
[2026-05-16T01:55:26.260Z] [SyncDiag] FIELD-LOGGER: spare_component_links row=fe8e0a54-e8b7-42e1-9cde-006c93f5247f — 9 fields changed, isInsert=true, vesselId=744535d0-841a-11ed-aa7c-7003bca91a86, instanceId=SHORE-PROD
[2026-05-16T01:55:26.269Z] [SyncDiag] FIELD-LOGGER: spares row=d6286ffa-7d74-4295-81b6-620ff3a27003 — 3 fields changed, isInsert=false, vesselId=744535d0-841a-11ed-aa7c-7003bca91a86, instanceId=SHORE-PROD
[2026-05-16T01:55:26.339Z] [SyncDiag] FIELD-LOGGER: spares row=9ca29ec3-ce32-4c2f-9970-fb0eea52a1e6 — 30 fields changed, isInsert=true, vesselId=744535d0-841a-11ed-aa7c-7003bca91a86, instanceId=SHORE-PROD
[2026-05-16T01:55:26.359Z] [SyncDiag] FIELD-LOGGER: spare_location_stock row=ed79a9c9-6c3a-4adc-b0b0-621b81e1e249 — 9 fields changed, isInsert=true, vesselId=744535d0-841a-11ed-aa7c-7003bca91a86, instanceId=SHORE-PROD
[2026-05-16T01:55:26.378Z] [SyncDiag] FIELD-LOGGER: spare_location_stock row=342583d1-1a55-4073-9f95-4f70d4abfac3 — 9 fields changed, isInsert=true, vesselId=744535d0-841a-11ed-aa7c-7003bca91a86, instanceId=SHORE-PROD
[2026-05-16T01:55:26.396Z] [SyncDiag] FIELD-LOGGER: spare_component_links row=f553e6a6-ceab-4421-932f-24c9d8b85511 — 9 fields changed, isInsert=true, vesselId=744535d0-841a-11ed-aa7c-7003bca91a86, instanceId=SHORE-PROD
[2026-05-16T01:55:26.433Z] [SyncDiag] FIELD-LOGGER: inventory_transactions row=bfe1cfd3-aa4f-4bd7-b8ba-ce0fd1fdf6a7 — 18 fields changed, isInsert=true, vesselId=744535d0-841a-11ed-aa7c-7003bca91a86, instanceId=SHORE-PROD
[2026-05-16T01:55:26.470Z] [SyncDiag] FIELD-LOGGER: inventory_transactions row=f23ef75d-6ef4-483d-85a1-2d61540bfb03 — 18 fields changed, isInsert=true, vesselId=744535d0-841a-11ed-aa7c-7003bca91a86, instanceId=SHORE-PROD
[2026-05-16T01:55:26.491Z] [SyncDiag] FIELD-LOGGER: spare_component_links row=8269a0c3-4bd1-4cd6-aa78-4bc1f28e4a79 — 9 fields changed, isInsert=true, vesselId=744535d0-841a-11ed-aa7c-7003bca91a86, instanceId=SHORE-PROD
[2026-05-16T01:55:26.501Z] [SyncDiag] FIELD-LOGGER: spares row=9ca29ec3-ce32-4c2f-9970-fb0eea52a1e6 — 3 fields changed, isInsert=false, vesselId=744535d0-841a-11ed-aa7c-7003bca91a86, instanceId=SHORE-PROD
[2026-05-16T01:55:26.575Z] [SyncDiag] FIELD-LOGGER: spares row=3e62a951-390d-4a24-88d0-47681c9172a6 — 31 fields changed, isInsert=true, vesselId=744535d0-841a-11ed-aa7c-7003bca91a86, instanceId=SHORE-PROD
[2026-05-16T01:55:26.595Z] [SyncDiag] FIELD-LOGGER: spare_location_stock row=88394e8f-6a7f-44c0-bf18-7a325e51dd90 — 9 fields changed, isInsert=true, vesselId=744535d0-841a-11ed-aa7c-7003bca91a86, instanceId=SHORE-PROD
[2026-05-16T01:55:26.614Z] [SyncDiag] FIELD-LOGGER: spare_location_stock row=9e3a2417-f53e-4619-92d6-87e9a27e993c — 9 fields changed, isInsert=true, vesselId=744535d0-841a-11ed-aa7c-7003bca91a86, instanceId=SHORE-PROD
[2026-05-16T01:55:26.633Z] [SyncDiag] FIELD-LOGGER: spare_component_links row=f5ba3294-f9ff-44df-82ff-fa6e2759c022 — 9 fields changed, isInsert=true, vesselId=744535d0-841a-11ed-aa7c-7003bca91a86, instanceId=SHORE-PROD
[2026-05-16T01:55:26.671Z] [SyncDiag] FIELD-LOGGER: inventory_transactions row=6f999249-1e15-4dbf-b6f8-57735d43b6b3 — 18 fields changed, isInsert=true, vesselId=744535d0-841a-11ed-aa7c-7003bca91a86, instanceId=SHORE-PROD
[2026-05-16T01:55:26.706Z] [SyncDiag] FIELD-LOGGER: inventory_transactions row=b9c104f0-01ea-48e0-aac1-e0d7a1b2460a — 18 fields changed, isInsert=true, vesselId=744535d0-841a-11ed-aa7c-7003bca91a86, instanceId=SHORE-PROD
[2026-05-16T01:55:26.729Z] [SyncDiag] FIELD-LOGGER: spare_component_links row=457c93bb-b7a0-4425-9e94-7d1783d98dc6 — 9 fields changed, isInsert=true, vesselId=744535d0-841a-11ed-aa7c-7003bca91a86, instanceId=SHORE-PROD
[2026-05-16T01:55:26.737Z] [SyncDiag] FIELD-LOGGER: spares row=3e62a951-390d-4a24-88d0-47681c9172a6 — 3 fields changed, isInsert=false, vesselId=744535d0-841a-11ed-aa7c-7003bca91a86, instanceId=SHORE-PROD
[2026-05-16T01:55:26.807Z] [SyncDiag] FIELD-LOGGER: spares row=0c79f492-6d69-4c79-b94c-6a7fd044f8bb — 30 fields changed, isInsert=true, vesselId=744535d0-841a-11ed-aa7c-7003bca91a86, instanceId=SHORE-PROD
[2026-05-16T01:55:26.825Z] [SyncDiag] FIELD-LOGGER: spare_location_stock row=2926efa3-d3c6-4557-8507-819984c04776 — 9 fields changed, isInsert=true, vesselId=744535d0-841a-11ed-aa7c-7003bca91a86, instanceId=SHORE-PROD
[2026-05-16T01:55:26.844Z] [SyncDiag] FIELD-LOGGER: spare_location_stock row=18769b97-87e4-402e-9435-5db4d5f615c9 — 9 fields changed, isInsert=true, vesselId=744535d0-841a-11ed-aa7c-7003bca91a86, instanceId=SHORE-PROD
[2026-05-16T01:55:26.864Z] [SyncDiag] FIELD-LOGGER: spare_component_links row=bf8ecebd-6910-42c9-bbad-1f23f784451b — 9 fields changed, isInsert=true, vesselId=744535d0-841a-11ed-aa7c-7003bca91a86, instanceId=SHORE-PROD
[2026-05-16T01:55:26.900Z] [SyncDiag] FIELD-LOGGER: inventory_transactions row=037dc272-06b0-448c-b98b-6a01609706a5 — 18 fields changed, isInsert=true, vesselId=744535d0-841a-11ed-aa7c-7003bca91a86, instanceId=SHORE-PROD
[2026-05-16T01:55:26.935Z] [SyncDiag] FIELD-LOGGER: inventory_transactions row=d3dd01ec-8dd2-4e3c-878b-c2f0cad43c05 — 18 fields changed, isInsert=true, vesselId=744535d0-841a-11ed-aa7c-7003bca91a86, instanceId=SHORE-PROD
[2026-05-16T01:55:26.956Z] [SyncDiag] FIELD-LOGGER: spare_component_links row=9319a3a5-d9f0-4453-b50e-ae9ef11f456e — 9 fields changed, isInsert=true, vesselId=744535d0-841a-11ed-aa7c-7003bca91a86, instanceId=SHORE-PROD
[2026-05-16T01:55:26.965Z] [SyncDiag] FIELD-LOGGER: spares row=0c79f492-6d69-4c79-b94c-6a7fd044f8bb — 3 fields changed, isInsert=false, vesselId=744535d0-841a-11ed-aa7c-7003bca91a86, instanceId=SHORE-PROD
[2026-05-16T01:55:27.037Z] [SyncDiag] FIELD-LOGGER: spares row=2a85a927-6df4-406c-aac2-fcf66427a506 — 31 fields changed, isInsert=true, vesselId=744535d0-841a-11ed-aa7c-7003bca91a86, instanceId=SHORE-PROD
[2026-05-16T01:55:27.055Z] [SyncDiag] FIELD-LOGGER: spare_location_stock row=6f1419d6-3074-4757-b255-f77c78376cd8 — 9 fields changed, isInsert=true, vesselId=744535d0-841a-11ed-aa7c-7003bca91a86, instanceId=SHORE-PROD
[2026-05-16T01:55:27.072Z] [SyncDiag] FIELD-LOGGER: spare_location_stock row=5bc7e83b-21f7-401e-89ae-40dd1bedaae1 — 9 fields changed, isInsert=true, vesselId=744535d0-841a-11ed-aa7c-7003bca91a86, instanceId=SHORE-PROD
[2026-05-16T01:55:27.093Z] [SyncDiag] FIELD-LOGGER: spare_component_links row=55751535-be4c-47ef-b990-03c735d1cd97 — 9 fields changed, isInsert=true, vesselId=744535d0-841a-11ed-aa7c-7003bca91a86, instanceId=SHORE-PROD
[2026-05-16T01:55:27.130Z] [SyncDiag] FIELD-LOGGER: inventory_transactions row=28f71209-655c-4812-8646-d508f6166533 — 18 fields changed, isInsert=true, vesselId=744535d0-841a-11ed-aa7c-7003bca91a86, instanceId=SHORE-PROD
[2026-05-16T01:55:27.164Z] [SyncDiag] FIELD-LOGGER: inventory_transactions row=517c6d14-4af5-46cc-b6bd-dbc0793f914f — 18 fields changed, isInsert=true, vesselId=744535d0-841a-11ed-aa7c-7003bca91a86, instanceId=SHORE-PROD
[2026-05-16T01:55:27.184Z] [SyncDiag] FIELD-LOGGER: spare_component_links row=671b98ed-6693-4b0a-850e-946c278a67f5 — 9 fields changed, isInsert=true, vesselId=744535d0-841a-11ed-aa7c-7003bca91a86, instanceId=SHORE-PROD
[2026-05-16T01:55:27.195Z] [SyncDiag] FIELD-LOGGER: spares row=2a85a927-6df4-406c-aac2-fcf66427a506 — 4 fields changed, isInsert=false, vesselId=744535d0-841a-11ed-aa7c-7003bca91a86, instanceId=SHORE-PROD
[2026-05-16T01:55:27.265Z] [SyncDiag] FIELD-LOGGER: spares row=a3106b7e-fd40-4738-8bf2-bfb10049e99d — 31 fields changed, isInsert=true, vesselId=744535d0-841a-11ed-aa7c-7003bca91a86, instanceId=SHORE-PROD
[2026-05-16T01:55:27.283Z] [SyncDiag] FIELD-LOGGER: spare_location_stock row=bd904c6b-89ed-420f-93b1-a40adba21552 — 9 fields changed, isInsert=true, vesselId=744535d0-841a-11ed-aa7c-7003bca91a86, instanceId=SHORE-PROD
[2026-05-16T01:55:27.302Z] [SyncDiag] FIELD-LOGGER: spare_location_stock row=a63f16b0-c8ce-41da-a3ba-d14c4a5e2489 — 9 fields changed, isInsert=true, vesselId=744535d0-841a-11ed-aa7c-7003bca91a86, instanceId=SHORE-PROD
[2026-05-16T01:55:27.321Z] [SyncDiag] FIELD-LOGGER: spare_component_links row=528df77b-e941-44d3-9511-6d586ce6390b — 9 fields changed, isInsert=true, vesselId=744535d0-841a-11ed-aa7c-7003bca91a86, instanceId=SHORE-PROD
[2026-05-16T01:55:27.356Z] [SyncDiag] FIELD-LOGGER: inventory_transactions row=688d4bae-4973-417d-84df-1ab6a9050693 — 18 fields changed, isInsert=true, vesselId=744535d0-841a-11ed-aa7c-7003bca91a86, instanceId=SHORE-PROD
[2026-05-16T01:55:27.390Z] [SyncDiag] FIELD-LOGGER: inventory_transactions row=9901205c-3b75-4757-bd2a-db88addbbb8e — 18 fields changed, isInsert=true, vesselId=744535d0-841a-11ed-aa7c-7003bca91a86, instanceId=SHORE-PROD
[2026-05-16T01:55:27.411Z] [SyncDiag] FIELD-LOGGER: spare_component_links row=83ab711e-298f-4a24-86fa-5c1a2f1b28f7 — 9 fields changed, isInsert=true, vesselId=744535d0-841a-11ed-aa7c-7003bca91a86, instanceId=SHORE-PROD
[2026-05-16T01:55:27.420Z] [SyncDiag] FIELD-LOGGER: spares row=a3106b7e-fd40-4738-8bf2-bfb10049e99d — 3 fields changed, isInsert=false, vesselId=744535d0-841a-11ed-aa7c-7003bca91a86, instanceId=SHORE-PROD
[2026-05-16T01:55:27.489Z] [SyncDiag] FIELD-LOGGER: spares row=87fc0ec1-d05d-4c4b-a1db-ac8f11872098 — 31 fields changed, isInsert=true, vesselId=744535d0-841a-11ed-aa7c-7003bca91a86, instanceId=SHORE-PROD
[2026-05-16T01:55:27.508Z] [SyncDiag] FIELD-LOGGER: spare_location_stock row=1ba133df-bfb2-4561-9370-840294d3247b — 9 fields changed, isInsert=true, vesselId=744535d0-841a-11ed-aa7c-7003bca91a86, instanceId=SHORE-PROD
[2026-05-16T01:55:27.526Z] [SyncDiag] FIELD-LOGGER: spare_location_stock row=f26d551e-57f7-4c89-b19f-89a96ebedb5e — 9 fields changed, isInsert=true, vesselId=744535d0-841a-11ed-aa7c-7003bca91a86, instanceId=SHORE-PROD
[2026-05-16T01:55:27.547Z] [SyncDiag] FIELD-LOGGER: spare_component_links row=e4bd7c02-9dcd-466a-affd-707a0996999f — 9 fields changed, isInsert=true, vesselId=744535d0-841a-11ed-aa7c-7003bca91a86, instanceId=SHORE-PROD
[2026-05-16T01:55:27.583Z] [SyncDiag] FIELD-LOGGER: inventory_transactions row=02c48b9e-cf8e-4f64-9c34-ee253dc9a17b — 18 fields changed, isInsert=true, vesselId=744535d0-841a-11ed-aa7c-7003bca91a86, instanceId=SHORE-PROD
[2026-05-16T01:55:27.621Z] [SyncDiag] FIELD-LOGGER: inventory_transactions row=21a56bb0-84da-4476-9578-11b86cf579e4 — 18 fields changed, isInsert=true, vesselId=744535d0-841a-11ed-aa7c-7003bca91a86, instanceId=SHORE-PROD
[2026-05-16T01:55:27.642Z] [SyncDiag] FIELD-LOGGER: spare_component_links row=48a4f9b3-3772-458d-81de-a74543872a8d — 9 fields changed, isInsert=true, vesselId=744535d0-841a-11ed-aa7c-7003bca91a86, instanceId=SHORE-PROD
[2026-05-16T01:55:27.652Z] [SyncDiag] FIELD-LOGGER: spares row=87fc0ec1-d05d-4c4b-a1db-ac8f11872098 — 3 fields changed, isInsert=false, vesselId=744535d0-841a-11ed-aa7c-7003bca91a86, instanceId=SHORE-PROD
[2026-05-16T01:55:27.725Z] [SyncDiag] FIELD-LOGGER: spares row=c6b087d2-8646-4161-b8f3-a730a59752a0 — 31 fields changed, isInsert=true, vesselId=744535d0-841a-11ed-aa7c-7003bca91a86, instanceId=SHORE-PROD
[2026-05-16T01:55:27.745Z] [SyncDiag] FIELD-LOGGER: spare_location_stock row=68bb4848-9942-407a-bfd1-c893a2c58f47 — 9 fields changed, isInsert=true, vesselId=744535d0-841a-11ed-aa7c-7003bca91a86, instanceId=SHORE-PROD
[2026-05-16T01:55:27.764Z] [SyncDiag] FIELD-LOGGER: spare_location_stock row=7c486d05-f54f-4062-bd0f-5aab4aac59d2 — 9 fields changed, isInsert=true, vesselId=744535d0-841a-11ed-aa7c-7003bca91a86, instanceId=SHORE-PROD
[2026-05-16T01:55:27.787Z] [SyncDiag] FIELD-LOGGER: spare_component_links row=5e2130dc-e8bf-4af8-b1ef-640eb895e3ef — 9 fields changed, isInsert=true, vesselId=744535d0-841a-11ed-aa7c-7003bca91a86, instanceId=SHORE-PROD
[2026-05-16T01:55:27.822Z] [SyncDiag] FIELD-LOGGER: inventory_transactions row=c1d37383-7ea6-4ba3-a129-041241951b8d — 18 fields changed, isInsert=true, vesselId=744535d0-841a-11ed-aa7c-7003bca91a86, instanceId=SHORE-PROD
[2026-05-16T01:55:27.858Z] [SyncDiag] FIELD-LOGGER: inventory_transactions row=0f0a7f99-ab8b-4061-a244-4b470241f8ac — 18 fields changed, isInsert=true, vesselId=744535d0-841a-11ed-aa7c-7003bca91a86, instanceId=SHORE-PROD
[2026-05-16T01:55:27.875Z] [SyncDiag] FIELD-LOGGER: spare_component_links row=6bc9489f-a730-40e8-94d5-d9d5b712bedb — 9 fields changed, isInsert=true, vesselId=744535d0-841a-11ed-aa7c-7003bca91a86, instanceId=SHORE-PROD
[2026-05-16T01:55:27.884Z] [SyncDiag] FIELD-LOGGER: spares row=c6b087d2-8646-4161-b8f3-a730a59752a0 — 3 fields changed, isInsert=false, vesselId=744535d0-841a-11ed-aa7c-7003bca91a86, instanceId=SHORE-PROD
[2026-05-16T01:55:27.956Z] [SyncDiag] FIELD-LOGGER: spares row=1e099419-be46-402d-a5d8-4cbf5e695bda — 31 fields changed, isInsert=true, vesselId=744535d0-841a-11ed-aa7c-7003bca91a86, instanceId=SHORE-PROD
[2026-05-16T01:55:27.974Z] [SyncDiag] FIELD-LOGGER: spare_location_stock row=ee50f8bd-c9ae-4c1b-90e6-2fa499fefad8 — 9 fields changed, isInsert=true, vesselId=744535d0-841a-11ed-aa7c-7003bca91a86, instanceId=SHORE-PROD
[2026-05-16T01:55:27.992Z] [SyncDiag] FIELD-LOGGER: spare_location_stock row=11e4015d-2798-4f56-b423-a7fef786cdd8 — 9 fields changed, isInsert=true, vesselId=744535d0-841a-11ed-aa7c-7003bca91a86, instanceId=SHORE-PROD
[2026-05-16T01:55:28.012Z] [SyncDiag] FIELD-LOGGER: spare_component_links row=5475c557-fae5-405c-b66a-0a3409495bf0 — 9 fields changed, isInsert=true, vesselId=744535d0-841a-11ed-aa7c-7003bca91a86, instanceId=SHORE-PROD
[2026-05-16T01:55:28.047Z] [SyncDiag] FIELD-LOGGER: inventory_transactions row=292bc5cd-d415-484f-9459-00c7eb422eda — 18 fields changed, isInsert=true, vesselId=744535d0-841a-11ed-aa7c-7003bca91a86, instanceId=SHORE-PROD
[2026-05-16T01:55:28.083Z] [SyncDiag] FIELD-LOGGER: inventory_transactions row=fba5fb20-5ef0-4ead-8e5f-456fc6a9a34a — 18 fields changed, isInsert=true, vesselId=744535d0-841a-11ed-aa7c-7003bca91a86, instanceId=SHORE-PROD
[2026-05-16T01:55:28.104Z] [SyncDiag] FIELD-LOGGER: spare_component_links row=d639feda-c161-441a-9020-b0c09c08e206 — 9 fields changed, isInsert=true, vesselId=744535d0-841a-11ed-aa7c-7003bca91a86, instanceId=SHORE-PROD
[2026-05-16T01:55:28.113Z] [SyncDiag] FIELD-LOGGER: spares row=1e099419-be46-402d-a5d8-4cbf5e695bda — 3 fields changed, isInsert=false, vesselId=744535d0-841a-11ed-aa7c-7003bca91a86, instanceId=SHORE-PROD
[2026-05-16T01:55:28.181Z] [SyncDiag] FIELD-LOGGER: spares row=508b6d96-aa69-49d0-8482-755e676a2d22 — 30 fields changed, isInsert=true, vesselId=744535d0-841a-11ed-aa7c-7003bca91a86, instanceId=SHORE-PROD
[2026-05-16T01:55:28.199Z] [SyncDiag] FIELD-LOGGER: spare_location_stock row=eab699f9-6121-4ad0-921a-823b4ba21d67 — 9 fields changed, isInsert=true, vesselId=744535d0-841a-11ed-aa7c-7003bca91a86, instanceId=SHORE-PROD
[2026-05-16T01:55:28.216Z] [SyncDiag] FIELD-LOGGER: spare_location_stock row=c1291711-592f-4d28-a2cb-1c2020e56cb5 — 9 fields changed, isInsert=true, vesselId=744535d0-841a-11ed-aa7c-7003bca91a86, instanceId=SHORE-PROD
[2026-05-16T01:55:28.235Z] [SyncDiag] FIELD-LOGGER: spare_component_links row=a4a0f25e-8a6a-4633-b13f-bb6f7b474dde — 9 fields changed, isInsert=true, vesselId=744535d0-841a-11ed-aa7c-7003bca91a86, instanceId=SHORE-PROD
[2026-05-16T01:55:28.272Z] [SyncDiag] FIELD-LOGGER: inventory_transactions row=6b0c68e7-07c5-4bce-8895-064ea46d890d — 18 fields changed, isInsert=true, vesselId=744535d0-841a-11ed-aa7c-7003bca91a86, instanceId=SHORE-PROD
[2026-05-16T01:55:28.308Z] [SyncDiag] FIELD-LOGGER: inventory_transactions row=55fc0fa3-9346-479d-b36c-6b6f7f5c376b — 18 fields changed, isInsert=true, vesselId=744535d0-841a-11ed-aa7c-7003bca91a86, instanceId=SHORE-PROD
[2026-05-16T01:55:28.325Z] [SyncDiag] FIELD-LOGGER: spare_component_links row=1f051970-ac68-49c1-93b4-09b57eba2848 — 9 fields changed, isInsert=true, vesselId=744535d0-841a-11ed-aa7c-7003bca91a86, instanceId=SHORE-PROD
[2026-05-16T01:55:28.335Z] [SyncDiag] FIELD-LOGGER: spares row=508b6d96-aa69-49d0-8482-755e676a2d22 — 3 fields changed, isInsert=false, vesselId=744535d0-841a-11ed-aa7c-7003bca91a86, instanceId=SHORE-PROD
[2026-05-16T01:55:28.406Z] [SyncDiag] FIELD-LOGGER: spares row=a68c2557-ceab-4b5d-abaf-00f0b02a93f0 — 30 fields changed, isInsert=true, vesselId=744535d0-841a-11ed-aa7c-7003bca91a86, instanceId=SHORE-PROD
[2026-05-16T01:55:28.423Z] [SyncDiag] FIELD-LOGGER: spare_location_stock row=26bb6058-e47a-4837-a552-ad647c123208 — 9 fields changed, isInsert=true, vesselId=744535d0-841a-11ed-aa7c-7003bca91a86, instanceId=SHORE-PROD
[2026-05-16T01:55:28.441Z] [SyncDiag] FIELD-LOGGER: spare_location_stock row=62ce428a-c5cd-48e4-a364-8af85b4cb34a — 9 fields changed, isInsert=true, vesselId=744535d0-841a-11ed-aa7c-7003bca91a86, instanceId=SHORE-PROD
[2026-05-16T01:55:28.461Z] [SyncDiag] FIELD-LOGGER: spare_component_links row=588d99ee-9f5f-4648-a151-64675da79474 — 9 fields changed, isInsert=true, vesselId=744535d0-841a-11ed-aa7c-7003bca91a86, instanceId=SHORE-PROD
[2026-05-16T01:55:28.497Z] [SyncDiag] FIELD-LOGGER: inventory_transactions row=ded00537-9f61-400c-a05e-7c3871d14362 — 18 fields changed, isInsert=true, vesselId=744535d0-841a-11ed-aa7c-7003bca91a86, instanceId=SHORE-PROD
[2026-05-16T01:55:28.533Z] [SyncDiag] FIELD-LOGGER: inventory_transactions row=4f371b56-08bb-4e6b-a52d-f648a8a36955 — 18 fields changed, isInsert=true, vesselId=744535d0-841a-11ed-aa7c-7003bca91a86, instanceId=SHORE-PROD
[2026-05-16T01:55:28.554Z] [SyncDiag] FIELD-LOGGER: spare_component_links row=9782535c-3cab-4c29-9dbc-88a2d139a149 — 9 fields changed, isInsert=true, vesselId=744535d0-841a-11ed-aa7c-7003bca91a86, instanceId=SHORE-PROD
[2026-05-16T01:55:28.562Z] [SyncDiag] FIELD-LOGGER: spares row=a68c2557-ceab-4b5d-abaf-00f0b02a93f0 — 3 fields changed, isInsert=false, vesselId=744535d0-841a-11ed-aa7c-7003bca91a86, instanceId=SHORE-PROD
[2026-05-16T01:55:28.634Z] [SyncDiag] FIELD-LOGGER: spares row=05e169da-f9f0-4529-95fc-8dc0c6533382 — 30 fields changed, isInsert=true, vesselId=744535d0-841a-11ed-aa7c-7003bca91a86, instanceId=SHORE-PROD
[2026-05-16T01:55:28.651Z] [SyncDiag] FIELD-LOGGER: spare_location_stock row=98133fbc-5140-4cb3-9490-5f13535799f5 — 9 fields changed, isInsert=true, vesselId=744535d0-841a-11ed-aa7c-7003bca91a86, instanceId=SHORE-PROD
[2026-05-16T01:55:28.670Z] [SyncDiag] FIELD-LOGGER: spare_location_stock row=5a2d1409-2d3b-441f-aab6-0459bb4aab70 — 9 fields changed, isInsert=true, vesselId=744535d0-841a-11ed-aa7c-7003bca91a86, instanceId=SHORE-PROD
[2026-05-16T01:55:28.690Z] [SyncDiag] FIELD-LOGGER: spare_component_links row=be366aa9-ab1d-4ba5-8d60-24ff1d3dd173 — 9 fields changed, isInsert=true, vesselId=744535d0-841a-11ed-aa7c-7003bca91a86, instanceId=SHORE-PROD
[2026-05-16T01:55:28.728Z] [SyncDiag] FIELD-LOGGER: inventory_transactions row=a80b3d62-ce82-4a1d-89a7-20c5537d863e — 18 fields changed, isInsert=true, vesselId=744535d0-841a-11ed-aa7c-7003bca91a86, instanceId=SHORE-PROD
[2026-05-16T01:55:28.762Z] [SyncDiag] FIELD-LOGGER: inventory_transactions row=fabf15e0-214f-4a4c-9363-33c712b1e06f — 18 fields changed, isInsert=true, vesselId=744535d0-841a-11ed-aa7c-7003bca91a86, instanceId=SHORE-PROD
[2026-05-16T01:55:28.783Z] [SyncDiag] FIELD-LOGGER: spare_component_links row=b9abae89-6c1d-4b98-b916-0b5e20990cad — 9 fields changed, isInsert=true, vesselId=744535d0-841a-11ed-aa7c-7003bca91a86, instanceId=SHORE-PROD
[2026-05-16T01:55:28.796Z] [SyncDiag] FIELD-LOGGER: spares row=05e169da-f9f0-4529-95fc-8dc0c6533382 — 6 fields changed, isInsert=false, vesselId=744535d0-841a-11ed-aa7c-7003bca91a86, instanceId=SHORE-PROD
[2026-05-16T01:55:28.805Z] [SyncDiag] FIELD-LOGGER: spare_location_stock row=5a2d1409-2d3b-441f-aab6-0459bb4aab70 — 1 fields changed, isInsert=false, vesselId=744535d0-841a-11ed-aa7c-7003bca91a86, instanceId=SHORE-PROD
[2026-05-16T01:55:28.868Z] [SyncDiag] FIELD-LOGGER: spares row=a5ac3a45-dfd1-4253-9b8f-2c5fafb31163 — 31 fields changed, isInsert=true, vesselId=744535d0-841a-11ed-aa7c-7003bca91a86, instanceId=SHORE-PROD
[2026-05-16T01:55:28.887Z] [SyncDiag] FIELD-LOGGER: spare_location_stock row=c0615052-3c84-4ea3-867d-6a99977619e2 — 9 fields changed, isInsert=true, vesselId=744535d0-841a-11ed-aa7c-7003bca91a86, instanceId=SHORE-PROD
[2026-05-16T01:55:28.905Z] [SyncDiag] FIELD-LOGGER: spare_location_stock row=e583e8fb-14d2-405b-b017-564a13c31ae2 — 9 fields changed, isInsert=true, vesselId=744535d0-841a-11ed-aa7c-7003bca91a86, instanceId=SHORE-PROD
[2026-05-16T01:55:28.925Z] [SyncDiag] FIELD-LOGGER: spare_component_links row=5c5d977d-6471-41f9-93e0-ef6d46c51488 — 9 fields changed, isInsert=true, vesselId=744535d0-841a-11ed-aa7c-7003bca91a86, instanceId=SHORE-PROD
[2026-05-16T01:55:28.962Z] [SyncDiag] FIELD-LOGGER: inventory_transactions row=f222749d-6309-4a0b-829e-aa53a5a1e6b3 — 18 fields changed, isInsert=true, vesselId=744535d0-841a-11ed-aa7c-7003bca91a86, instanceId=SHORE-PROD
[2026-05-16T01:55:28.997Z] [SyncDiag] FIELD-LOGGER: inventory_transactions row=81415821-0467-4a88-959d-d69e1344079f — 18 fields changed, isInsert=true, vesselId=744535d0-841a-11ed-aa7c-7003bca91a86, instanceId=SHORE-PROD
[2026-05-16T01:55:29.018Z] [SyncDiag] FIELD-LOGGER: spare_component_links row=47dad4c3-0a8e-4d96-90f2-57ade8866a76 — 9 fields changed, isInsert=true, vesselId=744535d0-841a-11ed-aa7c-7003bca91a86, instanceId=SHORE-PROD
[2026-05-16T01:55:29.027Z] [SyncDiag] FIELD-LOGGER: spares row=a5ac3a45-dfd1-4253-9b8f-2c5fafb31163 — 3 fields changed, isInsert=false, vesselId=744535d0-841a-11ed-aa7c-7003bca91a86, instanceId=SHORE-PROD
[2026-05-16T01:55:29.093Z] [SyncDiag] FIELD-LOGGER: spares row=ccb3d224-2c90-4916-a8f6-69f63f223294 — 31 fields changed, isInsert=true, vesselId=744535d0-841a-11ed-aa7c-7003bca91a86, instanceId=SHORE-PROD
[2026-05-16T01:55:29.111Z] [SyncDiag] FIELD-LOGGER: spare_location_stock row=f7dcebaa-c08f-4725-a9ad-dbdb3fb43b6f — 9 fields changed, isInsert=true, vesselId=744535d0-841a-11ed-aa7c-7003bca91a86, instanceId=SHORE-PROD
[2026-05-16T01:55:29.130Z] [SyncDiag] FIELD-LOGGER: spare_location_stock row=69dfa861-4344-4e75-9db2-1c3da091417b — 9 fields changed, isInsert=true, vesselId=744535d0-841a-11ed-aa7c-7003bca91a86, instanceId=SHORE-PROD
[2026-05-16T01:55:29.146Z] [SyncDiag] FIELD-LOGGER: spare_component_links row=dd3c6cc2-e525-4341-aa86-2ea75c7aba67 — 9 fields changed, isInsert=true, vesselId=744535d0-841a-11ed-aa7c-7003bca91a86, instanceId=SHORE-PROD
[2026-05-16T01:55:29.182Z] [SyncDiag] FIELD-LOGGER: inventory_transactions row=e5c5dc5b-af4f-422a-ad61-07546e1ffbee — 18 fields changed, isInsert=true, vesselId=744535d0-841a-11ed-aa7c-7003bca91a86, instanceId=SHORE-PROD
[2026-05-16T01:55:29.219Z] [SyncDiag] FIELD-LOGGER: inventory_transactions row=e4c86fee-dce1-436d-bfbf-c69ab17cfe58 — 18 fields changed, isInsert=true, vesselId=744535d0-841a-11ed-aa7c-7003bca91a86, instanceId=SHORE-PROD
[2026-05-16T01:55:29.241Z] [SyncDiag] FIELD-LOGGER: spare_component_links row=fa3ffa3d-a98b-44f8-adbb-e63f03e1aedb — 9 fields changed, isInsert=true, vesselId=744535d0-841a-11ed-aa7c-7003bca91a86, instanceId=SHORE-PROD
[2026-05-16T01:55:29.251Z] [SyncDiag] FIELD-LOGGER: spares row=ccb3d224-2c90-4916-a8f6-69f63f223294 — 3 fields changed, isInsert=false, vesselId=744535d0-841a-11ed-aa7c-7003bca91a86, instanceId=SHORE-PROD
[2026-05-16T01:55:29.323Z] [SyncDiag] FIELD-LOGGER: spares row=3553f9f6-6e53-4000-a6c1-b7878e5b91a9 — 31 fields changed, isInsert=true, vesselId=744535d0-841a-11ed-aa7c-7003bca91a86, instanceId=SHORE-PROD
[2026-05-16T01:55:29.340Z] [SyncDiag] FIELD-LOGGER: spare_location_stock row=d5e22e4f-2ca9-4a77-b185-fce6c38a9f12 — 9 fields changed, isInsert=true, vesselId=744535d0-841a-11ed-aa7c-7003bca91a86, instanceId=SHORE-PROD
[2026-05-16T01:55:29.359Z] [SyncDiag] FIELD-LOGGER: spare_location_stock row=c24e1a19-4e22-475c-86e6-a3a22d4c1e6a — 9 fields changed, isInsert=true, vesselId=744535d0-841a-11ed-aa7c-7003bca91a86, instanceId=SHORE-PROD
[2026-05-16T01:55:29.382Z] [SyncDiag] FIELD-LOGGER: spare_component_links row=5059b465-e34b-4ea2-8101-f51fb01b3421 — 9 fields changed, isInsert=true, vesselId=744535d0-841a-11ed-aa7c-7003bca91a86, instanceId=SHORE-PROD
[2026-05-16T01:55:29.417Z] [SyncDiag] FIELD-LOGGER: inventory_transactions row=eff6a011-c7c5-476c-84a0-2c53e423116b — 18 fields changed, isInsert=true, vesselId=744535d0-841a-11ed-aa7c-7003bca91a86, instanceId=SHORE-PROD
[2026-05-16T01:55:29.452Z] [SyncDiag] FIELD-LOGGER: inventory_transactions row=f6baf1b7-e087-4ee6-a93b-af126ac918e9 — 18 fields changed, isInsert=true, vesselId=744535d0-841a-11ed-aa7c-7003bca91a86, instanceId=SHORE-PROD
[2026-05-16T01:55:29.472Z] [SyncDiag] FIELD-LOGGER: spare_component_links row=69a5db4e-8bd1-47cb-a539-bcd68e96533b — 9 fields changed, isInsert=true, vesselId=744535d0-841a-11ed-aa7c-7003bca91a86, instanceId=SHORE-PROD
[2026-05-16T01:55:29.481Z] [SyncDiag] FIELD-LOGGER: spares row=3553f9f6-6e53-4000-a6c1-b7878e5b91a9 — 3 fields changed, isInsert=false, vesselId=744535d0-841a-11ed-aa7c-7003bca91a86, instanceId=SHORE-PROD
[2026-05-16T01:55:29.553Z] [SyncDiag] FIELD-LOGGER: spares row=98fef29b-32c8-42a9-8c66-dcda236dce8d — 30 fields changed, isInsert=true, vesselId=744535d0-841a-11ed-aa7c-7003bca91a86, instanceId=SHORE-PROD
[2026-05-16T01:55:29.571Z] [SyncDiag] FIELD-LOGGER: spare_location_stock row=92e08299-8450-43c5-83cb-6d91070ae72b — 9 fields changed, isInsert=true, vesselId=744535d0-841a-11ed-aa7c-7003bca91a86, instanceId=SHORE-PROD
[2026-05-16T01:55:29.589Z] [SyncDiag] FIELD-LOGGER: spare_location_stock row=f12f5ae2-f088-48e6-9609-56f24204c6af — 9 fields changed, isInsert=true, vesselId=744535d0-841a-11ed-aa7c-7003bca91a86, instanceId=SHORE-PROD
[2026-05-16T01:55:29.609Z] [SyncDiag] FIELD-LOGGER: spare_component_links row=40c29e6a-89d6-402c-92a5-39bfc7aaa127 — 9 fields changed, isInsert=true, vesselId=744535d0-841a-11ed-aa7c-7003bca91a86, instanceId=SHORE-PROD
[2026-05-16T01:55:29.646Z] [SyncDiag] FIELD-LOGGER: inventory_transactions row=4713f174-f009-4683-bb83-2e2efc8762ac — 18 fields changed, isInsert=true, vesselId=744535d0-841a-11ed-aa7c-7003bca91a86, instanceId=SHORE-PROD
[2026-05-16T01:55:29.681Z] [SyncDiag] FIELD-LOGGER: inventory_transactions row=9788314c-c50c-4551-9306-f9b6005c7a16 — 18 fields changed, isInsert=true, vesselId=744535d0-841a-11ed-aa7c-7003bca91a86, instanceId=SHORE-PROD
[2026-05-16T01:55:29.701Z] [SyncDiag] FIELD-LOGGER: spare_component_links row=837fd41c-01e3-4db6-be1a-10c3d90dd560 — 9 fields changed, isInsert=true, vesselId=744535d0-841a-11ed-aa7c-7003bca91a86, instanceId=SHORE-PROD
[2026-05-16T01:55:29.711Z] [SyncDiag] FIELD-LOGGER: spares row=98fef29b-32c8-42a9-8c66-dcda236dce8d — 3 fields changed, isInsert=false, vesselId=744535d0-841a-11ed-aa7c-7003bca91a86, instanceId=SHORE-PROD
[2026-05-16T01:55:29.786Z] [SyncDiag] FIELD-LOGGER: spares row=ae268be0-362e-499f-82b7-f0987e001dfa — 30 fields changed, isInsert=true, vesselId=744535d0-841a-11ed-aa7c-7003bca91a86, instanceId=SHORE-PROD
[2026-05-16T01:55:29.804Z] [SyncDiag] FIELD-LOGGER: spare_location_stock row=5a00b532-1bbc-4a5b-bd0b-7441f448f02c — 9 fields changed, isInsert=true, vesselId=744535d0-841a-11ed-aa7c-7003bca91a86, instanceId=SHORE-PROD
[2026-05-16T01:55:29.821Z] [SyncDiag] FIELD-LOGGER: spare_location_stock row=c0b77353-617a-4eae-ae2d-d5fb1c492754 — 9 fields changed, isInsert=true, vesselId=744535d0-841a-11ed-aa7c-7003bca91a86, instanceId=SHORE-PROD
[2026-05-16T01:55:29.845Z] [SyncDiag] FIELD-LOGGER: spare_component_links row=e0392ab9-4a32-4b9a-b421-396f694f2694 — 9 fields changed, isInsert=true, vesselId=744535d0-841a-11ed-aa7c-7003bca91a86, instanceId=SHORE-PROD
[2026-05-16T01:55:29.882Z] [SyncDiag] FIELD-LOGGER: inventory_transactions row=29c7c552-9e5f-4b2c-9816-8fa210d5fa35 — 18 fields changed, isInsert=true, vesselId=744535d0-841a-11ed-aa7c-7003bca91a86, instanceId=SHORE-PROD
[2026-05-16T01:55:29.917Z] [SyncDiag] FIELD-LOGGER: inventory_transactions row=be95755f-9394-4e21-8ab2-48562cb77c60 — 18 fields changed, isInsert=true, vesselId=744535d0-841a-11ed-aa7c-7003bca91a86, instanceId=SHORE-PROD
[2026-05-16T01:55:29.940Z] [SyncDiag] FIELD-LOGGER: spare_component_links row=6290ebca-07d9-490a-9edd-5b12086c03f8 — 9 fields changed, isInsert=true, vesselId=744535d0-841a-11ed-aa7c-7003bca91a86, instanceId=SHORE-PROD
[2026-05-16T01:55:29.954Z] [SyncDiag] FIELD-LOGGER: spares row=ae268be0-362e-499f-82b7-f0987e001dfa — 3 fields changed, isInsert=false, vesselId=744535d0-841a-11ed-aa7c-7003bca91a86, instanceId=SHORE-PROD
[2026-05-16T01:55:29.998Z] [SyncDiag] FIELD-LOGGER: spare_component_links row=02bb8a11-8d8a-468f-94b1-debab4b43822 — 9 fields changed, isInsert=true, vesselId=744535d0-841a-11ed-aa7c-7003bca91a86, instanceId=SHORE-PROD
[2026-05-16T01:55:30.007Z] [SyncDiag] FIELD-LOGGER: spares row=ae268be0-362e-499f-82b7-f0987e001dfa — 3 fields changed, isInsert=false, vesselId=744535d0-841a-11ed-aa7c-7003bca91a86, instanceId=SHORE-PROD
[2026-05-16T01:55:30.078Z] [SyncDiag] FIELD-LOGGER: spares row=a397902f-0840-42a5-b883-f70f41cf4934 — 30 fields changed, isInsert=true, vesselId=744535d0-841a-11ed-aa7c-7003bca91a86, instanceId=SHORE-PROD
[2026-05-16T01:55:30.097Z] [SyncDiag] FIELD-LOGGER: spare_location_stock row=72412dca-904d-4663-b593-0a656a296c2d — 9 fields changed, isInsert=true, vesselId=744535d0-841a-11ed-aa7c-7003bca91a86, instanceId=SHORE-PROD
[2026-05-16T01:55:30.114Z] [SyncDiag] FIELD-LOGGER: spare_location_stock row=eecb97c1-63f0-450c-9354-c36e01a6c740 — 9 fields changed, isInsert=true, vesselId=744535d0-841a-11ed-aa7c-7003bca91a86, instanceId=SHORE-PROD
[2026-05-16T01:55:30.132Z] [SyncDiag] FIELD-LOGGER: spare_component_links row=dd01f50a-02eb-4b0c-944e-db04d67236a1 — 9 fields changed, isInsert=true, vesselId=744535d0-841a-11ed-aa7c-7003bca91a86, instanceId=SHORE-PROD
[2026-05-16T01:55:30.167Z] [SyncDiag] FIELD-LOGGER: inventory_transactions row=d3bb7a85-d2ee-4355-8f9b-2682ded16b0f — 18 fields changed, isInsert=true, vesselId=744535d0-841a-11ed-aa7c-7003bca91a86, instanceId=SHORE-PROD
[2026-05-16T01:55:30.203Z] [SyncDiag] FIELD-LOGGER: inventory_transactions row=98d99da0-5c82-490b-a4cd-a800a7cbdb46 — 18 fields changed, isInsert=true, vesselId=744535d0-841a-11ed-aa7c-7003bca91a86, instanceId=SHORE-PROD
[2026-05-16T01:55:30.222Z] [SyncDiag] FIELD-LOGGER: spare_component_links row=c6339f6e-a50f-4e9e-ba41-46832f3d6d0c — 9 fields changed, isInsert=true, vesselId=744535d0-841a-11ed-aa7c-7003bca91a86, instanceId=SHORE-PROD
[2026-05-16T01:55:30.231Z] [SyncDiag] FIELD-LOGGER: spares row=a397902f-0840-42a5-b883-f70f41cf4934 — 3 fields changed, isInsert=false, vesselId=744535d0-841a-11ed-aa7c-7003bca91a86, instanceId=SHORE-PROD
[2026-05-16T01:55:30.270Z] [SyncDiag] FIELD-LOGGER: spare_component_links row=6902e6f5-783e-4396-8fe5-37231fe8e316 — 9 fields changed, isInsert=true, vesselId=744535d0-841a-11ed-aa7c-7003bca91a86, instanceId=SHORE-PROD
[2026-05-16T01:55:30.279Z] [SyncDiag] FIELD-LOGGER: spares row=a397902f-0840-42a5-b883-f70f41cf4934 — 3 fields changed, isInsert=false, vesselId=744535d0-841a-11ed-aa7c-7003bca91a86, instanceId=SHORE-PROD
[2026-05-16T01:55:30.351Z] [SyncDiag] FIELD-LOGGER: spares row=f1790409-671a-4fe4-acce-8ba050540870 — 30 fields changed, isInsert=true, vesselId=744535d0-841a-11ed-aa7c-7003bca91a86, instanceId=SHORE-PROD
[2026-05-16T01:55:30.369Z] [SyncDiag] FIELD-LOGGER: spare_location_stock row=4da8a2fd-3958-49a8-b246-f48df51f1a8c — 9 fields changed, isInsert=true, vesselId=744535d0-841a-11ed-aa7c-7003bca91a86, instanceId=SHORE-PROD
[2026-05-16T01:55:30.388Z] [SyncDiag] FIELD-LOGGER: spare_location_stock row=768c1c43-1f13-4065-9116-fad6d2acaf41 — 9 fields changed, isInsert=true, vesselId=744535d0-841a-11ed-aa7c-7003bca91a86, instanceId=SHORE-PROD
[2026-05-16T01:55:30.407Z] [SyncDiag] FIELD-LOGGER: spare_component_links row=ea523a2a-d454-4ee6-8c4d-e4405b269dd5 — 9 fields changed, isInsert=true, vesselId=744535d0-841a-11ed-aa7c-7003bca91a86, instanceId=SHORE-PROD
[2026-05-16T01:55:30.442Z] [SyncDiag] FIELD-LOGGER: inventory_transactions row=57236138-1228-4c4c-b74f-e53e784c9119 — 18 fields changed, isInsert=true, vesselId=744535d0-841a-11ed-aa7c-7003bca91a86, instanceId=SHORE-PROD
[2026-05-16T01:55:30.478Z] [SyncDiag] FIELD-LOGGER: inventory_transactions row=2211ae05-aa97-4dbf-9896-93a011960cf6 — 18 fields changed, isInsert=true, vesselId=744535d0-841a-11ed-aa7c-7003bca91a86, instanceId=SHORE-PROD
[2026-05-16T01:55:30.499Z] [SyncDiag] FIELD-LOGGER: spare_component_links row=fcc715fb-8f40-4600-9b3e-cd57a1683bcd — 9 fields changed, isInsert=true, vesselId=744535d0-841a-11ed-aa7c-7003bca91a86, instanceId=SHORE-PROD
[2026-05-16T01:55:30.510Z] [SyncDiag] FIELD-LOGGER: spares row=f1790409-671a-4fe4-acce-8ba050540870 — 3 fields changed, isInsert=false, vesselId=744535d0-841a-11ed-aa7c-7003bca91a86, instanceId=SHORE-PROD
[2026-05-16T01:55:30.548Z] [SyncDiag] FIELD-LOGGER: spare_component_links row=d221eb9e-6434-49ee-8dfd-36b67e98478c — 9 fields changed, isInsert=true, vesselId=744535d0-841a-11ed-aa7c-7003bca91a86, instanceId=SHORE-PROD
[2026-05-16T01:55:30.557Z] [SyncDiag] FIELD-LOGGER: spares row=f1790409-671a-4fe4-acce-8ba050540870 — 3 fields changed, isInsert=false, vesselId=744535d0-841a-11ed-aa7c-7003bca91a86, instanceId=SHORE-PROD
[2026-05-16T01:55:30.626Z] [SyncDiag] FIELD-LOGGER: spares row=8c5b4b0c-26a0-45be-8f2a-8a04c1a0dbdf — 30 fields changed, isInsert=true, vesselId=744535d0-841a-11ed-aa7c-7003bca91a86, instanceId=SHORE-PROD
[2026-05-16T01:55:30.645Z] [SyncDiag] FIELD-LOGGER: spare_location_stock row=2e02b83c-61c0-4029-8786-a1172ca18fd7 — 9 fields changed, isInsert=true, vesselId=744535d0-841a-11ed-aa7c-7003bca91a86, instanceId=SHORE-PROD
[2026-05-16T01:55:30.663Z] [SyncDiag] FIELD-LOGGER: spare_location_stock row=7488b7a5-55db-4115-89f2-6465dfc5c9d7 — 9 fields changed, isInsert=true, vesselId=744535d0-841a-11ed-aa7c-7003bca91a86, instanceId=SHORE-PROD
[2026-05-16T01:55:30.685Z] [SyncDiag] FIELD-LOGGER: spare_component_links row=706e467d-7453-4d06-a46e-afd9b7bf1485 — 9 fields changed, isInsert=true, vesselId=744535d0-841a-11ed-aa7c-7003bca91a86, instanceId=SHORE-PROD
[2026-05-16T01:55:30.721Z] [SyncDiag] FIELD-LOGGER: inventory_transactions row=0f7f12b9-5ee7-4bf3-b361-44e6f4b93f23 — 18 fields changed, isInsert=true, vesselId=744535d0-841a-11ed-aa7c-7003bca91a86, instanceId=SHORE-PROD
[2026-05-16T01:55:30.757Z] [SyncDiag] FIELD-LOGGER: inventory_transactions row=990efae3-09fc-4275-9d53-ab3ed4dc7448 — 18 fields changed, isInsert=true, vesselId=744535d0-841a-11ed-aa7c-7003bca91a86, instanceId=SHORE-PROD
[2026-05-16T01:55:30.782Z] [SyncDiag] FIELD-LOGGER: spare_component_links row=040a2548-0d98-4e11-95d1-3dc377617953 — 9 fields changed, isInsert=true, vesselId=744535d0-841a-11ed-aa7c-7003bca91a86, instanceId=SHORE-PROD
[2026-05-16T01:55:30.793Z] [SyncDiag] FIELD-LOGGER: spares row=8c5b4b0c-26a0-45be-8f2a-8a04c1a0dbdf — 4 fields changed, isInsert=false, vesselId=744535d0-841a-11ed-aa7c-7003bca91a86, instanceId=SHORE-PROD
[2026-05-16T01:55:30.833Z] [SyncDiag] FIELD-LOGGER: spare_component_links row=8db96a9c-5ba0-40c8-a3b5-aa1ac2d50590 — 9 fields changed, isInsert=true, vesselId=744535d0-841a-11ed-aa7c-7003bca91a86, instanceId=SHORE-PROD
[2026-05-16T01:55:30.842Z] [SyncDiag] FIELD-LOGGER: spares row=8c5b4b0c-26a0-45be-8f2a-8a04c1a0dbdf — 3 fields changed, isInsert=false, vesselId=744535d0-841a-11ed-aa7c-7003bca91a86, instanceId=SHORE-PROD
[2026-05-16T01:55:30.909Z] [SyncDiag] FIELD-LOGGER: spares row=cb75d567-b1d7-4beb-8a16-12839a399306 — 30 fields changed, isInsert=true, vesselId=744535d0-841a-11ed-aa7c-7003bca91a86, instanceId=SHORE-PROD
[2026-05-16T01:55:30.928Z] [SyncDiag] FIELD-LOGGER: spare_location_stock row=bb39f0c3-c2bc-4678-9412-c77dd861413b — 9 fields changed, isInsert=true, vesselId=744535d0-841a-11ed-aa7c-7003bca91a86, instanceId=SHORE-PROD
[2026-05-16T01:55:30.947Z] [SyncDiag] FIELD-LOGGER: spare_location_stock row=7de429d4-69de-410d-8a51-38d1f7f40883 — 9 fields changed, isInsert=true, vesselId=744535d0-841a-11ed-aa7c-7003bca91a86, instanceId=SHORE-PROD
[2026-05-16T01:55:30.966Z] [SyncDiag] FIELD-LOGGER: spare_component_links row=fc4fe499-a247-478f-af61-6d9aa5983dff — 9 fields changed, isInsert=true, vesselId=744535d0-841a-11ed-aa7c-7003bca91a86, instanceId=SHORE-PROD
[2026-05-16T01:55:31.003Z] [SyncDiag] FIELD-LOGGER: inventory_transactions row=5bcc4802-73d2-43d8-871a-2036e0224b00 — 18 fields changed, isInsert=true, vesselId=744535d0-841a-11ed-aa7c-7003bca91a86, instanceId=SHORE-PROD
[2026-05-16T01:55:31.039Z] [SyncDiag] FIELD-LOGGER: inventory_transactions row=c3146cb9-4059-414a-9a8a-4959c741d645 — 18 fields changed, isInsert=true, vesselId=744535d0-841a-11ed-aa7c-7003bca91a86, instanceId=SHORE-PROD
[2026-05-16T01:55:31.059Z] [SyncDiag] FIELD-LOGGER: spare_component_links row=2e73c326-c240-4132-bd68-24b04aeea2df — 9 fields changed, isInsert=true, vesselId=744535d0-841a-11ed-aa7c-7003bca91a86, instanceId=SHORE-PROD
[2026-05-16T01:55:31.068Z] [SyncDiag] FIELD-LOGGER: spares row=cb75d567-b1d7-4beb-8a16-12839a399306 — 3 fields changed, isInsert=false, vesselId=744535d0-841a-11ed-aa7c-7003bca91a86, instanceId=SHORE-PROD
[2026-05-16T01:55:31.107Z] [SyncDiag] FIELD-LOGGER: spare_component_links row=08d29d67-9a3c-4641-96b9-bbec38f8451d — 9 fields changed, isInsert=true, vesselId=744535d0-841a-11ed-aa7c-7003bca91a86, instanceId=SHORE-PROD
[2026-05-16T01:55:31.115Z] [SyncDiag] FIELD-LOGGER: spares row=cb75d567-b1d7-4beb-8a16-12839a399306 — 3 fields changed, isInsert=false, vesselId=744535d0-841a-11ed-aa7c-7003bca91a86, instanceId=SHORE-PROD
[2026-05-16T01:55:31.187Z] [SyncDiag] FIELD-LOGGER: spares row=428c1ffe-75c0-4970-b4a0-34ec6bfdadb7 — 31 fields changed, isInsert=true, vesselId=744535d0-841a-11ed-aa7c-7003bca91a86, instanceId=SHORE-PROD
[2026-05-16T01:55:31.205Z] [SyncDiag] FIELD-LOGGER: spare_location_stock row=b51deee5-a2bf-4d09-97e1-8d7ed8d81b41 — 9 fields changed, isInsert=true, vesselId=744535d0-841a-11ed-aa7c-7003bca91a86, instanceId=SHORE-PROD
[2026-05-16T01:55:31.223Z] [SyncDiag] FIELD-LOGGER: spare_location_stock row=d97f2976-a92b-4d66-b283-53e646e00568 — 9 fields changed, isInsert=true, vesselId=744535d0-841a-11ed-aa7c-7003bca91a86, instanceId=SHORE-PROD
[2026-05-16T01:55:31.245Z] [SyncDiag] FIELD-LOGGER: spare_component_links row=fbff39b6-2dcf-495b-95ef-04707f58ef54 — 9 fields changed, isInsert=true, vesselId=744535d0-841a-11ed-aa7c-7003bca91a86, instanceId=SHORE-PROD
[2026-05-16T01:55:31.281Z] [SyncDiag] FIELD-LOGGER: inventory_transactions row=b17fafb3-25ba-4541-b2af-c76247de318a — 18 fields changed, isInsert=true, vesselId=744535d0-841a-11ed-aa7c-7003bca91a86, instanceId=SHORE-PROD
[2026-05-16T01:55:31.316Z] [SyncDiag] FIELD-LOGGER: inventory_transactions row=f7e19ae1-aee9-4d70-8686-4eee9b785c2f — 18 fields changed, isInsert=true, vesselId=744535d0-841a-11ed-aa7c-7003bca91a86, instanceId=SHORE-PROD
[2026-05-16T01:55:31.337Z] [SyncDiag] FIELD-LOGGER: spare_component_links row=e802e39e-00e1-4405-a0d3-5598ab73977f — 9 fields changed, isInsert=true, vesselId=744535d0-841a-11ed-aa7c-7003bca91a86, instanceId=SHORE-PROD
[2026-05-16T01:55:31.346Z] [SyncDiag] FIELD-LOGGER: spares row=428c1ffe-75c0-4970-b4a0-34ec6bfdadb7 — 3 fields changed, isInsert=false, vesselId=744535d0-841a-11ed-aa7c-7003bca91a86, instanceId=SHORE-PROD
[2026-05-16T01:55:31.384Z] [SyncDiag] FIELD-LOGGER: spare_component_links row=35d6017a-9877-46f0-aa91-886f32d2aee6 — 9 fields changed, isInsert=true, vesselId=744535d0-841a-11ed-aa7c-7003bca91a86, instanceId=SHORE-PROD
[2026-05-16T01:55:31.393Z] [SyncDiag] FIELD-LOGGER: spares row=428c1ffe-75c0-4970-b4a0-34ec6bfdadb7 — 3 fields changed, isInsert=false, vesselId=744535d0-841a-11ed-aa7c-7003bca91a86, instanceId=SHORE-PROD
[2026-05-16T01:55:31.464Z] [SyncDiag] FIELD-LOGGER: spares row=b23c019b-3744-4149-b6de-a75423900501 — 31 fields changed, isInsert=true, vesselId=744535d0-841a-11ed-aa7c-7003bca91a86, instanceId=SHORE-PROD
[2026-05-16T01:55:31.483Z] [SyncDiag] FIELD-LOGGER: spare_location_stock row=7a1694ae-cdb1-45f2-b255-acb1e27f865d — 9 fields changed, isInsert=true, vesselId=744535d0-841a-11ed-aa7c-7003bca91a86, instanceId=SHORE-PROD
[2026-05-16T01:55:31.500Z] [SyncDiag] FIELD-LOGGER: spare_location_stock row=99197b7f-1903-4cfa-883e-36e2ac8ee4f8 — 9 fields changed, isInsert=true, vesselId=744535d0-841a-11ed-aa7c-7003bca91a86, instanceId=SHORE-PROD
[2026-05-16T01:55:31.521Z] [SyncDiag] FIELD-LOGGER: spare_component_links row=e69049e4-2d66-481e-b172-addbd3c9e70f — 9 fields changed, isInsert=true, vesselId=744535d0-841a-11ed-aa7c-7003bca91a86, instanceId=SHORE-PROD
[2026-05-16T01:55:31.556Z] [SyncDiag] FIELD-LOGGER: inventory_transactions row=e6a6ddef-d026-45a0-aa04-65c8b64f77ba — 18 fields changed, isInsert=true, vesselId=744535d0-841a-11ed-aa7c-7003bca91a86, instanceId=SHORE-PROD
[2026-05-16T01:55:31.595Z] [SyncDiag] FIELD-LOGGER: inventory_transactions row=d21e218a-56b6-4525-99c4-5454fe06cb96 — 18 fields changed, isInsert=true, vesselId=744535d0-841a-11ed-aa7c-7003bca91a86, instanceId=SHORE-PROD
[2026-05-16T01:55:31.616Z] [SyncDiag] FIELD-LOGGER: spare_component_links row=013c3df5-ca2b-44f5-b364-3b160357bb1b — 9 fields changed, isInsert=true, vesselId=744535d0-841a-11ed-aa7c-7003bca91a86, instanceId=SHORE-PROD
[2026-05-16T01:55:31.625Z] [SyncDiag] FIELD-LOGGER: spares row=b23c019b-3744-4149-b6de-a75423900501 — 3 fields changed, isInsert=false, vesselId=744535d0-841a-11ed-aa7c-7003bca91a86, instanceId=SHORE-PROD
[2026-05-16T01:55:31.662Z] [SyncDiag] FIELD-LOGGER: spare_component_links row=4508ff9e-3972-449e-8d9d-e651e3927eb0 — 9 fields changed, isInsert=true, vesselId=744535d0-841a-11ed-aa7c-7003bca91a86, instanceId=SHORE-PROD
[2026-05-16T01:55:31.670Z] [SyncDiag] FIELD-LOGGER: spares row=b23c019b-3744-4149-b6de-a75423900501 — 3 fields changed, isInsert=false, vesselId=744535d0-841a-11ed-aa7c-7003bca91a86, instanceId=SHORE-PROD
[2026-05-16T01:55:31.739Z] [SyncDiag] FIELD-LOGGER: spares row=54ec45fd-34be-402e-b5b0-325d97ad3c97 — 31 fields changed, isInsert=true, vesselId=744535d0-841a-11ed-aa7c-7003bca91a86, instanceId=SHORE-PROD
[2026-05-16T01:55:31.757Z] [SyncDiag] FIELD-LOGGER: spare_location_stock row=293db46c-8710-4724-a6ff-254856c7fffc — 9 fields changed, isInsert=true, vesselId=744535d0-841a-11ed-aa7c-7003bca91a86, instanceId=SHORE-PROD
[2026-05-16T01:55:31.784Z] [SyncDiag] FIELD-LOGGER: spare_location_stock row=fa933872-2892-4899-a5b4-0bcd447c22bd — 9 fields changed, isInsert=true, vesselId=744535d0-841a-11ed-aa7c-7003bca91a86, instanceId=SHORE-PROD
[2026-05-16T01:55:31.804Z] [SyncDiag] FIELD-LOGGER: spare_component_links row=b43cce73-9c37-4cf1-af3e-89814635d5ab — 9 fields changed, isInsert=true, vesselId=744535d0-841a-11ed-aa7c-7003bca91a86, instanceId=SHORE-PROD
[2026-05-16T01:55:31.840Z] [SyncDiag] FIELD-LOGGER: inventory_transactions row=e3980fa7-3667-4b0b-a6da-f687c8608090 — 18 fields changed, isInsert=true, vesselId=744535d0-841a-11ed-aa7c-7003bca91a86, instanceId=SHORE-PROD
[2026-05-16T01:55:31.876Z] [SyncDiag] FIELD-LOGGER: inventory_transactions row=5e08abdc-4954-4f92-bf57-3cbd33c294d2 — 18 fields changed, isInsert=true, vesselId=744535d0-841a-11ed-aa7c-7003bca91a86, instanceId=SHORE-PROD
[2026-05-16T01:55:31.898Z] [SyncDiag] FIELD-LOGGER: spare_component_links row=f01a24cf-f3bd-41d9-b888-5bda57f7001d — 9 fields changed, isInsert=true, vesselId=744535d0-841a-11ed-aa7c-7003bca91a86, instanceId=SHORE-PROD
[2026-05-16T01:55:31.906Z] [SyncDiag] FIELD-LOGGER: spares row=54ec45fd-34be-402e-b5b0-325d97ad3c97 — 3 fields changed, isInsert=false, vesselId=744535d0-841a-11ed-aa7c-7003bca91a86, instanceId=SHORE-PROD
[2026-05-16T01:55:31.944Z] [SyncDiag] FIELD-LOGGER: spare_component_links row=82f6032a-6a0d-4091-a264-1cf15b6283e1 — 9 fields changed, isInsert=true, vesselId=744535d0-841a-11ed-aa7c-7003bca91a86, instanceId=SHORE-PROD
[2026-05-16T01:55:31.954Z] [SyncDiag] FIELD-LOGGER: spares row=54ec45fd-34be-402e-b5b0-325d97ad3c97 — 3 fields changed, isInsert=false, vesselId=744535d0-841a-11ed-aa7c-7003bca91a86, instanceId=SHORE-PROD
[2026-05-16T01:55:32.024Z] [SyncDiag] FIELD-LOGGER: spares row=c361a439-5bb1-406c-95b0-0c0ff3b08234 — 30 fields changed, isInsert=true, vesselId=744535d0-841a-11ed-aa7c-7003bca91a86, instanceId=SHORE-PROD
[2026-05-16T01:55:32.043Z] [SyncDiag] FIELD-LOGGER: spare_location_stock row=4f1ff0d4-63f7-4770-a02b-51f9eaa83a78 — 9 fields changed, isInsert=true, vesselId=744535d0-841a-11ed-aa7c-7003bca91a86, instanceId=SHORE-PROD
[2026-05-16T01:55:32.060Z] [SyncDiag] FIELD-LOGGER: spare_location_stock row=b249a6d5-57eb-4344-87b4-417e895715b9 — 9 fields changed, isInsert=true, vesselId=744535d0-841a-11ed-aa7c-7003bca91a86, instanceId=SHORE-PROD
[2026-05-16T01:55:32.082Z] [SyncDiag] FIELD-LOGGER: spare_component_links row=3aec9ed7-9fe8-4793-aab2-e4454cd6077f — 9 fields changed, isInsert=true, vesselId=744535d0-841a-11ed-aa7c-7003bca91a86, instanceId=SHORE-PROD
[2026-05-16T01:55:32.118Z] [SyncDiag] FIELD-LOGGER: inventory_transactions row=6d07faf4-c0d2-4667-8fbc-1a0436ce5f1d — 18 fields changed, isInsert=true, vesselId=744535d0-841a-11ed-aa7c-7003bca91a86, instanceId=SHORE-PROD
[2026-05-16T01:55:32.153Z] [SyncDiag] FIELD-LOGGER: inventory_transactions row=3a6b4323-178c-4aec-8b37-06ec47ab27d0 — 18 fields changed, isInsert=true, vesselId=744535d0-841a-11ed-aa7c-7003bca91a86, instanceId=SHORE-PROD
[2026-05-16T01:55:32.175Z] [SyncDiag] FIELD-LOGGER: spare_component_links row=513c579f-6491-4d7b-a576-77a870dd572f — 9 fields changed, isInsert=true, vesselId=744535d0-841a-11ed-aa7c-7003bca91a86, instanceId=SHORE-PROD
[2026-05-16T01:55:32.184Z] [SyncDiag] FIELD-LOGGER: spares row=c361a439-5bb1-406c-95b0-0c0ff3b08234 — 3 fields changed, isInsert=false, vesselId=744535d0-841a-11ed-aa7c-7003bca91a86, instanceId=SHORE-PROD
[2026-05-16T01:55:32.217Z] [SyncDiag] FIELD-LOGGER: spare_component_links row=ca95dd2a-1e5f-4155-bb09-4f8f9edf2214 — 9 fields changed, isInsert=true, vesselId=744535d0-841a-11ed-aa7c-7003bca91a86, instanceId=SHORE-PROD
[2026-05-16T01:55:32.226Z] [SyncDiag] FIELD-LOGGER: spares row=c361a439-5bb1-406c-95b0-0c0ff3b08234 — 3 fields changed, isInsert=false, vesselId=744535d0-841a-11ed-aa7c-7003bca91a86, instanceId=SHORE-PROD
[2026-05-16T01:55:32.296Z] [SyncDiag] FIELD-LOGGER: spares row=7d315c8d-439a-4c47-8ff2-07fad1510e24 — 30 fields changed, isInsert=true, vesselId=744535d0-841a-11ed-aa7c-7003bca91a86, instanceId=SHORE-PROD
[2026-05-16T01:55:32.314Z] [SyncDiag] FIELD-LOGGER: spare_location_stock row=39f58806-6330-4273-a0e0-bf1388571efc — 9 fields changed, isInsert=true, vesselId=744535d0-841a-11ed-aa7c-7003bca91a86, instanceId=SHORE-PROD
[2026-05-16T01:55:32.331Z] [SyncDiag] FIELD-LOGGER: spare_location_stock row=6fc48e6a-cefa-419e-8fdb-1c78ae382bb9 — 9 fields changed, isInsert=true, vesselId=744535d0-841a-11ed-aa7c-7003bca91a86, instanceId=SHORE-PROD
[2026-05-16T01:55:32.351Z] [SyncDiag] FIELD-LOGGER: spare_component_links row=b66e8d7a-0bea-4d36-9371-fefe9cf732df — 9 fields changed, isInsert=true, vesselId=744535d0-841a-11ed-aa7c-7003bca91a86, instanceId=SHORE-PROD
[2026-05-16T01:55:32.386Z] [SyncDiag] FIELD-LOGGER: inventory_transactions row=1d2c59ca-0f50-47cd-a6fc-19b571bde15e — 18 fields changed, isInsert=true, vesselId=744535d0-841a-11ed-aa7c-7003bca91a86, instanceId=SHORE-PROD
[2026-05-16T01:55:32.422Z] [SyncDiag] FIELD-LOGGER: inventory_transactions row=2a770605-db90-4982-9483-187c0721cf21 — 18 fields changed, isInsert=true, vesselId=744535d0-841a-11ed-aa7c-7003bca91a86, instanceId=SHORE-PROD
[2026-05-16T01:56:32.288Z] [SyncDiag] RECEIVE-PUSH START: batch=f0e30744-be28-4a41-88fa-e0ea32824820, vessel=744535d0-841a-11ed-aa7c-7003bca91a86, fieldLogs=0, oneWayRows=0
[2026-05-16T01:56:32.294Z] [SyncDiag] RECEIVE-PUSH DONE: stored=0, applied=0, errors=0, oneWayTables=0
[2026-05-16T01:56:34.319Z] [SyncDiag] PREPARE-PULL START: vessel=744535d0-841a-11ed-aa7c-7003bca91a86, vesselCode=null, checkpoint=2026-05-16T01:53:35.140Z, shoreInstanceId=SHORE-PROD
[2026-05-16T01:56:34.565Z] [SyncDiag] PREPARE-PULL FIELD LOGS: 5000 shore logs for vessel=744535d0-841a-11ed-aa7c-7003bca91a86 (excluded instance=SHIP-Vessel 4)
[2026-05-16T01:56:34.567Z] [SyncDiag] PREPARE-PULL FIELD LOG TABLES: {"work_orders":7,"spares":1640,"spare_location_stock":968,"spare_component_links":477,"inventory_transactions":1908}
[2026-05-16T01:56:34.579Z] [SyncDiag] PREPARE-PULL DONE: 0 one-way rows across 0 tables, 5000 field logs, 0 conflicts
[2026-05-16T01:56:35.551Z] [SyncDiag] COMPLETE-SESSION: marking shore logs synced for vessel=744535d0-841a-11ed-aa7c-7003bca91a86 checkpointBefore=2026-05-16T01:53:35.140Z excludeInstance=SHIP-Vessel 4
[2026-05-16T01:56:35.661Z] [SyncDiag] COMPLETE-SESSION: found 5000 shore logs to mark synced
[2026-05-16T01:56:36.227Z] [SyncDiag] COMPLETE-SESSION: found 0 ship logs to mark synced
[2026-05-16T01:57:05.581Z] [SyncDiag] RECEIVE-PUSH START: batch=1afe866b-dd68-48a6-abee-bd242ed6dd68, vessel=744535d0-841a-11ed-aa7c-7003bca91a86, fieldLogs=0, oneWayRows=0
[2026-05-16T01:57:05.587Z] [SyncDiag] RECEIVE-PUSH DONE: stored=0, applied=0, errors=0, oneWayTables=0
[2026-05-16T01:57:07.629Z] [SyncDiag] PREPARE-PULL START: vessel=744535d0-841a-11ed-aa7c-7003bca91a86, vesselCode=null, checkpoint=2026-05-16T01:56:35.549Z, shoreInstanceId=SHORE-PROD
[2026-05-16T01:57:07.821Z] [SyncDiag] PREPARE-PULL DIAG: vessel=744535d0-841a-11ed-aa7c-7003bca91a86 total_logs=9127 unsynced=4006 after_instance_filter=4006 exclude=SHIP-Vessel 4 since=2026-05-16T01:56:35.549Z instances=[SHORE-PROD:4006]
[2026-05-16T01:57:07.822Z] [SyncDiag] PREPARE-PULL FIELD LOGS: 0 shore logs for vessel=744535d0-841a-11ed-aa7c-7003bca91a86 (excluded instance=SHIP-Vessel 4)
[2026-05-16T01:57:07.829Z] [SyncDiag] PREPARE-PULL DONE: 0 one-way rows across 0 tables, 0 field logs, 0 conflicts
[2026-05-16T01:57:07.837Z] [SyncDiag] COMPLETE-SESSION: marking shore logs synced for vessel=744535d0-841a-11ed-aa7c-7003bca91a86 checkpointBefore=2026-05-16T01:56:35.549Z excludeInstance=SHIP-Vessel 4
[2026-05-16T01:57:07.898Z] [SyncDiag] PREPARE-PULL DIAG: vessel=744535d0-841a-11ed-aa7c-7003bca91a86 total_logs=9127 unsynced=4006 after_instance_filter=4006 exclude=SHIP-Vessel 4 since=2026-05-16T01:56:35.549Z instances=[SHORE-PROD:4006]
[2026-05-16T01:57:07.899Z] [SyncDiag] COMPLETE-SESSION: found 0 shore logs to mark synced
[2026-05-16T01:57:07.900Z] [SyncDiag] COMPLETE-SESSION: found 0 ship logs to mark synced
[2026-05-16T01:59:35.677Z] [SyncDiag] FIELD-LOGGER: stores_items row=a9c46610-2e36-4cee-a5b9-756a07ee2845 — 21 fields changed, isInsert=true, vesselId=744535d0-841a-11ed-aa7c-7003bca91a86, instanceId=SHORE-PROD
[2026-05-16T01:59:35.718Z] [SyncDiag] FIELD-LOGGER: stores_ledger row=6fa7b44e-21b7-46fb-90be-f54eb12cf1ac — 20 fields changed, isInsert=true, vesselId=744535d0-841a-11ed-aa7c-7003bca91a86, instanceId=SHORE-PROD
[2026-05-16T01:59:35.759Z] [SyncDiag] FIELD-LOGGER: stores_items row=83688e76-e7f9-473b-aff6-39401495c0d8 — 21 fields changed, isInsert=true, vesselId=744535d0-841a-11ed-aa7c-7003bca91a86, instanceId=SHORE-PROD
[2026-05-16T01:59:35.796Z] [SyncDiag] FIELD-LOGGER: stores_ledger row=61ad5496-7262-48ed-b918-52c030dca078 — 20 fields changed, isInsert=true, vesselId=744535d0-841a-11ed-aa7c-7003bca91a86, instanceId=SHORE-PROD
[2026-05-16T01:59:35.836Z] [SyncDiag] FIELD-LOGGER: stores_items row=c5b25b00-1da8-40bc-9b5c-b5ae9e71db39 — 21 fields changed, isInsert=true, vesselId=744535d0-841a-11ed-aa7c-7003bca91a86, instanceId=SHORE-PROD
[2026-05-16T01:59:35.873Z] [SyncDiag] FIELD-LOGGER: stores_ledger row=30094f27-d7aa-44c7-b4c2-d0c613594791 — 20 fields changed, isInsert=true, vesselId=744535d0-841a-11ed-aa7c-7003bca91a86, instanceId=SHORE-PROD
[2026-05-16T01:59:35.909Z] [SyncDiag] FIELD-LOGGER: stores_items row=c1d994d2-89b3-48b3-aa0b-77baeb1fb9fa — 19 fields changed, isInsert=true, vesselId=744535d0-841a-11ed-aa7c-7003bca91a86, instanceId=SHORE-PROD
[2026-05-16T01:59:35.947Z] [SyncDiag] FIELD-LOGGER: stores_items row=73154a26-7666-418f-bf9f-f147f6564b52 — 21 fields changed, isInsert=true, vesselId=744535d0-841a-11ed-aa7c-7003bca91a86, instanceId=SHORE-PROD
[2026-05-16T01:59:35.985Z] [SyncDiag] FIELD-LOGGER: stores_ledger row=527bf8c4-d09f-425d-8f7d-d6c1da4b1b72 — 20 fields changed, isInsert=true, vesselId=744535d0-841a-11ed-aa7c-7003bca91a86, instanceId=SHORE-PROD
[2026-05-16T01:59:36.025Z] [SyncDiag] FIELD-LOGGER: stores_items row=80a4193f-bb55-4754-85d1-65a792fa7d04 — 21 fields changed, isInsert=true, vesselId=744535d0-841a-11ed-aa7c-7003bca91a86, instanceId=SHORE-PROD
[2026-05-16T01:59:36.061Z] [SyncDiag] FIELD-LOGGER: stores_ledger row=055dd472-a212-4bb4-af53-40591e338255 — 20 fields changed, isInsert=true, vesselId=744535d0-841a-11ed-aa7c-7003bca91a86, instanceId=SHORE-PROD
[2026-05-16T01:59:36.097Z] [SyncDiag] FIELD-LOGGER: stores_items row=b598c5b9-067f-48b2-81be-4b22801a8906 — 21 fields changed, isInsert=true, vesselId=744535d0-841a-11ed-aa7c-7003bca91a86, instanceId=SHORE-PROD
[2026-05-16T01:59:36.132Z] [SyncDiag] FIELD-LOGGER: stores_ledger row=c9d65209-4f62-451f-9727-2709dada5a1e — 20 fields changed, isInsert=true, vesselId=744535d0-841a-11ed-aa7c-7003bca91a86, instanceId=SHORE-PROD
[2026-05-16T01:59:36.170Z] [SyncDiag] FIELD-LOGGER: stores_items row=753f9241-a179-4f35-8e27-2ac37f79afbe — 21 fields changed, isInsert=true, vesselId=744535d0-841a-11ed-aa7c-7003bca91a86, instanceId=SHORE-PROD
[2026-05-16T01:59:36.204Z] [SyncDiag] FIELD-LOGGER: stores_ledger row=a2175a02-ac7e-4eea-9483-d7c0f8e74fb0 — 20 fields changed, isInsert=true, vesselId=744535d0-841a-11ed-aa7c-7003bca91a86, instanceId=SHORE-PROD
[2026-05-16T01:59:36.242Z] [SyncDiag] FIELD-LOGGER: stores_items row=7415b6cd-0e41-409e-ac78-52d6d30f3a8c — 21 fields changed, isInsert=true, vesselId=744535d0-841a-11ed-aa7c-7003bca91a86, instanceId=SHORE-PROD
[2026-05-16T01:59:36.277Z] [SyncDiag] FIELD-LOGGER: stores_ledger row=9228d4fc-2e20-4ec3-9bec-01824f8c3b2e — 20 fields changed, isInsert=true, vesselId=744535d0-841a-11ed-aa7c-7003bca91a86, instanceId=SHORE-PROD
[2026-05-16T01:59:36.315Z] [SyncDiag] FIELD-LOGGER: stores_items row=679b0ec3-ce4f-48cd-a793-1f85858fb16b — 21 fields changed, isInsert=true, vesselId=744535d0-841a-11ed-aa7c-7003bca91a86, instanceId=SHORE-PROD
[2026-05-16T01:59:36.351Z] [SyncDiag] FIELD-LOGGER: stores_ledger row=fd9c0b1a-ddd6-48d3-b748-aadd3c0a20d9 — 20 fields changed, isInsert=true, vesselId=744535d0-841a-11ed-aa7c-7003bca91a86, instanceId=SHORE-PROD
[2026-05-16T01:59:55.379Z] [SyncDiag] FIELD-LOGGER: stores_items row=6ea961aa-082c-4d99-aa42-0904b2e5bf55 — 20 fields changed, isInsert=true, vesselId=744535d0-841a-11ed-aa7c-7003bca91a86, instanceId=SHORE-PROD
[2026-05-16T01:59:55.428Z] [SyncDiag] FIELD-LOGGER: stores_ledger row=bcd301d5-199d-4b37-9fe3-feb87bc6e825 — 20 fields changed, isInsert=true, vesselId=744535d0-841a-11ed-aa7c-7003bca91a86, instanceId=SHORE-PROD
[2026-05-16T01:59:55.474Z] [SyncDiag] FIELD-LOGGER: stores_items row=7f669f3f-0e66-47c7-88ea-4938c2e397c0 — 20 fields changed, isInsert=true, vesselId=744535d0-841a-11ed-aa7c-7003bca91a86, instanceId=SHORE-PROD
[2026-05-16T01:59:55.519Z] [SyncDiag] FIELD-LOGGER: stores_ledger row=d9755ac9-7710-430f-a65a-bca8c5eb8068 — 20 fields changed, isInsert=true, vesselId=744535d0-841a-11ed-aa7c-7003bca91a86, instanceId=SHORE-PROD
[2026-05-16T01:59:55.570Z] [SyncDiag] FIELD-LOGGER: stores_items row=8222b5c0-287b-4f1f-bda7-563497cca3ce — 20 fields changed, isInsert=true, vesselId=744535d0-841a-11ed-aa7c-7003bca91a86, instanceId=SHORE-PROD
[2026-05-16T01:59:55.614Z] [SyncDiag] FIELD-LOGGER: stores_ledger row=caa20372-5e22-496d-8549-385aea0e2429 — 20 fields changed, isInsert=true, vesselId=744535d0-841a-11ed-aa7c-7003bca91a86, instanceId=SHORE-PROD
[2026-05-16T01:59:55.654Z] [SyncDiag] FIELD-LOGGER: stores_items row=c4766c41-b1e9-4a2c-a119-7a470e3e13a2 — 18 fields changed, isInsert=true, vesselId=744535d0-841a-11ed-aa7c-7003bca91a86, instanceId=SHORE-PROD
[2026-05-16T01:59:55.696Z] [SyncDiag] FIELD-LOGGER: stores_items row=f3456691-93d1-4fe9-94a2-79a1c3b73258 — 20 fields changed, isInsert=true, vesselId=744535d0-841a-11ed-aa7c-7003bca91a86, instanceId=SHORE-PROD
[2026-05-16T01:59:55.740Z] [SyncDiag] FIELD-LOGGER: stores_ledger row=1df34f77-48c6-4eef-bd51-9bf1c020095e — 20 fields changed, isInsert=true, vesselId=744535d0-841a-11ed-aa7c-7003bca91a86, instanceId=SHORE-PROD
[2026-05-16T01:59:55.784Z] [SyncDiag] FIELD-LOGGER: stores_items row=ce2a42e2-663c-45a5-a9ea-ea6d7c9d47f5 — 20 fields changed, isInsert=true, vesselId=744535d0-841a-11ed-aa7c-7003bca91a86, instanceId=SHORE-PROD
[2026-05-16T01:59:55.827Z] [SyncDiag] FIELD-LOGGER: stores_ledger row=5bc583b2-747f-4cd0-916b-2c5c7673e9fb — 20 fields changed, isInsert=true, vesselId=744535d0-841a-11ed-aa7c-7003bca91a86, instanceId=SHORE-PROD
[2026-05-16T01:59:55.872Z] [SyncDiag] FIELD-LOGGER: stores_items row=a923d226-7bd9-4121-9743-7e68946b36b0 — 20 fields changed, isInsert=true, vesselId=744535d0-841a-11ed-aa7c-7003bca91a86, instanceId=SHORE-PROD
[2026-05-16T01:59:55.915Z] [SyncDiag] FIELD-LOGGER: stores_ledger row=95c8caa5-2e39-484b-ac63-48572f692e2b — 20 fields changed, isInsert=true, vesselId=744535d0-841a-11ed-aa7c-7003bca91a86, instanceId=SHORE-PROD
[2026-05-16T01:59:55.962Z] [SyncDiag] FIELD-LOGGER: stores_items row=644c8c18-9078-42ee-91b7-da25ac33fb88 — 20 fields changed, isInsert=true, vesselId=744535d0-841a-11ed-aa7c-7003bca91a86, instanceId=SHORE-PROD
[2026-05-16T01:59:56.006Z] [SyncDiag] FIELD-LOGGER: stores_ledger row=613d1200-ba86-4f7a-a6a1-f60894f357ac — 20 fields changed, isInsert=true, vesselId=744535d0-841a-11ed-aa7c-7003bca91a86, instanceId=SHORE-PROD
[2026-05-16T01:59:56.054Z] [SyncDiag] FIELD-LOGGER: stores_items row=f73098c5-73cd-4487-9f42-1f47e1a5b1ec — 20 fields changed, isInsert=true, vesselId=744535d0-841a-11ed-aa7c-7003bca91a86, instanceId=SHORE-PROD
[2026-05-16T01:59:56.097Z] [SyncDiag] FIELD-LOGGER: stores_ledger row=cf6db184-b274-4a53-8532-37755ede316b — 20 fields changed, isInsert=true, vesselId=744535d0-841a-11ed-aa7c-7003bca91a86, instanceId=SHORE-PROD
[2026-05-16T01:59:56.142Z] [SyncDiag] FIELD-LOGGER: stores_items row=c06f9be9-861c-4723-8baf-e89c5ce102c0 — 20 fields changed, isInsert=true, vesselId=744535d0-841a-11ed-aa7c-7003bca91a86, instanceId=SHORE-PROD
[2026-05-16T01:59:56.185Z] [SyncDiag] FIELD-LOGGER: stores_ledger row=665550ca-56e8-4fb0-850e-f16d1bd0dd49 — 20 fields changed, isInsert=true, vesselId=744535d0-841a-11ed-aa7c-7003bca91a86, instanceId=SHORE-PROD
[2026-05-16T02:00:14.254Z] [SyncDiag] FIELD-LOGGER: stores_items row=62410042-e14a-455b-81a6-5f401b6574d3 — 20 fields changed, isInsert=true, vesselId=744535d0-841a-11ed-aa7c-7003bca91a86, instanceId=SHORE-PROD
[2026-05-16T02:00:14.294Z] [SyncDiag] FIELD-LOGGER: stores_ledger row=feeeaeba-72f0-479f-917b-c67bbba55d11 — 20 fields changed, isInsert=true, vesselId=744535d0-841a-11ed-aa7c-7003bca91a86, instanceId=SHORE-PROD
[2026-05-16T02:00:14.329Z] [SyncDiag] FIELD-LOGGER: stores_items row=3b981bb3-a7b4-4bee-8a92-a9b70eea4063 — 20 fields changed, isInsert=true, vesselId=744535d0-841a-11ed-aa7c-7003bca91a86, instanceId=SHORE-PROD
[2026-05-16T02:00:14.363Z] [SyncDiag] FIELD-LOGGER: stores_ledger row=df0327dd-9925-498e-a778-8ce294328959 — 20 fields changed, isInsert=true, vesselId=744535d0-841a-11ed-aa7c-7003bca91a86, instanceId=SHORE-PROD
[2026-05-16T02:00:14.398Z] [SyncDiag] FIELD-LOGGER: stores_items row=31d3cc6a-7de2-4067-9716-b98d845f2b4e — 20 fields changed, isInsert=true, vesselId=744535d0-841a-11ed-aa7c-7003bca91a86, instanceId=SHORE-PROD
[2026-05-16T02:00:14.434Z] [SyncDiag] FIELD-LOGGER: stores_ledger row=dec36c61-96e3-4504-90a9-8edd77faed12 — 20 fields changed, isInsert=true, vesselId=744535d0-841a-11ed-aa7c-7003bca91a86, instanceId=SHORE-PROD
[2026-05-16T02:00:14.465Z] [SyncDiag] FIELD-LOGGER: stores_items row=bf06abf7-fd43-4973-9006-a55186c779e9 — 18 fields changed, isInsert=true, vesselId=744535d0-841a-11ed-aa7c-7003bca91a86, instanceId=SHORE-PROD
[2026-05-16T02:00:14.500Z] [SyncDiag] FIELD-LOGGER: stores_items row=273ef6a1-30ea-47e6-afe9-08da82f1711e — 20 fields changed, isInsert=true, vesselId=744535d0-841a-11ed-aa7c-7003bca91a86, instanceId=SHORE-PROD
[2026-05-16T02:00:14.533Z] [SyncDiag] FIELD-LOGGER: stores_ledger row=c430474b-aafa-4e4b-aa29-83b08ec7f7fe — 20 fields changed, isInsert=true, vesselId=744535d0-841a-11ed-aa7c-7003bca91a86, instanceId=SHORE-PROD
[2026-05-16T02:00:14.573Z] [SyncDiag] FIELD-LOGGER: stores_items row=0035a831-b77e-4291-9616-0b545a71d4f4 — 20 fields changed, isInsert=true, vesselId=744535d0-841a-11ed-aa7c-7003bca91a86, instanceId=SHORE-PROD
[2026-05-16T02:00:14.610Z] [SyncDiag] FIELD-LOGGER: stores_ledger row=fb2f423c-0898-4a23-b621-d5743b02308c — 20 fields changed, isInsert=true, vesselId=744535d0-841a-11ed-aa7c-7003bca91a86, instanceId=SHORE-PROD
[2026-05-16T02:00:14.646Z] [SyncDiag] FIELD-LOGGER: stores_items row=6ccb8119-d17f-4355-a3b8-2dcc6d1c621a — 20 fields changed, isInsert=true, vesselId=744535d0-841a-11ed-aa7c-7003bca91a86, instanceId=SHORE-PROD
[2026-05-16T02:00:14.684Z] [SyncDiag] FIELD-LOGGER: stores_ledger row=d4f09848-0f57-474a-9e04-1757dc4d417e — 20 fields changed, isInsert=true, vesselId=744535d0-841a-11ed-aa7c-7003bca91a86, instanceId=SHORE-PROD
[2026-05-16T02:00:14.720Z] [SyncDiag] FIELD-LOGGER: stores_items row=6747b4ac-5da5-434a-ac6c-501111ce13be — 20 fields changed, isInsert=true, vesselId=744535d0-841a-11ed-aa7c-7003bca91a86, instanceId=SHORE-PROD
[2026-05-16T02:00:14.754Z] [SyncDiag] FIELD-LOGGER: stores_ledger row=4b53f199-d367-4688-af4a-9cbcbf81a6c3 — 20 fields changed, isInsert=true, vesselId=744535d0-841a-11ed-aa7c-7003bca91a86, instanceId=SHORE-PROD
[2026-05-16T02:00:14.788Z] [SyncDiag] FIELD-LOGGER: stores_items row=72e85652-b223-43e7-b85f-ede0ad9ef601 — 20 fields changed, isInsert=true, vesselId=744535d0-841a-11ed-aa7c-7003bca91a86, instanceId=SHORE-PROD
[2026-05-16T02:00:14.822Z] [SyncDiag] FIELD-LOGGER: stores_ledger row=c0ba8bb7-1178-43f9-8cb2-124b9d93b181 — 20 fields changed, isInsert=true, vesselId=744535d0-841a-11ed-aa7c-7003bca91a86, instanceId=SHORE-PROD
[2026-05-16T02:00:14.855Z] [SyncDiag] FIELD-LOGGER: stores_items row=77446bd0-70bd-42aa-a9e4-2f3df48837e9 — 20 fields changed, isInsert=true, vesselId=744535d0-841a-11ed-aa7c-7003bca91a86, instanceId=SHORE-PROD
[2026-05-16T02:00:14.888Z] [SyncDiag] FIELD-LOGGER: stores_ledger row=03ab6ccd-8406-4439-95cc-003683bb4ec0 — 20 fields changed, isInsert=true, vesselId=744535d0-841a-11ed-aa7c-7003bca91a86, instanceId=SHORE-PROD
[2026-05-16T02:00:34.416Z] [SyncDiag] FIELD-LOGGER: stores_items row=b425ddef-9fcd-468b-a7ae-2455224096b1 — 20 fields changed, isInsert=true, vesselId=744535d0-841a-11ed-aa7c-7003bca91a86, instanceId=SHORE-PROD
[2026-05-16T02:00:34.454Z] [SyncDiag] FIELD-LOGGER: stores_ledger row=a6e227e1-c934-4d71-9eb5-e3c5af245270 — 20 fields changed, isInsert=true, vesselId=744535d0-841a-11ed-aa7c-7003bca91a86, instanceId=SHORE-PROD
[2026-05-16T02:00:34.490Z] [SyncDiag] FIELD-LOGGER: stores_items row=620375a1-c3c0-47ac-ac17-52228db34707 — 20 fields changed, isInsert=true, vesselId=744535d0-841a-11ed-aa7c-7003bca91a86, instanceId=SHORE-PROD
[2026-05-16T02:00:34.527Z] [SyncDiag] FIELD-LOGGER: stores_ledger row=a64ecc66-9149-4102-8c7b-e49d2d3b7727 — 20 fields changed, isInsert=true, vesselId=744535d0-841a-11ed-aa7c-7003bca91a86, instanceId=SHORE-PROD
[2026-05-16T02:00:34.565Z] [SyncDiag] FIELD-LOGGER: stores_items row=572fd831-13a4-4248-8a32-4fb8145ef5a2 — 20 fields changed, isInsert=true, vesselId=744535d0-841a-11ed-aa7c-7003bca91a86, instanceId=SHORE-PROD
[2026-05-16T02:00:34.600Z] [SyncDiag] FIELD-LOGGER: stores_ledger row=40ef07eb-e2bb-4414-a2db-bb36c4fd26bc — 20 fields changed, isInsert=true, vesselId=744535d0-841a-11ed-aa7c-7003bca91a86, instanceId=SHORE-PROD
[2026-05-16T02:00:34.632Z] [SyncDiag] FIELD-LOGGER: stores_items row=09b68ed2-a1b5-4145-bf02-c615303ca983 — 18 fields changed, isInsert=true, vesselId=744535d0-841a-11ed-aa7c-7003bca91a86, instanceId=SHORE-PROD
[2026-05-16T02:00:34.668Z] [SyncDiag] FIELD-LOGGER: stores_items row=f4e473a5-89c6-4693-ae0d-34c56f2a47cb — 20 fields changed, isInsert=true, vesselId=744535d0-841a-11ed-aa7c-7003bca91a86, instanceId=SHORE-PROD
[2026-05-16T02:00:34.705Z] [SyncDiag] FIELD-LOGGER: stores_ledger row=ce2e2c86-e2a5-4626-8a93-8c231a3899e2 — 20 fields changed, isInsert=true, vesselId=744535d0-841a-11ed-aa7c-7003bca91a86, instanceId=SHORE-PROD
[2026-05-16T02:00:34.740Z] [SyncDiag] FIELD-LOGGER: stores_items row=631f3f34-a09c-49be-933e-e3602cf47169 — 20 fields changed, isInsert=true, vesselId=744535d0-841a-11ed-aa7c-7003bca91a86, instanceId=SHORE-PROD
[2026-05-16T02:00:34.777Z] [SyncDiag] FIELD-LOGGER: stores_ledger row=2652e5b6-f13f-40e4-a497-2990d48b0a2b — 20 fields changed, isInsert=true, vesselId=744535d0-841a-11ed-aa7c-7003bca91a86, instanceId=SHORE-PROD
[2026-05-16T02:00:34.813Z] [SyncDiag] FIELD-LOGGER: stores_items row=ccfb52cb-ebba-45b8-9158-dbc1d757fc3c — 20 fields changed, isInsert=true, vesselId=744535d0-841a-11ed-aa7c-7003bca91a86, instanceId=SHORE-PROD
[2026-05-16T02:00:34.853Z] [SyncDiag] FIELD-LOGGER: stores_ledger row=d6938145-5a77-4546-b66a-1e512ac0cf42 — 20 fields changed, isInsert=true, vesselId=744535d0-841a-11ed-aa7c-7003bca91a86, instanceId=SHORE-PROD
[2026-05-16T02:00:34.890Z] [SyncDiag] FIELD-LOGGER: stores_items row=23b92ea8-b64c-4e75-96f2-a906aba9f8ad — 20 fields changed, isInsert=true, vesselId=744535d0-841a-11ed-aa7c-7003bca91a86, instanceId=SHORE-PROD
[2026-05-16T02:00:34.927Z] [SyncDiag] FIELD-LOGGER: stores_ledger row=6baac644-f518-490c-922a-d3ef2b76f7ad — 20 fields changed, isInsert=true, vesselId=744535d0-841a-11ed-aa7c-7003bca91a86, instanceId=SHORE-PROD
[2026-05-16T02:00:34.963Z] [SyncDiag] FIELD-LOGGER: stores_items row=55ffab6a-aaa4-4809-b3e0-0063fa0a4375 — 20 fields changed, isInsert=true, vesselId=744535d0-841a-11ed-aa7c-7003bca91a86, instanceId=SHORE-PROD
[2026-05-16T02:00:34.999Z] [SyncDiag] FIELD-LOGGER: stores_ledger row=30b9977a-adbe-4179-8d09-9dfec3ea177b — 20 fields changed, isInsert=true, vesselId=744535d0-841a-11ed-aa7c-7003bca91a86, instanceId=SHORE-PROD
[2026-05-16T02:00:35.036Z] [SyncDiag] FIELD-LOGGER: stores_items row=1e0e22ff-53e0-4d5a-9541-6393f65a6fe5 — 20 fields changed, isInsert=true, vesselId=744535d0-841a-11ed-aa7c-7003bca91a86, instanceId=SHORE-PROD
[2026-05-16T02:00:35.071Z] [SyncDiag] FIELD-LOGGER: stores_ledger row=a2dba2d5-5894-4929-9f99-f6caaf8128c8 — 20 fields changed, isInsert=true, vesselId=744535d0-841a-11ed-aa7c-7003bca91a86, instanceId=SHORE-PROD
[2026-05-16T02:05:57.399Z] [SyncDiag] FIELD-LOGGER: work_orders row=6b94490a-5a85-4f8e-b4bb-f2b860a6d820 — 1 fields changed, isInsert=false, vesselId=744535d0-841a-11ed-aa7c-7003bca91a86, instanceId=SHORE-PROD
[2026-05-16T02:05:57.406Z] [SyncDiag] FIELD-LOGGER: work_orders row=69b048c0-5c13-4361-a76c-137855dc05fe — 1 fields changed, isInsert=false, vesselId=744535d0-841a-11ed-aa7c-7003bca91a86, instanceId=SHORE-PROD
[2026-05-16T02:05:57.412Z] [SyncDiag] FIELD-LOGGER: work_orders row=80c99cab-c8e1-401d-8b1a-f73920c0f343 — 1 fields changed, isInsert=false, vesselId=744535d0-841a-11ed-aa7c-7003bca91a86, instanceId=SHORE-PROD
[2026-05-16T02:05:57.418Z] [SyncDiag] FIELD-LOGGER: work_orders row=02872f45-6861-40e6-9fcb-67013b4dab40 — 1 fields changed, isInsert=false, vesselId=744535d0-841a-11ed-aa7c-7003bca91a86, instanceId=SHORE-PROD
[2026-05-16T02:05:57.424Z] [SyncDiag] FIELD-LOGGER: work_orders row=c297d8d5-eb74-4523-8209-8870b60cdc3b — 1 fields changed, isInsert=false, vesselId=744535d0-841a-11ed-aa7c-7003bca91a86, instanceId=SHORE-PROD
[2026-05-16T02:05:57.435Z] [SyncDiag] FIELD-LOGGER: work_orders row=00450a8a-143f-4e92-8c7c-2ec020e11dff — 1 fields changed, isInsert=false, vesselId=744535d0-841a-11ed-aa7c-7003bca91a86, instanceId=SHORE-PROD
[2026-05-16T02:05:57.441Z] [SyncDiag] FIELD-LOGGER: work_orders row=d1b28766-8762-4973-bf2f-5dbfe1cd3b1e — 1 fields changed, isInsert=false, vesselId=744535d0-841a-11ed-aa7c-7003bca91a86, instanceId=SHORE-PROD
[2026-05-16T02:06:02.472Z] [SyncDiag] FIELD-LOGGER: work_orders row=6da5415e-7cb7-4c83-8c9b-33ac63aa9b02 — 1 fields changed, isInsert=false, vesselId=744535d0-841a-11ed-aa7c-7003bca91a86, instanceId=SHORE-PROD
[2026-05-16T02:06:02.478Z] [SyncDiag] FIELD-LOGGER: work_orders row=2d78fc9e-c856-497b-8a42-179b9145845a — 1 fields changed, isInsert=false, vesselId=744535d0-841a-11ed-aa7c-7003bca91a86, instanceId=SHORE-PROD
[2026-05-16T02:06:02.489Z] [SyncDiag] FIELD-LOGGER: work_orders row=b16a5b7f-d614-4975-995d-64b4c7ceadd9 — 1 fields changed, isInsert=false, vesselId=744535d0-841a-11ed-aa7c-7003bca91a86, instanceId=SHORE-PROD
[2026-05-16T02:06:02.496Z] [SyncDiag] FIELD-LOGGER: work_orders row=a389ba2a-10cf-482e-85ac-fd04478d5efc — 1 fields changed, isInsert=false, vesselId=744535d0-841a-11ed-aa7c-7003bca91a86, instanceId=SHORE-PROD
[2026-05-16T02:06:02.502Z] [SyncDiag] FIELD-LOGGER: work_orders row=23a62a90-6d29-4508-8911-535b5c081e22 — 1 fields changed, isInsert=false, vesselId=744535d0-841a-11ed-aa7c-7003bca91a86, instanceId=SHORE-PROD
[2026-05-16T02:06:02.508Z] [SyncDiag] FIELD-LOGGER: work_orders row=c1796866-e2b3-4636-823d-1e065afe114b — 1 fields changed, isInsert=false, vesselId=744535d0-841a-11ed-aa7c-7003bca91a86, instanceId=SHORE-PROD
[2026-05-16T02:06:02.514Z] [SyncDiag] FIELD-LOGGER: work_orders row=cbb5ffa4-6043-450c-ab5e-cd4d5568f842 — 1 fields changed, isInsert=false, vesselId=744535d0-841a-11ed-aa7c-7003bca91a86, instanceId=SHORE-PROD
[2026-05-16T02:06:02.520Z] [SyncDiag] FIELD-LOGGER: work_orders row=d1a733a3-f288-4fd2-8518-ad4457df2dbf — 1 fields changed, isInsert=false, vesselId=744535d0-841a-11ed-aa7c-7003bca91a86, instanceId=SHORE-PROD
[2026-05-16T02:06:02.527Z] [SyncDiag] FIELD-LOGGER: work_orders row=060e6cb8-cf77-4826-9a27-541750bc7a5f — 1 fields changed, isInsert=false, vesselId=744535d0-841a-11ed-aa7c-7003bca91a86, instanceId=SHORE-PROD
[2026-05-16T02:06:02.532Z] [SyncDiag] FIELD-LOGGER: work_orders row=05139830-f1d4-4731-b850-85a225b3d708 — 1 fields changed, isInsert=false, vesselId=744535d0-841a-11ed-aa7c-7003bca91a86, instanceId=SHORE-PROD
[2026-05-16T02:06:02.539Z] [SyncDiag] FIELD-LOGGER: work_orders row=8ee5ecf2-44d2-4edf-8b0a-a19f25da1f50 — 1 fields changed, isInsert=false, vesselId=744535d0-841a-11ed-aa7c-7003bca91a86, instanceId=SHORE-PROD
[2026-05-16T02:06:02.545Z] [SyncDiag] FIELD-LOGGER: work_orders row=0c7e4cd0-e538-4799-8237-8e95967adbdc — 1 fields changed, isInsert=false, vesselId=744535d0-841a-11ed-aa7c-7003bca91a86, instanceId=SHORE-PROD
[2026-05-16T02:06:02.550Z] [SyncDiag] FIELD-LOGGER: work_orders row=7f276b87-8fa9-4f16-87cc-7aeec9d84ceb — 1 fields changed, isInsert=false, vesselId=744535d0-841a-11ed-aa7c-7003bca91a86, instanceId=SHORE-PROD
[2026-05-16T02:06:02.558Z] [SyncDiag] FIELD-LOGGER: work_orders row=f5eb24d7-1e2e-4527-8cf1-b1458052aed3 — 1 fields changed, isInsert=false, vesselId=744535d0-841a-11ed-aa7c-7003bca91a86, instanceId=SHORE-PROD
[2026-05-16T02:06:02.573Z] [SyncDiag] FIELD-LOGGER: work_orders row=6b94490a-5a85-4f8e-b4bb-f2b860a6d820 — 1 fields changed, isInsert=false, vesselId=744535d0-841a-11ed-aa7c-7003bca91a86, instanceId=SHORE-PROD
[2026-05-16T02:06:02.579Z] [SyncDiag] FIELD-LOGGER: work_orders row=69b048c0-5c13-4361-a76c-137855dc05fe — 1 fields changed, isInsert=false, vesselId=744535d0-841a-11ed-aa7c-7003bca91a86, instanceId=SHORE-PROD
[2026-05-16T02:06:02.586Z] [SyncDiag] FIELD-LOGGER: work_orders row=80c99cab-c8e1-401d-8b1a-f73920c0f343 — 1 fields changed, isInsert=false, vesselId=744535d0-841a-11ed-aa7c-7003bca91a86, instanceId=SHORE-PROD
[2026-05-16T02:06:02.592Z] [SyncDiag] FIELD-LOGGER: work_orders row=02872f45-6861-40e6-9fcb-67013b4dab40 — 1 fields changed, isInsert=false, vesselId=744535d0-841a-11ed-aa7c-7003bca91a86, instanceId=SHORE-PROD
[2026-05-16T02:06:02.598Z] [SyncDiag] FIELD-LOGGER: work_orders row=c297d8d5-eb74-4523-8209-8870b60cdc3b — 1 fields changed, isInsert=false, vesselId=744535d0-841a-11ed-aa7c-7003bca91a86, instanceId=SHORE-PROD
[2026-05-16T02:06:02.603Z] [SyncDiag] FIELD-LOGGER: work_orders row=00450a8a-143f-4e92-8c7c-2ec020e11dff — 1 fields changed, isInsert=false, vesselId=744535d0-841a-11ed-aa7c-7003bca91a86, instanceId=SHORE-PROD
[2026-05-16T02:06:02.609Z] [SyncDiag] FIELD-LOGGER: work_orders row=d1b28766-8762-4973-bf2f-5dbfe1cd3b1e — 1 fields changed, isInsert=false, vesselId=744535d0-841a-11ed-aa7c-7003bca91a86, instanceId=SHORE-PROD
[2026-05-16T02:06:56.652Z] [SyncDiag] FIELD-LOGGER: work_orders row=26c49db0-eacd-420a-be42-d764f77c31f1 — 1 fields changed, isInsert=false, vesselId=744535d0-841a-11ed-aa7c-7003bca91a86, instanceId=SHORE-PROD
[2026-05-16T02:06:56.658Z] [SyncDiag] FIELD-LOGGER: work_orders row=fda9b0ff-b7ec-4771-8b56-d7b5227268fe — 1 fields changed, isInsert=false, vesselId=744535d0-841a-11ed-aa7c-7003bca91a86, instanceId=SHORE-PROD
[2026-05-16T02:06:56.666Z] [SyncDiag] FIELD-LOGGER: work_orders row=60d3f48f-adc1-44c9-8c33-49c59e4aa2cf — 1 fields changed, isInsert=false, vesselId=744535d0-841a-11ed-aa7c-7003bca91a86, instanceId=SHORE-PROD
[2026-05-16T02:06:56.672Z] [SyncDiag] FIELD-LOGGER: work_orders row=94fbc164-68a2-4ac0-a22d-46148b3fff8a — 1 fields changed, isInsert=false, vesselId=744535d0-841a-11ed-aa7c-7003bca91a86, instanceId=SHORE-PROD
[2026-05-16T02:06:56.679Z] [SyncDiag] FIELD-LOGGER: work_orders row=4c109e9c-3cb7-4767-bf1c-053a50fa83eb — 1 fields changed, isInsert=false, vesselId=744535d0-841a-11ed-aa7c-7003bca91a86, instanceId=SHORE-PROD
[2026-05-16T02:06:56.686Z] [SyncDiag] FIELD-LOGGER: work_orders row=dc18cd35-5db0-476f-8f65-42118a46818a — 1 fields changed, isInsert=false, vesselId=744535d0-841a-11ed-aa7c-7003bca91a86, instanceId=SHORE-PROD
[2026-05-16T02:06:56.691Z] [SyncDiag] FIELD-LOGGER: work_orders row=986b151e-ea38-4f9c-80cb-1f0d64818d5e — 1 fields changed, isInsert=false, vesselId=744535d0-841a-11ed-aa7c-7003bca91a86, instanceId=SHORE-PROD
[2026-05-16T02:08:40.727Z] [SyncDiag] RECEIVE-PUSH START: batch=28ae988b-a9ce-4787-b640-864983734dd0, vessel=744535d0-841a-11ed-aa7c-7003bca91a86, fieldLogs=7, oneWayRows=0
[2026-05-16T02:08:40.737Z] [SyncDiag] RECEIVE-PUSH: 7 field logs stored in sync_field_log
[2026-05-16T02:08:40.738Z] [SyncDiag] SYNC-APPLY TRIGGER BYPASS active for batch=28ae988b-a9ce-4787-b640-864983734dd0
[2026-05-16T02:08:40.738Z] [SyncDiag] FIELD-LOG-INSERT START: 7 logs
[2026-05-16T02:08:40.738Z] [SyncDiag] FIELD-LOG-INSERT: 7 groups from 7 logs
[2026-05-16T02:08:40.739Z] [SyncDiag] FIELD-LOG-INSERT DONE: inserted=0, updatePassthrough=7, errors=0
[2026-05-16T02:08:40.760Z] [SyncDiag] CONFLICT LOGGED: work_orders.status row=6b94490a-5a85-4f8e-b4bb-f2b860a6d820 — incoming 2026-05-16T01:57:08.498Z rejected by receiver 2026-05-16T02:06:02.571Z
[2026-05-16T02:08:40.762Z] [SyncDiag] CONFLICT LOGGED: work_orders.status row=69b048c0-5c13-4361-a76c-137855dc05fe — incoming 2026-05-16T01:57:08.520Z rejected by receiver 2026-05-16T02:06:02.577Z
[2026-05-16T02:08:40.764Z] [SyncDiag] CONFLICT LOGGED: work_orders.status row=80c99cab-c8e1-401d-8b1a-f73920c0f343 — incoming 2026-05-16T01:57:08.527Z rejected by receiver 2026-05-16T02:06:02.582Z
[2026-05-16T02:08:40.766Z] [SyncDiag] CONFLICT LOGGED: work_orders.status row=02872f45-6861-40e6-9fcb-67013b4dab40 — incoming 2026-05-16T01:57:08.533Z rejected by receiver 2026-05-16T02:06:02.590Z
[2026-05-16T02:08:40.768Z] [SyncDiag] CONFLICT LOGGED: work_orders.status row=c297d8d5-eb74-4523-8209-8870b60cdc3b — incoming 2026-05-16T01:57:08.541Z rejected by receiver 2026-05-16T02:06:02.596Z
[2026-05-16T02:08:40.771Z] [SyncDiag] CONFLICT LOGGED: work_orders.status row=00450a8a-143f-4e92-8c7c-2ec020e11dff — incoming 2026-05-16T01:57:08.565Z rejected by receiver 2026-05-16T02:06:02.601Z
[2026-05-16T02:08:40.773Z] [SyncDiag] CONFLICT LOGGED: work_orders.status row=d1b28766-8762-4973-bf2f-5dbfe1cd3b1e — incoming 2026-05-16T01:57:08.572Z rejected by receiver 2026-05-16T02:06:02.607Z
[2026-05-16T02:08:40.778Z] [SyncDiag] RECEIVE-PUSH DONE: stored=7, applied=0, errors=0, oneWayTables=0
[2026-05-16T02:08:42.809Z] [SyncDiag] PREPARE-PULL START: vessel=744535d0-841a-11ed-aa7c-7003bca91a86, vesselCode=null, checkpoint=2026-05-16T01:57:07.836Z, shoreInstanceId=SHORE-PROD
[2026-05-16T02:08:43.025Z] [SyncDiag] PREPARE-PULL FIELD LOGS: 1557 shore logs for vessel=744535d0-841a-11ed-aa7c-7003bca91a86 (excluded instance=SHIP-Vessel 4)
[2026-05-16T02:08:43.026Z] [SyncDiag] PREPARE-PULL FIELD LOG TABLES: {"stores_items":802,"stores_ledger":720,"work_orders":35}
[2026-05-16T02:08:43.082Z] [SyncDiag] PREPARE-PULL DONE: 323 one-way rows across 3 tables, 1543 field logs, 14 conflicts
[2026-05-16T02:08:43.083Z] [SyncDiag] PREPARE-PULL ONE-WAY: components — 297 rows
[2026-05-16T02:08:43.083Z] [SyncDiag] PREPARE-PULL ONE-WAY: jobs — 25 rows
[2026-05-16T02:08:43.084Z] [SyncDiag] PREPARE-PULL ONE-WAY: pms_vessel_settings — 1 rows
[2026-05-16T02:08:44.176Z] [SyncDiag] COMPLETE-SESSION: marking shore logs synced for vessel=744535d0-841a-11ed-aa7c-7003bca91a86 checkpointBefore=2026-05-16T01:57:07.836Z excludeInstance=SHIP-Vessel 4
[2026-05-16T02:08:44.248Z] [SyncDiag] COMPLETE-SESSION: found 1557 shore logs to mark synced
[2026-05-16T02:08:44.416Z] [SyncDiag] COMPLETE-SESSION: found 7 ship logs to mark synced
[2026-05-16T02:10:50.511Z] [SyncDiag] RECEIVE-PUSH START: batch=8b043b78-58c4-4df3-b582-de5cdc8516ef, vessel=744535d0-841a-11ed-aa7c-7003bca91a86, fieldLogs=57, oneWayRows=0
[2026-05-16T02:10:50.555Z] [SyncDiag] RECEIVE-PUSH: 57 field logs stored in sync_field_log
[2026-05-16T02:10:50.557Z] [SyncDiag] SYNC-APPLY TRIGGER BYPASS active for batch=8b043b78-58c4-4df3-b582-de5cdc8516ef
[2026-05-16T02:10:50.557Z] [SyncDiag] FIELD-LOG-INSERT START: 57 logs
[2026-05-16T02:10:50.558Z] [SyncDiag] FIELD-LOG-INSERT: 21 groups from 57 logs
[2026-05-16T02:10:50.567Z] [SyncDiag] FIELD-LOG-INSERT FAIL: work_orders row=f5ca7119-2c51-4c82-a7d6-e84f2d0cdf59 — null value in column "id" of relation "work_orders" violates not-null constraint
[2026-05-16T02:10:50.568Z] [SyncDiag] FIELD-LOG-INSERT DONE: inserted=0, updatePassthrough=20, errors=1
[2026-05-16T02:10:50.572Z] [SyncDiag] UPDATE-MISS: work_orders.status row=8679802f-fcc4-400c-92e7-7be2fb254322 — row not found, UPDATE had no effect
[2026-05-16T02:10:50.574Z] [SyncDiag] UPDATE-MISS: work_orders.status row=4933b19d-67cb-4c54-a62a-5d2af3f06251 — row not found, UPDATE had no effect
[2026-05-16T02:10:50.575Z] [SyncDiag] UPDATE-MISS: work_orders.status row=c74282d2-475d-4185-8a89-d9bfc3acfd48 — row not found, UPDATE had no effect
[2026-05-16T02:10:50.577Z] [SyncDiag] UPDATE-MISS: work_orders.status row=493c8970-8068-42bd-a40b-4f8924abb186 — row not found, UPDATE had no effect
[2026-05-16T02:10:50.578Z] [SyncDiag] UPDATE-MISS: work_orders.status row=970142ed-7075-4400-a50d-8ec500fe8825 — row not found, UPDATE had no effect
[2026-05-16T02:10:50.579Z] [SyncDiag] UPDATE-MISS: work_orders.status row=2f31a394-4cc8-49a2-a1b0-fbf799e850e0 — row not found, UPDATE had no effect
[2026-05-16T02:10:50.581Z] [SyncDiag] UPDATE-MISS: work_orders.status row=c82868c4-f693-46bb-998d-01c22571129f — row not found, UPDATE had no effect
[2026-05-16T02:10:50.582Z] [SyncDiag] UPDATE-MISS: work_orders.status row=15a2d326-345f-4a35-846a-ce5d7dd54c36 — row not found, UPDATE had no effect
[2026-05-16T02:10:50.584Z] [SyncDiag] UPDATE-MISS: work_orders.status row=ad7bb120-d7f5-46c6-b991-2a68e7759afe — row not found, UPDATE had no effect
[2026-05-16T02:10:50.585Z] [SyncDiag] UPDATE-MISS: work_orders.status row=b1402df1-67d6-48a0-85ff-277ea267d706 — row not found, UPDATE had no effect
[2026-05-16T02:10:50.586Z] [SyncDiag] UPDATE-MISS: work_orders.status row=213044d2-4bf1-4fb0-8ec9-75c67ff3cbb8 — row not found, UPDATE had no effect
[2026-05-16T02:10:50.588Z] [SyncDiag] UPDATE-MISS: work_orders.status row=95fed579-1011-43b4-b3cc-0f8a3ce2f94d — row not found, UPDATE had no effect
[2026-05-16T02:10:50.589Z] [SyncDiag] UPDATE-MISS: work_orders.status row=29a39688-b99f-4aa4-952d-11727d96ccb3 — row not found, UPDATE had no effect
[2026-05-16T02:10:50.590Z] [SyncDiag] UPDATE-MISS: work_orders.status row=2ab31cbd-8285-43df-a616-2345c7e585a7 — row not found, UPDATE had no effect
[2026-05-16T02:10:50.592Z] [SyncDiag] UPDATE-MISS: work_orders.status row=d5d6885c-f456-41f7-9e60-88e0d7ef56ff — row not found, UPDATE had no effect
[2026-05-16T02:10:50.593Z] [SyncDiag] UPDATE-MISS: work_orders.status row=3726ec7f-b4d9-493d-9cc5-938fc716e4f0 — row not found, UPDATE had no effect
[2026-05-16T02:10:50.594Z] [SyncDiag] UPDATE-MISS: work_orders.status row=59c5a317-95c1-411f-90f4-d9ee83ce4375 — row not found, UPDATE had no effect
[2026-05-16T02:10:50.596Z] [SyncDiag] UPDATE-MISS: work_orders.status row=8c76400f-e34c-4ba8-8d77-ab2d46157d02 — row not found, UPDATE had no effect
[2026-05-16T02:10:50.597Z] [SyncDiag] UPDATE-MISS: work_orders.status row=061d68bb-06ba-4e2c-b78f-919bda7b6591 — row not found, UPDATE had no effect
[2026-05-16T02:10:50.600Z] [SyncDiag] UPDATE-MISS: work_orders.status row=e79f22a6-6efb-4d3f-9a5d-08d964b8ce34 — row not found, UPDATE had no effect
[2026-05-16T02:10:50.603Z] [SyncDiag] RECEIVE-PUSH DONE: stored=57, applied=20, errors=1, oneWayTables=0
[2026-05-16T02:10:52.675Z] [SyncDiag] PREPARE-PULL START: vessel=744535d0-841a-11ed-aa7c-7003bca91a86, vesselCode=null, checkpoint=2026-05-16T02:08:44.175Z, shoreInstanceId=SHORE-PROD
[2026-05-16T02:10:52.913Z] [SyncDiag] PREPARE-PULL DIAG: vessel=744535d0-841a-11ed-aa7c-7003bca91a86 total_logs=10748 unsynced=4063 after_instance_filter=4006 exclude=SHIP-Vessel 4 since=2026-05-16T02:08:44.175Z instances=[SHIP-Vessel 4:57, SHORE-PROD:4006]
[2026-05-16T02:10:52.914Z] [SyncDiag] PREPARE-PULL FIELD LOGS: 0 shore logs for vessel=744535d0-841a-11ed-aa7c-7003bca91a86 (excluded instance=SHIP-Vessel 4)
[2026-05-16T02:10:52.925Z] [SyncDiag] PREPARE-PULL DONE: 0 one-way rows across 0 tables, 0 field logs, 0 conflicts
[2026-05-16T02:10:52.947Z] [SyncDiag] COMPLETE-SESSION: marking shore logs synced for vessel=744535d0-841a-11ed-aa7c-7003bca91a86 checkpointBefore=2026-05-16T02:08:44.175Z excludeInstance=SHIP-Vessel 4
[2026-05-16T02:10:53.022Z] [SyncDiag] PREPARE-PULL DIAG: vessel=744535d0-841a-11ed-aa7c-7003bca91a86 total_logs=10748 unsynced=4063 after_instance_filter=4006 exclude=SHIP-Vessel 4 since=2026-05-16T02:08:44.175Z instances=[SHIP-Vessel 4:57, SHORE-PROD:4006]
[2026-05-16T02:10:53.022Z] [SyncDiag] COMPLETE-SESSION: found 0 shore logs to mark synced
[2026-05-16T02:10:53.025Z] [SyncDiag] COMPLETE-SESSION: found 57 ship logs to mark synced
[2026-05-16T02:11:15.278Z] [SyncDiag] RECEIVE-PUSH START: batch=9dcbce3e-7a31-4eba-89a8-5cfa823e81b0, vessel=744535d0-841a-11ed-aa7c-7003bca91a86, fieldLogs=0, oneWayRows=0
[2026-05-16T02:11:15.284Z] [SyncDiag] RECEIVE-PUSH DONE: stored=0, applied=0, errors=0, oneWayTables=0
[2026-05-16T02:11:17.322Z] [SyncDiag] PREPARE-PULL START: vessel=744535d0-841a-11ed-aa7c-7003bca91a86, vesselCode=null, checkpoint=2026-05-16T02:10:52.939Z, shoreInstanceId=SHORE-PROD
[2026-05-16T02:11:17.507Z] [SyncDiag] PREPARE-PULL DIAG: vessel=744535d0-841a-11ed-aa7c-7003bca91a86 total_logs=10748 unsynced=4006 after_instance_filter=4006 exclude=SHIP-Vessel 4 since=2026-05-16T02:10:52.939Z instances=[SHORE-PROD:4006]
[2026-05-16T02:11:17.508Z] [SyncDiag] PREPARE-PULL FIELD LOGS: 0 shore logs for vessel=744535d0-841a-11ed-aa7c-7003bca91a86 (excluded instance=SHIP-Vessel 4)
[2026-05-16T02:11:17.515Z] [SyncDiag] PREPARE-PULL DONE: 0 one-way rows across 0 tables, 0 field logs, 0 conflicts
[2026-05-16T02:11:17.523Z] [SyncDiag] COMPLETE-SESSION: marking shore logs synced for vessel=744535d0-841a-11ed-aa7c-7003bca91a86 checkpointBefore=2026-05-16T02:10:52.939Z excludeInstance=SHIP-Vessel 4
[2026-05-16T02:11:17.583Z] [SyncDiag] PREPARE-PULL DIAG: vessel=744535d0-841a-11ed-aa7c-7003bca91a86 total_logs=10748 unsynced=4006 after_instance_filter=4006 exclude=SHIP-Vessel 4 since=2026-05-16T02:10:52.939Z instances=[SHORE-PROD:4006]
[2026-05-16T02:11:17.583Z] [SyncDiag] COMPLETE-SESSION: found 0 shore logs to mark synced
[2026-05-16T02:11:17.584Z] [SyncDiag] COMPLETE-SESSION: found 0 ship logs to mark synced
[2026-05-16T02:11:57.603Z] [SyncDiag] RECEIVE-PUSH START: batch=5941478f-b467-4892-93df-aa9171380221, vessel=744535d0-841a-11ed-aa7c-7003bca91a86, fieldLogs=0, oneWayRows=0
[2026-05-16T02:11:57.757Z] [SyncDiag] RECEIVE-PUSH DONE: stored=0, applied=0, errors=0, oneWayTables=0
[2026-05-16T02:11:59.778Z] [SyncDiag] PREPARE-PULL START: vessel=744535d0-841a-11ed-aa7c-7003bca91a86, vesselCode=null, checkpoint=2026-05-16T02:11:17.522Z, shoreInstanceId=SHORE-PROD
[2026-05-16T02:11:59.994Z] [SyncDiag] PREPARE-PULL DIAG: vessel=744535d0-841a-11ed-aa7c-7003bca91a86 total_logs=10748 unsynced=4006 after_instance_filter=4006 exclude=SHIP-Vessel 4 since=2026-05-16T02:11:17.522Z instances=[SHORE-PROD:4006]
[2026-05-16T02:11:59.994Z] [SyncDiag] PREPARE-PULL FIELD LOGS: 0 shore logs for vessel=744535d0-841a-11ed-aa7c-7003bca91a86 (excluded instance=SHIP-Vessel 4)
[2026-05-16T02:12:00.006Z] [SyncDiag] PREPARE-PULL DONE: 0 one-way rows across 0 tables, 0 field logs, 0 conflicts
[2026-05-16T02:12:00.029Z] [SyncDiag] COMPLETE-SESSION: marking shore logs synced for vessel=744535d0-841a-11ed-aa7c-7003bca91a86 checkpointBefore=2026-05-16T02:11:17.522Z excludeInstance=SHIP-Vessel 4
[2026-05-16T02:12:00.113Z] [SyncDiag] PREPARE-PULL DIAG: vessel=744535d0-841a-11ed-aa7c-7003bca91a86 total_logs=10748 unsynced=4006 after_instance_filter=4006 exclude=SHIP-Vessel 4 since=2026-05-16T02:11:17.522Z instances=[SHORE-PROD:4006]
[2026-05-16T02:12:00.114Z] [SyncDiag] COMPLETE-SESSION: found 0 shore logs to mark synced
[2026-05-16T02:12:00.116Z] [SyncDiag] COMPLETE-SESSION: found 0 ship logs to mark synced
[2026-05-16T02:16:21.235Z] [SyncDiag] FIELD-LOGGER: stores_items row=a08b6a1e-ea8c-433c-b414-c5df727eea2d — 21 fields changed, isInsert=true, vesselId=74481b72-841a-11ed-aa7c-7003bca91a86, instanceId=SHORE-PROD
[2026-05-16T02:16:21.275Z] [SyncDiag] FIELD-LOGGER: stores_ledger row=cf1a918a-ed31-49a1-a238-f970c83e2306 — 20 fields changed, isInsert=true, vesselId=74481b72-841a-11ed-aa7c-7003bca91a86, instanceId=SHORE-PROD
[2026-05-16T02:16:21.314Z] [SyncDiag] FIELD-LOGGER: stores_items row=2b1b9678-eff3-4f8e-9566-df08377f4b59 — 21 fields changed, isInsert=true, vesselId=74481b72-841a-11ed-aa7c-7003bca91a86, instanceId=SHORE-PROD
[2026-05-16T02:16:21.351Z] [SyncDiag] FIELD-LOGGER: stores_ledger row=7b9c63bd-6651-45a3-b69e-457c75b9321c — 20 fields changed, isInsert=true, vesselId=74481b72-841a-11ed-aa7c-7003bca91a86, instanceId=SHORE-PROD
[2026-05-16T02:16:21.389Z] [SyncDiag] FIELD-LOGGER: stores_items row=9a37dd5b-2a85-4683-94d7-ec482db48b0b — 21 fields changed, isInsert=true, vesselId=74481b72-841a-11ed-aa7c-7003bca91a86, instanceId=SHORE-PROD
[2026-05-16T02:16:21.425Z] [SyncDiag] FIELD-LOGGER: stores_ledger row=ac1174c2-1aa0-450e-accc-3901eedd157a — 20 fields changed, isInsert=true, vesselId=74481b72-841a-11ed-aa7c-7003bca91a86, instanceId=SHORE-PROD
[2026-05-16T02:16:21.461Z] [SyncDiag] FIELD-LOGGER: stores_items row=7cb3a7e1-e7bb-4074-945d-0102b494c5df — 19 fields changed, isInsert=true, vesselId=74481b72-841a-11ed-aa7c-7003bca91a86, instanceId=SHORE-PROD
[2026-05-16T02:16:21.498Z] [SyncDiag] FIELD-LOGGER: stores_items row=7eb8e3d2-b6b6-4aa4-bec4-34c4b68ce19e — 21 fields changed, isInsert=true, vesselId=74481b72-841a-11ed-aa7c-7003bca91a86, instanceId=SHORE-PROD
[2026-05-16T02:16:21.535Z] [SyncDiag] FIELD-LOGGER: stores_ledger row=2c4c4129-77f0-4c41-9478-d47ff5e3c485 — 20 fields changed, isInsert=true, vesselId=74481b72-841a-11ed-aa7c-7003bca91a86, instanceId=SHORE-PROD
[2026-05-16T02:16:21.572Z] [SyncDiag] FIELD-LOGGER: stores_items row=10ce5962-f322-42e8-ae21-4f24d877b54f — 21 fields changed, isInsert=true, vesselId=74481b72-841a-11ed-aa7c-7003bca91a86, instanceId=SHORE-PROD
[2026-05-16T02:16:21.608Z] [SyncDiag] FIELD-LOGGER: stores_ledger row=fe701797-b95b-499f-a65b-e34f726f7b89 — 20 fields changed, isInsert=true, vesselId=74481b72-841a-11ed-aa7c-7003bca91a86, instanceId=SHORE-PROD
[2026-05-16T02:16:21.647Z] [SyncDiag] FIELD-LOGGER: stores_items row=cf3c72d6-8c25-4a41-9328-1444f776503f — 21 fields changed, isInsert=true, vesselId=74481b72-841a-11ed-aa7c-7003bca91a86, instanceId=SHORE-PROD
[2026-05-16T02:16:21.683Z] [SyncDiag] FIELD-LOGGER: stores_ledger row=fb9e1a36-0bf8-4099-8b42-e4595e66551a — 20 fields changed, isInsert=true, vesselId=74481b72-841a-11ed-aa7c-7003bca91a86, instanceId=SHORE-PROD
[2026-05-16T02:16:21.718Z] [SyncDiag] FIELD-LOGGER: stores_items row=abbdf10d-172c-4ded-9b6d-7ca5e3517982 — 21 fields changed, isInsert=true, vesselId=74481b72-841a-11ed-aa7c-7003bca91a86, instanceId=SHORE-PROD
[2026-05-16T02:16:21.753Z] [SyncDiag] FIELD-LOGGER: stores_ledger row=3c4f16f9-a89e-4aec-bce2-ef8e216a1827 — 20 fields changed, isInsert=true, vesselId=74481b72-841a-11ed-aa7c-7003bca91a86, instanceId=SHORE-PROD
[2026-05-16T02:16:21.790Z] [SyncDiag] FIELD-LOGGER: stores_items row=d879e5ad-facc-4ba1-9c2f-076830a48423 — 21 fields changed, isInsert=true, vesselId=74481b72-841a-11ed-aa7c-7003bca91a86, instanceId=SHORE-PROD
[2026-05-16T02:16:21.826Z] [SyncDiag] FIELD-LOGGER: stores_ledger row=a3715b24-89a1-4f6d-8835-bebb396c0e58 — 20 fields changed, isInsert=true, vesselId=74481b72-841a-11ed-aa7c-7003bca91a86, instanceId=SHORE-PROD
[2026-05-16T02:16:21.863Z] [SyncDiag] FIELD-LOGGER: stores_items row=4dd3e8f2-3f4c-4717-8026-6ed0c582b572 — 21 fields changed, isInsert=true, vesselId=74481b72-841a-11ed-aa7c-7003bca91a86, instanceId=SHORE-PROD
[2026-05-16T02:16:21.897Z] [SyncDiag] FIELD-LOGGER: stores_ledger row=d728d48b-90e1-4848-9d5e-28d892a6de5a — 20 fields changed, isInsert=true, vesselId=74481b72-841a-11ed-aa7c-7003bca91a86, instanceId=SHORE-PROD
[2026-05-16T04:07:11.325Z] [SyncDiag] RECEIVE-PUSH START: batch=b9c6c52e-7e88-4bee-827a-0432b3769f6c, vessel=74481b72-841a-11ed-aa7c-7003bca91a86, fieldLogs=0, oneWayRows=0
[2026-05-16T04:07:11.330Z] [SyncDiag] RECEIVE-PUSH DONE: stored=0, applied=0, errors=0, oneWayTables=0
[2026-05-16T04:07:13.359Z] [SyncDiag] PREPARE-PULL START: vessel=74481b72-841a-11ed-aa7c-7003bca91a86, vesselCode=null, checkpoint=2026-05-16T03:57:06.563Z, shoreInstanceId=SHORE-PROD
[2026-05-16T04:07:13.543Z] [SyncDiag] PREPARE-PULL DIAG: vessel=74481b72-841a-11ed-aa7c-7003bca91a86 total_logs=762 unsynced=762 after_instance_filter=762 exclude=SHIP-Vessel 4 since=2026-05-16T03:57:06.563Z instances=[SHORE-PROD:762]
[2026-05-16T04:07:13.543Z] [SyncDiag] PREPARE-PULL FIELD LOGS: 0 shore logs for vessel=74481b72-841a-11ed-aa7c-7003bca91a86 (excluded instance=SHIP-Vessel 4)
[2026-05-16T04:07:13.550Z] [SyncDiag] PREPARE-PULL DONE: 0 one-way rows across 0 tables, 0 field logs, 0 conflicts
[2026-05-16T04:07:13.561Z] [SyncDiag] COMPLETE-SESSION: marking shore logs synced for vessel=74481b72-841a-11ed-aa7c-7003bca91a86 checkpointBefore=2026-05-16T03:57:06.563Z excludeInstance=SHIP-Vessel 4
[2026-05-16T04:07:13.613Z] [SyncDiag] PREPARE-PULL DIAG: vessel=74481b72-841a-11ed-aa7c-7003bca91a86 total_logs=762 unsynced=762 after_instance_filter=762 exclude=SHIP-Vessel 4 since=2026-05-16T03:57:06.563Z instances=[SHORE-PROD:762]
[2026-05-16T04:07:13.613Z] [SyncDiag] COMPLETE-SESSION: found 0 shore logs to mark synced
[2026-05-16T04:07:13.614Z] [SyncDiag] COMPLETE-SESSION: found 0 ship logs to mark synced
[2026-05-16T04:08:08.998Z] [SyncDiag] RECEIVE-PUSH START: batch=cf34dcf4-ef8d-4923-a2ff-1d86d29909dc, vessel=744535d0-841a-11ed-aa7c-7003bca91a86, fieldLogs=0, oneWayRows=0
[2026-05-16T04:08:09.004Z] [SyncDiag] RECEIVE-PUSH DONE: stored=0, applied=0, errors=0, oneWayTables=0
[2026-05-16T04:08:11.047Z] [SyncDiag] PREPARE-PULL START: vessel=744535d0-841a-11ed-aa7c-7003bca91a86, vesselCode=null, checkpoint=2026-05-16T04:07:13.560Z, shoreInstanceId=SHORE-PROD
[2026-05-16T04:08:11.241Z] [SyncDiag] PREPARE-PULL DIAG: vessel=744535d0-841a-11ed-aa7c-7003bca91a86 total_logs=10748 unsynced=4006 after_instance_filter=4006 exclude=SHIP-Vessel 4 since=2026-05-16T04:07:13.560Z instances=[SHORE-PROD:4006]
[2026-05-16T04:08:11.241Z] [SyncDiag] PREPARE-PULL FIELD LOGS: 0 shore logs for vessel=744535d0-841a-11ed-aa7c-7003bca91a86 (excluded instance=SHIP-Vessel 4)
[2026-05-16T04:08:11.248Z] [SyncDiag] PREPARE-PULL DONE: 0 one-way rows across 0 tables, 0 field logs, 0 conflicts
[2026-05-16T04:08:11.257Z] [SyncDiag] COMPLETE-SESSION: marking shore logs synced for vessel=744535d0-841a-11ed-aa7c-7003bca91a86 checkpointBefore=2026-05-16T04:07:13.560Z excludeInstance=SHIP-Vessel 4
[2026-05-16T04:08:11.317Z] [SyncDiag] PREPARE-PULL DIAG: vessel=744535d0-841a-11ed-aa7c-7003bca91a86 total_logs=10748 unsynced=4006 after_instance_filter=4006 exclude=SHIP-Vessel 4 since=2026-05-16T04:07:13.560Z instances=[SHORE-PROD:4006]
[2026-05-16T04:08:11.318Z] [SyncDiag] COMPLETE-SESSION: found 0 shore logs to mark synced
[2026-05-16T04:08:11.319Z] [SyncDiag] COMPLETE-SESSION: found 0 ship logs to mark synced
[2026-05-16T04:09:10.797Z] [SyncDiag] RECEIVE-PUSH START: batch=cfe0d0fa-8fc6-49ea-afc9-88955f109409, vessel=744535d0-841a-11ed-aa7c-7003bca91a86, fieldLogs=0, oneWayRows=0
[2026-05-16T04:09:10.803Z] [SyncDiag] RECEIVE-PUSH DONE: stored=0, applied=0, errors=0, oneWayTables=0
[2026-05-16T04:09:10.812Z] [SyncDiag] PREPARE-PULL START: vessel=744535d0-841a-11ed-aa7c-7003bca91a86, vesselCode=null, checkpoint=2026-05-16T04:08:11.256Z, shoreInstanceId=SHORE-PROD
[2026-05-16T04:09:11.062Z] [SyncDiag] PREPARE-PULL DIAG: vessel=744535d0-841a-11ed-aa7c-7003bca91a86 total_logs=10748 unsynced=4006 after_instance_filter=4006 exclude=SHIP-Vessel 4 since=2026-05-16T04:08:11.256Z instances=[SHORE-PROD:4006]
[2026-05-16T04:09:11.063Z] [SyncDiag] PREPARE-PULL FIELD LOGS: 0 shore logs for vessel=744535d0-841a-11ed-aa7c-7003bca91a86 (excluded instance=SHIP-Vessel 4)
[2026-05-16T04:09:11.070Z] [SyncDiag] PREPARE-PULL DONE: 1 one-way rows across 1 tables, 0 field logs, 0 conflicts
[2026-05-16T04:09:11.071Z] [SyncDiag] PREPARE-PULL ONE-WAY: components — 1 rows
[2026-05-16T04:09:11.135Z] [SyncDiag] COMPLETE-SESSION: marking shore logs synced for vessel=744535d0-841a-11ed-aa7c-7003bca91a86 checkpointBefore=2026-05-16T04:08:11.256Z excludeInstance=SHIP-Vessel 4
[2026-05-16T04:09:11.195Z] [SyncDiag] PREPARE-PULL DIAG: vessel=744535d0-841a-11ed-aa7c-7003bca91a86 total_logs=10748 unsynced=4006 after_instance_filter=4006 exclude=SHIP-Vessel 4 since=2026-05-16T04:08:11.256Z instances=[SHORE-PROD:4006]
[2026-05-16T04:09:11.195Z] [SyncDiag] COMPLETE-SESSION: found 0 shore logs to mark synced
[2026-05-16T04:09:11.196Z] [SyncDiag] COMPLETE-SESSION: found 0 ship logs to mark synced
[2026-05-16T04:10:08.033Z] [SyncDiag] RECEIVE-PUSH START: batch=2d377982-f9b8-496a-8819-0ca36b1d8218, vessel=744535d0-841a-11ed-aa7c-7003bca91a86, fieldLogs=0, oneWayRows=0
[2026-05-16T04:10:08.039Z] [SyncDiag] RECEIVE-PUSH DONE: stored=0, applied=0, errors=0, oneWayTables=0
[2026-05-16T04:10:08.046Z] [SyncDiag] PREPARE-PULL START: vessel=744535d0-841a-11ed-aa7c-7003bca91a86, vesselCode=null, checkpoint=2026-05-16T04:09:11.134Z, shoreInstanceId=SHORE-PROD
[2026-05-16T04:10:08.148Z] [SyncDiag] PREPARE-PULL DIAG: vessel=744535d0-841a-11ed-aa7c-7003bca91a86 total_logs=10748 unsynced=4006 after_instance_filter=4006 exclude=SHIP-Vessel 4 since=2026-05-16T04:09:11.134Z instances=[SHORE-PROD:4006]
[2026-05-16T04:10:08.148Z] [SyncDiag] PREPARE-PULL FIELD LOGS: 0 shore logs for vessel=744535d0-841a-11ed-aa7c-7003bca91a86 (excluded instance=SHIP-Vessel 4)
[2026-05-16T04:10:08.156Z] [SyncDiag] PREPARE-PULL DONE: 3 one-way rows across 2 tables, 0 field logs, 0 conflicts
[2026-05-16T04:10:08.157Z] [SyncDiag] PREPARE-PULL ONE-WAY: components — 1 rows
[2026-05-16T04:10:08.157Z] [SyncDiag] PREPARE-PULL ONE-WAY: vessel_survey_applicability — 2 rows
[2026-05-16T04:10:08.215Z] [SyncDiag] COMPLETE-SESSION: marking shore logs synced for vessel=744535d0-841a-11ed-aa7c-7003bca91a86 checkpointBefore=2026-05-16T04:09:11.134Z excludeInstance=SHIP-Vessel 4
[2026-05-16T04:10:08.232Z] [SyncDiag] PREPARE-PULL DIAG: vessel=744535d0-841a-11ed-aa7c-7003bca91a86 total_logs=10748 unsynced=4006 after_instance_filter=4006 exclude=SHIP-Vessel 4 since=2026-05-16T04:09:11.134Z instances=[SHORE-PROD:4006]
[2026-05-16T04:10:08.232Z] [SyncDiag] COMPLETE-SESSION: found 0 shore logs to mark synced
[2026-05-16T04:10:08.233Z] [SyncDiag] COMPLETE-SESSION: found 0 ship logs to mark synced
[2026-05-16T04:10:46.617Z] [SyncDiag] FIELD-LOGGER: spares row=a5f8f287-a2ad-4f13-9896-818e8f62356c — 22 fields changed, isInsert=true, vesselId=744535d0-841a-11ed-aa7c-7003bca91a86, instanceId=SHORE-PROD
[2026-05-16T04:10:46.654Z] [SyncDiag] FIELD-LOGGER: spare_component_links row=f9af2ae7-6922-46d3-84cf-c6ba62d29b44 — 9 fields changed, isInsert=true, vesselId=744535d0-841a-11ed-aa7c-7003bca91a86, instanceId=SHORE-PROD
[2026-05-16T04:10:46.680Z] [SyncDiag] FIELD-LOGGER: spare_component_links row=09d84db3-8a13-4a1a-96e9-5bf52ebc4d2e — 9 fields changed, isInsert=true, vesselId=744535d0-841a-11ed-aa7c-7003bca91a86, instanceId=SHORE-PROD
[2026-05-16T04:10:46.703Z] [SyncDiag] FIELD-LOGGER: spare_component_links row=351e6176-4d15-418c-a9f1-565216d73ec4 — 9 fields changed, isInsert=true, vesselId=744535d0-841a-11ed-aa7c-7003bca91a86, instanceId=SHORE-PROD
[2026-05-16T04:10:46.726Z] [SyncDiag] FIELD-LOGGER: spare_component_links row=f264b3b4-d907-4581-bbbf-6aa1a526f966 — 9 fields changed, isInsert=true, vesselId=744535d0-841a-11ed-aa7c-7003bca91a86, instanceId=SHORE-PROD
[2026-05-16T04:10:46.747Z] [SyncDiag] FIELD-LOGGER: spare_component_links row=6170a9f5-e17d-4292-a58b-7cbb4f058060 — 9 fields changed, isInsert=true, vesselId=744535d0-841a-11ed-aa7c-7003bca91a86, instanceId=SHORE-PROD
[2026-05-16T04:10:46.769Z] [SyncDiag] FIELD-LOGGER: spare_component_links row=0cd48102-6e72-4a72-911c-0f4633057a2c — 9 fields changed, isInsert=true, vesselId=744535d0-841a-11ed-aa7c-7003bca91a86, instanceId=SHORE-PROD
[2026-05-16T04:10:46.793Z] [SyncDiag] FIELD-LOGGER: spare_component_links row=b0a61b56-7c85-4620-84ae-482a0d237b0c — 9 fields changed, isInsert=true, vesselId=744535d0-841a-11ed-aa7c-7003bca91a86, instanceId=SHORE-PROD
[2026-05-16T04:10:46.815Z] [SyncDiag] FIELD-LOGGER: spare_component_links row=ff99603a-616e-463f-9f03-a10d5541516c — 9 fields changed, isInsert=true, vesselId=744535d0-841a-11ed-aa7c-7003bca91a86, instanceId=SHORE-PROD
[2026-05-16T04:10:46.837Z] [SyncDiag] FIELD-LOGGER: spare_component_links row=0766126b-14d0-4f76-9921-97bfc8cc52ef — 9 fields changed, isInsert=true, vesselId=744535d0-841a-11ed-aa7c-7003bca91a86, instanceId=SHORE-PROD
[2026-05-16T04:10:46.859Z] [SyncDiag] FIELD-LOGGER: spare_component_links row=0598a6cc-734f-45d6-af1d-c4745abeba58 — 9 fields changed, isInsert=true, vesselId=744535d0-841a-11ed-aa7c-7003bca91a86, instanceId=SHORE-PROD
[2026-05-16T04:10:46.880Z] [SyncDiag] FIELD-LOGGER: spare_component_links row=4dca56a4-7f43-4f35-b479-76da02e844eb — 9 fields changed, isInsert=true, vesselId=744535d0-841a-11ed-aa7c-7003bca91a86, instanceId=SHORE-PROD
[2026-05-16T04:10:46.903Z] [SyncDiag] FIELD-LOGGER: spare_component_links row=de6f4e5d-82cd-4cda-a262-400992f59700 — 9 fields changed, isInsert=true, vesselId=744535d0-841a-11ed-aa7c-7003bca91a86, instanceId=SHORE-PROD
[2026-05-16T04:10:46.922Z] [SyncDiag] FIELD-LOGGER: spare_component_links row=cda895b1-eada-402c-b568-bae2fbc5baf4 — 9 fields changed, isInsert=true, vesselId=744535d0-841a-11ed-aa7c-7003bca91a86, instanceId=SHORE-PROD
[2026-05-16T04:10:46.943Z] [SyncDiag] FIELD-LOGGER: spare_component_links row=c42cf082-53a8-4eaf-8c4f-f3b55c2a2a29 — 9 fields changed, isInsert=true, vesselId=744535d0-841a-11ed-aa7c-7003bca91a86, instanceId=SHORE-PROD
[2026-05-16T04:10:46.965Z] [SyncDiag] FIELD-LOGGER: spare_component_links row=95e817af-16b1-4c8b-af63-1e39992fa99b — 9 fields changed, isInsert=true, vesselId=744535d0-841a-11ed-aa7c-7003bca91a86, instanceId=SHORE-PROD
[2026-05-16T04:10:46.986Z] [SyncDiag] FIELD-LOGGER: spare_component_links row=0e51b85f-9ef5-489e-ac78-ee8da5ae6c3e — 9 fields changed, isInsert=true, vesselId=744535d0-841a-11ed-aa7c-7003bca91a86, instanceId=SHORE-PROD
[2026-05-16T04:10:47.007Z] [SyncDiag] FIELD-LOGGER: spare_component_links row=fa998f4c-3cc4-49c5-a5d7-3c95617521a1 — 9 fields changed, isInsert=true, vesselId=744535d0-841a-11ed-aa7c-7003bca91a86, instanceId=SHORE-PROD
[2026-05-16T04:10:47.029Z] [SyncDiag] FIELD-LOGGER: spare_component_links row=98a30545-552d-47cb-bfba-b046b430a4af — 9 fields changed, isInsert=true, vesselId=744535d0-841a-11ed-aa7c-7003bca91a86, instanceId=SHORE-PROD
[2026-05-16T04:10:47.049Z] [SyncDiag] FIELD-LOGGER: spare_component_links row=03ce4791-f234-4749-aa06-1783f967445d — 9 fields changed, isInsert=true, vesselId=744535d0-841a-11ed-aa7c-7003bca91a86, instanceId=SHORE-PROD
[2026-05-16T04:10:47.070Z] [SyncDiag] FIELD-LOGGER: spare_component_links row=fd168757-174d-4a63-9408-190557119e9a — 9 fields changed, isInsert=true, vesselId=744535d0-841a-11ed-aa7c-7003bca91a86, instanceId=SHORE-PROD
[2026-05-16T04:10:47.092Z] [SyncDiag] FIELD-LOGGER: spare_component_links row=7f02feae-70c5-4cb0-88bc-4047c64f2c9c — 9 fields changed, isInsert=true, vesselId=744535d0-841a-11ed-aa7c-7003bca91a86, instanceId=SHORE-PROD
[2026-05-16T04:10:47.115Z] [SyncDiag] FIELD-LOGGER: spare_component_links row=0c0dd8c9-271f-43d1-9d28-5ea2edcf32d3 — 9 fields changed, isInsert=true, vesselId=744535d0-841a-11ed-aa7c-7003bca91a86, instanceId=SHORE-PROD
[2026-05-16T04:10:47.137Z] [SyncDiag] FIELD-LOGGER: spare_component_links row=2a67ca70-9aaf-4fa3-8d1f-b29984a7b597 — 9 fields changed, isInsert=true, vesselId=744535d0-841a-11ed-aa7c-7003bca91a86, instanceId=SHORE-PROD
[2026-05-16T04:10:47.160Z] [SyncDiag] FIELD-LOGGER: spare_component_links row=79c20e73-299c-45eb-8551-ba8f7861cbae — 9 fields changed, isInsert=true, vesselId=744535d0-841a-11ed-aa7c-7003bca91a86, instanceId=SHORE-PROD
[2026-05-16T04:10:47.181Z] [SyncDiag] FIELD-LOGGER: spare_component_links row=12143586-309c-4ee1-9c22-4d06ce352bc5 — 9 fields changed, isInsert=true, vesselId=744535d0-841a-11ed-aa7c-7003bca91a86, instanceId=SHORE-PROD
[2026-05-16T04:10:47.205Z] [SyncDiag] FIELD-LOGGER: spare_component_links row=a3e8f43a-d7d0-4579-a20d-dc951b607d7e — 9 fields changed, isInsert=true, vesselId=744535d0-841a-11ed-aa7c-7003bca91a86, instanceId=SHORE-PROD
[2026-05-16T04:11:05.693Z] [SyncDiag] FIELD-LOGGER: stores_items row=8158a8f4-9599-4266-97fe-99cd4e2d71ca — 17 fields changed, isInsert=true, vesselId=744535d0-841a-11ed-aa7c-7003bca91a86, instanceId=SHORE-PROD
[2026-05-16T04:11:13.208Z] [SyncDiag] RECEIVE-PUSH START: batch=ea262bd2-b4c0-4158-b80d-0a23b185efa3, vessel=744535d0-841a-11ed-aa7c-7003bca91a86, fieldLogs=0, oneWayRows=0
[2026-05-16T04:11:13.214Z] [SyncDiag] RECEIVE-PUSH DONE: stored=0, applied=0, errors=0, oneWayTables=0
[2026-05-16T04:11:13.233Z] [SyncDiag] PREPARE-PULL START: vessel=744535d0-841a-11ed-aa7c-7003bca91a86, vesselCode=null, checkpoint=2026-05-16T04:10:08.214Z, shoreInstanceId=SHORE-PROD
[2026-05-16T04:11:13.376Z] [SyncDiag] PREPARE-PULL FIELD LOGS: 273 shore logs for vessel=744535d0-841a-11ed-aa7c-7003bca91a86 (excluded instance=SHIP-Vessel 4)
[2026-05-16T04:11:13.376Z] [SyncDiag] PREPARE-PULL FIELD LOG TABLES: {"spares":22,"spare_component_links":234,"stores_items":17}
[2026-05-16T04:11:13.384Z] [SyncDiag] PREPARE-PULL DONE: 0 one-way rows across 0 tables, 273 field logs, 0 conflicts
[2026-05-16T04:11:13.568Z] [SyncDiag] COMPLETE-SESSION: marking shore logs synced for vessel=744535d0-841a-11ed-aa7c-7003bca91a86 checkpointBefore=2026-05-16T04:10:08.214Z excludeInstance=SHIP-Vessel 4
[2026-05-16T04:11:13.621Z] [SyncDiag] COMPLETE-SESSION: found 273 shore logs to mark synced
[2026-05-16T04:11:13.659Z] [SyncDiag] COMPLETE-SESSION: found 0 ship logs to mark synced
[2026-05-16T04:11:51.265Z] [SyncDiag] RECEIVE-PUSH START: batch=cbad6fa6-d391-45ca-ad38-8a0cc326c78f, vessel=744535d0-841a-11ed-aa7c-7003bca91a86, fieldLogs=14, oneWayRows=0
[2026-05-16T04:11:51.277Z] [SyncDiag] RECEIVE-PUSH: 14 field logs stored in sync_field_log
[2026-05-16T04:11:51.278Z] [SyncDiag] SYNC-APPLY TRIGGER BYPASS active for batch=cbad6fa6-d391-45ca-ad38-8a0cc326c78f
[2026-05-16T04:11:51.279Z] [SyncDiag] FIELD-LOG-INSERT START: 14 logs
[2026-05-16T04:11:51.279Z] [SyncDiag] FIELD-LOG-INSERT: 1 groups from 14 logs
[2026-05-16T04:11:51.294Z] [SyncDiag] FIELD-LOG-INSERT OK: change_request row=0a9f92df-9c16-4940-937c-c568a17063e1 (16 columns)
[2026-05-16T04:11:51.295Z] [SyncDiag] FIELD-LOG-INSERT DONE: inserted=1, updatePassthrough=0, errors=0
[2026-05-16T04:11:51.299Z] [SyncDiag] RECEIVE-PUSH DONE: stored=14, applied=1, errors=0, oneWayTables=0
[2026-05-16T04:11:53.371Z] [SyncDiag] PREPARE-PULL START: vessel=744535d0-841a-11ed-aa7c-7003bca91a86, vesselCode=null, checkpoint=2026-05-16T04:11:13.567Z, shoreInstanceId=SHORE-PROD
[2026-05-16T04:11:53.603Z] [SyncDiag] PREPARE-PULL DIAG: vessel=744535d0-841a-11ed-aa7c-7003bca91a86 total_logs=11035 unsynced=4020 after_instance_filter=4006 exclude=SHIP-Vessel 4 since=2026-05-16T04:11:13.567Z instances=[SHIP-Vessel 4:14, SHORE-PROD:4006]
[2026-05-16T04:11:53.604Z] [SyncDiag] PREPARE-PULL FIELD LOGS: 0 shore logs for vessel=744535d0-841a-11ed-aa7c-7003bca91a86 (excluded instance=SHIP-Vessel 4)
[2026-05-16T04:11:53.612Z] [SyncDiag] PREPARE-PULL DONE: 0 one-way rows across 0 tables, 0 field logs, 0 conflicts
[2026-05-16T04:11:53.627Z] [SyncDiag] COMPLETE-SESSION: marking shore logs synced for vessel=744535d0-841a-11ed-aa7c-7003bca91a86 checkpointBefore=2026-05-16T04:11:13.567Z excludeInstance=SHIP-Vessel 4
[2026-05-16T04:11:53.697Z] [SyncDiag] PREPARE-PULL DIAG: vessel=744535d0-841a-11ed-aa7c-7003bca91a86 total_logs=11035 unsynced=4020 after_instance_filter=4006 exclude=SHIP-Vessel 4 since=2026-05-16T04:11:13.567Z instances=[SHIP-Vessel 4:14, SHORE-PROD:4006]
[2026-05-16T04:11:53.697Z] [SyncDiag] COMPLETE-SESSION: found 0 shore logs to mark synced
[2026-05-16T04:11:53.699Z] [SyncDiag] COMPLETE-SESSION: found 14 ship logs to mark synced
[2026-05-16T04:12:01.942Z] [SyncDiag] FIELD-LOGGER: stores_items row=f6aea1ce-259f-4e43-aa47-37ac022e3d27 — 1 fields changed, isInsert=false, vesselId=744535d0-841a-11ed-aa7c-7003bca91a86, instanceId=SHORE-PROD
[2026-05-16T04:12:01.959Z] [SyncDiag] FIELD-LOGGER: change_request row=0a9f92df-9c16-4940-937c-c568a17063e1 — 5 fields changed, isInsert=false, vesselId=744535d0-841a-11ed-aa7c-7003bca91a86, instanceId=SHORE-PROD
[2026-05-16T04:12:05.795Z] [SyncDiag] RECEIVE-PUSH START: batch=4fe0c6a2-97a8-424c-a177-9dc58f63cf99, vessel=744535d0-841a-11ed-aa7c-7003bca91a86, fieldLogs=0, oneWayRows=0
[2026-05-16T04:12:05.799Z] [SyncDiag] RECEIVE-PUSH DONE: stored=0, applied=0, errors=0, oneWayTables=0
[2026-05-16T04:12:07.819Z] [SyncDiag] PREPARE-PULL START: vessel=744535d0-841a-11ed-aa7c-7003bca91a86, vesselCode=null, checkpoint=2026-05-16T04:11:53.625Z, shoreInstanceId=SHORE-PROD
[2026-05-16T04:12:07.911Z] [SyncDiag] PREPARE-PULL FIELD LOGS: 6 shore logs for vessel=744535d0-841a-11ed-aa7c-7003bca91a86 (excluded instance=SHIP-Vessel 4)
[2026-05-16T04:12:07.911Z] [SyncDiag] PREPARE-PULL FIELD LOG TABLES: {"stores_items":1,"change_request":5}
[2026-05-16T04:12:07.914Z] [SyncDiag] PREPARE-PULL DONE: 0 one-way rows across 0 tables, 6 field logs, 0 conflicts
[2026-05-16T04:12:07.946Z] [SyncDiag] COMPLETE-SESSION: marking shore logs synced for vessel=744535d0-841a-11ed-aa7c-7003bca91a86 checkpointBefore=2026-05-16T04:11:53.625Z excludeInstance=SHIP-Vessel 4
[2026-05-16T04:12:07.996Z] [SyncDiag] COMPLETE-SESSION: found 6 shore logs to mark synced
[2026-05-16T04:12:08.002Z] [SyncDiag] COMPLETE-SESSION: found 0 ship logs to mark synced
[2026-05-16T04:14:42.784Z] [SyncDiag] RECEIVE-PUSH START: batch=1f0aeb5b-fbd3-4c5c-970d-6f7fc2e8d2e1, vessel=744535d0-841a-11ed-aa7c-7003bca91a86, fieldLogs=94, oneWayRows=0
[2026-05-16T04:14:42.823Z] [SyncDiag] RECEIVE-PUSH: 94 field logs stored in sync_field_log
[2026-05-16T04:14:42.824Z] [SyncDiag] SYNC-APPLY TRIGGER BYPASS active for batch=1f0aeb5b-fbd3-4c5c-970d-6f7fc2e8d2e1
[2026-05-16T04:14:42.825Z] [SyncDiag] FIELD-LOG-INSERT START: 94 logs
[2026-05-16T04:14:42.825Z] [SyncDiag] FIELD-LOG-INSERT: 8 groups from 94 logs
[2026-05-16T04:14:42.871Z] [SyncDiag] FIELD-LOG-INSERT OK: work_order_documents row=6479eced-8a55-4ed8-99fe-b10c61bbb9af (15 columns)
[2026-05-16T04:14:42.914Z] [SyncDiag] FIELD-LOG-INSERT OK: spares_history row=0930ddfd-8db6-45b5-96c4-cac31efad99f (20 columns)
[2026-05-16T04:14:42.930Z] [SyncDiag] FIELD-LOG-INSERT OK: stores_ledger row=f3b0d306-2a46-41a6-9180-320df79e93f1 (20 columns)
[2026-05-16T04:14:42.931Z] [SyncDiag] FIELD-LOG-INSERT DONE: inserted=3, updatePassthrough=45, errors=0
[2026-05-16T04:14:42.935Z] [SyncDiag] INSERT-LOG ALLOWED: work_orders.riskAssessmentStatus row=4c109e9c-3cb7-4767-bf1c-053a50fa83eb
[2026-05-16T04:14:42.947Z] [SyncDiag] INSERT-LOG ALLOWED: work_orders.safetyChecklistsStatus row=4c109e9c-3cb7-4767-bf1c-053a50fa83eb
[2026-05-16T04:14:42.948Z] [SyncDiag] INSERT-LOG ALLOWED: work_orders.operationalFormsStatus row=4c109e9c-3cb7-4767-bf1c-053a50fa83eb
[2026-05-16T04:14:42.949Z] [SyncDiag] INSERT-LOG ALLOWED: work_orders.startDateTime row=4c109e9c-3cb7-4767-bf1c-053a50fa83eb
[2026-05-16T04:14:42.951Z] [SyncDiag] INSERT-LOG ALLOWED: work_orders.completionDateTime row=4c109e9c-3cb7-4767-bf1c-053a50fa83eb
[2026-05-16T04:14:42.952Z] [SyncDiag] INSERT-LOG ALLOWED: work_orders.executionAssignedTo row=4c109e9c-3cb7-4767-bf1c-053a50fa83eb
[2026-05-16T04:14:42.953Z] [SyncDiag] INSERT-LOG ALLOWED: work_orders.performedBy row=4c109e9c-3cb7-4767-bf1c-053a50fa83eb
[2026-05-16T04:14:42.954Z] [SyncDiag] INSERT-LOG ALLOWED: work_orders.noOfPersons row=4c109e9c-3cb7-4767-bf1c-053a50fa83eb
[2026-05-16T04:14:42.955Z] [SyncDiag] INSERT-LOG ALLOWED: work_orders.totalTimeHours row=4c109e9c-3cb7-4767-bf1c-053a50fa83eb
[2026-05-16T04:14:42.956Z] [SyncDiag] INSERT-LOG ALLOWED: work_orders.manhours row=4c109e9c-3cb7-4767-bf1c-053a50fa83eb
[2026-05-16T04:14:42.957Z] [SyncDiag] INSERT-LOG ALLOWED: work_orders.assignedToRankId row=4c109e9c-3cb7-4767-bf1c-053a50fa83eb
[2026-05-16T04:14:42.960Z] [SyncDiag] INSERT-LOG ALLOWED: work_orders.dateCompleted row=4c109e9c-3cb7-4767-bf1c-053a50fa83eb
[2026-05-16T04:14:42.961Z] [SyncDiag] INSERT-LOG ALLOWED: work_orders.submittedDate row=4c109e9c-3cb7-4767-bf1c-053a50fa83eb
[2026-05-16T04:14:42.962Z] [SyncDiag] INSERT-LOG ALLOWED: work_orders.maintenanceType row=4c109e9c-3cb7-4767-bf1c-053a50fa83eb
[2026-05-16T04:14:42.963Z] [SyncDiag] INSERT-LOG ALLOWED: work_orders.approver row=4c109e9c-3cb7-4767-bf1c-053a50fa83eb
[2026-05-16T04:14:42.964Z] [SyncDiag] INSERT-LOG ALLOWED: work_orders.nextDueDate row=4c109e9c-3cb7-4767-bf1c-053a50fa83eb
[2026-05-16T04:14:42.965Z] [SyncDiag] INSERT-LOG ALLOWED: work_orders.nextDueReading row=4c109e9c-3cb7-4767-bf1c-053a50fa83eb
[2026-05-16T04:14:42.966Z] [SyncDiag] INSERT-LOG ALLOWED: work_orders.currentReading row=4c109e9c-3cb7-4767-bf1c-053a50fa83eb
[2026-05-16T04:14:42.967Z] [SyncDiag] INSERT-LOG ALLOWED: work_orders.jobCategory row=4c109e9c-3cb7-4767-bf1c-053a50fa83eb
[2026-05-16T04:14:42.968Z] [SyncDiag] INSERT-LOG ALLOWED: work_orders.sfiCode row=4c109e9c-3cb7-4767-bf1c-053a50fa83eb
[2026-05-16T04:14:42.969Z] [SyncDiag] INSERT-LOG ALLOWED: work_orders.criticality row=4c109e9c-3cb7-4767-bf1c-053a50fa83eb
[2026-05-16T04:14:42.970Z] [SyncDiag] INSERT-LOG ALLOWED: work_orders.workCarriedOut row=4c109e9c-3cb7-4767-bf1c-053a50fa83eb
[2026-05-16T04:14:42.971Z] [SyncDiag] INSERT-LOG ALLOWED: work_orders.jobExperienceNotes row=4c109e9c-3cb7-4767-bf1c-053a50fa83eb
[2026-05-16T04:14:42.972Z] [SyncDiag] INSERT-LOG ALLOWED: work_orders.previousReading row=4c109e9c-3cb7-4767-bf1c-053a50fa83eb
[2026-05-16T04:14:42.973Z] [SyncDiag] INSERT-LOG ALLOWED: work_orders.runningHours row=4c109e9c-3cb7-4767-bf1c-053a50fa83eb
[2026-05-16T04:14:42.974Z] [SyncDiag] INSERT-LOG ALLOWED: work_orders.runningHoursDifference row=4c109e9c-3cb7-4767-bf1c-053a50fa83eb
[2026-05-16T04:14:42.975Z] [SyncDiag] INSERT-LOG ALLOWED: work_orders.readingDate row=4c109e9c-3cb7-4767-bf1c-053a50fa83eb
[2026-05-16T04:14:42.976Z] [SyncDiag] INSERT-LOG ALLOWED: work_orders.woExecutionId row=4c109e9c-3cb7-4767-bf1c-053a50fa83eb
[2026-05-16T04:14:42.977Z] [SyncDiag] INSERT-LOG ALLOWED: work_orders.remarks row=4c109e9c-3cb7-4767-bf1c-053a50fa83eb
[2026-05-16T04:14:42.978Z] [SyncDiag] INSERT-LOG ALLOWED: work_orders.completionRemarks row=4c109e9c-3cb7-4767-bf1c-053a50fa83eb
[2026-05-16T04:14:42.979Z] [SyncDiag] INSERT-LOG ALLOWED: work_orders.originalDueDate row=4c109e9c-3cb7-4767-bf1c-053a50fa83eb
[2026-05-16T04:14:42.982Z] [SyncDiag] INSERT-LOG ALLOWED: work_orders.superintendentNotifiedAt row=4c109e9c-3cb7-4767-bf1c-053a50fa83eb
[2026-05-16T04:14:42.983Z] [SyncDiag] INSERT-LOG ALLOWED: work_orders.approvalBlockReason row=4c109e9c-3cb7-4767-bf1c-053a50fa83eb
[2026-05-16T04:14:43.010Z] [SyncDiag] RECEIVE-PUSH DONE: stored=94, applied=48, errors=0, oneWayTables=0
[2026-05-16T04:14:43.052Z] [SyncDiag] PREPARE-PULL START: vessel=744535d0-841a-11ed-aa7c-7003bca91a86, vesselCode=null, checkpoint=2026-05-16T04:12:07.945Z, shoreInstanceId=SHORE-PROD
[2026-05-16T04:14:43.242Z] [SyncDiag] PREPARE-PULL DIAG: vessel=744535d0-841a-11ed-aa7c-7003bca91a86 total_logs=11135 unsynced=4100 after_instance_filter=4006 exclude=SHIP-Vessel 4 since=2026-05-16T04:12:07.945Z instances=[SHIP-Vessel 4:94, SHORE-PROD:4006]
[2026-05-16T04:14:43.243Z] [SyncDiag] PREPARE-PULL FIELD LOGS: 0 shore logs for vessel=744535d0-841a-11ed-aa7c-7003bca91a86 (excluded instance=SHIP-Vessel 4)
[2026-05-16T04:14:43.252Z] [SyncDiag] PREPARE-PULL DONE: 0 one-way rows across 0 tables, 0 field logs, 0 conflicts
[2026-05-16T04:14:43.262Z] [SyncDiag] COMPLETE-SESSION: marking shore logs synced for vessel=744535d0-841a-11ed-aa7c-7003bca91a86 checkpointBefore=2026-05-16T04:12:07.945Z excludeInstance=SHIP-Vessel 4
[2026-05-16T04:14:43.325Z] [SyncDiag] PREPARE-PULL DIAG: vessel=744535d0-841a-11ed-aa7c-7003bca91a86 total_logs=11135 unsynced=4100 after_instance_filter=4006 exclude=SHIP-Vessel 4 since=2026-05-16T04:12:07.945Z instances=[SHIP-Vessel 4:94, SHORE-PROD:4006]
[2026-05-16T04:14:43.326Z] [SyncDiag] COMPLETE-SESSION: found 0 shore logs to mark synced
[2026-05-16T04:14:43.328Z] [SyncDiag] COMPLETE-SESSION: found 94 ship logs to mark synced
[2026-05-16T04:18:33.297Z] [SyncDiag] FIELD-LOGGER: vessel_certificate_data row=d131a952-e3a3-4ac6-82a2-e18367cbd837 — 7 fields changed, isInsert=true, vesselId=744cf286-841a-11ed-aa7c-7003bca91a86, instanceId=SHORE-PROD
[2026-05-16T04:18:33.313Z] [SyncDiag] FIELD-LOGGER: vessel_certificate_data row=f46f8a37-bb32-43bf-8d42-e8fea71b1ca9 — 7 fields changed, isInsert=true, vesselId=744dc41e-841a-11ed-aa7c-7003bca91a86, instanceId=SHORE-PROD
[2026-05-16T04:18:33.327Z] [SyncDiag] FIELD-LOGGER: vessel_certificate_data row=6c99aa60-a687-4bed-8255-cf00dc4e833e — 7 fields changed, isInsert=true, vesselId=4fbd2fab-85d2-11ed-aa7c-7003bca91a86, instanceId=SHORE-PROD
[2026-05-16T04:18:33.342Z] [SyncDiag] FIELD-LOGGER: vessel_certificate_data row=e905a778-5ccb-4efa-9d0a-1f0527223670 — 7 fields changed, isInsert=true, vesselId=7c08b51c-4345-4681-9d98-ec8ae142ac67, instanceId=SHORE-PROD
[2026-05-16T04:18:33.356Z] [SyncDiag] FIELD-LOGGER: vessel_certificate_data row=230247dc-731d-46cd-b0a0-dc5b5e4da137 — 7 fields changed, isInsert=true, vesselId=cec1b7d6-72a4-45c8-b72c-30e31621a255, instanceId=SHORE-PROD
[2026-05-16T04:18:33.371Z] [SyncDiag] FIELD-LOGGER: vessel_certificate_data row=88d5208e-3691-4667-84e0-5be917eb7393 — 7 fields changed, isInsert=true, vesselId=7cb64519-6008-4189-820e-4b2e1f74504e, instanceId=SHORE-PROD
[2026-05-16T04:18:33.384Z] [SyncDiag] FIELD-LOGGER: vessel_certificate_data row=9eee0300-28c8-4507-8f20-935b5d1bb97e — 7 fields changed, isInsert=true, vesselId=f6212312-3486-43de-b37b-640a1f14bc75, instanceId=SHORE-PROD
[2026-05-16T04:18:33.398Z] [SyncDiag] FIELD-LOGGER: vessel_certificate_data row=a4b72e51-a2d4-45c1-9a26-9a1bac614a9c — 7 fields changed, isInsert=true, vesselId=13421138-e990-45d9-ab09-94f01faeebe2, instanceId=SHORE-PROD
[2026-05-16T04:18:33.411Z] [SyncDiag] FIELD-LOGGER: vessel_certificate_data row=262f0893-0d5a-45c0-a9e7-df78a262c465 — 7 fields changed, isInsert=true, vesselId=9d88f081-6e0f-41e5-9bdb-124b9d9cc3b8, instanceId=SHORE-PROD
[2026-05-16T04:18:33.425Z] [SyncDiag] FIELD-LOGGER: vessel_certificate_data row=79403bfb-13bd-49a3-92e0-4597b882cecb — 7 fields changed, isInsert=true, vesselId=cd03135a-f38a-40de-b7d6-27ba85b633dc, instanceId=SHORE-PROD
[2026-05-16T04:18:33.439Z] [SyncDiag] FIELD-LOGGER: vessel_certificate_data row=f8c30152-ab40-4ed8-8676-7f11b1a37ed6 — 7 fields changed, isInsert=true, vesselId=24a0fb38-d8bf-43d2-9e8f-206f20578069, instanceId=SHORE-PROD
[2026-05-16T04:18:33.452Z] [SyncDiag] FIELD-LOGGER: vessel_certificate_data row=a7e75132-0e62-4923-8ab7-b6b67f3d42f0 — 7 fields changed, isInsert=true, vesselId=743ef9d1-841a-11ed-aa7c-7003bca91a86, instanceId=SHORE-PROD
[2026-05-16T04:18:33.467Z] [SyncDiag] FIELD-LOGGER: vessel_certificate_data row=959086f0-b1fd-4aa9-ad49-ec6b457ad68c — 7 fields changed, isInsert=true, vesselId=743feb08-841a-11ed-aa7c-7003bca91a86, instanceId=SHORE-PROD
[2026-05-16T04:18:33.481Z] [SyncDiag] FIELD-LOGGER: vessel_certificate_data row=fcf81c05-c99c-4837-b7f9-6772e7c9e098 — 7 fields changed, isInsert=true, vesselId=7440571a-841a-11ed-aa7c-7003bca91a86, instanceId=SHORE-PROD
[2026-05-16T04:18:33.495Z] [SyncDiag] FIELD-LOGGER: vessel_certificate_data row=d672935f-1a34-40c2-ab0c-bdb06c7d134d — 7 fields changed, isInsert=true, vesselId=744535d0-841a-11ed-aa7c-7003bca91a86, instanceId=SHORE-PROD
[2026-05-16T04:18:33.509Z] [SyncDiag] FIELD-LOGGER: vessel_certificate_data row=f88886b0-90a0-4086-8188-1e5df876857c — 7 fields changed, isInsert=true, vesselId=7446783c-841a-11ed-aa7c-7003bca91a86, instanceId=SHORE-PROD
[2026-05-16T04:18:33.522Z] [SyncDiag] FIELD-LOGGER: vessel_certificate_data row=818c62e9-15f5-48dc-af45-55853f52753c — 7 fields changed, isInsert=true, vesselId=74481b72-841a-11ed-aa7c-7003bca91a86, instanceId=SHORE-PROD
[2026-05-16T04:18:33.535Z] [SyncDiag] FIELD-LOGGER: vessel_certificate_data row=a7b7ec03-d80e-4e1d-9bf4-3b175a703735 — 7 fields changed, isInsert=true, vesselId=744bafc7-841a-11ed-aa7c-7003bca91a86, instanceId=SHORE-PROD
[2026-05-16T04:18:33.547Z] [SyncDiag] FIELD-LOGGER: vessel_certificate_data row=21b8b47b-8cd1-4f17-9a0d-ad9900de28e4 — 7 fields changed, isInsert=true, vesselId=744c8b44-841a-11ed-aa7c-7003bca91a86, instanceId=SHORE-PROD
[2026-05-16T04:18:33.560Z] [SyncDiag] FIELD-LOGGER: vessel_certificate_data row=0c391668-ecee-43a4-9325-ffff0ad4c64d — 7 fields changed, isInsert=true, vesselId=744cf286-841a-11ed-aa7c-7003bca91a86, instanceId=SHORE-PROD
[2026-05-16T04:18:33.573Z] [SyncDiag] FIELD-LOGGER: vessel_certificate_data row=17de7ef8-96bc-4ebd-8434-f6d4ac47e00a — 7 fields changed, isInsert=true, vesselId=744dc41e-841a-11ed-aa7c-7003bca91a86, instanceId=SHORE-PROD
[2026-05-16T04:18:33.586Z] [SyncDiag] FIELD-LOGGER: vessel_certificate_data row=8bfb3d08-802a-48eb-b8ec-b0547729b94b — 7 fields changed, isInsert=true, vesselId=4fbd2fab-85d2-11ed-aa7c-7003bca91a86, instanceId=SHORE-PROD
[2026-05-16T04:18:33.599Z] [SyncDiag] FIELD-LOGGER: vessel_certificate_data row=a3ca34d5-541b-4c4d-b1f3-93ac19e2f556 — 7 fields changed, isInsert=true, vesselId=7c08b51c-4345-4681-9d98-ec8ae142ac67, instanceId=SHORE-PROD
[2026-05-16T04:18:33.614Z] [SyncDiag] FIELD-LOGGER: vessel_certificate_data row=ce75f8ca-4c63-49d3-b842-18ae1fc2a539 — 7 fields changed, isInsert=true, vesselId=cec1b7d6-72a4-45c8-b72c-30e31621a255, instanceId=SHORE-PROD
[2026-05-16T04:18:33.627Z] [SyncDiag] FIELD-LOGGER: vessel_certificate_data row=f6044879-ef45-472a-a295-84ff1d79e59d — 7 fields changed, isInsert=true, vesselId=7cb64519-6008-4189-820e-4b2e1f74504e, instanceId=SHORE-PROD
[2026-05-16T04:18:33.641Z] [SyncDiag] FIELD-LOGGER: vessel_certificate_data row=b73163df-97b7-4e5e-a127-31dbb13f9c6d — 7 fields changed, isInsert=true, vesselId=f6212312-3486-43de-b37b-640a1f14bc75, instanceId=SHORE-PROD
[2026-05-16T04:18:33.654Z] [SyncDiag] FIELD-LOGGER: vessel_certificate_data row=43caab77-6ef3-4a24-bba8-7a2e0a34c245 — 7 fields changed, isInsert=true, vesselId=13421138-e990-45d9-ab09-94f01faeebe2, instanceId=SHORE-PROD
[2026-05-16T04:18:33.667Z] [SyncDiag] FIELD-LOGGER: vessel_certificate_data row=35970d4e-d430-4644-8e0e-6eac96493f0b — 7 fields changed, isInsert=true, vesselId=9d88f081-6e0f-41e5-9bdb-124b9d9cc3b8, instanceId=SHORE-PROD
[2026-05-16T04:18:33.681Z] [SyncDiag] FIELD-LOGGER: vessel_certificate_data row=47ebf914-3203-484f-afec-4dc482f88dbe — 7 fields changed, isInsert=true, vesselId=cd03135a-f38a-40de-b7d6-27ba85b633dc, instanceId=SHORE-PROD
[2026-05-16T04:18:33.698Z] [SyncDiag] FIELD-LOGGER: vessel_certificate_data row=1cbb5cd7-4df6-451f-9e93-f033838a53b6 — 7 fields changed, isInsert=true, vesselId=24a0fb38-d8bf-43d2-9e8f-206f20578069, instanceId=SHORE-PROD
[2026-05-16T04:18:33.712Z] [SyncDiag] FIELD-LOGGER: vessel_certificate_data row=375b67b7-0b6b-450b-9261-398dd5d3a9bf — 7 fields changed, isInsert=true, vesselId=743ef9d1-841a-11ed-aa7c-7003bca91a86, instanceId=SHORE-PROD
[2026-05-16T04:18:33.725Z] [SyncDiag] FIELD-LOGGER: vessel_certificate_data row=21207fa4-39f8-43f2-a459-40353ad9b506 — 7 fields changed, isInsert=true, vesselId=743feb08-841a-11ed-aa7c-7003bca91a86, instanceId=SHORE-PROD
[2026-05-16T04:18:33.738Z] [SyncDiag] FIELD-LOGGER: vessel_certificate_data row=8b456ab8-9807-4ace-83c3-a5fcb5880267 — 7 fields changed, isInsert=true, vesselId=7440571a-841a-11ed-aa7c-7003bca91a86, instanceId=SHORE-PROD
[2026-05-16T04:18:33.752Z] [SyncDiag] FIELD-LOGGER: vessel_certificate_data row=09a29eae-c7ba-4bc8-a2c7-2f42aac57319 — 7 fields changed, isInsert=true, vesselId=744535d0-841a-11ed-aa7c-7003bca91a86, instanceId=SHORE-PROD
[2026-05-16T04:18:33.766Z] [SyncDiag] FIELD-LOGGER: vessel_certificate_data row=c3327af9-694a-4c80-b391-e74e465b73e3 — 7 fields changed, isInsert=true, vesselId=7446783c-841a-11ed-aa7c-7003bca91a86, instanceId=SHORE-PROD
[2026-05-16T04:18:33.779Z] [SyncDiag] FIELD-LOGGER: vessel_certificate_data row=76f4b3f1-8a4c-44fe-9721-b4af383168ca — 7 fields changed, isInsert=true, vesselId=74481b72-841a-11ed-aa7c-7003bca91a86, instanceId=SHORE-PROD
[2026-05-16T04:18:33.792Z] [SyncDiag] FIELD-LOGGER: vessel_certificate_data row=d82a8d3a-20e4-47d6-b243-aedf6dea3d89 — 7 fields changed, isInsert=true, vesselId=744bafc7-841a-11ed-aa7c-7003bca91a86, instanceId=SHORE-PROD
[2026-05-16T04:18:33.805Z] [SyncDiag] FIELD-LOGGER: vessel_certificate_data row=91c40cce-79fe-466b-a717-93e389ea3d38 — 7 fields changed, isInsert=true, vesselId=744c8b44-841a-11ed-aa7c-7003bca91a86, instanceId=SHORE-PROD
[2026-05-16T04:19:00.530Z] [SyncDiag] RECEIVE-PUSH START: batch=5eddc537-0576-403d-a86c-21b197368cc5, vessel=744535d0-841a-11ed-aa7c-7003bca91a86, fieldLogs=42, oneWayRows=0
[2026-05-16T04:19:00.549Z] [SyncDiag] RECEIVE-PUSH: 42 field logs stored in sync_field_log
[2026-05-16T04:19:00.551Z] [SyncDiag] SYNC-APPLY TRIGGER BYPASS active for batch=5eddc537-0576-403d-a86c-21b197368cc5
[2026-05-16T04:19:00.551Z] [SyncDiag] FIELD-LOG-INSERT START: 42 logs
[2026-05-16T04:19:00.552Z] [SyncDiag] FIELD-LOG-INSERT: 2 groups from 42 logs
[2026-05-16T04:19:00.565Z] [SyncDiag] FIELD-LOG-INSERT OK: work_order_documents row=cafbef2f-54e7-405a-aca0-40e2b6abc2a0 (15 columns)
[2026-05-16T04:19:00.568Z] [SyncDiag] FIELD-LOG-INSERT DONE: inserted=1, updatePassthrough=29, errors=0
[2026-05-16T04:19:00.573Z] [SyncDiag] INSERT-LOG ALLOWED: work_orders.dateCompleted row=6b94490a-5a85-4f8e-b4bb-f2b860a6d820
[2026-05-16T04:19:00.584Z] [SyncDiag] INSERT-LOG ALLOWED: work_orders.submittedDate row=6b94490a-5a85-4f8e-b4bb-f2b860a6d820
[2026-05-16T04:19:00.585Z] [SyncDiag] INSERT-LOG ALLOWED: work_orders.maintenanceType row=6b94490a-5a85-4f8e-b4bb-f2b860a6d820
[2026-05-16T04:19:00.586Z] [SyncDiag] INSERT-LOG ALLOWED: work_orders.approver row=6b94490a-5a85-4f8e-b4bb-f2b860a6d820
[2026-05-16T04:19:00.588Z] [SyncDiag] INSERT-LOG ALLOWED: work_orders.nextDueDate row=6b94490a-5a85-4f8e-b4bb-f2b860a6d820
[2026-05-16T04:19:00.589Z] [SyncDiag] INSERT-LOG ALLOWED: work_orders.jobCategory row=6b94490a-5a85-4f8e-b4bb-f2b860a6d820
[2026-05-16T04:19:00.590Z] [SyncDiag] INSERT-LOG ALLOWED: work_orders.sfiCode row=6b94490a-5a85-4f8e-b4bb-f2b860a6d820
[2026-05-16T04:19:00.592Z] [SyncDiag] INSERT-LOG ALLOWED: work_orders.criticality row=6b94490a-5a85-4f8e-b4bb-f2b860a6d820
[2026-05-16T04:19:00.595Z] [SyncDiag] INSERT-LOG ALLOWED: work_orders.riskAssessmentStatus row=6b94490a-5a85-4f8e-b4bb-f2b860a6d820
[2026-05-16T04:19:00.596Z] [SyncDiag] INSERT-LOG ALLOWED: work_orders.safetyChecklistsStatus row=6b94490a-5a85-4f8e-b4bb-f2b860a6d820
[2026-05-16T04:19:00.598Z] [SyncDiag] INSERT-LOG ALLOWED: work_orders.operationalFormsStatus row=6b94490a-5a85-4f8e-b4bb-f2b860a6d820
[2026-05-16T04:19:00.599Z] [SyncDiag] INSERT-LOG ALLOWED: work_orders.startDateTime row=6b94490a-5a85-4f8e-b4bb-f2b860a6d820
[2026-05-16T04:19:00.600Z] [SyncDiag] INSERT-LOG ALLOWED: work_orders.completionDateTime row=6b94490a-5a85-4f8e-b4bb-f2b860a6d820
[2026-05-16T04:19:00.602Z] [SyncDiag] INSERT-LOG ALLOWED: work_orders.executionAssignedTo row=6b94490a-5a85-4f8e-b4bb-f2b860a6d820
[2026-05-16T04:19:00.603Z] [SyncDiag] INSERT-LOG ALLOWED: work_orders.performedBy row=6b94490a-5a85-4f8e-b4bb-f2b860a6d820
[2026-05-16T04:19:00.604Z] [SyncDiag] INSERT-LOG ALLOWED: work_orders.noOfPersons row=6b94490a-5a85-4f8e-b4bb-f2b860a6d820
[2026-05-16T04:19:00.606Z] [SyncDiag] INSERT-LOG ALLOWED: work_orders.totalTimeHours row=6b94490a-5a85-4f8e-b4bb-f2b860a6d820
[2026-05-16T04:19:00.607Z] [SyncDiag] INSERT-LOG ALLOWED: work_orders.manhours row=6b94490a-5a85-4f8e-b4bb-f2b860a6d820
[2026-05-16T04:19:00.608Z] [SyncDiag] INSERT-LOG ALLOWED: work_orders.workCarriedOut row=6b94490a-5a85-4f8e-b4bb-f2b860a6d820
[2026-05-16T04:19:00.610Z] [SyncDiag] INSERT-LOG ALLOWED: work_orders.jobExperienceNotes row=6b94490a-5a85-4f8e-b4bb-f2b860a6d820
[2026-05-16T04:19:00.611Z] [SyncDiag] INSERT-LOG ALLOWED: work_orders.previousReading row=6b94490a-5a85-4f8e-b4bb-f2b860a6d820
[2026-05-16T04:19:00.612Z] [SyncDiag] INSERT-LOG ALLOWED: work_orders.runningHours row=6b94490a-5a85-4f8e-b4bb-f2b860a6d820
[2026-05-16T04:19:00.614Z] [SyncDiag] INSERT-LOG ALLOWED: work_orders.runningHoursDifference row=6b94490a-5a85-4f8e-b4bb-f2b860a6d820
[2026-05-16T04:19:00.615Z] [SyncDiag] INSERT-LOG ALLOWED: work_orders.readingDate row=6b94490a-5a85-4f8e-b4bb-f2b860a6d820
[2026-05-16T04:19:00.616Z] [SyncDiag] INSERT-LOG ALLOWED: work_orders.woExecutionId row=6b94490a-5a85-4f8e-b4bb-f2b860a6d820
[2026-05-16T04:19:00.617Z] [SyncDiag] INSERT-LOG ALLOWED: work_orders.remarks row=6b94490a-5a85-4f8e-b4bb-f2b860a6d820
[2026-05-16T04:19:00.619Z] [SyncDiag] INSERT-LOG ALLOWED: work_orders.completionRemarks row=6b94490a-5a85-4f8e-b4bb-f2b860a6d820
[2026-05-16T04:19:00.625Z] [SyncDiag] RECEIVE-PUSH DONE: stored=42, applied=30, errors=0, oneWayTables=0
[2026-05-16T04:19:00.634Z] [SyncDiag] PREPARE-PULL START: vessel=744535d0-841a-11ed-aa7c-7003bca91a86, vesselCode=null, checkpoint=2026-05-16T04:14:43.261Z, shoreInstanceId=SHORE-PROD
[2026-05-16T04:19:00.739Z] [SyncDiag] PREPARE-PULL FIELD LOGS: 14 shore logs for vessel=744535d0-841a-11ed-aa7c-7003bca91a86 (excluded instance=SHIP-Vessel 4)
[2026-05-16T04:19:00.739Z] [SyncDiag] PREPARE-PULL FIELD LOG TABLES: {"vessel_certificate_data":14}
[2026-05-16T04:19:00.748Z] [SyncDiag] PREPARE-PULL DONE: 85 one-way rows across 2 tables, 14 field logs, 0 conflicts
[2026-05-16T04:19:00.748Z] [SyncDiag] PREPARE-PULL ONE-WAY: ship_certificates_master — 83 rows
[2026-05-16T04:19:00.749Z] [SyncDiag] PREPARE-PULL ONE-WAY: vessel_certificate_applicability — 2 rows
[2026-05-16T04:19:01.163Z] [SyncDiag] COMPLETE-SESSION: marking shore logs synced for vessel=744535d0-841a-11ed-aa7c-7003bca91a86 checkpointBefore=2026-05-16T04:14:43.261Z excludeInstance=SHIP-Vessel 4
[2026-05-16T04:19:01.171Z] [SyncDiag] COMPLETE-SESSION: found 14 shore logs to mark synced
[2026-05-16T04:19:01.179Z] [SyncDiag] COMPLETE-SESSION: found 42 ship logs to mark synced
[2026-05-16T04:19:51.971Z] [SyncDiag] RECEIVE-PUSH START: batch=5f9b7f3b-5a97-4b25-9c6a-d08496af4b41, vessel=744535d0-841a-11ed-aa7c-7003bca91a86, fieldLogs=46, oneWayRows=0
[2026-05-16T04:19:52.268Z] [SyncDiag] RECEIVE-PUSH: 46 field logs stored in sync_field_log
[2026-05-16T04:19:52.275Z] [SyncDiag] SYNC-APPLY TRIGGER BYPASS active for batch=5f9b7f3b-5a97-4b25-9c6a-d08496af4b41
[2026-05-16T04:19:52.276Z] [SyncDiag] FIELD-LOG-INSERT START: 46 logs
[2026-05-16T04:19:52.313Z] [SyncDiag] FIELD-LOG-INSERT: 3 groups from 46 logs
[2026-05-16T04:19:52.389Z] [SyncDiag] FIELD-LOG-INSERT OK: component_maintenance_history row=c48f35c0-b922-4a7b-bff6-41da442355cc (25 columns)
[2026-05-16T04:19:52.400Z] [SyncDiag] FIELD-LOG-INSERT OK: running_hours_audit row=0fb56ecc-68d9-408c-a944-3353abb39540 (21 columns)
[2026-05-16T04:19:52.405Z] [SyncDiag] RH-APPLY INSERT: component=234f676d-4ce8-4f01-95cf-91f5d5b0b896 current_cumulative_rh updated from 0.00 to 110.00, last_updated=06 Mar 2025 05:30 from audit row 0fb56ecc-68d9-408c-a944-3353abb39540
[2026-05-16T04:19:52.407Z] [SyncDiag] FIELD-LOG-INSERT DONE: inserted=2, updatePassthrough=4, errors=0
[2026-05-16T04:19:52.423Z] [SyncDiag] INSERT-LOG ALLOWED: work_orders.approvalAction row=6b94490a-5a85-4f8e-b4bb-f2b860a6d820
[2026-05-16T04:19:52.425Z] [SyncDiag] INSERT-LOG ALLOWED: work_orders.ceApprovalRemarks row=6b94490a-5a85-4f8e-b4bb-f2b860a6d820
[2026-05-16T04:19:52.432Z] [SyncDiag] RECEIVE-PUSH DONE: stored=46, applied=6, errors=0, oneWayTables=0
[2026-05-16T04:19:52.443Z] [SyncDiag] PREPARE-PULL START: vessel=744535d0-841a-11ed-aa7c-7003bca91a86, vesselCode=null, checkpoint=2026-05-16T04:19:01.162Z, shoreInstanceId=SHORE-PROD
[2026-05-16T04:19:52.695Z] [SyncDiag] PREPARE-PULL DIAG: vessel=744535d0-841a-11ed-aa7c-7003bca91a86 total_logs=11237 unsynced=4052 after_instance_filter=4006 exclude=SHIP-Vessel 4 since=2026-05-16T04:19:01.162Z instances=[SHIP-Vessel 4:46, SHORE-PROD:4006]
[2026-05-16T04:19:52.696Z] [SyncDiag] PREPARE-PULL FIELD LOGS: 0 shore logs for vessel=744535d0-841a-11ed-aa7c-7003bca91a86 (excluded instance=SHIP-Vessel 4)
[2026-05-16T04:19:52.705Z] [SyncDiag] PREPARE-PULL DONE: 1 one-way rows across 1 tables, 0 field logs, 0 conflicts
[2026-05-16T04:19:52.705Z] [SyncDiag] PREPARE-PULL ONE-WAY: components — 1 rows
[2026-05-16T04:19:52.724Z] [SyncDiag] COMPLETE-SESSION: marking shore logs synced for vessel=744535d0-841a-11ed-aa7c-7003bca91a86 checkpointBefore=2026-05-16T04:19:01.162Z excludeInstance=SHIP-Vessel 4
[2026-05-16T04:19:52.807Z] [SyncDiag] PREPARE-PULL DIAG: vessel=744535d0-841a-11ed-aa7c-7003bca91a86 total_logs=11237 unsynced=4052 after_instance_filter=4006 exclude=SHIP-Vessel 4 since=2026-05-16T04:19:01.162Z instances=[SHIP-Vessel 4:46, SHORE-PROD:4006]
[2026-05-16T04:19:52.808Z] [SyncDiag] COMPLETE-SESSION: found 0 shore logs to mark synced
[2026-05-16T04:19:52.810Z] [SyncDiag] COMPLETE-SESSION: found 46 ship logs to mark synced
[2026-05-16T04:20:56.579Z] [SyncDiag] FIELD-LOGGER: vessel_certificate_data row=bd695886-48ba-49f1-835d-2a1ad0694e91 — 7 fields changed, isInsert=true, vesselId=744535d0-841a-11ed-aa7c-7003bca91a86, instanceId=SHORE-PROD
[2026-05-16T04:21:12.176Z] [SyncDiag] FIELD-LOGGER: spares_history row=192997fa-f2dd-4772-81a7-11639ebee7f0 — 19 fields changed, isInsert=true, vesselId=744535d0-841a-11ed-aa7c-7003bca91a86, instanceId=SHORE-PROD
[2026-05-16T04:21:12.184Z] [SyncDiag] FIELD-LOGGER: spares row=6f10a826-2a9e-4783-b94d-c8232e062abc — 2 fields changed, isInsert=false, vesselId=744535d0-841a-11ed-aa7c-7003bca91a86, instanceId=SHORE-PROD
[2026-05-16T04:21:12.196Z] [SyncDiag] FIELD-LOGGER: spare_location_stock row=c4af9d41-be75-4942-8afa-e0e3034aff5c — 1 fields changed, isInsert=false, vesselId=744535d0-841a-11ed-aa7c-7003bca91a86, instanceId=SHORE-PROD
[2026-05-16T04:21:23.584Z] [SyncDiag] RECEIVE-PUSH START: batch=55fa1576-9e4c-42bd-a82a-cadad07bcce8, vessel=744535d0-841a-11ed-aa7c-7003bca91a86, fieldLogs=23, oneWayRows=0
[2026-05-16T04:21:23.595Z] [SyncDiag] RECEIVE-PUSH: 23 field logs stored in sync_field_log
[2026-05-16T04:21:23.596Z] [SyncDiag] SYNC-APPLY TRIGGER BYPASS active for batch=55fa1576-9e4c-42bd-a82a-cadad07bcce8
[2026-05-16T04:21:23.596Z] [SyncDiag] FIELD-LOG-INSERT START: 23 logs
[2026-05-16T04:21:23.597Z] [SyncDiag] FIELD-LOG-INSERT: 4 groups from 23 logs
[2026-05-16T04:21:23.601Z] [SyncDiag] FIELD-LOG-INSERT OK: spares_history row=c6e09beb-5cae-40be-80cd-d8cc6d8d8583 (20 columns)
[2026-05-16T04:21:23.602Z] [SyncDiag] FIELD-LOG-INSERT DONE: inserted=1, updatePassthrough=5, errors=0
[2026-05-16T04:21:23.614Z] [SyncDiag] RECEIVE-PUSH DONE: stored=23, applied=6, errors=0, oneWayTables=0
[2026-05-16T04:21:23.622Z] [SyncDiag] PREPARE-PULL START: vessel=744535d0-841a-11ed-aa7c-7003bca91a86, vesselCode=null, checkpoint=2026-05-16T04:19:52.722Z, shoreInstanceId=SHORE-PROD
[2026-05-16T04:21:23.802Z] [SyncDiag] PREPARE-PULL FIELD LOGS: 29 shore logs for vessel=744535d0-841a-11ed-aa7c-7003bca91a86 (excluded instance=SHIP-Vessel 4)
[2026-05-16T04:21:23.802Z] [SyncDiag] PREPARE-PULL FIELD LOG TABLES: {"vessel_certificate_data":7,"spares_history":19,"spares":2,"spare_location_stock":1}
[2026-05-16T04:21:23.810Z] [SyncDiag] PREPARE-PULL DONE: 85 one-way rows across 2 tables, 29 field logs, 0 conflicts
[2026-05-16T04:21:23.810Z] [SyncDiag] PREPARE-PULL ONE-WAY: ship_certificates_master — 84 rows
[2026-05-16T04:21:23.811Z] [SyncDiag] PREPARE-PULL ONE-WAY: vessel_certificate_applicability — 1 rows
[2026-05-16T04:21:24.049Z] [SyncDiag] COMPLETE-SESSION: marking shore logs synced for vessel=744535d0-841a-11ed-aa7c-7003bca91a86 checkpointBefore=2026-05-16T04:19:52.722Z excludeInstance=SHIP-Vessel 4
[2026-05-16T04:21:24.099Z] [SyncDiag] COMPLETE-SESSION: found 29 shore logs to mark synced
[2026-05-16T04:21:24.108Z] [SyncDiag] COMPLETE-SESSION: found 23 ship logs to mark synced
[2026-05-16T04:25:08.677Z] [SyncDiag] RECEIVE-PUSH START: batch=0aff0133-f4b8-47b3-96e8-293b7b8bb996, vessel=744535d0-841a-11ed-aa7c-7003bca91a86, fieldLogs=0, oneWayRows=0
[2026-05-16T04:25:08.683Z] [SyncDiag] RECEIVE-PUSH DONE: stored=0, applied=0, errors=0, oneWayTables=0
[2026-05-16T04:25:10.722Z] [SyncDiag] PREPARE-PULL START: vessel=744535d0-841a-11ed-aa7c-7003bca91a86, vesselCode=null, checkpoint=2026-05-16T04:21:24.048Z, shoreInstanceId=SHORE-PROD
[2026-05-16T04:25:10.922Z] [SyncDiag] PREPARE-PULL DIAG: vessel=744535d0-841a-11ed-aa7c-7003bca91a86 total_logs=11289 unsynced=4006 after_instance_filter=4006 exclude=SHIP-Vessel 4 since=2026-05-16T04:21:24.048Z instances=[SHORE-PROD:4006]
[2026-05-16T04:25:10.923Z] [SyncDiag] PREPARE-PULL FIELD LOGS: 0 shore logs for vessel=744535d0-841a-11ed-aa7c-7003bca91a86 (excluded instance=SHIP-Vessel 4)
[2026-05-16T04:25:10.931Z] [SyncDiag] PREPARE-PULL DONE: 84 one-way rows across 1 tables, 0 field logs, 0 conflicts
[2026-05-16T04:25:10.931Z] [SyncDiag] PREPARE-PULL ONE-WAY: ship_certificates_master — 84 rows
[2026-05-16T04:25:11.146Z] [SyncDiag] COMPLETE-SESSION: marking shore logs synced for vessel=744535d0-841a-11ed-aa7c-7003bca91a86 checkpointBefore=2026-05-16T04:21:24.048Z excludeInstance=SHIP-Vessel 4
[2026-05-16T04:25:11.209Z] [SyncDiag] PREPARE-PULL DIAG: vessel=744535d0-841a-11ed-aa7c-7003bca91a86 total_logs=11289 unsynced=4006 after_instance_filter=4006 exclude=SHIP-Vessel 4 since=2026-05-16T04:21:24.048Z instances=[SHORE-PROD:4006]
[2026-05-16T04:25:11.210Z] [SyncDiag] COMPLETE-SESSION: found 0 shore logs to mark synced
[2026-05-16T04:25:11.211Z] [SyncDiag] COMPLETE-SESSION: found 0 ship logs to mark synced
[2026-05-16T04:30:04.183Z] [SyncDiag] RECEIVE-PUSH START: batch=42c793f9-5b79-4e19-95c7-e403de5d3da9, vessel=744535d0-841a-11ed-aa7c-7003bca91a86, fieldLogs=108, oneWayRows=0
[2026-05-16T04:30:04.227Z] [SyncDiag] RECEIVE-PUSH: 108 field logs stored in sync_field_log
[2026-05-16T04:30:04.228Z] [SyncDiag] SYNC-APPLY TRIGGER BYPASS active for batch=42c793f9-5b79-4e19-95c7-e403de5d3da9
[2026-05-16T04:30:04.229Z] [SyncDiag] FIELD-LOG-INSERT START: 108 logs
[2026-05-16T04:30:04.229Z] [SyncDiag] FIELD-LOG-INSERT: 7 groups from 108 logs
[2026-05-16T04:30:04.266Z] [SyncDiag] FIELD-LOG-INSERT OK: work_order_postponements row=pp-WO-1778897155866-f4ss3m0xg-1778905718275 (14 columns)
[2026-05-16T04:30:04.277Z] [SyncDiag] FIELD-LOG-INSERT OK: work_orders row=8204d9d1-c42b-4bd7-b900-4fa046de469e (49 columns)
[2026-05-16T04:30:04.303Z] [SyncDiag] FIELD-LOG-INSERT OK: inventory_transactions row=28a7b094-a94a-433f-a444-c286b47c1f4b (20 columns)
[2026-05-16T04:30:04.308Z] [SyncDiag] FK-REMAP INSERT: inventory_transactions row=28a7b094-a94a-433f-a444-c286b47c1f4b location_uuid=34d73dbf-f89c-45ad-a698-60f02c6eb15a → local location_id=136
[2026-05-16T04:30:04.313Z] [SyncDiag] FIELD-LOG-INSERT OK: spares_history row=9d45dc10-198c-4283-a878-543de1fc65c8 (22 columns)
[2026-05-16T04:30:04.314Z] [SyncDiag] FIELD-LOG-INSERT DONE: inserted=4, updatePassthrough=10, errors=0
[2026-05-16T04:30:04.315Z] [SyncDiag] INSERT-LOG ALLOWED: work_orders.postponementReason row=dc18cd35-5db0-476f-8f65-42118a46818a
[2026-05-16T04:30:04.316Z] [SyncDiag] INSERT-LOG ALLOWED: work_orders.postponementRemarks row=dc18cd35-5db0-476f-8f65-42118a46818a
[2026-05-16T04:30:04.317Z] [SyncDiag] INSERT-LOG ALLOWED: work_orders.postponementAuthorizedBy row=dc18cd35-5db0-476f-8f65-42118a46818a
[2026-05-16T04:30:04.318Z] [SyncDiag] INSERT-LOG ALLOWED: work_orders.performedBy row=dc18cd35-5db0-476f-8f65-42118a46818a
[2026-05-16T04:30:04.324Z] [SyncDiag] INSERT-LOG ALLOWED: work_orders.postponementEndDate row=dc18cd35-5db0-476f-8f65-42118a46818a
[2026-05-16T04:30:04.337Z] [SyncDiag] RECEIVE-PUSH DONE: stored=108, applied=14, errors=0, oneWayTables=0
[2026-05-16T04:30:04.345Z] [SyncDiag] PREPARE-PULL START: vessel=744535d0-841a-11ed-aa7c-7003bca91a86, vesselCode=null, checkpoint=2026-05-16T04:25:11.145Z, shoreInstanceId=SHORE-PROD
[2026-05-16T04:30:04.502Z] [SyncDiag] PREPARE-PULL DIAG: vessel=744535d0-841a-11ed-aa7c-7003bca91a86 total_logs=11397 unsynced=4114 after_instance_filter=4006 exclude=SHIP-Vessel 4 since=2026-05-16T04:25:11.145Z instances=[SHIP-Vessel 4:108, SHORE-PROD:4006]
[2026-05-16T04:30:04.503Z] [SyncDiag] PREPARE-PULL FIELD LOGS: 0 shore logs for vessel=744535d0-841a-11ed-aa7c-7003bca91a86 (excluded instance=SHIP-Vessel 4)
[2026-05-16T04:30:04.512Z] [SyncDiag] PREPARE-PULL DONE: 0 one-way rows across 0 tables, 0 field logs, 0 conflicts
[2026-05-16T04:30:04.521Z] [SyncDiag] COMPLETE-SESSION: marking shore logs synced for vessel=744535d0-841a-11ed-aa7c-7003bca91a86 checkpointBefore=2026-05-16T04:25:11.145Z excludeInstance=SHIP-Vessel 4
[2026-05-16T04:30:04.584Z] [SyncDiag] PREPARE-PULL DIAG: vessel=744535d0-841a-11ed-aa7c-7003bca91a86 total_logs=11397 unsynced=4114 after_instance_filter=4006 exclude=SHIP-Vessel 4 since=2026-05-16T04:25:11.145Z instances=[SHIP-Vessel 4:108, SHORE-PROD:4006]
[2026-05-16T04:30:04.584Z] [SyncDiag] COMPLETE-SESSION: found 0 shore logs to mark synced
[2026-05-16T04:30:04.587Z] [SyncDiag] COMPLETE-SESSION: found 108 ship logs to mark synced
[2026-05-16T04:30:59.306Z] [SyncDiag] RECEIVE-PUSH START: batch=e519a4af-153b-440e-b62f-e5e8ec17e6b3, vessel=744535d0-841a-11ed-aa7c-7003bca91a86, fieldLogs=24, oneWayRows=0
[2026-05-16T04:30:59.324Z] [SyncDiag] RECEIVE-PUSH: 24 field logs stored in sync_field_log
[2026-05-16T04:30:59.325Z] [SyncDiag] SYNC-APPLY TRIGGER BYPASS active for batch=e519a4af-153b-440e-b62f-e5e8ec17e6b3
[2026-05-16T04:30:59.326Z] [SyncDiag] FIELD-LOG-INSERT START: 24 logs
[2026-05-16T04:30:59.326Z] [SyncDiag] FIELD-LOG-INSERT: 2 groups from 24 logs
[2026-05-16T04:30:59.346Z] [SyncDiag] FIELD-LOG-INSERT OK: component_maintenance_history row=ad93d2cf-c8ef-4edf-a2e7-68a405151cf2 (23 columns)
[2026-05-16T04:30:59.348Z] [SyncDiag] FIELD-LOG-INSERT DONE: inserted=1, updatePassthrough=3, errors=0
[2026-05-16T04:30:59.356Z] [SyncDiag] INSERT-LOG ALLOWED: work_orders.approvalAction row=8204d9d1-c42b-4bd7-b900-4fa046de469e
[2026-05-16T04:30:59.362Z] [SyncDiag] RECEIVE-PUSH DONE: stored=24, applied=4, errors=0, oneWayTables=0
[2026-05-16T04:31:01.382Z] [SyncDiag] PREPARE-PULL START: vessel=744535d0-841a-11ed-aa7c-7003bca91a86, vesselCode=null, checkpoint=2026-05-16T04:30:04.520Z, shoreInstanceId=SHORE-PROD
[2026-05-16T04:31:01.596Z] [SyncDiag] PREPARE-PULL DIAG: vessel=744535d0-841a-11ed-aa7c-7003bca91a86 total_logs=11421 unsynced=4030 after_instance_filter=4006 exclude=SHIP-Vessel 4 since=2026-05-16T04:30:04.520Z instances=[SHIP-Vessel 4:24, SHORE-PROD:4006]
[2026-05-16T04:31:01.596Z] [SyncDiag] PREPARE-PULL FIELD LOGS: 0 shore logs for vessel=744535d0-841a-11ed-aa7c-7003bca91a86 (excluded instance=SHIP-Vessel 4)
[2026-05-16T04:31:01.605Z] [SyncDiag] PREPARE-PULL DONE: 0 one-way rows across 0 tables, 0 field logs, 0 conflicts
[2026-05-16T04:31:01.614Z] [SyncDiag] COMPLETE-SESSION: marking shore logs synced for vessel=744535d0-841a-11ed-aa7c-7003bca91a86 checkpointBefore=2026-05-16T04:30:04.520Z excludeInstance=SHIP-Vessel 4
[2026-05-16T04:31:01.684Z] [SyncDiag] PREPARE-PULL DIAG: vessel=744535d0-841a-11ed-aa7c-7003bca91a86 total_logs=11421 unsynced=4030 after_instance_filter=4006 exclude=SHIP-Vessel 4 since=2026-05-16T04:30:04.520Z instances=[SHIP-Vessel 4:24, SHORE-PROD:4006]
[2026-05-16T04:31:01.685Z] [SyncDiag] COMPLETE-SESSION: found 0 shore logs to mark synced
[2026-05-16T04:31:01.687Z] [SyncDiag] COMPLETE-SESSION: found 24 ship logs to mark synced
[2026-05-16T04:33:04.504Z] [SyncDiag] RECEIVE-PUSH START: batch=77ebf6aa-89f3-49ab-b487-69baf918b9d6, vessel=744535d0-841a-11ed-aa7c-7003bca91a86, fieldLogs=5, oneWayRows=0
[2026-05-16T04:33:04.512Z] [SyncDiag] RECEIVE-PUSH: 5 field logs stored in sync_field_log
[2026-05-16T04:33:04.513Z] [SyncDiag] SYNC-APPLY TRIGGER BYPASS active for batch=77ebf6aa-89f3-49ab-b487-69baf918b9d6
[2026-05-16T04:33:04.514Z] [SyncDiag] FIELD-LOG-INSERT START: 5 logs
[2026-05-16T04:33:04.514Z] [SyncDiag] FIELD-LOG-INSERT: 1 groups from 5 logs
[2026-05-16T04:33:04.546Z] [SyncDiag] FIELD-LOG-INSERT OK: planner_dates row=6aa2f46b-9ef5-46c2-8fdb-baa4054be94b (7 columns)
[2026-05-16T04:33:04.547Z] [SyncDiag] FIELD-LOG-INSERT DONE: inserted=1, updatePassthrough=0, errors=0
[2026-05-16T04:33:04.552Z] [SyncDiag] RECEIVE-PUSH DONE: stored=5, applied=1, errors=0, oneWayTables=0
[2026-05-16T04:33:04.559Z] [SyncDiag] PREPARE-PULL START: vessel=744535d0-841a-11ed-aa7c-7003bca91a86, vesselCode=null, checkpoint=2026-05-16T04:31:01.613Z, shoreInstanceId=SHORE-PROD
[2026-05-16T04:33:04.718Z] [SyncDiag] PREPARE-PULL DIAG: vessel=744535d0-841a-11ed-aa7c-7003bca91a86 total_logs=11426 unsynced=4011 after_instance_filter=4006 exclude=SHIP-Vessel 4 since=2026-05-16T04:31:01.613Z instances=[SHIP-Vessel 4:5, SHORE-PROD:4006]
[2026-05-16T04:33:04.718Z] [SyncDiag] PREPARE-PULL FIELD LOGS: 0 shore logs for vessel=744535d0-841a-11ed-aa7c-7003bca91a86 (excluded instance=SHIP-Vessel 4)
[2026-05-16T04:33:04.725Z] [SyncDiag] PREPARE-PULL DONE: 0 one-way rows across 0 tables, 0 field logs, 0 conflicts
[2026-05-16T04:33:04.735Z] [SyncDiag] COMPLETE-SESSION: marking shore logs synced for vessel=744535d0-841a-11ed-aa7c-7003bca91a86 checkpointBefore=2026-05-16T04:31:01.613Z excludeInstance=SHIP-Vessel 4
[2026-05-16T04:33:04.795Z] [SyncDiag] PREPARE-PULL DIAG: vessel=744535d0-841a-11ed-aa7c-7003bca91a86 total_logs=11426 unsynced=4011 after_instance_filter=4006 exclude=SHIP-Vessel 4 since=2026-05-16T04:31:01.613Z instances=[SHIP-Vessel 4:5, SHORE-PROD:4006]
[2026-05-16T04:33:04.796Z] [SyncDiag] COMPLETE-SESSION: found 0 shore logs to mark synced
[2026-05-16T04:33:04.797Z] [SyncDiag] COMPLETE-SESSION: found 5 ship logs to mark synced
[2026-05-16T04:43:26.311Z] [SyncDiag] FIELD-LOGGER: vessel_survey_data row=8e0d4c0f-b349-4297-9b68-793959dfbeb5 — 7 fields changed, isInsert=true, vesselId=744cf286-841a-11ed-aa7c-7003bca91a86, instanceId=SHORE-PROD
[2026-05-16T04:43:26.326Z] [SyncDiag] FIELD-LOGGER: vessel_survey_data row=b8ad6dcc-25fd-4e44-b255-667422c62d6c — 7 fields changed, isInsert=true, vesselId=744dc41e-841a-11ed-aa7c-7003bca91a86, instanceId=SHORE-PROD
[2026-05-16T04:43:26.340Z] [SyncDiag] FIELD-LOGGER: vessel_survey_data row=8dc83e43-d94e-4746-b42d-f4492a71d837 — 7 fields changed, isInsert=true, vesselId=4fbd2fab-85d2-11ed-aa7c-7003bca91a86, instanceId=SHORE-PROD
[2026-05-16T04:43:26.355Z] [SyncDiag] FIELD-LOGGER: vessel_survey_data row=36ef6889-de30-4f01-aa93-bb00d8d7a7dc — 7 fields changed, isInsert=true, vesselId=7c08b51c-4345-4681-9d98-ec8ae142ac67, instanceId=SHORE-PROD
[2026-05-16T04:43:26.369Z] [SyncDiag] FIELD-LOGGER: vessel_survey_data row=f0b4524a-e6d0-4e15-9071-30a14bf12554 — 7 fields changed, isInsert=true, vesselId=cec1b7d6-72a4-45c8-b72c-30e31621a255, instanceId=SHORE-PROD
[2026-05-16T04:43:26.383Z] [SyncDiag] FIELD-LOGGER: vessel_survey_data row=d1989054-1f64-4cce-ad1b-3c82310f2f0f — 7 fields changed, isInsert=true, vesselId=7cb64519-6008-4189-820e-4b2e1f74504e, instanceId=SHORE-PROD
[2026-05-16T04:43:26.415Z] [SyncDiag] FIELD-LOGGER: vessel_survey_data row=9b561326-79fb-400e-885d-3d4055800acd — 7 fields changed, isInsert=true, vesselId=f6212312-3486-43de-b37b-640a1f14bc75, instanceId=SHORE-PROD
[2026-05-16T04:43:26.436Z] [SyncDiag] FIELD-LOGGER: vessel_survey_data row=f001bba2-6b38-487c-bd14-e19c1f6de1dc — 7 fields changed, isInsert=true, vesselId=13421138-e990-45d9-ab09-94f01faeebe2, instanceId=SHORE-PROD
[2026-05-16T04:43:26.451Z] [SyncDiag] FIELD-LOGGER: vessel_survey_data row=4ab4874a-0b20-4c77-904e-ad008927e32b — 7 fields changed, isInsert=true, vesselId=9d88f081-6e0f-41e5-9bdb-124b9d9cc3b8, instanceId=SHORE-PROD
[2026-05-16T04:43:26.466Z] [SyncDiag] FIELD-LOGGER: vessel_survey_data row=f59dec2b-b15e-411c-88b9-cd8538340abc — 7 fields changed, isInsert=true, vesselId=cd03135a-f38a-40de-b7d6-27ba85b633dc, instanceId=SHORE-PROD
[2026-05-16T04:43:26.480Z] [SyncDiag] FIELD-LOGGER: vessel_survey_data row=a44bbde1-88eb-4527-9476-ff87a871f126 — 7 fields changed, isInsert=true, vesselId=24a0fb38-d8bf-43d2-9e8f-206f20578069, instanceId=SHORE-PROD
[2026-05-16T04:43:26.495Z] [SyncDiag] FIELD-LOGGER: vessel_survey_data row=e3b0d272-cc4f-4bd3-a8ad-ea1bc508f8dc — 7 fields changed, isInsert=true, vesselId=743ef9d1-841a-11ed-aa7c-7003bca91a86, instanceId=SHORE-PROD
[2026-05-16T04:43:26.510Z] [SyncDiag] FIELD-LOGGER: vessel_survey_data row=267edc9e-d398-4fba-b90e-67e1de533c7f — 7 fields changed, isInsert=true, vesselId=743feb08-841a-11ed-aa7c-7003bca91a86, instanceId=SHORE-PROD
[2026-05-16T04:43:26.524Z] [SyncDiag] FIELD-LOGGER: vessel_survey_data row=b845daec-5fac-4ba4-bf2b-3931a21102d0 — 7 fields changed, isInsert=true, vesselId=7440571a-841a-11ed-aa7c-7003bca91a86, instanceId=SHORE-PROD
[2026-05-16T04:43:26.538Z] [SyncDiag] FIELD-LOGGER: vessel_survey_data row=be7c9dcd-1459-4300-abf9-7ba3b476af7e — 7 fields changed, isInsert=true, vesselId=744535d0-841a-11ed-aa7c-7003bca91a86, instanceId=SHORE-PROD
[2026-05-16T04:43:26.552Z] [SyncDiag] FIELD-LOGGER: vessel_survey_data row=defe4047-af6b-4097-bc7e-35dce2ae0ce4 — 7 fields changed, isInsert=true, vesselId=7446783c-841a-11ed-aa7c-7003bca91a86, instanceId=SHORE-PROD
[2026-05-16T04:43:26.568Z] [SyncDiag] FIELD-LOGGER: vessel_survey_data row=a28c3e9b-fa0d-43c5-b95a-298402b5c876 — 7 fields changed, isInsert=true, vesselId=74481b72-841a-11ed-aa7c-7003bca91a86, instanceId=SHORE-PROD
[2026-05-16T04:43:26.583Z] [SyncDiag] FIELD-LOGGER: vessel_survey_data row=d108e069-625c-4831-bd36-f23a799b2c22 — 7 fields changed, isInsert=true, vesselId=744bafc7-841a-11ed-aa7c-7003bca91a86, instanceId=SHORE-PROD
[2026-05-16T04:43:26.597Z] [SyncDiag] FIELD-LOGGER: vessel_survey_data row=1ca9397f-cfdb-4abd-8bc3-31271dcf250c — 7 fields changed, isInsert=true, vesselId=744c8b44-841a-11ed-aa7c-7003bca91a86, instanceId=SHORE-PROD
[2026-05-16T04:43:47.758Z] [SyncDiag] FIELD-LOGGER: vessel_survey_data row=a7ab5512-9c0d-485a-a65d-3266007f40cc — 7 fields changed, isInsert=true, vesselId=744cf286-841a-11ed-aa7c-7003bca91a86, instanceId=SHORE-PROD
[2026-05-16T04:43:47.772Z] [SyncDiag] FIELD-LOGGER: vessel_survey_data row=417f2174-f6fa-49df-9ae8-8eb8c4c720e9 — 7 fields changed, isInsert=true, vesselId=744dc41e-841a-11ed-aa7c-7003bca91a86, instanceId=SHORE-PROD
[2026-05-16T04:43:47.788Z] [SyncDiag] FIELD-LOGGER: vessel_survey_data row=ab2c8dee-fbf7-476c-baad-8cba14c0c658 — 7 fields changed, isInsert=true, vesselId=4fbd2fab-85d2-11ed-aa7c-7003bca91a86, instanceId=SHORE-PROD
[2026-05-16T04:43:47.803Z] [SyncDiag] FIELD-LOGGER: vessel_survey_data row=e8e71e38-e3cd-4cc7-b342-3c1dad3eb6b3 — 7 fields changed, isInsert=true, vesselId=7c08b51c-4345-4681-9d98-ec8ae142ac67, instanceId=SHORE-PROD
[2026-05-16T04:43:47.817Z] [SyncDiag] FIELD-LOGGER: vessel_survey_data row=7fc37605-8103-4244-9c41-7e1a0346d42b — 7 fields changed, isInsert=true, vesselId=cec1b7d6-72a4-45c8-b72c-30e31621a255, instanceId=SHORE-PROD
[2026-05-16T04:43:47.831Z] [SyncDiag] FIELD-LOGGER: vessel_survey_data row=acd12c6d-6128-4f9b-bd85-ba4af4583e9d — 7 fields changed, isInsert=true, vesselId=7cb64519-6008-4189-820e-4b2e1f74504e, instanceId=SHORE-PROD
[2026-05-16T04:43:47.845Z] [SyncDiag] FIELD-LOGGER: vessel_survey_data row=3de072bc-8379-4408-8dac-d3865e4e6ec3 — 7 fields changed, isInsert=true, vesselId=f6212312-3486-43de-b37b-640a1f14bc75, instanceId=SHORE-PROD
[2026-05-16T04:43:47.860Z] [SyncDiag] FIELD-LOGGER: vessel_survey_data row=ba330d7a-3ca7-4344-8ed8-cd018d1ee7a5 — 7 fields changed, isInsert=true, vesselId=13421138-e990-45d9-ab09-94f01faeebe2, instanceId=SHORE-PROD
[2026-05-16T04:43:47.874Z] [SyncDiag] FIELD-LOGGER: vessel_survey_data row=745fe3d7-21e2-46af-8f67-39bc46614b9a — 7 fields changed, isInsert=true, vesselId=9d88f081-6e0f-41e5-9bdb-124b9d9cc3b8, instanceId=SHORE-PROD
[2026-05-16T04:43:47.888Z] [SyncDiag] FIELD-LOGGER: vessel_survey_data row=c3c14841-c681-440e-b847-a2cbb58468ef — 7 fields changed, isInsert=true, vesselId=cd03135a-f38a-40de-b7d6-27ba85b633dc, instanceId=SHORE-PROD
[2026-05-16T04:43:47.902Z] [SyncDiag] FIELD-LOGGER: vessel_survey_data row=9233a990-26a8-4bef-8da4-db835c2295db — 7 fields changed, isInsert=true, vesselId=24a0fb38-d8bf-43d2-9e8f-206f20578069, instanceId=SHORE-PROD
[2026-05-16T04:43:47.916Z] [SyncDiag] FIELD-LOGGER: vessel_survey_data row=a0e5a09f-a645-47cf-8e54-57778ec1f3e7 — 7 fields changed, isInsert=true, vesselId=743ef9d1-841a-11ed-aa7c-7003bca91a86, instanceId=SHORE-PROD
[2026-05-16T04:43:47.930Z] [SyncDiag] FIELD-LOGGER: vessel_survey_data row=c93653d7-ab1a-425b-aa29-50beb7832848 — 7 fields changed, isInsert=true, vesselId=743feb08-841a-11ed-aa7c-7003bca91a86, instanceId=SHORE-PROD
[2026-05-16T04:43:47.944Z] [SyncDiag] FIELD-LOGGER: vessel_survey_data row=cf8481fc-60d7-45dd-a1a9-d9e6781e2f3b — 7 fields changed, isInsert=true, vesselId=7440571a-841a-11ed-aa7c-7003bca91a86, instanceId=SHORE-PROD
[2026-05-16T04:43:47.959Z] [SyncDiag] FIELD-LOGGER: vessel_survey_data row=72b308ac-2c54-4f11-a473-8591b4d2cfa7 — 7 fields changed, isInsert=true, vesselId=744535d0-841a-11ed-aa7c-7003bca91a86, instanceId=SHORE-PROD
[2026-05-16T04:43:47.974Z] [SyncDiag] FIELD-LOGGER: vessel_survey_data row=b91dfceb-b0a9-489c-882c-f9120cc7c5d1 — 7 fields changed, isInsert=true, vesselId=7446783c-841a-11ed-aa7c-7003bca91a86, instanceId=SHORE-PROD
[2026-05-16T04:43:47.987Z] [SyncDiag] FIELD-LOGGER: vessel_survey_data row=45df29e1-8d0f-4e5a-9dae-181a194e7de0 — 7 fields changed, isInsert=true, vesselId=74481b72-841a-11ed-aa7c-7003bca91a86, instanceId=SHORE-PROD
[2026-05-16T04:43:48.001Z] [SyncDiag] FIELD-LOGGER: vessel_survey_data row=bbbcfc1d-3fe5-4c33-92f4-0600b76f9f09 — 7 fields changed, isInsert=true, vesselId=744bafc7-841a-11ed-aa7c-7003bca91a86, instanceId=SHORE-PROD
[2026-05-16T04:43:48.015Z] [SyncDiag] FIELD-LOGGER: vessel_survey_data row=b0566ec2-4e76-4909-8731-62bcc3327ffc — 7 fields changed, isInsert=true, vesselId=744c8b44-841a-11ed-aa7c-7003bca91a86, instanceId=SHORE-PROD
[2026-05-16T04:44:29.875Z] [SyncDiag] FIELD-LOGGER: vessel_survey_data row=1877615b-8ead-4fc8-9ec1-0b3b53dc52ea — 7 fields changed, isInsert=true, vesselId=744535d0-841a-11ed-aa7c-7003bca91a86, instanceId=SHORE-PROD
[2026-05-16T04:44:38.431Z] [SyncDiag] RECEIVE-PUSH START: batch=c992e7e3-53b6-4501-ae1f-47413dbe8612, vessel=744535d0-841a-11ed-aa7c-7003bca91a86, fieldLogs=0, oneWayRows=0
[2026-05-16T04:44:38.438Z] [SyncDiag] RECEIVE-PUSH DONE: stored=0, applied=0, errors=0, oneWayTables=0
[2026-05-16T04:44:38.445Z] [SyncDiag] PREPARE-PULL START: vessel=744535d0-841a-11ed-aa7c-7003bca91a86, vesselCode=null, checkpoint=2026-05-16T04:33:04.734Z, shoreInstanceId=SHORE-PROD
[2026-05-16T04:44:38.639Z] [SyncDiag] PREPARE-PULL FIELD LOGS: 21 shore logs for vessel=744535d0-841a-11ed-aa7c-7003bca91a86 (excluded instance=SHIP-Vessel 4)
[2026-05-16T04:44:38.640Z] [SyncDiag] PREPARE-PULL FIELD LOG TABLES: {"vessel_survey_data":21}
[2026-05-16T04:44:38.648Z] [SyncDiag] PREPARE-PULL DONE: 119 one-way rows across 3 tables, 21 field logs, 0 conflicts
[2026-05-16T04:44:38.648Z] [SyncDiag] PREPARE-PULL ONE-WAY: ship_certificates_master — 84 rows
[2026-05-16T04:44:38.649Z] [SyncDiag] PREPARE-PULL ONE-WAY: ship_surveys_master — 32 rows
[2026-05-16T04:44:38.649Z] [SyncDiag] PREPARE-PULL ONE-WAY: vessel_survey_applicability — 3 rows
[2026-05-16T04:44:39.004Z] [SyncDiag] COMPLETE-SESSION: marking shore logs synced for vessel=744535d0-841a-11ed-aa7c-7003bca91a86 checkpointBefore=2026-05-16T04:33:04.734Z excludeInstance=SHIP-Vessel 4
[2026-05-16T04:44:39.055Z] [SyncDiag] COMPLETE-SESSION: found 21 shore logs to mark synced
[2026-05-16T04:44:39.070Z] [SyncDiag] COMPLETE-SESSION: found 0 ship logs to mark synced
[2026-05-16T04:47:30.183Z] [SyncDiag] FIELD-LOGGER: vessel_certificate_data row=94afdc09-c7b8-4e5f-b714-526adc268ff7 — 9 fields changed, isInsert=true, vesselId=744535d0-841a-11ed-aa7c-7003bca91a86, instanceId=SHORE-PROD
[2026-05-16T04:47:34.503Z] [SyncDiag] FIELD-LOGGER: vessel_certificate_data row=94afdc09-c7b8-4e5f-b714-526adc268ff7 — 1 fields changed, isInsert=false, vesselId=744535d0-841a-11ed-aa7c-7003bca91a86, instanceId=SHORE-PROD
[2026-05-16T04:47:40.339Z] [SyncDiag] FIELD-LOGGER: vessel_certificate_data row=94afdc09-c7b8-4e5f-b714-526adc268ff7 — 1 fields changed, isInsert=false, vesselId=744535d0-841a-11ed-aa7c-7003bca91a86, instanceId=SHORE-PROD
[2026-05-16T04:47:46.341Z] [SyncDiag] FIELD-LOGGER: vessel_certificate_data row=94afdc09-c7b8-4e5f-b714-526adc268ff7 — 1 fields changed, isInsert=false, vesselId=744535d0-841a-11ed-aa7c-7003bca91a86, instanceId=SHORE-PROD
[2026-05-16T04:47:56.264Z] [SyncDiag] FIELD-LOGGER: vessel_survey_data row=51a01890-c7d7-4839-adfc-5e74d817fc9f — 9 fields changed, isInsert=true, vesselId=744535d0-841a-11ed-aa7c-7003bca91a86, instanceId=SHORE-PROD
[2026-05-16T04:48:00.317Z] [SyncDiag] FIELD-LOGGER: vessel_survey_data row=51a01890-c7d7-4839-adfc-5e74d817fc9f — 1 fields changed, isInsert=false, vesselId=744535d0-841a-11ed-aa7c-7003bca91a86, instanceId=SHORE-PROD
[2026-05-16T04:48:05.155Z] [SyncDiag] FIELD-LOGGER: vessel_survey_data row=51a01890-c7d7-4839-adfc-5e74d817fc9f — 1 fields changed, isInsert=false, vesselId=744535d0-841a-11ed-aa7c-7003bca91a86, instanceId=SHORE-PROD
[2026-05-16T04:48:10.458Z] [SyncDiag] FIELD-LOGGER: vessel_survey_data row=51a01890-c7d7-4839-adfc-5e74d817fc9f — 1 fields changed, isInsert=false, vesselId=744535d0-841a-11ed-aa7c-7003bca91a86, instanceId=SHORE-PROD
[2026-05-16T04:48:18.444Z] [SyncDiag] RECEIVE-PUSH START: batch=da20aa5e-2ae1-4b56-90c6-1deaecc16cc3, vessel=744535d0-841a-11ed-aa7c-7003bca91a86, fieldLogs=0, oneWayRows=0
[2026-05-16T04:48:18.450Z] [SyncDiag] RECEIVE-PUSH DONE: stored=0, applied=0, errors=0, oneWayTables=0
[2026-05-16T04:48:18.457Z] [SyncDiag] PREPARE-PULL START: vessel=744535d0-841a-11ed-aa7c-7003bca91a86, vesselCode=null, checkpoint=2026-05-16T04:44:39.003Z, shoreInstanceId=SHORE-PROD
[2026-05-16T04:48:18.647Z] [SyncDiag] PREPARE-PULL FIELD LOGS: 24 shore logs for vessel=744535d0-841a-11ed-aa7c-7003bca91a86 (excluded instance=SHIP-Vessel 4)
[2026-05-16T04:48:18.648Z] [SyncDiag] PREPARE-PULL FIELD LOG TABLES: {"vessel_certificate_data":12,"vessel_survey_data":12}
[2026-05-16T04:48:18.655Z] [SyncDiag] PREPARE-PULL DONE: 0 one-way rows across 0 tables, 24 field logs, 0 conflicts
[2026-05-16T04:48:18.792Z] [SyncDiag] COMPLETE-SESSION: marking shore logs synced for vessel=744535d0-841a-11ed-aa7c-7003bca91a86 checkpointBefore=2026-05-16T04:44:39.003Z excludeInstance=SHIP-Vessel 4
[2026-05-16T04:48:18.849Z] [SyncDiag] COMPLETE-SESSION: found 24 shore logs to mark synced
[2026-05-16T04:48:18.857Z] [SyncDiag] COMPLETE-SESSION: found 0 ship logs to mark synced
[2026-05-16T04:51:46.520Z] [SyncDiag] RECEIVE-PUSH START: batch=a8992963-40aa-4ff4-ac63-91d1e5e9b676, vessel=744535d0-841a-11ed-aa7c-7003bca91a86, fieldLogs=7, oneWayRows=0
[2026-05-16T04:51:46.543Z] [SyncDiag] RECEIVE-PUSH: 7 field logs stored in sync_field_log
[2026-05-16T04:51:46.544Z] [SyncDiag] SYNC-APPLY TRIGGER BYPASS active for batch=a8992963-40aa-4ff4-ac63-91d1e5e9b676
[2026-05-16T04:51:46.545Z] [SyncDiag] FIELD-LOG-INSERT START: 7 logs
[2026-05-16T04:51:46.545Z] [SyncDiag] FIELD-LOG-INSERT: 1 groups from 7 logs
[2026-05-16T04:51:46.552Z] [SyncDiag] FIELD-LOG-INSERT OK: vessel_certificate_data row=98294c50-89bb-4b08-8cd1-8f65d0662512 (9 columns)
[2026-05-16T04:51:46.553Z] [SyncDiag] FIELD-LOG-INSERT DONE: inserted=1, updatePassthrough=0, errors=0
[2026-05-16T04:51:46.575Z] [SyncDiag] ENSURE-MASTER: created 1 ship_certificates_master placeholder(s) for vessel=744535d0-841a-11ed-aa7c-7003bca91a86
[2026-05-16T04:51:46.581Z] [SyncDiag] ENSURE-APPLICABILITY: created 1 vessel_certificate_applicability row(s) for vessel=744535d0-841a-11ed-aa7c-7003bca91a86
[2026-05-16T04:51:46.582Z] [SyncDiag] MASTER-HINT APPLIED: ship_certificates_master master_id=VES-013 name=Ship cert VSt-01
[2026-05-16T04:51:46.586Z] [SyncDiag] RECEIVE-PUSH DONE: stored=7, applied=1, errors=0, oneWayTables=0
[2026-05-16T04:51:48.623Z] [SyncDiag] PREPARE-PULL START: vessel=744535d0-841a-11ed-aa7c-7003bca91a86, vesselCode=null, checkpoint=2026-05-16T04:48:18.791Z, shoreInstanceId=SHORE-PROD
[2026-05-16T04:51:48.816Z] [SyncDiag] PREPARE-PULL DIAG: vessel=744535d0-841a-11ed-aa7c-7003bca91a86 total_logs=11478 unsynced=4013 after_instance_filter=4006 exclude=SHIP-Vessel 4 since=2026-05-16T04:48:18.791Z instances=[SHIP-Vessel 4:7, SHORE-PROD:4006]
[2026-05-16T04:51:48.817Z] [SyncDiag] PREPARE-PULL FIELD LOGS: 0 shore logs for vessel=744535d0-841a-11ed-aa7c-7003bca91a86 (excluded instance=SHIP-Vessel 4)
[2026-05-16T04:51:48.825Z] [SyncDiag] PREPARE-PULL DONE: 2 one-way rows across 2 tables, 0 field logs, 0 conflicts
[2026-05-16T04:51:48.825Z] [SyncDiag] PREPARE-PULL ONE-WAY: ship_certificates_master — 1 rows
[2026-05-16T04:51:48.826Z] [SyncDiag] PREPARE-PULL ONE-WAY: vessel_certificate_applicability — 1 rows
[2026-05-16T04:51:48.858Z] [SyncDiag] COMPLETE-SESSION: marking shore logs synced for vessel=744535d0-841a-11ed-aa7c-7003bca91a86 checkpointBefore=2026-05-16T04:48:18.791Z excludeInstance=SHIP-Vessel 4
[2026-05-16T04:51:48.918Z] [SyncDiag] PREPARE-PULL DIAG: vessel=744535d0-841a-11ed-aa7c-7003bca91a86 total_logs=11478 unsynced=4013 after_instance_filter=4006 exclude=SHIP-Vessel 4 since=2026-05-16T04:48:18.791Z instances=[SHIP-Vessel 4:7, SHORE-PROD:4006]
[2026-05-16T04:51:48.919Z] [SyncDiag] COMPLETE-SESSION: found 0 shore logs to mark synced
[2026-05-16T04:51:48.920Z] [SyncDiag] COMPLETE-SESSION: found 7 ship logs to mark synced
[2026-05-16T04:53:32.479Z] [SyncDiag] RECEIVE-PUSH START: batch=617a2a64-b723-4859-bb1f-9605cb1dc1b8, vessel=744535d0-841a-11ed-aa7c-7003bca91a86, fieldLogs=7, oneWayRows=0
[2026-05-16T04:53:32.490Z] [SyncDiag] RECEIVE-PUSH: 7 field logs stored in sync_field_log
[2026-05-16T04:53:32.491Z] [SyncDiag] SYNC-APPLY TRIGGER BYPASS active for batch=617a2a64-b723-4859-bb1f-9605cb1dc1b8
[2026-05-16T04:53:32.492Z] [SyncDiag] FIELD-LOG-INSERT START: 7 logs
[2026-05-16T04:53:32.492Z] [SyncDiag] FIELD-LOG-INSERT: 1 groups from 7 logs
[2026-05-16T04:53:32.499Z] [SyncDiag] FIELD-LOG-INSERT OK: vessel_survey_data row=ffc0d912-7027-48ab-b008-18dd5d06026d (9 columns)
[2026-05-16T04:53:32.500Z] [SyncDiag] FIELD-LOG-INSERT DONE: inserted=1, updatePassthrough=0, errors=0
[2026-05-16T04:53:32.505Z] [SyncDiag] ENSURE-MASTER: created 1 ship_surveys_master placeholder(s) for vessel=744535d0-841a-11ed-aa7c-7003bca91a86
[2026-05-16T04:53:32.509Z] [SyncDiag] ENSURE-APPLICABILITY: created 1 vessel_survey_applicability row(s) for vessel=744535d0-841a-11ed-aa7c-7003bca91a86
[2026-05-16T04:53:32.511Z] [SyncDiag] MASTER-HINT APPLIED: ship_surveys_master master_id=VES-024 name=Ship survey VSt-01
[2026-05-16T04:53:32.515Z] [SyncDiag] RECEIVE-PUSH DONE: stored=7, applied=1, errors=0, oneWayTables=0
[2026-05-16T04:53:32.524Z] [SyncDiag] PREPARE-PULL START: vessel=744535d0-841a-11ed-aa7c-7003bca91a86, vesselCode=null, checkpoint=2026-05-16T04:51:48.857Z, shoreInstanceId=SHORE-PROD
[2026-05-16T04:53:32.719Z] [SyncDiag] PREPARE-PULL DIAG: vessel=744535d0-841a-11ed-aa7c-7003bca91a86 total_logs=11485 unsynced=4013 after_instance_filter=4006 exclude=SHIP-Vessel 4 since=2026-05-16T04:51:48.857Z instances=[SHIP-Vessel 4:7, SHORE-PROD:4006]
[2026-05-16T04:53:32.720Z] [SyncDiag] PREPARE-PULL FIELD LOGS: 0 shore logs for vessel=744535d0-841a-11ed-aa7c-7003bca91a86 (excluded instance=SHIP-Vessel 4)
[2026-05-16T04:53:32.728Z] [SyncDiag] PREPARE-PULL DONE: 2 one-way rows across 2 tables, 0 field logs, 0 conflicts
[2026-05-16T04:53:32.728Z] [SyncDiag] PREPARE-PULL ONE-WAY: ship_surveys_master — 1 rows
[2026-05-16T04:53:32.729Z] [SyncDiag] PREPARE-PULL ONE-WAY: vessel_survey_applicability — 1 rows
[2026-05-16T04:53:32.764Z] [SyncDiag] COMPLETE-SESSION: marking shore logs synced for vessel=744535d0-841a-11ed-aa7c-7003bca91a86 checkpointBefore=2026-05-16T04:51:48.857Z excludeInstance=SHIP-Vessel 4
[2026-05-16T04:53:32.825Z] [SyncDiag] PREPARE-PULL DIAG: vessel=744535d0-841a-11ed-aa7c-7003bca91a86 total_logs=11485 unsynced=4013 after_instance_filter=4006 exclude=SHIP-Vessel 4 since=2026-05-16T04:51:48.857Z instances=[SHIP-Vessel 4:7, SHORE-PROD:4006]
[2026-05-16T04:53:32.826Z] [SyncDiag] COMPLETE-SESSION: found 0 shore logs to mark synced
[2026-05-16T04:53:32.827Z] [SyncDiag] COMPLETE-SESSION: found 7 ship logs to mark synced
[2026-05-16T04:57:25.400Z] [SyncDiag] RECEIVE-PUSH START: batch=96b9416c-46ad-49e1-a92b-f5cd9ed6d002, vessel=744535d0-841a-11ed-aa7c-7003bca91a86, fieldLogs=30, oneWayRows=0
[2026-05-16T04:57:25.742Z] [SyncDiag] RECEIVE-PUSH: 30 field logs stored in sync_field_log
[2026-05-16T04:57:25.744Z] [SyncDiag] SYNC-APPLY TRIGGER BYPASS active for batch=96b9416c-46ad-49e1-a92b-f5cd9ed6d002
[2026-05-16T04:57:25.744Z] [SyncDiag] FIELD-LOG-INSERT START: 30 logs
[2026-05-16T04:57:25.745Z] [SyncDiag] FIELD-LOG-INSERT: 2 groups from 30 logs
[2026-05-16T04:57:25.812Z] [SyncDiag] FIELD-LOG-INSERT OK: vessel_certificate_data row=24221e0c-9400-4ce2-adf4-652839fca037 (13 columns)
[2026-05-16T04:57:25.887Z] [SyncDiag] FIELD-LOG-INSERT OK: vessel_survey_data row=fcf96f88-5cf8-4c2d-a62f-eb4d3fc01c61 (13 columns)
[2026-05-16T04:57:25.888Z] [SyncDiag] FIELD-LOG-INSERT DONE: inserted=2, updatePassthrough=0, errors=0
[2026-05-16T04:57:25.912Z] [SyncDiag] MASTER-HINT APPLIED: ship_surveys_master master_id=A2-001 name=Ship Survey Th-01
[2026-05-16T04:57:25.913Z] [SyncDiag] MASTER-HINT APPLIED: ship_certificates_master master_id=A1-002 name=Certificate of Class
[2026-05-16T04:57:25.920Z] [SyncDiag] RECEIVE-PUSH DONE: stored=30, applied=2, errors=0, oneWayTables=0
[2026-05-16T04:57:27.963Z] [SyncDiag] PREPARE-PULL START: vessel=744535d0-841a-11ed-aa7c-7003bca91a86, vesselCode=null, checkpoint=2026-05-16T04:53:32.763Z, shoreInstanceId=SHORE-PROD
[2026-05-16T04:57:28.253Z] [SyncDiag] PREPARE-PULL DIAG: vessel=744535d0-841a-11ed-aa7c-7003bca91a86 total_logs=11515 unsynced=4036 after_instance_filter=4006 exclude=SHIP-Vessel 4 since=2026-05-16T04:53:32.763Z instances=[SHIP-Vessel 4:30, SHORE-PROD:4006]
[2026-05-16T04:57:28.254Z] [SyncDiag] PREPARE-PULL FIELD LOGS: 0 shore logs for vessel=744535d0-841a-11ed-aa7c-7003bca91a86 (excluded instance=SHIP-Vessel 4)
[2026-05-16T04:57:28.302Z] [SyncDiag] PREPARE-PULL DONE: 2 one-way rows across 2 tables, 0 field logs, 0 conflicts
[2026-05-16T04:57:28.303Z] [SyncDiag] PREPARE-PULL ONE-WAY: ship_certificates_master — 1 rows
[2026-05-16T04:57:28.303Z] [SyncDiag] PREPARE-PULL ONE-WAY: ship_surveys_master — 1 rows
[2026-05-16T04:57:28.343Z] [SyncDiag] COMPLETE-SESSION: marking shore logs synced for vessel=744535d0-841a-11ed-aa7c-7003bca91a86 checkpointBefore=2026-05-16T04:53:32.763Z excludeInstance=SHIP-Vessel 4
[2026-05-16T04:57:28.405Z] [SyncDiag] PREPARE-PULL DIAG: vessel=744535d0-841a-11ed-aa7c-7003bca91a86 total_logs=11515 unsynced=4036 after_instance_filter=4006 exclude=SHIP-Vessel 4 since=2026-05-16T04:53:32.763Z instances=[SHIP-Vessel 4:30, SHORE-PROD:4006]
[2026-05-16T04:57:28.406Z] [SyncDiag] COMPLETE-SESSION: found 0 shore logs to mark synced
[2026-05-16T04:57:28.449Z] [SyncDiag] COMPLETE-SESSION: found 30 ship logs to mark synced
[2026-05-16T05:09:33.577Z] [SyncDiag] FIELD-LOGGER: defect_sequences row=5 — 5 fields changed, isInsert=true, vesselId=744535d0-841a-11ed-aa7c-7003bca91a86, instanceId=SHORE-PROD
[2026-05-16T05:09:33.700Z] [SyncDiag] FIELD-LOGGER: defects row=527d2b83-d902-478f-ad2d-042308a68d2c — 62 fields changed, isInsert=true, vesselId=744535d0-841a-11ed-aa7c-7003bca91a86, instanceId=SHORE-PROD
[2026-05-16T05:10:11.057Z] [SyncDiag] FIELD-LOGGER: defect_sequences row=5 — 1 fields changed, isInsert=false, vesselId=744535d0-841a-11ed-aa7c-7003bca91a86, instanceId=SHORE-PROD
[2026-05-16T05:10:11.165Z] [SyncDiag] FIELD-LOGGER: defects row=6b08b750-62de-4a45-907f-769784f3c7da — 62 fields changed, isInsert=true, vesselId=744535d0-841a-11ed-aa7c-7003bca91a86, instanceId=SHORE-PROD
[2026-05-16T05:10:44.811Z] [SyncDiag] FIELD-LOGGER: defect_sequences row=5 — 1 fields changed, isInsert=false, vesselId=744535d0-841a-11ed-aa7c-7003bca91a86, instanceId=SHORE-PROD
[2026-05-16T05:10:44.928Z] [SyncDiag] FIELD-LOGGER: defects row=4b739650-52dd-48f9-8d9f-618406653deb — 62 fields changed, isInsert=true, vesselId=744535d0-841a-11ed-aa7c-7003bca91a86, instanceId=SHORE-PROD
[2026-05-16T05:11:03.773Z] [SyncDiag] RECEIVE-PUSH START: batch=1430617c-6cda-4c0a-99cd-de44006bce32, vessel=744535d0-841a-11ed-aa7c-7003bca91a86, fieldLogs=0, oneWayRows=0
[2026-05-16T05:11:03.779Z] [SyncDiag] RECEIVE-PUSH DONE: stored=0, applied=0, errors=0, oneWayTables=0
[2026-05-16T05:11:05.825Z] [SyncDiag] PREPARE-PULL START: vessel=744535d0-841a-11ed-aa7c-7003bca91a86, vesselCode=null, checkpoint=2026-05-16T04:57:28.341Z, shoreInstanceId=SHORE-PROD
[2026-05-16T05:11:05.970Z] [SyncDiag] PREPARE-PULL FIELD LOGS: 193 shore logs for vessel=744535d0-841a-11ed-aa7c-7003bca91a86 (excluded instance=SHIP-Vessel 4)
[2026-05-16T05:11:05.971Z] [SyncDiag] PREPARE-PULL FIELD LOG TABLES: {"defect_sequences":7,"defects":186}
[2026-05-16T05:11:05.978Z] [SyncDiag] PREPARE-PULL DONE: 0 one-way rows across 0 tables, 193 field logs, 0 conflicts
[2026-05-16T05:11:06.050Z] [SyncDiag] COMPLETE-SESSION: marking shore logs synced for vessel=744535d0-841a-11ed-aa7c-7003bca91a86 checkpointBefore=2026-05-16T04:57:28.341Z excludeInstance=SHIP-Vessel 4
[2026-05-16T05:11:06.102Z] [SyncDiag] COMPLETE-SESSION: found 193 shore logs to mark synced
[2026-05-16T05:11:06.128Z] [SyncDiag] COMPLETE-SESSION: found 0 ship logs to mark synced
[2026-05-16T05:14:55.573Z] [SyncDiag] RECEIVE-PUSH START: batch=357ba2f4-5dad-4377-a4ef-3513ab1fc47a, vessel=744535d0-841a-11ed-aa7c-7003bca91a86, fieldLogs=18, oneWayRows=0
[2026-05-16T05:14:55.613Z] [SyncDiag] RECEIVE-PUSH: 18 field logs stored in sync_field_log
[2026-05-16T05:14:55.616Z] [SyncDiag] SYNC-APPLY TRIGGER BYPASS active for batch=357ba2f4-5dad-4377-a4ef-3513ab1fc47a
[2026-05-16T05:14:55.616Z] [SyncDiag] FIELD-LOG-INSERT START: 18 logs
[2026-05-16T05:14:55.617Z] [SyncDiag] FIELD-LOG-INSERT: 3 groups from 18 logs
[2026-05-16T05:14:55.626Z] [SyncDiag] FIELD-LOG-INSERT DONE: inserted=0, updatePassthrough=18, errors=0
[2026-05-16T05:14:55.640Z] [SyncDiag] INSERT-LOG ALLOWED: defects.verifiedDate row=527d2b83-d902-478f-ad2d-042308a68d2c
[2026-05-16T05:14:55.687Z] [SyncDiag] INSERT-LOG ALLOWED: defects.verifiedDate row=6b08b750-62de-4a45-907f-769784f3c7da
[2026-05-16T05:14:55.701Z] [SyncDiag] INSERT-LOG ALLOWED: defects.verifiedDate row=4b739650-52dd-48f9-8d9f-618406653deb
[2026-05-16T05:14:55.723Z] [SyncDiag] RECEIVE-PUSH DONE: stored=18, applied=18, errors=0, oneWayTables=0
[2026-05-16T05:14:57.753Z] [SyncDiag] PREPARE-PULL START: vessel=744535d0-841a-11ed-aa7c-7003bca91a86, vesselCode=null, checkpoint=2026-05-16T05:11:06.049Z, shoreInstanceId=SHORE-PROD
[2026-05-16T05:14:57.989Z] [SyncDiag] PREPARE-PULL DIAG: vessel=744535d0-841a-11ed-aa7c-7003bca91a86 total_logs=11726 unsynced=4024 after_instance_filter=4006 exclude=SHIP-Vessel 4 since=2026-05-16T05:11:06.049Z instances=[SHIP-Vessel 4:18, SHORE-PROD:4006]
[2026-05-16T05:14:57.990Z] [SyncDiag] PREPARE-PULL FIELD LOGS: 0 shore logs for vessel=744535d0-841a-11ed-aa7c-7003bca91a86 (excluded instance=SHIP-Vessel 4)
[2026-05-16T05:14:57.998Z] [SyncDiag] PREPARE-PULL DONE: 0 one-way rows across 0 tables, 0 field logs, 0 conflicts
[2026-05-16T05:14:58.008Z] [SyncDiag] COMPLETE-SESSION: marking shore logs synced for vessel=744535d0-841a-11ed-aa7c-7003bca91a86 checkpointBefore=2026-05-16T05:11:06.049Z excludeInstance=SHIP-Vessel 4
[2026-05-16T05:14:58.028Z] [SyncDiag] PREPARE-PULL DIAG: vessel=744535d0-841a-11ed-aa7c-7003bca91a86 total_logs=11726 unsynced=4024 after_instance_filter=4006 exclude=SHIP-Vessel 4 since=2026-05-16T05:11:06.049Z instances=[SHIP-Vessel 4:18, SHORE-PROD:4006]
[2026-05-16T05:14:58.029Z] [SyncDiag] COMPLETE-SESSION: found 0 shore logs to mark synced
[2026-05-16T05:14:58.031Z] [SyncDiag] COMPLETE-SESSION: found 18 ship logs to mark synced
[2026-05-16T05:59:11.343Z] [SyncDiag] FIELD-LOGGER: defects row=4b739650-52dd-48f9-8d9f-618406653deb — 1 fields changed, isInsert=false, vesselId=744535d0-841a-11ed-aa7c-7003bca91a86, instanceId=SHORE-PROD
[2026-05-16T06:01:01.219Z] [SyncDiag] RECEIVE-PUSH START: batch=2672a1f8-670f-467a-8c54-88c020d0ce55, vessel=7446783c-841a-11ed-aa7c-7003bca91a86, fieldLogs=62, oneWayRows=0
[2026-05-16T06:01:01.254Z] [SyncDiag] RECEIVE-PUSH: 62 field logs stored in sync_field_log
[2026-05-16T06:01:01.256Z] [SyncDiag] SYNC-APPLY TRIGGER BYPASS active for batch=2672a1f8-670f-467a-8c54-88c020d0ce55
[2026-05-16T06:01:01.257Z] [SyncDiag] FIELD-LOG-INSERT START: 62 logs
[2026-05-16T06:01:01.257Z] [SyncDiag] FIELD-LOG-INSERT: 2 groups from 62 logs
[2026-05-16T06:01:01.269Z] [SyncDiag] FIELD-LOG-INSERT OK: defects row=b2eeb0d0-86fa-4637-a37f-a5ce184b729d (63 columns)
[2026-05-16T06:01:01.271Z] [SyncDiag] FIELD-LOG-INSERT DONE: inserted=1, updatePassthrough=1, errors=0
[2026-05-16T06:01:01.284Z] [SyncDiag] RECEIVE-PUSH DONE: stored=62, applied=2, errors=0, oneWayTables=0
[2026-05-16T06:01:01.293Z] [SyncDiag] PREPARE-PULL START: vessel=7446783c-841a-11ed-aa7c-7003bca91a86, vesselCode=null, checkpoint=2026-05-15T14:50:31.891Z, shoreInstanceId=SHORE-PROD
[2026-05-16T06:01:01.510Z] [SyncDiag] PREPARE-PULL FIELD LOGS: 28 shore logs for vessel=7446783c-841a-11ed-aa7c-7003bca91a86 (excluded instance=SHIP-Vessel 5)
[2026-05-16T06:01:01.511Z] [SyncDiag] PREPARE-PULL FIELD LOG TABLES: {"vessel_certificate_data":14,"vessel_survey_data":14}
[2026-05-16T06:01:01.749Z] [SyncDiag] PREPARE-PULL DONE: 130 one-way rows across 4 tables, 28 field logs, 0 conflicts
[2026-05-16T06:01:01.750Z] [SyncDiag] PREPARE-PULL ONE-WAY: ship_certificates_master — 85 rows
[2026-05-16T06:01:01.750Z] [SyncDiag] PREPARE-PULL ONE-WAY: ship_surveys_master — 33 rows
[2026-05-16T06:01:01.750Z] [SyncDiag] PREPARE-PULL ONE-WAY: vessel_certificate_applicability — 2 rows
[2026-05-16T06:01:01.751Z] [SyncDiag] PREPARE-PULL ONE-WAY: vessel_survey_applicability — 10 rows
[2026-05-16T06:01:02.106Z] [SyncDiag] COMPLETE-SESSION: marking shore logs synced for vessel=7446783c-841a-11ed-aa7c-7003bca91a86 checkpointBefore=2026-05-15T14:50:31.891Z excludeInstance=SHIP-Vessel 5
[2026-05-16T06:01:02.165Z] [SyncDiag] COMPLETE-SESSION: found 28 shore logs to mark synced
[2026-05-16T06:01:02.342Z] [SyncDiag] COMPLETE-SESSION: found 62 ship logs to mark synced
[2026-05-16T06:11:22.200Z] [SyncDiag] FIELD-LOGGER: vessel_survey_data row=593fd5aa-2078-44f3-bddf-3c2672d48439 — 7 fields changed, isInsert=true, vesselId=744cf286-841a-11ed-aa7c-7003bca91a86, instanceId=SHORE-PROD
[2026-05-16T06:11:22.214Z] [SyncDiag] FIELD-LOGGER: vessel_survey_data row=bb2e44ee-80bb-475b-9aa2-8b4a043e45c2 — 7 fields changed, isInsert=true, vesselId=744dc41e-841a-11ed-aa7c-7003bca91a86, instanceId=SHORE-PROD
[2026-05-16T06:11:22.228Z] [SyncDiag] FIELD-LOGGER: vessel_survey_data row=9a70a176-e524-484d-8f05-f41b28e4dc1b — 7 fields changed, isInsert=true, vesselId=4fbd2fab-85d2-11ed-aa7c-7003bca91a86, instanceId=SHORE-PROD
[2026-05-16T06:11:22.242Z] [SyncDiag] FIELD-LOGGER: vessel_survey_data row=07b6340d-c794-4784-8804-f6af56365832 — 7 fields changed, isInsert=true, vesselId=7c08b51c-4345-4681-9d98-ec8ae142ac67, instanceId=SHORE-PROD
[2026-05-16T06:11:22.257Z] [SyncDiag] FIELD-LOGGER: vessel_survey_data row=668ccac5-8981-4272-9d77-78d20699b3e9 — 7 fields changed, isInsert=true, vesselId=cec1b7d6-72a4-45c8-b72c-30e31621a255, instanceId=SHORE-PROD
[2026-05-16T06:11:22.271Z] [SyncDiag] FIELD-LOGGER: vessel_survey_data row=a7c090eb-66a6-4ab3-85e5-fd9fd49c3845 — 7 fields changed, isInsert=true, vesselId=7cb64519-6008-4189-820e-4b2e1f74504e, instanceId=SHORE-PROD
[2026-05-16T06:11:22.285Z] [SyncDiag] FIELD-LOGGER: vessel_survey_data row=ce8b13ad-3baa-4866-8edc-80052d51b125 — 7 fields changed, isInsert=true, vesselId=f6212312-3486-43de-b37b-640a1f14bc75, instanceId=SHORE-PROD
[2026-05-16T06:11:22.300Z] [SyncDiag] FIELD-LOGGER: vessel_survey_data row=ad579f45-653f-4f4d-9cd6-7b27233e615a — 7 fields changed, isInsert=true, vesselId=13421138-e990-45d9-ab09-94f01faeebe2, instanceId=SHORE-PROD
[2026-05-16T06:11:22.314Z] [SyncDiag] FIELD-LOGGER: vessel_survey_data row=9678def0-ea2f-4ac9-b5d1-612a170bac4c — 7 fields changed, isInsert=true, vesselId=9d88f081-6e0f-41e5-9bdb-124b9d9cc3b8, instanceId=SHORE-PROD
[2026-05-16T06:11:22.327Z] [SyncDiag] FIELD-LOGGER: vessel_survey_data row=f0eff6ab-901f-4e33-b2ac-a80e3693b387 — 7 fields changed, isInsert=true, vesselId=cd03135a-f38a-40de-b7d6-27ba85b633dc, instanceId=SHORE-PROD
[2026-05-16T06:11:22.341Z] [SyncDiag] FIELD-LOGGER: vessel_survey_data row=a4fccfda-76ec-4757-b4f3-61271e9216f8 — 7 fields changed, isInsert=true, vesselId=24a0fb38-d8bf-43d2-9e8f-206f20578069, instanceId=SHORE-PROD
[2026-05-16T06:11:22.356Z] [SyncDiag] FIELD-LOGGER: vessel_survey_data row=9b4a990a-2f14-4907-9fff-2861cabcd5f9 — 7 fields changed, isInsert=true, vesselId=743ef9d1-841a-11ed-aa7c-7003bca91a86, instanceId=SHORE-PROD
[2026-05-16T06:11:22.369Z] [SyncDiag] FIELD-LOGGER: vessel_survey_data row=f22781bd-4e03-4d8e-8003-b1b5652b9ecd — 7 fields changed, isInsert=true, vesselId=743feb08-841a-11ed-aa7c-7003bca91a86, instanceId=SHORE-PROD
[2026-05-16T06:11:22.384Z] [SyncDiag] FIELD-LOGGER: vessel_survey_data row=2f98402c-0b4f-49b1-9f13-30cfec40ce77 — 7 fields changed, isInsert=true, vesselId=7440571a-841a-11ed-aa7c-7003bca91a86, instanceId=SHORE-PROD
[2026-05-16T06:11:22.399Z] [SyncDiag] FIELD-LOGGER: vessel_survey_data row=9ecc8ca2-80c6-48f4-91b0-872f23f01f2e — 7 fields changed, isInsert=true, vesselId=744535d0-841a-11ed-aa7c-7003bca91a86, instanceId=SHORE-PROD
[2026-05-16T06:11:22.413Z] [SyncDiag] FIELD-LOGGER: vessel_survey_data row=f757fb79-1518-4097-85d7-cb758d197b4b — 7 fields changed, isInsert=true, vesselId=7446783c-841a-11ed-aa7c-7003bca91a86, instanceId=SHORE-PROD
[2026-05-16T06:11:22.427Z] [SyncDiag] FIELD-LOGGER: vessel_survey_data row=1484f1c9-b67f-43b1-80e9-e8c1d996e28c — 7 fields changed, isInsert=true, vesselId=74481b72-841a-11ed-aa7c-7003bca91a86, instanceId=SHORE-PROD
[2026-05-16T06:11:22.441Z] [SyncDiag] FIELD-LOGGER: vessel_survey_data row=e4434b28-2e6d-4f1a-aae2-55d94b208ebe — 7 fields changed, isInsert=true, vesselId=744bafc7-841a-11ed-aa7c-7003bca91a86, instanceId=SHORE-PROD
[2026-05-16T06:11:22.454Z] [SyncDiag] FIELD-LOGGER: vessel_survey_data row=33291af9-8f36-4f7c-a5e8-9259bb589ccd — 7 fields changed, isInsert=true, vesselId=744c8b44-841a-11ed-aa7c-7003bca91a86, instanceId=SHORE-PROD
[2026-05-16T06:11:22.468Z] [SyncDiag] FIELD-LOGGER: vessel_survey_data row=c04838ea-538c-41b2-bf34-ff4149adc6ff — 7 fields changed, isInsert=true, vesselId=744cf286-841a-11ed-aa7c-7003bca91a86, instanceId=SHORE-PROD
[2026-05-16T06:11:22.481Z] [SyncDiag] FIELD-LOGGER: vessel_survey_data row=71772492-50b0-43f5-9ebf-17294126e982 — 7 fields changed, isInsert=true, vesselId=744dc41e-841a-11ed-aa7c-7003bca91a86, instanceId=SHORE-PROD
[2026-05-16T06:11:22.495Z] [SyncDiag] FIELD-LOGGER: vessel_survey_data row=86fbc6f6-a6f8-4db3-9072-a1f43ad42954 — 7 fields changed, isInsert=true, vesselId=4fbd2fab-85d2-11ed-aa7c-7003bca91a86, instanceId=SHORE-PROD
[2026-05-16T06:11:22.509Z] [SyncDiag] FIELD-LOGGER: vessel_survey_data row=e966f7fc-7ec6-4ce5-9849-5f05c0dde57d — 7 fields changed, isInsert=true, vesselId=7c08b51c-4345-4681-9d98-ec8ae142ac67, instanceId=SHORE-PROD
[2026-05-16T06:11:22.523Z] [SyncDiag] FIELD-LOGGER: vessel_survey_data row=6ef736c9-48af-46be-9861-29d00b5f377f — 7 fields changed, isInsert=true, vesselId=cec1b7d6-72a4-45c8-b72c-30e31621a255, instanceId=SHORE-PROD
[2026-05-16T06:11:22.537Z] [SyncDiag] FIELD-LOGGER: vessel_survey_data row=ccc9fbfa-72f6-4023-b91c-1644b7f1209d — 7 fields changed, isInsert=true, vesselId=7cb64519-6008-4189-820e-4b2e1f74504e, instanceId=SHORE-PROD
[2026-05-16T06:11:22.550Z] [SyncDiag] FIELD-LOGGER: vessel_survey_data row=a29501da-24de-4028-8989-2bd50c94b8a6 — 7 fields changed, isInsert=true, vesselId=f6212312-3486-43de-b37b-640a1f14bc75, instanceId=SHORE-PROD
[2026-05-16T06:11:22.564Z] [SyncDiag] FIELD-LOGGER: vessel_survey_data row=a1a9b72e-b873-47fb-b578-7d0adb95bac9 — 7 fields changed, isInsert=true, vesselId=13421138-e990-45d9-ab09-94f01faeebe2, instanceId=SHORE-PROD
[2026-05-16T06:11:22.578Z] [SyncDiag] FIELD-LOGGER: vessel_survey_data row=b8753f72-846e-4bfd-afc9-0a84ad7687d1 — 7 fields changed, isInsert=true, vesselId=9d88f081-6e0f-41e5-9bdb-124b9d9cc3b8, instanceId=SHORE-PROD
[2026-05-16T06:11:22.592Z] [SyncDiag] FIELD-LOGGER: vessel_survey_data row=c4036f56-23bb-43cf-bc5a-c79e25350fa2 — 7 fields changed, isInsert=true, vesselId=cd03135a-f38a-40de-b7d6-27ba85b633dc, instanceId=SHORE-PROD
[2026-05-16T06:11:22.606Z] [SyncDiag] FIELD-LOGGER: vessel_survey_data row=2eea6127-7ec2-4520-aa3a-1a3aa869afa8 — 7 fields changed, isInsert=true, vesselId=24a0fb38-d8bf-43d2-9e8f-206f20578069, instanceId=SHORE-PROD
[2026-05-16T06:11:22.621Z] [SyncDiag] FIELD-LOGGER: vessel_survey_data row=cfd1dd7f-fedf-41cf-8009-c63e65097ab9 — 7 fields changed, isInsert=true, vesselId=743ef9d1-841a-11ed-aa7c-7003bca91a86, instanceId=SHORE-PROD
[2026-05-16T06:11:22.635Z] [SyncDiag] FIELD-LOGGER: vessel_survey_data row=df672c05-df38-4130-bb22-c6c7c2ec3665 — 7 fields changed, isInsert=true, vesselId=743feb08-841a-11ed-aa7c-7003bca91a86, instanceId=SHORE-PROD
[2026-05-16T06:11:22.648Z] [SyncDiag] FIELD-LOGGER: vessel_survey_data row=8c312ef8-4088-4166-8b80-89cd132a4960 — 7 fields changed, isInsert=true, vesselId=7440571a-841a-11ed-aa7c-7003bca91a86, instanceId=SHORE-PROD
[2026-05-16T06:11:22.661Z] [SyncDiag] FIELD-LOGGER: vessel_survey_data row=4fb3b619-bcc5-46ff-8276-a0d695838584 — 7 fields changed, isInsert=true, vesselId=744535d0-841a-11ed-aa7c-7003bca91a86, instanceId=SHORE-PROD
[2026-05-16T06:11:22.675Z] [SyncDiag] FIELD-LOGGER: vessel_survey_data row=aa927220-0c84-469a-85d4-3b69a7dbffb7 — 7 fields changed, isInsert=true, vesselId=7446783c-841a-11ed-aa7c-7003bca91a86, instanceId=SHORE-PROD
[2026-05-16T06:11:22.690Z] [SyncDiag] FIELD-LOGGER: vessel_survey_data row=03d286b1-fad4-4816-b52a-fb51c9e304d5 — 7 fields changed, isInsert=true, vesselId=74481b72-841a-11ed-aa7c-7003bca91a86, instanceId=SHORE-PROD
[2026-05-16T06:11:22.703Z] [SyncDiag] FIELD-LOGGER: vessel_survey_data row=57fd9dcc-cf71-4f98-aa51-f7196c2c9e1f — 7 fields changed, isInsert=true, vesselId=744bafc7-841a-11ed-aa7c-7003bca91a86, instanceId=SHORE-PROD
[2026-05-16T06:11:22.717Z] [SyncDiag] FIELD-LOGGER: vessel_survey_data row=28a6dc26-e26a-4b56-be2e-226dd95e0da5 — 7 fields changed, isInsert=true, vesselId=744c8b44-841a-11ed-aa7c-7003bca91a86, instanceId=SHORE-PROD
[2026-05-16T06:11:48.178Z] [SyncDiag] FIELD-LOGGER: vessel_survey_data row=faf0423a-8ada-4119-aa76-e2c34abdc22b — 7 fields changed, isInsert=true, vesselId=744cf286-841a-11ed-aa7c-7003bca91a86, instanceId=SHORE-PROD
[2026-05-16T06:11:48.192Z] [SyncDiag] FIELD-LOGGER: vessel_survey_data row=fada40a6-2316-45c0-8791-cf56c0f4d637 — 7 fields changed, isInsert=true, vesselId=744dc41e-841a-11ed-aa7c-7003bca91a86, instanceId=SHORE-PROD
[2026-05-16T06:11:48.207Z] [SyncDiag] FIELD-LOGGER: vessel_survey_data row=601b926c-99c1-46a3-8c84-f26ee30230d0 — 7 fields changed, isInsert=true, vesselId=4fbd2fab-85d2-11ed-aa7c-7003bca91a86, instanceId=SHORE-PROD
[2026-05-16T06:11:48.220Z] [SyncDiag] FIELD-LOGGER: vessel_survey_data row=93a50a38-d216-4a3b-909f-d37d2e565c55 — 7 fields changed, isInsert=true, vesselId=7c08b51c-4345-4681-9d98-ec8ae142ac67, instanceId=SHORE-PROD
[2026-05-16T06:11:48.238Z] [SyncDiag] FIELD-LOGGER: vessel_survey_data row=7167c76c-2bfe-410f-92be-04ff843f6121 — 7 fields changed, isInsert=true, vesselId=cec1b7d6-72a4-45c8-b72c-30e31621a255, instanceId=SHORE-PROD
[2026-05-16T06:11:48.252Z] [SyncDiag] FIELD-LOGGER: vessel_survey_data row=3f67f118-334e-47e5-a0e3-26eee794398b — 7 fields changed, isInsert=true, vesselId=7cb64519-6008-4189-820e-4b2e1f74504e, instanceId=SHORE-PROD
[2026-05-16T06:11:48.266Z] [SyncDiag] FIELD-LOGGER: vessel_survey_data row=a4e7071f-03b6-46e0-aa57-0cb61f71802a — 7 fields changed, isInsert=true, vesselId=f6212312-3486-43de-b37b-640a1f14bc75, instanceId=SHORE-PROD
[2026-05-16T06:11:48.280Z] [SyncDiag] FIELD-LOGGER: vessel_survey_data row=149dc076-f0d7-41c9-b354-edf549f349fa — 7 fields changed, isInsert=true, vesselId=13421138-e990-45d9-ab09-94f01faeebe2, instanceId=SHORE-PROD
[2026-05-16T06:11:48.294Z] [SyncDiag] FIELD-LOGGER: vessel_survey_data row=2c1716f1-6a3d-4ae3-9865-802129c704ee — 7 fields changed, isInsert=true, vesselId=9d88f081-6e0f-41e5-9bdb-124b9d9cc3b8, instanceId=SHORE-PROD
[2026-05-16T06:11:48.308Z] [SyncDiag] FIELD-LOGGER: vessel_survey_data row=483edee0-ea5e-4c91-8208-57bb5d76db45 — 7 fields changed, isInsert=true, vesselId=cd03135a-f38a-40de-b7d6-27ba85b633dc, instanceId=SHORE-PROD
[2026-05-16T06:11:48.322Z] [SyncDiag] FIELD-LOGGER: vessel_survey_data row=f70a8ef7-6b47-48ed-80de-8b98d268e668 — 7 fields changed, isInsert=true, vesselId=24a0fb38-d8bf-43d2-9e8f-206f20578069, instanceId=SHORE-PROD
[2026-05-16T06:11:48.338Z] [SyncDiag] FIELD-LOGGER: vessel_survey_data row=4a1d35c4-8740-4610-98fc-91dffbb72b2f — 7 fields changed, isInsert=true, vesselId=743ef9d1-841a-11ed-aa7c-7003bca91a86, instanceId=SHORE-PROD
[2026-05-16T06:11:48.352Z] [SyncDiag] FIELD-LOGGER: vessel_survey_data row=6c035bd0-d775-4e30-ad7e-76baad5c73ea — 7 fields changed, isInsert=true, vesselId=743feb08-841a-11ed-aa7c-7003bca91a86, instanceId=SHORE-PROD
[2026-05-16T06:11:48.367Z] [SyncDiag] FIELD-LOGGER: vessel_survey_data row=67a91ad6-00f1-49f8-8f09-433cc381de50 — 7 fields changed, isInsert=true, vesselId=7440571a-841a-11ed-aa7c-7003bca91a86, instanceId=SHORE-PROD
[2026-05-16T06:11:48.381Z] [SyncDiag] FIELD-LOGGER: vessel_survey_data row=1871d0d1-8b5e-48fc-9e99-c22053e5f05d — 7 fields changed, isInsert=true, vesselId=744535d0-841a-11ed-aa7c-7003bca91a86, instanceId=SHORE-PROD
[2026-05-16T06:11:48.396Z] [SyncDiag] FIELD-LOGGER: vessel_survey_data row=509ee008-aac0-4a46-8a02-4d2d4c2f05f3 — 7 fields changed, isInsert=true, vesselId=7446783c-841a-11ed-aa7c-7003bca91a86, instanceId=SHORE-PROD
[2026-05-16T06:11:48.411Z] [SyncDiag] FIELD-LOGGER: vessel_survey_data row=bc7e1182-2442-4e9c-884f-19b01f39db45 — 7 fields changed, isInsert=true, vesselId=74481b72-841a-11ed-aa7c-7003bca91a86, instanceId=SHORE-PROD
[2026-05-16T06:11:48.427Z] [SyncDiag] FIELD-LOGGER: vessel_survey_data row=18765ebe-6909-42d0-a7ab-e8ae0a6e6083 — 7 fields changed, isInsert=true, vesselId=744bafc7-841a-11ed-aa7c-7003bca91a86, instanceId=SHORE-PROD
[2026-05-16T06:11:48.440Z] [SyncDiag] FIELD-LOGGER: vessel_survey_data row=03cce798-1942-488d-ac1f-258638e7357b — 7 fields changed, isInsert=true, vesselId=744c8b44-841a-11ed-aa7c-7003bca91a86, instanceId=SHORE-PROD
[2026-05-16T06:11:48.456Z] [SyncDiag] FIELD-LOGGER: vessel_survey_data row=bd170be6-89bb-4cb4-92cb-39e84a56a121 — 7 fields changed, isInsert=true, vesselId=744cf286-841a-11ed-aa7c-7003bca91a86, instanceId=SHORE-PROD
[2026-05-16T06:11:48.471Z] [SyncDiag] FIELD-LOGGER: vessel_survey_data row=3141fbf3-2603-4774-925c-9d6f7eaf4da4 — 7 fields changed, isInsert=true, vesselId=744dc41e-841a-11ed-aa7c-7003bca91a86, instanceId=SHORE-PROD
[2026-05-16T06:11:48.485Z] [SyncDiag] FIELD-LOGGER: vessel_survey_data row=c8919ccd-4340-4d2d-ab2a-493f25957a82 — 7 fields changed, isInsert=true, vesselId=4fbd2fab-85d2-11ed-aa7c-7003bca91a86, instanceId=SHORE-PROD
[2026-05-16T06:11:48.499Z] [SyncDiag] FIELD-LOGGER: vessel_survey_data row=6925eabf-bf32-4c8f-9879-9fdc04fc0d63 — 7 fields changed, isInsert=true, vesselId=7c08b51c-4345-4681-9d98-ec8ae142ac67, instanceId=SHORE-PROD
[2026-05-16T06:11:48.514Z] [SyncDiag] FIELD-LOGGER: vessel_survey_data row=0eea7267-43ff-478f-ae68-19b36b7c1fd4 — 7 fields changed, isInsert=true, vesselId=cec1b7d6-72a4-45c8-b72c-30e31621a255, instanceId=SHORE-PROD
[2026-05-16T06:11:48.527Z] [SyncDiag] FIELD-LOGGER: vessel_survey_data row=38363baf-c446-453e-b1c1-53f128923a1b — 7 fields changed, isInsert=true, vesselId=7cb64519-6008-4189-820e-4b2e1f74504e, instanceId=SHORE-PROD
[2026-05-16T06:11:48.542Z] [SyncDiag] FIELD-LOGGER: vessel_survey_data row=8212f44c-8c42-40fc-9429-5e83d543aff6 — 7 fields changed, isInsert=true, vesselId=f6212312-3486-43de-b37b-640a1f14bc75, instanceId=SHORE-PROD
[2026-05-16T06:11:48.556Z] [SyncDiag] FIELD-LOGGER: vessel_survey_data row=95f321d6-2ccb-4d3c-99b8-f6ceeb6f3fc2 — 7 fields changed, isInsert=true, vesselId=13421138-e990-45d9-ab09-94f01faeebe2, instanceId=SHORE-PROD
[2026-05-16T06:11:48.571Z] [SyncDiag] FIELD-LOGGER: vessel_survey_data row=86c3a9bb-b897-4bb8-b05a-fd6add835961 — 7 fields changed, isInsert=true, vesselId=9d88f081-6e0f-41e5-9bdb-124b9d9cc3b8, instanceId=SHORE-PROD
[2026-05-16T06:11:48.586Z] [SyncDiag] FIELD-LOGGER: vessel_survey_data row=6361f45e-aa1b-48a3-a6fc-7e35574183c0 — 7 fields changed, isInsert=true, vesselId=cd03135a-f38a-40de-b7d6-27ba85b633dc, instanceId=SHORE-PROD
[2026-05-16T06:11:48.600Z] [SyncDiag] FIELD-LOGGER: vessel_survey_data row=37393992-37d7-43d9-8533-27a8397336ee — 7 fields changed, isInsert=true, vesselId=24a0fb38-d8bf-43d2-9e8f-206f20578069, instanceId=SHORE-PROD
[2026-05-16T06:11:48.614Z] [SyncDiag] FIELD-LOGGER: vessel_survey_data row=e1bd400b-4da1-45c7-b6e6-66c8bd64a36f — 7 fields changed, isInsert=true, vesselId=743ef9d1-841a-11ed-aa7c-7003bca91a86, instanceId=SHORE-PROD
[2026-05-16T06:11:48.627Z] [SyncDiag] FIELD-LOGGER: vessel_survey_data row=4bd0b561-78da-4459-9ad5-d837249b3344 — 7 fields changed, isInsert=true, vesselId=743feb08-841a-11ed-aa7c-7003bca91a86, instanceId=SHORE-PROD
[2026-05-16T06:11:48.641Z] [SyncDiag] FIELD-LOGGER: vessel_survey_data row=716ca9dc-ac1b-493d-9b32-3ba59ca181ed — 7 fields changed, isInsert=true, vesselId=7440571a-841a-11ed-aa7c-7003bca91a86, instanceId=SHORE-PROD
[2026-05-16T06:11:48.655Z] [SyncDiag] FIELD-LOGGER: vessel_survey_data row=fb97e20b-4d59-4056-a311-2a8be4e19912 — 7 fields changed, isInsert=true, vesselId=744535d0-841a-11ed-aa7c-7003bca91a86, instanceId=SHORE-PROD
[2026-05-16T06:11:48.669Z] [SyncDiag] FIELD-LOGGER: vessel_survey_data row=2b47a528-03d4-454a-94e1-cd18d0b66225 — 7 fields changed, isInsert=true, vesselId=7446783c-841a-11ed-aa7c-7003bca91a86, instanceId=SHORE-PROD
[2026-05-16T06:11:48.682Z] [SyncDiag] FIELD-LOGGER: vessel_survey_data row=24280408-6596-4b9c-86ed-9f803d62d4c3 — 7 fields changed, isInsert=true, vesselId=74481b72-841a-11ed-aa7c-7003bca91a86, instanceId=SHORE-PROD
[2026-05-16T06:11:48.696Z] [SyncDiag] FIELD-LOGGER: vessel_survey_data row=b3c8983d-6a48-4a7c-92db-0067bf5ed1d2 — 7 fields changed, isInsert=true, vesselId=744bafc7-841a-11ed-aa7c-7003bca91a86, instanceId=SHORE-PROD
[2026-05-16T06:11:48.711Z] [SyncDiag] FIELD-LOGGER: vessel_survey_data row=4942f4f6-0cc7-4195-ba97-0f378f9b0141 — 7 fields changed, isInsert=true, vesselId=744c8b44-841a-11ed-aa7c-7003bca91a86, instanceId=SHORE-PROD
[2026-05-16T06:12:46.926Z] [SyncDiag] FIELD-LOGGER: vessel_survey_data row=6b462376-75c7-4590-ba77-e79dc2f90340 — 7 fields changed, isInsert=true, vesselId=7446783c-841a-11ed-aa7c-7003bca91a86, instanceId=SHORE-PROD
[2026-05-16T06:12:46.940Z] [SyncDiag] FIELD-LOGGER: vessel_survey_data row=e582fb70-85a1-4a6c-95a2-99388f71e6df — 7 fields changed, isInsert=true, vesselId=7446783c-841a-11ed-aa7c-7003bca91a86, instanceId=SHORE-PROD
[2026-05-16T06:13:28.629Z] [SyncDiag] RECEIVE-PUSH START: batch=b21675d1-4fbf-457b-a7b6-98ad82fa91d5, vessel=744535d0-841a-11ed-aa7c-7003bca91a86, fieldLogs=0, oneWayRows=0
[2026-05-16T06:13:28.634Z] [SyncDiag] RECEIVE-PUSH DONE: stored=0, applied=0, errors=0, oneWayTables=0
[2026-05-16T06:13:30.655Z] [SyncDiag] PREPARE-PULL START: vessel=744535d0-841a-11ed-aa7c-7003bca91a86, vesselCode=null, checkpoint=2026-05-16T05:14:58.007Z, shoreInstanceId=SHORE-PROD
[2026-05-16T06:13:30.850Z] [SyncDiag] PREPARE-PULL FIELD LOGS: 29 shore logs for vessel=744535d0-841a-11ed-aa7c-7003bca91a86 (excluded instance=SHIP-Vessel 4)
[2026-05-16T06:13:30.850Z] [SyncDiag] PREPARE-PULL FIELD LOG TABLES: {"defects":1,"vessel_survey_data":28}
[2026-05-16T06:13:30.858Z] [SyncDiag] PREPARE-PULL DONE: 21 one-way rows across 2 tables, 29 field logs, 0 conflicts
[2026-05-16T06:13:30.858Z] [SyncDiag] PREPARE-PULL ONE-WAY: ship_surveys_master — 6 rows
[2026-05-16T06:13:30.859Z] [SyncDiag] PREPARE-PULL ONE-WAY: vessel_survey_applicability — 15 rows
[2026-05-16T06:13:30.961Z] [SyncDiag] COMPLETE-SESSION: marking shore logs synced for vessel=744535d0-841a-11ed-aa7c-7003bca91a86 checkpointBefore=2026-05-16T05:14:58.007Z excludeInstance=SHIP-Vessel 4
[2026-05-16T06:13:31.016Z] [SyncDiag] COMPLETE-SESSION: found 29 shore logs to mark synced
[2026-05-16T06:13:31.025Z] [SyncDiag] COMPLETE-SESSION: found 0 ship logs to mark synced
[2026-05-16T06:21:51.836Z] [SyncDiag] RECEIVE-PUSH START: batch=429cc9de-5315-4a8d-be06-90e5165f15df, vessel=7446783c-841a-11ed-aa7c-7003bca91a86, fieldLogs=0, oneWayRows=0
[2026-05-16T06:21:51.842Z] [SyncDiag] RECEIVE-PUSH DONE: stored=0, applied=0, errors=0, oneWayTables=0
[2026-05-16T06:21:53.912Z] [SyncDiag] PREPARE-PULL START: vessel=7446783c-841a-11ed-aa7c-7003bca91a86, vesselCode=null, checkpoint=2026-05-16T06:01:02.105Z, shoreInstanceId=SHORE-PROD
[2026-05-16T06:21:54.168Z] [SyncDiag] PREPARE-PULL FIELD LOGS: 42 shore logs for vessel=7446783c-841a-11ed-aa7c-7003bca91a86 (excluded instance=SHIP-Vessel 5)
[2026-05-16T06:21:54.169Z] [SyncDiag] PREPARE-PULL FIELD LOG TABLES: {"vessel_survey_data":42}
[2026-05-16T06:21:54.370Z] [SyncDiag] PREPARE-PULL DONE: 12 one-way rows across 2 tables, 42 field logs, 0 conflicts
[2026-05-16T06:21:54.370Z] [SyncDiag] PREPARE-PULL ONE-WAY: ship_surveys_master — 6 rows
[2026-05-16T06:21:54.371Z] [SyncDiag] PREPARE-PULL ONE-WAY: vessel_survey_applicability — 6 rows
[2026-05-16T06:21:54.446Z] [SyncDiag] COMPLETE-SESSION: marking shore logs synced for vessel=7446783c-841a-11ed-aa7c-7003bca91a86 checkpointBefore=2026-05-16T06:01:02.105Z excludeInstance=SHIP-Vessel 5
[2026-05-16T06:21:54.512Z] [SyncDiag] COMPLETE-SESSION: found 42 shore logs to mark synced
[2026-05-16T06:21:54.733Z] [SyncDiag] COMPLETE-SESSION: found 0 ship logs to mark synced
[2026-05-16T07:04:12.832Z] [SyncDiag] RECEIVE-PUSH START: batch=9ea6bb36-9d3a-4940-b4ff-c10e9a028a13, vessel=744535d0-841a-11ed-aa7c-7003bca91a86, fieldLogs=0, oneWayRows=0
[2026-05-16T07:04:12.839Z] [SyncDiag] RECEIVE-PUSH DONE: stored=0, applied=0, errors=0, oneWayTables=0
[2026-05-16T07:04:14.878Z] [SyncDiag] PREPARE-PULL START: vessel=744535d0-841a-11ed-aa7c-7003bca91a86, vesselCode=null, checkpoint=2026-05-16T06:13:30.960Z, shoreInstanceId=SHORE-PROD
[2026-05-16T07:04:15.087Z] [SyncDiag] PREPARE-PULL DIAG: vessel=744535d0-841a-11ed-aa7c-7003bca91a86 total_logs=11755 unsynced=4006 after_instance_filter=4006 exclude=SHIP-Vessel 4 since=2026-05-16T06:13:30.960Z instances=[SHORE-PROD:4006]
[2026-05-16T07:04:15.088Z] [SyncDiag] PREPARE-PULL FIELD LOGS: 0 shore logs for vessel=744535d0-841a-11ed-aa7c-7003bca91a86 (excluded instance=SHIP-Vessel 4)
[2026-05-16T07:04:15.096Z] [SyncDiag] PREPARE-PULL DONE: 6 one-way rows across 1 tables, 0 field logs, 0 conflicts
[2026-05-16T07:04:15.097Z] [SyncDiag] PREPARE-PULL ONE-WAY: master_lists — 6 rows
[2026-05-16T07:04:15.165Z] [SyncDiag] COMPLETE-SESSION: marking shore logs synced for vessel=744535d0-841a-11ed-aa7c-7003bca91a86 checkpointBefore=2026-05-16T06:13:30.960Z excludeInstance=SHIP-Vessel 4
[2026-05-16T07:04:15.226Z] [SyncDiag] PREPARE-PULL DIAG: vessel=744535d0-841a-11ed-aa7c-7003bca91a86 total_logs=11755 unsynced=4006 after_instance_filter=4006 exclude=SHIP-Vessel 4 since=2026-05-16T06:13:30.960Z instances=[SHORE-PROD:4006]
[2026-05-16T07:04:15.227Z] [SyncDiag] COMPLETE-SESSION: found 0 shore logs to mark synced
[2026-05-16T07:04:15.228Z] [SyncDiag] COMPLETE-SESSION: found 0 ship logs to mark synced
[2026-05-16T07:06:04.260Z] [SyncDiag] RECEIVE-PUSH START: batch=6efbce2a-49a5-4e44-874b-6619866f90b1, vessel=7446783c-841a-11ed-aa7c-7003bca91a86, fieldLogs=0, oneWayRows=0
[2026-05-16T07:06:04.266Z] [SyncDiag] RECEIVE-PUSH DONE: stored=0, applied=0, errors=0, oneWayTables=0
[2026-05-16T07:06:04.278Z] [SyncDiag] PREPARE-PULL START: vessel=7446783c-841a-11ed-aa7c-7003bca91a86, vesselCode=null, checkpoint=2026-05-16T06:21:54.445Z, shoreInstanceId=SHORE-PROD
[2026-05-16T07:06:04.594Z] [SyncDiag] PREPARE-PULL DIAG: vessel=7446783c-841a-11ed-aa7c-7003bca91a86 total_logs=65417 unsynced=0 after_instance_filter=0 exclude=SHIP-Vessel 5 since=2026-05-16T06:21:54.445Z instances=[]
[2026-05-16T07:06:04.595Z] [SyncDiag] PREPARE-PULL FIELD LOGS: 0 shore logs for vessel=7446783c-841a-11ed-aa7c-7003bca91a86 (excluded instance=SHIP-Vessel 5)
[2026-05-16T07:06:04.820Z] [SyncDiag] PREPARE-PULL DONE: 6 one-way rows across 1 tables, 0 field logs, 0 conflicts
[2026-05-16T07:06:04.820Z] [SyncDiag] PREPARE-PULL ONE-WAY: master_lists — 6 rows
[2026-05-16T07:06:04.889Z] [SyncDiag] COMPLETE-SESSION: marking shore logs synced for vessel=7446783c-841a-11ed-aa7c-7003bca91a86 checkpointBefore=2026-05-16T06:21:54.445Z excludeInstance=SHIP-Vessel 5
[2026-05-16T07:06:04.961Z] [SyncDiag] PREPARE-PULL DIAG: vessel=7446783c-841a-11ed-aa7c-7003bca91a86 total_logs=65417 unsynced=0 after_instance_filter=0 exclude=SHIP-Vessel 5 since=2026-05-16T06:21:54.445Z instances=[]
[2026-05-16T07:06:04.962Z] [SyncDiag] COMPLETE-SESSION: found 0 shore logs to mark synced
[2026-05-16T07:06:05.154Z] [SyncDiag] COMPLETE-SESSION: found 0 ship logs to mark synced
[2026-05-16T09:07:04.565Z] [SyncDiag] RECEIVE-PUSH START: batch=5e25b810-8762-4066-925f-292584e0f2ab, vessel=7446783c-841a-11ed-aa7c-7003bca91a86, fieldLogs=0, oneWayRows=0
[2026-05-16T09:07:04.572Z] [SyncDiag] RECEIVE-PUSH DONE: stored=0, applied=0, errors=0, oneWayTables=0
[2026-05-16T09:07:04.585Z] [SyncDiag] PREPARE-PULL START: vessel=7446783c-841a-11ed-aa7c-7003bca91a86, vesselCode=null, checkpoint=2026-05-16T07:06:04.887Z, shoreInstanceId=SHORE-PROD
[2026-05-16T09:07:04.806Z] [SyncDiag] PREPARE-PULL DIAG: vessel=7446783c-841a-11ed-aa7c-7003bca91a86 total_logs=65417 unsynced=0 after_instance_filter=0 exclude=SHIP-Vessel 5 since=2026-05-16T07:06:04.887Z instances=[]
[2026-05-16T09:07:04.808Z] [SyncDiag] PREPARE-PULL FIELD LOGS: 0 shore logs for vessel=7446783c-841a-11ed-aa7c-7003bca91a86 (excluded instance=SHIP-Vessel 5)
[2026-05-16T09:07:05.062Z] [SyncDiag] PREPARE-PULL DONE: 6 one-way rows across 1 tables, 0 field logs, 0 conflicts
[2026-05-16T09:07:05.063Z] [SyncDiag] PREPARE-PULL ONE-WAY: master_lists — 6 rows
[2026-05-16T09:07:05.116Z] [SyncDiag] COMPLETE-SESSION: marking shore logs synced for vessel=7446783c-841a-11ed-aa7c-7003bca91a86 checkpointBefore=2026-05-16T07:06:04.887Z excludeInstance=SHIP-Vessel 5
[2026-05-16T09:07:05.185Z] [SyncDiag] PREPARE-PULL DIAG: vessel=7446783c-841a-11ed-aa7c-7003bca91a86 total_logs=65417 unsynced=0 after_instance_filter=0 exclude=SHIP-Vessel 5 since=2026-05-16T07:06:04.887Z instances=[]
[2026-05-16T09:07:05.185Z] [SyncDiag] COMPLETE-SESSION: found 0 shore logs to mark synced
[2026-05-16T09:07:05.361Z] [SyncDiag] COMPLETE-SESSION: found 0 ship logs to mark synced
[2026-05-16T09:07:44.700Z] [SyncDiag] RECEIVE-PUSH START: batch=d54eeb2f-8e72-45fc-bda5-5d5c04f07558, vessel=744535d0-841a-11ed-aa7c-7003bca91a86, fieldLogs=7, oneWayRows=0
[2026-05-16T09:07:44.754Z] [SyncDiag] RECEIVE-PUSH: 7 field logs stored in sync_field_log
[2026-05-16T09:07:44.790Z] [SyncDiag] SYNC-APPLY TRIGGER BYPASS active for batch=d54eeb2f-8e72-45fc-bda5-5d5c04f07558
[2026-05-16T09:07:44.792Z] [SyncDiag] FIELD-LOG-INSERT START: 7 logs
[2026-05-16T09:07:44.792Z] [SyncDiag] FIELD-LOG-INSERT: 1 groups from 7 logs
[2026-05-16T09:07:44.941Z] [SyncDiag] FIELD-LOG-INSERT OK: vessel_survey_data row=a6a6731c-430d-4c70-a10e-d39074e6c4af (9 columns)
[2026-05-16T09:07:44.942Z] [SyncDiag] FIELD-LOG-INSERT DONE: inserted=1, updatePassthrough=0, errors=0
[2026-05-16T09:07:44.950Z] [SyncDiag] ENSURE-MASTER: created 1 ship_surveys_master placeholder(s) for vessel=744535d0-841a-11ed-aa7c-7003bca91a86
[2026-05-16T09:07:44.956Z] [SyncDiag] ENSURE-APPLICABILITY: created 1 vessel_survey_applicability row(s) for vessel=744535d0-841a-11ed-aa7c-7003bca91a86
[2026-05-16T09:07:44.958Z] [SyncDiag] MASTER-HINT APPLIED: ship_surveys_master master_id=VES-003 name=Ship Survey VST-02
[2026-05-16T09:07:44.963Z] [SyncDiag] RECEIVE-PUSH DONE: stored=7, applied=1, errors=0, oneWayTables=0
[2026-05-16T09:07:46.997Z] [SyncDiag] PREPARE-PULL START: vessel=744535d0-841a-11ed-aa7c-7003bca91a86, vesselCode=null, checkpoint=2026-05-16T07:04:15.163Z, shoreInstanceId=SHORE-PROD
[2026-05-16T09:07:47.179Z] [SyncDiag] PREPARE-PULL DIAG: vessel=744535d0-841a-11ed-aa7c-7003bca91a86 total_logs=11762 unsynced=4013 after_instance_filter=4006 exclude=SHIP-Vessel 4 since=2026-05-16T07:04:15.163Z instances=[SHIP-Vessel 4:7, SHORE-PROD:4006]
[2026-05-16T09:07:47.180Z] [SyncDiag] PREPARE-PULL FIELD LOGS: 0 shore logs for vessel=744535d0-841a-11ed-aa7c-7003bca91a86 (excluded instance=SHIP-Vessel 4)
[2026-05-16T09:07:47.189Z] [SyncDiag] PREPARE-PULL DONE: 8 one-way rows across 3 tables, 0 field logs, 0 conflicts
[2026-05-16T09:07:47.189Z] [SyncDiag] PREPARE-PULL ONE-WAY: master_lists — 6 rows
[2026-05-16T09:07:47.190Z] [SyncDiag] PREPARE-PULL ONE-WAY: ship_surveys_master — 1 rows
[2026-05-16T09:07:47.190Z] [SyncDiag] PREPARE-PULL ONE-WAY: vessel_survey_applicability — 1 rows
[2026-05-16T09:07:47.283Z] [SyncDiag] COMPLETE-SESSION: marking shore logs synced for vessel=744535d0-841a-11ed-aa7c-7003bca91a86 checkpointBefore=2026-05-16T07:04:15.163Z excludeInstance=SHIP-Vessel 4
[2026-05-16T09:07:47.349Z] [SyncDiag] PREPARE-PULL DIAG: vessel=744535d0-841a-11ed-aa7c-7003bca91a86 total_logs=11762 unsynced=4013 after_instance_filter=4006 exclude=SHIP-Vessel 4 since=2026-05-16T07:04:15.163Z instances=[SHIP-Vessel 4:7, SHORE-PROD:4006]
[2026-05-16T09:07:47.349Z] [SyncDiag] COMPLETE-SESSION: found 0 shore logs to mark synced
[2026-05-16T09:07:47.351Z] [SyncDiag] COMPLETE-SESSION: found 7 ship logs to mark synced
[2026-05-16T09:07:53.291Z] [SyncDiag] RECEIVE-PUSH START: batch=7d605922-485c-4fb8-b1e2-6cc11d8f1b29, vessel=744535d0-841a-11ed-aa7c-7003bca91a86, fieldLogs=0, oneWayRows=0
[2026-05-16T09:07:53.297Z] [SyncDiag] RECEIVE-PUSH DONE: stored=0, applied=0, errors=0, oneWayTables=0
[2026-05-16T09:07:53.324Z] [SyncDiag] PREPARE-PULL START: vessel=744535d0-841a-11ed-aa7c-7003bca91a86, vesselCode=null, checkpoint=2026-05-16T09:07:47.282Z, shoreInstanceId=SHORE-PROD
[2026-05-16T09:07:53.470Z] [SyncDiag] PREPARE-PULL DIAG: vessel=744535d0-841a-11ed-aa7c-7003bca91a86 total_logs=11762 unsynced=4006 after_instance_filter=4006 exclude=SHIP-Vessel 4 since=2026-05-16T09:07:47.282Z instances=[SHORE-PROD:4006]
[2026-05-16T09:07:53.471Z] [SyncDiag] PREPARE-PULL FIELD LOGS: 0 shore logs for vessel=744535d0-841a-11ed-aa7c-7003bca91a86 (excluded instance=SHIP-Vessel 4)
[2026-05-16T09:07:53.477Z] [SyncDiag] PREPARE-PULL DONE: 0 one-way rows across 0 tables, 0 field logs, 0 conflicts
[2026-05-16T09:07:53.500Z] [SyncDiag] COMPLETE-SESSION: marking shore logs synced for vessel=744535d0-841a-11ed-aa7c-7003bca91a86 checkpointBefore=2026-05-16T09:07:47.282Z excludeInstance=SHIP-Vessel 4
[2026-05-16T09:07:53.561Z] [SyncDiag] PREPARE-PULL DIAG: vessel=744535d0-841a-11ed-aa7c-7003bca91a86 total_logs=11762 unsynced=4006 after_instance_filter=4006 exclude=SHIP-Vessel 4 since=2026-05-16T09:07:47.282Z instances=[SHORE-PROD:4006]
[2026-05-16T09:07:53.562Z] [SyncDiag] COMPLETE-SESSION: found 0 shore logs to mark synced
[2026-05-16T09:07:53.563Z] [SyncDiag] COMPLETE-SESSION: found 0 ship logs to mark synced
[2026-05-16T09:16:30.331Z] [SyncDiag] FIELD-LOGGER: vessel_survey_data row=9a8a0240-d107-4081-8365-7f47fb0afbcf — 7 fields changed, isInsert=true, vesselId=744535d0-841a-11ed-aa7c-7003bca91a86, instanceId=SHORE-PROD
[2026-05-16T09:16:59.449Z] [SyncDiag] FIELD-LOGGER: vessel_survey_data row=64f24884-2b2c-4299-9f43-e17798607875 — 7 fields changed, isInsert=true, vesselId=7446783c-841a-11ed-aa7c-7003bca91a86, instanceId=SHORE-PROD
[2026-05-16T10:46:51.774Z] [SyncDiag] RECEIVE-PUSH START: batch=dfc62871-a52a-4c93-ab23-27d3c52b3555, vessel=744535d0-841a-11ed-aa7c-7003bca91a86, fieldLogs=0, oneWayRows=0
[2026-05-16T10:46:51.784Z] [SyncDiag] RECEIVE-PUSH DONE: stored=0, applied=0, errors=0, oneWayTables=0
[2026-05-16T10:46:51.798Z] [SyncDiag] PREPARE-PULL START: vessel=744535d0-841a-11ed-aa7c-7003bca91a86, vesselCode=null, checkpoint=2026-05-16T09:07:53.499Z, shoreInstanceId=SHORE-PROD
[2026-05-16T10:46:52.040Z] [SyncDiag] PREPARE-PULL FIELD LOGS: 7 shore logs for vessel=744535d0-841a-11ed-aa7c-7003bca91a86 (excluded instance=SHIP-Vessel 4)
[2026-05-16T10:46:52.041Z] [SyncDiag] PREPARE-PULL FIELD LOG TABLES: {"vessel_survey_data":7}
[2026-05-16T10:46:52.050Z] [SyncDiag] PREPARE-PULL DONE: 14 one-way rows across 3 tables, 7 field logs, 0 conflicts
[2026-05-16T10:46:52.051Z] [SyncDiag] PREPARE-PULL ONE-WAY: master_lists — 6 rows
[2026-05-16T10:46:52.051Z] [SyncDiag] PREPARE-PULL ONE-WAY: ship_surveys_master — 7 rows
[2026-05-16T10:46:52.051Z] [SyncDiag] PREPARE-PULL ONE-WAY: vessel_survey_applicability — 1 rows
[2026-05-16T10:46:52.208Z] [SyncDiag] COMPLETE-SESSION: marking shore logs synced for vessel=744535d0-841a-11ed-aa7c-7003bca91a86 checkpointBefore=2026-05-16T09:07:53.499Z excludeInstance=SHIP-Vessel 4
[2026-05-16T10:46:52.273Z] [SyncDiag] COMPLETE-SESSION: found 7 shore logs to mark synced
[2026-05-16T10:46:52.283Z] [SyncDiag] COMPLETE-SESSION: found 0 ship logs to mark synced
[2026-05-16T10:52:36.912Z] [SyncDiag] RECEIVE-PUSH START: batch=74856e8d-8886-45a7-80bf-7de248d9f446, vessel=7446783c-841a-11ed-aa7c-7003bca91a86, fieldLogs=0, oneWayRows=0
[2026-05-16T10:52:36.919Z] [SyncDiag] RECEIVE-PUSH DONE: stored=0, applied=0, errors=0, oneWayTables=0
[2026-05-16T10:52:38.958Z] [SyncDiag] PREPARE-PULL START: vessel=7446783c-841a-11ed-aa7c-7003bca91a86, vesselCode=null, checkpoint=2026-05-16T09:07:05.114Z, shoreInstanceId=SHORE-PROD
[2026-05-16T10:52:39.150Z] [SyncDiag] PREPARE-PULL FIELD LOGS: 7 shore logs for vessel=7446783c-841a-11ed-aa7c-7003bca91a86 (excluded instance=SHIP-Vessel 5)
[2026-05-16T10:52:39.151Z] [SyncDiag] PREPARE-PULL FIELD LOG TABLES: {"vessel_survey_data":7}
[2026-05-16T10:52:39.389Z] [SyncDiag] PREPARE-PULL DONE: 14 one-way rows across 3 tables, 7 field logs, 0 conflicts
[2026-05-16T10:52:39.390Z] [SyncDiag] PREPARE-PULL ONE-WAY: master_lists — 6 rows
[2026-05-16T10:52:39.390Z] [SyncDiag] PREPARE-PULL ONE-WAY: ship_surveys_master — 7 rows
[2026-05-16T10:52:39.391Z] [SyncDiag] PREPARE-PULL ONE-WAY: vessel_survey_applicability — 1 rows
[2026-05-16T10:52:39.508Z] [SyncDiag] COMPLETE-SESSION: marking shore logs synced for vessel=7446783c-841a-11ed-aa7c-7003bca91a86 checkpointBefore=2026-05-16T09:07:05.114Z excludeInstance=SHIP-Vessel 5
[2026-05-16T10:52:39.562Z] [SyncDiag] COMPLETE-SESSION: found 7 shore logs to mark synced
[2026-05-16T10:52:39.771Z] [SyncDiag] COMPLETE-SESSION: found 0 ship logs to mark synced
[2026-05-16T11:29:06.219Z] [SyncDiag] RECEIVE-PUSH START: batch=8678ab60-7a38-4b8e-a382-8a1227e3b553, vessel=744535d0-841a-11ed-aa7c-7003bca91a86, fieldLogs=14, oneWayRows=0
[2026-05-16T11:29:06.248Z] [SyncDiag] RECEIVE-PUSH: 14 field logs stored in sync_field_log
[2026-05-16T11:29:06.249Z] [SyncDiag] SYNC-APPLY TRIGGER BYPASS active for batch=8678ab60-7a38-4b8e-a382-8a1227e3b553
[2026-05-16T11:29:06.251Z] [SyncDiag] FIELD-LOG-INSERT START: 14 logs
[2026-05-16T11:29:06.252Z] [SyncDiag] FIELD-LOG-INSERT: 2 groups from 14 logs
[2026-05-16T11:29:06.289Z] [SyncDiag] FIELD-LOG-INSERT OK: vessel_certificate_data row=e85a4b59-1b1b-40db-927d-f676b5395303 (9 columns)
[2026-05-16T11:29:06.301Z] [SyncDiag] FIELD-LOG-INSERT OK: vessel_survey_data row=f9666551-b4f3-48e8-9151-dd03bd9ca3d9 (9 columns)
[2026-05-16T11:29:06.302Z] [SyncDiag] FIELD-LOG-INSERT DONE: inserted=2, updatePassthrough=0, errors=0
[2026-05-16T11:29:06.331Z] [SyncDiag] ENSURE-MASTER: created 1 ship_certificates_master placeholder(s) for vessel=744535d0-841a-11ed-aa7c-7003bca91a86
[2026-05-16T11:29:06.337Z] [SyncDiag] ENSURE-MASTER: created 1 ship_surveys_master placeholder(s) for vessel=744535d0-841a-11ed-aa7c-7003bca91a86
[2026-05-16T11:29:06.356Z] [SyncDiag] ENSURE-APPLICABILITY: created 1 vessel_certificate_applicability row(s) for vessel=744535d0-841a-11ed-aa7c-7003bca91a86
[2026-05-16T11:29:06.361Z] [SyncDiag] ENSURE-APPLICABILITY: created 1 vessel_survey_applicability row(s) for vessel=744535d0-841a-11ed-aa7c-7003bca91a86
[2026-05-16T11:29:06.362Z] [SyncDiag] MASTER-HINT APPLIED: ship_surveys_master master_id=VES-006 name=Ship survey vessel ST-05
[2026-05-16T11:29:06.363Z] [SyncDiag] MASTER-HINT APPLIED: ship_certificates_master master_id=VES-014 name=Ship cert Vessel ST-04
[2026-05-16T11:29:06.368Z] [SyncDiag] RECEIVE-PUSH DONE: stored=14, applied=2, errors=0, oneWayTables=0
[2026-05-16T11:29:08.403Z] [SyncDiag] PREPARE-PULL START: vessel=744535d0-841a-11ed-aa7c-7003bca91a86, vesselCode=null, checkpoint=2026-05-16T10:53:20.532Z, shoreInstanceId=SHORE-PROD
[2026-05-16T11:29:08.610Z] [SyncDiag] PREPARE-PULL DIAG: vessel=744535d0-841a-11ed-aa7c-7003bca91a86 total_logs=11783 unsynced=4020 after_instance_filter=4006 exclude=SHIP-Vessel 4 since=2026-05-16T10:53:20.532Z instances=[SHIP-Vessel 4:14, SHORE-PROD:4006]
[2026-05-16T11:29:08.611Z] [SyncDiag] PREPARE-PULL FIELD LOGS: 0 shore logs for vessel=744535d0-841a-11ed-aa7c-7003bca91a86 (excluded instance=SHIP-Vessel 4)
[2026-05-16T11:29:08.620Z] [SyncDiag] PREPARE-PULL DONE: 10 one-way rows across 5 tables, 0 field logs, 0 conflicts
[2026-05-16T11:29:08.621Z] [SyncDiag] PREPARE-PULL ONE-WAY: master_lists — 6 rows
[2026-05-16T11:29:08.621Z] [SyncDiag] PREPARE-PULL ONE-WAY: ship_certificates_master — 1 rows
[2026-05-16T11:29:08.621Z] [SyncDiag] PREPARE-PULL ONE-WAY: ship_surveys_master — 1 rows
[2026-05-16T11:29:08.622Z] [SyncDiag] PREPARE-PULL ONE-WAY: vessel_certificate_applicability — 1 rows
[2026-05-16T11:29:08.622Z] [SyncDiag] PREPARE-PULL ONE-WAY: vessel_survey_applicability — 1 rows
[2026-05-16T11:29:08.752Z] [SyncDiag] COMPLETE-SESSION: marking shore logs synced for vessel=744535d0-841a-11ed-aa7c-7003bca91a86 checkpointBefore=2026-05-16T10:53:20.532Z excludeInstance=SHIP-Vessel 4
[2026-05-16T11:29:08.812Z] [SyncDiag] PREPARE-PULL DIAG: vessel=744535d0-841a-11ed-aa7c-7003bca91a86 total_logs=11783 unsynced=4020 after_instance_filter=4006 exclude=SHIP-Vessel 4 since=2026-05-16T10:53:20.532Z instances=[SHIP-Vessel 4:14, SHORE-PROD:4006]
[2026-05-16T11:29:08.813Z] [SyncDiag] COMPLETE-SESSION: found 0 shore logs to mark synced
[2026-05-16T11:29:08.814Z] [SyncDiag] COMPLETE-SESSION: found 14 ship logs to mark synced
[2026-05-16T11:30:24.082Z] [SyncDiag] RECEIVE-PUSH START: batch=0e6a8fed-0322-4ffa-a942-19b439095059, vessel=7446783c-841a-11ed-aa7c-7003bca91a86, fieldLogs=0, oneWayRows=0
[2026-05-16T11:30:24.088Z] [SyncDiag] RECEIVE-PUSH DONE: stored=0, applied=0, errors=0, oneWayTables=0
[2026-05-16T11:30:24.103Z] [SyncDiag] PREPARE-PULL START: vessel=7446783c-841a-11ed-aa7c-7003bca91a86, vesselCode=null, checkpoint=2026-05-16T10:52:39.507Z, shoreInstanceId=SHORE-PROD
[2026-05-16T11:30:24.269Z] [SyncDiag] PREPARE-PULL DIAG: vessel=7446783c-841a-11ed-aa7c-7003bca91a86 total_logs=65424 unsynced=0 after_instance_filter=0 exclude=SHIP-Vessel 5 since=2026-05-16T10:52:39.507Z instances=[]
[2026-05-16T11:30:24.270Z] [SyncDiag] PREPARE-PULL FIELD LOGS: 0 shore logs for vessel=7446783c-841a-11ed-aa7c-7003bca91a86 (excluded instance=SHIP-Vessel 5)
[2026-05-16T11:30:24.496Z] [SyncDiag] PREPARE-PULL DONE: 8 one-way rows across 3 tables, 0 field logs, 0 conflicts
[2026-05-16T11:30:24.496Z] [SyncDiag] PREPARE-PULL ONE-WAY: master_lists — 6 rows
[2026-05-16T11:30:24.497Z] [SyncDiag] PREPARE-PULL ONE-WAY: ship_certificates_master — 1 rows
[2026-05-16T11:30:24.497Z] [SyncDiag] PREPARE-PULL ONE-WAY: ship_surveys_master — 1 rows
[2026-05-16T11:30:24.603Z] [SyncDiag] COMPLETE-SESSION: marking shore logs synced for vessel=7446783c-841a-11ed-aa7c-7003bca91a86 checkpointBefore=2026-05-16T10:52:39.507Z excludeInstance=SHIP-Vessel 5
[2026-05-16T11:30:24.676Z] [SyncDiag] PREPARE-PULL DIAG: vessel=7446783c-841a-11ed-aa7c-7003bca91a86 total_logs=65424 unsynced=0 after_instance_filter=0 exclude=SHIP-Vessel 5 since=2026-05-16T10:52:39.507Z instances=[]
[2026-05-16T11:30:24.677Z] [SyncDiag] COMPLETE-SESSION: found 0 shore logs to mark synced
[2026-05-16T11:30:24.844Z] [SyncDiag] COMPLETE-SESSION: found 0 ship logs to mark synced
[2026-05-16T11:33:15.647Z] [SyncDiag] FIELD-LOGGER: vessel_certificate_data row=2fe91e5e-3298-4347-80c8-4ae8d57740d7 — 7 fields changed, isInsert=true, vesselId=744cf286-841a-11ed-aa7c-7003bca91a86, instanceId=SHORE-PROD
[2026-05-16T11:33:15.670Z] [SyncDiag] FIELD-LOGGER: vessel_certificate_data row=9be138ff-30d1-4bff-8bfd-2fcb03b6d95b — 7 fields changed, isInsert=true, vesselId=744dc41e-841a-11ed-aa7c-7003bca91a86, instanceId=SHORE-PROD
[2026-05-16T11:33:15.691Z] [SyncDiag] FIELD-LOGGER: vessel_certificate_data row=87920077-2fb1-4a6e-bffc-2068db896f30 — 7 fields changed, isInsert=true, vesselId=4fbd2fab-85d2-11ed-aa7c-7003bca91a86, instanceId=SHORE-PROD
[2026-05-16T11:33:15.709Z] [SyncDiag] FIELD-LOGGER: vessel_certificate_data row=c486374a-c9b4-4e11-8746-fe3e5752ddaf — 7 fields changed, isInsert=true, vesselId=7c08b51c-4345-4681-9d98-ec8ae142ac67, instanceId=SHORE-PROD
[2026-05-16T11:33:15.729Z] [SyncDiag] FIELD-LOGGER: vessel_certificate_data row=8526dc6b-6353-40d8-aff6-2b3b90aab193 — 7 fields changed, isInsert=true, vesselId=cec1b7d6-72a4-45c8-b72c-30e31621a255, instanceId=SHORE-PROD
[2026-05-16T11:33:15.752Z] [SyncDiag] FIELD-LOGGER: vessel_certificate_data row=1dadfc5e-3348-4276-881c-f5ce28c27722 — 7 fields changed, isInsert=true, vesselId=7cb64519-6008-4189-820e-4b2e1f74504e, instanceId=SHORE-PROD
[2026-05-16T11:33:15.772Z] [SyncDiag] FIELD-LOGGER: vessel_certificate_data row=7c6a1da7-63d0-43af-b509-31e529cb5381 — 7 fields changed, isInsert=true, vesselId=f6212312-3486-43de-b37b-640a1f14bc75, instanceId=SHORE-PROD
[2026-05-16T11:33:15.789Z] [SyncDiag] FIELD-LOGGER: vessel_certificate_data row=024a81d3-ec8b-4752-a722-62abe695c724 — 7 fields changed, isInsert=true, vesselId=13421138-e990-45d9-ab09-94f01faeebe2, instanceId=SHORE-PROD
[2026-05-16T11:33:15.812Z] [SyncDiag] FIELD-LOGGER: vessel_certificate_data row=4d0ce7c4-b996-4a21-b7cb-d9ebceeca9ed — 7 fields changed, isInsert=true, vesselId=9d88f081-6e0f-41e5-9bdb-124b9d9cc3b8, instanceId=SHORE-PROD
[2026-05-16T11:33:15.831Z] [SyncDiag] FIELD-LOGGER: vessel_certificate_data row=58a2659e-31c0-40c0-80db-a2311bc689e7 — 7 fields changed, isInsert=true, vesselId=cd03135a-f38a-40de-b7d6-27ba85b633dc, instanceId=SHORE-PROD
[2026-05-16T11:33:15.849Z] [SyncDiag] FIELD-LOGGER: vessel_certificate_data row=7896b5ea-22fb-4e7f-b811-62806f7ffb3e — 7 fields changed, isInsert=true, vesselId=24a0fb38-d8bf-43d2-9e8f-206f20578069, instanceId=SHORE-PROD
[2026-05-16T11:33:15.869Z] [SyncDiag] FIELD-LOGGER: vessel_certificate_data row=ecd69518-d9cb-491f-a190-d58e7d455bd8 — 7 fields changed, isInsert=true, vesselId=743ef9d1-841a-11ed-aa7c-7003bca91a86, instanceId=SHORE-PROD
[2026-05-16T11:33:15.889Z] [SyncDiag] FIELD-LOGGER: vessel_certificate_data row=07686e47-0f4b-4187-b8fe-f0c759c4a98a — 7 fields changed, isInsert=true, vesselId=743feb08-841a-11ed-aa7c-7003bca91a86, instanceId=SHORE-PROD
[2026-05-16T11:33:15.909Z] [SyncDiag] FIELD-LOGGER: vessel_certificate_data row=dc0d6109-e35f-42dd-ab15-888231860668 — 7 fields changed, isInsert=true, vesselId=7440571a-841a-11ed-aa7c-7003bca91a86, instanceId=SHORE-PROD
[2026-05-16T11:33:15.927Z] [SyncDiag] FIELD-LOGGER: vessel_certificate_data row=77f3bb52-d8ae-4389-8c51-aac93467ce90 — 7 fields changed, isInsert=true, vesselId=744535d0-841a-11ed-aa7c-7003bca91a86, instanceId=SHORE-PROD
[2026-05-16T11:33:15.946Z] [SyncDiag] FIELD-LOGGER: vessel_certificate_data row=aaee8997-f523-4fb2-a996-aaf5483e9b85 — 7 fields changed, isInsert=true, vesselId=7446783c-841a-11ed-aa7c-7003bca91a86, instanceId=SHORE-PROD
[2026-05-16T11:33:15.965Z] [SyncDiag] FIELD-LOGGER: vessel_certificate_data row=24aee929-0903-47ba-8c8e-a312be47b07b — 7 fields changed, isInsert=true, vesselId=74481b72-841a-11ed-aa7c-7003bca91a86, instanceId=SHORE-PROD
[2026-05-16T11:33:15.986Z] [SyncDiag] FIELD-LOGGER: vessel_certificate_data row=4a0f9ac8-96bc-49c2-b3c4-561a03796846 — 7 fields changed, isInsert=true, vesselId=744bafc7-841a-11ed-aa7c-7003bca91a86, instanceId=SHORE-PROD
[2026-05-16T11:33:16.005Z] [SyncDiag] FIELD-LOGGER: vessel_certificate_data row=d7d6b2ec-7382-45d6-8854-ad9bf76632d1 — 7 fields changed, isInsert=true, vesselId=744c8b44-841a-11ed-aa7c-7003bca91a86, instanceId=SHORE-PROD
[2026-05-16T11:33:44.683Z] [SyncDiag] FIELD-LOGGER: vessel_certificate_data row=2470ebdb-bc9c-4b3e-9287-e06f663bc2c4 — 7 fields changed, isInsert=true, vesselId=744cf286-841a-11ed-aa7c-7003bca91a86, instanceId=SHORE-PROD
[2026-05-16T11:33:44.702Z] [SyncDiag] FIELD-LOGGER: vessel_certificate_data row=da6ba74a-ce40-4b5e-ba95-b3a217c2267f — 7 fields changed, isInsert=true, vesselId=744dc41e-841a-11ed-aa7c-7003bca91a86, instanceId=SHORE-PROD
[2026-05-16T11:33:44.719Z] [SyncDiag] FIELD-LOGGER: vessel_certificate_data row=12a26c03-a9f6-4afc-8eba-cd45b44c8d7a — 7 fields changed, isInsert=true, vesselId=4fbd2fab-85d2-11ed-aa7c-7003bca91a86, instanceId=SHORE-PROD
[2026-05-16T11:33:44.736Z] [SyncDiag] FIELD-LOGGER: vessel_certificate_data row=2e39a9ff-9966-46f6-b027-8752de2885dd — 7 fields changed, isInsert=true, vesselId=7c08b51c-4345-4681-9d98-ec8ae142ac67, instanceId=SHORE-PROD
[2026-05-16T11:33:44.754Z] [SyncDiag] FIELD-LOGGER: vessel_certificate_data row=515f5b0b-9de3-4496-8fbb-6d06518b2775 — 7 fields changed, isInsert=true, vesselId=cec1b7d6-72a4-45c8-b72c-30e31621a255, instanceId=SHORE-PROD
[2026-05-16T11:33:44.772Z] [SyncDiag] FIELD-LOGGER: vessel_certificate_data row=d6686844-faae-41ba-943c-14f927c2a9c9 — 7 fields changed, isInsert=true, vesselId=7cb64519-6008-4189-820e-4b2e1f74504e, instanceId=SHORE-PROD
[2026-05-16T11:33:44.790Z] [SyncDiag] FIELD-LOGGER: vessel_certificate_data row=a178dada-3b34-457a-929b-5e7375b62390 — 7 fields changed, isInsert=true, vesselId=f6212312-3486-43de-b37b-640a1f14bc75, instanceId=SHORE-PROD
[2026-05-16T11:33:44.806Z] [SyncDiag] FIELD-LOGGER: vessel_certificate_data row=66134541-f6d9-4192-aa52-a335788834b7 — 7 fields changed, isInsert=true, vesselId=13421138-e990-45d9-ab09-94f01faeebe2, instanceId=SHORE-PROD
[2026-05-16T11:33:44.820Z] [SyncDiag] FIELD-LOGGER: vessel_certificate_data row=abd21a33-314d-4f80-a92f-01f6195bc3a5 — 7 fields changed, isInsert=true, vesselId=9d88f081-6e0f-41e5-9bdb-124b9d9cc3b8, instanceId=SHORE-PROD
[2026-05-16T11:33:44.839Z] [SyncDiag] FIELD-LOGGER: vessel_certificate_data row=3181a856-aad0-4502-a0ab-f5a001862500 — 7 fields changed, isInsert=true, vesselId=cd03135a-f38a-40de-b7d6-27ba85b633dc, instanceId=SHORE-PROD
[2026-05-16T11:33:44.855Z] [SyncDiag] FIELD-LOGGER: vessel_certificate_data row=580fa540-e022-4b0a-80f1-3894422c6054 — 7 fields changed, isInsert=true, vesselId=24a0fb38-d8bf-43d2-9e8f-206f20578069, instanceId=SHORE-PROD
[2026-05-16T11:33:44.872Z] [SyncDiag] FIELD-LOGGER: vessel_certificate_data row=94982209-51f9-4584-8cc5-3773fac0ec35 — 7 fields changed, isInsert=true, vesselId=743ef9d1-841a-11ed-aa7c-7003bca91a86, instanceId=SHORE-PROD
[2026-05-16T11:33:44.888Z] [SyncDiag] FIELD-LOGGER: vessel_certificate_data row=ff2d84a5-3a9f-45a0-af63-e925c803c24b — 7 fields changed, isInsert=true, vesselId=743feb08-841a-11ed-aa7c-7003bca91a86, instanceId=SHORE-PROD
[2026-05-16T11:33:44.905Z] [SyncDiag] FIELD-LOGGER: vessel_certificate_data row=15af0067-2ee8-4514-8083-cb6bfbd2a616 — 7 fields changed, isInsert=true, vesselId=7440571a-841a-11ed-aa7c-7003bca91a86, instanceId=SHORE-PROD
[2026-05-16T11:33:44.922Z] [SyncDiag] FIELD-LOGGER: vessel_certificate_data row=d524c58b-16e5-432c-93e3-40d33b8e6daa — 7 fields changed, isInsert=true, vesselId=744535d0-841a-11ed-aa7c-7003bca91a86, instanceId=SHORE-PROD
[2026-05-16T11:33:44.939Z] [SyncDiag] FIELD-LOGGER: vessel_certificate_data row=0ce7d237-ccd6-4183-8cb6-0a9857ed5953 — 7 fields changed, isInsert=true, vesselId=7446783c-841a-11ed-aa7c-7003bca91a86, instanceId=SHORE-PROD
[2026-05-16T11:33:44.959Z] [SyncDiag] FIELD-LOGGER: vessel_certificate_data row=a686afec-57e0-47b5-93b0-a59d5f1119a6 — 7 fields changed, isInsert=true, vesselId=74481b72-841a-11ed-aa7c-7003bca91a86, instanceId=SHORE-PROD
[2026-05-16T11:33:44.977Z] [SyncDiag] FIELD-LOGGER: vessel_certificate_data row=ebbdcc24-abda-4295-9e08-311a15b09d18 — 7 fields changed, isInsert=true, vesselId=744bafc7-841a-11ed-aa7c-7003bca91a86, instanceId=SHORE-PROD
[2026-05-16T11:33:44.994Z] [SyncDiag] FIELD-LOGGER: vessel_certificate_data row=545ee0c2-46d2-4a50-bd42-5383ede73abb — 7 fields changed, isInsert=true, vesselId=744c8b44-841a-11ed-aa7c-7003bca91a86, instanceId=SHORE-PROD
[2026-05-16T11:34:11.705Z] [SyncDiag] FIELD-LOGGER: vessel_certificate_data row=aec07492-346e-4ffb-a0e3-9fa2f79204d3 — 7 fields changed, isInsert=true, vesselId=744535d0-841a-11ed-aa7c-7003bca91a86, instanceId=SHORE-PROD
[2026-05-16T11:37:37.894Z] [SyncDiag] FIELD-LOGGER: vessel_certificate_data row=f0c09c2b-3b36-49cb-870e-3d4a14388036 — 7 fields changed, isInsert=true, vesselId=7446783c-841a-11ed-aa7c-7003bca91a86, instanceId=SHORE-PROD
[2026-05-16T11:37:48.242Z] [SyncDiag] RECEIVE-PUSH START: batch=c6323a9c-9c71-4a10-a9ad-e2c91e984ab5, vessel=744535d0-841a-11ed-aa7c-7003bca91a86, fieldLogs=0, oneWayRows=0
[2026-05-16T11:37:48.248Z] [SyncDiag] RECEIVE-PUSH DONE: stored=0, applied=0, errors=0, oneWayTables=0
[2026-05-16T11:37:48.257Z] [SyncDiag] PREPARE-PULL START: vessel=744535d0-841a-11ed-aa7c-7003bca91a86, vesselCode=null, checkpoint=2026-05-16T11:29:08.750Z, shoreInstanceId=SHORE-PROD
[2026-05-16T11:37:48.445Z] [SyncDiag] PREPARE-PULL FIELD LOGS: 21 shore logs for vessel=744535d0-841a-11ed-aa7c-7003bca91a86 (excluded instance=SHIP-Vessel 4)
[2026-05-16T11:37:48.446Z] [SyncDiag] PREPARE-PULL FIELD LOG TABLES: {"vessel_certificate_data":21}
[2026-05-16T11:37:48.454Z] [SyncDiag] PREPARE-PULL DONE: 93 one-way rows across 2 tables, 21 field logs, 0 conflicts
[2026-05-16T11:37:48.454Z] [SyncDiag] PREPARE-PULL ONE-WAY: ship_certificates_master — 90 rows
[2026-05-16T11:37:48.455Z] [SyncDiag] PREPARE-PULL ONE-WAY: vessel_certificate_applicability — 3 rows
[2026-05-16T11:37:48.770Z] [SyncDiag] COMPLETE-SESSION: marking shore logs synced for vessel=744535d0-841a-11ed-aa7c-7003bca91a86 checkpointBefore=2026-05-16T11:29:08.750Z excludeInstance=SHIP-Vessel 4
[2026-05-16T11:37:48.820Z] [SyncDiag] COMPLETE-SESSION: found 21 shore logs to mark synced
[2026-05-16T11:37:48.828Z] [SyncDiag] COMPLETE-SESSION: found 0 ship logs to mark synced
[2026-05-16T11:38:14.284Z] [SyncDiag] RECEIVE-PUSH START: batch=5bd0729e-40ec-4ffa-83a6-cc335845854c, vessel=7446783c-841a-11ed-aa7c-7003bca91a86, fieldLogs=0, oneWayRows=0
[2026-05-16T11:38:14.290Z] [SyncDiag] RECEIVE-PUSH DONE: stored=0, applied=0, errors=0, oneWayTables=0
[2026-05-16T11:38:16.323Z] [SyncDiag] PREPARE-PULL START: vessel=7446783c-841a-11ed-aa7c-7003bca91a86, vesselCode=null, checkpoint=2026-05-16T11:30:24.602Z, shoreInstanceId=SHORE-PROD
[2026-05-16T11:38:16.479Z] [SyncDiag] PREPARE-PULL FIELD LOGS: 21 shore logs for vessel=7446783c-841a-11ed-aa7c-7003bca91a86 (excluded instance=SHIP-Vessel 5)
[2026-05-16T11:38:16.480Z] [SyncDiag] PREPARE-PULL FIELD LOG TABLES: {"vessel_certificate_data":21}
[2026-05-16T11:38:16.727Z] [SyncDiag] PREPARE-PULL DONE: 93 one-way rows across 2 tables, 21 field logs, 0 conflicts
[2026-05-16T11:38:16.728Z] [SyncDiag] PREPARE-PULL ONE-WAY: ship_certificates_master — 90 rows
[2026-05-16T11:38:16.728Z] [SyncDiag] PREPARE-PULL ONE-WAY: vessel_certificate_applicability — 3 rows
[2026-05-16T11:38:17.043Z] [SyncDiag] COMPLETE-SESSION: marking shore logs synced for vessel=7446783c-841a-11ed-aa7c-7003bca91a86 checkpointBefore=2026-05-16T11:30:24.602Z excludeInstance=SHIP-Vessel 5
[2026-05-16T11:38:17.131Z] [SyncDiag] COMPLETE-SESSION: found 21 shore logs to mark synced
[2026-05-16T11:38:17.345Z] [SyncDiag] COMPLETE-SESSION: found 0 ship logs to mark synced
[2026-05-16T11:40:07.689Z] [SyncDiag] FIELD-LOGGER: vessel_survey_data row=6e526b0e-2990-46cd-944a-0b4b2c752826 — 7 fields changed, isInsert=true, vesselId=744cf286-841a-11ed-aa7c-7003bca91a86, instanceId=SHORE-PROD
[2026-05-16T11:40:07.707Z] [SyncDiag] FIELD-LOGGER: vessel_survey_data row=37f0fbc8-5e5f-4486-a33f-da97f02063df — 7 fields changed, isInsert=true, vesselId=744dc41e-841a-11ed-aa7c-7003bca91a86, instanceId=SHORE-PROD
[2026-05-16T11:40:07.728Z] [SyncDiag] FIELD-LOGGER: vessel_survey_data row=cbcfe114-7ad7-4971-b59c-4765725195a2 — 7 fields changed, isInsert=true, vesselId=4fbd2fab-85d2-11ed-aa7c-7003bca91a86, instanceId=SHORE-PROD
[2026-05-16T11:40:07.746Z] [SyncDiag] FIELD-LOGGER: vessel_survey_data row=6b674cab-89e6-4dbb-b821-31c8f14b9899 — 7 fields changed, isInsert=true, vesselId=7c08b51c-4345-4681-9d98-ec8ae142ac67, instanceId=SHORE-PROD
[2026-05-16T11:40:07.766Z] [SyncDiag] FIELD-LOGGER: vessel_survey_data row=d7b60ff9-1abb-47b3-b3ee-e2d20bf39a78 — 7 fields changed, isInsert=true, vesselId=cec1b7d6-72a4-45c8-b72c-30e31621a255, instanceId=SHORE-PROD
[2026-05-16T11:40:07.784Z] [SyncDiag] FIELD-LOGGER: vessel_survey_data row=ede15cb2-1f20-48b6-b218-133002858667 — 7 fields changed, isInsert=true, vesselId=7cb64519-6008-4189-820e-4b2e1f74504e, instanceId=SHORE-PROD
[2026-05-16T11:40:07.802Z] [SyncDiag] FIELD-LOGGER: vessel_survey_data row=f61f4669-b2a5-4d62-8489-dc87a237e3ac — 7 fields changed, isInsert=true, vesselId=f6212312-3486-43de-b37b-640a1f14bc75, instanceId=SHORE-PROD
[2026-05-16T11:40:07.822Z] [SyncDiag] FIELD-LOGGER: vessel_survey_data row=12b786e6-f1c2-4faf-876d-0c8e9f3b12e3 — 7 fields changed, isInsert=true, vesselId=13421138-e990-45d9-ab09-94f01faeebe2, instanceId=SHORE-PROD
[2026-05-16T11:40:07.841Z] [SyncDiag] FIELD-LOGGER: vessel_survey_data row=2b435fd7-3017-408a-ad7c-ae58d714ba2f — 7 fields changed, isInsert=true, vesselId=9d88f081-6e0f-41e5-9bdb-124b9d9cc3b8, instanceId=SHORE-PROD
[2026-05-16T11:40:07.859Z] [SyncDiag] FIELD-LOGGER: vessel_survey_data row=357c66d5-e6c5-4ffb-bb0f-da6859b91d90 — 7 fields changed, isInsert=true, vesselId=cd03135a-f38a-40de-b7d6-27ba85b633dc, instanceId=SHORE-PROD
[2026-05-16T11:40:07.877Z] [SyncDiag] FIELD-LOGGER: vessel_survey_data row=ead2b546-fef4-4f0d-b1b4-5a09c32d5780 — 7 fields changed, isInsert=true, vesselId=24a0fb38-d8bf-43d2-9e8f-206f20578069, instanceId=SHORE-PROD
[2026-05-16T11:40:07.896Z] [SyncDiag] FIELD-LOGGER: vessel_survey_data row=3c7935b5-e1eb-41db-b892-4c2cbbe3ad12 — 7 fields changed, isInsert=true, vesselId=743ef9d1-841a-11ed-aa7c-7003bca91a86, instanceId=SHORE-PROD
[2026-05-16T11:40:07.914Z] [SyncDiag] FIELD-LOGGER: vessel_survey_data row=be2f19e5-0278-4db5-a88c-d0031dfb6faa — 7 fields changed, isInsert=true, vesselId=743feb08-841a-11ed-aa7c-7003bca91a86, instanceId=SHORE-PROD
[2026-05-16T11:40:07.934Z] [SyncDiag] FIELD-LOGGER: vessel_survey_data row=c96286c7-4299-4924-8e94-7d9d412e7ad3 — 7 fields changed, isInsert=true, vesselId=7440571a-841a-11ed-aa7c-7003bca91a86, instanceId=SHORE-PROD
[2026-05-16T11:40:07.952Z] [SyncDiag] FIELD-LOGGER: vessel_survey_data row=98fdbf2b-4580-465e-9acf-706c35d5ead6 — 7 fields changed, isInsert=true, vesselId=744535d0-841a-11ed-aa7c-7003bca91a86, instanceId=SHORE-PROD
[2026-05-16T11:40:07.970Z] [SyncDiag] FIELD-LOGGER: vessel_survey_data row=2d134ca6-8d93-44c5-be54-23b488d9b666 — 7 fields changed, isInsert=true, vesselId=7446783c-841a-11ed-aa7c-7003bca91a86, instanceId=SHORE-PROD
[2026-05-16T11:40:07.989Z] [SyncDiag] FIELD-LOGGER: vessel_survey_data row=1667836a-ac73-40c6-99f3-0fbf8db7a7fd — 7 fields changed, isInsert=true, vesselId=74481b72-841a-11ed-aa7c-7003bca91a86, instanceId=SHORE-PROD
[2026-05-16T11:40:08.008Z] [SyncDiag] FIELD-LOGGER: vessel_survey_data row=87ee1e09-e26f-42b0-855f-9ea5c63b3bfc — 7 fields changed, isInsert=true, vesselId=744bafc7-841a-11ed-aa7c-7003bca91a86, instanceId=SHORE-PROD
[2026-05-16T11:40:08.028Z] [SyncDiag] FIELD-LOGGER: vessel_survey_data row=9ca13c84-b94c-4f8b-9fb2-5a073df6f03b — 7 fields changed, isInsert=true, vesselId=744c8b44-841a-11ed-aa7c-7003bca91a86, instanceId=SHORE-PROD
[2026-05-16T11:40:24.429Z] [SyncDiag] FIELD-LOGGER: vessel_survey_data row=94f63cc3-7a9d-40c5-8e76-b929e7cfdf26 — 7 fields changed, isInsert=true, vesselId=744cf286-841a-11ed-aa7c-7003bca91a86, instanceId=SHORE-PROD
[2026-05-16T11:40:24.446Z] [SyncDiag] FIELD-LOGGER: vessel_survey_data row=29efea18-227e-4460-809d-dd871878fb16 — 7 fields changed, isInsert=true, vesselId=744dc41e-841a-11ed-aa7c-7003bca91a86, instanceId=SHORE-PROD
[2026-05-16T11:40:24.463Z] [SyncDiag] FIELD-LOGGER: vessel_survey_data row=9ae5c163-c3d8-4dec-bc9d-018bc7749fbe — 7 fields changed, isInsert=true, vesselId=4fbd2fab-85d2-11ed-aa7c-7003bca91a86, instanceId=SHORE-PROD
[2026-05-16T11:40:24.479Z] [SyncDiag] FIELD-LOGGER: vessel_survey_data row=fd600385-114d-4fcd-a9a5-bf7473c5cc7a — 7 fields changed, isInsert=true, vesselId=7c08b51c-4345-4681-9d98-ec8ae142ac67, instanceId=SHORE-PROD
[2026-05-16T11:40:24.498Z] [SyncDiag] FIELD-LOGGER: vessel_survey_data row=9387aac7-7678-40f1-9cb6-fe9565c565ed — 7 fields changed, isInsert=true, vesselId=cec1b7d6-72a4-45c8-b72c-30e31621a255, instanceId=SHORE-PROD
[2026-05-16T11:40:24.517Z] [SyncDiag] FIELD-LOGGER: vessel_survey_data row=fd2bb22a-c0d7-4bca-9a8a-a29a4662d0d1 — 7 fields changed, isInsert=true, vesselId=7cb64519-6008-4189-820e-4b2e1f74504e, instanceId=SHORE-PROD
[2026-05-16T11:40:24.533Z] [SyncDiag] FIELD-LOGGER: vessel_survey_data row=8ec72d44-eb4b-4414-87d0-069dfbe2b1bf — 7 fields changed, isInsert=true, vesselId=f6212312-3486-43de-b37b-640a1f14bc75, instanceId=SHORE-PROD
[2026-05-16T11:40:24.549Z] [SyncDiag] FIELD-LOGGER: vessel_survey_data row=94ec0ec2-f67c-43bf-824d-1cd65eb4c729 — 7 fields changed, isInsert=true, vesselId=13421138-e990-45d9-ab09-94f01faeebe2, instanceId=SHORE-PROD
[2026-05-16T11:40:24.567Z] [SyncDiag] FIELD-LOGGER: vessel_survey_data row=5fc550c8-4191-488c-923f-326a82be4e12 — 7 fields changed, isInsert=true, vesselId=9d88f081-6e0f-41e5-9bdb-124b9d9cc3b8, instanceId=SHORE-PROD
[2026-05-16T11:40:24.584Z] [SyncDiag] FIELD-LOGGER: vessel_survey_data row=86c36eee-4e77-42c7-8c22-7c5f220fe4bf — 7 fields changed, isInsert=true, vesselId=cd03135a-f38a-40de-b7d6-27ba85b633dc, instanceId=SHORE-PROD
[2026-05-16T11:40:24.600Z] [SyncDiag] FIELD-LOGGER: vessel_survey_data row=0875ad20-e1c8-4b39-817a-f1ec5c83853c — 7 fields changed, isInsert=true, vesselId=24a0fb38-d8bf-43d2-9e8f-206f20578069, instanceId=SHORE-PROD
[2026-05-16T11:40:24.618Z] [SyncDiag] FIELD-LOGGER: vessel_survey_data row=24eee5d0-b375-4193-aec4-7a915eb5f126 — 7 fields changed, isInsert=true, vesselId=743ef9d1-841a-11ed-aa7c-7003bca91a86, instanceId=SHORE-PROD
[2026-05-16T11:40:24.639Z] [SyncDiag] FIELD-LOGGER: vessel_survey_data row=55bcebdb-c95c-485e-8121-3d09194f97d9 — 7 fields changed, isInsert=true, vesselId=743feb08-841a-11ed-aa7c-7003bca91a86, instanceId=SHORE-PROD
[2026-05-16T11:40:24.657Z] [SyncDiag] FIELD-LOGGER: vessel_survey_data row=eb814a75-1387-4f86-83e3-22324634e99b — 7 fields changed, isInsert=true, vesselId=7440571a-841a-11ed-aa7c-7003bca91a86, instanceId=SHORE-PROD
[2026-05-16T11:40:24.674Z] [SyncDiag] FIELD-LOGGER: vessel_survey_data row=b4697f6c-b28d-4a04-a4c7-51a7e090a98f — 7 fields changed, isInsert=true, vesselId=744535d0-841a-11ed-aa7c-7003bca91a86, instanceId=SHORE-PROD
[2026-05-16T11:40:24.692Z] [SyncDiag] FIELD-LOGGER: vessel_survey_data row=34fc2d2d-3363-4751-b022-28da29ef28e5 — 7 fields changed, isInsert=true, vesselId=7446783c-841a-11ed-aa7c-7003bca91a86, instanceId=SHORE-PROD
[2026-05-16T11:40:24.710Z] [SyncDiag] FIELD-LOGGER: vessel_survey_data row=8b37f2d3-8730-4e05-a943-ed4ffc33a951 — 7 fields changed, isInsert=true, vesselId=74481b72-841a-11ed-aa7c-7003bca91a86, instanceId=SHORE-PROD
[2026-05-16T11:40:24.727Z] [SyncDiag] FIELD-LOGGER: vessel_survey_data row=0ef7aae3-a73e-4975-aacf-aced80ed452a — 7 fields changed, isInsert=true, vesselId=744bafc7-841a-11ed-aa7c-7003bca91a86, instanceId=SHORE-PROD
[2026-05-16T11:40:24.744Z] [SyncDiag] FIELD-LOGGER: vessel_survey_data row=1b8165af-238e-4425-b939-a1fe6a92894e — 7 fields changed, isInsert=true, vesselId=744c8b44-841a-11ed-aa7c-7003bca91a86, instanceId=SHORE-PROD
[2026-05-16T11:40:54.301Z] [SyncDiag] FIELD-LOGGER: vessel_survey_data row=a852def1-64c0-449b-b918-2ad73dc59e1d — 7 fields changed, isInsert=true, vesselId=744535d0-841a-11ed-aa7c-7003bca91a86, instanceId=SHORE-PROD
[2026-05-16T11:41:18.478Z] [SyncDiag] FIELD-LOGGER: vessel_survey_data row=f9917d36-f781-4f49-a6fa-6adcd38b6605 — 7 fields changed, isInsert=true, vesselId=7446783c-841a-11ed-aa7c-7003bca91a86, instanceId=SHORE-PROD
[2026-05-16T11:41:28.711Z] [SyncDiag] RECEIVE-PUSH START: batch=527e2849-ba9d-4743-a726-0bfce642395f, vessel=7446783c-841a-11ed-aa7c-7003bca91a86, fieldLogs=0, oneWayRows=0
[2026-05-16T11:41:28.717Z] [SyncDiag] RECEIVE-PUSH DONE: stored=0, applied=0, errors=0, oneWayTables=0
[2026-05-16T11:41:28.725Z] [SyncDiag] PREPARE-PULL START: vessel=7446783c-841a-11ed-aa7c-7003bca91a86, vesselCode=null, checkpoint=2026-05-16T11:38:17.042Z, shoreInstanceId=SHORE-PROD
[2026-05-16T11:41:28.880Z] [SyncDiag] PREPARE-PULL FIELD LOGS: 21 shore logs for vessel=7446783c-841a-11ed-aa7c-7003bca91a86 (excluded instance=SHIP-Vessel 5)
[2026-05-16T11:41:28.880Z] [SyncDiag] PREPARE-PULL FIELD LOG TABLES: {"vessel_survey_data":21}
[2026-05-16T11:41:29.088Z] [SyncDiag] PREPARE-PULL DONE: 17 one-way rows across 2 tables, 21 field logs, 0 conflicts
[2026-05-16T11:41:29.088Z] [SyncDiag] PREPARE-PULL ONE-WAY: ship_surveys_master — 14 rows
[2026-05-16T11:41:29.089Z] [SyncDiag] PREPARE-PULL ONE-WAY: vessel_survey_applicability — 3 rows
[2026-05-16T11:41:29.189Z] [SyncDiag] COMPLETE-SESSION: marking shore logs synced for vessel=7446783c-841a-11ed-aa7c-7003bca91a86 checkpointBefore=2026-05-16T11:38:17.042Z excludeInstance=SHIP-Vessel 5
[2026-05-16T11:41:29.241Z] [SyncDiag] COMPLETE-SESSION: found 21 shore logs to mark synced
[2026-05-16T11:41:29.375Z] [SyncDiag] COMPLETE-SESSION: found 0 ship logs to mark synced
[2026-05-16T11:42:28.001Z] [SyncDiag] RECEIVE-PUSH START: batch=d8b1e6ee-b5c9-42fe-b183-67940f18d6c2, vessel=744535d0-841a-11ed-aa7c-7003bca91a86, fieldLogs=0, oneWayRows=0
[2026-05-16T11:42:28.007Z] [SyncDiag] RECEIVE-PUSH DONE: stored=0, applied=0, errors=0, oneWayTables=0
[2026-05-16T11:42:28.015Z] [SyncDiag] PREPARE-PULL START: vessel=744535d0-841a-11ed-aa7c-7003bca91a86, vesselCode=null, checkpoint=2026-05-16T11:37:48.769Z, shoreInstanceId=SHORE-PROD
[2026-05-16T11:42:28.199Z] [SyncDiag] PREPARE-PULL FIELD LOGS: 21 shore logs for vessel=744535d0-841a-11ed-aa7c-7003bca91a86 (excluded instance=SHIP-Vessel 4)
[2026-05-16T11:42:28.200Z] [SyncDiag] PREPARE-PULL FIELD LOG TABLES: {"vessel_survey_data":21}
[2026-05-16T11:42:28.207Z] [SyncDiag] PREPARE-PULL DONE: 17 one-way rows across 2 tables, 21 field logs, 0 conflicts
[2026-05-16T11:42:28.208Z] [SyncDiag] PREPARE-PULL ONE-WAY: ship_surveys_master — 14 rows
[2026-05-16T11:42:28.208Z] [SyncDiag] PREPARE-PULL ONE-WAY: vessel_survey_applicability — 3 rows
[2026-05-16T11:42:28.309Z] [SyncDiag] COMPLETE-SESSION: marking shore logs synced for vessel=744535d0-841a-11ed-aa7c-7003bca91a86 checkpointBefore=2026-05-16T11:37:48.769Z excludeInstance=SHIP-Vessel 4
[2026-05-16T11:42:28.362Z] [SyncDiag] COMPLETE-SESSION: found 21 shore logs to mark synced
[2026-05-16T11:42:28.369Z] [SyncDiag] COMPLETE-SESSION: found 0 ship logs to mark synced
[2026-05-16T11:43:33.292Z] [SyncDiag] FIELD-LOGGER: vessel_survey_data row=54a9e738-f692-490a-927e-42ee80041ded — 7 fields changed, isInsert=true, vesselId=744535d0-841a-11ed-aa7c-7003bca91a86, instanceId=SHORE-PROD
[2026-05-16T11:43:41.540Z] [SyncDiag] RECEIVE-PUSH START: batch=344af3a1-73b7-4041-9b5e-e2fca05ee8bc, vessel=7446783c-841a-11ed-aa7c-7003bca91a86, fieldLogs=0, oneWayRows=0
[2026-05-16T11:43:41.546Z] [SyncDiag] RECEIVE-PUSH DONE: stored=0, applied=0, errors=0, oneWayTables=0
[2026-05-16T11:43:41.554Z] [SyncDiag] PREPARE-PULL START: vessel=7446783c-841a-11ed-aa7c-7003bca91a86, vesselCode=null, checkpoint=2026-05-16T11:41:29.188Z, shoreInstanceId=SHORE-PROD
[2026-05-16T11:43:41.762Z] [SyncDiag] PREPARE-PULL DIAG: vessel=7446783c-841a-11ed-aa7c-7003bca91a86 total_logs=65466 unsynced=0 after_instance_filter=0 exclude=SHIP-Vessel 5 since=2026-05-16T11:41:29.188Z instances=[]
[2026-05-16T11:43:41.762Z] [SyncDiag] PREPARE-PULL FIELD LOGS: 0 shore logs for vessel=7446783c-841a-11ed-aa7c-7003bca91a86 (excluded instance=SHIP-Vessel 5)
[2026-05-16T11:43:41.883Z] [SyncDiag] PREPARE-PULL DONE: 12 one-way rows across 1 tables, 0 field logs, 0 conflicts
[2026-05-16T11:43:41.883Z] [SyncDiag] PREPARE-PULL ONE-WAY: ship_surveys_master — 12 rows
[2026-05-16T11:43:41.925Z] [SyncDiag] COMPLETE-SESSION: marking shore logs synced for vessel=7446783c-841a-11ed-aa7c-7003bca91a86 checkpointBefore=2026-05-16T11:41:29.188Z excludeInstance=SHIP-Vessel 5
[2026-05-16T11:43:41.993Z] [SyncDiag] PREPARE-PULL DIAG: vessel=7446783c-841a-11ed-aa7c-7003bca91a86 total_logs=65466 unsynced=0 after_instance_filter=0 exclude=SHIP-Vessel 5 since=2026-05-16T11:41:29.188Z instances=[]
[2026-05-16T11:43:41.993Z] [SyncDiag] COMPLETE-SESSION: found 0 shore logs to mark synced
[2026-05-16T11:43:42.108Z] [SyncDiag] COMPLETE-SESSION: found 0 ship logs to mark synced
[2026-05-16T11:43:46.749Z] [SyncDiag] RECEIVE-PUSH START: batch=56f3c346-f0fb-4011-8b29-de9c10f73478, vessel=744535d0-841a-11ed-aa7c-7003bca91a86, fieldLogs=0, oneWayRows=0
[2026-05-16T11:43:46.753Z] [SyncDiag] RECEIVE-PUSH DONE: stored=0, applied=0, errors=0, oneWayTables=0
[2026-05-16T11:43:48.799Z] [SyncDiag] PREPARE-PULL START: vessel=744535d0-841a-11ed-aa7c-7003bca91a86, vesselCode=null, checkpoint=2026-05-16T11:42:28.308Z, shoreInstanceId=SHORE-PROD
[2026-05-16T11:43:48.982Z] [SyncDiag] PREPARE-PULL FIELD LOGS: 7 shore logs for vessel=744535d0-841a-11ed-aa7c-7003bca91a86 (excluded instance=SHIP-Vessel 4)
[2026-05-16T11:43:48.983Z] [SyncDiag] PREPARE-PULL FIELD LOG TABLES: {"vessel_survey_data":7}
[2026-05-16T11:43:48.990Z] [SyncDiag] PREPARE-PULL DONE: 13 one-way rows across 2 tables, 7 field logs, 0 conflicts
[2026-05-16T11:43:48.991Z] [SyncDiag] PREPARE-PULL ONE-WAY: ship_surveys_master — 12 rows
[2026-05-16T11:43:48.991Z] [SyncDiag] PREPARE-PULL ONE-WAY: vessel_survey_applicability — 1 rows
[2026-05-16T11:43:49.074Z] [SyncDiag] COMPLETE-SESSION: marking shore logs synced for vessel=744535d0-841a-11ed-aa7c-7003bca91a86 checkpointBefore=2026-05-16T11:42:28.308Z excludeInstance=SHIP-Vessel 4
[2026-05-16T11:43:49.123Z] [SyncDiag] COMPLETE-SESSION: found 7 shore logs to mark synced
[2026-05-16T11:43:49.130Z] [SyncDiag] COMPLETE-SESSION: found 0 ship logs to mark synced
[2026-05-16T11:48:26.705Z] [SyncDiag] RECEIVE-PUSH START: batch=3634ce31-ba06-4ff4-9160-9cf39184fd2b, vessel=744535d0-841a-11ed-aa7c-7003bca91a86, fieldLogs=19, oneWayRows=0
[2026-05-16T11:48:26.745Z] [SyncDiag] RECEIVE-PUSH: 19 field logs stored in sync_field_log
[2026-05-16T11:48:26.746Z] [SyncDiag] SYNC-APPLY TRIGGER BYPASS active for batch=3634ce31-ba06-4ff4-9160-9cf39184fd2b
[2026-05-16T11:48:26.746Z] [SyncDiag] FIELD-LOG-INSERT START: 19 logs
[2026-05-16T11:48:26.747Z] [SyncDiag] FIELD-LOG-INSERT: 1 groups from 19 logs
[2026-05-16T11:48:26.826Z] [SyncDiag] FIELD-LOG-INSERT OK: running_hours_audit row=ecc44432-285b-485c-8315-cc01edfca829 (21 columns)
[2026-05-16T11:48:26.845Z] [SyncDiag] RH-APPLY INSERT: component=6780d61c-d165-4980-9907-bc4f6acafb5c current_cumulative_rh updated from 0.00 to 115.00, last_updated=12 Mar 2025 05:30 from audit row ecc44432-285b-485c-8315-cc01edfca829
[2026-05-16T11:48:26.846Z] [SyncDiag] FIELD-LOG-INSERT DONE: inserted=1, updatePassthrough=0, errors=0
[2026-05-16T11:48:26.850Z] [SyncDiag] RECEIVE-PUSH DONE: stored=19, applied=1, errors=0, oneWayTables=0
[2026-05-16T11:48:28.877Z] [SyncDiag] PREPARE-PULL START: vessel=744535d0-841a-11ed-aa7c-7003bca91a86, vesselCode=null, checkpoint=2026-05-16T11:43:49.073Z, shoreInstanceId=SHORE-PROD
[2026-05-16T11:48:29.077Z] [SyncDiag] PREPARE-PULL DIAG: vessel=744535d0-841a-11ed-aa7c-7003bca91a86 total_logs=11851 unsynced=4025 after_instance_filter=4006 exclude=SHIP-Vessel 4 since=2026-05-16T11:43:49.073Z instances=[SHIP-Vessel 4:19, SHORE-PROD:4006]
[2026-05-16T11:48:29.078Z] [SyncDiag] PREPARE-PULL FIELD LOGS: 0 shore logs for vessel=744535d0-841a-11ed-aa7c-7003bca91a86 (excluded instance=SHIP-Vessel 4)
[2026-05-16T11:48:29.085Z] [SyncDiag] PREPARE-PULL DONE: 1 one-way rows across 1 tables, 0 field logs, 0 conflicts
[2026-05-16T11:48:29.086Z] [SyncDiag] PREPARE-PULL ONE-WAY: components — 1 rows
[2026-05-16T11:48:29.143Z] [SyncDiag] COMPLETE-SESSION: marking shore logs synced for vessel=744535d0-841a-11ed-aa7c-7003bca91a86 checkpointBefore=2026-05-16T11:43:49.073Z excludeInstance=SHIP-Vessel 4
[2026-05-16T11:48:29.205Z] [SyncDiag] PREPARE-PULL DIAG: vessel=744535d0-841a-11ed-aa7c-7003bca91a86 total_logs=11851 unsynced=4025 after_instance_filter=4006 exclude=SHIP-Vessel 4 since=2026-05-16T11:43:49.073Z instances=[SHIP-Vessel 4:19, SHORE-PROD:4006]
[2026-05-16T11:48:29.206Z] [SyncDiag] COMPLETE-SESSION: found 0 shore logs to mark synced
[2026-05-16T11:48:29.207Z] [SyncDiag] COMPLETE-SESSION: found 19 ship logs to mark synced
[2026-05-16T11:57:22.261Z] [SyncDiag] FIELD-LOGGER: vessel_certificate_data row=f4614a2d-4659-4df3-8e21-63287cc16272 — 9 fields changed, isInsert=true, vesselId=744535d0-841a-11ed-aa7c-7003bca91a86, instanceId=SHORE-PROD
[2026-05-16T11:57:33.750Z] [SyncDiag] FIELD-LOGGER: vessel_certificate_data row=f4614a2d-4659-4df3-8e21-63287cc16272 — 1 fields changed, isInsert=false, vesselId=744535d0-841a-11ed-aa7c-7003bca91a86, instanceId=SHORE-PROD
[2026-05-16T11:57:49.561Z] [SyncDiag] FIELD-LOGGER: vessel_certificate_data row=f4614a2d-4659-4df3-8e21-63287cc16272 — 1 fields changed, isInsert=false, vesselId=744535d0-841a-11ed-aa7c-7003bca91a86, instanceId=SHORE-PROD
[2026-05-16T12:10:08.462Z] [SyncDiag] RECEIVE-PUSH START: batch=cacf9624-8e33-42c9-81de-639b1bd33735, vessel=7446783c-841a-11ed-aa7c-7003bca91a86, fieldLogs=14, oneWayRows=0
[2026-05-16T12:10:08.491Z] [SyncDiag] RECEIVE-PUSH: 14 field logs stored in sync_field_log
[2026-05-16T12:10:08.493Z] [SyncDiag] SYNC-APPLY TRIGGER BYPASS active for batch=cacf9624-8e33-42c9-81de-639b1bd33735
[2026-05-16T12:10:08.493Z] [SyncDiag] FIELD-LOG-INSERT START: 14 logs
[2026-05-16T12:10:08.494Z] [SyncDiag] FIELD-LOG-INSERT: 2 groups from 14 logs
[2026-05-16T12:10:08.501Z] [SyncDiag] FIELD-LOG-INSERT OK: vessel_certificate_data row=c1f8f769-f533-4cb6-9041-e53065de6442 (9 columns)
[2026-05-16T12:10:08.508Z] [SyncDiag] FIELD-LOG-INSERT OK: vessel_survey_data row=a643f9fe-7d1f-446f-8d42-454ef970e0ba (9 columns)
[2026-05-16T12:10:08.509Z] [SyncDiag] FIELD-LOG-INSERT DONE: inserted=2, updatePassthrough=0, errors=0
[2026-05-16T12:10:08.535Z] [SyncDiag] ENSURE-MASTER: created 1 ship_certificates_master placeholder(s) for vessel=7446783c-841a-11ed-aa7c-7003bca91a86
[2026-05-16T12:10:08.540Z] [SyncDiag] ENSURE-MASTER: created 1 ship_surveys_master placeholder(s) for vessel=7446783c-841a-11ed-aa7c-7003bca91a86
[2026-05-16T12:10:08.553Z] [SyncDiag] ENSURE-APPLICABILITY: created 1 vessel_certificate_applicability row(s) for vessel=7446783c-841a-11ed-aa7c-7003bca91a86
[2026-05-16T12:10:08.559Z] [SyncDiag] ENSURE-APPLICABILITY: created 1 vessel_survey_applicability row(s) for vessel=7446783c-841a-11ed-aa7c-7003bca91a86
[2026-05-16T12:10:08.560Z] [SyncDiag] MASTER-HINT APPLIED: ship_surveys_master master_id=VES-010 name=Vessel 5 Survey
[2026-05-16T12:10:08.561Z] [SyncDiag] MASTER-HINT APPLIED: ship_certificates_master master_id=VES-017 name=Vessel 5 certificate
[2026-05-16T12:10:08.565Z] [SyncDiag] RECEIVE-PUSH DONE: stored=14, applied=2, errors=0, oneWayTables=0
[2026-05-16T12:10:08.574Z] [SyncDiag] PREPARE-PULL START: vessel=7446783c-841a-11ed-aa7c-7003bca91a86, vesselCode=null, checkpoint=2026-05-16T11:43:41.924Z, shoreInstanceId=SHORE-PROD
[2026-05-16T12:10:08.780Z] [SyncDiag] PREPARE-PULL DIAG: vessel=7446783c-841a-11ed-aa7c-7003bca91a86 total_logs=65480 unsynced=14 after_instance_filter=0 exclude=SHIP-Vessel 5 since=2026-05-16T11:43:41.924Z instances=[SHIP-Vessel 5:14]
[2026-05-16T12:10:08.781Z] [SyncDiag] PREPARE-PULL FIELD LOGS: 0 shore logs for vessel=7446783c-841a-11ed-aa7c-7003bca91a86 (excluded instance=SHIP-Vessel 5)
[2026-05-16T12:10:08.982Z] [SyncDiag] PREPARE-PULL DONE: 4 one-way rows across 4 tables, 0 field logs, 0 conflicts
[2026-05-16T12:10:08.983Z] [SyncDiag] PREPARE-PULL ONE-WAY: ship_certificates_master — 1 rows
[2026-05-16T12:10:08.984Z] [SyncDiag] PREPARE-PULL ONE-WAY: ship_surveys_master — 1 rows
[2026-05-16T12:10:08.984Z] [SyncDiag] PREPARE-PULL ONE-WAY: vessel_certificate_applicability — 1 rows
[2026-05-16T12:10:08.984Z] [SyncDiag] PREPARE-PULL ONE-WAY: vessel_survey_applicability — 1 rows
[2026-05-16T12:10:09.044Z] [SyncDiag] COMPLETE-SESSION: marking shore logs synced for vessel=7446783c-841a-11ed-aa7c-7003bca91a86 checkpointBefore=2026-05-16T11:43:41.924Z excludeInstance=SHIP-Vessel 5
[2026-05-16T12:10:09.118Z] [SyncDiag] PREPARE-PULL DIAG: vessel=7446783c-841a-11ed-aa7c-7003bca91a86 total_logs=65480 unsynced=14 after_instance_filter=0 exclude=SHIP-Vessel 5 since=2026-05-16T11:43:41.924Z instances=[SHIP-Vessel 5:14]
[2026-05-16T12:10:09.118Z] [SyncDiag] COMPLETE-SESSION: found 0 shore logs to mark synced
[2026-05-16T12:10:09.314Z] [SyncDiag] COMPLETE-SESSION: found 14 ship logs to mark synced
[2026-05-16T17:27:25.580Z] [SyncDiag] RECEIVE-PUSH START: batch=1a9a692a-ce2e-4a59-b521-eba85a91a336, vessel=7446783c-841a-11ed-aa7c-7003bca91a86, fieldLogs=0, oneWayRows=0
[2026-05-16T17:27:25.591Z] [SyncDiag] RECEIVE-PUSH DONE: stored=0, applied=0, errors=0, oneWayTables=0
[2026-05-16T17:27:25.600Z] [SyncDiag] PREPARE-PULL START: vessel=7446783c-841a-11ed-aa7c-7003bca91a86, vesselCode=null, checkpoint=2026-05-16T12:10:09.043Z, shoreInstanceId=SHORE-PROD
[2026-05-16T17:27:25.911Z] [SyncDiag] PREPARE-PULL DIAG: vessel=7446783c-841a-11ed-aa7c-7003bca91a86 total_logs=65480 unsynced=0 after_instance_filter=0 exclude=SHIP-Vessel 5 since=2026-05-16T12:10:09.043Z instances=[]
[2026-05-16T17:27:25.912Z] [SyncDiag] PREPARE-PULL FIELD LOGS: 0 shore logs for vessel=7446783c-841a-11ed-aa7c-7003bca91a86 (excluded instance=SHIP-Vessel 5)
[2026-05-16T17:27:26.856Z] [SyncDiag] PREPARE-PULL DONE: 0 one-way rows across 0 tables, 0 field logs, 0 conflicts
[2026-05-16T17:27:26.865Z] [SyncDiag] COMPLETE-SESSION: marking shore logs synced for vessel=7446783c-841a-11ed-aa7c-7003bca91a86 checkpointBefore=2026-05-16T12:10:09.043Z excludeInstance=SHIP-Vessel 5
[2026-05-16T17:27:26.937Z] [SyncDiag] PREPARE-PULL DIAG: vessel=7446783c-841a-11ed-aa7c-7003bca91a86 total_logs=65480 unsynced=0 after_instance_filter=0 exclude=SHIP-Vessel 5 since=2026-05-16T12:10:09.043Z instances=[]
[2026-05-16T17:27:26.937Z] [SyncDiag] COMPLETE-SESSION: found 0 shore logs to mark synced
[2026-05-16T17:27:27.344Z] [SyncDiag] COMPLETE-SESSION: found 0 ship logs to mark synced
[2026-05-16T23:27:23.418Z] [SyncDiag] RECEIVE-PUSH START: batch=3e66aa1a-0f12-4b2a-aeab-946e13230616, vessel=7446783c-841a-11ed-aa7c-7003bca91a86, fieldLogs=0, oneWayRows=0
[2026-05-16T23:27:23.424Z] [SyncDiag] RECEIVE-PUSH DONE: stored=0, applied=0, errors=0, oneWayTables=0
[2026-05-16T23:27:25.449Z] [SyncDiag] PREPARE-PULL START: vessel=7446783c-841a-11ed-aa7c-7003bca91a86, vesselCode=null, checkpoint=2026-05-16T17:27:26.864Z, shoreInstanceId=SHORE-PROD
[2026-05-16T23:27:25.709Z] [SyncDiag] PREPARE-PULL DIAG: vessel=7446783c-841a-11ed-aa7c-7003bca91a86 total_logs=65480 unsynced=0 after_instance_filter=0 exclude=SHIP-Vessel 5 since=2026-05-16T17:27:26.864Z instances=[]
[2026-05-16T23:27:25.709Z] [SyncDiag] PREPARE-PULL FIELD LOGS: 0 shore logs for vessel=7446783c-841a-11ed-aa7c-7003bca91a86 (excluded instance=SHIP-Vessel 5)
[2026-05-16T23:27:25.916Z] [SyncDiag] PREPARE-PULL DONE: 0 one-way rows across 0 tables, 0 field logs, 0 conflicts
[2026-05-16T23:27:25.926Z] [SyncDiag] COMPLETE-SESSION: marking shore logs synced for vessel=7446783c-841a-11ed-aa7c-7003bca91a86 checkpointBefore=2026-05-16T17:27:26.864Z excludeInstance=SHIP-Vessel 5
[2026-05-16T23:27:26.017Z] [SyncDiag] PREPARE-PULL DIAG: vessel=7446783c-841a-11ed-aa7c-7003bca91a86 total_logs=65480 unsynced=0 after_instance_filter=0 exclude=SHIP-Vessel 5 since=2026-05-16T17:27:26.864Z instances=[]
[2026-05-16T23:27:26.018Z] [SyncDiag] COMPLETE-SESSION: found 0 shore logs to mark synced
[2026-05-16T23:27:26.211Z] [SyncDiag] COMPLETE-SESSION: found 0 ship logs to mark synced
