[2026-06-05T00:00:25.340Z] [SyncDiag] FIELD-LOGGER: work_orders row=55dbcb31-4e74-49aa-a236-f06349556f07 — 1 fields changed, isInsert=false, vesselId=9d88f081-6e0f-41e5-9bdb-124b9d9cc3b8, instanceId=SHORE-PROD
[2026-06-05T00:00:25.348Z] [SyncDiag] FIELD-LOGGER: work_orders row=353828d6-7d78-4c02-a3e0-0d1efb74bf97 — 1 fields changed, isInsert=false, vesselId=9d88f081-6e0f-41e5-9bdb-124b9d9cc3b8, instanceId=SHORE-PROD
[2026-06-05T00:00:25.357Z] [SyncDiag] FIELD-LOGGER: work_orders row=15faeda6-8407-4ad1-91c0-fc0fbf1802f4 — 1 fields changed, isInsert=false, vesselId=9d88f081-6e0f-41e5-9bdb-124b9d9cc3b8, instanceId=SHORE-PROD
[2026-06-05T00:00:25.366Z] [SyncDiag] FIELD-LOGGER: work_orders row=6c49ac0c-bd59-4fe0-abf7-e2ceed30d10d — 1 fields changed, isInsert=false, vesselId=9d88f081-6e0f-41e5-9bdb-124b9d9cc3b8, instanceId=SHORE-PROD
[2026-06-05T00:00:25.374Z] [SyncDiag] FIELD-LOGGER: work_orders row=100fab8a-f269-4dfe-90a4-50bb7b2a7d48 — 1 fields changed, isInsert=false, vesselId=9d88f081-6e0f-41e5-9bdb-124b9d9cc3b8, instanceId=SHORE-PROD
[2026-06-05T00:00:25.384Z] [SyncDiag] FIELD-LOGGER: work_orders row=86197e5c-81ae-4e1d-b412-847dee9e43cd — 1 fields changed, isInsert=false, vesselId=9d88f081-6e0f-41e5-9bdb-124b9d9cc3b8, instanceId=SHORE-PROD
[2026-06-05T00:00:25.392Z] [SyncDiag] FIELD-LOGGER: work_orders row=93444ba4-abba-4726-b63b-c7447e1fa147 — 1 fields changed, isInsert=false, vesselId=9d88f081-6e0f-41e5-9bdb-124b9d9cc3b8, instanceId=SHORE-PROD
[2026-06-05T00:00:25.401Z] [SyncDiag] FIELD-LOGGER: work_orders row=ba5aac45-dbef-4241-8520-783fb8e54aa2 — 1 fields changed, isInsert=false, vesselId=9d88f081-6e0f-41e5-9bdb-124b9d9cc3b8, instanceId=SHORE-PROD
[2026-06-05T00:00:25.409Z] [SyncDiag] FIELD-LOGGER: work_orders row=3b70ce91-bc94-4321-8243-c3a1d0e2b7cb — 1 fields changed, isInsert=false, vesselId=9d88f081-6e0f-41e5-9bdb-124b9d9cc3b8, instanceId=SHORE-PROD
[2026-06-05T00:00:25.417Z] [SyncDiag] FIELD-LOGGER: work_orders row=e272c255-dbe7-4970-a513-8a0b9370d1a9 — 1 fields changed, isInsert=false, vesselId=9d88f081-6e0f-41e5-9bdb-124b9d9cc3b8, instanceId=SHORE-PROD
[2026-06-05T00:00:25.425Z] [SyncDiag] FIELD-LOGGER: work_orders row=d77ed978-ebf7-4674-9ff0-3e2a5d1aa91e — 1 fields changed, isInsert=false, vesselId=9d88f081-6e0f-41e5-9bdb-124b9d9cc3b8, instanceId=SHORE-PROD
[2026-06-05T00:00:25.432Z] [SyncDiag] FIELD-LOGGER: work_orders row=24290d0f-369e-44be-9bfb-ddecff9b26e2 — 1 fields changed, isInsert=false, vesselId=9d88f081-6e0f-41e5-9bdb-124b9d9cc3b8, instanceId=SHORE-PROD
[2026-06-05T00:00:25.439Z] [SyncDiag] FIELD-LOGGER: work_orders row=6f5cfac8-f439-4b5f-90f1-475c3900a425 — 1 fields changed, isInsert=false, vesselId=9d88f081-6e0f-41e5-9bdb-124b9d9cc3b8, instanceId=SHORE-PROD
[2026-06-05T00:00:25.449Z] [SyncDiag] FIELD-LOGGER: work_orders row=9a3e5201-8f83-4368-a470-2277e00571ac — 1 fields changed, isInsert=false, vesselId=9d88f081-6e0f-41e5-9bdb-124b9d9cc3b8, instanceId=SHORE-PROD
[2026-06-05T00:00:25.456Z] [SyncDiag] FIELD-LOGGER: work_orders row=838b6d59-fadc-4bb5-91bc-8a182c89027e — 1 fields changed, isInsert=false, vesselId=9d88f081-6e0f-41e5-9bdb-124b9d9cc3b8, instanceId=SHORE-PROD
[2026-06-05T00:00:25.463Z] [SyncDiag] FIELD-LOGGER: work_orders row=f11107be-de92-43d2-89c8-9a933425f8a1 — 1 fields changed, isInsert=false, vesselId=9d88f081-6e0f-41e5-9bdb-124b9d9cc3b8, instanceId=SHORE-PROD
[2026-06-05T00:00:25.470Z] [SyncDiag] FIELD-LOGGER: work_orders row=4b8f250a-dcc4-4757-b338-08559baa0ec8 — 1 fields changed, isInsert=false, vesselId=9d88f081-6e0f-41e5-9bdb-124b9d9cc3b8, instanceId=SHORE-PROD
[2026-06-05T00:00:25.477Z] [SyncDiag] FIELD-LOGGER: work_orders row=d6b14f53-0b1b-4813-97fb-bbcdbe6ee54a — 1 fields changed, isInsert=false, vesselId=9d88f081-6e0f-41e5-9bdb-124b9d9cc3b8, instanceId=SHORE-PROD
[2026-06-05T00:00:25.485Z] [SyncDiag] FIELD-LOGGER: work_orders row=7392b8f1-90b7-4d2c-a34b-bc58f6cf99d4 — 1 fields changed, isInsert=false, vesselId=9d88f081-6e0f-41e5-9bdb-124b9d9cc3b8, instanceId=SHORE-PROD
[2026-06-05T00:00:25.491Z] [SyncDiag] FIELD-LOGGER: work_orders row=43f1858b-2fd0-4721-8116-904f781a200b — 1 fields changed, isInsert=false, vesselId=9d88f081-6e0f-41e5-9bdb-124b9d9cc3b8, instanceId=SHORE-PROD
[2026-06-05T00:00:25.500Z] [SyncDiag] FIELD-LOGGER: work_orders row=c8c53ed7-c650-4f7c-a7e1-1315f572f9e4 — 1 fields changed, isInsert=false, vesselId=9d88f081-6e0f-41e5-9bdb-124b9d9cc3b8, instanceId=SHORE-PROD
[2026-06-05T00:00:25.506Z] [SyncDiag] FIELD-LOGGER: work_orders row=82c77fc9-74b2-49c9-80be-e526ee22e6a3 — 1 fields changed, isInsert=false, vesselId=9d88f081-6e0f-41e5-9bdb-124b9d9cc3b8, instanceId=SHORE-PROD
[2026-06-05T00:00:25.515Z] [SyncDiag] FIELD-LOGGER: work_orders row=a7287d8f-4361-48ea-a1f7-5dd5a1cf5e7f — 1 fields changed, isInsert=false, vesselId=9d88f081-6e0f-41e5-9bdb-124b9d9cc3b8, instanceId=SHORE-PROD
[2026-06-05T00:00:25.521Z] [SyncDiag] FIELD-LOGGER: work_orders row=4c5e50a7-cf17-4a61-b977-ad729aa80657 — 1 fields changed, isInsert=false, vesselId=9d88f081-6e0f-41e5-9bdb-124b9d9cc3b8, instanceId=SHORE-PROD
[2026-06-05T00:00:25.528Z] [SyncDiag] FIELD-LOGGER: work_orders row=6ddcec70-c7b5-4023-9672-6af9b9dcee8c — 1 fields changed, isInsert=false, vesselId=9d88f081-6e0f-41e5-9bdb-124b9d9cc3b8, instanceId=SHORE-PROD
[2026-06-05T00:00:25.535Z] [SyncDiag] FIELD-LOGGER: work_orders row=9dc8317b-8820-4de3-ae83-0f5e115ca840 — 1 fields changed, isInsert=false, vesselId=9d88f081-6e0f-41e5-9bdb-124b9d9cc3b8, instanceId=SHORE-PROD
[2026-06-05T00:00:25.541Z] [SyncDiag] FIELD-LOGGER: work_orders row=4ed869ab-8064-45a4-8656-8c7d86097ca4 — 1 fields changed, isInsert=false, vesselId=9d88f081-6e0f-41e5-9bdb-124b9d9cc3b8, instanceId=SHORE-PROD
[2026-06-05T00:00:25.548Z] [SyncDiag] FIELD-LOGGER: work_orders row=c2456948-b4aa-4103-9b46-fa5b94ff3be9 — 1 fields changed, isInsert=false, vesselId=9d88f081-6e0f-41e5-9bdb-124b9d9cc3b8, instanceId=SHORE-PROD
[2026-06-05T00:00:25.556Z] [SyncDiag] FIELD-LOGGER: work_orders row=7d649b4c-86df-42f1-aa2c-b43141cc8d64 — 1 fields changed, isInsert=false, vesselId=9d88f081-6e0f-41e5-9bdb-124b9d9cc3b8, instanceId=SHORE-PROD
[2026-06-05T00:00:25.564Z] [SyncDiag] FIELD-LOGGER: work_orders row=ff48057d-7b65-4835-9035-5e398d105e8f — 1 fields changed, isInsert=false, vesselId=9d88f081-6e0f-41e5-9bdb-124b9d9cc3b8, instanceId=SHORE-PROD
[2026-06-05T00:00:25.570Z] [SyncDiag] FIELD-LOGGER: work_orders row=2af2618b-ba77-4a15-b87e-1e58f9403656 — 1 fields changed, isInsert=false, vesselId=9d88f081-6e0f-41e5-9bdb-124b9d9cc3b8, instanceId=SHORE-PROD
[2026-06-05T00:00:25.578Z] [SyncDiag] FIELD-LOGGER: work_orders row=125ef966-2e50-4872-b1e9-07b23829ca7d — 1 fields changed, isInsert=false, vesselId=9d88f081-6e0f-41e5-9bdb-124b9d9cc3b8, instanceId=SHORE-PROD
[2026-06-05T00:00:25.584Z] [SyncDiag] FIELD-LOGGER: work_orders row=44cb66f2-15f2-434f-9966-2fb8d0015d35 — 1 fields changed, isInsert=false, vesselId=9d88f081-6e0f-41e5-9bdb-124b9d9cc3b8, instanceId=SHORE-PROD
[2026-06-05T00:00:25.590Z] [SyncDiag] FIELD-LOGGER: work_orders row=357bf97d-3c46-4d10-8b40-1a5fc3d6d202 — 1 fields changed, isInsert=false, vesselId=9d88f081-6e0f-41e5-9bdb-124b9d9cc3b8, instanceId=SHORE-PROD
[2026-06-05T00:00:25.598Z] [SyncDiag] FIELD-LOGGER: work_orders row=38190cea-4925-40f2-b511-276eb2105714 — 1 fields changed, isInsert=false, vesselId=9d88f081-6e0f-41e5-9bdb-124b9d9cc3b8, instanceId=SHORE-PROD
[2026-06-05T00:00:25.605Z] [SyncDiag] FIELD-LOGGER: work_orders row=ea4c6b28-adc4-464f-9a44-857f6300e94b — 1 fields changed, isInsert=false, vesselId=9d88f081-6e0f-41e5-9bdb-124b9d9cc3b8, instanceId=SHORE-PROD
[2026-06-05T00:00:25.612Z] [SyncDiag] FIELD-LOGGER: work_orders row=264c65ba-db06-49ff-bfd0-9e5644aa2a53 — 1 fields changed, isInsert=false, vesselId=9d88f081-6e0f-41e5-9bdb-124b9d9cc3b8, instanceId=SHORE-PROD
[2026-06-05T00:00:25.619Z] [SyncDiag] FIELD-LOGGER: work_orders row=a5cd2475-fef4-417f-b422-723b7f0c8b68 — 1 fields changed, isInsert=false, vesselId=9d88f081-6e0f-41e5-9bdb-124b9d9cc3b8, instanceId=SHORE-PROD
[2026-06-05T00:00:25.628Z] [SyncDiag] FIELD-LOGGER: work_orders row=e6ebabf4-ddca-4d6d-abaa-805dc1c236b7 — 1 fields changed, isInsert=false, vesselId=9d88f081-6e0f-41e5-9bdb-124b9d9cc3b8, instanceId=SHORE-PROD
[2026-06-05T00:00:25.637Z] [SyncDiag] FIELD-LOGGER: work_orders row=80ea87df-27ae-417f-98af-d77ae6068d7a — 1 fields changed, isInsert=false, vesselId=9d88f081-6e0f-41e5-9bdb-124b9d9cc3b8, instanceId=SHORE-PROD
[2026-06-05T00:00:25.643Z] [SyncDiag] FIELD-LOGGER: work_orders row=47207cdd-59c5-42c3-b5ca-447de159fd74 — 1 fields changed, isInsert=false, vesselId=9d88f081-6e0f-41e5-9bdb-124b9d9cc3b8, instanceId=SHORE-PROD
[2026-06-05T00:00:25.650Z] [SyncDiag] FIELD-LOGGER: work_orders row=710b08c1-fced-494f-9f08-b728bde8dbe0 — 1 fields changed, isInsert=false, vesselId=9d88f081-6e0f-41e5-9bdb-124b9d9cc3b8, instanceId=SHORE-PROD
[2026-06-05T00:00:25.657Z] [SyncDiag] FIELD-LOGGER: work_orders row=f5232a73-29ca-4ca8-90de-19a7ed6f7b61 — 1 fields changed, isInsert=false, vesselId=9d88f081-6e0f-41e5-9bdb-124b9d9cc3b8, instanceId=SHORE-PROD
[2026-06-05T00:00:25.663Z] [SyncDiag] FIELD-LOGGER: work_orders row=0324f285-066d-4d7a-a526-1c76f1e7cf99 — 1 fields changed, isInsert=false, vesselId=9d88f081-6e0f-41e5-9bdb-124b9d9cc3b8, instanceId=SHORE-PROD
[2026-06-05T00:00:25.670Z] [SyncDiag] FIELD-LOGGER: work_orders row=1a566c5d-3e52-4e29-b08b-44f8d92a3c66 — 1 fields changed, isInsert=false, vesselId=9d88f081-6e0f-41e5-9bdb-124b9d9cc3b8, instanceId=SHORE-PROD
[2026-06-05T00:00:25.675Z] [SyncDiag] FIELD-LOGGER: work_orders row=c1e63177-1007-4bb2-b9f9-c76cfda09ec9 — 1 fields changed, isInsert=false, vesselId=9d88f081-6e0f-41e5-9bdb-124b9d9cc3b8, instanceId=SHORE-PROD
[2026-06-05T00:00:25.681Z] [SyncDiag] FIELD-LOGGER: work_orders row=634a3f3d-6c67-409b-ab2e-01d9c83c8137 — 1 fields changed, isInsert=false, vesselId=9d88f081-6e0f-41e5-9bdb-124b9d9cc3b8, instanceId=SHORE-PROD
[2026-06-05T00:00:25.691Z] [SyncDiag] FIELD-LOGGER: work_orders row=ba304539-3179-43a3-b7c9-ea5f5a411c30 — 1 fields changed, isInsert=false, vesselId=13421138-e990-45d9-ab09-94f01faeebe2, instanceId=SHORE-PROD
[2026-06-05T00:00:25.697Z] [SyncDiag] FIELD-LOGGER: work_orders row=984a0d9a-57e8-4c6c-9336-9090b783fb6f — 1 fields changed, isInsert=false, vesselId=13421138-e990-45d9-ab09-94f01faeebe2, instanceId=SHORE-PROD
[2026-06-05T00:00:25.704Z] [SyncDiag] FIELD-LOGGER: work_orders row=88ee5d92-e2d2-4397-83ce-0075f0f721a3 — 1 fields changed, isInsert=false, vesselId=13421138-e990-45d9-ab09-94f01faeebe2, instanceId=SHORE-PROD
[2026-06-05T00:00:25.714Z] [SyncDiag] FIELD-LOGGER: work_orders row=ad61f87b-95d2-4852-bb43-a39794c965be — 1 fields changed, isInsert=false, vesselId=13421138-e990-45d9-ab09-94f01faeebe2, instanceId=SHORE-PROD
[2026-06-05T00:00:25.720Z] [SyncDiag] FIELD-LOGGER: work_orders row=ee114bc6-0435-44ec-a4e1-f4c55b3cb7a8 — 1 fields changed, isInsert=false, vesselId=13421138-e990-45d9-ab09-94f01faeebe2, instanceId=SHORE-PROD
[2026-06-05T00:00:25.726Z] [SyncDiag] FIELD-LOGGER: work_orders row=d9a3c770-07a1-49de-8876-38bedd0c3343 — 1 fields changed, isInsert=false, vesselId=13421138-e990-45d9-ab09-94f01faeebe2, instanceId=SHORE-PROD
[2026-06-05T00:00:25.734Z] [SyncDiag] FIELD-LOGGER: work_orders row=a79167cf-e7d2-4e20-be66-d576cf637c88 — 1 fields changed, isInsert=false, vesselId=13421138-e990-45d9-ab09-94f01faeebe2, instanceId=SHORE-PROD
[2026-06-05T00:00:25.741Z] [SyncDiag] FIELD-LOGGER: work_orders row=7dbb513e-b9de-4db6-9aa6-a47b3955cc6f — 1 fields changed, isInsert=false, vesselId=13421138-e990-45d9-ab09-94f01faeebe2, instanceId=SHORE-PROD
[2026-06-05T00:00:25.748Z] [SyncDiag] FIELD-LOGGER: work_orders row=ca400fac-de82-41c4-8447-f35f355185cf — 1 fields changed, isInsert=false, vesselId=13421138-e990-45d9-ab09-94f01faeebe2, instanceId=SHORE-PROD
[2026-06-05T00:00:25.754Z] [SyncDiag] FIELD-LOGGER: work_orders row=66893d67-1896-4fea-ac92-498b36b01947 — 1 fields changed, isInsert=false, vesselId=13421138-e990-45d9-ab09-94f01faeebe2, instanceId=SHORE-PROD
[2026-06-05T00:00:25.762Z] [SyncDiag] FIELD-LOGGER: work_orders row=b12a8243-2034-4ef6-aa68-96afe5c5a159 — 1 fields changed, isInsert=false, vesselId=13421138-e990-45d9-ab09-94f01faeebe2, instanceId=SHORE-PROD
[2026-06-05T00:00:25.769Z] [SyncDiag] FIELD-LOGGER: work_orders row=5ad01faa-8ad1-4f0f-ad15-654f4b90d514 — 1 fields changed, isInsert=false, vesselId=13421138-e990-45d9-ab09-94f01faeebe2, instanceId=SHORE-PROD
[2026-06-05T00:00:25.775Z] [SyncDiag] FIELD-LOGGER: work_orders row=6cfece60-5489-42af-b447-b04fbacf3ecd — 1 fields changed, isInsert=false, vesselId=13421138-e990-45d9-ab09-94f01faeebe2, instanceId=SHORE-PROD
[2026-06-05T00:00:25.782Z] [SyncDiag] FIELD-LOGGER: work_orders row=05ba8985-ab8b-4b53-8529-6fb4b1327757 — 1 fields changed, isInsert=false, vesselId=13421138-e990-45d9-ab09-94f01faeebe2, instanceId=SHORE-PROD
[2026-06-05T00:00:25.789Z] [SyncDiag] FIELD-LOGGER: work_orders row=d63754ba-79d9-4125-8dee-32051bb61a79 — 1 fields changed, isInsert=false, vesselId=13421138-e990-45d9-ab09-94f01faeebe2, instanceId=SHORE-PROD
[2026-06-05T00:00:25.794Z] [SyncDiag] FIELD-LOGGER: work_orders row=ec9dbbe5-f811-4e44-89f9-642ba507a322 — 1 fields changed, isInsert=false, vesselId=13421138-e990-45d9-ab09-94f01faeebe2, instanceId=SHORE-PROD
[2026-06-05T00:00:25.802Z] [SyncDiag] FIELD-LOGGER: work_orders row=b3e06416-298b-4af7-8fb6-12d17e471ae6 — 1 fields changed, isInsert=false, vesselId=13421138-e990-45d9-ab09-94f01faeebe2, instanceId=SHORE-PROD
[2026-06-05T00:00:25.809Z] [SyncDiag] FIELD-LOGGER: work_orders row=75911baf-e16f-4749-93e1-66b55b5d93e0 — 1 fields changed, isInsert=false, vesselId=13421138-e990-45d9-ab09-94f01faeebe2, instanceId=SHORE-PROD
[2026-06-05T00:00:25.815Z] [SyncDiag] FIELD-LOGGER: work_orders row=9b4f2d48-338c-4a5a-bc6e-14c6a0c6d245 — 1 fields changed, isInsert=false, vesselId=13421138-e990-45d9-ab09-94f01faeebe2, instanceId=SHORE-PROD
[2026-06-05T00:00:25.823Z] [SyncDiag] FIELD-LOGGER: work_orders row=dc057ba3-1914-4702-8bf1-6523023bd434 — 1 fields changed, isInsert=false, vesselId=13421138-e990-45d9-ab09-94f01faeebe2, instanceId=SHORE-PROD
[2026-06-05T00:00:25.831Z] [SyncDiag] FIELD-LOGGER: work_orders row=1fe88762-33b3-4b25-8af4-798aa9375507 — 1 fields changed, isInsert=false, vesselId=13421138-e990-45d9-ab09-94f01faeebe2, instanceId=SHORE-PROD
[2026-06-05T00:00:25.839Z] [SyncDiag] FIELD-LOGGER: work_orders row=114cc5fc-f029-478b-b175-4bb600d9aab9 — 1 fields changed, isInsert=false, vesselId=13421138-e990-45d9-ab09-94f01faeebe2, instanceId=SHORE-PROD
[2026-06-05T00:00:25.847Z] [SyncDiag] FIELD-LOGGER: work_orders row=6351a4b7-3968-44b3-9802-7d37d5c61246 — 1 fields changed, isInsert=false, vesselId=13421138-e990-45d9-ab09-94f01faeebe2, instanceId=SHORE-PROD
[2026-06-05T00:00:25.856Z] [SyncDiag] FIELD-LOGGER: work_orders row=5c65f32c-3ad4-42b9-a453-c68e8909730e — 1 fields changed, isInsert=false, vesselId=13421138-e990-45d9-ab09-94f01faeebe2, instanceId=SHORE-PROD
[2026-06-05T00:00:25.865Z] [SyncDiag] FIELD-LOGGER: work_orders row=0d155ec6-dafc-4059-a7c6-fbec03b50084 — 1 fields changed, isInsert=false, vesselId=13421138-e990-45d9-ab09-94f01faeebe2, instanceId=SHORE-PROD
[2026-06-05T00:00:25.872Z] [SyncDiag] FIELD-LOGGER: work_orders row=a60b9401-d049-4fc7-ac60-3534afe12044 — 1 fields changed, isInsert=false, vesselId=13421138-e990-45d9-ab09-94f01faeebe2, instanceId=SHORE-PROD
[2026-06-05T00:00:25.878Z] [SyncDiag] FIELD-LOGGER: work_orders row=6fed21e4-7b62-49e1-8672-4197c1faf5c3 — 1 fields changed, isInsert=false, vesselId=13421138-e990-45d9-ab09-94f01faeebe2, instanceId=SHORE-PROD
[2026-06-05T00:00:25.886Z] [SyncDiag] FIELD-LOGGER: work_orders row=5286c55b-bff3-40e8-a777-4bf455bfd3a1 — 1 fields changed, isInsert=false, vesselId=13421138-e990-45d9-ab09-94f01faeebe2, instanceId=SHORE-PROD
[2026-06-05T00:00:25.892Z] [SyncDiag] FIELD-LOGGER: work_orders row=51ef41d4-bd91-41e4-9977-507ae71e4e97 — 1 fields changed, isInsert=false, vesselId=13421138-e990-45d9-ab09-94f01faeebe2, instanceId=SHORE-PROD
[2026-06-05T00:00:25.898Z] [SyncDiag] FIELD-LOGGER: work_orders row=bb1b00d4-37f5-4821-9e32-1aa122168ffd — 1 fields changed, isInsert=false, vesselId=13421138-e990-45d9-ab09-94f01faeebe2, instanceId=SHORE-PROD
[2026-06-05T00:00:25.904Z] [SyncDiag] FIELD-LOGGER: work_orders row=5accf784-f714-4985-ab73-81e64b63b0ef — 1 fields changed, isInsert=false, vesselId=13421138-e990-45d9-ab09-94f01faeebe2, instanceId=SHORE-PROD
[2026-06-05T00:00:25.912Z] [SyncDiag] FIELD-LOGGER: work_orders row=093fcb83-502c-4d54-9fd1-f0a8db1b1369 — 1 fields changed, isInsert=false, vesselId=13421138-e990-45d9-ab09-94f01faeebe2, instanceId=SHORE-PROD
[2026-06-05T00:00:25.918Z] [SyncDiag] FIELD-LOGGER: work_orders row=016f41b7-2b7b-48ad-b4c2-b1185656a6ca — 1 fields changed, isInsert=false, vesselId=13421138-e990-45d9-ab09-94f01faeebe2, instanceId=SHORE-PROD
[2026-06-05T00:00:25.926Z] [SyncDiag] FIELD-LOGGER: work_orders row=2e6d20de-079a-4617-8329-925219b425ea — 1 fields changed, isInsert=false, vesselId=13421138-e990-45d9-ab09-94f01faeebe2, instanceId=SHORE-PROD
[2026-06-05T00:00:25.933Z] [SyncDiag] FIELD-LOGGER: work_orders row=4c128ddb-329c-488e-a49e-fb0c620bc910 — 1 fields changed, isInsert=false, vesselId=13421138-e990-45d9-ab09-94f01faeebe2, instanceId=SHORE-PROD
[2026-06-05T00:00:25.939Z] [SyncDiag] FIELD-LOGGER: work_orders row=9a1645a3-74f7-484b-8133-4a3c710f2d18 — 1 fields changed, isInsert=false, vesselId=13421138-e990-45d9-ab09-94f01faeebe2, instanceId=SHORE-PROD
[2026-06-05T00:00:25.947Z] [SyncDiag] FIELD-LOGGER: work_orders row=41e4b956-dcfc-4ab1-8a6a-7126f10e4607 — 1 fields changed, isInsert=false, vesselId=13421138-e990-45d9-ab09-94f01faeebe2, instanceId=SHORE-PROD
[2026-06-05T00:00:25.954Z] [SyncDiag] FIELD-LOGGER: work_orders row=c3229dfc-7edb-4542-9063-1969ecffdb1e — 1 fields changed, isInsert=false, vesselId=13421138-e990-45d9-ab09-94f01faeebe2, instanceId=SHORE-PROD
[2026-06-05T00:00:25.961Z] [SyncDiag] FIELD-LOGGER: work_orders row=dd64b67f-3e12-43db-8a56-4058e3569875 — 1 fields changed, isInsert=false, vesselId=13421138-e990-45d9-ab09-94f01faeebe2, instanceId=SHORE-PROD
[2026-06-05T00:00:25.967Z] [SyncDiag] FIELD-LOGGER: work_orders row=c5d7d641-7773-4e4a-8c42-8580864f1737 — 1 fields changed, isInsert=false, vesselId=13421138-e990-45d9-ab09-94f01faeebe2, instanceId=SHORE-PROD
[2026-06-05T00:00:25.974Z] [SyncDiag] FIELD-LOGGER: work_orders row=19c0d412-34f3-4066-9816-83e9289a3bab — 1 fields changed, isInsert=false, vesselId=13421138-e990-45d9-ab09-94f01faeebe2, instanceId=SHORE-PROD
[2026-06-05T00:00:25.981Z] [SyncDiag] FIELD-LOGGER: work_orders row=14a3d27b-f0b9-492b-8fad-595b1d36892c — 1 fields changed, isInsert=false, vesselId=13421138-e990-45d9-ab09-94f01faeebe2, instanceId=SHORE-PROD
[2026-06-05T00:00:25.988Z] [SyncDiag] FIELD-LOGGER: work_orders row=4c5aaaec-965f-4534-b20c-813759da07b6 — 1 fields changed, isInsert=false, vesselId=13421138-e990-45d9-ab09-94f01faeebe2, instanceId=SHORE-PROD
[2026-06-05T00:00:25.995Z] [SyncDiag] FIELD-LOGGER: work_orders row=32f24a65-bbfa-4b2b-b31a-cc4a04fb9a3f — 1 fields changed, isInsert=false, vesselId=13421138-e990-45d9-ab09-94f01faeebe2, instanceId=SHORE-PROD
[2026-06-05T00:00:26.004Z] [SyncDiag] FIELD-LOGGER: work_orders row=6f27ea2f-2365-437e-9394-c308fac801b7 — 1 fields changed, isInsert=false, vesselId=cd03135a-f38a-40de-b7d6-27ba85b633dc, instanceId=SHORE-PROD
[2026-06-05T00:00:26.010Z] [SyncDiag] FIELD-LOGGER: work_orders row=21dac58b-19a2-420f-842e-ae05a145ebba — 1 fields changed, isInsert=false, vesselId=cd03135a-f38a-40de-b7d6-27ba85b633dc, instanceId=SHORE-PROD
[2026-06-05T00:00:26.017Z] [SyncDiag] FIELD-LOGGER: work_orders row=ee7d8570-26d2-45b1-a795-48b76089bbb0 — 1 fields changed, isInsert=false, vesselId=cd03135a-f38a-40de-b7d6-27ba85b633dc, instanceId=SHORE-PROD
[2026-06-05T00:00:26.025Z] [SyncDiag] FIELD-LOGGER: work_orders row=0b61a79f-17db-431f-80ec-9aa1006b5788 — 1 fields changed, isInsert=false, vesselId=cd03135a-f38a-40de-b7d6-27ba85b633dc, instanceId=SHORE-PROD
[2026-06-05T00:00:26.031Z] [SyncDiag] FIELD-LOGGER: work_orders row=73d75497-7266-4586-af14-b0deae11a9bf — 1 fields changed, isInsert=false, vesselId=cd03135a-f38a-40de-b7d6-27ba85b633dc, instanceId=SHORE-PROD
[2026-06-05T00:00:26.039Z] [SyncDiag] FIELD-LOGGER: work_orders row=0d40f33e-a679-402c-9030-cb2ea4879411 — 1 fields changed, isInsert=false, vesselId=cd03135a-f38a-40de-b7d6-27ba85b633dc, instanceId=SHORE-PROD
[2026-06-05T00:00:26.046Z] [SyncDiag] FIELD-LOGGER: work_orders row=c19ca0a2-d60b-40c8-aa70-964ad876f846 — 1 fields changed, isInsert=false, vesselId=cd03135a-f38a-40de-b7d6-27ba85b633dc, instanceId=SHORE-PROD
[2026-06-05T00:00:26.053Z] [SyncDiag] FIELD-LOGGER: work_orders row=62a00887-457c-4a4a-afaa-9ab3f9639539 — 1 fields changed, isInsert=false, vesselId=cd03135a-f38a-40de-b7d6-27ba85b633dc, instanceId=SHORE-PROD
[2026-06-05T00:00:26.059Z] [SyncDiag] FIELD-LOGGER: work_orders row=ec38e7c2-7578-4411-aa31-1353ced98eb9 — 1 fields changed, isInsert=false, vesselId=cd03135a-f38a-40de-b7d6-27ba85b633dc, instanceId=SHORE-PROD
[2026-06-05T00:00:26.065Z] [SyncDiag] FIELD-LOGGER: work_orders row=dd5b4c0c-5197-4946-af23-9825c95d9430 — 1 fields changed, isInsert=false, vesselId=cd03135a-f38a-40de-b7d6-27ba85b633dc, instanceId=SHORE-PROD
[2026-06-05T00:00:26.072Z] [SyncDiag] FIELD-LOGGER: work_orders row=757ad7ed-126c-4743-8aca-d84628f0022c — 1 fields changed, isInsert=false, vesselId=cd03135a-f38a-40de-b7d6-27ba85b633dc, instanceId=SHORE-PROD
[2026-06-05T00:00:26.079Z] [SyncDiag] FIELD-LOGGER: work_orders row=d8aab4b3-e442-4ede-8254-989c523bca46 — 1 fields changed, isInsert=false, vesselId=cd03135a-f38a-40de-b7d6-27ba85b633dc, instanceId=SHORE-PROD
[2026-06-05T00:00:26.086Z] [SyncDiag] FIELD-LOGGER: work_orders row=51477e9d-a278-44fb-94f6-f680759e03c1 — 1 fields changed, isInsert=false, vesselId=cd03135a-f38a-40de-b7d6-27ba85b633dc, instanceId=SHORE-PROD
[2026-06-05T00:00:26.092Z] [SyncDiag] FIELD-LOGGER: work_orders row=fc257b88-9308-4fcb-a53a-dca560b8dcc9 — 1 fields changed, isInsert=false, vesselId=cd03135a-f38a-40de-b7d6-27ba85b633dc, instanceId=SHORE-PROD
[2026-06-05T00:00:26.099Z] [SyncDiag] FIELD-LOGGER: work_orders row=e583148b-bbc6-410e-8eee-0f0beb873ce0 — 1 fields changed, isInsert=false, vesselId=cd03135a-f38a-40de-b7d6-27ba85b633dc, instanceId=SHORE-PROD
[2026-06-05T00:02:42.520Z] [SyncDiag] RECEIVE-PUSH START: batch=1bce242b-a28c-46b8-bc86-ab587825c1c2, vessel=7446783c-841a-11ed-aa7c-7003bca91a86, fieldLogs=0, oneWayRows=0
[2026-06-05T00:02:42.526Z] [SyncDiag] RECEIVE-PUSH DONE: stored=0, applied=0, errors=0, oneWayTables=0
[2026-06-05T00:02:44.556Z] [SyncDiag] PREPARE-PULL START: vessel=7446783c-841a-11ed-aa7c-7003bca91a86, vesselCode=null, checkpoint=2026-06-04T23:58:45.052Z, shoreInstanceId=SHORE-PROD
[2026-06-05T00:02:44.791Z] [SyncDiag] PREPARE-PULL DIAG: vessel=7446783c-841a-11ed-aa7c-7003bca91a86 total_logs=68970 unsynced=0 after_instance_filter=0 exclude=SHIP-Vessel 5 since=2026-06-04T23:58:45.052Z instances=[]
[2026-06-05T00:02:44.792Z] [SyncDiag] PREPARE-PULL FIELD LOGS: 0 shore logs for vessel=7446783c-841a-11ed-aa7c-7003bca91a86 (excluded instance=SHIP-Vessel 5)
[2026-06-05T00:02:45.044Z] [SyncDiag] PREPARE-PULL DONE: 0 one-way rows across 0 tables, 0 field logs, 0 conflicts
[2026-06-05T00:02:45.054Z] [SyncDiag] COMPLETE-SESSION: marking shore logs synced for vessel=7446783c-841a-11ed-aa7c-7003bca91a86 checkpointBefore=2026-06-04T23:58:45.052Z excludeInstance=SHIP-Vessel 5
[2026-06-05T00:02:45.135Z] [SyncDiag] PREPARE-PULL DIAG: vessel=7446783c-841a-11ed-aa7c-7003bca91a86 total_logs=68970 unsynced=0 after_instance_filter=0 exclude=SHIP-Vessel 5 since=2026-06-04T23:58:45.052Z instances=[]
[2026-06-05T00:02:45.135Z] [SyncDiag] COMPLETE-SESSION: found 0 shore logs to mark synced
[2026-06-05T00:02:45.351Z] [SyncDiag] COMPLETE-SESSION: found 0 ship logs to mark synced
[2026-06-05T00:06:42.526Z] [SyncDiag] RECEIVE-PUSH START: batch=d6da080b-20f8-4f85-97e5-ceafb12062ad, vessel=7446783c-841a-11ed-aa7c-7003bca91a86, fieldLogs=0, oneWayRows=0
[2026-06-05T00:06:42.532Z] [SyncDiag] RECEIVE-PUSH DONE: stored=0, applied=0, errors=0, oneWayTables=0
[2026-06-05T00:06:44.558Z] [SyncDiag] PREPARE-PULL START: vessel=7446783c-841a-11ed-aa7c-7003bca91a86, vesselCode=null, checkpoint=2026-06-05T00:02:45.052Z, shoreInstanceId=SHORE-PROD
[2026-06-05T00:06:44.789Z] [SyncDiag] PREPARE-PULL DIAG: vessel=7446783c-841a-11ed-aa7c-7003bca91a86 total_logs=68970 unsynced=0 after_instance_filter=0 exclude=SHIP-Vessel 5 since=2026-06-05T00:02:45.052Z instances=[]
[2026-06-05T00:06:44.790Z] [SyncDiag] PREPARE-PULL FIELD LOGS: 0 shore logs for vessel=7446783c-841a-11ed-aa7c-7003bca91a86 (excluded instance=SHIP-Vessel 5)
[2026-06-05T00:06:45.033Z] [SyncDiag] PREPARE-PULL DONE: 0 one-way rows across 0 tables, 0 field logs, 0 conflicts
[2026-06-05T00:06:45.042Z] [SyncDiag] COMPLETE-SESSION: marking shore logs synced for vessel=7446783c-841a-11ed-aa7c-7003bca91a86 checkpointBefore=2026-06-05T00:02:45.052Z excludeInstance=SHIP-Vessel 5
[2026-06-05T00:06:45.119Z] [SyncDiag] PREPARE-PULL DIAG: vessel=7446783c-841a-11ed-aa7c-7003bca91a86 total_logs=68970 unsynced=0 after_instance_filter=0 exclude=SHIP-Vessel 5 since=2026-06-05T00:02:45.052Z instances=[]
[2026-06-05T00:06:45.119Z] [SyncDiag] COMPLETE-SESSION: found 0 shore logs to mark synced
[2026-06-05T00:06:45.334Z] [SyncDiag] COMPLETE-SESSION: found 0 ship logs to mark synced
[2026-06-05T00:10:42.531Z] [SyncDiag] RECEIVE-PUSH START: batch=2fa8c0f8-28c8-4d3b-a7e3-d06d8fdb74bb, vessel=7446783c-841a-11ed-aa7c-7003bca91a86, fieldLogs=0, oneWayRows=0
[2026-06-05T00:10:42.538Z] [SyncDiag] RECEIVE-PUSH DONE: stored=0, applied=0, errors=0, oneWayTables=0
[2026-06-05T00:10:44.564Z] [SyncDiag] PREPARE-PULL START: vessel=7446783c-841a-11ed-aa7c-7003bca91a86, vesselCode=null, checkpoint=2026-06-05T00:06:45.041Z, shoreInstanceId=SHORE-PROD
[2026-06-05T00:10:44.802Z] [SyncDiag] PREPARE-PULL DIAG: vessel=7446783c-841a-11ed-aa7c-7003bca91a86 total_logs=68970 unsynced=0 after_instance_filter=0 exclude=SHIP-Vessel 5 since=2026-06-05T00:06:45.041Z instances=[]
[2026-06-05T00:10:44.803Z] [SyncDiag] PREPARE-PULL FIELD LOGS: 0 shore logs for vessel=7446783c-841a-11ed-aa7c-7003bca91a86 (excluded instance=SHIP-Vessel 5)
[2026-06-05T00:10:45.028Z] [SyncDiag] PREPARE-PULL DONE: 0 one-way rows across 0 tables, 0 field logs, 0 conflicts
[2026-06-05T00:10:45.038Z] [SyncDiag] COMPLETE-SESSION: marking shore logs synced for vessel=7446783c-841a-11ed-aa7c-7003bca91a86 checkpointBefore=2026-06-05T00:06:45.041Z excludeInstance=SHIP-Vessel 5
[2026-06-05T00:10:45.116Z] [SyncDiag] PREPARE-PULL DIAG: vessel=7446783c-841a-11ed-aa7c-7003bca91a86 total_logs=68970 unsynced=0 after_instance_filter=0 exclude=SHIP-Vessel 5 since=2026-06-05T00:06:45.041Z instances=[]
[2026-06-05T00:10:45.116Z] [SyncDiag] COMPLETE-SESSION: found 0 shore logs to mark synced
[2026-06-05T00:10:45.324Z] [SyncDiag] COMPLETE-SESSION: found 0 ship logs to mark synced
[2026-06-05T00:14:42.533Z] [SyncDiag] RECEIVE-PUSH START: batch=038b4624-e811-4415-a32b-44e7b300fc16, vessel=7446783c-841a-11ed-aa7c-7003bca91a86, fieldLogs=0, oneWayRows=0
[2026-06-05T00:14:42.540Z] [SyncDiag] RECEIVE-PUSH DONE: stored=0, applied=0, errors=0, oneWayTables=0
[2026-06-05T00:14:44.581Z] [SyncDiag] PREPARE-PULL START: vessel=7446783c-841a-11ed-aa7c-7003bca91a86, vesselCode=null, checkpoint=2026-06-05T00:10:45.036Z, shoreInstanceId=SHORE-PROD
[2026-06-05T00:14:44.819Z] [SyncDiag] PREPARE-PULL DIAG: vessel=7446783c-841a-11ed-aa7c-7003bca91a86 total_logs=68970 unsynced=0 after_instance_filter=0 exclude=SHIP-Vessel 5 since=2026-06-05T00:10:45.036Z instances=[]
[2026-06-05T00:14:44.820Z] [SyncDiag] PREPARE-PULL FIELD LOGS: 0 shore logs for vessel=7446783c-841a-11ed-aa7c-7003bca91a86 (excluded instance=SHIP-Vessel 5)
[2026-06-05T00:14:45.046Z] [SyncDiag] PREPARE-PULL DONE: 0 one-way rows across 0 tables, 0 field logs, 0 conflicts
[2026-06-05T00:14:45.066Z] [SyncDiag] COMPLETE-SESSION: marking shore logs synced for vessel=7446783c-841a-11ed-aa7c-7003bca91a86 checkpointBefore=2026-06-05T00:10:45.036Z excludeInstance=SHIP-Vessel 5
[2026-06-05T00:14:45.142Z] [SyncDiag] PREPARE-PULL DIAG: vessel=7446783c-841a-11ed-aa7c-7003bca91a86 total_logs=68970 unsynced=0 after_instance_filter=0 exclude=SHIP-Vessel 5 since=2026-06-05T00:10:45.036Z instances=[]
[2026-06-05T00:14:45.143Z] [SyncDiag] COMPLETE-SESSION: found 0 shore logs to mark synced
[2026-06-05T00:14:45.344Z] [SyncDiag] COMPLETE-SESSION: found 0 ship logs to mark synced
[2026-06-05T00:18:42.543Z] [SyncDiag] RECEIVE-PUSH START: batch=e41d21e3-2004-4a7a-be63-ca06d79b4d07, vessel=7446783c-841a-11ed-aa7c-7003bca91a86, fieldLogs=0, oneWayRows=0
[2026-06-05T00:18:42.549Z] [SyncDiag] RECEIVE-PUSH DONE: stored=0, applied=0, errors=0, oneWayTables=0
[2026-06-05T00:18:44.595Z] [SyncDiag] PREPARE-PULL START: vessel=7446783c-841a-11ed-aa7c-7003bca91a86, vesselCode=null, checkpoint=2026-06-05T00:14:45.065Z, shoreInstanceId=SHORE-PROD
[2026-06-05T00:18:44.838Z] [SyncDiag] PREPARE-PULL DIAG: vessel=7446783c-841a-11ed-aa7c-7003bca91a86 total_logs=68970 unsynced=0 after_instance_filter=0 exclude=SHIP-Vessel 5 since=2026-06-05T00:14:45.065Z instances=[]
[2026-06-05T00:18:44.838Z] [SyncDiag] PREPARE-PULL FIELD LOGS: 0 shore logs for vessel=7446783c-841a-11ed-aa7c-7003bca91a86 (excluded instance=SHIP-Vessel 5)
[2026-06-05T00:18:45.087Z] [SyncDiag] PREPARE-PULL DONE: 0 one-way rows across 0 tables, 0 field logs, 0 conflicts
[2026-06-05T00:18:45.111Z] [SyncDiag] COMPLETE-SESSION: marking shore logs synced for vessel=7446783c-841a-11ed-aa7c-7003bca91a86 checkpointBefore=2026-06-05T00:14:45.065Z excludeInstance=SHIP-Vessel 5
[2026-06-05T00:18:45.189Z] [SyncDiag] PREPARE-PULL DIAG: vessel=7446783c-841a-11ed-aa7c-7003bca91a86 total_logs=68970 unsynced=0 after_instance_filter=0 exclude=SHIP-Vessel 5 since=2026-06-05T00:14:45.065Z instances=[]
[2026-06-05T00:18:45.190Z] [SyncDiag] COMPLETE-SESSION: found 0 shore logs to mark synced
[2026-06-05T00:18:45.395Z] [SyncDiag] COMPLETE-SESSION: found 0 ship logs to mark synced
[2026-06-05T00:22:42.539Z] [SyncDiag] RECEIVE-PUSH START: batch=0f9f7c0d-986b-45d8-933a-bb99b2de90d4, vessel=7446783c-841a-11ed-aa7c-7003bca91a86, fieldLogs=0, oneWayRows=0
[2026-06-05T00:22:42.545Z] [SyncDiag] RECEIVE-PUSH DONE: stored=0, applied=0, errors=0, oneWayTables=0
[2026-06-05T00:22:44.589Z] [SyncDiag] PREPARE-PULL START: vessel=7446783c-841a-11ed-aa7c-7003bca91a86, vesselCode=null, checkpoint=2026-06-05T00:18:45.109Z, shoreInstanceId=SHORE-PROD
[2026-06-05T00:22:44.820Z] [SyncDiag] PREPARE-PULL DIAG: vessel=7446783c-841a-11ed-aa7c-7003bca91a86 total_logs=68970 unsynced=0 after_instance_filter=0 exclude=SHIP-Vessel 5 since=2026-06-05T00:18:45.109Z instances=[]
[2026-06-05T00:22:44.820Z] [SyncDiag] PREPARE-PULL FIELD LOGS: 0 shore logs for vessel=7446783c-841a-11ed-aa7c-7003bca91a86 (excluded instance=SHIP-Vessel 5)
[2026-06-05T00:22:45.057Z] [SyncDiag] PREPARE-PULL DONE: 0 one-way rows across 0 tables, 0 field logs, 0 conflicts
[2026-06-05T00:22:45.075Z] [SyncDiag] COMPLETE-SESSION: marking shore logs synced for vessel=7446783c-841a-11ed-aa7c-7003bca91a86 checkpointBefore=2026-06-05T00:18:45.109Z excludeInstance=SHIP-Vessel 5
[2026-06-05T00:22:45.153Z] [SyncDiag] PREPARE-PULL DIAG: vessel=7446783c-841a-11ed-aa7c-7003bca91a86 total_logs=68970 unsynced=0 after_instance_filter=0 exclude=SHIP-Vessel 5 since=2026-06-05T00:18:45.109Z instances=[]
[2026-06-05T00:22:45.153Z] [SyncDiag] COMPLETE-SESSION: found 0 shore logs to mark synced
[2026-06-05T00:22:45.370Z] [SyncDiag] COMPLETE-SESSION: found 0 ship logs to mark synced
[2026-06-05T00:26:42.534Z] [SyncDiag] RECEIVE-PUSH START: batch=fe02321b-9d24-43de-a8ae-f44c71115727, vessel=7446783c-841a-11ed-aa7c-7003bca91a86, fieldLogs=0, oneWayRows=0
[2026-06-05T00:26:42.539Z] [SyncDiag] RECEIVE-PUSH DONE: stored=0, applied=0, errors=0, oneWayTables=0
[2026-06-05T00:26:44.566Z] [SyncDiag] PREPARE-PULL START: vessel=7446783c-841a-11ed-aa7c-7003bca91a86, vesselCode=null, checkpoint=2026-06-05T00:22:45.074Z, shoreInstanceId=SHORE-PROD
[2026-06-05T00:26:44.802Z] [SyncDiag] PREPARE-PULL DIAG: vessel=7446783c-841a-11ed-aa7c-7003bca91a86 total_logs=68970 unsynced=0 after_instance_filter=0 exclude=SHIP-Vessel 5 since=2026-06-05T00:22:45.074Z instances=[]
[2026-06-05T00:26:44.802Z] [SyncDiag] PREPARE-PULL FIELD LOGS: 0 shore logs for vessel=7446783c-841a-11ed-aa7c-7003bca91a86 (excluded instance=SHIP-Vessel 5)
[2026-06-05T00:26:45.048Z] [SyncDiag] PREPARE-PULL DONE: 0 one-way rows across 0 tables, 0 field logs, 0 conflicts
[2026-06-05T00:26:45.068Z] [SyncDiag] COMPLETE-SESSION: marking shore logs synced for vessel=7446783c-841a-11ed-aa7c-7003bca91a86 checkpointBefore=2026-06-05T00:22:45.074Z excludeInstance=SHIP-Vessel 5
[2026-06-05T00:26:45.145Z] [SyncDiag] PREPARE-PULL DIAG: vessel=7446783c-841a-11ed-aa7c-7003bca91a86 total_logs=68970 unsynced=0 after_instance_filter=0 exclude=SHIP-Vessel 5 since=2026-06-05T00:22:45.074Z instances=[]
[2026-06-05T00:26:45.145Z] [SyncDiag] COMPLETE-SESSION: found 0 shore logs to mark synced
[2026-06-05T00:26:45.361Z] [SyncDiag] COMPLETE-SESSION: found 0 ship logs to mark synced
[2026-06-05T00:30:42.551Z] [SyncDiag] RECEIVE-PUSH START: batch=a8aa0cc6-c87c-46ab-9048-850391df2201, vessel=7446783c-841a-11ed-aa7c-7003bca91a86, fieldLogs=0, oneWayRows=0
[2026-06-05T00:30:42.558Z] [SyncDiag] RECEIVE-PUSH DONE: stored=0, applied=0, errors=0, oneWayTables=0
[2026-06-05T00:30:44.599Z] [SyncDiag] PREPARE-PULL START: vessel=7446783c-841a-11ed-aa7c-7003bca91a86, vesselCode=null, checkpoint=2026-06-05T00:26:45.066Z, shoreInstanceId=SHORE-PROD
[2026-06-05T00:30:44.944Z] [SyncDiag] PREPARE-PULL DIAG: vessel=7446783c-841a-11ed-aa7c-7003bca91a86 total_logs=68970 unsynced=0 after_instance_filter=0 exclude=SHIP-Vessel 5 since=2026-06-05T00:26:45.066Z instances=[]
[2026-06-05T00:30:44.945Z] [SyncDiag] PREPARE-PULL FIELD LOGS: 0 shore logs for vessel=7446783c-841a-11ed-aa7c-7003bca91a86 (excluded instance=SHIP-Vessel 5)
[2026-06-05T00:30:45.174Z] [SyncDiag] PREPARE-PULL DONE: 0 one-way rows across 0 tables, 0 field logs, 0 conflicts
[2026-06-05T00:30:45.194Z] [SyncDiag] COMPLETE-SESSION: marking shore logs synced for vessel=7446783c-841a-11ed-aa7c-7003bca91a86 checkpointBefore=2026-06-05T00:26:45.066Z excludeInstance=SHIP-Vessel 5
[2026-06-05T00:30:45.272Z] [SyncDiag] PREPARE-PULL DIAG: vessel=7446783c-841a-11ed-aa7c-7003bca91a86 total_logs=68970 unsynced=0 after_instance_filter=0 exclude=SHIP-Vessel 5 since=2026-06-05T00:26:45.066Z instances=[]
[2026-06-05T00:30:45.272Z] [SyncDiag] COMPLETE-SESSION: found 0 shore logs to mark synced
[2026-06-05T00:30:45.488Z] [SyncDiag] COMPLETE-SESSION: found 0 ship logs to mark synced
[2026-06-05T00:34:42.596Z] [SyncDiag] RECEIVE-PUSH START: batch=380be5c0-6dd2-49bf-9ed8-d2263dcbc7d0, vessel=7446783c-841a-11ed-aa7c-7003bca91a86, fieldLogs=0, oneWayRows=0
[2026-06-05T00:34:42.603Z] [SyncDiag] RECEIVE-PUSH DONE: stored=0, applied=0, errors=0, oneWayTables=0
[2026-06-05T00:34:44.630Z] [SyncDiag] PREPARE-PULL START: vessel=7446783c-841a-11ed-aa7c-7003bca91a86, vesselCode=null, checkpoint=2026-06-05T00:30:45.192Z, shoreInstanceId=SHORE-PROD
[2026-06-05T00:34:44.866Z] [SyncDiag] PREPARE-PULL DIAG: vessel=7446783c-841a-11ed-aa7c-7003bca91a86 total_logs=68970 unsynced=0 after_instance_filter=0 exclude=SHIP-Vessel 5 since=2026-06-05T00:30:45.192Z instances=[]
[2026-06-05T00:34:44.867Z] [SyncDiag] PREPARE-PULL FIELD LOGS: 0 shore logs for vessel=7446783c-841a-11ed-aa7c-7003bca91a86 (excluded instance=SHIP-Vessel 5)
[2026-06-05T00:34:45.095Z] [SyncDiag] PREPARE-PULL DONE: 0 one-way rows across 0 tables, 0 field logs, 0 conflicts
[2026-06-05T00:34:45.113Z] [SyncDiag] COMPLETE-SESSION: marking shore logs synced for vessel=7446783c-841a-11ed-aa7c-7003bca91a86 checkpointBefore=2026-06-05T00:30:45.192Z excludeInstance=SHIP-Vessel 5
[2026-06-05T00:34:45.188Z] [SyncDiag] PREPARE-PULL DIAG: vessel=7446783c-841a-11ed-aa7c-7003bca91a86 total_logs=68970 unsynced=0 after_instance_filter=0 exclude=SHIP-Vessel 5 since=2026-06-05T00:30:45.192Z instances=[]
[2026-06-05T00:34:45.189Z] [SyncDiag] COMPLETE-SESSION: found 0 shore logs to mark synced
[2026-06-05T00:34:45.395Z] [SyncDiag] COMPLETE-SESSION: found 0 ship logs to mark synced
[2026-06-05T00:38:42.571Z] [SyncDiag] RECEIVE-PUSH START: batch=2f1ad2d9-8c4d-457d-ab00-31beb503451b, vessel=7446783c-841a-11ed-aa7c-7003bca91a86, fieldLogs=0, oneWayRows=0
[2026-06-05T00:38:42.578Z] [SyncDiag] RECEIVE-PUSH DONE: stored=0, applied=0, errors=0, oneWayTables=0
[2026-06-05T00:38:44.604Z] [SyncDiag] PREPARE-PULL START: vessel=7446783c-841a-11ed-aa7c-7003bca91a86, vesselCode=null, checkpoint=2026-06-05T00:34:45.112Z, shoreInstanceId=SHORE-PROD
[2026-06-05T00:38:44.841Z] [SyncDiag] PREPARE-PULL DIAG: vessel=7446783c-841a-11ed-aa7c-7003bca91a86 total_logs=68970 unsynced=0 after_instance_filter=0 exclude=SHIP-Vessel 5 since=2026-06-05T00:34:45.112Z instances=[]
[2026-06-05T00:38:44.841Z] [SyncDiag] PREPARE-PULL FIELD LOGS: 0 shore logs for vessel=7446783c-841a-11ed-aa7c-7003bca91a86 (excluded instance=SHIP-Vessel 5)
[2026-06-05T00:38:45.080Z] [SyncDiag] PREPARE-PULL DONE: 0 one-way rows across 0 tables, 0 field logs, 0 conflicts
[2026-06-05T00:38:45.089Z] [SyncDiag] COMPLETE-SESSION: marking shore logs synced for vessel=7446783c-841a-11ed-aa7c-7003bca91a86 checkpointBefore=2026-06-05T00:34:45.112Z excludeInstance=SHIP-Vessel 5
[2026-06-05T00:38:45.166Z] [SyncDiag] PREPARE-PULL DIAG: vessel=7446783c-841a-11ed-aa7c-7003bca91a86 total_logs=68970 unsynced=0 after_instance_filter=0 exclude=SHIP-Vessel 5 since=2026-06-05T00:34:45.112Z instances=[]
[2026-06-05T00:38:45.166Z] [SyncDiag] COMPLETE-SESSION: found 0 shore logs to mark synced
[2026-06-05T00:38:45.376Z] [SyncDiag] COMPLETE-SESSION: found 0 ship logs to mark synced
[2026-06-05T00:42:42.579Z] [SyncDiag] RECEIVE-PUSH START: batch=01eceaed-5b14-4509-beaf-1ce75a216b4c, vessel=7446783c-841a-11ed-aa7c-7003bca91a86, fieldLogs=0, oneWayRows=0
[2026-06-05T00:42:42.586Z] [SyncDiag] RECEIVE-PUSH DONE: stored=0, applied=0, errors=0, oneWayTables=0
[2026-06-05T00:42:44.626Z] [SyncDiag] PREPARE-PULL START: vessel=7446783c-841a-11ed-aa7c-7003bca91a86, vesselCode=null, checkpoint=2026-06-05T00:38:45.088Z, shoreInstanceId=SHORE-PROD
[2026-06-05T00:42:44.867Z] [SyncDiag] PREPARE-PULL DIAG: vessel=7446783c-841a-11ed-aa7c-7003bca91a86 total_logs=68970 unsynced=0 after_instance_filter=0 exclude=SHIP-Vessel 5 since=2026-06-05T00:38:45.088Z instances=[]
[2026-06-05T00:42:44.867Z] [SyncDiag] PREPARE-PULL FIELD LOGS: 0 shore logs for vessel=7446783c-841a-11ed-aa7c-7003bca91a86 (excluded instance=SHIP-Vessel 5)
[2026-06-05T00:42:45.104Z] [SyncDiag] PREPARE-PULL DONE: 0 one-way rows across 0 tables, 0 field logs, 0 conflicts
[2026-06-05T00:42:45.126Z] [SyncDiag] COMPLETE-SESSION: marking shore logs synced for vessel=7446783c-841a-11ed-aa7c-7003bca91a86 checkpointBefore=2026-06-05T00:38:45.088Z excludeInstance=SHIP-Vessel 5
[2026-06-05T00:42:45.205Z] [SyncDiag] PREPARE-PULL DIAG: vessel=7446783c-841a-11ed-aa7c-7003bca91a86 total_logs=68970 unsynced=0 after_instance_filter=0 exclude=SHIP-Vessel 5 since=2026-06-05T00:38:45.088Z instances=[]
[2026-06-05T00:42:45.205Z] [SyncDiag] COMPLETE-SESSION: found 0 shore logs to mark synced
[2026-06-05T00:42:45.421Z] [SyncDiag] COMPLETE-SESSION: found 0 ship logs to mark synced
[2026-06-05T00:46:42.590Z] [SyncDiag] RECEIVE-PUSH START: batch=e50fe497-1d4a-4ab1-939c-0d9a1a2d6627, vessel=7446783c-841a-11ed-aa7c-7003bca91a86, fieldLogs=0, oneWayRows=0
[2026-06-05T00:46:42.595Z] [SyncDiag] RECEIVE-PUSH DONE: stored=0, applied=0, errors=0, oneWayTables=0
[2026-06-05T00:46:44.636Z] [SyncDiag] PREPARE-PULL START: vessel=7446783c-841a-11ed-aa7c-7003bca91a86, vesselCode=null, checkpoint=2026-06-05T00:42:45.125Z, shoreInstanceId=SHORE-PROD
[2026-06-05T00:46:44.873Z] [SyncDiag] PREPARE-PULL DIAG: vessel=7446783c-841a-11ed-aa7c-7003bca91a86 total_logs=68970 unsynced=0 after_instance_filter=0 exclude=SHIP-Vessel 5 since=2026-06-05T00:42:45.125Z instances=[]
[2026-06-05T00:46:44.874Z] [SyncDiag] PREPARE-PULL FIELD LOGS: 0 shore logs for vessel=7446783c-841a-11ed-aa7c-7003bca91a86 (excluded instance=SHIP-Vessel 5)
[2026-06-05T00:46:45.118Z] [SyncDiag] PREPARE-PULL DONE: 0 one-way rows across 0 tables, 0 field logs, 0 conflicts
[2026-06-05T00:46:45.127Z] [SyncDiag] COMPLETE-SESSION: marking shore logs synced for vessel=7446783c-841a-11ed-aa7c-7003bca91a86 checkpointBefore=2026-06-05T00:42:45.125Z excludeInstance=SHIP-Vessel 5
[2026-06-05T00:46:45.205Z] [SyncDiag] PREPARE-PULL DIAG: vessel=7446783c-841a-11ed-aa7c-7003bca91a86 total_logs=68970 unsynced=0 after_instance_filter=0 exclude=SHIP-Vessel 5 since=2026-06-05T00:42:45.125Z instances=[]
[2026-06-05T00:46:45.205Z] [SyncDiag] COMPLETE-SESSION: found 0 shore logs to mark synced
[2026-06-05T00:46:45.423Z] [SyncDiag] COMPLETE-SESSION: found 0 ship logs to mark synced
[2026-06-05T00:50:42.587Z] [SyncDiag] RECEIVE-PUSH START: batch=476c68d4-beb7-4559-8f0d-828b5c659de2, vessel=7446783c-841a-11ed-aa7c-7003bca91a86, fieldLogs=0, oneWayRows=0
[2026-06-05T00:50:42.594Z] [SyncDiag] RECEIVE-PUSH DONE: stored=0, applied=0, errors=0, oneWayTables=0
[2026-06-05T00:50:44.620Z] [SyncDiag] PREPARE-PULL START: vessel=7446783c-841a-11ed-aa7c-7003bca91a86, vesselCode=null, checkpoint=2026-06-05T00:46:45.125Z, shoreInstanceId=SHORE-PROD
[2026-06-05T00:50:44.854Z] [SyncDiag] PREPARE-PULL DIAG: vessel=7446783c-841a-11ed-aa7c-7003bca91a86 total_logs=68970 unsynced=0 after_instance_filter=0 exclude=SHIP-Vessel 5 since=2026-06-05T00:46:45.125Z instances=[]
[2026-06-05T00:50:44.855Z] [SyncDiag] PREPARE-PULL FIELD LOGS: 0 shore logs for vessel=7446783c-841a-11ed-aa7c-7003bca91a86 (excluded instance=SHIP-Vessel 5)
[2026-06-05T00:50:45.079Z] [SyncDiag] PREPARE-PULL DONE: 0 one-way rows across 0 tables, 0 field logs, 0 conflicts
[2026-06-05T00:50:45.088Z] [SyncDiag] COMPLETE-SESSION: marking shore logs synced for vessel=7446783c-841a-11ed-aa7c-7003bca91a86 checkpointBefore=2026-06-05T00:46:45.125Z excludeInstance=SHIP-Vessel 5
[2026-06-05T00:50:45.166Z] [SyncDiag] PREPARE-PULL DIAG: vessel=7446783c-841a-11ed-aa7c-7003bca91a86 total_logs=68970 unsynced=0 after_instance_filter=0 exclude=SHIP-Vessel 5 since=2026-06-05T00:46:45.125Z instances=[]
[2026-06-05T00:50:45.167Z] [SyncDiag] COMPLETE-SESSION: found 0 shore logs to mark synced
[2026-06-05T00:50:45.381Z] [SyncDiag] COMPLETE-SESSION: found 0 ship logs to mark synced
[2026-06-05T00:54:42.585Z] [SyncDiag] RECEIVE-PUSH START: batch=14317473-9c2f-4feb-8267-bb60fb26f802, vessel=7446783c-841a-11ed-aa7c-7003bca91a86, fieldLogs=0, oneWayRows=0
[2026-06-05T00:54:42.592Z] [SyncDiag] RECEIVE-PUSH DONE: stored=0, applied=0, errors=0, oneWayTables=0
[2026-06-05T00:54:44.650Z] [SyncDiag] PREPARE-PULL START: vessel=7446783c-841a-11ed-aa7c-7003bca91a86, vesselCode=null, checkpoint=2026-06-05T00:50:45.086Z, shoreInstanceId=SHORE-PROD
[2026-06-05T00:54:44.886Z] [SyncDiag] PREPARE-PULL DIAG: vessel=7446783c-841a-11ed-aa7c-7003bca91a86 total_logs=68970 unsynced=0 after_instance_filter=0 exclude=SHIP-Vessel 5 since=2026-06-05T00:50:45.086Z instances=[]
[2026-06-05T00:54:44.886Z] [SyncDiag] PREPARE-PULL FIELD LOGS: 0 shore logs for vessel=7446783c-841a-11ed-aa7c-7003bca91a86 (excluded instance=SHIP-Vessel 5)
[2026-06-05T00:54:45.118Z] [SyncDiag] PREPARE-PULL DONE: 0 one-way rows across 0 tables, 0 field logs, 0 conflicts
[2026-06-05T00:54:45.134Z] [SyncDiag] COMPLETE-SESSION: marking shore logs synced for vessel=7446783c-841a-11ed-aa7c-7003bca91a86 checkpointBefore=2026-06-05T00:50:45.086Z excludeInstance=SHIP-Vessel 5
[2026-06-05T00:54:45.209Z] [SyncDiag] PREPARE-PULL DIAG: vessel=7446783c-841a-11ed-aa7c-7003bca91a86 total_logs=68970 unsynced=0 after_instance_filter=0 exclude=SHIP-Vessel 5 since=2026-06-05T00:50:45.086Z instances=[]
[2026-06-05T00:54:45.210Z] [SyncDiag] COMPLETE-SESSION: found 0 shore logs to mark synced
[2026-06-05T00:54:45.411Z] [SyncDiag] COMPLETE-SESSION: found 0 ship logs to mark synced
[2026-06-05T00:58:42.555Z] [SyncDiag] RECEIVE-PUSH START: batch=60286a54-428c-4704-b97b-42f3a2695c10, vessel=7446783c-841a-11ed-aa7c-7003bca91a86, fieldLogs=0, oneWayRows=0
[2026-06-05T00:58:42.562Z] [SyncDiag] RECEIVE-PUSH DONE: stored=0, applied=0, errors=0, oneWayTables=0
[2026-06-05T00:58:44.607Z] [SyncDiag] PREPARE-PULL START: vessel=7446783c-841a-11ed-aa7c-7003bca91a86, vesselCode=null, checkpoint=2026-06-05T00:54:45.133Z, shoreInstanceId=SHORE-PROD
[2026-06-05T00:58:44.844Z] [SyncDiag] PREPARE-PULL DIAG: vessel=7446783c-841a-11ed-aa7c-7003bca91a86 total_logs=68970 unsynced=0 after_instance_filter=0 exclude=SHIP-Vessel 5 since=2026-06-05T00:54:45.133Z instances=[]
[2026-06-05T00:58:44.845Z] [SyncDiag] PREPARE-PULL FIELD LOGS: 0 shore logs for vessel=7446783c-841a-11ed-aa7c-7003bca91a86 (excluded instance=SHIP-Vessel 5)
[2026-06-05T00:58:45.085Z] [SyncDiag] PREPARE-PULL DONE: 0 one-way rows across 0 tables, 0 field logs, 0 conflicts
[2026-06-05T00:58:45.095Z] [SyncDiag] COMPLETE-SESSION: marking shore logs synced for vessel=7446783c-841a-11ed-aa7c-7003bca91a86 checkpointBefore=2026-06-05T00:54:45.133Z excludeInstance=SHIP-Vessel 5
[2026-06-05T00:58:45.172Z] [SyncDiag] PREPARE-PULL DIAG: vessel=7446783c-841a-11ed-aa7c-7003bca91a86 total_logs=68970 unsynced=0 after_instance_filter=0 exclude=SHIP-Vessel 5 since=2026-06-05T00:54:45.133Z instances=[]
[2026-06-05T00:58:45.173Z] [SyncDiag] COMPLETE-SESSION: found 0 shore logs to mark synced
[2026-06-05T00:58:45.378Z] [SyncDiag] COMPLETE-SESSION: found 0 ship logs to mark synced
[2026-06-05T01:02:42.601Z] [SyncDiag] RECEIVE-PUSH START: batch=6948aea1-8ca1-45de-b893-11e7fcea8f24, vessel=7446783c-841a-11ed-aa7c-7003bca91a86, fieldLogs=0, oneWayRows=0
[2026-06-05T01:02:42.607Z] [SyncDiag] RECEIVE-PUSH DONE: stored=0, applied=0, errors=0, oneWayTables=0
[2026-06-05T01:02:44.637Z] [SyncDiag] PREPARE-PULL START: vessel=7446783c-841a-11ed-aa7c-7003bca91a86, vesselCode=null, checkpoint=2026-06-05T00:58:45.093Z, shoreInstanceId=SHORE-PROD
[2026-06-05T01:02:44.875Z] [SyncDiag] PREPARE-PULL DIAG: vessel=7446783c-841a-11ed-aa7c-7003bca91a86 total_logs=68970 unsynced=0 after_instance_filter=0 exclude=SHIP-Vessel 5 since=2026-06-05T00:58:45.093Z instances=[]
[2026-06-05T01:02:44.875Z] [SyncDiag] PREPARE-PULL FIELD LOGS: 0 shore logs for vessel=7446783c-841a-11ed-aa7c-7003bca91a86 (excluded instance=SHIP-Vessel 5)
[2026-06-05T01:02:45.108Z] [SyncDiag] PREPARE-PULL DONE: 0 one-way rows across 0 tables, 0 field logs, 0 conflicts
[2026-06-05T01:02:45.137Z] [SyncDiag] COMPLETE-SESSION: marking shore logs synced for vessel=7446783c-841a-11ed-aa7c-7003bca91a86 checkpointBefore=2026-06-05T00:58:45.093Z excludeInstance=SHIP-Vessel 5
[2026-06-05T01:02:45.214Z] [SyncDiag] PREPARE-PULL DIAG: vessel=7446783c-841a-11ed-aa7c-7003bca91a86 total_logs=68970 unsynced=0 after_instance_filter=0 exclude=SHIP-Vessel 5 since=2026-06-05T00:58:45.093Z instances=[]
[2026-06-05T01:02:45.214Z] [SyncDiag] COMPLETE-SESSION: found 0 shore logs to mark synced
[2026-06-05T01:02:45.430Z] [SyncDiag] COMPLETE-SESSION: found 0 ship logs to mark synced
[2026-06-05T01:06:42.580Z] [SyncDiag] RECEIVE-PUSH START: batch=9475ba01-5a0f-4857-be0f-507e3dda811a, vessel=7446783c-841a-11ed-aa7c-7003bca91a86, fieldLogs=0, oneWayRows=0
[2026-06-05T01:06:42.585Z] [SyncDiag] RECEIVE-PUSH DONE: stored=0, applied=0, errors=0, oneWayTables=0
[2026-06-05T01:06:44.603Z] [SyncDiag] PREPARE-PULL START: vessel=7446783c-841a-11ed-aa7c-7003bca91a86, vesselCode=null, checkpoint=2026-06-05T01:02:45.135Z, shoreInstanceId=SHORE-PROD
[2026-06-05T01:06:44.841Z] [SyncDiag] PREPARE-PULL DIAG: vessel=7446783c-841a-11ed-aa7c-7003bca91a86 total_logs=68970 unsynced=0 after_instance_filter=0 exclude=SHIP-Vessel 5 since=2026-06-05T01:02:45.135Z instances=[]
[2026-06-05T01:06:44.841Z] [SyncDiag] PREPARE-PULL FIELD LOGS: 0 shore logs for vessel=7446783c-841a-11ed-aa7c-7003bca91a86 (excluded instance=SHIP-Vessel 5)
[2026-06-05T01:06:45.089Z] [SyncDiag] PREPARE-PULL DONE: 0 one-way rows across 0 tables, 0 field logs, 0 conflicts
[2026-06-05T01:06:45.100Z] [SyncDiag] COMPLETE-SESSION: marking shore logs synced for vessel=7446783c-841a-11ed-aa7c-7003bca91a86 checkpointBefore=2026-06-05T01:02:45.135Z excludeInstance=SHIP-Vessel 5
[2026-06-05T01:06:45.177Z] [SyncDiag] PREPARE-PULL DIAG: vessel=7446783c-841a-11ed-aa7c-7003bca91a86 total_logs=68970 unsynced=0 after_instance_filter=0 exclude=SHIP-Vessel 5 since=2026-06-05T01:02:45.135Z instances=[]
[2026-06-05T01:06:45.178Z] [SyncDiag] COMPLETE-SESSION: found 0 shore logs to mark synced
[2026-06-05T01:06:45.394Z] [SyncDiag] COMPLETE-SESSION: found 0 ship logs to mark synced
[2026-06-05T01:10:42.571Z] [SyncDiag] RECEIVE-PUSH START: batch=178408c9-2aaa-40c0-a6f1-6b79537e4577, vessel=7446783c-841a-11ed-aa7c-7003bca91a86, fieldLogs=0, oneWayRows=0
[2026-06-05T01:10:42.577Z] [SyncDiag] RECEIVE-PUSH DONE: stored=0, applied=0, errors=0, oneWayTables=0
[2026-06-05T01:10:44.617Z] [SyncDiag] PREPARE-PULL START: vessel=7446783c-841a-11ed-aa7c-7003bca91a86, vesselCode=null, checkpoint=2026-06-05T01:06:45.098Z, shoreInstanceId=SHORE-PROD
[2026-06-05T01:10:44.853Z] [SyncDiag] PREPARE-PULL DIAG: vessel=7446783c-841a-11ed-aa7c-7003bca91a86 total_logs=68970 unsynced=0 after_instance_filter=0 exclude=SHIP-Vessel 5 since=2026-06-05T01:06:45.098Z instances=[]
[2026-06-05T01:10:44.853Z] [SyncDiag] PREPARE-PULL FIELD LOGS: 0 shore logs for vessel=7446783c-841a-11ed-aa7c-7003bca91a86 (excluded instance=SHIP-Vessel 5)
[2026-06-05T01:10:45.079Z] [SyncDiag] PREPARE-PULL DONE: 0 one-way rows across 0 tables, 0 field logs, 0 conflicts
[2026-06-05T01:10:45.102Z] [SyncDiag] COMPLETE-SESSION: marking shore logs synced for vessel=7446783c-841a-11ed-aa7c-7003bca91a86 checkpointBefore=2026-06-05T01:06:45.098Z excludeInstance=SHIP-Vessel 5
[2026-06-05T01:10:45.180Z] [SyncDiag] PREPARE-PULL DIAG: vessel=7446783c-841a-11ed-aa7c-7003bca91a86 total_logs=68970 unsynced=0 after_instance_filter=0 exclude=SHIP-Vessel 5 since=2026-06-05T01:06:45.098Z instances=[]
[2026-06-05T01:10:45.180Z] [SyncDiag] COMPLETE-SESSION: found 0 shore logs to mark synced
[2026-06-05T01:10:45.392Z] [SyncDiag] COMPLETE-SESSION: found 0 ship logs to mark synced
[2026-06-05T01:14:42.607Z] [SyncDiag] RECEIVE-PUSH START: batch=a36596d2-bec3-4ba1-9210-c7afd3bac035, vessel=7446783c-841a-11ed-aa7c-7003bca91a86, fieldLogs=0, oneWayRows=0
[2026-06-05T01:14:42.614Z] [SyncDiag] RECEIVE-PUSH DONE: stored=0, applied=0, errors=0, oneWayTables=0
[2026-06-05T01:14:44.643Z] [SyncDiag] PREPARE-PULL START: vessel=7446783c-841a-11ed-aa7c-7003bca91a86, vesselCode=null, checkpoint=2026-06-05T01:10:45.101Z, shoreInstanceId=SHORE-PROD
[2026-06-05T01:14:44.880Z] [SyncDiag] PREPARE-PULL DIAG: vessel=7446783c-841a-11ed-aa7c-7003bca91a86 total_logs=68970 unsynced=0 after_instance_filter=0 exclude=SHIP-Vessel 5 since=2026-06-05T01:10:45.101Z instances=[]
[2026-06-05T01:14:44.881Z] [SyncDiag] PREPARE-PULL FIELD LOGS: 0 shore logs for vessel=7446783c-841a-11ed-aa7c-7003bca91a86 (excluded instance=SHIP-Vessel 5)
[2026-06-05T01:14:45.111Z] [SyncDiag] PREPARE-PULL DONE: 0 one-way rows across 0 tables, 0 field logs, 0 conflicts
[2026-06-05T01:14:45.120Z] [SyncDiag] COMPLETE-SESSION: marking shore logs synced for vessel=7446783c-841a-11ed-aa7c-7003bca91a86 checkpointBefore=2026-06-05T01:10:45.101Z excludeInstance=SHIP-Vessel 5
[2026-06-05T01:14:45.196Z] [SyncDiag] PREPARE-PULL DIAG: vessel=7446783c-841a-11ed-aa7c-7003bca91a86 total_logs=68970 unsynced=0 after_instance_filter=0 exclude=SHIP-Vessel 5 since=2026-06-05T01:10:45.101Z instances=[]
[2026-06-05T01:14:45.196Z] [SyncDiag] COMPLETE-SESSION: found 0 shore logs to mark synced
[2026-06-05T01:14:45.397Z] [SyncDiag] COMPLETE-SESSION: found 0 ship logs to mark synced
[2026-06-05T01:18:42.614Z] [SyncDiag] RECEIVE-PUSH START: batch=5c37cb24-d792-4d15-811f-8be39d8da1c7, vessel=7446783c-841a-11ed-aa7c-7003bca91a86, fieldLogs=0, oneWayRows=0
[2026-06-05T01:18:42.621Z] [SyncDiag] RECEIVE-PUSH DONE: stored=0, applied=0, errors=0, oneWayTables=0
[2026-06-05T01:18:44.650Z] [SyncDiag] PREPARE-PULL START: vessel=7446783c-841a-11ed-aa7c-7003bca91a86, vesselCode=null, checkpoint=2026-06-05T01:14:45.119Z, shoreInstanceId=SHORE-PROD
[2026-06-05T01:18:44.887Z] [SyncDiag] PREPARE-PULL DIAG: vessel=7446783c-841a-11ed-aa7c-7003bca91a86 total_logs=68970 unsynced=0 after_instance_filter=0 exclude=SHIP-Vessel 5 since=2026-06-05T01:14:45.119Z instances=[]
[2026-06-05T01:18:44.887Z] [SyncDiag] PREPARE-PULL FIELD LOGS: 0 shore logs for vessel=7446783c-841a-11ed-aa7c-7003bca91a86 (excluded instance=SHIP-Vessel 5)
[2026-06-05T01:18:45.128Z] [SyncDiag] PREPARE-PULL DONE: 0 one-way rows across 0 tables, 0 field logs, 0 conflicts
[2026-06-05T01:18:45.137Z] [SyncDiag] COMPLETE-SESSION: marking shore logs synced for vessel=7446783c-841a-11ed-aa7c-7003bca91a86 checkpointBefore=2026-06-05T01:14:45.119Z excludeInstance=SHIP-Vessel 5
[2026-06-05T01:18:45.217Z] [SyncDiag] PREPARE-PULL DIAG: vessel=7446783c-841a-11ed-aa7c-7003bca91a86 total_logs=68970 unsynced=0 after_instance_filter=0 exclude=SHIP-Vessel 5 since=2026-06-05T01:14:45.119Z instances=[]
[2026-06-05T01:18:45.217Z] [SyncDiag] COMPLETE-SESSION: found 0 shore logs to mark synced
[2026-06-05T01:18:45.426Z] [SyncDiag] COMPLETE-SESSION: found 0 ship logs to mark synced
[2026-06-05T01:22:42.622Z] [SyncDiag] RECEIVE-PUSH START: batch=3f0cf685-b4de-4321-bd22-b28e152eaeb8, vessel=7446783c-841a-11ed-aa7c-7003bca91a86, fieldLogs=0, oneWayRows=0
[2026-06-05T01:22:42.628Z] [SyncDiag] RECEIVE-PUSH DONE: stored=0, applied=0, errors=0, oneWayTables=0
[2026-06-05T01:22:44.671Z] [SyncDiag] PREPARE-PULL START: vessel=7446783c-841a-11ed-aa7c-7003bca91a86, vesselCode=null, checkpoint=2026-06-05T01:18:45.135Z, shoreInstanceId=SHORE-PROD
[2026-06-05T01:22:45.017Z] [SyncDiag] PREPARE-PULL DIAG: vessel=7446783c-841a-11ed-aa7c-7003bca91a86 total_logs=68970 unsynced=0 after_instance_filter=0 exclude=SHIP-Vessel 5 since=2026-06-05T01:18:45.135Z instances=[]
[2026-06-05T01:22:45.018Z] [SyncDiag] PREPARE-PULL FIELD LOGS: 0 shore logs for vessel=7446783c-841a-11ed-aa7c-7003bca91a86 (excluded instance=SHIP-Vessel 5)
[2026-06-05T01:22:45.257Z] [SyncDiag] PREPARE-PULL DONE: 0 one-way rows across 0 tables, 0 field logs, 0 conflicts
[2026-06-05T01:22:45.266Z] [SyncDiag] COMPLETE-SESSION: marking shore logs synced for vessel=7446783c-841a-11ed-aa7c-7003bca91a86 checkpointBefore=2026-06-05T01:18:45.135Z excludeInstance=SHIP-Vessel 5
[2026-06-05T01:22:45.344Z] [SyncDiag] PREPARE-PULL DIAG: vessel=7446783c-841a-11ed-aa7c-7003bca91a86 total_logs=68970 unsynced=0 after_instance_filter=0 exclude=SHIP-Vessel 5 since=2026-06-05T01:18:45.135Z instances=[]
[2026-06-05T01:22:45.344Z] [SyncDiag] COMPLETE-SESSION: found 0 shore logs to mark synced
[2026-06-05T01:22:45.561Z] [SyncDiag] COMPLETE-SESSION: found 0 ship logs to mark synced
[2026-06-05T01:26:42.579Z] [SyncDiag] RECEIVE-PUSH START: batch=60723dd8-ec4a-4b1c-b044-b27ec2189d65, vessel=7446783c-841a-11ed-aa7c-7003bca91a86, fieldLogs=0, oneWayRows=0
[2026-06-05T01:26:42.583Z] [SyncDiag] RECEIVE-PUSH DONE: stored=0, applied=0, errors=0, oneWayTables=0
[2026-06-05T01:26:44.630Z] [SyncDiag] PREPARE-PULL START: vessel=7446783c-841a-11ed-aa7c-7003bca91a86, vesselCode=null, checkpoint=2026-06-05T01:22:45.265Z, shoreInstanceId=SHORE-PROD
[2026-06-05T01:26:44.863Z] [SyncDiag] PREPARE-PULL DIAG: vessel=7446783c-841a-11ed-aa7c-7003bca91a86 total_logs=68970 unsynced=0 after_instance_filter=0 exclude=SHIP-Vessel 5 since=2026-06-05T01:22:45.265Z instances=[]
[2026-06-05T01:26:44.864Z] [SyncDiag] PREPARE-PULL FIELD LOGS: 0 shore logs for vessel=7446783c-841a-11ed-aa7c-7003bca91a86 (excluded instance=SHIP-Vessel 5)
[2026-06-05T01:26:45.107Z] [SyncDiag] PREPARE-PULL DONE: 0 one-way rows across 0 tables, 0 field logs, 0 conflicts
[2026-06-05T01:26:45.117Z] [SyncDiag] COMPLETE-SESSION: marking shore logs synced for vessel=7446783c-841a-11ed-aa7c-7003bca91a86 checkpointBefore=2026-06-05T01:22:45.265Z excludeInstance=SHIP-Vessel 5
[2026-06-05T01:26:45.195Z] [SyncDiag] PREPARE-PULL DIAG: vessel=7446783c-841a-11ed-aa7c-7003bca91a86 total_logs=68970 unsynced=0 after_instance_filter=0 exclude=SHIP-Vessel 5 since=2026-06-05T01:22:45.265Z instances=[]
[2026-06-05T01:26:45.196Z] [SyncDiag] COMPLETE-SESSION: found 0 shore logs to mark synced
[2026-06-05T01:26:45.414Z] [SyncDiag] COMPLETE-SESSION: found 0 ship logs to mark synced
[2026-06-05T01:30:42.586Z] [SyncDiag] RECEIVE-PUSH START: batch=fd6703f5-0231-44b3-aa05-f6d65548b65c, vessel=7446783c-841a-11ed-aa7c-7003bca91a86, fieldLogs=0, oneWayRows=0
[2026-06-05T01:30:42.593Z] [SyncDiag] RECEIVE-PUSH DONE: stored=0, applied=0, errors=0, oneWayTables=0
[2026-06-05T01:30:44.639Z] [SyncDiag] PREPARE-PULL START: vessel=7446783c-841a-11ed-aa7c-7003bca91a86, vesselCode=null, checkpoint=2026-06-05T01:26:45.116Z, shoreInstanceId=SHORE-PROD
[2026-06-05T01:30:44.875Z] [SyncDiag] PREPARE-PULL DIAG: vessel=7446783c-841a-11ed-aa7c-7003bca91a86 total_logs=68970 unsynced=0 after_instance_filter=0 exclude=SHIP-Vessel 5 since=2026-06-05T01:26:45.116Z instances=[]
[2026-06-05T01:30:44.876Z] [SyncDiag] PREPARE-PULL FIELD LOGS: 0 shore logs for vessel=7446783c-841a-11ed-aa7c-7003bca91a86 (excluded instance=SHIP-Vessel 5)
[2026-06-05T01:30:45.100Z] [SyncDiag] PREPARE-PULL DONE: 0 one-way rows across 0 tables, 0 field logs, 0 conflicts
[2026-06-05T01:30:45.123Z] [SyncDiag] COMPLETE-SESSION: marking shore logs synced for vessel=7446783c-841a-11ed-aa7c-7003bca91a86 checkpointBefore=2026-06-05T01:26:45.116Z excludeInstance=SHIP-Vessel 5
[2026-06-05T01:30:45.201Z] [SyncDiag] PREPARE-PULL DIAG: vessel=7446783c-841a-11ed-aa7c-7003bca91a86 total_logs=68970 unsynced=0 after_instance_filter=0 exclude=SHIP-Vessel 5 since=2026-06-05T01:26:45.116Z instances=[]
[2026-06-05T01:30:45.201Z] [SyncDiag] COMPLETE-SESSION: found 0 shore logs to mark synced
[2026-06-05T01:30:45.413Z] [SyncDiag] COMPLETE-SESSION: found 0 ship logs to mark synced
[2026-06-05T01:34:42.599Z] [SyncDiag] RECEIVE-PUSH START: batch=be3d259f-11bb-4a63-9ff1-a1f6f2479168, vessel=7446783c-841a-11ed-aa7c-7003bca91a86, fieldLogs=0, oneWayRows=0
[2026-06-05T01:34:42.605Z] [SyncDiag] RECEIVE-PUSH DONE: stored=0, applied=0, errors=0, oneWayTables=0
[2026-06-05T01:34:44.646Z] [SyncDiag] PREPARE-PULL START: vessel=7446783c-841a-11ed-aa7c-7003bca91a86, vesselCode=null, checkpoint=2026-06-05T01:30:45.122Z, shoreInstanceId=SHORE-PROD
[2026-06-05T01:34:44.881Z] [SyncDiag] PREPARE-PULL DIAG: vessel=7446783c-841a-11ed-aa7c-7003bca91a86 total_logs=68970 unsynced=0 after_instance_filter=0 exclude=SHIP-Vessel 5 since=2026-06-05T01:30:45.122Z instances=[]
[2026-06-05T01:34:44.881Z] [SyncDiag] PREPARE-PULL FIELD LOGS: 0 shore logs for vessel=7446783c-841a-11ed-aa7c-7003bca91a86 (excluded instance=SHIP-Vessel 5)
[2026-06-05T01:34:45.109Z] [SyncDiag] PREPARE-PULL DONE: 0 one-way rows across 0 tables, 0 field logs, 0 conflicts
[2026-06-05T01:34:45.130Z] [SyncDiag] COMPLETE-SESSION: marking shore logs synced for vessel=7446783c-841a-11ed-aa7c-7003bca91a86 checkpointBefore=2026-06-05T01:30:45.122Z excludeInstance=SHIP-Vessel 5
[2026-06-05T01:34:45.205Z] [SyncDiag] PREPARE-PULL DIAG: vessel=7446783c-841a-11ed-aa7c-7003bca91a86 total_logs=68970 unsynced=0 after_instance_filter=0 exclude=SHIP-Vessel 5 since=2026-06-05T01:30:45.122Z instances=[]
[2026-06-05T01:34:45.205Z] [SyncDiag] COMPLETE-SESSION: found 0 shore logs to mark synced
[2026-06-05T01:34:45.407Z] [SyncDiag] COMPLETE-SESSION: found 0 ship logs to mark synced
[2026-06-05T01:38:42.609Z] [SyncDiag] RECEIVE-PUSH START: batch=39eda65e-bda1-4db1-bba1-6fca917f2f3f, vessel=7446783c-841a-11ed-aa7c-7003bca91a86, fieldLogs=0, oneWayRows=0
[2026-06-05T01:38:42.616Z] [SyncDiag] RECEIVE-PUSH DONE: stored=0, applied=0, errors=0, oneWayTables=0
[2026-06-05T01:38:44.643Z] [SyncDiag] PREPARE-PULL START: vessel=7446783c-841a-11ed-aa7c-7003bca91a86, vesselCode=null, checkpoint=2026-06-05T01:34:45.129Z, shoreInstanceId=SHORE-PROD
[2026-06-05T01:38:44.883Z] [SyncDiag] PREPARE-PULL DIAG: vessel=7446783c-841a-11ed-aa7c-7003bca91a86 total_logs=68970 unsynced=0 after_instance_filter=0 exclude=SHIP-Vessel 5 since=2026-06-05T01:34:45.129Z instances=[]
[2026-06-05T01:38:44.884Z] [SyncDiag] PREPARE-PULL FIELD LOGS: 0 shore logs for vessel=7446783c-841a-11ed-aa7c-7003bca91a86 (excluded instance=SHIP-Vessel 5)
[2026-06-05T01:38:45.122Z] [SyncDiag] PREPARE-PULL DONE: 0 one-way rows across 0 tables, 0 field logs, 0 conflicts
[2026-06-05T01:38:45.131Z] [SyncDiag] COMPLETE-SESSION: marking shore logs synced for vessel=7446783c-841a-11ed-aa7c-7003bca91a86 checkpointBefore=2026-06-05T01:34:45.129Z excludeInstance=SHIP-Vessel 5
[2026-06-05T01:38:45.209Z] [SyncDiag] PREPARE-PULL DIAG: vessel=7446783c-841a-11ed-aa7c-7003bca91a86 total_logs=68970 unsynced=0 after_instance_filter=0 exclude=SHIP-Vessel 5 since=2026-06-05T01:34:45.129Z instances=[]
[2026-06-05T01:38:45.209Z] [SyncDiag] COMPLETE-SESSION: found 0 shore logs to mark synced
[2026-06-05T01:38:45.415Z] [SyncDiag] COMPLETE-SESSION: found 0 ship logs to mark synced
[2026-06-05T01:42:42.627Z] [SyncDiag] RECEIVE-PUSH START: batch=d7620d11-044c-4efb-9718-9de8cae064b6, vessel=7446783c-841a-11ed-aa7c-7003bca91a86, fieldLogs=0, oneWayRows=0
[2026-06-05T01:42:42.632Z] [SyncDiag] RECEIVE-PUSH DONE: stored=0, applied=0, errors=0, oneWayTables=0
[2026-06-05T01:42:44.681Z] [SyncDiag] PREPARE-PULL START: vessel=7446783c-841a-11ed-aa7c-7003bca91a86, vesselCode=null, checkpoint=2026-06-05T01:38:45.130Z, shoreInstanceId=SHORE-PROD
[2026-06-05T01:42:45.018Z] [SyncDiag] PREPARE-PULL DIAG: vessel=7446783c-841a-11ed-aa7c-7003bca91a86 total_logs=68970 unsynced=0 after_instance_filter=0 exclude=SHIP-Vessel 5 since=2026-06-05T01:38:45.130Z instances=[]
[2026-06-05T01:42:45.019Z] [SyncDiag] PREPARE-PULL FIELD LOGS: 0 shore logs for vessel=7446783c-841a-11ed-aa7c-7003bca91a86 (excluded instance=SHIP-Vessel 5)
[2026-06-05T01:42:45.252Z] [SyncDiag] PREPARE-PULL DONE: 0 one-way rows across 0 tables, 0 field logs, 0 conflicts
[2026-06-05T01:42:45.278Z] [SyncDiag] COMPLETE-SESSION: marking shore logs synced for vessel=7446783c-841a-11ed-aa7c-7003bca91a86 checkpointBefore=2026-06-05T01:38:45.130Z excludeInstance=SHIP-Vessel 5
[2026-06-05T01:42:45.356Z] [SyncDiag] PREPARE-PULL DIAG: vessel=7446783c-841a-11ed-aa7c-7003bca91a86 total_logs=68970 unsynced=0 after_instance_filter=0 exclude=SHIP-Vessel 5 since=2026-06-05T01:38:45.130Z instances=[]
[2026-06-05T01:42:45.357Z] [SyncDiag] COMPLETE-SESSION: found 0 shore logs to mark synced
[2026-06-05T01:42:45.574Z] [SyncDiag] COMPLETE-SESSION: found 0 ship logs to mark synced
[2026-06-05T01:46:42.643Z] [SyncDiag] RECEIVE-PUSH START: batch=d7aab5fb-ce7c-40db-b7fe-ae9992151f6b, vessel=7446783c-841a-11ed-aa7c-7003bca91a86, fieldLogs=0, oneWayRows=0
[2026-06-05T01:46:42.650Z] [SyncDiag] RECEIVE-PUSH DONE: stored=0, applied=0, errors=0, oneWayTables=0
[2026-06-05T01:46:44.676Z] [SyncDiag] PREPARE-PULL START: vessel=7446783c-841a-11ed-aa7c-7003bca91a86, vesselCode=null, checkpoint=2026-06-05T01:42:45.276Z, shoreInstanceId=SHORE-PROD
[2026-06-05T01:46:44.912Z] [SyncDiag] PREPARE-PULL DIAG: vessel=7446783c-841a-11ed-aa7c-7003bca91a86 total_logs=68970 unsynced=0 after_instance_filter=0 exclude=SHIP-Vessel 5 since=2026-06-05T01:42:45.276Z instances=[]
[2026-06-05T01:46:44.913Z] [SyncDiag] PREPARE-PULL FIELD LOGS: 0 shore logs for vessel=7446783c-841a-11ed-aa7c-7003bca91a86 (excluded instance=SHIP-Vessel 5)
[2026-06-05T01:46:45.155Z] [SyncDiag] PREPARE-PULL DONE: 0 one-way rows across 0 tables, 0 field logs, 0 conflicts
[2026-06-05T01:46:45.177Z] [SyncDiag] COMPLETE-SESSION: marking shore logs synced for vessel=7446783c-841a-11ed-aa7c-7003bca91a86 checkpointBefore=2026-06-05T01:42:45.276Z excludeInstance=SHIP-Vessel 5
[2026-06-05T01:46:45.255Z] [SyncDiag] PREPARE-PULL DIAG: vessel=7446783c-841a-11ed-aa7c-7003bca91a86 total_logs=68970 unsynced=0 after_instance_filter=0 exclude=SHIP-Vessel 5 since=2026-06-05T01:42:45.276Z instances=[]
[2026-06-05T01:46:45.256Z] [SyncDiag] COMPLETE-SESSION: found 0 shore logs to mark synced
[2026-06-05T01:46:45.471Z] [SyncDiag] COMPLETE-SESSION: found 0 ship logs to mark synced
[2026-06-05T01:50:42.652Z] [SyncDiag] RECEIVE-PUSH START: batch=0af729cc-4566-4b1d-9dc0-1da717f0bc15, vessel=7446783c-841a-11ed-aa7c-7003bca91a86, fieldLogs=0, oneWayRows=0
[2026-06-05T01:50:42.659Z] [SyncDiag] RECEIVE-PUSH DONE: stored=0, applied=0, errors=0, oneWayTables=0
[2026-06-05T01:50:44.682Z] [SyncDiag] PREPARE-PULL START: vessel=7446783c-841a-11ed-aa7c-7003bca91a86, vesselCode=null, checkpoint=2026-06-05T01:46:45.176Z, shoreInstanceId=SHORE-PROD
[2026-06-05T01:50:44.928Z] [SyncDiag] PREPARE-PULL DIAG: vessel=7446783c-841a-11ed-aa7c-7003bca91a86 total_logs=68970 unsynced=0 after_instance_filter=0 exclude=SHIP-Vessel 5 since=2026-06-05T01:46:45.176Z instances=[]
[2026-06-05T01:50:44.929Z] [SyncDiag] PREPARE-PULL FIELD LOGS: 0 shore logs for vessel=7446783c-841a-11ed-aa7c-7003bca91a86 (excluded instance=SHIP-Vessel 5)
[2026-06-05T01:50:45.155Z] [SyncDiag] PREPARE-PULL DONE: 0 one-way rows across 0 tables, 0 field logs, 0 conflicts
[2026-06-05T01:50:45.165Z] [SyncDiag] COMPLETE-SESSION: marking shore logs synced for vessel=7446783c-841a-11ed-aa7c-7003bca91a86 checkpointBefore=2026-06-05T01:46:45.176Z excludeInstance=SHIP-Vessel 5
[2026-06-05T01:50:45.244Z] [SyncDiag] PREPARE-PULL DIAG: vessel=7446783c-841a-11ed-aa7c-7003bca91a86 total_logs=68970 unsynced=0 after_instance_filter=0 exclude=SHIP-Vessel 5 since=2026-06-05T01:46:45.176Z instances=[]
[2026-06-05T01:50:45.245Z] [SyncDiag] COMPLETE-SESSION: found 0 shore logs to mark synced
[2026-06-05T01:50:45.458Z] [SyncDiag] COMPLETE-SESSION: found 0 ship logs to mark synced
[2026-06-05T01:54:42.664Z] [SyncDiag] RECEIVE-PUSH START: batch=b31e1e3f-383a-4969-944b-b81a30081b55, vessel=7446783c-841a-11ed-aa7c-7003bca91a86, fieldLogs=0, oneWayRows=0
[2026-06-05T01:54:42.671Z] [SyncDiag] RECEIVE-PUSH DONE: stored=0, applied=0, errors=0, oneWayTables=0
[2026-06-05T01:54:44.701Z] [SyncDiag] PREPARE-PULL START: vessel=7446783c-841a-11ed-aa7c-7003bca91a86, vesselCode=null, checkpoint=2026-06-05T01:50:45.163Z, shoreInstanceId=SHORE-PROD
[2026-06-05T01:54:44.935Z] [SyncDiag] PREPARE-PULL DIAG: vessel=7446783c-841a-11ed-aa7c-7003bca91a86 total_logs=68970 unsynced=0 after_instance_filter=0 exclude=SHIP-Vessel 5 since=2026-06-05T01:50:45.163Z instances=[]
[2026-06-05T01:54:44.936Z] [SyncDiag] PREPARE-PULL FIELD LOGS: 0 shore logs for vessel=7446783c-841a-11ed-aa7c-7003bca91a86 (excluded instance=SHIP-Vessel 5)
[2026-06-05T01:54:45.163Z] [SyncDiag] PREPARE-PULL DONE: 0 one-way rows across 0 tables, 0 field logs, 0 conflicts
[2026-06-05T01:54:45.172Z] [SyncDiag] COMPLETE-SESSION: marking shore logs synced for vessel=7446783c-841a-11ed-aa7c-7003bca91a86 checkpointBefore=2026-06-05T01:50:45.163Z excludeInstance=SHIP-Vessel 5
[2026-06-05T01:54:45.249Z] [SyncDiag] PREPARE-PULL DIAG: vessel=7446783c-841a-11ed-aa7c-7003bca91a86 total_logs=68970 unsynced=0 after_instance_filter=0 exclude=SHIP-Vessel 5 since=2026-06-05T01:50:45.163Z instances=[]
[2026-06-05T01:54:45.249Z] [SyncDiag] COMPLETE-SESSION: found 0 shore logs to mark synced
[2026-06-05T01:54:45.450Z] [SyncDiag] COMPLETE-SESSION: found 0 ship logs to mark synced
[2026-06-05T01:58:42.610Z] [SyncDiag] RECEIVE-PUSH START: batch=4598f975-8181-4cb1-b4a1-7a23571d30ae, vessel=7446783c-841a-11ed-aa7c-7003bca91a86, fieldLogs=0, oneWayRows=0
[2026-06-05T01:58:42.616Z] [SyncDiag] RECEIVE-PUSH DONE: stored=0, applied=0, errors=0, oneWayTables=0
[2026-06-05T01:58:44.642Z] [SyncDiag] PREPARE-PULL START: vessel=7446783c-841a-11ed-aa7c-7003bca91a86, vesselCode=null, checkpoint=2026-06-05T01:54:45.171Z, shoreInstanceId=SHORE-PROD
[2026-06-05T01:58:44.995Z] [SyncDiag] PREPARE-PULL DIAG: vessel=7446783c-841a-11ed-aa7c-7003bca91a86 total_logs=68970 unsynced=0 after_instance_filter=0 exclude=SHIP-Vessel 5 since=2026-06-05T01:54:45.171Z instances=[]
[2026-06-05T01:58:44.995Z] [SyncDiag] PREPARE-PULL FIELD LOGS: 0 shore logs for vessel=7446783c-841a-11ed-aa7c-7003bca91a86 (excluded instance=SHIP-Vessel 5)
[2026-06-05T01:58:45.235Z] [SyncDiag] PREPARE-PULL DONE: 0 one-way rows across 0 tables, 0 field logs, 0 conflicts
[2026-06-05T01:58:45.267Z] [SyncDiag] COMPLETE-SESSION: marking shore logs synced for vessel=7446783c-841a-11ed-aa7c-7003bca91a86 checkpointBefore=2026-06-05T01:54:45.171Z excludeInstance=SHIP-Vessel 5
[2026-06-05T01:58:45.354Z] [SyncDiag] PREPARE-PULL DIAG: vessel=7446783c-841a-11ed-aa7c-7003bca91a86 total_logs=68970 unsynced=0 after_instance_filter=0 exclude=SHIP-Vessel 5 since=2026-06-05T01:54:45.171Z instances=[]
[2026-06-05T01:58:45.354Z] [SyncDiag] COMPLETE-SESSION: found 0 shore logs to mark synced
[2026-06-05T01:58:45.559Z] [SyncDiag] COMPLETE-SESSION: found 0 ship logs to mark synced
[2026-06-05T02:02:42.630Z] [SyncDiag] RECEIVE-PUSH START: batch=973484df-0404-49b3-ad57-3e20579c75c5, vessel=7446783c-841a-11ed-aa7c-7003bca91a86, fieldLogs=0, oneWayRows=0
[2026-06-05T02:02:42.636Z] [SyncDiag] RECEIVE-PUSH DONE: stored=0, applied=0, errors=0, oneWayTables=0
[2026-06-05T02:02:44.663Z] [SyncDiag] PREPARE-PULL START: vessel=7446783c-841a-11ed-aa7c-7003bca91a86, vesselCode=null, checkpoint=2026-06-05T01:58:45.266Z, shoreInstanceId=SHORE-PROD
[2026-06-05T02:02:44.899Z] [SyncDiag] PREPARE-PULL DIAG: vessel=7446783c-841a-11ed-aa7c-7003bca91a86 total_logs=68970 unsynced=0 after_instance_filter=0 exclude=SHIP-Vessel 5 since=2026-06-05T01:58:45.266Z instances=[]
[2026-06-05T02:02:44.899Z] [SyncDiag] PREPARE-PULL FIELD LOGS: 0 shore logs for vessel=7446783c-841a-11ed-aa7c-7003bca91a86 (excluded instance=SHIP-Vessel 5)
[2026-06-05T02:02:45.135Z] [SyncDiag] PREPARE-PULL DONE: 0 one-way rows across 0 tables, 0 field logs, 0 conflicts
[2026-06-05T02:02:45.144Z] [SyncDiag] COMPLETE-SESSION: marking shore logs synced for vessel=7446783c-841a-11ed-aa7c-7003bca91a86 checkpointBefore=2026-06-05T01:58:45.266Z excludeInstance=SHIP-Vessel 5
[2026-06-05T02:02:45.221Z] [SyncDiag] PREPARE-PULL DIAG: vessel=7446783c-841a-11ed-aa7c-7003bca91a86 total_logs=68970 unsynced=0 after_instance_filter=0 exclude=SHIP-Vessel 5 since=2026-06-05T01:58:45.266Z instances=[]
[2026-06-05T02:02:45.222Z] [SyncDiag] COMPLETE-SESSION: found 0 shore logs to mark synced
[2026-06-05T02:02:45.436Z] [SyncDiag] COMPLETE-SESSION: found 0 ship logs to mark synced
[2026-06-05T02:06:42.646Z] [SyncDiag] RECEIVE-PUSH START: batch=8e605a81-5f91-4aab-a6ad-0f269daa2543, vessel=7446783c-841a-11ed-aa7c-7003bca91a86, fieldLogs=0, oneWayRows=0
[2026-06-05T02:06:42.651Z] [SyncDiag] RECEIVE-PUSH DONE: stored=0, applied=0, errors=0, oneWayTables=0
[2026-06-05T02:06:44.675Z] [SyncDiag] PREPARE-PULL START: vessel=7446783c-841a-11ed-aa7c-7003bca91a86, vesselCode=null, checkpoint=2026-06-05T02:02:45.142Z, shoreInstanceId=SHORE-PROD
[2026-06-05T02:06:44.910Z] [SyncDiag] PREPARE-PULL DIAG: vessel=7446783c-841a-11ed-aa7c-7003bca91a86 total_logs=68970 unsynced=0 after_instance_filter=0 exclude=SHIP-Vessel 5 since=2026-06-05T02:02:45.142Z instances=[]
[2026-06-05T02:06:44.910Z] [SyncDiag] PREPARE-PULL FIELD LOGS: 0 shore logs for vessel=7446783c-841a-11ed-aa7c-7003bca91a86 (excluded instance=SHIP-Vessel 5)
[2026-06-05T02:06:45.155Z] [SyncDiag] PREPARE-PULL DONE: 0 one-way rows across 0 tables, 0 field logs, 0 conflicts
[2026-06-05T02:06:45.165Z] [SyncDiag] COMPLETE-SESSION: marking shore logs synced for vessel=7446783c-841a-11ed-aa7c-7003bca91a86 checkpointBefore=2026-06-05T02:02:45.142Z excludeInstance=SHIP-Vessel 5
[2026-06-05T02:06:45.242Z] [SyncDiag] PREPARE-PULL DIAG: vessel=7446783c-841a-11ed-aa7c-7003bca91a86 total_logs=68970 unsynced=0 after_instance_filter=0 exclude=SHIP-Vessel 5 since=2026-06-05T02:02:45.142Z instances=[]
[2026-06-05T02:06:45.242Z] [SyncDiag] COMPLETE-SESSION: found 0 shore logs to mark synced
[2026-06-05T02:06:45.457Z] [SyncDiag] COMPLETE-SESSION: found 0 ship logs to mark synced
[2026-06-05T02:10:42.665Z] [SyncDiag] RECEIVE-PUSH START: batch=52dc6767-480b-4363-92e0-93ce36de0076, vessel=7446783c-841a-11ed-aa7c-7003bca91a86, fieldLogs=0, oneWayRows=0
[2026-06-05T02:10:42.672Z] [SyncDiag] RECEIVE-PUSH DONE: stored=0, applied=0, errors=0, oneWayTables=0
[2026-06-05T02:10:44.709Z] [SyncDiag] PREPARE-PULL START: vessel=7446783c-841a-11ed-aa7c-7003bca91a86, vesselCode=null, checkpoint=2026-06-05T02:06:45.164Z, shoreInstanceId=SHORE-PROD
[2026-06-05T02:10:44.948Z] [SyncDiag] PREPARE-PULL DIAG: vessel=7446783c-841a-11ed-aa7c-7003bca91a86 total_logs=68970 unsynced=0 after_instance_filter=0 exclude=SHIP-Vessel 5 since=2026-06-05T02:06:45.164Z instances=[]
[2026-06-05T02:10:44.949Z] [SyncDiag] PREPARE-PULL FIELD LOGS: 0 shore logs for vessel=7446783c-841a-11ed-aa7c-7003bca91a86 (excluded instance=SHIP-Vessel 5)
[2026-06-05T02:10:45.174Z] [SyncDiag] PREPARE-PULL DONE: 0 one-way rows across 0 tables, 0 field logs, 0 conflicts
[2026-06-05T02:10:45.193Z] [SyncDiag] COMPLETE-SESSION: marking shore logs synced for vessel=7446783c-841a-11ed-aa7c-7003bca91a86 checkpointBefore=2026-06-05T02:06:45.164Z excludeInstance=SHIP-Vessel 5
[2026-06-05T02:10:45.270Z] [SyncDiag] PREPARE-PULL DIAG: vessel=7446783c-841a-11ed-aa7c-7003bca91a86 total_logs=68970 unsynced=0 after_instance_filter=0 exclude=SHIP-Vessel 5 since=2026-06-05T02:06:45.164Z instances=[]
[2026-06-05T02:10:45.271Z] [SyncDiag] COMPLETE-SESSION: found 0 shore logs to mark synced
[2026-06-05T02:10:45.484Z] [SyncDiag] COMPLETE-SESSION: found 0 ship logs to mark synced
[2026-06-05T02:14:42.675Z] [SyncDiag] RECEIVE-PUSH START: batch=9a7c5777-f2bd-4177-91cd-4d821586a5e1, vessel=7446783c-841a-11ed-aa7c-7003bca91a86, fieldLogs=0, oneWayRows=0
[2026-06-05T02:14:42.682Z] [SyncDiag] RECEIVE-PUSH DONE: stored=0, applied=0, errors=0, oneWayTables=0
[2026-06-05T02:14:44.724Z] [SyncDiag] PREPARE-PULL START: vessel=7446783c-841a-11ed-aa7c-7003bca91a86, vesselCode=null, checkpoint=2026-06-05T02:10:45.191Z, shoreInstanceId=SHORE-PROD
[2026-06-05T02:14:44.962Z] [SyncDiag] PREPARE-PULL DIAG: vessel=7446783c-841a-11ed-aa7c-7003bca91a86 total_logs=68970 unsynced=0 after_instance_filter=0 exclude=SHIP-Vessel 5 since=2026-06-05T02:10:45.191Z instances=[]
[2026-06-05T02:14:44.963Z] [SyncDiag] PREPARE-PULL FIELD LOGS: 0 shore logs for vessel=7446783c-841a-11ed-aa7c-7003bca91a86 (excluded instance=SHIP-Vessel 5)
[2026-06-05T02:14:45.191Z] [SyncDiag] PREPARE-PULL DONE: 0 one-way rows across 0 tables, 0 field logs, 0 conflicts
[2026-06-05T02:14:45.207Z] [SyncDiag] COMPLETE-SESSION: marking shore logs synced for vessel=7446783c-841a-11ed-aa7c-7003bca91a86 checkpointBefore=2026-06-05T02:10:45.191Z excludeInstance=SHIP-Vessel 5
[2026-06-05T02:14:45.282Z] [SyncDiag] PREPARE-PULL DIAG: vessel=7446783c-841a-11ed-aa7c-7003bca91a86 total_logs=68970 unsynced=0 after_instance_filter=0 exclude=SHIP-Vessel 5 since=2026-06-05T02:10:45.191Z instances=[]
[2026-06-05T02:14:45.282Z] [SyncDiag] COMPLETE-SESSION: found 0 shore logs to mark synced
[2026-06-05T02:14:45.488Z] [SyncDiag] COMPLETE-SESSION: found 0 ship logs to mark synced
[2026-06-05T02:18:42.583Z] [SyncDiag] RECEIVE-PUSH START: batch=c4b18858-a7fa-48fc-acc1-92a7d151d2c0, vessel=7446783c-841a-11ed-aa7c-7003bca91a86, fieldLogs=0, oneWayRows=0
[2026-06-05T02:18:42.590Z] [SyncDiag] RECEIVE-PUSH DONE: stored=0, applied=0, errors=0, oneWayTables=0
[2026-06-05T02:18:44.632Z] [SyncDiag] PREPARE-PULL START: vessel=7446783c-841a-11ed-aa7c-7003bca91a86, vesselCode=null, checkpoint=2026-06-05T02:14:45.206Z, shoreInstanceId=SHORE-PROD
[2026-06-05T02:18:44.869Z] [SyncDiag] PREPARE-PULL DIAG: vessel=7446783c-841a-11ed-aa7c-7003bca91a86 total_logs=68970 unsynced=0 after_instance_filter=0 exclude=SHIP-Vessel 5 since=2026-06-05T02:14:45.206Z instances=[]
[2026-06-05T02:18:44.870Z] [SyncDiag] PREPARE-PULL FIELD LOGS: 0 shore logs for vessel=7446783c-841a-11ed-aa7c-7003bca91a86 (excluded instance=SHIP-Vessel 5)
[2026-06-05T02:18:45.109Z] [SyncDiag] PREPARE-PULL DONE: 0 one-way rows across 0 tables, 0 field logs, 0 conflicts
[2026-06-05T02:18:45.118Z] [SyncDiag] COMPLETE-SESSION: marking shore logs synced for vessel=7446783c-841a-11ed-aa7c-7003bca91a86 checkpointBefore=2026-06-05T02:14:45.206Z excludeInstance=SHIP-Vessel 5
[2026-06-05T02:18:45.205Z] [SyncDiag] PREPARE-PULL DIAG: vessel=7446783c-841a-11ed-aa7c-7003bca91a86 total_logs=68970 unsynced=0 after_instance_filter=0 exclude=SHIP-Vessel 5 since=2026-06-05T02:14:45.206Z instances=[]
[2026-06-05T02:18:45.206Z] [SyncDiag] COMPLETE-SESSION: found 0 shore logs to mark synced
[2026-06-05T02:18:45.414Z] [SyncDiag] COMPLETE-SESSION: found 0 ship logs to mark synced
[2026-06-05T02:22:42.727Z] [SyncDiag] RECEIVE-PUSH START: batch=62f02932-e76d-4eff-9d92-b598d2fd9bcf, vessel=7446783c-841a-11ed-aa7c-7003bca91a86, fieldLogs=0, oneWayRows=0
[2026-06-05T02:22:42.734Z] [SyncDiag] RECEIVE-PUSH DONE: stored=0, applied=0, errors=0, oneWayTables=0
[2026-06-05T02:22:44.760Z] [SyncDiag] PREPARE-PULL START: vessel=7446783c-841a-11ed-aa7c-7003bca91a86, vesselCode=null, checkpoint=2026-06-05T02:18:45.117Z, shoreInstanceId=SHORE-PROD
[2026-06-05T02:22:45.104Z] [SyncDiag] PREPARE-PULL DIAG: vessel=7446783c-841a-11ed-aa7c-7003bca91a86 total_logs=68970 unsynced=0 after_instance_filter=0 exclude=SHIP-Vessel 5 since=2026-06-05T02:18:45.117Z instances=[]
[2026-06-05T02:22:45.105Z] [SyncDiag] PREPARE-PULL FIELD LOGS: 0 shore logs for vessel=7446783c-841a-11ed-aa7c-7003bca91a86 (excluded instance=SHIP-Vessel 5)
[2026-06-05T02:22:45.339Z] [SyncDiag] PREPARE-PULL DONE: 0 one-way rows across 0 tables, 0 field logs, 0 conflicts
[2026-06-05T02:22:45.349Z] [SyncDiag] COMPLETE-SESSION: marking shore logs synced for vessel=7446783c-841a-11ed-aa7c-7003bca91a86 checkpointBefore=2026-06-05T02:18:45.117Z excludeInstance=SHIP-Vessel 5
[2026-06-05T02:22:45.427Z] [SyncDiag] PREPARE-PULL DIAG: vessel=7446783c-841a-11ed-aa7c-7003bca91a86 total_logs=68970 unsynced=0 after_instance_filter=0 exclude=SHIP-Vessel 5 since=2026-06-05T02:18:45.117Z instances=[]
[2026-06-05T02:22:45.428Z] [SyncDiag] COMPLETE-SESSION: found 0 shore logs to mark synced
[2026-06-05T02:22:45.644Z] [SyncDiag] COMPLETE-SESSION: found 0 ship logs to mark synced
[2026-06-05T02:26:42.493Z] [SyncDiag] RECEIVE-PUSH START: batch=349545b4-1ce2-489d-ac95-f4b262636f8f, vessel=7446783c-841a-11ed-aa7c-7003bca91a86, fieldLogs=0, oneWayRows=0
[2026-06-05T02:26:42.498Z] [SyncDiag] RECEIVE-PUSH DONE: stored=0, applied=0, errors=0, oneWayTables=0
[2026-06-05T02:26:44.605Z] [SyncDiag] PREPARE-PULL START: vessel=7446783c-841a-11ed-aa7c-7003bca91a86, vesselCode=null, checkpoint=2026-06-05T02:22:45.347Z, shoreInstanceId=SHORE-PROD
[2026-06-05T02:26:44.840Z] [SyncDiag] PREPARE-PULL DIAG: vessel=7446783c-841a-11ed-aa7c-7003bca91a86 total_logs=68970 unsynced=0 after_instance_filter=0 exclude=SHIP-Vessel 5 since=2026-06-05T02:22:45.347Z instances=[]
[2026-06-05T02:26:44.840Z] [SyncDiag] PREPARE-PULL FIELD LOGS: 0 shore logs for vessel=7446783c-841a-11ed-aa7c-7003bca91a86 (excluded instance=SHIP-Vessel 5)
[2026-06-05T02:26:45.085Z] [SyncDiag] PREPARE-PULL DONE: 0 one-way rows across 0 tables, 0 field logs, 0 conflicts
[2026-06-05T02:26:45.108Z] [SyncDiag] COMPLETE-SESSION: marking shore logs synced for vessel=7446783c-841a-11ed-aa7c-7003bca91a86 checkpointBefore=2026-06-05T02:22:45.347Z excludeInstance=SHIP-Vessel 5
[2026-06-05T02:26:45.186Z] [SyncDiag] PREPARE-PULL DIAG: vessel=7446783c-841a-11ed-aa7c-7003bca91a86 total_logs=68970 unsynced=0 after_instance_filter=0 exclude=SHIP-Vessel 5 since=2026-06-05T02:22:45.347Z instances=[]
[2026-06-05T02:26:45.187Z] [SyncDiag] COMPLETE-SESSION: found 0 shore logs to mark synced
[2026-06-05T02:26:45.403Z] [SyncDiag] COMPLETE-SESSION: found 0 ship logs to mark synced
[2026-06-05T02:30:42.705Z] [SyncDiag] RECEIVE-PUSH START: batch=07a78817-e6d4-406a-b38f-9806c1ad94b1, vessel=7446783c-841a-11ed-aa7c-7003bca91a86, fieldLogs=0, oneWayRows=0
[2026-06-05T02:30:42.711Z] [SyncDiag] RECEIVE-PUSH DONE: stored=0, applied=0, errors=0, oneWayTables=0
[2026-06-05T02:30:44.753Z] [SyncDiag] PREPARE-PULL START: vessel=7446783c-841a-11ed-aa7c-7003bca91a86, vesselCode=null, checkpoint=2026-06-05T02:26:45.106Z, shoreInstanceId=SHORE-PROD
[2026-06-05T02:30:44.988Z] [SyncDiag] PREPARE-PULL DIAG: vessel=7446783c-841a-11ed-aa7c-7003bca91a86 total_logs=68970 unsynced=0 after_instance_filter=0 exclude=SHIP-Vessel 5 since=2026-06-05T02:26:45.106Z instances=[]
[2026-06-05T02:30:44.988Z] [SyncDiag] PREPARE-PULL FIELD LOGS: 0 shore logs for vessel=7446783c-841a-11ed-aa7c-7003bca91a86 (excluded instance=SHIP-Vessel 5)
[2026-06-05T02:30:45.213Z] [SyncDiag] PREPARE-PULL DONE: 0 one-way rows across 0 tables, 0 field logs, 0 conflicts
[2026-06-05T02:30:45.222Z] [SyncDiag] COMPLETE-SESSION: marking shore logs synced for vessel=7446783c-841a-11ed-aa7c-7003bca91a86 checkpointBefore=2026-06-05T02:26:45.106Z excludeInstance=SHIP-Vessel 5
[2026-06-05T02:30:45.299Z] [SyncDiag] PREPARE-PULL DIAG: vessel=7446783c-841a-11ed-aa7c-7003bca91a86 total_logs=68970 unsynced=0 after_instance_filter=0 exclude=SHIP-Vessel 5 since=2026-06-05T02:26:45.106Z instances=[]
[2026-06-05T02:30:45.300Z] [SyncDiag] COMPLETE-SESSION: found 0 shore logs to mark synced
[2026-06-05T02:30:45.511Z] [SyncDiag] COMPLETE-SESSION: found 0 ship logs to mark synced
[2026-06-05T02:34:42.555Z] [SyncDiag] RECEIVE-PUSH START: batch=c713ab72-d5ac-40ea-851b-948f6409332f, vessel=7446783c-841a-11ed-aa7c-7003bca91a86, fieldLogs=0, oneWayRows=0
[2026-06-05T02:34:42.561Z] [SyncDiag] RECEIVE-PUSH DONE: stored=0, applied=0, errors=0, oneWayTables=0
[2026-06-05T02:34:44.603Z] [SyncDiag] PREPARE-PULL START: vessel=7446783c-841a-11ed-aa7c-7003bca91a86, vesselCode=null, checkpoint=2026-06-05T02:30:45.220Z, shoreInstanceId=SHORE-PROD
[2026-06-05T02:34:44.838Z] [SyncDiag] PREPARE-PULL DIAG: vessel=7446783c-841a-11ed-aa7c-7003bca91a86 total_logs=68970 unsynced=0 after_instance_filter=0 exclude=SHIP-Vessel 5 since=2026-06-05T02:30:45.220Z instances=[]
[2026-06-05T02:34:44.839Z] [SyncDiag] PREPARE-PULL FIELD LOGS: 0 shore logs for vessel=7446783c-841a-11ed-aa7c-7003bca91a86 (excluded instance=SHIP-Vessel 5)
[2026-06-05T02:34:45.066Z] [SyncDiag] PREPARE-PULL DONE: 0 one-way rows across 0 tables, 0 field logs, 0 conflicts
[2026-06-05T02:34:45.087Z] [SyncDiag] COMPLETE-SESSION: marking shore logs synced for vessel=7446783c-841a-11ed-aa7c-7003bca91a86 checkpointBefore=2026-06-05T02:30:45.220Z excludeInstance=SHIP-Vessel 5
[2026-06-05T02:34:45.163Z] [SyncDiag] PREPARE-PULL DIAG: vessel=7446783c-841a-11ed-aa7c-7003bca91a86 total_logs=68970 unsynced=0 after_instance_filter=0 exclude=SHIP-Vessel 5 since=2026-06-05T02:30:45.220Z instances=[]
[2026-06-05T02:34:45.164Z] [SyncDiag] COMPLETE-SESSION: found 0 shore logs to mark synced
[2026-06-05T02:34:45.369Z] [SyncDiag] COMPLETE-SESSION: found 0 ship logs to mark synced
[2026-06-05T02:38:42.779Z] [SyncDiag] RECEIVE-PUSH START: batch=f79ad1f7-0851-4882-86ee-e8de2e9ad68b, vessel=7446783c-841a-11ed-aa7c-7003bca91a86, fieldLogs=0, oneWayRows=0
[2026-06-05T02:38:42.786Z] [SyncDiag] RECEIVE-PUSH DONE: stored=0, applied=0, errors=0, oneWayTables=0
[2026-06-05T02:38:44.821Z] [SyncDiag] PREPARE-PULL START: vessel=7446783c-841a-11ed-aa7c-7003bca91a86, vesselCode=null, checkpoint=2026-06-05T02:34:45.086Z, shoreInstanceId=SHORE-PROD
[2026-06-05T02:38:45.058Z] [SyncDiag] PREPARE-PULL DIAG: vessel=7446783c-841a-11ed-aa7c-7003bca91a86 total_logs=68970 unsynced=0 after_instance_filter=0 exclude=SHIP-Vessel 5 since=2026-06-05T02:34:45.086Z instances=[]
[2026-06-05T02:38:45.059Z] [SyncDiag] PREPARE-PULL FIELD LOGS: 0 shore logs for vessel=7446783c-841a-11ed-aa7c-7003bca91a86 (excluded instance=SHIP-Vessel 5)
[2026-06-05T02:38:45.299Z] [SyncDiag] PREPARE-PULL DONE: 0 one-way rows across 0 tables, 0 field logs, 0 conflicts
[2026-06-05T02:38:45.308Z] [SyncDiag] COMPLETE-SESSION: marking shore logs synced for vessel=7446783c-841a-11ed-aa7c-7003bca91a86 checkpointBefore=2026-06-05T02:34:45.086Z excludeInstance=SHIP-Vessel 5
[2026-06-05T02:38:45.386Z] [SyncDiag] PREPARE-PULL DIAG: vessel=7446783c-841a-11ed-aa7c-7003bca91a86 total_logs=68970 unsynced=0 after_instance_filter=0 exclude=SHIP-Vessel 5 since=2026-06-05T02:34:45.086Z instances=[]
[2026-06-05T02:38:45.386Z] [SyncDiag] COMPLETE-SESSION: found 0 shore logs to mark synced
[2026-06-05T02:38:45.591Z] [SyncDiag] COMPLETE-SESSION: found 0 ship logs to mark synced
[2026-06-05T02:42:42.508Z] [SyncDiag] RECEIVE-PUSH START: batch=c1a6d872-b4cb-4118-bb2e-f08d65f72a08, vessel=7446783c-841a-11ed-aa7c-7003bca91a86, fieldLogs=0, oneWayRows=0
[2026-06-05T02:42:42.515Z] [SyncDiag] RECEIVE-PUSH DONE: stored=0, applied=0, errors=0, oneWayTables=0
[2026-06-05T02:42:44.543Z] [SyncDiag] PREPARE-PULL START: vessel=7446783c-841a-11ed-aa7c-7003bca91a86, vesselCode=null, checkpoint=2026-06-05T02:38:45.307Z, shoreInstanceId=SHORE-PROD
[2026-06-05T02:42:44.777Z] [SyncDiag] PREPARE-PULL DIAG: vessel=7446783c-841a-11ed-aa7c-7003bca91a86 total_logs=68970 unsynced=0 after_instance_filter=0 exclude=SHIP-Vessel 5 since=2026-06-05T02:38:45.307Z instances=[]
[2026-06-05T02:42:44.777Z] [SyncDiag] PREPARE-PULL FIELD LOGS: 0 shore logs for vessel=7446783c-841a-11ed-aa7c-7003bca91a86 (excluded instance=SHIP-Vessel 5)
[2026-06-05T02:42:45.013Z] [SyncDiag] PREPARE-PULL DONE: 0 one-way rows across 0 tables, 0 field logs, 0 conflicts
[2026-06-05T02:42:45.023Z] [SyncDiag] COMPLETE-SESSION: marking shore logs synced for vessel=7446783c-841a-11ed-aa7c-7003bca91a86 checkpointBefore=2026-06-05T02:38:45.307Z excludeInstance=SHIP-Vessel 5
[2026-06-05T02:42:45.101Z] [SyncDiag] PREPARE-PULL DIAG: vessel=7446783c-841a-11ed-aa7c-7003bca91a86 total_logs=68970 unsynced=0 after_instance_filter=0 exclude=SHIP-Vessel 5 since=2026-06-05T02:38:45.307Z instances=[]
[2026-06-05T02:42:45.101Z] [SyncDiag] COMPLETE-SESSION: found 0 shore logs to mark synced
[2026-06-05T02:42:45.315Z] [SyncDiag] COMPLETE-SESSION: found 0 ship logs to mark synced
[2026-06-05T02:46:42.484Z] [SyncDiag] RECEIVE-PUSH START: batch=f4c91340-82b8-4303-bf39-e75c52d0ca31, vessel=7446783c-841a-11ed-aa7c-7003bca91a86, fieldLogs=0, oneWayRows=0
[2026-06-05T02:46:42.489Z] [SyncDiag] RECEIVE-PUSH DONE: stored=0, applied=0, errors=0, oneWayTables=0
[2026-06-05T02:46:44.515Z] [SyncDiag] PREPARE-PULL START: vessel=7446783c-841a-11ed-aa7c-7003bca91a86, vesselCode=null, checkpoint=2026-06-05T02:42:45.022Z, shoreInstanceId=SHORE-PROD
[2026-06-05T02:46:44.750Z] [SyncDiag] PREPARE-PULL DIAG: vessel=7446783c-841a-11ed-aa7c-7003bca91a86 total_logs=68970 unsynced=0 after_instance_filter=0 exclude=SHIP-Vessel 5 since=2026-06-05T02:42:45.022Z instances=[]
[2026-06-05T02:46:44.750Z] [SyncDiag] PREPARE-PULL FIELD LOGS: 0 shore logs for vessel=7446783c-841a-11ed-aa7c-7003bca91a86 (excluded instance=SHIP-Vessel 5)
[2026-06-05T02:46:44.993Z] [SyncDiag] PREPARE-PULL DONE: 0 one-way rows across 0 tables, 0 field logs, 0 conflicts
[2026-06-05T02:46:45.018Z] [SyncDiag] COMPLETE-SESSION: marking shore logs synced for vessel=7446783c-841a-11ed-aa7c-7003bca91a86 checkpointBefore=2026-06-05T02:42:45.022Z excludeInstance=SHIP-Vessel 5
[2026-06-05T02:46:45.095Z] [SyncDiag] PREPARE-PULL DIAG: vessel=7446783c-841a-11ed-aa7c-7003bca91a86 total_logs=68970 unsynced=0 after_instance_filter=0 exclude=SHIP-Vessel 5 since=2026-06-05T02:42:45.022Z instances=[]
[2026-06-05T02:46:45.095Z] [SyncDiag] COMPLETE-SESSION: found 0 shore logs to mark synced
[2026-06-05T02:46:45.311Z] [SyncDiag] COMPLETE-SESSION: found 0 ship logs to mark synced
[2026-06-05T02:50:42.516Z] [SyncDiag] RECEIVE-PUSH START: batch=f1f94a98-1a5d-4072-9a08-868eed035691, vessel=7446783c-841a-11ed-aa7c-7003bca91a86, fieldLogs=0, oneWayRows=0
[2026-06-05T02:50:42.523Z] [SyncDiag] RECEIVE-PUSH DONE: stored=0, applied=0, errors=0, oneWayTables=0
[2026-06-05T02:50:44.550Z] [SyncDiag] PREPARE-PULL START: vessel=7446783c-841a-11ed-aa7c-7003bca91a86, vesselCode=null, checkpoint=2026-06-05T02:46:45.016Z, shoreInstanceId=SHORE-PROD
[2026-06-05T02:50:44.784Z] [SyncDiag] PREPARE-PULL DIAG: vessel=7446783c-841a-11ed-aa7c-7003bca91a86 total_logs=68970 unsynced=0 after_instance_filter=0 exclude=SHIP-Vessel 5 since=2026-06-05T02:46:45.016Z instances=[]
[2026-06-05T02:50:44.785Z] [SyncDiag] PREPARE-PULL FIELD LOGS: 0 shore logs for vessel=7446783c-841a-11ed-aa7c-7003bca91a86 (excluded instance=SHIP-Vessel 5)
[2026-06-05T02:50:45.010Z] [SyncDiag] PREPARE-PULL DONE: 0 one-way rows across 0 tables, 0 field logs, 0 conflicts
[2026-06-05T02:50:45.035Z] [SyncDiag] COMPLETE-SESSION: marking shore logs synced for vessel=7446783c-841a-11ed-aa7c-7003bca91a86 checkpointBefore=2026-06-05T02:46:45.016Z excludeInstance=SHIP-Vessel 5
[2026-06-05T02:50:45.113Z] [SyncDiag] PREPARE-PULL DIAG: vessel=7446783c-841a-11ed-aa7c-7003bca91a86 total_logs=68970 unsynced=0 after_instance_filter=0 exclude=SHIP-Vessel 5 since=2026-06-05T02:46:45.016Z instances=[]
[2026-06-05T02:50:45.113Z] [SyncDiag] COMPLETE-SESSION: found 0 shore logs to mark synced
[2026-06-05T02:50:45.327Z] [SyncDiag] COMPLETE-SESSION: found 0 ship logs to mark synced
[2026-06-05T02:54:42.553Z] [SyncDiag] RECEIVE-PUSH START: batch=c5c18986-b364-417f-b746-39cf8ed6a3c0, vessel=7446783c-841a-11ed-aa7c-7003bca91a86, fieldLogs=0, oneWayRows=0
[2026-06-05T02:54:42.560Z] [SyncDiag] RECEIVE-PUSH DONE: stored=0, applied=0, errors=0, oneWayTables=0
[2026-06-05T02:54:44.586Z] [SyncDiag] PREPARE-PULL START: vessel=7446783c-841a-11ed-aa7c-7003bca91a86, vesselCode=null, checkpoint=2026-06-05T02:50:45.034Z, shoreInstanceId=SHORE-PROD
[2026-06-05T02:54:44.820Z] [SyncDiag] PREPARE-PULL DIAG: vessel=7446783c-841a-11ed-aa7c-7003bca91a86 total_logs=68970 unsynced=0 after_instance_filter=0 exclude=SHIP-Vessel 5 since=2026-06-05T02:50:45.034Z instances=[]
[2026-06-05T02:54:44.821Z] [SyncDiag] PREPARE-PULL FIELD LOGS: 0 shore logs for vessel=7446783c-841a-11ed-aa7c-7003bca91a86 (excluded instance=SHIP-Vessel 5)
[2026-06-05T02:54:45.048Z] [SyncDiag] PREPARE-PULL DONE: 0 one-way rows across 0 tables, 0 field logs, 0 conflicts
[2026-06-05T02:54:45.058Z] [SyncDiag] COMPLETE-SESSION: marking shore logs synced for vessel=7446783c-841a-11ed-aa7c-7003bca91a86 checkpointBefore=2026-06-05T02:50:45.034Z excludeInstance=SHIP-Vessel 5
[2026-06-05T02:54:45.135Z] [SyncDiag] PREPARE-PULL DIAG: vessel=7446783c-841a-11ed-aa7c-7003bca91a86 total_logs=68970 unsynced=0 after_instance_filter=0 exclude=SHIP-Vessel 5 since=2026-06-05T02:50:45.034Z instances=[]
[2026-06-05T02:54:45.135Z] [SyncDiag] COMPLETE-SESSION: found 0 shore logs to mark synced
[2026-06-05T02:54:45.338Z] [SyncDiag] COMPLETE-SESSION: found 0 ship logs to mark synced
[2026-06-05T02:58:42.533Z] [SyncDiag] RECEIVE-PUSH START: batch=03b82ddd-9426-43f0-b3a3-b2b8bffeca5b, vessel=7446783c-841a-11ed-aa7c-7003bca91a86, fieldLogs=0, oneWayRows=0
[2026-06-05T02:58:42.539Z] [SyncDiag] RECEIVE-PUSH DONE: stored=0, applied=0, errors=0, oneWayTables=0
[2026-06-05T02:58:44.567Z] [SyncDiag] PREPARE-PULL START: vessel=7446783c-841a-11ed-aa7c-7003bca91a86, vesselCode=null, checkpoint=2026-06-05T02:54:45.056Z, shoreInstanceId=SHORE-PROD
[2026-06-05T02:58:44.801Z] [SyncDiag] PREPARE-PULL DIAG: vessel=7446783c-841a-11ed-aa7c-7003bca91a86 total_logs=68970 unsynced=0 after_instance_filter=0 exclude=SHIP-Vessel 5 since=2026-06-05T02:54:45.056Z instances=[]
[2026-06-05T02:58:44.802Z] [SyncDiag] PREPARE-PULL FIELD LOGS: 0 shore logs for vessel=7446783c-841a-11ed-aa7c-7003bca91a86 (excluded instance=SHIP-Vessel 5)
[2026-06-05T02:58:45.044Z] [SyncDiag] PREPARE-PULL DONE: 0 one-way rows across 0 tables, 0 field logs, 0 conflicts
[2026-06-05T02:58:45.066Z] [SyncDiag] COMPLETE-SESSION: marking shore logs synced for vessel=7446783c-841a-11ed-aa7c-7003bca91a86 checkpointBefore=2026-06-05T02:54:45.056Z excludeInstance=SHIP-Vessel 5
[2026-06-05T02:58:45.143Z] [SyncDiag] PREPARE-PULL DIAG: vessel=7446783c-841a-11ed-aa7c-7003bca91a86 total_logs=68970 unsynced=0 after_instance_filter=0 exclude=SHIP-Vessel 5 since=2026-06-05T02:54:45.056Z instances=[]
[2026-06-05T02:58:45.143Z] [SyncDiag] COMPLETE-SESSION: found 0 shore logs to mark synced
[2026-06-05T02:58:45.347Z] [SyncDiag] COMPLETE-SESSION: found 0 ship logs to mark synced
[2026-06-05T03:02:42.665Z] [SyncDiag] RECEIVE-PUSH START: batch=52d2b0da-4f16-492b-9016-237a2cd08632, vessel=7446783c-841a-11ed-aa7c-7003bca91a86, fieldLogs=0, oneWayRows=0
[2026-06-05T03:02:42.672Z] [SyncDiag] RECEIVE-PUSH DONE: stored=0, applied=0, errors=0, oneWayTables=0
[2026-06-05T03:02:44.730Z] [SyncDiag] PREPARE-PULL START: vessel=7446783c-841a-11ed-aa7c-7003bca91a86, vesselCode=null, checkpoint=2026-06-05T02:58:45.064Z, shoreInstanceId=SHORE-PROD
[2026-06-05T03:02:45.076Z] [SyncDiag] PREPARE-PULL DIAG: vessel=7446783c-841a-11ed-aa7c-7003bca91a86 total_logs=68970 unsynced=0 after_instance_filter=0 exclude=SHIP-Vessel 5 since=2026-06-05T02:58:45.064Z instances=[]
[2026-06-05T03:02:45.077Z] [SyncDiag] PREPARE-PULL FIELD LOGS: 0 shore logs for vessel=7446783c-841a-11ed-aa7c-7003bca91a86 (excluded instance=SHIP-Vessel 5)
[2026-06-05T03:02:45.310Z] [SyncDiag] PREPARE-PULL DONE: 0 one-way rows across 0 tables, 0 field logs, 0 conflicts
[2026-06-05T03:02:45.325Z] [SyncDiag] COMPLETE-SESSION: marking shore logs synced for vessel=7446783c-841a-11ed-aa7c-7003bca91a86 checkpointBefore=2026-06-05T02:58:45.064Z excludeInstance=SHIP-Vessel 5
[2026-06-05T03:02:45.402Z] [SyncDiag] PREPARE-PULL DIAG: vessel=7446783c-841a-11ed-aa7c-7003bca91a86 total_logs=68970 unsynced=0 after_instance_filter=0 exclude=SHIP-Vessel 5 since=2026-06-05T02:58:45.064Z instances=[]
[2026-06-05T03:02:45.403Z] [SyncDiag] COMPLETE-SESSION: found 0 shore logs to mark synced
[2026-06-05T03:02:45.621Z] [SyncDiag] COMPLETE-SESSION: found 0 ship logs to mark synced
[2026-06-05T03:06:42.472Z] [SyncDiag] RECEIVE-PUSH START: batch=e07f5ef2-4393-4cf6-9734-3422cd856b86, vessel=7446783c-841a-11ed-aa7c-7003bca91a86, fieldLogs=0, oneWayRows=0
[2026-06-05T03:06:42.477Z] [SyncDiag] RECEIVE-PUSH DONE: stored=0, applied=0, errors=0, oneWayTables=0
[2026-06-05T03:06:44.505Z] [SyncDiag] PREPARE-PULL START: vessel=7446783c-841a-11ed-aa7c-7003bca91a86, vesselCode=null, checkpoint=2026-06-05T03:02:45.323Z, shoreInstanceId=SHORE-PROD
[2026-06-05T03:06:44.744Z] [SyncDiag] PREPARE-PULL DIAG: vessel=7446783c-841a-11ed-aa7c-7003bca91a86 total_logs=68970 unsynced=0 after_instance_filter=0 exclude=SHIP-Vessel 5 since=2026-06-05T03:02:45.323Z instances=[]
[2026-06-05T03:06:44.744Z] [SyncDiag] PREPARE-PULL FIELD LOGS: 0 shore logs for vessel=7446783c-841a-11ed-aa7c-7003bca91a86 (excluded instance=SHIP-Vessel 5)
[2026-06-05T03:06:44.992Z] [SyncDiag] PREPARE-PULL DONE: 0 one-way rows across 0 tables, 0 field logs, 0 conflicts
[2026-06-05T03:06:45.021Z] [SyncDiag] COMPLETE-SESSION: marking shore logs synced for vessel=7446783c-841a-11ed-aa7c-7003bca91a86 checkpointBefore=2026-06-05T03:02:45.323Z excludeInstance=SHIP-Vessel 5
[2026-06-05T03:06:45.098Z] [SyncDiag] PREPARE-PULL DIAG: vessel=7446783c-841a-11ed-aa7c-7003bca91a86 total_logs=68970 unsynced=0 after_instance_filter=0 exclude=SHIP-Vessel 5 since=2026-06-05T03:02:45.323Z instances=[]
[2026-06-05T03:06:45.098Z] [SyncDiag] COMPLETE-SESSION: found 0 shore logs to mark synced
[2026-06-05T03:06:45.318Z] [SyncDiag] COMPLETE-SESSION: found 0 ship logs to mark synced
[2026-06-05T03:10:42.538Z] [SyncDiag] RECEIVE-PUSH START: batch=2a9a9115-3a07-4076-a2bd-3f3d7f5d1377, vessel=7446783c-841a-11ed-aa7c-7003bca91a86, fieldLogs=0, oneWayRows=0
[2026-06-05T03:10:42.545Z] [SyncDiag] RECEIVE-PUSH DONE: stored=0, applied=0, errors=0, oneWayTables=0
[2026-06-05T03:10:44.584Z] [SyncDiag] PREPARE-PULL START: vessel=7446783c-841a-11ed-aa7c-7003bca91a86, vesselCode=null, checkpoint=2026-06-05T03:06:45.019Z, shoreInstanceId=SHORE-PROD
[2026-06-05T03:10:44.819Z] [SyncDiag] PREPARE-PULL DIAG: vessel=7446783c-841a-11ed-aa7c-7003bca91a86 total_logs=68970 unsynced=0 after_instance_filter=0 exclude=SHIP-Vessel 5 since=2026-06-05T03:06:45.019Z instances=[]
[2026-06-05T03:10:44.820Z] [SyncDiag] PREPARE-PULL FIELD LOGS: 0 shore logs for vessel=7446783c-841a-11ed-aa7c-7003bca91a86 (excluded instance=SHIP-Vessel 5)
[2026-06-05T03:10:45.046Z] [SyncDiag] PREPARE-PULL DONE: 0 one-way rows across 0 tables, 0 field logs, 0 conflicts
[2026-06-05T03:10:45.068Z] [SyncDiag] COMPLETE-SESSION: marking shore logs synced for vessel=7446783c-841a-11ed-aa7c-7003bca91a86 checkpointBefore=2026-06-05T03:06:45.019Z excludeInstance=SHIP-Vessel 5
[2026-06-05T03:10:45.147Z] [SyncDiag] PREPARE-PULL DIAG: vessel=7446783c-841a-11ed-aa7c-7003bca91a86 total_logs=68970 unsynced=0 after_instance_filter=0 exclude=SHIP-Vessel 5 since=2026-06-05T03:06:45.019Z instances=[]
[2026-06-05T03:10:45.147Z] [SyncDiag] COMPLETE-SESSION: found 0 shore logs to mark synced
[2026-06-05T03:10:45.360Z] [SyncDiag] COMPLETE-SESSION: found 0 ship logs to mark synced
[2026-06-05T03:14:42.519Z] [SyncDiag] RECEIVE-PUSH START: batch=8b3cee94-f551-42a7-a1f1-8e1d96079063, vessel=7446783c-841a-11ed-aa7c-7003bca91a86, fieldLogs=0, oneWayRows=0
[2026-06-05T03:14:42.525Z] [SyncDiag] RECEIVE-PUSH DONE: stored=0, applied=0, errors=0, oneWayTables=0
[2026-06-05T03:14:44.556Z] [SyncDiag] PREPARE-PULL START: vessel=7446783c-841a-11ed-aa7c-7003bca91a86, vesselCode=null, checkpoint=2026-06-05T03:10:45.067Z, shoreInstanceId=SHORE-PROD
[2026-06-05T03:14:44.795Z] [SyncDiag] PREPARE-PULL DIAG: vessel=7446783c-841a-11ed-aa7c-7003bca91a86 total_logs=68970 unsynced=0 after_instance_filter=0 exclude=SHIP-Vessel 5 since=2026-06-05T03:10:45.067Z instances=[]
[2026-06-05T03:14:44.796Z] [SyncDiag] PREPARE-PULL FIELD LOGS: 0 shore logs for vessel=7446783c-841a-11ed-aa7c-7003bca91a86 (excluded instance=SHIP-Vessel 5)
[2026-06-05T03:14:45.027Z] [SyncDiag] PREPARE-PULL DONE: 0 one-way rows across 0 tables, 0 field logs, 0 conflicts
[2026-06-05T03:14:45.037Z] [SyncDiag] COMPLETE-SESSION: marking shore logs synced for vessel=7446783c-841a-11ed-aa7c-7003bca91a86 checkpointBefore=2026-06-05T03:10:45.067Z excludeInstance=SHIP-Vessel 5
[2026-06-05T03:14:45.115Z] [SyncDiag] PREPARE-PULL DIAG: vessel=7446783c-841a-11ed-aa7c-7003bca91a86 total_logs=68970 unsynced=0 after_instance_filter=0 exclude=SHIP-Vessel 5 since=2026-06-05T03:10:45.067Z instances=[]
[2026-06-05T03:14:45.116Z] [SyncDiag] COMPLETE-SESSION: found 0 shore logs to mark synced
[2026-06-05T03:14:45.317Z] [SyncDiag] COMPLETE-SESSION: found 0 ship logs to mark synced
[2026-06-05T03:18:42.540Z] [SyncDiag] RECEIVE-PUSH START: batch=c729c6e7-6e53-469c-bf1f-36011657db16, vessel=7446783c-841a-11ed-aa7c-7003bca91a86, fieldLogs=0, oneWayRows=0
[2026-06-05T03:18:42.546Z] [SyncDiag] RECEIVE-PUSH DONE: stored=0, applied=0, errors=0, oneWayTables=0
[2026-06-05T03:18:44.573Z] [SyncDiag] PREPARE-PULL START: vessel=7446783c-841a-11ed-aa7c-7003bca91a86, vesselCode=null, checkpoint=2026-06-05T03:14:45.036Z, shoreInstanceId=SHORE-PROD
[2026-06-05T03:18:44.808Z] [SyncDiag] PREPARE-PULL DIAG: vessel=7446783c-841a-11ed-aa7c-7003bca91a86 total_logs=68970 unsynced=0 after_instance_filter=0 exclude=SHIP-Vessel 5 since=2026-06-05T03:14:45.036Z instances=[]
[2026-06-05T03:18:44.808Z] [SyncDiag] PREPARE-PULL FIELD LOGS: 0 shore logs for vessel=7446783c-841a-11ed-aa7c-7003bca91a86 (excluded instance=SHIP-Vessel 5)
[2026-06-05T03:18:45.050Z] [SyncDiag] PREPARE-PULL DONE: 0 one-way rows across 0 tables, 0 field logs, 0 conflicts
[2026-06-05T03:18:45.073Z] [SyncDiag] COMPLETE-SESSION: marking shore logs synced for vessel=7446783c-841a-11ed-aa7c-7003bca91a86 checkpointBefore=2026-06-05T03:14:45.036Z excludeInstance=SHIP-Vessel 5
[2026-06-05T03:18:45.151Z] [SyncDiag] PREPARE-PULL DIAG: vessel=7446783c-841a-11ed-aa7c-7003bca91a86 total_logs=68970 unsynced=0 after_instance_filter=0 exclude=SHIP-Vessel 5 since=2026-06-05T03:14:45.036Z instances=[]
[2026-06-05T03:18:45.152Z] [SyncDiag] COMPLETE-SESSION: found 0 shore logs to mark synced
[2026-06-05T03:18:45.357Z] [SyncDiag] COMPLETE-SESSION: found 0 ship logs to mark synced
[2026-06-05T03:22:42.521Z] [SyncDiag] RECEIVE-PUSH START: batch=db405423-fe2d-4401-b690-471d7ab3e110, vessel=7446783c-841a-11ed-aa7c-7003bca91a86, fieldLogs=0, oneWayRows=0
[2026-06-05T03:22:42.527Z] [SyncDiag] RECEIVE-PUSH DONE: stored=0, applied=0, errors=0, oneWayTables=0
[2026-06-05T03:22:44.571Z] [SyncDiag] PREPARE-PULL START: vessel=7446783c-841a-11ed-aa7c-7003bca91a86, vesselCode=null, checkpoint=2026-06-05T03:18:45.071Z, shoreInstanceId=SHORE-PROD
[2026-06-05T03:22:44.808Z] [SyncDiag] PREPARE-PULL DIAG: vessel=7446783c-841a-11ed-aa7c-7003bca91a86 total_logs=68970 unsynced=0 after_instance_filter=0 exclude=SHIP-Vessel 5 since=2026-06-05T03:18:45.071Z instances=[]
[2026-06-05T03:22:44.809Z] [SyncDiag] PREPARE-PULL FIELD LOGS: 0 shore logs for vessel=7446783c-841a-11ed-aa7c-7003bca91a86 (excluded instance=SHIP-Vessel 5)
[2026-06-05T03:22:45.054Z] [SyncDiag] PREPARE-PULL DONE: 0 one-way rows across 0 tables, 0 field logs, 0 conflicts
[2026-06-05T03:22:45.064Z] [SyncDiag] COMPLETE-SESSION: marking shore logs synced for vessel=7446783c-841a-11ed-aa7c-7003bca91a86 checkpointBefore=2026-06-05T03:18:45.071Z excludeInstance=SHIP-Vessel 5
[2026-06-05T03:22:45.142Z] [SyncDiag] PREPARE-PULL DIAG: vessel=7446783c-841a-11ed-aa7c-7003bca91a86 total_logs=68970 unsynced=0 after_instance_filter=0 exclude=SHIP-Vessel 5 since=2026-06-05T03:18:45.071Z instances=[]
[2026-06-05T03:22:45.143Z] [SyncDiag] COMPLETE-SESSION: found 0 shore logs to mark synced
[2026-06-05T03:22:45.341Z] [SyncDiag] COMPLETE-SESSION: found 0 ship logs to mark synced
[2026-06-05T03:26:42.479Z] [SyncDiag] RECEIVE-PUSH START: batch=1de0a34b-db5e-47d6-bd8c-f0b740587afe, vessel=7446783c-841a-11ed-aa7c-7003bca91a86, fieldLogs=0, oneWayRows=0
[2026-06-05T03:26:42.484Z] [SyncDiag] RECEIVE-PUSH DONE: stored=0, applied=0, errors=0, oneWayTables=0
[2026-06-05T03:26:44.523Z] [SyncDiag] PREPARE-PULL START: vessel=7446783c-841a-11ed-aa7c-7003bca91a86, vesselCode=null, checkpoint=2026-06-05T03:22:45.063Z, shoreInstanceId=SHORE-PROD
[2026-06-05T03:26:44.763Z] [SyncDiag] PREPARE-PULL DIAG: vessel=7446783c-841a-11ed-aa7c-7003bca91a86 total_logs=68970 unsynced=0 after_instance_filter=0 exclude=SHIP-Vessel 5 since=2026-06-05T03:22:45.063Z instances=[]
[2026-06-05T03:26:44.764Z] [SyncDiag] PREPARE-PULL FIELD LOGS: 0 shore logs for vessel=7446783c-841a-11ed-aa7c-7003bca91a86 (excluded instance=SHIP-Vessel 5)
[2026-06-05T03:26:45.007Z] [SyncDiag] PREPARE-PULL DONE: 0 one-way rows across 0 tables, 0 field logs, 0 conflicts
[2026-06-05T03:26:45.019Z] [SyncDiag] COMPLETE-SESSION: marking shore logs synced for vessel=7446783c-841a-11ed-aa7c-7003bca91a86 checkpointBefore=2026-06-05T03:22:45.063Z excludeInstance=SHIP-Vessel 5
[2026-06-05T03:26:45.098Z] [SyncDiag] PREPARE-PULL DIAG: vessel=7446783c-841a-11ed-aa7c-7003bca91a86 total_logs=68970 unsynced=0 after_instance_filter=0 exclude=SHIP-Vessel 5 since=2026-06-05T03:22:45.063Z instances=[]
[2026-06-05T03:26:45.098Z] [SyncDiag] COMPLETE-SESSION: found 0 shore logs to mark synced
[2026-06-05T03:26:45.308Z] [SyncDiag] COMPLETE-SESSION: found 0 ship logs to mark synced
[2026-06-05T03:30:42.528Z] [SyncDiag] RECEIVE-PUSH START: batch=f09d6200-051c-4d47-8892-6a75e1a059a7, vessel=7446783c-841a-11ed-aa7c-7003bca91a86, fieldLogs=0, oneWayRows=0
[2026-06-05T03:30:42.535Z] [SyncDiag] RECEIVE-PUSH DONE: stored=0, applied=0, errors=0, oneWayTables=0
[2026-06-05T03:30:44.564Z] [SyncDiag] PREPARE-PULL START: vessel=7446783c-841a-11ed-aa7c-7003bca91a86, vesselCode=null, checkpoint=2026-06-05T03:26:45.017Z, shoreInstanceId=SHORE-PROD
[2026-06-05T03:30:44.799Z] [SyncDiag] PREPARE-PULL DIAG: vessel=7446783c-841a-11ed-aa7c-7003bca91a86 total_logs=68970 unsynced=0 after_instance_filter=0 exclude=SHIP-Vessel 5 since=2026-06-05T03:26:45.017Z instances=[]
[2026-06-05T03:30:44.800Z] [SyncDiag] PREPARE-PULL FIELD LOGS: 0 shore logs for vessel=7446783c-841a-11ed-aa7c-7003bca91a86 (excluded instance=SHIP-Vessel 5)
[2026-06-05T03:30:45.028Z] [SyncDiag] PREPARE-PULL DONE: 0 one-way rows across 0 tables, 0 field logs, 0 conflicts
[2026-06-05T03:30:45.047Z] [SyncDiag] COMPLETE-SESSION: marking shore logs synced for vessel=7446783c-841a-11ed-aa7c-7003bca91a86 checkpointBefore=2026-06-05T03:26:45.017Z excludeInstance=SHIP-Vessel 5
[2026-06-05T03:30:45.125Z] [SyncDiag] PREPARE-PULL DIAG: vessel=7446783c-841a-11ed-aa7c-7003bca91a86 total_logs=68970 unsynced=0 after_instance_filter=0 exclude=SHIP-Vessel 5 since=2026-06-05T03:26:45.017Z instances=[]
[2026-06-05T03:30:45.126Z] [SyncDiag] COMPLETE-SESSION: found 0 shore logs to mark synced
[2026-06-05T03:30:45.334Z] [SyncDiag] COMPLETE-SESSION: found 0 ship logs to mark synced
[2026-06-05T03:34:42.546Z] [SyncDiag] RECEIVE-PUSH START: batch=484614eb-612f-4490-a613-a4f2c5a861ac, vessel=7446783c-841a-11ed-aa7c-7003bca91a86, fieldLogs=0, oneWayRows=0
[2026-06-05T03:34:42.552Z] [SyncDiag] RECEIVE-PUSH DONE: stored=0, applied=0, errors=0, oneWayTables=0
[2026-06-05T03:34:44.579Z] [SyncDiag] PREPARE-PULL START: vessel=7446783c-841a-11ed-aa7c-7003bca91a86, vesselCode=null, checkpoint=2026-06-05T03:30:45.045Z, shoreInstanceId=SHORE-PROD
[2026-06-05T03:34:44.819Z] [SyncDiag] PREPARE-PULL DIAG: vessel=7446783c-841a-11ed-aa7c-7003bca91a86 total_logs=68970 unsynced=0 after_instance_filter=0 exclude=SHIP-Vessel 5 since=2026-06-05T03:30:45.045Z instances=[]
[2026-06-05T03:34:44.820Z] [SyncDiag] PREPARE-PULL FIELD LOGS: 0 shore logs for vessel=7446783c-841a-11ed-aa7c-7003bca91a86 (excluded instance=SHIP-Vessel 5)
[2026-06-05T03:34:45.047Z] [SyncDiag] PREPARE-PULL DONE: 0 one-way rows across 0 tables, 0 field logs, 0 conflicts
[2026-06-05T03:34:45.062Z] [SyncDiag] COMPLETE-SESSION: marking shore logs synced for vessel=7446783c-841a-11ed-aa7c-7003bca91a86 checkpointBefore=2026-06-05T03:30:45.045Z excludeInstance=SHIP-Vessel 5
[2026-06-05T03:34:45.138Z] [SyncDiag] PREPARE-PULL DIAG: vessel=7446783c-841a-11ed-aa7c-7003bca91a86 total_logs=68970 unsynced=0 after_instance_filter=0 exclude=SHIP-Vessel 5 since=2026-06-05T03:30:45.045Z instances=[]
[2026-06-05T03:34:45.139Z] [SyncDiag] COMPLETE-SESSION: found 0 shore logs to mark synced
[2026-06-05T03:34:45.340Z] [SyncDiag] COMPLETE-SESSION: found 0 ship logs to mark synced
[2026-06-05T03:38:42.551Z] [SyncDiag] RECEIVE-PUSH START: batch=f202daa8-da71-4a0a-beeb-5cffe838a85c, vessel=7446783c-841a-11ed-aa7c-7003bca91a86, fieldLogs=0, oneWayRows=0
[2026-06-05T03:38:42.558Z] [SyncDiag] RECEIVE-PUSH DONE: stored=0, applied=0, errors=0, oneWayTables=0
[2026-06-05T03:38:44.599Z] [SyncDiag] PREPARE-PULL START: vessel=7446783c-841a-11ed-aa7c-7003bca91a86, vesselCode=null, checkpoint=2026-06-05T03:34:45.061Z, shoreInstanceId=SHORE-PROD
[2026-06-05T03:38:44.839Z] [SyncDiag] PREPARE-PULL DIAG: vessel=7446783c-841a-11ed-aa7c-7003bca91a86 total_logs=68970 unsynced=0 after_instance_filter=0 exclude=SHIP-Vessel 5 since=2026-06-05T03:34:45.061Z instances=[]
[2026-06-05T03:38:44.839Z] [SyncDiag] PREPARE-PULL FIELD LOGS: 0 shore logs for vessel=7446783c-841a-11ed-aa7c-7003bca91a86 (excluded instance=SHIP-Vessel 5)
[2026-06-05T03:38:45.091Z] [SyncDiag] PREPARE-PULL DONE: 0 one-way rows across 0 tables, 0 field logs, 0 conflicts
[2026-06-05T03:38:45.115Z] [SyncDiag] COMPLETE-SESSION: marking shore logs synced for vessel=7446783c-841a-11ed-aa7c-7003bca91a86 checkpointBefore=2026-06-05T03:34:45.061Z excludeInstance=SHIP-Vessel 5
[2026-06-05T03:38:45.194Z] [SyncDiag] PREPARE-PULL DIAG: vessel=7446783c-841a-11ed-aa7c-7003bca91a86 total_logs=68970 unsynced=0 after_instance_filter=0 exclude=SHIP-Vessel 5 since=2026-06-05T03:34:45.061Z instances=[]
[2026-06-05T03:38:45.195Z] [SyncDiag] COMPLETE-SESSION: found 0 shore logs to mark synced
[2026-06-05T03:38:45.397Z] [SyncDiag] COMPLETE-SESSION: found 0 ship logs to mark synced
[2026-06-05T03:42:42.552Z] [SyncDiag] RECEIVE-PUSH START: batch=d0c3aa9c-1f12-49cc-9ed0-b33789762c2c, vessel=7446783c-841a-11ed-aa7c-7003bca91a86, fieldLogs=0, oneWayRows=0
[2026-06-05T03:42:42.558Z] [SyncDiag] RECEIVE-PUSH DONE: stored=0, applied=0, errors=0, oneWayTables=0
[2026-06-05T03:42:44.604Z] [SyncDiag] PREPARE-PULL START: vessel=7446783c-841a-11ed-aa7c-7003bca91a86, vesselCode=null, checkpoint=2026-06-05T03:38:45.114Z, shoreInstanceId=SHORE-PROD
[2026-06-05T03:42:44.840Z] [SyncDiag] PREPARE-PULL DIAG: vessel=7446783c-841a-11ed-aa7c-7003bca91a86 total_logs=68970 unsynced=0 after_instance_filter=0 exclude=SHIP-Vessel 5 since=2026-06-05T03:38:45.114Z instances=[]
[2026-06-05T03:42:44.840Z] [SyncDiag] PREPARE-PULL FIELD LOGS: 0 shore logs for vessel=7446783c-841a-11ed-aa7c-7003bca91a86 (excluded instance=SHIP-Vessel 5)
[2026-06-05T03:42:45.089Z] [SyncDiag] PREPARE-PULL DONE: 0 one-way rows across 0 tables, 0 field logs, 0 conflicts
[2026-06-05T03:42:45.102Z] [SyncDiag] COMPLETE-SESSION: marking shore logs synced for vessel=7446783c-841a-11ed-aa7c-7003bca91a86 checkpointBefore=2026-06-05T03:38:45.114Z excludeInstance=SHIP-Vessel 5
[2026-06-05T03:42:45.181Z] [SyncDiag] PREPARE-PULL DIAG: vessel=7446783c-841a-11ed-aa7c-7003bca91a86 total_logs=68970 unsynced=0 after_instance_filter=0 exclude=SHIP-Vessel 5 since=2026-06-05T03:38:45.114Z instances=[]
[2026-06-05T03:42:45.182Z] [SyncDiag] COMPLETE-SESSION: found 0 shore logs to mark synced
[2026-06-05T03:42:45.384Z] [SyncDiag] COMPLETE-SESSION: found 0 ship logs to mark synced
[2026-06-05T03:46:44.516Z] [SyncDiag] RECEIVE-PUSH START: batch=a993dbab-ed3f-4d99-b095-daeca4d4a3c6, vessel=7446783c-841a-11ed-aa7c-7003bca91a86, fieldLogs=0, oneWayRows=0
[2026-06-05T03:46:44.520Z] [SyncDiag] RECEIVE-PUSH DONE: stored=0, applied=0, errors=0, oneWayTables=0
[2026-06-05T03:46:44.533Z] [SyncDiag] PREPARE-PULL START: vessel=7446783c-841a-11ed-aa7c-7003bca91a86, vesselCode=null, checkpoint=2026-06-05T03:42:45.101Z, shoreInstanceId=SHORE-PROD
[2026-06-05T03:46:44.767Z] [SyncDiag] PREPARE-PULL DIAG: vessel=7446783c-841a-11ed-aa7c-7003bca91a86 total_logs=68970 unsynced=0 after_instance_filter=0 exclude=SHIP-Vessel 5 since=2026-06-05T03:42:45.101Z instances=[]
[2026-06-05T03:46:44.768Z] [SyncDiag] PREPARE-PULL FIELD LOGS: 0 shore logs for vessel=7446783c-841a-11ed-aa7c-7003bca91a86 (excluded instance=SHIP-Vessel 5)
[2026-06-05T03:46:45.026Z] [SyncDiag] PREPARE-PULL DONE: 0 one-way rows across 0 tables, 0 field logs, 0 conflicts
[2026-06-05T03:46:45.035Z] [SyncDiag] COMPLETE-SESSION: marking shore logs synced for vessel=7446783c-841a-11ed-aa7c-7003bca91a86 checkpointBefore=2026-06-05T03:42:45.101Z excludeInstance=SHIP-Vessel 5
[2026-06-05T03:46:45.126Z] [SyncDiag] PREPARE-PULL DIAG: vessel=7446783c-841a-11ed-aa7c-7003bca91a86 total_logs=68970 unsynced=0 after_instance_filter=0 exclude=SHIP-Vessel 5 since=2026-06-05T03:42:45.101Z instances=[]
[2026-06-05T03:46:45.126Z] [SyncDiag] COMPLETE-SESSION: found 0 shore logs to mark synced
[2026-06-05T03:46:45.339Z] [SyncDiag] COMPLETE-SESSION: found 0 ship logs to mark synced
[2026-06-05T03:50:42.570Z] [SyncDiag] RECEIVE-PUSH START: batch=d76ea5e7-132a-4205-971c-fa6959c741be, vessel=7446783c-841a-11ed-aa7c-7003bca91a86, fieldLogs=0, oneWayRows=0
[2026-06-05T03:50:42.576Z] [SyncDiag] RECEIVE-PUSH DONE: stored=0, applied=0, errors=0, oneWayTables=0
[2026-06-05T03:50:44.600Z] [SyncDiag] PREPARE-PULL START: vessel=7446783c-841a-11ed-aa7c-7003bca91a86, vesselCode=null, checkpoint=2026-06-05T03:46:45.033Z, shoreInstanceId=SHORE-PROD
[2026-06-05T03:50:44.832Z] [SyncDiag] PREPARE-PULL DIAG: vessel=7446783c-841a-11ed-aa7c-7003bca91a86 total_logs=68970 unsynced=0 after_instance_filter=0 exclude=SHIP-Vessel 5 since=2026-06-05T03:46:45.033Z instances=[]
[2026-06-05T03:50:44.832Z] [SyncDiag] PREPARE-PULL FIELD LOGS: 0 shore logs for vessel=7446783c-841a-11ed-aa7c-7003bca91a86 (excluded instance=SHIP-Vessel 5)
[2026-06-05T03:50:45.067Z] [SyncDiag] PREPARE-PULL DONE: 0 one-way rows across 0 tables, 0 field logs, 0 conflicts
[2026-06-05T03:50:45.077Z] [SyncDiag] COMPLETE-SESSION: marking shore logs synced for vessel=7446783c-841a-11ed-aa7c-7003bca91a86 checkpointBefore=2026-06-05T03:46:45.033Z excludeInstance=SHIP-Vessel 5
[2026-06-05T03:50:45.155Z] [SyncDiag] PREPARE-PULL DIAG: vessel=7446783c-841a-11ed-aa7c-7003bca91a86 total_logs=68970 unsynced=0 after_instance_filter=0 exclude=SHIP-Vessel 5 since=2026-06-05T03:46:45.033Z instances=[]
[2026-06-05T03:50:45.155Z] [SyncDiag] COMPLETE-SESSION: found 0 shore logs to mark synced
[2026-06-05T03:50:45.361Z] [SyncDiag] COMPLETE-SESSION: found 0 ship logs to mark synced
[2026-06-05T03:54:42.583Z] [SyncDiag] RECEIVE-PUSH START: batch=e4e27a18-bc25-4915-956f-0d2f7aaa44d1, vessel=7446783c-841a-11ed-aa7c-7003bca91a86, fieldLogs=0, oneWayRows=0
[2026-06-05T03:54:42.589Z] [SyncDiag] RECEIVE-PUSH DONE: stored=0, applied=0, errors=0, oneWayTables=0
[2026-06-05T03:54:44.607Z] [SyncDiag] PREPARE-PULL START: vessel=7446783c-841a-11ed-aa7c-7003bca91a86, vesselCode=null, checkpoint=2026-06-05T03:50:45.076Z, shoreInstanceId=SHORE-PROD
[2026-06-05T03:54:44.844Z] [SyncDiag] PREPARE-PULL DIAG: vessel=7446783c-841a-11ed-aa7c-7003bca91a86 total_logs=68970 unsynced=0 after_instance_filter=0 exclude=SHIP-Vessel 5 since=2026-06-05T03:50:45.076Z instances=[]
[2026-06-05T03:54:44.845Z] [SyncDiag] PREPARE-PULL FIELD LOGS: 0 shore logs for vessel=7446783c-841a-11ed-aa7c-7003bca91a86 (excluded instance=SHIP-Vessel 5)
[2026-06-05T03:54:45.074Z] [SyncDiag] PREPARE-PULL DONE: 0 one-way rows across 0 tables, 0 field logs, 0 conflicts
[2026-06-05T03:54:45.084Z] [SyncDiag] COMPLETE-SESSION: marking shore logs synced for vessel=7446783c-841a-11ed-aa7c-7003bca91a86 checkpointBefore=2026-06-05T03:50:45.076Z excludeInstance=SHIP-Vessel 5
[2026-06-05T03:54:45.158Z] [SyncDiag] PREPARE-PULL DIAG: vessel=7446783c-841a-11ed-aa7c-7003bca91a86 total_logs=68970 unsynced=0 after_instance_filter=0 exclude=SHIP-Vessel 5 since=2026-06-05T03:50:45.076Z instances=[]
[2026-06-05T03:54:45.158Z] [SyncDiag] COMPLETE-SESSION: found 0 shore logs to mark synced
[2026-06-05T03:54:45.365Z] [SyncDiag] COMPLETE-SESSION: found 0 ship logs to mark synced
[2026-06-05T03:58:44.600Z] [SyncDiag] RECEIVE-PUSH START: batch=66fa99dc-ef61-48a0-acab-0a2bdbdaea50, vessel=7446783c-841a-11ed-aa7c-7003bca91a86, fieldLogs=0, oneWayRows=0
[2026-06-05T03:58:44.607Z] [SyncDiag] RECEIVE-PUSH DONE: stored=0, applied=0, errors=0, oneWayTables=0
[2026-06-05T03:58:44.618Z] [SyncDiag] PREPARE-PULL START: vessel=7446783c-841a-11ed-aa7c-7003bca91a86, vesselCode=null, checkpoint=2026-06-05T03:54:45.083Z, shoreInstanceId=SHORE-PROD
[2026-06-05T03:58:44.857Z] [SyncDiag] PREPARE-PULL DIAG: vessel=7446783c-841a-11ed-aa7c-7003bca91a86 total_logs=68970 unsynced=0 after_instance_filter=0 exclude=SHIP-Vessel 5 since=2026-06-05T03:54:45.083Z instances=[]
[2026-06-05T03:58:44.858Z] [SyncDiag] PREPARE-PULL FIELD LOGS: 0 shore logs for vessel=7446783c-841a-11ed-aa7c-7003bca91a86 (excluded instance=SHIP-Vessel 5)
[2026-06-05T03:58:45.119Z] [SyncDiag] PREPARE-PULL DONE: 0 one-way rows across 0 tables, 0 field logs, 0 conflicts
[2026-06-05T03:58:45.128Z] [SyncDiag] COMPLETE-SESSION: marking shore logs synced for vessel=7446783c-841a-11ed-aa7c-7003bca91a86 checkpointBefore=2026-06-05T03:54:45.083Z excludeInstance=SHIP-Vessel 5
[2026-06-05T03:58:45.207Z] [SyncDiag] PREPARE-PULL DIAG: vessel=7446783c-841a-11ed-aa7c-7003bca91a86 total_logs=68970 unsynced=0 after_instance_filter=0 exclude=SHIP-Vessel 5 since=2026-06-05T03:54:45.083Z instances=[]
[2026-06-05T03:58:45.208Z] [SyncDiag] COMPLETE-SESSION: found 0 shore logs to mark synced
[2026-06-05T03:58:45.425Z] [SyncDiag] COMPLETE-SESSION: found 0 ship logs to mark synced
[2026-06-05T04:02:44.696Z] [SyncDiag] RECEIVE-PUSH START: batch=cf2afed6-3b88-4544-8377-140ad046e4e9, vessel=7446783c-841a-11ed-aa7c-7003bca91a86, fieldLogs=0, oneWayRows=0
[2026-06-05T04:02:44.703Z] [SyncDiag] RECEIVE-PUSH DONE: stored=0, applied=0, errors=0, oneWayTables=0
[2026-06-05T04:02:44.716Z] [SyncDiag] PREPARE-PULL START: vessel=7446783c-841a-11ed-aa7c-7003bca91a86, vesselCode=null, checkpoint=2026-06-05T03:58:45.127Z, shoreInstanceId=SHORE-PROD
[2026-06-05T04:02:44.951Z] [SyncDiag] PREPARE-PULL DIAG: vessel=7446783c-841a-11ed-aa7c-7003bca91a86 total_logs=68970 unsynced=0 after_instance_filter=0 exclude=SHIP-Vessel 5 since=2026-06-05T03:58:45.127Z instances=[]
[2026-06-05T04:02:44.952Z] [SyncDiag] PREPARE-PULL FIELD LOGS: 0 shore logs for vessel=7446783c-841a-11ed-aa7c-7003bca91a86 (excluded instance=SHIP-Vessel 5)
[2026-06-05T04:02:45.202Z] [SyncDiag] PREPARE-PULL DONE: 0 one-way rows across 0 tables, 0 field logs, 0 conflicts
[2026-06-05T04:02:45.217Z] [SyncDiag] COMPLETE-SESSION: marking shore logs synced for vessel=7446783c-841a-11ed-aa7c-7003bca91a86 checkpointBefore=2026-06-05T03:58:45.127Z excludeInstance=SHIP-Vessel 5
[2026-06-05T04:02:45.294Z] [SyncDiag] PREPARE-PULL DIAG: vessel=7446783c-841a-11ed-aa7c-7003bca91a86 total_logs=68970 unsynced=0 after_instance_filter=0 exclude=SHIP-Vessel 5 since=2026-06-05T03:58:45.127Z instances=[]
[2026-06-05T04:02:45.295Z] [SyncDiag] COMPLETE-SESSION: found 0 shore logs to mark synced
[2026-06-05T04:02:45.503Z] [SyncDiag] COMPLETE-SESSION: found 0 ship logs to mark synced
[2026-06-05T04:06:44.547Z] [SyncDiag] RECEIVE-PUSH START: batch=ddf2b6a6-5c91-40fa-8259-5a98a607930a, vessel=7446783c-841a-11ed-aa7c-7003bca91a86, fieldLogs=0, oneWayRows=0
[2026-06-05T04:06:44.552Z] [SyncDiag] RECEIVE-PUSH DONE: stored=0, applied=0, errors=0, oneWayTables=0
[2026-06-05T04:06:44.564Z] [SyncDiag] PREPARE-PULL START: vessel=7446783c-841a-11ed-aa7c-7003bca91a86, vesselCode=null, checkpoint=2026-06-05T04:02:45.215Z, shoreInstanceId=SHORE-PROD
[2026-06-05T04:06:44.891Z] [SyncDiag] PREPARE-PULL DIAG: vessel=7446783c-841a-11ed-aa7c-7003bca91a86 total_logs=68970 unsynced=0 after_instance_filter=0 exclude=SHIP-Vessel 5 since=2026-06-05T04:02:45.215Z instances=[]
[2026-06-05T04:06:44.892Z] [SyncDiag] PREPARE-PULL FIELD LOGS: 0 shore logs for vessel=7446783c-841a-11ed-aa7c-7003bca91a86 (excluded instance=SHIP-Vessel 5)
[2026-06-05T04:06:45.143Z] [SyncDiag] PREPARE-PULL DONE: 0 one-way rows across 0 tables, 0 field logs, 0 conflicts
[2026-06-05T04:06:45.153Z] [SyncDiag] COMPLETE-SESSION: marking shore logs synced for vessel=7446783c-841a-11ed-aa7c-7003bca91a86 checkpointBefore=2026-06-05T04:02:45.215Z excludeInstance=SHIP-Vessel 5
[2026-06-05T04:06:45.231Z] [SyncDiag] PREPARE-PULL DIAG: vessel=7446783c-841a-11ed-aa7c-7003bca91a86 total_logs=68970 unsynced=0 after_instance_filter=0 exclude=SHIP-Vessel 5 since=2026-06-05T04:02:45.215Z instances=[]
[2026-06-05T04:06:45.232Z] [SyncDiag] COMPLETE-SESSION: found 0 shore logs to mark synced
[2026-06-05T04:06:45.436Z] [SyncDiag] COMPLETE-SESSION: found 0 ship logs to mark synced
[2026-06-05T04:10:44.584Z] [SyncDiag] RECEIVE-PUSH START: batch=74e4a6ce-bec6-431a-a887-3f3f88660f8e, vessel=7446783c-841a-11ed-aa7c-7003bca91a86, fieldLogs=0, oneWayRows=0
[2026-06-05T04:10:44.591Z] [SyncDiag] RECEIVE-PUSH DONE: stored=0, applied=0, errors=0, oneWayTables=0
[2026-06-05T04:10:44.601Z] [SyncDiag] PREPARE-PULL START: vessel=7446783c-841a-11ed-aa7c-7003bca91a86, vesselCode=null, checkpoint=2026-06-05T04:06:45.151Z, shoreInstanceId=SHORE-PROD
[2026-06-05T04:10:44.832Z] [SyncDiag] PREPARE-PULL DIAG: vessel=7446783c-841a-11ed-aa7c-7003bca91a86 total_logs=68970 unsynced=0 after_instance_filter=0 exclude=SHIP-Vessel 5 since=2026-06-05T04:06:45.151Z instances=[]
[2026-06-05T04:10:44.832Z] [SyncDiag] PREPARE-PULL FIELD LOGS: 0 shore logs for vessel=7446783c-841a-11ed-aa7c-7003bca91a86 (excluded instance=SHIP-Vessel 5)
[2026-06-05T04:10:45.068Z] [SyncDiag] PREPARE-PULL DONE: 0 one-way rows across 0 tables, 0 field logs, 0 conflicts
[2026-06-05T04:10:45.088Z] [SyncDiag] COMPLETE-SESSION: marking shore logs synced for vessel=7446783c-841a-11ed-aa7c-7003bca91a86 checkpointBefore=2026-06-05T04:06:45.151Z excludeInstance=SHIP-Vessel 5
[2026-06-05T04:10:45.165Z] [SyncDiag] PREPARE-PULL DIAG: vessel=7446783c-841a-11ed-aa7c-7003bca91a86 total_logs=68970 unsynced=0 after_instance_filter=0 exclude=SHIP-Vessel 5 since=2026-06-05T04:06:45.151Z instances=[]
[2026-06-05T04:10:45.166Z] [SyncDiag] COMPLETE-SESSION: found 0 shore logs to mark synced
[2026-06-05T04:10:45.385Z] [SyncDiag] COMPLETE-SESSION: found 0 ship logs to mark synced
[2026-06-05T04:14:42.680Z] [SyncDiag] RECEIVE-PUSH START: batch=f3f430c5-e09d-46a2-a25a-2f81e5c9cac3, vessel=7446783c-841a-11ed-aa7c-7003bca91a86, fieldLogs=0, oneWayRows=0
[2026-06-05T04:14:42.687Z] [SyncDiag] RECEIVE-PUSH DONE: stored=0, applied=0, errors=0, oneWayTables=0
[2026-06-05T04:14:44.720Z] [SyncDiag] PREPARE-PULL START: vessel=7446783c-841a-11ed-aa7c-7003bca91a86, vesselCode=null, checkpoint=2026-06-05T04:10:45.087Z, shoreInstanceId=SHORE-PROD
[2026-06-05T04:14:44.958Z] [SyncDiag] PREPARE-PULL DIAG: vessel=7446783c-841a-11ed-aa7c-7003bca91a86 total_logs=68970 unsynced=0 after_instance_filter=0 exclude=SHIP-Vessel 5 since=2026-06-05T04:10:45.087Z instances=[]
[2026-06-05T04:14:44.959Z] [SyncDiag] PREPARE-PULL FIELD LOGS: 0 shore logs for vessel=7446783c-841a-11ed-aa7c-7003bca91a86 (excluded instance=SHIP-Vessel 5)
[2026-06-05T04:14:45.208Z] [SyncDiag] PREPARE-PULL DONE: 0 one-way rows across 0 tables, 0 field logs, 0 conflicts
[2026-06-05T04:14:45.218Z] [SyncDiag] COMPLETE-SESSION: marking shore logs synced for vessel=7446783c-841a-11ed-aa7c-7003bca91a86 checkpointBefore=2026-06-05T04:10:45.087Z excludeInstance=SHIP-Vessel 5
[2026-06-05T04:14:45.292Z] [SyncDiag] PREPARE-PULL DIAG: vessel=7446783c-841a-11ed-aa7c-7003bca91a86 total_logs=68970 unsynced=0 after_instance_filter=0 exclude=SHIP-Vessel 5 since=2026-06-05T04:10:45.087Z instances=[]
[2026-06-05T04:14:45.292Z] [SyncDiag] COMPLETE-SESSION: found 0 shore logs to mark synced
[2026-06-05T04:14:45.500Z] [SyncDiag] COMPLETE-SESSION: found 0 ship logs to mark synced
[2026-06-05T04:17:55.961Z] [SyncDiag] RECEIVE-PUSH START: batch=6b0048f7-4344-45b1-b131-d9d5129be8d3, vessel=7446783c-841a-11ed-aa7c-7003bca91a86, fieldLogs=15, oneWayRows=0
[2026-06-05T04:17:55.978Z] [SyncDiag] RECEIVE-PUSH: 15 field logs stored in sync_field_log
[2026-06-05T04:17:55.979Z] [SyncDiag] SYNC-APPLY TRIGGER BYPASS active for batch=6b0048f7-4344-45b1-b131-d9d5129be8d3
[2026-06-05T04:17:55.980Z] [SyncDiag] FIELD-LOG-INSERT START: 15 logs
[2026-06-05T04:17:55.980Z] [SyncDiag] FIELD-LOG-INSERT: 1 groups from 15 logs
[2026-06-05T04:17:56.021Z] [SyncDiag] FIELD-LOG-INSERT OK: work_order_postponements row=d20065b1-1379-430f-98df-1af862501ca5 (17 columns)
[2026-06-05T04:17:56.022Z] [SyncDiag] FIELD-LOG-INSERT DONE: inserted=1, updatePassthrough=0, errors=0
[2026-06-05T04:17:56.037Z] [SyncDiag] RECEIVE-PUSH DONE: stored=15, applied=1, errors=0, oneWayTables=0
[2026-06-05T04:17:58.083Z] [SyncDiag] PREPARE-PULL START: vessel=7446783c-841a-11ed-aa7c-7003bca91a86, vesselCode=null, checkpoint=2026-06-05T04:14:45.217Z, shoreInstanceId=SHORE-PROD
[2026-06-05T04:17:58.315Z] [SyncDiag] PREPARE-PULL DIAG: vessel=7446783c-841a-11ed-aa7c-7003bca91a86 total_logs=68985 unsynced=15 after_instance_filter=0 exclude=SHIP-Vessel 5 since=2026-06-05T04:14:45.217Z instances=[SHIP-Vessel 5:15]
[2026-06-05T04:17:58.316Z] [SyncDiag] PREPARE-PULL FIELD LOGS: 0 shore logs for vessel=7446783c-841a-11ed-aa7c-7003bca91a86 (excluded instance=SHIP-Vessel 5)
[2026-06-05T04:17:58.580Z] [SyncDiag] PREPARE-PULL DONE: 0 one-way rows across 0 tables, 0 field logs, 0 conflicts
[2026-06-05T04:17:58.601Z] [SyncDiag] COMPLETE-SESSION: marking shore logs synced for vessel=7446783c-841a-11ed-aa7c-7003bca91a86 checkpointBefore=2026-06-05T04:14:45.217Z excludeInstance=SHIP-Vessel 5
[2026-06-05T04:17:58.682Z] [SyncDiag] PREPARE-PULL DIAG: vessel=7446783c-841a-11ed-aa7c-7003bca91a86 total_logs=68985 unsynced=15 after_instance_filter=0 exclude=SHIP-Vessel 5 since=2026-06-05T04:14:45.217Z instances=[SHIP-Vessel 5:15]
[2026-06-05T04:17:58.682Z] [SyncDiag] COMPLETE-SESSION: found 0 shore logs to mark synced
[2026-06-05T04:17:58.897Z] [SyncDiag] COMPLETE-SESSION: found 15 ship logs to mark synced
[2026-06-05T04:18:42.555Z] [SyncDiag] RECEIVE-PUSH START: batch=fe8f6eef-799b-469e-ba4d-1e3f661ce071, vessel=7446783c-841a-11ed-aa7c-7003bca91a86, fieldLogs=0, oneWayRows=0
[2026-06-05T04:18:42.561Z] [SyncDiag] RECEIVE-PUSH DONE: stored=0, applied=0, errors=0, oneWayTables=0
[2026-06-05T04:18:44.590Z] [SyncDiag] PREPARE-PULL START: vessel=7446783c-841a-11ed-aa7c-7003bca91a86, vesselCode=null, checkpoint=2026-06-05T04:17:58.600Z, shoreInstanceId=SHORE-PROD
[2026-06-05T04:18:44.820Z] [SyncDiag] PREPARE-PULL DIAG: vessel=7446783c-841a-11ed-aa7c-7003bca91a86 total_logs=68985 unsynced=0 after_instance_filter=0 exclude=SHIP-Vessel 5 since=2026-06-05T04:17:58.600Z instances=[]
[2026-06-05T04:18:44.820Z] [SyncDiag] PREPARE-PULL FIELD LOGS: 0 shore logs for vessel=7446783c-841a-11ed-aa7c-7003bca91a86 (excluded instance=SHIP-Vessel 5)
[2026-06-05T04:18:45.061Z] [SyncDiag] PREPARE-PULL DONE: 0 one-way rows across 0 tables, 0 field logs, 0 conflicts
[2026-06-05T04:18:45.076Z] [SyncDiag] COMPLETE-SESSION: marking shore logs synced for vessel=7446783c-841a-11ed-aa7c-7003bca91a86 checkpointBefore=2026-06-05T04:17:58.600Z excludeInstance=SHIP-Vessel 5
[2026-06-05T04:18:45.152Z] [SyncDiag] PREPARE-PULL DIAG: vessel=7446783c-841a-11ed-aa7c-7003bca91a86 total_logs=68985 unsynced=0 after_instance_filter=0 exclude=SHIP-Vessel 5 since=2026-06-05T04:17:58.600Z instances=[]
[2026-06-05T04:18:45.153Z] [SyncDiag] COMPLETE-SESSION: found 0 shore logs to mark synced
[2026-06-05T04:18:45.358Z] [SyncDiag] COMPLETE-SESSION: found 0 ship logs to mark synced
[2026-06-05T04:22:44.484Z] [SyncDiag] RECEIVE-PUSH START: batch=6f9c64da-e450-473d-8b35-fee82f1a6ff7, vessel=7446783c-841a-11ed-aa7c-7003bca91a86, fieldLogs=0, oneWayRows=0
[2026-06-05T04:22:44.489Z] [SyncDiag] RECEIVE-PUSH DONE: stored=0, applied=0, errors=0, oneWayTables=0
[2026-06-05T04:22:44.500Z] [SyncDiag] PREPARE-PULL START: vessel=7446783c-841a-11ed-aa7c-7003bca91a86, vesselCode=null, checkpoint=2026-06-05T04:18:45.075Z, shoreInstanceId=SHORE-PROD
[2026-06-05T04:22:44.738Z] [SyncDiag] PREPARE-PULL DIAG: vessel=7446783c-841a-11ed-aa7c-7003bca91a86 total_logs=68985 unsynced=0 after_instance_filter=0 exclude=SHIP-Vessel 5 since=2026-06-05T04:18:45.075Z instances=[]
[2026-06-05T04:22:44.739Z] [SyncDiag] PREPARE-PULL FIELD LOGS: 0 shore logs for vessel=7446783c-841a-11ed-aa7c-7003bca91a86 (excluded instance=SHIP-Vessel 5)
[2026-06-05T04:22:45.011Z] [SyncDiag] PREPARE-PULL DONE: 0 one-way rows across 0 tables, 0 field logs, 0 conflicts
[2026-06-05T04:22:45.021Z] [SyncDiag] COMPLETE-SESSION: marking shore logs synced for vessel=7446783c-841a-11ed-aa7c-7003bca91a86 checkpointBefore=2026-06-05T04:18:45.075Z excludeInstance=SHIP-Vessel 5
[2026-06-05T04:22:45.099Z] [SyncDiag] PREPARE-PULL DIAG: vessel=7446783c-841a-11ed-aa7c-7003bca91a86 total_logs=68985 unsynced=0 after_instance_filter=0 exclude=SHIP-Vessel 5 since=2026-06-05T04:18:45.075Z instances=[]
[2026-06-05T04:22:45.100Z] [SyncDiag] COMPLETE-SESSION: found 0 shore logs to mark synced
[2026-06-05T04:22:45.318Z] [SyncDiag] COMPLETE-SESSION: found 0 ship logs to mark synced
[2026-06-05T04:26:42.524Z] [SyncDiag] RECEIVE-PUSH START: batch=d971d746-af13-4e5f-8707-ae83e2f5ae0c, vessel=7446783c-841a-11ed-aa7c-7003bca91a86, fieldLogs=0, oneWayRows=0
[2026-06-05T04:26:42.528Z] [SyncDiag] RECEIVE-PUSH DONE: stored=0, applied=0, errors=0, oneWayTables=0
[2026-06-05T04:26:44.560Z] [SyncDiag] PREPARE-PULL START: vessel=7446783c-841a-11ed-aa7c-7003bca91a86, vesselCode=null, checkpoint=2026-06-05T04:22:45.019Z, shoreInstanceId=SHORE-PROD
[2026-06-05T04:26:44.796Z] [SyncDiag] PREPARE-PULL DIAG: vessel=7446783c-841a-11ed-aa7c-7003bca91a86 total_logs=68985 unsynced=0 after_instance_filter=0 exclude=SHIP-Vessel 5 since=2026-06-05T04:22:45.019Z instances=[]
[2026-06-05T04:26:44.796Z] [SyncDiag] PREPARE-PULL FIELD LOGS: 0 shore logs for vessel=7446783c-841a-11ed-aa7c-7003bca91a86 (excluded instance=SHIP-Vessel 5)
[2026-06-05T04:26:45.045Z] [SyncDiag] PREPARE-PULL DONE: 0 one-way rows across 0 tables, 0 field logs, 0 conflicts
[2026-06-05T04:26:45.055Z] [SyncDiag] COMPLETE-SESSION: marking shore logs synced for vessel=7446783c-841a-11ed-aa7c-7003bca91a86 checkpointBefore=2026-06-05T04:22:45.019Z excludeInstance=SHIP-Vessel 5
[2026-06-05T04:26:45.135Z] [SyncDiag] PREPARE-PULL DIAG: vessel=7446783c-841a-11ed-aa7c-7003bca91a86 total_logs=68985 unsynced=0 after_instance_filter=0 exclude=SHIP-Vessel 5 since=2026-06-05T04:22:45.019Z instances=[]
[2026-06-05T04:26:45.135Z] [SyncDiag] COMPLETE-SESSION: found 0 shore logs to mark synced
[2026-06-05T04:26:45.325Z] [SyncDiag] COMPLETE-SESSION: found 0 ship logs to mark synced
[2026-06-05T04:30:42.581Z] [SyncDiag] RECEIVE-PUSH START: batch=aca1241b-b65f-4b5c-833e-a6a3f3188c3a, vessel=7446783c-841a-11ed-aa7c-7003bca91a86, fieldLogs=0, oneWayRows=0
[2026-06-05T04:30:42.587Z] [SyncDiag] RECEIVE-PUSH DONE: stored=0, applied=0, errors=0, oneWayTables=0
[2026-06-05T04:30:44.620Z] [SyncDiag] PREPARE-PULL START: vessel=7446783c-841a-11ed-aa7c-7003bca91a86, vesselCode=null, checkpoint=2026-06-05T04:26:45.054Z, shoreInstanceId=SHORE-PROD
[2026-06-05T04:30:44.856Z] [SyncDiag] PREPARE-PULL DIAG: vessel=7446783c-841a-11ed-aa7c-7003bca91a86 total_logs=68985 unsynced=0 after_instance_filter=0 exclude=SHIP-Vessel 5 since=2026-06-05T04:26:45.054Z instances=[]
[2026-06-05T04:30:44.857Z] [SyncDiag] PREPARE-PULL FIELD LOGS: 0 shore logs for vessel=7446783c-841a-11ed-aa7c-7003bca91a86 (excluded instance=SHIP-Vessel 5)
[2026-06-05T04:30:45.084Z] [SyncDiag] PREPARE-PULL DONE: 0 one-way rows across 0 tables, 0 field logs, 0 conflicts
[2026-06-05T04:30:45.095Z] [SyncDiag] COMPLETE-SESSION: marking shore logs synced for vessel=7446783c-841a-11ed-aa7c-7003bca91a86 checkpointBefore=2026-06-05T04:26:45.054Z excludeInstance=SHIP-Vessel 5
[2026-06-05T04:30:45.177Z] [SyncDiag] PREPARE-PULL DIAG: vessel=7446783c-841a-11ed-aa7c-7003bca91a86 total_logs=68985 unsynced=0 after_instance_filter=0 exclude=SHIP-Vessel 5 since=2026-06-05T04:26:45.054Z instances=[]
[2026-06-05T04:30:45.178Z] [SyncDiag] COMPLETE-SESSION: found 0 shore logs to mark synced
[2026-06-05T04:30:45.392Z] [SyncDiag] COMPLETE-SESSION: found 0 ship logs to mark synced
[2026-06-05T04:34:42.584Z] [SyncDiag] RECEIVE-PUSH START: batch=37837459-766a-4c35-97a5-6de8e8fc8f3b, vessel=7446783c-841a-11ed-aa7c-7003bca91a86, fieldLogs=0, oneWayRows=0
[2026-06-05T04:34:42.590Z] [SyncDiag] RECEIVE-PUSH DONE: stored=0, applied=0, errors=0, oneWayTables=0
[2026-06-05T04:34:44.623Z] [SyncDiag] PREPARE-PULL START: vessel=7446783c-841a-11ed-aa7c-7003bca91a86, vesselCode=null, checkpoint=2026-06-05T04:30:45.093Z, shoreInstanceId=SHORE-PROD
[2026-06-05T04:34:44.969Z] [SyncDiag] PREPARE-PULL DIAG: vessel=7446783c-841a-11ed-aa7c-7003bca91a86 total_logs=68985 unsynced=0 after_instance_filter=0 exclude=SHIP-Vessel 5 since=2026-06-05T04:30:45.093Z instances=[]
[2026-06-05T04:34:44.969Z] [SyncDiag] PREPARE-PULL FIELD LOGS: 0 shore logs for vessel=7446783c-841a-11ed-aa7c-7003bca91a86 (excluded instance=SHIP-Vessel 5)
[2026-06-05T04:34:45.205Z] [SyncDiag] PREPARE-PULL DONE: 0 one-way rows across 0 tables, 0 field logs, 0 conflicts
[2026-06-05T04:34:45.216Z] [SyncDiag] COMPLETE-SESSION: marking shore logs synced for vessel=7446783c-841a-11ed-aa7c-7003bca91a86 checkpointBefore=2026-06-05T04:30:45.093Z excludeInstance=SHIP-Vessel 5
[2026-06-05T04:34:45.292Z] [SyncDiag] PREPARE-PULL DIAG: vessel=7446783c-841a-11ed-aa7c-7003bca91a86 total_logs=68985 unsynced=0 after_instance_filter=0 exclude=SHIP-Vessel 5 since=2026-06-05T04:30:45.093Z instances=[]
[2026-06-05T04:34:45.292Z] [SyncDiag] COMPLETE-SESSION: found 0 shore logs to mark synced
[2026-06-05T04:34:45.498Z] [SyncDiag] COMPLETE-SESSION: found 0 ship logs to mark synced
[2026-06-05T04:38:42.713Z] [SyncDiag] RECEIVE-PUSH START: batch=f1f781fd-5d7e-443e-8a92-6e01d657fa41, vessel=7446783c-841a-11ed-aa7c-7003bca91a86, fieldLogs=0, oneWayRows=0
[2026-06-05T04:38:42.719Z] [SyncDiag] RECEIVE-PUSH DONE: stored=0, applied=0, errors=0, oneWayTables=0
[2026-06-05T04:38:44.744Z] [SyncDiag] PREPARE-PULL START: vessel=7446783c-841a-11ed-aa7c-7003bca91a86, vesselCode=null, checkpoint=2026-06-05T04:34:45.215Z, shoreInstanceId=SHORE-PROD
[2026-06-05T04:38:44.980Z] [SyncDiag] PREPARE-PULL DIAG: vessel=7446783c-841a-11ed-aa7c-7003bca91a86 total_logs=68985 unsynced=0 after_instance_filter=0 exclude=SHIP-Vessel 5 since=2026-06-05T04:34:45.215Z instances=[]
[2026-06-05T04:38:44.981Z] [SyncDiag] PREPARE-PULL FIELD LOGS: 0 shore logs for vessel=7446783c-841a-11ed-aa7c-7003bca91a86 (excluded instance=SHIP-Vessel 5)
[2026-06-05T04:38:45.226Z] [SyncDiag] PREPARE-PULL DONE: 0 one-way rows across 0 tables, 0 field logs, 0 conflicts
[2026-06-05T04:38:45.244Z] [SyncDiag] COMPLETE-SESSION: marking shore logs synced for vessel=7446783c-841a-11ed-aa7c-7003bca91a86 checkpointBefore=2026-06-05T04:34:45.215Z excludeInstance=SHIP-Vessel 5
[2026-06-05T04:38:45.322Z] [SyncDiag] PREPARE-PULL DIAG: vessel=7446783c-841a-11ed-aa7c-7003bca91a86 total_logs=68985 unsynced=0 after_instance_filter=0 exclude=SHIP-Vessel 5 since=2026-06-05T04:34:45.215Z instances=[]
[2026-06-05T04:38:45.323Z] [SyncDiag] COMPLETE-SESSION: found 0 shore logs to mark synced
[2026-06-05T04:38:45.527Z] [SyncDiag] COMPLETE-SESSION: found 0 ship logs to mark synced
[2026-06-05T04:42:42.702Z] [SyncDiag] RECEIVE-PUSH START: batch=b799009e-ec67-431d-97af-731de4f941dc, vessel=7446783c-841a-11ed-aa7c-7003bca91a86, fieldLogs=0, oneWayRows=0
[2026-06-05T04:42:42.708Z] [SyncDiag] RECEIVE-PUSH DONE: stored=0, applied=0, errors=0, oneWayTables=0
[2026-06-05T04:42:44.744Z] [SyncDiag] PREPARE-PULL START: vessel=7446783c-841a-11ed-aa7c-7003bca91a86, vesselCode=null, checkpoint=2026-06-05T04:38:45.242Z, shoreInstanceId=SHORE-PROD
[2026-06-05T04:42:44.982Z] [SyncDiag] PREPARE-PULL DIAG: vessel=7446783c-841a-11ed-aa7c-7003bca91a86 total_logs=68985 unsynced=0 after_instance_filter=0 exclude=SHIP-Vessel 5 since=2026-06-05T04:38:45.242Z instances=[]
[2026-06-05T04:42:44.982Z] [SyncDiag] PREPARE-PULL FIELD LOGS: 0 shore logs for vessel=7446783c-841a-11ed-aa7c-7003bca91a86 (excluded instance=SHIP-Vessel 5)
[2026-06-05T04:42:45.237Z] [SyncDiag] PREPARE-PULL DONE: 0 one-way rows across 0 tables, 0 field logs, 0 conflicts
[2026-06-05T04:42:45.247Z] [SyncDiag] COMPLETE-SESSION: marking shore logs synced for vessel=7446783c-841a-11ed-aa7c-7003bca91a86 checkpointBefore=2026-06-05T04:38:45.242Z excludeInstance=SHIP-Vessel 5
[2026-06-05T04:42:45.328Z] [SyncDiag] PREPARE-PULL DIAG: vessel=7446783c-841a-11ed-aa7c-7003bca91a86 total_logs=68985 unsynced=0 after_instance_filter=0 exclude=SHIP-Vessel 5 since=2026-06-05T04:38:45.242Z instances=[]
[2026-06-05T04:42:45.329Z] [SyncDiag] COMPLETE-SESSION: found 0 shore logs to mark synced
[2026-06-05T04:42:45.544Z] [SyncDiag] COMPLETE-SESSION: found 0 ship logs to mark synced
[2026-06-05T04:46:42.554Z] [SyncDiag] RECEIVE-PUSH START: batch=fb006f55-e07d-4a5f-b0a3-8696484cd931, vessel=7446783c-841a-11ed-aa7c-7003bca91a86, fieldLogs=0, oneWayRows=0
[2026-06-05T04:46:42.559Z] [SyncDiag] RECEIVE-PUSH DONE: stored=0, applied=0, errors=0, oneWayTables=0
[2026-06-05T04:46:44.585Z] [SyncDiag] PREPARE-PULL START: vessel=7446783c-841a-11ed-aa7c-7003bca91a86, vesselCode=null, checkpoint=2026-06-05T04:42:45.246Z, shoreInstanceId=SHORE-PROD
[2026-06-05T04:46:44.821Z] [SyncDiag] PREPARE-PULL DIAG: vessel=7446783c-841a-11ed-aa7c-7003bca91a86 total_logs=68985 unsynced=0 after_instance_filter=0 exclude=SHIP-Vessel 5 since=2026-06-05T04:42:45.246Z instances=[]
[2026-06-05T04:46:44.821Z] [SyncDiag] PREPARE-PULL FIELD LOGS: 0 shore logs for vessel=7446783c-841a-11ed-aa7c-7003bca91a86 (excluded instance=SHIP-Vessel 5)
[2026-06-05T04:46:45.065Z] [SyncDiag] PREPARE-PULL DONE: 0 one-way rows across 0 tables, 0 field logs, 0 conflicts
[2026-06-05T04:46:45.075Z] [SyncDiag] COMPLETE-SESSION: marking shore logs synced for vessel=7446783c-841a-11ed-aa7c-7003bca91a86 checkpointBefore=2026-06-05T04:42:45.246Z excludeInstance=SHIP-Vessel 5
[2026-06-05T04:46:45.152Z] [SyncDiag] PREPARE-PULL DIAG: vessel=7446783c-841a-11ed-aa7c-7003bca91a86 total_logs=68985 unsynced=0 after_instance_filter=0 exclude=SHIP-Vessel 5 since=2026-06-05T04:42:45.246Z instances=[]
[2026-06-05T04:46:45.152Z] [SyncDiag] COMPLETE-SESSION: found 0 shore logs to mark synced
[2026-06-05T04:46:45.359Z] [SyncDiag] COMPLETE-SESSION: found 0 ship logs to mark synced
[2026-06-05T04:50:42.613Z] [SyncDiag] RECEIVE-PUSH START: batch=3ff319c7-ed75-4d80-aee0-ca1ccc403fd8, vessel=7446783c-841a-11ed-aa7c-7003bca91a86, fieldLogs=0, oneWayRows=0
[2026-06-05T04:50:42.620Z] [SyncDiag] RECEIVE-PUSH DONE: stored=0, applied=0, errors=0, oneWayTables=0
[2026-06-05T04:50:44.650Z] [SyncDiag] PREPARE-PULL START: vessel=7446783c-841a-11ed-aa7c-7003bca91a86, vesselCode=null, checkpoint=2026-06-05T04:46:45.074Z, shoreInstanceId=SHORE-PROD
[2026-06-05T04:50:44.889Z] [SyncDiag] PREPARE-PULL DIAG: vessel=7446783c-841a-11ed-aa7c-7003bca91a86 total_logs=68985 unsynced=0 after_instance_filter=0 exclude=SHIP-Vessel 5 since=2026-06-05T04:46:45.074Z instances=[]
[2026-06-05T04:50:44.889Z] [SyncDiag] PREPARE-PULL FIELD LOGS: 0 shore logs for vessel=7446783c-841a-11ed-aa7c-7003bca91a86 (excluded instance=SHIP-Vessel 5)
[2026-06-05T04:50:45.114Z] [SyncDiag] PREPARE-PULL DONE: 0 one-way rows across 0 tables, 0 field logs, 0 conflicts
[2026-06-05T04:50:45.124Z] [SyncDiag] COMPLETE-SESSION: marking shore logs synced for vessel=7446783c-841a-11ed-aa7c-7003bca91a86 checkpointBefore=2026-06-05T04:46:45.074Z excludeInstance=SHIP-Vessel 5
[2026-06-05T04:50:45.200Z] [SyncDiag] PREPARE-PULL DIAG: vessel=7446783c-841a-11ed-aa7c-7003bca91a86 total_logs=68985 unsynced=0 after_instance_filter=0 exclude=SHIP-Vessel 5 since=2026-06-05T04:46:45.074Z instances=[]
[2026-06-05T04:50:45.200Z] [SyncDiag] COMPLETE-SESSION: found 0 shore logs to mark synced
[2026-06-05T04:50:45.410Z] [SyncDiag] COMPLETE-SESSION: found 0 ship logs to mark synced
[2026-06-05T04:54:42.718Z] [SyncDiag] RECEIVE-PUSH START: batch=605dfd44-bd92-4148-8c85-37abab66b132, vessel=7446783c-841a-11ed-aa7c-7003bca91a86, fieldLogs=0, oneWayRows=0
[2026-06-05T04:54:42.724Z] [SyncDiag] RECEIVE-PUSH DONE: stored=0, applied=0, errors=0, oneWayTables=0
[2026-06-05T04:54:44.743Z] [SyncDiag] PREPARE-PULL START: vessel=7446783c-841a-11ed-aa7c-7003bca91a86, vesselCode=null, checkpoint=2026-06-05T04:50:45.123Z, shoreInstanceId=SHORE-PROD
[2026-06-05T04:54:44.989Z] [SyncDiag] PREPARE-PULL DIAG: vessel=7446783c-841a-11ed-aa7c-7003bca91a86 total_logs=68985 unsynced=0 after_instance_filter=0 exclude=SHIP-Vessel 5 since=2026-06-05T04:50:45.123Z instances=[]
[2026-06-05T04:54:44.990Z] [SyncDiag] PREPARE-PULL FIELD LOGS: 0 shore logs for vessel=7446783c-841a-11ed-aa7c-7003bca91a86 (excluded instance=SHIP-Vessel 5)
[2026-06-05T04:54:45.220Z] [SyncDiag] PREPARE-PULL DONE: 0 one-way rows across 0 tables, 0 field logs, 0 conflicts
[2026-06-05T04:54:45.229Z] [SyncDiag] COMPLETE-SESSION: marking shore logs synced for vessel=7446783c-841a-11ed-aa7c-7003bca91a86 checkpointBefore=2026-06-05T04:50:45.123Z excludeInstance=SHIP-Vessel 5
[2026-06-05T04:54:45.308Z] [SyncDiag] PREPARE-PULL DIAG: vessel=7446783c-841a-11ed-aa7c-7003bca91a86 total_logs=68985 unsynced=0 after_instance_filter=0 exclude=SHIP-Vessel 5 since=2026-06-05T04:50:45.123Z instances=[]
[2026-06-05T04:54:45.308Z] [SyncDiag] COMPLETE-SESSION: found 0 shore logs to mark synced
[2026-06-05T04:54:45.514Z] [SyncDiag] COMPLETE-SESSION: found 0 ship logs to mark synced
[2026-06-05T04:58:42.602Z] [SyncDiag] RECEIVE-PUSH START: batch=9f01650a-a9cc-4221-883a-ba26dd82d757, vessel=7446783c-841a-11ed-aa7c-7003bca91a86, fieldLogs=0, oneWayRows=0
[2026-06-05T04:58:42.608Z] [SyncDiag] RECEIVE-PUSH DONE: stored=0, applied=0, errors=0, oneWayTables=0
[2026-06-05T04:58:44.633Z] [SyncDiag] PREPARE-PULL START: vessel=7446783c-841a-11ed-aa7c-7003bca91a86, vesselCode=null, checkpoint=2026-06-05T04:54:45.228Z, shoreInstanceId=SHORE-PROD
[2026-06-05T04:58:44.874Z] [SyncDiag] PREPARE-PULL DIAG: vessel=7446783c-841a-11ed-aa7c-7003bca91a86 total_logs=68985 unsynced=0 after_instance_filter=0 exclude=SHIP-Vessel 5 since=2026-06-05T04:54:45.228Z instances=[]
[2026-06-05T04:58:44.875Z] [SyncDiag] PREPARE-PULL FIELD LOGS: 0 shore logs for vessel=7446783c-841a-11ed-aa7c-7003bca91a86 (excluded instance=SHIP-Vessel 5)
[2026-06-05T04:58:45.120Z] [SyncDiag] PREPARE-PULL DONE: 0 one-way rows across 0 tables, 0 field logs, 0 conflicts
[2026-06-05T04:58:45.131Z] [SyncDiag] COMPLETE-SESSION: marking shore logs synced for vessel=7446783c-841a-11ed-aa7c-7003bca91a86 checkpointBefore=2026-06-05T04:54:45.228Z excludeInstance=SHIP-Vessel 5
[2026-06-05T04:58:45.208Z] [SyncDiag] PREPARE-PULL DIAG: vessel=7446783c-841a-11ed-aa7c-7003bca91a86 total_logs=68985 unsynced=0 after_instance_filter=0 exclude=SHIP-Vessel 5 since=2026-06-05T04:54:45.228Z instances=[]
[2026-06-05T04:58:45.208Z] [SyncDiag] COMPLETE-SESSION: found 0 shore logs to mark synced
[2026-06-05T04:58:45.410Z] [SyncDiag] COMPLETE-SESSION: found 0 ship logs to mark synced
[2026-06-05T05:02:42.619Z] [SyncDiag] RECEIVE-PUSH START: batch=b1337255-a1df-4f44-8e9b-39c1ede9ef12, vessel=7446783c-841a-11ed-aa7c-7003bca91a86, fieldLogs=0, oneWayRows=0
[2026-06-05T05:02:42.624Z] [SyncDiag] RECEIVE-PUSH DONE: stored=0, applied=0, errors=0, oneWayTables=0
[2026-06-05T05:02:44.644Z] [SyncDiag] PREPARE-PULL START: vessel=7446783c-841a-11ed-aa7c-7003bca91a86, vesselCode=null, checkpoint=2026-06-05T04:58:45.129Z, shoreInstanceId=SHORE-PROD
[2026-06-05T05:02:44.884Z] [SyncDiag] PREPARE-PULL DIAG: vessel=7446783c-841a-11ed-aa7c-7003bca91a86 total_logs=68985 unsynced=0 after_instance_filter=0 exclude=SHIP-Vessel 5 since=2026-06-05T04:58:45.129Z instances=[]
[2026-06-05T05:02:44.885Z] [SyncDiag] PREPARE-PULL FIELD LOGS: 0 shore logs for vessel=7446783c-841a-11ed-aa7c-7003bca91a86 (excluded instance=SHIP-Vessel 5)
[2026-06-05T05:02:45.162Z] [SyncDiag] PREPARE-PULL DONE: 0 one-way rows across 0 tables, 0 field logs, 0 conflicts
[2026-06-05T05:02:45.173Z] [SyncDiag] COMPLETE-SESSION: marking shore logs synced for vessel=7446783c-841a-11ed-aa7c-7003bca91a86 checkpointBefore=2026-06-05T04:58:45.129Z excludeInstance=SHIP-Vessel 5
[2026-06-05T05:02:45.252Z] [SyncDiag] PREPARE-PULL DIAG: vessel=7446783c-841a-11ed-aa7c-7003bca91a86 total_logs=68985 unsynced=0 after_instance_filter=0 exclude=SHIP-Vessel 5 since=2026-06-05T04:58:45.129Z instances=[]
[2026-06-05T05:02:45.252Z] [SyncDiag] COMPLETE-SESSION: found 0 shore logs to mark synced
[2026-06-05T05:02:45.472Z] [SyncDiag] COMPLETE-SESSION: found 0 ship logs to mark synced
[2026-06-05T05:06:42.554Z] [SyncDiag] RECEIVE-PUSH START: batch=63875fbe-c7e5-45dc-955b-84e6664c740f, vessel=7446783c-841a-11ed-aa7c-7003bca91a86, fieldLogs=0, oneWayRows=0
[2026-06-05T05:06:42.559Z] [SyncDiag] RECEIVE-PUSH DONE: stored=0, applied=0, errors=0, oneWayTables=0
[2026-06-05T05:06:44.577Z] [SyncDiag] PREPARE-PULL START: vessel=7446783c-841a-11ed-aa7c-7003bca91a86, vesselCode=null, checkpoint=2026-06-05T05:02:45.171Z, shoreInstanceId=SHORE-PROD
[2026-06-05T05:06:44.816Z] [SyncDiag] PREPARE-PULL DIAG: vessel=7446783c-841a-11ed-aa7c-7003bca91a86 total_logs=68985 unsynced=0 after_instance_filter=0 exclude=SHIP-Vessel 5 since=2026-06-05T05:02:45.171Z instances=[]
[2026-06-05T05:06:44.816Z] [SyncDiag] PREPARE-PULL FIELD LOGS: 0 shore logs for vessel=7446783c-841a-11ed-aa7c-7003bca91a86 (excluded instance=SHIP-Vessel 5)
[2026-06-05T05:06:45.059Z] [SyncDiag] PREPARE-PULL DONE: 0 one-way rows across 0 tables, 0 field logs, 0 conflicts
[2026-06-05T05:06:45.069Z] [SyncDiag] COMPLETE-SESSION: marking shore logs synced for vessel=7446783c-841a-11ed-aa7c-7003bca91a86 checkpointBefore=2026-06-05T05:02:45.171Z excludeInstance=SHIP-Vessel 5
[2026-06-05T05:06:45.147Z] [SyncDiag] PREPARE-PULL DIAG: vessel=7446783c-841a-11ed-aa7c-7003bca91a86 total_logs=68985 unsynced=0 after_instance_filter=0 exclude=SHIP-Vessel 5 since=2026-06-05T05:02:45.171Z instances=[]
[2026-06-05T05:06:45.148Z] [SyncDiag] COMPLETE-SESSION: found 0 shore logs to mark synced
[2026-06-05T05:06:45.348Z] [SyncDiag] COMPLETE-SESSION: found 0 ship logs to mark synced
[2026-06-05T05:10:44.702Z] [SyncDiag] RECEIVE-PUSH START: batch=80eedcd4-c9be-423f-ae6a-a742980d0a7a, vessel=7446783c-841a-11ed-aa7c-7003bca91a86, fieldLogs=0, oneWayRows=0
[2026-06-05T05:10:44.708Z] [SyncDiag] RECEIVE-PUSH DONE: stored=0, applied=0, errors=0, oneWayTables=0
[2026-06-05T05:10:44.717Z] [SyncDiag] PREPARE-PULL START: vessel=7446783c-841a-11ed-aa7c-7003bca91a86, vesselCode=null, checkpoint=2026-06-05T05:06:45.068Z, shoreInstanceId=SHORE-PROD
[2026-06-05T05:10:44.948Z] [SyncDiag] PREPARE-PULL DIAG: vessel=7446783c-841a-11ed-aa7c-7003bca91a86 total_logs=68985 unsynced=0 after_instance_filter=0 exclude=SHIP-Vessel 5 since=2026-06-05T05:06:45.068Z instances=[]
[2026-06-05T05:10:44.948Z] [SyncDiag] PREPARE-PULL FIELD LOGS: 0 shore logs for vessel=7446783c-841a-11ed-aa7c-7003bca91a86 (excluded instance=SHIP-Vessel 5)
[2026-06-05T05:10:45.195Z] [SyncDiag] PREPARE-PULL DONE: 0 one-way rows across 0 tables, 0 field logs, 0 conflicts
[2026-06-05T05:10:45.204Z] [SyncDiag] COMPLETE-SESSION: marking shore logs synced for vessel=7446783c-841a-11ed-aa7c-7003bca91a86 checkpointBefore=2026-06-05T05:06:45.068Z excludeInstance=SHIP-Vessel 5
[2026-06-05T05:10:45.282Z] [SyncDiag] PREPARE-PULL DIAG: vessel=7446783c-841a-11ed-aa7c-7003bca91a86 total_logs=68985 unsynced=0 after_instance_filter=0 exclude=SHIP-Vessel 5 since=2026-06-05T05:06:45.068Z instances=[]
[2026-06-05T05:10:45.283Z] [SyncDiag] COMPLETE-SESSION: found 0 shore logs to mark synced
[2026-06-05T05:10:45.479Z] [SyncDiag] COMPLETE-SESSION: found 0 ship logs to mark synced
[2026-06-05T05:14:42.622Z] [SyncDiag] RECEIVE-PUSH START: batch=68cbde8e-0027-41db-8a7f-5521e80cd20e, vessel=7446783c-841a-11ed-aa7c-7003bca91a86, fieldLogs=0, oneWayRows=0
[2026-06-05T05:14:42.627Z] [SyncDiag] RECEIVE-PUSH DONE: stored=0, applied=0, errors=0, oneWayTables=0
[2026-06-05T05:14:44.660Z] [SyncDiag] PREPARE-PULL START: vessel=7446783c-841a-11ed-aa7c-7003bca91a86, vesselCode=null, checkpoint=2026-06-05T05:10:45.202Z, shoreInstanceId=SHORE-PROD
[2026-06-05T05:14:44.899Z] [SyncDiag] PREPARE-PULL DIAG: vessel=7446783c-841a-11ed-aa7c-7003bca91a86 total_logs=68985 unsynced=0 after_instance_filter=0 exclude=SHIP-Vessel 5 since=2026-06-05T05:10:45.202Z instances=[]
[2026-06-05T05:14:44.899Z] [SyncDiag] PREPARE-PULL FIELD LOGS: 0 shore logs for vessel=7446783c-841a-11ed-aa7c-7003bca91a86 (excluded instance=SHIP-Vessel 5)
[2026-06-05T05:14:45.127Z] [SyncDiag] PREPARE-PULL DONE: 0 one-way rows across 0 tables, 0 field logs, 0 conflicts
[2026-06-05T05:14:45.138Z] [SyncDiag] COMPLETE-SESSION: marking shore logs synced for vessel=7446783c-841a-11ed-aa7c-7003bca91a86 checkpointBefore=2026-06-05T05:10:45.202Z excludeInstance=SHIP-Vessel 5
[2026-06-05T05:14:45.215Z] [SyncDiag] PREPARE-PULL DIAG: vessel=7446783c-841a-11ed-aa7c-7003bca91a86 total_logs=68985 unsynced=0 after_instance_filter=0 exclude=SHIP-Vessel 5 since=2026-06-05T05:10:45.202Z instances=[]
[2026-06-05T05:14:45.215Z] [SyncDiag] COMPLETE-SESSION: found 0 shore logs to mark synced
[2026-06-05T05:14:45.432Z] [SyncDiag] COMPLETE-SESSION: found 0 ship logs to mark synced
[2026-06-05T05:18:42.611Z] [SyncDiag] RECEIVE-PUSH START: batch=ed7ab45a-2d1a-486f-baaf-e3de1c912580, vessel=7446783c-841a-11ed-aa7c-7003bca91a86, fieldLogs=0, oneWayRows=0
[2026-06-05T05:18:42.618Z] [SyncDiag] RECEIVE-PUSH DONE: stored=0, applied=0, errors=0, oneWayTables=0
[2026-06-05T05:18:44.644Z] [SyncDiag] PREPARE-PULL START: vessel=7446783c-841a-11ed-aa7c-7003bca91a86, vesselCode=null, checkpoint=2026-06-05T05:14:45.136Z, shoreInstanceId=SHORE-PROD
[2026-06-05T05:18:44.882Z] [SyncDiag] PREPARE-PULL DIAG: vessel=7446783c-841a-11ed-aa7c-7003bca91a86 total_logs=68985 unsynced=0 after_instance_filter=0 exclude=SHIP-Vessel 5 since=2026-06-05T05:14:45.136Z instances=[]
[2026-06-05T05:18:44.883Z] [SyncDiag] PREPARE-PULL FIELD LOGS: 0 shore logs for vessel=7446783c-841a-11ed-aa7c-7003bca91a86 (excluded instance=SHIP-Vessel 5)
[2026-06-05T05:18:45.142Z] [SyncDiag] PREPARE-PULL DONE: 0 one-way rows across 0 tables, 0 field logs, 0 conflicts
[2026-06-05T05:18:45.152Z] [SyncDiag] COMPLETE-SESSION: marking shore logs synced for vessel=7446783c-841a-11ed-aa7c-7003bca91a86 checkpointBefore=2026-06-05T05:14:45.136Z excludeInstance=SHIP-Vessel 5
[2026-06-05T05:18:45.230Z] [SyncDiag] PREPARE-PULL DIAG: vessel=7446783c-841a-11ed-aa7c-7003bca91a86 total_logs=68985 unsynced=0 after_instance_filter=0 exclude=SHIP-Vessel 5 since=2026-06-05T05:14:45.136Z instances=[]
[2026-06-05T05:18:45.230Z] [SyncDiag] COMPLETE-SESSION: found 0 shore logs to mark synced
[2026-06-05T05:18:45.437Z] [SyncDiag] COMPLETE-SESSION: found 0 ship logs to mark synced
[2026-06-05T05:22:42.623Z] [SyncDiag] RECEIVE-PUSH START: batch=fea871ed-1246-4287-b54b-7b775437d8be, vessel=7446783c-841a-11ed-aa7c-7003bca91a86, fieldLogs=0, oneWayRows=0
[2026-06-05T05:22:42.628Z] [SyncDiag] RECEIVE-PUSH DONE: stored=0, applied=0, errors=0, oneWayTables=0
[2026-06-05T05:22:44.660Z] [SyncDiag] PREPARE-PULL START: vessel=7446783c-841a-11ed-aa7c-7003bca91a86, vesselCode=null, checkpoint=2026-06-05T05:18:45.151Z, shoreInstanceId=SHORE-PROD
[2026-06-05T05:22:44.899Z] [SyncDiag] PREPARE-PULL DIAG: vessel=7446783c-841a-11ed-aa7c-7003bca91a86 total_logs=68985 unsynced=0 after_instance_filter=0 exclude=SHIP-Vessel 5 since=2026-06-05T05:18:45.151Z instances=[]
[2026-06-05T05:22:44.899Z] [SyncDiag] PREPARE-PULL FIELD LOGS: 0 shore logs for vessel=7446783c-841a-11ed-aa7c-7003bca91a86 (excluded instance=SHIP-Vessel 5)
[2026-06-05T05:22:45.146Z] [SyncDiag] PREPARE-PULL DONE: 0 one-way rows across 0 tables, 0 field logs, 0 conflicts
[2026-06-05T05:22:45.161Z] [SyncDiag] COMPLETE-SESSION: marking shore logs synced for vessel=7446783c-841a-11ed-aa7c-7003bca91a86 checkpointBefore=2026-06-05T05:18:45.151Z excludeInstance=SHIP-Vessel 5
[2026-06-05T05:22:45.241Z] [SyncDiag] PREPARE-PULL DIAG: vessel=7446783c-841a-11ed-aa7c-7003bca91a86 total_logs=68985 unsynced=0 after_instance_filter=0 exclude=SHIP-Vessel 5 since=2026-06-05T05:18:45.151Z instances=[]
[2026-06-05T05:22:45.242Z] [SyncDiag] COMPLETE-SESSION: found 0 shore logs to mark synced
[2026-06-05T05:22:45.445Z] [SyncDiag] COMPLETE-SESSION: found 0 ship logs to mark synced
[2026-06-05T05:26:44.526Z] [SyncDiag] RECEIVE-PUSH START: batch=ce66fb98-62b6-4790-a15d-7dfac4720d66, vessel=7446783c-841a-11ed-aa7c-7003bca91a86, fieldLogs=0, oneWayRows=0
[2026-06-05T05:26:44.533Z] [SyncDiag] RECEIVE-PUSH DONE: stored=0, applied=0, errors=0, oneWayTables=0
[2026-06-05T05:26:44.550Z] [SyncDiag] PREPARE-PULL START: vessel=7446783c-841a-11ed-aa7c-7003bca91a86, vesselCode=null, checkpoint=2026-06-05T05:22:45.160Z, shoreInstanceId=SHORE-PROD
[2026-06-05T05:26:44.968Z] [SyncDiag] PREPARE-PULL DIAG: vessel=7446783c-841a-11ed-aa7c-7003bca91a86 total_logs=68985 unsynced=0 after_instance_filter=0 exclude=SHIP-Vessel 5 since=2026-06-05T05:22:45.160Z instances=[]
[2026-06-05T05:26:44.969Z] [SyncDiag] PREPARE-PULL FIELD LOGS: 0 shore logs for vessel=7446783c-841a-11ed-aa7c-7003bca91a86 (excluded instance=SHIP-Vessel 5)
[2026-06-05T05:26:46.720Z] [SyncDiag] PREPARE-PULL DONE: 111 one-way rows across 2 tables, 0 field logs, 0 conflicts
[2026-06-05T05:26:46.720Z] [SyncDiag] PREPARE-PULL ONE-WAY: ship_certificates_master — 102 rows
[2026-06-05T05:26:46.721Z] [SyncDiag] PREPARE-PULL ONE-WAY: vessel_certificate_applicability — 9 rows
[2026-06-05T05:26:47.015Z] [SyncDiag] COMPLETE-SESSION: marking shore logs synced for vessel=7446783c-841a-11ed-aa7c-7003bca91a86 checkpointBefore=2026-06-05T05:22:45.160Z excludeInstance=SHIP-Vessel 5
[2026-06-05T05:26:47.093Z] [SyncDiag] PREPARE-PULL DIAG: vessel=7446783c-841a-11ed-aa7c-7003bca91a86 total_logs=68985 unsynced=0 after_instance_filter=0 exclude=SHIP-Vessel 5 since=2026-06-05T05:22:45.160Z instances=[]
[2026-06-05T05:26:47.094Z] [SyncDiag] COMPLETE-SESSION: found 0 shore logs to mark synced
[2026-06-05T05:26:47.300Z] [SyncDiag] COMPLETE-SESSION: found 0 ship logs to mark synced
[2026-06-05T05:30:42.644Z] [SyncDiag] RECEIVE-PUSH START: batch=02e1d3f2-4999-4bd8-a87b-3f07ede1a69f, vessel=7446783c-841a-11ed-aa7c-7003bca91a86, fieldLogs=0, oneWayRows=0
[2026-06-05T05:30:42.651Z] [SyncDiag] RECEIVE-PUSH DONE: stored=0, applied=0, errors=0, oneWayTables=0
[2026-06-05T05:30:44.671Z] [SyncDiag] PREPARE-PULL START: vessel=7446783c-841a-11ed-aa7c-7003bca91a86, vesselCode=null, checkpoint=2026-06-05T05:26:47.014Z, shoreInstanceId=SHORE-PROD
[2026-06-05T05:30:44.918Z] [SyncDiag] PREPARE-PULL DIAG: vessel=7446783c-841a-11ed-aa7c-7003bca91a86 total_logs=68985 unsynced=0 after_instance_filter=0 exclude=SHIP-Vessel 5 since=2026-06-05T05:26:47.014Z instances=[]
[2026-06-05T05:30:44.919Z] [SyncDiag] PREPARE-PULL FIELD LOGS: 0 shore logs for vessel=7446783c-841a-11ed-aa7c-7003bca91a86 (excluded instance=SHIP-Vessel 5)
[2026-06-05T05:30:45.148Z] [SyncDiag] PREPARE-PULL DONE: 0 one-way rows across 0 tables, 0 field logs, 0 conflicts
[2026-06-05T05:30:45.158Z] [SyncDiag] COMPLETE-SESSION: marking shore logs synced for vessel=7446783c-841a-11ed-aa7c-7003bca91a86 checkpointBefore=2026-06-05T05:26:47.014Z excludeInstance=SHIP-Vessel 5
[2026-06-05T05:30:45.236Z] [SyncDiag] PREPARE-PULL DIAG: vessel=7446783c-841a-11ed-aa7c-7003bca91a86 total_logs=68985 unsynced=0 after_instance_filter=0 exclude=SHIP-Vessel 5 since=2026-06-05T05:26:47.014Z instances=[]
[2026-06-05T05:30:45.237Z] [SyncDiag] COMPLETE-SESSION: found 0 shore logs to mark synced
[2026-06-05T05:30:45.449Z] [SyncDiag] COMPLETE-SESSION: found 0 ship logs to mark synced
[2026-06-05T05:34:39.117Z] [SyncDiag] FIELD-LOGGER: vessel_certificate_data row=ecdc39e7-7667-4454-8342-b230bf71461e — 7 fields changed, isInsert=true, vesselId=744cf286-841a-11ed-aa7c-7003bca91a86, instanceId=SHORE-PROD
[2026-06-05T05:34:39.476Z] [SyncDiag] FIELD-LOGGER: vessel_certificate_data row=23e0d539-8507-409e-bb90-1056cd6feeec — 7 fields changed, isInsert=true, vesselId=744dc41e-841a-11ed-aa7c-7003bca91a86, instanceId=SHORE-PROD
[2026-06-05T05:34:39.505Z] [SyncDiag] FIELD-LOGGER: vessel_certificate_data row=8d0d7869-2930-4389-ba48-3e0964027066 — 7 fields changed, isInsert=true, vesselId=4fbd2fab-85d2-11ed-aa7c-7003bca91a86, instanceId=SHORE-PROD
[2026-06-05T05:34:39.543Z] [SyncDiag] FIELD-LOGGER: vessel_certificate_data row=304a03eb-87db-4f54-ab9c-d9bf4df1f5df — 7 fields changed, isInsert=true, vesselId=7c08b51c-4345-4681-9d98-ec8ae142ac67, instanceId=SHORE-PROD
[2026-06-05T05:34:39.569Z] [SyncDiag] FIELD-LOGGER: vessel_certificate_data row=56b81ee3-6836-44d1-9ce1-d29f1669977e — 7 fields changed, isInsert=true, vesselId=cec1b7d6-72a4-45c8-b72c-30e31621a255, instanceId=SHORE-PROD
[2026-06-05T05:34:39.599Z] [SyncDiag] FIELD-LOGGER: vessel_certificate_data row=96e4b924-6e89-4669-a5c2-250d9a85f858 — 7 fields changed, isInsert=true, vesselId=7cb64519-6008-4189-820e-4b2e1f74504e, instanceId=SHORE-PROD
[2026-06-05T05:34:39.625Z] [SyncDiag] FIELD-LOGGER: vessel_certificate_data row=0387c6d8-3557-4d1b-9b19-f07d804d9fa9 — 7 fields changed, isInsert=true, vesselId=f6212312-3486-43de-b37b-640a1f14bc75, instanceId=SHORE-PROD
[2026-06-05T05:34:39.648Z] [SyncDiag] FIELD-LOGGER: vessel_certificate_data row=87aeff6a-385e-41ea-891a-19befa2d8a36 — 7 fields changed, isInsert=true, vesselId=13421138-e990-45d9-ab09-94f01faeebe2, instanceId=SHORE-PROD
[2026-06-05T05:34:39.674Z] [SyncDiag] FIELD-LOGGER: vessel_certificate_data row=39edd6d0-b903-44fe-ba86-31b8c9f5af3c — 7 fields changed, isInsert=true, vesselId=9d88f081-6e0f-41e5-9bdb-124b9d9cc3b8, instanceId=SHORE-PROD
[2026-06-05T05:34:39.700Z] [SyncDiag] FIELD-LOGGER: vessel_certificate_data row=d9786c76-f06b-4b67-979d-20a53370622c — 7 fields changed, isInsert=true, vesselId=3ce12bd2-1213-42c7-8fe1-2d3bd5f69249, instanceId=SHORE-PROD
[2026-06-05T05:34:39.726Z] [SyncDiag] FIELD-LOGGER: vessel_certificate_data row=6daf0c9f-9a3b-4508-a2cb-e6dbfc2bdde5 — 7 fields changed, isInsert=true, vesselId=b89759ad-378b-4cec-af80-9cafd44853c9, instanceId=SHORE-PROD
[2026-06-05T05:34:39.752Z] [SyncDiag] FIELD-LOGGER: vessel_certificate_data row=01952f8b-c725-4fdf-baaa-f47aa8391423 — 7 fields changed, isInsert=true, vesselId=cd03135a-f38a-40de-b7d6-27ba85b633dc, instanceId=SHORE-PROD
[2026-06-05T05:34:39.776Z] [SyncDiag] FIELD-LOGGER: vessel_certificate_data row=95b389c7-72c5-47aa-a327-efe8c5b6ff56 — 7 fields changed, isInsert=true, vesselId=24a0fb38-d8bf-43d2-9e8f-206f20578069, instanceId=SHORE-PROD
[2026-06-05T05:34:39.800Z] [SyncDiag] FIELD-LOGGER: vessel_certificate_data row=9647c3c9-bc05-4d9a-89c1-28bb02abf79c — 7 fields changed, isInsert=true, vesselId=743ef9d1-841a-11ed-aa7c-7003bca91a86, instanceId=SHORE-PROD
[2026-06-05T05:34:39.822Z] [SyncDiag] FIELD-LOGGER: vessel_certificate_data row=e58eea2c-c02c-46a6-94f7-aeaf4f495163 — 7 fields changed, isInsert=true, vesselId=743feb08-841a-11ed-aa7c-7003bca91a86, instanceId=SHORE-PROD
[2026-06-05T05:34:39.844Z] [SyncDiag] FIELD-LOGGER: vessel_certificate_data row=4a3e8a88-dd30-4547-856c-95fd37686cff — 7 fields changed, isInsert=true, vesselId=7440571a-841a-11ed-aa7c-7003bca91a86, instanceId=SHORE-PROD
[2026-06-05T05:34:39.866Z] [SyncDiag] FIELD-LOGGER: vessel_certificate_data row=d445daa4-bbae-4699-8d26-830caa2cccab — 7 fields changed, isInsert=true, vesselId=744535d0-841a-11ed-aa7c-7003bca91a86, instanceId=SHORE-PROD
[2026-06-05T05:34:39.890Z] [SyncDiag] FIELD-LOGGER: vessel_certificate_data row=e1544483-22be-4d5e-80eb-f61a09c5002e — 7 fields changed, isInsert=true, vesselId=7446783c-841a-11ed-aa7c-7003bca91a86, instanceId=SHORE-PROD
[2026-06-05T05:34:39.914Z] [SyncDiag] FIELD-LOGGER: vessel_certificate_data row=82ccb0ca-a258-4770-aa45-20601db757d2 — 7 fields changed, isInsert=true, vesselId=74481b72-841a-11ed-aa7c-7003bca91a86, instanceId=SHORE-PROD
[2026-06-05T05:34:39.934Z] [SyncDiag] FIELD-LOGGER: vessel_certificate_data row=84bf8e87-ed25-4270-b20a-a379265bbd30 — 7 fields changed, isInsert=true, vesselId=744bafc7-841a-11ed-aa7c-7003bca91a86, instanceId=SHORE-PROD
[2026-06-05T05:34:39.961Z] [SyncDiag] FIELD-LOGGER: vessel_certificate_data row=dd2b04c4-7a1a-49a2-9156-52a06e7ad561 — 7 fields changed, isInsert=true, vesselId=744c8b44-841a-11ed-aa7c-7003bca91a86, instanceId=SHORE-PROD
[2026-06-05T05:34:44.592Z] [SyncDiag] RECEIVE-PUSH START: batch=9a4bd30c-47a4-4d26-aaf9-1eb9b88aa970, vessel=7446783c-841a-11ed-aa7c-7003bca91a86, fieldLogs=0, oneWayRows=0
[2026-06-05T05:34:44.596Z] [SyncDiag] RECEIVE-PUSH DONE: stored=0, applied=0, errors=0, oneWayTables=0
[2026-06-05T05:34:44.603Z] [SyncDiag] PREPARE-PULL START: vessel=7446783c-841a-11ed-aa7c-7003bca91a86, vesselCode=null, checkpoint=2026-06-05T05:30:45.157Z, shoreInstanceId=SHORE-PROD
[2026-06-05T05:34:44.721Z] [SyncDiag] PREPARE-PULL FIELD LOGS: 7 shore logs for vessel=7446783c-841a-11ed-aa7c-7003bca91a86 (excluded instance=SHIP-Vessel 5)
[2026-06-05T05:34:44.722Z] [SyncDiag] PREPARE-PULL FIELD LOG TABLES: {"vessel_certificate_data":7}
[2026-06-05T05:34:44.959Z] [SyncDiag] PREPARE-PULL DONE: 104 one-way rows across 2 tables, 7 field logs, 0 conflicts
[2026-06-05T05:34:44.960Z] [SyncDiag] PREPARE-PULL ONE-WAY: ship_certificates_master — 103 rows
[2026-06-05T05:34:44.960Z] [SyncDiag] PREPARE-PULL ONE-WAY: vessel_certificate_applicability — 1 rows
[2026-06-05T05:34:45.240Z] [SyncDiag] COMPLETE-SESSION: marking shore logs synced for vessel=7446783c-841a-11ed-aa7c-7003bca91a86 checkpointBefore=2026-06-05T05:30:45.157Z excludeInstance=SHIP-Vessel 5
[2026-06-05T05:34:45.294Z] [SyncDiag] COMPLETE-SESSION: found 7 shore logs to mark synced
[2026-06-05T05:34:45.516Z] [SyncDiag] COMPLETE-SESSION: found 0 ship logs to mark synced
[2026-06-05T05:38:44.763Z] [SyncDiag] RECEIVE-PUSH START: batch=9b0cc1c3-cec4-4c0a-a9c4-ed8c1945dbd4, vessel=7446783c-841a-11ed-aa7c-7003bca91a86, fieldLogs=0, oneWayRows=0
[2026-06-05T05:38:44.770Z] [SyncDiag] RECEIVE-PUSH DONE: stored=0, applied=0, errors=0, oneWayTables=0
[2026-06-05T05:38:44.779Z] [SyncDiag] PREPARE-PULL START: vessel=7446783c-841a-11ed-aa7c-7003bca91a86, vesselCode=null, checkpoint=2026-06-05T05:34:45.239Z, shoreInstanceId=SHORE-PROD
[2026-06-05T05:38:45.017Z] [SyncDiag] PREPARE-PULL DIAG: vessel=7446783c-841a-11ed-aa7c-7003bca91a86 total_logs=68992 unsynced=0 after_instance_filter=0 exclude=SHIP-Vessel 5 since=2026-06-05T05:34:45.239Z instances=[]
[2026-06-05T05:38:45.018Z] [SyncDiag] PREPARE-PULL FIELD LOGS: 0 shore logs for vessel=7446783c-841a-11ed-aa7c-7003bca91a86 (excluded instance=SHIP-Vessel 5)
[2026-06-05T05:38:45.264Z] [SyncDiag] PREPARE-PULL DONE: 103 one-way rows across 1 tables, 0 field logs, 0 conflicts
[2026-06-05T05:38:45.265Z] [SyncDiag] PREPARE-PULL ONE-WAY: ship_certificates_master — 103 rows
[2026-06-05T05:38:45.505Z] [SyncDiag] COMPLETE-SESSION: marking shore logs synced for vessel=7446783c-841a-11ed-aa7c-7003bca91a86 checkpointBefore=2026-06-05T05:34:45.239Z excludeInstance=SHIP-Vessel 5
[2026-06-05T05:38:45.587Z] [SyncDiag] PREPARE-PULL DIAG: vessel=7446783c-841a-11ed-aa7c-7003bca91a86 total_logs=68992 unsynced=0 after_instance_filter=0 exclude=SHIP-Vessel 5 since=2026-06-05T05:34:45.239Z instances=[]
[2026-06-05T05:38:45.588Z] [SyncDiag] COMPLETE-SESSION: found 0 shore logs to mark synced
[2026-06-05T05:38:45.805Z] [SyncDiag] COMPLETE-SESSION: found 0 ship logs to mark synced
[2026-06-05T05:42:44.656Z] [SyncDiag] RECEIVE-PUSH START: batch=a2d0f05e-cd33-49ac-a31d-ee194c94473a, vessel=7446783c-841a-11ed-aa7c-7003bca91a86, fieldLogs=0, oneWayRows=0
[2026-06-05T05:42:44.662Z] [SyncDiag] RECEIVE-PUSH DONE: stored=0, applied=0, errors=0, oneWayTables=0
[2026-06-05T05:42:44.675Z] [SyncDiag] PREPARE-PULL START: vessel=7446783c-841a-11ed-aa7c-7003bca91a86, vesselCode=null, checkpoint=2026-06-05T05:38:45.504Z, shoreInstanceId=SHORE-PROD
[2026-06-05T05:42:44.917Z] [SyncDiag] PREPARE-PULL DIAG: vessel=7446783c-841a-11ed-aa7c-7003bca91a86 total_logs=68992 unsynced=0 after_instance_filter=0 exclude=SHIP-Vessel 5 since=2026-06-05T05:38:45.504Z instances=[]
[2026-06-05T05:42:44.917Z] [SyncDiag] PREPARE-PULL FIELD LOGS: 0 shore logs for vessel=7446783c-841a-11ed-aa7c-7003bca91a86 (excluded instance=SHIP-Vessel 5)
[2026-06-05T05:42:45.160Z] [SyncDiag] PREPARE-PULL DONE: 0 one-way rows across 0 tables, 0 field logs, 0 conflicts
[2026-06-05T05:42:45.169Z] [SyncDiag] COMPLETE-SESSION: marking shore logs synced for vessel=7446783c-841a-11ed-aa7c-7003bca91a86 checkpointBefore=2026-06-05T05:38:45.504Z excludeInstance=SHIP-Vessel 5
[2026-06-05T05:42:45.248Z] [SyncDiag] PREPARE-PULL DIAG: vessel=7446783c-841a-11ed-aa7c-7003bca91a86 total_logs=68992 unsynced=0 after_instance_filter=0 exclude=SHIP-Vessel 5 since=2026-06-05T05:38:45.504Z instances=[]
[2026-06-05T05:42:45.249Z] [SyncDiag] COMPLETE-SESSION: found 0 shore logs to mark synced
[2026-06-05T05:42:45.466Z] [SyncDiag] COMPLETE-SESSION: found 0 ship logs to mark synced
[2026-06-05T05:46:44.689Z] [SyncDiag] RECEIVE-PUSH START: batch=aaf46cfe-a06b-4b45-ba5e-dd3c6bbfc7e0, vessel=7446783c-841a-11ed-aa7c-7003bca91a86, fieldLogs=0, oneWayRows=0
[2026-06-05T05:46:44.698Z] [SyncDiag] RECEIVE-PUSH DONE: stored=0, applied=0, errors=0, oneWayTables=0
[2026-06-05T05:46:44.707Z] [SyncDiag] PREPARE-PULL START: vessel=7446783c-841a-11ed-aa7c-7003bca91a86, vesselCode=null, checkpoint=2026-06-05T05:42:45.167Z, shoreInstanceId=SHORE-PROD
[2026-06-05T05:46:44.904Z] [SyncDiag] PREPARE-PULL DIAG: vessel=7446783c-841a-11ed-aa7c-7003bca91a86 total_logs=68992 unsynced=0 after_instance_filter=0 exclude=SHIP-Vessel 5 since=2026-06-05T05:42:45.167Z instances=[]
[2026-06-05T05:46:44.905Z] [SyncDiag] PREPARE-PULL FIELD LOGS: 0 shore logs for vessel=7446783c-841a-11ed-aa7c-7003bca91a86 (excluded instance=SHIP-Vessel 5)
[2026-06-05T05:46:45.148Z] [SyncDiag] PREPARE-PULL DONE: 0 one-way rows across 0 tables, 0 field logs, 0 conflicts
[2026-06-05T05:46:45.161Z] [SyncDiag] COMPLETE-SESSION: marking shore logs synced for vessel=7446783c-841a-11ed-aa7c-7003bca91a86 checkpointBefore=2026-06-05T05:42:45.167Z excludeInstance=SHIP-Vessel 5
[2026-06-05T05:46:45.238Z] [SyncDiag] PREPARE-PULL DIAG: vessel=7446783c-841a-11ed-aa7c-7003bca91a86 total_logs=68992 unsynced=0 after_instance_filter=0 exclude=SHIP-Vessel 5 since=2026-06-05T05:42:45.167Z instances=[]
[2026-06-05T05:46:45.239Z] [SyncDiag] COMPLETE-SESSION: found 0 shore logs to mark synced
[2026-06-05T05:46:45.439Z] [SyncDiag] COMPLETE-SESSION: found 0 ship logs to mark synced
[2026-06-05T05:50:44.725Z] [SyncDiag] RECEIVE-PUSH START: batch=df6e3310-244e-40e8-bbc7-1e59efc630e5, vessel=7446783c-841a-11ed-aa7c-7003bca91a86, fieldLogs=0, oneWayRows=0
[2026-06-05T05:50:44.733Z] [SyncDiag] RECEIVE-PUSH DONE: stored=0, applied=0, errors=0, oneWayTables=0
[2026-06-05T05:50:44.744Z] [SyncDiag] PREPARE-PULL START: vessel=7446783c-841a-11ed-aa7c-7003bca91a86, vesselCode=null, checkpoint=2026-06-05T05:46:45.159Z, shoreInstanceId=SHORE-PROD
[2026-06-05T05:50:45.036Z] [SyncDiag] PREPARE-PULL DIAG: vessel=7446783c-841a-11ed-aa7c-7003bca91a86 total_logs=68992 unsynced=0 after_instance_filter=0 exclude=SHIP-Vessel 5 since=2026-06-05T05:46:45.159Z instances=[]
[2026-06-05T05:50:45.036Z] [SyncDiag] PREPARE-PULL FIELD LOGS: 0 shore logs for vessel=7446783c-841a-11ed-aa7c-7003bca91a86 (excluded instance=SHIP-Vessel 5)
[2026-06-05T05:50:45.293Z] [SyncDiag] PREPARE-PULL DONE: 6 one-way rows across 1 tables, 0 field logs, 0 conflicts
[2026-06-05T05:50:45.294Z] [SyncDiag] PREPARE-PULL ONE-WAY: master_lists — 6 rows
[2026-06-05T05:50:45.329Z] [SyncDiag] COMPLETE-SESSION: marking shore logs synced for vessel=7446783c-841a-11ed-aa7c-7003bca91a86 checkpointBefore=2026-06-05T05:46:45.159Z excludeInstance=SHIP-Vessel 5
[2026-06-05T05:50:45.426Z] [SyncDiag] PREPARE-PULL DIAG: vessel=7446783c-841a-11ed-aa7c-7003bca91a86 total_logs=68992 unsynced=0 after_instance_filter=0 exclude=SHIP-Vessel 5 since=2026-06-05T05:46:45.159Z instances=[]
[2026-06-05T05:50:45.427Z] [SyncDiag] COMPLETE-SESSION: found 0 shore logs to mark synced
[2026-06-05T05:50:45.630Z] [SyncDiag] COMPLETE-SESSION: found 0 ship logs to mark synced
[2026-06-05T05:54:42.662Z] [SyncDiag] RECEIVE-PUSH START: batch=cbb2254d-da88-48c2-92b8-a10fd2743719, vessel=7446783c-841a-11ed-aa7c-7003bca91a86, fieldLogs=0, oneWayRows=0
[2026-06-05T05:54:42.670Z] [SyncDiag] RECEIVE-PUSH DONE: stored=0, applied=0, errors=0, oneWayTables=0
[2026-06-05T05:54:44.702Z] [SyncDiag] PREPARE-PULL START: vessel=7446783c-841a-11ed-aa7c-7003bca91a86, vesselCode=null, checkpoint=2026-06-05T05:50:45.327Z, shoreInstanceId=SHORE-PROD
[2026-06-05T05:54:44.979Z] [SyncDiag] PREPARE-PULL DIAG: vessel=7446783c-841a-11ed-aa7c-7003bca91a86 total_logs=68992 unsynced=0 after_instance_filter=0 exclude=SHIP-Vessel 5 since=2026-06-05T05:50:45.327Z instances=[]
[2026-06-05T05:54:44.980Z] [SyncDiag] PREPARE-PULL FIELD LOGS: 0 shore logs for vessel=7446783c-841a-11ed-aa7c-7003bca91a86 (excluded instance=SHIP-Vessel 5)
[2026-06-05T05:54:45.225Z] [SyncDiag] PREPARE-PULL DONE: 0 one-way rows across 0 tables, 0 field logs, 0 conflicts
[2026-06-05T05:54:45.238Z] [SyncDiag] COMPLETE-SESSION: marking shore logs synced for vessel=7446783c-841a-11ed-aa7c-7003bca91a86 checkpointBefore=2026-06-05T05:50:45.327Z excludeInstance=SHIP-Vessel 5
[2026-06-05T05:54:45.328Z] [SyncDiag] PREPARE-PULL DIAG: vessel=7446783c-841a-11ed-aa7c-7003bca91a86 total_logs=68992 unsynced=0 after_instance_filter=0 exclude=SHIP-Vessel 5 since=2026-06-05T05:50:45.327Z instances=[]
[2026-06-05T05:54:45.329Z] [SyncDiag] COMPLETE-SESSION: found 0 shore logs to mark synced
[2026-06-05T05:54:45.535Z] [SyncDiag] COMPLETE-SESSION: found 0 ship logs to mark synced
