[2026-05-11T04:31:07.544Z] [SyncDiag] RECEIVE-PUSH START: batch=38a9f3d7-f15d-4cd5-adf2-06be909b7bf5, vessel=7446783c-841a-11ed-aa7c-7003bca91a86, fieldLogs=23, oneWayRows=0
[2026-05-11T04:31:07.603Z] [SyncDiag] RECEIVE-PUSH: 23 field logs stored in sync_field_log
[2026-05-11T04:31:07.605Z] [SyncDiag] SYNC-APPLY TRIGGER BYPASS active for batch=38a9f3d7-f15d-4cd5-adf2-06be909b7bf5
[2026-05-11T04:31:07.606Z] [SyncDiag] FIELD-LOG-INSERT START: 23 logs
[2026-05-11T04:31:07.607Z] [SyncDiag] FIELD-LOG-INSERT: 3 groups from 23 logs
[2026-05-11T04:31:07.656Z] [SyncDiag] FIELD-LOG-INSERT OK: spares_history row=078069c7-8db0-4e47-91cd-5f1e740aa2fb (20 columns)
[2026-05-11T04:31:07.657Z] [SyncDiag] FIELD-LOG-INSERT DONE: inserted=1, updatePassthrough=4, errors=0
[2026-05-11T04:31:07.687Z] [SyncDiag] RECEIVE-PUSH DONE: stored=23, applied=5, errors=0, oneWayTables=0
[2026-05-11T04:31:09.725Z] [SyncDiag] PREPARE-PULL START: vessel=7446783c-841a-11ed-aa7c-7003bca91a86, vesselCode=null, checkpoint=2026-05-04T11:18:08.589Z
[2026-05-11T04:31:10.196Z] [SyncDiag] PREPARE-PULL FIELD LOGS: 0 shore logs for vessel
[2026-05-11T04:31:10.390Z] [SyncDiag] PREPARE-PULL DONE: 329 one-way rows across 10 tables, 0 field logs, 0 conflicts
[2026-05-11T04:31:10.391Z] [SyncDiag] PREPARE-PULL ONE-WAY: components — 12 rows
[2026-05-11T04:31:10.391Z] [SyncDiag] PREPARE-PULL ONE-WAY: jobs — 2 rows
[2026-05-11T04:31:10.392Z] [SyncDiag] PREPARE-PULL ONE-WAY: fleet_groups — 13 rows
[2026-05-11T04:31:10.392Z] [SyncDiag] PREPARE-PULL ONE-WAY: maker_list — 2 rows
[2026-05-11T04:31:10.392Z] [SyncDiag] PREPARE-PULL ONE-WAY: master_lists — 6 rows
[2026-05-11T04:31:10.393Z] [SyncDiag] PREPARE-PULL ONE-WAY: pms_vessel_settings — 1 rows
[2026-05-11T04:31:10.393Z] [SyncDiag] PREPARE-PULL ONE-WAY: ship_certificates_master — 129 rows
[2026-05-11T04:31:10.394Z] [SyncDiag] PREPARE-PULL ONE-WAY: ship_surveys_master — 58 rows
[2026-05-11T04:31:10.394Z] [SyncDiag] PREPARE-PULL ONE-WAY: vessel_certificate_applicability — 71 rows
[2026-05-11T04:31:10.395Z] [SyncDiag] PREPARE-PULL ONE-WAY: vessel_survey_applicability — 35 rows
[2026-05-11T04:35:21.273Z] [SyncDiag] RECEIVE-PUSH START: batch=62d7a849-69ba-42d8-92b9-8c3eb045e70d, vessel=7446783c-841a-11ed-aa7c-7003bca91a86, fieldLogs=21, oneWayRows=0
[2026-05-11T04:35:21.303Z] [SyncDiag] RECEIVE-PUSH: 21 field logs stored in sync_field_log
[2026-05-11T04:35:21.304Z] [SyncDiag] SYNC-APPLY TRIGGER BYPASS active for batch=62d7a849-69ba-42d8-92b9-8c3eb045e70d
[2026-05-11T04:35:21.304Z] [SyncDiag] FIELD-LOG-INSERT START: 21 logs
[2026-05-11T04:35:21.305Z] [SyncDiag] FIELD-LOG-INSERT: 2 groups from 21 logs
[2026-05-11T04:35:21.356Z] [SyncDiag] FIELD-LOG-INSERT OK: stores_ledger row=1fece7e2-29dc-420c-b093-fa3dae095b90 (19 columns)
[2026-05-11T04:35:21.357Z] [SyncDiag] FIELD-LOG-INSERT DONE: inserted=1, updatePassthrough=3, errors=0
[2026-05-11T04:35:21.380Z] [SyncDiag] RECEIVE-PUSH DONE: stored=21, applied=4, errors=0, oneWayTables=0
[2026-05-11T04:35:21.388Z] [SyncDiag] PREPARE-PULL START: vessel=7446783c-841a-11ed-aa7c-7003bca91a86, vesselCode=null, checkpoint=2026-05-04T11:18:08.589Z
[2026-05-11T04:35:21.788Z] [SyncDiag] PREPARE-PULL FIELD LOGS: 0 shore logs for vessel
[2026-05-11T04:35:21.964Z] [SyncDiag] PREPARE-PULL DONE: 329 one-way rows across 10 tables, 0 field logs, 0 conflicts
[2026-05-11T04:35:21.965Z] [SyncDiag] PREPARE-PULL ONE-WAY: components — 12 rows
[2026-05-11T04:35:21.965Z] [SyncDiag] PREPARE-PULL ONE-WAY: jobs — 2 rows
[2026-05-11T04:35:21.966Z] [SyncDiag] PREPARE-PULL ONE-WAY: fleet_groups — 13 rows
[2026-05-11T04:35:21.966Z] [SyncDiag] PREPARE-PULL ONE-WAY: maker_list — 2 rows
[2026-05-11T04:35:21.966Z] [SyncDiag] PREPARE-PULL ONE-WAY: master_lists — 6 rows
[2026-05-11T04:35:21.967Z] [SyncDiag] PREPARE-PULL ONE-WAY: pms_vessel_settings — 1 rows
[2026-05-11T04:35:21.967Z] [SyncDiag] PREPARE-PULL ONE-WAY: ship_certificates_master — 129 rows
[2026-05-11T04:35:21.968Z] [SyncDiag] PREPARE-PULL ONE-WAY: ship_surveys_master — 58 rows
[2026-05-11T04:35:21.968Z] [SyncDiag] PREPARE-PULL ONE-WAY: vessel_certificate_applicability — 71 rows
[2026-05-11T04:35:21.968Z] [SyncDiag] PREPARE-PULL ONE-WAY: vessel_survey_applicability — 35 rows
[2026-05-11T04:36:25.986Z] [SyncDiag] RECEIVE-PUSH START: batch=5562b581-348e-4c46-be80-e848edda055e, vessel=7446783c-841a-11ed-aa7c-7003bca91a86, fieldLogs=20, oneWayRows=0
[2026-05-11T04:36:26.013Z] [SyncDiag] RECEIVE-PUSH: 20 field logs stored in sync_field_log
[2026-05-11T04:36:26.014Z] [SyncDiag] SYNC-APPLY TRIGGER BYPASS active for batch=5562b581-348e-4c46-be80-e848edda055e
[2026-05-11T04:36:26.015Z] [SyncDiag] FIELD-LOG-INSERT START: 20 logs
[2026-05-11T04:36:26.015Z] [SyncDiag] FIELD-LOG-INSERT: 1 groups from 20 logs
[2026-05-11T04:36:26.051Z] [SyncDiag] FIELD-LOG-INSERT OK: running_hours_audit row=27edbafd-ba43-43ea-8791-e86066ce0b52 (21 columns)
[2026-05-11T04:36:26.051Z] [SyncDiag] FIELD-LOG-INSERT DONE: inserted=1, updatePassthrough=0, errors=0
[2026-05-11T04:36:26.055Z] [SyncDiag] RECEIVE-PUSH DONE: stored=20, applied=1, errors=0, oneWayTables=0
[2026-05-11T04:36:28.084Z] [SyncDiag] PREPARE-PULL START: vessel=7446783c-841a-11ed-aa7c-7003bca91a86, vesselCode=null, checkpoint=2026-05-04T11:18:08.589Z
[2026-05-11T04:36:28.387Z] [SyncDiag] PREPARE-PULL FIELD LOGS: 0 shore logs for vessel
[2026-05-11T04:36:28.468Z] [SyncDiag] PREPARE-PULL DONE: 329 one-way rows across 10 tables, 0 field logs, 0 conflicts
[2026-05-11T04:36:28.469Z] [SyncDiag] PREPARE-PULL ONE-WAY: components — 12 rows
[2026-05-11T04:36:28.469Z] [SyncDiag] PREPARE-PULL ONE-WAY: jobs — 2 rows
[2026-05-11T04:36:28.470Z] [SyncDiag] PREPARE-PULL ONE-WAY: fleet_groups — 13 rows
[2026-05-11T04:36:28.470Z] [SyncDiag] PREPARE-PULL ONE-WAY: maker_list — 2 rows
[2026-05-11T04:36:28.470Z] [SyncDiag] PREPARE-PULL ONE-WAY: master_lists — 6 rows
[2026-05-11T04:36:28.471Z] [SyncDiag] PREPARE-PULL ONE-WAY: pms_vessel_settings — 1 rows
[2026-05-11T04:36:28.471Z] [SyncDiag] PREPARE-PULL ONE-WAY: ship_certificates_master — 129 rows
[2026-05-11T04:36:28.471Z] [SyncDiag] PREPARE-PULL ONE-WAY: ship_surveys_master — 58 rows
[2026-05-11T04:36:28.472Z] [SyncDiag] PREPARE-PULL ONE-WAY: vessel_certificate_applicability — 71 rows
[2026-05-11T04:36:28.472Z] [SyncDiag] PREPARE-PULL ONE-WAY: vessel_survey_applicability — 35 rows
[2026-05-11T04:37:25.448Z] [SyncDiag] FIELD-LOGGER: work_orders row=6f6eaf05-7bc3-4b17-a782-9cf03c31f427 — 5 fields changed, isInsert=false
[2026-05-11T04:38:56.783Z] [SyncDiag] RECEIVE-PUSH START: batch=0c7d520d-50c8-4348-ac74-c916189a2bd3, vessel=7446783c-841a-11ed-aa7c-7003bca91a86, fieldLogs=0, oneWayRows=0
[2026-05-11T04:38:56.801Z] [SyncDiag] RECEIVE-PUSH DONE: stored=0, applied=0, errors=0, oneWayTables=0
[2026-05-11T04:38:58.912Z] [SyncDiag] PREPARE-PULL START: vessel=7446783c-841a-11ed-aa7c-7003bca91a86, vesselCode=null, checkpoint=2026-05-04T11:18:08.589Z
[2026-05-11T04:38:59.400Z] [SyncDiag] PREPARE-PULL FIELD LOGS: 5 shore logs for vessel
[2026-05-11T04:38:59.507Z] [SyncDiag] PREPARE-PULL DONE: 329 one-way rows across 10 tables, 5 field logs, 0 conflicts
[2026-05-11T04:38:59.507Z] [SyncDiag] PREPARE-PULL ONE-WAY: components — 12 rows
[2026-05-11T04:38:59.508Z] [SyncDiag] PREPARE-PULL ONE-WAY: jobs — 2 rows
[2026-05-11T04:38:59.509Z] [SyncDiag] PREPARE-PULL ONE-WAY: fleet_groups — 13 rows
[2026-05-11T04:38:59.510Z] [SyncDiag] PREPARE-PULL ONE-WAY: maker_list — 2 rows
[2026-05-11T04:38:59.511Z] [SyncDiag] PREPARE-PULL ONE-WAY: master_lists — 6 rows
[2026-05-11T04:38:59.511Z] [SyncDiag] PREPARE-PULL ONE-WAY: pms_vessel_settings — 1 rows
[2026-05-11T04:38:59.512Z] [SyncDiag] PREPARE-PULL ONE-WAY: ship_certificates_master — 129 rows
[2026-05-11T04:38:59.513Z] [SyncDiag] PREPARE-PULL ONE-WAY: ship_surveys_master — 58 rows
[2026-05-11T04:38:59.514Z] [SyncDiag] PREPARE-PULL ONE-WAY: vessel_certificate_applicability — 71 rows
[2026-05-11T04:38:59.514Z] [SyncDiag] PREPARE-PULL ONE-WAY: vessel_survey_applicability — 35 rows
[2026-05-11T05:12:15.331Z] [SyncDiag] FIELD-LOGGER: defect_sequences row=4 — 1 fields changed, isInsert=false
[2026-05-11T05:12:15.508Z] [SyncDiag] FIELD-LOGGER: defects row=5b2f92cc-630d-4f30-b08c-87f5e0d183d2 — 62 fields changed, isInsert=true
[2026-05-11T05:12:54.242Z] [SyncDiag] FIELD-LOGGER: defects row=5b2f92cc-630d-4f30-b08c-87f5e0d183d2 — 5 fields changed, isInsert=false
[2026-05-11T05:13:14.346Z] [SyncDiag] === SYNC START === vessel=7446783c-841a-11ed-aa7c-7003bca91a86, instance=SHORE-PROD, mode=LOCAL
[2026-05-11T05:13:14.376Z] [SyncDiag] PUSH START: gathering field logs for vessel=7446783c-841a-11ed-aa7c-7003bca91a86, vesselCode=null
[2026-05-11T05:13:15.749Z] [SyncDiag] PUSH: found 68 unsynced field logs
[2026-05-11T05:13:15.750Z] [SyncDiag] PUSH table breakdown: {"defect_sequences":1,"defects":67}
[2026-05-11T05:13:15.750Z] [SyncDiag] PUSH sample[0]: table=defect_sequences, field=lastSequence, row=4, oldNull=false, newValue=35
[2026-05-11T05:13:15.751Z] [SyncDiag] PUSH sample[1]: table=defects, field=id, row=5b2f92cc-630d-4f30-b08c-87f5e0d183d2, oldNull=true, newValue=D005-26-0035
[2026-05-11T05:13:15.751Z] [SyncDiag] PUSH sample[2]: table=defects, field=duuid, row=5b2f92cc-630d-4f30-b08c-87f5e0d183d2, oldNull=true, newValue=5b2f92cc-630d-4f30-b08c-87f5e0d183d2
[2026-05-11T05:13:15.752Z] [SyncDiag] PUSH sample[3]: table=defects, field=vesselId, row=5b2f92cc-630d-4f30-b08c-87f5e0d183d2, oldNull=true, newValue=7446783c-841a-11ed-aa7c-7003bca91a86
[2026-05-11T05:13:15.752Z] [SyncDiag] PUSH sample[4]: table=defects, field=vesselName, row=5b2f92cc-630d-4f30-b08c-87f5e0d183d2, oldNull=true, newValue=Vessel 5
[2026-05-11T05:13:15.753Z] [SyncDiag] RECEIVE-PUSH START: batch=fa8eafdb-de70-4e95-b75f-0d934ac97653, vessel=7446783c-841a-11ed-aa7c-7003bca91a86, fieldLogs=68, oneWayRows=0
[2026-05-11T05:13:15.847Z] [SyncDiag] RECEIVE-PUSH: 68 field logs stored in sync_field_log
[2026-05-11T05:13:15.849Z] [SyncDiag] SYNC-APPLY TRIGGER BYPASS active for batch=fa8eafdb-de70-4e95-b75f-0d934ac97653
[2026-05-11T05:13:15.850Z] [SyncDiag] FIELD-LOG-INSERT START: 68 logs
[2026-05-11T05:13:15.850Z] [SyncDiag] FIELD-LOG-INSERT: 2 groups from 68 logs
[2026-05-11T05:13:15.851Z] [SyncDiag] FIELD-LOG-INSERT DONE: inserted=0, updatePassthrough=68, errors=0
[2026-05-11T05:13:15.943Z] [SyncDiag] RECEIVE-PUSH STALE SKIP: defects.id row=5b2f92cc-630d-4f30-b08c-87f5e0d183d2 — log 2026-05-11T05:12:15.347Z < row 2026-05-11T05:13:00.287Z
[2026-05-11T05:13:15.944Z] [SyncDiag] RECEIVE-PUSH STALE SKIP: defects.duuid row=5b2f92cc-630d-4f30-b08c-87f5e0d183d2 — log 2026-05-11T05:12:15.347Z < row 2026-05-11T05:13:00.287Z
[2026-05-11T05:13:15.946Z] [SyncDiag] RECEIVE-PUSH STALE SKIP: defects.vesselId row=5b2f92cc-630d-4f30-b08c-87f5e0d183d2 — log 2026-05-11T05:12:15.347Z < row 2026-05-11T05:13:00.287Z
[2026-05-11T05:13:15.947Z] [SyncDiag] RECEIVE-PUSH STALE SKIP: defects.vesselName row=5b2f92cc-630d-4f30-b08c-87f5e0d183d2 — log 2026-05-11T05:12:15.347Z < row 2026-05-11T05:13:00.287Z
[2026-05-11T05:13:15.947Z] [SyncDiag] RECEIVE-PUSH STALE SKIP: defects.issueDate row=5b2f92cc-630d-4f30-b08c-87f5e0d183d2 — log 2026-05-11T05:12:15.347Z < row 2026-05-11T05:13:00.287Z
[2026-05-11T05:13:15.948Z] [SyncDiag] RECEIVE-PUSH STALE SKIP: defects.category row=5b2f92cc-630d-4f30-b08c-87f5e0d183d2 — log 2026-05-11T05:12:15.347Z < row 2026-05-11T05:13:00.287Z
[2026-05-11T05:13:15.949Z] [SyncDiag] RECEIVE-PUSH STALE SKIP: defects.defectType row=5b2f92cc-630d-4f30-b08c-87f5e0d183d2 — log 2026-05-11T05:12:15.347Z < row 2026-05-11T05:13:00.287Z
[2026-05-11T05:13:15.950Z] [SyncDiag] RECEIVE-PUSH STALE SKIP: defects.description row=5b2f92cc-630d-4f30-b08c-87f5e0d183d2 — log 2026-05-11T05:12:15.347Z < row 2026-05-11T05:13:00.287Z
[2026-05-11T05:13:15.952Z] [SyncDiag] RECEIVE-PUSH STALE SKIP: defects.targetCloseDate row=5b2f92cc-630d-4f30-b08c-87f5e0d183d2 — log 2026-05-11T05:12:15.347Z < row 2026-05-11T05:13:00.287Z
[2026-05-11T05:13:15.953Z] [SyncDiag] RECEIVE-PUSH STALE SKIP: defects.dateCompleted row=5b2f92cc-630d-4f30-b08c-87f5e0d183d2 — log 2026-05-11T05:12:15.347Z < row 2026-05-11T05:13:00.287Z
[2026-05-11T05:13:15.954Z] [SyncDiag] RECEIVE-PUSH STALE SKIP: defects.status row=5b2f92cc-630d-4f30-b08c-87f5e0d183d2 — log 2026-05-11T05:12:15.347Z < row 2026-05-11T05:13:00.287Z
[2026-05-11T05:13:15.955Z] [SyncDiag] RECEIVE-PUSH STALE SKIP: defects.priority row=5b2f92cc-630d-4f30-b08c-87f5e0d183d2 — log 2026-05-11T05:12:15.347Z < row 2026-05-11T05:13:00.287Z
[2026-05-11T05:13:15.955Z] [SyncDiag] RECEIVE-PUSH STALE SKIP: defects.critical row=5b2f92cc-630d-4f30-b08c-87f5e0d183d2 — log 2026-05-11T05:12:15.347Z < row 2026-05-11T05:13:00.287Z
[2026-05-11T05:13:15.956Z] [SyncDiag] RECEIVE-PUSH STALE SKIP: defects.is_coc row=5b2f92cc-630d-4f30-b08c-87f5e0d183d2 — log 2026-05-11T05:12:15.347Z < row 2026-05-11T05:13:00.287Z
[2026-05-11T05:13:15.957Z] [SyncDiag] RECEIVE-PUSH STALE SKIP: defects.severity row=5b2f92cc-630d-4f30-b08c-87f5e0d183d2 — log 2026-05-11T05:12:15.347Z < row 2026-05-11T05:13:00.287Z
[2026-05-11T05:13:15.958Z] [SyncDiag] RECEIVE-PUSH STALE SKIP: defects.source row=5b2f92cc-630d-4f30-b08c-87f5e0d183d2 — log 2026-05-11T05:12:15.347Z < row 2026-05-11T05:13:00.287Z
[2026-05-11T05:13:15.959Z] [SyncDiag] RECEIVE-PUSH STALE SKIP: defects.equipmentCategory row=5b2f92cc-630d-4f30-b08c-87f5e0d183d2 — log 2026-05-11T05:12:15.347Z < row 2026-05-11T05:13:00.287Z
[2026-05-11T05:13:15.960Z] [SyncDiag] RECEIVE-PUSH STALE SKIP: defects.equipmentMake row=5b2f92cc-630d-4f30-b08c-87f5e0d183d2 — log 2026-05-11T05:12:15.347Z < row 2026-05-11T05:13:00.287Z
[2026-05-11T05:13:15.961Z] [SyncDiag] RECEIVE-PUSH STALE SKIP: defects.equipmentModel row=5b2f92cc-630d-4f30-b08c-87f5e0d183d2 — log 2026-05-11T05:12:15.347Z < row 2026-05-11T05:13:00.287Z
[2026-05-11T05:13:15.962Z] [SyncDiag] RECEIVE-PUSH STALE SKIP: defects.componentId row=5b2f92cc-630d-4f30-b08c-87f5e0d183d2 — log 2026-05-11T05:12:15.347Z < row 2026-05-11T05:13:00.287Z
[2026-05-11T05:13:15.963Z] [SyncDiag] RECEIVE-PUSH STALE SKIP: defects.defectCategory row=5b2f92cc-630d-4f30-b08c-87f5e0d183d2 — log 2026-05-11T05:12:15.347Z < row 2026-05-11T05:13:00.287Z
[2026-05-11T05:13:15.964Z] [SyncDiag] RECEIVE-PUSH STALE SKIP: defects.viqVersion row=5b2f92cc-630d-4f30-b08c-87f5e0d183d2 — log 2026-05-11T05:12:15.347Z < row 2026-05-11T05:13:00.287Z
[2026-05-11T05:13:15.965Z] [SyncDiag] RECEIVE-PUSH STALE SKIP: defects.viqRef row=5b2f92cc-630d-4f30-b08c-87f5e0d183d2 — log 2026-05-11T05:12:15.347Z < row 2026-05-11T05:13:00.287Z
[2026-05-11T05:13:15.966Z] [SyncDiag] RECEIVE-PUSH STALE SKIP: defects.componentHardwareId row=5b2f92cc-630d-4f30-b08c-87f5e0d183d2 — log 2026-05-11T05:12:15.347Z < row 2026-05-11T05:13:00.287Z
[2026-05-11T05:13:15.967Z] [SyncDiag] RECEIVE-PUSH STALE SKIP: defects.componentHardwareLevel1 row=5b2f92cc-630d-4f30-b08c-87f5e0d183d2 — log 2026-05-11T05:12:15.347Z < row 2026-05-11T05:13:00.287Z
[2026-05-11T05:13:15.968Z] [SyncDiag] RECEIVE-PUSH STALE SKIP: defects.componentHardwareLevel2 row=5b2f92cc-630d-4f30-b08c-87f5e0d183d2 — log 2026-05-11T05:12:15.347Z < row 2026-05-11T05:13:00.287Z
[2026-05-11T05:13:15.969Z] [SyncDiag] RECEIVE-PUSH STALE SKIP: defects.componentHardwareLevel3 row=5b2f92cc-630d-4f30-b08c-87f5e0d183d2 — log 2026-05-11T05:12:15.347Z < row 2026-05-11T05:13:00.287Z
[2026-05-11T05:13:15.971Z] [SyncDiag] RECEIVE-PUSH STALE SKIP: defects.immediateCause row=5b2f92cc-630d-4f30-b08c-87f5e0d183d2 — log 2026-05-11T05:12:15.347Z < row 2026-05-11T05:13:00.287Z
[2026-05-11T05:13:15.972Z] [SyncDiag] RECEIVE-PUSH STALE SKIP: defects.immediateCauseExplanation row=5b2f92cc-630d-4f30-b08c-87f5e0d183d2 — log 2026-05-11T05:12:15.347Z < row 2026-05-11T05:13:00.287Z
[2026-05-11T05:13:15.973Z] [SyncDiag] RECEIVE-PUSH STALE SKIP: defects.rootCause row=5b2f92cc-630d-4f30-b08c-87f5e0d183d2 — log 2026-05-11T05:12:15.347Z < row 2026-05-11T05:13:00.287Z
[2026-05-11T05:13:15.974Z] [SyncDiag] RECEIVE-PUSH STALE SKIP: defects.rootCauseExplanation row=5b2f92cc-630d-4f30-b08c-87f5e0d183d2 — log 2026-05-11T05:12:15.347Z < row 2026-05-11T05:13:00.287Z
[2026-05-11T05:13:15.975Z] [SyncDiag] RECEIVE-PUSH STALE SKIP: defects.riskLevel row=5b2f92cc-630d-4f30-b08c-87f5e0d183d2 — log 2026-05-11T05:12:15.347Z < row 2026-05-11T05:13:00.287Z
[2026-05-11T05:13:15.976Z] [SyncDiag] RECEIVE-PUSH STALE SKIP: defects.raisedById row=5b2f92cc-630d-4f30-b08c-87f5e0d183d2 — log 2026-05-11T05:12:15.347Z < row 2026-05-11T05:13:00.287Z
[2026-05-11T05:13:15.977Z] [SyncDiag] RECEIVE-PUSH STALE SKIP: defects.raisedByName row=5b2f92cc-630d-4f30-b08c-87f5e0d183d2 — log 2026-05-11T05:12:15.347Z < row 2026-05-11T05:13:00.287Z
[2026-05-11T05:13:15.977Z] [SyncDiag] RECEIVE-PUSH STALE SKIP: defects.raisedByRank row=5b2f92cc-630d-4f30-b08c-87f5e0d183d2 — log 2026-05-11T05:12:15.347Z < row 2026-05-11T05:13:00.287Z
[2026-05-11T05:13:15.978Z] [SyncDiag] RECEIVE-PUSH STALE SKIP: defects.isDeferred row=5b2f92cc-630d-4f30-b08c-87f5e0d183d2 — log 2026-05-11T05:12:15.347Z < row 2026-05-11T05:13:00.287Z
[2026-05-11T05:13:15.979Z] [SyncDiag] RECEIVE-PUSH STALE SKIP: defects.deferApprovalRequired row=5b2f92cc-630d-4f30-b08c-87f5e0d183d2 — log 2026-05-11T05:12:15.347Z < row 2026-05-11T05:13:00.287Z
[2026-05-11T05:13:15.980Z] [SyncDiag] RECEIVE-PUSH STALE SKIP: defects.reportToThirdParty row=5b2f92cc-630d-4f30-b08c-87f5e0d183d2 — log 2026-05-11T05:12:15.347Z < row 2026-05-11T05:13:00.287Z
[2026-05-11T05:13:15.981Z] [SyncDiag] RECEIVE-PUSH STALE SKIP: defects.classReport row=5b2f92cc-630d-4f30-b08c-87f5e0d183d2 — log 2026-05-11T05:12:15.347Z < row 2026-05-11T05:13:00.287Z
[2026-05-11T05:13:15.982Z] [SyncDiag] RECEIVE-PUSH STALE SKIP: defects.flagReport row=5b2f92cc-630d-4f30-b08c-87f5e0d183d2 — log 2026-05-11T05:12:15.347Z < row 2026-05-11T05:13:00.287Z
[2026-05-11T05:13:15.983Z] [SyncDiag] RECEIVE-PUSH STALE SKIP: defects.portReport row=5b2f92cc-630d-4f30-b08c-87f5e0d183d2 — log 2026-05-11T05:12:15.347Z < row 2026-05-11T05:13:00.287Z
[2026-05-11T05:13:15.983Z] [SyncDiag] RECEIVE-PUSH STALE SKIP: defects.dateReportedToOffice row=5b2f92cc-630d-4f30-b08c-87f5e0d183d2 — log 2026-05-11T05:12:15.347Z < row 2026-05-11T05:13:00.287Z
[2026-05-11T05:13:15.984Z] [SyncDiag] RECEIVE-PUSH STALE SKIP: defects.dateRegisteredInSystem row=5b2f92cc-630d-4f30-b08c-87f5e0d183d2 — log 2026-05-11T05:12:15.347Z < row 2026-05-11T05:13:00.287Z
[2026-05-11T05:13:15.985Z] [SyncDiag] RECEIVE-PUSH STALE SKIP: defects.vesselLocationType row=5b2f92cc-630d-4f30-b08c-87f5e0d183d2 — log 2026-05-11T05:12:15.347Z < row 2026-05-11T05:13:00.287Z
[2026-05-11T05:13:15.986Z] [SyncDiag] RECEIVE-PUSH STALE SKIP: defects.latitude row=5b2f92cc-630d-4f30-b08c-87f5e0d183d2 — log 2026-05-11T05:12:15.347Z < row 2026-05-11T05:13:00.287Z
[2026-05-11T05:13:15.987Z] [SyncDiag] RECEIVE-PUSH STALE SKIP: defects.longitude row=5b2f92cc-630d-4f30-b08c-87f5e0d183d2 — log 2026-05-11T05:12:15.347Z < row 2026-05-11T05:13:00.287Z
[2026-05-11T05:13:15.988Z] [SyncDiag] RECEIVE-PUSH STALE SKIP: defects.reportedBy row=5b2f92cc-630d-4f30-b08c-87f5e0d183d2 — log 2026-05-11T05:12:15.347Z < row 2026-05-11T05:13:00.287Z
[2026-05-11T05:13:15.989Z] [SyncDiag] RECEIVE-PUSH STALE SKIP: defects.confirmCompleted row=5b2f92cc-630d-4f30-b08c-87f5e0d183d2 — log 2026-05-11T05:12:15.347Z < row 2026-05-11T05:13:00.287Z
[2026-05-11T05:13:15.990Z] [SyncDiag] RECEIVE-PUSH STALE SKIP: defects.closedByName row=5b2f92cc-630d-4f30-b08c-87f5e0d183d2 — log 2026-05-11T05:12:15.347Z < row 2026-05-11T05:13:00.287Z
[2026-05-11T05:13:15.991Z] [SyncDiag] RECEIVE-PUSH STALE SKIP: defects.closedByRank row=5b2f92cc-630d-4f30-b08c-87f5e0d183d2 — log 2026-05-11T05:12:15.347Z < row 2026-05-11T05:13:00.287Z
[2026-05-11T05:13:15.992Z] [SyncDiag] RECEIVE-PUSH STALE SKIP: defects.verified row=5b2f92cc-630d-4f30-b08c-87f5e0d183d2 — log 2026-05-11T05:12:15.347Z < row 2026-05-11T05:13:00.287Z
[2026-05-11T05:13:15.993Z] [SyncDiag] RECEIVE-PUSH STALE SKIP: defects.dateVerified row=5b2f92cc-630d-4f30-b08c-87f5e0d183d2 — log 2026-05-11T05:12:15.347Z < row 2026-05-11T05:13:00.287Z
[2026-05-11T05:13:15.994Z] [SyncDiag] RECEIVE-PUSH STALE SKIP: defects.verifiedByName row=5b2f92cc-630d-4f30-b08c-87f5e0d183d2 — log 2026-05-11T05:12:15.347Z < row 2026-05-11T05:13:00.287Z
[2026-05-11T05:13:15.995Z] [SyncDiag] RECEIVE-PUSH STALE SKIP: defects.verifiedByOfficePosition row=5b2f92cc-630d-4f30-b08c-87f5e0d183d2 — log 2026-05-11T05:12:15.347Z < row 2026-05-11T05:13:00.287Z
[2026-05-11T05:13:15.996Z] [SyncDiag] RECEIVE-PUSH STALE SKIP: defects.notes row=5b2f92cc-630d-4f30-b08c-87f5e0d183d2 — log 2026-05-11T05:12:15.347Z < row 2026-05-11T05:13:00.287Z
[2026-05-11T05:13:15.996Z] [SyncDiag] RECEIVE-PUSH STALE SKIP: defects.actions row=5b2f92cc-630d-4f30-b08c-87f5e0d183d2 — log 2026-05-11T05:12:15.347Z < row 2026-05-11T05:13:00.287Z
[2026-05-11T05:13:15.997Z] [SyncDiag] RECEIVE-PUSH STALE SKIP: defects.targetDateExtensions row=5b2f92cc-630d-4f30-b08c-87f5e0d183d2 — log 2026-05-11T05:12:15.347Z < row 2026-05-11T05:13:00.287Z
[2026-05-11T05:13:15.998Z] [SyncDiag] RECEIVE-PUSH STALE SKIP: defects.partAAttachments row=5b2f92cc-630d-4f30-b08c-87f5e0d183d2 — log 2026-05-11T05:12:15.347Z < row 2026-05-11T05:13:00.287Z
[2026-05-11T05:13:15.999Z] [SyncDiag] RECEIVE-PUSH STALE SKIP: defects.attachments row=5b2f92cc-630d-4f30-b08c-87f5e0d183d2 — log 2026-05-11T05:12:15.347Z < row 2026-05-11T05:13:00.287Z
[2026-05-11T05:13:16.000Z] [SyncDiag] RECEIVE-PUSH STALE SKIP: defects.auditTrail row=5b2f92cc-630d-4f30-b08c-87f5e0d183d2 — log 2026-05-11T05:12:15.347Z < row 2026-05-11T05:13:00.287Z
[2026-05-11T05:13:16.001Z] [SyncDiag] RECEIVE-PUSH STALE SKIP: defects.isDeleted row=5b2f92cc-630d-4f30-b08c-87f5e0d183d2 — log 2026-05-11T05:12:15.347Z < row 2026-05-11T05:13:00.287Z
[2026-05-11T05:13:16.002Z] [SyncDiag] RECEIVE-PUSH STALE SKIP: defects.sortOrder row=5b2f92cc-630d-4f30-b08c-87f5e0d183d2 — log 2026-05-11T05:12:15.347Z < row 2026-05-11T05:13:00.287Z
[2026-05-11T05:13:16.003Z] [SyncDiag] RECEIVE-PUSH STALE SKIP: defects.viqRef row=5b2f92cc-630d-4f30-b08c-87f5e0d183d2 — log 2026-05-11T05:12:54.214Z < row 2026-05-11T05:13:00.287Z
[2026-05-11T05:13:16.003Z] [SyncDiag] RECEIVE-PUSH STALE SKIP: defects.immediateCause row=5b2f92cc-630d-4f30-b08c-87f5e0d183d2 — log 2026-05-11T05:12:54.214Z < row 2026-05-11T05:13:00.287Z
[2026-05-11T05:13:16.004Z] [SyncDiag] RECEIVE-PUSH STALE SKIP: defects.rootCause row=5b2f92cc-630d-4f30-b08c-87f5e0d183d2 — log 2026-05-11T05:12:54.214Z < row 2026-05-11T05:13:00.287Z
[2026-05-11T05:13:16.005Z] [SyncDiag] RECEIVE-PUSH STALE SKIP: defects.riskLevel row=5b2f92cc-630d-4f30-b08c-87f5e0d183d2 — log 2026-05-11T05:12:54.214Z < row 2026-05-11T05:13:00.287Z
[2026-05-11T05:13:16.006Z] [SyncDiag] RECEIVE-PUSH STALE SKIP: defects.partAAttachments row=5b2f92cc-630d-4f30-b08c-87f5e0d183d2 — log 2026-05-11T05:12:54.214Z < row 2026-05-11T05:13:00.287Z
[2026-05-11T05:13:16.011Z] [SyncDiag] RECEIVE-PUSH DONE: stored=68, applied=1, errors=0, oneWayTables=0
[2026-05-11T05:13:16.014Z] [SyncDiag] PREPARE-PULL START: vessel=7446783c-841a-11ed-aa7c-7003bca91a86, vesselCode=null, checkpoint=2026-05-09T09:55:25.617Z
[2026-05-11T05:13:16.265Z] [SyncDiag] PREPARE-PULL FIELD LOGS: 0 shore logs for vessel
[2026-05-11T05:13:16.713Z] [SyncDiag] PREPARE-PULL DONE: 6 one-way rows across 1 tables, 0 field logs, 0 conflicts
[2026-05-11T05:13:16.713Z] [SyncDiag] PREPARE-PULL ONE-WAY: master_lists — 6 rows
[2026-05-11T05:13:16.714Z] [SyncDiag] PULL RECEIVED: 1 one-way table batches, 0 field logs
[2026-05-11T05:13:16.714Z] [SyncDiag] PULL one-way tables: {"master_lists":6}
[2026-05-11T05:13:16.715Z] [SyncDiag] ONE-WAY-APPLY START: master_lists — 6 rows
[2026-05-11T05:13:16.748Z] [SyncDiag] ONE-WAY-APPLY DONE: master_lists — inserted=0, updated=6, deleted=0, errors=0
[2026-05-11T05:13:16.765Z] [SyncDiag] PULL ONE-WAY: master_lists — inserted=0, updated=6, deleted=0, errors=0
[2026-05-11T05:13:16.979Z] [SyncDiag] SYNC COMPLETE: checkpoint=2026-05-11T05:13:16.767Z
[2026-05-11T05:13:16.986Z] [SyncDiag] PUSH DONE: marked 68 field logs as synced locally
[2026-05-11T05:13:16.993Z] [SyncDiag] FILE-SYNC START: 0 pending files for vessel=7446783c-841a-11ed-aa7c-7003bca91a86, direction=shore_to_ship
[2026-05-11T05:13:16.994Z] [SyncDiag] FILE-SYNC DONE: processed=0, failed=0, bytes=0
[2026-05-11T05:13:16.994Z] [SyncDiag] === SYNC END === vessel=7446783c-841a-11ed-aa7c-7003bca91a86, duration=2648ms, status=success, pushed=68, pulled=6, conflicts=0, files=0+0
[2026-05-11T05:14:09.189Z] [SyncDiag] RECEIVE-PUSH START: batch=3a4458a3-79a7-4a5a-b2c8-fe0f407ea416, vessel=7446783c-841a-11ed-aa7c-7003bca91a86, fieldLogs=0, oneWayRows=0
[2026-05-11T05:14:09.194Z] [SyncDiag] RECEIVE-PUSH DONE: stored=0, applied=0, errors=0, oneWayTables=0
[2026-05-11T05:14:09.202Z] [SyncDiag] PREPARE-PULL START: vessel=7446783c-841a-11ed-aa7c-7003bca91a86, vesselCode=null, checkpoint=2026-05-04T11:18:08.589Z
[2026-05-11T05:14:09.491Z] [SyncDiag] PREPARE-PULL FIELD LOGS: 0 shore logs for vessel
[2026-05-11T05:14:09.578Z] [SyncDiag] PREPARE-PULL DONE: 329 one-way rows across 10 tables, 0 field logs, 0 conflicts
[2026-05-11T05:14:09.578Z] [SyncDiag] PREPARE-PULL ONE-WAY: components — 12 rows
[2026-05-11T05:14:09.579Z] [SyncDiag] PREPARE-PULL ONE-WAY: jobs — 2 rows
[2026-05-11T05:14:09.579Z] [SyncDiag] PREPARE-PULL ONE-WAY: fleet_groups — 13 rows
[2026-05-11T05:14:09.580Z] [SyncDiag] PREPARE-PULL ONE-WAY: maker_list — 2 rows
[2026-05-11T05:14:09.580Z] [SyncDiag] PREPARE-PULL ONE-WAY: master_lists — 6 rows
[2026-05-11T05:14:09.580Z] [SyncDiag] PREPARE-PULL ONE-WAY: pms_vessel_settings — 1 rows
[2026-05-11T05:14:09.581Z] [SyncDiag] PREPARE-PULL ONE-WAY: ship_certificates_master — 129 rows
[2026-05-11T05:14:09.581Z] [SyncDiag] PREPARE-PULL ONE-WAY: ship_surveys_master — 58 rows
[2026-05-11T05:14:09.581Z] [SyncDiag] PREPARE-PULL ONE-WAY: vessel_certificate_applicability — 71 rows
[2026-05-11T05:14:09.582Z] [SyncDiag] PREPARE-PULL ONE-WAY: vessel_survey_applicability — 35 rows
[2026-05-11T05:17:15.851Z] [SyncDiag] FIELD-LOGGER: defect_sequences row=4 — 1 fields changed, isInsert=false
[2026-05-11T05:17:16.005Z] [SyncDiag] FIELD-LOGGER: defects row=49625bf1-1e7d-40f8-a73c-839dcddc0c29 — 62 fields changed, isInsert=true
[2026-05-11T05:17:29.408Z] [SyncDiag] === SYNC START === vessel=7446783c-841a-11ed-aa7c-7003bca91a86, instance=SHORE-PROD, mode=LOCAL
[2026-05-11T05:17:29.422Z] [SyncDiag] PUSH START: gathering field logs for vessel=7446783c-841a-11ed-aa7c-7003bca91a86, vesselCode=null
[2026-05-11T05:17:29.538Z] [SyncDiag] PUSH: found 63 unsynced field logs
[2026-05-11T05:17:29.539Z] [SyncDiag] PUSH table breakdown: {"defect_sequences":1,"defects":62}
[2026-05-11T05:17:29.540Z] [SyncDiag] PUSH sample[0]: table=defect_sequences, field=lastSequence, row=4, oldNull=false, newValue=36
[2026-05-11T05:17:29.540Z] [SyncDiag] PUSH sample[1]: table=defects, field=id, row=49625bf1-1e7d-40f8-a73c-839dcddc0c29, oldNull=true, newValue=D005-26-0036
[2026-05-11T05:17:29.540Z] [SyncDiag] PUSH sample[2]: table=defects, field=duuid, row=49625bf1-1e7d-40f8-a73c-839dcddc0c29, oldNull=true, newValue=49625bf1-1e7d-40f8-a73c-839dcddc0c29
[2026-05-11T05:17:29.541Z] [SyncDiag] PUSH sample[3]: table=defects, field=vesselId, row=49625bf1-1e7d-40f8-a73c-839dcddc0c29, oldNull=true, newValue=7446783c-841a-11ed-aa7c-7003bca91a86
[2026-05-11T05:17:29.541Z] [SyncDiag] PUSH sample[4]: table=defects, field=vesselName, row=49625bf1-1e7d-40f8-a73c-839dcddc0c29, oldNull=true, newValue=Vessel 5
[2026-05-11T05:17:29.542Z] [SyncDiag] RECEIVE-PUSH START: batch=c4b2e3f4-b9d2-46ed-9f5d-11799cbed319, vessel=7446783c-841a-11ed-aa7c-7003bca91a86, fieldLogs=63, oneWayRows=0
[2026-05-11T05:17:29.596Z] [SyncDiag] RECEIVE-PUSH: 63 field logs stored in sync_field_log
[2026-05-11T05:17:29.597Z] [SyncDiag] SYNC-APPLY TRIGGER BYPASS active for batch=c4b2e3f4-b9d2-46ed-9f5d-11799cbed319
[2026-05-11T05:17:29.598Z] [SyncDiag] FIELD-LOG-INSERT START: 63 logs
[2026-05-11T05:17:29.598Z] [SyncDiag] FIELD-LOG-INSERT: 2 groups from 63 logs
[2026-05-11T05:17:29.599Z] [SyncDiag] FIELD-LOG-INSERT DONE: inserted=0, updatePassthrough=63, errors=0
[2026-05-11T05:17:29.601Z] [SyncDiag] RECEIVE-PUSH STALE SKIP: defects.id row=49625bf1-1e7d-40f8-a73c-839dcddc0c29 — log 2026-05-11T05:17:15.866Z < row 2026-05-11T05:17:16.912Z
[2026-05-11T05:17:29.602Z] [SyncDiag] RECEIVE-PUSH STALE SKIP: defects.duuid row=49625bf1-1e7d-40f8-a73c-839dcddc0c29 — log 2026-05-11T05:17:15.866Z < row 2026-05-11T05:17:16.912Z
[2026-05-11T05:17:29.602Z] [SyncDiag] RECEIVE-PUSH STALE SKIP: defects.vesselId row=49625bf1-1e7d-40f8-a73c-839dcddc0c29 — log 2026-05-11T05:17:15.866Z < row 2026-05-11T05:17:16.912Z
[2026-05-11T05:17:29.603Z] [SyncDiag] RECEIVE-PUSH STALE SKIP: defects.vesselName row=49625bf1-1e7d-40f8-a73c-839dcddc0c29 — log 2026-05-11T05:17:15.866Z < row 2026-05-11T05:17:16.912Z
[2026-05-11T05:17:29.604Z] [SyncDiag] RECEIVE-PUSH STALE SKIP: defects.issueDate row=49625bf1-1e7d-40f8-a73c-839dcddc0c29 — log 2026-05-11T05:17:15.866Z < row 2026-05-11T05:17:16.912Z
[2026-05-11T05:17:29.605Z] [SyncDiag] RECEIVE-PUSH STALE SKIP: defects.category row=49625bf1-1e7d-40f8-a73c-839dcddc0c29 — log 2026-05-11T05:17:15.866Z < row 2026-05-11T05:17:16.912Z
[2026-05-11T05:17:29.606Z] [SyncDiag] RECEIVE-PUSH STALE SKIP: defects.defectType row=49625bf1-1e7d-40f8-a73c-839dcddc0c29 — log 2026-05-11T05:17:15.866Z < row 2026-05-11T05:17:16.912Z
[2026-05-11T05:17:29.607Z] [SyncDiag] RECEIVE-PUSH STALE SKIP: defects.description row=49625bf1-1e7d-40f8-a73c-839dcddc0c29 — log 2026-05-11T05:17:15.866Z < row 2026-05-11T05:17:16.912Z
[2026-05-11T05:17:29.608Z] [SyncDiag] RECEIVE-PUSH STALE SKIP: defects.targetCloseDate row=49625bf1-1e7d-40f8-a73c-839dcddc0c29 — log 2026-05-11T05:17:15.866Z < row 2026-05-11T05:17:16.912Z
[2026-05-11T05:17:29.609Z] [SyncDiag] RECEIVE-PUSH STALE SKIP: defects.dateCompleted row=49625bf1-1e7d-40f8-a73c-839dcddc0c29 — log 2026-05-11T05:17:15.866Z < row 2026-05-11T05:17:16.912Z
[2026-05-11T05:17:29.610Z] [SyncDiag] RECEIVE-PUSH STALE SKIP: defects.status row=49625bf1-1e7d-40f8-a73c-839dcddc0c29 — log 2026-05-11T05:17:15.866Z < row 2026-05-11T05:17:16.912Z
[2026-05-11T05:17:29.611Z] [SyncDiag] RECEIVE-PUSH STALE SKIP: defects.priority row=49625bf1-1e7d-40f8-a73c-839dcddc0c29 — log 2026-05-11T05:17:15.866Z < row 2026-05-11T05:17:16.912Z
[2026-05-11T05:17:29.612Z] [SyncDiag] RECEIVE-PUSH STALE SKIP: defects.critical row=49625bf1-1e7d-40f8-a73c-839dcddc0c29 — log 2026-05-11T05:17:15.866Z < row 2026-05-11T05:17:16.912Z
[2026-05-11T05:17:29.612Z] [SyncDiag] RECEIVE-PUSH STALE SKIP: defects.is_coc row=49625bf1-1e7d-40f8-a73c-839dcddc0c29 — log 2026-05-11T05:17:15.866Z < row 2026-05-11T05:17:16.912Z
[2026-05-11T05:17:29.613Z] [SyncDiag] RECEIVE-PUSH STALE SKIP: defects.severity row=49625bf1-1e7d-40f8-a73c-839dcddc0c29 — log 2026-05-11T05:17:15.866Z < row 2026-05-11T05:17:16.912Z
[2026-05-11T05:17:29.614Z] [SyncDiag] RECEIVE-PUSH STALE SKIP: defects.source row=49625bf1-1e7d-40f8-a73c-839dcddc0c29 — log 2026-05-11T05:17:15.866Z < row 2026-05-11T05:17:16.912Z
[2026-05-11T05:17:29.615Z] [SyncDiag] RECEIVE-PUSH STALE SKIP: defects.equipmentCategory row=49625bf1-1e7d-40f8-a73c-839dcddc0c29 — log 2026-05-11T05:17:15.866Z < row 2026-05-11T05:17:16.912Z
[2026-05-11T05:17:29.616Z] [SyncDiag] RECEIVE-PUSH STALE SKIP: defects.equipmentMake row=49625bf1-1e7d-40f8-a73c-839dcddc0c29 — log 2026-05-11T05:17:15.866Z < row 2026-05-11T05:17:16.912Z
[2026-05-11T05:17:29.617Z] [SyncDiag] RECEIVE-PUSH STALE SKIP: defects.equipmentModel row=49625bf1-1e7d-40f8-a73c-839dcddc0c29 — log 2026-05-11T05:17:15.866Z < row 2026-05-11T05:17:16.912Z
[2026-05-11T05:17:29.618Z] [SyncDiag] RECEIVE-PUSH STALE SKIP: defects.componentId row=49625bf1-1e7d-40f8-a73c-839dcddc0c29 — log 2026-05-11T05:17:15.866Z < row 2026-05-11T05:17:16.912Z
[2026-05-11T05:17:29.619Z] [SyncDiag] RECEIVE-PUSH STALE SKIP: defects.defectCategory row=49625bf1-1e7d-40f8-a73c-839dcddc0c29 — log 2026-05-11T05:17:15.866Z < row 2026-05-11T05:17:16.912Z
[2026-05-11T05:17:29.619Z] [SyncDiag] RECEIVE-PUSH STALE SKIP: defects.viqVersion row=49625bf1-1e7d-40f8-a73c-839dcddc0c29 — log 2026-05-11T05:17:15.866Z < row 2026-05-11T05:17:16.912Z
[2026-05-11T05:17:29.620Z] [SyncDiag] RECEIVE-PUSH STALE SKIP: defects.viqRef row=49625bf1-1e7d-40f8-a73c-839dcddc0c29 — log 2026-05-11T05:17:15.866Z < row 2026-05-11T05:17:16.912Z
[2026-05-11T05:17:29.621Z] [SyncDiag] RECEIVE-PUSH STALE SKIP: defects.componentHardwareId row=49625bf1-1e7d-40f8-a73c-839dcddc0c29 — log 2026-05-11T05:17:15.866Z < row 2026-05-11T05:17:16.912Z
[2026-05-11T05:17:29.622Z] [SyncDiag] RECEIVE-PUSH STALE SKIP: defects.componentHardwareLevel1 row=49625bf1-1e7d-40f8-a73c-839dcddc0c29 — log 2026-05-11T05:17:15.866Z < row 2026-05-11T05:17:16.912Z
[2026-05-11T05:17:29.623Z] [SyncDiag] RECEIVE-PUSH STALE SKIP: defects.componentHardwareLevel2 row=49625bf1-1e7d-40f8-a73c-839dcddc0c29 — log 2026-05-11T05:17:15.866Z < row 2026-05-11T05:17:16.912Z
[2026-05-11T05:17:29.624Z] [SyncDiag] RECEIVE-PUSH STALE SKIP: defects.componentHardwareLevel3 row=49625bf1-1e7d-40f8-a73c-839dcddc0c29 — log 2026-05-11T05:17:15.866Z < row 2026-05-11T05:17:16.912Z
[2026-05-11T05:17:29.625Z] [SyncDiag] RECEIVE-PUSH STALE SKIP: defects.immediateCause row=49625bf1-1e7d-40f8-a73c-839dcddc0c29 — log 2026-05-11T05:17:15.866Z < row 2026-05-11T05:17:16.912Z
[2026-05-11T05:17:29.625Z] [SyncDiag] RECEIVE-PUSH STALE SKIP: defects.immediateCauseExplanation row=49625bf1-1e7d-40f8-a73c-839dcddc0c29 — log 2026-05-11T05:17:15.866Z < row 2026-05-11T05:17:16.912Z
[2026-05-11T05:17:29.626Z] [SyncDiag] RECEIVE-PUSH STALE SKIP: defects.rootCause row=49625bf1-1e7d-40f8-a73c-839dcddc0c29 — log 2026-05-11T05:17:15.866Z < row 2026-05-11T05:17:16.912Z
[2026-05-11T05:17:29.627Z] [SyncDiag] RECEIVE-PUSH STALE SKIP: defects.rootCauseExplanation row=49625bf1-1e7d-40f8-a73c-839dcddc0c29 — log 2026-05-11T05:17:15.866Z < row 2026-05-11T05:17:16.912Z
[2026-05-11T05:17:29.628Z] [SyncDiag] RECEIVE-PUSH STALE SKIP: defects.riskLevel row=49625bf1-1e7d-40f8-a73c-839dcddc0c29 — log 2026-05-11T05:17:15.866Z < row 2026-05-11T05:17:16.912Z
[2026-05-11T05:17:29.629Z] [SyncDiag] RECEIVE-PUSH STALE SKIP: defects.raisedById row=49625bf1-1e7d-40f8-a73c-839dcddc0c29 — log 2026-05-11T05:17:15.866Z < row 2026-05-11T05:17:16.912Z
[2026-05-11T05:17:29.630Z] [SyncDiag] RECEIVE-PUSH STALE SKIP: defects.raisedByName row=49625bf1-1e7d-40f8-a73c-839dcddc0c29 — log 2026-05-11T05:17:15.866Z < row 2026-05-11T05:17:16.912Z
[2026-05-11T05:17:29.631Z] [SyncDiag] RECEIVE-PUSH STALE SKIP: defects.raisedByRank row=49625bf1-1e7d-40f8-a73c-839dcddc0c29 — log 2026-05-11T05:17:15.866Z < row 2026-05-11T05:17:16.912Z
[2026-05-11T05:17:29.632Z] [SyncDiag] RECEIVE-PUSH STALE SKIP: defects.isDeferred row=49625bf1-1e7d-40f8-a73c-839dcddc0c29 — log 2026-05-11T05:17:15.866Z < row 2026-05-11T05:17:16.912Z
[2026-05-11T05:17:29.633Z] [SyncDiag] RECEIVE-PUSH STALE SKIP: defects.deferApprovalRequired row=49625bf1-1e7d-40f8-a73c-839dcddc0c29 — log 2026-05-11T05:17:15.866Z < row 2026-05-11T05:17:16.912Z
[2026-05-11T05:17:29.633Z] [SyncDiag] RECEIVE-PUSH STALE SKIP: defects.reportToThirdParty row=49625bf1-1e7d-40f8-a73c-839dcddc0c29 — log 2026-05-11T05:17:15.866Z < row 2026-05-11T05:17:16.912Z
[2026-05-11T05:17:29.634Z] [SyncDiag] RECEIVE-PUSH STALE SKIP: defects.classReport row=49625bf1-1e7d-40f8-a73c-839dcddc0c29 — log 2026-05-11T05:17:15.866Z < row 2026-05-11T05:17:16.912Z
[2026-05-11T05:17:29.635Z] [SyncDiag] RECEIVE-PUSH STALE SKIP: defects.flagReport row=49625bf1-1e7d-40f8-a73c-839dcddc0c29 — log 2026-05-11T05:17:15.866Z < row 2026-05-11T05:17:16.912Z
[2026-05-11T05:17:29.636Z] [SyncDiag] RECEIVE-PUSH STALE SKIP: defects.portReport row=49625bf1-1e7d-40f8-a73c-839dcddc0c29 — log 2026-05-11T05:17:15.866Z < row 2026-05-11T05:17:16.912Z
[2026-05-11T05:17:29.637Z] [SyncDiag] RECEIVE-PUSH STALE SKIP: defects.dateReportedToOffice row=49625bf1-1e7d-40f8-a73c-839dcddc0c29 — log 2026-05-11T05:17:15.866Z < row 2026-05-11T05:17:16.912Z
[2026-05-11T05:17:29.638Z] [SyncDiag] RECEIVE-PUSH STALE SKIP: defects.dateRegisteredInSystem row=49625bf1-1e7d-40f8-a73c-839dcddc0c29 — log 2026-05-11T05:17:15.866Z < row 2026-05-11T05:17:16.912Z
[2026-05-11T05:17:29.639Z] [SyncDiag] RECEIVE-PUSH STALE SKIP: defects.vesselLocationType row=49625bf1-1e7d-40f8-a73c-839dcddc0c29 — log 2026-05-11T05:17:15.866Z < row 2026-05-11T05:17:16.912Z
[2026-05-11T05:17:29.639Z] [SyncDiag] RECEIVE-PUSH STALE SKIP: defects.latitude row=49625bf1-1e7d-40f8-a73c-839dcddc0c29 — log 2026-05-11T05:17:15.866Z < row 2026-05-11T05:17:16.912Z
[2026-05-11T05:17:29.640Z] [SyncDiag] RECEIVE-PUSH STALE SKIP: defects.longitude row=49625bf1-1e7d-40f8-a73c-839dcddc0c29 — log 2026-05-11T05:17:15.866Z < row 2026-05-11T05:17:16.912Z
[2026-05-11T05:17:29.641Z] [SyncDiag] RECEIVE-PUSH STALE SKIP: defects.reportedBy row=49625bf1-1e7d-40f8-a73c-839dcddc0c29 — log 2026-05-11T05:17:15.866Z < row 2026-05-11T05:17:16.912Z
[2026-05-11T05:17:29.642Z] [SyncDiag] RECEIVE-PUSH STALE SKIP: defects.confirmCompleted row=49625bf1-1e7d-40f8-a73c-839dcddc0c29 — log 2026-05-11T05:17:15.866Z < row 2026-05-11T05:17:16.912Z
[2026-05-11T05:17:29.643Z] [SyncDiag] RECEIVE-PUSH STALE SKIP: defects.closedByName row=49625bf1-1e7d-40f8-a73c-839dcddc0c29 — log 2026-05-11T05:17:15.866Z < row 2026-05-11T05:17:16.912Z
[2026-05-11T05:17:29.644Z] [SyncDiag] RECEIVE-PUSH STALE SKIP: defects.closedByRank row=49625bf1-1e7d-40f8-a73c-839dcddc0c29 — log 2026-05-11T05:17:15.866Z < row 2026-05-11T05:17:16.912Z
[2026-05-11T05:17:29.645Z] [SyncDiag] RECEIVE-PUSH STALE SKIP: defects.verified row=49625bf1-1e7d-40f8-a73c-839dcddc0c29 — log 2026-05-11T05:17:15.866Z < row 2026-05-11T05:17:16.912Z
[2026-05-11T05:17:29.646Z] [SyncDiag] RECEIVE-PUSH STALE SKIP: defects.dateVerified row=49625bf1-1e7d-40f8-a73c-839dcddc0c29 — log 2026-05-11T05:17:15.866Z < row 2026-05-11T05:17:16.912Z
[2026-05-11T05:17:29.647Z] [SyncDiag] RECEIVE-PUSH STALE SKIP: defects.verifiedByName row=49625bf1-1e7d-40f8-a73c-839dcddc0c29 — log 2026-05-11T05:17:15.866Z < row 2026-05-11T05:17:16.912Z
[2026-05-11T05:17:29.648Z] [SyncDiag] RECEIVE-PUSH STALE SKIP: defects.verifiedByOfficePosition row=49625bf1-1e7d-40f8-a73c-839dcddc0c29 — log 2026-05-11T05:17:15.866Z < row 2026-05-11T05:17:16.912Z
[2026-05-11T05:17:29.648Z] [SyncDiag] RECEIVE-PUSH STALE SKIP: defects.notes row=49625bf1-1e7d-40f8-a73c-839dcddc0c29 — log 2026-05-11T05:17:15.866Z < row 2026-05-11T05:17:16.912Z
[2026-05-11T05:17:29.649Z] [SyncDiag] RECEIVE-PUSH STALE SKIP: defects.actions row=49625bf1-1e7d-40f8-a73c-839dcddc0c29 — log 2026-05-11T05:17:15.866Z < row 2026-05-11T05:17:16.912Z
[2026-05-11T05:17:29.650Z] [SyncDiag] RECEIVE-PUSH STALE SKIP: defects.targetDateExtensions row=49625bf1-1e7d-40f8-a73c-839dcddc0c29 — log 2026-05-11T05:17:15.866Z < row 2026-05-11T05:17:16.912Z
[2026-05-11T05:17:29.651Z] [SyncDiag] RECEIVE-PUSH STALE SKIP: defects.partAAttachments row=49625bf1-1e7d-40f8-a73c-839dcddc0c29 — log 2026-05-11T05:17:15.866Z < row 2026-05-11T05:17:16.912Z
[2026-05-11T05:17:29.652Z] [SyncDiag] RECEIVE-PUSH STALE SKIP: defects.attachments row=49625bf1-1e7d-40f8-a73c-839dcddc0c29 — log 2026-05-11T05:17:15.866Z < row 2026-05-11T05:17:16.912Z
[2026-05-11T05:17:29.653Z] [SyncDiag] RECEIVE-PUSH STALE SKIP: defects.auditTrail row=49625bf1-1e7d-40f8-a73c-839dcddc0c29 — log 2026-05-11T05:17:15.866Z < row 2026-05-11T05:17:16.912Z
[2026-05-11T05:17:29.654Z] [SyncDiag] RECEIVE-PUSH STALE SKIP: defects.isDeleted row=49625bf1-1e7d-40f8-a73c-839dcddc0c29 — log 2026-05-11T05:17:15.866Z < row 2026-05-11T05:17:16.912Z
[2026-05-11T05:17:29.655Z] [SyncDiag] RECEIVE-PUSH STALE SKIP: defects.sortOrder row=49625bf1-1e7d-40f8-a73c-839dcddc0c29 — log 2026-05-11T05:17:15.866Z < row 2026-05-11T05:17:16.912Z
[2026-05-11T05:17:29.659Z] [SyncDiag] RECEIVE-PUSH DONE: stored=63, applied=1, errors=0, oneWayTables=0
[2026-05-11T05:17:29.661Z] [SyncDiag] PREPARE-PULL START: vessel=7446783c-841a-11ed-aa7c-7003bca91a86, vesselCode=null, checkpoint=2026-05-11T05:13:16.767Z
[2026-05-11T05:17:29.802Z] [SyncDiag] PREPARE-PULL FIELD LOGS: 0 shore logs for vessel
[2026-05-11T05:17:29.924Z] [SyncDiag] PREPARE-PULL DONE: 0 one-way rows across 0 tables, 0 field logs, 0 conflicts
[2026-05-11T05:17:29.925Z] [SyncDiag] PULL RECEIVED: 0 one-way table batches, 0 field logs
[2026-05-11T05:17:30.129Z] [SyncDiag] SYNC COMPLETE: checkpoint=2026-05-11T05:17:29.927Z
[2026-05-11T05:17:30.135Z] [SyncDiag] PUSH DONE: marked 63 field logs as synced locally
[2026-05-11T05:17:30.140Z] [SyncDiag] FILE-SYNC START: 0 pending files for vessel=7446783c-841a-11ed-aa7c-7003bca91a86, direction=shore_to_ship
[2026-05-11T05:17:30.140Z] [SyncDiag] FILE-SYNC DONE: processed=0, failed=0, bytes=0
[2026-05-11T05:17:30.141Z] [SyncDiag] === SYNC END === vessel=7446783c-841a-11ed-aa7c-7003bca91a86, duration=733ms, status=success, pushed=63, pulled=0, conflicts=0, files=0+0
[2026-05-11T05:17:44.549Z] [SyncDiag] RECEIVE-PUSH START: batch=1074adde-d712-472d-bffb-088962a02272, vessel=7446783c-841a-11ed-aa7c-7003bca91a86, fieldLogs=0, oneWayRows=0
[2026-05-11T05:17:44.555Z] [SyncDiag] RECEIVE-PUSH DONE: stored=0, applied=0, errors=0, oneWayTables=0
[2026-05-11T05:17:46.578Z] [SyncDiag] PREPARE-PULL START: vessel=7446783c-841a-11ed-aa7c-7003bca91a86, vesselCode=null, checkpoint=2026-05-04T11:18:08.589Z
[2026-05-11T05:17:46.869Z] [SyncDiag] PREPARE-PULL FIELD LOGS: 0 shore logs for vessel
[2026-05-11T05:17:47.018Z] [SyncDiag] PREPARE-PULL DONE: 329 one-way rows across 10 tables, 0 field logs, 0 conflicts
[2026-05-11T05:17:47.018Z] [SyncDiag] PREPARE-PULL ONE-WAY: components — 12 rows
[2026-05-11T05:17:47.019Z] [SyncDiag] PREPARE-PULL ONE-WAY: jobs — 2 rows
[2026-05-11T05:17:47.019Z] [SyncDiag] PREPARE-PULL ONE-WAY: fleet_groups — 13 rows
[2026-05-11T05:17:47.019Z] [SyncDiag] PREPARE-PULL ONE-WAY: maker_list — 2 rows
[2026-05-11T05:17:47.020Z] [SyncDiag] PREPARE-PULL ONE-WAY: master_lists — 6 rows
[2026-05-11T05:17:47.020Z] [SyncDiag] PREPARE-PULL ONE-WAY: pms_vessel_settings — 1 rows
[2026-05-11T05:17:47.020Z] [SyncDiag] PREPARE-PULL ONE-WAY: ship_certificates_master — 129 rows
[2026-05-11T05:17:47.021Z] [SyncDiag] PREPARE-PULL ONE-WAY: ship_surveys_master — 58 rows
[2026-05-11T05:17:47.021Z] [SyncDiag] PREPARE-PULL ONE-WAY: vessel_certificate_applicability — 71 rows
[2026-05-11T05:17:47.022Z] [SyncDiag] PREPARE-PULL ONE-WAY: vessel_survey_applicability — 35 rows
[2026-05-11T05:19:14.841Z] [SyncDiag] RECEIVE-PUSH START: batch=e97d0205-24d5-404c-9086-a6858b1bdf90, vessel=7446783c-841a-11ed-aa7c-7003bca91a86, fieldLogs=62, oneWayRows=0
[2026-05-11T05:19:14.925Z] [SyncDiag] RECEIVE-PUSH: 62 field logs stored in sync_field_log
[2026-05-11T05:19:14.926Z] [SyncDiag] SYNC-APPLY TRIGGER BYPASS active for batch=e97d0205-24d5-404c-9086-a6858b1bdf90
[2026-05-11T05:19:14.926Z] [SyncDiag] FIELD-LOG-INSERT START: 62 logs
[2026-05-11T05:19:14.927Z] [SyncDiag] FIELD-LOG-INSERT: 2 groups from 62 logs
[2026-05-11T05:19:14.959Z] [SyncDiag] FIELD-LOG-INSERT DONE: inserted=0, updatePassthrough=1, errors=1
[2026-05-11T05:19:14.962Z] [SyncDiag] RECEIVE-PUSH DONE: stored=62, applied=0, errors=2, oneWayTables=0
[2026-05-11T05:19:14.973Z] [SyncDiag] PREPARE-PULL START: vessel=7446783c-841a-11ed-aa7c-7003bca91a86, vesselCode=null, checkpoint=2026-05-04T11:18:08.589Z
[2026-05-11T05:19:15.344Z] [SyncDiag] PREPARE-PULL FIELD LOGS: 0 shore logs for vessel
[2026-05-11T05:19:15.428Z] [SyncDiag] PREPARE-PULL DONE: 329 one-way rows across 10 tables, 0 field logs, 0 conflicts
[2026-05-11T05:19:15.429Z] [SyncDiag] PREPARE-PULL ONE-WAY: components — 12 rows
[2026-05-11T05:19:15.429Z] [SyncDiag] PREPARE-PULL ONE-WAY: jobs — 2 rows
[2026-05-11T05:19:15.430Z] [SyncDiag] PREPARE-PULL ONE-WAY: fleet_groups — 13 rows
[2026-05-11T05:19:15.430Z] [SyncDiag] PREPARE-PULL ONE-WAY: maker_list — 2 rows
[2026-05-11T05:19:15.431Z] [SyncDiag] PREPARE-PULL ONE-WAY: master_lists — 6 rows
[2026-05-11T05:19:15.431Z] [SyncDiag] PREPARE-PULL ONE-WAY: pms_vessel_settings — 1 rows
[2026-05-11T05:19:15.431Z] [SyncDiag] PREPARE-PULL ONE-WAY: ship_certificates_master — 129 rows
[2026-05-11T05:19:15.432Z] [SyncDiag] PREPARE-PULL ONE-WAY: ship_surveys_master — 58 rows
[2026-05-11T05:19:15.432Z] [SyncDiag] PREPARE-PULL ONE-WAY: vessel_certificate_applicability — 71 rows
[2026-05-11T05:19:15.433Z] [SyncDiag] PREPARE-PULL ONE-WAY: vessel_survey_applicability — 35 rows
[2026-05-11T05:20:15.292Z] [SyncDiag] === SYNC START === vessel=7446783c-841a-11ed-aa7c-7003bca91a86, instance=SHORE-PROD, mode=LOCAL
[2026-05-11T05:20:15.306Z] [SyncDiag] PUSH START: gathering field logs for vessel=7446783c-841a-11ed-aa7c-7003bca91a86, vesselCode=null
[2026-05-11T05:20:15.470Z] [SyncDiag] PUSH: found 0 unsynced field logs
[2026-05-11T05:20:15.471Z] [SyncDiag] RECEIVE-PUSH START: batch=069920ee-d796-4fc8-b9fa-fd684bb84e63, vessel=7446783c-841a-11ed-aa7c-7003bca91a86, fieldLogs=0, oneWayRows=0
[2026-05-11T05:20:15.479Z] [SyncDiag] RECEIVE-PUSH DONE: stored=0, applied=0, errors=0, oneWayTables=0
[2026-05-11T05:20:15.482Z] [SyncDiag] PREPARE-PULL START: vessel=7446783c-841a-11ed-aa7c-7003bca91a86, vesselCode=null, checkpoint=2026-05-11T05:17:29.927Z
[2026-05-11T05:20:15.673Z] [SyncDiag] PREPARE-PULL FIELD LOGS: 0 shore logs for vessel
[2026-05-11T05:20:15.794Z] [SyncDiag] PREPARE-PULL DONE: 0 one-way rows across 0 tables, 0 field logs, 0 conflicts
[2026-05-11T05:20:15.795Z] [SyncDiag] PULL RECEIVED: 0 one-way table batches, 0 field logs
[2026-05-11T05:20:15.970Z] [SyncDiag] SYNC COMPLETE: checkpoint=2026-05-11T05:20:15.797Z
[2026-05-11T05:20:15.975Z] [SyncDiag] FILE-SYNC START: 0 pending files for vessel=7446783c-841a-11ed-aa7c-7003bca91a86, direction=shore_to_ship
[2026-05-11T05:20:15.976Z] [SyncDiag] FILE-SYNC DONE: processed=0, failed=0, bytes=0
[2026-05-11T05:20:15.976Z] [SyncDiag] === SYNC END === vessel=7446783c-841a-11ed-aa7c-7003bca91a86, duration=684ms, status=success, pushed=0, pulled=0, conflicts=0, files=0+0
[2026-05-11T05:21:57.493Z] [SyncDiag] FIELD-LOGGER: vessel_certificate_data row=03323531-cbd2-4811-ae32-9417385a109e — 10 fields changed, isInsert=true
[2026-05-11T05:22:02.419Z] [SyncDiag] FIELD-LOGGER: vessel_certificate_data row=03323531-cbd2-4811-ae32-9417385a109e — 1 fields changed, isInsert=false
[2026-05-11T05:22:10.110Z] [SyncDiag] FIELD-LOGGER: vessel_certificate_data row=03323531-cbd2-4811-ae32-9417385a109e — 1 fields changed, isInsert=false
[2026-05-11T05:22:15.728Z] [SyncDiag] FIELD-LOGGER: vessel_certificate_data row=03323531-cbd2-4811-ae32-9417385a109e — 1 fields changed, isInsert=false
[2026-05-11T05:22:21.398Z] [SyncDiag] FIELD-LOGGER: vessel_certificate_data row=7160cc22-bc26-446c-9934-b33385689c4f — 10 fields changed, isInsert=true
[2026-05-11T05:22:25.938Z] [SyncDiag] FIELD-LOGGER: vessel_certificate_data row=7160cc22-bc26-446c-9934-b33385689c4f — 1 fields changed, isInsert=false
[2026-05-11T05:22:34.987Z] [SyncDiag] FIELD-LOGGER: vessel_certificate_data row=7160cc22-bc26-446c-9934-b33385689c4f — 1 fields changed, isInsert=false
[2026-05-11T05:22:39.558Z] [SyncDiag] FIELD-LOGGER: vessel_certificate_data row=7160cc22-bc26-446c-9934-b33385689c4f — 1 fields changed, isInsert=false
[2026-05-11T05:22:46.569Z] [SyncDiag] FIELD-LOGGER: vessel_certificate_data row=7160cc22-bc26-446c-9934-b33385689c4f — 1 fields changed, isInsert=false
[2026-05-11T05:22:52.312Z] [SyncDiag] FIELD-LOGGER: vessel_certificate_data row=7160cc22-bc26-446c-9934-b33385689c4f — 1 fields changed, isInsert=false
[2026-05-11T05:23:49.859Z] [SyncDiag] === SYNC START === vessel=7446783c-841a-11ed-aa7c-7003bca91a86, instance=SHORE-PROD, mode=LOCAL
[2026-05-11T05:23:49.873Z] [SyncDiag] PUSH START: gathering field logs for vessel=7446783c-841a-11ed-aa7c-7003bca91a86, vesselCode=null
[2026-05-11T05:23:50.039Z] [SyncDiag] PUSH: found 28 unsynced field logs
[2026-05-11T05:23:50.040Z] [SyncDiag] PUSH table breakdown: {"vessel_certificate_data":28}
[2026-05-11T05:23:50.040Z] [SyncDiag] PUSH sample[0]: table=vessel_certificate_data, field=id, row=03323531-cbd2-4811-ae32-9417385a109e, oldNull=true, newValue=83
[2026-05-11T05:23:50.041Z] [SyncDiag] PUSH sample[1]: table=vessel_certificate_data, field=vcduuid, row=03323531-cbd2-4811-ae32-9417385a109e, oldNull=true, newValue=03323531-cbd2-4811-ae32-9417385a109e
[2026-05-11T05:23:50.041Z] [SyncDiag] PUSH sample[2]: table=vessel_certificate_data, field=vesselId, row=03323531-cbd2-4811-ae32-9417385a109e, oldNull=true, newValue=7446783c-841a-11ed-aa7c-7003bca91a86
[2026-05-11T05:23:50.041Z] [SyncDiag] PUSH sample[3]: table=vessel_certificate_data, field=vesselName, row=03323531-cbd2-4811-ae32-9417385a109e, oldNull=true, newValue=Vessel 5
[2026-05-11T05:23:50.042Z] [SyncDiag] PUSH sample[4]: table=vessel_certificate_data, field=masterId, row=03323531-cbd2-4811-ae32-9417385a109e, oldNull=true, newValue=VES-021
[2026-05-11T05:23:50.042Z] [SyncDiag] RECEIVE-PUSH START: batch=8ae45810-2644-4e14-aed1-e9fd9a202acc, vessel=7446783c-841a-11ed-aa7c-7003bca91a86, fieldLogs=28, oneWayRows=0
[2026-05-11T05:23:50.091Z] [SyncDiag] RECEIVE-PUSH: 28 field logs stored in sync_field_log
[2026-05-11T05:23:50.092Z] [SyncDiag] SYNC-APPLY TRIGGER BYPASS active for batch=8ae45810-2644-4e14-aed1-e9fd9a202acc
[2026-05-11T05:23:50.092Z] [SyncDiag] FIELD-LOG-INSERT START: 28 logs
[2026-05-11T05:23:50.093Z] [SyncDiag] FIELD-LOG-INSERT: 2 groups from 28 logs
[2026-05-11T05:23:50.097Z] [SyncDiag] FIELD-LOG-INSERT DONE: inserted=0, updatePassthrough=28, errors=0
[2026-05-11T05:23:50.098Z] [SyncDiag] RECEIVE-PUSH STALE SKIP: vessel_certificate_data.id row=03323531-cbd2-4811-ae32-9417385a109e — log 2026-05-11T05:21:57.455Z < row 2026-05-11T05:22:15.723Z
[2026-05-11T05:23:50.099Z] [SyncDiag] RECEIVE-PUSH STALE SKIP: vessel_certificate_data.vcduuid row=03323531-cbd2-4811-ae32-9417385a109e — log 2026-05-11T05:21:57.455Z < row 2026-05-11T05:22:15.723Z
[2026-05-11T05:23:50.100Z] [SyncDiag] RECEIVE-PUSH STALE SKIP: vessel_certificate_data.vesselId row=03323531-cbd2-4811-ae32-9417385a109e — log 2026-05-11T05:21:57.455Z < row 2026-05-11T05:22:15.723Z
[2026-05-11T05:23:50.101Z] [SyncDiag] RECEIVE-PUSH STALE SKIP: vessel_certificate_data.vesselName row=03323531-cbd2-4811-ae32-9417385a109e — log 2026-05-11T05:21:57.455Z < row 2026-05-11T05:22:15.723Z
[2026-05-11T05:23:50.102Z] [SyncDiag] RECEIVE-PUSH STALE SKIP: vessel_certificate_data.masterId row=03323531-cbd2-4811-ae32-9417385a109e — log 2026-05-11T05:21:57.455Z < row 2026-05-11T05:22:15.723Z
[2026-05-11T05:23:50.103Z] [SyncDiag] RECEIVE-PUSH STALE SKIP: vessel_certificate_data.issueDate row=03323531-cbd2-4811-ae32-9417385a109e — log 2026-05-11T05:21:57.455Z < row 2026-05-11T05:22:15.723Z
[2026-05-11T05:23:50.104Z] [SyncDiag] RECEIVE-PUSH STALE SKIP: vessel_certificate_data.lastEditUpload row=03323531-cbd2-4811-ae32-9417385a109e — log 2026-05-11T05:21:57.455Z < row 2026-05-11T05:22:15.723Z
[2026-05-11T05:23:50.104Z] [SyncDiag] RECEIVE-PUSH STALE SKIP: vessel_certificate_data.attachments row=03323531-cbd2-4811-ae32-9417385a109e — log 2026-05-11T05:21:57.455Z < row 2026-05-11T05:22:15.723Z
[2026-05-11T05:23:50.105Z] [SyncDiag] RECEIVE-PUSH STALE SKIP: vessel_certificate_data.sortOrder row=03323531-cbd2-4811-ae32-9417385a109e — log 2026-05-11T05:21:57.455Z < row 2026-05-11T05:22:15.723Z
[2026-05-11T05:23:50.106Z] [SyncDiag] RECEIVE-PUSH STALE SKIP: vessel_certificate_data.isDeleted row=03323531-cbd2-4811-ae32-9417385a109e — log 2026-05-11T05:21:57.455Z < row 2026-05-11T05:22:15.723Z
[2026-05-11T05:23:50.107Z] [SyncDiag] RECEIVE-PUSH STALE SKIP: vessel_certificate_data.expiryDate row=03323531-cbd2-4811-ae32-9417385a109e — log 2026-05-11T05:22:02.414Z < row 2026-05-11T05:22:15.723Z
[2026-05-11T05:23:50.108Z] [SyncDiag] RECEIVE-PUSH STALE SKIP: vessel_certificate_data.lastAnnual row=03323531-cbd2-4811-ae32-9417385a109e — log 2026-05-11T05:22:10.108Z < row 2026-05-11T05:22:15.723Z
[2026-05-11T05:23:50.130Z] [SyncDiag] RECEIVE-PUSH STALE SKIP: vessel_certificate_data.id row=7160cc22-bc26-446c-9934-b33385689c4f — log 2026-05-11T05:22:21.376Z < row 2026-05-11T05:22:52.284Z
[2026-05-11T05:23:50.131Z] [SyncDiag] RECEIVE-PUSH STALE SKIP: vessel_certificate_data.vcduuid row=7160cc22-bc26-446c-9934-b33385689c4f — log 2026-05-11T05:22:21.376Z < row 2026-05-11T05:22:52.284Z
[2026-05-11T05:23:50.132Z] [SyncDiag] RECEIVE-PUSH STALE SKIP: vessel_certificate_data.vesselId row=7160cc22-bc26-446c-9934-b33385689c4f — log 2026-05-11T05:22:21.376Z < row 2026-05-11T05:22:52.284Z
[2026-05-11T05:23:50.133Z] [SyncDiag] RECEIVE-PUSH STALE SKIP: vessel_certificate_data.vesselName row=7160cc22-bc26-446c-9934-b33385689c4f — log 2026-05-11T05:22:21.376Z < row 2026-05-11T05:22:52.284Z
[2026-05-11T05:23:50.134Z] [SyncDiag] RECEIVE-PUSH STALE SKIP: vessel_certificate_data.masterId row=7160cc22-bc26-446c-9934-b33385689c4f — log 2026-05-11T05:22:21.376Z < row 2026-05-11T05:22:52.284Z
[2026-05-11T05:23:50.135Z] [SyncDiag] RECEIVE-PUSH STALE SKIP: vessel_certificate_data.issueDate row=7160cc22-bc26-446c-9934-b33385689c4f — log 2026-05-11T05:22:21.376Z < row 2026-05-11T05:22:52.284Z
[2026-05-11T05:23:50.136Z] [SyncDiag] RECEIVE-PUSH STALE SKIP: vessel_certificate_data.lastEditUpload row=7160cc22-bc26-446c-9934-b33385689c4f — log 2026-05-11T05:22:21.376Z < row 2026-05-11T05:22:52.284Z
[2026-05-11T05:23:50.137Z] [SyncDiag] RECEIVE-PUSH STALE SKIP: vessel_certificate_data.attachments row=7160cc22-bc26-446c-9934-b33385689c4f — log 2026-05-11T05:22:21.376Z < row 2026-05-11T05:22:52.284Z
[2026-05-11T05:23:50.138Z] [SyncDiag] RECEIVE-PUSH STALE SKIP: vessel_certificate_data.sortOrder row=7160cc22-bc26-446c-9934-b33385689c4f — log 2026-05-11T05:22:21.376Z < row 2026-05-11T05:22:52.284Z
[2026-05-11T05:23:50.138Z] [SyncDiag] RECEIVE-PUSH STALE SKIP: vessel_certificate_data.isDeleted row=7160cc22-bc26-446c-9934-b33385689c4f — log 2026-05-11T05:22:21.376Z < row 2026-05-11T05:22:52.284Z
[2026-05-11T05:23:50.139Z] [SyncDiag] RECEIVE-PUSH STALE SKIP: vessel_certificate_data.expiryDate row=7160cc22-bc26-446c-9934-b33385689c4f — log 2026-05-11T05:22:25.936Z < row 2026-05-11T05:22:52.284Z
[2026-05-11T05:23:50.141Z] [SyncDiag] RECEIVE-PUSH STALE SKIP: vessel_certificate_data.lastAnnual row=7160cc22-bc26-446c-9934-b33385689c4f — log 2026-05-11T05:22:34.985Z < row 2026-05-11T05:22:52.284Z
[2026-05-11T05:23:50.142Z] [SyncDiag] RECEIVE-PUSH STALE SKIP: vessel_certificate_data.lastInterm row=7160cc22-bc26-446c-9934-b33385689c4f — log 2026-05-11T05:22:39.555Z < row 2026-05-11T05:22:52.284Z
[2026-05-11T05:23:50.142Z] [SyncDiag] RECEIVE-PUSH STALE SKIP: vessel_certificate_data.attachments row=7160cc22-bc26-446c-9934-b33385689c4f — log 2026-05-11T05:22:46.557Z < row 2026-05-11T05:22:52.284Z
[2026-05-11T05:23:50.157Z] [SyncDiag] RECEIVE-PUSH DONE: stored=28, applied=2, errors=0, oneWayTables=0
[2026-05-11T05:23:50.160Z] [SyncDiag] PREPARE-PULL START: vessel=7446783c-841a-11ed-aa7c-7003bca91a86, vesselCode=null, checkpoint=2026-05-11T05:20:15.797Z
[2026-05-11T05:23:50.456Z] [SyncDiag] PREPARE-PULL FIELD LOGS: 0 shore logs for vessel
[2026-05-11T05:23:50.583Z] [SyncDiag] PREPARE-PULL DONE: 0 one-way rows across 0 tables, 0 field logs, 0 conflicts
[2026-05-11T05:23:50.584Z] [SyncDiag] PULL RECEIVED: 0 one-way table batches, 0 field logs
[2026-05-11T05:23:50.779Z] [SyncDiag] SYNC COMPLETE: checkpoint=2026-05-11T05:23:50.586Z
[2026-05-11T05:23:50.783Z] [SyncDiag] PUSH DONE: marked 28 field logs as synced locally
[2026-05-11T05:23:50.788Z] [SyncDiag] FILE-SYNC START: 0 pending files for vessel=7446783c-841a-11ed-aa7c-7003bca91a86, direction=shore_to_ship
[2026-05-11T05:23:50.789Z] [SyncDiag] FILE-SYNC DONE: processed=0, failed=0, bytes=0
[2026-05-11T05:23:50.789Z] [SyncDiag] === SYNC END === vessel=7446783c-841a-11ed-aa7c-7003bca91a86, duration=930ms, status=success, pushed=28, pulled=0, conflicts=0, files=0+0
[2026-05-11T05:24:53.015Z] [SyncDiag] RECEIVE-PUSH START: batch=ae4ebb6b-872b-4dee-a48a-e70b8a0f0ce5, vessel=7446783c-841a-11ed-aa7c-7003bca91a86, fieldLogs=0, oneWayRows=0
[2026-05-11T05:24:53.021Z] [SyncDiag] RECEIVE-PUSH DONE: stored=0, applied=0, errors=0, oneWayTables=0
[2026-05-11T05:24:53.028Z] [SyncDiag] PREPARE-PULL START: vessel=7446783c-841a-11ed-aa7c-7003bca91a86, vesselCode=null, checkpoint=2026-05-04T11:18:08.589Z
[2026-05-11T05:24:53.327Z] [SyncDiag] PREPARE-PULL FIELD LOGS: 0 shore logs for vessel
[2026-05-11T05:24:53.409Z] [SyncDiag] PREPARE-PULL DONE: 329 one-way rows across 10 tables, 0 field logs, 0 conflicts
[2026-05-11T05:24:53.410Z] [SyncDiag] PREPARE-PULL ONE-WAY: components — 12 rows
[2026-05-11T05:24:53.410Z] [SyncDiag] PREPARE-PULL ONE-WAY: jobs — 2 rows
[2026-05-11T05:24:53.410Z] [SyncDiag] PREPARE-PULL ONE-WAY: fleet_groups — 13 rows
[2026-05-11T05:24:53.411Z] [SyncDiag] PREPARE-PULL ONE-WAY: maker_list — 2 rows
[2026-05-11T05:24:53.411Z] [SyncDiag] PREPARE-PULL ONE-WAY: master_lists — 6 rows
[2026-05-11T05:24:53.412Z] [SyncDiag] PREPARE-PULL ONE-WAY: pms_vessel_settings — 1 rows
[2026-05-11T05:24:53.412Z] [SyncDiag] PREPARE-PULL ONE-WAY: ship_certificates_master — 129 rows
[2026-05-11T05:24:53.412Z] [SyncDiag] PREPARE-PULL ONE-WAY: ship_surveys_master — 58 rows
[2026-05-11T05:24:53.413Z] [SyncDiag] PREPARE-PULL ONE-WAY: vessel_certificate_applicability — 71 rows
[2026-05-11T05:24:53.413Z] [SyncDiag] PREPARE-PULL ONE-WAY: vessel_survey_applicability — 35 rows
[2026-05-11T05:29:57.852Z] [SyncDiag] RECEIVE-PUSH START: batch=b5875205-3196-4d3a-943a-c069c90ce39f, vessel=7446783c-841a-11ed-aa7c-7003bca91a86, fieldLogs=28, oneWayRows=0
[2026-05-11T05:29:57.947Z] [SyncDiag] RECEIVE-PUSH: 28 field logs stored in sync_field_log
[2026-05-11T05:29:57.948Z] [SyncDiag] SYNC-APPLY TRIGGER BYPASS active for batch=b5875205-3196-4d3a-943a-c069c90ce39f
[2026-05-11T05:29:57.948Z] [SyncDiag] FIELD-LOG-INSERT START: 28 logs
[2026-05-11T05:29:57.949Z] [SyncDiag] FIELD-LOG-INSERT: 2 groups from 28 logs
[2026-05-11T05:29:57.980Z] [SyncDiag] FIELD-LOG-INSERT OK: vessel_survey_data row=26e79315-75a2-4922-8f4a-039ab1e9e35b (14 columns)
[2026-05-11T05:29:57.981Z] [SyncDiag] FIELD-LOG-INSERT DONE: inserted=1, updatePassthrough=15, errors=0
[2026-05-11T05:29:58.007Z] [SyncDiag] RECEIVE-PUSH DONE: stored=28, applied=16, errors=0, oneWayTables=0
[2026-05-11T05:29:58.017Z] [SyncDiag] PREPARE-PULL START: vessel=7446783c-841a-11ed-aa7c-7003bca91a86, vesselCode=null, checkpoint=2026-05-04T11:18:08.589Z
[2026-05-11T05:29:58.384Z] [SyncDiag] PREPARE-PULL FIELD LOGS: 0 shore logs for vessel
[2026-05-11T05:29:58.477Z] [SyncDiag] PREPARE-PULL DONE: 329 one-way rows across 10 tables, 0 field logs, 0 conflicts
[2026-05-11T05:29:58.478Z] [SyncDiag] PREPARE-PULL ONE-WAY: components — 12 rows
[2026-05-11T05:29:58.478Z] [SyncDiag] PREPARE-PULL ONE-WAY: jobs — 2 rows
[2026-05-11T05:29:58.478Z] [SyncDiag] PREPARE-PULL ONE-WAY: fleet_groups — 13 rows
[2026-05-11T05:29:58.479Z] [SyncDiag] PREPARE-PULL ONE-WAY: maker_list — 2 rows
[2026-05-11T05:29:58.479Z] [SyncDiag] PREPARE-PULL ONE-WAY: master_lists — 6 rows
[2026-05-11T05:29:58.479Z] [SyncDiag] PREPARE-PULL ONE-WAY: pms_vessel_settings — 1 rows
[2026-05-11T05:29:58.480Z] [SyncDiag] PREPARE-PULL ONE-WAY: ship_certificates_master — 129 rows
[2026-05-11T05:29:58.480Z] [SyncDiag] PREPARE-PULL ONE-WAY: ship_surveys_master — 58 rows
[2026-05-11T05:29:58.481Z] [SyncDiag] PREPARE-PULL ONE-WAY: vessel_certificate_applicability — 71 rows
[2026-05-11T05:29:58.481Z] [SyncDiag] PREPARE-PULL ONE-WAY: vessel_survey_applicability — 35 rows
[2026-05-11T05:31:09.228Z] [SyncDiag] === SYNC START === vessel=7446783c-841a-11ed-aa7c-7003bca91a86, instance=SHORE-PROD, mode=LOCAL
[2026-05-11T05:31:09.243Z] [SyncDiag] PUSH START: gathering field logs for vessel=7446783c-841a-11ed-aa7c-7003bca91a86, vesselCode=null
[2026-05-11T05:31:09.362Z] [SyncDiag] PUSH: found 0 unsynced field logs
[2026-05-11T05:31:09.363Z] [SyncDiag] RECEIVE-PUSH START: batch=33177368-aabd-4b25-a8f4-7c1970c1fc5c, vessel=7446783c-841a-11ed-aa7c-7003bca91a86, fieldLogs=0, oneWayRows=0
[2026-05-11T05:31:09.372Z] [SyncDiag] RECEIVE-PUSH DONE: stored=0, applied=0, errors=0, oneWayTables=0
[2026-05-11T05:31:09.375Z] [SyncDiag] PREPARE-PULL START: vessel=7446783c-841a-11ed-aa7c-7003bca91a86, vesselCode=null, checkpoint=2026-05-11T05:23:50.586Z
[2026-05-11T05:31:09.507Z] [SyncDiag] PREPARE-PULL FIELD LOGS: 0 shore logs for vessel
[2026-05-11T05:31:09.628Z] [SyncDiag] PREPARE-PULL DONE: 0 one-way rows across 0 tables, 0 field logs, 0 conflicts
[2026-05-11T05:31:09.629Z] [SyncDiag] PULL RECEIVED: 0 one-way table batches, 0 field logs
[2026-05-11T05:31:09.911Z] [SyncDiag] SYNC COMPLETE: checkpoint=2026-05-11T05:31:09.631Z
[2026-05-11T05:31:09.917Z] [SyncDiag] FILE-SYNC START: 0 pending files for vessel=7446783c-841a-11ed-aa7c-7003bca91a86, direction=shore_to_ship
[2026-05-11T05:31:09.917Z] [SyncDiag] FILE-SYNC DONE: processed=0, failed=0, bytes=0
[2026-05-11T05:31:09.918Z] [SyncDiag] === SYNC END === vessel=7446783c-841a-11ed-aa7c-7003bca91a86, duration=691ms, status=success, pushed=0, pulled=0, conflicts=0, files=0+0
[2026-05-11T06:04:50.663Z] [SyncDiag] RECEIVE-PUSH START: batch=1a7690b7-68f3-4497-8ace-0c6e3cc0eb23, vessel=7446783c-841a-11ed-aa7c-7003bca91a86, fieldLogs=28, oneWayRows=0
[2026-05-11T06:04:50.837Z] [SyncDiag] RECEIVE-PUSH: 28 field logs stored in sync_field_log
[2026-05-11T06:04:50.840Z] [SyncDiag] SYNC-APPLY TRIGGER BYPASS active for batch=1a7690b7-68f3-4497-8ace-0c6e3cc0eb23
[2026-05-11T06:04:50.840Z] [SyncDiag] FIELD-LOG-INSERT START: 28 logs
[2026-05-11T06:04:50.841Z] [SyncDiag] FIELD-LOG-INSERT: 2 groups from 28 logs
[2026-05-11T06:04:50.851Z] [SyncDiag] FIELD-LOG-INSERT OK: vessel_certificate_data row=d71e5d61-5c7f-4346-a8ea-62c6a2d5a40b (14 columns)
[2026-05-11T06:04:50.852Z] [SyncDiag] FIELD-LOG-INSERT DONE: inserted=1, updatePassthrough=15, errors=0
[2026-05-11T06:04:50.882Z] [SyncDiag] RECEIVE-PUSH DONE: stored=28, applied=16, errors=0, oneWayTables=0
[2026-05-11T06:04:52.920Z] [SyncDiag] PREPARE-PULL START: vessel=7446783c-841a-11ed-aa7c-7003bca91a86, vesselCode=null, checkpoint=2026-05-04T11:18:08.589Z
[2026-05-11T06:04:54.809Z] [SyncDiag] PREPARE-PULL FIELD LOGS: 0 shore logs for vessel
[2026-05-11T06:04:55.356Z] [SyncDiag] PREPARE-PULL DONE: 329 one-way rows across 10 tables, 0 field logs, 0 conflicts
[2026-05-11T06:04:55.356Z] [SyncDiag] PREPARE-PULL ONE-WAY: components — 12 rows
[2026-05-11T06:04:55.357Z] [SyncDiag] PREPARE-PULL ONE-WAY: jobs — 2 rows
[2026-05-11T06:04:55.357Z] [SyncDiag] PREPARE-PULL ONE-WAY: fleet_groups — 13 rows
[2026-05-11T06:04:55.358Z] [SyncDiag] PREPARE-PULL ONE-WAY: maker_list — 2 rows
[2026-05-11T06:04:55.358Z] [SyncDiag] PREPARE-PULL ONE-WAY: master_lists — 6 rows
[2026-05-11T06:04:55.358Z] [SyncDiag] PREPARE-PULL ONE-WAY: pms_vessel_settings — 1 rows
[2026-05-11T06:04:55.359Z] [SyncDiag] PREPARE-PULL ONE-WAY: ship_certificates_master — 129 rows
[2026-05-11T06:04:55.359Z] [SyncDiag] PREPARE-PULL ONE-WAY: ship_surveys_master — 58 rows
[2026-05-11T06:04:55.359Z] [SyncDiag] PREPARE-PULL ONE-WAY: vessel_certificate_applicability — 71 rows
[2026-05-11T06:04:55.360Z] [SyncDiag] PREPARE-PULL ONE-WAY: vessel_survey_applicability — 35 rows
[2026-05-11T06:05:59.261Z] [SyncDiag] === SYNC START === vessel=7446783c-841a-11ed-aa7c-7003bca91a86, instance=SHORE-PROD, mode=LOCAL
[2026-05-11T06:05:59.573Z] [SyncDiag] PUSH START: gathering field logs for vessel=7446783c-841a-11ed-aa7c-7003bca91a86, vesselCode=null
[2026-05-11T06:05:59.997Z] [SyncDiag] PUSH: found 0 unsynced field logs
[2026-05-11T06:05:59.998Z] [SyncDiag] RECEIVE-PUSH START: batch=b3f61bdb-d1d2-4f80-89de-4279a1f74fee, vessel=7446783c-841a-11ed-aa7c-7003bca91a86, fieldLogs=0, oneWayRows=0
[2026-05-11T06:06:00.024Z] [SyncDiag] RECEIVE-PUSH DONE: stored=0, applied=0, errors=0, oneWayTables=0
[2026-05-11T06:06:00.030Z] [SyncDiag] PREPARE-PULL START: vessel=7446783c-841a-11ed-aa7c-7003bca91a86, vesselCode=null, checkpoint=2026-05-11T05:31:09.631Z
[2026-05-11T06:06:00.450Z] [SyncDiag] PREPARE-PULL FIELD LOGS: 0 shore logs for vessel
[2026-05-11T06:06:00.576Z] [SyncDiag] PREPARE-PULL DONE: 0 one-way rows across 0 tables, 0 field logs, 0 conflicts
[2026-05-11T06:06:00.577Z] [SyncDiag] PULL RECEIVED: 0 one-way table batches, 0 field logs
[2026-05-11T06:06:00.713Z] [SyncDiag] SYNC COMPLETE: checkpoint=2026-05-11T06:06:00.579Z
[2026-05-11T06:06:00.719Z] [SyncDiag] FILE-SYNC START: 0 pending files for vessel=7446783c-841a-11ed-aa7c-7003bca91a86, direction=shore_to_ship
[2026-05-11T06:06:00.720Z] [SyncDiag] FILE-SYNC DONE: processed=0, failed=0, bytes=0
[2026-05-11T06:06:00.720Z] [SyncDiag] === SYNC END === vessel=7446783c-841a-11ed-aa7c-7003bca91a86, duration=1459ms, status=success, pushed=0, pulled=0, conflicts=0, files=0+0
[2026-05-11T06:11:50.871Z] [SyncDiag] RECEIVE-PUSH START: batch=17ca6d47-325b-4543-a1e0-6aa935d6137f, vessel=7446783c-841a-11ed-aa7c-7003bca91a86, fieldLogs=0, oneWayRows=0
[2026-05-11T06:11:50.875Z] [SyncDiag] RECEIVE-PUSH DONE: stored=0, applied=0, errors=0, oneWayTables=0
[2026-05-11T06:11:52.902Z] [SyncDiag] PREPARE-PULL START: vessel=7446783c-841a-11ed-aa7c-7003bca91a86, vesselCode=null, checkpoint=2026-05-04T11:18:08.589Z
[2026-05-11T06:11:53.234Z] [SyncDiag] PREPARE-PULL FIELD LOGS: 0 shore logs for vessel
[2026-05-11T06:11:53.317Z] [SyncDiag] PREPARE-PULL DONE: 329 one-way rows across 10 tables, 0 field logs, 0 conflicts
[2026-05-11T06:11:53.317Z] [SyncDiag] PREPARE-PULL ONE-WAY: components — 12 rows
[2026-05-11T06:11:53.318Z] [SyncDiag] PREPARE-PULL ONE-WAY: jobs — 2 rows
[2026-05-11T06:11:53.318Z] [SyncDiag] PREPARE-PULL ONE-WAY: fleet_groups — 13 rows
[2026-05-11T06:11:53.319Z] [SyncDiag] PREPARE-PULL ONE-WAY: maker_list — 2 rows
[2026-05-11T06:11:53.319Z] [SyncDiag] PREPARE-PULL ONE-WAY: master_lists — 6 rows
[2026-05-11T06:11:53.319Z] [SyncDiag] PREPARE-PULL ONE-WAY: pms_vessel_settings — 1 rows
[2026-05-11T06:11:53.320Z] [SyncDiag] PREPARE-PULL ONE-WAY: ship_certificates_master — 129 rows
[2026-05-11T06:11:53.320Z] [SyncDiag] PREPARE-PULL ONE-WAY: ship_surveys_master — 58 rows
[2026-05-11T06:11:53.320Z] [SyncDiag] PREPARE-PULL ONE-WAY: vessel_certificate_applicability — 71 rows
[2026-05-11T06:11:53.321Z] [SyncDiag] PREPARE-PULL ONE-WAY: vessel_survey_applicability — 35 rows
[2026-05-11T06:12:22.464Z] [SyncDiag] === SYNC START === vessel=7446783c-841a-11ed-aa7c-7003bca91a86, instance=SHORE-PROD, mode=LOCAL
[2026-05-11T06:12:22.478Z] [SyncDiag] PUSH START: gathering field logs for vessel=7446783c-841a-11ed-aa7c-7003bca91a86, vesselCode=null
[2026-05-11T06:12:22.559Z] [SyncDiag] PUSH: found 0 unsynced field logs
[2026-05-11T06:12:22.560Z] [SyncDiag] RECEIVE-PUSH START: batch=630d8793-e446-4878-b168-80478128189e, vessel=7446783c-841a-11ed-aa7c-7003bca91a86, fieldLogs=0, oneWayRows=0
[2026-05-11T06:12:22.564Z] [SyncDiag] RECEIVE-PUSH DONE: stored=0, applied=0, errors=0, oneWayTables=0
[2026-05-11T06:12:22.566Z] [SyncDiag] PREPARE-PULL START: vessel=7446783c-841a-11ed-aa7c-7003bca91a86, vesselCode=null, checkpoint=2026-05-11T06:06:00.579Z
[2026-05-11T06:12:22.742Z] [SyncDiag] PREPARE-PULL FIELD LOGS: 0 shore logs for vessel
[2026-05-11T06:12:22.864Z] [SyncDiag] PREPARE-PULL DONE: 0 one-way rows across 0 tables, 0 field logs, 0 conflicts
[2026-05-11T06:12:22.865Z] [SyncDiag] PULL RECEIVED: 0 one-way table batches, 0 field logs
[2026-05-11T06:12:23.146Z] [SyncDiag] SYNC COMPLETE: checkpoint=2026-05-11T06:12:22.868Z
[2026-05-11T06:12:23.151Z] [SyncDiag] FILE-SYNC START: 0 pending files for vessel=7446783c-841a-11ed-aa7c-7003bca91a86, direction=shore_to_ship
[2026-05-11T06:12:23.151Z] [SyncDiag] FILE-SYNC DONE: processed=0, failed=0, bytes=0
[2026-05-11T06:12:23.152Z] [SyncDiag] === SYNC END === vessel=7446783c-841a-11ed-aa7c-7003bca91a86, duration=688ms, status=success, pushed=0, pulled=0, conflicts=0, files=0+0
[2026-05-11T06:16:17.496Z] [SyncDiag] RECEIVE-PUSH START: batch=60bcab1f-e78e-4529-8030-b5245b4a85ee, vessel=7446783c-841a-11ed-aa7c-7003bca91a86, fieldLogs=0, oneWayRows=0
[2026-05-11T06:16:17.501Z] [SyncDiag] RECEIVE-PUSH DONE: stored=0, applied=0, errors=0, oneWayTables=0
[2026-05-11T06:16:19.524Z] [SyncDiag] PREPARE-PULL START: vessel=7446783c-841a-11ed-aa7c-7003bca91a86, vesselCode=null, checkpoint=2026-05-04T11:18:08.589Z
[2026-05-11T06:16:19.823Z] [SyncDiag] PREPARE-PULL FIELD LOGS: 0 shore logs for vessel
[2026-05-11T06:16:19.906Z] [SyncDiag] PREPARE-PULL DONE: 329 one-way rows across 10 tables, 0 field logs, 0 conflicts
[2026-05-11T06:16:19.907Z] [SyncDiag] PREPARE-PULL ONE-WAY: components — 12 rows
[2026-05-11T06:16:19.907Z] [SyncDiag] PREPARE-PULL ONE-WAY: jobs — 2 rows
[2026-05-11T06:16:19.908Z] [SyncDiag] PREPARE-PULL ONE-WAY: fleet_groups — 13 rows
[2026-05-11T06:16:19.908Z] [SyncDiag] PREPARE-PULL ONE-WAY: maker_list — 2 rows
[2026-05-11T06:16:19.908Z] [SyncDiag] PREPARE-PULL ONE-WAY: master_lists — 6 rows
[2026-05-11T06:16:19.909Z] [SyncDiag] PREPARE-PULL ONE-WAY: pms_vessel_settings — 1 rows
[2026-05-11T06:16:19.909Z] [SyncDiag] PREPARE-PULL ONE-WAY: ship_certificates_master — 129 rows
[2026-05-11T06:16:19.909Z] [SyncDiag] PREPARE-PULL ONE-WAY: ship_surveys_master — 58 rows
[2026-05-11T06:16:19.910Z] [SyncDiag] PREPARE-PULL ONE-WAY: vessel_certificate_applicability — 71 rows
[2026-05-11T06:16:19.910Z] [SyncDiag] PREPARE-PULL ONE-WAY: vessel_survey_applicability — 35 rows
[2026-05-11T06:17:43.658Z] [SyncDiag] === SYNC START === vessel=7446783c-841a-11ed-aa7c-7003bca91a86, instance=SHORE-PROD, mode=LOCAL
[2026-05-11T06:17:43.671Z] [SyncDiag] PUSH START: gathering field logs for vessel=7446783c-841a-11ed-aa7c-7003bca91a86, vesselCode=null
[2026-05-11T06:17:43.790Z] [SyncDiag] PUSH: found 0 unsynced field logs
[2026-05-11T06:17:43.791Z] [SyncDiag] RECEIVE-PUSH START: batch=0a87cd3c-4449-42b8-b6d5-bc795bb3a7b0, vessel=7446783c-841a-11ed-aa7c-7003bca91a86, fieldLogs=0, oneWayRows=0
[2026-05-11T06:17:43.799Z] [SyncDiag] RECEIVE-PUSH DONE: stored=0, applied=0, errors=0, oneWayTables=0
[2026-05-11T06:17:43.802Z] [SyncDiag] PREPARE-PULL START: vessel=7446783c-841a-11ed-aa7c-7003bca91a86, vesselCode=null, checkpoint=2026-05-11T06:12:22.868Z
[2026-05-11T06:17:43.897Z] [SyncDiag] PREPARE-PULL FIELD LOGS: 0 shore logs for vessel
[2026-05-11T06:17:44.015Z] [SyncDiag] PREPARE-PULL DONE: 0 one-way rows across 0 tables, 0 field logs, 0 conflicts
[2026-05-11T06:17:44.016Z] [SyncDiag] PULL RECEIVED: 0 one-way table batches, 0 field logs
[2026-05-11T06:17:44.191Z] [SyncDiag] SYNC COMPLETE: checkpoint=2026-05-11T06:17:44.018Z
[2026-05-11T06:17:44.196Z] [SyncDiag] FILE-SYNC START: 0 pending files for vessel=7446783c-841a-11ed-aa7c-7003bca91a86, direction=shore_to_ship
[2026-05-11T06:17:44.197Z] [SyncDiag] FILE-SYNC DONE: processed=0, failed=0, bytes=0
[2026-05-11T06:17:44.197Z] [SyncDiag] === SYNC END === vessel=7446783c-841a-11ed-aa7c-7003bca91a86, duration=539ms, status=success, pushed=0, pulled=0, conflicts=0, files=0+0
[2026-05-11T06:20:52.660Z] [SyncDiag] === SYNC START === vessel=7446783c-841a-11ed-aa7c-7003bca91a86, instance=SHORE-PROD, mode=LOCAL
[2026-05-11T06:20:52.675Z] [SyncDiag] PUSH START: gathering field logs for vessel=7446783c-841a-11ed-aa7c-7003bca91a86, vesselCode=null
[2026-05-11T06:20:52.880Z] [SyncDiag] PUSH: found 0 unsynced field logs
[2026-05-11T06:20:52.881Z] [SyncDiag] RECEIVE-PUSH START: batch=0616311a-2da8-4948-9bbe-57b02d418b46, vessel=7446783c-841a-11ed-aa7c-7003bca91a86, fieldLogs=0, oneWayRows=0
[2026-05-11T06:20:52.888Z] [SyncDiag] RECEIVE-PUSH DONE: stored=0, applied=0, errors=0, oneWayTables=0
[2026-05-11T06:20:52.891Z] [SyncDiag] PREPARE-PULL START: vessel=7446783c-841a-11ed-aa7c-7003bca91a86, vesselCode=null, checkpoint=2026-05-11T06:17:44.018Z
[2026-05-11T06:20:53.048Z] [SyncDiag] PREPARE-PULL FIELD LOGS: 0 shore logs for vessel
[2026-05-11T06:20:53.228Z] [SyncDiag] PREPARE-PULL DONE: 136 one-way rows across 2 tables, 0 field logs, 0 conflicts
[2026-05-11T06:20:53.229Z] [SyncDiag] PREPARE-PULL ONE-WAY: ship_certificates_master — 127 rows
[2026-05-11T06:20:53.229Z] [SyncDiag] PREPARE-PULL ONE-WAY: vessel_certificate_applicability — 9 rows
[2026-05-11T06:20:53.230Z] [SyncDiag] PULL RECEIVED: 2 one-way table batches, 0 field logs
[2026-05-11T06:20:53.230Z] [SyncDiag] PULL one-way tables: {"ship_certificates_master":127,"vessel_certificate_applicability":9}
[2026-05-11T06:20:53.231Z] [SyncDiag] ONE-WAY-APPLY START: ship_certificates_master — 127 rows
[2026-05-11T06:20:53.513Z] [SyncDiag] ONE-WAY-APPLY DONE: ship_certificates_master — inserted=0, updated=127, deleted=0, errors=0
[2026-05-11T06:20:53.520Z] [SyncDiag] PULL ONE-WAY: ship_certificates_master — inserted=0, updated=127, deleted=0, errors=0
[2026-05-11T06:20:53.520Z] [SyncDiag] ONE-WAY-APPLY START: vessel_certificate_applicability — 9 rows
[2026-05-11T06:20:53.543Z] [SyncDiag] ONE-WAY-APPLY DONE: vessel_certificate_applicability — inserted=0, updated=9, deleted=0, errors=0
[2026-05-11T06:20:53.545Z] [SyncDiag] PULL ONE-WAY: vessel_certificate_applicability — inserted=0, updated=9, deleted=0, errors=0
[2026-05-11T06:20:53.726Z] [SyncDiag] SYNC COMPLETE: checkpoint=2026-05-11T06:20:53.547Z
[2026-05-11T06:20:53.731Z] [SyncDiag] FILE-SYNC START: 0 pending files for vessel=7446783c-841a-11ed-aa7c-7003bca91a86, direction=shore_to_ship
[2026-05-11T06:20:53.731Z] [SyncDiag] FILE-SYNC DONE: processed=0, failed=0, bytes=0
[2026-05-11T06:20:53.732Z] [SyncDiag] === SYNC END === vessel=7446783c-841a-11ed-aa7c-7003bca91a86, duration=1072ms, status=success, pushed=0, pulled=136, conflicts=0, files=0+0
[2026-05-11T06:22:27.320Z] [SyncDiag] RECEIVE-PUSH START: batch=01240c9d-aad1-4d68-afb2-6cb0315313d2, vessel=7446783c-841a-11ed-aa7c-7003bca91a86, fieldLogs=22, oneWayRows=0
[2026-05-11T06:22:27.355Z] [SyncDiag] RECEIVE-PUSH: 22 field logs stored in sync_field_log
[2026-05-11T06:22:27.356Z] [SyncDiag] SYNC-APPLY TRIGGER BYPASS active for batch=01240c9d-aad1-4d68-afb2-6cb0315313d2
[2026-05-11T06:22:27.356Z] [SyncDiag] FIELD-LOG-INSERT START: 22 logs
[2026-05-11T06:22:27.357Z] [SyncDiag] FIELD-LOG-INSERT: 3 groups from 22 logs
[2026-05-11T06:22:27.382Z] [SyncDiag] FIELD-LOG-INSERT OK: spares_history row=a31c414a-0044-43eb-b02d-e01140870e61 (20 columns)
[2026-05-11T06:22:27.383Z] [SyncDiag] FIELD-LOG-INSERT DONE: inserted=1, updatePassthrough=3, errors=0
[2026-05-11T06:22:27.395Z] [SyncDiag] RECEIVE-PUSH DONE: stored=22, applied=4, errors=0, oneWayTables=0
[2026-05-11T06:22:27.402Z] [SyncDiag] PREPARE-PULL START: vessel=7446783c-841a-11ed-aa7c-7003bca91a86, vesselCode=null, checkpoint=2026-05-04T11:18:08.589Z
[2026-05-11T06:22:27.695Z] [SyncDiag] PREPARE-PULL FIELD LOGS: 0 shore logs for vessel
[2026-05-11T06:22:27.777Z] [SyncDiag] PREPARE-PULL DONE: 341 one-way rows across 10 tables, 0 field logs, 0 conflicts
[2026-05-11T06:22:27.777Z] [SyncDiag] PREPARE-PULL ONE-WAY: components — 12 rows
[2026-05-11T06:22:27.778Z] [SyncDiag] PREPARE-PULL ONE-WAY: jobs — 2 rows
[2026-05-11T06:22:27.778Z] [SyncDiag] PREPARE-PULL ONE-WAY: fleet_groups — 13 rows
[2026-05-11T06:22:27.778Z] [SyncDiag] PREPARE-PULL ONE-WAY: maker_list — 2 rows
[2026-05-11T06:22:27.779Z] [SyncDiag] PREPARE-PULL ONE-WAY: master_lists — 6 rows
[2026-05-11T06:22:27.779Z] [SyncDiag] PREPARE-PULL ONE-WAY: pms_vessel_settings — 1 rows
[2026-05-11T06:22:27.779Z] [SyncDiag] PREPARE-PULL ONE-WAY: ship_certificates_master — 135 rows
[2026-05-11T06:22:27.780Z] [SyncDiag] PREPARE-PULL ONE-WAY: ship_surveys_master — 58 rows
[2026-05-11T06:22:27.780Z] [SyncDiag] PREPARE-PULL ONE-WAY: vessel_certificate_applicability — 77 rows
[2026-05-11T06:22:27.781Z] [SyncDiag] PREPARE-PULL ONE-WAY: vessel_survey_applicability — 35 rows
[2026-05-11T06:22:49.520Z] [SyncDiag] RECEIVE-PUSH START: batch=7b4b058a-6e6d-4317-8158-2a817694bcd6, vessel=7446783c-841a-11ed-aa7c-7003bca91a86, fieldLogs=15, oneWayRows=0
[2026-05-11T06:22:49.544Z] [SyncDiag] RECEIVE-PUSH: 15 field logs stored in sync_field_log
[2026-05-11T06:22:49.545Z] [SyncDiag] SYNC-APPLY TRIGGER BYPASS active for batch=7b4b058a-6e6d-4317-8158-2a817694bcd6
[2026-05-11T06:22:49.545Z] [SyncDiag] FIELD-LOG-INSERT START: 15 logs
[2026-05-11T06:22:49.545Z] [SyncDiag] FIELD-LOG-INSERT: 1 groups from 15 logs
[2026-05-11T06:22:49.579Z] [SyncDiag] FIELD-LOG-INSERT OK: change_request row=901233f5-8e0a-4256-80f8-f4255ac3f851 (16 columns)
[2026-05-11T06:22:49.580Z] [SyncDiag] FIELD-LOG-INSERT DONE: inserted=1, updatePassthrough=0, errors=0
[2026-05-11T06:22:49.584Z] [SyncDiag] RECEIVE-PUSH DONE: stored=15, applied=1, errors=0, oneWayTables=0
[2026-05-11T06:22:49.592Z] [SyncDiag] PREPARE-PULL START: vessel=7446783c-841a-11ed-aa7c-7003bca91a86, vesselCode=null, checkpoint=2026-05-04T11:18:08.589Z
[2026-05-11T06:22:49.882Z] [SyncDiag] PREPARE-PULL FIELD LOGS: 0 shore logs for vessel
[2026-05-11T06:22:49.964Z] [SyncDiag] PREPARE-PULL DONE: 341 one-way rows across 10 tables, 0 field logs, 0 conflicts
[2026-05-11T06:22:49.965Z] [SyncDiag] PREPARE-PULL ONE-WAY: components — 12 rows
[2026-05-11T06:22:49.965Z] [SyncDiag] PREPARE-PULL ONE-WAY: jobs — 2 rows
[2026-05-11T06:22:49.965Z] [SyncDiag] PREPARE-PULL ONE-WAY: fleet_groups — 13 rows
[2026-05-11T06:22:49.966Z] [SyncDiag] PREPARE-PULL ONE-WAY: maker_list — 2 rows
[2026-05-11T06:22:49.966Z] [SyncDiag] PREPARE-PULL ONE-WAY: master_lists — 6 rows
[2026-05-11T06:22:49.967Z] [SyncDiag] PREPARE-PULL ONE-WAY: pms_vessel_settings — 1 rows
[2026-05-11T06:22:49.967Z] [SyncDiag] PREPARE-PULL ONE-WAY: ship_certificates_master — 135 rows
[2026-05-11T06:22:49.967Z] [SyncDiag] PREPARE-PULL ONE-WAY: ship_surveys_master — 58 rows
[2026-05-11T06:22:49.968Z] [SyncDiag] PREPARE-PULL ONE-WAY: vessel_certificate_applicability — 77 rows
[2026-05-11T06:22:49.968Z] [SyncDiag] PREPARE-PULL ONE-WAY: vessel_survey_applicability — 35 rows
[2026-05-11T06:33:09.340Z] [SyncDiag] === SYNC START === vessel=7446783c-841a-11ed-aa7c-7003bca91a86, instance=SHORE-PROD, mode=LOCAL
[2026-05-11T06:33:09.442Z] [SyncDiag] PUSH START: gathering field logs for vessel=7446783c-841a-11ed-aa7c-7003bca91a86, vesselCode=null
[2026-05-11T06:33:14.951Z] [SyncDiag] PUSH: found 0 unsynced field logs
[2026-05-11T06:33:14.952Z] [SyncDiag] RECEIVE-PUSH START: batch=c5663e30-deb7-4e20-9f54-a4274cbf5327, vessel=7446783c-841a-11ed-aa7c-7003bca91a86, fieldLogs=0, oneWayRows=0
[2026-05-11T06:33:14.982Z] [SyncDiag] RECEIVE-PUSH DONE: stored=0, applied=0, errors=0, oneWayTables=0
[2026-05-11T06:33:15.019Z] [SyncDiag] PREPARE-PULL START: vessel=7446783c-841a-11ed-aa7c-7003bca91a86, vesselCode=null, checkpoint=2026-05-11T06:20:53.547Z
[2026-05-11T06:33:15.840Z] [SyncDiag] PREPARE-PULL FIELD LOGS: 0 shore logs for vessel
[2026-05-11T06:33:16.109Z] [SyncDiag] PREPARE-PULL DONE: 59 one-way rows across 2 tables, 0 field logs, 0 conflicts
[2026-05-11T06:33:16.110Z] [SyncDiag] PREPARE-PULL ONE-WAY: ship_surveys_master — 53 rows
[2026-05-11T06:33:16.110Z] [SyncDiag] PREPARE-PULL ONE-WAY: vessel_survey_applicability — 6 rows
[2026-05-11T06:33:16.111Z] [SyncDiag] PULL RECEIVED: 2 one-way table batches, 0 field logs
[2026-05-11T06:33:16.112Z] [SyncDiag] PULL one-way tables: {"ship_surveys_master":53,"vessel_survey_applicability":6}
[2026-05-11T06:33:16.112Z] [SyncDiag] ONE-WAY-APPLY START: ship_surveys_master — 53 rows
[2026-05-11T06:33:16.280Z] [SyncDiag] ONE-WAY-APPLY DONE: ship_surveys_master — inserted=0, updated=53, deleted=0, errors=0
[2026-05-11T06:33:16.287Z] [SyncDiag] PULL ONE-WAY: ship_surveys_master — inserted=0, updated=53, deleted=0, errors=0
[2026-05-11T06:33:16.288Z] [SyncDiag] ONE-WAY-APPLY START: vessel_survey_applicability — 6 rows
[2026-05-11T06:33:16.314Z] [SyncDiag] ONE-WAY-APPLY ROW ERROR: vessel_survey_applicability row[2]: duplicate key value violates unique constraint "uniq_vessel_survey_applicability_live"
[2026-05-11T06:33:16.413Z] [SyncDiag] ONE-WAY-APPLY ROW ERROR: vessel_survey_applicability row[3]: duplicate key value violates unique constraint "uniq_vessel_survey_applicability_live"
[2026-05-11T06:33:16.422Z] [SyncDiag] ONE-WAY-APPLY DONE: vessel_survey_applicability — inserted=0, updated=4, deleted=0, errors=2
[2026-05-11T06:33:16.426Z] [SyncDiag] PULL ONE-WAY: vessel_survey_applicability — inserted=0, updated=4, deleted=0, errors=2
[2026-05-11T06:33:16.426Z] [SyncDiag] PULL ONE-WAY ERROR: vessel_survey_applicability[2]: duplicate key value violates unique constraint "uniq_vessel_survey_applicability_live"
[2026-05-11T06:33:16.426Z] [SyncDiag] PULL ONE-WAY ERROR: vessel_survey_applicability[3]: duplicate key value violates unique constraint "uniq_vessel_survey_applicability_live"
[2026-05-11T06:33:16.578Z] [SyncDiag] SYNC COMPLETE: checkpoint=2026-05-11T06:33:16.430Z
[2026-05-11T06:33:16.583Z] [SyncDiag] FILE-SYNC START: 0 pending files for vessel=7446783c-841a-11ed-aa7c-7003bca91a86, direction=shore_to_ship
[2026-05-11T06:33:16.584Z] [SyncDiag] FILE-SYNC DONE: processed=0, failed=0, bytes=0
[2026-05-11T06:33:16.586Z] [SyncDiag] === SYNC END === vessel=7446783c-841a-11ed-aa7c-7003bca91a86, duration=7246ms, status=success, pushed=0, pulled=57, conflicts=0, files=0+0
[2026-05-11T06:33:44.843Z] [SyncDiag] RECEIVE-PUSH START: batch=1fd6fbcc-45f2-4a88-9dd3-663d212cc222, vessel=7446783c-841a-11ed-aa7c-7003bca91a86, fieldLogs=0, oneWayRows=0
[2026-05-11T06:33:44.849Z] [SyncDiag] RECEIVE-PUSH DONE: stored=0, applied=0, errors=0, oneWayTables=0
[2026-05-11T06:33:46.903Z] [SyncDiag] PREPARE-PULL START: vessel=7446783c-841a-11ed-aa7c-7003bca91a86, vesselCode=null, checkpoint=2026-05-04T11:18:08.589Z
[2026-05-11T06:33:48.113Z] [SyncDiag] PREPARE-PULL FIELD LOGS: 0 shore logs for vessel
[2026-05-11T06:33:48.197Z] [SyncDiag] PREPARE-PULL DONE: 353 one-way rows across 10 tables, 0 field logs, 0 conflicts
[2026-05-11T06:33:48.197Z] [SyncDiag] PREPARE-PULL ONE-WAY: components — 12 rows
[2026-05-11T06:33:48.198Z] [SyncDiag] PREPARE-PULL ONE-WAY: jobs — 2 rows
[2026-05-11T06:33:48.198Z] [SyncDiag] PREPARE-PULL ONE-WAY: fleet_groups — 13 rows
[2026-05-11T06:33:48.198Z] [SyncDiag] PREPARE-PULL ONE-WAY: maker_list — 2 rows
[2026-05-11T06:33:48.199Z] [SyncDiag] PREPARE-PULL ONE-WAY: master_lists — 6 rows
[2026-05-11T06:33:48.199Z] [SyncDiag] PREPARE-PULL ONE-WAY: pms_vessel_settings — 1 rows
[2026-05-11T06:33:48.199Z] [SyncDiag] PREPARE-PULL ONE-WAY: ship_certificates_master — 135 rows
[2026-05-11T06:33:48.200Z] [SyncDiag] PREPARE-PULL ONE-WAY: ship_surveys_master — 64 rows
[2026-05-11T06:33:48.200Z] [SyncDiag] PREPARE-PULL ONE-WAY: vessel_certificate_applicability — 77 rows
[2026-05-11T06:33:48.201Z] [SyncDiag] PREPARE-PULL ONE-WAY: vessel_survey_applicability — 41 rows
[2026-05-11T06:37:51.087Z] [SyncDiag] RECEIVE-PUSH START: batch=3475d255-fd1b-4786-9692-1c5e49955163, vessel=7446783c-841a-11ed-aa7c-7003bca91a86, fieldLogs=62, oneWayRows=0
[2026-05-11T06:37:51.173Z] [SyncDiag] RECEIVE-PUSH: 62 field logs stored in sync_field_log
[2026-05-11T06:37:51.175Z] [SyncDiag] SYNC-APPLY TRIGGER BYPASS active for batch=3475d255-fd1b-4786-9692-1c5e49955163
[2026-05-11T06:37:51.176Z] [SyncDiag] FIELD-LOG-INSERT START: 62 logs
[2026-05-11T06:37:51.176Z] [SyncDiag] FIELD-LOG-INSERT: 2 groups from 62 logs
[2026-05-11T06:37:51.194Z] [SyncDiag] FIELD-LOG-INSERT DONE: inserted=0, updatePassthrough=1, errors=1
[2026-05-11T06:37:51.197Z] [SyncDiag] RECEIVE-PUSH DONE: stored=62, applied=0, errors=2, oneWayTables=0
[2026-05-11T06:37:51.205Z] [SyncDiag] PREPARE-PULL START: vessel=7446783c-841a-11ed-aa7c-7003bca91a86, vesselCode=null, checkpoint=2026-05-04T11:18:08.589Z
[2026-05-11T06:37:51.625Z] [SyncDiag] PREPARE-PULL FIELD LOGS: 0 shore logs for vessel
[2026-05-11T06:37:51.709Z] [SyncDiag] PREPARE-PULL DONE: 353 one-way rows across 10 tables, 0 field logs, 0 conflicts
[2026-05-11T06:37:51.709Z] [SyncDiag] PREPARE-PULL ONE-WAY: components — 12 rows
[2026-05-11T06:37:51.710Z] [SyncDiag] PREPARE-PULL ONE-WAY: jobs — 2 rows
[2026-05-11T06:37:51.710Z] [SyncDiag] PREPARE-PULL ONE-WAY: fleet_groups — 13 rows
[2026-05-11T06:37:51.710Z] [SyncDiag] PREPARE-PULL ONE-WAY: maker_list — 2 rows
[2026-05-11T06:37:51.711Z] [SyncDiag] PREPARE-PULL ONE-WAY: master_lists — 6 rows
[2026-05-11T06:37:51.711Z] [SyncDiag] PREPARE-PULL ONE-WAY: pms_vessel_settings — 1 rows
[2026-05-11T06:37:51.712Z] [SyncDiag] PREPARE-PULL ONE-WAY: ship_certificates_master — 135 rows
[2026-05-11T06:37:51.712Z] [SyncDiag] PREPARE-PULL ONE-WAY: ship_surveys_master — 64 rows
[2026-05-11T06:37:51.712Z] [SyncDiag] PREPARE-PULL ONE-WAY: vessel_certificate_applicability — 77 rows
[2026-05-11T06:37:51.713Z] [SyncDiag] PREPARE-PULL ONE-WAY: vessel_survey_applicability — 41 rows
[2026-05-11T06:38:28.088Z] [SyncDiag] === SYNC START === vessel=7446783c-841a-11ed-aa7c-7003bca91a86, instance=SHORE-PROD, mode=LOCAL
[2026-05-11T06:38:28.101Z] [SyncDiag] PUSH START: gathering field logs for vessel=7446783c-841a-11ed-aa7c-7003bca91a86, vesselCode=null
[2026-05-11T06:38:28.221Z] [SyncDiag] PUSH: found 0 unsynced field logs
[2026-05-11T06:38:28.221Z] [SyncDiag] RECEIVE-PUSH START: batch=9cc013d5-ec22-42b3-ab73-f57b7ebb2fb2, vessel=7446783c-841a-11ed-aa7c-7003bca91a86, fieldLogs=0, oneWayRows=0
[2026-05-11T06:38:28.227Z] [SyncDiag] RECEIVE-PUSH DONE: stored=0, applied=0, errors=0, oneWayTables=0
[2026-05-11T06:38:28.229Z] [SyncDiag] PREPARE-PULL START: vessel=7446783c-841a-11ed-aa7c-7003bca91a86, vesselCode=null, checkpoint=2026-05-11T06:33:16.430Z
[2026-05-11T06:38:28.409Z] [SyncDiag] PREPARE-PULL FIELD LOGS: 0 shore logs for vessel
[2026-05-11T06:38:28.530Z] [SyncDiag] PREPARE-PULL DONE: 0 one-way rows across 0 tables, 0 field logs, 0 conflicts
[2026-05-11T06:38:28.531Z] [SyncDiag] PULL RECEIVED: 0 one-way table batches, 0 field logs
[2026-05-11T06:38:28.710Z] [SyncDiag] SYNC COMPLETE: checkpoint=2026-05-11T06:38:28.532Z
[2026-05-11T06:38:28.715Z] [SyncDiag] FILE-SYNC START: 0 pending files for vessel=7446783c-841a-11ed-aa7c-7003bca91a86, direction=shore_to_ship
[2026-05-11T06:38:28.715Z] [SyncDiag] FILE-SYNC DONE: processed=0, failed=0, bytes=0
[2026-05-11T06:38:28.716Z] [SyncDiag] === SYNC END === vessel=7446783c-841a-11ed-aa7c-7003bca91a86, duration=628ms, status=success, pushed=0, pulled=0, conflicts=0, files=0+0
[2026-05-11T06:39:51.740Z] [SyncDiag] FIELD-LOGGER: defect_sequences row=4 — 1 fields changed, isInsert=false
[2026-05-11T06:39:51.897Z] [SyncDiag] FIELD-LOGGER: defects row=107cb58c-26a1-4124-8b12-591e5aeb20b5 — 62 fields changed, isInsert=true
[2026-05-11T06:40:03.922Z] [SyncDiag] === SYNC START === vessel=7446783c-841a-11ed-aa7c-7003bca91a86, instance=SHORE-PROD, mode=LOCAL
[2026-05-11T06:40:03.939Z] [SyncDiag] PUSH START: gathering field logs for vessel=7446783c-841a-11ed-aa7c-7003bca91a86, vesselCode=null
[2026-05-11T06:40:04.060Z] [SyncDiag] PUSH: found 63 unsynced field logs
[2026-05-11T06:40:04.060Z] [SyncDiag] PUSH table breakdown: {"defect_sequences":1,"defects":62}
[2026-05-11T06:40:04.061Z] [SyncDiag] PUSH sample[0]: table=defect_sequences, field=lastSequence, row=4, oldNull=false, newValue=37
[2026-05-11T06:40:04.061Z] [SyncDiag] PUSH sample[1]: table=defects, field=id, row=107cb58c-26a1-4124-8b12-591e5aeb20b5, oldNull=true, newValue=D005-26-0037
[2026-05-11T06:40:04.062Z] [SyncDiag] PUSH sample[2]: table=defects, field=duuid, row=107cb58c-26a1-4124-8b12-591e5aeb20b5, oldNull=true, newValue=107cb58c-26a1-4124-8b12-591e5aeb20b5
[2026-05-11T06:40:04.062Z] [SyncDiag] PUSH sample[3]: table=defects, field=vesselId, row=107cb58c-26a1-4124-8b12-591e5aeb20b5, oldNull=true, newValue=7446783c-841a-11ed-aa7c-7003bca91a86
[2026-05-11T06:40:04.062Z] [SyncDiag] PUSH sample[4]: table=defects, field=vesselName, row=107cb58c-26a1-4124-8b12-591e5aeb20b5, oldNull=true, newValue=Vessel 5
[2026-05-11T06:40:04.063Z] [SyncDiag] RECEIVE-PUSH START: batch=ba6e0964-f860-42ce-9744-d76bc7a401c6, vessel=7446783c-841a-11ed-aa7c-7003bca91a86, fieldLogs=63, oneWayRows=0
[2026-05-11T06:40:04.119Z] [SyncDiag] RECEIVE-PUSH: 63 field logs stored in sync_field_log
[2026-05-11T06:40:04.121Z] [SyncDiag] SYNC-APPLY TRIGGER BYPASS active for batch=ba6e0964-f860-42ce-9744-d76bc7a401c6
[2026-05-11T06:40:04.122Z] [SyncDiag] FIELD-LOG-INSERT START: 63 logs
[2026-05-11T06:40:04.122Z] [SyncDiag] FIELD-LOG-INSERT: 2 groups from 63 logs
[2026-05-11T06:40:04.124Z] [SyncDiag] FIELD-LOG-INSERT DONE: inserted=0, updatePassthrough=63, errors=0
[2026-05-11T06:40:04.128Z] [SyncDiag] RECEIVE-PUSH STALE SKIP: defects.id row=107cb58c-26a1-4124-8b12-591e5aeb20b5 — log 2026-05-11T06:39:51.751Z < row 2026-05-11T06:39:52.661Z
[2026-05-11T06:40:04.130Z] [SyncDiag] RECEIVE-PUSH STALE SKIP: defects.duuid row=107cb58c-26a1-4124-8b12-591e5aeb20b5 — log 2026-05-11T06:39:51.751Z < row 2026-05-11T06:39:52.661Z
[2026-05-11T06:40:04.132Z] [SyncDiag] RECEIVE-PUSH STALE SKIP: defects.vesselId row=107cb58c-26a1-4124-8b12-591e5aeb20b5 — log 2026-05-11T06:39:51.751Z < row 2026-05-11T06:39:52.661Z
[2026-05-11T06:40:04.134Z] [SyncDiag] RECEIVE-PUSH STALE SKIP: defects.vesselName row=107cb58c-26a1-4124-8b12-591e5aeb20b5 — log 2026-05-11T06:39:51.751Z < row 2026-05-11T06:39:52.661Z
[2026-05-11T06:40:04.137Z] [SyncDiag] RECEIVE-PUSH STALE SKIP: defects.issueDate row=107cb58c-26a1-4124-8b12-591e5aeb20b5 — log 2026-05-11T06:39:51.751Z < row 2026-05-11T06:39:52.661Z
[2026-05-11T06:40:04.139Z] [SyncDiag] RECEIVE-PUSH STALE SKIP: defects.category row=107cb58c-26a1-4124-8b12-591e5aeb20b5 — log 2026-05-11T06:39:51.751Z < row 2026-05-11T06:39:52.661Z
[2026-05-11T06:40:04.141Z] [SyncDiag] RECEIVE-PUSH STALE SKIP: defects.defectType row=107cb58c-26a1-4124-8b12-591e5aeb20b5 — log 2026-05-11T06:39:51.751Z < row 2026-05-11T06:39:52.661Z
[2026-05-11T06:40:04.143Z] [SyncDiag] RECEIVE-PUSH STALE SKIP: defects.description row=107cb58c-26a1-4124-8b12-591e5aeb20b5 — log 2026-05-11T06:39:51.751Z < row 2026-05-11T06:39:52.661Z
[2026-05-11T06:40:04.146Z] [SyncDiag] RECEIVE-PUSH STALE SKIP: defects.targetCloseDate row=107cb58c-26a1-4124-8b12-591e5aeb20b5 — log 2026-05-11T06:39:51.751Z < row 2026-05-11T06:39:52.661Z
[2026-05-11T06:40:04.148Z] [SyncDiag] RECEIVE-PUSH STALE SKIP: defects.dateCompleted row=107cb58c-26a1-4124-8b12-591e5aeb20b5 — log 2026-05-11T06:39:51.751Z < row 2026-05-11T06:39:52.661Z
[2026-05-11T06:40:04.150Z] [SyncDiag] RECEIVE-PUSH STALE SKIP: defects.status row=107cb58c-26a1-4124-8b12-591e5aeb20b5 — log 2026-05-11T06:39:51.751Z < row 2026-05-11T06:39:52.661Z
[2026-05-11T06:40:04.152Z] [SyncDiag] RECEIVE-PUSH STALE SKIP: defects.priority row=107cb58c-26a1-4124-8b12-591e5aeb20b5 — log 2026-05-11T06:39:51.751Z < row 2026-05-11T06:39:52.661Z
[2026-05-11T06:40:04.154Z] [SyncDiag] RECEIVE-PUSH STALE SKIP: defects.critical row=107cb58c-26a1-4124-8b12-591e5aeb20b5 — log 2026-05-11T06:39:51.751Z < row 2026-05-11T06:39:52.661Z
[2026-05-11T06:40:04.157Z] [SyncDiag] RECEIVE-PUSH STALE SKIP: defects.is_coc row=107cb58c-26a1-4124-8b12-591e5aeb20b5 — log 2026-05-11T06:39:51.751Z < row 2026-05-11T06:39:52.661Z
[2026-05-11T06:40:04.159Z] [SyncDiag] RECEIVE-PUSH STALE SKIP: defects.severity row=107cb58c-26a1-4124-8b12-591e5aeb20b5 — log 2026-05-11T06:39:51.751Z < row 2026-05-11T06:39:52.661Z
[2026-05-11T06:40:04.161Z] [SyncDiag] RECEIVE-PUSH STALE SKIP: defects.source row=107cb58c-26a1-4124-8b12-591e5aeb20b5 — log 2026-05-11T06:39:51.751Z < row 2026-05-11T06:39:52.661Z
[2026-05-11T06:40:04.163Z] [SyncDiag] RECEIVE-PUSH STALE SKIP: defects.equipmentCategory row=107cb58c-26a1-4124-8b12-591e5aeb20b5 — log 2026-05-11T06:39:51.751Z < row 2026-05-11T06:39:52.661Z
[2026-05-11T06:40:04.165Z] [SyncDiag] RECEIVE-PUSH STALE SKIP: defects.equipmentMake row=107cb58c-26a1-4124-8b12-591e5aeb20b5 — log 2026-05-11T06:39:51.751Z < row 2026-05-11T06:39:52.661Z
[2026-05-11T06:40:04.167Z] [SyncDiag] RECEIVE-PUSH STALE SKIP: defects.equipmentModel row=107cb58c-26a1-4124-8b12-591e5aeb20b5 — log 2026-05-11T06:39:51.751Z < row 2026-05-11T06:39:52.661Z
[2026-05-11T06:40:04.169Z] [SyncDiag] RECEIVE-PUSH STALE SKIP: defects.componentId row=107cb58c-26a1-4124-8b12-591e5aeb20b5 — log 2026-05-11T06:39:51.751Z < row 2026-05-11T06:39:52.661Z
[2026-05-11T06:40:04.172Z] [SyncDiag] RECEIVE-PUSH STALE SKIP: defects.defectCategory row=107cb58c-26a1-4124-8b12-591e5aeb20b5 — log 2026-05-11T06:39:51.751Z < row 2026-05-11T06:39:52.661Z
[2026-05-11T06:40:04.174Z] [SyncDiag] RECEIVE-PUSH STALE SKIP: defects.viqVersion row=107cb58c-26a1-4124-8b12-591e5aeb20b5 — log 2026-05-11T06:39:51.751Z < row 2026-05-11T06:39:52.661Z
[2026-05-11T06:40:04.176Z] [SyncDiag] RECEIVE-PUSH STALE SKIP: defects.viqRef row=107cb58c-26a1-4124-8b12-591e5aeb20b5 — log 2026-05-11T06:39:51.751Z < row 2026-05-11T06:39:52.661Z
[2026-05-11T06:40:04.178Z] [SyncDiag] RECEIVE-PUSH STALE SKIP: defects.componentHardwareId row=107cb58c-26a1-4124-8b12-591e5aeb20b5 — log 2026-05-11T06:39:51.751Z < row 2026-05-11T06:39:52.661Z
[2026-05-11T06:40:04.180Z] [SyncDiag] RECEIVE-PUSH STALE SKIP: defects.componentHardwareLevel1 row=107cb58c-26a1-4124-8b12-591e5aeb20b5 — log 2026-05-11T06:39:51.751Z < row 2026-05-11T06:39:52.661Z
[2026-05-11T06:40:04.183Z] [SyncDiag] RECEIVE-PUSH STALE SKIP: defects.componentHardwareLevel2 row=107cb58c-26a1-4124-8b12-591e5aeb20b5 — log 2026-05-11T06:39:51.751Z < row 2026-05-11T06:39:52.661Z
[2026-05-11T06:40:04.185Z] [SyncDiag] RECEIVE-PUSH STALE SKIP: defects.componentHardwareLevel3 row=107cb58c-26a1-4124-8b12-591e5aeb20b5 — log 2026-05-11T06:39:51.751Z < row 2026-05-11T06:39:52.661Z
[2026-05-11T06:40:04.187Z] [SyncDiag] RECEIVE-PUSH STALE SKIP: defects.immediateCause row=107cb58c-26a1-4124-8b12-591e5aeb20b5 — log 2026-05-11T06:39:51.751Z < row 2026-05-11T06:39:52.661Z
[2026-05-11T06:40:04.190Z] [SyncDiag] RECEIVE-PUSH STALE SKIP: defects.immediateCauseExplanation row=107cb58c-26a1-4124-8b12-591e5aeb20b5 — log 2026-05-11T06:39:51.751Z < row 2026-05-11T06:39:52.661Z
[2026-05-11T06:40:04.194Z] [SyncDiag] RECEIVE-PUSH STALE SKIP: defects.rootCause row=107cb58c-26a1-4124-8b12-591e5aeb20b5 — log 2026-05-11T06:39:51.751Z < row 2026-05-11T06:39:52.661Z
[2026-05-11T06:40:04.196Z] [SyncDiag] RECEIVE-PUSH STALE SKIP: defects.rootCauseExplanation row=107cb58c-26a1-4124-8b12-591e5aeb20b5 — log 2026-05-11T06:39:51.751Z < row 2026-05-11T06:39:52.661Z
[2026-05-11T06:40:04.198Z] [SyncDiag] RECEIVE-PUSH STALE SKIP: defects.riskLevel row=107cb58c-26a1-4124-8b12-591e5aeb20b5 — log 2026-05-11T06:39:51.751Z < row 2026-05-11T06:39:52.661Z
[2026-05-11T06:40:04.201Z] [SyncDiag] RECEIVE-PUSH STALE SKIP: defects.raisedById row=107cb58c-26a1-4124-8b12-591e5aeb20b5 — log 2026-05-11T06:39:51.751Z < row 2026-05-11T06:39:52.661Z
[2026-05-11T06:40:04.203Z] [SyncDiag] RECEIVE-PUSH STALE SKIP: defects.raisedByName row=107cb58c-26a1-4124-8b12-591e5aeb20b5 — log 2026-05-11T06:39:51.751Z < row 2026-05-11T06:39:52.661Z
[2026-05-11T06:40:04.204Z] [SyncDiag] RECEIVE-PUSH STALE SKIP: defects.raisedByRank row=107cb58c-26a1-4124-8b12-591e5aeb20b5 — log 2026-05-11T06:39:51.751Z < row 2026-05-11T06:39:52.661Z
[2026-05-11T06:40:04.206Z] [SyncDiag] RECEIVE-PUSH STALE SKIP: defects.isDeferred row=107cb58c-26a1-4124-8b12-591e5aeb20b5 — log 2026-05-11T06:39:51.751Z < row 2026-05-11T06:39:52.661Z
[2026-05-11T06:40:04.208Z] [SyncDiag] RECEIVE-PUSH STALE SKIP: defects.deferApprovalRequired row=107cb58c-26a1-4124-8b12-591e5aeb20b5 — log 2026-05-11T06:39:51.751Z < row 2026-05-11T06:39:52.661Z
[2026-05-11T06:40:04.210Z] [SyncDiag] RECEIVE-PUSH STALE SKIP: defects.reportToThirdParty row=107cb58c-26a1-4124-8b12-591e5aeb20b5 — log 2026-05-11T06:39:51.751Z < row 2026-05-11T06:39:52.661Z
[2026-05-11T06:40:04.212Z] [SyncDiag] RECEIVE-PUSH STALE SKIP: defects.classReport row=107cb58c-26a1-4124-8b12-591e5aeb20b5 — log 2026-05-11T06:39:51.751Z < row 2026-05-11T06:39:52.661Z
[2026-05-11T06:40:04.214Z] [SyncDiag] RECEIVE-PUSH STALE SKIP: defects.flagReport row=107cb58c-26a1-4124-8b12-591e5aeb20b5 — log 2026-05-11T06:39:51.751Z < row 2026-05-11T06:39:52.661Z
[2026-05-11T06:40:04.216Z] [SyncDiag] RECEIVE-PUSH STALE SKIP: defects.portReport row=107cb58c-26a1-4124-8b12-591e5aeb20b5 — log 2026-05-11T06:39:51.751Z < row 2026-05-11T06:39:52.661Z
[2026-05-11T06:40:04.218Z] [SyncDiag] RECEIVE-PUSH STALE SKIP: defects.dateReportedToOffice row=107cb58c-26a1-4124-8b12-591e5aeb20b5 — log 2026-05-11T06:39:51.751Z < row 2026-05-11T06:39:52.661Z
[2026-05-11T06:40:04.220Z] [SyncDiag] RECEIVE-PUSH STALE SKIP: defects.dateRegisteredInSystem row=107cb58c-26a1-4124-8b12-591e5aeb20b5 — log 2026-05-11T06:39:51.751Z < row 2026-05-11T06:39:52.661Z
[2026-05-11T06:40:04.221Z] [SyncDiag] RECEIVE-PUSH STALE SKIP: defects.vesselLocationType row=107cb58c-26a1-4124-8b12-591e5aeb20b5 — log 2026-05-11T06:39:51.751Z < row 2026-05-11T06:39:52.661Z
[2026-05-11T06:40:04.223Z] [SyncDiag] RECEIVE-PUSH STALE SKIP: defects.latitude row=107cb58c-26a1-4124-8b12-591e5aeb20b5 — log 2026-05-11T06:39:51.751Z < row 2026-05-11T06:39:52.661Z
[2026-05-11T06:40:04.225Z] [SyncDiag] RECEIVE-PUSH STALE SKIP: defects.longitude row=107cb58c-26a1-4124-8b12-591e5aeb20b5 — log 2026-05-11T06:39:51.751Z < row 2026-05-11T06:39:52.661Z
[2026-05-11T06:40:04.227Z] [SyncDiag] RECEIVE-PUSH STALE SKIP: defects.reportedBy row=107cb58c-26a1-4124-8b12-591e5aeb20b5 — log 2026-05-11T06:39:51.751Z < row 2026-05-11T06:39:52.661Z
[2026-05-11T06:40:04.229Z] [SyncDiag] RECEIVE-PUSH STALE SKIP: defects.confirmCompleted row=107cb58c-26a1-4124-8b12-591e5aeb20b5 — log 2026-05-11T06:39:51.751Z < row 2026-05-11T06:39:52.661Z
[2026-05-11T06:40:04.231Z] [SyncDiag] RECEIVE-PUSH STALE SKIP: defects.closedByName row=107cb58c-26a1-4124-8b12-591e5aeb20b5 — log 2026-05-11T06:39:51.751Z < row 2026-05-11T06:39:52.661Z
[2026-05-11T06:40:04.232Z] [SyncDiag] RECEIVE-PUSH STALE SKIP: defects.closedByRank row=107cb58c-26a1-4124-8b12-591e5aeb20b5 — log 2026-05-11T06:39:51.751Z < row 2026-05-11T06:39:52.661Z
[2026-05-11T06:40:04.234Z] [SyncDiag] RECEIVE-PUSH STALE SKIP: defects.verified row=107cb58c-26a1-4124-8b12-591e5aeb20b5 — log 2026-05-11T06:39:51.751Z < row 2026-05-11T06:39:52.661Z
[2026-05-11T06:40:04.236Z] [SyncDiag] RECEIVE-PUSH STALE SKIP: defects.dateVerified row=107cb58c-26a1-4124-8b12-591e5aeb20b5 — log 2026-05-11T06:39:51.751Z < row 2026-05-11T06:39:52.661Z
[2026-05-11T06:40:04.238Z] [SyncDiag] RECEIVE-PUSH STALE SKIP: defects.verifiedByName row=107cb58c-26a1-4124-8b12-591e5aeb20b5 — log 2026-05-11T06:39:51.751Z < row 2026-05-11T06:39:52.661Z
[2026-05-11T06:40:04.240Z] [SyncDiag] RECEIVE-PUSH STALE SKIP: defects.verifiedByOfficePosition row=107cb58c-26a1-4124-8b12-591e5aeb20b5 — log 2026-05-11T06:39:51.751Z < row 2026-05-11T06:39:52.661Z
[2026-05-11T06:40:04.242Z] [SyncDiag] RECEIVE-PUSH STALE SKIP: defects.notes row=107cb58c-26a1-4124-8b12-591e5aeb20b5 — log 2026-05-11T06:39:51.751Z < row 2026-05-11T06:39:52.661Z
[2026-05-11T06:40:04.243Z] [SyncDiag] RECEIVE-PUSH STALE SKIP: defects.actions row=107cb58c-26a1-4124-8b12-591e5aeb20b5 — log 2026-05-11T06:39:51.751Z < row 2026-05-11T06:39:52.661Z
[2026-05-11T06:40:04.245Z] [SyncDiag] RECEIVE-PUSH STALE SKIP: defects.targetDateExtensions row=107cb58c-26a1-4124-8b12-591e5aeb20b5 — log 2026-05-11T06:39:51.751Z < row 2026-05-11T06:39:52.661Z
[2026-05-11T06:40:04.247Z] [SyncDiag] RECEIVE-PUSH STALE SKIP: defects.partAAttachments row=107cb58c-26a1-4124-8b12-591e5aeb20b5 — log 2026-05-11T06:39:51.751Z < row 2026-05-11T06:39:52.661Z
[2026-05-11T06:40:04.249Z] [SyncDiag] RECEIVE-PUSH STALE SKIP: defects.attachments row=107cb58c-26a1-4124-8b12-591e5aeb20b5 — log 2026-05-11T06:39:51.751Z < row 2026-05-11T06:39:52.661Z
[2026-05-11T06:40:04.251Z] [SyncDiag] RECEIVE-PUSH STALE SKIP: defects.auditTrail row=107cb58c-26a1-4124-8b12-591e5aeb20b5 — log 2026-05-11T06:39:51.751Z < row 2026-05-11T06:39:52.661Z
[2026-05-11T06:40:04.253Z] [SyncDiag] RECEIVE-PUSH STALE SKIP: defects.isDeleted row=107cb58c-26a1-4124-8b12-591e5aeb20b5 — log 2026-05-11T06:39:51.751Z < row 2026-05-11T06:39:52.661Z
[2026-05-11T06:40:04.255Z] [SyncDiag] RECEIVE-PUSH STALE SKIP: defects.sortOrder row=107cb58c-26a1-4124-8b12-591e5aeb20b5 — log 2026-05-11T06:39:51.751Z < row 2026-05-11T06:39:52.661Z
[2026-05-11T06:40:04.259Z] [SyncDiag] RECEIVE-PUSH DONE: stored=63, applied=1, errors=0, oneWayTables=0
[2026-05-11T06:40:04.265Z] [SyncDiag] PREPARE-PULL START: vessel=7446783c-841a-11ed-aa7c-7003bca91a86, vesselCode=null, checkpoint=2026-05-11T06:38:28.532Z
[2026-05-11T06:40:04.522Z] [SyncDiag] PREPARE-PULL FIELD LOGS: 0 shore logs for vessel
[2026-05-11T06:40:04.645Z] [SyncDiag] PREPARE-PULL DONE: 0 one-way rows across 0 tables, 0 field logs, 0 conflicts
[2026-05-11T06:40:04.645Z] [SyncDiag] PULL RECEIVED: 0 one-way table batches, 0 field logs
[2026-05-11T06:40:04.857Z] [SyncDiag] SYNC COMPLETE: checkpoint=2026-05-11T06:40:04.647Z
[2026-05-11T06:40:04.863Z] [SyncDiag] PUSH DONE: marked 63 field logs as synced locally
[2026-05-11T06:40:04.868Z] [SyncDiag] FILE-SYNC START: 0 pending files for vessel=7446783c-841a-11ed-aa7c-7003bca91a86, direction=shore_to_ship
[2026-05-11T06:40:04.868Z] [SyncDiag] FILE-SYNC DONE: processed=0, failed=0, bytes=0
[2026-05-11T06:40:04.869Z] [SyncDiag] === SYNC END === vessel=7446783c-841a-11ed-aa7c-7003bca91a86, duration=947ms, status=success, pushed=63, pulled=0, conflicts=0, files=0+0
[2026-05-11T06:40:25.538Z] [SyncDiag] RECEIVE-PUSH START: batch=db6527e4-b4dc-4b65-8e59-7407477bac95, vessel=7446783c-841a-11ed-aa7c-7003bca91a86, fieldLogs=0, oneWayRows=0
[2026-05-11T06:40:25.545Z] [SyncDiag] RECEIVE-PUSH DONE: stored=0, applied=0, errors=0, oneWayTables=0
[2026-05-11T06:40:27.575Z] [SyncDiag] PREPARE-PULL START: vessel=7446783c-841a-11ed-aa7c-7003bca91a86, vesselCode=null, checkpoint=2026-05-04T11:18:08.589Z
[2026-05-11T06:40:27.977Z] [SyncDiag] PREPARE-PULL FIELD LOGS: 0 shore logs for vessel
[2026-05-11T06:40:28.057Z] [SyncDiag] PREPARE-PULL DONE: 353 one-way rows across 10 tables, 0 field logs, 0 conflicts
[2026-05-11T06:40:28.058Z] [SyncDiag] PREPARE-PULL ONE-WAY: components — 12 rows
[2026-05-11T06:40:28.058Z] [SyncDiag] PREPARE-PULL ONE-WAY: jobs — 2 rows
[2026-05-11T06:40:28.059Z] [SyncDiag] PREPARE-PULL ONE-WAY: fleet_groups — 13 rows
[2026-05-11T06:40:28.059Z] [SyncDiag] PREPARE-PULL ONE-WAY: maker_list — 2 rows
[2026-05-11T06:40:28.059Z] [SyncDiag] PREPARE-PULL ONE-WAY: master_lists — 6 rows
[2026-05-11T06:40:28.060Z] [SyncDiag] PREPARE-PULL ONE-WAY: pms_vessel_settings — 1 rows
[2026-05-11T06:40:28.060Z] [SyncDiag] PREPARE-PULL ONE-WAY: ship_certificates_master — 135 rows
[2026-05-11T06:40:28.061Z] [SyncDiag] PREPARE-PULL ONE-WAY: ship_surveys_master — 64 rows
[2026-05-11T06:40:28.061Z] [SyncDiag] PREPARE-PULL ONE-WAY: vessel_certificate_applicability — 77 rows
[2026-05-11T06:40:28.061Z] [SyncDiag] PREPARE-PULL ONE-WAY: vessel_survey_applicability — 41 rows
[2026-05-11T08:49:50.667Z] [SyncDiag] RECEIVE-PUSH START: batch=7511b5bc-be27-45cb-b665-23fd34011662, vessel=7446783c-841a-11ed-aa7c-7003bca91a86, fieldLogs=15, oneWayRows=0
[2026-05-11T08:49:50.716Z] [SyncDiag] RECEIVE-PUSH: 15 field logs stored in sync_field_log
[2026-05-11T08:49:50.722Z] [SyncDiag] SYNC-APPLY TRIGGER BYPASS active for batch=7511b5bc-be27-45cb-b665-23fd34011662
[2026-05-11T08:49:50.722Z] [SyncDiag] FIELD-LOG-INSERT START: 15 logs
[2026-05-11T08:49:50.723Z] [SyncDiag] FIELD-LOG-INSERT: 1 groups from 15 logs
[2026-05-11T08:49:50.740Z] [SyncDiag] FIELD-LOG-INSERT OK: change_request row=24ffa6de-d0b7-44b9-b9c1-5c00634684fa (16 columns)
[2026-05-11T08:49:50.741Z] [SyncDiag] FIELD-LOG-INSERT DONE: inserted=1, updatePassthrough=0, errors=0
[2026-05-11T08:49:50.744Z] [SyncDiag] RECEIVE-PUSH DONE: stored=15, applied=1, errors=0, oneWayTables=0
[2026-05-11T08:49:52.773Z] [SyncDiag] PREPARE-PULL START: vessel=7446783c-841a-11ed-aa7c-7003bca91a86, vesselCode=null, checkpoint=2026-05-04T11:18:08.589Z
[2026-05-11T08:49:54.848Z] [SyncDiag] PREPARE-PULL FIELD LOGS: 0 shore logs for vessel
[2026-05-11T08:49:55.228Z] [SyncDiag] PREPARE-PULL DONE: 353 one-way rows across 10 tables, 0 field logs, 0 conflicts
[2026-05-11T08:49:55.229Z] [SyncDiag] PREPARE-PULL ONE-WAY: components — 12 rows
[2026-05-11T08:49:55.229Z] [SyncDiag] PREPARE-PULL ONE-WAY: jobs — 2 rows
[2026-05-11T08:49:55.230Z] [SyncDiag] PREPARE-PULL ONE-WAY: fleet_groups — 13 rows
[2026-05-11T08:49:55.230Z] [SyncDiag] PREPARE-PULL ONE-WAY: maker_list — 2 rows
[2026-05-11T08:49:55.230Z] [SyncDiag] PREPARE-PULL ONE-WAY: master_lists — 6 rows
[2026-05-11T08:49:55.231Z] [SyncDiag] PREPARE-PULL ONE-WAY: pms_vessel_settings — 1 rows
[2026-05-11T08:49:55.231Z] [SyncDiag] PREPARE-PULL ONE-WAY: ship_certificates_master — 135 rows
[2026-05-11T08:49:55.231Z] [SyncDiag] PREPARE-PULL ONE-WAY: ship_surveys_master — 64 rows
[2026-05-11T08:49:55.232Z] [SyncDiag] PREPARE-PULL ONE-WAY: vessel_certificate_applicability — 77 rows
[2026-05-11T08:49:55.232Z] [SyncDiag] PREPARE-PULL ONE-WAY: vessel_survey_applicability — 41 rows
[2026-05-11T08:52:15.847Z] [SyncDiag] RECEIVE-PUSH START: batch=326780d1-9e1a-431d-9e6a-8fd239e40b04, vessel=7446783c-841a-11ed-aa7c-7003bca91a86, fieldLogs=0, oneWayRows=0
[2026-05-11T08:52:15.852Z] [SyncDiag] RECEIVE-PUSH DONE: stored=0, applied=0, errors=0, oneWayTables=0
[2026-05-11T08:52:15.858Z] [SyncDiag] PREPARE-PULL START: vessel=7446783c-841a-11ed-aa7c-7003bca91a86, vesselCode=null, checkpoint=2026-05-04T11:18:08.589Z
[2026-05-11T08:52:16.160Z] [SyncDiag] PREPARE-PULL FIELD LOGS: 0 shore logs for vessel
[2026-05-11T08:52:16.280Z] [SyncDiag] PREPARE-PULL DONE: 353 one-way rows across 10 tables, 0 field logs, 0 conflicts
[2026-05-11T08:52:16.280Z] [SyncDiag] PREPARE-PULL ONE-WAY: components — 12 rows
[2026-05-11T08:52:16.281Z] [SyncDiag] PREPARE-PULL ONE-WAY: jobs — 2 rows
[2026-05-11T08:52:16.281Z] [SyncDiag] PREPARE-PULL ONE-WAY: fleet_groups — 13 rows
[2026-05-11T08:52:16.281Z] [SyncDiag] PREPARE-PULL ONE-WAY: maker_list — 2 rows
[2026-05-11T08:52:16.282Z] [SyncDiag] PREPARE-PULL ONE-WAY: master_lists — 6 rows
[2026-05-11T08:52:16.282Z] [SyncDiag] PREPARE-PULL ONE-WAY: pms_vessel_settings — 1 rows
[2026-05-11T08:52:16.282Z] [SyncDiag] PREPARE-PULL ONE-WAY: ship_certificates_master — 135 rows
[2026-05-11T08:52:16.283Z] [SyncDiag] PREPARE-PULL ONE-WAY: ship_surveys_master — 64 rows
[2026-05-11T08:52:16.283Z] [SyncDiag] PREPARE-PULL ONE-WAY: vessel_certificate_applicability — 77 rows
[2026-05-11T08:52:16.284Z] [SyncDiag] PREPARE-PULL ONE-WAY: vessel_survey_applicability — 41 rows
[2026-05-11T08:53:34.255Z] [SyncDiag] === SYNC START === vessel=7446783c-841a-11ed-aa7c-7003bca91a86, instance=SHORE-PROD, mode=LOCAL
[2026-05-11T08:53:34.272Z] [SyncDiag] PUSH START: gathering field logs for vessel=7446783c-841a-11ed-aa7c-7003bca91a86, vesselCode=null
[2026-05-11T08:53:34.392Z] [SyncDiag] PUSH: found 0 unsynced field logs
[2026-05-11T08:53:34.393Z] [SyncDiag] RECEIVE-PUSH START: batch=f7fa4a05-a672-4ffd-9b1e-b945222c865f, vessel=7446783c-841a-11ed-aa7c-7003bca91a86, fieldLogs=0, oneWayRows=0
[2026-05-11T08:53:34.398Z] [SyncDiag] RECEIVE-PUSH DONE: stored=0, applied=0, errors=0, oneWayTables=0
[2026-05-11T08:53:34.401Z] [SyncDiag] PREPARE-PULL START: vessel=7446783c-841a-11ed-aa7c-7003bca91a86, vesselCode=null, checkpoint=2026-05-11T06:40:04.647Z
[2026-05-11T08:53:34.601Z] [SyncDiag] PREPARE-PULL FIELD LOGS: 0 shore logs for vessel
[2026-05-11T08:53:34.724Z] [SyncDiag] PREPARE-PULL DONE: 0 one-way rows across 0 tables, 0 field logs, 0 conflicts
[2026-05-11T08:53:34.724Z] [SyncDiag] PULL RECEIVED: 0 one-way table batches, 0 field logs
[2026-05-11T08:53:34.905Z] [SyncDiag] SYNC COMPLETE: checkpoint=2026-05-11T08:53:34.726Z
[2026-05-11T08:53:34.910Z] [SyncDiag] FILE-SYNC START: 0 pending files for vessel=7446783c-841a-11ed-aa7c-7003bca91a86, direction=shore_to_ship
[2026-05-11T08:53:34.911Z] [SyncDiag] FILE-SYNC DONE: processed=0, failed=0, bytes=0
[2026-05-11T08:53:34.911Z] [SyncDiag] === SYNC END === vessel=7446783c-841a-11ed-aa7c-7003bca91a86, duration=656ms, status=success, pushed=0, pulled=0, conflicts=0, files=0+0
[2026-05-11T08:53:47.661Z] [SyncDiag] RECEIVE-PUSH START: batch=21bee768-3e5b-4a16-98f3-5c779aaf2d28, vessel=7446783c-841a-11ed-aa7c-7003bca91a86, fieldLogs=0, oneWayRows=0
[2026-05-11T08:53:47.668Z] [SyncDiag] RECEIVE-PUSH DONE: stored=0, applied=0, errors=0, oneWayTables=0
[2026-05-11T08:53:49.691Z] [SyncDiag] PREPARE-PULL START: vessel=7446783c-841a-11ed-aa7c-7003bca91a86, vesselCode=null, checkpoint=2026-05-04T11:18:08.589Z
[2026-05-11T08:53:49.995Z] [SyncDiag] PREPARE-PULL FIELD LOGS: 0 shore logs for vessel
[2026-05-11T08:53:50.082Z] [SyncDiag] PREPARE-PULL DONE: 353 one-way rows across 10 tables, 0 field logs, 0 conflicts
[2026-05-11T08:53:50.083Z] [SyncDiag] PREPARE-PULL ONE-WAY: components — 12 rows
[2026-05-11T08:53:50.083Z] [SyncDiag] PREPARE-PULL ONE-WAY: jobs — 2 rows
[2026-05-11T08:53:50.083Z] [SyncDiag] PREPARE-PULL ONE-WAY: fleet_groups — 13 rows
[2026-05-11T08:53:50.084Z] [SyncDiag] PREPARE-PULL ONE-WAY: maker_list — 2 rows
[2026-05-11T08:53:50.084Z] [SyncDiag] PREPARE-PULL ONE-WAY: master_lists — 6 rows
[2026-05-11T08:53:50.084Z] [SyncDiag] PREPARE-PULL ONE-WAY: pms_vessel_settings — 1 rows
[2026-05-11T08:53:50.085Z] [SyncDiag] PREPARE-PULL ONE-WAY: ship_certificates_master — 135 rows
[2026-05-11T08:53:50.085Z] [SyncDiag] PREPARE-PULL ONE-WAY: ship_surveys_master — 64 rows
[2026-05-11T08:53:50.085Z] [SyncDiag] PREPARE-PULL ONE-WAY: vessel_certificate_applicability — 77 rows
[2026-05-11T08:53:50.086Z] [SyncDiag] PREPARE-PULL ONE-WAY: vessel_survey_applicability — 41 rows
[2026-05-11T08:58:32.988Z] [SyncDiag] RECEIVE-PUSH START: batch=d12ad98a-b601-46a7-b222-bde1c6baf907, vessel=7446783c-841a-11ed-aa7c-7003bca91a86, fieldLogs=38, oneWayRows=0
[2026-05-11T08:58:33.042Z] [SyncDiag] RECEIVE-PUSH: 38 field logs stored in sync_field_log
[2026-05-11T08:58:33.043Z] [SyncDiag] SYNC-APPLY TRIGGER BYPASS active for batch=d12ad98a-b601-46a7-b222-bde1c6baf907
[2026-05-11T08:58:33.044Z] [SyncDiag] FIELD-LOG-INSERT START: 38 logs
[2026-05-11T08:58:33.044Z] [SyncDiag] FIELD-LOG-INSERT: 4 groups from 38 logs
[2026-05-11T08:58:33.063Z] [SyncDiag] FIELD-LOG-INSERT OK: spares_history row=a8718dc5-87bf-4f99-8e6c-36147d3dd4cd (20 columns)
[2026-05-11T08:58:33.111Z] [SyncDiag] FIELD-LOG-INSERT OK: spare_location_stock row=18f57179-fe0b-44bf-a495-a579ede8ed45 (9 columns)
[2026-05-11T08:58:33.114Z] [SyncDiag] FIELD-LOG-INSERT OK: spare_location_stock row=9c2d7dde-367f-4d1e-9b4d-a81e8b3d7597 (9 columns)
[2026-05-11T08:58:33.114Z] [SyncDiag] FIELD-LOG-INSERT DONE: inserted=3, updatePassthrough=3, errors=0
[2026-05-11T08:58:33.140Z] [SyncDiag] RECEIVE-PUSH DONE: stored=38, applied=6, errors=0, oneWayTables=0
[2026-05-11T08:58:35.171Z] [SyncDiag] PREPARE-PULL START: vessel=7446783c-841a-11ed-aa7c-7003bca91a86, vesselCode=null, checkpoint=2026-05-04T11:18:08.589Z
[2026-05-11T08:58:35.481Z] [SyncDiag] PREPARE-PULL FIELD LOGS: 0 shore logs for vessel
[2026-05-11T08:58:35.564Z] [SyncDiag] PREPARE-PULL DONE: 353 one-way rows across 10 tables, 0 field logs, 0 conflicts
[2026-05-11T08:58:35.565Z] [SyncDiag] PREPARE-PULL ONE-WAY: components — 12 rows
[2026-05-11T08:58:35.565Z] [SyncDiag] PREPARE-PULL ONE-WAY: jobs — 2 rows
[2026-05-11T08:58:35.566Z] [SyncDiag] PREPARE-PULL ONE-WAY: fleet_groups — 13 rows
[2026-05-11T08:58:35.566Z] [SyncDiag] PREPARE-PULL ONE-WAY: maker_list — 2 rows
[2026-05-11T08:58:35.566Z] [SyncDiag] PREPARE-PULL ONE-WAY: master_lists — 6 rows
[2026-05-11T08:58:35.567Z] [SyncDiag] PREPARE-PULL ONE-WAY: pms_vessel_settings — 1 rows
[2026-05-11T08:58:35.567Z] [SyncDiag] PREPARE-PULL ONE-WAY: ship_certificates_master — 135 rows
[2026-05-11T08:58:35.567Z] [SyncDiag] PREPARE-PULL ONE-WAY: ship_surveys_master — 64 rows
[2026-05-11T08:58:35.568Z] [SyncDiag] PREPARE-PULL ONE-WAY: vessel_certificate_applicability — 77 rows
[2026-05-11T08:58:35.568Z] [SyncDiag] PREPARE-PULL ONE-WAY: vessel_survey_applicability — 41 rows
[2026-05-11T08:59:59.932Z] [SyncDiag] FIELD-LOGGER: spares_history row=f2771153-2b52-45bd-85b7-7e443d694665 — 20 fields changed, isInsert=true
[2026-05-11T08:59:59.947Z] [SyncDiag] FIELD-LOGGER: spares row=5697aa7a-71e1-48cc-8c12-da453cdd925a — 3 fields changed, isInsert=false
[2026-05-11T08:59:59.961Z] [SyncDiag] FIELD-LOGGER: spare_location_stock row=9705b22d-6c6d-4a84-bf20-10ab94c5ed7d — 1 fields changed, isInsert=false
[2026-05-11T08:59:59.968Z] [SyncDiag] FIELD-LOGGER: spare_location_stock row=e7188a0b-c1a7-441b-9e9a-a58fbea79624 — 1 fields changed, isInsert=false
[2026-05-11T09:00:18.661Z] [SyncDiag] RECEIVE-PUSH START: batch=5f57d886-319f-49de-927d-8ce93c51750e, vessel=7446783c-841a-11ed-aa7c-7003bca91a86, fieldLogs=0, oneWayRows=0
[2026-05-11T09:00:18.666Z] [SyncDiag] RECEIVE-PUSH DONE: stored=0, applied=0, errors=0, oneWayTables=0
[2026-05-11T09:00:20.725Z] [SyncDiag] PREPARE-PULL START: vessel=7446783c-841a-11ed-aa7c-7003bca91a86, vesselCode=null, checkpoint=2026-05-04T11:18:08.589Z
[2026-05-11T09:00:21.176Z] [SyncDiag] PREPARE-PULL FIELD LOGS: 25 shore logs for vessel
[2026-05-11T09:00:21.359Z] [SyncDiag] PREPARE-PULL DONE: 353 one-way rows across 10 tables, 25 field logs, 0 conflicts
[2026-05-11T09:00:21.360Z] [SyncDiag] PREPARE-PULL ONE-WAY: components — 12 rows
[2026-05-11T09:00:21.360Z] [SyncDiag] PREPARE-PULL ONE-WAY: jobs — 2 rows
[2026-05-11T09:00:21.360Z] [SyncDiag] PREPARE-PULL ONE-WAY: fleet_groups — 13 rows
[2026-05-11T09:00:21.362Z] [SyncDiag] PREPARE-PULL ONE-WAY: maker_list — 2 rows
[2026-05-11T09:00:21.362Z] [SyncDiag] PREPARE-PULL ONE-WAY: master_lists — 6 rows
[2026-05-11T09:00:21.362Z] [SyncDiag] PREPARE-PULL ONE-WAY: pms_vessel_settings — 1 rows
[2026-05-11T09:00:21.363Z] [SyncDiag] PREPARE-PULL ONE-WAY: ship_certificates_master — 135 rows
[2026-05-11T09:00:21.363Z] [SyncDiag] PREPARE-PULL ONE-WAY: ship_surveys_master — 64 rows
[2026-05-11T09:00:21.364Z] [SyncDiag] PREPARE-PULL ONE-WAY: vessel_certificate_applicability — 77 rows
[2026-05-11T09:00:21.364Z] [SyncDiag] PREPARE-PULL ONE-WAY: vessel_survey_applicability — 41 rows
[2026-05-11T09:01:29.332Z] [SyncDiag] FIELD-LOGGER: spares row=0255e35b-ac1c-4a77-b98c-5fd5c31671e7 — 23 fields changed, isInsert=true
[2026-05-11T09:01:29.390Z] [SyncDiag] FIELD-LOGGER: spare_component_links row=c083a6dd-261a-4ad5-940f-7a68d68b8b40 — 10 fields changed, isInsert=true
[2026-05-11T09:01:29.423Z] [SyncDiag] FIELD-LOGGER: spare_component_links row=b7b2ace6-2d06-483f-a74b-6e43c51a3a31 — 10 fields changed, isInsert=true
[2026-05-11T09:01:29.455Z] [SyncDiag] FIELD-LOGGER: spare_component_links row=0266e32b-6996-41e4-9200-d1b8c79821a0 — 10 fields changed, isInsert=true
[2026-05-11T09:01:29.485Z] [SyncDiag] FIELD-LOGGER: spare_component_links row=8c04479f-5cea-4173-aafd-4ae5a6110a35 — 10 fields changed, isInsert=true
[2026-05-11T09:01:29.528Z] [SyncDiag] FIELD-LOGGER: spare_component_links row=ed10e28b-e4e6-46f9-9a1c-6ac99e262248 — 10 fields changed, isInsert=true
[2026-05-11T09:01:29.556Z] [SyncDiag] FIELD-LOGGER: spare_component_links row=d9d6d7df-9eb4-49a2-9d66-6231b95b31cd — 10 fields changed, isInsert=true
[2026-05-11T09:01:29.586Z] [SyncDiag] FIELD-LOGGER: spare_component_links row=b2fa869a-648c-4718-b1d6-99714e6505f5 — 10 fields changed, isInsert=true
[2026-05-11T09:01:29.616Z] [SyncDiag] FIELD-LOGGER: spare_component_links row=4b53c84c-1cab-4888-a0c0-d2918d16e2b2 — 10 fields changed, isInsert=true
[2026-05-11T09:01:29.646Z] [SyncDiag] FIELD-LOGGER: spare_component_links row=3161a6ca-268b-42b7-b164-9757a624ff0e — 10 fields changed, isInsert=true
[2026-05-11T09:01:29.675Z] [SyncDiag] FIELD-LOGGER: spare_component_links row=2db048e2-1663-4538-9ca0-3070468a54fe — 10 fields changed, isInsert=true
[2026-05-11T09:01:29.702Z] [SyncDiag] FIELD-LOGGER: spare_component_links row=83d1f3f4-8f1b-475e-9fbd-206acc98f27f — 10 fields changed, isInsert=true
[2026-05-11T09:01:29.729Z] [SyncDiag] FIELD-LOGGER: spare_component_links row=3aeef910-22e4-40c1-a52c-134788287e86 — 10 fields changed, isInsert=true
[2026-05-11T09:01:29.759Z] [SyncDiag] FIELD-LOGGER: spare_component_links row=07c4edc1-5e4c-4007-81f7-2513f96a431d — 10 fields changed, isInsert=true
[2026-05-11T09:01:29.786Z] [SyncDiag] FIELD-LOGGER: spare_component_links row=087d593f-4135-418e-a106-14bd142bdb9f — 10 fields changed, isInsert=true
[2026-05-11T09:01:29.814Z] [SyncDiag] FIELD-LOGGER: spare_component_links row=5529ee16-30d0-4c52-9a9d-238ad0b2aa4f — 10 fields changed, isInsert=true
[2026-05-11T09:01:29.842Z] [SyncDiag] FIELD-LOGGER: spare_component_links row=aadd0b8b-43fa-4e90-9333-cad67fc5fc15 — 10 fields changed, isInsert=true
[2026-05-11T09:01:29.869Z] [SyncDiag] FIELD-LOGGER: spare_component_links row=8ad4e092-8193-49b9-b051-68b4a13fad63 — 10 fields changed, isInsert=true
[2026-05-11T09:01:29.897Z] [SyncDiag] FIELD-LOGGER: spare_component_links row=4a47a583-8773-44c6-a825-fa2dd87cf7eb — 10 fields changed, isInsert=true
[2026-05-11T09:01:29.922Z] [SyncDiag] FIELD-LOGGER: spare_component_links row=4b0c4ce7-812f-4b3e-a528-f4a1e8745d55 — 10 fields changed, isInsert=true
[2026-05-11T09:01:29.949Z] [SyncDiag] FIELD-LOGGER: spare_component_links row=edb27d96-135b-49c8-b9e1-acf3d031f9e1 — 10 fields changed, isInsert=true
[2026-05-11T09:01:29.978Z] [SyncDiag] FIELD-LOGGER: spare_component_links row=c87f6b66-655c-4a00-9d12-447afa73cdad — 10 fields changed, isInsert=true
[2026-05-11T09:01:30.006Z] [SyncDiag] FIELD-LOGGER: spare_component_links row=fc84b503-5cd8-40dd-86c6-b85e2628b80a — 10 fields changed, isInsert=true
[2026-05-11T09:01:30.033Z] [SyncDiag] FIELD-LOGGER: spare_component_links row=630279db-a0db-49cd-88f7-5287081176b4 — 10 fields changed, isInsert=true
[2026-05-11T09:01:30.060Z] [SyncDiag] FIELD-LOGGER: spare_component_links row=43ca7cf5-4e8b-43bd-97d8-e205c5654b0b — 10 fields changed, isInsert=true
[2026-05-11T09:01:30.089Z] [SyncDiag] FIELD-LOGGER: spare_component_links row=d32ba858-eb35-40e0-ab69-8f08b0b80199 — 10 fields changed, isInsert=true
[2026-05-11T09:01:30.114Z] [SyncDiag] FIELD-LOGGER: spare_component_links row=e8b12da8-df42-43cb-a35e-f03b34ab56e5 — 10 fields changed, isInsert=true
[2026-05-11T09:01:30.141Z] [SyncDiag] FIELD-LOGGER: spare_component_links row=bc6caa41-9b1a-4d46-ac76-bd99ad9ae994 — 10 fields changed, isInsert=true
[2026-05-11T09:01:30.168Z] [SyncDiag] FIELD-LOGGER: spare_component_links row=cfab37b0-34b1-4197-a561-976d98450ad6 — 10 fields changed, isInsert=true
[2026-05-11T09:01:30.191Z] [SyncDiag] FIELD-LOGGER: spare_component_links row=5f9b5e19-448e-4efc-8a00-0b4650cf7cf4 — 10 fields changed, isInsert=true
[2026-05-11T09:01:30.217Z] [SyncDiag] FIELD-LOGGER: spare_component_links row=31d57d0d-2e90-4c35-8677-13b33974f7fd — 10 fields changed, isInsert=true
[2026-05-11T09:01:30.241Z] [SyncDiag] FIELD-LOGGER: spare_component_links row=2697f7af-2209-4c14-85a8-f1c9eccfc8a5 — 10 fields changed, isInsert=true
[2026-05-11T09:01:30.267Z] [SyncDiag] FIELD-LOGGER: spare_component_links row=a5643956-a753-4735-a009-479ecf990b1c — 10 fields changed, isInsert=true
[2026-05-11T09:01:30.293Z] [SyncDiag] FIELD-LOGGER: spare_component_links row=eae68c46-447b-4476-b625-48ea108ecdd9 — 10 fields changed, isInsert=true
[2026-05-11T09:01:30.318Z] [SyncDiag] FIELD-LOGGER: spare_component_links row=4e9253b7-172e-4ef9-9247-abb01afbb63f — 10 fields changed, isInsert=true
[2026-05-11T09:01:30.344Z] [SyncDiag] FIELD-LOGGER: spare_component_links row=6481de45-a823-4549-a4ca-42d9a6ebce25 — 10 fields changed, isInsert=true
[2026-05-11T09:01:30.369Z] [SyncDiag] FIELD-LOGGER: spare_component_links row=d405e24f-55f7-44e8-9817-cc8447118763 — 10 fields changed, isInsert=true
[2026-05-11T09:01:30.398Z] [SyncDiag] FIELD-LOGGER: spare_component_links row=83e83d0a-d121-4be1-b12d-c0941fe5f87f — 10 fields changed, isInsert=true
[2026-05-11T09:01:30.425Z] [SyncDiag] FIELD-LOGGER: spare_component_links row=3498086b-785b-48ad-9001-513e2d40d3eb — 10 fields changed, isInsert=true
[2026-05-11T09:01:30.452Z] [SyncDiag] FIELD-LOGGER: spare_component_links row=4b73b6cf-88ce-437c-ae64-766771bd968f — 10 fields changed, isInsert=true
[2026-05-11T09:01:30.480Z] [SyncDiag] FIELD-LOGGER: spare_component_links row=341d6342-3653-4acb-8fe7-8a63e5de2220 — 10 fields changed, isInsert=true
[2026-05-11T09:01:30.508Z] [SyncDiag] FIELD-LOGGER: spare_component_links row=6964389b-f53f-4291-99b1-76a579d8dd0a — 10 fields changed, isInsert=true
[2026-05-11T09:01:30.535Z] [SyncDiag] FIELD-LOGGER: spare_component_links row=d071de18-fae3-427e-95d1-d9db332f854b — 10 fields changed, isInsert=true
[2026-05-11T09:01:30.559Z] [SyncDiag] FIELD-LOGGER: spare_component_links row=29adcb16-8ac4-475e-b00f-f7ec1b7f5946 — 10 fields changed, isInsert=true
[2026-05-11T09:01:30.585Z] [SyncDiag] FIELD-LOGGER: spare_component_links row=9360be1d-a178-47b1-aebb-57795d93b190 — 10 fields changed, isInsert=true
[2026-05-11T09:01:30.610Z] [SyncDiag] FIELD-LOGGER: spare_component_links row=0b4bd8bd-0fee-4223-b6ff-20ddb10b27e5 — 10 fields changed, isInsert=true
[2026-05-11T09:01:30.633Z] [SyncDiag] FIELD-LOGGER: spare_component_links row=841252fb-f990-4bd7-95c1-6b7ab3f83068 — 10 fields changed, isInsert=true
[2026-05-11T09:01:30.663Z] [SyncDiag] FIELD-LOGGER: spare_component_links row=86eda71d-e49b-428d-a393-5830108982dd — 10 fields changed, isInsert=true
[2026-05-11T09:01:30.690Z] [SyncDiag] FIELD-LOGGER: spare_component_links row=8f72eea3-4cc9-4f92-85bf-e6d2a77cf84a — 10 fields changed, isInsert=true
[2026-05-11T09:01:30.713Z] [SyncDiag] FIELD-LOGGER: spare_component_links row=5baf4998-7744-4ad1-98bc-72e3ea438d17 — 10 fields changed, isInsert=true
[2026-05-11T09:01:30.739Z] [SyncDiag] FIELD-LOGGER: spare_component_links row=f471b66e-6f7d-4185-ac39-2effe3ce47bf — 10 fields changed, isInsert=true
[2026-05-11T09:01:30.765Z] [SyncDiag] FIELD-LOGGER: spare_component_links row=93c638c2-2627-4f19-a4ad-c258dec3e5b3 — 10 fields changed, isInsert=true
[2026-05-11T09:01:30.790Z] [SyncDiag] FIELD-LOGGER: spare_component_links row=5b831a13-a696-457a-b5c6-3c96d9ba2125 — 10 fields changed, isInsert=true
[2026-05-11T09:01:30.820Z] [SyncDiag] FIELD-LOGGER: spare_component_links row=8bccbd49-a0fb-4653-acab-f2559fd44bef — 10 fields changed, isInsert=true
[2026-05-11T09:01:30.850Z] [SyncDiag] FIELD-LOGGER: spare_component_links row=2069fd75-b726-417b-b816-119ea24e8d53 — 10 fields changed, isInsert=true
[2026-05-11T09:01:30.875Z] [SyncDiag] FIELD-LOGGER: spare_component_links row=10ba7e78-382b-4e7f-b25d-411406200ad1 — 10 fields changed, isInsert=true
[2026-05-11T09:01:30.901Z] [SyncDiag] FIELD-LOGGER: spare_component_links row=359c6399-13c3-454e-aafc-8c573c16418c — 10 fields changed, isInsert=true
[2026-05-11T09:01:30.926Z] [SyncDiag] FIELD-LOGGER: spare_component_links row=9ad8130d-3d47-4826-896b-5d38c0f4e248 — 10 fields changed, isInsert=true
[2026-05-11T09:01:30.955Z] [SyncDiag] FIELD-LOGGER: spare_component_links row=2c559d18-82d6-404e-b207-7bbb9d79b30b — 10 fields changed, isInsert=true
[2026-05-11T09:01:30.981Z] [SyncDiag] FIELD-LOGGER: spare_component_links row=57b08ef5-77f7-4df7-9e3a-851fc61afbed — 10 fields changed, isInsert=true
[2026-05-11T09:01:31.005Z] [SyncDiag] FIELD-LOGGER: spare_component_links row=68020a5a-f5c1-4f2b-a52a-b6b775f57e0c — 10 fields changed, isInsert=true
[2026-05-11T09:01:31.028Z] [SyncDiag] FIELD-LOGGER: spare_component_links row=646370f1-f16f-467d-893f-57e8350297b0 — 10 fields changed, isInsert=true
[2026-05-11T09:01:31.053Z] [SyncDiag] FIELD-LOGGER: spare_component_links row=7e2b8a6e-c41a-4bcb-8ac3-e172fbbc3c03 — 10 fields changed, isInsert=true
[2026-05-11T09:01:31.079Z] [SyncDiag] FIELD-LOGGER: spare_component_links row=3b428b83-24e2-47b9-9d05-5bba715082f6 — 10 fields changed, isInsert=true
[2026-05-11T09:01:31.105Z] [SyncDiag] FIELD-LOGGER: spare_component_links row=33254a8a-3fe0-4098-a36c-ab8b2b085ee7 — 10 fields changed, isInsert=true
[2026-05-11T09:01:31.130Z] [SyncDiag] FIELD-LOGGER: spare_component_links row=850feb61-3709-40ae-a920-83305ecf32e2 — 10 fields changed, isInsert=true
[2026-05-11T09:01:31.154Z] [SyncDiag] FIELD-LOGGER: spare_component_links row=07606491-1661-49c8-9447-669026541867 — 10 fields changed, isInsert=true
[2026-05-11T09:01:31.180Z] [SyncDiag] FIELD-LOGGER: spare_component_links row=4f65d1ef-b268-4b6f-8999-f32ccad97a44 — 10 fields changed, isInsert=true
[2026-05-11T09:01:31.206Z] [SyncDiag] FIELD-LOGGER: spare_component_links row=24736364-22e0-4b94-8265-6326c8183bc7 — 10 fields changed, isInsert=true
[2026-05-11T09:01:31.229Z] [SyncDiag] FIELD-LOGGER: spare_component_links row=022b501f-cd79-4e5d-9063-c591863c27cb — 10 fields changed, isInsert=true
[2026-05-11T09:01:31.255Z] [SyncDiag] FIELD-LOGGER: spare_component_links row=aa775495-b576-46e7-b4b8-4866de150e52 — 10 fields changed, isInsert=true
[2026-05-11T09:01:31.280Z] [SyncDiag] FIELD-LOGGER: spare_component_links row=48b89f40-e3dc-4770-a613-80206c0988df — 10 fields changed, isInsert=true
[2026-05-11T09:01:31.305Z] [SyncDiag] FIELD-LOGGER: spare_component_links row=e8955208-c028-4984-8cfe-11381f950eb0 — 10 fields changed, isInsert=true
[2026-05-11T09:01:31.331Z] [SyncDiag] FIELD-LOGGER: spare_component_links row=8439a3d5-f868-4ea1-b63c-27002f6c7e75 — 10 fields changed, isInsert=true
[2026-05-11T09:01:31.358Z] [SyncDiag] FIELD-LOGGER: spare_component_links row=9a3eb47c-e471-4658-9585-a3425cf005af — 10 fields changed, isInsert=true
[2026-05-11T09:01:31.382Z] [SyncDiag] FIELD-LOGGER: spare_component_links row=f73f5dfc-8119-4cf0-a806-5e7a76498b36 — 10 fields changed, isInsert=true
[2026-05-11T09:01:31.409Z] [SyncDiag] FIELD-LOGGER: spare_component_links row=0a8a9f02-28d9-4c11-8fc8-f5a9bb62c5c8 — 10 fields changed, isInsert=true
[2026-05-11T09:01:31.434Z] [SyncDiag] FIELD-LOGGER: spare_component_links row=2199827f-df9c-44c9-8db4-c2d2356cd8a2 — 10 fields changed, isInsert=true
[2026-05-11T09:01:31.459Z] [SyncDiag] FIELD-LOGGER: spare_component_links row=8f9da0e6-ec27-4127-a1f4-6b09e742a3d1 — 10 fields changed, isInsert=true
[2026-05-11T09:01:31.485Z] [SyncDiag] FIELD-LOGGER: spare_component_links row=da1a6485-0676-42db-885d-71eecae04b7c — 10 fields changed, isInsert=true
[2026-05-11T09:01:31.510Z] [SyncDiag] FIELD-LOGGER: spare_component_links row=afe3a8c5-e778-425e-af22-334bb8e3afc9 — 10 fields changed, isInsert=true
[2026-05-11T09:01:31.536Z] [SyncDiag] FIELD-LOGGER: spare_component_links row=c1c46336-9cdb-4730-b941-41312038d664 — 10 fields changed, isInsert=true
[2026-05-11T09:01:31.563Z] [SyncDiag] FIELD-LOGGER: spare_component_links row=28c244bc-39ba-4354-8c77-0a34edaf4714 — 10 fields changed, isInsert=true
[2026-05-11T09:01:31.591Z] [SyncDiag] FIELD-LOGGER: spare_component_links row=6f551113-b02c-4be9-8f47-c602a33d6712 — 10 fields changed, isInsert=true
[2026-05-11T09:01:31.617Z] [SyncDiag] FIELD-LOGGER: spare_component_links row=f43902e9-4924-4164-9db0-c61cfd37bc6a — 10 fields changed, isInsert=true
[2026-05-11T09:01:31.645Z] [SyncDiag] FIELD-LOGGER: spare_component_links row=058d5b99-e763-4251-b48c-00eedadd6723 — 10 fields changed, isInsert=true
[2026-05-11T09:01:31.667Z] [SyncDiag] FIELD-LOGGER: spare_component_links row=8f299dbc-b1d3-40e3-a21c-0deb0b8409ea — 10 fields changed, isInsert=true
[2026-05-11T09:01:31.692Z] [SyncDiag] FIELD-LOGGER: spare_component_links row=0ab9191f-254a-4c0e-97ac-bf7913ae4bd3 — 10 fields changed, isInsert=true
[2026-05-11T09:01:31.721Z] [SyncDiag] FIELD-LOGGER: spare_component_links row=c71ea415-244a-43fa-9d12-f36f014b287e — 10 fields changed, isInsert=true
[2026-05-11T09:01:31.746Z] [SyncDiag] FIELD-LOGGER: spare_component_links row=4dc903a3-f84a-4669-98b0-aced264ce22a — 10 fields changed, isInsert=true
[2026-05-11T09:01:31.772Z] [SyncDiag] FIELD-LOGGER: spare_component_links row=16004484-f4ef-4cb2-822b-812880c3a46e — 10 fields changed, isInsert=true
[2026-05-11T09:01:31.795Z] [SyncDiag] FIELD-LOGGER: spare_component_links row=26b6b2f8-a26c-47a8-9c66-a2cb7af1f799 — 10 fields changed, isInsert=true
[2026-05-11T09:01:31.821Z] [SyncDiag] FIELD-LOGGER: spare_component_links row=6c55b6f0-58e5-4b08-8822-9578595fdf3d — 10 fields changed, isInsert=true
[2026-05-11T09:01:31.857Z] [SyncDiag] FIELD-LOGGER: spare_component_links row=017b5fae-9d86-4086-b973-ddb2ec6e5355 — 10 fields changed, isInsert=true
[2026-05-11T09:01:31.882Z] [SyncDiag] FIELD-LOGGER: spare_component_links row=ebe58751-5c6c-4501-be23-3c924ec2c7df — 10 fields changed, isInsert=true
[2026-05-11T09:01:31.906Z] [SyncDiag] FIELD-LOGGER: spare_component_links row=4f8e545e-ae5b-4703-bbea-51e43fb4e65f — 10 fields changed, isInsert=true
[2026-05-11T09:01:31.931Z] [SyncDiag] FIELD-LOGGER: spare_component_links row=a8e40cf3-f532-421b-8bbb-b0e0d5550a5e — 10 fields changed, isInsert=true
[2026-05-11T09:01:31.957Z] [SyncDiag] FIELD-LOGGER: spare_component_links row=a6a0ca5e-8394-4a67-8d41-d4d3cc026af8 — 10 fields changed, isInsert=true
[2026-05-11T09:01:31.980Z] [SyncDiag] FIELD-LOGGER: spare_component_links row=2c17b30f-8796-483e-8a7a-9ef01502cbf8 — 10 fields changed, isInsert=true
[2026-05-11T09:01:32.005Z] [SyncDiag] FIELD-LOGGER: spare_component_links row=68305163-2dc7-4600-9085-013edf51c1ec — 10 fields changed, isInsert=true
[2026-05-11T09:01:32.030Z] [SyncDiag] FIELD-LOGGER: spare_component_links row=905c320d-a6b4-4511-be59-647a647ff67e — 10 fields changed, isInsert=true
[2026-05-11T09:01:32.053Z] [SyncDiag] FIELD-LOGGER: spare_component_links row=7f4684ec-40eb-4b65-9293-44b46706e2ec — 10 fields changed, isInsert=true
[2026-05-11T09:01:32.076Z] [SyncDiag] FIELD-LOGGER: spare_component_links row=57c699cd-0917-4265-9fff-2f8914524ca5 — 10 fields changed, isInsert=true
[2026-05-11T09:01:32.102Z] [SyncDiag] FIELD-LOGGER: spare_component_links row=aa07620f-3c5a-4383-a50d-223000d152b0 — 10 fields changed, isInsert=true
[2026-05-11T09:01:32.125Z] [SyncDiag] FIELD-LOGGER: spare_component_links row=34a2c1f6-9169-46ef-a5da-57a4f593043b — 10 fields changed, isInsert=true
[2026-05-11T09:01:32.154Z] [SyncDiag] FIELD-LOGGER: spare_component_links row=6c301c0f-51b4-4b18-ac4b-3d14190c3e16 — 10 fields changed, isInsert=true
[2026-05-11T09:01:32.178Z] [SyncDiag] FIELD-LOGGER: spare_component_links row=3dac1bc5-0474-452c-8681-af56bea3581e — 10 fields changed, isInsert=true
[2026-05-11T09:01:32.201Z] [SyncDiag] FIELD-LOGGER: spare_component_links row=8b17e220-dd64-4247-88aa-7ba8525ff224 — 10 fields changed, isInsert=true
[2026-05-11T09:01:32.225Z] [SyncDiag] FIELD-LOGGER: spare_component_links row=6f6d0346-01da-4912-b486-310e209d4093 — 10 fields changed, isInsert=true
[2026-05-11T09:01:32.248Z] [SyncDiag] FIELD-LOGGER: spare_component_links row=da5640f2-408e-4317-879d-db013c698791 — 10 fields changed, isInsert=true
[2026-05-11T09:01:32.273Z] [SyncDiag] FIELD-LOGGER: spare_component_links row=7ba52f09-e40b-453e-b40d-6d5310207dbd — 10 fields changed, isInsert=true
[2026-05-11T09:01:32.296Z] [SyncDiag] FIELD-LOGGER: spare_component_links row=8484a20d-901d-46c1-97d6-294442a86ade — 10 fields changed, isInsert=true
[2026-05-11T09:01:32.322Z] [SyncDiag] FIELD-LOGGER: spare_component_links row=7667a0ea-775a-47ba-b37e-561bc6cc7ba6 — 10 fields changed, isInsert=true
[2026-05-11T09:01:32.345Z] [SyncDiag] FIELD-LOGGER: spare_component_links row=7cefb206-cf4f-49d1-bbb9-1f30e86f8eb7 — 10 fields changed, isInsert=true
[2026-05-11T09:01:43.273Z] [SyncDiag] RECEIVE-PUSH START: batch=17516efa-e9bd-4d66-8fad-b815f7a26acf, vessel=7446783c-841a-11ed-aa7c-7003bca91a86, fieldLogs=0, oneWayRows=0
[2026-05-11T09:01:43.279Z] [SyncDiag] RECEIVE-PUSH DONE: stored=0, applied=0, errors=0, oneWayTables=0
[2026-05-11T09:01:43.287Z] [SyncDiag] PREPARE-PULL START: vessel=7446783c-841a-11ed-aa7c-7003bca91a86, vesselCode=null, checkpoint=2026-05-04T11:18:08.589Z
[2026-05-11T09:01:43.695Z] [SyncDiag] PREPARE-PULL FIELD LOGS: 1153 shore logs for vessel
[2026-05-11T09:01:43.787Z] [SyncDiag] PREPARE-PULL DONE: 353 one-way rows across 10 tables, 1153 field logs, 0 conflicts
[2026-05-11T09:01:43.788Z] [SyncDiag] PREPARE-PULL ONE-WAY: components — 12 rows
[2026-05-11T09:01:43.788Z] [SyncDiag] PREPARE-PULL ONE-WAY: jobs — 2 rows
[2026-05-11T09:01:43.788Z] [SyncDiag] PREPARE-PULL ONE-WAY: fleet_groups — 13 rows
[2026-05-11T09:01:43.789Z] [SyncDiag] PREPARE-PULL ONE-WAY: maker_list — 2 rows
[2026-05-11T09:01:43.789Z] [SyncDiag] PREPARE-PULL ONE-WAY: master_lists — 6 rows
[2026-05-11T09:01:43.790Z] [SyncDiag] PREPARE-PULL ONE-WAY: pms_vessel_settings — 1 rows
[2026-05-11T09:01:43.790Z] [SyncDiag] PREPARE-PULL ONE-WAY: ship_certificates_master — 135 rows
[2026-05-11T09:01:43.790Z] [SyncDiag] PREPARE-PULL ONE-WAY: ship_surveys_master — 64 rows
[2026-05-11T09:01:43.791Z] [SyncDiag] PREPARE-PULL ONE-WAY: vessel_certificate_applicability — 77 rows
[2026-05-11T09:01:43.791Z] [SyncDiag] PREPARE-PULL ONE-WAY: vessel_survey_applicability — 41 rows
[2026-05-11T09:02:34.178Z] [SyncDiag] RECEIVE-PUSH START: batch=968a9534-9863-4f02-8ddb-b8ce8ac5f1a6, vessel=7446783c-841a-11ed-aa7c-7003bca91a86, fieldLogs=30, oneWayRows=0
[2026-05-11T09:02:34.211Z] [SyncDiag] RECEIVE-PUSH: 30 field logs stored in sync_field_log
[2026-05-11T09:02:34.212Z] [SyncDiag] SYNC-APPLY TRIGGER BYPASS active for batch=968a9534-9863-4f02-8ddb-b8ce8ac5f1a6
[2026-05-11T09:02:34.212Z] [SyncDiag] FIELD-LOG-INSERT START: 30 logs
[2026-05-11T09:02:34.213Z] [SyncDiag] FIELD-LOG-INSERT: 3 groups from 30 logs
[2026-05-11T09:02:34.230Z] [SyncDiag] FIELD-LOG-INSERT OK: spares_history row=528b1c15-6c7d-4e83-8de8-bec36ca61f83 (19 columns)
[2026-05-11T09:02:34.237Z] [SyncDiag] FIELD-LOG-INSERT OK: spare_location_stock row=8a070a3b-457a-4406-b6f0-76688464e675 (9 columns)
[2026-05-11T09:02:34.237Z] [SyncDiag] FIELD-LOG-INSERT DONE: inserted=2, updatePassthrough=4, errors=0
[2026-05-11T09:02:34.247Z] [SyncDiag] RECEIVE-PUSH DONE: stored=30, applied=5, errors=1, oneWayTables=0
[2026-05-11T09:02:36.262Z] [SyncDiag] PREPARE-PULL START: vessel=7446783c-841a-11ed-aa7c-7003bca91a86, vesselCode=null, checkpoint=2026-05-04T11:18:08.589Z
[2026-05-11T09:02:36.574Z] [SyncDiag] PREPARE-PULL FIELD LOGS: 0 shore logs for vessel
[2026-05-11T09:02:36.657Z] [SyncDiag] PREPARE-PULL DONE: 353 one-way rows across 10 tables, 0 field logs, 0 conflicts
[2026-05-11T09:02:36.658Z] [SyncDiag] PREPARE-PULL ONE-WAY: components — 12 rows
[2026-05-11T09:02:36.658Z] [SyncDiag] PREPARE-PULL ONE-WAY: jobs — 2 rows
[2026-05-11T09:02:36.659Z] [SyncDiag] PREPARE-PULL ONE-WAY: fleet_groups — 13 rows
[2026-05-11T09:02:36.659Z] [SyncDiag] PREPARE-PULL ONE-WAY: maker_list — 2 rows
[2026-05-11T09:02:36.659Z] [SyncDiag] PREPARE-PULL ONE-WAY: master_lists — 6 rows
[2026-05-11T09:02:36.660Z] [SyncDiag] PREPARE-PULL ONE-WAY: pms_vessel_settings — 1 rows
[2026-05-11T09:02:36.660Z] [SyncDiag] PREPARE-PULL ONE-WAY: ship_certificates_master — 135 rows
[2026-05-11T09:02:36.661Z] [SyncDiag] PREPARE-PULL ONE-WAY: ship_surveys_master — 64 rows
[2026-05-11T09:02:36.661Z] [SyncDiag] PREPARE-PULL ONE-WAY: vessel_certificate_applicability — 77 rows
[2026-05-11T09:02:36.661Z] [SyncDiag] PREPARE-PULL ONE-WAY: vessel_survey_applicability — 41 rows
[2026-05-11T09:09:21.094Z] [SyncDiag] RECEIVE-PUSH START: batch=54518387-7c59-4370-ba60-471a7aa1e0aa, vessel=7446783c-841a-11ed-aa7c-7003bca91a86, fieldLogs=85, oneWayRows=0
[2026-05-11T09:09:21.161Z] [SyncDiag] RECEIVE-PUSH: 85 field logs stored in sync_field_log
[2026-05-11T09:09:21.162Z] [SyncDiag] SYNC-APPLY TRIGGER BYPASS active for batch=54518387-7c59-4370-ba60-471a7aa1e0aa
[2026-05-11T09:09:21.163Z] [SyncDiag] FIELD-LOG-INSERT START: 85 logs
[2026-05-11T09:09:21.163Z] [SyncDiag] FIELD-LOG-INSERT: 6 groups from 85 logs
[2026-05-11T09:09:21.185Z] [SyncDiag] FIELD-LOG-INSERT OK: stores_ledger row=6d2d9a9a-c100-4a33-92c7-c67eedec9097 (21 columns)
[2026-05-11T09:09:21.187Z] [SyncDiag] FIELD-LOG-INSERT OK: stores_ledger row=7fe06afd-4949-426a-8243-83fdb42611af (21 columns)
[2026-05-11T09:09:21.189Z] [SyncDiag] FIELD-LOG-INSERT OK: stores_ledger row=de84106e-e79c-468c-9ef5-25e3578788fd (20 columns)
[2026-05-11T09:09:21.190Z] [SyncDiag] FIELD-LOG-INSERT OK: stores_ledger row=fd4fa2fd-d947-48bf-a278-dae453e84ca7 (20 columns)
[2026-05-11T09:09:21.191Z] [SyncDiag] FIELD-LOG-INSERT DONE: inserted=4, updatePassthrough=7, errors=0
[2026-05-11T09:09:21.210Z] [SyncDiag] RECEIVE-PUSH DONE: stored=85, applied=11, errors=0, oneWayTables=0
[2026-05-11T09:09:23.234Z] [SyncDiag] PREPARE-PULL START: vessel=7446783c-841a-11ed-aa7c-7003bca91a86, vesselCode=null, checkpoint=2026-05-04T11:18:08.589Z
[2026-05-11T09:09:23.630Z] [SyncDiag] PREPARE-PULL FIELD LOGS: 0 shore logs for vessel
[2026-05-11T09:09:23.808Z] [SyncDiag] PREPARE-PULL DONE: 353 one-way rows across 10 tables, 0 field logs, 0 conflicts
[2026-05-11T09:09:23.808Z] [SyncDiag] PREPARE-PULL ONE-WAY: components — 12 rows
[2026-05-11T09:09:23.809Z] [SyncDiag] PREPARE-PULL ONE-WAY: jobs — 2 rows
[2026-05-11T09:09:23.809Z] [SyncDiag] PREPARE-PULL ONE-WAY: fleet_groups — 13 rows
[2026-05-11T09:09:23.809Z] [SyncDiag] PREPARE-PULL ONE-WAY: maker_list — 2 rows
[2026-05-11T09:09:23.810Z] [SyncDiag] PREPARE-PULL ONE-WAY: master_lists — 6 rows
[2026-05-11T09:09:23.810Z] [SyncDiag] PREPARE-PULL ONE-WAY: pms_vessel_settings — 1 rows
[2026-05-11T09:09:23.810Z] [SyncDiag] PREPARE-PULL ONE-WAY: ship_certificates_master — 135 rows
[2026-05-11T09:09:23.811Z] [SyncDiag] PREPARE-PULL ONE-WAY: ship_surveys_master — 64 rows
[2026-05-11T09:09:23.811Z] [SyncDiag] PREPARE-PULL ONE-WAY: vessel_certificate_applicability — 77 rows
[2026-05-11T09:09:23.811Z] [SyncDiag] PREPARE-PULL ONE-WAY: vessel_survey_applicability — 41 rows
[2026-05-11T09:10:08.000Z] [SyncDiag] FIELD-LOGGER: stores_items row=961eb461-d5fd-4cb5-b07b-7e361ef06266 — 18 fields changed, isInsert=true
[2026-05-11T09:10:15.827Z] [SyncDiag] RECEIVE-PUSH START: batch=4492d132-565c-490b-916a-3c7173da747a, vessel=7446783c-841a-11ed-aa7c-7003bca91a86, fieldLogs=0, oneWayRows=0
[2026-05-11T09:10:15.832Z] [SyncDiag] RECEIVE-PUSH DONE: stored=0, applied=0, errors=0, oneWayTables=0
[2026-05-11T09:10:15.839Z] [SyncDiag] PREPARE-PULL START: vessel=7446783c-841a-11ed-aa7c-7003bca91a86, vesselCode=null, checkpoint=2026-05-04T11:18:08.589Z
[2026-05-11T09:10:16.103Z] [SyncDiag] PREPARE-PULL FIELD LOGS: 18 shore logs for vessel
[2026-05-11T09:10:16.185Z] [SyncDiag] PREPARE-PULL DONE: 353 one-way rows across 10 tables, 18 field logs, 0 conflicts
[2026-05-11T09:10:16.185Z] [SyncDiag] PREPARE-PULL ONE-WAY: components — 12 rows
[2026-05-11T09:10:16.186Z] [SyncDiag] PREPARE-PULL ONE-WAY: jobs — 2 rows
[2026-05-11T09:10:16.186Z] [SyncDiag] PREPARE-PULL ONE-WAY: fleet_groups — 13 rows
[2026-05-11T09:10:16.186Z] [SyncDiag] PREPARE-PULL ONE-WAY: maker_list — 2 rows
[2026-05-11T09:10:16.187Z] [SyncDiag] PREPARE-PULL ONE-WAY: master_lists — 6 rows
[2026-05-11T09:10:16.187Z] [SyncDiag] PREPARE-PULL ONE-WAY: pms_vessel_settings — 1 rows
[2026-05-11T09:10:16.188Z] [SyncDiag] PREPARE-PULL ONE-WAY: ship_certificates_master — 135 rows
[2026-05-11T09:10:16.188Z] [SyncDiag] PREPARE-PULL ONE-WAY: ship_surveys_master — 64 rows
[2026-05-11T09:10:16.188Z] [SyncDiag] PREPARE-PULL ONE-WAY: vessel_certificate_applicability — 77 rows
[2026-05-11T09:10:16.189Z] [SyncDiag] PREPARE-PULL ONE-WAY: vessel_survey_applicability — 41 rows
[2026-05-11T09:11:56.084Z] [SyncDiag] RECEIVE-PUSH START: batch=6713f4bf-8eee-4249-b834-a0cf6fa629fc, vessel=7446783c-841a-11ed-aa7c-7003bca91a86, fieldLogs=20, oneWayRows=0
[2026-05-11T09:11:56.104Z] [SyncDiag] RECEIVE-PUSH: 20 field logs stored in sync_field_log
[2026-05-11T09:11:56.105Z] [SyncDiag] SYNC-APPLY TRIGGER BYPASS active for batch=6713f4bf-8eee-4249-b834-a0cf6fa629fc
[2026-05-11T09:11:56.105Z] [SyncDiag] FIELD-LOG-INSERT START: 20 logs
[2026-05-11T09:11:56.106Z] [SyncDiag] FIELD-LOG-INSERT: 2 groups from 20 logs
[2026-05-11T09:11:56.117Z] [SyncDiag] FIELD-LOG-INSERT OK: stores_ledger row=34918c4d-24bf-4964-a787-f2d05c512038 (19 columns)
[2026-05-11T09:11:56.118Z] [SyncDiag] FIELD-LOG-INSERT DONE: inserted=1, updatePassthrough=2, errors=0
[2026-05-11T09:11:56.125Z] [SyncDiag] RECEIVE-PUSH DONE: stored=20, applied=3, errors=0, oneWayTables=0
[2026-05-11T09:11:58.144Z] [SyncDiag] PREPARE-PULL START: vessel=7446783c-841a-11ed-aa7c-7003bca91a86, vesselCode=null, checkpoint=2026-05-04T11:18:08.589Z
[2026-05-11T09:11:58.434Z] [SyncDiag] PREPARE-PULL FIELD LOGS: 0 shore logs for vessel
[2026-05-11T09:11:58.517Z] [SyncDiag] PREPARE-PULL DONE: 353 one-way rows across 10 tables, 0 field logs, 0 conflicts
[2026-05-11T09:11:58.518Z] [SyncDiag] PREPARE-PULL ONE-WAY: components — 12 rows
[2026-05-11T09:11:58.518Z] [SyncDiag] PREPARE-PULL ONE-WAY: jobs — 2 rows
[2026-05-11T09:11:58.519Z] [SyncDiag] PREPARE-PULL ONE-WAY: fleet_groups — 13 rows
[2026-05-11T09:11:58.519Z] [SyncDiag] PREPARE-PULL ONE-WAY: maker_list — 2 rows
[2026-05-11T09:11:58.519Z] [SyncDiag] PREPARE-PULL ONE-WAY: master_lists — 6 rows
[2026-05-11T09:11:58.520Z] [SyncDiag] PREPARE-PULL ONE-WAY: pms_vessel_settings — 1 rows
[2026-05-11T09:11:58.520Z] [SyncDiag] PREPARE-PULL ONE-WAY: ship_certificates_master — 135 rows
[2026-05-11T09:11:58.521Z] [SyncDiag] PREPARE-PULL ONE-WAY: ship_surveys_master — 64 rows
[2026-05-11T09:11:58.521Z] [SyncDiag] PREPARE-PULL ONE-WAY: vessel_certificate_applicability — 77 rows
[2026-05-11T09:11:58.521Z] [SyncDiag] PREPARE-PULL ONE-WAY: vessel_survey_applicability — 41 rows
[2026-05-11T09:15:37.564Z] [SyncDiag] FIELD-LOGGER: spares row=6a4d067a-c727-41eb-befa-74cdf2a4a753 — 1 fields changed, isInsert=false
[2026-05-11T09:15:37.595Z] [SyncDiag] FIELD-LOGGER: spare_location_stock row=12da9b73-2316-4b2e-b509-3b688986c64c — 9 fields changed, isInsert=true
[2026-05-11T09:15:37.602Z] [SyncDiag] FIELD-LOGGER: spare_location_stock row=2f0f7ad1-12ad-455d-ac34-202c949bd341 — 1 fields changed, isInsert=false
[2026-05-11T09:16:24.844Z] [SyncDiag] RECEIVE-PUSH START: batch=f394483c-6613-4b0d-950b-8753893c2936, vessel=7446783c-841a-11ed-aa7c-7003bca91a86, fieldLogs=0, oneWayRows=0
[2026-05-11T09:16:24.849Z] [SyncDiag] RECEIVE-PUSH DONE: stored=0, applied=0, errors=0, oneWayTables=0
[2026-05-11T09:16:24.857Z] [SyncDiag] PREPARE-PULL START: vessel=7446783c-841a-11ed-aa7c-7003bca91a86, vesselCode=null, checkpoint=2026-05-04T11:18:08.589Z
[2026-05-11T09:16:25.173Z] [SyncDiag] PREPARE-PULL FIELD LOGS: 11 shore logs for vessel
[2026-05-11T09:16:25.360Z] [SyncDiag] PREPARE-PULL DONE: 353 one-way rows across 10 tables, 11 field logs, 0 conflicts
[2026-05-11T09:16:25.360Z] [SyncDiag] PREPARE-PULL ONE-WAY: components — 12 rows
[2026-05-11T09:16:25.361Z] [SyncDiag] PREPARE-PULL ONE-WAY: jobs — 2 rows
[2026-05-11T09:16:25.361Z] [SyncDiag] PREPARE-PULL ONE-WAY: fleet_groups — 13 rows
[2026-05-11T09:16:25.361Z] [SyncDiag] PREPARE-PULL ONE-WAY: maker_list — 2 rows
[2026-05-11T09:16:25.362Z] [SyncDiag] PREPARE-PULL ONE-WAY: master_lists — 6 rows
[2026-05-11T09:16:25.362Z] [SyncDiag] PREPARE-PULL ONE-WAY: pms_vessel_settings — 1 rows
[2026-05-11T09:16:25.362Z] [SyncDiag] PREPARE-PULL ONE-WAY: ship_certificates_master — 135 rows
[2026-05-11T09:16:25.363Z] [SyncDiag] PREPARE-PULL ONE-WAY: ship_surveys_master — 64 rows
[2026-05-11T09:16:25.363Z] [SyncDiag] PREPARE-PULL ONE-WAY: vessel_certificate_applicability — 77 rows
[2026-05-11T09:16:25.364Z] [SyncDiag] PREPARE-PULL ONE-WAY: vessel_survey_applicability — 41 rows
[2026-05-11T09:17:07.210Z] [SyncDiag] RECEIVE-PUSH START: batch=a6569081-0282-40d4-aa12-1f1ee0f806ca, vessel=7446783c-841a-11ed-aa7c-7003bca91a86, fieldLogs=9, oneWayRows=0
[2026-05-11T09:17:07.289Z] [SyncDiag] RECEIVE-PUSH: 9 field logs stored in sync_field_log
[2026-05-11T09:17:07.290Z] [SyncDiag] SYNC-APPLY TRIGGER BYPASS active for batch=a6569081-0282-40d4-aa12-1f1ee0f806ca
[2026-05-11T09:17:07.291Z] [SyncDiag] FIELD-LOG-INSERT START: 9 logs
[2026-05-11T09:17:07.291Z] [SyncDiag] FIELD-LOG-INSERT: 2 groups from 9 logs
[2026-05-11T09:17:07.452Z] [SyncDiag] FIELD-LOG-INSERT OK: spare_location_stock row=5ea9f0e4-2357-4ea4-b38c-8d035ffa3b6b (9 columns)
[2026-05-11T09:17:07.453Z] [SyncDiag] FIELD-LOG-INSERT DONE: inserted=1, updatePassthrough=1, errors=0
[2026-05-11T09:17:07.479Z] [SyncDiag] RECEIVE-PUSH DONE: stored=9, applied=1, errors=1, oneWayTables=0
[2026-05-11T09:17:07.491Z] [SyncDiag] PREPARE-PULL START: vessel=7446783c-841a-11ed-aa7c-7003bca91a86, vesselCode=null, checkpoint=2026-05-04T11:18:08.589Z
[2026-05-11T09:17:07.947Z] [SyncDiag] PREPARE-PULL FIELD LOGS: 0 shore logs for vessel
[2026-05-11T09:17:08.031Z] [SyncDiag] PREPARE-PULL DONE: 353 one-way rows across 10 tables, 0 field logs, 0 conflicts
[2026-05-11T09:17:08.031Z] [SyncDiag] PREPARE-PULL ONE-WAY: components — 12 rows
[2026-05-11T09:17:08.032Z] [SyncDiag] PREPARE-PULL ONE-WAY: jobs — 2 rows
[2026-05-11T09:17:08.032Z] [SyncDiag] PREPARE-PULL ONE-WAY: fleet_groups — 13 rows
[2026-05-11T09:17:08.032Z] [SyncDiag] PREPARE-PULL ONE-WAY: maker_list — 2 rows
[2026-05-11T09:17:08.033Z] [SyncDiag] PREPARE-PULL ONE-WAY: master_lists — 6 rows
[2026-05-11T09:17:08.033Z] [SyncDiag] PREPARE-PULL ONE-WAY: pms_vessel_settings — 1 rows
[2026-05-11T09:17:08.034Z] [SyncDiag] PREPARE-PULL ONE-WAY: ship_certificates_master — 135 rows
[2026-05-11T09:17:08.034Z] [SyncDiag] PREPARE-PULL ONE-WAY: ship_surveys_master — 64 rows
[2026-05-11T09:17:08.034Z] [SyncDiag] PREPARE-PULL ONE-WAY: vessel_certificate_applicability — 77 rows
[2026-05-11T09:17:08.035Z] [SyncDiag] PREPARE-PULL ONE-WAY: vessel_survey_applicability — 41 rows
[2026-05-11T09:18:00.684Z] [SyncDiag] RECEIVE-PUSH START: batch=0e50e5d6-428c-4c07-a9fe-60811ac391f0, vessel=7446783c-841a-11ed-aa7c-7003bca91a86, fieldLogs=0, oneWayRows=0
[2026-05-11T09:18:00.688Z] [SyncDiag] RECEIVE-PUSH DONE: stored=0, applied=0, errors=0, oneWayTables=0
[2026-05-11T09:18:02.772Z] [SyncDiag] PREPARE-PULL START: vessel=7446783c-841a-11ed-aa7c-7003bca91a86, vesselCode=null, checkpoint=2026-05-04T11:18:08.589Z
[2026-05-11T09:18:03.246Z] [SyncDiag] PREPARE-PULL FIELD LOGS: 0 shore logs for vessel
[2026-05-11T09:18:03.391Z] [SyncDiag] PREPARE-PULL DONE: 353 one-way rows across 10 tables, 0 field logs, 0 conflicts
[2026-05-11T09:18:03.391Z] [SyncDiag] PREPARE-PULL ONE-WAY: components — 12 rows
[2026-05-11T09:18:03.392Z] [SyncDiag] PREPARE-PULL ONE-WAY: jobs — 2 rows
[2026-05-11T09:18:03.392Z] [SyncDiag] PREPARE-PULL ONE-WAY: fleet_groups — 13 rows
[2026-05-11T09:18:03.392Z] [SyncDiag] PREPARE-PULL ONE-WAY: maker_list — 2 rows
[2026-05-11T09:18:03.393Z] [SyncDiag] PREPARE-PULL ONE-WAY: master_lists — 6 rows
[2026-05-11T09:18:03.393Z] [SyncDiag] PREPARE-PULL ONE-WAY: pms_vessel_settings — 1 rows
[2026-05-11T09:18:03.393Z] [SyncDiag] PREPARE-PULL ONE-WAY: ship_certificates_master — 135 rows
[2026-05-11T09:18:03.394Z] [SyncDiag] PREPARE-PULL ONE-WAY: ship_surveys_master — 64 rows
[2026-05-11T09:18:03.394Z] [SyncDiag] PREPARE-PULL ONE-WAY: vessel_certificate_applicability — 77 rows
[2026-05-11T09:18:03.395Z] [SyncDiag] PREPARE-PULL ONE-WAY: vessel_survey_applicability — 41 rows
[2026-05-11T09:20:32.480Z] [SyncDiag] RECEIVE-PUSH START: batch=8fbf6a00-52fc-45a1-98bf-73ccefbcc059, vessel=7446783c-841a-11ed-aa7c-7003bca91a86, fieldLogs=20, oneWayRows=0
[2026-05-11T09:20:32.499Z] [SyncDiag] RECEIVE-PUSH: 20 field logs stored in sync_field_log
[2026-05-11T09:20:32.500Z] [SyncDiag] SYNC-APPLY TRIGGER BYPASS active for batch=8fbf6a00-52fc-45a1-98bf-73ccefbcc059
[2026-05-11T09:20:32.501Z] [SyncDiag] FIELD-LOG-INSERT START: 20 logs
[2026-05-11T09:20:32.501Z] [SyncDiag] FIELD-LOG-INSERT: 1 groups from 20 logs
[2026-05-11T09:20:32.508Z] [SyncDiag] FIELD-LOG-INSERT OK: running_hours_audit row=2c36691d-44d2-4c50-b706-ce46fa1d43bc (21 columns)
[2026-05-11T09:20:32.508Z] [SyncDiag] FIELD-LOG-INSERT DONE: inserted=1, updatePassthrough=0, errors=0
[2026-05-11T09:20:32.512Z] [SyncDiag] RECEIVE-PUSH DONE: stored=20, applied=1, errors=0, oneWayTables=0
[2026-05-11T09:20:32.548Z] [SyncDiag] PREPARE-PULL START: vessel=7446783c-841a-11ed-aa7c-7003bca91a86, vesselCode=null, checkpoint=2026-05-04T11:18:08.589Z
[2026-05-11T09:20:33.156Z] [SyncDiag] PREPARE-PULL FIELD LOGS: 0 shore logs for vessel
[2026-05-11T09:20:33.347Z] [SyncDiag] PREPARE-PULL DONE: 353 one-way rows across 10 tables, 0 field logs, 0 conflicts
[2026-05-11T09:20:33.347Z] [SyncDiag] PREPARE-PULL ONE-WAY: components — 12 rows
[2026-05-11T09:20:33.348Z] [SyncDiag] PREPARE-PULL ONE-WAY: jobs — 2 rows
[2026-05-11T09:20:33.348Z] [SyncDiag] PREPARE-PULL ONE-WAY: fleet_groups — 13 rows
[2026-05-11T09:20:33.348Z] [SyncDiag] PREPARE-PULL ONE-WAY: maker_list — 2 rows
[2026-05-11T09:20:33.349Z] [SyncDiag] PREPARE-PULL ONE-WAY: master_lists — 6 rows
[2026-05-11T09:20:33.349Z] [SyncDiag] PREPARE-PULL ONE-WAY: pms_vessel_settings — 1 rows
[2026-05-11T09:20:33.350Z] [SyncDiag] PREPARE-PULL ONE-WAY: ship_certificates_master — 135 rows
[2026-05-11T09:20:33.350Z] [SyncDiag] PREPARE-PULL ONE-WAY: ship_surveys_master — 64 rows
[2026-05-11T09:20:33.350Z] [SyncDiag] PREPARE-PULL ONE-WAY: vessel_certificate_applicability — 77 rows
[2026-05-11T09:20:33.351Z] [SyncDiag] PREPARE-PULL ONE-WAY: vessel_survey_applicability — 41 rows
[2026-05-11T09:21:48.442Z] [SyncDiag] FIELD-LOGGER: vessel_certificate_data row=4060a136-9f2d-42b4-9002-297d656c0e8e — 10 fields changed, isInsert=true
[2026-05-11T09:21:54.387Z] [SyncDiag] FIELD-LOGGER: vessel_certificate_data row=4060a136-9f2d-42b4-9002-297d656c0e8e — 1 fields changed, isInsert=false
[2026-05-11T09:22:01.373Z] [SyncDiag] FIELD-LOGGER: vessel_certificate_data row=4060a136-9f2d-42b4-9002-297d656c0e8e — 1 fields changed, isInsert=false
[2026-05-11T09:22:06.415Z] [SyncDiag] FIELD-LOGGER: vessel_certificate_data row=ccf9ca8f-e02c-4d88-bcfb-9ce5012838d6 — 10 fields changed, isInsert=true
[2026-05-11T09:22:11.965Z] [SyncDiag] FIELD-LOGGER: vessel_certificate_data row=ccf9ca8f-e02c-4d88-bcfb-9ce5012838d6 — 1 fields changed, isInsert=false
[2026-05-11T09:22:17.384Z] [SyncDiag] FIELD-LOGGER: vessel_certificate_data row=ccf9ca8f-e02c-4d88-bcfb-9ce5012838d6 — 1 fields changed, isInsert=false
[2026-05-11T09:22:23.611Z] [SyncDiag] FIELD-LOGGER: vessel_certificate_data row=ccf9ca8f-e02c-4d88-bcfb-9ce5012838d6 — 1 fields changed, isInsert=false
[2026-05-11T09:22:30.346Z] [SyncDiag] FIELD-LOGGER: vessel_certificate_data row=ccf9ca8f-e02c-4d88-bcfb-9ce5012838d6 — 1 fields changed, isInsert=false
[2026-05-11T09:22:36.438Z] [SyncDiag] FIELD-LOGGER: vessel_certificate_data row=ccf9ca8f-e02c-4d88-bcfb-9ce5012838d6 — 1 fields changed, isInsert=false
[2026-05-11T09:23:47.779Z] [SyncDiag] === SYNC START === vessel=7446783c-841a-11ed-aa7c-7003bca91a86, instance=SHORE-PROD, mode=LOCAL
[2026-05-11T09:23:47.792Z] [SyncDiag] PUSH START: gathering field logs for vessel=7446783c-841a-11ed-aa7c-7003bca91a86, vesselCode=null
[2026-05-11T09:23:47.924Z] [SyncDiag] PUSH: found 27 unsynced field logs
[2026-05-11T09:23:47.924Z] [SyncDiag] PUSH table breakdown: {"vessel_certificate_data":27}
[2026-05-11T09:23:47.925Z] [SyncDiag] PUSH sample[0]: table=vessel_certificate_data, field=id, row=4060a136-9f2d-42b4-9002-297d656c0e8e, oldNull=true, newValue=86
[2026-05-11T09:23:47.925Z] [SyncDiag] PUSH sample[1]: table=vessel_certificate_data, field=vcduuid, row=4060a136-9f2d-42b4-9002-297d656c0e8e, oldNull=true, newValue=4060a136-9f2d-42b4-9002-297d656c0e8e
[2026-05-11T09:23:47.926Z] [SyncDiag] PUSH sample[2]: table=vessel_certificate_data, field=vesselId, row=4060a136-9f2d-42b4-9002-297d656c0e8e, oldNull=true, newValue=7446783c-841a-11ed-aa7c-7003bca91a86
[2026-05-11T09:23:47.926Z] [SyncDiag] PUSH sample[3]: table=vessel_certificate_data, field=vesselName, row=4060a136-9f2d-42b4-9002-297d656c0e8e, oldNull=true, newValue=Vessel 5
[2026-05-11T09:23:47.926Z] [SyncDiag] PUSH sample[4]: table=vessel_certificate_data, field=masterId, row=4060a136-9f2d-42b4-9002-297d656c0e8e, oldNull=true, newValue=VES-023
[2026-05-11T09:23:47.927Z] [SyncDiag] RECEIVE-PUSH START: batch=c14d34ad-54b3-4139-8cf8-10012c7cc0f5, vessel=7446783c-841a-11ed-aa7c-7003bca91a86, fieldLogs=27, oneWayRows=0
[2026-05-11T09:23:47.987Z] [SyncDiag] RECEIVE-PUSH: 27 field logs stored in sync_field_log
[2026-05-11T09:23:47.988Z] [SyncDiag] SYNC-APPLY TRIGGER BYPASS active for batch=c14d34ad-54b3-4139-8cf8-10012c7cc0f5
[2026-05-11T09:23:47.989Z] [SyncDiag] FIELD-LOG-INSERT START: 27 logs
[2026-05-11T09:23:47.989Z] [SyncDiag] FIELD-LOG-INSERT: 2 groups from 27 logs
[2026-05-11T09:23:47.993Z] [SyncDiag] FIELD-LOG-INSERT DONE: inserted=0, updatePassthrough=27, errors=0
[2026-05-11T09:23:47.994Z] [SyncDiag] RECEIVE-PUSH STALE SKIP: vessel_certificate_data.id row=4060a136-9f2d-42b4-9002-297d656c0e8e — log 2026-05-11T09:21:48.417Z < row 2026-05-11T09:22:01.365Z
[2026-05-11T09:23:47.995Z] [SyncDiag] RECEIVE-PUSH STALE SKIP: vessel_certificate_data.vcduuid row=4060a136-9f2d-42b4-9002-297d656c0e8e — log 2026-05-11T09:21:48.417Z < row 2026-05-11T09:22:01.365Z
[2026-05-11T09:23:47.996Z] [SyncDiag] RECEIVE-PUSH STALE SKIP: vessel_certificate_data.vesselId row=4060a136-9f2d-42b4-9002-297d656c0e8e — log 2026-05-11T09:21:48.417Z < row 2026-05-11T09:22:01.365Z
[2026-05-11T09:23:47.997Z] [SyncDiag] RECEIVE-PUSH STALE SKIP: vessel_certificate_data.vesselName row=4060a136-9f2d-42b4-9002-297d656c0e8e — log 2026-05-11T09:21:48.417Z < row 2026-05-11T09:22:01.365Z
[2026-05-11T09:23:47.998Z] [SyncDiag] RECEIVE-PUSH STALE SKIP: vessel_certificate_data.masterId row=4060a136-9f2d-42b4-9002-297d656c0e8e — log 2026-05-11T09:21:48.417Z < row 2026-05-11T09:22:01.365Z
[2026-05-11T09:23:47.999Z] [SyncDiag] RECEIVE-PUSH STALE SKIP: vessel_certificate_data.issueDate row=4060a136-9f2d-42b4-9002-297d656c0e8e — log 2026-05-11T09:21:48.417Z < row 2026-05-11T09:22:01.365Z
[2026-05-11T09:23:48.000Z] [SyncDiag] RECEIVE-PUSH STALE SKIP: vessel_certificate_data.lastEditUpload row=4060a136-9f2d-42b4-9002-297d656c0e8e — log 2026-05-11T09:21:48.417Z < row 2026-05-11T09:22:01.365Z
[2026-05-11T09:23:48.001Z] [SyncDiag] RECEIVE-PUSH STALE SKIP: vessel_certificate_data.attachments row=4060a136-9f2d-42b4-9002-297d656c0e8e — log 2026-05-11T09:21:48.417Z < row 2026-05-11T09:22:01.365Z
[2026-05-11T09:23:48.002Z] [SyncDiag] RECEIVE-PUSH STALE SKIP: vessel_certificate_data.sortOrder row=4060a136-9f2d-42b4-9002-297d656c0e8e — log 2026-05-11T09:21:48.417Z < row 2026-05-11T09:22:01.365Z
[2026-05-11T09:23:48.003Z] [SyncDiag] RECEIVE-PUSH STALE SKIP: vessel_certificate_data.isDeleted row=4060a136-9f2d-42b4-9002-297d656c0e8e — log 2026-05-11T09:21:48.417Z < row 2026-05-11T09:22:01.365Z
[2026-05-11T09:23:48.004Z] [SyncDiag] RECEIVE-PUSH STALE SKIP: vessel_certificate_data.expiryDate row=4060a136-9f2d-42b4-9002-297d656c0e8e — log 2026-05-11T09:21:54.386Z < row 2026-05-11T09:22:01.365Z
[2026-05-11T09:23:48.007Z] [SyncDiag] RECEIVE-PUSH STALE SKIP: vessel_certificate_data.id row=ccf9ca8f-e02c-4d88-bcfb-9ce5012838d6 — log 2026-05-11T09:22:06.393Z < row 2026-05-11T09:22:36.337Z
[2026-05-11T09:23:48.008Z] [SyncDiag] RECEIVE-PUSH STALE SKIP: vessel_certificate_data.vcduuid row=ccf9ca8f-e02c-4d88-bcfb-9ce5012838d6 — log 2026-05-11T09:22:06.393Z < row 2026-05-11T09:22:36.337Z
[2026-05-11T09:23:48.009Z] [SyncDiag] RECEIVE-PUSH STALE SKIP: vessel_certificate_data.vesselId row=ccf9ca8f-e02c-4d88-bcfb-9ce5012838d6 — log 2026-05-11T09:22:06.393Z < row 2026-05-11T09:22:36.337Z
[2026-05-11T09:23:48.010Z] [SyncDiag] RECEIVE-PUSH STALE SKIP: vessel_certificate_data.vesselName row=ccf9ca8f-e02c-4d88-bcfb-9ce5012838d6 — log 2026-05-11T09:22:06.393Z < row 2026-05-11T09:22:36.337Z
[2026-05-11T09:23:48.011Z] [SyncDiag] RECEIVE-PUSH STALE SKIP: vessel_certificate_data.masterId row=ccf9ca8f-e02c-4d88-bcfb-9ce5012838d6 — log 2026-05-11T09:22:06.393Z < row 2026-05-11T09:22:36.337Z
[2026-05-11T09:23:48.012Z] [SyncDiag] RECEIVE-PUSH STALE SKIP: vessel_certificate_data.issueDate row=ccf9ca8f-e02c-4d88-bcfb-9ce5012838d6 — log 2026-05-11T09:22:06.393Z < row 2026-05-11T09:22:36.337Z
[2026-05-11T09:23:48.013Z] [SyncDiag] RECEIVE-PUSH STALE SKIP: vessel_certificate_data.lastEditUpload row=ccf9ca8f-e02c-4d88-bcfb-9ce5012838d6 — log 2026-05-11T09:22:06.393Z < row 2026-05-11T09:22:36.337Z
[2026-05-11T09:23:48.014Z] [SyncDiag] RECEIVE-PUSH STALE SKIP: vessel_certificate_data.attachments row=ccf9ca8f-e02c-4d88-bcfb-9ce5012838d6 — log 2026-05-11T09:22:06.393Z < row 2026-05-11T09:22:36.337Z
[2026-05-11T09:23:48.015Z] [SyncDiag] RECEIVE-PUSH STALE SKIP: vessel_certificate_data.sortOrder row=ccf9ca8f-e02c-4d88-bcfb-9ce5012838d6 — log 2026-05-11T09:22:06.393Z < row 2026-05-11T09:22:36.337Z
[2026-05-11T09:23:48.016Z] [SyncDiag] RECEIVE-PUSH STALE SKIP: vessel_certificate_data.isDeleted row=ccf9ca8f-e02c-4d88-bcfb-9ce5012838d6 — log 2026-05-11T09:22:06.393Z < row 2026-05-11T09:22:36.337Z
[2026-05-11T09:23:48.017Z] [SyncDiag] RECEIVE-PUSH STALE SKIP: vessel_certificate_data.expiryDate row=ccf9ca8f-e02c-4d88-bcfb-9ce5012838d6 — log 2026-05-11T09:22:11.963Z < row 2026-05-11T09:22:36.337Z
[2026-05-11T09:23:48.018Z] [SyncDiag] RECEIVE-PUSH STALE SKIP: vessel_certificate_data.lastAnnual row=ccf9ca8f-e02c-4d88-bcfb-9ce5012838d6 — log 2026-05-11T09:22:17.381Z < row 2026-05-11T09:22:36.337Z
[2026-05-11T09:23:48.019Z] [SyncDiag] RECEIVE-PUSH STALE SKIP: vessel_certificate_data.lastInterm row=ccf9ca8f-e02c-4d88-bcfb-9ce5012838d6 — log 2026-05-11T09:22:23.607Z < row 2026-05-11T09:22:36.337Z
[2026-05-11T09:23:48.020Z] [SyncDiag] RECEIVE-PUSH STALE SKIP: vessel_certificate_data.attachments row=ccf9ca8f-e02c-4d88-bcfb-9ce5012838d6 — log 2026-05-11T09:22:30.325Z < row 2026-05-11T09:22:36.337Z
[2026-05-11T09:23:48.063Z] [SyncDiag] RECEIVE-PUSH DONE: stored=27, applied=2, errors=0, oneWayTables=0
[2026-05-11T09:23:48.066Z] [SyncDiag] PREPARE-PULL START: vessel=7446783c-841a-11ed-aa7c-7003bca91a86, vesselCode=null, checkpoint=2026-05-11T08:53:34.726Z
[2026-05-11T09:23:48.178Z] [SyncDiag] PREPARE-PULL FIELD LOGS: 0 shore logs for vessel
[2026-05-11T09:23:48.316Z] [SyncDiag] PREPARE-PULL DONE: 0 one-way rows across 0 tables, 0 field logs, 0 conflicts
[2026-05-11T09:23:48.316Z] [SyncDiag] PULL RECEIVED: 0 one-way table batches, 0 field logs
[2026-05-11T09:23:48.487Z] [SyncDiag] SYNC COMPLETE: checkpoint=2026-05-11T09:23:48.318Z
[2026-05-11T09:23:48.491Z] [SyncDiag] PUSH DONE: marked 27 field logs as synced locally
[2026-05-11T09:23:48.496Z] [SyncDiag] FILE-SYNC START: 0 pending files for vessel=7446783c-841a-11ed-aa7c-7003bca91a86, direction=shore_to_ship
[2026-05-11T09:23:48.496Z] [SyncDiag] FILE-SYNC DONE: processed=0, failed=0, bytes=0
[2026-05-11T09:23:48.497Z] [SyncDiag] === SYNC END === vessel=7446783c-841a-11ed-aa7c-7003bca91a86, duration=718ms, status=success, pushed=27, pulled=0, conflicts=0, files=0+0
[2026-05-11T09:24:43.939Z] [SyncDiag] RECEIVE-PUSH START: batch=2927dd39-b52c-48eb-806a-3f63931baa20, vessel=7446783c-841a-11ed-aa7c-7003bca91a86, fieldLogs=0, oneWayRows=0
[2026-05-11T09:24:43.944Z] [SyncDiag] RECEIVE-PUSH DONE: stored=0, applied=0, errors=0, oneWayTables=0
[2026-05-11T09:24:43.950Z] [SyncDiag] PREPARE-PULL START: vessel=7446783c-841a-11ed-aa7c-7003bca91a86, vesselCode=null, checkpoint=2026-05-04T11:18:08.589Z
[2026-05-11T09:24:44.378Z] [SyncDiag] PREPARE-PULL FIELD LOGS: 0 shore logs for vessel
[2026-05-11T09:24:44.492Z] [SyncDiag] PREPARE-PULL DONE: 353 one-way rows across 10 tables, 0 field logs, 0 conflicts
[2026-05-11T09:24:44.492Z] [SyncDiag] PREPARE-PULL ONE-WAY: components — 12 rows
[2026-05-11T09:24:44.493Z] [SyncDiag] PREPARE-PULL ONE-WAY: jobs — 2 rows
[2026-05-11T09:24:44.493Z] [SyncDiag] PREPARE-PULL ONE-WAY: fleet_groups — 13 rows
[2026-05-11T09:24:44.494Z] [SyncDiag] PREPARE-PULL ONE-WAY: maker_list — 2 rows
[2026-05-11T09:24:44.494Z] [SyncDiag] PREPARE-PULL ONE-WAY: master_lists — 6 rows
[2026-05-11T09:24:44.494Z] [SyncDiag] PREPARE-PULL ONE-WAY: pms_vessel_settings — 1 rows
[2026-05-11T09:24:44.495Z] [SyncDiag] PREPARE-PULL ONE-WAY: ship_certificates_master — 135 rows
[2026-05-11T09:24:44.495Z] [SyncDiag] PREPARE-PULL ONE-WAY: ship_surveys_master — 64 rows
[2026-05-11T09:24:44.495Z] [SyncDiag] PREPARE-PULL ONE-WAY: vessel_certificate_applicability — 77 rows
[2026-05-11T09:24:44.496Z] [SyncDiag] PREPARE-PULL ONE-WAY: vessel_survey_applicability — 41 rows
[2026-05-11T09:24:48.006Z] [SyncDiag] FIELD-LOGGER: work_orders row=709d4c29-0cb0-4f6c-bed2-5d4d799a557f — 35 fields changed, isInsert=false
[2026-05-11T09:25:04.519Z] [SyncDiag] RECEIVE-PUSH START: batch=724f9520-7c9d-4ced-9591-acd7a63b0097, vessel=7446783c-841a-11ed-aa7c-7003bca91a86, fieldLogs=0, oneWayRows=0
[2026-05-11T09:25:04.525Z] [SyncDiag] RECEIVE-PUSH DONE: stored=0, applied=0, errors=0, oneWayTables=0
[2026-05-11T09:25:06.551Z] [SyncDiag] PREPARE-PULL START: vessel=7446783c-841a-11ed-aa7c-7003bca91a86, vesselCode=null, checkpoint=2026-05-04T11:18:08.589Z
[2026-05-11T09:25:06.828Z] [SyncDiag] PREPARE-PULL FIELD LOGS: 35 shore logs for vessel
[2026-05-11T09:25:06.910Z] [SyncDiag] PREPARE-PULL DONE: 353 one-way rows across 10 tables, 35 field logs, 0 conflicts
[2026-05-11T09:25:06.911Z] [SyncDiag] PREPARE-PULL ONE-WAY: components — 12 rows
[2026-05-11T09:25:06.911Z] [SyncDiag] PREPARE-PULL ONE-WAY: jobs — 2 rows
[2026-05-11T09:25:06.912Z] [SyncDiag] PREPARE-PULL ONE-WAY: fleet_groups — 13 rows
[2026-05-11T09:25:06.912Z] [SyncDiag] PREPARE-PULL ONE-WAY: maker_list — 2 rows
[2026-05-11T09:25:06.912Z] [SyncDiag] PREPARE-PULL ONE-WAY: master_lists — 6 rows
[2026-05-11T09:25:06.913Z] [SyncDiag] PREPARE-PULL ONE-WAY: pms_vessel_settings — 1 rows
[2026-05-11T09:25:06.913Z] [SyncDiag] PREPARE-PULL ONE-WAY: ship_certificates_master — 135 rows
[2026-05-11T09:25:06.913Z] [SyncDiag] PREPARE-PULL ONE-WAY: ship_surveys_master — 64 rows
[2026-05-11T09:25:06.914Z] [SyncDiag] PREPARE-PULL ONE-WAY: vessel_certificate_applicability — 77 rows
[2026-05-11T09:25:06.914Z] [SyncDiag] PREPARE-PULL ONE-WAY: vessel_survey_applicability — 41 rows
[2026-05-11T09:25:44.342Z] [SyncDiag] FIELD-LOGGER: vessel_survey_data row=7d47f1d6-82a8-4191-a462-669fa8bdb7c8 — 10 fields changed, isInsert=true
[2026-05-11T09:25:49.707Z] [SyncDiag] FIELD-LOGGER: vessel_survey_data row=7d47f1d6-82a8-4191-a462-669fa8bdb7c8 — 1 fields changed, isInsert=false
[2026-05-11T09:25:56.117Z] [SyncDiag] FIELD-LOGGER: work_orders row=709d4c29-0cb0-4f6c-bed2-5d4d799a557f — 4 fields changed, isInsert=false
[2026-05-11T09:26:04.401Z] [SyncDiag] RECEIVE-PUSH START: batch=9e81357f-c045-4092-915e-f02a479dd2d0, vessel=7446783c-841a-11ed-aa7c-7003bca91a86, fieldLogs=0, oneWayRows=0
[2026-05-11T09:26:04.407Z] [SyncDiag] RECEIVE-PUSH DONE: stored=0, applied=0, errors=0, oneWayTables=0
[2026-05-11T09:26:04.417Z] [SyncDiag] PREPARE-PULL START: vessel=7446783c-841a-11ed-aa7c-7003bca91a86, vesselCode=null, checkpoint=2026-05-04T11:18:08.589Z
[2026-05-11T09:26:04.763Z] [SyncDiag] PREPARE-PULL FIELD LOGS: 15 shore logs for vessel
[2026-05-11T09:26:04.846Z] [SyncDiag] PREPARE-PULL DONE: 353 one-way rows across 10 tables, 15 field logs, 0 conflicts
[2026-05-11T09:26:04.846Z] [SyncDiag] PREPARE-PULL ONE-WAY: components — 12 rows
[2026-05-11T09:26:04.847Z] [SyncDiag] PREPARE-PULL ONE-WAY: jobs — 2 rows
[2026-05-11T09:26:04.847Z] [SyncDiag] PREPARE-PULL ONE-WAY: fleet_groups — 13 rows
[2026-05-11T09:26:04.847Z] [SyncDiag] PREPARE-PULL ONE-WAY: maker_list — 2 rows
[2026-05-11T09:26:04.848Z] [SyncDiag] PREPARE-PULL ONE-WAY: master_lists — 6 rows
[2026-05-11T09:26:04.848Z] [SyncDiag] PREPARE-PULL ONE-WAY: pms_vessel_settings — 1 rows
[2026-05-11T09:26:04.849Z] [SyncDiag] PREPARE-PULL ONE-WAY: ship_certificates_master — 135 rows
[2026-05-11T09:26:04.849Z] [SyncDiag] PREPARE-PULL ONE-WAY: ship_surveys_master — 64 rows
[2026-05-11T09:26:04.849Z] [SyncDiag] PREPARE-PULL ONE-WAY: vessel_certificate_applicability — 77 rows
[2026-05-11T09:26:04.850Z] [SyncDiag] PREPARE-PULL ONE-WAY: vessel_survey_applicability — 41 rows
[2026-05-11T09:26:08.724Z] [SyncDiag] FIELD-LOGGER: vessel_survey_data row=7d47f1d6-82a8-4191-a462-669fa8bdb7c8 — 1 fields changed, isInsert=false
[2026-05-11T09:26:15.741Z] [SyncDiag] === SYNC START === vessel=7446783c-841a-11ed-aa7c-7003bca91a86, instance=SHORE-PROD, mode=LOCAL
[2026-05-11T09:26:15.751Z] [SyncDiag] PUSH START: gathering field logs for vessel=7446783c-841a-11ed-aa7c-7003bca91a86, vesselCode=null
[2026-05-11T09:26:15.868Z] [SyncDiag] PUSH: found 1 unsynced field logs
[2026-05-11T09:26:15.869Z] [SyncDiag] PUSH table breakdown: {"vessel_survey_data":1}
[2026-05-11T09:26:15.869Z] [SyncDiag] PUSH sample[0]: table=vessel_survey_data, field=dueDate, row=7d47f1d6-82a8-4191-a462-669fa8bdb7c8, oldNull=false, newValue=13 Jul 2031
[2026-05-11T09:26:15.870Z] [SyncDiag] RECEIVE-PUSH START: batch=a9fd661f-c382-4012-a2a7-fedd94890f4a, vessel=7446783c-841a-11ed-aa7c-7003bca91a86, fieldLogs=1, oneWayRows=0
[2026-05-11T09:26:15.874Z] [SyncDiag] RECEIVE-PUSH: 1 field logs stored in sync_field_log
[2026-05-11T09:26:15.875Z] [SyncDiag] SYNC-APPLY TRIGGER BYPASS active for batch=a9fd661f-c382-4012-a2a7-fedd94890f4a
[2026-05-11T09:26:15.875Z] [SyncDiag] FIELD-LOG-INSERT START: 1 logs
[2026-05-11T09:26:15.875Z] [SyncDiag] FIELD-LOG-INSERT: 1 groups from 1 logs
[2026-05-11T09:26:15.876Z] [SyncDiag] FIELD-LOG-INSERT DONE: inserted=0, updatePassthrough=1, errors=0
[2026-05-11T09:26:15.880Z] [SyncDiag] RECEIVE-PUSH DONE: stored=1, applied=1, errors=0, oneWayTables=0
[2026-05-11T09:26:15.882Z] [SyncDiag] PREPARE-PULL START: vessel=7446783c-841a-11ed-aa7c-7003bca91a86, vesselCode=null, checkpoint=2026-05-11T09:23:48.318Z
[2026-05-11T09:26:16.064Z] [SyncDiag] PREPARE-PULL FIELD LOGS: 0 shore logs for vessel
[2026-05-11T09:26:16.185Z] [SyncDiag] PREPARE-PULL DONE: 0 one-way rows across 0 tables, 0 field logs, 0 conflicts
[2026-05-11T09:26:16.186Z] [SyncDiag] PULL RECEIVED: 0 one-way table batches, 0 field logs
[2026-05-11T09:26:16.367Z] [SyncDiag] SYNC COMPLETE: checkpoint=2026-05-11T09:26:16.187Z
[2026-05-11T09:26:16.369Z] [SyncDiag] PUSH DONE: marked 1 field logs as synced locally
[2026-05-11T09:26:16.374Z] [SyncDiag] FILE-SYNC START: 0 pending files for vessel=7446783c-841a-11ed-aa7c-7003bca91a86, direction=shore_to_ship
[2026-05-11T09:26:16.374Z] [SyncDiag] FILE-SYNC DONE: processed=0, failed=0, bytes=0
[2026-05-11T09:26:16.374Z] [SyncDiag] === SYNC END === vessel=7446783c-841a-11ed-aa7c-7003bca91a86, duration=633ms, status=success, pushed=1, pulled=0, conflicts=0, files=0+0
[2026-05-11T09:27:18.529Z] [SyncDiag] RECEIVE-PUSH START: batch=8252590e-bfef-4d16-ae7f-89fb27ce576f, vessel=7446783c-841a-11ed-aa7c-7003bca91a86, fieldLogs=0, oneWayRows=0
[2026-05-11T09:27:18.535Z] [SyncDiag] RECEIVE-PUSH DONE: stored=0, applied=0, errors=0, oneWayTables=0
[2026-05-11T09:27:20.570Z] [SyncDiag] PREPARE-PULL START: vessel=7446783c-841a-11ed-aa7c-7003bca91a86, vesselCode=null, checkpoint=2026-05-04T11:18:08.589Z
[2026-05-11T09:27:20.869Z] [SyncDiag] PREPARE-PULL FIELD LOGS: 0 shore logs for vessel
[2026-05-11T09:27:20.952Z] [SyncDiag] PREPARE-PULL DONE: 353 one-way rows across 10 tables, 0 field logs, 0 conflicts
[2026-05-11T09:27:20.953Z] [SyncDiag] PREPARE-PULL ONE-WAY: components — 12 rows
[2026-05-11T09:27:20.953Z] [SyncDiag] PREPARE-PULL ONE-WAY: jobs — 2 rows
[2026-05-11T09:27:20.954Z] [SyncDiag] PREPARE-PULL ONE-WAY: fleet_groups — 13 rows
[2026-05-11T09:27:20.954Z] [SyncDiag] PREPARE-PULL ONE-WAY: maker_list — 2 rows
[2026-05-11T09:27:20.954Z] [SyncDiag] PREPARE-PULL ONE-WAY: master_lists — 6 rows
[2026-05-11T09:27:20.955Z] [SyncDiag] PREPARE-PULL ONE-WAY: pms_vessel_settings — 1 rows
[2026-05-11T09:27:20.955Z] [SyncDiag] PREPARE-PULL ONE-WAY: ship_certificates_master — 135 rows
[2026-05-11T09:27:20.956Z] [SyncDiag] PREPARE-PULL ONE-WAY: ship_surveys_master — 64 rows
[2026-05-11T09:27:20.956Z] [SyncDiag] PREPARE-PULL ONE-WAY: vessel_certificate_applicability — 77 rows
[2026-05-11T09:27:20.956Z] [SyncDiag] PREPARE-PULL ONE-WAY: vessel_survey_applicability — 41 rows
[2026-05-11T09:27:48.066Z] [SyncDiag] RECEIVE-PUSH START: batch=f412c616-c382-4bcf-83da-e8f4b20c1daf, vessel=7446783c-841a-11ed-aa7c-7003bca91a86, fieldLogs=35, oneWayRows=0
[2026-05-11T09:27:48.097Z] [SyncDiag] RECEIVE-PUSH: 35 field logs stored in sync_field_log
[2026-05-11T09:27:48.098Z] [SyncDiag] SYNC-APPLY TRIGGER BYPASS active for batch=f412c616-c382-4bcf-83da-e8f4b20c1daf
[2026-05-11T09:27:48.099Z] [SyncDiag] FIELD-LOG-INSERT START: 35 logs
[2026-05-11T09:27:48.099Z] [SyncDiag] FIELD-LOG-INSERT: 1 groups from 35 logs
[2026-05-11T09:27:48.100Z] [SyncDiag] FIELD-LOG-INSERT DONE: inserted=0, updatePassthrough=35, errors=0
[2026-05-11T09:27:48.193Z] [SyncDiag] RECEIVE-PUSH DONE: stored=35, applied=35, errors=0, oneWayTables=0
[2026-05-11T09:27:50.235Z] [SyncDiag] PREPARE-PULL START: vessel=7446783c-841a-11ed-aa7c-7003bca91a86, vesselCode=null, checkpoint=2026-05-04T11:18:08.589Z
[2026-05-11T09:27:50.546Z] [SyncDiag] PREPARE-PULL FIELD LOGS: 0 shore logs for vessel
[2026-05-11T09:27:50.630Z] [SyncDiag] PREPARE-PULL DONE: 353 one-way rows across 10 tables, 0 field logs, 0 conflicts
[2026-05-11T09:27:50.631Z] [SyncDiag] PREPARE-PULL ONE-WAY: components — 12 rows
[2026-05-11T09:27:50.631Z] [SyncDiag] PREPARE-PULL ONE-WAY: jobs — 2 rows
[2026-05-11T09:27:50.631Z] [SyncDiag] PREPARE-PULL ONE-WAY: fleet_groups — 13 rows
[2026-05-11T09:27:50.632Z] [SyncDiag] PREPARE-PULL ONE-WAY: maker_list — 2 rows
[2026-05-11T09:27:50.632Z] [SyncDiag] PREPARE-PULL ONE-WAY: master_lists — 6 rows
[2026-05-11T09:27:50.633Z] [SyncDiag] PREPARE-PULL ONE-WAY: pms_vessel_settings — 1 rows
[2026-05-11T09:27:50.633Z] [SyncDiag] PREPARE-PULL ONE-WAY: ship_certificates_master — 135 rows
[2026-05-11T09:27:50.633Z] [SyncDiag] PREPARE-PULL ONE-WAY: ship_surveys_master — 64 rows
[2026-05-11T09:27:50.634Z] [SyncDiag] PREPARE-PULL ONE-WAY: vessel_certificate_applicability — 77 rows
[2026-05-11T09:27:50.634Z] [SyncDiag] PREPARE-PULL ONE-WAY: vessel_survey_applicability — 41 rows
[2026-05-11T09:28:11.150Z] [SyncDiag] FIELD-LOGGER: vessel_survey_data row=78e2477c-b7fa-4939-8870-7c1273520825 — 10 fields changed, isInsert=true
[2026-05-11T09:28:16.151Z] [SyncDiag] FIELD-LOGGER: vessel_survey_data row=78e2477c-b7fa-4939-8870-7c1273520825 — 1 fields changed, isInsert=false
[2026-05-11T09:28:37.642Z] [SyncDiag] === SYNC START === vessel=7446783c-841a-11ed-aa7c-7003bca91a86, instance=SHORE-PROD, mode=LOCAL
[2026-05-11T09:28:37.656Z] [SyncDiag] PUSH START: gathering field logs for vessel=7446783c-841a-11ed-aa7c-7003bca91a86, vesselCode=null
[2026-05-11T09:28:37.861Z] [SyncDiag] PUSH: found 11 unsynced field logs
[2026-05-11T09:28:37.862Z] [SyncDiag] PUSH table breakdown: {"vessel_survey_data":11}
[2026-05-11T09:28:37.862Z] [SyncDiag] PUSH sample[0]: table=vessel_survey_data, field=id, row=78e2477c-b7fa-4939-8870-7c1273520825, oldNull=true, newValue=156
[2026-05-11T09:28:37.863Z] [SyncDiag] PUSH sample[1]: table=vessel_survey_data, field=vsduuid, row=78e2477c-b7fa-4939-8870-7c1273520825, oldNull=true, newValue=78e2477c-b7fa-4939-8870-7c1273520825
[2026-05-11T09:28:37.863Z] [SyncDiag] PUSH sample[2]: table=vessel_survey_data, field=vesselId, row=78e2477c-b7fa-4939-8870-7c1273520825, oldNull=true, newValue=7446783c-841a-11ed-aa7c-7003bca91a86
[2026-05-11T09:28:37.864Z] [SyncDiag] PUSH sample[3]: table=vessel_survey_data, field=vesselName, row=78e2477c-b7fa-4939-8870-7c1273520825, oldNull=true, newValue=Vessel 5
[2026-05-11T09:28:37.864Z] [SyncDiag] PUSH sample[4]: table=vessel_survey_data, field=masterId, row=78e2477c-b7fa-4939-8870-7c1273520825, oldNull=true, newValue=VES-010
[2026-05-11T09:28:37.864Z] [SyncDiag] RECEIVE-PUSH START: batch=84bbf2d5-2bdd-4201-8a75-f6dc59241fb5, vessel=7446783c-841a-11ed-aa7c-7003bca91a86, fieldLogs=11, oneWayRows=0
[2026-05-11T09:28:37.874Z] [SyncDiag] RECEIVE-PUSH: 11 field logs stored in sync_field_log
[2026-05-11T09:28:37.874Z] [SyncDiag] SYNC-APPLY TRIGGER BYPASS active for batch=84bbf2d5-2bdd-4201-8a75-f6dc59241fb5
[2026-05-11T09:28:37.875Z] [SyncDiag] FIELD-LOG-INSERT START: 11 logs
[2026-05-11T09:28:37.875Z] [SyncDiag] FIELD-LOG-INSERT: 1 groups from 11 logs
[2026-05-11T09:28:37.879Z] [SyncDiag] FIELD-LOG-INSERT DONE: inserted=0, updatePassthrough=11, errors=0
[2026-05-11T09:28:37.880Z] [SyncDiag] RECEIVE-PUSH STALE SKIP: vessel_survey_data.id row=78e2477c-b7fa-4939-8870-7c1273520825 — log 2026-05-11T09:28:10.823Z < row 2026-05-11T09:28:16.144Z
[2026-05-11T09:28:37.881Z] [SyncDiag] RECEIVE-PUSH STALE SKIP: vessel_survey_data.vsduuid row=78e2477c-b7fa-4939-8870-7c1273520825 — log 2026-05-11T09:28:10.823Z < row 2026-05-11T09:28:16.144Z
[2026-05-11T09:28:37.882Z] [SyncDiag] RECEIVE-PUSH STALE SKIP: vessel_survey_data.vesselId row=78e2477c-b7fa-4939-8870-7c1273520825 — log 2026-05-11T09:28:10.823Z < row 2026-05-11T09:28:16.144Z
[2026-05-11T09:28:37.883Z] [SyncDiag] RECEIVE-PUSH STALE SKIP: vessel_survey_data.vesselName row=78e2477c-b7fa-4939-8870-7c1273520825 — log 2026-05-11T09:28:10.823Z < row 2026-05-11T09:28:16.144Z
[2026-05-11T09:28:37.883Z] [SyncDiag] RECEIVE-PUSH STALE SKIP: vessel_survey_data.masterId row=78e2477c-b7fa-4939-8870-7c1273520825 — log 2026-05-11T09:28:10.823Z < row 2026-05-11T09:28:16.144Z
[2026-05-11T09:28:37.884Z] [SyncDiag] RECEIVE-PUSH STALE SKIP: vessel_survey_data.surveyDate row=78e2477c-b7fa-4939-8870-7c1273520825 — log 2026-05-11T09:28:10.823Z < row 2026-05-11T09:28:16.144Z
[2026-05-11T09:28:37.885Z] [SyncDiag] RECEIVE-PUSH STALE SKIP: vessel_survey_data.lastEditUpload row=78e2477c-b7fa-4939-8870-7c1273520825 — log 2026-05-11T09:28:10.823Z < row 2026-05-11T09:28:16.144Z
[2026-05-11T09:28:37.886Z] [SyncDiag] RECEIVE-PUSH STALE SKIP: vessel_survey_data.attachments row=78e2477c-b7fa-4939-8870-7c1273520825 — log 2026-05-11T09:28:10.823Z < row 2026-05-11T09:28:16.144Z
[2026-05-11T09:28:37.887Z] [SyncDiag] RECEIVE-PUSH STALE SKIP: vessel_survey_data.isDeleted row=78e2477c-b7fa-4939-8870-7c1273520825 — log 2026-05-11T09:28:10.823Z < row 2026-05-11T09:28:16.144Z
[2026-05-11T09:28:37.888Z] [SyncDiag] RECEIVE-PUSH STALE SKIP: vessel_survey_data.sortOrder row=78e2477c-b7fa-4939-8870-7c1273520825 — log 2026-05-11T09:28:10.823Z < row 2026-05-11T09:28:16.144Z
[2026-05-11T09:28:37.895Z] [SyncDiag] RECEIVE-PUSH DONE: stored=11, applied=1, errors=0, oneWayTables=0
[2026-05-11T09:28:37.898Z] [SyncDiag] PREPARE-PULL START: vessel=7446783c-841a-11ed-aa7c-7003bca91a86, vesselCode=null, checkpoint=2026-05-11T09:26:16.187Z
[2026-05-11T09:28:38.053Z] [SyncDiag] PREPARE-PULL FIELD LOGS: 0 shore logs for vessel
[2026-05-11T09:28:38.199Z] [SyncDiag] PREPARE-PULL DONE: 0 one-way rows across 0 tables, 0 field logs, 0 conflicts
[2026-05-11T09:28:38.200Z] [SyncDiag] PULL RECEIVED: 0 one-way table batches, 0 field logs
[2026-05-11T09:28:38.382Z] [SyncDiag] SYNC COMPLETE: checkpoint=2026-05-11T09:28:38.201Z
[2026-05-11T09:28:38.385Z] [SyncDiag] PUSH DONE: marked 11 field logs as synced locally
[2026-05-11T09:28:38.390Z] [SyncDiag] FILE-SYNC START: 0 pending files for vessel=7446783c-841a-11ed-aa7c-7003bca91a86, direction=shore_to_ship
[2026-05-11T09:28:38.390Z] [SyncDiag] FILE-SYNC DONE: processed=0, failed=0, bytes=0
[2026-05-11T09:28:38.391Z] [SyncDiag] === SYNC END === vessel=7446783c-841a-11ed-aa7c-7003bca91a86, duration=749ms, status=success, pushed=11, pulled=0, conflicts=0, files=0+0
[2026-05-11T09:29:01.639Z] [SyncDiag] RECEIVE-PUSH START: batch=dfb64f8e-a5e8-41ff-852c-7122731b79d3, vessel=7446783c-841a-11ed-aa7c-7003bca91a86, fieldLogs=0, oneWayRows=0
[2026-05-11T09:29:01.645Z] [SyncDiag] RECEIVE-PUSH DONE: stored=0, applied=0, errors=0, oneWayTables=0
[2026-05-11T09:29:03.690Z] [SyncDiag] PREPARE-PULL START: vessel=7446783c-841a-11ed-aa7c-7003bca91a86, vesselCode=null, checkpoint=2026-05-04T11:18:08.589Z
[2026-05-11T09:29:04.112Z] [SyncDiag] PREPARE-PULL FIELD LOGS: 0 shore logs for vessel
[2026-05-11T09:29:04.195Z] [SyncDiag] PREPARE-PULL DONE: 353 one-way rows across 10 tables, 0 field logs, 0 conflicts
[2026-05-11T09:29:04.196Z] [SyncDiag] PREPARE-PULL ONE-WAY: components — 12 rows
[2026-05-11T09:29:04.196Z] [SyncDiag] PREPARE-PULL ONE-WAY: jobs — 2 rows
[2026-05-11T09:29:04.197Z] [SyncDiag] PREPARE-PULL ONE-WAY: fleet_groups — 13 rows
[2026-05-11T09:29:04.197Z] [SyncDiag] PREPARE-PULL ONE-WAY: maker_list — 2 rows
[2026-05-11T09:29:04.197Z] [SyncDiag] PREPARE-PULL ONE-WAY: master_lists — 6 rows
[2026-05-11T09:29:04.198Z] [SyncDiag] PREPARE-PULL ONE-WAY: pms_vessel_settings — 1 rows
[2026-05-11T09:29:04.198Z] [SyncDiag] PREPARE-PULL ONE-WAY: ship_certificates_master — 135 rows
[2026-05-11T09:29:04.199Z] [SyncDiag] PREPARE-PULL ONE-WAY: ship_surveys_master — 64 rows
[2026-05-11T09:29:04.199Z] [SyncDiag] PREPARE-PULL ONE-WAY: vessel_certificate_applicability — 77 rows
[2026-05-11T09:29:04.200Z] [SyncDiag] PREPARE-PULL ONE-WAY: vessel_survey_applicability — 41 rows
[2026-05-11T09:32:45.637Z] [SyncDiag] RECEIVE-PUSH START: batch=45028728-57e4-4599-818c-7c32a2df7ee3, vessel=7446783c-841a-11ed-aa7c-7003bca91a86, fieldLogs=32, oneWayRows=0
[2026-05-11T09:32:45.662Z] [SyncDiag] RECEIVE-PUSH: 32 field logs stored in sync_field_log
[2026-05-11T09:32:45.663Z] [SyncDiag] SYNC-APPLY TRIGGER BYPASS active for batch=45028728-57e4-4599-818c-7c32a2df7ee3
[2026-05-11T09:32:45.663Z] [SyncDiag] FIELD-LOG-INSERT START: 32 logs
[2026-05-11T09:32:45.664Z] [SyncDiag] FIELD-LOG-INSERT: 2 groups from 32 logs
[2026-05-11T09:32:45.720Z] [SyncDiag] FIELD-LOG-INSERT OK: component_maintenance_history row=318abb1d-c28c-41c7-9a13-4d0c23792391 (25 columns)
[2026-05-11T09:32:45.720Z] [SyncDiag] FIELD-LOG-INSERT DONE: inserted=1, updatePassthrough=8, errors=0
[2026-05-11T09:32:45.736Z] [SyncDiag] RECEIVE-PUSH DONE: stored=32, applied=9, errors=0, oneWayTables=0
[2026-05-11T09:32:45.743Z] [SyncDiag] PREPARE-PULL START: vessel=7446783c-841a-11ed-aa7c-7003bca91a86, vesselCode=null, checkpoint=2026-05-04T11:18:08.589Z
[2026-05-11T09:32:46.140Z] [SyncDiag] PREPARE-PULL FIELD LOGS: 0 shore logs for vessel
[2026-05-11T09:32:46.230Z] [SyncDiag] PREPARE-PULL DONE: 353 one-way rows across 10 tables, 0 field logs, 0 conflicts
[2026-05-11T09:32:46.230Z] [SyncDiag] PREPARE-PULL ONE-WAY: components — 12 rows
[2026-05-11T09:32:46.231Z] [SyncDiag] PREPARE-PULL ONE-WAY: jobs — 2 rows
[2026-05-11T09:32:46.231Z] [SyncDiag] PREPARE-PULL ONE-WAY: fleet_groups — 13 rows
[2026-05-11T09:32:46.232Z] [SyncDiag] PREPARE-PULL ONE-WAY: maker_list — 2 rows
[2026-05-11T09:32:46.232Z] [SyncDiag] PREPARE-PULL ONE-WAY: master_lists — 6 rows
[2026-05-11T09:32:46.232Z] [SyncDiag] PREPARE-PULL ONE-WAY: pms_vessel_settings — 1 rows
[2026-05-11T09:32:46.233Z] [SyncDiag] PREPARE-PULL ONE-WAY: ship_certificates_master — 135 rows
[2026-05-11T09:32:46.233Z] [SyncDiag] PREPARE-PULL ONE-WAY: ship_surveys_master — 64 rows
[2026-05-11T09:32:46.234Z] [SyncDiag] PREPARE-PULL ONE-WAY: vessel_certificate_applicability — 77 rows
[2026-05-11T09:32:46.234Z] [SyncDiag] PREPARE-PULL ONE-WAY: vessel_survey_applicability — 41 rows
[2026-05-11T09:35:58.909Z] [SyncDiag] === SYNC START === vessel=7446783c-841a-11ed-aa7c-7003bca91a86, instance=SHORE-PROD, mode=LOCAL
[2026-05-11T09:35:58.924Z] [SyncDiag] PUSH START: gathering field logs for vessel=7446783c-841a-11ed-aa7c-7003bca91a86, vesselCode=null
[2026-05-11T09:35:59.128Z] [SyncDiag] PUSH: found 0 unsynced field logs
[2026-05-11T09:35:59.129Z] [SyncDiag] RECEIVE-PUSH START: batch=c8187f84-4fdf-4dd6-9f03-96689c5f7083, vessel=7446783c-841a-11ed-aa7c-7003bca91a86, fieldLogs=0, oneWayRows=0
[2026-05-11T09:35:59.133Z] [SyncDiag] RECEIVE-PUSH DONE: stored=0, applied=0, errors=0, oneWayTables=0
[2026-05-11T09:35:59.136Z] [SyncDiag] PREPARE-PULL START: vessel=7446783c-841a-11ed-aa7c-7003bca91a86, vesselCode=null, checkpoint=2026-05-11T09:28:38.201Z
[2026-05-11T09:35:59.332Z] [SyncDiag] PREPARE-PULL FIELD LOGS: 0 shore logs for vessel
[2026-05-11T09:35:59.492Z] [SyncDiag] PREPARE-PULL DONE: 133 one-way rows across 2 tables, 0 field logs, 0 conflicts
[2026-05-11T09:35:59.493Z] [SyncDiag] PREPARE-PULL ONE-WAY: ship_certificates_master — 130 rows
[2026-05-11T09:35:59.493Z] [SyncDiag] PREPARE-PULL ONE-WAY: vessel_certificate_applicability — 3 rows
[2026-05-11T09:35:59.494Z] [SyncDiag] PULL RECEIVED: 2 one-way table batches, 0 field logs
[2026-05-11T09:35:59.494Z] [SyncDiag] PULL one-way tables: {"ship_certificates_master":130,"vessel_certificate_applicability":3}
[2026-05-11T09:35:59.494Z] [SyncDiag] ONE-WAY-APPLY START: ship_certificates_master — 130 rows
[2026-05-11T09:35:59.723Z] [SyncDiag] ONE-WAY-APPLY DONE: ship_certificates_master — inserted=0, updated=130, deleted=0, errors=0
[2026-05-11T09:35:59.731Z] [SyncDiag] PULL ONE-WAY: ship_certificates_master — inserted=0, updated=130, deleted=0, errors=0
[2026-05-11T09:35:59.731Z] [SyncDiag] ONE-WAY-APPLY START: vessel_certificate_applicability — 3 rows
[2026-05-11T09:35:59.738Z] [SyncDiag] ONE-WAY-APPLY DONE: vessel_certificate_applicability — inserted=0, updated=3, deleted=0, errors=0
[2026-05-11T09:35:59.743Z] [SyncDiag] PULL ONE-WAY: vessel_certificate_applicability — inserted=0, updated=3, deleted=0, errors=0
[2026-05-11T09:35:59.922Z] [SyncDiag] SYNC COMPLETE: checkpoint=2026-05-11T09:35:59.744Z
[2026-05-11T09:35:59.927Z] [SyncDiag] FILE-SYNC START: 0 pending files for vessel=7446783c-841a-11ed-aa7c-7003bca91a86, direction=shore_to_ship
[2026-05-11T09:35:59.927Z] [SyncDiag] FILE-SYNC DONE: processed=0, failed=0, bytes=0
[2026-05-11T09:35:59.928Z] [SyncDiag] === SYNC END === vessel=7446783c-841a-11ed-aa7c-7003bca91a86, duration=1019ms, status=success, pushed=0, pulled=133, conflicts=0, files=0+0
[2026-05-11T09:36:36.969Z] [SyncDiag] RECEIVE-PUSH START: batch=840b9a90-61be-42f8-828a-cdc15320b8c6, vessel=7446783c-841a-11ed-aa7c-7003bca91a86, fieldLogs=200, oneWayRows=0
[2026-05-11T09:36:37.096Z] [SyncDiag] RECEIVE-PUSH: 200 field logs stored in sync_field_log
[2026-05-11T09:36:37.097Z] [SyncDiag] SYNC-APPLY TRIGGER BYPASS active for batch=840b9a90-61be-42f8-828a-cdc15320b8c6
[2026-05-11T09:36:37.098Z] [SyncDiag] FIELD-LOG-INSERT START: 200 logs
[2026-05-11T09:36:37.098Z] [SyncDiag] FIELD-LOG-INSERT: 13 groups from 200 logs
[2026-05-11T09:36:37.151Z] [SyncDiag] FIELD-LOG-INSERT OK: inventory_transactions row=f7551676-bc9d-4b2c-a37b-834b04f7ec03 (19 columns)
[2026-05-11T09:36:37.160Z] [SyncDiag] FIELD-LOG-INSERT OK: spares_history row=eded1513-f3d3-484e-9a01-4f08294dac99 (22 columns)
[2026-05-11T09:36:37.162Z] [SyncDiag] FIELD-LOG-INSERT OK: inventory_transactions row=0c8ccc8a-641e-46e5-a6ef-e9d61578a55d (19 columns)
[2026-05-11T09:36:37.164Z] [SyncDiag] FIELD-LOG-INSERT OK: spares_history row=c9e3e318-47be-45fa-9285-18b5cfdafaca (22 columns)
[2026-05-11T09:36:37.166Z] [SyncDiag] FIELD-LOG-INSERT OK: inventory_transactions row=1b7b5c78-8a2e-4da6-9230-50ede8ec7e9d (19 columns)
[2026-05-11T09:36:37.169Z] [SyncDiag] FIELD-LOG-INSERT OK: spares_history row=159082f7-d996-47eb-a4bf-fcad1c35c4ca (22 columns)
[2026-05-11T09:36:37.171Z] [SyncDiag] FIELD-LOG-INSERT OK: inventory_transactions row=c0bd5901-c25d-4c4f-97e4-063202ca69d6 (19 columns)
[2026-05-11T09:36:37.174Z] [SyncDiag] FIELD-LOG-INSERT FAIL: spares_history row=7ca04ca6-5f34-4c8c-be18-46826d9ac903 — null value in column "component_name" of relation "spares_history" violates not-null constraint
[2026-05-11T09:36:37.174Z] [SyncDiag] FIELD-LOG-INSERT DONE: inserted=7, updatePassthrough=53, errors=1
[2026-05-11T09:36:37.200Z] [SyncDiag] RECEIVE-PUSH DONE: stored=200, applied=7, errors=54, oneWayTables=0
[2026-05-11T09:36:39.218Z] [SyncDiag] RECEIVE-PUSH START: batch=840b9a90-61be-42f8-828a-cdc15320b8c6, vessel=7446783c-841a-11ed-aa7c-7003bca91a86, fieldLogs=37, oneWayRows=0
[2026-05-11T09:36:39.244Z] [SyncDiag] RECEIVE-PUSH: 37 field logs stored in sync_field_log
[2026-05-11T09:36:39.245Z] [SyncDiag] SYNC-APPLY TRIGGER BYPASS active for batch=840b9a90-61be-42f8-828a-cdc15320b8c6
[2026-05-11T09:36:39.245Z] [SyncDiag] FIELD-LOG-INSERT START: 37 logs
[2026-05-11T09:36:39.246Z] [SyncDiag] FIELD-LOG-INSERT: 3 groups from 37 logs
[2026-05-11T09:36:39.247Z] [SyncDiag] FIELD-LOG-INSERT FAIL: spares_history row=7ca04ca6-5f34-4c8c-be18-46826d9ac903 — null value in column "timestamp_utc" of relation "spares_history" violates not-null constraint
[2026-05-11T09:36:39.248Z] [SyncDiag] FIELD-LOG-INSERT FAIL: component_maintenance_history row=71385d8e-7bac-4fa7-bd6e-f0a822520cf5 — current transaction is aborted, commands ignored until end of transaction block
[2026-05-11T09:36:39.249Z] [SyncDiag] FIELD-LOG-INSERT DONE: inserted=0, updatePassthrough=4, errors=2
[2026-05-11T09:36:39.253Z] [SyncDiag] RECEIVE-PUSH DONE: stored=37, applied=0, errors=6, oneWayTables=0
[2026-05-11T09:36:39.260Z] [SyncDiag] PREPARE-PULL START: vessel=7446783c-841a-11ed-aa7c-7003bca91a86, vesselCode=null, checkpoint=2026-05-04T11:18:08.589Z
[2026-05-11T09:36:39.553Z] [SyncDiag] PREPARE-PULL FIELD LOGS: 0 shore logs for vessel
[2026-05-11T09:36:39.637Z] [SyncDiag] PREPARE-PULL DONE: 359 one-way rows across 10 tables, 0 field logs, 0 conflicts
[2026-05-11T09:36:39.638Z] [SyncDiag] PREPARE-PULL ONE-WAY: components — 12 rows
[2026-05-11T09:36:39.638Z] [SyncDiag] PREPARE-PULL ONE-WAY: jobs — 2 rows
[2026-05-11T09:36:39.639Z] [SyncDiag] PREPARE-PULL ONE-WAY: fleet_groups — 13 rows
[2026-05-11T09:36:39.639Z] [SyncDiag] PREPARE-PULL ONE-WAY: maker_list — 2 rows
[2026-05-11T09:36:39.639Z] [SyncDiag] PREPARE-PULL ONE-WAY: master_lists — 6 rows
[2026-05-11T09:36:39.640Z] [SyncDiag] PREPARE-PULL ONE-WAY: pms_vessel_settings — 1 rows
[2026-05-11T09:36:39.640Z] [SyncDiag] PREPARE-PULL ONE-WAY: ship_certificates_master — 138 rows
[2026-05-11T09:36:39.640Z] [SyncDiag] PREPARE-PULL ONE-WAY: ship_surveys_master — 64 rows
[2026-05-11T09:36:39.641Z] [SyncDiag] PREPARE-PULL ONE-WAY: vessel_certificate_applicability — 80 rows
[2026-05-11T09:36:39.641Z] [SyncDiag] PREPARE-PULL ONE-WAY: vessel_survey_applicability — 41 rows
[2026-05-11T09:36:58.022Z] [SyncDiag] RECEIVE-PUSH START: batch=e630a0d2-7e77-47fe-9bd5-9056afa851c4, vessel=7446783c-841a-11ed-aa7c-7003bca91a86, fieldLogs=0, oneWayRows=0
[2026-05-11T09:36:58.075Z] [SyncDiag] RECEIVE-PUSH DONE: stored=0, applied=0, errors=0, oneWayTables=0
[2026-05-11T09:36:58.168Z] [SyncDiag] PREPARE-PULL START: vessel=7446783c-841a-11ed-aa7c-7003bca91a86, vesselCode=null, checkpoint=2026-05-04T11:18:08.589Z
[2026-05-11T09:36:59.079Z] [SyncDiag] PREPARE-PULL FIELD LOGS: 0 shore logs for vessel
[2026-05-11T09:36:59.157Z] [SyncDiag] PREPARE-PULL DONE: 359 one-way rows across 10 tables, 0 field logs, 0 conflicts
[2026-05-11T09:36:59.158Z] [SyncDiag] PREPARE-PULL ONE-WAY: components — 12 rows
[2026-05-11T09:36:59.159Z] [SyncDiag] PREPARE-PULL ONE-WAY: jobs — 2 rows
[2026-05-11T09:36:59.159Z] [SyncDiag] PREPARE-PULL ONE-WAY: fleet_groups — 13 rows
[2026-05-11T09:36:59.159Z] [SyncDiag] PREPARE-PULL ONE-WAY: maker_list — 2 rows
[2026-05-11T09:36:59.160Z] [SyncDiag] PREPARE-PULL ONE-WAY: master_lists — 6 rows
[2026-05-11T09:36:59.160Z] [SyncDiag] PREPARE-PULL ONE-WAY: pms_vessel_settings — 1 rows
[2026-05-11T09:36:59.160Z] [SyncDiag] PREPARE-PULL ONE-WAY: ship_certificates_master — 138 rows
[2026-05-11T09:36:59.161Z] [SyncDiag] PREPARE-PULL ONE-WAY: ship_surveys_master — 64 rows
[2026-05-11T09:36:59.161Z] [SyncDiag] PREPARE-PULL ONE-WAY: vessel_certificate_applicability — 80 rows
[2026-05-11T09:36:59.161Z] [SyncDiag] PREPARE-PULL ONE-WAY: vessel_survey_applicability — 41 rows
[2026-05-11T09:37:18.639Z] [SyncDiag] RECEIVE-PUSH START: batch=ae583b47-fa7d-49c2-8ab4-2250ea497e17, vessel=7446783c-841a-11ed-aa7c-7003bca91a86, fieldLogs=0, oneWayRows=0
[2026-05-11T09:37:18.642Z] [SyncDiag] RECEIVE-PUSH DONE: stored=0, applied=0, errors=0, oneWayTables=0
[2026-05-11T09:37:20.661Z] [SyncDiag] PREPARE-PULL START: vessel=7446783c-841a-11ed-aa7c-7003bca91a86, vesselCode=null, checkpoint=2026-05-04T11:18:08.589Z
[2026-05-11T09:37:20.953Z] [SyncDiag] PREPARE-PULL FIELD LOGS: 0 shore logs for vessel
[2026-05-11T09:37:21.035Z] [SyncDiag] PREPARE-PULL DONE: 359 one-way rows across 10 tables, 0 field logs, 0 conflicts
[2026-05-11T09:37:21.035Z] [SyncDiag] PREPARE-PULL ONE-WAY: components — 12 rows
[2026-05-11T09:37:21.036Z] [SyncDiag] PREPARE-PULL ONE-WAY: jobs — 2 rows
[2026-05-11T09:37:21.036Z] [SyncDiag] PREPARE-PULL ONE-WAY: fleet_groups — 13 rows
[2026-05-11T09:37:21.037Z] [SyncDiag] PREPARE-PULL ONE-WAY: maker_list — 2 rows
[2026-05-11T09:37:21.037Z] [SyncDiag] PREPARE-PULL ONE-WAY: master_lists — 6 rows
[2026-05-11T09:37:21.037Z] [SyncDiag] PREPARE-PULL ONE-WAY: pms_vessel_settings — 1 rows
[2026-05-11T09:37:21.038Z] [SyncDiag] PREPARE-PULL ONE-WAY: ship_certificates_master — 138 rows
[2026-05-11T09:37:21.038Z] [SyncDiag] PREPARE-PULL ONE-WAY: ship_surveys_master — 64 rows
[2026-05-11T09:37:21.038Z] [SyncDiag] PREPARE-PULL ONE-WAY: vessel_certificate_applicability — 80 rows
[2026-05-11T09:37:21.039Z] [SyncDiag] PREPARE-PULL ONE-WAY: vessel_survey_applicability — 41 rows
[2026-05-11T09:59:59.030Z] [SyncDiag] RECEIVE-PUSH START: batch=0d9d7e85-636d-44a7-835c-429488379ae4, vessel=7446783c-841a-11ed-aa7c-7003bca91a86, fieldLogs=34, oneWayRows=0
[2026-05-11T09:59:59.083Z] [SyncDiag] RECEIVE-PUSH: 34 field logs stored in sync_field_log
[2026-05-11T09:59:59.088Z] [SyncDiag] SYNC-APPLY TRIGGER BYPASS active for batch=0d9d7e85-636d-44a7-835c-429488379ae4
[2026-05-11T09:59:59.088Z] [SyncDiag] FIELD-LOG-INSERT START: 34 logs
[2026-05-11T09:59:59.089Z] [SyncDiag] FIELD-LOG-INSERT: 3 groups from 34 logs
[2026-05-11T09:59:59.114Z] [SyncDiag] FIELD-LOG-INSERT OK: vessel_certificate_data row=780a1f19-e125-4be5-8db6-9ec49106e531 (12 columns)
[2026-05-11T09:59:59.116Z] [SyncDiag] FIELD-LOG-INSERT OK: vessel_certificate_data row=c3322cd2-dc33-435e-b4d3-bead2bcc4413 (12 columns)
[2026-05-11T09:59:59.116Z] [SyncDiag] FIELD-LOG-INSERT DONE: inserted=2, updatePassthrough=12, errors=0
[2026-05-11T09:59:59.129Z] [SyncDiag] RECEIVE-PUSH DONE: stored=34, applied=14, errors=0, oneWayTables=0
[2026-05-11T10:00:01.177Z] [SyncDiag] PREPARE-PULL START: vessel=7446783c-841a-11ed-aa7c-7003bca91a86, vesselCode=null, checkpoint=2026-05-04T11:18:08.589Z
[2026-05-11T10:00:02.954Z] [SyncDiag] PREPARE-PULL FIELD LOGS: 0 shore logs for vessel
[2026-05-11T10:00:03.524Z] [SyncDiag] PREPARE-PULL DONE: 359 one-way rows across 10 tables, 0 field logs, 0 conflicts
[2026-05-11T10:00:03.525Z] [SyncDiag] PREPARE-PULL ONE-WAY: components — 12 rows
[2026-05-11T10:00:03.525Z] [SyncDiag] PREPARE-PULL ONE-WAY: jobs — 2 rows
[2026-05-11T10:00:03.526Z] [SyncDiag] PREPARE-PULL ONE-WAY: fleet_groups — 13 rows
[2026-05-11T10:00:03.526Z] [SyncDiag] PREPARE-PULL ONE-WAY: maker_list — 2 rows
[2026-05-11T10:00:03.526Z] [SyncDiag] PREPARE-PULL ONE-WAY: master_lists — 6 rows
[2026-05-11T10:00:03.527Z] [SyncDiag] PREPARE-PULL ONE-WAY: pms_vessel_settings — 1 rows
[2026-05-11T10:00:03.527Z] [SyncDiag] PREPARE-PULL ONE-WAY: ship_certificates_master — 138 rows
[2026-05-11T10:00:03.527Z] [SyncDiag] PREPARE-PULL ONE-WAY: ship_surveys_master — 64 rows
[2026-05-11T10:00:03.528Z] [SyncDiag] PREPARE-PULL ONE-WAY: vessel_certificate_applicability — 80 rows
[2026-05-11T10:00:03.528Z] [SyncDiag] PREPARE-PULL ONE-WAY: vessel_survey_applicability — 41 rows
[2026-05-11T10:01:01.125Z] [SyncDiag] RECEIVE-PUSH START: batch=99997ebe-2ca2-4222-a007-38ade30064da, vessel=7446783c-841a-11ed-aa7c-7003bca91a86, fieldLogs=2, oneWayRows=0
[2026-05-11T10:01:01.192Z] [SyncDiag] RECEIVE-PUSH: 2 field logs stored in sync_field_log
[2026-05-11T10:01:01.193Z] [SyncDiag] SYNC-APPLY TRIGGER BYPASS active for batch=99997ebe-2ca2-4222-a007-38ade30064da
[2026-05-11T10:01:01.194Z] [SyncDiag] FIELD-LOG-INSERT START: 2 logs
[2026-05-11T10:01:01.195Z] [SyncDiag] FIELD-LOG-INSERT: 1 groups from 2 logs
[2026-05-11T10:01:01.195Z] [SyncDiag] FIELD-LOG-INSERT DONE: inserted=0, updatePassthrough=2, errors=0
[2026-05-11T10:01:01.271Z] [SyncDiag] RECEIVE-PUSH DONE: stored=2, applied=2, errors=0, oneWayTables=0
[2026-05-11T10:01:03.350Z] [SyncDiag] PREPARE-PULL START: vessel=7446783c-841a-11ed-aa7c-7003bca91a86, vesselCode=null, checkpoint=2026-05-04T11:18:08.589Z
[2026-05-11T10:01:03.722Z] [SyncDiag] PREPARE-PULL FIELD LOGS: 0 shore logs for vessel
[2026-05-11T10:01:03.814Z] [SyncDiag] PREPARE-PULL DONE: 359 one-way rows across 10 tables, 0 field logs, 0 conflicts
[2026-05-11T10:01:03.815Z] [SyncDiag] PREPARE-PULL ONE-WAY: components — 12 rows
[2026-05-11T10:01:03.815Z] [SyncDiag] PREPARE-PULL ONE-WAY: jobs — 2 rows
[2026-05-11T10:01:03.816Z] [SyncDiag] PREPARE-PULL ONE-WAY: fleet_groups — 13 rows
[2026-05-11T10:01:03.816Z] [SyncDiag] PREPARE-PULL ONE-WAY: maker_list — 2 rows
[2026-05-11T10:01:03.816Z] [SyncDiag] PREPARE-PULL ONE-WAY: master_lists — 6 rows
[2026-05-11T10:01:03.817Z] [SyncDiag] PREPARE-PULL ONE-WAY: pms_vessel_settings — 1 rows
[2026-05-11T10:01:03.817Z] [SyncDiag] PREPARE-PULL ONE-WAY: ship_certificates_master — 138 rows
[2026-05-11T10:01:03.817Z] [SyncDiag] PREPARE-PULL ONE-WAY: ship_surveys_master — 64 rows
[2026-05-11T10:01:03.818Z] [SyncDiag] PREPARE-PULL ONE-WAY: vessel_certificate_applicability — 80 rows
[2026-05-11T10:01:03.818Z] [SyncDiag] PREPARE-PULL ONE-WAY: vessel_survey_applicability — 41 rows
[2026-05-11T10:02:47.158Z] [SyncDiag] RECEIVE-PUSH START: batch=f2ed291c-7c45-42e6-b86e-1a9517670bc1, vessel=7446783c-841a-11ed-aa7c-7003bca91a86, fieldLogs=2, oneWayRows=0
[2026-05-11T10:02:47.168Z] [SyncDiag] RECEIVE-PUSH: 2 field logs stored in sync_field_log
[2026-05-11T10:02:47.169Z] [SyncDiag] SYNC-APPLY TRIGGER BYPASS active for batch=f2ed291c-7c45-42e6-b86e-1a9517670bc1
[2026-05-11T10:02:47.169Z] [SyncDiag] FIELD-LOG-INSERT START: 2 logs
[2026-05-11T10:02:47.170Z] [SyncDiag] FIELD-LOG-INSERT: 1 groups from 2 logs
[2026-05-11T10:02:47.174Z] [SyncDiag] FIELD-LOG-INSERT DONE: inserted=0, updatePassthrough=2, errors=0
[2026-05-11T10:02:47.181Z] [SyncDiag] RECEIVE-PUSH DONE: stored=2, applied=2, errors=0, oneWayTables=0
[2026-05-11T10:02:47.190Z] [SyncDiag] PREPARE-PULL START: vessel=7446783c-841a-11ed-aa7c-7003bca91a86, vesselCode=null, checkpoint=2026-05-04T11:18:08.589Z
[2026-05-11T10:02:47.489Z] [SyncDiag] PREPARE-PULL FIELD LOGS: 0 shore logs for vessel
[2026-05-11T10:02:47.574Z] [SyncDiag] PREPARE-PULL DONE: 359 one-way rows across 10 tables, 0 field logs, 0 conflicts
[2026-05-11T10:02:47.575Z] [SyncDiag] PREPARE-PULL ONE-WAY: components — 12 rows
[2026-05-11T10:02:47.575Z] [SyncDiag] PREPARE-PULL ONE-WAY: jobs — 2 rows
[2026-05-11T10:02:47.575Z] [SyncDiag] PREPARE-PULL ONE-WAY: fleet_groups — 13 rows
[2026-05-11T10:02:47.576Z] [SyncDiag] PREPARE-PULL ONE-WAY: maker_list — 2 rows
[2026-05-11T10:02:47.576Z] [SyncDiag] PREPARE-PULL ONE-WAY: master_lists — 6 rows
[2026-05-11T10:02:47.577Z] [SyncDiag] PREPARE-PULL ONE-WAY: pms_vessel_settings — 1 rows
[2026-05-11T10:02:47.577Z] [SyncDiag] PREPARE-PULL ONE-WAY: ship_certificates_master — 138 rows
[2026-05-11T10:02:47.577Z] [SyncDiag] PREPARE-PULL ONE-WAY: ship_surveys_master — 64 rows
[2026-05-11T10:02:47.578Z] [SyncDiag] PREPARE-PULL ONE-WAY: vessel_certificate_applicability — 80 rows
[2026-05-11T10:02:47.578Z] [SyncDiag] PREPARE-PULL ONE-WAY: vessel_survey_applicability — 41 rows
[2026-05-11T10:05:27.537Z] [SyncDiag] RECEIVE-PUSH START: batch=19ae077e-828e-47de-84db-8ca00f76d083, vessel=7446783c-841a-11ed-aa7c-7003bca91a86, fieldLogs=16, oneWayRows=0
[2026-05-11T10:05:27.587Z] [SyncDiag] RECEIVE-PUSH: 16 field logs stored in sync_field_log
[2026-05-11T10:05:27.588Z] [SyncDiag] SYNC-APPLY TRIGGER BYPASS active for batch=19ae077e-828e-47de-84db-8ca00f76d083
[2026-05-11T10:05:27.588Z] [SyncDiag] FIELD-LOG-INSERT START: 16 logs
[2026-05-11T10:05:27.589Z] [SyncDiag] FIELD-LOG-INSERT: 1 groups from 16 logs
[2026-05-11T10:05:27.589Z] [SyncDiag] FIELD-LOG-INSERT DONE: inserted=0, updatePassthrough=16, errors=0
[2026-05-11T10:05:27.611Z] [SyncDiag] RECEIVE-PUSH DONE: stored=16, applied=16, errors=0, oneWayTables=0
[2026-05-11T10:05:29.640Z] [SyncDiag] PREPARE-PULL START: vessel=7446783c-841a-11ed-aa7c-7003bca91a86, vesselCode=null, checkpoint=2026-05-04T11:18:08.589Z
[2026-05-11T10:05:30.017Z] [SyncDiag] PREPARE-PULL FIELD LOGS: 0 shore logs for vessel
[2026-05-11T10:05:30.107Z] [SyncDiag] PREPARE-PULL DONE: 359 one-way rows across 10 tables, 0 field logs, 0 conflicts
[2026-05-11T10:05:30.108Z] [SyncDiag] PREPARE-PULL ONE-WAY: components — 12 rows
[2026-05-11T10:05:30.108Z] [SyncDiag] PREPARE-PULL ONE-WAY: jobs — 2 rows
[2026-05-11T10:05:30.109Z] [SyncDiag] PREPARE-PULL ONE-WAY: fleet_groups — 13 rows
[2026-05-11T10:05:30.109Z] [SyncDiag] PREPARE-PULL ONE-WAY: maker_list — 2 rows
[2026-05-11T10:05:30.109Z] [SyncDiag] PREPARE-PULL ONE-WAY: master_lists — 6 rows
[2026-05-11T10:05:30.110Z] [SyncDiag] PREPARE-PULL ONE-WAY: pms_vessel_settings — 1 rows
[2026-05-11T10:05:30.110Z] [SyncDiag] PREPARE-PULL ONE-WAY: ship_certificates_master — 138 rows
[2026-05-11T10:05:30.111Z] [SyncDiag] PREPARE-PULL ONE-WAY: ship_surveys_master — 64 rows
[2026-05-11T10:05:30.111Z] [SyncDiag] PREPARE-PULL ONE-WAY: vessel_certificate_applicability — 80 rows
[2026-05-11T10:05:30.111Z] [SyncDiag] PREPARE-PULL ONE-WAY: vessel_survey_applicability — 41 rows
[2026-05-11T10:07:00.461Z] [SyncDiag] === SYNC START === vessel=7446783c-841a-11ed-aa7c-7003bca91a86, instance=SHORE-PROD, mode=LOCAL
[2026-05-11T10:07:00.474Z] [SyncDiag] PUSH START: gathering field logs for vessel=7446783c-841a-11ed-aa7c-7003bca91a86, vesselCode=null
[2026-05-11T10:07:00.638Z] [SyncDiag] PUSH: found 0 unsynced field logs
[2026-05-11T10:07:00.639Z] [SyncDiag] RECEIVE-PUSH START: batch=f1f3b048-5d49-423f-b172-b816a41acaa5, vessel=7446783c-841a-11ed-aa7c-7003bca91a86, fieldLogs=0, oneWayRows=0
[2026-05-11T10:07:00.647Z] [SyncDiag] RECEIVE-PUSH DONE: stored=0, applied=0, errors=0, oneWayTables=0
[2026-05-11T10:07:00.650Z] [SyncDiag] PREPARE-PULL START: vessel=7446783c-841a-11ed-aa7c-7003bca91a86, vesselCode=null, checkpoint=2026-05-11T09:35:59.744Z
[2026-05-11T10:07:00.834Z] [SyncDiag] PREPARE-PULL FIELD LOGS: 0 shore logs for vessel
[2026-05-11T10:07:00.957Z] [SyncDiag] PREPARE-PULL DONE: 0 one-way rows across 0 tables, 0 field logs, 0 conflicts
[2026-05-11T10:07:00.958Z] [SyncDiag] PULL RECEIVED: 0 one-way table batches, 0 field logs
[2026-05-11T10:07:01.136Z] [SyncDiag] SYNC COMPLETE: checkpoint=2026-05-11T10:07:00.959Z
[2026-05-11T10:07:01.141Z] [SyncDiag] FILE-SYNC START: 0 pending files for vessel=7446783c-841a-11ed-aa7c-7003bca91a86, direction=shore_to_ship
[2026-05-11T10:07:01.142Z] [SyncDiag] FILE-SYNC DONE: processed=0, failed=0, bytes=0
[2026-05-11T10:07:01.142Z] [SyncDiag] === SYNC END === vessel=7446783c-841a-11ed-aa7c-7003bca91a86, duration=681ms, status=success, pushed=0, pulled=0, conflicts=0, files=0+0
[2026-05-11T10:09:21.521Z] [SyncDiag] RECEIVE-PUSH START: batch=860c085b-b0cd-4c92-95ad-6938c09fd2eb, vessel=7446783c-841a-11ed-aa7c-7003bca91a86, fieldLogs=0, oneWayRows=0
[2026-05-11T10:09:21.525Z] [SyncDiag] RECEIVE-PUSH DONE: stored=0, applied=0, errors=0, oneWayTables=0
[2026-05-11T10:09:21.531Z] [SyncDiag] PREPARE-PULL START: vessel=7446783c-841a-11ed-aa7c-7003bca91a86, vesselCode=null, checkpoint=2026-05-04T11:18:08.589Z
[2026-05-11T10:09:21.858Z] [SyncDiag] PREPARE-PULL FIELD LOGS: 0 shore logs for vessel
[2026-05-11T10:09:21.943Z] [SyncDiag] PREPARE-PULL DONE: 359 one-way rows across 10 tables, 0 field logs, 0 conflicts
[2026-05-11T10:09:21.943Z] [SyncDiag] PREPARE-PULL ONE-WAY: components — 12 rows
[2026-05-11T10:09:21.944Z] [SyncDiag] PREPARE-PULL ONE-WAY: jobs — 2 rows
[2026-05-11T10:09:21.944Z] [SyncDiag] PREPARE-PULL ONE-WAY: fleet_groups — 13 rows
[2026-05-11T10:09:21.944Z] [SyncDiag] PREPARE-PULL ONE-WAY: maker_list — 2 rows
[2026-05-11T10:09:21.945Z] [SyncDiag] PREPARE-PULL ONE-WAY: master_lists — 6 rows
[2026-05-11T10:09:21.945Z] [SyncDiag] PREPARE-PULL ONE-WAY: pms_vessel_settings — 1 rows
[2026-05-11T10:09:21.946Z] [SyncDiag] PREPARE-PULL ONE-WAY: ship_certificates_master — 138 rows
[2026-05-11T10:09:21.946Z] [SyncDiag] PREPARE-PULL ONE-WAY: ship_surveys_master — 64 rows
[2026-05-11T10:09:21.946Z] [SyncDiag] PREPARE-PULL ONE-WAY: vessel_certificate_applicability — 80 rows
[2026-05-11T10:09:21.947Z] [SyncDiag] PREPARE-PULL ONE-WAY: vessel_survey_applicability — 41 rows
[2026-05-11T10:09:48.668Z] [SyncDiag] === SYNC START === vessel=7446783c-841a-11ed-aa7c-7003bca91a86, instance=SHORE-PROD, mode=LOCAL
[2026-05-11T10:09:48.681Z] [SyncDiag] PUSH START: gathering field logs for vessel=7446783c-841a-11ed-aa7c-7003bca91a86, vesselCode=null
[2026-05-11T10:09:48.842Z] [SyncDiag] PUSH: found 0 unsynced field logs
[2026-05-11T10:09:48.843Z] [SyncDiag] RECEIVE-PUSH START: batch=397aba52-f934-41bb-a35a-cd47fb426f34, vessel=7446783c-841a-11ed-aa7c-7003bca91a86, fieldLogs=0, oneWayRows=0
[2026-05-11T10:09:48.851Z] [SyncDiag] RECEIVE-PUSH DONE: stored=0, applied=0, errors=0, oneWayTables=0
[2026-05-11T10:09:48.854Z] [SyncDiag] PREPARE-PULL START: vessel=7446783c-841a-11ed-aa7c-7003bca91a86, vesselCode=null, checkpoint=2026-05-11T10:07:00.959Z
[2026-05-11T10:09:49.036Z] [SyncDiag] PREPARE-PULL FIELD LOGS: 0 shore logs for vessel
[2026-05-11T10:09:49.157Z] [SyncDiag] PREPARE-PULL DONE: 0 one-way rows across 0 tables, 0 field logs, 0 conflicts
[2026-05-11T10:09:49.158Z] [SyncDiag] PULL RECEIVED: 0 one-way table batches, 0 field logs
[2026-05-11T10:09:49.335Z] [SyncDiag] SYNC COMPLETE: checkpoint=2026-05-11T10:09:49.160Z
[2026-05-11T10:09:49.339Z] [SyncDiag] FILE-SYNC START: 0 pending files for vessel=7446783c-841a-11ed-aa7c-7003bca91a86, direction=shore_to_ship
[2026-05-11T10:09:49.340Z] [SyncDiag] FILE-SYNC DONE: processed=0, failed=0, bytes=0
[2026-05-11T10:09:49.340Z] [SyncDiag] === SYNC END === vessel=7446783c-841a-11ed-aa7c-7003bca91a86, duration=672ms, status=success, pushed=0, pulled=0, conflicts=0, files=0+0
[2026-05-11T11:16:09.255Z] [SyncDiag] FIELD-LOGGER: defect_sequences row=4 — 1 fields changed, isInsert=false
[2026-05-11T11:16:09.453Z] [SyncDiag] FIELD-LOGGER: defects row=c45c44b2-1df3-434d-8ff0-f0b9fc0a8ef5 — 61 fields changed, isInsert=true
[2026-05-11T11:16:25.240Z] [SyncDiag] === SYNC START === vessel=7446783c-841a-11ed-aa7c-7003bca91a86, instance=SHORE-PROD, mode=LOCAL
[2026-05-11T11:16:25.285Z] [SyncDiag] PUSH START: gathering field logs for vessel=7446783c-841a-11ed-aa7c-7003bca91a86, vesselCode=null
[2026-05-11T11:16:26.580Z] [SyncDiag] PUSH: found 62 unsynced field logs
[2026-05-11T11:16:26.581Z] [SyncDiag] PUSH table breakdown: {"defect_sequences":1,"defects":61}
[2026-05-11T11:16:26.581Z] [SyncDiag] PUSH sample[0]: table=defect_sequences, field=lastSequence, row=4, oldNull=false, newValue=38
[2026-05-11T11:16:26.582Z] [SyncDiag] PUSH sample[1]: table=defects, field=id, row=c45c44b2-1df3-434d-8ff0-f0b9fc0a8ef5, oldNull=true, newValue=D005-26-0038
[2026-05-11T11:16:26.582Z] [SyncDiag] PUSH sample[2]: table=defects, field=duuid, row=c45c44b2-1df3-434d-8ff0-f0b9fc0a8ef5, oldNull=true, newValue=c45c44b2-1df3-434d-8ff0-f0b9fc0a8ef5
[2026-05-11T11:16:26.582Z] [SyncDiag] PUSH sample[3]: table=defects, field=vesselId, row=c45c44b2-1df3-434d-8ff0-f0b9fc0a8ef5, oldNull=true, newValue=7446783c-841a-11ed-aa7c-7003bca91a86
[2026-05-11T11:16:26.583Z] [SyncDiag] PUSH sample[4]: table=defects, field=vesselName, row=c45c44b2-1df3-434d-8ff0-f0b9fc0a8ef5, oldNull=true, newValue=Vessel 5
[2026-05-11T11:16:26.583Z] [SyncDiag] RECEIVE-PUSH START: batch=a725b132-1791-46ba-b8f0-1d1e0a5f3c3b, vessel=7446783c-841a-11ed-aa7c-7003bca91a86, fieldLogs=62, oneWayRows=0
[2026-05-11T11:16:26.667Z] [SyncDiag] RECEIVE-PUSH: 62 field logs stored in sync_field_log
[2026-05-11T11:16:26.672Z] [SyncDiag] SYNC-APPLY TRIGGER BYPASS active for batch=a725b132-1791-46ba-b8f0-1d1e0a5f3c3b
[2026-05-11T11:16:26.672Z] [SyncDiag] FIELD-LOG-INSERT START: 62 logs
[2026-05-11T11:16:26.673Z] [SyncDiag] FIELD-LOG-INSERT: 2 groups from 62 logs
[2026-05-11T11:16:26.677Z] [SyncDiag] FIELD-LOG-INSERT DONE: inserted=0, updatePassthrough=62, errors=0
[2026-05-11T11:16:26.745Z] [SyncDiag] RECEIVE-PUSH DONE: stored=62, applied=62, errors=0, oneWayTables=0
[2026-05-11T11:16:26.748Z] [SyncDiag] PREPARE-PULL START: vessel=7446783c-841a-11ed-aa7c-7003bca91a86, vesselCode=null, checkpoint=2026-05-11T10:09:49.160Z
[2026-05-11T11:16:26.997Z] [SyncDiag] PREPARE-PULL FIELD LOGS: 0 shore logs for vessel
[2026-05-11T11:16:27.499Z] [SyncDiag] PREPARE-PULL DONE: 0 one-way rows across 0 tables, 0 field logs, 0 conflicts
[2026-05-11T11:16:27.499Z] [SyncDiag] PULL RECEIVED: 0 one-way table batches, 0 field logs
[2026-05-11T11:16:27.793Z] [SyncDiag] SYNC COMPLETE: checkpoint=2026-05-11T11:16:27.501Z
[2026-05-11T11:16:27.799Z] [SyncDiag] PUSH DONE: marked 62 field logs as synced locally
[2026-05-11T11:16:27.805Z] [SyncDiag] FILE-SYNC START: 0 pending files for vessel=7446783c-841a-11ed-aa7c-7003bca91a86, direction=shore_to_ship
[2026-05-11T11:16:27.806Z] [SyncDiag] FILE-SYNC DONE: processed=0, failed=0, bytes=0
[2026-05-11T11:16:27.806Z] [SyncDiag] === SYNC END === vessel=7446783c-841a-11ed-aa7c-7003bca91a86, duration=2566ms, status=success, pushed=62, pulled=0, conflicts=0, files=0+0
[2026-05-11T11:17:07.443Z] [SyncDiag] RECEIVE-PUSH START: batch=ec3a0327-b380-4ab9-a71e-ef3ee70f22cc, vessel=7446783c-841a-11ed-aa7c-7003bca91a86, fieldLogs=0, oneWayRows=0
[2026-05-11T11:17:07.449Z] [SyncDiag] RECEIVE-PUSH DONE: stored=0, applied=0, errors=0, oneWayTables=0
[2026-05-11T11:17:07.459Z] [SyncDiag] PREPARE-PULL START: vessel=7446783c-841a-11ed-aa7c-7003bca91a86, vesselCode=null, checkpoint=2026-05-04T11:18:08.589Z
[2026-05-11T11:17:07.820Z] [SyncDiag] PREPARE-PULL FIELD LOGS: 0 shore logs for vessel
[2026-05-11T11:17:07.911Z] [SyncDiag] PREPARE-PULL DONE: 359 one-way rows across 10 tables, 0 field logs, 0 conflicts
[2026-05-11T11:17:07.911Z] [SyncDiag] PREPARE-PULL ONE-WAY: components — 12 rows
[2026-05-11T11:17:07.912Z] [SyncDiag] PREPARE-PULL ONE-WAY: jobs — 2 rows
[2026-05-11T11:17:07.912Z] [SyncDiag] PREPARE-PULL ONE-WAY: fleet_groups — 13 rows
[2026-05-11T11:17:07.912Z] [SyncDiag] PREPARE-PULL ONE-WAY: maker_list — 2 rows
[2026-05-11T11:17:07.913Z] [SyncDiag] PREPARE-PULL ONE-WAY: master_lists — 6 rows
[2026-05-11T11:17:07.913Z] [SyncDiag] PREPARE-PULL ONE-WAY: pms_vessel_settings — 1 rows
[2026-05-11T11:17:07.913Z] [SyncDiag] PREPARE-PULL ONE-WAY: ship_certificates_master — 138 rows
[2026-05-11T11:17:07.914Z] [SyncDiag] PREPARE-PULL ONE-WAY: ship_surveys_master — 64 rows
[2026-05-11T11:17:07.914Z] [SyncDiag] PREPARE-PULL ONE-WAY: vessel_certificate_applicability — 80 rows
[2026-05-11T11:17:07.914Z] [SyncDiag] PREPARE-PULL ONE-WAY: vessel_survey_applicability — 41 rows
[2026-05-11T11:19:04.104Z] [SyncDiag] RECEIVE-PUSH START: batch=36c6d421-a282-41df-968e-878d3304b983, vessel=7446783c-841a-11ed-aa7c-7003bca91a86, fieldLogs=62, oneWayRows=0
[2026-05-11T11:19:04.169Z] [SyncDiag] RECEIVE-PUSH: 62 field logs stored in sync_field_log
[2026-05-11T11:19:04.171Z] [SyncDiag] SYNC-APPLY TRIGGER BYPASS active for batch=36c6d421-a282-41df-968e-878d3304b983
[2026-05-11T11:19:04.172Z] [SyncDiag] FIELD-LOG-INSERT START: 62 logs
[2026-05-11T11:19:04.172Z] [SyncDiag] FIELD-LOG-INSERT: 2 groups from 62 logs
[2026-05-11T11:19:04.201Z] [SyncDiag] FIELD-LOG-INSERT DONE: inserted=0, updatePassthrough=1, errors=1
[2026-05-11T11:19:04.207Z] [SyncDiag] RECEIVE-PUSH DONE: stored=62, applied=0, errors=2, oneWayTables=0
[2026-05-11T11:19:06.231Z] [SyncDiag] PREPARE-PULL START: vessel=7446783c-841a-11ed-aa7c-7003bca91a86, vesselCode=null, checkpoint=2026-05-04T11:18:08.589Z
[2026-05-11T11:19:06.583Z] [SyncDiag] PREPARE-PULL FIELD LOGS: 0 shore logs for vessel
[2026-05-11T11:19:06.669Z] [SyncDiag] PREPARE-PULL DONE: 359 one-way rows across 10 tables, 0 field logs, 0 conflicts
[2026-05-11T11:19:06.670Z] [SyncDiag] PREPARE-PULL ONE-WAY: components — 12 rows
[2026-05-11T11:19:06.670Z] [SyncDiag] PREPARE-PULL ONE-WAY: jobs — 2 rows
[2026-05-11T11:19:06.671Z] [SyncDiag] PREPARE-PULL ONE-WAY: fleet_groups — 13 rows
[2026-05-11T11:19:06.671Z] [SyncDiag] PREPARE-PULL ONE-WAY: maker_list — 2 rows
[2026-05-11T11:19:06.672Z] [SyncDiag] PREPARE-PULL ONE-WAY: master_lists — 6 rows
[2026-05-11T11:19:06.672Z] [SyncDiag] PREPARE-PULL ONE-WAY: pms_vessel_settings — 1 rows
[2026-05-11T11:19:06.673Z] [SyncDiag] PREPARE-PULL ONE-WAY: ship_certificates_master — 138 rows
[2026-05-11T11:19:06.673Z] [SyncDiag] PREPARE-PULL ONE-WAY: ship_surveys_master — 64 rows
[2026-05-11T11:19:06.673Z] [SyncDiag] PREPARE-PULL ONE-WAY: vessel_certificate_applicability — 80 rows
[2026-05-11T11:19:06.674Z] [SyncDiag] PREPARE-PULL ONE-WAY: vessel_survey_applicability — 41 rows
[2026-05-11T11:19:31.615Z] [SyncDiag] === SYNC START === vessel=7446783c-841a-11ed-aa7c-7003bca91a86, instance=SHORE-PROD, mode=LOCAL
[2026-05-11T11:19:31.629Z] [SyncDiag] PUSH START: gathering field logs for vessel=7446783c-841a-11ed-aa7c-7003bca91a86, vesselCode=null
[2026-05-11T11:19:31.749Z] [SyncDiag] PUSH: found 0 unsynced field logs
[2026-05-11T11:19:31.750Z] [SyncDiag] RECEIVE-PUSH START: batch=39d8f2ce-eff3-425d-b9f7-dca964f66cad, vessel=7446783c-841a-11ed-aa7c-7003bca91a86, fieldLogs=0, oneWayRows=0
[2026-05-11T11:19:31.755Z] [SyncDiag] RECEIVE-PUSH DONE: stored=0, applied=0, errors=0, oneWayTables=0
[2026-05-11T11:19:31.758Z] [SyncDiag] PREPARE-PULL START: vessel=7446783c-841a-11ed-aa7c-7003bca91a86, vesselCode=null, checkpoint=2026-05-11T11:16:27.501Z
[2026-05-11T11:19:31.939Z] [SyncDiag] PREPARE-PULL FIELD LOGS: 0 shore logs for vessel
[2026-05-11T11:19:32.061Z] [SyncDiag] PREPARE-PULL DONE: 0 one-way rows across 0 tables, 0 field logs, 0 conflicts
[2026-05-11T11:19:32.061Z] [SyncDiag] PULL RECEIVED: 0 one-way table batches, 0 field logs
[2026-05-11T11:19:32.247Z] [SyncDiag] SYNC COMPLETE: checkpoint=2026-05-11T11:19:32.063Z
[2026-05-11T11:19:32.251Z] [SyncDiag] FILE-SYNC START: 0 pending files for vessel=7446783c-841a-11ed-aa7c-7003bca91a86, direction=shore_to_ship
[2026-05-11T11:19:32.252Z] [SyncDiag] FILE-SYNC DONE: processed=0, failed=0, bytes=0
[2026-05-11T11:19:32.252Z] [SyncDiag] === SYNC END === vessel=7446783c-841a-11ed-aa7c-7003bca91a86, duration=637ms, status=success, pushed=0, pulled=0, conflicts=0, files=0+0
[2026-05-11T11:43:41.569Z] [SyncDiag] === SYNC START === vessel=7446783c-841a-11ed-aa7c-7003bca91a86, instance=SHORE-PROD, mode=LOCAL
[2026-05-11T11:43:41.597Z] [SyncDiag] PUSH START: gathering field logs for vessel=7446783c-841a-11ed-aa7c-7003bca91a86, vesselCode=null
[2026-05-11T11:43:41.874Z] [SyncDiag] PUSH: found 0 unsynced field logs
[2026-05-11T11:43:41.876Z] [SyncDiag] RECEIVE-PUSH START: batch=158a50b1-b1e4-4cad-81c0-3e57b36ba512, vessel=7446783c-841a-11ed-aa7c-7003bca91a86, fieldLogs=0, oneWayRows=0
[2026-05-11T11:43:41.885Z] [SyncDiag] RECEIVE-PUSH DONE: stored=0, applied=0, errors=0, oneWayTables=0
[2026-05-11T11:43:41.888Z] [SyncDiag] PREPARE-PULL START: vessel=7446783c-841a-11ed-aa7c-7003bca91a86, vesselCode=null, checkpoint=2026-05-11T11:19:32.063Z
[2026-05-11T11:43:42.200Z] [SyncDiag] PREPARE-PULL FIELD LOGS: 0 shore logs for vessel
[2026-05-11T11:43:42.402Z] [SyncDiag] PREPARE-PULL DONE: 142 one-way rows across 3 tables, 0 field logs, 0 conflicts
[2026-05-11T11:43:42.402Z] [SyncDiag] PREPARE-PULL ONE-WAY: master_lists — 6 rows
[2026-05-11T11:43:42.403Z] [SyncDiag] PREPARE-PULL ONE-WAY: ship_certificates_master — 133 rows
[2026-05-11T11:43:42.403Z] [SyncDiag] PREPARE-PULL ONE-WAY: vessel_certificate_applicability — 3 rows
[2026-05-11T11:43:42.404Z] [SyncDiag] PULL RECEIVED: 3 one-way table batches, 0 field logs
[2026-05-11T11:43:42.404Z] [SyncDiag] PULL one-way tables: {"master_lists":6,"ship_certificates_master":133,"vessel_certificate_applicability":3}
[2026-05-11T11:43:42.405Z] [SyncDiag] ONE-WAY-APPLY START: master_lists — 6 rows
[2026-05-11T11:43:42.478Z] [SyncDiag] ONE-WAY-APPLY DONE: master_lists — inserted=0, updated=6, deleted=0, errors=0
[2026-05-11T11:43:42.491Z] [SyncDiag] PULL ONE-WAY: master_lists — inserted=0, updated=6, deleted=0, errors=0
[2026-05-11T11:43:42.492Z] [SyncDiag] ONE-WAY-APPLY START: ship_certificates_master — 133 rows
[2026-05-11T11:43:42.729Z] [SyncDiag] ONE-WAY-APPLY DONE: ship_certificates_master — inserted=0, updated=133, deleted=0, errors=0
[2026-05-11T11:43:42.731Z] [SyncDiag] PULL ONE-WAY: ship_certificates_master — inserted=0, updated=133, deleted=0, errors=0
[2026-05-11T11:43:42.732Z] [SyncDiag] ONE-WAY-APPLY START: vessel_certificate_applicability — 3 rows
[2026-05-11T11:43:42.750Z] [SyncDiag] ONE-WAY-APPLY DONE: vessel_certificate_applicability — inserted=0, updated=3, deleted=0, errors=0
[2026-05-11T11:43:42.753Z] [SyncDiag] PULL ONE-WAY: vessel_certificate_applicability — inserted=0, updated=3, deleted=0, errors=0
[2026-05-11T11:43:43.472Z] [SyncDiag] SYNC COMPLETE: checkpoint=2026-05-11T11:43:42.755Z
[2026-05-11T11:43:43.507Z] [SyncDiag] FILE-SYNC START: 0 pending files for vessel=7446783c-841a-11ed-aa7c-7003bca91a86, direction=shore_to_ship
[2026-05-11T11:43:43.508Z] [SyncDiag] FILE-SYNC DONE: processed=0, failed=0, bytes=0
[2026-05-11T11:43:43.508Z] [SyncDiag] === SYNC END === vessel=7446783c-841a-11ed-aa7c-7003bca91a86, duration=1939ms, status=success, pushed=0, pulled=142, conflicts=0, files=0+0
[2026-05-11T11:44:26.552Z] [SyncDiag] RECEIVE-PUSH START: batch=de443f95-111f-497f-b234-f0edd79b2be7, vessel=7446783c-841a-11ed-aa7c-7003bca91a86, fieldLogs=0, oneWayRows=0
[2026-05-11T11:44:26.558Z] [SyncDiag] RECEIVE-PUSH DONE: stored=0, applied=0, errors=0, oneWayTables=0
[2026-05-11T11:44:26.568Z] [SyncDiag] PREPARE-PULL START: vessel=7446783c-841a-11ed-aa7c-7003bca91a86, vesselCode=null, checkpoint=2026-05-04T11:18:08.589Z
[2026-05-11T11:44:26.952Z] [SyncDiag] PREPARE-PULL FIELD LOGS: 0 shore logs for vessel
[2026-05-11T11:44:27.036Z] [SyncDiag] PREPARE-PULL DONE: 365 one-way rows across 10 tables, 0 field logs, 0 conflicts
[2026-05-11T11:44:27.037Z] [SyncDiag] PREPARE-PULL ONE-WAY: components — 12 rows
[2026-05-11T11:44:27.037Z] [SyncDiag] PREPARE-PULL ONE-WAY: jobs — 2 rows
[2026-05-11T11:44:27.038Z] [SyncDiag] PREPARE-PULL ONE-WAY: fleet_groups — 13 rows
[2026-05-11T11:44:27.038Z] [SyncDiag] PREPARE-PULL ONE-WAY: maker_list — 2 rows
[2026-05-11T11:44:27.038Z] [SyncDiag] PREPARE-PULL ONE-WAY: master_lists — 6 rows
[2026-05-11T11:44:27.039Z] [SyncDiag] PREPARE-PULL ONE-WAY: pms_vessel_settings — 1 rows
[2026-05-11T11:44:27.039Z] [SyncDiag] PREPARE-PULL ONE-WAY: ship_certificates_master — 141 rows
[2026-05-11T11:44:27.040Z] [SyncDiag] PREPARE-PULL ONE-WAY: ship_surveys_master — 64 rows
[2026-05-11T11:44:27.040Z] [SyncDiag] PREPARE-PULL ONE-WAY: vessel_certificate_applicability — 83 rows
[2026-05-11T11:44:27.040Z] [SyncDiag] PREPARE-PULL ONE-WAY: vessel_survey_applicability — 41 rows
[2026-05-11T11:47:53.756Z] [SyncDiag] RECEIVE-PUSH START: batch=7ba4d796-b638-485d-8a79-15862f24405b, vessel=7446783c-841a-11ed-aa7c-7003bca91a86, fieldLogs=15, oneWayRows=0
[2026-05-11T11:47:53.846Z] [SyncDiag] RECEIVE-PUSH: 15 field logs stored in sync_field_log
[2026-05-11T11:47:53.847Z] [SyncDiag] SYNC-APPLY TRIGGER BYPASS active for batch=7ba4d796-b638-485d-8a79-15862f24405b
[2026-05-11T11:47:53.848Z] [SyncDiag] FIELD-LOG-INSERT START: 15 logs
[2026-05-11T11:47:53.849Z] [SyncDiag] FIELD-LOG-INSERT: 1 groups from 15 logs
[2026-05-11T11:47:53.849Z] [SyncDiag] FIELD-LOG-INSERT DONE: inserted=0, updatePassthrough=15, errors=0
[2026-05-11T11:47:53.906Z] [SyncDiag] RECEIVE-PUSH DONE: stored=15, applied=15, errors=0, oneWayTables=0
[2026-05-11T11:47:55.938Z] [SyncDiag] PREPARE-PULL START: vessel=7446783c-841a-11ed-aa7c-7003bca91a86, vesselCode=null, checkpoint=2026-05-04T11:18:08.589Z
[2026-05-11T11:47:56.194Z] [SyncDiag] PREPARE-PULL FIELD LOGS: 0 shore logs for vessel
[2026-05-11T11:47:56.319Z] [SyncDiag] PREPARE-PULL DONE: 365 one-way rows across 10 tables, 0 field logs, 0 conflicts
[2026-05-11T11:47:56.320Z] [SyncDiag] PREPARE-PULL ONE-WAY: components — 12 rows
[2026-05-11T11:47:56.320Z] [SyncDiag] PREPARE-PULL ONE-WAY: jobs — 2 rows
[2026-05-11T11:47:56.321Z] [SyncDiag] PREPARE-PULL ONE-WAY: fleet_groups — 13 rows
[2026-05-11T11:47:56.321Z] [SyncDiag] PREPARE-PULL ONE-WAY: maker_list — 2 rows
[2026-05-11T11:47:56.321Z] [SyncDiag] PREPARE-PULL ONE-WAY: master_lists — 6 rows
[2026-05-11T11:47:56.322Z] [SyncDiag] PREPARE-PULL ONE-WAY: pms_vessel_settings — 1 rows
[2026-05-11T11:47:56.322Z] [SyncDiag] PREPARE-PULL ONE-WAY: ship_certificates_master — 141 rows
[2026-05-11T11:47:56.323Z] [SyncDiag] PREPARE-PULL ONE-WAY: ship_surveys_master — 64 rows
[2026-05-11T11:47:56.323Z] [SyncDiag] PREPARE-PULL ONE-WAY: vessel_certificate_applicability — 83 rows
[2026-05-11T11:47:56.323Z] [SyncDiag] PREPARE-PULL ONE-WAY: vessel_survey_applicability — 41 rows
[2026-05-11T11:48:38.660Z] [SyncDiag] === SYNC START === vessel=7446783c-841a-11ed-aa7c-7003bca91a86, instance=SHORE-PROD, mode=LOCAL
[2026-05-11T11:48:38.674Z] [SyncDiag] PUSH START: gathering field logs for vessel=7446783c-841a-11ed-aa7c-7003bca91a86, vesselCode=null
[2026-05-11T11:48:38.838Z] [SyncDiag] PUSH: found 0 unsynced field logs
[2026-05-11T11:48:38.838Z] [SyncDiag] RECEIVE-PUSH START: batch=80e62a65-6124-44cb-b2ba-cae2da6f0af2, vessel=7446783c-841a-11ed-aa7c-7003bca91a86, fieldLogs=0, oneWayRows=0
[2026-05-11T11:48:38.847Z] [SyncDiag] RECEIVE-PUSH DONE: stored=0, applied=0, errors=0, oneWayTables=0
[2026-05-11T11:48:38.850Z] [SyncDiag] PREPARE-PULL START: vessel=7446783c-841a-11ed-aa7c-7003bca91a86, vesselCode=null, checkpoint=2026-05-11T11:43:42.755Z
[2026-05-11T11:48:39.031Z] [SyncDiag] PREPARE-PULL FIELD LOGS: 0 shore logs for vessel
[2026-05-11T11:48:39.153Z] [SyncDiag] PREPARE-PULL DONE: 0 one-way rows across 0 tables, 0 field logs, 0 conflicts
[2026-05-11T11:48:39.154Z] [SyncDiag] PULL RECEIVED: 0 one-way table batches, 0 field logs
[2026-05-11T11:48:39.333Z] [SyncDiag] SYNC COMPLETE: checkpoint=2026-05-11T11:48:39.155Z
[2026-05-11T11:48:39.339Z] [SyncDiag] FILE-SYNC START: 0 pending files for vessel=7446783c-841a-11ed-aa7c-7003bca91a86, direction=shore_to_ship
[2026-05-11T11:48:39.340Z] [SyncDiag] FILE-SYNC DONE: processed=0, failed=0, bytes=0
[2026-05-11T11:48:39.340Z] [SyncDiag] === SYNC END === vessel=7446783c-841a-11ed-aa7c-7003bca91a86, duration=680ms, status=success, pushed=0, pulled=0, conflicts=0, files=0+0
[2026-05-11T11:50:35.270Z] [SyncDiag] RECEIVE-PUSH START: batch=f4941294-692e-45eb-93d7-b08c7830d163, vessel=7446783c-841a-11ed-aa7c-7003bca91a86, fieldLogs=13, oneWayRows=0
[2026-05-11T11:50:35.319Z] [SyncDiag] RECEIVE-PUSH: 13 field logs stored in sync_field_log
[2026-05-11T11:50:35.320Z] [SyncDiag] SYNC-APPLY TRIGGER BYPASS active for batch=f4941294-692e-45eb-93d7-b08c7830d163
[2026-05-11T11:50:35.320Z] [SyncDiag] FIELD-LOG-INSERT START: 13 logs
[2026-05-11T11:50:35.321Z] [SyncDiag] FIELD-LOG-INSERT: 1 groups from 13 logs
[2026-05-11T11:50:35.321Z] [SyncDiag] FIELD-LOG-INSERT DONE: inserted=0, updatePassthrough=13, errors=0
[2026-05-11T11:50:35.370Z] [SyncDiag] RECEIVE-PUSH DONE: stored=13, applied=13, errors=0, oneWayTables=0
[2026-05-11T11:50:37.409Z] [SyncDiag] PREPARE-PULL START: vessel=7446783c-841a-11ed-aa7c-7003bca91a86, vesselCode=null, checkpoint=2026-05-04T11:18:08.589Z
[2026-05-11T11:50:37.760Z] [SyncDiag] PREPARE-PULL FIELD LOGS: 0 shore logs for vessel
[2026-05-11T11:50:37.850Z] [SyncDiag] PREPARE-PULL DONE: 365 one-way rows across 10 tables, 0 field logs, 0 conflicts
[2026-05-11T11:50:37.850Z] [SyncDiag] PREPARE-PULL ONE-WAY: components — 12 rows
[2026-05-11T11:50:37.851Z] [SyncDiag] PREPARE-PULL ONE-WAY: jobs — 2 rows
[2026-05-11T11:50:37.851Z] [SyncDiag] PREPARE-PULL ONE-WAY: fleet_groups — 13 rows
[2026-05-11T11:50:37.851Z] [SyncDiag] PREPARE-PULL ONE-WAY: maker_list — 2 rows
[2026-05-11T11:50:37.852Z] [SyncDiag] PREPARE-PULL ONE-WAY: master_lists — 6 rows
[2026-05-11T11:50:37.852Z] [SyncDiag] PREPARE-PULL ONE-WAY: pms_vessel_settings — 1 rows
[2026-05-11T11:50:37.852Z] [SyncDiag] PREPARE-PULL ONE-WAY: ship_certificates_master — 141 rows
[2026-05-11T11:50:37.853Z] [SyncDiag] PREPARE-PULL ONE-WAY: ship_surveys_master — 64 rows
[2026-05-11T11:50:37.853Z] [SyncDiag] PREPARE-PULL ONE-WAY: vessel_certificate_applicability — 83 rows
[2026-05-11T11:50:37.854Z] [SyncDiag] PREPARE-PULL ONE-WAY: vessel_survey_applicability — 41 rows
[2026-05-11T11:51:21.149Z] [SyncDiag] === SYNC START === vessel=7446783c-841a-11ed-aa7c-7003bca91a86, instance=SHORE-PROD, mode=LOCAL
[2026-05-11T11:51:21.162Z] [SyncDiag] PUSH START: gathering field logs for vessel=7446783c-841a-11ed-aa7c-7003bca91a86, vesselCode=null
[2026-05-11T11:51:21.284Z] [SyncDiag] PUSH: found 0 unsynced field logs
[2026-05-11T11:51:21.285Z] [SyncDiag] RECEIVE-PUSH START: batch=4414008c-7381-467b-86f9-f6dd58a84265, vessel=7446783c-841a-11ed-aa7c-7003bca91a86, fieldLogs=0, oneWayRows=0
[2026-05-11T11:51:21.291Z] [SyncDiag] RECEIVE-PUSH DONE: stored=0, applied=0, errors=0, oneWayTables=0
[2026-05-11T11:51:21.293Z] [SyncDiag] PREPARE-PULL START: vessel=7446783c-841a-11ed-aa7c-7003bca91a86, vesselCode=null, checkpoint=2026-05-11T11:48:39.155Z
[2026-05-11T11:51:21.371Z] [SyncDiag] PREPARE-PULL FIELD LOGS: 0 shore logs for vessel
[2026-05-11T11:51:21.454Z] [SyncDiag] PREPARE-PULL DONE: 0 one-way rows across 0 tables, 0 field logs, 0 conflicts
[2026-05-11T11:51:21.455Z] [SyncDiag] PULL RECEIVED: 0 one-way table batches, 0 field logs
[2026-05-11T11:51:21.735Z] [SyncDiag] SYNC COMPLETE: checkpoint=2026-05-11T11:51:21.457Z
[2026-05-11T11:51:21.739Z] [SyncDiag] FILE-SYNC START: 0 pending files for vessel=7446783c-841a-11ed-aa7c-7003bca91a86, direction=shore_to_ship
[2026-05-11T11:51:21.740Z] [SyncDiag] FILE-SYNC DONE: processed=0, failed=0, bytes=0
[2026-05-11T11:51:21.740Z] [SyncDiag] === SYNC END === vessel=7446783c-841a-11ed-aa7c-7003bca91a86, duration=591ms, status=success, pushed=0, pulled=0, conflicts=0, files=0+0
[2026-05-11T11:55:35.809Z] [SyncDiag] RECEIVE-PUSH START: batch=cec952ac-c56a-4405-b057-64d862215988, vessel=7446783c-841a-11ed-aa7c-7003bca91a86, fieldLogs=0, oneWayRows=0
[2026-05-11T11:55:35.814Z] [SyncDiag] RECEIVE-PUSH DONE: stored=0, applied=0, errors=0, oneWayTables=0
[2026-05-11T11:55:37.843Z] [SyncDiag] PREPARE-PULL START: vessel=7446783c-841a-11ed-aa7c-7003bca91a86, vesselCode=null, checkpoint=2026-05-04T11:18:08.589Z
[2026-05-11T11:55:38.263Z] [SyncDiag] PREPARE-PULL FIELD LOGS: 0 shore logs for vessel
[2026-05-11T11:55:38.348Z] [SyncDiag] PREPARE-PULL DONE: 365 one-way rows across 10 tables, 0 field logs, 0 conflicts
[2026-05-11T11:55:38.349Z] [SyncDiag] PREPARE-PULL ONE-WAY: components — 12 rows
[2026-05-11T11:55:38.349Z] [SyncDiag] PREPARE-PULL ONE-WAY: jobs — 2 rows
[2026-05-11T11:55:38.350Z] [SyncDiag] PREPARE-PULL ONE-WAY: fleet_groups — 13 rows
[2026-05-11T11:55:38.350Z] [SyncDiag] PREPARE-PULL ONE-WAY: maker_list — 2 rows
[2026-05-11T11:55:38.351Z] [SyncDiag] PREPARE-PULL ONE-WAY: master_lists — 6 rows
[2026-05-11T11:55:38.351Z] [SyncDiag] PREPARE-PULL ONE-WAY: pms_vessel_settings — 1 rows
[2026-05-11T11:55:38.352Z] [SyncDiag] PREPARE-PULL ONE-WAY: ship_certificates_master — 141 rows
[2026-05-11T11:55:38.352Z] [SyncDiag] PREPARE-PULL ONE-WAY: ship_surveys_master — 64 rows
[2026-05-11T11:55:38.353Z] [SyncDiag] PREPARE-PULL ONE-WAY: vessel_certificate_applicability — 83 rows
[2026-05-11T11:55:38.353Z] [SyncDiag] PREPARE-PULL ONE-WAY: vessel_survey_applicability — 41 rows
[2026-05-11T11:57:10.894Z] [SyncDiag] === SYNC START === vessel=7446783c-841a-11ed-aa7c-7003bca91a86, instance=SHORE-PROD, mode=LOCAL
[2026-05-11T11:57:10.909Z] [SyncDiag] PUSH START: gathering field logs for vessel=7446783c-841a-11ed-aa7c-7003bca91a86, vesselCode=null
[2026-05-11T11:57:11.030Z] [SyncDiag] PUSH: found 0 unsynced field logs
[2026-05-11T11:57:11.030Z] [SyncDiag] RECEIVE-PUSH START: batch=e01dcaa0-a278-41a0-8c64-05d31f8c78f8, vessel=7446783c-841a-11ed-aa7c-7003bca91a86, fieldLogs=0, oneWayRows=0
[2026-05-11T11:57:11.035Z] [SyncDiag] RECEIVE-PUSH DONE: stored=0, applied=0, errors=0, oneWayTables=0
[2026-05-11T11:57:11.038Z] [SyncDiag] PREPARE-PULL START: vessel=7446783c-841a-11ed-aa7c-7003bca91a86, vesselCode=null, checkpoint=2026-05-11T11:51:21.457Z
[2026-05-11T11:57:11.230Z] [SyncDiag] PREPARE-PULL FIELD LOGS: 0 shore logs for vessel
[2026-05-11T11:57:11.353Z] [SyncDiag] PREPARE-PULL DONE: 0 one-way rows across 0 tables, 0 field logs, 0 conflicts
[2026-05-11T11:57:11.353Z] [SyncDiag] PULL RECEIVED: 0 one-way table batches, 0 field logs
[2026-05-11T11:57:11.540Z] [SyncDiag] SYNC COMPLETE: checkpoint=2026-05-11T11:57:11.355Z
[2026-05-11T11:57:11.546Z] [SyncDiag] FILE-SYNC START: 0 pending files for vessel=7446783c-841a-11ed-aa7c-7003bca91a86, direction=shore_to_ship
[2026-05-11T11:57:11.546Z] [SyncDiag] FILE-SYNC DONE: processed=0, failed=0, bytes=0
[2026-05-11T11:57:11.547Z] [SyncDiag] === SYNC END === vessel=7446783c-841a-11ed-aa7c-7003bca91a86, duration=653ms, status=success, pushed=0, pulled=0, conflicts=0, files=0+0
[2026-05-11T11:58:33.184Z] [SyncDiag] FIELD-LOGGER: vessel_certificate_data row=5e305d1b-e251-4ee9-9cb1-efc8a8c31ea0 — 10 fields changed, isInsert=true
[2026-05-11T11:58:40.531Z] [SyncDiag] FIELD-LOGGER: vessel_certificate_data row=5e305d1b-e251-4ee9-9cb1-efc8a8c31ea0 — 1 fields changed, isInsert=false
[2026-05-11T11:58:54.182Z] [SyncDiag] FIELD-LOGGER: vessel_certificate_data row=5e305d1b-e251-4ee9-9cb1-efc8a8c31ea0 — 1 fields changed, isInsert=false
[2026-05-11T11:59:11.123Z] [SyncDiag] FIELD-LOGGER: vessel_certificate_data row=5e305d1b-e251-4ee9-9cb1-efc8a8c31ea0 — 1 fields changed, isInsert=false
[2026-05-11T11:59:15.170Z] [SyncDiag] FIELD-LOGGER: vessel_certificate_data row=5e305d1b-e251-4ee9-9cb1-efc8a8c31ea0 — 1 fields changed, isInsert=false
[2026-05-11T11:59:25.872Z] [SyncDiag] === SYNC START === vessel=7446783c-841a-11ed-aa7c-7003bca91a86, instance=SHORE-PROD, mode=LOCAL
[2026-05-11T11:59:25.890Z] [SyncDiag] PUSH START: gathering field logs for vessel=7446783c-841a-11ed-aa7c-7003bca91a86, vesselCode=null
[2026-05-11T11:59:26.069Z] [SyncDiag] PUSH: found 14 unsynced field logs
[2026-05-11T11:59:26.069Z] [SyncDiag] PUSH table breakdown: {"vessel_certificate_data":14}
[2026-05-11T11:59:26.070Z] [SyncDiag] PUSH sample[0]: table=vessel_certificate_data, field=id, row=5e305d1b-e251-4ee9-9cb1-efc8a8c31ea0, oldNull=true, newValue=90
[2026-05-11T11:59:26.070Z] [SyncDiag] PUSH sample[1]: table=vessel_certificate_data, field=vcduuid, row=5e305d1b-e251-4ee9-9cb1-efc8a8c31ea0, oldNull=true, newValue=5e305d1b-e251-4ee9-9cb1-efc8a8c31ea0
[2026-05-11T11:59:26.071Z] [SyncDiag] PUSH sample[2]: table=vessel_certificate_data, field=vesselId, row=5e305d1b-e251-4ee9-9cb1-efc8a8c31ea0, oldNull=true, newValue=7446783c-841a-11ed-aa7c-7003bca91a86
[2026-05-11T11:59:26.071Z] [SyncDiag] PUSH sample[3]: table=vessel_certificate_data, field=vesselName, row=5e305d1b-e251-4ee9-9cb1-efc8a8c31ea0, oldNull=true, newValue=Vessel 5
[2026-05-11T11:59:26.072Z] [SyncDiag] PUSH sample[4]: table=vessel_certificate_data, field=masterId, row=5e305d1b-e251-4ee9-9cb1-efc8a8c31ea0, oldNull=true, newValue=A1-018
[2026-05-11T11:59:26.072Z] [SyncDiag] RECEIVE-PUSH START: batch=3809e2cd-eed5-4ae1-981d-f4ea5492d5a9, vessel=7446783c-841a-11ed-aa7c-7003bca91a86, fieldLogs=14, oneWayRows=0
[2026-05-11T11:59:26.122Z] [SyncDiag] RECEIVE-PUSH: 14 field logs stored in sync_field_log
[2026-05-11T11:59:26.124Z] [SyncDiag] SYNC-APPLY TRIGGER BYPASS active for batch=3809e2cd-eed5-4ae1-981d-f4ea5492d5a9
[2026-05-11T11:59:26.124Z] [SyncDiag] FIELD-LOG-INSERT START: 14 logs
[2026-05-11T11:59:26.125Z] [SyncDiag] FIELD-LOG-INSERT: 1 groups from 14 logs
[2026-05-11T11:59:26.125Z] [SyncDiag] FIELD-LOG-INSERT DONE: inserted=0, updatePassthrough=14, errors=0
[2026-05-11T11:59:26.126Z] [SyncDiag] INSERT-LOG ALLOWED (stale-skip bypass for insert): vessel_certificate_data.id row=5e305d1b-e251-4ee9-9cb1-efc8a8c31ea0 — log 2026-05-11T11:58:33.143Z < row 2026-05-11T11:59:15.112Z
[2026-05-11T11:59:26.197Z] [SyncDiag] RECEIVE-PUSH DONE: stored=14, applied=14, errors=0, oneWayTables=0
[2026-05-11T11:59:26.200Z] [SyncDiag] PREPARE-PULL START: vessel=7446783c-841a-11ed-aa7c-7003bca91a86, vesselCode=null, checkpoint=2026-05-11T11:57:11.355Z
[2026-05-11T11:59:26.399Z] [SyncDiag] PREPARE-PULL FIELD LOGS: 0 shore logs for vessel
[2026-05-11T11:59:26.534Z] [SyncDiag] PREPARE-PULL DONE: 0 one-way rows across 0 tables, 0 field logs, 0 conflicts
[2026-05-11T11:59:26.535Z] [SyncDiag] PULL RECEIVED: 0 one-way table batches, 0 field logs
[2026-05-11T11:59:26.764Z] [SyncDiag] SYNC COMPLETE: checkpoint=2026-05-11T11:59:26.536Z
[2026-05-11T11:59:26.766Z] [SyncDiag] PUSH DONE: marked 14 field logs as synced locally
[2026-05-11T11:59:26.772Z] [SyncDiag] FILE-SYNC START: 0 pending files for vessel=7446783c-841a-11ed-aa7c-7003bca91a86, direction=shore_to_ship
[2026-05-11T11:59:26.772Z] [SyncDiag] FILE-SYNC DONE: processed=0, failed=0, bytes=0
[2026-05-11T11:59:26.773Z] [SyncDiag] === SYNC END === vessel=7446783c-841a-11ed-aa7c-7003bca91a86, duration=901ms, status=success, pushed=14, pulled=0, conflicts=0, files=0+0
[2026-05-11T12:00:10.175Z] [SyncDiag] RECEIVE-PUSH START: batch=20d91c63-cfb3-435f-9842-01d8ed00c8c9, vessel=7446783c-841a-11ed-aa7c-7003bca91a86, fieldLogs=0, oneWayRows=0
[2026-05-11T12:00:10.181Z] [SyncDiag] RECEIVE-PUSH DONE: stored=0, applied=0, errors=0, oneWayTables=0
[2026-05-11T12:00:10.189Z] [SyncDiag] PREPARE-PULL START: vessel=7446783c-841a-11ed-aa7c-7003bca91a86, vesselCode=null, checkpoint=2026-05-04T11:18:08.589Z
[2026-05-11T12:00:10.488Z] [SyncDiag] PREPARE-PULL FIELD LOGS: 0 shore logs for vessel
[2026-05-11T12:00:10.570Z] [SyncDiag] PREPARE-PULL DONE: 365 one-way rows across 10 tables, 0 field logs, 0 conflicts
[2026-05-11T12:00:10.571Z] [SyncDiag] PREPARE-PULL ONE-WAY: components — 12 rows
[2026-05-11T12:00:10.571Z] [SyncDiag] PREPARE-PULL ONE-WAY: jobs — 2 rows
[2026-05-11T12:00:10.571Z] [SyncDiag] PREPARE-PULL ONE-WAY: fleet_groups — 13 rows
[2026-05-11T12:00:10.572Z] [SyncDiag] PREPARE-PULL ONE-WAY: maker_list — 2 rows
[2026-05-11T12:00:10.572Z] [SyncDiag] PREPARE-PULL ONE-WAY: master_lists — 6 rows
[2026-05-11T12:00:10.572Z] [SyncDiag] PREPARE-PULL ONE-WAY: pms_vessel_settings — 1 rows
[2026-05-11T12:00:10.573Z] [SyncDiag] PREPARE-PULL ONE-WAY: ship_certificates_master — 141 rows
[2026-05-11T12:00:10.573Z] [SyncDiag] PREPARE-PULL ONE-WAY: ship_surveys_master — 64 rows
[2026-05-11T12:00:10.574Z] [SyncDiag] PREPARE-PULL ONE-WAY: vessel_certificate_applicability — 83 rows
[2026-05-11T12:00:10.574Z] [SyncDiag] PREPARE-PULL ONE-WAY: vessel_survey_applicability — 41 rows
[2026-05-11T12:04:57.345Z] [SyncDiag] FIELD-LOGGER: defect_sequences row=4 — 1 fields changed, isInsert=false
[2026-05-11T12:04:57.498Z] [SyncDiag] FIELD-LOGGER: defects row=239b5093-da22-4c70-9fca-1d1352222130 — 62 fields changed, isInsert=true
[2026-05-11T12:05:28.194Z] [SyncDiag] === SYNC START === vessel=7446783c-841a-11ed-aa7c-7003bca91a86, instance=SHORE-PROD, mode=LOCAL
[2026-05-11T12:05:28.212Z] [SyncDiag] PUSH START: gathering field logs for vessel=7446783c-841a-11ed-aa7c-7003bca91a86, vesselCode=null
[2026-05-11T12:05:28.444Z] [SyncDiag] PUSH: found 63 unsynced field logs
[2026-05-11T12:05:28.445Z] [SyncDiag] PUSH table breakdown: {"defect_sequences":1,"defects":62}
[2026-05-11T12:05:28.445Z] [SyncDiag] PUSH sample[0]: table=defect_sequences, field=lastSequence, row=4, oldNull=false, newValue=39
[2026-05-11T12:05:28.446Z] [SyncDiag] PUSH sample[1]: table=defects, field=id, row=239b5093-da22-4c70-9fca-1d1352222130, oldNull=true, newValue=D005-26-0039
[2026-05-11T12:05:28.446Z] [SyncDiag] PUSH sample[2]: table=defects, field=duuid, row=239b5093-da22-4c70-9fca-1d1352222130, oldNull=true, newValue=239b5093-da22-4c70-9fca-1d1352222130
[2026-05-11T12:05:28.446Z] [SyncDiag] PUSH sample[3]: table=defects, field=vesselId, row=239b5093-da22-4c70-9fca-1d1352222130, oldNull=true, newValue=7446783c-841a-11ed-aa7c-7003bca91a86
[2026-05-11T12:05:28.447Z] [SyncDiag] PUSH sample[4]: table=defects, field=vesselName, row=239b5093-da22-4c70-9fca-1d1352222130, oldNull=true, newValue=Vessel 5
[2026-05-11T12:05:28.447Z] [SyncDiag] RECEIVE-PUSH START: batch=e68a86e1-ac92-461d-b6da-4d7bd19f3009, vessel=7446783c-841a-11ed-aa7c-7003bca91a86, fieldLogs=63, oneWayRows=0
[2026-05-11T12:05:28.524Z] [SyncDiag] RECEIVE-PUSH: 63 field logs stored in sync_field_log
[2026-05-11T12:05:28.525Z] [SyncDiag] SYNC-APPLY TRIGGER BYPASS active for batch=e68a86e1-ac92-461d-b6da-4d7bd19f3009
[2026-05-11T12:05:28.525Z] [SyncDiag] FIELD-LOG-INSERT START: 63 logs
[2026-05-11T12:05:28.526Z] [SyncDiag] FIELD-LOG-INSERT: 2 groups from 63 logs
[2026-05-11T12:05:28.539Z] [SyncDiag] FIELD-LOG-INSERT DONE: inserted=0, updatePassthrough=63, errors=0
[2026-05-11T12:05:28.643Z] [SyncDiag] RECEIVE-PUSH DONE: stored=63, applied=63, errors=0, oneWayTables=0
[2026-05-11T12:05:28.646Z] [SyncDiag] PREPARE-PULL START: vessel=7446783c-841a-11ed-aa7c-7003bca91a86, vesselCode=null, checkpoint=2026-05-11T11:59:26.536Z
[2026-05-11T12:05:28.939Z] [SyncDiag] PREPARE-PULL FIELD LOGS: 0 shore logs for vessel
[2026-05-11T12:05:29.063Z] [SyncDiag] PREPARE-PULL DONE: 0 one-way rows across 0 tables, 0 field logs, 0 conflicts
[2026-05-11T12:05:29.064Z] [SyncDiag] PULL RECEIVED: 0 one-way table batches, 0 field logs
[2026-05-11T12:05:29.255Z] [SyncDiag] SYNC COMPLETE: checkpoint=2026-05-11T12:05:29.066Z
[2026-05-11T12:05:29.262Z] [SyncDiag] PUSH DONE: marked 63 field logs as synced locally
[2026-05-11T12:05:29.267Z] [SyncDiag] FILE-SYNC START: 0 pending files for vessel=7446783c-841a-11ed-aa7c-7003bca91a86, direction=shore_to_ship
[2026-05-11T12:05:29.267Z] [SyncDiag] FILE-SYNC DONE: processed=0, failed=0, bytes=0
[2026-05-11T12:05:29.268Z] [SyncDiag] === SYNC END === vessel=7446783c-841a-11ed-aa7c-7003bca91a86, duration=1074ms, status=success, pushed=63, pulled=0, conflicts=0, files=0+0
[2026-05-11T12:05:52.415Z] [SyncDiag] RECEIVE-PUSH START: batch=44b14dcd-8639-4308-b0b9-76ff516c5b18, vessel=7446783c-841a-11ed-aa7c-7003bca91a86, fieldLogs=0, oneWayRows=0
[2026-05-11T12:05:52.420Z] [SyncDiag] RECEIVE-PUSH DONE: stored=0, applied=0, errors=0, oneWayTables=0
[2026-05-11T12:05:54.445Z] [SyncDiag] PREPARE-PULL START: vessel=7446783c-841a-11ed-aa7c-7003bca91a86, vesselCode=null, checkpoint=2026-05-04T11:18:08.589Z
[2026-05-11T12:05:54.696Z] [SyncDiag] PREPARE-PULL FIELD LOGS: 0 shore logs for vessel
[2026-05-11T12:05:54.778Z] [SyncDiag] PREPARE-PULL DONE: 365 one-way rows across 10 tables, 0 field logs, 0 conflicts
[2026-05-11T12:05:54.779Z] [SyncDiag] PREPARE-PULL ONE-WAY: components — 12 rows
[2026-05-11T12:05:54.779Z] [SyncDiag] PREPARE-PULL ONE-WAY: jobs — 2 rows
[2026-05-11T12:05:54.780Z] [SyncDiag] PREPARE-PULL ONE-WAY: fleet_groups — 13 rows
[2026-05-11T12:05:54.780Z] [SyncDiag] PREPARE-PULL ONE-WAY: maker_list — 2 rows
[2026-05-11T12:05:54.780Z] [SyncDiag] PREPARE-PULL ONE-WAY: master_lists — 6 rows
[2026-05-11T12:05:54.781Z] [SyncDiag] PREPARE-PULL ONE-WAY: pms_vessel_settings — 1 rows
[2026-05-11T12:05:54.781Z] [SyncDiag] PREPARE-PULL ONE-WAY: ship_certificates_master — 141 rows
[2026-05-11T12:05:54.782Z] [SyncDiag] PREPARE-PULL ONE-WAY: ship_surveys_master — 64 rows
[2026-05-11T12:05:54.782Z] [SyncDiag] PREPARE-PULL ONE-WAY: vessel_certificate_applicability — 83 rows
[2026-05-11T12:05:54.783Z] [SyncDiag] PREPARE-PULL ONE-WAY: vessel_survey_applicability — 41 rows
[2026-05-11T12:09:29.890Z] [SyncDiag] RECEIVE-PUSH START: batch=1025d102-2268-483d-9f13-65677019621c, vessel=7446783c-841a-11ed-aa7c-7003bca91a86, fieldLogs=62, oneWayRows=0
[2026-05-11T12:09:29.989Z] [SyncDiag] RECEIVE-PUSH: 62 field logs stored in sync_field_log
[2026-05-11T12:09:29.990Z] [SyncDiag] SYNC-APPLY TRIGGER BYPASS active for batch=1025d102-2268-483d-9f13-65677019621c
[2026-05-11T12:09:29.991Z] [SyncDiag] FIELD-LOG-INSERT START: 62 logs
[2026-05-11T12:09:29.991Z] [SyncDiag] FIELD-LOG-INSERT: 2 groups from 62 logs
[2026-05-11T12:09:30.018Z] [SyncDiag] FIELD-LOG-INSERT DONE: inserted=0, updatePassthrough=1, errors=1
[2026-05-11T12:09:30.022Z] [SyncDiag] RECEIVE-PUSH DONE: stored=62, applied=0, errors=2, oneWayTables=0
[2026-05-11T12:09:32.049Z] [SyncDiag] PREPARE-PULL START: vessel=7446783c-841a-11ed-aa7c-7003bca91a86, vesselCode=null, checkpoint=2026-05-04T11:18:08.589Z
[2026-05-11T12:09:32.475Z] [SyncDiag] PREPARE-PULL FIELD LOGS: 0 shore logs for vessel
[2026-05-11T12:09:32.562Z] [SyncDiag] PREPARE-PULL DONE: 365 one-way rows across 10 tables, 0 field logs, 0 conflicts
[2026-05-11T12:09:32.563Z] [SyncDiag] PREPARE-PULL ONE-WAY: components — 12 rows
[2026-05-11T12:09:32.563Z] [SyncDiag] PREPARE-PULL ONE-WAY: jobs — 2 rows
[2026-05-11T12:09:32.563Z] [SyncDiag] PREPARE-PULL ONE-WAY: fleet_groups — 13 rows
[2026-05-11T12:09:32.564Z] [SyncDiag] PREPARE-PULL ONE-WAY: maker_list — 2 rows
[2026-05-11T12:09:32.564Z] [SyncDiag] PREPARE-PULL ONE-WAY: master_lists — 6 rows
[2026-05-11T12:09:32.565Z] [SyncDiag] PREPARE-PULL ONE-WAY: pms_vessel_settings — 1 rows
[2026-05-11T12:09:32.565Z] [SyncDiag] PREPARE-PULL ONE-WAY: ship_certificates_master — 141 rows
[2026-05-11T12:09:32.566Z] [SyncDiag] PREPARE-PULL ONE-WAY: ship_surveys_master — 64 rows
[2026-05-11T12:09:32.566Z] [SyncDiag] PREPARE-PULL ONE-WAY: vessel_certificate_applicability — 83 rows
[2026-05-11T12:09:32.566Z] [SyncDiag] PREPARE-PULL ONE-WAY: vessel_survey_applicability — 41 rows
