[2026-05-13T03:31:27.682Z] [SyncDiag] RECEIVE-PUSH START: batch=b4a99106-5721-4e1c-a018-457a7ab342c6, vessel=7446783c-841a-11ed-aa7c-7003bca91a86, fieldLogs=0, oneWayRows=0
[2026-05-13T03:31:27.690Z] [SyncDiag] RECEIVE-PUSH DONE: stored=0, applied=0, errors=0, oneWayTables=0
[2026-05-13T03:31:27.715Z] [SyncDiag] PREPARE-PULL START: vessel=7446783c-841a-11ed-aa7c-7003bca91a86, vesselCode=null, checkpoint=2026-05-12T05:52:06.862Z
[2026-05-13T03:31:28.054Z] [SyncDiag] PREPARE-PULL FIELD LOGS: 0 shore logs for vessel=7446783c-841a-11ed-aa7c-7003bca91a86 (excluded instance=SHIP-Vessel 5)
[2026-05-13T03:31:28.301Z] [SyncDiag] PREPARE-PULL DONE: 6 one-way rows across 1 tables, 0 field logs, 0 conflicts
[2026-05-13T03:31:28.302Z] [SyncDiag] PREPARE-PULL ONE-WAY: master_lists — 6 rows
[2026-05-13T04:05:11.242Z] [SyncDiag] RECEIVE-PUSH START: batch=badb5d7c-8e17-4d9b-84fe-75f918a989d0, vessel=7446783c-841a-11ed-aa7c-7003bca91a86, fieldLogs=36, oneWayRows=0
[2026-05-13T04:05:11.338Z] [SyncDiag] RECEIVE-PUSH: 36 field logs stored in sync_field_log
[2026-05-13T04:05:11.340Z] [SyncDiag] SYNC-APPLY TRIGGER BYPASS active for batch=badb5d7c-8e17-4d9b-84fe-75f918a989d0
[2026-05-13T04:05:11.341Z] [SyncDiag] FIELD-LOG-INSERT START: 36 logs
[2026-05-13T04:05:11.342Z] [SyncDiag] FIELD-LOG-INSERT: 1 groups from 36 logs
[2026-05-13T04:05:11.342Z] [SyncDiag] FIELD-LOG-INSERT DONE: inserted=0, updatePassthrough=36, errors=0
[2026-05-13T04:05:11.420Z] [SyncDiag] INSERT-LOG ALLOWED: work_orders.dateCompleted row=1ff1eb2c-0138-4619-80f4-1e0d105dcc39
[2026-05-13T04:05:11.430Z] [SyncDiag] INSERT-LOG ALLOWED: work_orders.submittedDate row=1ff1eb2c-0138-4619-80f4-1e0d105dcc39
[2026-05-13T04:05:11.431Z] [SyncDiag] INSERT-LOG ALLOWED: work_orders.maintenanceType row=1ff1eb2c-0138-4619-80f4-1e0d105dcc39
[2026-05-13T04:05:11.433Z] [SyncDiag] INSERT-LOG ALLOWED: work_orders.approver row=1ff1eb2c-0138-4619-80f4-1e0d105dcc39
[2026-05-13T04:05:11.434Z] [SyncDiag] INSERT-LOG ALLOWED: work_orders.nextDueDate row=1ff1eb2c-0138-4619-80f4-1e0d105dcc39
[2026-05-13T04:05:11.435Z] [SyncDiag] INSERT-LOG ALLOWED: work_orders.nextDueReading row=1ff1eb2c-0138-4619-80f4-1e0d105dcc39
[2026-05-13T04:05:11.436Z] [SyncDiag] INSERT-LOG ALLOWED: work_orders.currentReading row=1ff1eb2c-0138-4619-80f4-1e0d105dcc39
[2026-05-13T04:05:11.437Z] [SyncDiag] INSERT-LOG ALLOWED: work_orders.jobCategory row=1ff1eb2c-0138-4619-80f4-1e0d105dcc39
[2026-05-13T04:05:11.439Z] [SyncDiag] INSERT-LOG ALLOWED: work_orders.sfiCode row=1ff1eb2c-0138-4619-80f4-1e0d105dcc39
[2026-05-13T04:05:11.440Z] [SyncDiag] INSERT-LOG ALLOWED: work_orders.criticality row=1ff1eb2c-0138-4619-80f4-1e0d105dcc39
[2026-05-13T04:05:11.449Z] [SyncDiag] INSERT-LOG ALLOWED: work_orders.riskAssessmentStatus row=1ff1eb2c-0138-4619-80f4-1e0d105dcc39
[2026-05-13T04:05:11.450Z] [SyncDiag] INSERT-LOG ALLOWED: work_orders.safetyChecklistsStatus row=1ff1eb2c-0138-4619-80f4-1e0d105dcc39
[2026-05-13T04:05:11.451Z] [SyncDiag] INSERT-LOG ALLOWED: work_orders.operationalFormsStatus row=1ff1eb2c-0138-4619-80f4-1e0d105dcc39
[2026-05-13T04:05:11.453Z] [SyncDiag] INSERT-LOG ALLOWED: work_orders.startDateTime row=1ff1eb2c-0138-4619-80f4-1e0d105dcc39
[2026-05-13T04:05:11.454Z] [SyncDiag] INSERT-LOG ALLOWED: work_orders.completionDateTime row=1ff1eb2c-0138-4619-80f4-1e0d105dcc39
[2026-05-13T04:05:11.455Z] [SyncDiag] INSERT-LOG ALLOWED: work_orders.executionAssignedTo row=1ff1eb2c-0138-4619-80f4-1e0d105dcc39
[2026-05-13T04:05:11.456Z] [SyncDiag] INSERT-LOG ALLOWED: work_orders.performedBy row=1ff1eb2c-0138-4619-80f4-1e0d105dcc39
[2026-05-13T04:05:11.457Z] [SyncDiag] INSERT-LOG ALLOWED: work_orders.noOfPersons row=1ff1eb2c-0138-4619-80f4-1e0d105dcc39
[2026-05-13T04:05:11.458Z] [SyncDiag] INSERT-LOG ALLOWED: work_orders.totalTimeHours row=1ff1eb2c-0138-4619-80f4-1e0d105dcc39
[2026-05-13T04:05:11.459Z] [SyncDiag] INSERT-LOG ALLOWED: work_orders.manhours row=1ff1eb2c-0138-4619-80f4-1e0d105dcc39
[2026-05-13T04:05:11.460Z] [SyncDiag] INSERT-LOG ALLOWED: work_orders.workCarriedOut row=1ff1eb2c-0138-4619-80f4-1e0d105dcc39
[2026-05-13T04:05:11.461Z] [SyncDiag] INSERT-LOG ALLOWED: work_orders.jobExperienceNotes row=1ff1eb2c-0138-4619-80f4-1e0d105dcc39
[2026-05-13T04:05:11.463Z] [SyncDiag] INSERT-LOG ALLOWED: work_orders.previousReading row=1ff1eb2c-0138-4619-80f4-1e0d105dcc39
[2026-05-13T04:05:11.464Z] [SyncDiag] INSERT-LOG ALLOWED: work_orders.runningHours row=1ff1eb2c-0138-4619-80f4-1e0d105dcc39
[2026-05-13T04:05:11.465Z] [SyncDiag] INSERT-LOG ALLOWED: work_orders.runningHoursDifference row=1ff1eb2c-0138-4619-80f4-1e0d105dcc39
[2026-05-13T04:05:11.466Z] [SyncDiag] INSERT-LOG ALLOWED: work_orders.readingDate row=1ff1eb2c-0138-4619-80f4-1e0d105dcc39
[2026-05-13T04:05:11.467Z] [SyncDiag] INSERT-LOG ALLOWED: work_orders.woExecutionId row=1ff1eb2c-0138-4619-80f4-1e0d105dcc39
[2026-05-13T04:05:11.468Z] [SyncDiag] INSERT-LOG ALLOWED: work_orders.remarks row=1ff1eb2c-0138-4619-80f4-1e0d105dcc39
[2026-05-13T04:05:11.469Z] [SyncDiag] INSERT-LOG ALLOWED: work_orders.completionRemarks row=1ff1eb2c-0138-4619-80f4-1e0d105dcc39
[2026-05-13T04:05:11.470Z] [SyncDiag] INSERT-LOG ALLOWED: work_orders.originalDueDate row=1ff1eb2c-0138-4619-80f4-1e0d105dcc39
[2026-05-13T04:05:11.474Z] [SyncDiag] INSERT-LOG ALLOWED: work_orders.superintendentNotifiedAt row=1ff1eb2c-0138-4619-80f4-1e0d105dcc39
[2026-05-13T04:05:11.475Z] [SyncDiag] INSERT-LOG ALLOWED: work_orders.approvalBlockReason row=1ff1eb2c-0138-4619-80f4-1e0d105dcc39
[2026-05-13T04:05:11.480Z] [SyncDiag] RECEIVE-PUSH DONE: stored=36, applied=36, errors=0, oneWayTables=0
[2026-05-13T04:05:11.489Z] [SyncDiag] PREPARE-PULL START: vessel=7446783c-841a-11ed-aa7c-7003bca91a86, vesselCode=null, checkpoint=2026-05-12T05:52:06.862Z
[2026-05-13T04:05:11.703Z] [SyncDiag] PREPARE-PULL FIELD LOGS: 0 shore logs for vessel=7446783c-841a-11ed-aa7c-7003bca91a86 (excluded instance=SHIP-Vessel 5)
[2026-05-13T04:05:11.903Z] [SyncDiag] PREPARE-PULL DONE: 6 one-way rows across 1 tables, 0 field logs, 0 conflicts
[2026-05-13T04:05:11.904Z] [SyncDiag] PREPARE-PULL ONE-WAY: master_lists — 6 rows
[2026-05-13T04:07:36.357Z] [SyncDiag] RECEIVE-PUSH START: batch=f0ea8755-767c-4e6d-9430-de693ff30dfd, vessel=7446783c-841a-11ed-aa7c-7003bca91a86, fieldLogs=36, oneWayRows=0
[2026-05-13T04:07:36.406Z] [SyncDiag] RECEIVE-PUSH: 36 field logs stored in sync_field_log
[2026-05-13T04:07:36.407Z] [SyncDiag] SYNC-APPLY TRIGGER BYPASS active for batch=f0ea8755-767c-4e6d-9430-de693ff30dfd
[2026-05-13T04:07:36.407Z] [SyncDiag] FIELD-LOG-INSERT START: 36 logs
[2026-05-13T04:07:36.408Z] [SyncDiag] FIELD-LOG-INSERT: 1 groups from 36 logs
[2026-05-13T04:07:36.409Z] [SyncDiag] FIELD-LOG-INSERT DONE: inserted=0, updatePassthrough=36, errors=0
[2026-05-13T04:07:36.409Z] [SyncDiag] INSERT-LOG ALLOWED: work_orders.runningHours row=a77ca5d1-9b9a-425c-bfd0-aa41f1fe1b4c
[2026-05-13T04:07:36.428Z] [SyncDiag] INSERT-LOG ALLOWED: work_orders.runningHoursDifference row=a77ca5d1-9b9a-425c-bfd0-aa41f1fe1b4c
[2026-05-13T04:07:36.432Z] [SyncDiag] INSERT-LOG ALLOWED: work_orders.readingDate row=a77ca5d1-9b9a-425c-bfd0-aa41f1fe1b4c
[2026-05-13T04:07:36.433Z] [SyncDiag] INSERT-LOG ALLOWED: work_orders.woExecutionId row=a77ca5d1-9b9a-425c-bfd0-aa41f1fe1b4c
[2026-05-13T04:07:36.434Z] [SyncDiag] INSERT-LOG ALLOWED: work_orders.remarks row=a77ca5d1-9b9a-425c-bfd0-aa41f1fe1b4c
[2026-05-13T04:07:36.435Z] [SyncDiag] INSERT-LOG ALLOWED: work_orders.completionRemarks row=a77ca5d1-9b9a-425c-bfd0-aa41f1fe1b4c
[2026-05-13T04:07:36.436Z] [SyncDiag] INSERT-LOG ALLOWED: work_orders.originalDueDate row=a77ca5d1-9b9a-425c-bfd0-aa41f1fe1b4c
[2026-05-13T04:07:36.443Z] [SyncDiag] INSERT-LOG ALLOWED: work_orders.superintendentNotifiedAt row=a77ca5d1-9b9a-425c-bfd0-aa41f1fe1b4c
[2026-05-13T04:07:36.444Z] [SyncDiag] INSERT-LOG ALLOWED: work_orders.approvalBlockReason row=a77ca5d1-9b9a-425c-bfd0-aa41f1fe1b4c
[2026-05-13T04:07:36.446Z] [SyncDiag] INSERT-LOG ALLOWED: work_orders.dateCompleted row=a77ca5d1-9b9a-425c-bfd0-aa41f1fe1b4c
[2026-05-13T04:07:36.447Z] [SyncDiag] INSERT-LOG ALLOWED: work_orders.submittedDate row=a77ca5d1-9b9a-425c-bfd0-aa41f1fe1b4c
[2026-05-13T04:07:36.448Z] [SyncDiag] INSERT-LOG ALLOWED: work_orders.maintenanceType row=a77ca5d1-9b9a-425c-bfd0-aa41f1fe1b4c
[2026-05-13T04:07:36.449Z] [SyncDiag] INSERT-LOG ALLOWED: work_orders.approver row=a77ca5d1-9b9a-425c-bfd0-aa41f1fe1b4c
[2026-05-13T04:07:36.450Z] [SyncDiag] INSERT-LOG ALLOWED: work_orders.nextDueDate row=a77ca5d1-9b9a-425c-bfd0-aa41f1fe1b4c
[2026-05-13T04:07:36.452Z] [SyncDiag] INSERT-LOG ALLOWED: work_orders.nextDueReading row=a77ca5d1-9b9a-425c-bfd0-aa41f1fe1b4c
[2026-05-13T04:07:36.453Z] [SyncDiag] INSERT-LOG ALLOWED: work_orders.currentReading row=a77ca5d1-9b9a-425c-bfd0-aa41f1fe1b4c
[2026-05-13T04:07:36.454Z] [SyncDiag] INSERT-LOG ALLOWED: work_orders.jobCategory row=a77ca5d1-9b9a-425c-bfd0-aa41f1fe1b4c
[2026-05-13T04:07:36.455Z] [SyncDiag] INSERT-LOG ALLOWED: work_orders.sfiCode row=a77ca5d1-9b9a-425c-bfd0-aa41f1fe1b4c
[2026-05-13T04:07:36.456Z] [SyncDiag] INSERT-LOG ALLOWED: work_orders.criticality row=a77ca5d1-9b9a-425c-bfd0-aa41f1fe1b4c
[2026-05-13T04:07:36.458Z] [SyncDiag] INSERT-LOG ALLOWED: work_orders.riskAssessmentStatus row=a77ca5d1-9b9a-425c-bfd0-aa41f1fe1b4c
[2026-05-13T04:07:36.459Z] [SyncDiag] INSERT-LOG ALLOWED: work_orders.safetyChecklistsStatus row=a77ca5d1-9b9a-425c-bfd0-aa41f1fe1b4c
[2026-05-13T04:07:36.460Z] [SyncDiag] INSERT-LOG ALLOWED: work_orders.operationalFormsStatus row=a77ca5d1-9b9a-425c-bfd0-aa41f1fe1b4c
[2026-05-13T04:07:36.461Z] [SyncDiag] INSERT-LOG ALLOWED: work_orders.startDateTime row=a77ca5d1-9b9a-425c-bfd0-aa41f1fe1b4c
[2026-05-13T04:07:36.462Z] [SyncDiag] INSERT-LOG ALLOWED: work_orders.completionDateTime row=a77ca5d1-9b9a-425c-bfd0-aa41f1fe1b4c
[2026-05-13T04:07:36.463Z] [SyncDiag] INSERT-LOG ALLOWED: work_orders.executionAssignedTo row=a77ca5d1-9b9a-425c-bfd0-aa41f1fe1b4c
[2026-05-13T04:07:36.464Z] [SyncDiag] INSERT-LOG ALLOWED: work_orders.performedBy row=a77ca5d1-9b9a-425c-bfd0-aa41f1fe1b4c
[2026-05-13T04:07:36.465Z] [SyncDiag] INSERT-LOG ALLOWED: work_orders.noOfPersons row=a77ca5d1-9b9a-425c-bfd0-aa41f1fe1b4c
[2026-05-13T04:07:36.466Z] [SyncDiag] INSERT-LOG ALLOWED: work_orders.totalTimeHours row=a77ca5d1-9b9a-425c-bfd0-aa41f1fe1b4c
[2026-05-13T04:07:36.467Z] [SyncDiag] INSERT-LOG ALLOWED: work_orders.manhours row=a77ca5d1-9b9a-425c-bfd0-aa41f1fe1b4c
[2026-05-13T04:07:36.468Z] [SyncDiag] INSERT-LOG ALLOWED: work_orders.workCarriedOut row=a77ca5d1-9b9a-425c-bfd0-aa41f1fe1b4c
[2026-05-13T04:07:36.470Z] [SyncDiag] INSERT-LOG ALLOWED: work_orders.jobExperienceNotes row=a77ca5d1-9b9a-425c-bfd0-aa41f1fe1b4c
[2026-05-13T04:07:36.471Z] [SyncDiag] INSERT-LOG ALLOWED: work_orders.previousReading row=a77ca5d1-9b9a-425c-bfd0-aa41f1fe1b4c
[2026-05-13T04:07:36.476Z] [SyncDiag] RECEIVE-PUSH DONE: stored=36, applied=36, errors=0, oneWayTables=0
[2026-05-13T04:07:36.484Z] [SyncDiag] PREPARE-PULL START: vessel=7446783c-841a-11ed-aa7c-7003bca91a86, vesselCode=null, checkpoint=2026-05-12T05:52:06.862Z
[2026-05-13T04:07:36.663Z] [SyncDiag] PREPARE-PULL FIELD LOGS: 0 shore logs for vessel=7446783c-841a-11ed-aa7c-7003bca91a86 (excluded instance=SHIP-Vessel 5)
[2026-05-13T04:07:36.871Z] [SyncDiag] PREPARE-PULL DONE: 6 one-way rows across 1 tables, 0 field logs, 0 conflicts
[2026-05-13T04:07:36.872Z] [SyncDiag] PREPARE-PULL ONE-WAY: master_lists — 6 rows
[2026-05-13T04:08:40.051Z] [SyncDiag] RECEIVE-PUSH START: batch=1dd62a08-55a7-4e55-898a-bf591fc9b2d2, vessel=7446783c-841a-11ed-aa7c-7003bca91a86, fieldLogs=37, oneWayRows=0
[2026-05-13T04:08:40.094Z] [SyncDiag] RECEIVE-PUSH: 37 field logs stored in sync_field_log
[2026-05-13T04:08:40.095Z] [SyncDiag] SYNC-APPLY TRIGGER BYPASS active for batch=1dd62a08-55a7-4e55-898a-bf591fc9b2d2
[2026-05-13T04:08:40.095Z] [SyncDiag] FIELD-LOG-INSERT START: 37 logs
[2026-05-13T04:08:40.096Z] [SyncDiag] FIELD-LOG-INSERT: 2 groups from 37 logs
[2026-05-13T04:08:40.139Z] [SyncDiag] FIELD-LOG-INSERT OK: running_hours_audit row=dd9cf428-05e3-4311-ada0-a05921bc1bfc (21 columns)
[2026-05-13T04:08:40.142Z] [SyncDiag] FIELD-LOG-INSERT OK: running_hours_audit row=e94a99f3-bf31-44c8-9d49-9c5c28974909 (18 columns)
[2026-05-13T04:08:40.142Z] [SyncDiag] FIELD-LOG-INSERT DONE: inserted=2, updatePassthrough=0, errors=0
[2026-05-13T04:08:40.146Z] [SyncDiag] RECEIVE-PUSH DONE: stored=37, applied=2, errors=0, oneWayTables=0
[2026-05-13T04:08:42.173Z] [SyncDiag] PREPARE-PULL START: vessel=7446783c-841a-11ed-aa7c-7003bca91a86, vesselCode=null, checkpoint=2026-05-12T05:52:06.862Z
[2026-05-13T04:08:42.371Z] [SyncDiag] PREPARE-PULL FIELD LOGS: 0 shore logs for vessel=7446783c-841a-11ed-aa7c-7003bca91a86 (excluded instance=SHIP-Vessel 5)
[2026-05-13T04:08:42.489Z] [SyncDiag] PREPARE-PULL DONE: 6 one-way rows across 1 tables, 0 field logs, 0 conflicts
[2026-05-13T04:08:42.490Z] [SyncDiag] PREPARE-PULL ONE-WAY: master_lists — 6 rows
[2026-05-13T04:10:22.127Z] [SyncDiag] RECEIVE-PUSH START: batch=a4d07a1a-34dd-4c13-af3a-f1e37bcb1b5f, vessel=7446783c-841a-11ed-aa7c-7003bca91a86, fieldLogs=0, oneWayRows=0
[2026-05-13T04:10:22.134Z] [SyncDiag] RECEIVE-PUSH DONE: stored=0, applied=0, errors=0, oneWayTables=0
[2026-05-13T04:10:24.220Z] [SyncDiag] PREPARE-PULL START: vessel=7446783c-841a-11ed-aa7c-7003bca91a86, vesselCode=null, checkpoint=2026-05-12T05:52:06.862Z
[2026-05-13T04:10:24.468Z] [SyncDiag] PREPARE-PULL FIELD LOGS: 0 shore logs for vessel=7446783c-841a-11ed-aa7c-7003bca91a86 (excluded instance=SHIP-Vessel 5)
[2026-05-13T04:10:24.586Z] [SyncDiag] PREPARE-PULL DONE: 6 one-way rows across 1 tables, 0 field logs, 0 conflicts
[2026-05-13T04:10:24.587Z] [SyncDiag] PREPARE-PULL ONE-WAY: master_lists — 6 rows
[2026-05-13T04:31:57.560Z] [SyncDiag] === SYNC START === vessel=7446783c-841a-11ed-aa7c-7003bca91a86, instance=SHORE-PROD, mode=LOCAL
[2026-05-13T04:31:57.594Z] [SyncDiag] PUSH START: gathering field logs for vessel=7446783c-841a-11ed-aa7c-7003bca91a86, vesselCode=null
[2026-05-13T04:31:59.434Z] [SyncDiag] PUSH: found 0 unsynced field logs
[2026-05-13T04:31:59.435Z] [SyncDiag] RECEIVE-PUSH START: batch=adc281da-da1b-48e1-8cbc-5e131bb25617, vessel=7446783c-841a-11ed-aa7c-7003bca91a86, fieldLogs=0, oneWayRows=0
[2026-05-13T04:31:59.441Z] [SyncDiag] RECEIVE-PUSH DONE: stored=0, applied=0, errors=0, oneWayTables=0
[2026-05-13T04:31:59.444Z] [SyncDiag] PREPARE-PULL START: vessel=7446783c-841a-11ed-aa7c-7003bca91a86, vesselCode=null, checkpoint=2026-05-12T06:44:15.456Z
[2026-05-13T04:31:59.699Z] [SyncDiag] PREPARE-PULL FIELD LOGS: 0 shore logs for vessel=7446783c-841a-11ed-aa7c-7003bca91a86 (excluded instance=SHORE-PROD)
[2026-05-13T04:31:59.983Z] [SyncDiag] PREPARE-PULL DONE: 216 one-way rows across 5 tables, 0 field logs, 0 conflicts
[2026-05-13T04:31:59.984Z] [SyncDiag] PREPARE-PULL ONE-WAY: master_lists — 6 rows
[2026-05-13T04:31:59.985Z] [SyncDiag] PREPARE-PULL ONE-WAY: ship_certificates_master — 142 rows
[2026-05-13T04:31:59.985Z] [SyncDiag] PREPARE-PULL ONE-WAY: ship_surveys_master — 59 rows
[2026-05-13T04:31:59.985Z] [SyncDiag] PREPARE-PULL ONE-WAY: vessel_certificate_applicability — 6 rows
[2026-05-13T04:31:59.986Z] [SyncDiag] PREPARE-PULL ONE-WAY: vessel_survey_applicability — 3 rows
[2026-05-13T04:31:59.986Z] [SyncDiag] PULL RECEIVED: 5 one-way table batches, 0 field logs
[2026-05-13T04:31:59.987Z] [SyncDiag] PULL one-way tables: {"master_lists":6,"ship_certificates_master":142,"ship_surveys_master":59,"vessel_certificate_applicability":6,"vessel_survey_applicability":3}
[2026-05-13T04:31:59.988Z] [SyncDiag] ONE-WAY-APPLY START: master_lists — 6 rows
[2026-05-13T04:32:00.075Z] [SyncDiag] ONE-WAY-APPLY DONE: master_lists — inserted=0, updated=6, deleted=0, errors=0
[2026-05-13T04:32:00.094Z] [SyncDiag] PULL ONE-WAY: master_lists — inserted=0, updated=6, deleted=0, errors=0
[2026-05-13T04:32:00.095Z] [SyncDiag] ONE-WAY-APPLY START: ship_certificates_master — 142 rows
[2026-05-13T04:32:00.371Z] [SyncDiag] ONE-WAY-APPLY DONE: ship_certificates_master — inserted=0, updated=142, deleted=0, errors=0
[2026-05-13T04:32:00.373Z] [SyncDiag] PULL ONE-WAY: ship_certificates_master — inserted=0, updated=142, deleted=0, errors=0
[2026-05-13T04:32:00.374Z] [SyncDiag] ONE-WAY-APPLY START: ship_surveys_master — 59 rows
[2026-05-13T04:32:00.485Z] [SyncDiag] ONE-WAY-APPLY DONE: ship_surveys_master — inserted=0, updated=59, deleted=0, errors=0
[2026-05-13T04:32:00.488Z] [SyncDiag] PULL ONE-WAY: ship_surveys_master — inserted=0, updated=59, deleted=0, errors=0
[2026-05-13T04:32:00.489Z] [SyncDiag] ONE-WAY-APPLY START: vessel_certificate_applicability — 6 rows
[2026-05-13T04:32:00.521Z] [SyncDiag] ONE-WAY-APPLY DONE: vessel_certificate_applicability — inserted=0, updated=6, deleted=0, errors=0
[2026-05-13T04:32:00.523Z] [SyncDiag] PULL ONE-WAY: vessel_certificate_applicability — inserted=0, updated=6, deleted=0, errors=0
[2026-05-13T04:32:00.524Z] [SyncDiag] ONE-WAY-APPLY START: vessel_survey_applicability — 3 rows
[2026-05-13T04:32:00.541Z] [SyncDiag] ONE-WAY-APPLY ROW ERROR: vessel_survey_applicability row[1]: duplicate key value violates unique constraint "uniq_vessel_survey_applicability_live"
[2026-05-13T04:32:00.596Z] [SyncDiag] ONE-WAY-APPLY DONE: vessel_survey_applicability — inserted=0, updated=2, deleted=0, errors=1
[2026-05-13T04:32:00.608Z] [SyncDiag] PULL ONE-WAY: vessel_survey_applicability — inserted=0, updated=2, deleted=0, errors=1
[2026-05-13T04:32:00.609Z] [SyncDiag] PULL ONE-WAY ERROR: vessel_survey_applicability[1]: duplicate key value violates unique constraint "uniq_vessel_survey_applicability_live"
[2026-05-13T04:32:00.809Z] [SyncDiag] SYNC COMPLETE: checkpoint=2026-05-13T04:32:00.614Z
[2026-05-13T04:32:00.817Z] [SyncDiag] FILE-SYNC START: 0 pending files for vessel=7446783c-841a-11ed-aa7c-7003bca91a86, direction=shore_to_ship
[2026-05-13T04:32:00.817Z] [SyncDiag] FILE-SYNC DONE: processed=0, failed=0, bytes=0
[2026-05-13T04:32:00.820Z] [SyncDiag] === SYNC END === vessel=7446783c-841a-11ed-aa7c-7003bca91a86, duration=3260ms, status=success, pushed=0, pulled=215, conflicts=0, files=0+0
[2026-05-13T04:32:13.674Z] [SyncDiag] RECEIVE-PUSH START: batch=ecdb4dcd-1a02-491a-a7ce-f977d3aa9fcc, vessel=7446783c-841a-11ed-aa7c-7003bca91a86, fieldLogs=0, oneWayRows=0
[2026-05-13T04:32:13.680Z] [SyncDiag] RECEIVE-PUSH DONE: stored=0, applied=0, errors=0, oneWayTables=0
[2026-05-13T04:32:15.703Z] [SyncDiag] PREPARE-PULL START: vessel=7446783c-841a-11ed-aa7c-7003bca91a86, vesselCode=null, checkpoint=2026-05-12T05:52:06.862Z
[2026-05-13T04:32:16.007Z] [SyncDiag] PREPARE-PULL FIELD LOGS: 0 shore logs for vessel=7446783c-841a-11ed-aa7c-7003bca91a86 (excluded instance=SHIP-Vessel 5)
[2026-05-13T04:32:16.124Z] [SyncDiag] PREPARE-PULL DONE: 216 one-way rows across 5 tables, 0 field logs, 0 conflicts
[2026-05-13T04:32:16.124Z] [SyncDiag] PREPARE-PULL ONE-WAY: master_lists — 6 rows
[2026-05-13T04:32:16.125Z] [SyncDiag] PREPARE-PULL ONE-WAY: ship_certificates_master — 142 rows
[2026-05-13T04:32:16.125Z] [SyncDiag] PREPARE-PULL ONE-WAY: ship_surveys_master — 59 rows
[2026-05-13T04:32:16.126Z] [SyncDiag] PREPARE-PULL ONE-WAY: vessel_certificate_applicability — 6 rows
[2026-05-13T04:32:16.126Z] [SyncDiag] PREPARE-PULL ONE-WAY: vessel_survey_applicability — 3 rows
[2026-05-13T04:34:23.265Z] [SyncDiag] FIELD-LOGGER: vessel_certificate_data row=ed9b3bcb-3d41-46e8-942a-ca05c4fa6db9 — 10 fields changed, isInsert=true
[2026-05-13T04:34:31.020Z] [SyncDiag] FIELD-LOGGER: vessel_certificate_data row=ed9b3bcb-3d41-46e8-942a-ca05c4fa6db9 — 1 fields changed, isInsert=false
[2026-05-13T04:34:33.756Z] [SyncDiag] FIELD-LOGGER: vessel_certificate_data row=ed9b3bcb-3d41-46e8-942a-ca05c4fa6db9 — 1 fields changed, isInsert=false
[2026-05-13T04:34:37.619Z] [SyncDiag] FIELD-LOGGER: vessel_certificate_data row=ed9b3bcb-3d41-46e8-942a-ca05c4fa6db9 — 1 fields changed, isInsert=false
[2026-05-13T04:34:50.829Z] [SyncDiag] FIELD-LOGGER: vessel_certificate_data row=ed9b3bcb-3d41-46e8-942a-ca05c4fa6db9 — 1 fields changed, isInsert=false
[2026-05-13T04:34:58.271Z] [SyncDiag] FIELD-LOGGER: vessel_certificate_data row=ed9b3bcb-3d41-46e8-942a-ca05c4fa6db9 — 1 fields changed, isInsert=false
[2026-05-13T04:35:04.009Z] [SyncDiag] FIELD-LOGGER: vessel_certificate_data row=ed9b3bcb-3d41-46e8-942a-ca05c4fa6db9 — 1 fields changed, isInsert=false
[2026-05-13T04:35:52.053Z] [SyncDiag] FIELD-LOGGER: vessel_survey_data row=e978388d-283c-440f-8e1c-c9cc379ebbf8 — 10 fields changed, isInsert=true
[2026-05-13T04:35:55.561Z] [SyncDiag] FIELD-LOGGER: vessel_survey_data row=e978388d-283c-440f-8e1c-c9cc379ebbf8 — 1 fields changed, isInsert=false
[2026-05-13T04:36:00.502Z] [SyncDiag] FIELD-LOGGER: vessel_survey_data row=e978388d-283c-440f-8e1c-c9cc379ebbf8 — 1 fields changed, isInsert=false
[2026-05-13T04:36:06.230Z] [SyncDiag] FIELD-LOGGER: vessel_survey_data row=e978388d-283c-440f-8e1c-c9cc379ebbf8 — 1 fields changed, isInsert=false
[2026-05-13T04:36:11.890Z] [SyncDiag] FIELD-LOGGER: vessel_survey_data row=e978388d-283c-440f-8e1c-c9cc379ebbf8 — 1 fields changed, isInsert=false
[2026-05-13T04:36:15.242Z] [SyncDiag] FIELD-LOGGER: vessel_survey_data row=e978388d-283c-440f-8e1c-c9cc379ebbf8 — 1 fields changed, isInsert=false
[2026-05-13T04:36:33.593Z] [SyncDiag] === SYNC START === vessel=7446783c-841a-11ed-aa7c-7003bca91a86, instance=SHORE-PROD, mode=LOCAL
[2026-05-13T04:36:33.611Z] [SyncDiag] PUSH START: gathering field logs for vessel=7446783c-841a-11ed-aa7c-7003bca91a86, vesselCode=null
[2026-05-13T04:36:33.842Z] [SyncDiag] PUSH: found 31 unsynced field logs
[2026-05-13T04:36:33.843Z] [SyncDiag] PUSH table breakdown: {"vessel_certificate_data":16,"vessel_survey_data":15}
[2026-05-13T04:36:33.843Z] [SyncDiag] PUSH sample[0]: table=vessel_certificate_data, field=id, row=ed9b3bcb-3d41-46e8-942a-ca05c4fa6db9, oldNull=true, newValue=92
[2026-05-13T04:36:33.844Z] [SyncDiag] PUSH sample[1]: table=vessel_certificate_data, field=vcduuid, row=ed9b3bcb-3d41-46e8-942a-ca05c4fa6db9, oldNull=true, newValue=ed9b3bcb-3d41-46e8-942a-ca05c4fa6db9
[2026-05-13T04:36:33.844Z] [SyncDiag] PUSH sample[2]: table=vessel_certificate_data, field=vesselId, row=ed9b3bcb-3d41-46e8-942a-ca05c4fa6db9, oldNull=true, newValue=7446783c-841a-11ed-aa7c-7003bca91a86
[2026-05-13T04:36:33.845Z] [SyncDiag] PUSH sample[3]: table=vessel_certificate_data, field=vesselName, row=ed9b3bcb-3d41-46e8-942a-ca05c4fa6db9, oldNull=true, newValue=Vessel 5
[2026-05-13T04:36:33.845Z] [SyncDiag] PUSH sample[4]: table=vessel_certificate_data, field=masterId, row=ed9b3bcb-3d41-46e8-942a-ca05c4fa6db9, oldNull=true, newValue=A1-010
[2026-05-13T04:36:33.846Z] [SyncDiag] RECEIVE-PUSH START: batch=33b67ecd-9a53-4905-a8b8-dcc0d2a1d8be, vessel=7446783c-841a-11ed-aa7c-7003bca91a86, fieldLogs=31, oneWayRows=0
[2026-05-13T04:36:34.076Z] [SyncDiag] RECEIVE-PUSH: 31 field logs stored in sync_field_log
[2026-05-13T04:36:34.077Z] [SyncDiag] SYNC-APPLY TRIGGER BYPASS active for batch=33b67ecd-9a53-4905-a8b8-dcc0d2a1d8be
[2026-05-13T04:36:34.078Z] [SyncDiag] FIELD-LOG-INSERT START: 31 logs
[2026-05-13T04:36:34.078Z] [SyncDiag] FIELD-LOG-INSERT: 2 groups from 31 logs
[2026-05-13T04:36:34.078Z] [SyncDiag] FIELD-LOG-INSERT DONE: inserted=0, updatePassthrough=31, errors=0
[2026-05-13T04:36:34.079Z] [SyncDiag] INSERT-LOG ALLOWED: vessel_certificate_data.id row=ed9b3bcb-3d41-46e8-942a-ca05c4fa6db9
[2026-05-13T04:36:34.114Z] [SyncDiag] INSERT-LOG ALLOWED: vessel_certificate_data.vcduuid row=ed9b3bcb-3d41-46e8-942a-ca05c4fa6db9
[2026-05-13T04:36:34.117Z] [SyncDiag] INSERT-LOG ALLOWED: vessel_certificate_data.vesselId row=ed9b3bcb-3d41-46e8-942a-ca05c4fa6db9
[2026-05-13T04:36:34.118Z] [SyncDiag] INSERT-LOG ALLOWED: vessel_certificate_data.vesselName row=ed9b3bcb-3d41-46e8-942a-ca05c4fa6db9
[2026-05-13T04:36:34.119Z] [SyncDiag] INSERT-LOG ALLOWED: vessel_certificate_data.masterId row=ed9b3bcb-3d41-46e8-942a-ca05c4fa6db9
[2026-05-13T04:36:34.120Z] [SyncDiag] INSERT-LOG ALLOWED: vessel_certificate_data.issueDate row=ed9b3bcb-3d41-46e8-942a-ca05c4fa6db9
[2026-05-13T04:36:34.121Z] [SyncDiag] INSERT-LOG ALLOWED: vessel_certificate_data.lastEditUpload row=ed9b3bcb-3d41-46e8-942a-ca05c4fa6db9
[2026-05-13T04:36:34.122Z] [SyncDiag] INSERT-LOG ALLOWED: vessel_certificate_data.attachments row=ed9b3bcb-3d41-46e8-942a-ca05c4fa6db9
[2026-05-13T04:36:34.123Z] [SyncDiag] INSERT-LOG ALLOWED: vessel_certificate_data.sortOrder row=ed9b3bcb-3d41-46e8-942a-ca05c4fa6db9
[2026-05-13T04:36:34.124Z] [SyncDiag] INSERT-LOG ALLOWED: vessel_certificate_data.isDeleted row=ed9b3bcb-3d41-46e8-942a-ca05c4fa6db9
[2026-05-13T04:36:34.125Z] [SyncDiag] INSERT-LOG ALLOWED: vessel_certificate_data.expiryDate row=ed9b3bcb-3d41-46e8-942a-ca05c4fa6db9
[2026-05-13T04:36:34.127Z] [SyncDiag] INSERT-LOG ALLOWED: vessel_certificate_data.lastAnnual row=ed9b3bcb-3d41-46e8-942a-ca05c4fa6db9
[2026-05-13T04:36:34.128Z] [SyncDiag] INSERT-LOG ALLOWED: vessel_certificate_data.lastInterm row=ed9b3bcb-3d41-46e8-942a-ca05c4fa6db9
[2026-05-13T04:36:34.158Z] [SyncDiag] CONFLICT NOTIFICATION FAILED: null value in column "policy_id" of relation "alert_events" violates not-null constraint — conflict still logged
[2026-05-13T04:36:34.159Z] [SyncDiag] CONFLICT LOGGED: vessel_certificate_data.attachments row=ed9b3bcb-3d41-46e8-942a-ca05c4fa6db9 — incoming 2026-05-13T04:34:50.805Z rejected by receiver 2026-05-13T04:35:03.923Z
[2026-05-13T04:36:34.199Z] [SyncDiag] CONFLICT NOTIFICATION FAILED: null value in column "policy_id" of relation "alert_events" violates not-null constraint — conflict still logged
[2026-05-13T04:36:34.200Z] [SyncDiag] CONFLICT LOGGED: vessel_certificate_data.attachments row=ed9b3bcb-3d41-46e8-942a-ca05c4fa6db9 — incoming 2026-05-13T04:34:58.220Z rejected by receiver 2026-05-13T04:35:03.923Z
[2026-05-13T04:36:34.252Z] [SyncDiag] INSERT-LOG ALLOWED: vessel_survey_data.id row=e978388d-283c-440f-8e1c-c9cc379ebbf8
[2026-05-13T04:36:34.262Z] [SyncDiag] INSERT-LOG ALLOWED: vessel_survey_data.vsduuid row=e978388d-283c-440f-8e1c-c9cc379ebbf8
[2026-05-13T04:36:34.263Z] [SyncDiag] INSERT-LOG ALLOWED: vessel_survey_data.vesselId row=e978388d-283c-440f-8e1c-c9cc379ebbf8
[2026-05-13T04:36:34.264Z] [SyncDiag] INSERT-LOG ALLOWED: vessel_survey_data.vesselName row=e978388d-283c-440f-8e1c-c9cc379ebbf8
[2026-05-13T04:36:34.265Z] [SyncDiag] INSERT-LOG ALLOWED: vessel_survey_data.masterId row=e978388d-283c-440f-8e1c-c9cc379ebbf8
[2026-05-13T04:36:34.266Z] [SyncDiag] INSERT-LOG ALLOWED: vessel_survey_data.surveyDate row=e978388d-283c-440f-8e1c-c9cc379ebbf8
[2026-05-13T04:36:34.267Z] [SyncDiag] INSERT-LOG ALLOWED: vessel_survey_data.lastEditUpload row=e978388d-283c-440f-8e1c-c9cc379ebbf8
[2026-05-13T04:36:34.267Z] [SyncDiag] INSERT-LOG ALLOWED: vessel_survey_data.attachments row=e978388d-283c-440f-8e1c-c9cc379ebbf8
[2026-05-13T04:36:34.269Z] [SyncDiag] INSERT-LOG ALLOWED: vessel_survey_data.isDeleted row=e978388d-283c-440f-8e1c-c9cc379ebbf8
[2026-05-13T04:36:34.270Z] [SyncDiag] INSERT-LOG ALLOWED: vessel_survey_data.sortOrder row=e978388d-283c-440f-8e1c-c9cc379ebbf8
[2026-05-13T04:36:34.270Z] [SyncDiag] INSERT-LOG ALLOWED: vessel_survey_data.dueDate row=e978388d-283c-440f-8e1c-c9cc379ebbf8
[2026-05-13T04:36:34.271Z] [SyncDiag] INSERT-LOG ALLOWED: vessel_survey_data.firstRangeDate row=e978388d-283c-440f-8e1c-c9cc379ebbf8
[2026-05-13T04:36:34.272Z] [SyncDiag] INSERT-LOG ALLOWED: vessel_survey_data.secondRangeDate row=e978388d-283c-440f-8e1c-c9cc379ebbf8
[2026-05-13T04:36:34.324Z] [SyncDiag] CONFLICT NOTIFICATION FAILED: null value in column "policy_id" of relation "alert_events" violates not-null constraint — conflict still logged
[2026-05-13T04:36:34.325Z] [SyncDiag] CONFLICT LOGGED: vessel_survey_data.attachments row=e978388d-283c-440f-8e1c-c9cc379ebbf8 — incoming 2026-05-13T04:36:11.880Z rejected by receiver 2026-05-13T04:36:15.191Z
[2026-05-13T04:36:34.382Z] [SyncDiag] RECEIVE-PUSH DONE: stored=31, applied=28, errors=0, oneWayTables=0
[2026-05-13T04:36:34.385Z] [SyncDiag] PREPARE-PULL START: vessel=7446783c-841a-11ed-aa7c-7003bca91a86, vesselCode=null, checkpoint=2026-05-13T04:32:00.614Z
[2026-05-13T04:36:34.593Z] [SyncDiag] PREPARE-PULL FIELD LOGS: 0 shore logs for vessel=7446783c-841a-11ed-aa7c-7003bca91a86 (excluded instance=SHORE-PROD)
[2026-05-13T04:36:34.763Z] [SyncDiag] PREPARE-PULL DONE: 0 one-way rows across 0 tables, 0 field logs, 0 conflicts
[2026-05-13T04:36:34.763Z] [SyncDiag] PULL RECEIVED: 0 one-way table batches, 0 field logs
[2026-05-13T04:36:34.950Z] [SyncDiag] SYNC COMPLETE: checkpoint=2026-05-13T04:36:34.765Z
[2026-05-13T04:36:34.954Z] [SyncDiag] PUSH DONE: marked 31 field logs as synced locally
[2026-05-13T04:36:34.960Z] [SyncDiag] FILE-SYNC START: 0 pending files for vessel=7446783c-841a-11ed-aa7c-7003bca91a86, direction=shore_to_ship
[2026-05-13T04:36:34.961Z] [SyncDiag] FILE-SYNC DONE: processed=0, failed=0, bytes=0
[2026-05-13T04:36:34.961Z] [SyncDiag] === SYNC END === vessel=7446783c-841a-11ed-aa7c-7003bca91a86, duration=1368ms, status=success, pushed=31, pulled=0, conflicts=0, files=0+0
[2026-05-13T04:36:58.601Z] [SyncDiag] RECEIVE-PUSH START: batch=a85067bf-e1dc-49db-8cfe-971057e3872e, vessel=7446783c-841a-11ed-aa7c-7003bca91a86, fieldLogs=0, oneWayRows=0
[2026-05-13T04:36:58.608Z] [SyncDiag] RECEIVE-PUSH DONE: stored=0, applied=0, errors=0, oneWayTables=0
[2026-05-13T04:37:00.627Z] [SyncDiag] PREPARE-PULL START: vessel=7446783c-841a-11ed-aa7c-7003bca91a86, vesselCode=null, checkpoint=2026-05-12T05:52:06.862Z
[2026-05-13T04:37:00.934Z] [SyncDiag] PREPARE-PULL FIELD LOGS: 0 shore logs for vessel=7446783c-841a-11ed-aa7c-7003bca91a86 (excluded instance=SHIP-Vessel 5)
[2026-05-13T04:37:01.056Z] [SyncDiag] PREPARE-PULL DONE: 216 one-way rows across 5 tables, 0 field logs, 0 conflicts
[2026-05-13T04:37:01.056Z] [SyncDiag] PREPARE-PULL ONE-WAY: master_lists — 6 rows
[2026-05-13T04:37:01.057Z] [SyncDiag] PREPARE-PULL ONE-WAY: ship_certificates_master — 142 rows
[2026-05-13T04:37:01.057Z] [SyncDiag] PREPARE-PULL ONE-WAY: ship_surveys_master — 59 rows
[2026-05-13T04:37:01.058Z] [SyncDiag] PREPARE-PULL ONE-WAY: vessel_certificate_applicability — 6 rows
[2026-05-13T04:37:01.058Z] [SyncDiag] PREPARE-PULL ONE-WAY: vessel_survey_applicability — 3 rows
[2026-05-13T04:39:55.330Z] [SyncDiag] FIELD-LOGGER: defect_sequences row=4 — 1 fields changed, isInsert=false
[2026-05-13T04:39:55.513Z] [SyncDiag] FIELD-LOGGER: defects row=37da715e-44e2-43c1-a016-134eb42d50d0 — 62 fields changed, isInsert=true
[2026-05-13T04:40:09.130Z] [SyncDiag] === SYNC START === vessel=7446783c-841a-11ed-aa7c-7003bca91a86, instance=SHORE-PROD, mode=LOCAL
[2026-05-13T04:40:09.700Z] [SyncDiag] PUSH START: gathering field logs for vessel=7446783c-841a-11ed-aa7c-7003bca91a86, vesselCode=null
[2026-05-13T04:40:09.881Z] [SyncDiag] PUSH: found 63 unsynced field logs
[2026-05-13T04:40:09.881Z] [SyncDiag] PUSH table breakdown: {"defect_sequences":1,"defects":62}
[2026-05-13T04:40:09.882Z] [SyncDiag] PUSH sample[0]: table=defect_sequences, field=lastSequence, row=4, oldNull=false, newValue=42
[2026-05-13T04:40:09.882Z] [SyncDiag] PUSH sample[1]: table=defects, field=id, row=37da715e-44e2-43c1-a016-134eb42d50d0, oldNull=true, newValue=D005-26-0042
[2026-05-13T04:40:09.883Z] [SyncDiag] PUSH sample[2]: table=defects, field=duuid, row=37da715e-44e2-43c1-a016-134eb42d50d0, oldNull=true, newValue=37da715e-44e2-43c1-a016-134eb42d50d0
[2026-05-13T04:40:09.883Z] [SyncDiag] PUSH sample[3]: table=defects, field=vesselId, row=37da715e-44e2-43c1-a016-134eb42d50d0, oldNull=true, newValue=7446783c-841a-11ed-aa7c-7003bca91a86
[2026-05-13T04:40:09.883Z] [SyncDiag] PUSH sample[4]: table=defects, field=vesselName, row=37da715e-44e2-43c1-a016-134eb42d50d0, oldNull=true, newValue=Vessel 5
[2026-05-13T04:40:09.884Z] [SyncDiag] RECEIVE-PUSH START: batch=6dd729e7-756a-46b5-a7ba-9520c455d4e7, vessel=7446783c-841a-11ed-aa7c-7003bca91a86, fieldLogs=63, oneWayRows=0
[2026-05-13T04:40:10.531Z] [SyncDiag] RECEIVE-PUSH: 63 field logs stored in sync_field_log
[2026-05-13T04:40:10.532Z] [SyncDiag] SYNC-APPLY TRIGGER BYPASS active for batch=6dd729e7-756a-46b5-a7ba-9520c455d4e7
[2026-05-13T04:40:10.540Z] [SyncDiag] FIELD-LOG-INSERT START: 63 logs
[2026-05-13T04:40:10.541Z] [SyncDiag] FIELD-LOG-INSERT: 2 groups from 63 logs
[2026-05-13T04:40:10.546Z] [SyncDiag] FIELD-LOG-INSERT DONE: inserted=0, updatePassthrough=63, errors=0
[2026-05-13T04:40:10.800Z] [SyncDiag] INSERT-LOG ALLOWED: defects.id row=37da715e-44e2-43c1-a016-134eb42d50d0
[2026-05-13T04:40:10.807Z] [SyncDiag] INSERT-LOG ALLOWED: defects.duuid row=37da715e-44e2-43c1-a016-134eb42d50d0
[2026-05-13T04:40:10.853Z] [SyncDiag] INSERT-LOG ALLOWED: defects.vesselId row=37da715e-44e2-43c1-a016-134eb42d50d0
[2026-05-13T04:40:10.855Z] [SyncDiag] INSERT-LOG ALLOWED: defects.vesselName row=37da715e-44e2-43c1-a016-134eb42d50d0
[2026-05-13T04:40:10.866Z] [SyncDiag] INSERT-LOG ALLOWED: defects.issueDate row=37da715e-44e2-43c1-a016-134eb42d50d0
[2026-05-13T04:40:10.868Z] [SyncDiag] INSERT-LOG ALLOWED: defects.category row=37da715e-44e2-43c1-a016-134eb42d50d0
[2026-05-13T04:40:10.869Z] [SyncDiag] INSERT-LOG ALLOWED: defects.defectType row=37da715e-44e2-43c1-a016-134eb42d50d0
[2026-05-13T04:40:10.870Z] [SyncDiag] INSERT-LOG ALLOWED: defects.description row=37da715e-44e2-43c1-a016-134eb42d50d0
[2026-05-13T04:40:10.871Z] [SyncDiag] INSERT-LOG ALLOWED: defects.targetCloseDate row=37da715e-44e2-43c1-a016-134eb42d50d0
[2026-05-13T04:40:10.872Z] [SyncDiag] INSERT-LOG ALLOWED: defects.dateCompleted row=37da715e-44e2-43c1-a016-134eb42d50d0
[2026-05-13T04:40:10.873Z] [SyncDiag] INSERT-LOG ALLOWED: defects.status row=37da715e-44e2-43c1-a016-134eb42d50d0
[2026-05-13T04:40:10.875Z] [SyncDiag] INSERT-LOG ALLOWED: defects.priority row=37da715e-44e2-43c1-a016-134eb42d50d0
[2026-05-13T04:40:10.876Z] [SyncDiag] INSERT-LOG ALLOWED: defects.critical row=37da715e-44e2-43c1-a016-134eb42d50d0
[2026-05-13T04:40:10.877Z] [SyncDiag] INSERT-LOG ALLOWED: defects.is_coc row=37da715e-44e2-43c1-a016-134eb42d50d0
[2026-05-13T04:40:10.878Z] [SyncDiag] INSERT-LOG ALLOWED: defects.severity row=37da715e-44e2-43c1-a016-134eb42d50d0
[2026-05-13T04:40:10.879Z] [SyncDiag] INSERT-LOG ALLOWED: defects.source row=37da715e-44e2-43c1-a016-134eb42d50d0
[2026-05-13T04:40:10.880Z] [SyncDiag] INSERT-LOG ALLOWED: defects.equipmentCategory row=37da715e-44e2-43c1-a016-134eb42d50d0
[2026-05-13T04:40:10.881Z] [SyncDiag] INSERT-LOG ALLOWED: defects.equipmentMake row=37da715e-44e2-43c1-a016-134eb42d50d0
[2026-05-13T04:40:10.882Z] [SyncDiag] INSERT-LOG ALLOWED: defects.equipmentModel row=37da715e-44e2-43c1-a016-134eb42d50d0
[2026-05-13T04:40:10.892Z] [SyncDiag] INSERT-LOG ALLOWED: defects.componentId row=37da715e-44e2-43c1-a016-134eb42d50d0
[2026-05-13T04:40:10.893Z] [SyncDiag] INSERT-LOG ALLOWED: defects.defectCategory row=37da715e-44e2-43c1-a016-134eb42d50d0
[2026-05-13T04:40:10.894Z] [SyncDiag] INSERT-LOG ALLOWED: defects.viqVersion row=37da715e-44e2-43c1-a016-134eb42d50d0
[2026-05-13T04:40:10.895Z] [SyncDiag] INSERT-LOG ALLOWED: defects.viqRef row=37da715e-44e2-43c1-a016-134eb42d50d0
[2026-05-13T04:40:10.896Z] [SyncDiag] INSERT-LOG ALLOWED: defects.componentHardwareId row=37da715e-44e2-43c1-a016-134eb42d50d0
[2026-05-13T04:40:10.897Z] [SyncDiag] INSERT-LOG ALLOWED: defects.componentHardwareLevel1 row=37da715e-44e2-43c1-a016-134eb42d50d0
[2026-05-13T04:40:10.898Z] [SyncDiag] INSERT-LOG ALLOWED: defects.componentHardwareLevel2 row=37da715e-44e2-43c1-a016-134eb42d50d0
[2026-05-13T04:40:10.899Z] [SyncDiag] INSERT-LOG ALLOWED: defects.componentHardwareLevel3 row=37da715e-44e2-43c1-a016-134eb42d50d0
[2026-05-13T04:40:10.900Z] [SyncDiag] INSERT-LOG ALLOWED: defects.immediateCause row=37da715e-44e2-43c1-a016-134eb42d50d0
[2026-05-13T04:40:10.901Z] [SyncDiag] INSERT-LOG ALLOWED: defects.immediateCauseExplanation row=37da715e-44e2-43c1-a016-134eb42d50d0
[2026-05-13T04:40:10.902Z] [SyncDiag] INSERT-LOG ALLOWED: defects.rootCause row=37da715e-44e2-43c1-a016-134eb42d50d0
[2026-05-13T04:40:10.903Z] [SyncDiag] INSERT-LOG ALLOWED: defects.rootCauseExplanation row=37da715e-44e2-43c1-a016-134eb42d50d0
[2026-05-13T04:40:10.904Z] [SyncDiag] INSERT-LOG ALLOWED: defects.riskLevel row=37da715e-44e2-43c1-a016-134eb42d50d0
[2026-05-13T04:40:10.905Z] [SyncDiag] INSERT-LOG ALLOWED: defects.raisedById row=37da715e-44e2-43c1-a016-134eb42d50d0
[2026-05-13T04:40:10.906Z] [SyncDiag] INSERT-LOG ALLOWED: defects.raisedByName row=37da715e-44e2-43c1-a016-134eb42d50d0
[2026-05-13T04:40:10.908Z] [SyncDiag] INSERT-LOG ALLOWED: defects.raisedByRank row=37da715e-44e2-43c1-a016-134eb42d50d0
[2026-05-13T04:40:10.909Z] [SyncDiag] INSERT-LOG ALLOWED: defects.isDeferred row=37da715e-44e2-43c1-a016-134eb42d50d0
[2026-05-13T04:40:10.910Z] [SyncDiag] INSERT-LOG ALLOWED: defects.deferApprovalRequired row=37da715e-44e2-43c1-a016-134eb42d50d0
[2026-05-13T04:40:10.911Z] [SyncDiag] INSERT-LOG ALLOWED: defects.reportToThirdParty row=37da715e-44e2-43c1-a016-134eb42d50d0
[2026-05-13T04:40:10.912Z] [SyncDiag] INSERT-LOG ALLOWED: defects.classReport row=37da715e-44e2-43c1-a016-134eb42d50d0
[2026-05-13T04:40:10.913Z] [SyncDiag] INSERT-LOG ALLOWED: defects.flagReport row=37da715e-44e2-43c1-a016-134eb42d50d0
[2026-05-13T04:40:10.923Z] [SyncDiag] INSERT-LOG ALLOWED: defects.portReport row=37da715e-44e2-43c1-a016-134eb42d50d0
[2026-05-13T04:40:10.924Z] [SyncDiag] INSERT-LOG ALLOWED: defects.dateReportedToOffice row=37da715e-44e2-43c1-a016-134eb42d50d0
[2026-05-13T04:40:10.925Z] [SyncDiag] INSERT-LOG ALLOWED: defects.dateRegisteredInSystem row=37da715e-44e2-43c1-a016-134eb42d50d0
[2026-05-13T04:40:10.926Z] [SyncDiag] INSERT-LOG ALLOWED: defects.vesselLocationType row=37da715e-44e2-43c1-a016-134eb42d50d0
[2026-05-13T04:40:10.927Z] [SyncDiag] INSERT-LOG ALLOWED: defects.latitude row=37da715e-44e2-43c1-a016-134eb42d50d0
[2026-05-13T04:40:10.928Z] [SyncDiag] INSERT-LOG ALLOWED: defects.longitude row=37da715e-44e2-43c1-a016-134eb42d50d0
[2026-05-13T04:40:10.929Z] [SyncDiag] INSERT-LOG ALLOWED: defects.reportedBy row=37da715e-44e2-43c1-a016-134eb42d50d0
[2026-05-13T04:40:10.930Z] [SyncDiag] INSERT-LOG ALLOWED: defects.confirmCompleted row=37da715e-44e2-43c1-a016-134eb42d50d0
[2026-05-13T04:40:10.931Z] [SyncDiag] INSERT-LOG ALLOWED: defects.closedByName row=37da715e-44e2-43c1-a016-134eb42d50d0
[2026-05-13T04:40:10.932Z] [SyncDiag] INSERT-LOG ALLOWED: defects.closedByRank row=37da715e-44e2-43c1-a016-134eb42d50d0
[2026-05-13T04:40:10.933Z] [SyncDiag] INSERT-LOG ALLOWED: defects.verified row=37da715e-44e2-43c1-a016-134eb42d50d0
[2026-05-13T04:40:10.934Z] [SyncDiag] INSERT-LOG ALLOWED: defects.dateVerified row=37da715e-44e2-43c1-a016-134eb42d50d0
[2026-05-13T04:40:10.935Z] [SyncDiag] INSERT-LOG ALLOWED: defects.verifiedByName row=37da715e-44e2-43c1-a016-134eb42d50d0
[2026-05-13T04:40:10.936Z] [SyncDiag] INSERT-LOG ALLOWED: defects.verifiedByOfficePosition row=37da715e-44e2-43c1-a016-134eb42d50d0
[2026-05-13T04:40:10.937Z] [SyncDiag] INSERT-LOG ALLOWED: defects.notes row=37da715e-44e2-43c1-a016-134eb42d50d0
[2026-05-13T04:40:10.938Z] [SyncDiag] INSERT-LOG ALLOWED: defects.actions row=37da715e-44e2-43c1-a016-134eb42d50d0
[2026-05-13T04:40:10.939Z] [SyncDiag] INSERT-LOG ALLOWED: defects.targetDateExtensions row=37da715e-44e2-43c1-a016-134eb42d50d0
[2026-05-13T04:40:10.940Z] [SyncDiag] INSERT-LOG ALLOWED: defects.partAAttachments row=37da715e-44e2-43c1-a016-134eb42d50d0
[2026-05-13T04:40:10.941Z] [SyncDiag] INSERT-LOG ALLOWED: defects.attachments row=37da715e-44e2-43c1-a016-134eb42d50d0
[2026-05-13T04:40:10.942Z] [SyncDiag] INSERT-LOG ALLOWED: defects.auditTrail row=37da715e-44e2-43c1-a016-134eb42d50d0
[2026-05-13T04:40:10.943Z] [SyncDiag] INSERT-LOG ALLOWED: defects.isDeleted row=37da715e-44e2-43c1-a016-134eb42d50d0
[2026-05-13T04:40:10.944Z] [SyncDiag] INSERT-LOG ALLOWED: defects.sortOrder row=37da715e-44e2-43c1-a016-134eb42d50d0
[2026-05-13T04:40:10.949Z] [SyncDiag] RECEIVE-PUSH DONE: stored=63, applied=63, errors=0, oneWayTables=0
[2026-05-13T04:40:10.951Z] [SyncDiag] PREPARE-PULL START: vessel=7446783c-841a-11ed-aa7c-7003bca91a86, vesselCode=null, checkpoint=2026-05-13T04:36:34.765Z
[2026-05-13T04:40:12.204Z] [SyncDiag] PREPARE-PULL FIELD LOGS: 0 shore logs for vessel=7446783c-841a-11ed-aa7c-7003bca91a86 (excluded instance=SHORE-PROD)
[2026-05-13T04:40:12.323Z] [SyncDiag] PREPARE-PULL DONE: 0 one-way rows across 0 tables, 0 field logs, 0 conflicts
[2026-05-13T04:40:12.324Z] [SyncDiag] PULL RECEIVED: 0 one-way table batches, 0 field logs
[2026-05-13T04:40:12.574Z] [SyncDiag] SYNC COMPLETE: checkpoint=2026-05-13T04:40:12.326Z
[2026-05-13T04:40:12.623Z] [SyncDiag] PUSH DONE: marked 63 field logs as synced locally
[2026-05-13T04:40:12.640Z] [SyncDiag] FILE-SYNC START: 0 pending files for vessel=7446783c-841a-11ed-aa7c-7003bca91a86, direction=shore_to_ship
[2026-05-13T04:40:12.640Z] [SyncDiag] FILE-SYNC DONE: processed=0, failed=0, bytes=0
[2026-05-13T04:40:12.641Z] [SyncDiag] === SYNC END === vessel=7446783c-841a-11ed-aa7c-7003bca91a86, duration=3511ms, status=success, pushed=63, pulled=0, conflicts=0, files=0+0
[2026-05-13T04:40:51.347Z] [SyncDiag] RECEIVE-PUSH START: batch=94c9c0a6-fa8f-4d2b-a26e-e15fa3760e76, vessel=7446783c-841a-11ed-aa7c-7003bca91a86, fieldLogs=0, oneWayRows=0
[2026-05-13T04:40:51.355Z] [SyncDiag] RECEIVE-PUSH DONE: stored=0, applied=0, errors=0, oneWayTables=0
[2026-05-13T04:40:53.375Z] [SyncDiag] PREPARE-PULL START: vessel=7446783c-841a-11ed-aa7c-7003bca91a86, vesselCode=null, checkpoint=2026-05-12T05:52:06.862Z
[2026-05-13T04:40:53.645Z] [SyncDiag] PREPARE-PULL FIELD LOGS: 0 shore logs for vessel=7446783c-841a-11ed-aa7c-7003bca91a86 (excluded instance=SHIP-Vessel 5)
[2026-05-13T04:40:53.755Z] [SyncDiag] PREPARE-PULL DONE: 216 one-way rows across 5 tables, 0 field logs, 0 conflicts
[2026-05-13T04:40:53.755Z] [SyncDiag] PREPARE-PULL ONE-WAY: master_lists — 6 rows
[2026-05-13T04:40:53.756Z] [SyncDiag] PREPARE-PULL ONE-WAY: ship_certificates_master — 142 rows
[2026-05-13T04:40:53.756Z] [SyncDiag] PREPARE-PULL ONE-WAY: ship_surveys_master — 59 rows
[2026-05-13T04:40:53.757Z] [SyncDiag] PREPARE-PULL ONE-WAY: vessel_certificate_applicability — 6 rows
[2026-05-13T04:40:53.757Z] [SyncDiag] PREPARE-PULL ONE-WAY: vessel_survey_applicability — 3 rows
[2026-05-13T04:42:31.227Z] [SyncDiag] RECEIVE-PUSH START: batch=322e464a-af01-4da5-8159-61391dd09a0b, vessel=7446783c-841a-11ed-aa7c-7003bca91a86, fieldLogs=62, oneWayRows=0
[2026-05-13T04:42:31.325Z] [SyncDiag] RECEIVE-PUSH: 62 field logs stored in sync_field_log
[2026-05-13T04:42:31.327Z] [SyncDiag] SYNC-APPLY TRIGGER BYPASS active for batch=322e464a-af01-4da5-8159-61391dd09a0b
[2026-05-13T04:42:31.327Z] [SyncDiag] FIELD-LOG-INSERT START: 62 logs
[2026-05-13T04:42:31.328Z] [SyncDiag] FIELD-LOG-INSERT: 2 groups from 62 logs
[2026-05-13T04:42:31.348Z] [SyncDiag] FIELD-LOG-INSERT DONE: inserted=0, updatePassthrough=1, errors=1
[2026-05-13T04:42:31.353Z] [SyncDiag] RECEIVE-PUSH DONE: stored=62, applied=0, errors=2, oneWayTables=0
[2026-05-13T04:42:31.362Z] [SyncDiag] PREPARE-PULL START: vessel=7446783c-841a-11ed-aa7c-7003bca91a86, vesselCode=null, checkpoint=2026-05-12T05:52:06.862Z
[2026-05-13T04:42:31.672Z] [SyncDiag] PREPARE-PULL FIELD LOGS: 0 shore logs for vessel=7446783c-841a-11ed-aa7c-7003bca91a86 (excluded instance=SHIP-Vessel 5)
[2026-05-13T04:42:31.784Z] [SyncDiag] PREPARE-PULL DONE: 216 one-way rows across 5 tables, 0 field logs, 0 conflicts
[2026-05-13T04:42:31.785Z] [SyncDiag] PREPARE-PULL ONE-WAY: master_lists — 6 rows
[2026-05-13T04:42:31.785Z] [SyncDiag] PREPARE-PULL ONE-WAY: ship_certificates_master — 142 rows
[2026-05-13T04:42:31.785Z] [SyncDiag] PREPARE-PULL ONE-WAY: ship_surveys_master — 59 rows
[2026-05-13T04:42:31.786Z] [SyncDiag] PREPARE-PULL ONE-WAY: vessel_certificate_applicability — 6 rows
[2026-05-13T04:42:31.786Z] [SyncDiag] PREPARE-PULL ONE-WAY: vessel_survey_applicability — 3 rows
[2026-05-13T04:42:58.988Z] [SyncDiag] === SYNC START === vessel=7446783c-841a-11ed-aa7c-7003bca91a86, instance=SHORE-PROD, mode=LOCAL
[2026-05-13T04:42:59.001Z] [SyncDiag] PUSH START: gathering field logs for vessel=7446783c-841a-11ed-aa7c-7003bca91a86, vesselCode=null
[2026-05-13T04:42:59.118Z] [SyncDiag] PUSH: found 0 unsynced field logs
[2026-05-13T04:42:59.119Z] [SyncDiag] RECEIVE-PUSH START: batch=23be3cbd-58ca-4442-b37c-af3a0e7c842c, vessel=7446783c-841a-11ed-aa7c-7003bca91a86, fieldLogs=0, oneWayRows=0
[2026-05-13T04:42:59.124Z] [SyncDiag] RECEIVE-PUSH DONE: stored=0, applied=0, errors=0, oneWayTables=0
[2026-05-13T04:42:59.127Z] [SyncDiag] PREPARE-PULL START: vessel=7446783c-841a-11ed-aa7c-7003bca91a86, vesselCode=null, checkpoint=2026-05-13T04:40:12.326Z
[2026-05-13T04:42:59.280Z] [SyncDiag] PREPARE-PULL FIELD LOGS: 0 shore logs for vessel=7446783c-841a-11ed-aa7c-7003bca91a86 (excluded instance=SHORE-PROD)
[2026-05-13T04:42:59.397Z] [SyncDiag] PREPARE-PULL DONE: 0 one-way rows across 0 tables, 0 field logs, 0 conflicts
[2026-05-13T04:42:59.397Z] [SyncDiag] PULL RECEIVED: 0 one-way table batches, 0 field logs
[2026-05-13T04:42:59.571Z] [SyncDiag] SYNC COMPLETE: checkpoint=2026-05-13T04:42:59.399Z
[2026-05-13T04:42:59.577Z] [SyncDiag] FILE-SYNC START: 0 pending files for vessel=7446783c-841a-11ed-aa7c-7003bca91a86, direction=shore_to_ship
[2026-05-13T04:42:59.577Z] [SyncDiag] FILE-SYNC DONE: processed=0, failed=0, bytes=0
[2026-05-13T04:42:59.578Z] [SyncDiag] === SYNC END === vessel=7446783c-841a-11ed-aa7c-7003bca91a86, duration=590ms, status=success, pushed=0, pulled=0, conflicts=0, files=0+0
[2026-05-13T04:45:00.079Z] [SyncDiag] RECEIVE-PUSH START: batch=3720905e-5aa9-4132-8cb6-2e1cefeb1bd9, vessel=7446783c-841a-11ed-aa7c-7003bca91a86, fieldLogs=15, oneWayRows=0
[2026-05-13T04:45:00.122Z] [SyncDiag] RECEIVE-PUSH: 15 field logs stored in sync_field_log
[2026-05-13T04:45:00.123Z] [SyncDiag] SYNC-APPLY TRIGGER BYPASS active for batch=3720905e-5aa9-4132-8cb6-2e1cefeb1bd9
[2026-05-13T04:45:00.124Z] [SyncDiag] FIELD-LOG-INSERT START: 15 logs
[2026-05-13T04:45:00.124Z] [SyncDiag] FIELD-LOG-INSERT: 1 groups from 15 logs
[2026-05-13T04:45:00.183Z] [SyncDiag] FIELD-LOG-INSERT OK: change_request row=4a5a03eb-3049-414d-b03d-0962b5b550be (16 columns)
[2026-05-13T04:45:00.184Z] [SyncDiag] FIELD-LOG-INSERT DONE: inserted=1, updatePassthrough=0, errors=0
[2026-05-13T04:45:00.188Z] [SyncDiag] RECEIVE-PUSH DONE: stored=15, applied=1, errors=0, oneWayTables=0
[2026-05-13T04:45:00.196Z] [SyncDiag] PREPARE-PULL START: vessel=7446783c-841a-11ed-aa7c-7003bca91a86, vesselCode=null, checkpoint=2026-05-12T05:52:06.862Z
[2026-05-13T04:45:00.424Z] [SyncDiag] PREPARE-PULL FIELD LOGS: 0 shore logs for vessel=7446783c-841a-11ed-aa7c-7003bca91a86 (excluded instance=SHIP-Vessel 5)
[2026-05-13T04:45:00.536Z] [SyncDiag] PREPARE-PULL DONE: 216 one-way rows across 5 tables, 0 field logs, 0 conflicts
[2026-05-13T04:45:00.537Z] [SyncDiag] PREPARE-PULL ONE-WAY: master_lists — 6 rows
[2026-05-13T04:45:00.537Z] [SyncDiag] PREPARE-PULL ONE-WAY: ship_certificates_master — 142 rows
[2026-05-13T04:45:00.538Z] [SyncDiag] PREPARE-PULL ONE-WAY: ship_surveys_master — 59 rows
[2026-05-13T04:45:00.538Z] [SyncDiag] PREPARE-PULL ONE-WAY: vessel_certificate_applicability — 6 rows
[2026-05-13T04:45:00.538Z] [SyncDiag] PREPARE-PULL ONE-WAY: vessel_survey_applicability — 3 rows
[2026-05-13T04:45:31.039Z] [SyncDiag] FIELD-LOGGER: change_request row=4a5a03eb-3049-414d-b03d-0962b5b550be — 5 fields changed, isInsert=false
[2026-05-13T04:45:39.971Z] [SyncDiag] RECEIVE-PUSH START: batch=b03793bf-4f8e-47cb-b18c-a5da6c44b659, vessel=7446783c-841a-11ed-aa7c-7003bca91a86, fieldLogs=0, oneWayRows=0
[2026-05-13T04:45:39.978Z] [SyncDiag] RECEIVE-PUSH DONE: stored=0, applied=0, errors=0, oneWayTables=0
[2026-05-13T04:45:42.003Z] [SyncDiag] PREPARE-PULL START: vessel=7446783c-841a-11ed-aa7c-7003bca91a86, vesselCode=null, checkpoint=2026-05-12T05:52:06.862Z
[2026-05-13T04:45:42.128Z] [SyncDiag] PREPARE-PULL FIELD LOGS: 5 shore logs for vessel=7446783c-841a-11ed-aa7c-7003bca91a86 (excluded instance=SHIP-Vessel 5)
[2026-05-13T04:45:42.128Z] [SyncDiag] PREPARE-PULL FIELD LOG TABLES: {"change_request":5}
[2026-05-13T04:45:42.238Z] [SyncDiag] PREPARE-PULL DONE: 217 one-way rows across 6 tables, 5 field logs, 0 conflicts
[2026-05-13T04:45:42.238Z] [SyncDiag] PREPARE-PULL ONE-WAY: components — 1 rows
[2026-05-13T04:45:42.239Z] [SyncDiag] PREPARE-PULL ONE-WAY: master_lists — 6 rows
[2026-05-13T04:45:42.239Z] [SyncDiag] PREPARE-PULL ONE-WAY: ship_certificates_master — 142 rows
[2026-05-13T04:45:42.240Z] [SyncDiag] PREPARE-PULL ONE-WAY: ship_surveys_master — 59 rows
[2026-05-13T04:45:42.240Z] [SyncDiag] PREPARE-PULL ONE-WAY: vessel_certificate_applicability — 6 rows
[2026-05-13T04:45:42.240Z] [SyncDiag] PREPARE-PULL ONE-WAY: vessel_survey_applicability — 3 rows
[2026-05-13T04:47:02.514Z] [SyncDiag] RECEIVE-PUSH START: batch=fe8cad6e-766a-4013-a0a8-2d21998076a8, vessel=7446783c-841a-11ed-aa7c-7003bca91a86, fieldLogs=30, oneWayRows=0
[2026-05-13T04:47:02.587Z] [SyncDiag] RECEIVE-PUSH: 30 field logs stored in sync_field_log
[2026-05-13T04:47:02.588Z] [SyncDiag] SYNC-APPLY TRIGGER BYPASS active for batch=fe8cad6e-766a-4013-a0a8-2d21998076a8
[2026-05-13T04:47:02.589Z] [SyncDiag] FIELD-LOG-INSERT START: 30 logs
[2026-05-13T04:47:02.590Z] [SyncDiag] FIELD-LOG-INSERT: 3 groups from 30 logs
[2026-05-13T04:47:02.670Z] [SyncDiag] FIELD-LOG-INSERT OK: spares_history row=e6352038-9f0c-42f1-840f-155b17528334 (19 columns)
[2026-05-13T04:47:02.695Z] [SyncDiag] FIELD-LOG-INSERT OK: spare_location_stock row=4720820d-e6de-4beb-b51f-e177d7b0b32d (10 columns)
[2026-05-13T04:47:02.699Z] [SyncDiag] FK-REMAP INSERT DEFERRED: spare_location_stock row=4720820d-e6de-4beb-b51f-e177d7b0b32d location_uuid=cb1bfd49-de70-49f0-9a53-27958861d513 — location not yet synced
[2026-05-13T04:47:02.699Z] [SyncDiag] FIELD-LOG-INSERT DONE: inserted=2, updatePassthrough=3, errors=0
[2026-05-13T04:47:02.732Z] [SyncDiag] RECEIVE-PUSH DONE: stored=30, applied=4, errors=1, oneWayTables=0
[2026-05-13T04:47:04.904Z] [SyncDiag] PREPARE-PULL START: vessel=7446783c-841a-11ed-aa7c-7003bca91a86, vesselCode=null, checkpoint=2026-05-12T05:52:06.862Z
[2026-05-13T04:47:05.155Z] [SyncDiag] PREPARE-PULL FIELD LOGS: 0 shore logs for vessel=7446783c-841a-11ed-aa7c-7003bca91a86 (excluded instance=SHIP-Vessel 5)
[2026-05-13T04:47:05.750Z] [SyncDiag] PREPARE-PULL DONE: 217 one-way rows across 6 tables, 0 field logs, 0 conflicts
[2026-05-13T04:47:05.751Z] [SyncDiag] PREPARE-PULL ONE-WAY: components — 1 rows
[2026-05-13T04:47:05.751Z] [SyncDiag] PREPARE-PULL ONE-WAY: master_lists — 6 rows
[2026-05-13T04:47:05.751Z] [SyncDiag] PREPARE-PULL ONE-WAY: ship_certificates_master — 142 rows
[2026-05-13T04:47:05.752Z] [SyncDiag] PREPARE-PULL ONE-WAY: ship_surveys_master — 59 rows
[2026-05-13T04:47:05.752Z] [SyncDiag] PREPARE-PULL ONE-WAY: vessel_certificate_applicability — 6 rows
[2026-05-13T04:47:05.753Z] [SyncDiag] PREPARE-PULL ONE-WAY: vessel_survey_applicability — 3 rows
[2026-05-13T04:49:30.100Z] [SyncDiag] FIELD-LOGGER: work_orders row=d2ce8811-c0ea-45ff-bc2e-f6ebbf2b2165 — 37 fields changed, isInsert=false
[2026-05-13T04:49:30.228Z] [SyncDiag] FIELD-LOGGER: spare_location_stock row=c8843d2c-b3fb-48d4-8940-6bf9588b7a76 — 1 fields changed, isInsert=false
[2026-05-13T04:49:30.322Z] [SyncDiag] FIELD-LOGGER: inventory_transactions row=ac3e74f7-fe43-401e-97ad-c9d01992ab7d — 20 fields changed, isInsert=true
[2026-05-13T04:49:30.329Z] [SyncDiag] FIELD-LOGGER: spares row=b4a17b08-ddee-4e55-9c43-853b00d8f4d4 — 2 fields changed, isInsert=false
[2026-05-13T04:49:30.394Z] [SyncDiag] FIELD-LOGGER: spares_history row=1287ff99-00ef-41ac-9497-ab2b29457a9f — 22 fields changed, isInsert=true
[2026-05-13T04:50:00.484Z] [SyncDiag] FIELD-LOGGER: work_orders row=d2ce8811-c0ea-45ff-bc2e-f6ebbf2b2165 — 4 fields changed, isInsert=false
[2026-05-13T04:50:00.553Z] [SyncDiag] FIELD-LOGGER: spare_location_stock row=c8843d2c-b3fb-48d4-8940-6bf9588b7a76 — 1 fields changed, isInsert=false
[2026-05-13T04:50:00.608Z] [SyncDiag] FIELD-LOGGER: inventory_transactions row=4c26649c-c26b-4fbc-9441-35c40c451439 — 20 fields changed, isInsert=true
[2026-05-13T04:50:00.613Z] [SyncDiag] FIELD-LOGGER: spares row=b4a17b08-ddee-4e55-9c43-853b00d8f4d4 — 2 fields changed, isInsert=false
[2026-05-13T04:50:00.677Z] [SyncDiag] FIELD-LOGGER: spares_history row=bd1c53c1-1e24-4e61-9884-30df9a5a3796 — 22 fields changed, isInsert=true
[2026-05-13T04:50:00.701Z] [SyncDiag] FIELD-LOGGER: superintendent_notifications row=1092832a-028b-4c84-bdfb-73be5a88d615 — 2 fields changed, isInsert=false
[2026-05-13T04:50:18.945Z] [SyncDiag] FIELD-LOGGER: work_orders row=d2ce8811-c0ea-45ff-bc2e-f6ebbf2b2165 — 4 fields changed, isInsert=false
[2026-05-13T04:50:19.045Z] [SyncDiag] FIELD-LOGGER: component_maintenance_history row=84e1ac05-0c71-45a7-9f34-71e8a78e783a — 25 fields changed, isInsert=true
[2026-05-13T04:50:32.564Z] [SyncDiag] RECEIVE-PUSH START: batch=f1129933-694f-46ab-b084-6642a40205c8, vessel=7446783c-841a-11ed-aa7c-7003bca91a86, fieldLogs=31, oneWayRows=0
[2026-05-13T04:50:32.761Z] [SyncDiag] RECEIVE-PUSH: 31 field logs stored in sync_field_log
[2026-05-13T04:50:32.763Z] [SyncDiag] SYNC-APPLY TRIGGER BYPASS active for batch=f1129933-694f-46ab-b084-6642a40205c8
[2026-05-13T04:50:32.764Z] [SyncDiag] FIELD-LOG-INSERT START: 31 logs
[2026-05-13T04:50:32.764Z] [SyncDiag] FIELD-LOG-INSERT: 2 groups from 31 logs
[2026-05-13T04:50:32.765Z] [SyncDiag] FIELD-LOG-INSERT DONE: inserted=0, updatePassthrough=31, errors=0
[2026-05-13T04:50:32.765Z] [SyncDiag] INSERT-LOG ALLOWED: vessel_certificate_data.id row=b55925e1-1dcc-4ace-93db-3379e41cf242
[2026-05-13T04:50:32.775Z] [SyncDiag] INSERT-LOG ALLOWED: vessel_certificate_data.vcduuid row=b55925e1-1dcc-4ace-93db-3379e41cf242
[2026-05-13T04:50:32.777Z] [SyncDiag] INSERT-LOG ALLOWED: vessel_certificate_data.vesselId row=b55925e1-1dcc-4ace-93db-3379e41cf242
[2026-05-13T04:50:32.778Z] [SyncDiag] INSERT-LOG ALLOWED: vessel_certificate_data.vesselName row=b55925e1-1dcc-4ace-93db-3379e41cf242
[2026-05-13T04:50:32.779Z] [SyncDiag] INSERT-LOG ALLOWED: vessel_certificate_data.masterId row=b55925e1-1dcc-4ace-93db-3379e41cf242
[2026-05-13T04:50:32.781Z] [SyncDiag] INSERT-LOG ALLOWED: vessel_certificate_data.issueDate row=b55925e1-1dcc-4ace-93db-3379e41cf242
[2026-05-13T04:50:32.782Z] [SyncDiag] INSERT-LOG ALLOWED: vessel_certificate_data.lastEditUpload row=b55925e1-1dcc-4ace-93db-3379e41cf242
[2026-05-13T04:50:32.783Z] [SyncDiag] INSERT-LOG ALLOWED: vessel_certificate_data.attachments row=b55925e1-1dcc-4ace-93db-3379e41cf242
[2026-05-13T04:50:32.785Z] [SyncDiag] INSERT-LOG ALLOWED: vessel_certificate_data.sortOrder row=b55925e1-1dcc-4ace-93db-3379e41cf242
[2026-05-13T04:50:32.786Z] [SyncDiag] INSERT-LOG ALLOWED: vessel_certificate_data.isDeleted row=b55925e1-1dcc-4ace-93db-3379e41cf242
[2026-05-13T04:50:32.787Z] [SyncDiag] INSERT-LOG ALLOWED: vessel_certificate_data.expiryDate row=b55925e1-1dcc-4ace-93db-3379e41cf242
[2026-05-13T04:50:32.789Z] [SyncDiag] INSERT-LOG ALLOWED: vessel_certificate_data.lastAnnual row=b55925e1-1dcc-4ace-93db-3379e41cf242
[2026-05-13T04:50:32.790Z] [SyncDiag] INSERT-LOG ALLOWED: vessel_certificate_data.lastInterm row=b55925e1-1dcc-4ace-93db-3379e41cf242
[2026-05-13T04:50:32.801Z] [SyncDiag] INSERT-LOG ALLOWED: vessel_survey_data.id row=be47fc5f-95fa-4025-9b41-6e7b266dea32
[2026-05-13T04:50:32.806Z] [SyncDiag] INSERT-LOG ALLOWED: vessel_survey_data.vsduuid row=be47fc5f-95fa-4025-9b41-6e7b266dea32
[2026-05-13T04:50:32.807Z] [SyncDiag] INSERT-LOG ALLOWED: vessel_survey_data.vesselId row=be47fc5f-95fa-4025-9b41-6e7b266dea32
[2026-05-13T04:50:32.808Z] [SyncDiag] INSERT-LOG ALLOWED: vessel_survey_data.vesselName row=be47fc5f-95fa-4025-9b41-6e7b266dea32
[2026-05-13T04:50:32.810Z] [SyncDiag] INSERT-LOG ALLOWED: vessel_survey_data.masterId row=be47fc5f-95fa-4025-9b41-6e7b266dea32
[2026-05-13T04:50:32.811Z] [SyncDiag] INSERT-LOG ALLOWED: vessel_survey_data.surveyDate row=be47fc5f-95fa-4025-9b41-6e7b266dea32
[2026-05-13T04:50:32.813Z] [SyncDiag] INSERT-LOG ALLOWED: vessel_survey_data.lastEditUpload row=be47fc5f-95fa-4025-9b41-6e7b266dea32
[2026-05-13T04:50:32.814Z] [SyncDiag] INSERT-LOG ALLOWED: vessel_survey_data.attachments row=be47fc5f-95fa-4025-9b41-6e7b266dea32
[2026-05-13T04:50:32.815Z] [SyncDiag] INSERT-LOG ALLOWED: vessel_survey_data.isDeleted row=be47fc5f-95fa-4025-9b41-6e7b266dea32
[2026-05-13T04:50:32.817Z] [SyncDiag] INSERT-LOG ALLOWED: vessel_survey_data.sortOrder row=be47fc5f-95fa-4025-9b41-6e7b266dea32
[2026-05-13T04:50:32.818Z] [SyncDiag] INSERT-LOG ALLOWED: vessel_survey_data.dueDate row=be47fc5f-95fa-4025-9b41-6e7b266dea32
[2026-05-13T04:50:32.819Z] [SyncDiag] INSERT-LOG ALLOWED: vessel_survey_data.firstRangeDate row=be47fc5f-95fa-4025-9b41-6e7b266dea32
[2026-05-13T04:50:32.821Z] [SyncDiag] INSERT-LOG ALLOWED: vessel_survey_data.secondRangeDate row=be47fc5f-95fa-4025-9b41-6e7b266dea32
[2026-05-13T04:50:32.854Z] [SyncDiag] RECEIVE-PUSH DONE: stored=31, applied=31, errors=0, oneWayTables=0
[2026-05-13T04:50:35.005Z] [SyncDiag] PREPARE-PULL START: vessel=7446783c-841a-11ed-aa7c-7003bca91a86, vesselCode=null, checkpoint=2026-05-12T05:52:06.862Z
[2026-05-13T04:50:35.180Z] [SyncDiag] PREPARE-PULL FIELD LOGS: 162 shore logs for vessel=7446783c-841a-11ed-aa7c-7003bca91a86 (excluded instance=SHIP-Vessel 5)
[2026-05-13T04:50:35.180Z] [SyncDiag] PREPARE-PULL FIELD LOG TABLES: {"work_orders":45,"spare_location_stock":2,"inventory_transactions":40,"spares":4,"spares_history":44,"superintendent_notifications":2,"component_maintenance_history":25}
[2026-05-13T04:50:36.317Z] [SyncDiag] PREPARE-PULL DONE: 218 one-way rows across 7 tables, 162 field logs, 0 conflicts
[2026-05-13T04:50:36.318Z] [SyncDiag] PREPARE-PULL ONE-WAY: components — 1 rows
[2026-05-13T04:50:36.318Z] [SyncDiag] PREPARE-PULL ONE-WAY: jobs — 1 rows
[2026-05-13T04:50:36.318Z] [SyncDiag] PREPARE-PULL ONE-WAY: master_lists — 6 rows
[2026-05-13T04:50:36.319Z] [SyncDiag] PREPARE-PULL ONE-WAY: ship_certificates_master — 142 rows
[2026-05-13T04:50:36.320Z] [SyncDiag] PREPARE-PULL ONE-WAY: ship_surveys_master — 59 rows
[2026-05-13T04:50:36.320Z] [SyncDiag] PREPARE-PULL ONE-WAY: vessel_certificate_applicability — 6 rows
[2026-05-13T04:50:36.321Z] [SyncDiag] PREPARE-PULL ONE-WAY: vessel_survey_applicability — 3 rows
[2026-05-13T04:51:30.109Z] [SyncDiag] === SYNC START === vessel=7446783c-841a-11ed-aa7c-7003bca91a86, instance=SHORE-PROD, mode=LOCAL
[2026-05-13T04:51:30.133Z] [SyncDiag] PUSH START: gathering field logs for vessel=7446783c-841a-11ed-aa7c-7003bca91a86, vesselCode=null
[2026-05-13T04:51:30.337Z] [SyncDiag] PUSH: found 0 unsynced field logs
[2026-05-13T04:51:30.338Z] [SyncDiag] RECEIVE-PUSH START: batch=a2bb424d-a2e7-41ef-a580-a8d90d8ff173, vessel=7446783c-841a-11ed-aa7c-7003bca91a86, fieldLogs=0, oneWayRows=0
[2026-05-13T04:51:30.381Z] [SyncDiag] RECEIVE-PUSH DONE: stored=0, applied=0, errors=0, oneWayTables=0
[2026-05-13T04:51:30.387Z] [SyncDiag] PREPARE-PULL START: vessel=7446783c-841a-11ed-aa7c-7003bca91a86, vesselCode=null, checkpoint=2026-05-13T04:42:59.399Z
[2026-05-13T04:51:30.563Z] [SyncDiag] PREPARE-PULL FIELD LOGS: 0 shore logs for vessel=7446783c-841a-11ed-aa7c-7003bca91a86 (excluded instance=SHORE-PROD)
[2026-05-13T04:51:30.682Z] [SyncDiag] PREPARE-PULL DONE: 2 one-way rows across 2 tables, 0 field logs, 0 conflicts
[2026-05-13T04:51:30.683Z] [SyncDiag] PREPARE-PULL ONE-WAY: components — 1 rows
[2026-05-13T04:51:30.683Z] [SyncDiag] PREPARE-PULL ONE-WAY: jobs — 1 rows
[2026-05-13T04:51:30.684Z] [SyncDiag] PULL RECEIVED: 2 one-way table batches, 0 field logs
[2026-05-13T04:51:30.684Z] [SyncDiag] PULL one-way tables: {"components":1,"jobs":1}
[2026-05-13T04:51:30.685Z] [SyncDiag] ONE-WAY-APPLY START: components — 1 rows
[2026-05-13T04:51:30.732Z] [SyncDiag] ONE-WAY-APPLY DONE: components — inserted=0, updated=1, deleted=0, errors=0
[2026-05-13T04:51:30.732Z] [SyncDiag] PULL ONE-WAY: components — inserted=0, updated=1, deleted=0, errors=0
[2026-05-13T04:51:30.733Z] [SyncDiag] ONE-WAY-APPLY START: jobs — 1 rows
[2026-05-13T04:51:30.751Z] [SyncDiag] ONE-WAY-APPLY DONE: jobs — inserted=0, updated=1, deleted=0, errors=0
[2026-05-13T04:51:30.751Z] [SyncDiag] PULL ONE-WAY: jobs — inserted=0, updated=1, deleted=0, errors=0
[2026-05-13T04:51:30.937Z] [SyncDiag] SYNC COMPLETE: checkpoint=2026-05-13T04:51:30.753Z
[2026-05-13T04:51:30.944Z] [SyncDiag] FILE-SYNC START: 0 pending files for vessel=7446783c-841a-11ed-aa7c-7003bca91a86, direction=shore_to_ship
[2026-05-13T04:51:30.944Z] [SyncDiag] FILE-SYNC DONE: processed=0, failed=0, bytes=0
[2026-05-13T04:51:30.945Z] [SyncDiag] === SYNC END === vessel=7446783c-841a-11ed-aa7c-7003bca91a86, duration=836ms, status=success, pushed=0, pulled=2, conflicts=0, files=0+0
[2026-05-13T04:57:59.560Z] [SyncDiag] RECEIVE-PUSH START: batch=804a0762-26a5-4383-814a-ec4ed535a8e9, vessel=7446783c-841a-11ed-aa7c-7003bca91a86, fieldLogs=0, oneWayRows=0
[2026-05-13T04:57:59.565Z] [SyncDiag] RECEIVE-PUSH DONE: stored=0, applied=0, errors=0, oneWayTables=0
[2026-05-13T04:57:59.572Z] [SyncDiag] PREPARE-PULL START: vessel=7446783c-841a-11ed-aa7c-7003bca91a86, vesselCode=null, checkpoint=2026-05-12T05:52:06.862Z
[2026-05-13T04:57:59.906Z] [SyncDiag] PREPARE-PULL FIELD LOGS: 0 shore logs for vessel=7446783c-841a-11ed-aa7c-7003bca91a86 (excluded instance=SHIP-Vessel 5)
[2026-05-13T04:58:00.698Z] [SyncDiag] PREPARE-PULL DONE: 218 one-way rows across 7 tables, 0 field logs, 0 conflicts
[2026-05-13T04:58:00.699Z] [SyncDiag] PREPARE-PULL ONE-WAY: components — 1 rows
[2026-05-13T04:58:00.700Z] [SyncDiag] PREPARE-PULL ONE-WAY: jobs — 1 rows
[2026-05-13T04:58:00.700Z] [SyncDiag] PREPARE-PULL ONE-WAY: master_lists — 6 rows
[2026-05-13T04:58:00.701Z] [SyncDiag] PREPARE-PULL ONE-WAY: ship_certificates_master — 142 rows
[2026-05-13T04:58:00.701Z] [SyncDiag] PREPARE-PULL ONE-WAY: ship_surveys_master — 59 rows
[2026-05-13T04:58:00.701Z] [SyncDiag] PREPARE-PULL ONE-WAY: vessel_certificate_applicability — 6 rows
[2026-05-13T04:58:00.702Z] [SyncDiag] PREPARE-PULL ONE-WAY: vessel_survey_applicability — 3 rows
[2026-05-13T04:58:21.021Z] [SyncDiag] === SYNC START === vessel=7446783c-841a-11ed-aa7c-7003bca91a86, instance=SHORE-PROD, mode=LOCAL
[2026-05-13T04:58:21.031Z] [SyncDiag] PUSH START: gathering field logs for vessel=7446783c-841a-11ed-aa7c-7003bca91a86, vesselCode=null
[2026-05-13T04:58:21.148Z] [SyncDiag] PUSH: found 0 unsynced field logs
[2026-05-13T04:58:21.149Z] [SyncDiag] RECEIVE-PUSH START: batch=dc8f9181-2f19-4614-92b8-d2748ec85fe2, vessel=7446783c-841a-11ed-aa7c-7003bca91a86, fieldLogs=0, oneWayRows=0
[2026-05-13T04:58:21.155Z] [SyncDiag] RECEIVE-PUSH DONE: stored=0, applied=0, errors=0, oneWayTables=0
[2026-05-13T04:58:21.157Z] [SyncDiag] PREPARE-PULL START: vessel=7446783c-841a-11ed-aa7c-7003bca91a86, vesselCode=null, checkpoint=2026-05-13T04:51:30.753Z
[2026-05-13T04:58:21.383Z] [SyncDiag] PREPARE-PULL FIELD LOGS: 0 shore logs for vessel=7446783c-841a-11ed-aa7c-7003bca91a86 (excluded instance=SHORE-PROD)
[2026-05-13T04:58:21.505Z] [SyncDiag] PREPARE-PULL DONE: 0 one-way rows across 0 tables, 0 field logs, 0 conflicts
[2026-05-13T04:58:21.505Z] [SyncDiag] PULL RECEIVED: 0 one-way table batches, 0 field logs
[2026-05-13T04:58:21.686Z] [SyncDiag] SYNC COMPLETE: checkpoint=2026-05-13T04:58:21.508Z
[2026-05-13T04:58:21.692Z] [SyncDiag] FILE-SYNC START: 0 pending files for vessel=7446783c-841a-11ed-aa7c-7003bca91a86, direction=shore_to_ship
[2026-05-13T04:58:21.693Z] [SyncDiag] FILE-SYNC DONE: processed=0, failed=0, bytes=0
[2026-05-13T04:58:21.693Z] [SyncDiag] === SYNC END === vessel=7446783c-841a-11ed-aa7c-7003bca91a86, duration=672ms, status=success, pushed=0, pulled=0, conflicts=0, files=0+0
[2026-05-13T04:58:47.959Z] [SyncDiag] === SYNC START === vessel=7446783c-841a-11ed-aa7c-7003bca91a86, instance=SHORE-PROD, mode=LOCAL
[2026-05-13T04:58:48.039Z] [SyncDiag] PUSH START: gathering field logs for vessel=7446783c-841a-11ed-aa7c-7003bca91a86, vesselCode=null
[2026-05-13T04:58:48.220Z] [SyncDiag] PUSH: found 0 unsynced field logs
[2026-05-13T04:58:48.221Z] [SyncDiag] RECEIVE-PUSH START: batch=b015f88a-c991-4813-adb2-e9d147576070, vessel=7446783c-841a-11ed-aa7c-7003bca91a86, fieldLogs=0, oneWayRows=0
[2026-05-13T04:58:48.232Z] [SyncDiag] RECEIVE-PUSH DONE: stored=0, applied=0, errors=0, oneWayTables=0
[2026-05-13T04:58:48.234Z] [SyncDiag] PREPARE-PULL START: vessel=7446783c-841a-11ed-aa7c-7003bca91a86, vesselCode=null, checkpoint=2026-05-13T04:58:21.508Z
[2026-05-13T04:58:48.478Z] [SyncDiag] PREPARE-PULL FIELD LOGS: 0 shore logs for vessel=7446783c-841a-11ed-aa7c-7003bca91a86 (excluded instance=SHORE-PROD)
[2026-05-13T04:58:48.603Z] [SyncDiag] PREPARE-PULL DONE: 0 one-way rows across 0 tables, 0 field logs, 0 conflicts
[2026-05-13T04:58:48.603Z] [SyncDiag] PULL RECEIVED: 0 one-way table batches, 0 field logs
[2026-05-13T04:58:48.802Z] [SyncDiag] SYNC COMPLETE: checkpoint=2026-05-13T04:58:48.606Z
[2026-05-13T04:58:48.808Z] [SyncDiag] FILE-SYNC START: 0 pending files for vessel=7446783c-841a-11ed-aa7c-7003bca91a86, direction=shore_to_ship
[2026-05-13T04:58:48.808Z] [SyncDiag] FILE-SYNC DONE: processed=0, failed=0, bytes=0
[2026-05-13T04:58:48.809Z] [SyncDiag] === SYNC END === vessel=7446783c-841a-11ed-aa7c-7003bca91a86, duration=851ms, status=success, pushed=0, pulled=0, conflicts=0, files=0+0
[2026-05-13T06:11:53.781Z] [SyncDiag] CONFLICT RESOLVED: id=1 source=log action=APPLY_INCOMING by=1 table=vessel_certificate_data.attachments
[2026-05-13T06:14:43.701Z] [SyncDiag] === SYNC START === vessel=7446783c-841a-11ed-aa7c-7003bca91a86, instance=SHORE-PROD, mode=LOCAL
[2026-05-13T06:14:43.971Z] [SyncDiag] PUSH START: gathering field logs for vessel=7446783c-841a-11ed-aa7c-7003bca91a86, vesselCode=null
[2026-05-13T06:14:45.593Z] [SyncDiag] PUSH: found 1 unsynced field logs
[2026-05-13T06:14:45.593Z] [SyncDiag] PUSH table breakdown: {"vessel_certificate_data":1}
[2026-05-13T06:14:45.594Z] [SyncDiag] PUSH sample[0]: table=vessel_certificate_data, field=attachments, row=ed9b3bcb-3d41-46e8-942a-ca05c4fa6db9, oldNull=false, newValue=[{"id":"att-1778646890162-nllzrqqll","data":"data:application/pdf;base64,JVBERi0
[2026-05-13T06:14:45.594Z] [SyncDiag] RECEIVE-PUSH START: batch=0e5d2b0c-9162-4469-8bb9-f4527d9b64dc, vessel=7446783c-841a-11ed-aa7c-7003bca91a86, fieldLogs=1, oneWayRows=0
[2026-05-13T06:14:45.613Z] [SyncDiag] RECEIVE-PUSH: 1 field logs stored in sync_field_log
[2026-05-13T06:14:45.614Z] [SyncDiag] SYNC-APPLY TRIGGER BYPASS active for batch=0e5d2b0c-9162-4469-8bb9-f4527d9b64dc
[2026-05-13T06:14:45.614Z] [SyncDiag] FIELD-LOG-INSERT START: 1 logs
[2026-05-13T06:14:45.614Z] [SyncDiag] FIELD-LOG-INSERT: 1 groups from 1 logs
[2026-05-13T06:14:45.615Z] [SyncDiag] FIELD-LOG-INSERT DONE: inserted=0, updatePassthrough=1, errors=0
[2026-05-13T06:14:45.667Z] [SyncDiag] CONFLICT NOTIFICATION FAILED: null value in column "policy_id" of relation "alert_events" violates not-null constraint — conflict still logged
[2026-05-13T06:14:45.667Z] [SyncDiag] CONFLICT LOGGED: vessel_certificate_data.attachments row=ed9b3bcb-3d41-46e8-942a-ca05c4fa6db9 — incoming 2026-05-13T06:11:53.723Z rejected by receiver 2026-05-13T06:11:53.723Z
[2026-05-13T06:14:45.678Z] [SyncDiag] RECEIVE-PUSH DONE: stored=1, applied=0, errors=0, oneWayTables=0
[2026-05-13T06:14:45.681Z] [SyncDiag] PREPARE-PULL START: vessel=7446783c-841a-11ed-aa7c-7003bca91a86, vesselCode=null, checkpoint=2026-05-13T04:58:48.606Z
[2026-05-13T06:14:46.197Z] [SyncDiag] PREPARE-PULL FIELD LOGS: 0 shore logs for vessel=7446783c-841a-11ed-aa7c-7003bca91a86 (excluded instance=SHORE-PROD)
[2026-05-13T06:14:46.442Z] [SyncDiag] PREPARE-PULL DONE: 0 one-way rows across 0 tables, 0 field logs, 0 conflicts
[2026-05-13T06:14:46.442Z] [SyncDiag] PULL RECEIVED: 0 one-way table batches, 0 field logs
[2026-05-13T06:14:46.624Z] [SyncDiag] SYNC COMPLETE: checkpoint=2026-05-13T06:14:46.444Z
[2026-05-13T06:14:46.626Z] [SyncDiag] PUSH DONE: marked 1 field logs as synced locally
[2026-05-13T06:14:46.633Z] [SyncDiag] FILE-SYNC START: 0 pending files for vessel=7446783c-841a-11ed-aa7c-7003bca91a86, direction=shore_to_ship
[2026-05-13T06:14:46.633Z] [SyncDiag] FILE-SYNC DONE: processed=0, failed=0, bytes=0
[2026-05-13T06:14:46.634Z] [SyncDiag] === SYNC END === vessel=7446783c-841a-11ed-aa7c-7003bca91a86, duration=2933ms, status=success, pushed=1, pulled=0, conflicts=0, files=0+0
[2026-05-13T07:41:30.241Z] [SyncDiag] RECEIVE-PUSH START: batch=cedf7e8d-75cb-4130-b07a-0034e5146139, vessel=7446783c-841a-11ed-aa7c-7003bca91a86, fieldLogs=0, oneWayRows=0
[2026-05-13T07:41:30.262Z] [SyncDiag] RECEIVE-PUSH DONE: stored=0, applied=0, errors=0, oneWayTables=0
[2026-05-13T07:41:30.292Z] [SyncDiag] PREPARE-PULL START: vessel=7446783c-841a-11ed-aa7c-7003bca91a86, vesselCode=null, checkpoint=2026-05-12T05:52:06.862Z
[2026-05-13T07:41:31.136Z] [SyncDiag] PREPARE-PULL FIELD LOGS: 0 shore logs for vessel=7446783c-841a-11ed-aa7c-7003bca91a86 (excluded instance=SHIP-Vessel 5)
[2026-05-13T07:41:47.623Z] [SyncDiag] PREPARE-PULL DONE: 218 one-way rows across 7 tables, 0 field logs, 0 conflicts
[2026-05-13T07:41:47.623Z] [SyncDiag] PREPARE-PULL ONE-WAY: components — 1 rows
[2026-05-13T07:41:47.624Z] [SyncDiag] PREPARE-PULL ONE-WAY: jobs — 1 rows
[2026-05-13T07:41:47.624Z] [SyncDiag] PREPARE-PULL ONE-WAY: master_lists — 6 rows
[2026-05-13T07:41:47.625Z] [SyncDiag] PREPARE-PULL ONE-WAY: ship_certificates_master — 142 rows
[2026-05-13T07:41:47.626Z] [SyncDiag] PREPARE-PULL ONE-WAY: ship_surveys_master — 59 rows
[2026-05-13T07:41:47.626Z] [SyncDiag] PREPARE-PULL ONE-WAY: vessel_certificate_applicability — 6 rows
[2026-05-13T07:41:47.627Z] [SyncDiag] PREPARE-PULL ONE-WAY: vessel_survey_applicability — 3 rows
[2026-05-13T07:42:37.599Z] [SyncDiag] RECEIVE-PUSH START: batch=5673b9d0-8c91-4ad6-bb58-3333a8f869e3, vessel=7446783c-841a-11ed-aa7c-7003bca91a86, fieldLogs=20, oneWayRows=0
[2026-05-13T07:42:37.652Z] [SyncDiag] RECEIVE-PUSH: 20 field logs stored in sync_field_log
[2026-05-13T07:42:37.654Z] [SyncDiag] SYNC-APPLY TRIGGER BYPASS active for batch=5673b9d0-8c91-4ad6-bb58-3333a8f869e3
[2026-05-13T07:42:37.655Z] [SyncDiag] FIELD-LOG-INSERT START: 20 logs
[2026-05-13T07:42:37.655Z] [SyncDiag] FIELD-LOG-INSERT: 1 groups from 20 logs
[2026-05-13T07:42:37.729Z] [SyncDiag] FIELD-LOG-INSERT OK: running_hours_audit row=016f5d7c-2904-4417-9d6e-d5b8eddf6d8d (21 columns)
[2026-05-13T07:42:37.733Z] [SyncDiag] RH-APPLY INSERT: component=1cd918c9-b0e5-490f-b343-a70e990dc4da current_cumulative_rh updated from 0.00 to 111.00 from audit row 016f5d7c-2904-4417-9d6e-d5b8eddf6d8d
[2026-05-13T07:42:37.733Z] [SyncDiag] FIELD-LOG-INSERT DONE: inserted=1, updatePassthrough=0, errors=0
[2026-05-13T07:42:37.737Z] [SyncDiag] RECEIVE-PUSH DONE: stored=20, applied=1, errors=0, oneWayTables=0
[2026-05-13T07:42:39.756Z] [SyncDiag] PREPARE-PULL START: vessel=7446783c-841a-11ed-aa7c-7003bca91a86, vesselCode=null, checkpoint=2026-05-12T05:52:06.862Z
[2026-05-13T07:42:39.993Z] [SyncDiag] PREPARE-PULL FIELD LOGS: 0 shore logs for vessel=7446783c-841a-11ed-aa7c-7003bca91a86 (excluded instance=SHIP-Vessel 5)
[2026-05-13T07:42:40.105Z] [SyncDiag] PREPARE-PULL DONE: 219 one-way rows across 7 tables, 0 field logs, 0 conflicts
[2026-05-13T07:42:40.106Z] [SyncDiag] PREPARE-PULL ONE-WAY: components — 2 rows
[2026-05-13T07:42:40.106Z] [SyncDiag] PREPARE-PULL ONE-WAY: jobs — 1 rows
[2026-05-13T07:42:40.107Z] [SyncDiag] PREPARE-PULL ONE-WAY: master_lists — 6 rows
[2026-05-13T07:42:40.108Z] [SyncDiag] PREPARE-PULL ONE-WAY: ship_certificates_master — 142 rows
[2026-05-13T07:42:40.108Z] [SyncDiag] PREPARE-PULL ONE-WAY: ship_surveys_master — 59 rows
[2026-05-13T07:42:40.108Z] [SyncDiag] PREPARE-PULL ONE-WAY: vessel_certificate_applicability — 6 rows
[2026-05-13T07:42:40.109Z] [SyncDiag] PREPARE-PULL ONE-WAY: vessel_survey_applicability — 3 rows
[2026-05-13T07:43:29.087Z] [SyncDiag] RECEIVE-PUSH START: batch=d5b964c6-a2cb-4edc-ab93-0b4d49465f07, vessel=7446783c-841a-11ed-aa7c-7003bca91a86, fieldLogs=20, oneWayRows=0
[2026-05-13T07:43:29.118Z] [SyncDiag] RECEIVE-PUSH: 20 field logs stored in sync_field_log
[2026-05-13T07:43:29.119Z] [SyncDiag] SYNC-APPLY TRIGGER BYPASS active for batch=d5b964c6-a2cb-4edc-ab93-0b4d49465f07
[2026-05-13T07:43:29.119Z] [SyncDiag] FIELD-LOG-INSERT START: 20 logs
[2026-05-13T07:43:29.119Z] [SyncDiag] FIELD-LOG-INSERT: 1 groups from 20 logs
[2026-05-13T07:43:29.127Z] [SyncDiag] FIELD-LOG-INSERT OK: running_hours_audit row=29630932-baff-4f6f-9a89-324522ac7483 (21 columns)
[2026-05-13T07:43:29.129Z] [SyncDiag] RH-APPLY INSERT: component=6fb5245a-45f7-4137-bbf3-081ffb014601 current_cumulative_rh updated from 0.00 to 140.00 from audit row 29630932-baff-4f6f-9a89-324522ac7483
[2026-05-13T07:43:29.130Z] [SyncDiag] FIELD-LOG-INSERT DONE: inserted=1, updatePassthrough=0, errors=0
[2026-05-13T07:43:29.133Z] [SyncDiag] RECEIVE-PUSH DONE: stored=20, applied=1, errors=0, oneWayTables=0
[2026-05-13T07:43:31.159Z] [SyncDiag] PREPARE-PULL START: vessel=7446783c-841a-11ed-aa7c-7003bca91a86, vesselCode=null, checkpoint=2026-05-12T05:52:06.862Z
[2026-05-13T07:43:31.322Z] [SyncDiag] PREPARE-PULL FIELD LOGS: 0 shore logs for vessel=7446783c-841a-11ed-aa7c-7003bca91a86 (excluded instance=SHIP-Vessel 5)
[2026-05-13T07:43:31.433Z] [SyncDiag] PREPARE-PULL DONE: 220 one-way rows across 7 tables, 0 field logs, 0 conflicts
[2026-05-13T07:43:31.433Z] [SyncDiag] PREPARE-PULL ONE-WAY: components — 3 rows
[2026-05-13T07:43:31.434Z] [SyncDiag] PREPARE-PULL ONE-WAY: jobs — 1 rows
[2026-05-13T07:43:31.434Z] [SyncDiag] PREPARE-PULL ONE-WAY: master_lists — 6 rows
[2026-05-13T07:43:31.434Z] [SyncDiag] PREPARE-PULL ONE-WAY: ship_certificates_master — 142 rows
[2026-05-13T07:43:31.435Z] [SyncDiag] PREPARE-PULL ONE-WAY: ship_surveys_master — 59 rows
[2026-05-13T07:43:31.435Z] [SyncDiag] PREPARE-PULL ONE-WAY: vessel_certificate_applicability — 6 rows
[2026-05-13T07:43:31.436Z] [SyncDiag] PREPARE-PULL ONE-WAY: vessel_survey_applicability — 3 rows
[2026-05-13T07:44:34.295Z] [SyncDiag] RECEIVE-PUSH START: batch=9f5ff744-8db5-4b65-a2f2-2c34e1ce8104, vessel=7446783c-841a-11ed-aa7c-7003bca91a86, fieldLogs=50, oneWayRows=0
[2026-05-13T07:44:34.365Z] [SyncDiag] RECEIVE-PUSH: 50 field logs stored in sync_field_log
[2026-05-13T07:44:34.367Z] [SyncDiag] SYNC-APPLY TRIGGER BYPASS active for batch=9f5ff744-8db5-4b65-a2f2-2c34e1ce8104
[2026-05-13T07:44:34.367Z] [SyncDiag] FIELD-LOG-INSERT START: 50 logs
[2026-05-13T07:44:34.368Z] [SyncDiag] FIELD-LOG-INSERT: 2 groups from 50 logs
[2026-05-13T07:44:34.426Z] [SyncDiag] FIELD-LOG-INSERT DONE: inserted=0, updatePassthrough=35, errors=1
[2026-05-13T07:44:34.427Z] [SyncDiag] INSERT-LOG ALLOWED: work_orders.dateCompleted row=cf508b04-10f0-48f6-ad43-3d817fcf47c3
[2026-05-13T07:44:34.429Z] [SyncDiag] INSERT-LOG ALLOWED: work_orders.submittedDate row=cf508b04-10f0-48f6-ad43-3d817fcf47c3
[2026-05-13T07:44:34.430Z] [SyncDiag] INSERT-LOG ALLOWED: work_orders.maintenanceType row=cf508b04-10f0-48f6-ad43-3d817fcf47c3
[2026-05-13T07:44:34.430Z] [SyncDiag] INSERT-LOG ALLOWED: work_orders.approver row=cf508b04-10f0-48f6-ad43-3d817fcf47c3
[2026-05-13T07:44:34.432Z] [SyncDiag] INSERT-LOG ALLOWED: work_orders.nextDueDate row=cf508b04-10f0-48f6-ad43-3d817fcf47c3
[2026-05-13T07:44:34.433Z] [SyncDiag] INSERT-LOG ALLOWED: work_orders.nextDueReading row=cf508b04-10f0-48f6-ad43-3d817fcf47c3
[2026-05-13T07:44:34.434Z] [SyncDiag] INSERT-LOG ALLOWED: work_orders.currentReading row=cf508b04-10f0-48f6-ad43-3d817fcf47c3
[2026-05-13T07:44:34.435Z] [SyncDiag] INSERT-LOG ALLOWED: work_orders.jobCategory row=cf508b04-10f0-48f6-ad43-3d817fcf47c3
[2026-05-13T07:44:34.436Z] [SyncDiag] INSERT-LOG ALLOWED: work_orders.sfiCode row=cf508b04-10f0-48f6-ad43-3d817fcf47c3
[2026-05-13T07:44:34.437Z] [SyncDiag] INSERT-LOG ALLOWED: work_orders.criticality row=cf508b04-10f0-48f6-ad43-3d817fcf47c3
[2026-05-13T07:44:34.438Z] [SyncDiag] INSERT-LOG ALLOWED: work_orders.riskAssessmentStatus row=cf508b04-10f0-48f6-ad43-3d817fcf47c3
[2026-05-13T07:44:34.439Z] [SyncDiag] INSERT-LOG ALLOWED: work_orders.safetyChecklistsStatus row=cf508b04-10f0-48f6-ad43-3d817fcf47c3
[2026-05-13T07:44:34.439Z] [SyncDiag] INSERT-LOG ALLOWED: work_orders.operationalFormsStatus row=cf508b04-10f0-48f6-ad43-3d817fcf47c3
[2026-05-13T07:44:34.440Z] [SyncDiag] INSERT-LOG ALLOWED: work_orders.startDateTime row=cf508b04-10f0-48f6-ad43-3d817fcf47c3
[2026-05-13T07:44:34.441Z] [SyncDiag] INSERT-LOG ALLOWED: work_orders.completionDateTime row=cf508b04-10f0-48f6-ad43-3d817fcf47c3
[2026-05-13T07:44:34.442Z] [SyncDiag] INSERT-LOG ALLOWED: work_orders.executionAssignedTo row=cf508b04-10f0-48f6-ad43-3d817fcf47c3
[2026-05-13T07:44:34.443Z] [SyncDiag] INSERT-LOG ALLOWED: work_orders.performedBy row=cf508b04-10f0-48f6-ad43-3d817fcf47c3
[2026-05-13T07:44:34.444Z] [SyncDiag] INSERT-LOG ALLOWED: work_orders.noOfPersons row=cf508b04-10f0-48f6-ad43-3d817fcf47c3
[2026-05-13T07:44:34.445Z] [SyncDiag] INSERT-LOG ALLOWED: work_orders.totalTimeHours row=cf508b04-10f0-48f6-ad43-3d817fcf47c3
[2026-05-13T07:44:34.446Z] [SyncDiag] INSERT-LOG ALLOWED: work_orders.manhours row=cf508b04-10f0-48f6-ad43-3d817fcf47c3
[2026-05-13T07:44:34.447Z] [SyncDiag] INSERT-LOG ALLOWED: work_orders.workCarriedOut row=cf508b04-10f0-48f6-ad43-3d817fcf47c3
[2026-05-13T07:44:34.448Z] [SyncDiag] INSERT-LOG ALLOWED: work_orders.jobExperienceNotes row=cf508b04-10f0-48f6-ad43-3d817fcf47c3
[2026-05-13T07:44:34.449Z] [SyncDiag] INSERT-LOG ALLOWED: work_orders.previousReading row=cf508b04-10f0-48f6-ad43-3d817fcf47c3
[2026-05-13T07:44:34.450Z] [SyncDiag] INSERT-LOG ALLOWED: work_orders.runningHours row=cf508b04-10f0-48f6-ad43-3d817fcf47c3
[2026-05-13T07:44:34.451Z] [SyncDiag] INSERT-LOG ALLOWED: work_orders.runningHoursDifference row=cf508b04-10f0-48f6-ad43-3d817fcf47c3
[2026-05-13T07:44:34.452Z] [SyncDiag] INSERT-LOG ALLOWED: work_orders.readingDate row=cf508b04-10f0-48f6-ad43-3d817fcf47c3
[2026-05-13T07:44:34.453Z] [SyncDiag] INSERT-LOG ALLOWED: work_orders.woExecutionId row=cf508b04-10f0-48f6-ad43-3d817fcf47c3
[2026-05-13T07:44:34.454Z] [SyncDiag] INSERT-LOG ALLOWED: work_orders.remarks row=cf508b04-10f0-48f6-ad43-3d817fcf47c3
[2026-05-13T07:44:34.455Z] [SyncDiag] INSERT-LOG ALLOWED: work_orders.completionRemarks row=cf508b04-10f0-48f6-ad43-3d817fcf47c3
[2026-05-13T07:44:34.456Z] [SyncDiag] INSERT-LOG ALLOWED: work_orders.originalDueDate row=cf508b04-10f0-48f6-ad43-3d817fcf47c3
[2026-05-13T07:44:34.458Z] [SyncDiag] INSERT-LOG ALLOWED: work_orders.superintendentNotifiedAt row=cf508b04-10f0-48f6-ad43-3d817fcf47c3
[2026-05-13T07:44:34.459Z] [SyncDiag] INSERT-LOG ALLOWED: work_orders.approvalBlockReason row=cf508b04-10f0-48f6-ad43-3d817fcf47c3
[2026-05-13T07:44:34.462Z] [SyncDiag] RECEIVE-PUSH DONE: stored=50, applied=0, errors=36, oneWayTables=0
[2026-05-13T07:44:36.484Z] [SyncDiag] PREPARE-PULL START: vessel=7446783c-841a-11ed-aa7c-7003bca91a86, vesselCode=null, checkpoint=2026-05-12T05:52:06.862Z
[2026-05-13T07:44:36.704Z] [SyncDiag] PREPARE-PULL FIELD LOGS: 0 shore logs for vessel=7446783c-841a-11ed-aa7c-7003bca91a86 (excluded instance=SHIP-Vessel 5)
[2026-05-13T07:44:36.815Z] [SyncDiag] PREPARE-PULL DONE: 220 one-way rows across 7 tables, 0 field logs, 0 conflicts
[2026-05-13T07:44:36.815Z] [SyncDiag] PREPARE-PULL ONE-WAY: components — 3 rows
[2026-05-13T07:44:36.816Z] [SyncDiag] PREPARE-PULL ONE-WAY: jobs — 1 rows
[2026-05-13T07:44:36.816Z] [SyncDiag] PREPARE-PULL ONE-WAY: master_lists — 6 rows
[2026-05-13T07:44:36.817Z] [SyncDiag] PREPARE-PULL ONE-WAY: ship_certificates_master — 142 rows
[2026-05-13T07:44:36.817Z] [SyncDiag] PREPARE-PULL ONE-WAY: ship_surveys_master — 59 rows
[2026-05-13T07:44:36.817Z] [SyncDiag] PREPARE-PULL ONE-WAY: vessel_certificate_applicability — 6 rows
[2026-05-13T07:44:36.818Z] [SyncDiag] PREPARE-PULL ONE-WAY: vessel_survey_applicability — 3 rows
[2026-05-13T07:45:08.992Z] [SyncDiag] RECEIVE-PUSH START: batch=a6d7d5ce-6985-46b7-9782-8bebed07ef9b, vessel=7446783c-841a-11ed-aa7c-7003bca91a86, fieldLogs=0, oneWayRows=0
[2026-05-13T07:45:08.999Z] [SyncDiag] RECEIVE-PUSH DONE: stored=0, applied=0, errors=0, oneWayTables=0
[2026-05-13T07:45:11.022Z] [SyncDiag] PREPARE-PULL START: vessel=7446783c-841a-11ed-aa7c-7003bca91a86, vesselCode=null, checkpoint=2026-05-12T05:52:06.862Z
[2026-05-13T07:45:11.226Z] [SyncDiag] PREPARE-PULL FIELD LOGS: 0 shore logs for vessel=7446783c-841a-11ed-aa7c-7003bca91a86 (excluded instance=SHIP-Vessel 5)
[2026-05-13T07:45:11.337Z] [SyncDiag] PREPARE-PULL DONE: 220 one-way rows across 7 tables, 0 field logs, 0 conflicts
[2026-05-13T07:45:11.338Z] [SyncDiag] PREPARE-PULL ONE-WAY: components — 3 rows
[2026-05-13T07:45:11.338Z] [SyncDiag] PREPARE-PULL ONE-WAY: jobs — 1 rows
[2026-05-13T07:45:11.338Z] [SyncDiag] PREPARE-PULL ONE-WAY: master_lists — 6 rows
[2026-05-13T07:45:11.339Z] [SyncDiag] PREPARE-PULL ONE-WAY: ship_certificates_master — 142 rows
[2026-05-13T07:45:11.339Z] [SyncDiag] PREPARE-PULL ONE-WAY: ship_surveys_master — 59 rows
[2026-05-13T07:45:11.339Z] [SyncDiag] PREPARE-PULL ONE-WAY: vessel_certificate_applicability — 6 rows
[2026-05-13T07:45:11.340Z] [SyncDiag] PREPARE-PULL ONE-WAY: vessel_survey_applicability — 3 rows
[2026-05-13T07:46:18.250Z] [SyncDiag] RECEIVE-PUSH START: batch=5f782292-e448-4b57-9db4-c533abf0e6c7, vessel=7446783c-841a-11ed-aa7c-7003bca91a86, fieldLogs=50, oneWayRows=0
[2026-05-13T07:46:18.303Z] [SyncDiag] RECEIVE-PUSH: 50 field logs stored in sync_field_log
[2026-05-13T07:46:18.305Z] [SyncDiag] SYNC-APPLY TRIGGER BYPASS active for batch=5f782292-e448-4b57-9db4-c533abf0e6c7
[2026-05-13T07:46:18.306Z] [SyncDiag] FIELD-LOG-INSERT START: 50 logs
[2026-05-13T07:46:18.306Z] [SyncDiag] FIELD-LOG-INSERT: 2 groups from 50 logs
[2026-05-13T07:46:18.314Z] [SyncDiag] FIELD-LOG-INSERT DONE: inserted=0, updatePassthrough=35, errors=1
[2026-05-13T07:46:18.315Z] [SyncDiag] INSERT-LOG ALLOWED: work_orders.workCarriedOut row=9529c16b-4f28-4192-9b3c-5c96898064e9
[2026-05-13T07:46:18.317Z] [SyncDiag] INSERT-LOG ALLOWED: work_orders.jobExperienceNotes row=9529c16b-4f28-4192-9b3c-5c96898064e9
[2026-05-13T07:46:18.319Z] [SyncDiag] INSERT-LOG ALLOWED: work_orders.previousReading row=9529c16b-4f28-4192-9b3c-5c96898064e9
[2026-05-13T07:46:18.322Z] [SyncDiag] INSERT-LOG ALLOWED: work_orders.dateCompleted row=9529c16b-4f28-4192-9b3c-5c96898064e9
[2026-05-13T07:46:18.324Z] [SyncDiag] INSERT-LOG ALLOWED: work_orders.submittedDate row=9529c16b-4f28-4192-9b3c-5c96898064e9
[2026-05-13T07:46:18.326Z] [SyncDiag] INSERT-LOG ALLOWED: work_orders.maintenanceType row=9529c16b-4f28-4192-9b3c-5c96898064e9
[2026-05-13T07:46:18.328Z] [SyncDiag] INSERT-LOG ALLOWED: work_orders.approver row=9529c16b-4f28-4192-9b3c-5c96898064e9
[2026-05-13T07:46:18.330Z] [SyncDiag] INSERT-LOG ALLOWED: work_orders.nextDueDate row=9529c16b-4f28-4192-9b3c-5c96898064e9
[2026-05-13T07:46:18.332Z] [SyncDiag] INSERT-LOG ALLOWED: work_orders.runningHours row=9529c16b-4f28-4192-9b3c-5c96898064e9
[2026-05-13T07:46:18.334Z] [SyncDiag] INSERT-LOG ALLOWED: work_orders.runningHoursDifference row=9529c16b-4f28-4192-9b3c-5c96898064e9
[2026-05-13T07:46:18.336Z] [SyncDiag] INSERT-LOG ALLOWED: work_orders.readingDate row=9529c16b-4f28-4192-9b3c-5c96898064e9
[2026-05-13T07:46:18.338Z] [SyncDiag] INSERT-LOG ALLOWED: work_orders.woExecutionId row=9529c16b-4f28-4192-9b3c-5c96898064e9
[2026-05-13T07:46:18.340Z] [SyncDiag] INSERT-LOG ALLOWED: work_orders.remarks row=9529c16b-4f28-4192-9b3c-5c96898064e9
[2026-05-13T07:46:18.342Z] [SyncDiag] INSERT-LOG ALLOWED: work_orders.completionRemarks row=9529c16b-4f28-4192-9b3c-5c96898064e9
[2026-05-13T07:46:18.344Z] [SyncDiag] INSERT-LOG ALLOWED: work_orders.originalDueDate row=9529c16b-4f28-4192-9b3c-5c96898064e9
[2026-05-13T07:46:18.351Z] [SyncDiag] INSERT-LOG ALLOWED: work_orders.superintendentNotifiedAt row=9529c16b-4f28-4192-9b3c-5c96898064e9
[2026-05-13T07:46:18.353Z] [SyncDiag] INSERT-LOG ALLOWED: work_orders.nextDueReading row=9529c16b-4f28-4192-9b3c-5c96898064e9
[2026-05-13T07:46:18.355Z] [SyncDiag] INSERT-LOG ALLOWED: work_orders.approvalBlockReason row=9529c16b-4f28-4192-9b3c-5c96898064e9
[2026-05-13T07:46:18.357Z] [SyncDiag] INSERT-LOG ALLOWED: work_orders.currentReading row=9529c16b-4f28-4192-9b3c-5c96898064e9
[2026-05-13T07:46:18.359Z] [SyncDiag] INSERT-LOG ALLOWED: work_orders.jobCategory row=9529c16b-4f28-4192-9b3c-5c96898064e9
[2026-05-13T07:46:18.361Z] [SyncDiag] INSERT-LOG ALLOWED: work_orders.sfiCode row=9529c16b-4f28-4192-9b3c-5c96898064e9
[2026-05-13T07:46:18.363Z] [SyncDiag] INSERT-LOG ALLOWED: work_orders.criticality row=9529c16b-4f28-4192-9b3c-5c96898064e9
[2026-05-13T07:46:18.366Z] [SyncDiag] INSERT-LOG ALLOWED: work_orders.riskAssessmentStatus row=9529c16b-4f28-4192-9b3c-5c96898064e9
[2026-05-13T07:46:18.368Z] [SyncDiag] INSERT-LOG ALLOWED: work_orders.safetyChecklistsStatus row=9529c16b-4f28-4192-9b3c-5c96898064e9
[2026-05-13T07:46:18.370Z] [SyncDiag] INSERT-LOG ALLOWED: work_orders.operationalFormsStatus row=9529c16b-4f28-4192-9b3c-5c96898064e9
[2026-05-13T07:46:18.372Z] [SyncDiag] INSERT-LOG ALLOWED: work_orders.startDateTime row=9529c16b-4f28-4192-9b3c-5c96898064e9
[2026-05-13T07:46:18.374Z] [SyncDiag] INSERT-LOG ALLOWED: work_orders.completionDateTime row=9529c16b-4f28-4192-9b3c-5c96898064e9
[2026-05-13T07:46:18.376Z] [SyncDiag] INSERT-LOG ALLOWED: work_orders.executionAssignedTo row=9529c16b-4f28-4192-9b3c-5c96898064e9
[2026-05-13T07:46:18.379Z] [SyncDiag] INSERT-LOG ALLOWED: work_orders.performedBy row=9529c16b-4f28-4192-9b3c-5c96898064e9
[2026-05-13T07:46:18.381Z] [SyncDiag] INSERT-LOG ALLOWED: work_orders.noOfPersons row=9529c16b-4f28-4192-9b3c-5c96898064e9
[2026-05-13T07:46:18.383Z] [SyncDiag] INSERT-LOG ALLOWED: work_orders.totalTimeHours row=9529c16b-4f28-4192-9b3c-5c96898064e9
[2026-05-13T07:46:18.386Z] [SyncDiag] INSERT-LOG ALLOWED: work_orders.manhours row=9529c16b-4f28-4192-9b3c-5c96898064e9
[2026-05-13T07:46:18.394Z] [SyncDiag] RECEIVE-PUSH DONE: stored=50, applied=0, errors=36, oneWayTables=0
[2026-05-13T07:46:20.417Z] [SyncDiag] PREPARE-PULL START: vessel=7446783c-841a-11ed-aa7c-7003bca91a86, vesselCode=null, checkpoint=2026-05-12T05:52:06.862Z
[2026-05-13T07:46:20.664Z] [SyncDiag] PREPARE-PULL FIELD LOGS: 0 shore logs for vessel=7446783c-841a-11ed-aa7c-7003bca91a86 (excluded instance=SHIP-Vessel 5)
[2026-05-13T07:46:20.775Z] [SyncDiag] PREPARE-PULL DONE: 220 one-way rows across 7 tables, 0 field logs, 0 conflicts
[2026-05-13T07:46:20.776Z] [SyncDiag] PREPARE-PULL ONE-WAY: components — 3 rows
[2026-05-13T07:46:20.776Z] [SyncDiag] PREPARE-PULL ONE-WAY: jobs — 1 rows
[2026-05-13T07:46:20.777Z] [SyncDiag] PREPARE-PULL ONE-WAY: master_lists — 6 rows
[2026-05-13T07:46:20.778Z] [SyncDiag] PREPARE-PULL ONE-WAY: ship_certificates_master — 142 rows
[2026-05-13T07:46:20.778Z] [SyncDiag] PREPARE-PULL ONE-WAY: ship_surveys_master — 59 rows
[2026-05-13T07:46:20.779Z] [SyncDiag] PREPARE-PULL ONE-WAY: vessel_certificate_applicability — 6 rows
[2026-05-13T07:46:20.779Z] [SyncDiag] PREPARE-PULL ONE-WAY: vessel_survey_applicability — 3 rows
[2026-05-13T09:57:50.582Z] [SyncDiag] RECEIVE-PUSH START: batch=9a81e32d-77b9-40f4-9b7b-f6c6cfc74e36, vessel=7446783c-841a-11ed-aa7c-7003bca91a86, fieldLogs=19, oneWayRows=0
[2026-05-13T09:57:50.633Z] [SyncDiag] RECEIVE-PUSH: 19 field logs stored in sync_field_log
[2026-05-13T09:57:50.634Z] [SyncDiag] SYNC-APPLY TRIGGER BYPASS active for batch=9a81e32d-77b9-40f4-9b7b-f6c6cfc74e36
[2026-05-13T09:57:50.636Z] [SyncDiag] FIELD-LOG-INSERT START: 19 logs
[2026-05-13T09:57:50.636Z] [SyncDiag] FIELD-LOG-INSERT: 1 groups from 19 logs
[2026-05-13T09:57:50.684Z] [SyncDiag] FIELD-LOG-INSERT OK: running_hours_audit row=e4c4d876-7133-4d72-b933-376e3858d85a (21 columns)
[2026-05-13T09:57:50.687Z] [SyncDiag] RH-APPLY INSERT: component=6fb5245a-45f7-4137-bbf3-081ffb014601 current_cumulative_rh updated from 140.00 to 150.00 from audit row e4c4d876-7133-4d72-b933-376e3858d85a
[2026-05-13T09:57:50.688Z] [SyncDiag] FIELD-LOG-INSERT DONE: inserted=1, updatePassthrough=0, errors=0
[2026-05-13T09:57:50.692Z] [SyncDiag] RECEIVE-PUSH DONE: stored=19, applied=1, errors=0, oneWayTables=0
[2026-05-13T09:57:52.733Z] [SyncDiag] PREPARE-PULL START: vessel=7446783c-841a-11ed-aa7c-7003bca91a86, vesselCode=null, checkpoint=2026-05-12T05:52:06.862Z
[2026-05-13T09:57:53.066Z] [SyncDiag] PREPARE-PULL FIELD LOGS: 0 shore logs for vessel=7446783c-841a-11ed-aa7c-7003bca91a86 (excluded instance=SHIP-Vessel 5)
[2026-05-13T09:57:54.583Z] [SyncDiag] PREPARE-PULL DONE: 220 one-way rows across 7 tables, 0 field logs, 0 conflicts
[2026-05-13T09:57:54.584Z] [SyncDiag] PREPARE-PULL ONE-WAY: components — 3 rows
[2026-05-13T09:57:54.584Z] [SyncDiag] PREPARE-PULL ONE-WAY: jobs — 1 rows
[2026-05-13T09:57:54.585Z] [SyncDiag] PREPARE-PULL ONE-WAY: master_lists — 6 rows
[2026-05-13T09:57:54.585Z] [SyncDiag] PREPARE-PULL ONE-WAY: ship_certificates_master — 142 rows
[2026-05-13T09:57:54.586Z] [SyncDiag] PREPARE-PULL ONE-WAY: ship_surveys_master — 59 rows
[2026-05-13T09:57:54.586Z] [SyncDiag] PREPARE-PULL ONE-WAY: vessel_certificate_applicability — 6 rows
[2026-05-13T09:57:54.587Z] [SyncDiag] PREPARE-PULL ONE-WAY: vessel_survey_applicability — 3 rows
[2026-05-13T09:59:50.837Z] [SyncDiag] RECEIVE-PUSH START: batch=529e45a3-a86d-42fe-a5fb-440e6db4392a, vessel=7446783c-841a-11ed-aa7c-7003bca91a86, fieldLogs=50, oneWayRows=0
[2026-05-13T09:59:50.910Z] [SyncDiag] RECEIVE-PUSH: 50 field logs stored in sync_field_log
[2026-05-13T09:59:50.912Z] [SyncDiag] SYNC-APPLY TRIGGER BYPASS active for batch=529e45a3-a86d-42fe-a5fb-440e6db4392a
[2026-05-13T09:59:50.912Z] [SyncDiag] FIELD-LOG-INSERT START: 50 logs
[2026-05-13T09:59:50.913Z] [SyncDiag] FIELD-LOG-INSERT: 2 groups from 50 logs
[2026-05-13T09:59:50.977Z] [SyncDiag] FIELD-LOG-INSERT OK: superintendent_notifications row=66364ac5-cf4f-4a81-9268-1c796595cca7 (16 columns)
[2026-05-13T09:59:50.979Z] [SyncDiag] FIELD-LOG-INSERT DONE: inserted=1, updatePassthrough=36, errors=0
[2026-05-13T09:59:51.010Z] [SyncDiag] INSERT-LOG ALLOWED: work_orders.dateCompleted row=7734720b-5c8f-4a43-a0e0-30008521059c
[2026-05-13T09:59:51.026Z] [SyncDiag] INSERT-LOG ALLOWED: work_orders.submittedDate row=7734720b-5c8f-4a43-a0e0-30008521059c
[2026-05-13T09:59:51.040Z] [SyncDiag] INSERT-LOG ALLOWED: work_orders.maintenanceType row=7734720b-5c8f-4a43-a0e0-30008521059c
[2026-05-13T09:59:51.042Z] [SyncDiag] INSERT-LOG ALLOWED: work_orders.approver row=7734720b-5c8f-4a43-a0e0-30008521059c
[2026-05-13T09:59:51.043Z] [SyncDiag] INSERT-LOG ALLOWED: work_orders.nextDueDate row=7734720b-5c8f-4a43-a0e0-30008521059c
[2026-05-13T09:59:51.044Z] [SyncDiag] INSERT-LOG ALLOWED: work_orders.nextDueReading row=7734720b-5c8f-4a43-a0e0-30008521059c
[2026-05-13T09:59:51.045Z] [SyncDiag] INSERT-LOG ALLOWED: work_orders.currentReading row=7734720b-5c8f-4a43-a0e0-30008521059c
[2026-05-13T09:59:51.046Z] [SyncDiag] INSERT-LOG ALLOWED: work_orders.jobCategory row=7734720b-5c8f-4a43-a0e0-30008521059c
[2026-05-13T09:59:51.047Z] [SyncDiag] INSERT-LOG ALLOWED: work_orders.sfiCode row=7734720b-5c8f-4a43-a0e0-30008521059c
[2026-05-13T09:59:51.049Z] [SyncDiag] INSERT-LOG ALLOWED: work_orders.criticality row=7734720b-5c8f-4a43-a0e0-30008521059c
[2026-05-13T09:59:51.050Z] [SyncDiag] INSERT-LOG ALLOWED: work_orders.riskAssessmentStatus row=7734720b-5c8f-4a43-a0e0-30008521059c
[2026-05-13T09:59:51.050Z] [SyncDiag] INSERT-LOG ALLOWED: work_orders.safetyChecklistsStatus row=7734720b-5c8f-4a43-a0e0-30008521059c
[2026-05-13T09:59:51.051Z] [SyncDiag] INSERT-LOG ALLOWED: work_orders.operationalFormsStatus row=7734720b-5c8f-4a43-a0e0-30008521059c
[2026-05-13T09:59:51.052Z] [SyncDiag] INSERT-LOG ALLOWED: work_orders.startDateTime row=7734720b-5c8f-4a43-a0e0-30008521059c
[2026-05-13T09:59:51.053Z] [SyncDiag] INSERT-LOG ALLOWED: work_orders.completionDateTime row=7734720b-5c8f-4a43-a0e0-30008521059c
[2026-05-13T09:59:51.055Z] [SyncDiag] INSERT-LOG ALLOWED: work_orders.executionAssignedTo row=7734720b-5c8f-4a43-a0e0-30008521059c
[2026-05-13T09:59:51.056Z] [SyncDiag] INSERT-LOG ALLOWED: work_orders.performedBy row=7734720b-5c8f-4a43-a0e0-30008521059c
[2026-05-13T09:59:51.057Z] [SyncDiag] INSERT-LOG ALLOWED: work_orders.noOfPersons row=7734720b-5c8f-4a43-a0e0-30008521059c
[2026-05-13T09:59:51.058Z] [SyncDiag] INSERT-LOG ALLOWED: work_orders.totalTimeHours row=7734720b-5c8f-4a43-a0e0-30008521059c
[2026-05-13T09:59:51.059Z] [SyncDiag] INSERT-LOG ALLOWED: work_orders.manhours row=7734720b-5c8f-4a43-a0e0-30008521059c
[2026-05-13T09:59:51.060Z] [SyncDiag] INSERT-LOG ALLOWED: work_orders.workCarriedOut row=7734720b-5c8f-4a43-a0e0-30008521059c
[2026-05-13T09:59:51.061Z] [SyncDiag] INSERT-LOG ALLOWED: work_orders.jobExperienceNotes row=7734720b-5c8f-4a43-a0e0-30008521059c
[2026-05-13T09:59:51.062Z] [SyncDiag] INSERT-LOG ALLOWED: work_orders.previousReading row=7734720b-5c8f-4a43-a0e0-30008521059c
[2026-05-13T09:59:51.064Z] [SyncDiag] INSERT-LOG ALLOWED: work_orders.runningHours row=7734720b-5c8f-4a43-a0e0-30008521059c
[2026-05-13T09:59:51.065Z] [SyncDiag] INSERT-LOG ALLOWED: work_orders.runningHoursDifference row=7734720b-5c8f-4a43-a0e0-30008521059c
[2026-05-13T09:59:51.066Z] [SyncDiag] INSERT-LOG ALLOWED: work_orders.readingDate row=7734720b-5c8f-4a43-a0e0-30008521059c
[2026-05-13T09:59:51.067Z] [SyncDiag] INSERT-LOG ALLOWED: work_orders.woExecutionId row=7734720b-5c8f-4a43-a0e0-30008521059c
[2026-05-13T09:59:51.069Z] [SyncDiag] INSERT-LOG ALLOWED: work_orders.remarks row=7734720b-5c8f-4a43-a0e0-30008521059c
[2026-05-13T09:59:51.070Z] [SyncDiag] INSERT-LOG ALLOWED: work_orders.completionRemarks row=7734720b-5c8f-4a43-a0e0-30008521059c
[2026-05-13T09:59:51.071Z] [SyncDiag] INSERT-LOG ALLOWED: work_orders.originalDueDate row=7734720b-5c8f-4a43-a0e0-30008521059c
[2026-05-13T09:59:51.075Z] [SyncDiag] INSERT-LOG ALLOWED: work_orders.superintendentNotifiedAt row=7734720b-5c8f-4a43-a0e0-30008521059c
[2026-05-13T09:59:51.076Z] [SyncDiag] INSERT-LOG ALLOWED: work_orders.approvalBlockReason row=7734720b-5c8f-4a43-a0e0-30008521059c
[2026-05-13T09:59:51.081Z] [SyncDiag] RECEIVE-PUSH DONE: stored=50, applied=37, errors=0, oneWayTables=0
[2026-05-13T09:59:53.134Z] [SyncDiag] PREPARE-PULL START: vessel=7446783c-841a-11ed-aa7c-7003bca91a86, vesselCode=null, checkpoint=2026-05-12T05:52:06.862Z
[2026-05-13T09:59:53.378Z] [SyncDiag] PREPARE-PULL FIELD LOGS: 0 shore logs for vessel=7446783c-841a-11ed-aa7c-7003bca91a86 (excluded instance=SHIP-Vessel 5)
[2026-05-13T09:59:53.553Z] [SyncDiag] PREPARE-PULL DONE: 220 one-way rows across 7 tables, 0 field logs, 0 conflicts
[2026-05-13T09:59:53.553Z] [SyncDiag] PREPARE-PULL ONE-WAY: components — 3 rows
[2026-05-13T09:59:53.554Z] [SyncDiag] PREPARE-PULL ONE-WAY: jobs — 1 rows
[2026-05-13T09:59:53.554Z] [SyncDiag] PREPARE-PULL ONE-WAY: master_lists — 6 rows
[2026-05-13T09:59:53.555Z] [SyncDiag] PREPARE-PULL ONE-WAY: ship_certificates_master — 142 rows
[2026-05-13T09:59:53.555Z] [SyncDiag] PREPARE-PULL ONE-WAY: ship_surveys_master — 59 rows
[2026-05-13T09:59:53.556Z] [SyncDiag] PREPARE-PULL ONE-WAY: vessel_certificate_applicability — 6 rows
[2026-05-13T09:59:53.556Z] [SyncDiag] PREPARE-PULL ONE-WAY: vessel_survey_applicability — 3 rows
[2026-05-13T10:00:10.066Z] [SyncDiag] FIELD-LOGGER: vessel_certificate_data row=b24ce305-3130-4bcd-9d6e-0ec27bd45778 — 9 fields changed, isInsert=true
[2026-05-13T10:00:14.096Z] [SyncDiag] FIELD-LOGGER: vessel_certificate_data row=b24ce305-3130-4bcd-9d6e-0ec27bd45778 — 1 fields changed, isInsert=false
[2026-05-13T10:00:18.918Z] [SyncDiag] FIELD-LOGGER: vessel_certificate_data row=b24ce305-3130-4bcd-9d6e-0ec27bd45778 — 1 fields changed, isInsert=false
[2026-05-13T10:00:24.054Z] [SyncDiag] FIELD-LOGGER: vessel_certificate_data row=b24ce305-3130-4bcd-9d6e-0ec27bd45778 — 1 fields changed, isInsert=false
[2026-05-13T10:00:27.066Z] [SyncDiag] FIELD-LOGGER: work_orders row=7734720b-5c8f-4a43-a0e0-30008521059c — 4 fields changed, isInsert=false
[2026-05-13T10:00:27.188Z] [SyncDiag] FIELD-LOGGER: superintendent_notifications row=66364ac5-cf4f-4a81-9268-1c796595cca7 — 2 fields changed, isInsert=false
[2026-05-13T10:00:30.773Z] [SyncDiag] FIELD-LOGGER: vessel_certificate_data row=b24ce305-3130-4bcd-9d6e-0ec27bd45778 — 1 fields changed, isInsert=false
[2026-05-13T10:00:33.883Z] [SyncDiag] FIELD-LOGGER: vessel_certificate_data row=b24ce305-3130-4bcd-9d6e-0ec27bd45778 — 1 fields changed, isInsert=false
[2026-05-13T10:00:38.362Z] [SyncDiag] RECEIVE-PUSH START: batch=dacb30f9-040d-4039-852b-90bc53ca8344, vessel=7446783c-841a-11ed-aa7c-7003bca91a86, fieldLogs=0, oneWayRows=0
[2026-05-13T10:00:38.367Z] [SyncDiag] RECEIVE-PUSH DONE: stored=0, applied=0, errors=0, oneWayTables=0
[2026-05-13T10:00:38.423Z] [SyncDiag] PREPARE-PULL START: vessel=7446783c-841a-11ed-aa7c-7003bca91a86, vesselCode=null, checkpoint=2026-05-12T05:52:06.862Z
[2026-05-13T10:00:38.517Z] [SyncDiag] PREPARE-PULL FIELD LOGS: 20 shore logs for vessel=7446783c-841a-11ed-aa7c-7003bca91a86 (excluded instance=SHIP-Vessel 5)
[2026-05-13T10:00:38.518Z] [SyncDiag] PREPARE-PULL FIELD LOG TABLES: {"vessel_certificate_data":14,"work_orders":4,"superintendent_notifications":2}
[2026-05-13T10:00:38.629Z] [SyncDiag] PREPARE-PULL DONE: 220 one-way rows across 7 tables, 20 field logs, 0 conflicts
[2026-05-13T10:00:38.630Z] [SyncDiag] PREPARE-PULL ONE-WAY: components — 3 rows
[2026-05-13T10:00:38.630Z] [SyncDiag] PREPARE-PULL ONE-WAY: jobs — 1 rows
[2026-05-13T10:00:38.631Z] [SyncDiag] PREPARE-PULL ONE-WAY: master_lists — 6 rows
[2026-05-13T10:00:38.631Z] [SyncDiag] PREPARE-PULL ONE-WAY: ship_certificates_master — 142 rows
[2026-05-13T10:00:38.632Z] [SyncDiag] PREPARE-PULL ONE-WAY: ship_surveys_master — 59 rows
[2026-05-13T10:00:38.632Z] [SyncDiag] PREPARE-PULL ONE-WAY: vessel_certificate_applicability — 6 rows
[2026-05-13T10:00:38.632Z] [SyncDiag] PREPARE-PULL ONE-WAY: vessel_survey_applicability — 3 rows
[2026-05-13T10:01:18.938Z] [SyncDiag] FIELD-LOGGER: vessel_survey_data row=652ad98f-7c09-470e-84f6-5fc61241989d — 9 fields changed, isInsert=true
[2026-05-13T10:01:24.995Z] [SyncDiag] FIELD-LOGGER: vessel_survey_data row=652ad98f-7c09-470e-84f6-5fc61241989d — 1 fields changed, isInsert=false
[2026-05-13T10:01:25.420Z] [SyncDiag] FIELD-LOGGER: vessel_survey_data row=652ad98f-7c09-470e-84f6-5fc61241989d — 1 fields changed, isInsert=false
[2026-05-13T10:01:43.462Z] [SyncDiag] FIELD-LOGGER: vessel_survey_data row=652ad98f-7c09-470e-84f6-5fc61241989d — 1 fields changed, isInsert=false
[2026-05-13T10:01:47.219Z] [SyncDiag] FIELD-LOGGER: vessel_survey_data row=652ad98f-7c09-470e-84f6-5fc61241989d — 1 fields changed, isInsert=false
[2026-05-13T10:01:52.668Z] [SyncDiag] FIELD-LOGGER: vessel_survey_data row=652ad98f-7c09-470e-84f6-5fc61241989d — 1 fields changed, isInsert=false
[2026-05-13T10:02:09.229Z] [SyncDiag] === SYNC START === vessel=7446783c-841a-11ed-aa7c-7003bca91a86, instance=SHORE-PROD, mode=LOCAL
[2026-05-13T10:02:09.247Z] [SyncDiag] PUSH START: gathering field logs for vessel=7446783c-841a-11ed-aa7c-7003bca91a86, vesselCode=null
[2026-05-13T10:02:09.370Z] [SyncDiag] PUSH: found 14 unsynced field logs
[2026-05-13T10:02:09.370Z] [SyncDiag] PUSH table breakdown: {"vessel_survey_data":14}
[2026-05-13T10:02:09.371Z] [SyncDiag] PUSH sample[0]: table=vessel_survey_data, field=vsduuid, row=652ad98f-7c09-470e-84f6-5fc61241989d, oldNull=true, newValue=652ad98f-7c09-470e-84f6-5fc61241989d
[2026-05-13T10:02:09.371Z] [SyncDiag] PUSH sample[1]: table=vessel_survey_data, field=vesselId, row=652ad98f-7c09-470e-84f6-5fc61241989d, oldNull=true, newValue=7446783c-841a-11ed-aa7c-7003bca91a86
[2026-05-13T10:02:09.372Z] [SyncDiag] PUSH sample[2]: table=vessel_survey_data, field=vesselName, row=652ad98f-7c09-470e-84f6-5fc61241989d, oldNull=true, newValue=Vessel 5
[2026-05-13T10:02:09.372Z] [SyncDiag] PUSH sample[3]: table=vessel_survey_data, field=masterId, row=652ad98f-7c09-470e-84f6-5fc61241989d, oldNull=true, newValue=A1-021
[2026-05-13T10:02:09.373Z] [SyncDiag] PUSH sample[4]: table=vessel_survey_data, field=surveyDate, row=652ad98f-7c09-470e-84f6-5fc61241989d, oldNull=true, newValue=14 Feb 2026
[2026-05-13T10:02:09.374Z] [SyncDiag] RECEIVE-PUSH START: batch=66ea9ff2-a3aa-440d-a3f7-8cb07efbbfef, vessel=7446783c-841a-11ed-aa7c-7003bca91a86, fieldLogs=14, oneWayRows=0
[2026-05-13T10:02:09.411Z] [SyncDiag] RECEIVE-PUSH: 14 field logs stored in sync_field_log
[2026-05-13T10:02:09.412Z] [SyncDiag] SYNC-APPLY TRIGGER BYPASS active for batch=66ea9ff2-a3aa-440d-a3f7-8cb07efbbfef
[2026-05-13T10:02:09.412Z] [SyncDiag] FIELD-LOG-INSERT START: 14 logs
[2026-05-13T10:02:09.413Z] [SyncDiag] FIELD-LOG-INSERT: 1 groups from 14 logs
[2026-05-13T10:02:09.413Z] [SyncDiag] FIELD-LOG-INSERT DONE: inserted=0, updatePassthrough=14, errors=0
[2026-05-13T10:02:09.414Z] [SyncDiag] INSERT-LOG ALLOWED: vessel_survey_data.vsduuid row=652ad98f-7c09-470e-84f6-5fc61241989d
[2026-05-13T10:02:09.415Z] [SyncDiag] INSERT-LOG ALLOWED: vessel_survey_data.vesselId row=652ad98f-7c09-470e-84f6-5fc61241989d
[2026-05-13T10:02:09.419Z] [SyncDiag] INSERT-LOG ALLOWED: vessel_survey_data.vesselName row=652ad98f-7c09-470e-84f6-5fc61241989d
[2026-05-13T10:02:09.421Z] [SyncDiag] INSERT-LOG ALLOWED: vessel_survey_data.masterId row=652ad98f-7c09-470e-84f6-5fc61241989d
[2026-05-13T10:02:09.422Z] [SyncDiag] INSERT-LOG ALLOWED: vessel_survey_data.surveyDate row=652ad98f-7c09-470e-84f6-5fc61241989d
[2026-05-13T10:02:09.423Z] [SyncDiag] INSERT-LOG ALLOWED: vessel_survey_data.lastEditUpload row=652ad98f-7c09-470e-84f6-5fc61241989d
[2026-05-13T10:02:09.424Z] [SyncDiag] INSERT-LOG ALLOWED: vessel_survey_data.attachments row=652ad98f-7c09-470e-84f6-5fc61241989d
[2026-05-13T10:02:09.425Z] [SyncDiag] INSERT-LOG ALLOWED: vessel_survey_data.isDeleted row=652ad98f-7c09-470e-84f6-5fc61241989d
[2026-05-13T10:02:09.426Z] [SyncDiag] INSERT-LOG ALLOWED: vessel_survey_data.sortOrder row=652ad98f-7c09-470e-84f6-5fc61241989d
[2026-05-13T10:02:09.427Z] [SyncDiag] INSERT-LOG ALLOWED: vessel_survey_data.dueDate row=652ad98f-7c09-470e-84f6-5fc61241989d
[2026-05-13T10:02:09.428Z] [SyncDiag] INSERT-LOG ALLOWED: vessel_survey_data.firstRangeDate row=652ad98f-7c09-470e-84f6-5fc61241989d
[2026-05-13T10:02:09.429Z] [SyncDiag] INSERT-LOG ALLOWED: vessel_survey_data.secondRangeDate row=652ad98f-7c09-470e-84f6-5fc61241989d
[2026-05-13T10:02:09.504Z] [SyncDiag] CONFLICT NOTIFICATION FAILED: null value in column "policy_id" of relation "alert_events" violates not-null constraint — conflict still logged
[2026-05-13T10:02:09.504Z] [SyncDiag] CONFLICT LOGGED: vessel_survey_data.attachments row=652ad98f-7c09-470e-84f6-5fc61241989d — incoming 2026-05-13T10:01:47.209Z rejected by receiver 2026-05-13T10:01:52.635Z
[2026-05-13T10:02:09.524Z] [SyncDiag] RECEIVE-PUSH DONE: stored=14, applied=13, errors=0, oneWayTables=0
[2026-05-13T10:02:09.527Z] [SyncDiag] PREPARE-PULL START: vessel=7446783c-841a-11ed-aa7c-7003bca91a86, vesselCode=null, checkpoint=2026-05-13T06:14:46.444Z
[2026-05-13T10:02:09.803Z] [SyncDiag] PREPARE-PULL FIELD LOGS: 0 shore logs for vessel=7446783c-841a-11ed-aa7c-7003bca91a86 (excluded instance=SHORE-PROD)
[2026-05-13T10:02:09.931Z] [SyncDiag] PREPARE-PULL DONE: 8 one-way rows across 2 tables, 0 field logs, 0 conflicts
[2026-05-13T10:02:09.932Z] [SyncDiag] PREPARE-PULL ONE-WAY: components — 2 rows
[2026-05-13T10:02:09.932Z] [SyncDiag] PREPARE-PULL ONE-WAY: master_lists — 6 rows
[2026-05-13T10:02:09.933Z] [SyncDiag] PULL RECEIVED: 2 one-way table batches, 0 field logs
[2026-05-13T10:02:09.933Z] [SyncDiag] PULL one-way tables: {"components":2,"master_lists":6}
[2026-05-13T10:02:09.934Z] [SyncDiag] ONE-WAY-APPLY START: components — 2 rows
[2026-05-13T10:02:09.984Z] [SyncDiag] ONE-WAY-APPLY DONE: components — inserted=0, updated=2, deleted=0, errors=0
[2026-05-13T10:02:09.984Z] [SyncDiag] PULL ONE-WAY: components — inserted=0, updated=2, deleted=0, errors=0
[2026-05-13T10:02:09.985Z] [SyncDiag] ONE-WAY-APPLY START: master_lists — 6 rows
[2026-05-13T10:02:10.003Z] [SyncDiag] ONE-WAY-APPLY DONE: master_lists — inserted=0, updated=6, deleted=0, errors=0
[2026-05-13T10:02:10.020Z] [SyncDiag] PULL ONE-WAY: master_lists — inserted=0, updated=6, deleted=0, errors=0
[2026-05-13T10:02:10.213Z] [SyncDiag] SYNC COMPLETE: checkpoint=2026-05-13T10:02:10.022Z
[2026-05-13T10:02:10.216Z] [SyncDiag] PUSH DONE: marked 14 field logs as synced locally
[2026-05-13T10:02:10.223Z] [SyncDiag] FILE-SYNC START: 0 pending files for vessel=7446783c-841a-11ed-aa7c-7003bca91a86, direction=shore_to_ship
[2026-05-13T10:02:10.223Z] [SyncDiag] FILE-SYNC DONE: processed=0, failed=0, bytes=0
[2026-05-13T10:02:10.224Z] [SyncDiag] === SYNC END === vessel=7446783c-841a-11ed-aa7c-7003bca91a86, duration=995ms, status=success, pushed=14, pulled=8, conflicts=0, files=0+0
[2026-05-13T10:02:43.408Z] [SyncDiag] RECEIVE-PUSH START: batch=1de2a512-bb45-466c-9269-7be96955c48a, vessel=7446783c-841a-11ed-aa7c-7003bca91a86, fieldLogs=0, oneWayRows=0
[2026-05-13T10:02:43.414Z] [SyncDiag] RECEIVE-PUSH DONE: stored=0, applied=0, errors=0, oneWayTables=0
[2026-05-13T10:02:45.449Z] [SyncDiag] PREPARE-PULL START: vessel=7446783c-841a-11ed-aa7c-7003bca91a86, vesselCode=null, checkpoint=2026-05-12T05:52:06.862Z
[2026-05-13T10:02:45.650Z] [SyncDiag] PREPARE-PULL FIELD LOGS: 0 shore logs for vessel=7446783c-841a-11ed-aa7c-7003bca91a86 (excluded instance=SHIP-Vessel 5)
[2026-05-13T10:02:45.759Z] [SyncDiag] PREPARE-PULL DONE: 220 one-way rows across 7 tables, 0 field logs, 0 conflicts
[2026-05-13T10:02:45.759Z] [SyncDiag] PREPARE-PULL ONE-WAY: components — 3 rows
[2026-05-13T10:02:45.760Z] [SyncDiag] PREPARE-PULL ONE-WAY: jobs — 1 rows
[2026-05-13T10:02:45.760Z] [SyncDiag] PREPARE-PULL ONE-WAY: master_lists — 6 rows
[2026-05-13T10:02:45.760Z] [SyncDiag] PREPARE-PULL ONE-WAY: ship_certificates_master — 142 rows
[2026-05-13T10:02:45.761Z] [SyncDiag] PREPARE-PULL ONE-WAY: ship_surveys_master — 59 rows
[2026-05-13T10:02:45.761Z] [SyncDiag] PREPARE-PULL ONE-WAY: vessel_certificate_applicability — 6 rows
[2026-05-13T10:02:45.762Z] [SyncDiag] PREPARE-PULL ONE-WAY: vessel_survey_applicability — 3 rows
[2026-05-13T10:04:05.649Z] [SyncDiag] FIELD-LOGGER: defect_sequences row=4 — 1 fields changed, isInsert=false
[2026-05-13T10:04:05.818Z] [SyncDiag] FIELD-LOGGER: defects row=c7ab1ad0-39bf-40bd-88b4-aff1483b8ca5 — 62 fields changed, isInsert=true
[2026-05-13T10:04:25.806Z] [SyncDiag] === SYNC START === vessel=7446783c-841a-11ed-aa7c-7003bca91a86, instance=SHORE-PROD, mode=LOCAL
[2026-05-13T10:04:25.829Z] [SyncDiag] PUSH START: gathering field logs for vessel=7446783c-841a-11ed-aa7c-7003bca91a86, vesselCode=null
[2026-05-13T10:04:25.948Z] [SyncDiag] PUSH: found 63 unsynced field logs
[2026-05-13T10:04:25.949Z] [SyncDiag] PUSH table breakdown: {"defect_sequences":1,"defects":62}
[2026-05-13T10:04:25.950Z] [SyncDiag] PUSH sample[0]: table=defect_sequences, field=lastSequence, row=4, oldNull=false, newValue=43
[2026-05-13T10:04:25.950Z] [SyncDiag] PUSH sample[1]: table=defects, field=id, row=c7ab1ad0-39bf-40bd-88b4-aff1483b8ca5, oldNull=true, newValue=D005-26-0043
[2026-05-13T10:04:25.951Z] [SyncDiag] PUSH sample[2]: table=defects, field=duuid, row=c7ab1ad0-39bf-40bd-88b4-aff1483b8ca5, oldNull=true, newValue=c7ab1ad0-39bf-40bd-88b4-aff1483b8ca5
[2026-05-13T10:04:25.951Z] [SyncDiag] PUSH sample[3]: table=defects, field=vesselId, row=c7ab1ad0-39bf-40bd-88b4-aff1483b8ca5, oldNull=true, newValue=7446783c-841a-11ed-aa7c-7003bca91a86
[2026-05-13T10:04:25.952Z] [SyncDiag] PUSH sample[4]: table=defects, field=vesselName, row=c7ab1ad0-39bf-40bd-88b4-aff1483b8ca5, oldNull=true, newValue=Vessel 5
[2026-05-13T10:04:25.953Z] [SyncDiag] RECEIVE-PUSH START: batch=3a9e931f-3180-46bd-9a85-2f729a9951dd, vessel=7446783c-841a-11ed-aa7c-7003bca91a86, fieldLogs=63, oneWayRows=0
[2026-05-13T10:04:26.013Z] [SyncDiag] RECEIVE-PUSH: 63 field logs stored in sync_field_log
[2026-05-13T10:04:26.015Z] [SyncDiag] SYNC-APPLY TRIGGER BYPASS active for batch=3a9e931f-3180-46bd-9a85-2f729a9951dd
[2026-05-13T10:04:26.016Z] [SyncDiag] FIELD-LOG-INSERT START: 63 logs
[2026-05-13T10:04:26.016Z] [SyncDiag] FIELD-LOG-INSERT: 2 groups from 63 logs
[2026-05-13T10:04:26.035Z] [SyncDiag] FIELD-LOG-INSERT DONE: inserted=0, updatePassthrough=63, errors=0
[2026-05-13T10:04:26.042Z] [SyncDiag] INSERT-LOG ALLOWED: defects.id row=c7ab1ad0-39bf-40bd-88b4-aff1483b8ca5
[2026-05-13T10:04:26.045Z] [SyncDiag] INSERT-LOG ALLOWED: defects.duuid row=c7ab1ad0-39bf-40bd-88b4-aff1483b8ca5
[2026-05-13T10:04:26.055Z] [SyncDiag] INSERT-LOG ALLOWED: defects.vesselId row=c7ab1ad0-39bf-40bd-88b4-aff1483b8ca5
[2026-05-13T10:04:26.057Z] [SyncDiag] INSERT-LOG ALLOWED: defects.vesselName row=c7ab1ad0-39bf-40bd-88b4-aff1483b8ca5
[2026-05-13T10:04:26.059Z] [SyncDiag] INSERT-LOG ALLOWED: defects.issueDate row=c7ab1ad0-39bf-40bd-88b4-aff1483b8ca5
[2026-05-13T10:04:26.062Z] [SyncDiag] INSERT-LOG ALLOWED: defects.category row=c7ab1ad0-39bf-40bd-88b4-aff1483b8ca5
[2026-05-13T10:04:26.064Z] [SyncDiag] INSERT-LOG ALLOWED: defects.defectType row=c7ab1ad0-39bf-40bd-88b4-aff1483b8ca5
[2026-05-13T10:04:26.066Z] [SyncDiag] INSERT-LOG ALLOWED: defects.description row=c7ab1ad0-39bf-40bd-88b4-aff1483b8ca5
[2026-05-13T10:04:26.068Z] [SyncDiag] INSERT-LOG ALLOWED: defects.targetCloseDate row=c7ab1ad0-39bf-40bd-88b4-aff1483b8ca5
[2026-05-13T10:04:26.070Z] [SyncDiag] INSERT-LOG ALLOWED: defects.dateCompleted row=c7ab1ad0-39bf-40bd-88b4-aff1483b8ca5
[2026-05-13T10:04:26.072Z] [SyncDiag] INSERT-LOG ALLOWED: defects.status row=c7ab1ad0-39bf-40bd-88b4-aff1483b8ca5
[2026-05-13T10:04:26.074Z] [SyncDiag] INSERT-LOG ALLOWED: defects.priority row=c7ab1ad0-39bf-40bd-88b4-aff1483b8ca5
[2026-05-13T10:04:26.075Z] [SyncDiag] INSERT-LOG ALLOWED: defects.critical row=c7ab1ad0-39bf-40bd-88b4-aff1483b8ca5
[2026-05-13T10:04:26.078Z] [SyncDiag] INSERT-LOG ALLOWED: defects.is_coc row=c7ab1ad0-39bf-40bd-88b4-aff1483b8ca5
[2026-05-13T10:04:26.080Z] [SyncDiag] INSERT-LOG ALLOWED: defects.severity row=c7ab1ad0-39bf-40bd-88b4-aff1483b8ca5
[2026-05-13T10:04:26.082Z] [SyncDiag] INSERT-LOG ALLOWED: defects.source row=c7ab1ad0-39bf-40bd-88b4-aff1483b8ca5
[2026-05-13T10:04:26.084Z] [SyncDiag] INSERT-LOG ALLOWED: defects.equipmentCategory row=c7ab1ad0-39bf-40bd-88b4-aff1483b8ca5
[2026-05-13T10:04:26.087Z] [SyncDiag] INSERT-LOG ALLOWED: defects.equipmentMake row=c7ab1ad0-39bf-40bd-88b4-aff1483b8ca5
[2026-05-13T10:04:26.088Z] [SyncDiag] INSERT-LOG ALLOWED: defects.equipmentModel row=c7ab1ad0-39bf-40bd-88b4-aff1483b8ca5
[2026-05-13T10:04:26.090Z] [SyncDiag] INSERT-LOG ALLOWED: defects.componentId row=c7ab1ad0-39bf-40bd-88b4-aff1483b8ca5
[2026-05-13T10:04:26.092Z] [SyncDiag] INSERT-LOG ALLOWED: defects.defectCategory row=c7ab1ad0-39bf-40bd-88b4-aff1483b8ca5
[2026-05-13T10:04:26.094Z] [SyncDiag] INSERT-LOG ALLOWED: defects.viqVersion row=c7ab1ad0-39bf-40bd-88b4-aff1483b8ca5
[2026-05-13T10:04:26.096Z] [SyncDiag] INSERT-LOG ALLOWED: defects.viqRef row=c7ab1ad0-39bf-40bd-88b4-aff1483b8ca5
[2026-05-13T10:04:26.098Z] [SyncDiag] INSERT-LOG ALLOWED: defects.componentHardwareId row=c7ab1ad0-39bf-40bd-88b4-aff1483b8ca5
[2026-05-13T10:04:26.100Z] [SyncDiag] INSERT-LOG ALLOWED: defects.componentHardwareLevel1 row=c7ab1ad0-39bf-40bd-88b4-aff1483b8ca5
[2026-05-13T10:04:26.102Z] [SyncDiag] INSERT-LOG ALLOWED: defects.componentHardwareLevel2 row=c7ab1ad0-39bf-40bd-88b4-aff1483b8ca5
[2026-05-13T10:04:26.104Z] [SyncDiag] INSERT-LOG ALLOWED: defects.componentHardwareLevel3 row=c7ab1ad0-39bf-40bd-88b4-aff1483b8ca5
[2026-05-13T10:04:26.105Z] [SyncDiag] INSERT-LOG ALLOWED: defects.immediateCause row=c7ab1ad0-39bf-40bd-88b4-aff1483b8ca5
[2026-05-13T10:04:26.108Z] [SyncDiag] INSERT-LOG ALLOWED: defects.immediateCauseExplanation row=c7ab1ad0-39bf-40bd-88b4-aff1483b8ca5
[2026-05-13T10:04:26.110Z] [SyncDiag] INSERT-LOG ALLOWED: defects.rootCause row=c7ab1ad0-39bf-40bd-88b4-aff1483b8ca5
[2026-05-13T10:04:26.112Z] [SyncDiag] INSERT-LOG ALLOWED: defects.rootCauseExplanation row=c7ab1ad0-39bf-40bd-88b4-aff1483b8ca5
[2026-05-13T10:04:26.114Z] [SyncDiag] INSERT-LOG ALLOWED: defects.riskLevel row=c7ab1ad0-39bf-40bd-88b4-aff1483b8ca5
[2026-05-13T10:04:26.116Z] [SyncDiag] INSERT-LOG ALLOWED: defects.raisedById row=c7ab1ad0-39bf-40bd-88b4-aff1483b8ca5
[2026-05-13T10:04:26.118Z] [SyncDiag] INSERT-LOG ALLOWED: defects.raisedByName row=c7ab1ad0-39bf-40bd-88b4-aff1483b8ca5
[2026-05-13T10:04:26.120Z] [SyncDiag] INSERT-LOG ALLOWED: defects.raisedByRank row=c7ab1ad0-39bf-40bd-88b4-aff1483b8ca5
[2026-05-13T10:04:26.121Z] [SyncDiag] INSERT-LOG ALLOWED: defects.isDeferred row=c7ab1ad0-39bf-40bd-88b4-aff1483b8ca5
[2026-05-13T10:04:26.123Z] [SyncDiag] INSERT-LOG ALLOWED: defects.deferApprovalRequired row=c7ab1ad0-39bf-40bd-88b4-aff1483b8ca5
[2026-05-13T10:04:26.125Z] [SyncDiag] INSERT-LOG ALLOWED: defects.reportToThirdParty row=c7ab1ad0-39bf-40bd-88b4-aff1483b8ca5
[2026-05-13T10:04:26.127Z] [SyncDiag] INSERT-LOG ALLOWED: defects.classReport row=c7ab1ad0-39bf-40bd-88b4-aff1483b8ca5
[2026-05-13T10:04:26.129Z] [SyncDiag] INSERT-LOG ALLOWED: defects.flagReport row=c7ab1ad0-39bf-40bd-88b4-aff1483b8ca5
[2026-05-13T10:04:26.131Z] [SyncDiag] INSERT-LOG ALLOWED: defects.portReport row=c7ab1ad0-39bf-40bd-88b4-aff1483b8ca5
[2026-05-13T10:04:26.134Z] [SyncDiag] INSERT-LOG ALLOWED: defects.dateReportedToOffice row=c7ab1ad0-39bf-40bd-88b4-aff1483b8ca5
[2026-05-13T10:04:26.136Z] [SyncDiag] INSERT-LOG ALLOWED: defects.dateRegisteredInSystem row=c7ab1ad0-39bf-40bd-88b4-aff1483b8ca5
[2026-05-13T10:04:26.137Z] [SyncDiag] INSERT-LOG ALLOWED: defects.vesselLocationType row=c7ab1ad0-39bf-40bd-88b4-aff1483b8ca5
[2026-05-13T10:04:26.140Z] [SyncDiag] INSERT-LOG ALLOWED: defects.latitude row=c7ab1ad0-39bf-40bd-88b4-aff1483b8ca5
[2026-05-13T10:04:26.142Z] [SyncDiag] INSERT-LOG ALLOWED: defects.longitude row=c7ab1ad0-39bf-40bd-88b4-aff1483b8ca5
[2026-05-13T10:04:26.144Z] [SyncDiag] INSERT-LOG ALLOWED: defects.reportedBy row=c7ab1ad0-39bf-40bd-88b4-aff1483b8ca5
[2026-05-13T10:04:26.146Z] [SyncDiag] INSERT-LOG ALLOWED: defects.confirmCompleted row=c7ab1ad0-39bf-40bd-88b4-aff1483b8ca5
[2026-05-13T10:04:26.148Z] [SyncDiag] INSERT-LOG ALLOWED: defects.closedByName row=c7ab1ad0-39bf-40bd-88b4-aff1483b8ca5
[2026-05-13T10:04:26.150Z] [SyncDiag] INSERT-LOG ALLOWED: defects.closedByRank row=c7ab1ad0-39bf-40bd-88b4-aff1483b8ca5
[2026-05-13T10:04:26.152Z] [SyncDiag] INSERT-LOG ALLOWED: defects.verified row=c7ab1ad0-39bf-40bd-88b4-aff1483b8ca5
[2026-05-13T10:04:26.154Z] [SyncDiag] INSERT-LOG ALLOWED: defects.dateVerified row=c7ab1ad0-39bf-40bd-88b4-aff1483b8ca5
[2026-05-13T10:04:26.157Z] [SyncDiag] INSERT-LOG ALLOWED: defects.verifiedByName row=c7ab1ad0-39bf-40bd-88b4-aff1483b8ca5
[2026-05-13T10:04:26.159Z] [SyncDiag] INSERT-LOG ALLOWED: defects.verifiedByOfficePosition row=c7ab1ad0-39bf-40bd-88b4-aff1483b8ca5
[2026-05-13T10:04:26.161Z] [SyncDiag] INSERT-LOG ALLOWED: defects.notes row=c7ab1ad0-39bf-40bd-88b4-aff1483b8ca5
[2026-05-13T10:04:26.163Z] [SyncDiag] INSERT-LOG ALLOWED: defects.actions row=c7ab1ad0-39bf-40bd-88b4-aff1483b8ca5
[2026-05-13T10:04:26.166Z] [SyncDiag] INSERT-LOG ALLOWED: defects.targetDateExtensions row=c7ab1ad0-39bf-40bd-88b4-aff1483b8ca5
[2026-05-13T10:04:26.168Z] [SyncDiag] INSERT-LOG ALLOWED: defects.partAAttachments row=c7ab1ad0-39bf-40bd-88b4-aff1483b8ca5
[2026-05-13T10:04:26.170Z] [SyncDiag] INSERT-LOG ALLOWED: defects.attachments row=c7ab1ad0-39bf-40bd-88b4-aff1483b8ca5
[2026-05-13T10:04:26.173Z] [SyncDiag] INSERT-LOG ALLOWED: defects.auditTrail row=c7ab1ad0-39bf-40bd-88b4-aff1483b8ca5
[2026-05-13T10:04:26.175Z] [SyncDiag] INSERT-LOG ALLOWED: defects.isDeleted row=c7ab1ad0-39bf-40bd-88b4-aff1483b8ca5
[2026-05-13T10:04:26.177Z] [SyncDiag] INSERT-LOG ALLOWED: defects.sortOrder row=c7ab1ad0-39bf-40bd-88b4-aff1483b8ca5
[2026-05-13T10:04:26.183Z] [SyncDiag] RECEIVE-PUSH DONE: stored=63, applied=63, errors=0, oneWayTables=0
[2026-05-13T10:04:26.188Z] [SyncDiag] PREPARE-PULL START: vessel=7446783c-841a-11ed-aa7c-7003bca91a86, vesselCode=null, checkpoint=2026-05-13T10:02:10.022Z
[2026-05-13T10:04:26.431Z] [SyncDiag] PREPARE-PULL FIELD LOGS: 0 shore logs for vessel=7446783c-841a-11ed-aa7c-7003bca91a86 (excluded instance=SHORE-PROD)
[2026-05-13T10:04:26.554Z] [SyncDiag] PREPARE-PULL DONE: 0 one-way rows across 0 tables, 0 field logs, 0 conflicts
[2026-05-13T10:04:26.554Z] [SyncDiag] PULL RECEIVED: 0 one-way table batches, 0 field logs
[2026-05-13T10:04:26.772Z] [SyncDiag] SYNC COMPLETE: checkpoint=2026-05-13T10:04:26.556Z
[2026-05-13T10:04:26.780Z] [SyncDiag] PUSH DONE: marked 63 field logs as synced locally
[2026-05-13T10:04:26.787Z] [SyncDiag] FILE-SYNC START: 0 pending files for vessel=7446783c-841a-11ed-aa7c-7003bca91a86, direction=shore_to_ship
[2026-05-13T10:04:26.787Z] [SyncDiag] FILE-SYNC DONE: processed=0, failed=0, bytes=0
[2026-05-13T10:04:26.788Z] [SyncDiag] === SYNC END === vessel=7446783c-841a-11ed-aa7c-7003bca91a86, duration=982ms, status=success, pushed=63, pulled=0, conflicts=0, files=0+0
[2026-05-13T10:04:43.360Z] [SyncDiag] RECEIVE-PUSH START: batch=2aa494b1-9dc6-4764-81d6-b4cf5850b359, vessel=7446783c-841a-11ed-aa7c-7003bca91a86, fieldLogs=0, oneWayRows=0
[2026-05-13T10:04:43.366Z] [SyncDiag] RECEIVE-PUSH DONE: stored=0, applied=0, errors=0, oneWayTables=0
[2026-05-13T10:04:45.425Z] [SyncDiag] PREPARE-PULL START: vessel=7446783c-841a-11ed-aa7c-7003bca91a86, vesselCode=null, checkpoint=2026-05-12T05:52:06.862Z
[2026-05-13T10:04:45.630Z] [SyncDiag] PREPARE-PULL FIELD LOGS: 0 shore logs for vessel=7446783c-841a-11ed-aa7c-7003bca91a86 (excluded instance=SHIP-Vessel 5)
[2026-05-13T10:04:45.739Z] [SyncDiag] PREPARE-PULL DONE: 220 one-way rows across 7 tables, 0 field logs, 0 conflicts
[2026-05-13T10:04:45.739Z] [SyncDiag] PREPARE-PULL ONE-WAY: components — 3 rows
[2026-05-13T10:04:45.739Z] [SyncDiag] PREPARE-PULL ONE-WAY: jobs — 1 rows
[2026-05-13T10:04:45.740Z] [SyncDiag] PREPARE-PULL ONE-WAY: master_lists — 6 rows
[2026-05-13T10:04:45.740Z] [SyncDiag] PREPARE-PULL ONE-WAY: ship_certificates_master — 142 rows
[2026-05-13T10:04:45.741Z] [SyncDiag] PREPARE-PULL ONE-WAY: ship_surveys_master — 59 rows
[2026-05-13T10:04:45.741Z] [SyncDiag] PREPARE-PULL ONE-WAY: vessel_certificate_applicability — 6 rows
[2026-05-13T10:04:45.741Z] [SyncDiag] PREPARE-PULL ONE-WAY: vessel_survey_applicability — 3 rows
[2026-05-13T10:06:39.176Z] [SyncDiag] === SYNC START === vessel=7446783c-841a-11ed-aa7c-7003bca91a86, instance=SHORE-PROD, mode=LOCAL
[2026-05-13T10:06:39.207Z] [SyncDiag] PUSH START: gathering field logs for vessel=7446783c-841a-11ed-aa7c-7003bca91a86, vesselCode=null
[2026-05-13T10:06:39.364Z] [SyncDiag] PUSH: found 0 unsynced field logs
[2026-05-13T10:06:39.365Z] [SyncDiag] RECEIVE-PUSH START: batch=86e847f2-9558-4476-ac2e-fc97484da50e, vessel=7446783c-841a-11ed-aa7c-7003bca91a86, fieldLogs=0, oneWayRows=0
[2026-05-13T10:06:39.374Z] [SyncDiag] RECEIVE-PUSH DONE: stored=0, applied=0, errors=0, oneWayTables=0
[2026-05-13T10:06:39.376Z] [SyncDiag] PREPARE-PULL START: vessel=7446783c-841a-11ed-aa7c-7003bca91a86, vesselCode=null, checkpoint=2026-05-13T10:04:26.556Z
[2026-05-13T10:06:39.659Z] [SyncDiag] PREPARE-PULL FIELD LOGS: 0 shore logs for vessel=7446783c-841a-11ed-aa7c-7003bca91a86 (excluded instance=SHORE-PROD)
[2026-05-13T10:06:39.809Z] [SyncDiag] PREPARE-PULL DONE: 171 one-way rows across 4 tables, 0 field logs, 0 conflicts
[2026-05-13T10:06:39.809Z] [SyncDiag] PREPARE-PULL ONE-WAY: ship_certificates_master — 143 rows
[2026-05-13T10:06:39.810Z] [SyncDiag] PREPARE-PULL ONE-WAY: ship_surveys_master — 26 rows
[2026-05-13T10:06:39.810Z] [SyncDiag] PREPARE-PULL ONE-WAY: vessel_certificate_applicability — 1 rows
[2026-05-13T10:06:39.811Z] [SyncDiag] PREPARE-PULL ONE-WAY: vessel_survey_applicability — 1 rows
[2026-05-13T10:06:39.811Z] [SyncDiag] PULL RECEIVED: 4 one-way table batches, 0 field logs
[2026-05-13T10:06:39.812Z] [SyncDiag] PULL one-way tables: {"ship_certificates_master":143,"ship_surveys_master":26,"vessel_certificate_applicability":1,"vessel_survey_applicability":1}
[2026-05-13T10:06:39.812Z] [SyncDiag] ONE-WAY-APPLY START: ship_certificates_master — 143 rows
[2026-05-13T10:06:40.096Z] [SyncDiag] ONE-WAY-APPLY DONE: ship_certificates_master — inserted=0, updated=143, deleted=0, errors=0
[2026-05-13T10:06:40.102Z] [SyncDiag] PULL ONE-WAY: ship_certificates_master — inserted=0, updated=143, deleted=0, errors=0
[2026-05-13T10:06:40.103Z] [SyncDiag] ONE-WAY-APPLY START: ship_surveys_master — 26 rows
[2026-05-13T10:06:40.155Z] [SyncDiag] ONE-WAY-APPLY DONE: ship_surveys_master — inserted=0, updated=26, deleted=0, errors=0
[2026-05-13T10:06:40.157Z] [SyncDiag] PULL ONE-WAY: ship_surveys_master — inserted=0, updated=26, deleted=0, errors=0
[2026-05-13T10:06:40.158Z] [SyncDiag] ONE-WAY-APPLY START: vessel_certificate_applicability — 1 rows
[2026-05-13T10:06:40.173Z] [SyncDiag] ONE-WAY-APPLY ROW ERROR: vessel_certificate_applicability row[0]: duplicate key value violates unique constraint "uniq_vessel_certificate_applicability_live"
[2026-05-13T10:06:40.173Z] [SyncDiag] ONE-WAY-APPLY DONE: vessel_certificate_applicability — inserted=0, updated=0, deleted=0, errors=1
[2026-05-13T10:06:40.375Z] [SyncDiag] PULL ONE-WAY: vessel_certificate_applicability — inserted=0, updated=0, deleted=0, errors=1
[2026-05-13T10:06:40.376Z] [SyncDiag] PULL ONE-WAY ERROR: vessel_certificate_applicability[0]: duplicate key value violates unique constraint "uniq_vessel_certificate_applicability_live"
[2026-05-13T10:06:40.376Z] [SyncDiag] ONE-WAY-APPLY START: vessel_survey_applicability — 1 rows
[2026-05-13T10:06:40.644Z] [SyncDiag] ONE-WAY-APPLY DONE: vessel_survey_applicability — inserted=0, updated=1, deleted=0, errors=0
[2026-05-13T10:06:40.658Z] [SyncDiag] PULL ONE-WAY: vessel_survey_applicability — inserted=0, updated=1, deleted=0, errors=0
[2026-05-13T10:06:41.335Z] [SyncDiag] SYNC COMPLETE: checkpoint=2026-05-13T10:06:40.665Z
[2026-05-13T10:06:41.340Z] [SyncDiag] FILE-SYNC START: 0 pending files for vessel=7446783c-841a-11ed-aa7c-7003bca91a86, direction=shore_to_ship
[2026-05-13T10:06:41.341Z] [SyncDiag] FILE-SYNC DONE: processed=0, failed=0, bytes=0
[2026-05-13T10:06:41.343Z] [SyncDiag] === SYNC END === vessel=7446783c-841a-11ed-aa7c-7003bca91a86, duration=2167ms, status=success, pushed=0, pulled=170, conflicts=0, files=0+0
[2026-05-13T10:06:59.840Z] [SyncDiag] RECEIVE-PUSH START: batch=2f3ba48f-70e4-4100-a380-3c53a728b09a, vessel=7446783c-841a-11ed-aa7c-7003bca91a86, fieldLogs=0, oneWayRows=0
[2026-05-13T10:06:59.872Z] [SyncDiag] RECEIVE-PUSH DONE: stored=0, applied=0, errors=0, oneWayTables=0
[2026-05-13T10:07:02.465Z] [SyncDiag] PREPARE-PULL START: vessel=7446783c-841a-11ed-aa7c-7003bca91a86, vesselCode=null, checkpoint=2026-05-12T05:52:06.862Z
[2026-05-13T10:07:03.890Z] [SyncDiag] PREPARE-PULL FIELD LOGS: 0 shore logs for vessel=7446783c-841a-11ed-aa7c-7003bca91a86 (excluded instance=SHIP-Vessel 5)
[2026-05-13T10:07:04.001Z] [SyncDiag] PREPARE-PULL DONE: 224 one-way rows across 7 tables, 0 field logs, 0 conflicts
[2026-05-13T10:07:04.002Z] [SyncDiag] PREPARE-PULL ONE-WAY: components — 3 rows
[2026-05-13T10:07:04.003Z] [SyncDiag] PREPARE-PULL ONE-WAY: jobs — 1 rows
[2026-05-13T10:07:04.003Z] [SyncDiag] PREPARE-PULL ONE-WAY: master_lists — 6 rows
[2026-05-13T10:07:04.003Z] [SyncDiag] PREPARE-PULL ONE-WAY: ship_certificates_master — 143 rows
[2026-05-13T10:07:04.004Z] [SyncDiag] PREPARE-PULL ONE-WAY: ship_surveys_master — 60 rows
[2026-05-13T10:07:04.004Z] [SyncDiag] PREPARE-PULL ONE-WAY: vessel_certificate_applicability — 7 rows
[2026-05-13T10:07:04.005Z] [SyncDiag] PREPARE-PULL ONE-WAY: vessel_survey_applicability — 4 rows
[2026-05-13T10:09:59.293Z] [SyncDiag] RECEIVE-PUSH START: batch=a061763a-c005-47c7-80bf-4dc55926f481, vessel=7446783c-841a-11ed-aa7c-7003bca91a86, fieldLogs=62, oneWayRows=0
[2026-05-13T10:09:59.364Z] [SyncDiag] RECEIVE-PUSH: 62 field logs stored in sync_field_log
[2026-05-13T10:09:59.366Z] [SyncDiag] SYNC-APPLY TRIGGER BYPASS active for batch=a061763a-c005-47c7-80bf-4dc55926f481
[2026-05-13T10:09:59.366Z] [SyncDiag] FIELD-LOG-INSERT START: 62 logs
[2026-05-13T10:09:59.367Z] [SyncDiag] FIELD-LOG-INSERT: 2 groups from 62 logs
[2026-05-13T10:09:59.401Z] [SyncDiag] FIELD-LOG-INSERT CONFLICT (23505): defects row=3b869cdf-75d7-43fc-9316-691d39e5fa11 constraint=defects_pkey — attempting fallback UPDATE
[2026-05-13T10:09:59.466Z] [SyncDiag] FIELD-LOG-INSERT DONE: inserted=1, updatePassthrough=1, errors=0
[2026-05-13T10:09:59.478Z] [SyncDiag] RECEIVE-PUSH DONE: stored=62, applied=2, errors=0, oneWayTables=0
[2026-05-13T10:10:01.502Z] [SyncDiag] PREPARE-PULL START: vessel=7446783c-841a-11ed-aa7c-7003bca91a86, vesselCode=null, checkpoint=2026-05-12T05:52:06.862Z
[2026-05-13T10:10:01.783Z] [SyncDiag] PREPARE-PULL FIELD LOGS: 0 shore logs for vessel=7446783c-841a-11ed-aa7c-7003bca91a86 (excluded instance=SHIP-Vessel 5)
[2026-05-13T10:10:01.895Z] [SyncDiag] PREPARE-PULL DONE: 224 one-way rows across 7 tables, 0 field logs, 0 conflicts
[2026-05-13T10:10:01.895Z] [SyncDiag] PREPARE-PULL ONE-WAY: components — 3 rows
[2026-05-13T10:10:01.896Z] [SyncDiag] PREPARE-PULL ONE-WAY: jobs — 1 rows
[2026-05-13T10:10:01.896Z] [SyncDiag] PREPARE-PULL ONE-WAY: master_lists — 6 rows
[2026-05-13T10:10:01.897Z] [SyncDiag] PREPARE-PULL ONE-WAY: ship_certificates_master — 143 rows
[2026-05-13T10:10:01.897Z] [SyncDiag] PREPARE-PULL ONE-WAY: ship_surveys_master — 60 rows
[2026-05-13T10:10:01.897Z] [SyncDiag] PREPARE-PULL ONE-WAY: vessel_certificate_applicability — 7 rows
[2026-05-13T10:10:01.898Z] [SyncDiag] PREPARE-PULL ONE-WAY: vessel_survey_applicability — 4 rows
[2026-05-13T10:13:59.205Z] [SyncDiag] FIELD-LOGGER: vessel_survey_data row=43f3e793-200f-4f9a-bd24-afefabc71a9e — 9 fields changed, isInsert=true
[2026-05-13T10:14:04.929Z] [SyncDiag] FIELD-LOGGER: vessel_survey_data row=43f3e793-200f-4f9a-bd24-afefabc71a9e — 1 fields changed, isInsert=false
[2026-05-13T10:14:12.650Z] [SyncDiag] FIELD-LOGGER: vessel_survey_data row=43f3e793-200f-4f9a-bd24-afefabc71a9e — 1 fields changed, isInsert=false
[2026-05-13T10:14:17.344Z] [SyncDiag] FIELD-LOGGER: vessel_survey_data row=43f3e793-200f-4f9a-bd24-afefabc71a9e — 1 fields changed, isInsert=false
[2026-05-13T10:14:24.890Z] [SyncDiag] FIELD-LOGGER: vessel_survey_data row=43f3e793-200f-4f9a-bd24-afefabc71a9e — 1 fields changed, isInsert=false
[2026-05-13T10:14:31.107Z] [SyncDiag] FIELD-LOGGER: vessel_survey_data row=43f3e793-200f-4f9a-bd24-afefabc71a9e — 1 fields changed, isInsert=false
[2026-05-13T10:16:01.789Z] [SyncDiag] RECEIVE-PUSH START: batch=e76b1286-b28d-4fc6-8719-75364571e998, vessel=7446783c-841a-11ed-aa7c-7003bca91a86, fieldLogs=29, oneWayRows=0
[2026-05-13T10:16:01.918Z] [SyncDiag] RECEIVE-PUSH: 29 field logs stored in sync_field_log
[2026-05-13T10:16:01.919Z] [SyncDiag] SYNC-APPLY TRIGGER BYPASS active for batch=e76b1286-b28d-4fc6-8719-75364571e998
[2026-05-13T10:16:01.920Z] [SyncDiag] FIELD-LOG-INSERT START: 29 logs
[2026-05-13T10:16:01.920Z] [SyncDiag] FIELD-LOG-INSERT: 2 groups from 29 logs
[2026-05-13T10:16:01.921Z] [SyncDiag] FIELD-LOG-INSERT DONE: inserted=0, updatePassthrough=29, errors=0
[2026-05-13T10:16:01.921Z] [SyncDiag] INSERT-LOG ALLOWED: vessel_certificate_data.isDeleted row=f97e39b3-738c-4836-b272-d1690768af03
[2026-05-13T10:16:01.932Z] [SyncDiag] INSERT-LOG ALLOWED: vessel_certificate_data.vesselName row=f97e39b3-738c-4836-b272-d1690768af03
[2026-05-13T10:16:01.933Z] [SyncDiag] INSERT-LOG ALLOWED: vessel_certificate_data.masterId row=f97e39b3-738c-4836-b272-d1690768af03
[2026-05-13T10:16:01.934Z] [SyncDiag] INSERT-LOG ALLOWED: vessel_certificate_data.issueDate row=f97e39b3-738c-4836-b272-d1690768af03
[2026-05-13T10:16:01.935Z] [SyncDiag] INSERT-LOG ALLOWED: vessel_certificate_data.lastEditUpload row=f97e39b3-738c-4836-b272-d1690768af03
[2026-05-13T10:16:01.935Z] [SyncDiag] INSERT-LOG ALLOWED: vessel_certificate_data.attachments row=f97e39b3-738c-4836-b272-d1690768af03
[2026-05-13T10:16:01.936Z] [SyncDiag] INSERT-LOG ALLOWED: vessel_certificate_data.sortOrder row=f97e39b3-738c-4836-b272-d1690768af03
[2026-05-13T10:16:01.937Z] [SyncDiag] INSERT-LOG ALLOWED: vessel_certificate_data.vcduuid row=f97e39b3-738c-4836-b272-d1690768af03
[2026-05-13T10:16:01.938Z] [SyncDiag] INSERT-LOG ALLOWED: vessel_certificate_data.vesselId row=f97e39b3-738c-4836-b272-d1690768af03
[2026-05-13T10:16:01.941Z] [SyncDiag] INSERT-LOG ALLOWED: vessel_certificate_data.expiryDate row=f97e39b3-738c-4836-b272-d1690768af03
[2026-05-13T10:16:01.942Z] [SyncDiag] INSERT-LOG ALLOWED: vessel_certificate_data.lastAnnual row=f97e39b3-738c-4836-b272-d1690768af03
[2026-05-13T10:16:01.943Z] [SyncDiag] INSERT-LOG ALLOWED: vessel_certificate_data.lastInterm row=f97e39b3-738c-4836-b272-d1690768af03
[2026-05-13T10:16:01.962Z] [SyncDiag] INSERT-LOG ALLOWED: vessel_survey_data.surveyDate row=58770cb7-0bff-40ed-87eb-19ba458f60b8
[2026-05-13T10:16:01.967Z] [SyncDiag] INSERT-LOG ALLOWED: vessel_survey_data.attachments row=58770cb7-0bff-40ed-87eb-19ba458f60b8
[2026-05-13T10:16:01.968Z] [SyncDiag] INSERT-LOG ALLOWED: vessel_survey_data.isDeleted row=58770cb7-0bff-40ed-87eb-19ba458f60b8
[2026-05-13T10:16:01.969Z] [SyncDiag] INSERT-LOG ALLOWED: vessel_survey_data.sortOrder row=58770cb7-0bff-40ed-87eb-19ba458f60b8
[2026-05-13T10:16:01.970Z] [SyncDiag] INSERT-LOG ALLOWED: vessel_survey_data.vsduuid row=58770cb7-0bff-40ed-87eb-19ba458f60b8
[2026-05-13T10:16:01.971Z] [SyncDiag] INSERT-LOG ALLOWED: vessel_survey_data.vesselId row=58770cb7-0bff-40ed-87eb-19ba458f60b8
[2026-05-13T10:16:01.971Z] [SyncDiag] INSERT-LOG ALLOWED: vessel_survey_data.vesselName row=58770cb7-0bff-40ed-87eb-19ba458f60b8
[2026-05-13T10:16:01.972Z] [SyncDiag] INSERT-LOG ALLOWED: vessel_survey_data.masterId row=58770cb7-0bff-40ed-87eb-19ba458f60b8
[2026-05-13T10:16:01.973Z] [SyncDiag] INSERT-LOG ALLOWED: vessel_survey_data.lastEditUpload row=58770cb7-0bff-40ed-87eb-19ba458f60b8
[2026-05-13T10:16:01.974Z] [SyncDiag] INSERT-LOG ALLOWED: vessel_survey_data.dueDate row=58770cb7-0bff-40ed-87eb-19ba458f60b8
[2026-05-13T10:16:01.974Z] [SyncDiag] INSERT-LOG ALLOWED: vessel_survey_data.firstRangeDate row=58770cb7-0bff-40ed-87eb-19ba458f60b8
[2026-05-13T10:16:01.975Z] [SyncDiag] INSERT-LOG ALLOWED: vessel_survey_data.secondRangeDate row=58770cb7-0bff-40ed-87eb-19ba458f60b8
[2026-05-13T10:16:01.988Z] [SyncDiag] RECEIVE-PUSH DONE: stored=29, applied=29, errors=0, oneWayTables=0
[2026-05-13T10:16:02.010Z] [SyncDiag] PREPARE-PULL START: vessel=7446783c-841a-11ed-aa7c-7003bca91a86, vesselCode=null, checkpoint=2026-05-12T05:52:06.862Z
[2026-05-13T10:16:02.297Z] [SyncDiag] PREPARE-PULL FIELD LOGS: 0 shore logs for vessel=7446783c-841a-11ed-aa7c-7003bca91a86 (excluded instance=SHIP-Vessel 5)
[2026-05-13T10:16:03.115Z] [SyncDiag] PREPARE-PULL DONE: 224 one-way rows across 7 tables, 0 field logs, 0 conflicts
[2026-05-13T10:16:03.115Z] [SyncDiag] PREPARE-PULL ONE-WAY: components — 3 rows
[2026-05-13T10:16:03.115Z] [SyncDiag] PREPARE-PULL ONE-WAY: jobs — 1 rows
[2026-05-13T10:16:03.117Z] [SyncDiag] PREPARE-PULL ONE-WAY: master_lists — 6 rows
[2026-05-13T10:16:03.117Z] [SyncDiag] PREPARE-PULL ONE-WAY: ship_certificates_master — 143 rows
[2026-05-13T10:16:03.118Z] [SyncDiag] PREPARE-PULL ONE-WAY: ship_surveys_master — 60 rows
[2026-05-13T10:16:03.118Z] [SyncDiag] PREPARE-PULL ONE-WAY: vessel_certificate_applicability — 7 rows
[2026-05-13T10:16:03.118Z] [SyncDiag] PREPARE-PULL ONE-WAY: vessel_survey_applicability — 4 rows
[2026-05-13T10:16:58.226Z] [SyncDiag] === SYNC START === vessel=7446783c-841a-11ed-aa7c-7003bca91a86, instance=SHORE-PROD, mode=LOCAL
[2026-05-13T10:16:58.240Z] [SyncDiag] PUSH START: gathering field logs for vessel=7446783c-841a-11ed-aa7c-7003bca91a86, vesselCode=null
[2026-05-13T10:16:58.359Z] [SyncDiag] PUSH: found 0 unsynced field logs
[2026-05-13T10:16:58.359Z] [SyncDiag] RECEIVE-PUSH START: batch=89aa0d0e-3c2d-4b63-94c8-74b7a38b8cd6, vessel=7446783c-841a-11ed-aa7c-7003bca91a86, fieldLogs=0, oneWayRows=0
[2026-05-13T10:16:58.368Z] [SyncDiag] RECEIVE-PUSH DONE: stored=0, applied=0, errors=0, oneWayTables=0
[2026-05-13T10:16:58.371Z] [SyncDiag] PREPARE-PULL START: vessel=7446783c-841a-11ed-aa7c-7003bca91a86, vesselCode=null, checkpoint=2026-05-13T10:06:40.665Z
[2026-05-13T10:16:58.642Z] [SyncDiag] PREPARE-PULL FIELD LOGS: 0 shore logs for vessel=7446783c-841a-11ed-aa7c-7003bca91a86 (excluded instance=SHORE-PROD)
[2026-05-13T10:16:58.762Z] [SyncDiag] PREPARE-PULL DONE: 0 one-way rows across 0 tables, 0 field logs, 0 conflicts
[2026-05-13T10:16:58.762Z] [SyncDiag] PULL RECEIVED: 0 one-way table batches, 0 field logs
[2026-05-13T10:16:58.948Z] [SyncDiag] SYNC COMPLETE: checkpoint=2026-05-13T10:16:58.764Z
[2026-05-13T10:16:58.954Z] [SyncDiag] FILE-SYNC START: 0 pending files for vessel=7446783c-841a-11ed-aa7c-7003bca91a86, direction=shore_to_ship
[2026-05-13T10:16:58.955Z] [SyncDiag] FILE-SYNC DONE: processed=0, failed=0, bytes=0
[2026-05-13T10:16:58.955Z] [SyncDiag] === SYNC END === vessel=7446783c-841a-11ed-aa7c-7003bca91a86, duration=729ms, status=success, pushed=0, pulled=0, conflicts=0, files=0+0
[2026-05-13T10:20:19.289Z] [SyncDiag] RECEIVE-PUSH START: batch=66e18b1a-04fb-44de-bdd2-31151fc1aca6, vessel=7446783c-841a-11ed-aa7c-7003bca91a86, fieldLogs=0, oneWayRows=0
[2026-05-13T10:20:19.296Z] [SyncDiag] RECEIVE-PUSH DONE: stored=0, applied=0, errors=0, oneWayTables=0
[2026-05-13T10:20:21.319Z] [SyncDiag] PREPARE-PULL START: vessel=7446783c-841a-11ed-aa7c-7003bca91a86, vesselCode=null, checkpoint=2026-05-12T05:52:06.862Z
[2026-05-13T10:20:21.639Z] [SyncDiag] PREPARE-PULL FIELD LOGS: 0 shore logs for vessel=7446783c-841a-11ed-aa7c-7003bca91a86 (excluded instance=SHIP-Vessel 5)
[2026-05-13T10:20:22.746Z] [SyncDiag] PREPARE-PULL DONE: 224 one-way rows across 7 tables, 0 field logs, 0 conflicts
[2026-05-13T10:20:22.746Z] [SyncDiag] PREPARE-PULL ONE-WAY: components — 3 rows
[2026-05-13T10:20:22.747Z] [SyncDiag] PREPARE-PULL ONE-WAY: jobs — 1 rows
[2026-05-13T10:20:22.747Z] [SyncDiag] PREPARE-PULL ONE-WAY: master_lists — 6 rows
[2026-05-13T10:20:22.748Z] [SyncDiag] PREPARE-PULL ONE-WAY: ship_certificates_master — 143 rows
[2026-05-13T10:20:22.749Z] [SyncDiag] PREPARE-PULL ONE-WAY: ship_surveys_master — 60 rows
[2026-05-13T10:20:22.749Z] [SyncDiag] PREPARE-PULL ONE-WAY: vessel_certificate_applicability — 7 rows
[2026-05-13T10:20:22.750Z] [SyncDiag] PREPARE-PULL ONE-WAY: vessel_survey_applicability — 4 rows
[2026-05-13T10:20:51.546Z] [SyncDiag] === SYNC START === vessel=7446783c-841a-11ed-aa7c-7003bca91a86, instance=SHORE-PROD, mode=LOCAL
[2026-05-13T10:20:51.562Z] [SyncDiag] PUSH START: gathering field logs for vessel=7446783c-841a-11ed-aa7c-7003bca91a86, vesselCode=null
[2026-05-13T10:20:51.680Z] [SyncDiag] PUSH: found 0 unsynced field logs
[2026-05-13T10:20:51.681Z] [SyncDiag] RECEIVE-PUSH START: batch=c1e2d42c-038a-4df5-aa85-c9a0eab60b25, vessel=7446783c-841a-11ed-aa7c-7003bca91a86, fieldLogs=0, oneWayRows=0
[2026-05-13T10:20:51.690Z] [SyncDiag] RECEIVE-PUSH DONE: stored=0, applied=0, errors=0, oneWayTables=0
[2026-05-13T10:20:51.692Z] [SyncDiag] PREPARE-PULL START: vessel=7446783c-841a-11ed-aa7c-7003bca91a86, vesselCode=null, checkpoint=2026-05-13T10:16:58.764Z
[2026-05-13T10:20:51.872Z] [SyncDiag] PREPARE-PULL FIELD LOGS: 0 shore logs for vessel=7446783c-841a-11ed-aa7c-7003bca91a86 (excluded instance=SHORE-PROD)
[2026-05-13T10:20:51.988Z] [SyncDiag] PREPARE-PULL DONE: 0 one-way rows across 0 tables, 0 field logs, 0 conflicts
[2026-05-13T10:20:51.989Z] [SyncDiag] PULL RECEIVED: 0 one-way table batches, 0 field logs
[2026-05-13T10:20:52.164Z] [SyncDiag] SYNC COMPLETE: checkpoint=2026-05-13T10:20:51.991Z
[2026-05-13T10:20:52.170Z] [SyncDiag] FILE-SYNC START: 0 pending files for vessel=7446783c-841a-11ed-aa7c-7003bca91a86, direction=shore_to_ship
[2026-05-13T10:20:52.170Z] [SyncDiag] FILE-SYNC DONE: processed=0, failed=0, bytes=0
[2026-05-13T10:20:52.171Z] [SyncDiag] === SYNC END === vessel=7446783c-841a-11ed-aa7c-7003bca91a86, duration=625ms, status=success, pushed=0, pulled=0, conflicts=0, files=0+0
[2026-05-13T10:24:16.336Z] [SyncDiag] === SYNC START === vessel=7446783c-841a-11ed-aa7c-7003bca91a86, instance=SHORE-PROD, mode=LOCAL
[2026-05-13T10:24:16.368Z] [SyncDiag] PUSH START: gathering field logs for vessel=7446783c-841a-11ed-aa7c-7003bca91a86, vesselCode=null
[2026-05-13T10:24:16.657Z] [SyncDiag] PUSH: found 0 unsynced field logs
[2026-05-13T10:24:16.658Z] [SyncDiag] RECEIVE-PUSH START: batch=ef0e27b8-7417-4495-8d97-5c3ebde8eed7, vessel=7446783c-841a-11ed-aa7c-7003bca91a86, fieldLogs=0, oneWayRows=0
[2026-05-13T10:24:16.667Z] [SyncDiag] RECEIVE-PUSH DONE: stored=0, applied=0, errors=0, oneWayTables=0
[2026-05-13T10:24:16.670Z] [SyncDiag] PREPARE-PULL START: vessel=7446783c-841a-11ed-aa7c-7003bca91a86, vesselCode=null, checkpoint=2026-05-13T10:20:51.991Z
[2026-05-13T10:24:16.937Z] [SyncDiag] PREPARE-PULL FIELD LOGS: 0 shore logs for vessel=7446783c-841a-11ed-aa7c-7003bca91a86 (excluded instance=SHORE-PROD)
[2026-05-13T10:24:17.056Z] [SyncDiag] PREPARE-PULL DONE: 173 one-way rows across 4 tables, 0 field logs, 0 conflicts
[2026-05-13T10:24:17.056Z] [SyncDiag] PREPARE-PULL ONE-WAY: ship_certificates_master — 144 rows
[2026-05-13T10:24:17.057Z] [SyncDiag] PREPARE-PULL ONE-WAY: ship_surveys_master — 27 rows
[2026-05-13T10:24:17.057Z] [SyncDiag] PREPARE-PULL ONE-WAY: vessel_certificate_applicability — 1 rows
[2026-05-13T10:24:17.058Z] [SyncDiag] PREPARE-PULL ONE-WAY: vessel_survey_applicability — 1 rows
[2026-05-13T10:24:17.058Z] [SyncDiag] PULL RECEIVED: 4 one-way table batches, 0 field logs
[2026-05-13T10:24:17.059Z] [SyncDiag] PULL one-way tables: {"ship_certificates_master":144,"ship_surveys_master":27,"vessel_certificate_applicability":1,"vessel_survey_applicability":1}
[2026-05-13T10:24:17.059Z] [SyncDiag] ONE-WAY-APPLY START: ship_certificates_master — 144 rows
[2026-05-13T10:24:17.316Z] [SyncDiag] ONE-WAY-APPLY DONE: ship_certificates_master — inserted=0, updated=144, deleted=0, errors=0
[2026-05-13T10:24:17.324Z] [SyncDiag] PULL ONE-WAY: ship_certificates_master — inserted=0, updated=144, deleted=0, errors=0
[2026-05-13T10:24:17.324Z] [SyncDiag] ONE-WAY-APPLY START: ship_surveys_master — 27 rows
[2026-05-13T10:24:17.370Z] [SyncDiag] ONE-WAY-APPLY DONE: ship_surveys_master — inserted=0, updated=27, deleted=0, errors=0
[2026-05-13T10:24:17.372Z] [SyncDiag] PULL ONE-WAY: ship_surveys_master — inserted=0, updated=27, deleted=0, errors=0
[2026-05-13T10:24:17.372Z] [SyncDiag] ONE-WAY-APPLY START: vessel_certificate_applicability — 1 rows
[2026-05-13T10:24:17.391Z] [SyncDiag] ONE-WAY-APPLY ROW ERROR: vessel_certificate_applicability row[0]: duplicate key value violates unique constraint "uniq_vessel_certificate_applicability_live"
[2026-05-13T10:24:17.392Z] [SyncDiag] ONE-WAY-APPLY DONE: vessel_certificate_applicability — inserted=0, updated=0, deleted=0, errors=1
[2026-05-13T10:24:17.444Z] [SyncDiag] PULL ONE-WAY: vessel_certificate_applicability — inserted=0, updated=0, deleted=0, errors=1
[2026-05-13T10:24:17.445Z] [SyncDiag] PULL ONE-WAY ERROR: vessel_certificate_applicability[0]: duplicate key value violates unique constraint "uniq_vessel_certificate_applicability_live"
[2026-05-13T10:24:17.446Z] [SyncDiag] ONE-WAY-APPLY START: vessel_survey_applicability — 1 rows
[2026-05-13T10:24:17.454Z] [SyncDiag] ONE-WAY-APPLY DONE: vessel_survey_applicability — inserted=0, updated=1, deleted=0, errors=0
[2026-05-13T10:24:17.458Z] [SyncDiag] PULL ONE-WAY: vessel_survey_applicability — inserted=0, updated=1, deleted=0, errors=0
[2026-05-13T10:24:17.654Z] [SyncDiag] SYNC COMPLETE: checkpoint=2026-05-13T10:24:17.463Z
[2026-05-13T10:24:17.661Z] [SyncDiag] FILE-SYNC START: 0 pending files for vessel=7446783c-841a-11ed-aa7c-7003bca91a86, direction=shore_to_ship
[2026-05-13T10:24:17.661Z] [SyncDiag] FILE-SYNC DONE: processed=0, failed=0, bytes=0
[2026-05-13T10:24:17.664Z] [SyncDiag] === SYNC END === vessel=7446783c-841a-11ed-aa7c-7003bca91a86, duration=1329ms, status=success, pushed=0, pulled=172, conflicts=0, files=0+0
[2026-05-13T10:24:52.335Z] [SyncDiag] RECEIVE-PUSH START: batch=74a813bf-1cfe-470c-a314-17528459605c, vessel=7446783c-841a-11ed-aa7c-7003bca91a86, fieldLogs=0, oneWayRows=0
[2026-05-13T10:24:52.342Z] [SyncDiag] RECEIVE-PUSH DONE: stored=0, applied=0, errors=0, oneWayTables=0
[2026-05-13T10:24:54.385Z] [SyncDiag] PREPARE-PULL START: vessel=7446783c-841a-11ed-aa7c-7003bca91a86, vesselCode=null, checkpoint=2026-05-12T05:52:06.862Z
[2026-05-13T10:24:54.588Z] [SyncDiag] PREPARE-PULL FIELD LOGS: 0 shore logs for vessel=7446783c-841a-11ed-aa7c-7003bca91a86 (excluded instance=SHIP-Vessel 5)
[2026-05-13T10:24:54.698Z] [SyncDiag] PREPARE-PULL DONE: 228 one-way rows across 7 tables, 0 field logs, 0 conflicts
[2026-05-13T10:24:54.698Z] [SyncDiag] PREPARE-PULL ONE-WAY: components — 3 rows
[2026-05-13T10:24:54.699Z] [SyncDiag] PREPARE-PULL ONE-WAY: jobs — 1 rows
[2026-05-13T10:24:54.699Z] [SyncDiag] PREPARE-PULL ONE-WAY: master_lists — 6 rows
[2026-05-13T10:24:54.699Z] [SyncDiag] PREPARE-PULL ONE-WAY: ship_certificates_master — 144 rows
[2026-05-13T10:24:54.700Z] [SyncDiag] PREPARE-PULL ONE-WAY: ship_surveys_master — 61 rows
[2026-05-13T10:24:54.700Z] [SyncDiag] PREPARE-PULL ONE-WAY: vessel_certificate_applicability — 8 rows
[2026-05-13T10:24:54.701Z] [SyncDiag] PREPARE-PULL ONE-WAY: vessel_survey_applicability — 5 rows
[2026-05-13T10:31:40.443Z] [SyncDiag] === SYNC START === vessel=7446783c-841a-11ed-aa7c-7003bca91a86, instance=SHORE-PROD, mode=LOCAL
[2026-05-13T10:31:40.464Z] [SyncDiag] PUSH START: gathering field logs for vessel=7446783c-841a-11ed-aa7c-7003bca91a86, vesselCode=null
[2026-05-13T10:31:41.479Z] [SyncDiag] PUSH: found 0 unsynced field logs
[2026-05-13T10:31:41.480Z] [SyncDiag] RECEIVE-PUSH START: batch=f16df368-3e29-4fd1-a2db-1ce82783d7d4, vessel=7446783c-841a-11ed-aa7c-7003bca91a86, fieldLogs=0, oneWayRows=0
[2026-05-13T10:31:41.484Z] [SyncDiag] RECEIVE-PUSH DONE: stored=0, applied=0, errors=0, oneWayTables=0
[2026-05-13T10:31:41.486Z] [SyncDiag] PREPARE-PULL START: vessel=7446783c-841a-11ed-aa7c-7003bca91a86, vesselCode=null, checkpoint=2026-05-13T10:24:17.463Z
[2026-05-13T10:31:44.476Z] [SyncDiag] PREPARE-PULL FIELD LOGS: 0 shore logs for vessel=7446783c-841a-11ed-aa7c-7003bca91a86 (excluded instance=SHORE-PROD)
[2026-05-13T10:31:44.605Z] [SyncDiag] PREPARE-PULL DONE: 213 one-way rows across 4 tables, 0 field logs, 0 conflicts
[2026-05-13T10:31:44.606Z] [SyncDiag] PREPARE-PULL ONE-WAY: ship_certificates_master — 146 rows
[2026-05-13T10:31:44.606Z] [SyncDiag] PREPARE-PULL ONE-WAY: ship_surveys_master — 63 rows
[2026-05-13T10:31:44.606Z] [SyncDiag] PREPARE-PULL ONE-WAY: vessel_certificate_applicability — 2 rows
[2026-05-13T10:31:44.607Z] [SyncDiag] PREPARE-PULL ONE-WAY: vessel_survey_applicability — 2 rows
[2026-05-13T10:31:44.608Z] [SyncDiag] PULL RECEIVED: 4 one-way table batches, 0 field logs
[2026-05-13T10:31:44.608Z] [SyncDiag] PULL one-way tables: {"ship_certificates_master":146,"ship_surveys_master":63,"vessel_certificate_applicability":2,"vessel_survey_applicability":2}
[2026-05-13T10:31:44.609Z] [SyncDiag] ONE-WAY-APPLY START: ship_certificates_master — 146 rows
[2026-05-13T10:31:44.886Z] [SyncDiag] ONE-WAY-APPLY DONE: ship_certificates_master — inserted=0, updated=146, deleted=0, errors=0
[2026-05-13T10:31:44.917Z] [SyncDiag] PULL ONE-WAY: ship_certificates_master — inserted=0, updated=146, deleted=0, errors=0
[2026-05-13T10:31:44.918Z] [SyncDiag] ONE-WAY-APPLY START: ship_surveys_master — 63 rows
[2026-05-13T10:31:45.032Z] [SyncDiag] ONE-WAY-APPLY DONE: ship_surveys_master — inserted=0, updated=63, deleted=0, errors=0
[2026-05-13T10:31:45.034Z] [SyncDiag] PULL ONE-WAY: ship_surveys_master — inserted=0, updated=63, deleted=0, errors=0
[2026-05-13T10:31:45.035Z] [SyncDiag] ONE-WAY-APPLY START: vessel_certificate_applicability — 2 rows
[2026-05-13T10:31:45.048Z] [SyncDiag] ONE-WAY-APPLY DONE: vessel_certificate_applicability — inserted=0, updated=2, deleted=0, errors=0
[2026-05-13T10:31:45.051Z] [SyncDiag] PULL ONE-WAY: vessel_certificate_applicability — inserted=0, updated=2, deleted=0, errors=0
[2026-05-13T10:31:45.051Z] [SyncDiag] ONE-WAY-APPLY START: vessel_survey_applicability — 2 rows
[2026-05-13T10:31:45.055Z] [SyncDiag] ONE-WAY-APPLY DONE: vessel_survey_applicability — inserted=0, updated=2, deleted=0, errors=0
[2026-05-13T10:31:45.057Z] [SyncDiag] PULL ONE-WAY: vessel_survey_applicability — inserted=0, updated=2, deleted=0, errors=0
[2026-05-13T10:31:45.308Z] [SyncDiag] SYNC COMPLETE: checkpoint=2026-05-13T10:31:45.060Z
[2026-05-13T10:31:45.325Z] [SyncDiag] FILE-SYNC START: 0 pending files for vessel=7446783c-841a-11ed-aa7c-7003bca91a86, direction=shore_to_ship
[2026-05-13T10:31:45.325Z] [SyncDiag] FILE-SYNC DONE: processed=0, failed=0, bytes=0
[2026-05-13T10:31:45.326Z] [SyncDiag] === SYNC END === vessel=7446783c-841a-11ed-aa7c-7003bca91a86, duration=4883ms, status=success, pushed=0, pulled=213, conflicts=0, files=0+0
[2026-05-13T10:32:39.252Z] [SyncDiag] RECEIVE-PUSH START: batch=b90daed7-944c-469e-a199-b9ffcba29ab5, vessel=7446783c-841a-11ed-aa7c-7003bca91a86, fieldLogs=0, oneWayRows=0
[2026-05-13T10:32:39.260Z] [SyncDiag] RECEIVE-PUSH DONE: stored=0, applied=0, errors=0, oneWayTables=0
[2026-05-13T10:32:39.270Z] [SyncDiag] PREPARE-PULL START: vessel=7446783c-841a-11ed-aa7c-7003bca91a86, vesselCode=null, checkpoint=2026-05-12T05:52:06.862Z
[2026-05-13T10:32:39.540Z] [SyncDiag] PREPARE-PULL FIELD LOGS: 0 shore logs for vessel=7446783c-841a-11ed-aa7c-7003bca91a86 (excluded instance=SHIP-Vessel 5)
[2026-05-13T10:32:39.650Z] [SyncDiag] PREPARE-PULL DONE: 236 one-way rows across 7 tables, 0 field logs, 0 conflicts
[2026-05-13T10:32:39.650Z] [SyncDiag] PREPARE-PULL ONE-WAY: components — 3 rows
[2026-05-13T10:32:39.651Z] [SyncDiag] PREPARE-PULL ONE-WAY: jobs — 1 rows
[2026-05-13T10:32:39.652Z] [SyncDiag] PREPARE-PULL ONE-WAY: master_lists — 6 rows
[2026-05-13T10:32:39.652Z] [SyncDiag] PREPARE-PULL ONE-WAY: ship_certificates_master — 146 rows
[2026-05-13T10:32:39.652Z] [SyncDiag] PREPARE-PULL ONE-WAY: ship_surveys_master — 63 rows
[2026-05-13T10:32:39.653Z] [SyncDiag] PREPARE-PULL ONE-WAY: vessel_certificate_applicability — 10 rows
[2026-05-13T10:32:39.653Z] [SyncDiag] PREPARE-PULL ONE-WAY: vessel_survey_applicability — 7 rows
[2026-05-13T10:47:56.066Z] [SyncDiag] RECEIVE-PUSH START: batch=2d9848de-6d8f-4a29-833f-c046646e68fc, vessel=7446783c-841a-11ed-aa7c-7003bca91a86, fieldLogs=19, oneWayRows=0
[2026-05-13T10:47:56.122Z] [SyncDiag] RECEIVE-PUSH: 19 field logs stored in sync_field_log
[2026-05-13T10:47:56.123Z] [SyncDiag] SYNC-APPLY TRIGGER BYPASS active for batch=2d9848de-6d8f-4a29-833f-c046646e68fc
[2026-05-13T10:47:56.124Z] [SyncDiag] FIELD-LOG-INSERT START: 19 logs
[2026-05-13T10:47:56.125Z] [SyncDiag] FIELD-LOG-INSERT: 1 groups from 19 logs
[2026-05-13T10:47:56.198Z] [SyncDiag] FIELD-LOG-INSERT OK: running_hours_audit row=e0309fa4-a0af-4f01-a237-8455bfb73127 (21 columns)
[2026-05-13T10:47:56.201Z] [SyncDiag] RH-APPLY INSERT: component=6fb5245a-45f7-4137-bbf3-081ffb014601 current_cumulative_rh updated from 150.00 to 180.00, rh_master_updated_at=2026-05-13T10:47:48.691Z from audit row e0309fa4-a0af-4f01-a237-8455bfb73127
[2026-05-13T10:47:56.201Z] [SyncDiag] FIELD-LOG-INSERT DONE: inserted=1, updatePassthrough=0, errors=0
[2026-05-13T10:47:56.206Z] [SyncDiag] RECEIVE-PUSH DONE: stored=19, applied=1, errors=0, oneWayTables=0
[2026-05-13T10:47:58.241Z] [SyncDiag] PREPARE-PULL START: vessel=7446783c-841a-11ed-aa7c-7003bca91a86, vesselCode=null, checkpoint=2026-05-12T05:52:06.862Z
[2026-05-13T10:47:58.586Z] [SyncDiag] PREPARE-PULL FIELD LOGS: 0 shore logs for vessel=7446783c-841a-11ed-aa7c-7003bca91a86 (excluded instance=SHIP-Vessel 5)
[2026-05-13T10:48:00.129Z] [SyncDiag] PREPARE-PULL DONE: 236 one-way rows across 7 tables, 0 field logs, 0 conflicts
[2026-05-13T10:48:00.130Z] [SyncDiag] PREPARE-PULL ONE-WAY: components — 3 rows
[2026-05-13T10:48:00.130Z] [SyncDiag] PREPARE-PULL ONE-WAY: jobs — 1 rows
[2026-05-13T10:48:00.131Z] [SyncDiag] PREPARE-PULL ONE-WAY: master_lists — 6 rows
[2026-05-13T10:48:00.131Z] [SyncDiag] PREPARE-PULL ONE-WAY: ship_certificates_master — 146 rows
[2026-05-13T10:48:00.132Z] [SyncDiag] PREPARE-PULL ONE-WAY: ship_surveys_master — 63 rows
[2026-05-13T10:48:00.132Z] [SyncDiag] PREPARE-PULL ONE-WAY: vessel_certificate_applicability — 10 rows
[2026-05-13T10:48:00.133Z] [SyncDiag] PREPARE-PULL ONE-WAY: vessel_survey_applicability — 7 rows
[2026-05-13T10:48:59.458Z] [SyncDiag] RECEIVE-PUSH START: batch=aeedb889-9c48-430c-b1d6-5e57e3300c70, vessel=7446783c-841a-11ed-aa7c-7003bca91a86, fieldLogs=0, oneWayRows=0
[2026-05-13T10:48:59.466Z] [SyncDiag] RECEIVE-PUSH DONE: stored=0, applied=0, errors=0, oneWayTables=0
[2026-05-13T10:49:01.525Z] [SyncDiag] PREPARE-PULL START: vessel=7446783c-841a-11ed-aa7c-7003bca91a86, vesselCode=null, checkpoint=2026-05-12T05:52:06.862Z
[2026-05-13T10:49:01.768Z] [SyncDiag] PREPARE-PULL FIELD LOGS: 0 shore logs for vessel=7446783c-841a-11ed-aa7c-7003bca91a86 (excluded instance=SHIP-Vessel 5)
[2026-05-13T10:49:01.892Z] [SyncDiag] PREPARE-PULL DONE: 236 one-way rows across 7 tables, 0 field logs, 0 conflicts
[2026-05-13T10:49:01.892Z] [SyncDiag] PREPARE-PULL ONE-WAY: components — 3 rows
[2026-05-13T10:49:01.893Z] [SyncDiag] PREPARE-PULL ONE-WAY: jobs — 1 rows
[2026-05-13T10:49:01.893Z] [SyncDiag] PREPARE-PULL ONE-WAY: master_lists — 6 rows
[2026-05-13T10:49:01.893Z] [SyncDiag] PREPARE-PULL ONE-WAY: ship_certificates_master — 146 rows
[2026-05-13T10:49:01.894Z] [SyncDiag] PREPARE-PULL ONE-WAY: ship_surveys_master — 63 rows
[2026-05-13T10:49:01.894Z] [SyncDiag] PREPARE-PULL ONE-WAY: vessel_certificate_applicability — 10 rows
[2026-05-13T10:49:01.895Z] [SyncDiag] PREPARE-PULL ONE-WAY: vessel_survey_applicability — 7 rows
[2026-05-13T10:50:09.596Z] [SyncDiag] RECEIVE-PUSH START: batch=614cb993-07d3-45b6-8807-ea252c22aac6, vessel=7446783c-841a-11ed-aa7c-7003bca91a86, fieldLogs=19, oneWayRows=0
[2026-05-13T10:50:09.637Z] [SyncDiag] RECEIVE-PUSH: 19 field logs stored in sync_field_log
[2026-05-13T10:50:09.639Z] [SyncDiag] SYNC-APPLY TRIGGER BYPASS active for batch=614cb993-07d3-45b6-8807-ea252c22aac6
[2026-05-13T10:50:09.639Z] [SyncDiag] FIELD-LOG-INSERT START: 19 logs
[2026-05-13T10:50:09.640Z] [SyncDiag] FIELD-LOG-INSERT: 1 groups from 19 logs
[2026-05-13T10:50:09.656Z] [SyncDiag] FIELD-LOG-INSERT OK: running_hours_audit row=fbe68c40-6088-414b-958c-0cf1573d4487 (21 columns)
[2026-05-13T10:50:09.659Z] [SyncDiag] RH-APPLY INSERT: component=1cd918c9-b0e5-490f-b343-a70e990dc4da current_cumulative_rh updated from 111.00 to 222.00, rh_master_updated_at=2026-05-13T10:50:02.695Z from audit row fbe68c40-6088-414b-958c-0cf1573d4487
[2026-05-13T10:50:09.659Z] [SyncDiag] FIELD-LOG-INSERT DONE: inserted=1, updatePassthrough=0, errors=0
[2026-05-13T10:50:09.663Z] [SyncDiag] RECEIVE-PUSH DONE: stored=19, applied=1, errors=0, oneWayTables=0
[2026-05-13T10:50:11.691Z] [SyncDiag] PREPARE-PULL START: vessel=7446783c-841a-11ed-aa7c-7003bca91a86, vesselCode=null, checkpoint=2026-05-12T05:52:06.862Z
[2026-05-13T10:50:11.896Z] [SyncDiag] PREPARE-PULL FIELD LOGS: 0 shore logs for vessel=7446783c-841a-11ed-aa7c-7003bca91a86 (excluded instance=SHIP-Vessel 5)
[2026-05-13T10:50:12.007Z] [SyncDiag] PREPARE-PULL DONE: 236 one-way rows across 7 tables, 0 field logs, 0 conflicts
[2026-05-13T10:50:12.007Z] [SyncDiag] PREPARE-PULL ONE-WAY: components — 3 rows
[2026-05-13T10:50:12.008Z] [SyncDiag] PREPARE-PULL ONE-WAY: jobs — 1 rows
[2026-05-13T10:50:12.008Z] [SyncDiag] PREPARE-PULL ONE-WAY: master_lists — 6 rows
[2026-05-13T10:50:12.008Z] [SyncDiag] PREPARE-PULL ONE-WAY: ship_certificates_master — 146 rows
[2026-05-13T10:50:12.009Z] [SyncDiag] PREPARE-PULL ONE-WAY: ship_surveys_master — 63 rows
[2026-05-13T10:50:12.009Z] [SyncDiag] PREPARE-PULL ONE-WAY: vessel_certificate_applicability — 10 rows
[2026-05-13T10:50:12.010Z] [SyncDiag] PREPARE-PULL ONE-WAY: vessel_survey_applicability — 7 rows
[2026-05-13T11:06:04.817Z] [SyncDiag] RECEIVE-PUSH START: batch=83cc9d55-8ce3-4cde-ad76-cf15dfc6fc55, vessel=7446783c-841a-11ed-aa7c-7003bca91a86, fieldLogs=125, oneWayRows=0
[2026-05-13T11:06:04.968Z] [SyncDiag] RECEIVE-PUSH: 125 field logs stored in sync_field_log
[2026-05-13T11:06:04.970Z] [SyncDiag] SYNC-APPLY TRIGGER BYPASS active for batch=83cc9d55-8ce3-4cde-ad76-cf15dfc6fc55
[2026-05-13T11:06:04.970Z] [SyncDiag] FIELD-LOG-INSERT START: 125 logs
[2026-05-13T11:06:04.972Z] [SyncDiag] FIELD-LOG-INSERT: 3 groups from 125 logs
[2026-05-13T11:06:05.015Z] [SyncDiag] FIELD-LOG-INSERT FAIL: defects row=caf0769c-7bc6-4075-a44a-204d8000242d — insert or update on table "defects" violates foreign key constraint "defects_component_id_components_cuuid_fk"
[2026-05-13T11:06:05.027Z] [SyncDiag] FIELD-LOG-INSERT OK: defects row=0903ee0e-5d4b-4aed-942d-74717bd4c8dc (64 columns)
[2026-05-13T11:06:05.027Z] [SyncDiag] FIELD-LOG-INSERT DONE: inserted=1, updatePassthrough=2, errors=1
[2026-05-13T11:06:05.106Z] [SyncDiag] RECEIVE-PUSH DONE: stored=125, applied=3, errors=1, oneWayTables=0
[2026-05-13T11:06:07.137Z] [SyncDiag] PREPARE-PULL START: vessel=7446783c-841a-11ed-aa7c-7003bca91a86, vesselCode=null, checkpoint=2026-05-12T05:52:06.862Z
[2026-05-13T11:06:07.439Z] [SyncDiag] PREPARE-PULL FIELD LOGS: 0 shore logs for vessel=7446783c-841a-11ed-aa7c-7003bca91a86 (excluded instance=SHIP-Vessel 5)
[2026-05-13T11:06:08.322Z] [SyncDiag] PREPARE-PULL DONE: 236 one-way rows across 7 tables, 0 field logs, 0 conflicts
[2026-05-13T11:06:08.323Z] [SyncDiag] PREPARE-PULL ONE-WAY: components — 3 rows
[2026-05-13T11:06:08.323Z] [SyncDiag] PREPARE-PULL ONE-WAY: jobs — 1 rows
[2026-05-13T11:06:08.323Z] [SyncDiag] PREPARE-PULL ONE-WAY: master_lists — 6 rows
[2026-05-13T11:06:08.324Z] [SyncDiag] PREPARE-PULL ONE-WAY: ship_certificates_master — 146 rows
[2026-05-13T11:06:08.324Z] [SyncDiag] PREPARE-PULL ONE-WAY: ship_surveys_master — 63 rows
[2026-05-13T11:06:08.325Z] [SyncDiag] PREPARE-PULL ONE-WAY: vessel_certificate_applicability — 10 rows
[2026-05-13T11:06:08.325Z] [SyncDiag] PREPARE-PULL ONE-WAY: vessel_survey_applicability — 7 rows
[2026-05-13T11:06:36.951Z] [SyncDiag] === SYNC START === vessel=7446783c-841a-11ed-aa7c-7003bca91a86, instance=SHORE-PROD, mode=LOCAL
[2026-05-13T11:06:36.966Z] [SyncDiag] PUSH START: gathering field logs for vessel=7446783c-841a-11ed-aa7c-7003bca91a86, vesselCode=null
[2026-05-13T11:06:37.082Z] [SyncDiag] PUSH: found 0 unsynced field logs
[2026-05-13T11:06:37.084Z] [SyncDiag] RECEIVE-PUSH START: batch=578e45c2-3fb3-462d-a128-a70091176c5d, vessel=7446783c-841a-11ed-aa7c-7003bca91a86, fieldLogs=0, oneWayRows=0
[2026-05-13T11:06:37.092Z] [SyncDiag] RECEIVE-PUSH DONE: stored=0, applied=0, errors=0, oneWayTables=0
[2026-05-13T11:06:37.096Z] [SyncDiag] PREPARE-PULL START: vessel=7446783c-841a-11ed-aa7c-7003bca91a86, vesselCode=null, checkpoint=2026-05-13T10:31:45.060Z
[2026-05-13T11:06:37.263Z] [SyncDiag] PREPARE-PULL FIELD LOGS: 0 shore logs for vessel=7446783c-841a-11ed-aa7c-7003bca91a86 (excluded instance=SHORE-PROD)
[2026-05-13T11:06:37.381Z] [SyncDiag] PREPARE-PULL DONE: 11 one-way rows across 4 tables, 0 field logs, 0 conflicts
[2026-05-13T11:06:37.381Z] [SyncDiag] PREPARE-PULL ONE-WAY: components — 2 rows
[2026-05-13T11:06:37.382Z] [SyncDiag] PREPARE-PULL ONE-WAY: master_lists — 6 rows
[2026-05-13T11:06:37.382Z] [SyncDiag] PREPARE-PULL ONE-WAY: vessel_certificate_applicability — 1 rows
[2026-05-13T11:06:37.383Z] [SyncDiag] PREPARE-PULL ONE-WAY: vessel_survey_applicability — 2 rows
[2026-05-13T11:06:37.383Z] [SyncDiag] PULL RECEIVED: 4 one-way table batches, 0 field logs
[2026-05-13T11:06:37.384Z] [SyncDiag] PULL one-way tables: {"components":2,"master_lists":6,"vessel_certificate_applicability":1,"vessel_survey_applicability":2}
[2026-05-13T11:06:37.385Z] [SyncDiag] ONE-WAY-APPLY START: components — 2 rows
[2026-05-13T11:06:37.421Z] [SyncDiag] ONE-WAY-APPLY DONE: components — inserted=0, updated=2, deleted=0, errors=0
[2026-05-13T11:06:37.422Z] [SyncDiag] PULL ONE-WAY: components — inserted=0, updated=2, deleted=0, errors=0
[2026-05-13T11:06:37.422Z] [SyncDiag] ONE-WAY-APPLY START: master_lists — 6 rows
[2026-05-13T11:06:37.439Z] [SyncDiag] ONE-WAY-APPLY DONE: master_lists — inserted=0, updated=6, deleted=0, errors=0
[2026-05-13T11:06:37.444Z] [SyncDiag] PULL ONE-WAY: master_lists — inserted=0, updated=6, deleted=0, errors=0
[2026-05-13T11:06:37.445Z] [SyncDiag] ONE-WAY-APPLY START: vessel_certificate_applicability — 1 rows
[2026-05-13T11:06:37.454Z] [SyncDiag] ONE-WAY-APPLY DONE: vessel_certificate_applicability — inserted=0, updated=1, deleted=0, errors=0
[2026-05-13T11:06:37.468Z] [SyncDiag] PULL ONE-WAY: vessel_certificate_applicability — inserted=0, updated=1, deleted=0, errors=0
[2026-05-13T11:06:37.469Z] [SyncDiag] ONE-WAY-APPLY START: vessel_survey_applicability — 2 rows
[2026-05-13T11:06:37.482Z] [SyncDiag] ONE-WAY-APPLY DONE: vessel_survey_applicability — inserted=0, updated=2, deleted=0, errors=0
[2026-05-13T11:06:37.495Z] [SyncDiag] PULL ONE-WAY: vessel_survey_applicability — inserted=0, updated=2, deleted=0, errors=0
[2026-05-13T11:06:37.669Z] [SyncDiag] SYNC COMPLETE: checkpoint=2026-05-13T11:06:37.496Z
[2026-05-13T11:06:37.680Z] [SyncDiag] FILE-SYNC START: 0 pending files for vessel=7446783c-841a-11ed-aa7c-7003bca91a86, direction=shore_to_ship
[2026-05-13T11:06:37.680Z] [SyncDiag] FILE-SYNC DONE: processed=0, failed=0, bytes=0
[2026-05-13T11:06:37.681Z] [SyncDiag] === SYNC END === vessel=7446783c-841a-11ed-aa7c-7003bca91a86, duration=730ms, status=success, pushed=0, pulled=11, conflicts=0, files=0+0
[2026-05-13T11:21:20.542Z] [SyncDiag] FIELD-LOGGER: running_hours_audit row=36f413ae-8316-4106-9bc3-bc3fb20537c0 — 20 fields changed, isInsert=true
[2026-05-13T11:21:31.946Z] [SyncDiag] RECEIVE-PUSH START: batch=3424d309-6651-4e2d-93f9-897cc80707e2, vessel=7446783c-841a-11ed-aa7c-7003bca91a86, fieldLogs=0, oneWayRows=0
[2026-05-13T11:21:31.952Z] [SyncDiag] RECEIVE-PUSH DONE: stored=0, applied=0, errors=0, oneWayTables=0
[2026-05-13T11:21:31.966Z] [SyncDiag] PREPARE-PULL START: vessel=7446783c-841a-11ed-aa7c-7003bca91a86, vesselCode=null, checkpoint=2026-05-12T05:52:06.862Z
[2026-05-13T11:21:32.374Z] [SyncDiag] PREPARE-PULL FIELD LOGS: 20 shore logs for vessel=7446783c-841a-11ed-aa7c-7003bca91a86 (excluded instance=SHIP-Vessel 5)
[2026-05-13T11:21:32.375Z] [SyncDiag] PREPARE-PULL FIELD LOG TABLES: {"running_hours_audit":20}
[2026-05-13T11:21:33.854Z] [SyncDiag] PREPARE-PULL DONE: 236 one-way rows across 7 tables, 20 field logs, 0 conflicts
[2026-05-13T11:21:33.855Z] [SyncDiag] PREPARE-PULL ONE-WAY: components — 3 rows
[2026-05-13T11:21:33.855Z] [SyncDiag] PREPARE-PULL ONE-WAY: jobs — 1 rows
[2026-05-13T11:21:33.856Z] [SyncDiag] PREPARE-PULL ONE-WAY: master_lists — 6 rows
[2026-05-13T11:21:33.856Z] [SyncDiag] PREPARE-PULL ONE-WAY: ship_certificates_master — 146 rows
[2026-05-13T11:21:33.857Z] [SyncDiag] PREPARE-PULL ONE-WAY: ship_surveys_master — 63 rows
[2026-05-13T11:21:33.858Z] [SyncDiag] PREPARE-PULL ONE-WAY: vessel_certificate_applicability — 10 rows
[2026-05-13T11:21:33.858Z] [SyncDiag] PREPARE-PULL ONE-WAY: vessel_survey_applicability — 7 rows
[2026-05-13T11:23:50.357Z] [SyncDiag] RECEIVE-PUSH START: batch=ded27bf2-2729-4e31-a914-3ffd09d021cc, vessel=7446783c-841a-11ed-aa7c-7003bca91a86, fieldLogs=19, oneWayRows=0
[2026-05-13T11:23:50.391Z] [SyncDiag] RECEIVE-PUSH: 19 field logs stored in sync_field_log
[2026-05-13T11:23:50.392Z] [SyncDiag] SYNC-APPLY TRIGGER BYPASS active for batch=ded27bf2-2729-4e31-a914-3ffd09d021cc
[2026-05-13T11:23:50.394Z] [SyncDiag] FIELD-LOG-INSERT START: 19 logs
[2026-05-13T11:23:50.394Z] [SyncDiag] FIELD-LOG-INSERT: 1 groups from 19 logs
[2026-05-13T11:23:50.407Z] [SyncDiag] FIELD-LOG-INSERT OK: running_hours_audit row=62e0b481-c724-49aa-8ab1-aa118a98f329 (21 columns)
[2026-05-13T11:23:50.411Z] [SyncDiag] RH-APPLY INSERT: component=6fb5245a-45f7-4137-bbf3-081ffb014601 current_cumulative_rh updated from 180.00 to 200.00, last_updated=2026-05-13T11:23:25.606Z from audit row 62e0b481-c724-49aa-8ab1-aa118a98f329
[2026-05-13T11:23:50.411Z] [SyncDiag] FIELD-LOG-INSERT DONE: inserted=1, updatePassthrough=0, errors=0
[2026-05-13T11:23:50.415Z] [SyncDiag] RECEIVE-PUSH DONE: stored=19, applied=1, errors=0, oneWayTables=0
[2026-05-13T11:23:50.423Z] [SyncDiag] PREPARE-PULL START: vessel=7446783c-841a-11ed-aa7c-7003bca91a86, vesselCode=null, checkpoint=2026-05-12T05:52:06.862Z
[2026-05-13T11:23:50.773Z] [SyncDiag] PREPARE-PULL FIELD LOGS: 0 shore logs for vessel=7446783c-841a-11ed-aa7c-7003bca91a86 (excluded instance=SHIP-Vessel 5)
[2026-05-13T11:23:50.883Z] [SyncDiag] PREPARE-PULL DONE: 236 one-way rows across 7 tables, 0 field logs, 0 conflicts
[2026-05-13T11:23:50.884Z] [SyncDiag] PREPARE-PULL ONE-WAY: components — 3 rows
[2026-05-13T11:23:50.884Z] [SyncDiag] PREPARE-PULL ONE-WAY: jobs — 1 rows
[2026-05-13T11:23:50.885Z] [SyncDiag] PREPARE-PULL ONE-WAY: master_lists — 6 rows
[2026-05-13T11:23:50.885Z] [SyncDiag] PREPARE-PULL ONE-WAY: ship_certificates_master — 146 rows
[2026-05-13T11:23:50.886Z] [SyncDiag] PREPARE-PULL ONE-WAY: ship_surveys_master — 63 rows
[2026-05-13T11:23:50.886Z] [SyncDiag] PREPARE-PULL ONE-WAY: vessel_certificate_applicability — 10 rows
[2026-05-13T11:23:50.886Z] [SyncDiag] PREPARE-PULL ONE-WAY: vessel_survey_applicability — 7 rows
[2026-05-13T11:26:50.315Z] [SyncDiag] RECEIVE-PUSH START: batch=7d6ad949-2b6c-422b-8845-f45d5458a94d, vessel=7446783c-841a-11ed-aa7c-7003bca91a86, fieldLogs=19, oneWayRows=0
[2026-05-13T11:26:50.356Z] [SyncDiag] RECEIVE-PUSH: 19 field logs stored in sync_field_log
[2026-05-13T11:26:50.357Z] [SyncDiag] SYNC-APPLY TRIGGER BYPASS active for batch=7d6ad949-2b6c-422b-8845-f45d5458a94d
[2026-05-13T11:26:50.357Z] [SyncDiag] FIELD-LOG-INSERT START: 19 logs
[2026-05-13T11:26:50.358Z] [SyncDiag] FIELD-LOG-INSERT: 1 groups from 19 logs
[2026-05-13T11:26:50.378Z] [SyncDiag] FIELD-LOG-INSERT OK: running_hours_audit row=eecd3d63-b0bf-4560-a8ff-675c2fa9fd68 (21 columns)
[2026-05-13T11:26:50.382Z] [SyncDiag] RH-APPLY INSERT: component=202f0ec4-2b85-4a56-971b-ebd401e23480 current_cumulative_rh updated from 0.00 to 111.00, last_updated=2026-05-13T11:26:23.172Z from audit row eecd3d63-b0bf-4560-a8ff-675c2fa9fd68
[2026-05-13T11:26:50.383Z] [SyncDiag] FIELD-LOG-INSERT DONE: inserted=1, updatePassthrough=0, errors=0
[2026-05-13T11:26:50.386Z] [SyncDiag] RECEIVE-PUSH DONE: stored=19, applied=1, errors=0, oneWayTables=0
[2026-05-13T11:26:52.416Z] [SyncDiag] PREPARE-PULL START: vessel=7446783c-841a-11ed-aa7c-7003bca91a86, vesselCode=null, checkpoint=2026-05-12T05:52:06.862Z
[2026-05-13T11:26:52.743Z] [SyncDiag] PREPARE-PULL FIELD LOGS: 0 shore logs for vessel=7446783c-841a-11ed-aa7c-7003bca91a86 (excluded instance=SHIP-Vessel 5)
[2026-05-13T11:26:53.131Z] [SyncDiag] PREPARE-PULL DONE: 237 one-way rows across 7 tables, 0 field logs, 0 conflicts
[2026-05-13T11:26:53.131Z] [SyncDiag] PREPARE-PULL ONE-WAY: components — 4 rows
[2026-05-13T11:26:53.132Z] [SyncDiag] PREPARE-PULL ONE-WAY: jobs — 1 rows
[2026-05-13T11:26:53.132Z] [SyncDiag] PREPARE-PULL ONE-WAY: master_lists — 6 rows
[2026-05-13T11:26:53.132Z] [SyncDiag] PREPARE-PULL ONE-WAY: ship_certificates_master — 146 rows
[2026-05-13T11:26:53.133Z] [SyncDiag] PREPARE-PULL ONE-WAY: ship_surveys_master — 63 rows
[2026-05-13T11:26:53.133Z] [SyncDiag] PREPARE-PULL ONE-WAY: vessel_certificate_applicability — 10 rows
[2026-05-13T11:26:53.134Z] [SyncDiag] PREPARE-PULL ONE-WAY: vessel_survey_applicability — 7 rows
[2026-05-13T12:05:13.634Z] [SyncDiag] RECEIVE-PUSH START: batch=668685c6-3159-49a6-9a0f-037bf1dc0056, vessel=7446783c-841a-11ed-aa7c-7003bca91a86, fieldLogs=200, oneWayRows=0
[2026-05-13T12:05:13.865Z] [SyncDiag] RECEIVE-PUSH: 200 field logs stored in sync_field_log
[2026-05-13T12:05:13.867Z] [SyncDiag] SYNC-APPLY TRIGGER BYPASS active for batch=668685c6-3159-49a6-9a0f-037bf1dc0056
[2026-05-13T12:05:13.868Z] [SyncDiag] FIELD-LOG-INSERT START: 200 logs
[2026-05-13T12:05:13.869Z] [SyncDiag] FIELD-LOG-INSERT: 13 groups from 200 logs
[2026-05-13T12:05:13.916Z] [SyncDiag] FIELD-LOG-INSERT OK: running_hours_audit row=afaff302-3c8a-420d-b3ee-b3375cb9bdfb (21 columns)
[2026-05-13T12:05:13.941Z] [SyncDiag] RH-APPLY INSERT: component=6cddf517-b238-43cd-b0b6-9b7ef43f3534 current_cumulative_rh updated from 0.00 to 200.00, last_updated=09 Apr 2025 05:30 from audit row afaff302-3c8a-420d-b3ee-b3375cb9bdfb
[2026-05-13T12:05:13.943Z] [SyncDiag] FIELD-LOG-INSERT OK: running_hours_audit row=26e65767-fff0-4104-bb6d-705cbd869a20 (18 columns)
[2026-05-13T12:05:13.945Z] [SyncDiag] RH-APPLY INSERT: component=30c362b7-4340-4dc4-a0f6-26accf118585 current_cumulative_rh updated from 0.00 to 200.00, last_updated=09 Apr 2025 05:30 from audit row 26e65767-fff0-4104-bb6d-705cbd869a20
[2026-05-13T12:05:13.948Z] [SyncDiag] FIELD-LOG-INSERT OK: running_hours_audit row=c798c86e-fb20-4320-bd59-f554ff02804c (18 columns)
[2026-05-13T12:05:13.950Z] [SyncDiag] RH-APPLY INSERT: component=280e109e-dfe5-486a-929b-b3110f9ed300 current_cumulative_rh updated from 0.00 to 200.00, last_updated=09 Apr 2025 05:30 from audit row c798c86e-fb20-4320-bd59-f554ff02804c
[2026-05-13T12:05:13.952Z] [SyncDiag] FIELD-LOG-INSERT OK: running_hours_audit row=d0a5c7d8-c51b-464b-b83d-c854992e8252 (18 columns)
[2026-05-13T12:05:13.954Z] [SyncDiag] RH-APPLY INSERT: component=07a8049f-4b10-4921-b4c2-4886976fd860 current_cumulative_rh updated from 0.00 to 200.00, last_updated=09 Apr 2025 05:30 from audit row d0a5c7d8-c51b-464b-b83d-c854992e8252
[2026-05-13T12:05:13.956Z] [SyncDiag] FIELD-LOG-INSERT OK: running_hours_audit row=f87ec76d-e7d7-4f3f-96e9-5e80fecc3986 (18 columns)
[2026-05-13T12:05:13.958Z] [SyncDiag] RH-APPLY INSERT: component=4cc52c8e-5040-44e6-a0e9-3e43662b5160 current_cumulative_rh updated from 0.00 to 200.00, last_updated=09 Apr 2025 05:30 from audit row f87ec76d-e7d7-4f3f-96e9-5e80fecc3986
[2026-05-13T12:05:13.960Z] [SyncDiag] FIELD-LOG-INSERT OK: running_hours_audit row=e8c2e611-da7d-40db-ad3a-dc2b1cc59528 (18 columns)
[2026-05-13T12:05:13.962Z] [SyncDiag] RH-APPLY INSERT: component=2e6526c4-428a-4bd1-acd5-f3fd00b46fa4 current_cumulative_rh updated from 0.00 to 200.00, last_updated=09 Apr 2025 05:30 from audit row e8c2e611-da7d-40db-ad3a-dc2b1cc59528
[2026-05-13T12:05:13.964Z] [SyncDiag] FIELD-LOG-INSERT OK: running_hours_audit row=6d52e92c-9ac0-4850-8b47-25bf0d9d9163 (18 columns)
[2026-05-13T12:05:13.966Z] [SyncDiag] RH-APPLY INSERT: component=ec164064-fbd7-45eb-a88f-006d0f0559ef current_cumulative_rh updated from 0.00 to 200.00, last_updated=09 Apr 2025 05:30 from audit row 6d52e92c-9ac0-4850-8b47-25bf0d9d9163
[2026-05-13T12:05:13.967Z] [SyncDiag] FIELD-LOG-INSERT OK: running_hours_audit row=e1377205-2acd-4d43-9382-658199cb88e4 (18 columns)
[2026-05-13T12:05:13.969Z] [SyncDiag] RH-APPLY INSERT: component=48148954-7433-4f55-80de-32c4ce6e4786 current_cumulative_rh updated from 0.00 to 200.00, last_updated=09 Apr 2025 05:30 from audit row e1377205-2acd-4d43-9382-658199cb88e4
[2026-05-13T12:05:13.971Z] [SyncDiag] FIELD-LOG-INSERT OK: running_hours_audit row=badc3cf0-5e7e-4061-bfa7-7443e08d7e30 (18 columns)
[2026-05-13T12:05:13.973Z] [SyncDiag] RH-APPLY INSERT: component=60b56b92-e031-497e-81c1-f436ac057f29 current_cumulative_rh updated from 0.00 to 200.00, last_updated=09 Apr 2025 05:30 from audit row badc3cf0-5e7e-4061-bfa7-7443e08d7e30
[2026-05-13T12:05:13.974Z] [SyncDiag] FIELD-LOG-INSERT OK: running_hours_audit row=25fe6665-bd63-4183-a2d3-02e9147a02b1 (18 columns)
[2026-05-13T12:05:13.976Z] [SyncDiag] RH-APPLY INSERT: component=dd311df0-bf4b-4955-9acf-10e4a87e7aa5 current_cumulative_rh updated from 0.00 to 200.00, last_updated=09 Apr 2025 05:30 from audit row 25fe6665-bd63-4183-a2d3-02e9147a02b1
[2026-05-13T12:05:13.978Z] [SyncDiag] FIELD-LOG-INSERT OK: running_hours_audit row=467eafdc-7760-43f0-aa2d-0b9f546d2b81 (18 columns)
[2026-05-13T12:05:13.980Z] [SyncDiag] RH-APPLY INSERT: component=061e58a2-845e-4d29-8de5-5f1bccbd221d current_cumulative_rh updated from 0.00 to 200.00, last_updated=09 Apr 2025 05:30 from audit row 467eafdc-7760-43f0-aa2d-0b9f546d2b81
[2026-05-13T12:05:13.982Z] [SyncDiag] FIELD-LOG-INSERT OK: running_hours_audit row=02e5f228-4398-43a8-af11-7523955d0c5e (18 columns)
[2026-05-13T12:05:13.983Z] [SyncDiag] RH-APPLY INSERT: component=b54dfa2f-3079-4354-88ce-5272e25dcef0 current_cumulative_rh updated from 0.00 to 200.00, last_updated=09 Apr 2025 05:30 from audit row 02e5f228-4398-43a8-af11-7523955d0c5e
[2026-05-13T12:05:13.988Z] [SyncDiag] FIELD-LOG-INSERT FAIL: running_hours_audit row=564a4cd1-0b3f-4349-9ba2-c0daeaef0474 — null value in column "component_id" of relation "running_hours_audit" violates not-null constraint
[2026-05-13T12:05:13.989Z] [SyncDiag] FIELD-LOG-INSERT DONE: inserted=12, updatePassthrough=0, errors=1
[2026-05-13T12:05:13.994Z] [SyncDiag] RECEIVE-PUSH DONE: stored=200, applied=12, errors=1, oneWayTables=0
[2026-05-13T12:05:14.007Z] [SyncDiag] RECEIVE-PUSH START: batch=668685c6-3159-49a6-9a0f-037bf1dc0056, vessel=7446783c-841a-11ed-aa7c-7003bca91a86, fieldLogs=200, oneWayRows=0
[2026-05-13T12:05:14.171Z] [SyncDiag] RECEIVE-PUSH: 200 field logs stored in sync_field_log
[2026-05-13T12:05:14.172Z] [SyncDiag] SYNC-APPLY TRIGGER BYPASS active for batch=668685c6-3159-49a6-9a0f-037bf1dc0056
[2026-05-13T12:05:14.173Z] [SyncDiag] FIELD-LOG-INSERT START: 200 logs
[2026-05-13T12:05:14.174Z] [SyncDiag] FIELD-LOG-INSERT: 13 groups from 200 logs
[2026-05-13T12:05:14.176Z] [SyncDiag] FIELD-LOG-INSERT FAIL: running_hours_audit row=564a4cd1-0b3f-4349-9ba2-c0daeaef0474 — null value in column "previous_rh" of relation "running_hours_audit" violates not-null constraint
[2026-05-13T12:05:14.178Z] [SyncDiag] FIELD-LOG-INSERT OK: running_hours_audit row=8e517f27-1c59-4696-ad49-e24dc061d994 (18 columns)
[2026-05-13T12:05:14.180Z] [SyncDiag] RH-APPLY INSERT: component=47a249de-7e2a-459f-b0b1-8f0bf622c2e9 current_cumulative_rh updated from 0.00 to 200.00, last_updated=09 Apr 2025 05:30 from audit row 8e517f27-1c59-4696-ad49-e24dc061d994
[2026-05-13T12:05:14.182Z] [SyncDiag] FIELD-LOG-INSERT OK: running_hours_audit row=dae93917-3ff8-463f-8cf8-a9f0e9ba41b9 (18 columns)
[2026-05-13T12:05:14.183Z] [SyncDiag] RH-APPLY INSERT: component=02985d4f-acd9-4dbd-b984-18c45d43d23b current_cumulative_rh updated from 0.00 to 200.00, last_updated=09 Apr 2025 05:30 from audit row dae93917-3ff8-463f-8cf8-a9f0e9ba41b9
[2026-05-13T12:05:14.185Z] [SyncDiag] FIELD-LOG-INSERT OK: running_hours_audit row=a67d85eb-dd68-4846-bdc1-5d5454ea6417 (18 columns)
[2026-05-13T12:05:14.186Z] [SyncDiag] RH-APPLY INSERT: component=c8978c5e-0a65-4fcc-805e-0b7a20caab25 current_cumulative_rh updated from 0.00 to 200.00, last_updated=09 Apr 2025 05:30 from audit row a67d85eb-dd68-4846-bdc1-5d5454ea6417
[2026-05-13T12:05:14.188Z] [SyncDiag] FIELD-LOG-INSERT OK: running_hours_audit row=8d541b60-d1d6-4d0e-8083-3d4cfd2afe0d (18 columns)
[2026-05-13T12:05:14.190Z] [SyncDiag] RH-APPLY INSERT: component=7b6137a0-0348-437b-9fba-3ae296177eec current_cumulative_rh updated from 0.00 to 200.00, last_updated=09 Apr 2025 05:30 from audit row 8d541b60-d1d6-4d0e-8083-3d4cfd2afe0d
[2026-05-13T12:05:14.192Z] [SyncDiag] FIELD-LOG-INSERT OK: running_hours_audit row=23a5da1a-20e6-4c75-b46d-cf83e5b1c00c (18 columns)
[2026-05-13T12:05:14.194Z] [SyncDiag] RH-APPLY INSERT: component=6bfbe766-4f77-4413-96fb-f1f20fee0d4d current_cumulative_rh updated from 0.00 to 200.00, last_updated=09 Apr 2025 05:30 from audit row 23a5da1a-20e6-4c75-b46d-cf83e5b1c00c
[2026-05-13T12:05:14.196Z] [SyncDiag] FIELD-LOG-INSERT OK: running_hours_audit row=c0c56e35-b032-46b0-a91c-4dbfc582aad9 (18 columns)
[2026-05-13T12:05:14.197Z] [SyncDiag] RH-APPLY INSERT: component=2d98ffd6-b6ea-4a69-8b5c-17e569704cc5 current_cumulative_rh updated from 0.00 to 200.00, last_updated=09 Apr 2025 05:30 from audit row c0c56e35-b032-46b0-a91c-4dbfc582aad9
[2026-05-13T12:05:14.199Z] [SyncDiag] FIELD-LOG-INSERT OK: running_hours_audit row=4389397e-f0d1-4924-a07f-b953b6888f0d (18 columns)
[2026-05-13T12:05:14.200Z] [SyncDiag] RH-APPLY INSERT: component=ebb630bc-1b9f-4e33-ab91-b5200c6d8d5c current_cumulative_rh updated from 0.00 to 200.00, last_updated=09 Apr 2025 05:30 from audit row 4389397e-f0d1-4924-a07f-b953b6888f0d
[2026-05-13T12:05:14.202Z] [SyncDiag] FIELD-LOG-INSERT OK: running_hours_audit row=f65791de-e470-44ad-bda4-39974ca2e144 (18 columns)
[2026-05-13T12:05:14.205Z] [SyncDiag] RH-APPLY INSERT: component=746551df-e338-46a6-9dba-667b4d02aa4c current_cumulative_rh updated from 0.00 to 200.00, last_updated=09 Apr 2025 05:30 from audit row f65791de-e470-44ad-bda4-39974ca2e144
[2026-05-13T12:05:14.207Z] [SyncDiag] FIELD-LOG-INSERT OK: running_hours_audit row=8513570b-7f36-49ed-bb8d-967985183bf3 (18 columns)
[2026-05-13T12:05:14.209Z] [SyncDiag] RH-APPLY INSERT: component=156ef8bd-1831-4822-b846-f4dcbdf0ee3b current_cumulative_rh updated from 0.00 to 200.00, last_updated=09 Apr 2025 05:30 from audit row 8513570b-7f36-49ed-bb8d-967985183bf3
[2026-05-13T12:05:14.211Z] [SyncDiag] FIELD-LOG-INSERT OK: running_hours_audit row=9437ec08-97e6-4125-8792-3633c2b41e86 (18 columns)
[2026-05-13T12:05:14.212Z] [SyncDiag] RH-APPLY INSERT: component=756d0385-1df4-43f8-8d85-282c922ff770 current_cumulative_rh updated from 0.00 to 200.00, last_updated=09 Apr 2025 05:30 from audit row 9437ec08-97e6-4125-8792-3633c2b41e86
[2026-05-13T12:05:14.214Z] [SyncDiag] FIELD-LOG-INSERT OK: running_hours_audit row=55666be3-519e-430c-bf5c-6fbc4ba32430 (18 columns)
[2026-05-13T12:05:14.216Z] [SyncDiag] RH-APPLY INSERT: component=d907225b-9579-4061-ae48-cf7af7768253 current_cumulative_rh updated from 0.00 to 200.00, last_updated=09 Apr 2025 05:30 from audit row 55666be3-519e-430c-bf5c-6fbc4ba32430
[2026-05-13T12:05:14.218Z] [SyncDiag] FIELD-LOG-INSERT OK: running_hours_audit row=66876094-178a-416f-b0cc-606f1346da84 (15 columns)
[2026-05-13T12:05:14.219Z] [SyncDiag] RH-APPLY INSERT: component=0eb2c8da-0ec2-4ec1-82e7-033b6ce69da5 current_cumulative_rh updated from 0.00 to 200.00, last_updated=09 Apr 2025 05:30 from audit row 66876094-178a-416f-b0cc-606f1346da84
[2026-05-13T12:05:14.220Z] [SyncDiag] FIELD-LOG-INSERT DONE: inserted=12, updatePassthrough=0, errors=1
[2026-05-13T12:05:14.224Z] [SyncDiag] RECEIVE-PUSH DONE: stored=200, applied=12, errors=1, oneWayTables=0
[2026-05-13T12:05:14.237Z] [SyncDiag] RECEIVE-PUSH START: batch=668685c6-3159-49a6-9a0f-037bf1dc0056, vessel=7446783c-841a-11ed-aa7c-7003bca91a86, fieldLogs=163, oneWayRows=0
[2026-05-13T12:05:14.366Z] [SyncDiag] RECEIVE-PUSH: 163 field logs stored in sync_field_log
[2026-05-13T12:05:14.368Z] [SyncDiag] SYNC-APPLY TRIGGER BYPASS active for batch=668685c6-3159-49a6-9a0f-037bf1dc0056
[2026-05-13T12:05:14.368Z] [SyncDiag] FIELD-LOG-INSERT START: 163 logs
[2026-05-13T12:05:14.369Z] [SyncDiag] FIELD-LOG-INSERT: 11 groups from 163 logs
[2026-05-13T12:05:14.372Z] [SyncDiag] FIELD-LOG-INSERT OK: running_hours_audit row=814580c3-31dd-4992-86db-3b10cde7f543 (18 columns)
[2026-05-13T12:05:14.374Z] [SyncDiag] RH-APPLY INSERT: component=5df76fba-fdbf-4d10-b11c-e6b22fa12889 current_cumulative_rh updated from 0.00 to 200.00, last_updated=09 Apr 2025 05:30 from audit row 814580c3-31dd-4992-86db-3b10cde7f543
[2026-05-13T12:05:14.376Z] [SyncDiag] FIELD-LOG-INSERT OK: running_hours_audit row=6b39736e-aa80-48e8-8f79-7e134c88e020 (18 columns)
[2026-05-13T12:05:14.377Z] [SyncDiag] RH-APPLY INSERT: component=499d42b6-705e-43e2-812b-14fb70d31447 current_cumulative_rh updated from 0.00 to 200.00, last_updated=09 Apr 2025 05:30 from audit row 6b39736e-aa80-48e8-8f79-7e134c88e020
[2026-05-13T12:05:14.379Z] [SyncDiag] FIELD-LOG-INSERT OK: running_hours_audit row=541562ae-26ad-49f3-ad5f-be0bda2a34cf (18 columns)
[2026-05-13T12:05:14.381Z] [SyncDiag] RH-APPLY INSERT: component=d06431ed-2640-431f-8a4f-6e522ebdcbf7 current_cumulative_rh updated from 0.00 to 200.00, last_updated=09 Apr 2025 05:30 from audit row 541562ae-26ad-49f3-ad5f-be0bda2a34cf
[2026-05-13T12:05:14.383Z] [SyncDiag] FIELD-LOG-INSERT OK: running_hours_audit row=9afbbc5b-1653-40a1-9896-43ff5ebf739f (18 columns)
[2026-05-13T12:05:14.384Z] [SyncDiag] RH-APPLY INSERT: component=e14848e3-9cd3-4f8b-bdd5-ab06bef5ad29 current_cumulative_rh updated from 0.00 to 200.00, last_updated=09 Apr 2025 05:30 from audit row 9afbbc5b-1653-40a1-9896-43ff5ebf739f
[2026-05-13T12:05:14.386Z] [SyncDiag] FIELD-LOG-INSERT OK: running_hours_audit row=6a8265a3-68bf-4c1c-aaa8-94f8dac27e04 (18 columns)
[2026-05-13T12:05:14.388Z] [SyncDiag] RH-APPLY INSERT: component=cf91a5f0-2056-462a-bb9c-3ced5246a886 current_cumulative_rh updated from 0.00 to 200.00, last_updated=09 Apr 2025 05:30 from audit row 6a8265a3-68bf-4c1c-aaa8-94f8dac27e04
[2026-05-13T12:05:14.389Z] [SyncDiag] FIELD-LOG-INSERT OK: running_hours_audit row=3c9c1693-c346-4d83-a8f1-3cbcb2e39a3e (18 columns)
[2026-05-13T12:05:14.391Z] [SyncDiag] RH-APPLY INSERT: component=30f9fbb6-f36c-4418-84df-4e903e7637e0 current_cumulative_rh updated from 0.00 to 200.00, last_updated=09 Apr 2025 05:30 from audit row 3c9c1693-c346-4d83-a8f1-3cbcb2e39a3e
[2026-05-13T12:05:14.393Z] [SyncDiag] FIELD-LOG-INSERT OK: running_hours_audit row=ce82bcd9-3a4b-4411-984b-d1a71b2b8121 (18 columns)
[2026-05-13T12:05:14.395Z] [SyncDiag] RH-APPLY INSERT: component=bfcfddff-6820-4a0e-a3da-54afe2e9d046 current_cumulative_rh updated from 0.00 to 200.00, last_updated=09 Apr 2025 05:30 from audit row ce82bcd9-3a4b-4411-984b-d1a71b2b8121
[2026-05-13T12:05:14.397Z] [SyncDiag] FIELD-LOG-INSERT OK: running_hours_audit row=0759e2a7-8068-46c1-8f05-72f262f1a7b9 (18 columns)
[2026-05-13T12:05:14.398Z] [SyncDiag] RH-APPLY INSERT: component=55e3a2f8-92c6-40ea-a85a-2582d8eb9c92 current_cumulative_rh updated from 0.00 to 200.00, last_updated=09 Apr 2025 05:30 from audit row 0759e2a7-8068-46c1-8f05-72f262f1a7b9
[2026-05-13T12:05:14.400Z] [SyncDiag] FIELD-LOG-INSERT OK: running_hours_audit row=888e7f81-416d-422b-aba2-0bed0eedf319 (18 columns)
[2026-05-13T12:05:14.401Z] [SyncDiag] RH-APPLY INSERT: component=15bbe39c-a49c-4443-ac65-af1b5348907d current_cumulative_rh updated from 0.00 to 200.00, last_updated=09 Apr 2025 05:30 from audit row 888e7f81-416d-422b-aba2-0bed0eedf319
[2026-05-13T12:05:14.403Z] [SyncDiag] FIELD-LOG-INSERT OK: running_hours_audit row=9f68c57a-83ef-413c-90d7-9888cca6b7a9 (18 columns)
[2026-05-13T12:05:14.404Z] [SyncDiag] RH-APPLY INSERT: component=a555089e-48cd-4d0c-908d-927e2d437daf current_cumulative_rh updated from 0.00 to 200.00, last_updated=09 Apr 2025 05:30 from audit row 9f68c57a-83ef-413c-90d7-9888cca6b7a9
[2026-05-13T12:05:14.405Z] [SyncDiag] FIELD-LOG-INSERT DONE: inserted=10, updatePassthrough=3, errors=0
[2026-05-13T12:05:14.406Z] [SyncDiag] INSERT-LOG ALLOWED: running_hours_audit.isRenewalReset row=66876094-178a-416f-b0cc-606f1346da84
[2026-05-13T12:05:14.407Z] [SyncDiag] INSERT-LOG ALLOWED: running_hours_audit.updatedByUuid row=66876094-178a-416f-b0cc-606f1346da84
[2026-05-13T12:05:14.408Z] [SyncDiag] INSERT-LOG ALLOWED: running_hours_audit.isDeleted row=66876094-178a-416f-b0cc-606f1346da84
[2026-05-13T12:05:14.412Z] [SyncDiag] RECEIVE-PUSH DONE: stored=163, applied=13, errors=0, oneWayTables=0
[2026-05-13T12:05:14.426Z] [SyncDiag] PREPARE-PULL START: vessel=7446783c-841a-11ed-aa7c-7003bca91a86, vesselCode=null, checkpoint=2026-05-12T05:52:06.862Z
[2026-05-13T12:05:14.726Z] [SyncDiag] PREPARE-PULL FIELD LOGS: 0 shore logs for vessel=7446783c-841a-11ed-aa7c-7003bca91a86 (excluded instance=SHIP-Vessel 5)
[2026-05-13T12:05:15.651Z] [SyncDiag] PREPARE-PULL DONE: 271 one-way rows across 7 tables, 0 field logs, 0 conflicts
[2026-05-13T12:05:15.652Z] [SyncDiag] PREPARE-PULL ONE-WAY: components — 38 rows
[2026-05-13T12:05:15.652Z] [SyncDiag] PREPARE-PULL ONE-WAY: jobs — 1 rows
[2026-05-13T12:05:15.653Z] [SyncDiag] PREPARE-PULL ONE-WAY: master_lists — 6 rows
[2026-05-13T12:05:15.653Z] [SyncDiag] PREPARE-PULL ONE-WAY: ship_certificates_master — 146 rows
[2026-05-13T12:05:15.654Z] [SyncDiag] PREPARE-PULL ONE-WAY: ship_surveys_master — 63 rows
[2026-05-13T12:05:15.654Z] [SyncDiag] PREPARE-PULL ONE-WAY: vessel_certificate_applicability — 10 rows
[2026-05-13T12:05:15.655Z] [SyncDiag] PREPARE-PULL ONE-WAY: vessel_survey_applicability — 7 rows
[2026-05-13T13:52:07.859Z] [SyncDiag] FIELD-LOGGER: vessel_certificate_data row=4f7bc97b-30b5-4eca-a8e1-290ffd581b11 — 9 fields changed, isInsert=true
[2026-05-13T13:52:15.205Z] [SyncDiag] FIELD-LOGGER: vessel_certificate_data row=4f7bc97b-30b5-4eca-a8e1-290ffd581b11 — 1 fields changed, isInsert=false
[2026-05-13T13:52:33.871Z] [SyncDiag] FIELD-LOGGER: vessel_certificate_data row=780a1f19-e125-4be5-8db6-9ec49106e531 — 2 fields changed, isInsert=false
[2026-05-13T13:52:38.975Z] [SyncDiag] FIELD-LOGGER: vessel_certificate_data row=780a1f19-e125-4be5-8db6-9ec49106e531 — 1 fields changed, isInsert=false
[2026-05-13T13:52:46.914Z] [SyncDiag] FIELD-LOGGER: vessel_certificate_data row=780a1f19-e125-4be5-8db6-9ec49106e531 — 1 fields changed, isInsert=false
[2026-05-13T13:52:58.945Z] [SyncDiag] FIELD-LOGGER: vessel_certificate_data row=780a1f19-e125-4be5-8db6-9ec49106e531 — 1 fields changed, isInsert=false
[2026-05-13T13:53:06.148Z] [SyncDiag] FIELD-LOGGER: vessel_certificate_data row=780a1f19-e125-4be5-8db6-9ec49106e531 — 1 fields changed, isInsert=false
[2026-05-13T13:53:40.286Z] [SyncDiag] FIELD-LOGGER: vessel_certificate_data row=4f7bc97b-30b5-4eca-a8e1-290ffd581b11 — 1 fields changed, isInsert=false
[2026-05-13T13:53:44.793Z] [SyncDiag] FIELD-LOGGER: vessel_certificate_data row=4f7bc97b-30b5-4eca-a8e1-290ffd581b11 — 1 fields changed, isInsert=false
[2026-05-13T13:53:50.609Z] [SyncDiag] FIELD-LOGGER: vessel_certificate_data row=4f7bc97b-30b5-4eca-a8e1-290ffd581b11 — 1 fields changed, isInsert=false
[2026-05-13T13:53:56.433Z] [SyncDiag] FIELD-LOGGER: vessel_certificate_data row=4f7bc97b-30b5-4eca-a8e1-290ffd581b11 — 1 fields changed, isInsert=false
[2026-05-13T13:54:01.188Z] [SyncDiag] FIELD-LOGGER: vessel_certificate_data row=4f7bc97b-30b5-4eca-a8e1-290ffd581b11 — 1 fields changed, isInsert=false
[2026-05-13T13:54:40.057Z] [SyncDiag] FIELD-LOGGER: vessel_survey_data row=467eba99-874e-4cac-9326-5356eccfb695 — 2 fields changed, isInsert=false
[2026-05-13T13:54:47.854Z] [SyncDiag] FIELD-LOGGER: vessel_survey_data row=467eba99-874e-4cac-9326-5356eccfb695 — 1 fields changed, isInsert=false
[2026-05-13T13:54:50.553Z] [SyncDiag] FIELD-LOGGER: vessel_survey_data row=467eba99-874e-4cac-9326-5356eccfb695 — 1 fields changed, isInsert=false
[2026-05-13T13:54:55.658Z] [SyncDiag] FIELD-LOGGER: vessel_survey_data row=467eba99-874e-4cac-9326-5356eccfb695 — 1 fields changed, isInsert=false
[2026-05-13T13:55:01.393Z] [SyncDiag] FIELD-LOGGER: vessel_survey_data row=467eba99-874e-4cac-9326-5356eccfb695 — 1 fields changed, isInsert=false
[2026-05-13T13:55:07.144Z] [SyncDiag] FIELD-LOGGER: vessel_survey_data row=467eba99-874e-4cac-9326-5356eccfb695 — 1 fields changed, isInsert=false
[2026-05-13T13:55:58.461Z] [SyncDiag] RECEIVE-PUSH START: batch=c54333d1-ee02-4080-a3da-638ff71b1140, vessel=7446783c-841a-11ed-aa7c-7003bca91a86, fieldLogs=0, oneWayRows=0
[2026-05-13T13:55:58.466Z] [SyncDiag] RECEIVE-PUSH DONE: stored=0, applied=0, errors=0, oneWayTables=0
[2026-05-13T13:55:58.479Z] [SyncDiag] PREPARE-PULL START: vessel=7446783c-841a-11ed-aa7c-7003bca91a86, vesselCode=null, checkpoint=2026-05-12T05:52:06.862Z
[2026-05-13T13:55:58.786Z] [SyncDiag] PREPARE-PULL FIELD LOGS: 512 shore logs for vessel=7446783c-841a-11ed-aa7c-7003bca91a86 (excluded instance=SHIP-Vessel 5)
[2026-05-13T13:55:58.787Z] [SyncDiag] PREPARE-PULL FIELD LOG TABLES: {"defect_sequences":6,"defects":372,"vessel_certificate_data":69,"vessel_survey_data":65}
[2026-05-13T13:55:59.271Z] [SyncDiag] PREPARE-PULL DONE: 271 one-way rows across 7 tables, 512 field logs, 0 conflicts
[2026-05-13T13:55:59.271Z] [SyncDiag] PREPARE-PULL ONE-WAY: components — 38 rows
[2026-05-13T13:55:59.272Z] [SyncDiag] PREPARE-PULL ONE-WAY: jobs — 1 rows
[2026-05-13T13:55:59.272Z] [SyncDiag] PREPARE-PULL ONE-WAY: master_lists — 6 rows
[2026-05-13T13:55:59.273Z] [SyncDiag] PREPARE-PULL ONE-WAY: ship_certificates_master — 146 rows
[2026-05-13T13:55:59.273Z] [SyncDiag] PREPARE-PULL ONE-WAY: ship_surveys_master — 63 rows
[2026-05-13T13:55:59.274Z] [SyncDiag] PREPARE-PULL ONE-WAY: vessel_certificate_applicability — 10 rows
[2026-05-13T13:55:59.274Z] [SyncDiag] PREPARE-PULL ONE-WAY: vessel_survey_applicability — 7 rows
[2026-05-13T14:02:54.065Z] [SyncDiag] RECEIVE-PUSH START: batch=6feb3730-4f41-4bbf-a3a4-f47990130add, vessel=7446783c-841a-11ed-aa7c-7003bca91a86, fieldLogs=15, oneWayRows=0
[2026-05-13T14:02:54.147Z] [SyncDiag] RECEIVE-PUSH: 15 field logs stored in sync_field_log
[2026-05-13T14:02:54.148Z] [SyncDiag] SYNC-APPLY TRIGGER BYPASS active for batch=6feb3730-4f41-4bbf-a3a4-f47990130add
[2026-05-13T14:02:54.150Z] [SyncDiag] FIELD-LOG-INSERT START: 15 logs
[2026-05-13T14:02:54.150Z] [SyncDiag] FIELD-LOG-INSERT: 2 groups from 15 logs
[2026-05-13T14:02:54.151Z] [SyncDiag] FIELD-LOG-INSERT DONE: inserted=0, updatePassthrough=15, errors=0
[2026-05-13T14:02:54.163Z] [SyncDiag] INSERT-LOG ALLOWED: vessel_certificate_data.lastAnnual row=dcda73b3-4f5a-4a74-8c06-21a66f74d66f
[2026-05-13T14:02:54.164Z] [SyncDiag] INSERT-LOG ALLOWED: vessel_certificate_data.lastInterm row=dcda73b3-4f5a-4a74-8c06-21a66f74d66f
[2026-05-13T14:02:54.165Z] [SyncDiag] INSERT-LOG ALLOWED: vessel_certificate_data.endorsementDate row=dcda73b3-4f5a-4a74-8c06-21a66f74d66f
[2026-05-13T14:02:54.212Z] [SyncDiag] INSERT-LOG ALLOWED: vessel_survey_data.postponed row=0949a9a3-b9cd-4624-b828-85278b971de6
[2026-05-13T14:02:54.220Z] [SyncDiag] RECEIVE-PUSH DONE: stored=15, applied=15, errors=0, oneWayTables=0
[2026-05-13T14:02:54.247Z] [SyncDiag] PREPARE-PULL START: vessel=7446783c-841a-11ed-aa7c-7003bca91a86, vesselCode=null, checkpoint=2026-05-12T05:52:06.862Z
[2026-05-13T14:02:54.473Z] [SyncDiag] PREPARE-PULL FIELD LOGS: 0 shore logs for vessel=7446783c-841a-11ed-aa7c-7003bca91a86 (excluded instance=SHIP-Vessel 5)
[2026-05-13T14:02:54.671Z] [SyncDiag] PREPARE-PULL DONE: 271 one-way rows across 7 tables, 0 field logs, 0 conflicts
[2026-05-13T14:02:54.672Z] [SyncDiag] PREPARE-PULL ONE-WAY: components — 38 rows
[2026-05-13T14:02:54.672Z] [SyncDiag] PREPARE-PULL ONE-WAY: jobs — 1 rows
[2026-05-13T14:02:54.673Z] [SyncDiag] PREPARE-PULL ONE-WAY: master_lists — 6 rows
[2026-05-13T14:02:54.673Z] [SyncDiag] PREPARE-PULL ONE-WAY: ship_certificates_master — 146 rows
[2026-05-13T14:02:54.674Z] [SyncDiag] PREPARE-PULL ONE-WAY: ship_surveys_master — 63 rows
[2026-05-13T14:02:54.674Z] [SyncDiag] PREPARE-PULL ONE-WAY: vessel_certificate_applicability — 10 rows
[2026-05-13T14:02:54.674Z] [SyncDiag] PREPARE-PULL ONE-WAY: vessel_survey_applicability — 7 rows
[2026-05-13T14:09:26.693Z] [SyncDiag] RECEIVE-PUSH START: batch=f7595c6f-fcfe-4544-81ed-485a04b44b6f, vessel=7446783c-841a-11ed-aa7c-7003bca91a86, fieldLogs=0, oneWayRows=0
[2026-05-13T14:09:26.699Z] [SyncDiag] RECEIVE-PUSH DONE: stored=0, applied=0, errors=0, oneWayTables=0
[2026-05-13T14:09:28.712Z] [SyncDiag] PREPARE-PULL START: vessel=7446783c-841a-11ed-aa7c-7003bca91a86, vesselCode=null, checkpoint=2026-05-12T05:52:06.862Z
[2026-05-13T14:09:28.885Z] [SyncDiag] PREPARE-PULL FIELD LOGS: 0 shore logs for vessel=7446783c-841a-11ed-aa7c-7003bca91a86 (excluded instance=SHIP-Vessel 5)
[2026-05-13T14:09:29.075Z] [SyncDiag] PREPARE-PULL DONE: 271 one-way rows across 7 tables, 0 field logs, 0 conflicts
[2026-05-13T14:09:29.075Z] [SyncDiag] PREPARE-PULL ONE-WAY: components — 38 rows
[2026-05-13T14:09:29.076Z] [SyncDiag] PREPARE-PULL ONE-WAY: jobs — 1 rows
[2026-05-13T14:09:29.076Z] [SyncDiag] PREPARE-PULL ONE-WAY: master_lists — 6 rows
[2026-05-13T14:09:29.077Z] [SyncDiag] PREPARE-PULL ONE-WAY: ship_certificates_master — 146 rows
[2026-05-13T14:09:29.077Z] [SyncDiag] PREPARE-PULL ONE-WAY: ship_surveys_master — 63 rows
[2026-05-13T14:09:29.077Z] [SyncDiag] PREPARE-PULL ONE-WAY: vessel_certificate_applicability — 10 rows
[2026-05-13T14:09:29.078Z] [SyncDiag] PREPARE-PULL ONE-WAY: vessel_survey_applicability — 7 rows
[2026-05-13T14:17:13.196Z] [SyncDiag] FIELD-LOGGER: defect_sequences row=4 — 1 fields changed, isInsert=false
