[2026-05-20T05:27:18.955Z] [SyncDiag] RECEIVE-PUSH START: batch=855ab161-b43b-43ee-a241-72e6ae9602fe, vessel=7446783c-841a-11ed-aa7c-7003bca91a86, fieldLogs=0, oneWayRows=0
[2026-05-20T05:27:18.961Z] [SyncDiag] RECEIVE-PUSH DONE: stored=0, applied=0, errors=0, oneWayTables=0
[2026-05-20T05:27:20.984Z] [SyncDiag] PREPARE-PULL START: vessel=7446783c-841a-11ed-aa7c-7003bca91a86, vesselCode=null, checkpoint=2026-05-19T23:27:22.054Z, shoreInstanceId=SHORE-PROD
[2026-05-20T05:27:21.201Z] [SyncDiag] PREPARE-PULL DIAG: vessel=7446783c-841a-11ed-aa7c-7003bca91a86 total_logs=65494 unsynced=0 after_instance_filter=0 exclude=SHIP-Vessel 5 since=2026-05-19T23:27:22.054Z instances=[]
[2026-05-20T05:27:21.203Z] [SyncDiag] PREPARE-PULL FIELD LOGS: 0 shore logs for vessel=7446783c-841a-11ed-aa7c-7003bca91a86 (excluded instance=SHIP-Vessel 5)
[2026-05-20T05:27:21.628Z] [SyncDiag] PREPARE-PULL DONE: 0 one-way rows across 0 tables, 0 field logs, 0 conflicts
[2026-05-20T05:27:21.636Z] [SyncDiag] COMPLETE-SESSION: marking shore logs synced for vessel=7446783c-841a-11ed-aa7c-7003bca91a86 checkpointBefore=2026-05-19T23:27:22.054Z excludeInstance=SHIP-Vessel 5
[2026-05-20T05:27:21.704Z] [SyncDiag] PREPARE-PULL DIAG: vessel=7446783c-841a-11ed-aa7c-7003bca91a86 total_logs=65494 unsynced=0 after_instance_filter=0 exclude=SHIP-Vessel 5 since=2026-05-19T23:27:22.054Z instances=[]
[2026-05-20T05:27:21.705Z] [SyncDiag] COMPLETE-SESSION: found 0 shore logs to mark synced
[2026-05-20T05:27:21.885Z] [SyncDiag] COMPLETE-SESSION: found 0 ship logs to mark synced
[2026-05-20T06:54:54.660Z] [SyncDiag] FIELD-LOGGER: work_orders row=951250da-04cb-4215-9634-bd47df203aeb — 1 fields changed, isInsert=false, vesselId=9d88f081-6e0f-41e5-9bdb-124b9d9cc3b8, instanceId=SHORE-PROD
[2026-05-20T06:54:54.668Z] [SyncDiag] FIELD-LOGGER: work_orders row=ae57e3e9-9c38-47ea-9e3a-b63ea65524c5 — 1 fields changed, isInsert=false, vesselId=9d88f081-6e0f-41e5-9bdb-124b9d9cc3b8, instanceId=SHORE-PROD
[2026-05-20T06:54:54.676Z] [SyncDiag] FIELD-LOGGER: work_orders row=369ff66e-9662-4f99-ba96-2de68a492f17 — 1 fields changed, isInsert=false, vesselId=9d88f081-6e0f-41e5-9bdb-124b9d9cc3b8, instanceId=SHORE-PROD
[2026-05-20T06:54:54.682Z] [SyncDiag] FIELD-LOGGER: work_orders row=389ed7c7-3b2f-46ba-bd7c-bdaaa46e1bfe — 1 fields changed, isInsert=false, vesselId=9d88f081-6e0f-41e5-9bdb-124b9d9cc3b8, instanceId=SHORE-PROD
[2026-05-20T06:54:54.691Z] [SyncDiag] FIELD-LOGGER: work_orders row=4961d9ae-fb84-47f7-aa04-bf73f3bdd597 — 1 fields changed, isInsert=false, vesselId=9d88f081-6e0f-41e5-9bdb-124b9d9cc3b8, instanceId=SHORE-PROD
[2026-05-20T06:54:54.698Z] [SyncDiag] FIELD-LOGGER: work_orders row=9df2c0ae-5ba9-4d1b-8a99-f0dacc943686 — 1 fields changed, isInsert=false, vesselId=9d88f081-6e0f-41e5-9bdb-124b9d9cc3b8, instanceId=SHORE-PROD
[2026-05-20T06:54:54.706Z] [SyncDiag] FIELD-LOGGER: work_orders row=67cede16-5185-4f06-bf8f-b3a5b0f977bf — 1 fields changed, isInsert=false, vesselId=9d88f081-6e0f-41e5-9bdb-124b9d9cc3b8, instanceId=SHORE-PROD
[2026-05-20T06:54:54.712Z] [SyncDiag] FIELD-LOGGER: work_orders row=67daca51-80fa-486a-98ea-40fe2bff724e — 1 fields changed, isInsert=false, vesselId=9d88f081-6e0f-41e5-9bdb-124b9d9cc3b8, instanceId=SHORE-PROD
[2026-05-20T06:54:54.719Z] [SyncDiag] FIELD-LOGGER: work_orders row=18ae5d91-8bc0-4013-a15b-122a97cacdd4 — 1 fields changed, isInsert=false, vesselId=9d88f081-6e0f-41e5-9bdb-124b9d9cc3b8, instanceId=SHORE-PROD
[2026-05-20T06:54:54.727Z] [SyncDiag] FIELD-LOGGER: work_orders row=2af2618b-ba77-4a15-b87e-1e58f9403656 — 1 fields changed, isInsert=false, vesselId=9d88f081-6e0f-41e5-9bdb-124b9d9cc3b8, instanceId=SHORE-PROD
[2026-05-20T06:54:54.734Z] [SyncDiag] FIELD-LOGGER: work_orders row=fe842397-d68d-429a-ae7a-14ca60bc9d66 — 1 fields changed, isInsert=false, vesselId=9d88f081-6e0f-41e5-9bdb-124b9d9cc3b8, instanceId=SHORE-PROD
[2026-05-20T06:54:54.741Z] [SyncDiag] FIELD-LOGGER: work_orders row=125ef966-2e50-4872-b1e9-07b23829ca7d — 1 fields changed, isInsert=false, vesselId=9d88f081-6e0f-41e5-9bdb-124b9d9cc3b8, instanceId=SHORE-PROD
[2026-05-20T06:54:54.752Z] [SyncDiag] FIELD-LOGGER: work_orders row=44cb66f2-15f2-434f-9966-2fb8d0015d35 — 1 fields changed, isInsert=false, vesselId=9d88f081-6e0f-41e5-9bdb-124b9d9cc3b8, instanceId=SHORE-PROD
[2026-05-20T06:54:54.759Z] [SyncDiag] FIELD-LOGGER: work_orders row=357bf97d-3c46-4d10-8b40-1a5fc3d6d202 — 1 fields changed, isInsert=false, vesselId=9d88f081-6e0f-41e5-9bdb-124b9d9cc3b8, instanceId=SHORE-PROD
[2026-05-20T06:54:54.766Z] [SyncDiag] FIELD-LOGGER: work_orders row=68a503fc-7a0a-43dd-9bad-8dc28fb6a77a — 1 fields changed, isInsert=false, vesselId=9d88f081-6e0f-41e5-9bdb-124b9d9cc3b8, instanceId=SHORE-PROD
[2026-05-20T06:54:54.772Z] [SyncDiag] FIELD-LOGGER: work_orders row=38190cea-4925-40f2-b511-276eb2105714 — 1 fields changed, isInsert=false, vesselId=9d88f081-6e0f-41e5-9bdb-124b9d9cc3b8, instanceId=SHORE-PROD
[2026-05-20T06:54:54.778Z] [SyncDiag] FIELD-LOGGER: work_orders row=39a3631a-d41a-462a-bbc5-177e8c90ba35 — 1 fields changed, isInsert=false, vesselId=9d88f081-6e0f-41e5-9bdb-124b9d9cc3b8, instanceId=SHORE-PROD
[2026-05-20T06:54:54.785Z] [SyncDiag] FIELD-LOGGER: work_orders row=043f25e9-9c60-43ef-94da-be848d195b0d — 1 fields changed, isInsert=false, vesselId=9d88f081-6e0f-41e5-9bdb-124b9d9cc3b8, instanceId=SHORE-PROD
[2026-05-20T06:54:54.792Z] [SyncDiag] FIELD-LOGGER: work_orders row=ea4c6b28-adc4-464f-9a44-857f6300e94b — 1 fields changed, isInsert=false, vesselId=9d88f081-6e0f-41e5-9bdb-124b9d9cc3b8, instanceId=SHORE-PROD
[2026-05-20T06:54:54.797Z] [SyncDiag] FIELD-LOGGER: work_orders row=e00beecf-2512-4d0d-a3f6-49ba1c227428 — 1 fields changed, isInsert=false, vesselId=9d88f081-6e0f-41e5-9bdb-124b9d9cc3b8, instanceId=SHORE-PROD
[2026-05-20T06:54:54.804Z] [SyncDiag] FIELD-LOGGER: work_orders row=2257fd02-1fb1-43d0-9f1b-cbeb1d1d2166 — 1 fields changed, isInsert=false, vesselId=9d88f081-6e0f-41e5-9bdb-124b9d9cc3b8, instanceId=SHORE-PROD
[2026-05-20T06:54:54.810Z] [SyncDiag] FIELD-LOGGER: work_orders row=264c65ba-db06-49ff-bfd0-9e5644aa2a53 — 1 fields changed, isInsert=false, vesselId=9d88f081-6e0f-41e5-9bdb-124b9d9cc3b8, instanceId=SHORE-PROD
[2026-05-20T06:54:54.820Z] [SyncDiag] FIELD-LOGGER: work_orders row=88e5a9e7-4cc5-4f3b-9bac-58090d822f15 — 1 fields changed, isInsert=false, vesselId=9d88f081-6e0f-41e5-9bdb-124b9d9cc3b8, instanceId=SHORE-PROD
[2026-05-20T06:54:54.828Z] [SyncDiag] FIELD-LOGGER: work_orders row=deb5df78-ebbe-48db-bdbd-a69db123c40a — 1 fields changed, isInsert=false, vesselId=9d88f081-6e0f-41e5-9bdb-124b9d9cc3b8, instanceId=SHORE-PROD
[2026-05-20T06:54:54.836Z] [SyncDiag] FIELD-LOGGER: work_orders row=f4bccec8-7772-4e81-afaa-00ea713960e8 — 1 fields changed, isInsert=false, vesselId=9d88f081-6e0f-41e5-9bdb-124b9d9cc3b8, instanceId=SHORE-PROD
[2026-05-20T06:54:54.843Z] [SyncDiag] FIELD-LOGGER: work_orders row=ec4eb4cd-25b4-4713-be54-1660b080dd1b — 1 fields changed, isInsert=false, vesselId=9d88f081-6e0f-41e5-9bdb-124b9d9cc3b8, instanceId=SHORE-PROD
[2026-05-20T06:54:54.852Z] [SyncDiag] FIELD-LOGGER: work_orders row=a5cd2475-fef4-417f-b422-723b7f0c8b68 — 1 fields changed, isInsert=false, vesselId=9d88f081-6e0f-41e5-9bdb-124b9d9cc3b8, instanceId=SHORE-PROD
[2026-05-20T06:54:54.858Z] [SyncDiag] FIELD-LOGGER: work_orders row=e6ebabf4-ddca-4d6d-abaa-805dc1c236b7 — 1 fields changed, isInsert=false, vesselId=9d88f081-6e0f-41e5-9bdb-124b9d9cc3b8, instanceId=SHORE-PROD
[2026-05-20T06:54:54.864Z] [SyncDiag] FIELD-LOGGER: work_orders row=d4ada331-05ad-44cc-85f7-1eea3eaab0ef — 1 fields changed, isInsert=false, vesselId=9d88f081-6e0f-41e5-9bdb-124b9d9cc3b8, instanceId=SHORE-PROD
[2026-05-20T06:54:54.871Z] [SyncDiag] FIELD-LOGGER: work_orders row=23c5e976-6186-4656-a8c7-af3888301d6d — 1 fields changed, isInsert=false, vesselId=9d88f081-6e0f-41e5-9bdb-124b9d9cc3b8, instanceId=SHORE-PROD
[2026-05-20T06:54:54.884Z] [SyncDiag] FIELD-LOGGER: work_orders row=4edb07bb-59fa-449f-8a5b-8796135eed03 — 1 fields changed, isInsert=false, vesselId=9d88f081-6e0f-41e5-9bdb-124b9d9cc3b8, instanceId=SHORE-PROD
[2026-05-20T06:54:54.890Z] [SyncDiag] FIELD-LOGGER: work_orders row=579dd8f7-d725-4442-9001-ee15576d9ddf — 1 fields changed, isInsert=false, vesselId=9d88f081-6e0f-41e5-9bdb-124b9d9cc3b8, instanceId=SHORE-PROD
[2026-05-20T06:54:54.900Z] [SyncDiag] FIELD-LOGGER: work_orders row=4d23a493-0969-495d-b7ea-abf4a19e1f46 — 1 fields changed, isInsert=false, vesselId=9d88f081-6e0f-41e5-9bdb-124b9d9cc3b8, instanceId=SHORE-PROD
[2026-05-20T06:54:54.906Z] [SyncDiag] FIELD-LOGGER: work_orders row=ec193886-5ecc-4cfa-bf57-15a40870d868 — 1 fields changed, isInsert=false, vesselId=9d88f081-6e0f-41e5-9bdb-124b9d9cc3b8, instanceId=SHORE-PROD
[2026-05-20T06:54:54.912Z] [SyncDiag] FIELD-LOGGER: work_orders row=25d210d3-6ef7-4aa7-bd00-ca2e055f829b — 1 fields changed, isInsert=false, vesselId=9d88f081-6e0f-41e5-9bdb-124b9d9cc3b8, instanceId=SHORE-PROD
[2026-05-20T06:54:54.919Z] [SyncDiag] FIELD-LOGGER: work_orders row=47faf086-85f8-4139-a2b7-f762e247223c — 1 fields changed, isInsert=false, vesselId=9d88f081-6e0f-41e5-9bdb-124b9d9cc3b8, instanceId=SHORE-PROD
[2026-05-20T06:54:54.925Z] [SyncDiag] FIELD-LOGGER: work_orders row=b15a3282-ef47-4252-be90-b989deb018d1 — 1 fields changed, isInsert=false, vesselId=9d88f081-6e0f-41e5-9bdb-124b9d9cc3b8, instanceId=SHORE-PROD
[2026-05-20T06:54:54.931Z] [SyncDiag] FIELD-LOGGER: work_orders row=98179b10-a1c1-485f-a60a-6b307cc3e8cc — 1 fields changed, isInsert=false, vesselId=9d88f081-6e0f-41e5-9bdb-124b9d9cc3b8, instanceId=SHORE-PROD
[2026-05-20T06:54:54.938Z] [SyncDiag] FIELD-LOGGER: work_orders row=f55a81c0-c5c1-4fc8-b409-f83c832d7980 — 1 fields changed, isInsert=false, vesselId=9d88f081-6e0f-41e5-9bdb-124b9d9cc3b8, instanceId=SHORE-PROD
[2026-05-20T06:54:54.945Z] [SyncDiag] FIELD-LOGGER: work_orders row=8e3871c6-1aad-4e18-9c50-4febbb796200 — 1 fields changed, isInsert=false, vesselId=9d88f081-6e0f-41e5-9bdb-124b9d9cc3b8, instanceId=SHORE-PROD
[2026-05-20T06:54:54.951Z] [SyncDiag] FIELD-LOGGER: work_orders row=eddcc05d-828e-4c38-9950-0ba0142a433e — 1 fields changed, isInsert=false, vesselId=9d88f081-6e0f-41e5-9bdb-124b9d9cc3b8, instanceId=SHORE-PROD
[2026-05-20T06:54:54.957Z] [SyncDiag] FIELD-LOGGER: work_orders row=f66a678d-c3c6-4226-8c4b-f4de28f68f3b — 1 fields changed, isInsert=false, vesselId=9d88f081-6e0f-41e5-9bdb-124b9d9cc3b8, instanceId=SHORE-PROD
[2026-05-20T06:54:54.965Z] [SyncDiag] FIELD-LOGGER: work_orders row=eedf089f-edf1-484a-93ba-6caf42629601 — 1 fields changed, isInsert=false, vesselId=9d88f081-6e0f-41e5-9bdb-124b9d9cc3b8, instanceId=SHORE-PROD
[2026-05-20T06:54:54.972Z] [SyncDiag] FIELD-LOGGER: work_orders row=eea30989-3a0b-42dd-939d-9f2a44856c1d — 1 fields changed, isInsert=false, vesselId=9d88f081-6e0f-41e5-9bdb-124b9d9cc3b8, instanceId=SHORE-PROD
[2026-05-20T06:54:54.984Z] [SyncDiag] FIELD-LOGGER: work_orders row=1fe38a6a-94b6-4ac2-b34b-38e59d0f10a6 — 1 fields changed, isInsert=false, vesselId=9d88f081-6e0f-41e5-9bdb-124b9d9cc3b8, instanceId=SHORE-PROD
[2026-05-20T06:54:54.999Z] [SyncDiag] FIELD-LOGGER: work_orders row=03f6de6f-d09f-462e-b6ee-bfbdf4625559 — 1 fields changed, isInsert=false, vesselId=9d88f081-6e0f-41e5-9bdb-124b9d9cc3b8, instanceId=SHORE-PROD
[2026-05-20T06:54:55.017Z] [SyncDiag] FIELD-LOGGER: work_orders row=932d093e-f609-4a39-a689-55046b4ca5af — 1 fields changed, isInsert=false, vesselId=9d88f081-6e0f-41e5-9bdb-124b9d9cc3b8, instanceId=SHORE-PROD
[2026-05-20T06:54:55.030Z] [SyncDiag] FIELD-LOGGER: work_orders row=ec7ca18e-a25d-45da-a018-0e7d50d2b8f0 — 1 fields changed, isInsert=false, vesselId=9d88f081-6e0f-41e5-9bdb-124b9d9cc3b8, instanceId=SHORE-PROD
[2026-05-20T06:54:55.037Z] [SyncDiag] FIELD-LOGGER: work_orders row=79924608-4644-4349-a854-47c177cab8b7 — 1 fields changed, isInsert=false, vesselId=9d88f081-6e0f-41e5-9bdb-124b9d9cc3b8, instanceId=SHORE-PROD
[2026-05-20T06:54:55.048Z] [SyncDiag] FIELD-LOGGER: work_orders row=84e229bf-9449-48aa-b2ea-d0b56875ccb7 — 1 fields changed, isInsert=false, vesselId=9d88f081-6e0f-41e5-9bdb-124b9d9cc3b8, instanceId=SHORE-PROD
[2026-05-20T06:54:55.062Z] [SyncDiag] FIELD-LOGGER: work_orders row=80ea87df-27ae-417f-98af-d77ae6068d7a — 1 fields changed, isInsert=false, vesselId=9d88f081-6e0f-41e5-9bdb-124b9d9cc3b8, instanceId=SHORE-PROD
[2026-05-20T06:54:55.073Z] [SyncDiag] FIELD-LOGGER: work_orders row=47207cdd-59c5-42c3-b5ca-447de159fd74 — 1 fields changed, isInsert=false, vesselId=9d88f081-6e0f-41e5-9bdb-124b9d9cc3b8, instanceId=SHORE-PROD
[2026-05-20T06:54:55.085Z] [SyncDiag] FIELD-LOGGER: work_orders row=19ec3fb7-586f-4bed-bde9-e5bd54a6b549 — 1 fields changed, isInsert=false, vesselId=9d88f081-6e0f-41e5-9bdb-124b9d9cc3b8, instanceId=SHORE-PROD
[2026-05-20T06:54:55.091Z] [SyncDiag] FIELD-LOGGER: work_orders row=59e34451-0122-4a62-8841-6f9df4482f05 — 1 fields changed, isInsert=false, vesselId=9d88f081-6e0f-41e5-9bdb-124b9d9cc3b8, instanceId=SHORE-PROD
[2026-05-20T06:54:55.102Z] [SyncDiag] FIELD-LOGGER: work_orders row=eb52f773-444b-4f88-9e33-602d47341bd1 — 1 fields changed, isInsert=false, vesselId=9d88f081-6e0f-41e5-9bdb-124b9d9cc3b8, instanceId=SHORE-PROD
[2026-05-20T06:54:55.114Z] [SyncDiag] FIELD-LOGGER: work_orders row=f552feda-0b56-4a08-8dd3-fe3b1e0b4a6f — 1 fields changed, isInsert=false, vesselId=9d88f081-6e0f-41e5-9bdb-124b9d9cc3b8, instanceId=SHORE-PROD
[2026-05-20T06:54:55.137Z] [SyncDiag] FIELD-LOGGER: work_orders row=72d1a538-ca1e-4c37-b46a-2f43ce5516c7 — 1 fields changed, isInsert=false, vesselId=9d88f081-6e0f-41e5-9bdb-124b9d9cc3b8, instanceId=SHORE-PROD
[2026-05-20T06:54:55.143Z] [SyncDiag] FIELD-LOGGER: work_orders row=46329126-9400-4a2b-8137-1a1ae137b9e7 — 1 fields changed, isInsert=false, vesselId=9d88f081-6e0f-41e5-9bdb-124b9d9cc3b8, instanceId=SHORE-PROD
[2026-05-20T06:54:55.155Z] [SyncDiag] FIELD-LOGGER: work_orders row=8792a5fe-9180-48bd-b152-ecc12f0b935c — 1 fields changed, isInsert=false, vesselId=9d88f081-6e0f-41e5-9bdb-124b9d9cc3b8, instanceId=SHORE-PROD
[2026-05-20T06:54:55.169Z] [SyncDiag] FIELD-LOGGER: work_orders row=710b08c1-fced-494f-9f08-b728bde8dbe0 — 1 fields changed, isInsert=false, vesselId=9d88f081-6e0f-41e5-9bdb-124b9d9cc3b8, instanceId=SHORE-PROD
[2026-05-20T06:54:55.181Z] [SyncDiag] FIELD-LOGGER: work_orders row=cec3159f-5371-441f-a22b-e7a02a5c524f — 1 fields changed, isInsert=false, vesselId=9d88f081-6e0f-41e5-9bdb-124b9d9cc3b8, instanceId=SHORE-PROD
[2026-05-20T06:54:55.192Z] [SyncDiag] FIELD-LOGGER: work_orders row=f5232a73-29ca-4ca8-90de-19a7ed6f7b61 — 1 fields changed, isInsert=false, vesselId=9d88f081-6e0f-41e5-9bdb-124b9d9cc3b8, instanceId=SHORE-PROD
[2026-05-20T06:54:55.201Z] [SyncDiag] FIELD-LOGGER: work_orders row=0324f285-066d-4d7a-a526-1c76f1e7cf99 — 1 fields changed, isInsert=false, vesselId=9d88f081-6e0f-41e5-9bdb-124b9d9cc3b8, instanceId=SHORE-PROD
[2026-05-20T06:54:55.219Z] [SyncDiag] FIELD-LOGGER: work_orders row=f0083b24-1410-44d7-931c-3d79829994f5 — 1 fields changed, isInsert=false, vesselId=9d88f081-6e0f-41e5-9bdb-124b9d9cc3b8, instanceId=SHORE-PROD
[2026-05-20T06:54:55.226Z] [SyncDiag] FIELD-LOGGER: work_orders row=722c79ba-4ad4-4890-befa-fc6041709e84 — 1 fields changed, isInsert=false, vesselId=9d88f081-6e0f-41e5-9bdb-124b9d9cc3b8, instanceId=SHORE-PROD
[2026-05-20T06:54:55.244Z] [SyncDiag] FIELD-LOGGER: work_orders row=7476ff66-82ff-4634-9764-6292f3a3abf7 — 1 fields changed, isInsert=false, vesselId=9d88f081-6e0f-41e5-9bdb-124b9d9cc3b8, instanceId=SHORE-PROD
[2026-05-20T06:54:55.250Z] [SyncDiag] FIELD-LOGGER: work_orders row=1ee8c892-d0d2-4e84-a204-fb62755019be — 1 fields changed, isInsert=false, vesselId=9d88f081-6e0f-41e5-9bdb-124b9d9cc3b8, instanceId=SHORE-PROD
[2026-05-20T06:54:55.256Z] [SyncDiag] FIELD-LOGGER: work_orders row=122792b1-6195-405b-a8ad-e0bd7129cd52 — 1 fields changed, isInsert=false, vesselId=9d88f081-6e0f-41e5-9bdb-124b9d9cc3b8, instanceId=SHORE-PROD
[2026-05-20T06:54:55.274Z] [SyncDiag] FIELD-LOGGER: work_orders row=e35950c0-d42c-4c24-b3d9-2b59df34f878 — 1 fields changed, isInsert=false, vesselId=9d88f081-6e0f-41e5-9bdb-124b9d9cc3b8, instanceId=SHORE-PROD
[2026-05-20T06:54:55.288Z] [SyncDiag] FIELD-LOGGER: work_orders row=23d63552-aa6e-46f4-be99-e02d97938eb1 — 1 fields changed, isInsert=false, vesselId=9d88f081-6e0f-41e5-9bdb-124b9d9cc3b8, instanceId=SHORE-PROD
[2026-05-20T06:54:55.302Z] [SyncDiag] FIELD-LOGGER: work_orders row=25c644c8-07df-45ce-ada6-14a35d8e58d4 — 1 fields changed, isInsert=false, vesselId=9d88f081-6e0f-41e5-9bdb-124b9d9cc3b8, instanceId=SHORE-PROD
[2026-05-20T06:54:55.309Z] [SyncDiag] FIELD-LOGGER: work_orders row=bbd95f1d-3ad2-4fa5-a17a-a649fa3703a9 — 1 fields changed, isInsert=false, vesselId=9d88f081-6e0f-41e5-9bdb-124b9d9cc3b8, instanceId=SHORE-PROD
[2026-05-20T06:54:55.320Z] [SyncDiag] FIELD-LOGGER: work_orders row=2469cc30-4b46-4181-9bf6-69169e389612 — 1 fields changed, isInsert=false, vesselId=9d88f081-6e0f-41e5-9bdb-124b9d9cc3b8, instanceId=SHORE-PROD
[2026-05-20T06:54:55.333Z] [SyncDiag] FIELD-LOGGER: work_orders row=1a566c5d-3e52-4e29-b08b-44f8d92a3c66 — 1 fields changed, isInsert=false, vesselId=9d88f081-6e0f-41e5-9bdb-124b9d9cc3b8, instanceId=SHORE-PROD
[2026-05-20T06:54:55.346Z] [SyncDiag] FIELD-LOGGER: work_orders row=c1e63177-1007-4bb2-b9f9-c76cfda09ec9 — 1 fields changed, isInsert=false, vesselId=9d88f081-6e0f-41e5-9bdb-124b9d9cc3b8, instanceId=SHORE-PROD
[2026-05-20T06:54:55.358Z] [SyncDiag] FIELD-LOGGER: work_orders row=778c8cd0-6629-484c-8a4f-58301cbeb106 — 1 fields changed, isInsert=false, vesselId=9d88f081-6e0f-41e5-9bdb-124b9d9cc3b8, instanceId=SHORE-PROD
[2026-05-20T06:54:55.367Z] [SyncDiag] FIELD-LOGGER: work_orders row=df74c434-3aed-435f-b329-666e035f00d9 — 1 fields changed, isInsert=false, vesselId=9d88f081-6e0f-41e5-9bdb-124b9d9cc3b8, instanceId=SHORE-PROD
[2026-05-20T06:54:55.386Z] [SyncDiag] FIELD-LOGGER: work_orders row=c05f4bb1-7233-4b0a-998b-383c5af2809a — 1 fields changed, isInsert=false, vesselId=9d88f081-6e0f-41e5-9bdb-124b9d9cc3b8, instanceId=SHORE-PROD
[2026-05-20T06:54:55.393Z] [SyncDiag] FIELD-LOGGER: work_orders row=245a4bc5-ac42-4515-b503-9a79fc7d2775 — 1 fields changed, isInsert=false, vesselId=9d88f081-6e0f-41e5-9bdb-124b9d9cc3b8, instanceId=SHORE-PROD
[2026-05-20T06:54:55.412Z] [SyncDiag] FIELD-LOGGER: work_orders row=bea50c30-9054-4176-b25a-f2f09f4167ae — 1 fields changed, isInsert=false, vesselId=9d88f081-6e0f-41e5-9bdb-124b9d9cc3b8, instanceId=SHORE-PROD
[2026-05-20T06:54:55.418Z] [SyncDiag] FIELD-LOGGER: work_orders row=743596c4-7698-4fbd-be6b-bbd3e9a745d2 — 1 fields changed, isInsert=false, vesselId=9d88f081-6e0f-41e5-9bdb-124b9d9cc3b8, instanceId=SHORE-PROD
[2026-05-20T06:54:55.424Z] [SyncDiag] FIELD-LOGGER: work_orders row=3e62b365-7443-444e-aef5-1ff25a330960 — 1 fields changed, isInsert=false, vesselId=9d88f081-6e0f-41e5-9bdb-124b9d9cc3b8, instanceId=SHORE-PROD
[2026-05-20T06:54:55.442Z] [SyncDiag] FIELD-LOGGER: work_orders row=e58ba9bd-8e91-4093-af28-b5eaa74cf6f7 — 1 fields changed, isInsert=false, vesselId=9d88f081-6e0f-41e5-9bdb-124b9d9cc3b8, instanceId=SHORE-PROD
[2026-05-20T06:54:55.449Z] [SyncDiag] FIELD-LOGGER: work_orders row=d7b22413-2279-4dd6-a3ce-9b9aea05c0d0 — 1 fields changed, isInsert=false, vesselId=9d88f081-6e0f-41e5-9bdb-124b9d9cc3b8, instanceId=SHORE-PROD
[2026-05-20T06:54:55.468Z] [SyncDiag] FIELD-LOGGER: work_orders row=74ee03ca-d36d-474e-97d6-38eea5270762 — 1 fields changed, isInsert=false, vesselId=9d88f081-6e0f-41e5-9bdb-124b9d9cc3b8, instanceId=SHORE-PROD
[2026-05-20T06:54:55.476Z] [SyncDiag] FIELD-LOGGER: work_orders row=ae12b9c7-cdb9-443b-a936-71474a03129a — 1 fields changed, isInsert=false, vesselId=9d88f081-6e0f-41e5-9bdb-124b9d9cc3b8, instanceId=SHORE-PROD
[2026-05-20T06:54:55.490Z] [SyncDiag] FIELD-LOGGER: work_orders row=634a3f3d-6c67-409b-ab2e-01d9c83c8137 — 1 fields changed, isInsert=false, vesselId=9d88f081-6e0f-41e5-9bdb-124b9d9cc3b8, instanceId=SHORE-PROD
[2026-05-20T06:54:55.503Z] [SyncDiag] FIELD-LOGGER: work_orders row=64aabe6b-314c-43f6-bace-adf7082b9136 — 1 fields changed, isInsert=false, vesselId=9d88f081-6e0f-41e5-9bdb-124b9d9cc3b8, instanceId=SHORE-PROD
[2026-05-20T06:54:55.516Z] [SyncDiag] FIELD-LOGGER: work_orders row=df2d6fcc-c4e4-4364-b943-d63c769993ce — 1 fields changed, isInsert=false, vesselId=9d88f081-6e0f-41e5-9bdb-124b9d9cc3b8, instanceId=SHORE-PROD
[2026-05-20T06:54:55.528Z] [SyncDiag] FIELD-LOGGER: work_orders row=9dc4bb89-3f8a-4d55-b64a-401e2a060139 — 1 fields changed, isInsert=false, vesselId=9d88f081-6e0f-41e5-9bdb-124b9d9cc3b8, instanceId=SHORE-PROD
[2026-05-20T06:54:55.536Z] [SyncDiag] FIELD-LOGGER: work_orders row=ed7dcb59-12db-4f92-9d97-cf74f847b98e — 1 fields changed, isInsert=false, vesselId=9d88f081-6e0f-41e5-9bdb-124b9d9cc3b8, instanceId=SHORE-PROD
[2026-05-20T06:54:55.555Z] [SyncDiag] FIELD-LOGGER: work_orders row=98a3c5b9-6ab4-41e6-904f-ebc7280911c8 — 1 fields changed, isInsert=false, vesselId=9d88f081-6e0f-41e5-9bdb-124b9d9cc3b8, instanceId=SHORE-PROD
[2026-05-20T06:54:55.561Z] [SyncDiag] FIELD-LOGGER: work_orders row=5d659dd5-25dc-4ab7-b6bc-21652f2d466f — 1 fields changed, isInsert=false, vesselId=9d88f081-6e0f-41e5-9bdb-124b9d9cc3b8, instanceId=SHORE-PROD
[2026-05-20T06:55:54.905Z] [SyncDiag] FIELD-LOGGER: work_orders row=76f141b8-fa18-4e4e-a2fe-ec9c012471fe — 1 fields changed, isInsert=false, vesselId=9d88f081-6e0f-41e5-9bdb-124b9d9cc3b8, instanceId=SHORE-PROD
[2026-05-20T06:55:54.912Z] [SyncDiag] FIELD-LOGGER: work_orders row=745312f2-2cbb-47e1-b211-509ee8a3c17f — 1 fields changed, isInsert=false, vesselId=9d88f081-6e0f-41e5-9bdb-124b9d9cc3b8, instanceId=SHORE-PROD
[2026-05-20T06:55:54.919Z] [SyncDiag] FIELD-LOGGER: work_orders row=f6e53829-abdc-47d2-96dc-520eab66eb2e — 1 fields changed, isInsert=false, vesselId=9d88f081-6e0f-41e5-9bdb-124b9d9cc3b8, instanceId=SHORE-PROD
[2026-05-20T06:55:54.925Z] [SyncDiag] FIELD-LOGGER: work_orders row=c526c282-84c6-4e9f-b428-6d8c0707a30f — 1 fields changed, isInsert=false, vesselId=9d88f081-6e0f-41e5-9bdb-124b9d9cc3b8, instanceId=SHORE-PROD
[2026-05-20T06:55:54.931Z] [SyncDiag] FIELD-LOGGER: work_orders row=c1800b3f-16b6-4eb2-9e1d-38ccb4245746 — 1 fields changed, isInsert=false, vesselId=9d88f081-6e0f-41e5-9bdb-124b9d9cc3b8, instanceId=SHORE-PROD
[2026-05-20T06:55:54.937Z] [SyncDiag] FIELD-LOGGER: work_orders row=02822b9c-a3b3-49dd-865d-a1425836df93 — 1 fields changed, isInsert=false, vesselId=9d88f081-6e0f-41e5-9bdb-124b9d9cc3b8, instanceId=SHORE-PROD
[2026-05-20T06:55:54.943Z] [SyncDiag] FIELD-LOGGER: work_orders row=38bec67b-73c3-4c9e-bd6c-0f98d2cb8253 — 1 fields changed, isInsert=false, vesselId=9d88f081-6e0f-41e5-9bdb-124b9d9cc3b8, instanceId=SHORE-PROD
[2026-05-20T06:55:54.950Z] [SyncDiag] FIELD-LOGGER: work_orders row=343248e8-046c-4f6c-9c01-60aa210554f6 — 1 fields changed, isInsert=false, vesselId=9d88f081-6e0f-41e5-9bdb-124b9d9cc3b8, instanceId=SHORE-PROD
[2026-05-20T06:55:54.958Z] [SyncDiag] FIELD-LOGGER: work_orders row=3ba68c32-b792-4df8-bf74-c59f66e794f5 — 1 fields changed, isInsert=false, vesselId=9d88f081-6e0f-41e5-9bdb-124b9d9cc3b8, instanceId=SHORE-PROD
[2026-05-20T06:55:54.965Z] [SyncDiag] FIELD-LOGGER: work_orders row=6aa2f427-bbf0-435e-8b6d-dfe6ea89c02c — 1 fields changed, isInsert=false, vesselId=9d88f081-6e0f-41e5-9bdb-124b9d9cc3b8, instanceId=SHORE-PROD
[2026-05-20T06:55:54.971Z] [SyncDiag] FIELD-LOGGER: work_orders row=e3bc2dbd-2437-4f8f-9a13-41934c97c140 — 1 fields changed, isInsert=false, vesselId=9d88f081-6e0f-41e5-9bdb-124b9d9cc3b8, instanceId=SHORE-PROD
[2026-05-20T06:55:54.977Z] [SyncDiag] FIELD-LOGGER: work_orders row=183241ac-a7d2-409c-8057-59e5f28237e1 — 1 fields changed, isInsert=false, vesselId=9d88f081-6e0f-41e5-9bdb-124b9d9cc3b8, instanceId=SHORE-PROD
[2026-05-20T06:55:54.984Z] [SyncDiag] FIELD-LOGGER: work_orders row=37ca77a5-9b2c-4107-ab6d-b919fee41165 — 1 fields changed, isInsert=false, vesselId=9d88f081-6e0f-41e5-9bdb-124b9d9cc3b8, instanceId=SHORE-PROD
[2026-05-20T06:55:54.990Z] [SyncDiag] FIELD-LOGGER: work_orders row=1c2d7399-3ff8-444f-94dd-f1de5d4eeaba — 1 fields changed, isInsert=false, vesselId=9d88f081-6e0f-41e5-9bdb-124b9d9cc3b8, instanceId=SHORE-PROD
[2026-05-20T06:55:54.998Z] [SyncDiag] FIELD-LOGGER: work_orders row=07d2763e-d888-4695-be4c-83ec385c30f2 — 1 fields changed, isInsert=false, vesselId=9d88f081-6e0f-41e5-9bdb-124b9d9cc3b8, instanceId=SHORE-PROD
[2026-05-20T06:55:55.003Z] [SyncDiag] FIELD-LOGGER: work_orders row=202e084e-d1e5-475f-b9f6-473cd374905d — 1 fields changed, isInsert=false, vesselId=9d88f081-6e0f-41e5-9bdb-124b9d9cc3b8, instanceId=SHORE-PROD
[2026-05-20T06:55:55.010Z] [SyncDiag] FIELD-LOGGER: work_orders row=330cb80e-7f33-47b1-ac98-b152b74416e4 — 1 fields changed, isInsert=false, vesselId=9d88f081-6e0f-41e5-9bdb-124b9d9cc3b8, instanceId=SHORE-PROD
[2026-05-20T06:55:55.016Z] [SyncDiag] FIELD-LOGGER: work_orders row=f87303fe-e8d9-4340-a3a5-3514f33966ba — 1 fields changed, isInsert=false, vesselId=9d88f081-6e0f-41e5-9bdb-124b9d9cc3b8, instanceId=SHORE-PROD
[2026-05-20T06:55:55.024Z] [SyncDiag] FIELD-LOGGER: work_orders row=26a0aa3a-7ed2-4d7a-a384-43434b9285d6 — 1 fields changed, isInsert=false, vesselId=9d88f081-6e0f-41e5-9bdb-124b9d9cc3b8, instanceId=SHORE-PROD
[2026-05-20T06:55:55.034Z] [SyncDiag] FIELD-LOGGER: work_orders row=0ede4f70-67f3-465f-8e6f-7aa0dfddee28 — 1 fields changed, isInsert=false, vesselId=9d88f081-6e0f-41e5-9bdb-124b9d9cc3b8, instanceId=SHORE-PROD
[2026-05-20T06:55:55.040Z] [SyncDiag] FIELD-LOGGER: work_orders row=e9a1064f-8194-4182-b08a-f096d8aec931 — 1 fields changed, isInsert=false, vesselId=9d88f081-6e0f-41e5-9bdb-124b9d9cc3b8, instanceId=SHORE-PROD
[2026-05-20T06:55:55.046Z] [SyncDiag] FIELD-LOGGER: work_orders row=0dd23eb2-b815-448f-92d9-04557c88fa22 — 1 fields changed, isInsert=false, vesselId=9d88f081-6e0f-41e5-9bdb-124b9d9cc3b8, instanceId=SHORE-PROD
[2026-05-20T06:55:55.053Z] [SyncDiag] FIELD-LOGGER: work_orders row=6941a710-d438-4938-86fe-121d0dd9aa00 — 1 fields changed, isInsert=false, vesselId=9d88f081-6e0f-41e5-9bdb-124b9d9cc3b8, instanceId=SHORE-PROD
[2026-05-20T06:55:55.060Z] [SyncDiag] FIELD-LOGGER: work_orders row=d29a9a77-22d8-4ccb-ae7b-db54b50a7bc2 — 1 fields changed, isInsert=false, vesselId=9d88f081-6e0f-41e5-9bdb-124b9d9cc3b8, instanceId=SHORE-PROD
[2026-05-20T06:55:55.068Z] [SyncDiag] FIELD-LOGGER: work_orders row=6ca5c689-42bb-47dd-ada4-016394f69281 — 1 fields changed, isInsert=false, vesselId=9d88f081-6e0f-41e5-9bdb-124b9d9cc3b8, instanceId=SHORE-PROD
[2026-05-20T06:55:55.074Z] [SyncDiag] FIELD-LOGGER: work_orders row=463a4d92-5ab8-47f2-bcaa-e045bc5f8ab1 — 1 fields changed, isInsert=false, vesselId=9d88f081-6e0f-41e5-9bdb-124b9d9cc3b8, instanceId=SHORE-PROD
[2026-05-20T06:55:55.081Z] [SyncDiag] FIELD-LOGGER: work_orders row=125b1e45-7945-4951-92be-5bce522f1dbb — 1 fields changed, isInsert=false, vesselId=9d88f081-6e0f-41e5-9bdb-124b9d9cc3b8, instanceId=SHORE-PROD
[2026-05-20T06:55:55.088Z] [SyncDiag] FIELD-LOGGER: work_orders row=7edfb013-5c99-420a-aa7e-816020f6e4b0 — 1 fields changed, isInsert=false, vesselId=9d88f081-6e0f-41e5-9bdb-124b9d9cc3b8, instanceId=SHORE-PROD
[2026-05-20T06:55:55.096Z] [SyncDiag] FIELD-LOGGER: work_orders row=a28a2b92-bc8c-4686-8cdb-7224e2afe7af — 1 fields changed, isInsert=false, vesselId=9d88f081-6e0f-41e5-9bdb-124b9d9cc3b8, instanceId=SHORE-PROD
[2026-05-20T06:55:55.102Z] [SyncDiag] FIELD-LOGGER: work_orders row=d54c0ae2-7f18-4336-942a-86005738b7ba — 1 fields changed, isInsert=false, vesselId=9d88f081-6e0f-41e5-9bdb-124b9d9cc3b8, instanceId=SHORE-PROD
[2026-05-20T06:55:55.180Z] [SyncDiag] FIELD-LOGGER: work_orders row=c42177f8-54f4-45ea-8701-a85eaeda015b — 1 fields changed, isInsert=false, vesselId=9d88f081-6e0f-41e5-9bdb-124b9d9cc3b8, instanceId=SHORE-PROD
[2026-05-20T06:55:55.258Z] [SyncDiag] FIELD-LOGGER: work_orders row=d82b05e6-e37f-4d86-aec3-d0528d8a46f4 — 1 fields changed, isInsert=false, vesselId=9d88f081-6e0f-41e5-9bdb-124b9d9cc3b8, instanceId=SHORE-PROD
[2026-05-20T06:55:55.304Z] [SyncDiag] FIELD-LOGGER: work_orders row=feaa87b1-7d01-4c6f-a980-35a136191cfa — 1 fields changed, isInsert=false, vesselId=9d88f081-6e0f-41e5-9bdb-124b9d9cc3b8, instanceId=SHORE-PROD
[2026-05-20T06:55:55.338Z] [SyncDiag] FIELD-LOGGER: work_orders row=be2b46e2-5b02-4971-a8ee-10b856e18f67 — 1 fields changed, isInsert=false, vesselId=9d88f081-6e0f-41e5-9bdb-124b9d9cc3b8, instanceId=SHORE-PROD
[2026-05-20T06:55:55.344Z] [SyncDiag] FIELD-LOGGER: work_orders row=e0c0984d-0b31-4d9a-9cde-5af59c99dd34 — 1 fields changed, isInsert=false, vesselId=9d88f081-6e0f-41e5-9bdb-124b9d9cc3b8, instanceId=SHORE-PROD
[2026-05-20T06:55:55.352Z] [SyncDiag] FIELD-LOGGER: work_orders row=b4f56cd4-d4db-41c8-a32f-1efacb5ac54e — 1 fields changed, isInsert=false, vesselId=9d88f081-6e0f-41e5-9bdb-124b9d9cc3b8, instanceId=SHORE-PROD
[2026-05-20T06:55:55.357Z] [SyncDiag] FIELD-LOGGER: work_orders row=c35d2ae2-d751-4051-bb91-406034df4862 — 1 fields changed, isInsert=false, vesselId=9d88f081-6e0f-41e5-9bdb-124b9d9cc3b8, instanceId=SHORE-PROD
[2026-05-20T06:55:55.364Z] [SyncDiag] FIELD-LOGGER: work_orders row=def270d1-7ee4-4ac4-a3c0-0b10f9ca941a — 1 fields changed, isInsert=false, vesselId=9d88f081-6e0f-41e5-9bdb-124b9d9cc3b8, instanceId=SHORE-PROD
[2026-05-20T06:55:55.370Z] [SyncDiag] FIELD-LOGGER: work_orders row=e7533fac-79ea-4603-a5c2-b4cec19f8f3d — 1 fields changed, isInsert=false, vesselId=9d88f081-6e0f-41e5-9bdb-124b9d9cc3b8, instanceId=SHORE-PROD
[2026-05-20T06:55:55.376Z] [SyncDiag] FIELD-LOGGER: work_orders row=acea48e4-0ae2-4eb7-ae15-c44acc417236 — 1 fields changed, isInsert=false, vesselId=9d88f081-6e0f-41e5-9bdb-124b9d9cc3b8, instanceId=SHORE-PROD
[2026-05-20T06:55:55.383Z] [SyncDiag] FIELD-LOGGER: work_orders row=5a216ee8-de72-4785-8bd1-0377fddd27b1 — 1 fields changed, isInsert=false, vesselId=9d88f081-6e0f-41e5-9bdb-124b9d9cc3b8, instanceId=SHORE-PROD
[2026-05-20T06:55:55.389Z] [SyncDiag] FIELD-LOGGER: work_orders row=f752ffd6-4394-48c2-968d-887e52ab9a86 — 1 fields changed, isInsert=false, vesselId=9d88f081-6e0f-41e5-9bdb-124b9d9cc3b8, instanceId=SHORE-PROD
[2026-05-20T06:55:55.401Z] [SyncDiag] FIELD-LOGGER: work_orders row=ae857aab-1588-4924-a132-24eb49368dc9 — 1 fields changed, isInsert=false, vesselId=9d88f081-6e0f-41e5-9bdb-124b9d9cc3b8, instanceId=SHORE-PROD
[2026-05-20T06:55:55.408Z] [SyncDiag] FIELD-LOGGER: work_orders row=cbbccf2d-1eb4-4512-8134-e5e02793260c — 1 fields changed, isInsert=false, vesselId=9d88f081-6e0f-41e5-9bdb-124b9d9cc3b8, instanceId=SHORE-PROD
[2026-05-20T06:55:55.415Z] [SyncDiag] FIELD-LOGGER: work_orders row=631c8135-cf2a-44ec-893f-920a1c6aaf26 — 1 fields changed, isInsert=false, vesselId=9d88f081-6e0f-41e5-9bdb-124b9d9cc3b8, instanceId=SHORE-PROD
[2026-05-20T06:55:55.421Z] [SyncDiag] FIELD-LOGGER: work_orders row=605b8428-4bde-4df6-9278-3952ef23f50b — 1 fields changed, isInsert=false, vesselId=9d88f081-6e0f-41e5-9bdb-124b9d9cc3b8, instanceId=SHORE-PROD
[2026-05-20T06:55:55.427Z] [SyncDiag] FIELD-LOGGER: work_orders row=390c3870-6eed-4960-953e-32b304a6b11c — 1 fields changed, isInsert=false, vesselId=9d88f081-6e0f-41e5-9bdb-124b9d9cc3b8, instanceId=SHORE-PROD
[2026-05-20T06:55:55.436Z] [SyncDiag] FIELD-LOGGER: work_orders row=dab04530-ab95-445d-b39b-ea970200016d — 1 fields changed, isInsert=false, vesselId=9d88f081-6e0f-41e5-9bdb-124b9d9cc3b8, instanceId=SHORE-PROD
[2026-05-20T06:55:55.442Z] [SyncDiag] FIELD-LOGGER: work_orders row=e2b8334a-aecf-4770-b6ab-d01dbfc992be — 1 fields changed, isInsert=false, vesselId=9d88f081-6e0f-41e5-9bdb-124b9d9cc3b8, instanceId=SHORE-PROD
[2026-05-20T06:55:55.449Z] [SyncDiag] FIELD-LOGGER: work_orders row=c8733894-4955-4ac0-99e3-4d3fc45b5c73 — 1 fields changed, isInsert=false, vesselId=9d88f081-6e0f-41e5-9bdb-124b9d9cc3b8, instanceId=SHORE-PROD
[2026-05-20T06:55:55.455Z] [SyncDiag] FIELD-LOGGER: work_orders row=9894ada7-5cc7-470c-9008-08d600abeb95 — 1 fields changed, isInsert=false, vesselId=9d88f081-6e0f-41e5-9bdb-124b9d9cc3b8, instanceId=SHORE-PROD
[2026-05-20T06:55:55.462Z] [SyncDiag] FIELD-LOGGER: work_orders row=228e1290-3a0c-43d0-8317-6cc48ef09f8d — 1 fields changed, isInsert=false, vesselId=9d88f081-6e0f-41e5-9bdb-124b9d9cc3b8, instanceId=SHORE-PROD
[2026-05-20T06:55:55.469Z] [SyncDiag] FIELD-LOGGER: work_orders row=e0f7e89b-f11c-4b18-8a99-73649b41ed4a — 1 fields changed, isInsert=false, vesselId=9d88f081-6e0f-41e5-9bdb-124b9d9cc3b8, instanceId=SHORE-PROD
[2026-05-20T06:55:55.475Z] [SyncDiag] FIELD-LOGGER: work_orders row=1a8a8398-e363-4abc-ae73-bf4e262b2b40 — 1 fields changed, isInsert=false, vesselId=9d88f081-6e0f-41e5-9bdb-124b9d9cc3b8, instanceId=SHORE-PROD
[2026-05-20T06:55:55.481Z] [SyncDiag] FIELD-LOGGER: work_orders row=0e2b06a8-791f-4167-b073-7a8467871307 — 1 fields changed, isInsert=false, vesselId=9d88f081-6e0f-41e5-9bdb-124b9d9cc3b8, instanceId=SHORE-PROD
[2026-05-20T06:55:55.488Z] [SyncDiag] FIELD-LOGGER: work_orders row=253d185f-b4a7-4493-b72a-945e0123fa58 — 1 fields changed, isInsert=false, vesselId=9d88f081-6e0f-41e5-9bdb-124b9d9cc3b8, instanceId=SHORE-PROD
[2026-05-20T06:55:55.494Z] [SyncDiag] FIELD-LOGGER: work_orders row=fd053e9a-5487-4000-b60c-2b86b4c3c6d0 — 1 fields changed, isInsert=false, vesselId=9d88f081-6e0f-41e5-9bdb-124b9d9cc3b8, instanceId=SHORE-PROD
[2026-05-20T06:55:55.501Z] [SyncDiag] FIELD-LOGGER: work_orders row=836fd2ee-4564-4586-b6ec-676d9e74eb2e — 1 fields changed, isInsert=false, vesselId=9d88f081-6e0f-41e5-9bdb-124b9d9cc3b8, instanceId=SHORE-PROD
[2026-05-20T06:55:55.507Z] [SyncDiag] FIELD-LOGGER: work_orders row=067a7225-9e89-4658-b1fd-8980202082d2 — 1 fields changed, isInsert=false, vesselId=9d88f081-6e0f-41e5-9bdb-124b9d9cc3b8, instanceId=SHORE-PROD
[2026-05-20T06:55:55.513Z] [SyncDiag] FIELD-LOGGER: work_orders row=a57a3283-cc3c-4282-b06e-a401a488483e — 1 fields changed, isInsert=false, vesselId=9d88f081-6e0f-41e5-9bdb-124b9d9cc3b8, instanceId=SHORE-PROD
[2026-05-20T06:55:55.520Z] [SyncDiag] FIELD-LOGGER: work_orders row=5b3795b1-3bf3-4c13-9207-fb36bd87cea1 — 1 fields changed, isInsert=false, vesselId=9d88f081-6e0f-41e5-9bdb-124b9d9cc3b8, instanceId=SHORE-PROD
[2026-05-20T06:55:55.526Z] [SyncDiag] FIELD-LOGGER: work_orders row=c8fdb3db-c38b-4004-9f25-6cc3e4101b86 — 1 fields changed, isInsert=false, vesselId=9d88f081-6e0f-41e5-9bdb-124b9d9cc3b8, instanceId=SHORE-PROD
[2026-05-20T06:55:55.531Z] [SyncDiag] FIELD-LOGGER: work_orders row=3e7ffed7-fd84-45e4-a2ed-c6f9224fff84 — 1 fields changed, isInsert=false, vesselId=9d88f081-6e0f-41e5-9bdb-124b9d9cc3b8, instanceId=SHORE-PROD
[2026-05-20T06:55:55.537Z] [SyncDiag] FIELD-LOGGER: work_orders row=46a60806-cfe8-4cec-87f0-d0453c49f26f — 1 fields changed, isInsert=false, vesselId=9d88f081-6e0f-41e5-9bdb-124b9d9cc3b8, instanceId=SHORE-PROD
[2026-05-20T06:55:55.545Z] [SyncDiag] FIELD-LOGGER: work_orders row=fba4f1a4-f20a-455d-996a-ce728a28feb7 — 1 fields changed, isInsert=false, vesselId=9d88f081-6e0f-41e5-9bdb-124b9d9cc3b8, instanceId=SHORE-PROD
[2026-05-20T06:55:55.552Z] [SyncDiag] FIELD-LOGGER: work_orders row=6bea9936-fb21-4b88-a145-95a6c01a9357 — 1 fields changed, isInsert=false, vesselId=9d88f081-6e0f-41e5-9bdb-124b9d9cc3b8, instanceId=SHORE-PROD
[2026-05-20T06:55:55.558Z] [SyncDiag] FIELD-LOGGER: work_orders row=5a649594-647a-4a1e-ade3-1f5ca0f04600 — 1 fields changed, isInsert=false, vesselId=9d88f081-6e0f-41e5-9bdb-124b9d9cc3b8, instanceId=SHORE-PROD
[2026-05-20T06:55:55.564Z] [SyncDiag] FIELD-LOGGER: work_orders row=1b692b30-2d9e-431d-9682-fe0c17812182 — 1 fields changed, isInsert=false, vesselId=9d88f081-6e0f-41e5-9bdb-124b9d9cc3b8, instanceId=SHORE-PROD
[2026-05-20T06:55:55.571Z] [SyncDiag] FIELD-LOGGER: work_orders row=3ad21a8e-1596-4725-8bb9-2a8f2ed6cc01 — 1 fields changed, isInsert=false, vesselId=9d88f081-6e0f-41e5-9bdb-124b9d9cc3b8, instanceId=SHORE-PROD
[2026-05-20T06:55:55.578Z] [SyncDiag] FIELD-LOGGER: work_orders row=179af9e9-e1bd-49df-bf47-32c1db5a1d25 — 1 fields changed, isInsert=false, vesselId=9d88f081-6e0f-41e5-9bdb-124b9d9cc3b8, instanceId=SHORE-PROD
[2026-05-20T06:55:55.587Z] [SyncDiag] FIELD-LOGGER: work_orders row=76c08649-65ab-48f9-8d6b-dfc7098cde34 — 1 fields changed, isInsert=false, vesselId=9d88f081-6e0f-41e5-9bdb-124b9d9cc3b8, instanceId=SHORE-PROD
[2026-05-20T06:55:55.594Z] [SyncDiag] FIELD-LOGGER: work_orders row=702f376d-1e87-476d-ad74-c69eb395ad10 — 1 fields changed, isInsert=false, vesselId=9d88f081-6e0f-41e5-9bdb-124b9d9cc3b8, instanceId=SHORE-PROD
[2026-05-20T06:55:55.600Z] [SyncDiag] FIELD-LOGGER: work_orders row=19c84dbf-d0de-4664-a135-7eed67325469 — 1 fields changed, isInsert=false, vesselId=9d88f081-6e0f-41e5-9bdb-124b9d9cc3b8, instanceId=SHORE-PROD
[2026-05-20T06:55:55.607Z] [SyncDiag] FIELD-LOGGER: work_orders row=4ad1d5a2-572b-4131-a585-9308c648e610 — 1 fields changed, isInsert=false, vesselId=9d88f081-6e0f-41e5-9bdb-124b9d9cc3b8, instanceId=SHORE-PROD
[2026-05-20T06:55:55.615Z] [SyncDiag] FIELD-LOGGER: work_orders row=33cc8aed-e2ee-452d-a5c3-ae0c6c076bf2 — 1 fields changed, isInsert=false, vesselId=9d88f081-6e0f-41e5-9bdb-124b9d9cc3b8, instanceId=SHORE-PROD
[2026-05-20T06:55:55.621Z] [SyncDiag] FIELD-LOGGER: work_orders row=075d800f-483c-4e3b-bd5f-5e313b5606a5 — 1 fields changed, isInsert=false, vesselId=9d88f081-6e0f-41e5-9bdb-124b9d9cc3b8, instanceId=SHORE-PROD
[2026-05-20T06:55:55.628Z] [SyncDiag] FIELD-LOGGER: work_orders row=ef20aa94-75e5-47ea-a5dd-c72a2f26daa7 — 1 fields changed, isInsert=false, vesselId=9d88f081-6e0f-41e5-9bdb-124b9d9cc3b8, instanceId=SHORE-PROD
[2026-05-20T06:55:55.635Z] [SyncDiag] FIELD-LOGGER: work_orders row=586a9335-c0a9-41d9-bd91-707cfb569c73 — 1 fields changed, isInsert=false, vesselId=9d88f081-6e0f-41e5-9bdb-124b9d9cc3b8, instanceId=SHORE-PROD
[2026-05-20T06:55:55.641Z] [SyncDiag] FIELD-LOGGER: work_orders row=95a78dae-8be5-4df2-baa1-ff913b3e5b64 — 1 fields changed, isInsert=false, vesselId=9d88f081-6e0f-41e5-9bdb-124b9d9cc3b8, instanceId=SHORE-PROD
[2026-05-20T06:55:55.651Z] [SyncDiag] FIELD-LOGGER: work_orders row=2f9d0de8-6945-4ddc-85a1-adc0953a00ea — 1 fields changed, isInsert=false, vesselId=9d88f081-6e0f-41e5-9bdb-124b9d9cc3b8, instanceId=SHORE-PROD
[2026-05-20T06:55:55.658Z] [SyncDiag] FIELD-LOGGER: work_orders row=177a00b4-c488-4eeb-92b5-7962962196a7 — 1 fields changed, isInsert=false, vesselId=9d88f081-6e0f-41e5-9bdb-124b9d9cc3b8, instanceId=SHORE-PROD
[2026-05-20T06:55:55.664Z] [SyncDiag] FIELD-LOGGER: work_orders row=c156fd0d-0e5e-4dcc-8b24-e46d14d32adb — 1 fields changed, isInsert=false, vesselId=9d88f081-6e0f-41e5-9bdb-124b9d9cc3b8, instanceId=SHORE-PROD
[2026-05-20T06:55:55.671Z] [SyncDiag] FIELD-LOGGER: work_orders row=c6a207c6-482a-4a70-8650-df04644d1d9a — 1 fields changed, isInsert=false, vesselId=9d88f081-6e0f-41e5-9bdb-124b9d9cc3b8, instanceId=SHORE-PROD
[2026-05-20T06:55:55.678Z] [SyncDiag] FIELD-LOGGER: work_orders row=f0879337-6c1b-4df0-9385-352fad2ff66f — 1 fields changed, isInsert=false, vesselId=9d88f081-6e0f-41e5-9bdb-124b9d9cc3b8, instanceId=SHORE-PROD
[2026-05-20T06:55:55.684Z] [SyncDiag] FIELD-LOGGER: work_orders row=6aa77201-ef5b-4169-aca6-dc0ce68498cf — 1 fields changed, isInsert=false, vesselId=9d88f081-6e0f-41e5-9bdb-124b9d9cc3b8, instanceId=SHORE-PROD
[2026-05-20T06:55:55.693Z] [SyncDiag] FIELD-LOGGER: work_orders row=e273d2ed-28b2-4c4b-9601-657834f01214 — 1 fields changed, isInsert=false, vesselId=9d88f081-6e0f-41e5-9bdb-124b9d9cc3b8, instanceId=SHORE-PROD
[2026-05-20T06:55:55.700Z] [SyncDiag] FIELD-LOGGER: work_orders row=4411b575-4981-4550-aec3-77c551bb602f — 1 fields changed, isInsert=false, vesselId=9d88f081-6e0f-41e5-9bdb-124b9d9cc3b8, instanceId=SHORE-PROD
[2026-05-20T06:55:55.706Z] [SyncDiag] FIELD-LOGGER: work_orders row=95b5e596-7a7b-4941-9665-2deb59aed3ed — 1 fields changed, isInsert=false, vesselId=9d88f081-6e0f-41e5-9bdb-124b9d9cc3b8, instanceId=SHORE-PROD
[2026-05-20T06:55:55.713Z] [SyncDiag] FIELD-LOGGER: work_orders row=885079bf-5a44-405d-8a12-4e7decd6108b — 1 fields changed, isInsert=false, vesselId=9d88f081-6e0f-41e5-9bdb-124b9d9cc3b8, instanceId=SHORE-PROD
[2026-05-20T06:55:55.720Z] [SyncDiag] FIELD-LOGGER: work_orders row=5aa79a3b-7afc-417d-8465-af921671328d — 1 fields changed, isInsert=false, vesselId=9d88f081-6e0f-41e5-9bdb-124b9d9cc3b8, instanceId=SHORE-PROD
[2026-05-20T06:55:55.727Z] [SyncDiag] FIELD-LOGGER: work_orders row=ceaa446d-40de-46a5-8e8b-12611c747146 — 1 fields changed, isInsert=false, vesselId=9d88f081-6e0f-41e5-9bdb-124b9d9cc3b8, instanceId=SHORE-PROD
[2026-05-20T06:55:55.734Z] [SyncDiag] FIELD-LOGGER: work_orders row=259b4f4c-8efa-4ffc-bc63-82cf46958f30 — 1 fields changed, isInsert=false, vesselId=9d88f081-6e0f-41e5-9bdb-124b9d9cc3b8, instanceId=SHORE-PROD
[2026-05-20T06:55:55.740Z] [SyncDiag] FIELD-LOGGER: work_orders row=d626c5b1-5e11-44f3-b127-14d392d49504 — 1 fields changed, isInsert=false, vesselId=9d88f081-6e0f-41e5-9bdb-124b9d9cc3b8, instanceId=SHORE-PROD
[2026-05-20T06:55:55.747Z] [SyncDiag] FIELD-LOGGER: work_orders row=c2ecc713-c917-4534-9ebe-64395f678376 — 1 fields changed, isInsert=false, vesselId=9d88f081-6e0f-41e5-9bdb-124b9d9cc3b8, instanceId=SHORE-PROD
[2026-05-20T06:55:55.752Z] [SyncDiag] FIELD-LOGGER: work_orders row=3a40c5dd-4cd1-4d32-9211-5ab1278070d7 — 1 fields changed, isInsert=false, vesselId=9d88f081-6e0f-41e5-9bdb-124b9d9cc3b8, instanceId=SHORE-PROD
[2026-05-20T06:55:55.762Z] [SyncDiag] FIELD-LOGGER: work_orders row=57f97349-0976-45a4-ac60-34280a8b4a6d — 1 fields changed, isInsert=false, vesselId=9d88f081-6e0f-41e5-9bdb-124b9d9cc3b8, instanceId=SHORE-PROD
[2026-05-20T06:55:55.769Z] [SyncDiag] FIELD-LOGGER: work_orders row=421b7701-8b62-4005-9608-be852365683f — 1 fields changed, isInsert=false, vesselId=9d88f081-6e0f-41e5-9bdb-124b9d9cc3b8, instanceId=SHORE-PROD
[2026-05-20T06:55:55.774Z] [SyncDiag] FIELD-LOGGER: work_orders row=e6d58a2b-963d-4b2b-b6d4-6516381676ab — 1 fields changed, isInsert=false, vesselId=9d88f081-6e0f-41e5-9bdb-124b9d9cc3b8, instanceId=SHORE-PROD
[2026-05-20T06:55:55.781Z] [SyncDiag] FIELD-LOGGER: work_orders row=6b9eb85a-7add-416d-96a1-6433fa0bb62e — 1 fields changed, isInsert=false, vesselId=9d88f081-6e0f-41e5-9bdb-124b9d9cc3b8, instanceId=SHORE-PROD
[2026-05-20T06:55:55.788Z] [SyncDiag] FIELD-LOGGER: work_orders row=31f965b6-51c7-4e37-ab03-3c63b41839ba — 1 fields changed, isInsert=false, vesselId=9d88f081-6e0f-41e5-9bdb-124b9d9cc3b8, instanceId=SHORE-PROD
[2026-05-20T06:55:55.795Z] [SyncDiag] FIELD-LOGGER: work_orders row=ff3b805b-9d70-4d11-927a-56f9011096e3 — 1 fields changed, isInsert=false, vesselId=9d88f081-6e0f-41e5-9bdb-124b9d9cc3b8, instanceId=SHORE-PROD
[2026-05-20T06:55:55.801Z] [SyncDiag] FIELD-LOGGER: work_orders row=20020c51-14b8-4bb2-8972-6b1a770dbc8d — 1 fields changed, isInsert=false, vesselId=9d88f081-6e0f-41e5-9bdb-124b9d9cc3b8, instanceId=SHORE-PROD
[2026-05-20T06:55:55.808Z] [SyncDiag] FIELD-LOGGER: work_orders row=e9fcf3e4-8f58-4dea-8d18-8f055ce1da2c — 1 fields changed, isInsert=false, vesselId=9d88f081-6e0f-41e5-9bdb-124b9d9cc3b8, instanceId=SHORE-PROD
[2026-05-20T06:55:55.815Z] [SyncDiag] FIELD-LOGGER: work_orders row=7e028173-ee0a-4643-babe-e004cb232de4 — 1 fields changed, isInsert=false, vesselId=9d88f081-6e0f-41e5-9bdb-124b9d9cc3b8, instanceId=SHORE-PROD
[2026-05-20T06:55:55.821Z] [SyncDiag] FIELD-LOGGER: work_orders row=b40735a5-0f3a-49c3-99e9-90e870e5b463 — 1 fields changed, isInsert=false, vesselId=9d88f081-6e0f-41e5-9bdb-124b9d9cc3b8, instanceId=SHORE-PROD
[2026-05-20T06:55:55.828Z] [SyncDiag] FIELD-LOGGER: work_orders row=87864168-c8ba-4be0-b6a7-35e2e61dedf7 — 1 fields changed, isInsert=false, vesselId=9d88f081-6e0f-41e5-9bdb-124b9d9cc3b8, instanceId=SHORE-PROD
[2026-05-20T06:55:55.837Z] [SyncDiag] FIELD-LOGGER: work_orders row=7f772749-6a27-4a72-bac7-e63ca4ee7b49 — 1 fields changed, isInsert=false, vesselId=9d88f081-6e0f-41e5-9bdb-124b9d9cc3b8, instanceId=SHORE-PROD
[2026-05-20T06:55:55.843Z] [SyncDiag] FIELD-LOGGER: work_orders row=2735fc81-0fe3-47e4-a332-e471b306220e — 1 fields changed, isInsert=false, vesselId=9d88f081-6e0f-41e5-9bdb-124b9d9cc3b8, instanceId=SHORE-PROD
[2026-05-20T06:55:55.850Z] [SyncDiag] FIELD-LOGGER: work_orders row=144c71db-4108-4c9c-b71f-8623db82227b — 1 fields changed, isInsert=false, vesselId=9d88f081-6e0f-41e5-9bdb-124b9d9cc3b8, instanceId=SHORE-PROD
[2026-05-20T06:55:55.856Z] [SyncDiag] FIELD-LOGGER: work_orders row=d83eb0ae-9e6b-45f3-b15a-d2ba23e13d5b — 1 fields changed, isInsert=false, vesselId=9d88f081-6e0f-41e5-9bdb-124b9d9cc3b8, instanceId=SHORE-PROD
[2026-05-20T06:55:55.862Z] [SyncDiag] FIELD-LOGGER: work_orders row=9b094a6d-7746-489d-88f2-0e35347267fc — 1 fields changed, isInsert=false, vesselId=9d88f081-6e0f-41e5-9bdb-124b9d9cc3b8, instanceId=SHORE-PROD
[2026-05-20T06:55:55.867Z] [SyncDiag] FIELD-LOGGER: work_orders row=7f8c8bf0-c58d-4a2a-aa7d-778f47cad7c4 — 1 fields changed, isInsert=false, vesselId=9d88f081-6e0f-41e5-9bdb-124b9d9cc3b8, instanceId=SHORE-PROD
[2026-05-20T06:55:55.874Z] [SyncDiag] FIELD-LOGGER: work_orders row=309ffe02-856b-42f4-8358-755c55c6475a — 1 fields changed, isInsert=false, vesselId=9d88f081-6e0f-41e5-9bdb-124b9d9cc3b8, instanceId=SHORE-PROD
[2026-05-20T06:55:55.881Z] [SyncDiag] FIELD-LOGGER: work_orders row=f5c669b3-abe1-4f31-9eef-bc23e90a041b — 1 fields changed, isInsert=false, vesselId=9d88f081-6e0f-41e5-9bdb-124b9d9cc3b8, instanceId=SHORE-PROD
[2026-05-20T06:55:55.888Z] [SyncDiag] FIELD-LOGGER: work_orders row=0cfe2f33-5da9-4634-95e3-211c724b52c2 — 1 fields changed, isInsert=false, vesselId=9d88f081-6e0f-41e5-9bdb-124b9d9cc3b8, instanceId=SHORE-PROD
[2026-05-20T06:55:55.894Z] [SyncDiag] FIELD-LOGGER: work_orders row=c163c143-910a-41b4-9430-c17371085a9d — 1 fields changed, isInsert=false, vesselId=9d88f081-6e0f-41e5-9bdb-124b9d9cc3b8, instanceId=SHORE-PROD
[2026-05-20T06:55:55.901Z] [SyncDiag] FIELD-LOGGER: work_orders row=5b5cc292-7203-4d0a-ac62-917d0ab2ea5f — 1 fields changed, isInsert=false, vesselId=9d88f081-6e0f-41e5-9bdb-124b9d9cc3b8, instanceId=SHORE-PROD
[2026-05-20T06:55:55.949Z] [SyncDiag] FIELD-LOGGER: work_orders row=3d6b55c1-7f68-4de6-9e27-edb898fee585 — 1 fields changed, isInsert=false, vesselId=9d88f081-6e0f-41e5-9bdb-124b9d9cc3b8, instanceId=SHORE-PROD
[2026-05-20T06:55:55.955Z] [SyncDiag] FIELD-LOGGER: work_orders row=d596bab6-a9c7-4d10-9eb5-4c1269a82860 — 1 fields changed, isInsert=false, vesselId=9d88f081-6e0f-41e5-9bdb-124b9d9cc3b8, instanceId=SHORE-PROD
[2026-05-20T06:55:55.963Z] [SyncDiag] FIELD-LOGGER: work_orders row=7b6d1534-3afc-47c2-9261-2ca7d51a412c — 1 fields changed, isInsert=false, vesselId=9d88f081-6e0f-41e5-9bdb-124b9d9cc3b8, instanceId=SHORE-PROD
[2026-05-20T06:55:55.970Z] [SyncDiag] FIELD-LOGGER: work_orders row=0572bcde-7d2b-4073-a92a-7022170ff326 — 1 fields changed, isInsert=false, vesselId=9d88f081-6e0f-41e5-9bdb-124b9d9cc3b8, instanceId=SHORE-PROD
[2026-05-20T06:55:56.018Z] [SyncDiag] FIELD-LOGGER: work_orders row=57c43687-2103-45ee-aabb-08745fa1a2b8 — 1 fields changed, isInsert=false, vesselId=9d88f081-6e0f-41e5-9bdb-124b9d9cc3b8, instanceId=SHORE-PROD
[2026-05-20T06:55:56.026Z] [SyncDiag] FIELD-LOGGER: work_orders row=f92ad3c1-f314-4347-b455-f3bad8d4d099 — 1 fields changed, isInsert=false, vesselId=9d88f081-6e0f-41e5-9bdb-124b9d9cc3b8, instanceId=SHORE-PROD
[2026-05-20T06:55:56.073Z] [SyncDiag] FIELD-LOGGER: work_orders row=abad9c83-8980-457b-be90-ccf536f4bec3 — 1 fields changed, isInsert=false, vesselId=9d88f081-6e0f-41e5-9bdb-124b9d9cc3b8, instanceId=SHORE-PROD
[2026-05-20T06:55:56.079Z] [SyncDiag] FIELD-LOGGER: work_orders row=eaca74af-a648-41d2-b86c-32ba8fcf22dd — 1 fields changed, isInsert=false, vesselId=9d88f081-6e0f-41e5-9bdb-124b9d9cc3b8, instanceId=SHORE-PROD
[2026-05-20T06:55:56.085Z] [SyncDiag] FIELD-LOGGER: work_orders row=d480618e-af8b-482b-8e68-098c9fbbbab7 — 1 fields changed, isInsert=false, vesselId=9d88f081-6e0f-41e5-9bdb-124b9d9cc3b8, instanceId=SHORE-PROD
[2026-05-20T06:55:56.131Z] [SyncDiag] FIELD-LOGGER: work_orders row=264e2b14-f981-47be-92ee-18018c632a31 — 1 fields changed, isInsert=false, vesselId=9d88f081-6e0f-41e5-9bdb-124b9d9cc3b8, instanceId=SHORE-PROD
[2026-05-20T06:55:56.139Z] [SyncDiag] FIELD-LOGGER: work_orders row=a1513f5f-4af2-417b-aaf2-6a59d6543459 — 1 fields changed, isInsert=false, vesselId=9d88f081-6e0f-41e5-9bdb-124b9d9cc3b8, instanceId=SHORE-PROD
[2026-05-20T06:55:56.185Z] [SyncDiag] FIELD-LOGGER: work_orders row=d1950e30-f79f-4621-aad2-a0e9828fb801 — 1 fields changed, isInsert=false, vesselId=9d88f081-6e0f-41e5-9bdb-124b9d9cc3b8, instanceId=SHORE-PROD
[2026-05-20T06:55:56.192Z] [SyncDiag] FIELD-LOGGER: work_orders row=65604411-430f-4a3d-b69a-24f32e07a71f — 1 fields changed, isInsert=false, vesselId=9d88f081-6e0f-41e5-9bdb-124b9d9cc3b8, instanceId=SHORE-PROD
[2026-05-20T06:55:56.199Z] [SyncDiag] FIELD-LOGGER: work_orders row=6d0d50ba-e913-4549-a123-2eb058c87220 — 1 fields changed, isInsert=false, vesselId=9d88f081-6e0f-41e5-9bdb-124b9d9cc3b8, instanceId=SHORE-PROD
[2026-05-20T06:55:56.245Z] [SyncDiag] FIELD-LOGGER: work_orders row=dadd8703-109a-4368-b8ee-d24865f97185 — 1 fields changed, isInsert=false, vesselId=9d88f081-6e0f-41e5-9bdb-124b9d9cc3b8, instanceId=SHORE-PROD
[2026-05-20T06:55:56.251Z] [SyncDiag] FIELD-LOGGER: work_orders row=6189009a-d0d6-45c9-9bb5-1f90fad1834d — 1 fields changed, isInsert=false, vesselId=9d88f081-6e0f-41e5-9bdb-124b9d9cc3b8, instanceId=SHORE-PROD
[2026-05-20T06:55:56.297Z] [SyncDiag] FIELD-LOGGER: work_orders row=2eed8185-92dc-4454-b5e6-c32fea8fc4b0 — 1 fields changed, isInsert=false, vesselId=9d88f081-6e0f-41e5-9bdb-124b9d9cc3b8, instanceId=SHORE-PROD
[2026-05-20T06:55:56.305Z] [SyncDiag] FIELD-LOGGER: work_orders row=be6641fc-73d7-40c2-97ed-394403fbe1d8 — 1 fields changed, isInsert=false, vesselId=9d88f081-6e0f-41e5-9bdb-124b9d9cc3b8, instanceId=SHORE-PROD
[2026-05-20T06:55:56.311Z] [SyncDiag] FIELD-LOGGER: work_orders row=943efc18-ac47-4f59-b38e-c73e21bcc284 — 1 fields changed, isInsert=false, vesselId=9d88f081-6e0f-41e5-9bdb-124b9d9cc3b8, instanceId=SHORE-PROD
[2026-05-20T06:55:56.357Z] [SyncDiag] FIELD-LOGGER: work_orders row=94387c1c-5868-4cc1-82bb-86fd966cc8ce — 1 fields changed, isInsert=false, vesselId=9d88f081-6e0f-41e5-9bdb-124b9d9cc3b8, instanceId=SHORE-PROD
[2026-05-20T06:55:56.364Z] [SyncDiag] FIELD-LOGGER: work_orders row=35cddb54-11f2-49c0-8151-7889018f84b9 — 1 fields changed, isInsert=false, vesselId=9d88f081-6e0f-41e5-9bdb-124b9d9cc3b8, instanceId=SHORE-PROD
[2026-05-20T06:55:56.413Z] [SyncDiag] FIELD-LOGGER: work_orders row=7c599c20-0ca2-4c55-a1cc-294d13d4c647 — 1 fields changed, isInsert=false, vesselId=9d88f081-6e0f-41e5-9bdb-124b9d9cc3b8, instanceId=SHORE-PROD
[2026-05-20T06:55:56.421Z] [SyncDiag] FIELD-LOGGER: work_orders row=9e431304-f1b7-4148-bc78-a39fb04b7254 — 1 fields changed, isInsert=false, vesselId=9d88f081-6e0f-41e5-9bdb-124b9d9cc3b8, instanceId=SHORE-PROD
[2026-05-20T06:55:56.428Z] [SyncDiag] FIELD-LOGGER: work_orders row=a18974a4-853a-4c65-b859-deba9086cc88 — 1 fields changed, isInsert=false, vesselId=9d88f081-6e0f-41e5-9bdb-124b9d9cc3b8, instanceId=SHORE-PROD
[2026-05-20T06:55:56.473Z] [SyncDiag] FIELD-LOGGER: work_orders row=f9ac1259-4c5e-4a9b-93f5-a29d3a138ed9 — 1 fields changed, isInsert=false, vesselId=9d88f081-6e0f-41e5-9bdb-124b9d9cc3b8, instanceId=SHORE-PROD
[2026-05-20T06:55:56.480Z] [SyncDiag] FIELD-LOGGER: work_orders row=ee0a80d4-366e-4af9-9d45-07e6eaa206ba — 1 fields changed, isInsert=false, vesselId=9d88f081-6e0f-41e5-9bdb-124b9d9cc3b8, instanceId=SHORE-PROD
[2026-05-20T06:55:56.529Z] [SyncDiag] FIELD-LOGGER: work_orders row=c121817c-1d5b-4ac2-85af-88b13afcd427 — 1 fields changed, isInsert=false, vesselId=9d88f081-6e0f-41e5-9bdb-124b9d9cc3b8, instanceId=SHORE-PROD
[2026-05-20T06:55:56.536Z] [SyncDiag] FIELD-LOGGER: work_orders row=30def75a-d957-409a-9351-c80355ada92d — 1 fields changed, isInsert=false, vesselId=9d88f081-6e0f-41e5-9bdb-124b9d9cc3b8, instanceId=SHORE-PROD
[2026-05-20T06:55:56.565Z] [SyncDiag] FIELD-LOGGER: work_orders row=aa278192-6836-4911-8897-ad70c5a1a366 — 1 fields changed, isInsert=false, vesselId=9d88f081-6e0f-41e5-9bdb-124b9d9cc3b8, instanceId=SHORE-PROD
[2026-05-20T06:55:56.591Z] [SyncDiag] FIELD-LOGGER: work_orders row=ea336d86-c517-48a8-a773-5ea559bd8606 — 1 fields changed, isInsert=false, vesselId=9d88f081-6e0f-41e5-9bdb-124b9d9cc3b8, instanceId=SHORE-PROD
[2026-05-20T06:55:56.598Z] [SyncDiag] FIELD-LOGGER: work_orders row=164bb3ec-e540-45fe-b99b-35071ebf56a3 — 1 fields changed, isInsert=false, vesselId=9d88f081-6e0f-41e5-9bdb-124b9d9cc3b8, instanceId=SHORE-PROD
[2026-05-20T06:55:56.604Z] [SyncDiag] FIELD-LOGGER: work_orders row=c122abac-4c21-4fd8-8645-d535ac755c9c — 1 fields changed, isInsert=false, vesselId=9d88f081-6e0f-41e5-9bdb-124b9d9cc3b8, instanceId=SHORE-PROD
[2026-05-20T06:55:56.653Z] [SyncDiag] FIELD-LOGGER: work_orders row=a1fd11b8-d35d-4e6e-9ea5-dae6f0f39326 — 1 fields changed, isInsert=false, vesselId=9d88f081-6e0f-41e5-9bdb-124b9d9cc3b8, instanceId=SHORE-PROD
[2026-05-20T06:55:56.659Z] [SyncDiag] FIELD-LOGGER: work_orders row=dafc9272-e47a-424c-8606-14834c8ba600 — 1 fields changed, isInsert=false, vesselId=9d88f081-6e0f-41e5-9bdb-124b9d9cc3b8, instanceId=SHORE-PROD
[2026-05-20T06:55:56.666Z] [SyncDiag] FIELD-LOGGER: work_orders row=bcad3562-27ed-42ca-821e-dfeb44579dd4 — 1 fields changed, isInsert=false, vesselId=9d88f081-6e0f-41e5-9bdb-124b9d9cc3b8, instanceId=SHORE-PROD
[2026-05-20T06:55:56.713Z] [SyncDiag] FIELD-LOGGER: work_orders row=26467b3d-e6f1-41ba-ad5e-578686fc1298 — 1 fields changed, isInsert=false, vesselId=9d88f081-6e0f-41e5-9bdb-124b9d9cc3b8, instanceId=SHORE-PROD
[2026-05-20T06:55:56.720Z] [SyncDiag] FIELD-LOGGER: work_orders row=96f2ccca-95c3-48df-99aa-73d1c8883d04 — 1 fields changed, isInsert=false, vesselId=9d88f081-6e0f-41e5-9bdb-124b9d9cc3b8, instanceId=SHORE-PROD
[2026-05-20T06:55:56.768Z] [SyncDiag] FIELD-LOGGER: work_orders row=5c1e5659-aa1f-4124-ab6a-afc06b074707 — 1 fields changed, isInsert=false, vesselId=9d88f081-6e0f-41e5-9bdb-124b9d9cc3b8, instanceId=SHORE-PROD
[2026-05-20T06:55:56.775Z] [SyncDiag] FIELD-LOGGER: work_orders row=306b3f6f-c135-46b4-8792-95bd92d543da — 1 fields changed, isInsert=false, vesselId=9d88f081-6e0f-41e5-9bdb-124b9d9cc3b8, instanceId=SHORE-PROD
[2026-05-20T06:55:56.822Z] [SyncDiag] FIELD-LOGGER: work_orders row=f74544aa-483d-4b5d-892e-de6779fb4b1d — 1 fields changed, isInsert=false, vesselId=9d88f081-6e0f-41e5-9bdb-124b9d9cc3b8, instanceId=SHORE-PROD
[2026-05-20T06:55:56.829Z] [SyncDiag] FIELD-LOGGER: work_orders row=db1495a6-5a1c-47a4-a534-6507cbcc34ac — 1 fields changed, isInsert=false, vesselId=9d88f081-6e0f-41e5-9bdb-124b9d9cc3b8, instanceId=SHORE-PROD
[2026-05-20T06:55:56.855Z] [SyncDiag] FIELD-LOGGER: work_orders row=211c44fe-ca40-478f-8396-925723158eb1 — 1 fields changed, isInsert=false, vesselId=9d88f081-6e0f-41e5-9bdb-124b9d9cc3b8, instanceId=SHORE-PROD
[2026-05-20T06:55:56.880Z] [SyncDiag] FIELD-LOGGER: work_orders row=53d3bf59-fd5b-474d-8430-078870afc8fe — 1 fields changed, isInsert=false, vesselId=9d88f081-6e0f-41e5-9bdb-124b9d9cc3b8, instanceId=SHORE-PROD
[2026-05-20T06:55:56.887Z] [SyncDiag] FIELD-LOGGER: work_orders row=a4685d8c-47fb-4bf4-99bb-4a0641c962ac — 1 fields changed, isInsert=false, vesselId=9d88f081-6e0f-41e5-9bdb-124b9d9cc3b8, instanceId=SHORE-PROD
[2026-05-20T06:55:56.933Z] [SyncDiag] FIELD-LOGGER: work_orders row=830245b3-ea84-4414-b271-c99bde81f231 — 1 fields changed, isInsert=false, vesselId=9d88f081-6e0f-41e5-9bdb-124b9d9cc3b8, instanceId=SHORE-PROD
[2026-05-20T06:55:56.939Z] [SyncDiag] FIELD-LOGGER: work_orders row=0430d2ba-7e70-472b-88dc-b04371fcc164 — 1 fields changed, isInsert=false, vesselId=9d88f081-6e0f-41e5-9bdb-124b9d9cc3b8, instanceId=SHORE-PROD
[2026-05-20T06:55:56.966Z] [SyncDiag] FIELD-LOGGER: work_orders row=7fff32be-c851-4af2-ab55-8496ab7d5953 — 1 fields changed, isInsert=false, vesselId=9d88f081-6e0f-41e5-9bdb-124b9d9cc3b8, instanceId=SHORE-PROD
[2026-05-20T06:55:56.993Z] [SyncDiag] FIELD-LOGGER: work_orders row=de5a311a-b5dd-46c7-b8ec-04acdcece86b — 1 fields changed, isInsert=false, vesselId=9d88f081-6e0f-41e5-9bdb-124b9d9cc3b8, instanceId=SHORE-PROD
[2026-05-20T06:55:57.020Z] [SyncDiag] FIELD-LOGGER: work_orders row=5b049ff0-2c9c-45b4-9fd4-85465a173e41 — 1 fields changed, isInsert=false, vesselId=9d88f081-6e0f-41e5-9bdb-124b9d9cc3b8, instanceId=SHORE-PROD
[2026-05-20T06:55:57.047Z] [SyncDiag] FIELD-LOGGER: work_orders row=964a4783-9cbf-411f-93a4-ee251e71963c — 1 fields changed, isInsert=false, vesselId=9d88f081-6e0f-41e5-9bdb-124b9d9cc3b8, instanceId=SHORE-PROD
[2026-05-20T06:55:57.054Z] [SyncDiag] FIELD-LOGGER: work_orders row=9a3f5935-f18f-4117-9036-4dc7d29ccb35 — 1 fields changed, isInsert=false, vesselId=9d88f081-6e0f-41e5-9bdb-124b9d9cc3b8, instanceId=SHORE-PROD
[2026-05-20T06:55:57.106Z] [SyncDiag] FIELD-LOGGER: work_orders row=b2f865d6-9b93-4976-a41f-ca621ae6d060 — 1 fields changed, isInsert=false, vesselId=9d88f081-6e0f-41e5-9bdb-124b9d9cc3b8, instanceId=SHORE-PROD
[2026-05-20T06:55:57.113Z] [SyncDiag] FIELD-LOGGER: work_orders row=99fb662b-bc12-4268-86b2-2e3db614e44a — 1 fields changed, isInsert=false, vesselId=9d88f081-6e0f-41e5-9bdb-124b9d9cc3b8, instanceId=SHORE-PROD
[2026-05-20T06:55:57.162Z] [SyncDiag] FIELD-LOGGER: work_orders row=d614881d-c6ba-4661-afab-3916ce440257 — 1 fields changed, isInsert=false, vesselId=9d88f081-6e0f-41e5-9bdb-124b9d9cc3b8, instanceId=SHORE-PROD
[2026-05-20T06:55:57.169Z] [SyncDiag] FIELD-LOGGER: work_orders row=48c22fca-147b-479d-b46d-da666f57e864 — 1 fields changed, isInsert=false, vesselId=9d88f081-6e0f-41e5-9bdb-124b9d9cc3b8, instanceId=SHORE-PROD
[2026-05-20T06:55:57.218Z] [SyncDiag] FIELD-LOGGER: work_orders row=88c43062-ab2f-430a-b3fa-c6bc0e57b787 — 1 fields changed, isInsert=false, vesselId=9d88f081-6e0f-41e5-9bdb-124b9d9cc3b8, instanceId=SHORE-PROD
[2026-05-20T06:55:57.225Z] [SyncDiag] FIELD-LOGGER: work_orders row=c306e0b3-842d-43dd-91da-8ece86bda195 — 1 fields changed, isInsert=false, vesselId=9d88f081-6e0f-41e5-9bdb-124b9d9cc3b8, instanceId=SHORE-PROD
[2026-05-20T06:55:57.251Z] [SyncDiag] FIELD-LOGGER: work_orders row=27bdb5c5-573b-46c3-b854-3d180482cac7 — 1 fields changed, isInsert=false, vesselId=9d88f081-6e0f-41e5-9bdb-124b9d9cc3b8, instanceId=SHORE-PROD
[2026-05-20T06:55:57.277Z] [SyncDiag] FIELD-LOGGER: work_orders row=0d3114f4-83ef-4976-a3e8-0f93dd4db2dc — 1 fields changed, isInsert=false, vesselId=9d88f081-6e0f-41e5-9bdb-124b9d9cc3b8, instanceId=SHORE-PROD
[2026-05-20T06:55:57.283Z] [SyncDiag] FIELD-LOGGER: work_orders row=2cbd99cd-3c55-46d4-ac11-0ebc117fd41f — 1 fields changed, isInsert=false, vesselId=9d88f081-6e0f-41e5-9bdb-124b9d9cc3b8, instanceId=SHORE-PROD
[2026-05-20T06:55:57.331Z] [SyncDiag] FIELD-LOGGER: work_orders row=5c164853-dcb6-4df1-80e4-9305dce047ab — 1 fields changed, isInsert=false, vesselId=9d88f081-6e0f-41e5-9bdb-124b9d9cc3b8, instanceId=SHORE-PROD
[2026-05-20T06:55:57.337Z] [SyncDiag] FIELD-LOGGER: work_orders row=1338a271-f821-4dc7-879b-f1b1cd43aa69 — 1 fields changed, isInsert=false, vesselId=9d88f081-6e0f-41e5-9bdb-124b9d9cc3b8, instanceId=SHORE-PROD
[2026-05-20T06:55:57.364Z] [SyncDiag] FIELD-LOGGER: work_orders row=ef161c34-cf8c-4cbb-8f3f-f8f32ce101df — 1 fields changed, isInsert=false, vesselId=9d88f081-6e0f-41e5-9bdb-124b9d9cc3b8, instanceId=SHORE-PROD
[2026-05-20T06:55:57.390Z] [SyncDiag] FIELD-LOGGER: work_orders row=2399e04d-b310-42c5-a4e0-878ae1cfec6e — 1 fields changed, isInsert=false, vesselId=9d88f081-6e0f-41e5-9bdb-124b9d9cc3b8, instanceId=SHORE-PROD
[2026-05-20T06:55:57.420Z] [SyncDiag] FIELD-LOGGER: work_orders row=281d0323-76a2-450c-8412-7eb84b3dda2d — 1 fields changed, isInsert=false, vesselId=9d88f081-6e0f-41e5-9bdb-124b9d9cc3b8, instanceId=SHORE-PROD
[2026-05-20T06:55:57.446Z] [SyncDiag] FIELD-LOGGER: work_orders row=9c837f8b-f8ad-491f-8edf-d42735963837 — 1 fields changed, isInsert=false, vesselId=9d88f081-6e0f-41e5-9bdb-124b9d9cc3b8, instanceId=SHORE-PROD
[2026-05-20T06:55:57.452Z] [SyncDiag] FIELD-LOGGER: work_orders row=a83bc27d-49ce-4be1-adb4-08a9c63aee5d — 1 fields changed, isInsert=false, vesselId=9d88f081-6e0f-41e5-9bdb-124b9d9cc3b8, instanceId=SHORE-PROD
[2026-05-20T06:55:57.501Z] [SyncDiag] FIELD-LOGGER: work_orders row=b9f063d6-1415-486c-994e-3c4ddeb1cc62 — 1 fields changed, isInsert=false, vesselId=9d88f081-6e0f-41e5-9bdb-124b9d9cc3b8, instanceId=SHORE-PROD
[2026-05-20T06:55:57.508Z] [SyncDiag] FIELD-LOGGER: work_orders row=122a311b-5a60-46da-bd6e-eddf30301be9 — 1 fields changed, isInsert=false, vesselId=9d88f081-6e0f-41e5-9bdb-124b9d9cc3b8, instanceId=SHORE-PROD
[2026-05-20T06:55:57.535Z] [SyncDiag] FIELD-LOGGER: work_orders row=fc83e283-7ae1-46bd-b5c3-52b8e9004b52 — 1 fields changed, isInsert=false, vesselId=9d88f081-6e0f-41e5-9bdb-124b9d9cc3b8, instanceId=SHORE-PROD
[2026-05-20T06:55:57.561Z] [SyncDiag] FIELD-LOGGER: work_orders row=2a80c7f4-59d1-4d2a-abf8-ad31d1fd3bbf — 1 fields changed, isInsert=false, vesselId=9d88f081-6e0f-41e5-9bdb-124b9d9cc3b8, instanceId=SHORE-PROD
[2026-05-20T06:55:57.569Z] [SyncDiag] FIELD-LOGGER: work_orders row=a60b5b0b-ffa3-4e5b-a6d3-9078537f87ab — 1 fields changed, isInsert=false, vesselId=9d88f081-6e0f-41e5-9bdb-124b9d9cc3b8, instanceId=SHORE-PROD
[2026-05-20T06:55:57.595Z] [SyncDiag] FIELD-LOGGER: work_orders row=479c3cb6-4ebe-4763-a2eb-3211c382186b — 1 fields changed, isInsert=false, vesselId=9d88f081-6e0f-41e5-9bdb-124b9d9cc3b8, instanceId=SHORE-PROD
[2026-05-20T06:55:57.621Z] [SyncDiag] FIELD-LOGGER: work_orders row=0cb62dfb-814a-4661-9165-c8020103f531 — 1 fields changed, isInsert=false, vesselId=9d88f081-6e0f-41e5-9bdb-124b9d9cc3b8, instanceId=SHORE-PROD
[2026-05-20T06:55:57.627Z] [SyncDiag] FIELD-LOGGER: work_orders row=52dadc19-e87c-434d-bd07-a6ec8c02ca97 — 1 fields changed, isInsert=false, vesselId=9d88f081-6e0f-41e5-9bdb-124b9d9cc3b8, instanceId=SHORE-PROD
[2026-05-20T06:55:57.681Z] [SyncDiag] FIELD-LOGGER: work_orders row=53a2c69c-7ee8-4326-a384-4995d7a9b10e — 1 fields changed, isInsert=false, vesselId=9d88f081-6e0f-41e5-9bdb-124b9d9cc3b8, instanceId=SHORE-PROD
[2026-05-20T06:55:57.708Z] [SyncDiag] FIELD-LOGGER: work_orders row=cc4325ad-2e98-4e3f-952d-4f68783d7269 — 1 fields changed, isInsert=false, vesselId=9d88f081-6e0f-41e5-9bdb-124b9d9cc3b8, instanceId=SHORE-PROD
[2026-05-20T06:55:57.735Z] [SyncDiag] FIELD-LOGGER: work_orders row=71319028-9d7a-4dae-957a-fdfd4aa8fcf5 — 1 fields changed, isInsert=false, vesselId=9d88f081-6e0f-41e5-9bdb-124b9d9cc3b8, instanceId=SHORE-PROD
[2026-05-20T06:55:57.761Z] [SyncDiag] FIELD-LOGGER: work_orders row=6c097d81-0138-4130-8212-3c0d6213f29e — 1 fields changed, isInsert=false, vesselId=9d88f081-6e0f-41e5-9bdb-124b9d9cc3b8, instanceId=SHORE-PROD
[2026-05-20T06:55:57.767Z] [SyncDiag] FIELD-LOGGER: work_orders row=dae6f782-e1ba-4c63-9267-bffbf2aaa9f7 — 1 fields changed, isInsert=false, vesselId=9d88f081-6e0f-41e5-9bdb-124b9d9cc3b8, instanceId=SHORE-PROD
[2026-05-20T06:55:57.791Z] [SyncDiag] FIELD-LOGGER: work_orders row=38661e98-2a1b-494e-b8aa-8c9c25564484 — 1 fields changed, isInsert=false, vesselId=9d88f081-6e0f-41e5-9bdb-124b9d9cc3b8, instanceId=SHORE-PROD
[2026-05-20T06:55:57.816Z] [SyncDiag] FIELD-LOGGER: work_orders row=dbab3c26-0bb1-4449-93e1-1cb9f04e95cc — 1 fields changed, isInsert=false, vesselId=9d88f081-6e0f-41e5-9bdb-124b9d9cc3b8, instanceId=SHORE-PROD
[2026-05-20T06:55:57.822Z] [SyncDiag] FIELD-LOGGER: work_orders row=a82a7f5f-b043-4d4d-ad31-d65f45195f16 — 1 fields changed, isInsert=false, vesselId=9d88f081-6e0f-41e5-9bdb-124b9d9cc3b8, instanceId=SHORE-PROD
[2026-05-20T06:55:57.849Z] [SyncDiag] FIELD-LOGGER: work_orders row=ba30b473-6288-460b-8bef-3c25b16a79fd — 1 fields changed, isInsert=false, vesselId=9d88f081-6e0f-41e5-9bdb-124b9d9cc3b8, instanceId=SHORE-PROD
[2026-05-20T06:55:57.873Z] [SyncDiag] FIELD-LOGGER: work_orders row=a92a700b-bc8e-43e0-87df-418523a442b1 — 1 fields changed, isInsert=false, vesselId=9d88f081-6e0f-41e5-9bdb-124b9d9cc3b8, instanceId=SHORE-PROD
[2026-05-20T06:55:57.880Z] [SyncDiag] FIELD-LOGGER: work_orders row=72815feb-47f0-4065-8044-88c9271ebba7 — 1 fields changed, isInsert=false, vesselId=9d88f081-6e0f-41e5-9bdb-124b9d9cc3b8, instanceId=SHORE-PROD
[2026-05-20T06:55:57.906Z] [SyncDiag] FIELD-LOGGER: work_orders row=9e891b90-4147-4615-8f72-39d3d5ae2b71 — 1 fields changed, isInsert=false, vesselId=9d88f081-6e0f-41e5-9bdb-124b9d9cc3b8, instanceId=SHORE-PROD
[2026-05-20T06:55:57.932Z] [SyncDiag] FIELD-LOGGER: work_orders row=8538c204-fa9b-4f3a-aaa4-c0371ec3678a — 1 fields changed, isInsert=false, vesselId=9d88f081-6e0f-41e5-9bdb-124b9d9cc3b8, instanceId=SHORE-PROD
[2026-05-20T06:55:57.960Z] [SyncDiag] FIELD-LOGGER: work_orders row=9da240ab-7faf-4d0a-93dd-32068ae5a128 — 1 fields changed, isInsert=false, vesselId=9d88f081-6e0f-41e5-9bdb-124b9d9cc3b8, instanceId=SHORE-PROD
[2026-05-20T06:55:57.990Z] [SyncDiag] FIELD-LOGGER: work_orders row=52baef35-e90b-4da7-938e-317bfccc34a5 — 1 fields changed, isInsert=false, vesselId=9d88f081-6e0f-41e5-9bdb-124b9d9cc3b8, instanceId=SHORE-PROD
[2026-05-20T06:55:57.998Z] [SyncDiag] FIELD-LOGGER: work_orders row=b5bb061a-dde7-4a3c-9fd2-222b18835c14 — 1 fields changed, isInsert=false, vesselId=9d88f081-6e0f-41e5-9bdb-124b9d9cc3b8, instanceId=SHORE-PROD
[2026-05-20T06:55:58.042Z] [SyncDiag] FIELD-LOGGER: work_orders row=1d376cb5-185f-4766-b946-1b5df5f05bf0 — 1 fields changed, isInsert=false, vesselId=9d88f081-6e0f-41e5-9bdb-124b9d9cc3b8, instanceId=SHORE-PROD
[2026-05-20T06:55:58.049Z] [SyncDiag] FIELD-LOGGER: work_orders row=40a76177-8a85-44c7-8ff6-7db145212b54 — 1 fields changed, isInsert=false, vesselId=9d88f081-6e0f-41e5-9bdb-124b9d9cc3b8, instanceId=SHORE-PROD
[2026-05-20T06:55:58.055Z] [SyncDiag] FIELD-LOGGER: work_orders row=d4f899bf-0055-4268-bb12-43d16cde86de — 1 fields changed, isInsert=false, vesselId=9d88f081-6e0f-41e5-9bdb-124b9d9cc3b8, instanceId=SHORE-PROD
[2026-05-20T06:55:58.062Z] [SyncDiag] FIELD-LOGGER: work_orders row=43aa0a75-dfa7-414a-9147-5b5ba0132c1f — 1 fields changed, isInsert=false, vesselId=9d88f081-6e0f-41e5-9bdb-124b9d9cc3b8, instanceId=SHORE-PROD
[2026-05-20T06:55:58.068Z] [SyncDiag] FIELD-LOGGER: work_orders row=4a465ce2-3467-4c5c-a88b-ca37c7fb5d99 — 1 fields changed, isInsert=false, vesselId=9d88f081-6e0f-41e5-9bdb-124b9d9cc3b8, instanceId=SHORE-PROD
[2026-05-20T06:55:58.074Z] [SyncDiag] FIELD-LOGGER: work_orders row=9b4d3f80-bccf-4bb8-9b54-8f7d82c03742 — 1 fields changed, isInsert=false, vesselId=9d88f081-6e0f-41e5-9bdb-124b9d9cc3b8, instanceId=SHORE-PROD
[2026-05-20T06:55:58.081Z] [SyncDiag] FIELD-LOGGER: work_orders row=f8b28403-b55b-4fd9-9542-159190e7fb89 — 1 fields changed, isInsert=false, vesselId=9d88f081-6e0f-41e5-9bdb-124b9d9cc3b8, instanceId=SHORE-PROD
[2026-05-20T06:55:58.087Z] [SyncDiag] FIELD-LOGGER: work_orders row=2d05c396-c93d-4958-9bb3-3ab08a419d63 — 1 fields changed, isInsert=false, vesselId=9d88f081-6e0f-41e5-9bdb-124b9d9cc3b8, instanceId=SHORE-PROD
[2026-05-20T06:55:58.093Z] [SyncDiag] FIELD-LOGGER: work_orders row=21704bd5-d4bc-4bed-83a8-cb722a90a99b — 1 fields changed, isInsert=false, vesselId=9d88f081-6e0f-41e5-9bdb-124b9d9cc3b8, instanceId=SHORE-PROD
[2026-05-20T06:55:58.100Z] [SyncDiag] FIELD-LOGGER: work_orders row=d86ce624-5ae4-4373-b30b-2d90f1437f80 — 1 fields changed, isInsert=false, vesselId=9d88f081-6e0f-41e5-9bdb-124b9d9cc3b8, instanceId=SHORE-PROD
[2026-05-20T06:55:58.107Z] [SyncDiag] FIELD-LOGGER: work_orders row=739258b0-05aa-4b13-9583-02c1cf258e1f — 1 fields changed, isInsert=false, vesselId=9d88f081-6e0f-41e5-9bdb-124b9d9cc3b8, instanceId=SHORE-PROD
[2026-05-20T06:55:58.113Z] [SyncDiag] FIELD-LOGGER: work_orders row=13fb586e-8ba4-4f3f-ae0a-5a99dfebd1d5 — 1 fields changed, isInsert=false, vesselId=9d88f081-6e0f-41e5-9bdb-124b9d9cc3b8, instanceId=SHORE-PROD
[2026-05-20T06:55:58.120Z] [SyncDiag] FIELD-LOGGER: work_orders row=b0edfa35-ee49-4fd0-8065-a250a9094248 — 1 fields changed, isInsert=false, vesselId=9d88f081-6e0f-41e5-9bdb-124b9d9cc3b8, instanceId=SHORE-PROD
[2026-05-20T06:55:58.127Z] [SyncDiag] FIELD-LOGGER: work_orders row=533bfd52-a4db-4c41-b82a-ed039794af49 — 1 fields changed, isInsert=false, vesselId=9d88f081-6e0f-41e5-9bdb-124b9d9cc3b8, instanceId=SHORE-PROD
[2026-05-20T06:55:58.133Z] [SyncDiag] FIELD-LOGGER: work_orders row=43f36d7d-3221-4c06-b643-d6027bfc16c8 — 1 fields changed, isInsert=false, vesselId=9d88f081-6e0f-41e5-9bdb-124b9d9cc3b8, instanceId=SHORE-PROD
[2026-05-20T06:55:58.139Z] [SyncDiag] FIELD-LOGGER: work_orders row=a0feaa6c-e01d-4f80-b9cc-d6ea390f677a — 1 fields changed, isInsert=false, vesselId=9d88f081-6e0f-41e5-9bdb-124b9d9cc3b8, instanceId=SHORE-PROD
[2026-05-20T06:55:58.146Z] [SyncDiag] FIELD-LOGGER: work_orders row=3f34f34e-1dde-4b30-a093-2143c0ffdea0 — 1 fields changed, isInsert=false, vesselId=9d88f081-6e0f-41e5-9bdb-124b9d9cc3b8, instanceId=SHORE-PROD
[2026-05-20T06:55:58.152Z] [SyncDiag] FIELD-LOGGER: work_orders row=b4defff0-5f0b-46e1-83be-2eb4f3ab4bd9 — 1 fields changed, isInsert=false, vesselId=9d88f081-6e0f-41e5-9bdb-124b9d9cc3b8, instanceId=SHORE-PROD
[2026-05-20T06:55:58.159Z] [SyncDiag] FIELD-LOGGER: work_orders row=336fc7df-6b28-4f41-ac4b-d3da18362ac4 — 1 fields changed, isInsert=false, vesselId=9d88f081-6e0f-41e5-9bdb-124b9d9cc3b8, instanceId=SHORE-PROD
[2026-05-20T06:55:58.166Z] [SyncDiag] FIELD-LOGGER: work_orders row=1474b5df-d68e-4909-97bc-2fb4c1c7c86c — 1 fields changed, isInsert=false, vesselId=9d88f081-6e0f-41e5-9bdb-124b9d9cc3b8, instanceId=SHORE-PROD
[2026-05-20T06:55:58.215Z] [SyncDiag] FIELD-LOGGER: work_orders row=945c4a10-db40-4224-a132-e7117b6770d6 — 1 fields changed, isInsert=false, vesselId=9d88f081-6e0f-41e5-9bdb-124b9d9cc3b8, instanceId=SHORE-PROD
[2026-05-20T06:55:58.222Z] [SyncDiag] FIELD-LOGGER: work_orders row=a2b1f79c-ec47-47de-b690-6655a859bc99 — 1 fields changed, isInsert=false, vesselId=9d88f081-6e0f-41e5-9bdb-124b9d9cc3b8, instanceId=SHORE-PROD
[2026-05-20T06:55:58.248Z] [SyncDiag] FIELD-LOGGER: work_orders row=e5e545ff-91df-4985-a457-2eff0cded2fa — 1 fields changed, isInsert=false, vesselId=9d88f081-6e0f-41e5-9bdb-124b9d9cc3b8, instanceId=SHORE-PROD
[2026-05-20T06:55:58.275Z] [SyncDiag] FIELD-LOGGER: work_orders row=de75aa47-71ef-4d9a-9953-c94a9a4085cc — 1 fields changed, isInsert=false, vesselId=9d88f081-6e0f-41e5-9bdb-124b9d9cc3b8, instanceId=SHORE-PROD
[2026-05-20T06:55:58.281Z] [SyncDiag] FIELD-LOGGER: work_orders row=8737c220-c2c4-405d-a80e-cb5bc947e82d — 1 fields changed, isInsert=false, vesselId=9d88f081-6e0f-41e5-9bdb-124b9d9cc3b8, instanceId=SHORE-PROD
[2026-05-20T06:55:58.328Z] [SyncDiag] FIELD-LOGGER: work_orders row=9ec17bce-b38f-432f-a7ae-552fca5d9821 — 1 fields changed, isInsert=false, vesselId=9d88f081-6e0f-41e5-9bdb-124b9d9cc3b8, instanceId=SHORE-PROD
[2026-05-20T06:55:58.336Z] [SyncDiag] FIELD-LOGGER: work_orders row=9299c46e-58a0-4b6d-9200-1e783b3e3078 — 1 fields changed, isInsert=false, vesselId=9d88f081-6e0f-41e5-9bdb-124b9d9cc3b8, instanceId=SHORE-PROD
[2026-05-20T06:55:58.360Z] [SyncDiag] FIELD-LOGGER: work_orders row=30a5c2ab-a2cb-4f20-9312-5a8d680860e3 — 1 fields changed, isInsert=false, vesselId=9d88f081-6e0f-41e5-9bdb-124b9d9cc3b8, instanceId=SHORE-PROD
[2026-05-20T06:55:58.385Z] [SyncDiag] FIELD-LOGGER: work_orders row=3a78ddf4-420f-4ecb-8c10-83da6ec5938c — 1 fields changed, isInsert=false, vesselId=9d88f081-6e0f-41e5-9bdb-124b9d9cc3b8, instanceId=SHORE-PROD
[2026-05-20T06:55:58.392Z] [SyncDiag] FIELD-LOGGER: work_orders row=29bbd3f9-fa8e-4a61-baad-c7ca2029f25a — 1 fields changed, isInsert=false, vesselId=9d88f081-6e0f-41e5-9bdb-124b9d9cc3b8, instanceId=SHORE-PROD
[2026-05-20T06:55:58.437Z] [SyncDiag] FIELD-LOGGER: work_orders row=deb548dc-2b0a-4425-a229-11acf1b74a9c — 1 fields changed, isInsert=false, vesselId=9d88f081-6e0f-41e5-9bdb-124b9d9cc3b8, instanceId=SHORE-PROD
[2026-05-20T06:55:58.444Z] [SyncDiag] FIELD-LOGGER: work_orders row=daa50af8-e81c-411a-82b0-142f3903574f — 1 fields changed, isInsert=false, vesselId=9d88f081-6e0f-41e5-9bdb-124b9d9cc3b8, instanceId=SHORE-PROD
[2026-05-20T06:55:58.469Z] [SyncDiag] FIELD-LOGGER: work_orders row=80c73db7-62b0-4c94-861d-4129b16ed909 — 1 fields changed, isInsert=false, vesselId=9d88f081-6e0f-41e5-9bdb-124b9d9cc3b8, instanceId=SHORE-PROD
[2026-05-20T06:55:58.498Z] [SyncDiag] FIELD-LOGGER: work_orders row=b2596b8b-4355-4c1d-ae8d-660880295a31 — 1 fields changed, isInsert=false, vesselId=9d88f081-6e0f-41e5-9bdb-124b9d9cc3b8, instanceId=SHORE-PROD
[2026-05-20T06:55:58.505Z] [SyncDiag] FIELD-LOGGER: work_orders row=bb7fdf99-2f35-4cba-a871-37c0e04ae781 — 1 fields changed, isInsert=false, vesselId=9d88f081-6e0f-41e5-9bdb-124b9d9cc3b8, instanceId=SHORE-PROD
[2026-05-20T06:55:58.533Z] [SyncDiag] FIELD-LOGGER: work_orders row=fb24b928-0a36-4a3b-bb73-bf5f845d5ca8 — 1 fields changed, isInsert=false, vesselId=9d88f081-6e0f-41e5-9bdb-124b9d9cc3b8, instanceId=SHORE-PROD
[2026-05-20T06:55:58.560Z] [SyncDiag] FIELD-LOGGER: work_orders row=668dae3d-5639-472f-8921-0ef57b7cd142 — 1 fields changed, isInsert=false, vesselId=9d88f081-6e0f-41e5-9bdb-124b9d9cc3b8, instanceId=SHORE-PROD
[2026-05-20T06:55:58.567Z] [SyncDiag] FIELD-LOGGER: work_orders row=35acc3f1-cc14-4b92-9ee1-598593030195 — 1 fields changed, isInsert=false, vesselId=9d88f081-6e0f-41e5-9bdb-124b9d9cc3b8, instanceId=SHORE-PROD
[2026-05-20T06:55:58.596Z] [SyncDiag] FIELD-LOGGER: work_orders row=f0bdfb92-f20c-4931-93cf-5ab8213a695e — 1 fields changed, isInsert=false, vesselId=9d88f081-6e0f-41e5-9bdb-124b9d9cc3b8, instanceId=SHORE-PROD
[2026-05-20T06:55:58.619Z] [SyncDiag] FIELD-LOGGER: work_orders row=ae4cda42-9d5b-4bee-b305-53f4a462d6a6 — 1 fields changed, isInsert=false, vesselId=9d88f081-6e0f-41e5-9bdb-124b9d9cc3b8, instanceId=SHORE-PROD
[2026-05-20T06:55:58.626Z] [SyncDiag] FIELD-LOGGER: work_orders row=72070f63-f4ab-4cd0-82da-833bf6b2f604 — 1 fields changed, isInsert=false, vesselId=9d88f081-6e0f-41e5-9bdb-124b9d9cc3b8, instanceId=SHORE-PROD
[2026-05-20T06:55:58.652Z] [SyncDiag] FIELD-LOGGER: work_orders row=1f6efa82-c5c6-47d4-9ca7-392fb8d73fed — 1 fields changed, isInsert=false, vesselId=9d88f081-6e0f-41e5-9bdb-124b9d9cc3b8, instanceId=SHORE-PROD
[2026-05-20T06:55:58.677Z] [SyncDiag] FIELD-LOGGER: work_orders row=5234aa8e-5aec-4351-8639-b7f5775c9ce2 — 1 fields changed, isInsert=false, vesselId=9d88f081-6e0f-41e5-9bdb-124b9d9cc3b8, instanceId=SHORE-PROD
[2026-05-20T06:55:58.685Z] [SyncDiag] FIELD-LOGGER: work_orders row=47c064a3-de25-4673-956f-42a3f8f25375 — 1 fields changed, isInsert=false, vesselId=9d88f081-6e0f-41e5-9bdb-124b9d9cc3b8, instanceId=SHORE-PROD
[2026-05-20T06:55:58.730Z] [SyncDiag] FIELD-LOGGER: work_orders row=847093ea-035b-48ea-8ffd-b283afe4c2a2 — 1 fields changed, isInsert=false, vesselId=9d88f081-6e0f-41e5-9bdb-124b9d9cc3b8, instanceId=SHORE-PROD
[2026-05-20T06:55:58.737Z] [SyncDiag] FIELD-LOGGER: work_orders row=14987bd2-cf49-4f13-bdba-3a5197ea5ec1 — 1 fields changed, isInsert=false, vesselId=9d88f081-6e0f-41e5-9bdb-124b9d9cc3b8, instanceId=SHORE-PROD
[2026-05-20T06:55:58.763Z] [SyncDiag] FIELD-LOGGER: work_orders row=3620d113-ce51-49a5-90ac-ab3f22c488b5 — 1 fields changed, isInsert=false, vesselId=9d88f081-6e0f-41e5-9bdb-124b9d9cc3b8, instanceId=SHORE-PROD
[2026-05-20T06:55:58.787Z] [SyncDiag] FIELD-LOGGER: work_orders row=c2014aa0-daec-40eb-8c5b-21ff3da4402c — 1 fields changed, isInsert=false, vesselId=9d88f081-6e0f-41e5-9bdb-124b9d9cc3b8, instanceId=SHORE-PROD
[2026-05-20T06:55:58.794Z] [SyncDiag] FIELD-LOGGER: work_orders row=c84e7f25-6647-4617-b20f-24aedc987de1 — 1 fields changed, isInsert=false, vesselId=9d88f081-6e0f-41e5-9bdb-124b9d9cc3b8, instanceId=SHORE-PROD
[2026-05-20T06:55:58.860Z] [SyncDiag] FIELD-LOGGER: work_orders row=30ad060d-02d6-437f-a652-a62242486f8b — 1 fields changed, isInsert=false, vesselId=9d88f081-6e0f-41e5-9bdb-124b9d9cc3b8, instanceId=SHORE-PROD
[2026-05-20T06:55:58.867Z] [SyncDiag] FIELD-LOGGER: work_orders row=9b22f302-cfd1-401b-a4de-5bc21f465e9d — 1 fields changed, isInsert=false, vesselId=9d88f081-6e0f-41e5-9bdb-124b9d9cc3b8, instanceId=SHORE-PROD
[2026-05-20T06:55:58.939Z] [SyncDiag] FIELD-LOGGER: work_orders row=00f39c30-c13c-4d39-a668-8d8424877a8b — 1 fields changed, isInsert=false, vesselId=9d88f081-6e0f-41e5-9bdb-124b9d9cc3b8, instanceId=SHORE-PROD
[2026-05-20T06:55:58.956Z] [SyncDiag] FIELD-LOGGER: work_orders row=51980cbf-287d-4ce9-8117-54f5ce37990d — 1 fields changed, isInsert=false, vesselId=9d88f081-6e0f-41e5-9bdb-124b9d9cc3b8, instanceId=SHORE-PROD
[2026-05-20T06:55:58.981Z] [SyncDiag] FIELD-LOGGER: work_orders row=9749bbc2-11ba-4f7d-bc37-3a95d95d6f86 — 1 fields changed, isInsert=false, vesselId=9d88f081-6e0f-41e5-9bdb-124b9d9cc3b8, instanceId=SHORE-PROD
[2026-05-20T06:55:59.005Z] [SyncDiag] FIELD-LOGGER: work_orders row=29483e08-15cc-4665-95a8-ec1a85d85c34 — 1 fields changed, isInsert=false, vesselId=9d88f081-6e0f-41e5-9bdb-124b9d9cc3b8, instanceId=SHORE-PROD
[2026-05-20T06:55:59.011Z] [SyncDiag] FIELD-LOGGER: work_orders row=f00e77e8-0682-4621-a4f3-51e609214f1e — 1 fields changed, isInsert=false, vesselId=9d88f081-6e0f-41e5-9bdb-124b9d9cc3b8, instanceId=SHORE-PROD
[2026-05-20T06:55:59.058Z] [SyncDiag] FIELD-LOGGER: work_orders row=36191203-298b-473f-a88c-697b23db5653 — 1 fields changed, isInsert=false, vesselId=9d88f081-6e0f-41e5-9bdb-124b9d9cc3b8, instanceId=SHORE-PROD
[2026-05-20T06:55:59.065Z] [SyncDiag] FIELD-LOGGER: work_orders row=7fef1c79-5838-4ebe-8cc3-380577443ede — 1 fields changed, isInsert=false, vesselId=9d88f081-6e0f-41e5-9bdb-124b9d9cc3b8, instanceId=SHORE-PROD
[2026-05-20T06:55:59.091Z] [SyncDiag] FIELD-LOGGER: work_orders row=4e94e4fa-624e-468a-ad27-f879780d8d4c — 1 fields changed, isInsert=false, vesselId=9d88f081-6e0f-41e5-9bdb-124b9d9cc3b8, instanceId=SHORE-PROD
[2026-05-20T06:55:59.116Z] [SyncDiag] FIELD-LOGGER: work_orders row=8511a6b8-2287-4152-a1a8-a95a656c6e0c — 1 fields changed, isInsert=false, vesselId=9d88f081-6e0f-41e5-9bdb-124b9d9cc3b8, instanceId=SHORE-PROD
[2026-05-20T06:55:59.123Z] [SyncDiag] FIELD-LOGGER: work_orders row=eb95d4f9-4cb8-4ca3-897f-41d8b47d7f77 — 1 fields changed, isInsert=false, vesselId=9d88f081-6e0f-41e5-9bdb-124b9d9cc3b8, instanceId=SHORE-PROD
[2026-05-20T06:55:59.170Z] [SyncDiag] FIELD-LOGGER: work_orders row=af76c769-4f25-402c-92bc-5f70083f86c9 — 1 fields changed, isInsert=false, vesselId=9d88f081-6e0f-41e5-9bdb-124b9d9cc3b8, instanceId=SHORE-PROD
[2026-05-20T06:55:59.178Z] [SyncDiag] FIELD-LOGGER: work_orders row=097b3bfc-6d10-42d3-a3ef-1d83fa6f5674 — 1 fields changed, isInsert=false, vesselId=9d88f081-6e0f-41e5-9bdb-124b9d9cc3b8, instanceId=SHORE-PROD
[2026-05-20T06:55:59.184Z] [SyncDiag] FIELD-LOGGER: work_orders row=7a8237fe-e082-4b41-a77e-4e408ceef235 — 1 fields changed, isInsert=false, vesselId=9d88f081-6e0f-41e5-9bdb-124b9d9cc3b8, instanceId=SHORE-PROD
[2026-05-20T06:55:59.211Z] [SyncDiag] FIELD-LOGGER: work_orders row=18522e41-a1a6-45fc-96ac-8f6669d84640 — 1 fields changed, isInsert=false, vesselId=9d88f081-6e0f-41e5-9bdb-124b9d9cc3b8, instanceId=SHORE-PROD
[2026-05-20T06:55:59.241Z] [SyncDiag] FIELD-LOGGER: work_orders row=1488d6ef-3fd5-4ead-bd06-b46b4716a40c — 1 fields changed, isInsert=false, vesselId=9d88f081-6e0f-41e5-9bdb-124b9d9cc3b8, instanceId=SHORE-PROD
[2026-05-20T06:55:59.247Z] [SyncDiag] FIELD-LOGGER: work_orders row=c4ab2299-3dfc-4eac-a198-d9646265f35c — 1 fields changed, isInsert=false, vesselId=9d88f081-6e0f-41e5-9bdb-124b9d9cc3b8, instanceId=SHORE-PROD
[2026-05-20T06:55:59.273Z] [SyncDiag] FIELD-LOGGER: work_orders row=f666af58-720e-47e6-ac50-a888949ee47c — 1 fields changed, isInsert=false, vesselId=9d88f081-6e0f-41e5-9bdb-124b9d9cc3b8, instanceId=SHORE-PROD
[2026-05-20T06:55:59.297Z] [SyncDiag] FIELD-LOGGER: work_orders row=d9332bd9-4ae1-4992-a84c-87d865448268 — 1 fields changed, isInsert=false, vesselId=9d88f081-6e0f-41e5-9bdb-124b9d9cc3b8, instanceId=SHORE-PROD
[2026-05-20T06:55:59.303Z] [SyncDiag] FIELD-LOGGER: work_orders row=ddbad08c-1d17-4840-99a7-bb555e5e38e5 — 1 fields changed, isInsert=false, vesselId=9d88f081-6e0f-41e5-9bdb-124b9d9cc3b8, instanceId=SHORE-PROD
[2026-05-20T06:55:59.351Z] [SyncDiag] FIELD-LOGGER: work_orders row=27fedcf3-2f7d-4f35-9b95-ad3bce4eae0f — 1 fields changed, isInsert=false, vesselId=9d88f081-6e0f-41e5-9bdb-124b9d9cc3b8, instanceId=SHORE-PROD
[2026-05-20T06:55:59.360Z] [SyncDiag] FIELD-LOGGER: work_orders row=ca2ab1f6-8e96-4c08-8c7e-6d96c83707c6 — 1 fields changed, isInsert=false, vesselId=9d88f081-6e0f-41e5-9bdb-124b9d9cc3b8, instanceId=SHORE-PROD
[2026-05-20T06:55:59.387Z] [SyncDiag] FIELD-LOGGER: work_orders row=9a3e5201-8f83-4368-a470-2277e00571ac — 1 fields changed, isInsert=false, vesselId=9d88f081-6e0f-41e5-9bdb-124b9d9cc3b8, instanceId=SHORE-PROD
[2026-05-20T06:55:59.414Z] [SyncDiag] FIELD-LOGGER: work_orders row=838b6d59-fadc-4bb5-91bc-8a182c89027e — 1 fields changed, isInsert=false, vesselId=9d88f081-6e0f-41e5-9bdb-124b9d9cc3b8, instanceId=SHORE-PROD
[2026-05-20T06:55:59.421Z] [SyncDiag] FIELD-LOGGER: work_orders row=82965436-ab40-4a23-ac6f-1c781c8c929f — 1 fields changed, isInsert=false, vesselId=9d88f081-6e0f-41e5-9bdb-124b9d9cc3b8, instanceId=SHORE-PROD
[2026-05-20T06:55:59.448Z] [SyncDiag] FIELD-LOGGER: work_orders row=c6d61210-b071-4a50-9ba3-853c3285f59a — 1 fields changed, isInsert=false, vesselId=9d88f081-6e0f-41e5-9bdb-124b9d9cc3b8, instanceId=SHORE-PROD
[2026-05-20T06:55:59.472Z] [SyncDiag] FIELD-LOGGER: work_orders row=f11107be-de92-43d2-89c8-9a933425f8a1 — 1 fields changed, isInsert=false, vesselId=9d88f081-6e0f-41e5-9bdb-124b9d9cc3b8, instanceId=SHORE-PROD
[2026-05-20T06:55:59.477Z] [SyncDiag] FIELD-LOGGER: work_orders row=1b532542-7963-469d-b959-6b5214be3cb5 — 1 fields changed, isInsert=false, vesselId=9d88f081-6e0f-41e5-9bdb-124b9d9cc3b8, instanceId=SHORE-PROD
[2026-05-20T06:55:59.526Z] [SyncDiag] FIELD-LOGGER: work_orders row=4b8f250a-dcc4-4757-b338-08559baa0ec8 — 1 fields changed, isInsert=false, vesselId=9d88f081-6e0f-41e5-9bdb-124b9d9cc3b8, instanceId=SHORE-PROD
[2026-05-20T06:55:59.533Z] [SyncDiag] FIELD-LOGGER: work_orders row=d6b14f53-0b1b-4813-97fb-bbcdbe6ee54a — 1 fields changed, isInsert=false, vesselId=9d88f081-6e0f-41e5-9bdb-124b9d9cc3b8, instanceId=SHORE-PROD
[2026-05-20T06:55:59.581Z] [SyncDiag] FIELD-LOGGER: work_orders row=7392b8f1-90b7-4d2c-a34b-bc58f6cf99d4 — 1 fields changed, isInsert=false, vesselId=9d88f081-6e0f-41e5-9bdb-124b9d9cc3b8, instanceId=SHORE-PROD
[2026-05-20T06:55:59.588Z] [SyncDiag] FIELD-LOGGER: work_orders row=6b7683bb-ccb6-4307-aba6-5357b12e9adf — 1 fields changed, isInsert=false, vesselId=9d88f081-6e0f-41e5-9bdb-124b9d9cc3b8, instanceId=SHORE-PROD
[2026-05-20T06:55:59.662Z] [SyncDiag] FIELD-LOGGER: work_orders row=e3f0be4b-9d2a-4ce9-8b4d-b9189bc5df1a — 1 fields changed, isInsert=false, vesselId=9d88f081-6e0f-41e5-9bdb-124b9d9cc3b8, instanceId=SHORE-PROD
[2026-05-20T06:55:59.669Z] [SyncDiag] FIELD-LOGGER: work_orders row=bd0d4291-9bf9-4bb9-b662-33c10367921d — 1 fields changed, isInsert=false, vesselId=9d88f081-6e0f-41e5-9bdb-124b9d9cc3b8, instanceId=SHORE-PROD
[2026-05-20T06:55:59.717Z] [SyncDiag] FIELD-LOGGER: work_orders row=d33cedaf-7e1e-4536-8284-0ab957b901a0 — 1 fields changed, isInsert=false, vesselId=9d88f081-6e0f-41e5-9bdb-124b9d9cc3b8, instanceId=SHORE-PROD
[2026-05-20T06:55:59.724Z] [SyncDiag] FIELD-LOGGER: work_orders row=d5639879-b818-42fa-b54c-0870b8f3198d — 1 fields changed, isInsert=false, vesselId=9d88f081-6e0f-41e5-9bdb-124b9d9cc3b8, instanceId=SHORE-PROD
[2026-05-20T06:55:59.771Z] [SyncDiag] FIELD-LOGGER: work_orders row=43f1858b-2fd0-4721-8116-904f781a200b — 1 fields changed, isInsert=false, vesselId=9d88f081-6e0f-41e5-9bdb-124b9d9cc3b8, instanceId=SHORE-PROD
[2026-05-20T06:55:59.777Z] [SyncDiag] FIELD-LOGGER: work_orders row=c8c53ed7-c650-4f7c-a7e1-1315f572f9e4 — 1 fields changed, isInsert=false, vesselId=9d88f081-6e0f-41e5-9bdb-124b9d9cc3b8, instanceId=SHORE-PROD
[2026-05-20T06:55:59.804Z] [SyncDiag] FIELD-LOGGER: work_orders row=82c77fc9-74b2-49c9-80be-e526ee22e6a3 — 1 fields changed, isInsert=false, vesselId=9d88f081-6e0f-41e5-9bdb-124b9d9cc3b8, instanceId=SHORE-PROD
[2026-05-20T06:55:59.830Z] [SyncDiag] FIELD-LOGGER: work_orders row=a7287d8f-4361-48ea-a1f7-5dd5a1cf5e7f — 1 fields changed, isInsert=false, vesselId=9d88f081-6e0f-41e5-9bdb-124b9d9cc3b8, instanceId=SHORE-PROD
[2026-05-20T06:55:59.837Z] [SyncDiag] FIELD-LOGGER: work_orders row=4c5e50a7-cf17-4a61-b977-ad729aa80657 — 1 fields changed, isInsert=false, vesselId=9d88f081-6e0f-41e5-9bdb-124b9d9cc3b8, instanceId=SHORE-PROD
[2026-05-20T06:55:59.867Z] [SyncDiag] FIELD-LOGGER: work_orders row=6ddcec70-c7b5-4023-9672-6af9b9dcee8c — 1 fields changed, isInsert=false, vesselId=9d88f081-6e0f-41e5-9bdb-124b9d9cc3b8, instanceId=SHORE-PROD
[2026-05-20T06:55:59.895Z] [SyncDiag] FIELD-LOGGER: work_orders row=9dc8317b-8820-4de3-ae83-0f5e115ca840 — 1 fields changed, isInsert=false, vesselId=9d88f081-6e0f-41e5-9bdb-124b9d9cc3b8, instanceId=SHORE-PROD
[2026-05-20T06:55:59.902Z] [SyncDiag] FIELD-LOGGER: work_orders row=4ed869ab-8064-45a4-8656-8c7d86097ca4 — 1 fields changed, isInsert=false, vesselId=9d88f081-6e0f-41e5-9bdb-124b9d9cc3b8, instanceId=SHORE-PROD
[2026-05-20T06:55:59.953Z] [SyncDiag] FIELD-LOGGER: work_orders row=e6661f42-73f7-43c3-b2b2-19bca1dde110 — 1 fields changed, isInsert=false, vesselId=9d88f081-6e0f-41e5-9bdb-124b9d9cc3b8, instanceId=SHORE-PROD
[2026-05-20T06:55:59.960Z] [SyncDiag] FIELD-LOGGER: work_orders row=07f35276-c3d6-4a16-890f-6e833b8e015a — 1 fields changed, isInsert=false, vesselId=9d88f081-6e0f-41e5-9bdb-124b9d9cc3b8, instanceId=SHORE-PROD
[2026-05-20T06:55:59.988Z] [SyncDiag] FIELD-LOGGER: work_orders row=c2456948-b4aa-4103-9b46-fa5b94ff3be9 — 1 fields changed, isInsert=false, vesselId=9d88f081-6e0f-41e5-9bdb-124b9d9cc3b8, instanceId=SHORE-PROD
[2026-05-20T06:56:00.020Z] [SyncDiag] FIELD-LOGGER: work_orders row=7d649b4c-86df-42f1-aa2c-b43141cc8d64 — 1 fields changed, isInsert=false, vesselId=9d88f081-6e0f-41e5-9bdb-124b9d9cc3b8, instanceId=SHORE-PROD
[2026-05-20T06:56:00.027Z] [SyncDiag] FIELD-LOGGER: work_orders row=ff48057d-7b65-4835-9035-5e398d105e8f — 1 fields changed, isInsert=false, vesselId=9d88f081-6e0f-41e5-9bdb-124b9d9cc3b8, instanceId=SHORE-PROD
[2026-05-20T06:56:00.035Z] [SyncDiag] FIELD-LOGGER: work_orders row=8549b2e5-db3e-481e-ab92-587286d8ae61 — 1 fields changed, isInsert=false, vesselId=9d88f081-6e0f-41e5-9bdb-124b9d9cc3b8, instanceId=SHORE-PROD
[2026-05-20T06:56:00.087Z] [SyncDiag] FIELD-LOGGER: work_orders row=4f26acd1-2131-4df0-b22c-6d13d6c5e9ac — 1 fields changed, isInsert=false, vesselId=9d88f081-6e0f-41e5-9bdb-124b9d9cc3b8, instanceId=SHORE-PROD
[2026-05-20T06:56:00.094Z] [SyncDiag] FIELD-LOGGER: work_orders row=4c757f8b-c900-4ba7-b9ac-85f41bc97675 — 1 fields changed, isInsert=false, vesselId=9d88f081-6e0f-41e5-9bdb-124b9d9cc3b8, instanceId=SHORE-PROD
[2026-05-20T06:56:00.124Z] [SyncDiag] FIELD-LOGGER: work_orders row=d2cb3e7b-577c-41b7-8d3d-eb3ffffda6d0 — 1 fields changed, isInsert=false, vesselId=9d88f081-6e0f-41e5-9bdb-124b9d9cc3b8, instanceId=SHORE-PROD
[2026-05-20T06:56:00.150Z] [SyncDiag] FIELD-LOGGER: work_orders row=0292c2f6-b50d-4ae0-aac8-10c866d43d7e — 1 fields changed, isInsert=false, vesselId=9d88f081-6e0f-41e5-9bdb-124b9d9cc3b8, instanceId=SHORE-PROD
[2026-05-20T06:56:54.828Z] [SyncDiag] FIELD-LOGGER: work_orders row=4f298c94-51a2-43f0-b911-52e532d9c8f3 — 1 fields changed, isInsert=false, vesselId=9d88f081-6e0f-41e5-9bdb-124b9d9cc3b8, instanceId=SHORE-PROD
[2026-05-20T06:56:54.843Z] [SyncDiag] FIELD-LOGGER: work_orders row=68cef49b-7ccb-4cc3-a62c-b0d4b324b211 — 1 fields changed, isInsert=false, vesselId=9d88f081-6e0f-41e5-9bdb-124b9d9cc3b8, instanceId=SHORE-PROD
[2026-05-20T06:56:54.849Z] [SyncDiag] FIELD-LOGGER: work_orders row=665bd264-0062-4b1d-8996-70cbfba5088f — 1 fields changed, isInsert=false, vesselId=9d88f081-6e0f-41e5-9bdb-124b9d9cc3b8, instanceId=SHORE-PROD
[2026-05-20T06:56:54.856Z] [SyncDiag] FIELD-LOGGER: work_orders row=55dbcb31-4e74-49aa-a236-f06349556f07 — 1 fields changed, isInsert=false, vesselId=9d88f081-6e0f-41e5-9bdb-124b9d9cc3b8, instanceId=SHORE-PROD
[2026-05-20T06:56:54.864Z] [SyncDiag] FIELD-LOGGER: work_orders row=353828d6-7d78-4c02-a3e0-0d1efb74bf97 — 1 fields changed, isInsert=false, vesselId=9d88f081-6e0f-41e5-9bdb-124b9d9cc3b8, instanceId=SHORE-PROD
[2026-05-20T06:56:54.871Z] [SyncDiag] FIELD-LOGGER: work_orders row=d68b21e7-943e-467f-9639-4d6d7a78fb2f — 1 fields changed, isInsert=false, vesselId=9d88f081-6e0f-41e5-9bdb-124b9d9cc3b8, instanceId=SHORE-PROD
[2026-05-20T06:56:54.876Z] [SyncDiag] FIELD-LOGGER: work_orders row=fc198bbd-ae5e-4794-8bee-47f86f519844 — 1 fields changed, isInsert=false, vesselId=9d88f081-6e0f-41e5-9bdb-124b9d9cc3b8, instanceId=SHORE-PROD
[2026-05-20T06:56:54.882Z] [SyncDiag] FIELD-LOGGER: work_orders row=0e2824d8-46c1-42b8-ac92-47d16edb8b75 — 1 fields changed, isInsert=false, vesselId=9d88f081-6e0f-41e5-9bdb-124b9d9cc3b8, instanceId=SHORE-PROD
[2026-05-20T06:56:54.889Z] [SyncDiag] FIELD-LOGGER: work_orders row=eb33d07c-456d-4325-804b-2e6592ff7459 — 1 fields changed, isInsert=false, vesselId=9d88f081-6e0f-41e5-9bdb-124b9d9cc3b8, instanceId=SHORE-PROD
[2026-05-20T06:56:54.894Z] [SyncDiag] FIELD-LOGGER: work_orders row=4882f79e-d64b-44a1-ac46-371216057f52 — 1 fields changed, isInsert=false, vesselId=9d88f081-6e0f-41e5-9bdb-124b9d9cc3b8, instanceId=SHORE-PROD
[2026-05-20T06:56:54.902Z] [SyncDiag] FIELD-LOGGER: work_orders row=9bc2e572-0958-4405-abdf-71ff6338bab3 — 1 fields changed, isInsert=false, vesselId=9d88f081-6e0f-41e5-9bdb-124b9d9cc3b8, instanceId=SHORE-PROD
[2026-05-20T06:56:54.908Z] [SyncDiag] FIELD-LOGGER: work_orders row=91333909-eb4c-4e9a-bf94-917cd59bfd46 — 1 fields changed, isInsert=false, vesselId=9d88f081-6e0f-41e5-9bdb-124b9d9cc3b8, instanceId=SHORE-PROD
[2026-05-20T06:56:54.915Z] [SyncDiag] FIELD-LOGGER: work_orders row=41cb9b78-e0a5-42f1-b140-611ed4071f60 — 1 fields changed, isInsert=false, vesselId=9d88f081-6e0f-41e5-9bdb-124b9d9cc3b8, instanceId=SHORE-PROD
[2026-05-20T06:56:54.921Z] [SyncDiag] FIELD-LOGGER: work_orders row=aad46f61-d3d7-47bf-9089-a814c305c4a6 — 1 fields changed, isInsert=false, vesselId=9d88f081-6e0f-41e5-9bdb-124b9d9cc3b8, instanceId=SHORE-PROD
[2026-05-20T06:56:54.928Z] [SyncDiag] FIELD-LOGGER: work_orders row=4a21ea10-996a-4e88-ba66-2687c945223f — 1 fields changed, isInsert=false, vesselId=9d88f081-6e0f-41e5-9bdb-124b9d9cc3b8, instanceId=SHORE-PROD
[2026-05-20T06:56:54.934Z] [SyncDiag] FIELD-LOGGER: work_orders row=07678fdf-eb31-47a6-94ff-7a867bc02693 — 1 fields changed, isInsert=false, vesselId=9d88f081-6e0f-41e5-9bdb-124b9d9cc3b8, instanceId=SHORE-PROD
[2026-05-20T06:56:54.942Z] [SyncDiag] FIELD-LOGGER: work_orders row=22acba3e-ea52-42b6-b835-d6c2f41787b4 — 1 fields changed, isInsert=false, vesselId=9d88f081-6e0f-41e5-9bdb-124b9d9cc3b8, instanceId=SHORE-PROD
[2026-05-20T06:56:54.948Z] [SyncDiag] FIELD-LOGGER: work_orders row=ceb126fb-20fc-426d-b1a8-eeeeb1aa59ca — 1 fields changed, isInsert=false, vesselId=9d88f081-6e0f-41e5-9bdb-124b9d9cc3b8, instanceId=SHORE-PROD
[2026-05-20T06:56:54.954Z] [SyncDiag] FIELD-LOGGER: work_orders row=5fd0f294-9d50-4384-b885-c8a13efe494d — 1 fields changed, isInsert=false, vesselId=9d88f081-6e0f-41e5-9bdb-124b9d9cc3b8, instanceId=SHORE-PROD
[2026-05-20T06:56:54.961Z] [SyncDiag] FIELD-LOGGER: work_orders row=79a1e0ba-0f39-4c0a-a818-344cf7a763a4 — 1 fields changed, isInsert=false, vesselId=9d88f081-6e0f-41e5-9bdb-124b9d9cc3b8, instanceId=SHORE-PROD
[2026-05-20T06:56:54.967Z] [SyncDiag] FIELD-LOGGER: work_orders row=3ac1b786-4a8d-411c-b916-0e2cde5b3e28 — 1 fields changed, isInsert=false, vesselId=9d88f081-6e0f-41e5-9bdb-124b9d9cc3b8, instanceId=SHORE-PROD
[2026-05-20T06:56:54.972Z] [SyncDiag] FIELD-LOGGER: work_orders row=eea41971-8963-4588-bd83-c1555947710e — 1 fields changed, isInsert=false, vesselId=9d88f081-6e0f-41e5-9bdb-124b9d9cc3b8, instanceId=SHORE-PROD
[2026-05-20T06:56:54.978Z] [SyncDiag] FIELD-LOGGER: work_orders row=387100ba-8721-47c2-8d32-aabe59023856 — 1 fields changed, isInsert=false, vesselId=9d88f081-6e0f-41e5-9bdb-124b9d9cc3b8, instanceId=SHORE-PROD
[2026-05-20T06:56:54.985Z] [SyncDiag] FIELD-LOGGER: work_orders row=f700d93f-8317-4240-80ef-b9921de95b5f — 1 fields changed, isInsert=false, vesselId=9d88f081-6e0f-41e5-9bdb-124b9d9cc3b8, instanceId=SHORE-PROD
[2026-05-20T06:56:54.990Z] [SyncDiag] FIELD-LOGGER: work_orders row=948561ba-7256-404a-856d-b9e3d61dc87e — 1 fields changed, isInsert=false, vesselId=9d88f081-6e0f-41e5-9bdb-124b9d9cc3b8, instanceId=SHORE-PROD
[2026-05-20T06:56:54.996Z] [SyncDiag] FIELD-LOGGER: work_orders row=fa6c1911-1cae-489b-81d3-6de5f15a33a6 — 1 fields changed, isInsert=false, vesselId=9d88f081-6e0f-41e5-9bdb-124b9d9cc3b8, instanceId=SHORE-PROD
[2026-05-20T06:56:55.002Z] [SyncDiag] FIELD-LOGGER: work_orders row=019c6afd-9a54-4844-8661-a3d87c9f92db — 1 fields changed, isInsert=false, vesselId=9d88f081-6e0f-41e5-9bdb-124b9d9cc3b8, instanceId=SHORE-PROD
[2026-05-20T06:56:55.009Z] [SyncDiag] FIELD-LOGGER: work_orders row=65320132-2134-44e2-b6dc-6a215661b3c4 — 1 fields changed, isInsert=false, vesselId=9d88f081-6e0f-41e5-9bdb-124b9d9cc3b8, instanceId=SHORE-PROD
[2026-05-20T06:56:55.017Z] [SyncDiag] FIELD-LOGGER: work_orders row=f14e4496-ef89-4697-b9a9-543d6a22c8e4 — 1 fields changed, isInsert=false, vesselId=9d88f081-6e0f-41e5-9bdb-124b9d9cc3b8, instanceId=SHORE-PROD
[2026-05-20T06:56:55.023Z] [SyncDiag] FIELD-LOGGER: work_orders row=7b99314a-c8c2-483e-b255-e19ae2394011 — 1 fields changed, isInsert=false, vesselId=9d88f081-6e0f-41e5-9bdb-124b9d9cc3b8, instanceId=SHORE-PROD
[2026-05-20T06:56:55.029Z] [SyncDiag] FIELD-LOGGER: work_orders row=7de3f985-2bf6-4b17-a34c-a7f772b182bd — 1 fields changed, isInsert=false, vesselId=9d88f081-6e0f-41e5-9bdb-124b9d9cc3b8, instanceId=SHORE-PROD
[2026-05-20T06:56:55.037Z] [SyncDiag] FIELD-LOGGER: work_orders row=f38d79a4-9006-44df-9f0e-39e689b10767 — 1 fields changed, isInsert=false, vesselId=9d88f081-6e0f-41e5-9bdb-124b9d9cc3b8, instanceId=SHORE-PROD
[2026-05-20T06:56:55.042Z] [SyncDiag] FIELD-LOGGER: work_orders row=6ff88b38-2321-4ef1-a8b7-331c7272e3b6 — 1 fields changed, isInsert=false, vesselId=9d88f081-6e0f-41e5-9bdb-124b9d9cc3b8, instanceId=SHORE-PROD
[2026-05-20T06:56:55.049Z] [SyncDiag] FIELD-LOGGER: work_orders row=f082c9c0-42cb-41fe-9a95-244698246390 — 1 fields changed, isInsert=false, vesselId=9d88f081-6e0f-41e5-9bdb-124b9d9cc3b8, instanceId=SHORE-PROD
[2026-05-20T06:56:55.054Z] [SyncDiag] FIELD-LOGGER: work_orders row=fa758fa9-0706-4c88-aa39-2a33bef87c94 — 1 fields changed, isInsert=false, vesselId=9d88f081-6e0f-41e5-9bdb-124b9d9cc3b8, instanceId=SHORE-PROD
[2026-05-20T06:56:55.062Z] [SyncDiag] FIELD-LOGGER: work_orders row=1c921daf-278f-4e54-a1ce-01dde5a3cd09 — 1 fields changed, isInsert=false, vesselId=9d88f081-6e0f-41e5-9bdb-124b9d9cc3b8, instanceId=SHORE-PROD
[2026-05-20T06:56:55.067Z] [SyncDiag] FIELD-LOGGER: work_orders row=12592a98-ede9-4d9f-b3f2-82e03a8491b1 — 1 fields changed, isInsert=false, vesselId=9d88f081-6e0f-41e5-9bdb-124b9d9cc3b8, instanceId=SHORE-PROD
[2026-05-20T06:56:55.074Z] [SyncDiag] FIELD-LOGGER: work_orders row=27c1f6a6-ebbe-43f0-a632-dd7cad87f258 — 1 fields changed, isInsert=false, vesselId=9d88f081-6e0f-41e5-9bdb-124b9d9cc3b8, instanceId=SHORE-PROD
[2026-05-20T06:56:55.079Z] [SyncDiag] FIELD-LOGGER: work_orders row=80a5d115-4b6b-4181-afa8-bdee55114f83 — 1 fields changed, isInsert=false, vesselId=9d88f081-6e0f-41e5-9bdb-124b9d9cc3b8, instanceId=SHORE-PROD
[2026-05-20T06:56:55.085Z] [SyncDiag] FIELD-LOGGER: work_orders row=de22456a-6870-4999-9f83-5b1be8954b19 — 1 fields changed, isInsert=false, vesselId=9d88f081-6e0f-41e5-9bdb-124b9d9cc3b8, instanceId=SHORE-PROD
[2026-05-20T06:56:55.091Z] [SyncDiag] FIELD-LOGGER: work_orders row=ed97d6c1-3bc7-42ce-93e2-bf804fee8367 — 1 fields changed, isInsert=false, vesselId=9d88f081-6e0f-41e5-9bdb-124b9d9cc3b8, instanceId=SHORE-PROD
[2026-05-20T06:56:55.098Z] [SyncDiag] FIELD-LOGGER: work_orders row=754a814b-7f89-47fc-95a6-d9c946a02bf3 — 1 fields changed, isInsert=false, vesselId=9d88f081-6e0f-41e5-9bdb-124b9d9cc3b8, instanceId=SHORE-PROD
[2026-05-20T06:56:55.103Z] [SyncDiag] FIELD-LOGGER: work_orders row=25134ab3-2c7d-447a-9b52-7c5177406535 — 1 fields changed, isInsert=false, vesselId=9d88f081-6e0f-41e5-9bdb-124b9d9cc3b8, instanceId=SHORE-PROD
[2026-05-20T06:56:55.109Z] [SyncDiag] FIELD-LOGGER: work_orders row=8bd8da64-3f08-413e-b42f-8405c53f8ad3 — 1 fields changed, isInsert=false, vesselId=9d88f081-6e0f-41e5-9bdb-124b9d9cc3b8, instanceId=SHORE-PROD
[2026-05-20T06:56:55.115Z] [SyncDiag] FIELD-LOGGER: work_orders row=a665d56e-f0b8-47d7-a390-071ceab14496 — 1 fields changed, isInsert=false, vesselId=9d88f081-6e0f-41e5-9bdb-124b9d9cc3b8, instanceId=SHORE-PROD
[2026-05-20T06:56:55.121Z] [SyncDiag] FIELD-LOGGER: work_orders row=f1768f21-fcc1-4621-af16-bfc9a51b09ab — 1 fields changed, isInsert=false, vesselId=9d88f081-6e0f-41e5-9bdb-124b9d9cc3b8, instanceId=SHORE-PROD
[2026-05-20T06:56:55.128Z] [SyncDiag] FIELD-LOGGER: work_orders row=64c77cdd-e9ab-44c0-ba0f-f1382c68e552 — 1 fields changed, isInsert=false, vesselId=9d88f081-6e0f-41e5-9bdb-124b9d9cc3b8, instanceId=SHORE-PROD
[2026-05-20T06:56:55.135Z] [SyncDiag] FIELD-LOGGER: work_orders row=c9dfeade-f649-40c1-a58d-298c5f089786 — 1 fields changed, isInsert=false, vesselId=9d88f081-6e0f-41e5-9bdb-124b9d9cc3b8, instanceId=SHORE-PROD
[2026-05-20T06:56:55.141Z] [SyncDiag] FIELD-LOGGER: work_orders row=5932c793-a841-497c-9a03-7a03c03b8056 — 1 fields changed, isInsert=false, vesselId=9d88f081-6e0f-41e5-9bdb-124b9d9cc3b8, instanceId=SHORE-PROD
[2026-05-20T06:56:55.147Z] [SyncDiag] FIELD-LOGGER: work_orders row=f0c86d7c-37fd-40b7-8257-c0e994adf47e — 1 fields changed, isInsert=false, vesselId=9d88f081-6e0f-41e5-9bdb-124b9d9cc3b8, instanceId=SHORE-PROD
[2026-05-20T06:56:55.152Z] [SyncDiag] FIELD-LOGGER: work_orders row=f2355aa4-fe45-4c67-ac44-8cfeed280683 — 1 fields changed, isInsert=false, vesselId=9d88f081-6e0f-41e5-9bdb-124b9d9cc3b8, instanceId=SHORE-PROD
[2026-05-20T06:56:55.158Z] [SyncDiag] FIELD-LOGGER: work_orders row=64b273d7-2105-49c9-aca4-e6ea989fc364 — 1 fields changed, isInsert=false, vesselId=9d88f081-6e0f-41e5-9bdb-124b9d9cc3b8, instanceId=SHORE-PROD
[2026-05-20T06:56:55.164Z] [SyncDiag] FIELD-LOGGER: work_orders row=9b513547-5415-4bc5-9d5a-3aa33e93d63d — 1 fields changed, isInsert=false, vesselId=9d88f081-6e0f-41e5-9bdb-124b9d9cc3b8, instanceId=SHORE-PROD
[2026-05-20T06:56:55.171Z] [SyncDiag] FIELD-LOGGER: work_orders row=61317f20-67c6-4cc3-9275-511c87ed8a08 — 1 fields changed, isInsert=false, vesselId=9d88f081-6e0f-41e5-9bdb-124b9d9cc3b8, instanceId=SHORE-PROD
[2026-05-20T06:56:55.176Z] [SyncDiag] FIELD-LOGGER: work_orders row=ad50d997-d709-43f7-a86c-3c0e1c30d67c — 1 fields changed, isInsert=false, vesselId=9d88f081-6e0f-41e5-9bdb-124b9d9cc3b8, instanceId=SHORE-PROD
[2026-05-20T06:56:55.182Z] [SyncDiag] FIELD-LOGGER: work_orders row=83d3a550-3fc8-4cbd-830c-9ec89e9e1a50 — 1 fields changed, isInsert=false, vesselId=9d88f081-6e0f-41e5-9bdb-124b9d9cc3b8, instanceId=SHORE-PROD
[2026-05-20T06:56:55.187Z] [SyncDiag] FIELD-LOGGER: work_orders row=3f10a3ff-6fcc-4450-b38b-a985aa3fa80c — 1 fields changed, isInsert=false, vesselId=9d88f081-6e0f-41e5-9bdb-124b9d9cc3b8, instanceId=SHORE-PROD
[2026-05-20T06:56:55.195Z] [SyncDiag] FIELD-LOGGER: work_orders row=15faeda6-8407-4ad1-91c0-fc0fbf1802f4 — 1 fields changed, isInsert=false, vesselId=9d88f081-6e0f-41e5-9bdb-124b9d9cc3b8, instanceId=SHORE-PROD
[2026-05-20T06:56:55.201Z] [SyncDiag] FIELD-LOGGER: work_orders row=6c49ac0c-bd59-4fe0-abf7-e2ceed30d10d — 1 fields changed, isInsert=false, vesselId=9d88f081-6e0f-41e5-9bdb-124b9d9cc3b8, instanceId=SHORE-PROD
[2026-05-20T06:56:55.207Z] [SyncDiag] FIELD-LOGGER: work_orders row=f77c7f53-5f2f-4f2e-9d00-09372dd3c62e — 1 fields changed, isInsert=false, vesselId=9d88f081-6e0f-41e5-9bdb-124b9d9cc3b8, instanceId=SHORE-PROD
[2026-05-20T06:56:55.213Z] [SyncDiag] FIELD-LOGGER: work_orders row=0fbd095d-5a1d-4302-9957-8cc648a296cc — 1 fields changed, isInsert=false, vesselId=9d88f081-6e0f-41e5-9bdb-124b9d9cc3b8, instanceId=SHORE-PROD
[2026-05-20T06:56:55.219Z] [SyncDiag] FIELD-LOGGER: work_orders row=100fab8a-f269-4dfe-90a4-50bb7b2a7d48 — 1 fields changed, isInsert=false, vesselId=9d88f081-6e0f-41e5-9bdb-124b9d9cc3b8, instanceId=SHORE-PROD
[2026-05-20T06:56:55.224Z] [SyncDiag] FIELD-LOGGER: work_orders row=7e9f461d-8b94-40e5-85a3-7b92658b5907 — 1 fields changed, isInsert=false, vesselId=9d88f081-6e0f-41e5-9bdb-124b9d9cc3b8, instanceId=SHORE-PROD
[2026-05-20T06:56:55.231Z] [SyncDiag] FIELD-LOGGER: work_orders row=9b140303-9968-462d-816e-1dcf400713b8 — 1 fields changed, isInsert=false, vesselId=9d88f081-6e0f-41e5-9bdb-124b9d9cc3b8, instanceId=SHORE-PROD
[2026-05-20T06:56:55.236Z] [SyncDiag] FIELD-LOGGER: work_orders row=7247b39a-74c8-43dc-bd08-d5aa0197908f — 1 fields changed, isInsert=false, vesselId=9d88f081-6e0f-41e5-9bdb-124b9d9cc3b8, instanceId=SHORE-PROD
[2026-05-20T06:56:55.242Z] [SyncDiag] FIELD-LOGGER: work_orders row=944aadab-dd87-421e-9e36-01f700523c21 — 1 fields changed, isInsert=false, vesselId=9d88f081-6e0f-41e5-9bdb-124b9d9cc3b8, instanceId=SHORE-PROD
[2026-05-20T06:56:55.248Z] [SyncDiag] FIELD-LOGGER: work_orders row=09430c4b-7b7d-4031-bfa0-221b1a23e15d — 1 fields changed, isInsert=false, vesselId=9d88f081-6e0f-41e5-9bdb-124b9d9cc3b8, instanceId=SHORE-PROD
[2026-05-20T06:56:55.255Z] [SyncDiag] FIELD-LOGGER: work_orders row=89ebe337-9420-42a5-b00c-37ff29c305b3 — 1 fields changed, isInsert=false, vesselId=9d88f081-6e0f-41e5-9bdb-124b9d9cc3b8, instanceId=SHORE-PROD
[2026-05-20T06:56:55.263Z] [SyncDiag] FIELD-LOGGER: work_orders row=dbee4aa0-12bc-44b2-b3a4-a89da6cd79a1 — 1 fields changed, isInsert=false, vesselId=9d88f081-6e0f-41e5-9bdb-124b9d9cc3b8, instanceId=SHORE-PROD
[2026-05-20T06:56:55.270Z] [SyncDiag] FIELD-LOGGER: work_orders row=76927308-4eee-4a1d-a5c3-3e6114cb792f — 1 fields changed, isInsert=false, vesselId=9d88f081-6e0f-41e5-9bdb-124b9d9cc3b8, instanceId=SHORE-PROD
[2026-05-20T06:56:55.275Z] [SyncDiag] FIELD-LOGGER: work_orders row=1d58ecd2-9613-4380-ab1f-ea10cbc7298e — 1 fields changed, isInsert=false, vesselId=9d88f081-6e0f-41e5-9bdb-124b9d9cc3b8, instanceId=SHORE-PROD
[2026-05-20T06:56:55.282Z] [SyncDiag] FIELD-LOGGER: work_orders row=3f26488b-5828-4839-8e69-d20b8b9ac9c2 — 1 fields changed, isInsert=false, vesselId=9d88f081-6e0f-41e5-9bdb-124b9d9cc3b8, instanceId=SHORE-PROD
[2026-05-20T06:56:55.288Z] [SyncDiag] FIELD-LOGGER: work_orders row=866f5540-a8b4-45a0-b042-57d16fbcac4d — 1 fields changed, isInsert=false, vesselId=9d88f081-6e0f-41e5-9bdb-124b9d9cc3b8, instanceId=SHORE-PROD
[2026-05-20T06:56:55.294Z] [SyncDiag] FIELD-LOGGER: work_orders row=dfb1b81e-26d8-4239-99f6-ffcce660f951 — 1 fields changed, isInsert=false, vesselId=9d88f081-6e0f-41e5-9bdb-124b9d9cc3b8, instanceId=SHORE-PROD
[2026-05-20T06:56:55.300Z] [SyncDiag] FIELD-LOGGER: work_orders row=e160f943-ebce-4a52-be33-b32c41a46e84 — 1 fields changed, isInsert=false, vesselId=9d88f081-6e0f-41e5-9bdb-124b9d9cc3b8, instanceId=SHORE-PROD
[2026-05-20T06:56:55.307Z] [SyncDiag] FIELD-LOGGER: work_orders row=e1f593fb-7a45-4b7c-acc9-c61598c7b32c — 1 fields changed, isInsert=false, vesselId=9d88f081-6e0f-41e5-9bdb-124b9d9cc3b8, instanceId=SHORE-PROD
[2026-05-20T06:56:55.312Z] [SyncDiag] FIELD-LOGGER: work_orders row=41b9812e-8c40-402c-94f1-d9382f61d842 — 1 fields changed, isInsert=false, vesselId=9d88f081-6e0f-41e5-9bdb-124b9d9cc3b8, instanceId=SHORE-PROD
[2026-05-20T06:56:55.319Z] [SyncDiag] FIELD-LOGGER: work_orders row=c720c4c8-ad34-46c9-8625-1e676a5e3439 — 1 fields changed, isInsert=false, vesselId=9d88f081-6e0f-41e5-9bdb-124b9d9cc3b8, instanceId=SHORE-PROD
[2026-05-20T06:56:55.325Z] [SyncDiag] FIELD-LOGGER: work_orders row=505c02d8-691b-4056-a38d-ced53a885b59 — 1 fields changed, isInsert=false, vesselId=9d88f081-6e0f-41e5-9bdb-124b9d9cc3b8, instanceId=SHORE-PROD
[2026-05-20T06:56:55.333Z] [SyncDiag] FIELD-LOGGER: work_orders row=9cdb4ea4-b31e-46ed-bdae-bd6223a7718e — 1 fields changed, isInsert=false, vesselId=9d88f081-6e0f-41e5-9bdb-124b9d9cc3b8, instanceId=SHORE-PROD
[2026-05-20T06:56:55.339Z] [SyncDiag] FIELD-LOGGER: work_orders row=6be7f202-c8aa-46e2-b294-cc4e04f0f23d — 1 fields changed, isInsert=false, vesselId=9d88f081-6e0f-41e5-9bdb-124b9d9cc3b8, instanceId=SHORE-PROD
[2026-05-20T06:56:55.344Z] [SyncDiag] FIELD-LOGGER: work_orders row=f7a1f299-1242-465e-b1d1-3b90875d5a21 — 1 fields changed, isInsert=false, vesselId=9d88f081-6e0f-41e5-9bdb-124b9d9cc3b8, instanceId=SHORE-PROD
[2026-05-20T06:56:55.350Z] [SyncDiag] FIELD-LOGGER: work_orders row=425f3ab9-741d-446f-b0bd-e32e65ffee71 — 1 fields changed, isInsert=false, vesselId=9d88f081-6e0f-41e5-9bdb-124b9d9cc3b8, instanceId=SHORE-PROD
[2026-05-20T06:56:55.356Z] [SyncDiag] FIELD-LOGGER: work_orders row=33c5ec35-7009-4bd4-8617-5491779955b3 — 1 fields changed, isInsert=false, vesselId=9d88f081-6e0f-41e5-9bdb-124b9d9cc3b8, instanceId=SHORE-PROD
[2026-05-20T06:56:55.361Z] [SyncDiag] FIELD-LOGGER: work_orders row=33c9c610-dd88-458b-8765-75c9be61c20f — 1 fields changed, isInsert=false, vesselId=9d88f081-6e0f-41e5-9bdb-124b9d9cc3b8, instanceId=SHORE-PROD
[2026-05-20T06:56:55.367Z] [SyncDiag] FIELD-LOGGER: work_orders row=3ae1b71d-61f2-49e7-bba4-d74b87f291ad — 1 fields changed, isInsert=false, vesselId=9d88f081-6e0f-41e5-9bdb-124b9d9cc3b8, instanceId=SHORE-PROD
[2026-05-20T06:56:55.372Z] [SyncDiag] FIELD-LOGGER: work_orders row=eca2eace-b9d6-497a-b6be-081bd669c30c — 1 fields changed, isInsert=false, vesselId=9d88f081-6e0f-41e5-9bdb-124b9d9cc3b8, instanceId=SHORE-PROD
[2026-05-20T06:56:55.378Z] [SyncDiag] FIELD-LOGGER: work_orders row=ba5654a9-a728-460e-bf7a-b890392c1c55 — 1 fields changed, isInsert=false, vesselId=9d88f081-6e0f-41e5-9bdb-124b9d9cc3b8, instanceId=SHORE-PROD
[2026-05-20T06:56:55.384Z] [SyncDiag] FIELD-LOGGER: work_orders row=d0cb00a4-b9d1-4a34-bd9e-63e35fe9f817 — 1 fields changed, isInsert=false, vesselId=9d88f081-6e0f-41e5-9bdb-124b9d9cc3b8, instanceId=SHORE-PROD
[2026-05-20T06:56:55.390Z] [SyncDiag] FIELD-LOGGER: work_orders row=53638c61-4476-4e28-9dda-ea2bd571eecd — 1 fields changed, isInsert=false, vesselId=9d88f081-6e0f-41e5-9bdb-124b9d9cc3b8, instanceId=SHORE-PROD
[2026-05-20T06:56:55.398Z] [SyncDiag] FIELD-LOGGER: work_orders row=b6923a7f-b8db-46ca-ab88-537cc1f3b330 — 1 fields changed, isInsert=false, vesselId=9d88f081-6e0f-41e5-9bdb-124b9d9cc3b8, instanceId=SHORE-PROD
[2026-05-20T06:56:55.404Z] [SyncDiag] FIELD-LOGGER: work_orders row=2ff1cdd6-542a-4cfd-94e8-cc35bc27cd21 — 1 fields changed, isInsert=false, vesselId=9d88f081-6e0f-41e5-9bdb-124b9d9cc3b8, instanceId=SHORE-PROD
[2026-05-20T06:56:55.411Z] [SyncDiag] FIELD-LOGGER: work_orders row=5f6121e5-f98c-4df8-991d-345c4e0f4a1c — 1 fields changed, isInsert=false, vesselId=9d88f081-6e0f-41e5-9bdb-124b9d9cc3b8, instanceId=SHORE-PROD
[2026-05-20T06:56:55.416Z] [SyncDiag] FIELD-LOGGER: work_orders row=999cdf14-fd8c-471c-bd14-a89d7356a32f — 1 fields changed, isInsert=false, vesselId=9d88f081-6e0f-41e5-9bdb-124b9d9cc3b8, instanceId=SHORE-PROD
[2026-05-20T06:56:55.422Z] [SyncDiag] FIELD-LOGGER: work_orders row=0b69ac3f-90c1-490b-b513-3f0a9a3cd3c5 — 1 fields changed, isInsert=false, vesselId=9d88f081-6e0f-41e5-9bdb-124b9d9cc3b8, instanceId=SHORE-PROD
[2026-05-20T06:56:55.428Z] [SyncDiag] FIELD-LOGGER: work_orders row=426eca44-52bd-4f9a-8d0c-998f3c27ab89 — 1 fields changed, isInsert=false, vesselId=9d88f081-6e0f-41e5-9bdb-124b9d9cc3b8, instanceId=SHORE-PROD
[2026-05-20T06:56:55.435Z] [SyncDiag] FIELD-LOGGER: work_orders row=a1a1358f-c4bc-42c5-a839-a1d3a3dfaea9 — 1 fields changed, isInsert=false, vesselId=9d88f081-6e0f-41e5-9bdb-124b9d9cc3b8, instanceId=SHORE-PROD
[2026-05-20T06:56:55.440Z] [SyncDiag] FIELD-LOGGER: work_orders row=3d5e39f7-6f3c-4aa8-80b4-f293d8e1a5f5 — 1 fields changed, isInsert=false, vesselId=9d88f081-6e0f-41e5-9bdb-124b9d9cc3b8, instanceId=SHORE-PROD
[2026-05-20T06:56:55.446Z] [SyncDiag] FIELD-LOGGER: work_orders row=33ae7942-0dac-4a51-9ea4-853f3674d337 — 1 fields changed, isInsert=false, vesselId=9d88f081-6e0f-41e5-9bdb-124b9d9cc3b8, instanceId=SHORE-PROD
[2026-05-20T06:56:55.452Z] [SyncDiag] FIELD-LOGGER: work_orders row=0165e8ff-d733-497a-b28e-e57ebbdabb31 — 1 fields changed, isInsert=false, vesselId=9d88f081-6e0f-41e5-9bdb-124b9d9cc3b8, instanceId=SHORE-PROD
[2026-05-20T06:56:55.457Z] [SyncDiag] FIELD-LOGGER: work_orders row=86197e5c-81ae-4e1d-b412-847dee9e43cd — 1 fields changed, isInsert=false, vesselId=9d88f081-6e0f-41e5-9bdb-124b9d9cc3b8, instanceId=SHORE-PROD
[2026-05-20T06:56:55.465Z] [SyncDiag] FIELD-LOGGER: work_orders row=93444ba4-abba-4726-b63b-c7447e1fa147 — 1 fields changed, isInsert=false, vesselId=9d88f081-6e0f-41e5-9bdb-124b9d9cc3b8, instanceId=SHORE-PROD
[2026-05-20T06:56:55.472Z] [SyncDiag] FIELD-LOGGER: work_orders row=79e571ad-5a19-4e3f-96cc-cbd06b241490 — 1 fields changed, isInsert=false, vesselId=9d88f081-6e0f-41e5-9bdb-124b9d9cc3b8, instanceId=SHORE-PROD
[2026-05-20T06:56:55.478Z] [SyncDiag] FIELD-LOGGER: work_orders row=d5690f65-5a50-4cf4-9ac9-d11db09a1670 — 1 fields changed, isInsert=false, vesselId=9d88f081-6e0f-41e5-9bdb-124b9d9cc3b8, instanceId=SHORE-PROD
[2026-05-20T06:56:55.485Z] [SyncDiag] FIELD-LOGGER: work_orders row=05489638-1872-4ce5-93ba-f154f1b88dbe — 1 fields changed, isInsert=false, vesselId=9d88f081-6e0f-41e5-9bdb-124b9d9cc3b8, instanceId=SHORE-PROD
[2026-05-20T06:56:55.491Z] [SyncDiag] FIELD-LOGGER: work_orders row=500cce1d-5e61-41bc-8d69-28a5460a08a7 — 1 fields changed, isInsert=false, vesselId=9d88f081-6e0f-41e5-9bdb-124b9d9cc3b8, instanceId=SHORE-PROD
[2026-05-20T06:56:55.497Z] [SyncDiag] FIELD-LOGGER: work_orders row=df4f07b4-1baf-4fcf-8517-e701fa62bf5f — 1 fields changed, isInsert=false, vesselId=9d88f081-6e0f-41e5-9bdb-124b9d9cc3b8, instanceId=SHORE-PROD
[2026-05-20T06:56:55.504Z] [SyncDiag] FIELD-LOGGER: work_orders row=bafe1ce7-2b4a-4100-9b2f-517ae61ff804 — 1 fields changed, isInsert=false, vesselId=9d88f081-6e0f-41e5-9bdb-124b9d9cc3b8, instanceId=SHORE-PROD
[2026-05-20T06:56:55.509Z] [SyncDiag] FIELD-LOGGER: work_orders row=9961fbdd-3925-4c63-9fa5-64943cf37fe3 — 1 fields changed, isInsert=false, vesselId=9d88f081-6e0f-41e5-9bdb-124b9d9cc3b8, instanceId=SHORE-PROD
[2026-05-20T06:56:55.515Z] [SyncDiag] FIELD-LOGGER: work_orders row=695d4423-0c22-486a-bbac-96ec7d6a2577 — 1 fields changed, isInsert=false, vesselId=9d88f081-6e0f-41e5-9bdb-124b9d9cc3b8, instanceId=SHORE-PROD
[2026-05-20T06:56:55.522Z] [SyncDiag] FIELD-LOGGER: work_orders row=243b532c-7c45-49ac-ad4d-77b57d8b81aa — 1 fields changed, isInsert=false, vesselId=9d88f081-6e0f-41e5-9bdb-124b9d9cc3b8, instanceId=SHORE-PROD
[2026-05-20T06:56:55.530Z] [SyncDiag] FIELD-LOGGER: work_orders row=cca6b729-1ac9-4d98-bc98-7c32f8a8994b — 1 fields changed, isInsert=false, vesselId=9d88f081-6e0f-41e5-9bdb-124b9d9cc3b8, instanceId=SHORE-PROD
[2026-05-20T06:56:55.537Z] [SyncDiag] FIELD-LOGGER: work_orders row=86b305cc-fba4-47c8-80a8-446a010596bf — 1 fields changed, isInsert=false, vesselId=9d88f081-6e0f-41e5-9bdb-124b9d9cc3b8, instanceId=SHORE-PROD
[2026-05-20T06:56:55.543Z] [SyncDiag] FIELD-LOGGER: work_orders row=70638daa-97aa-44d4-94c6-b546182da5b0 — 1 fields changed, isInsert=false, vesselId=9d88f081-6e0f-41e5-9bdb-124b9d9cc3b8, instanceId=SHORE-PROD
[2026-05-20T06:56:55.550Z] [SyncDiag] FIELD-LOGGER: work_orders row=3954938c-fc45-49b3-a5f2-0aa40cd2382c — 1 fields changed, isInsert=false, vesselId=9d88f081-6e0f-41e5-9bdb-124b9d9cc3b8, instanceId=SHORE-PROD
[2026-05-20T06:56:55.555Z] [SyncDiag] FIELD-LOGGER: work_orders row=11597b56-6e84-4aee-9ad0-b5a6145928ab — 1 fields changed, isInsert=false, vesselId=9d88f081-6e0f-41e5-9bdb-124b9d9cc3b8, instanceId=SHORE-PROD
[2026-05-20T06:56:55.566Z] [SyncDiag] FIELD-LOGGER: work_orders row=dc5f23c3-9960-46e2-b10b-f9aee15dc628 — 1 fields changed, isInsert=false, vesselId=9d88f081-6e0f-41e5-9bdb-124b9d9cc3b8, instanceId=SHORE-PROD
[2026-05-20T06:56:55.572Z] [SyncDiag] FIELD-LOGGER: work_orders row=1df5f4b9-ba4a-4762-ba4d-2de451716c5c — 1 fields changed, isInsert=false, vesselId=9d88f081-6e0f-41e5-9bdb-124b9d9cc3b8, instanceId=SHORE-PROD
[2026-05-20T06:56:55.581Z] [SyncDiag] FIELD-LOGGER: work_orders row=d3459897-2d74-46fe-ae3e-9ae79588c63e — 1 fields changed, isInsert=false, vesselId=9d88f081-6e0f-41e5-9bdb-124b9d9cc3b8, instanceId=SHORE-PROD
[2026-05-20T06:56:55.587Z] [SyncDiag] FIELD-LOGGER: work_orders row=f7f25427-deb3-428d-97fa-4b689bd3d37f — 1 fields changed, isInsert=false, vesselId=9d88f081-6e0f-41e5-9bdb-124b9d9cc3b8, instanceId=SHORE-PROD
[2026-05-20T06:56:55.593Z] [SyncDiag] FIELD-LOGGER: work_orders row=5283a1ab-8cdd-4ebd-9598-e90146e33e3e — 1 fields changed, isInsert=false, vesselId=9d88f081-6e0f-41e5-9bdb-124b9d9cc3b8, instanceId=SHORE-PROD
[2026-05-20T06:56:55.600Z] [SyncDiag] FIELD-LOGGER: work_orders row=253221c6-5db9-4ea1-8edf-70b1694eed28 — 1 fields changed, isInsert=false, vesselId=9d88f081-6e0f-41e5-9bdb-124b9d9cc3b8, instanceId=SHORE-PROD
[2026-05-20T06:56:55.607Z] [SyncDiag] FIELD-LOGGER: work_orders row=4845198b-5da4-4c39-a67f-ed4a6567aabb — 1 fields changed, isInsert=false, vesselId=9d88f081-6e0f-41e5-9bdb-124b9d9cc3b8, instanceId=SHORE-PROD
[2026-05-20T06:56:55.613Z] [SyncDiag] FIELD-LOGGER: work_orders row=d6a8c069-5c64-4852-917c-e4d092a5fbe0 — 1 fields changed, isInsert=false, vesselId=9d88f081-6e0f-41e5-9bdb-124b9d9cc3b8, instanceId=SHORE-PROD
[2026-05-20T06:56:55.619Z] [SyncDiag] FIELD-LOGGER: work_orders row=f7ccdaf1-16cb-463e-b242-58893724f951 — 1 fields changed, isInsert=false, vesselId=9d88f081-6e0f-41e5-9bdb-124b9d9cc3b8, instanceId=SHORE-PROD
[2026-05-20T06:56:55.626Z] [SyncDiag] FIELD-LOGGER: work_orders row=a8cca498-f67e-43b1-8cff-23b34d53f4fa — 1 fields changed, isInsert=false, vesselId=9d88f081-6e0f-41e5-9bdb-124b9d9cc3b8, instanceId=SHORE-PROD
[2026-05-20T06:56:55.632Z] [SyncDiag] FIELD-LOGGER: work_orders row=0fbd34bb-7bbe-4c80-a7d3-83574a80853f — 1 fields changed, isInsert=false, vesselId=9d88f081-6e0f-41e5-9bdb-124b9d9cc3b8, instanceId=SHORE-PROD
[2026-05-20T06:56:55.638Z] [SyncDiag] FIELD-LOGGER: work_orders row=ba5aac45-dbef-4241-8520-783fb8e54aa2 — 1 fields changed, isInsert=false, vesselId=9d88f081-6e0f-41e5-9bdb-124b9d9cc3b8, instanceId=SHORE-PROD
[2026-05-20T06:56:55.644Z] [SyncDiag] FIELD-LOGGER: work_orders row=017befa8-1a27-436c-b22d-64a50112a6b6 — 1 fields changed, isInsert=false, vesselId=9d88f081-6e0f-41e5-9bdb-124b9d9cc3b8, instanceId=SHORE-PROD
[2026-05-20T06:56:55.651Z] [SyncDiag] FIELD-LOGGER: work_orders row=71da6626-204e-453d-a6b2-a52ba2d48702 — 1 fields changed, isInsert=false, vesselId=9d88f081-6e0f-41e5-9bdb-124b9d9cc3b8, instanceId=SHORE-PROD
[2026-05-20T06:56:55.656Z] [SyncDiag] FIELD-LOGGER: work_orders row=8414be17-1e1b-46c5-8395-cc9a4c0569ce — 1 fields changed, isInsert=false, vesselId=9d88f081-6e0f-41e5-9bdb-124b9d9cc3b8, instanceId=SHORE-PROD
[2026-05-20T06:56:55.662Z] [SyncDiag] FIELD-LOGGER: work_orders row=cf544578-30ba-40d7-84ed-e62a7ab6e269 — 1 fields changed, isInsert=false, vesselId=9d88f081-6e0f-41e5-9bdb-124b9d9cc3b8, instanceId=SHORE-PROD
[2026-05-20T06:56:55.668Z] [SyncDiag] FIELD-LOGGER: work_orders row=f2781099-8127-4ea2-9d17-285a45037608 — 1 fields changed, isInsert=false, vesselId=9d88f081-6e0f-41e5-9bdb-124b9d9cc3b8, instanceId=SHORE-PROD
[2026-05-20T06:56:55.675Z] [SyncDiag] FIELD-LOGGER: work_orders row=eb82d70f-34bf-433b-ba98-8635391d7ba6 — 1 fields changed, isInsert=false, vesselId=9d88f081-6e0f-41e5-9bdb-124b9d9cc3b8, instanceId=SHORE-PROD
[2026-05-20T06:56:55.682Z] [SyncDiag] FIELD-LOGGER: work_orders row=d56eea8a-43a0-493e-97e0-dfd7816e0224 — 1 fields changed, isInsert=false, vesselId=9d88f081-6e0f-41e5-9bdb-124b9d9cc3b8, instanceId=SHORE-PROD
[2026-05-20T06:56:55.688Z] [SyncDiag] FIELD-LOGGER: work_orders row=7ed546d9-9512-45c7-ac1a-08a37ef382aa — 1 fields changed, isInsert=false, vesselId=9d88f081-6e0f-41e5-9bdb-124b9d9cc3b8, instanceId=SHORE-PROD
[2026-05-20T06:56:55.693Z] [SyncDiag] FIELD-LOGGER: work_orders row=5ba62f43-e861-4b1c-afc1-b88108926c26 — 1 fields changed, isInsert=false, vesselId=9d88f081-6e0f-41e5-9bdb-124b9d9cc3b8, instanceId=SHORE-PROD
[2026-05-20T06:56:55.699Z] [SyncDiag] FIELD-LOGGER: work_orders row=ce54138f-ec19-405c-9149-2572429e7a70 — 1 fields changed, isInsert=false, vesselId=9d88f081-6e0f-41e5-9bdb-124b9d9cc3b8, instanceId=SHORE-PROD
[2026-05-20T06:56:55.704Z] [SyncDiag] FIELD-LOGGER: work_orders row=a19a77bd-0c5c-46ad-891a-ca2f2ebb66ff — 1 fields changed, isInsert=false, vesselId=9d88f081-6e0f-41e5-9bdb-124b9d9cc3b8, instanceId=SHORE-PROD
[2026-05-20T06:56:55.711Z] [SyncDiag] FIELD-LOGGER: work_orders row=74d26c1d-deba-4e1d-a0da-593ca7384777 — 1 fields changed, isInsert=false, vesselId=9d88f081-6e0f-41e5-9bdb-124b9d9cc3b8, instanceId=SHORE-PROD
[2026-05-20T06:56:55.716Z] [SyncDiag] FIELD-LOGGER: work_orders row=e27f5be0-a582-496e-b91a-9664daad1d06 — 1 fields changed, isInsert=false, vesselId=9d88f081-6e0f-41e5-9bdb-124b9d9cc3b8, instanceId=SHORE-PROD
[2026-05-20T06:56:55.723Z] [SyncDiag] FIELD-LOGGER: work_orders row=2893c186-ffc6-4712-9a94-6bf5d2508a09 — 1 fields changed, isInsert=false, vesselId=9d88f081-6e0f-41e5-9bdb-124b9d9cc3b8, instanceId=SHORE-PROD
[2026-05-20T06:56:55.728Z] [SyncDiag] FIELD-LOGGER: work_orders row=7578be03-4ffb-41fe-a80c-df8ca6030039 — 1 fields changed, isInsert=false, vesselId=9d88f081-6e0f-41e5-9bdb-124b9d9cc3b8, instanceId=SHORE-PROD
[2026-05-20T06:56:55.734Z] [SyncDiag] FIELD-LOGGER: work_orders row=609bd77d-2c91-4ea1-a797-96012d9d71e7 — 1 fields changed, isInsert=false, vesselId=9d88f081-6e0f-41e5-9bdb-124b9d9cc3b8, instanceId=SHORE-PROD
[2026-05-20T06:56:55.742Z] [SyncDiag] FIELD-LOGGER: work_orders row=3eb09b27-7aad-4dab-8d78-9aa80ddb5505 — 1 fields changed, isInsert=false, vesselId=9d88f081-6e0f-41e5-9bdb-124b9d9cc3b8, instanceId=SHORE-PROD
[2026-05-20T06:56:55.749Z] [SyncDiag] FIELD-LOGGER: work_orders row=8cea7437-5842-4686-b50c-9e5aff8ecb81 — 1 fields changed, isInsert=false, vesselId=9d88f081-6e0f-41e5-9bdb-124b9d9cc3b8, instanceId=SHORE-PROD
[2026-05-20T06:56:55.755Z] [SyncDiag] FIELD-LOGGER: work_orders row=9042517c-87da-4afd-8848-763c7209c1a9 — 1 fields changed, isInsert=false, vesselId=9d88f081-6e0f-41e5-9bdb-124b9d9cc3b8, instanceId=SHORE-PROD
[2026-05-20T06:56:55.761Z] [SyncDiag] FIELD-LOGGER: work_orders row=ab7c4c92-609d-461d-9461-a3ba5d12dc09 — 1 fields changed, isInsert=false, vesselId=9d88f081-6e0f-41e5-9bdb-124b9d9cc3b8, instanceId=SHORE-PROD
[2026-05-20T06:56:55.767Z] [SyncDiag] FIELD-LOGGER: work_orders row=3b70ce91-bc94-4321-8243-c3a1d0e2b7cb — 1 fields changed, isInsert=false, vesselId=9d88f081-6e0f-41e5-9bdb-124b9d9cc3b8, instanceId=SHORE-PROD
[2026-05-20T06:56:55.774Z] [SyncDiag] FIELD-LOGGER: work_orders row=aa6a5eae-b600-47c7-9fe7-5c6c621a8120 — 1 fields changed, isInsert=false, vesselId=9d88f081-6e0f-41e5-9bdb-124b9d9cc3b8, instanceId=SHORE-PROD
[2026-05-20T06:56:55.781Z] [SyncDiag] FIELD-LOGGER: work_orders row=57367b55-8e3a-4c38-a0b5-07700c19269c — 1 fields changed, isInsert=false, vesselId=9d88f081-6e0f-41e5-9bdb-124b9d9cc3b8, instanceId=SHORE-PROD
[2026-05-20T06:56:55.787Z] [SyncDiag] FIELD-LOGGER: work_orders row=58345d59-6d27-4a95-ba4d-68aeb49364bd — 1 fields changed, isInsert=false, vesselId=9d88f081-6e0f-41e5-9bdb-124b9d9cc3b8, instanceId=SHORE-PROD
[2026-05-20T06:56:55.793Z] [SyncDiag] FIELD-LOGGER: work_orders row=1ae7a2e9-391b-4b54-b2f3-5053909b278c — 1 fields changed, isInsert=false, vesselId=9d88f081-6e0f-41e5-9bdb-124b9d9cc3b8, instanceId=SHORE-PROD
[2026-05-20T06:56:55.799Z] [SyncDiag] FIELD-LOGGER: work_orders row=e272c255-dbe7-4970-a513-8a0b9370d1a9 — 1 fields changed, isInsert=false, vesselId=9d88f081-6e0f-41e5-9bdb-124b9d9cc3b8, instanceId=SHORE-PROD
[2026-05-20T06:56:55.806Z] [SyncDiag] FIELD-LOGGER: work_orders row=d77ed978-ebf7-4674-9ff0-3e2a5d1aa91e — 1 fields changed, isInsert=false, vesselId=9d88f081-6e0f-41e5-9bdb-124b9d9cc3b8, instanceId=SHORE-PROD
[2026-05-20T06:56:55.814Z] [SyncDiag] FIELD-LOGGER: work_orders row=5624001c-e320-43c6-881c-df88e04d2b77 — 1 fields changed, isInsert=false, vesselId=9d88f081-6e0f-41e5-9bdb-124b9d9cc3b8, instanceId=SHORE-PROD
[2026-05-20T06:56:55.820Z] [SyncDiag] FIELD-LOGGER: work_orders row=28753101-e88e-43e8-97db-19620d497d42 — 1 fields changed, isInsert=false, vesselId=9d88f081-6e0f-41e5-9bdb-124b9d9cc3b8, instanceId=SHORE-PROD
[2026-05-20T06:56:55.825Z] [SyncDiag] FIELD-LOGGER: work_orders row=b5002ce9-2bc8-4d75-a1f9-da15ee82e43b — 1 fields changed, isInsert=false, vesselId=9d88f081-6e0f-41e5-9bdb-124b9d9cc3b8, instanceId=SHORE-PROD
[2026-05-20T06:56:55.831Z] [SyncDiag] FIELD-LOGGER: work_orders row=b4463dd4-696c-4f96-b1ec-aedeb0ce1a30 — 1 fields changed, isInsert=false, vesselId=9d88f081-6e0f-41e5-9bdb-124b9d9cc3b8, instanceId=SHORE-PROD
[2026-05-20T06:56:55.837Z] [SyncDiag] FIELD-LOGGER: work_orders row=1f00a3c3-2e28-4cf8-8e0d-e3720bff464c — 1 fields changed, isInsert=false, vesselId=9d88f081-6e0f-41e5-9bdb-124b9d9cc3b8, instanceId=SHORE-PROD
[2026-05-20T06:56:55.843Z] [SyncDiag] FIELD-LOGGER: work_orders row=39e4f98a-caf6-4320-b5e5-eb5d2f743eb2 — 1 fields changed, isInsert=false, vesselId=9d88f081-6e0f-41e5-9bdb-124b9d9cc3b8, instanceId=SHORE-PROD
[2026-05-20T06:56:55.849Z] [SyncDiag] FIELD-LOGGER: work_orders row=9e4e814f-c4a9-4bf6-b10f-c3c6ef57c544 — 1 fields changed, isInsert=false, vesselId=9d88f081-6e0f-41e5-9bdb-124b9d9cc3b8, instanceId=SHORE-PROD
[2026-05-20T06:56:55.855Z] [SyncDiag] FIELD-LOGGER: work_orders row=816cc9bb-d2b6-4c44-abe2-4a9b32c0eadb — 1 fields changed, isInsert=false, vesselId=9d88f081-6e0f-41e5-9bdb-124b9d9cc3b8, instanceId=SHORE-PROD
[2026-05-20T06:56:55.861Z] [SyncDiag] FIELD-LOGGER: work_orders row=94088c83-7161-42e8-a4e4-c77f986f27a7 — 1 fields changed, isInsert=false, vesselId=9d88f081-6e0f-41e5-9bdb-124b9d9cc3b8, instanceId=SHORE-PROD
[2026-05-20T06:56:55.866Z] [SyncDiag] FIELD-LOGGER: work_orders row=099ef6ef-bdd0-46a9-8c7f-8e7536b1a24c — 1 fields changed, isInsert=false, vesselId=9d88f081-6e0f-41e5-9bdb-124b9d9cc3b8, instanceId=SHORE-PROD
[2026-05-20T06:56:55.872Z] [SyncDiag] FIELD-LOGGER: work_orders row=114eb1c6-44d6-44a0-aae5-c6681eb2a30b — 1 fields changed, isInsert=false, vesselId=9d88f081-6e0f-41e5-9bdb-124b9d9cc3b8, instanceId=SHORE-PROD
[2026-05-20T06:56:55.880Z] [SyncDiag] FIELD-LOGGER: work_orders row=3cb6aa8d-8c8c-4c4a-895b-501dc640b16c — 1 fields changed, isInsert=false, vesselId=9d88f081-6e0f-41e5-9bdb-124b9d9cc3b8, instanceId=SHORE-PROD
[2026-05-20T06:56:55.887Z] [SyncDiag] FIELD-LOGGER: work_orders row=3d642398-59ce-4bff-b44b-9d0cd8194870 — 1 fields changed, isInsert=false, vesselId=9d88f081-6e0f-41e5-9bdb-124b9d9cc3b8, instanceId=SHORE-PROD
[2026-05-20T06:56:55.894Z] [SyncDiag] FIELD-LOGGER: work_orders row=24290d0f-369e-44be-9bfb-ddecff9b26e2 — 1 fields changed, isInsert=false, vesselId=9d88f081-6e0f-41e5-9bdb-124b9d9cc3b8, instanceId=SHORE-PROD
[2026-05-20T06:56:55.900Z] [SyncDiag] FIELD-LOGGER: work_orders row=6f5cfac8-f439-4b5f-90f1-475c3900a425 — 1 fields changed, isInsert=false, vesselId=9d88f081-6e0f-41e5-9bdb-124b9d9cc3b8, instanceId=SHORE-PROD
[2026-05-20T06:56:55.906Z] [SyncDiag] FIELD-LOGGER: work_orders row=3df16d9e-16c1-4663-aa42-c6759dfbfc38 — 1 fields changed, isInsert=false, vesselId=9d88f081-6e0f-41e5-9bdb-124b9d9cc3b8, instanceId=SHORE-PROD
[2026-05-20T06:56:55.912Z] [SyncDiag] FIELD-LOGGER: work_orders row=0353cae9-fe98-4c07-9dca-f9a1b2ab4b7a — 1 fields changed, isInsert=false, vesselId=9d88f081-6e0f-41e5-9bdb-124b9d9cc3b8, instanceId=SHORE-PROD
[2026-05-20T06:56:55.918Z] [SyncDiag] FIELD-LOGGER: work_orders row=fa91dde1-1aa6-4f3b-bc8e-904d9fcc7ec0 — 1 fields changed, isInsert=false, vesselId=9d88f081-6e0f-41e5-9bdb-124b9d9cc3b8, instanceId=SHORE-PROD
[2026-05-20T06:56:55.924Z] [SyncDiag] FIELD-LOGGER: work_orders row=f1592bf0-494c-4b35-9454-8cc10a4fa6a6 — 1 fields changed, isInsert=false, vesselId=9d88f081-6e0f-41e5-9bdb-124b9d9cc3b8, instanceId=SHORE-PROD
[2026-05-20T06:56:55.937Z] [SyncDiag] FIELD-LOGGER: work_orders row=fb9227df-6d71-4edd-909b-37773e6a9007 — 1 fields changed, isInsert=false, vesselId=9d88f081-6e0f-41e5-9bdb-124b9d9cc3b8, instanceId=SHORE-PROD
[2026-05-20T06:56:55.946Z] [SyncDiag] FIELD-LOGGER: work_orders row=b268b5f3-8c55-4cc7-bcfa-1d2390819d72 — 1 fields changed, isInsert=false, vesselId=9d88f081-6e0f-41e5-9bdb-124b9d9cc3b8, instanceId=SHORE-PROD
[2026-05-20T06:56:55.952Z] [SyncDiag] FIELD-LOGGER: work_orders row=3229d3de-94ef-4ec6-b3c4-f2a44eed54c8 — 1 fields changed, isInsert=false, vesselId=9d88f081-6e0f-41e5-9bdb-124b9d9cc3b8, instanceId=SHORE-PROD
[2026-05-20T06:56:55.958Z] [SyncDiag] FIELD-LOGGER: work_orders row=0f0d3c83-2d5a-408f-aae5-2d1ae84287b7 — 1 fields changed, isInsert=false, vesselId=9d88f081-6e0f-41e5-9bdb-124b9d9cc3b8, instanceId=SHORE-PROD
[2026-05-20T06:56:55.964Z] [SyncDiag] FIELD-LOGGER: work_orders row=74c15b6e-523e-4f2a-8277-0ac76fb1d0bf — 1 fields changed, isInsert=false, vesselId=9d88f081-6e0f-41e5-9bdb-124b9d9cc3b8, instanceId=SHORE-PROD
[2026-05-20T06:56:55.970Z] [SyncDiag] FIELD-LOGGER: work_orders row=6953cf63-1541-45a1-8e5d-bb765e221db4 — 1 fields changed, isInsert=false, vesselId=9d88f081-6e0f-41e5-9bdb-124b9d9cc3b8, instanceId=SHORE-PROD
[2026-05-20T06:56:55.976Z] [SyncDiag] FIELD-LOGGER: work_orders row=8d55b7be-a091-4cc3-b069-d6286ab4beaf — 1 fields changed, isInsert=false, vesselId=9d88f081-6e0f-41e5-9bdb-124b9d9cc3b8, instanceId=SHORE-PROD
[2026-05-20T06:56:55.982Z] [SyncDiag] FIELD-LOGGER: work_orders row=20debc45-45fc-499c-af14-a62588b46b8f — 1 fields changed, isInsert=false, vesselId=9d88f081-6e0f-41e5-9bdb-124b9d9cc3b8, instanceId=SHORE-PROD
[2026-05-20T06:56:55.988Z] [SyncDiag] FIELD-LOGGER: work_orders row=d137592b-a8a6-4147-b0b5-d0a411b5b913 — 1 fields changed, isInsert=false, vesselId=9d88f081-6e0f-41e5-9bdb-124b9d9cc3b8, instanceId=SHORE-PROD
[2026-05-20T06:56:55.994Z] [SyncDiag] FIELD-LOGGER: work_orders row=be56587e-b371-46b1-bc20-37161d4bbc48 — 1 fields changed, isInsert=false, vesselId=9d88f081-6e0f-41e5-9bdb-124b9d9cc3b8, instanceId=SHORE-PROD
[2026-05-20T06:56:56.001Z] [SyncDiag] FIELD-LOGGER: work_orders row=a2851d89-e23f-441d-aa76-ac20b15fc54c — 1 fields changed, isInsert=false, vesselId=9d88f081-6e0f-41e5-9bdb-124b9d9cc3b8, instanceId=SHORE-PROD
[2026-05-20T06:56:56.006Z] [SyncDiag] FIELD-LOGGER: work_orders row=4cf043eb-02ab-417c-8e8f-89b2c1bd5fc2 — 1 fields changed, isInsert=false, vesselId=9d88f081-6e0f-41e5-9bdb-124b9d9cc3b8, instanceId=SHORE-PROD
[2026-05-20T06:56:56.013Z] [SyncDiag] FIELD-LOGGER: work_orders row=23b178e3-55ae-4934-83f8-464066746fa0 — 1 fields changed, isInsert=false, vesselId=9d88f081-6e0f-41e5-9bdb-124b9d9cc3b8, instanceId=SHORE-PROD
[2026-05-20T06:56:56.021Z] [SyncDiag] FIELD-LOGGER: work_orders row=66695979-035e-4930-b044-13aa4c67961d — 1 fields changed, isInsert=false, vesselId=9d88f081-6e0f-41e5-9bdb-124b9d9cc3b8, instanceId=SHORE-PROD
[2026-05-20T06:56:56.027Z] [SyncDiag] FIELD-LOGGER: work_orders row=19c2dcce-e1d7-4fff-800a-63de69bc9a60 — 1 fields changed, isInsert=false, vesselId=9d88f081-6e0f-41e5-9bdb-124b9d9cc3b8, instanceId=SHORE-PROD
[2026-05-20T06:56:56.033Z] [SyncDiag] FIELD-LOGGER: work_orders row=0703a23f-0293-4fd6-9116-7af016f97388 — 1 fields changed, isInsert=false, vesselId=9d88f081-6e0f-41e5-9bdb-124b9d9cc3b8, instanceId=SHORE-PROD
[2026-05-20T06:56:56.039Z] [SyncDiag] FIELD-LOGGER: work_orders row=b813e584-e580-4c51-a798-253f3b138812 — 1 fields changed, isInsert=false, vesselId=9d88f081-6e0f-41e5-9bdb-124b9d9cc3b8, instanceId=SHORE-PROD
[2026-05-20T06:56:56.045Z] [SyncDiag] FIELD-LOGGER: work_orders row=bf5b87a0-b878-4808-b1a7-da5d3dc17d3a — 1 fields changed, isInsert=false, vesselId=9d88f081-6e0f-41e5-9bdb-124b9d9cc3b8, instanceId=SHORE-PROD
[2026-05-20T06:56:56.051Z] [SyncDiag] FIELD-LOGGER: work_orders row=a7c0bf14-a248-4643-8b32-36070e500d19 — 1 fields changed, isInsert=false, vesselId=9d88f081-6e0f-41e5-9bdb-124b9d9cc3b8, instanceId=SHORE-PROD
[2026-05-20T06:56:56.057Z] [SyncDiag] FIELD-LOGGER: work_orders row=8cb9bd38-cd86-48a2-b1a6-5b1295a8c6cf — 1 fields changed, isInsert=false, vesselId=9d88f081-6e0f-41e5-9bdb-124b9d9cc3b8, instanceId=SHORE-PROD
[2026-05-20T06:56:56.063Z] [SyncDiag] FIELD-LOGGER: work_orders row=9a142f97-faec-454e-92df-2c60670c6f99 — 1 fields changed, isInsert=false, vesselId=9d88f081-6e0f-41e5-9bdb-124b9d9cc3b8, instanceId=SHORE-PROD
[2026-05-20T06:56:56.068Z] [SyncDiag] FIELD-LOGGER: work_orders row=42284dfe-bd7d-4a49-ba33-5252077fd53b — 1 fields changed, isInsert=false, vesselId=9d88f081-6e0f-41e5-9bdb-124b9d9cc3b8, instanceId=SHORE-PROD
[2026-05-20T06:56:56.074Z] [SyncDiag] FIELD-LOGGER: work_orders row=b4a52a61-85d6-414a-ac32-9527684c268d — 1 fields changed, isInsert=false, vesselId=9d88f081-6e0f-41e5-9bdb-124b9d9cc3b8, instanceId=SHORE-PROD
[2026-05-20T06:56:56.080Z] [SyncDiag] FIELD-LOGGER: work_orders row=cf2bdbdb-2ac0-451c-9a4f-99931c6a3626 — 1 fields changed, isInsert=false, vesselId=9d88f081-6e0f-41e5-9bdb-124b9d9cc3b8, instanceId=SHORE-PROD
[2026-05-20T06:56:56.088Z] [SyncDiag] FIELD-LOGGER: work_orders row=8f6b3858-1d8a-42f8-878f-56370dd8fe4c — 1 fields changed, isInsert=false, vesselId=9d88f081-6e0f-41e5-9bdb-124b9d9cc3b8, instanceId=SHORE-PROD
[2026-05-20T06:56:56.095Z] [SyncDiag] FIELD-LOGGER: work_orders row=47aa5c7f-9d1c-4755-8192-466b15595dee — 1 fields changed, isInsert=false, vesselId=9d88f081-6e0f-41e5-9bdb-124b9d9cc3b8, instanceId=SHORE-PROD
[2026-05-20T06:56:56.100Z] [SyncDiag] FIELD-LOGGER: work_orders row=2dcfb38d-3a69-49fc-bd15-518e32846fe5 — 1 fields changed, isInsert=false, vesselId=9d88f081-6e0f-41e5-9bdb-124b9d9cc3b8, instanceId=SHORE-PROD
[2026-05-20T06:56:56.106Z] [SyncDiag] FIELD-LOGGER: work_orders row=01af24a3-0e6b-4150-91ea-ff43b9edaaef — 1 fields changed, isInsert=false, vesselId=9d88f081-6e0f-41e5-9bdb-124b9d9cc3b8, instanceId=SHORE-PROD
[2026-05-20T06:56:56.113Z] [SyncDiag] FIELD-LOGGER: work_orders row=14f65db7-2019-4f55-bc1f-c11ad0e691a0 — 1 fields changed, isInsert=false, vesselId=9d88f081-6e0f-41e5-9bdb-124b9d9cc3b8, instanceId=SHORE-PROD
[2026-05-20T06:56:56.118Z] [SyncDiag] FIELD-LOGGER: work_orders row=31036634-4942-4c91-87a2-00a10d0ec75c — 1 fields changed, isInsert=false, vesselId=9d88f081-6e0f-41e5-9bdb-124b9d9cc3b8, instanceId=SHORE-PROD
[2026-05-20T06:56:56.124Z] [SyncDiag] FIELD-LOGGER: work_orders row=dc958a2e-9bb5-4427-a186-58c14ef5ab87 — 1 fields changed, isInsert=false, vesselId=9d88f081-6e0f-41e5-9bdb-124b9d9cc3b8, instanceId=SHORE-PROD
[2026-05-20T06:56:56.130Z] [SyncDiag] FIELD-LOGGER: work_orders row=3a52a73c-00a0-4bfc-a795-4c76ffa49b8b — 1 fields changed, isInsert=false, vesselId=9d88f081-6e0f-41e5-9bdb-124b9d9cc3b8, instanceId=SHORE-PROD
[2026-05-20T06:56:56.137Z] [SyncDiag] FIELD-LOGGER: work_orders row=9cba05ee-b832-4adc-9a97-4c187da23ea4 — 1 fields changed, isInsert=false, vesselId=9d88f081-6e0f-41e5-9bdb-124b9d9cc3b8, instanceId=SHORE-PROD
[2026-05-20T06:56:56.142Z] [SyncDiag] FIELD-LOGGER: work_orders row=199ce048-b0ce-4230-9977-e56919e98062 — 1 fields changed, isInsert=false, vesselId=9d88f081-6e0f-41e5-9bdb-124b9d9cc3b8, instanceId=SHORE-PROD
[2026-05-20T06:56:56.148Z] [SyncDiag] FIELD-LOGGER: work_orders row=8b689f41-5a43-48ae-9b7c-5574d4850685 — 1 fields changed, isInsert=false, vesselId=9d88f081-6e0f-41e5-9bdb-124b9d9cc3b8, instanceId=SHORE-PROD
[2026-05-20T06:56:56.156Z] [SyncDiag] FIELD-LOGGER: work_orders row=2c4ac37e-0ea9-4825-b4cc-058c3d2776d0 — 1 fields changed, isInsert=false, vesselId=9d88f081-6e0f-41e5-9bdb-124b9d9cc3b8, instanceId=SHORE-PROD
[2026-05-20T06:56:56.163Z] [SyncDiag] FIELD-LOGGER: work_orders row=242d37f7-80b6-4249-8105-66910dd5ef60 — 1 fields changed, isInsert=false, vesselId=9d88f081-6e0f-41e5-9bdb-124b9d9cc3b8, instanceId=SHORE-PROD
[2026-05-20T06:56:56.169Z] [SyncDiag] FIELD-LOGGER: work_orders row=9fd82d19-162e-443c-8a3c-6778cf5a6367 — 1 fields changed, isInsert=false, vesselId=9d88f081-6e0f-41e5-9bdb-124b9d9cc3b8, instanceId=SHORE-PROD
[2026-05-20T06:56:56.174Z] [SyncDiag] FIELD-LOGGER: work_orders row=2521273a-f892-40f0-85be-c074bc1accdf — 1 fields changed, isInsert=false, vesselId=9d88f081-6e0f-41e5-9bdb-124b9d9cc3b8, instanceId=SHORE-PROD
[2026-05-20T06:56:56.181Z] [SyncDiag] FIELD-LOGGER: work_orders row=fb1d4c3b-a628-438d-bdc0-0fad974fa372 — 1 fields changed, isInsert=false, vesselId=9d88f081-6e0f-41e5-9bdb-124b9d9cc3b8, instanceId=SHORE-PROD
[2026-05-20T06:56:56.187Z] [SyncDiag] FIELD-LOGGER: work_orders row=5216c92f-a8f4-4f25-a904-654ed58fe6d4 — 1 fields changed, isInsert=false, vesselId=9d88f081-6e0f-41e5-9bdb-124b9d9cc3b8, instanceId=SHORE-PROD
[2026-05-20T06:56:56.193Z] [SyncDiag] FIELD-LOGGER: work_orders row=67073bc7-ddaf-4917-b4a8-86f2350be687 — 1 fields changed, isInsert=false, vesselId=9d88f081-6e0f-41e5-9bdb-124b9d9cc3b8, instanceId=SHORE-PROD
[2026-05-20T06:56:56.198Z] [SyncDiag] FIELD-LOGGER: work_orders row=17b9ece4-c607-4c8b-84e2-674950dccf4d — 1 fields changed, isInsert=false, vesselId=9d88f081-6e0f-41e5-9bdb-124b9d9cc3b8, instanceId=SHORE-PROD
[2026-05-20T06:56:56.204Z] [SyncDiag] FIELD-LOGGER: work_orders row=cd6324da-772b-4a74-bd24-f87c7d25d90e — 1 fields changed, isInsert=false, vesselId=9d88f081-6e0f-41e5-9bdb-124b9d9cc3b8, instanceId=SHORE-PROD
[2026-05-20T06:56:56.211Z] [SyncDiag] FIELD-LOGGER: work_orders row=716d4510-a64c-49af-bae7-773cc8e9361f — 1 fields changed, isInsert=false, vesselId=9d88f081-6e0f-41e5-9bdb-124b9d9cc3b8, instanceId=SHORE-PROD
[2026-05-20T06:56:56.216Z] [SyncDiag] FIELD-LOGGER: work_orders row=78e25ce3-7c35-4cf6-aec7-2112317fb6ed — 1 fields changed, isInsert=false, vesselId=9d88f081-6e0f-41e5-9bdb-124b9d9cc3b8, instanceId=SHORE-PROD
[2026-05-20T06:56:56.224Z] [SyncDiag] FIELD-LOGGER: work_orders row=90c2e28c-3c35-43ec-9e4c-89095fab32e3 — 1 fields changed, isInsert=false, vesselId=9d88f081-6e0f-41e5-9bdb-124b9d9cc3b8, instanceId=SHORE-PROD
[2026-05-20T06:56:56.230Z] [SyncDiag] FIELD-LOGGER: work_orders row=079faaaf-31a6-4293-99b6-a9faaa65559e — 1 fields changed, isInsert=false, vesselId=9d88f081-6e0f-41e5-9bdb-124b9d9cc3b8, instanceId=SHORE-PROD
[2026-05-20T06:56:56.235Z] [SyncDiag] FIELD-LOGGER: work_orders row=ddc1defb-3386-442d-b9a4-5aad43527064 — 1 fields changed, isInsert=false, vesselId=9d88f081-6e0f-41e5-9bdb-124b9d9cc3b8, instanceId=SHORE-PROD
[2026-05-20T06:56:56.241Z] [SyncDiag] FIELD-LOGGER: work_orders row=155c6cdc-278a-453e-abb7-10f3253c8721 — 1 fields changed, isInsert=false, vesselId=9d88f081-6e0f-41e5-9bdb-124b9d9cc3b8, instanceId=SHORE-PROD
[2026-05-20T06:56:56.247Z] [SyncDiag] FIELD-LOGGER: work_orders row=1a07b1ed-dd17-4ec1-bc9f-5538427cadd1 — 1 fields changed, isInsert=false, vesselId=9d88f081-6e0f-41e5-9bdb-124b9d9cc3b8, instanceId=SHORE-PROD
[2026-05-20T06:56:56.252Z] [SyncDiag] FIELD-LOGGER: work_orders row=83d4b421-a326-48e2-a71d-09c932e944a4 — 1 fields changed, isInsert=false, vesselId=9d88f081-6e0f-41e5-9bdb-124b9d9cc3b8, instanceId=SHORE-PROD
[2026-05-20T06:56:56.258Z] [SyncDiag] FIELD-LOGGER: work_orders row=42039000-7ce6-4565-9ede-45ed6f83c34e — 1 fields changed, isInsert=false, vesselId=9d88f081-6e0f-41e5-9bdb-124b9d9cc3b8, instanceId=SHORE-PROD
[2026-05-20T06:56:56.264Z] [SyncDiag] FIELD-LOGGER: work_orders row=acaa60d4-35c1-440d-abc7-a6364d20225e — 1 fields changed, isInsert=false, vesselId=9d88f081-6e0f-41e5-9bdb-124b9d9cc3b8, instanceId=SHORE-PROD
[2026-05-20T06:56:56.269Z] [SyncDiag] FIELD-LOGGER: work_orders row=0c07bb47-fa76-4e77-bdd4-b12952ef0cb2 — 1 fields changed, isInsert=false, vesselId=9d88f081-6e0f-41e5-9bdb-124b9d9cc3b8, instanceId=SHORE-PROD
[2026-05-20T06:56:56.275Z] [SyncDiag] FIELD-LOGGER: work_orders row=628093e1-fa65-4f8a-b681-8c6095fb2814 — 1 fields changed, isInsert=false, vesselId=9d88f081-6e0f-41e5-9bdb-124b9d9cc3b8, instanceId=SHORE-PROD
[2026-05-20T06:56:56.280Z] [SyncDiag] FIELD-LOGGER: work_orders row=77e94f80-1097-446a-8722-197b7c57e85c — 1 fields changed, isInsert=false, vesselId=9d88f081-6e0f-41e5-9bdb-124b9d9cc3b8, instanceId=SHORE-PROD
[2026-05-20T06:56:56.286Z] [SyncDiag] FIELD-LOGGER: work_orders row=7c36efa9-b824-43c5-916f-22ddb2ea8d1b — 1 fields changed, isInsert=false, vesselId=9d88f081-6e0f-41e5-9bdb-124b9d9cc3b8, instanceId=SHORE-PROD
[2026-05-20T06:56:56.310Z] [SyncDiag] FIELD-LOGGER: work_orders row=48faaa90-d7ae-4903-99dd-0512542cf822 — 1 fields changed, isInsert=false, vesselId=9d88f081-6e0f-41e5-9bdb-124b9d9cc3b8, instanceId=SHORE-PROD
[2026-05-20T06:56:56.347Z] [SyncDiag] FIELD-LOGGER: work_orders row=dcef7054-04d6-453f-9030-6dc7508dac9f — 1 fields changed, isInsert=false, vesselId=9d88f081-6e0f-41e5-9bdb-124b9d9cc3b8, instanceId=SHORE-PROD
[2026-05-20T06:56:56.405Z] [SyncDiag] FIELD-LOGGER: work_orders row=dfec42c8-60ef-4e7a-8707-316220e11ccb — 1 fields changed, isInsert=false, vesselId=9d88f081-6e0f-41e5-9bdb-124b9d9cc3b8, instanceId=SHORE-PROD
[2026-05-20T06:56:56.416Z] [SyncDiag] FIELD-LOGGER: work_orders row=f221e006-b3e3-43df-8a01-90a1b69592bd — 1 fields changed, isInsert=false, vesselId=9d88f081-6e0f-41e5-9bdb-124b9d9cc3b8, instanceId=SHORE-PROD
[2026-05-20T06:56:56.504Z] [SyncDiag] FIELD-LOGGER: work_orders row=4ab8c142-7df6-4fa7-8c80-3f6696376604 — 1 fields changed, isInsert=false, vesselId=9d88f081-6e0f-41e5-9bdb-124b9d9cc3b8, instanceId=SHORE-PROD
[2026-05-20T06:56:56.510Z] [SyncDiag] FIELD-LOGGER: work_orders row=a3d44d2b-9377-4988-83a6-fc267396fa77 — 1 fields changed, isInsert=false, vesselId=9d88f081-6e0f-41e5-9bdb-124b9d9cc3b8, instanceId=SHORE-PROD
[2026-05-20T06:56:56.518Z] [SyncDiag] FIELD-LOGGER: work_orders row=4527ed40-b1d9-4c40-990f-501d3e1e22cf — 1 fields changed, isInsert=false, vesselId=9d88f081-6e0f-41e5-9bdb-124b9d9cc3b8, instanceId=SHORE-PROD
[2026-05-20T06:56:56.524Z] [SyncDiag] FIELD-LOGGER: work_orders row=82ca5c20-d56a-4048-a1b4-90bfb71f530a — 1 fields changed, isInsert=false, vesselId=9d88f081-6e0f-41e5-9bdb-124b9d9cc3b8, instanceId=SHORE-PROD
[2026-05-20T06:56:56.530Z] [SyncDiag] FIELD-LOGGER: work_orders row=ffaaa4da-107b-4631-af52-57c3698c762e — 1 fields changed, isInsert=false, vesselId=9d88f081-6e0f-41e5-9bdb-124b9d9cc3b8, instanceId=SHORE-PROD
[2026-05-20T06:56:56.564Z] [SyncDiag] FIELD-LOGGER: work_orders row=7148e82a-5e13-43f4-a83a-88ba176ac811 — 1 fields changed, isInsert=false, vesselId=9d88f081-6e0f-41e5-9bdb-124b9d9cc3b8, instanceId=SHORE-PROD
[2026-05-20T11:27:21.001Z] [SyncDiag] RECEIVE-PUSH START: batch=9237ceab-2a11-43ea-a630-85a601767ca7, vessel=7446783c-841a-11ed-aa7c-7003bca91a86, fieldLogs=0, oneWayRows=0
[2026-05-20T11:27:21.010Z] [SyncDiag] RECEIVE-PUSH DONE: stored=0, applied=0, errors=0, oneWayTables=0
[2026-05-20T11:27:21.021Z] [SyncDiag] PREPARE-PULL START: vessel=7446783c-841a-11ed-aa7c-7003bca91a86, vesselCode=null, checkpoint=2026-05-20T05:27:21.635Z, shoreInstanceId=SHORE-PROD
[2026-05-20T11:27:21.347Z] [SyncDiag] PREPARE-PULL DIAG: vessel=7446783c-841a-11ed-aa7c-7003bca91a86 total_logs=65494 unsynced=0 after_instance_filter=0 exclude=SHIP-Vessel 5 since=2026-05-20T05:27:21.635Z instances=[]
[2026-05-20T11:27:21.347Z] [SyncDiag] PREPARE-PULL FIELD LOGS: 0 shore logs for vessel=7446783c-841a-11ed-aa7c-7003bca91a86 (excluded instance=SHIP-Vessel 5)
[2026-05-20T11:27:21.604Z] [SyncDiag] PREPARE-PULL DONE: 0 one-way rows across 0 tables, 0 field logs, 0 conflicts
[2026-05-20T11:27:21.613Z] [SyncDiag] COMPLETE-SESSION: marking shore logs synced for vessel=7446783c-841a-11ed-aa7c-7003bca91a86 checkpointBefore=2026-05-20T05:27:21.635Z excludeInstance=SHIP-Vessel 5
[2026-05-20T11:27:21.696Z] [SyncDiag] PREPARE-PULL DIAG: vessel=7446783c-841a-11ed-aa7c-7003bca91a86 total_logs=65494 unsynced=0 after_instance_filter=0 exclude=SHIP-Vessel 5 since=2026-05-20T05:27:21.635Z instances=[]
[2026-05-20T11:27:21.696Z] [SyncDiag] COMPLETE-SESSION: found 0 shore logs to mark synced
[2026-05-20T11:27:21.816Z] [SyncDiag] COMPLETE-SESSION: found 0 ship logs to mark synced
[2026-05-20T17:27:20.413Z] [SyncDiag] RECEIVE-PUSH START: batch=569fcbef-3da5-48f6-be3a-352bf1a2d9f4, vessel=7446783c-841a-11ed-aa7c-7003bca91a86, fieldLogs=0, oneWayRows=0
[2026-05-20T17:27:20.421Z] [SyncDiag] RECEIVE-PUSH DONE: stored=0, applied=0, errors=0, oneWayTables=0
[2026-05-20T17:27:20.433Z] [SyncDiag] PREPARE-PULL START: vessel=7446783c-841a-11ed-aa7c-7003bca91a86, vesselCode=null, checkpoint=2026-05-20T11:27:21.612Z, shoreInstanceId=SHORE-PROD
[2026-05-20T17:27:20.946Z] [SyncDiag] PREPARE-PULL DIAG: vessel=7446783c-841a-11ed-aa7c-7003bca91a86 total_logs=65494 unsynced=0 after_instance_filter=0 exclude=SHIP-Vessel 5 since=2026-05-20T11:27:21.612Z instances=[]
[2026-05-20T17:27:20.947Z] [SyncDiag] PREPARE-PULL FIELD LOGS: 0 shore logs for vessel=7446783c-841a-11ed-aa7c-7003bca91a86 (excluded instance=SHIP-Vessel 5)
[2026-05-20T17:27:22.229Z] [SyncDiag] PREPARE-PULL DONE: 0 one-way rows across 0 tables, 0 field logs, 0 conflicts
[2026-05-20T17:27:22.238Z] [SyncDiag] COMPLETE-SESSION: marking shore logs synced for vessel=7446783c-841a-11ed-aa7c-7003bca91a86 checkpointBefore=2026-05-20T11:27:21.612Z excludeInstance=SHIP-Vessel 5
[2026-05-20T17:27:22.310Z] [SyncDiag] PREPARE-PULL DIAG: vessel=7446783c-841a-11ed-aa7c-7003bca91a86 total_logs=65494 unsynced=0 after_instance_filter=0 exclude=SHIP-Vessel 5 since=2026-05-20T11:27:21.612Z instances=[]
[2026-05-20T17:27:22.311Z] [SyncDiag] COMPLETE-SESSION: found 0 shore logs to mark synced
[2026-05-20T17:27:22.481Z] [SyncDiag] COMPLETE-SESSION: found 0 ship logs to mark synced
[2026-05-20T23:27:17.920Z] [SyncDiag] RECEIVE-PUSH START: batch=6a95d52b-abd8-4f4c-b348-348138f10585, vessel=7446783c-841a-11ed-aa7c-7003bca91a86, fieldLogs=0, oneWayRows=0
[2026-05-20T23:27:17.926Z] [SyncDiag] RECEIVE-PUSH DONE: stored=0, applied=0, errors=0, oneWayTables=0
[2026-05-20T23:27:19.950Z] [SyncDiag] PREPARE-PULL START: vessel=7446783c-841a-11ed-aa7c-7003bca91a86, vesselCode=null, checkpoint=2026-05-20T17:27:22.237Z, shoreInstanceId=SHORE-PROD
[2026-05-20T23:27:20.173Z] [SyncDiag] PREPARE-PULL DIAG: vessel=7446783c-841a-11ed-aa7c-7003bca91a86 total_logs=65494 unsynced=0 after_instance_filter=0 exclude=SHIP-Vessel 5 since=2026-05-20T17:27:22.237Z instances=[]
[2026-05-20T23:27:20.173Z] [SyncDiag] PREPARE-PULL FIELD LOGS: 0 shore logs for vessel=7446783c-841a-11ed-aa7c-7003bca91a86 (excluded instance=SHIP-Vessel 5)
[2026-05-20T23:27:20.373Z] [SyncDiag] PREPARE-PULL DONE: 0 one-way rows across 0 tables, 0 field logs, 0 conflicts
[2026-05-20T23:27:20.381Z] [SyncDiag] COMPLETE-SESSION: marking shore logs synced for vessel=7446783c-841a-11ed-aa7c-7003bca91a86 checkpointBefore=2026-05-20T17:27:22.237Z excludeInstance=SHIP-Vessel 5
[2026-05-20T23:27:20.453Z] [SyncDiag] PREPARE-PULL DIAG: vessel=7446783c-841a-11ed-aa7c-7003bca91a86 total_logs=65494 unsynced=0 after_instance_filter=0 exclude=SHIP-Vessel 5 since=2026-05-20T17:27:22.237Z instances=[]
[2026-05-20T23:27:20.454Z] [SyncDiag] COMPLETE-SESSION: found 0 shore logs to mark synced
[2026-05-20T23:27:20.644Z] [SyncDiag] COMPLETE-SESSION: found 0 ship logs to mark synced
