Code,,ParentCode,MainGroup,SubGroup
1,SHIP GENERAL,,SHIP GENERAL,
2,HULL,,HULL,
3,EQUIPMENT FOR CARGO,,EQUIPMENT FOR CARGO,
4,SHIP EQUIPMENT,,SHIP EQUIPMENT,
5,EQUIPMENT FOR CREW AND PASSENGERS,,EQUIPMENT FOR CREW AND PASSENGERS,
6,MACHINERY MAIN COMPONENTS,,MACHINERY MAIN COMPONENTS,
7,SYSTEMS FOR MACHINERY MAIN COMPONENTS,,SYSTEMS FOR MACHINERY MAIN COMPONENTS,
8,SHIP COMMON SYSTEMS,,SHIP COMMON SYSTEMS,
10,"SPECIFICATION, ESTIMATING, DRAWING, INSTRUCTION, COURSES",1,SHIP GENERAL,"SPECIFICATION, ESTIMATING, DRAWING, INSTRUCTION, COURSES"
11,"INSURANCE, FEES, CERTIFICATES, REPRESENTATION",1,SHIP GENERAL,"INSURANCE, FEES, CERTIFICATES, REPRESENTATION"
12,"QUALITY ASSURANCE, GENERAL WORK, MODELS",1,SHIP GENERAL,"QUALITY ASSURANCE, GENERAL WORK, MODELS"
13,PROVISIONAL RIGGING,1,SHIP GENERAL,PROVISIONAL RIGGING
14,"WORK ON WAYS, LAUNCHING, DOCKING",1,SHIP GENERAL,"WORK ON WAYS, LAUNCHING, DOCKING"
15,"QUALITY CONTROL, MEASUREMENTS, TESTS, TRIALS",1,SHIP GENERAL,"QUALITY CONTROL, MEASUREMENTS, TESTS, TRIALS"
16,GUARANTEE/MENDING WORK,1,SHIP GENERAL,GUARANTEE/MENDING WORK
17,"SHIP REPAIR, SPECIAL SERVICES",1,SHIP GENERAL,"SHIP REPAIR, SPECIAL SERVICES"
19,CONSUMPTION ARTICLES,1,SHIP GENERAL,CONSUMPTION ARTICLES
20,"HULL MATERIALS, GENERAL HULL WORK",2,HULL,"HULL MATERIALS, GENERAL HULL WORK"
21,AFTERBODY,2,HULL,AFTERBODY
22,ENGINE AREA,2,HULL,ENGINE AREA
23,CARGO AREA - HULL SMALL VESSELS,2,HULL,CARGO AREA - HULL SMALL VESSELS
24,FOREBODY,2,HULL,FOREBODY
25,DECK HOUSES & SUPERSTRUCTURES,2,HULL,DECK HOUSES & SUPERSTRUCTURES
26,HULL OUTFITTING,2,HULL,HULL OUTFITTING
27,"MATERIAL PROTECTION, EXTERNAL",2,HULL,"MATERIAL PROTECTION, EXTERNAL"
28,"MATERIAL PROTECTION, INTERNAL",2,HULL,"MATERIAL PROTECTION, INTERNAL"
29,MISCELLANEOUS HULL WORK (NOT STANDARD),2,HULL,MISCELLANEOUS HULL WORK (NOT STANDARD)
30,"HATCHES, PORTS",3,EQUIPMENT FOR CARGO,"HATCHES, PORTS"
31,EQUIPMENT FOR CARGO IN HOLDS/ON DECK,3,EQUIPMENT FOR CARGO,EQUIPMENT FOR CARGO IN HOLDS/ON DECK
32,SPECIAL CARGO HANDLING EQUIPMENT,3,EQUIPMENT FOR CARGO,SPECIAL CARGO HANDLING EQUIPMENT
33,DECK CRANES FOR CARGO,3,EQUIPMENT FOR CARGO,DECK CRANES FOR CARGO
34,"MASTS, DERRICK POSTS, RIGGING & WINCHES FOR CARGO",3,EQUIPMENT FOR CARGO,"MASTS, DERRICK POSTS, RIGGING & WINCHES FOR CARGO"
40,MANOEUVRING MACHINERY & EQUIPMENT,4,SHIP EQUIPMENT,MANOEUVRING MACHINERY & EQUIPMENT
41,NAVIGATION & SEARCHING EQUIPMENT,4,SHIP EQUIPMENT,NAVIGATION & SEARCHING EQUIPMENT
42,COMMUNICATION EQUIPMENT,4,SHIP EQUIPMENT,COMMUNICATION EQUIPMENT
43,"ANCHORING, MOORING & TOWING EQUIPMENT",4,SHIP EQUIPMENT,"ANCHORING, MOORING & TOWING EQUIPMENT"
44,"REP./MAINT./CLEAN. EQUIP. WORKSHOP/STORE OUTFIT, NAME PLATES",4,SHIP EQUIPMENT,"REP./MAINT./CLEAN. EQUIP. WORKSHOP/STORE OUTFIT, NAME PLATES"
45,LIFTING & TRANSPORT EQUIPMENT FOR MACHINERY COMPONENTS,4,SHIP EQUIPMENT,LIFTING & TRANSPORT EQUIPMENT FOR MACHINERY COMPONENTS
46,HUNTING & FISHING EQUIPMENT,4,SHIP EQUIPMENT,HUNTING & FISHING EQUIPMENT
47,"ARMAMENT, WEAPON & WEAPON COUNTERMEASURES",4,SHIP EQUIPMENT,"ARMAMENT, WEAPON & WEAPON COUNTERMEASURES"
48,SPECIAL EQUIPMENT,4,SHIP EQUIPMENT,SPECIAL EQUIPMENT
49,FISH PROCESSING EQUIPMENT,4,SHIP EQUIPMENT,FISH PROCESSING EQUIPMENT
50,"LIFESAVING, PROTECTION & MEDICAL EQUIPMENT",5,EQUIPMENT FOR CREW AND PASSENGERS,"LIFESAVING, PROTECTION & MEDICAL EQUIPMENT"
51,"INSULATION, PANELS, BULKHEADS, DOORS, SIDESCUTTLES, SKYLIGHTS",5,EQUIPMENT FOR CREW AND PASSENGERS,"INSULATION, PANELS, BULKHEADS, DOORS, SIDESCUTTLES, SKYLIGHTS"
52,"INTERNAL DECK COVERING, LADDERS, STEPS, RAILING",5,EQUIPMENT FOR CREW AND PASSENGERS,"INTERNAL DECK COVERING, LADDERS, STEPS, RAILING"
53,"EXT. DECK COVERING, LADDERS, STEPS, FORE & AFT GANGWAY",5,EQUIPMENT FOR CREW AND PASSENGERS,"EXT. DECK COVERING, LADDERS, STEPS, FORE & AFT GANGWAY"
54,"FURNITURE, INVENTORY, ENTERTAINMENT EQUIPMENT",5,EQUIPMENT FOR CREW AND PASSENGERS,"FURNITURE, INVENTORY, ENTERTAINMENT EQUIPMENT"
55,"GALLEY/PANTRY EQUIP., PROVISION PLANTS, LAUNDRY/IRONING EQU.",5,EQUIPMENT FOR CREW AND PASSENGERS,"GALLEY/PANTRY EQUIP., PROVISION PLANTS, LAUNDRY/IRONING EQU."
56,"TRANSPORT EQUIPMENT FOR CREW, PASSENGERS & PROVISIONS",5,EQUIPMENT FOR CREW AND PASSENGERS,"TRANSPORT EQUIPMENT FOR CREW, PASSENGERS & PROVISIONS"
57,"VENTILATION, AIR-CONDITIONING & HEATING SYSTEMS",5,EQUIPMENT FOR CREW AND PASSENGERS,"VENTILATION, AIR-CONDITIONING & HEATING SYSTEMS"
58,"SANITARY SYST. W/DISCHARGES, ACCOMMODATION DRAIN SYSTEMS",5,EQUIPMENT FOR CREW AND PASSENGERS,"SANITARY SYST. W/DISCHARGES, ACCOMMODATION DRAIN SYSTEMS"
60,DIESEL ENGINES FOR PROPULSION,6,MACHINERY MAIN COMPONENTS,DIESEL ENGINES FOR PROPULSION
61,STEAM MACHINERY FOR PROPULSION,6,MACHINERY MAIN COMPONENTS,STEAM MACHINERY FOR PROPULSION
62,OTHER TYPES OF PROPULSION MACHINERY,6,MACHINERY MAIN COMPONENTS,OTHER TYPES OF PROPULSION MACHINERY
63,"PROPELLERS, TRANSMISSIONS, FOILS",6,MACHINERY MAIN COMPONENTS,"PROPELLERS, TRANSMISSIONS, FOILS"
64,"BOILERS, STEAM & GAS GENERATORS",6,MACHINERY MAIN COMPONENTS,"BOILERS, STEAM & GAS GENERATORS"
65,MOTOR AGGREGATES FOR MAIN ELECTRIC POWER PRODUCTION,6,MACHINERY MAIN COMPONENTS,MOTOR AGGREGATES FOR MAIN ELECTRIC POWER PRODUCTION
66,OTHER AGGR. & GEN. FOR MAIN & EMERGENCY EL. POWER PRODUCTION,6,MACHINERY MAIN COMPONENTS,OTHER AGGR. & GEN. FOR MAIN & EMERGENCY EL. POWER PRODUCTION
67,NUCLEAR REACTOR PLANTS,6,MACHINERY MAIN COMPONENTS,NUCLEAR REACTOR PLANTS
70,FUEL SYSTEMS,7,SYSTEMS FOR MACHINERY MAIN COMPONENTS,FUEL SYSTEMS
71,LUBE OIL SYSTEMS,7,SYSTEMS FOR MACHINERY MAIN COMPONENTS,LUBE OIL SYSTEMS
72,COOLING SYSTEMS,7,SYSTEMS FOR MACHINERY MAIN COMPONENTS,COOLING SYSTEMS
73,COMPRESSED AIR SYSTEMS,7,SYSTEMS FOR MACHINERY MAIN COMPONENTS,COMPRESSED AIR SYSTEMS
74,EXHAUST SYSTEMS & AIR INTAKES,7,SYSTEMS FOR MACHINERY MAIN COMPONENTS,EXHAUST SYSTEMS & AIR INTAKES
75,"STEAM, CONDENSATE & FEED WATER SYSTEMS",7,SYSTEMS FOR MACHINERY MAIN COMPONENTS,"STEAM, CONDENSATE & FEED WATER SYSTEMS"
76,DISTILLED & MAKE-UP WATER SYSTEMS,7,SYSTEMS FOR MACHINERY MAIN COMPONENTS,DISTILLED & MAKE-UP WATER SYSTEMS
79,AUTOMATION SYSTEMS FOR MACHINERY,7,SYSTEMS FOR MACHINERY MAIN COMPONENTS,AUTOMATION SYSTEMS FOR MACHINERY
80,"BALLAST & BILGE SYSTEMS, GUTTER PIPES OUTSIDE ACCOMMOD.",8,SHIP COMMON SYSTEMS,"BALLAST & BILGE SYSTEMS, GUTTER PIPES OUTSIDE ACCOMMOD."
81,"FIRE & LIFEBOAT ALARM, FIRE FIGHTING & WASH DOWN SYSTEMS",8,SHIP COMMON SYSTEMS,"FIRE & LIFEBOAT ALARM, FIRE FIGHTING & WASH DOWN SYSTEMS"
82,AIR & SOUNDING SYSTEMS FROM TANKS TO DECK,8,SHIP COMMON SYSTEMS,AIR & SOUNDING SYSTEMS FROM TANKS TO DECK
83,SPECIAL COMMON HYDRAULIC OIL SYSTEMS,8,SHIP COMMON SYSTEMS,SPECIAL COMMON HYDRAULIC OIL SYSTEMS
84,CENTRAL HEAT TRANSFER SYSTEMS W/CHEMICAL FLUIDS/OIL,8,SHIP COMMON SYSTEMS,CENTRAL HEAT TRANSFER SYSTEMS W/CHEMICAL FLUIDS/OIL
85,COMMON ELECTRIC & ELECTRONIC SYSTEMS,8,SHIP COMMON SYSTEMS,COMMON ELECTRIC & ELECTRONIC SYSTEMS
86,ELECTRIC POWER SUPPLY,8,SHIP COMMON SYSTEMS,ELECTRIC POWER SUPPLY
87,COMMON ELECTRIC DISTRIBUTION SYSTEMS,8,SHIP COMMON SYSTEMS,COMMON ELECTRIC DISTRIBUTION SYSTEMS
88,ELECTRIC CABLE INSTALLATION,8,SHIP COMMON SYSTEMS,ELECTRIC CABLE INSTALLATION
89,ELECTRIC CONSUMER SYSTEMS,8,SHIP COMMON SYSTEMS,ELECTRIC CONSUMER SYSTEMS
101,"CONTRACT/SPECIFIC. WORK, GENERAL DESIGN, MODEL TESTING",10,SHIP GENERAL,"SPECIFICATION, ESTIMATING, DRAWING, INSTRUCTION, COURSES"
101.001,Towing tank tests,10,SHIP GENERAL,"SPECIFICATION, ESTIMATING, DRAWING, INSTRUCTION, COURSES"
101.005,Funnel tests,10,SHIP GENERAL,"SPECIFICATION, ESTIMATING, DRAWING, INSTRUCTION, COURSES"
101.010,Propeller cavitation tests,10,SHIP GENERAL,"SPECIFICATION, ESTIMATING, DRAWING, INSTRUCTION, COURSES"
101.011,Noise measurements/analyses,10,SHIP GENERAL,"SPECIFICATION, ESTIMATING, DRAWING, INSTRUCTION, COURSES"
101.012,Vibration measurements/analyses,10,SHIP GENERAL,"SPECIFICATION, ESTIMATING, DRAWING, INSTRUCTION, COURSES"
101.015,Travel/per diem expenses,10,SHIP GENERAL,"SPECIFICATION, ESTIMATING, DRAWING, INSTRUCTION, COURSES"
101.020,General EDP expenses,10,SHIP GENERAL,"SPECIFICATION, ESTIMATING, DRAWING, INSTRUCTION, COURSES"
102,"DRAWING, ORDERING ETC. WITH REGARD TO HULL",10,SHIP GENERAL,"SPECIFICATION, ESTIMATING, DRAWING, INSTRUCTION, COURSES"
102.001,Hull half models,10,SHIP GENERAL,"SPECIFICATION, ESTIMATING, DRAWING, INSTRUCTION, COURSES"
102.003,"Film, development, copying",10,SHIP GENERAL,"SPECIFICATION, ESTIMATING, DRAWING, INSTRUCTION, COURSES"
102.005,Hull EDP expenses,10,SHIP GENERAL,"SPECIFICATION, ESTIMATING, DRAWING, INSTRUCTION, COURSES"
102.010,Optical drawings,10,SHIP GENERAL,"SPECIFICATION, ESTIMATING, DRAWING, INSTRUCTION, COURSES"
102.020,CAD drawings,10,SHIP GENERAL,"SPECIFICATION, ESTIMATING, DRAWING, INSTRUCTION, COURSES"
103,"DRAWING, ORDERING ETC. W.R.T. EQUIPMENT FOR CARGO",10,SHIP GENERAL,"SPECIFICATION, ESTIMATING, DRAWING, INSTRUCTION, COURSES"
104,"DRAWING, ORDERING ETC. W.R.T. SHIP EQUIPMENT",10,SHIP GENERAL,"SPECIFICATION, ESTIMATING, DRAWING, INSTRUCTION, COURSES"
105,"DRAWING, ORDERING W.R.T. EQUIPMENT FOR CREW & PASSENGERS",10,SHIP GENERAL,"SPECIFICATION, ESTIMATING, DRAWING, INSTRUCTION, COURSES"
106,"DRAWING, ORDERING W.R.T. MACH. COMPONENTS, MACH/SHIP SYSTEMS",10,SHIP GENERAL,"SPECIFICATION, ESTIMATING, DRAWING, INSTRUCTION, COURSES"
106.001,"Film, development, copying",10,SHIP GENERAL,"SPECIFICATION, ESTIMATING, DRAWING, INSTRUCTION, COURSES"
106.020,CAD drawings,10,SHIP GENERAL,"SPECIFICATION, ESTIMATING, DRAWING, INSTRUCTION, COURSES"
107,"ESTIMATING, DRAWING & OFFERS W.R.T. CHANGE ORDERS",10,SHIP GENERAL,"SPECIFICATION, ESTIMATING, DRAWING, INSTRUCTION, COURSES"
108,"PURCHASE/RENTING OF DRAWINGS, PATENTS, LICENCES & CONSULTATI",10,SHIP GENERAL,"SPECIFICATION, ESTIMATING, DRAWING, INSTRUCTION, COURSES"
108.001,Drawing purchases,10,SHIP GENERAL,"SPECIFICATION, ESTIMATING, DRAWING, INSTRUCTION, COURSES"
108.010,Drawing rentals,10,SHIP GENERAL,"SPECIFICATION, ESTIMATING, DRAWING, INSTRUCTION, COURSES"
108.020,General licence/patent fees,10,SHIP GENERAL,"SPECIFICATION, ESTIMATING, DRAWING, INSTRUCTION, COURSES"
108.025,General consultants' fees,10,SHIP GENERAL,"SPECIFICATION, ESTIMATING, DRAWING, INSTRUCTION, COURSES"
108.026,Class newbuilding survey,10,SHIP GENERAL,"SPECIFICATION, ESTIMATING, DRAWING, INSTRUCTION, COURSES"
109,"MAINTENANCE SYSTEMS, INSTRUCTION MATERIAL",10,SHIP GENERAL,"SPECIFICATION, ESTIMATING, DRAWING, INSTRUCTION, COURSES"
109.001,Instruction material,10,SHIP GENERAL,"SPECIFICATION, ESTIMATING, DRAWING, INSTRUCTION, COURSES"
109.005,Maintenance/spare parts systems,10,SHIP GENERAL,"SPECIFICATION, ESTIMATING, DRAWING, INSTRUCTION, COURSES"
109.007,Contingency plans,10,SHIP GENERAL,"SPECIFICATION, ESTIMATING, DRAWING, INSTRUCTION, COURSES"
109.009,Alarm instructions,10,SHIP GENERAL,"SPECIFICATION, ESTIMATING, DRAWING, INSTRUCTION, COURSES"
109.010,Travel/per diem expenses,10,SHIP GENERAL,"INSURANCE, FEES, CERTIFICATES, REPRESENTATION"
109.020,Course instructors' salaries,11,SHIP GENERAL,"INSURANCE, FEES, CERTIFICATES, REPRESENTATION"
111,GENERAL INSURANCE,11,SHIP GENERAL,"INSURANCE, FEES, CERTIFICATES, REPRESENTATION"
111.001,Construction risk insurance,11,SHIP GENERAL,"INSURANCE, FEES, CERTIFICATES, REPRESENTATION"
111.005,Trial trip insurance,11,SHIP GENERAL,"INSURANCE, FEES, CERTIFICATES, REPRESENTATION"
111.010,Delay insurance,11,SHIP GENERAL,"INSURANCE, FEES, CERTIFICATES, REPRESENTATION"
111.015,Guarantee insurance,11,SHIP GENERAL,"INSURANCE, FEES, CERTIFICATES, REPRESENTATION"
111.020,Currency insurance,11,SHIP GENERAL,"INSURANCE, FEES, CERTIFICATES, REPRESENTATION"
111.025,Discount rate insurance,11,SHIP GENERAL,"INSURANCE, FEES, CERTIFICATES, REPRESENTATION"
112,CLASSIFICATION & STATUTORY FEES & CERTIFICATES,11,SHIP GENERAL,"INSURANCE, FEES, CERTIFICATES, REPRESENTATION"
112.001,Classification societies' fees,11,SHIP GENERAL,"INSURANCE, FEES, CERTIFICATES, REPRESENTATION"
112.003,Letter of official registration,11,SHIP GENERAL,"INSURANCE, FEES, CERTIFICATES, REPRESENTATION"
112.005,Ship control,11,SHIP GENERAL,"INSURANCE, FEES, CERTIFICATES, REPRESENTATION"
112.008,Ship registration,11,SHIP GENERAL,"INSURANCE, FEES, CERTIFICATES, REPRESENTATION"
112.009,Safety equipment,11,SHIP GENERAL,"INSURANCE, FEES, CERTIFICATES, REPRESENTATION"
112.010,International tonnage certificates,11,SHIP GENERAL,"INSURANCE, FEES, CERTIFICATES, REPRESENTATION"
112.012,International loadline certificates,11,SHIP GENERAL,"INSURANCE, FEES, CERTIFICATES, REPRESENTATION"
112.015,Panama Canal tonnage certificates,11,SHIP GENERAL,"INSURANCE, FEES, CERTIFICATES, REPRESENTATION"
112.020,Suez Canal tonnage certificates,11,SHIP GENERAL,"INSURANCE, FEES, CERTIFICATES, REPRESENTATION"
112.022,RINA certificates,11,SHIP GENERAL,"INSURANCE, FEES, CERTIFICATES, REPRESENTATION"
112.024,FMC certificates,11,SHIP GENERAL,"INSURANCE, FEES, CERTIFICATES, REPRESENTATION"
112.025,Construction certificates,11,SHIP GENERAL,"INSURANCE, FEES, CERTIFICATES, REPRESENTATION"
112.030,USCG certificates,11,SHIP GENERAL,"INSURANCE, FEES, CERTIFICATES, REPRESENTATION"
112.034,TOVALOP certificates,11,SHIP GENERAL,"INSURANCE, FEES, CERTIFICATES, REPRESENTATION"
112.035,IMO certificates,11,SHIP GENERAL,"INSURANCE, FEES, CERTIFICATES, REPRESENTATION"
112.050,Passenger certificates,11,SHIP GENERAL,"INSURANCE, FEES, CERTIFICATES, REPRESENTATION"
112.052,Car freight certificates,11,SHIP GENERAL,"INSURANCE, FEES, CERTIFICATES, REPRESENTATION"
112.054,Container certificates,11,SHIP GENERAL,"INSURANCE, FEES, CERTIFICATES, REPRESENTATION"
112.056,Chemical tanker certificates,11,SHIP GENERAL,"INSURANCE, FEES, CERTIFICATES, REPRESENTATION"
112.058,Gas tanker certificates,11,SHIP GENERAL,"INSURANCE, FEES, CERTIFICATES, REPRESENTATION"
112.060,Product tanker certificates,11,SHIP GENERAL,"INSURANCE, FEES, CERTIFICATES, REPRESENTATION"
112.062,Oil tanker certificates,11,SHIP GENERAL,"INSURANCE, FEES, CERTIFICATES, REPRESENTATION"
112.064,Oil production/storage certificates,11,SHIP GENERAL,"INSURANCE, FEES, CERTIFICATES, REPRESENTATION"
113,"BUILDING ADVANCE INTEREST, DISCOUNT, FINANCE COSTS",11,SHIP GENERAL,"INSURANCE, FEES, CERTIFICATES, REPRESENTATION"
113.001,Interest expenses,11,SHIP GENERAL,"INSURANCE, FEES, CERTIFICATES, REPRESENTATION"
113.005,Discount rate losses,11,SHIP GENERAL,"INSURANCE, FEES, CERTIFICATES, REPRESENTATION"
113.010,Exchange rate losses,11,SHIP GENERAL,"INSURANCE, FEES, CERTIFICATES, REPRESENTATION"
113.015,Financial costs,11,SHIP GENERAL,"INSURANCE, FEES, CERTIFICATES, REPRESENTATION"
114,CANCELLATION EXPENSES,11,SHIP GENERAL,"INSURANCE, FEES, CERTIFICATES, REPRESENTATION"
114.001,Cancellation expenses,11,SHIP GENERAL,"INSURANCE, FEES, CERTIFICATES, REPRESENTATION"
115,PENALTIES,11,SHIP GENERAL,"INSURANCE, FEES, CERTIFICATES, REPRESENTATION"
115.001,Contract penalties,11,SHIP GENERAL,"INSURANCE, FEES, CERTIFICATES, REPRESENTATION"
116,BROKERS' COMMISSIONS,11,SHIP GENERAL,"INSURANCE, FEES, CERTIFICATES, REPRESENTATION"
116.001,Brokers' commissions,11,SHIP GENERAL,"INSURANCE, FEES, CERTIFICATES, REPRESENTATION"
117,"REPRESENTATION, TRAVELS, CONFERENCES",11,SHIP GENERAL,"INSURANCE, FEES, CERTIFICATES, REPRESENTATION"
117.001,Travel/per diem expenses,11,SHIP GENERAL,"INSURANCE, FEES, CERTIFICATES, REPRESENTATION"
117.010,Premises rental,11,SHIP GENERAL,"INSURANCE, FEES, CERTIFICATES, REPRESENTATION"
117.015,Catering,11,SHIP GENERAL,"INSURANCE, FEES, CERTIFICATES, REPRESENTATION"
117.020,Representation,11,SHIP GENERAL,"INSURANCE, FEES, CERTIFICATES, REPRESENTATION"
118,LAUNCHING & DELIVERY REPRESENTATION,11,SHIP GENERAL,"INSURANCE, FEES, CERTIFICATES, REPRESENTATION"
118.001,Catering,11,SHIP GENERAL,"INSURANCE, FEES, CERTIFICATES, REPRESENTATION"
118.005,Travel/per diem expenses,11,SHIP GENERAL,"INSURANCE, FEES, CERTIFICATES, REPRESENTATION"
118.010,Gifts,11,SHIP GENERAL,"INSURANCE, FEES, CERTIFICATES, REPRESENTATION"
118.015,Entertainment,11,SHIP GENERAL,"INSURANCE, FEES, CERTIFICATES, REPRESENTATION"
118.017,"Film, development, copying",11,SHIP GENERAL,"INSURANCE, FEES, CERTIFICATES, REPRESENTATION"
118.020,Representation,11,SHIP GENERAL,"INSURANCE, FEES, CERTIFICATES, REPRESENTATION"
118.025,Trial trip representation,11,SHIP GENERAL,"QUALITY ASSURANCE, GENERAL WORK, MODELS"
118.030,"Menus, guest lists, printed matter",12,SHIP GENERAL,"QUALITY ASSURANCE, GENERAL WORK, MODELS"
121,"QUALITY ASSURANCE, PLANNING, WORK PREPARATION",12,SHIP GENERAL,"QUALITY ASSURANCE, GENERAL WORK, MODELS"
121.001,EDP expenses,12,SHIP GENERAL,"QUALITY ASSURANCE, GENERAL WORK, MODELS"
121.005,Quality assurance manuals,12,SHIP GENERAL,"QUALITY ASSURANCE, GENERAL WORK, MODELS"
121.010,Progress plans,12,SHIP GENERAL,"QUALITY ASSURANCE, GENERAL WORK, MODELS"
121.015,Work preparation,12,SHIP GENERAL,"QUALITY ASSURANCE, GENERAL WORK, MODELS"
121.020,Work hours/progress control,12,SHIP GENERAL,"QUALITY ASSURANCE, GENERAL WORK, MODELS"
122,"WORK MANAGEMENT, FIRE GUARD, SUPERVISION, WATCH KEEPING",12,SHIP GENERAL,"QUALITY ASSURANCE, GENERAL WORK, MODELS"
122.001,Hull work management,12,SHIP GENERAL,"QUALITY ASSURANCE, GENERAL WORK, MODELS"
122.005,Machinery work management,12,SHIP GENERAL,"QUALITY ASSURANCE, GENERAL WORK, MODELS"
122.010,Pipe work management,12,SHIP GENERAL,"QUALITY ASSURANCE, GENERAL WORK, MODELS"
122.015,Carpenter work management,12,SHIP GENERAL,"QUALITY ASSURANCE, GENERAL WORK, MODELS"
122.020,Work management,12,SHIP GENERAL,"QUALITY ASSURANCE, GENERAL WORK, MODELS"
122.025,Fire guard,12,SHIP GENERAL,"QUALITY ASSURANCE, GENERAL WORK, MODELS"
122.030,Watch keeping,12,SHIP GENERAL,"QUALITY ASSURANCE, GENERAL WORK, MODELS"
123,CLEARING & CLEANING,12,SHIP GENERAL,"QUALITY ASSURANCE, GENERAL WORK, MODELS"
123.001,Cleaning,12,SHIP GENERAL,"QUALITY ASSURANCE, GENERAL WORK, MODELS"
123.005,Engine room cleaning,12,SHIP GENERAL,"QUALITY ASSURANCE, GENERAL WORK, MODELS"
123.010,Accommodation cleaning,12,SHIP GENERAL,"QUALITY ASSURANCE, GENERAL WORK, MODELS"
124,"SNOW CLEARING, DE-ICING",12,SHIP GENERAL,"QUALITY ASSURANCE, GENERAL WORK, MODELS"
125,TRANSPORTATION (EXCL. HULL PARTS),12,SHIP GENERAL,"QUALITY ASSURANCE, GENERAL WORK, MODELS"
125.001,"Freight, minor",12,SHIP GENERAL,"QUALITY ASSURANCE, GENERAL WORK, MODELS"
126,ASSISTANCE WITH OWNER'S SUPPLY,12,SHIP GENERAL,"QUALITY ASSURANCE, GENERAL WORK, MODELS"
126.001,External transport costs,12,SHIP GENERAL,"QUALITY ASSURANCE, GENERAL WORK, MODELS"
127,"MODELS, ALBUMS, PHOTOS",12,SHIP GENERAL,"QUALITY ASSURANCE, GENERAL WORK, MODELS"
127.001,Exhibition models,12,SHIP GENERAL,"QUALITY ASSURANCE, GENERAL WORK, MODELS"
127.005,Arrangement models,12,SHIP GENERAL,"QUALITY ASSURANCE, GENERAL WORK, MODELS"
127.010,Full scale models,12,SHIP GENERAL,"QUALITY ASSURANCE, GENERAL WORK, MODELS"
127.015,Photo albums,12,SHIP GENERAL,PROVISIONAL RIGGING
128,"HEALTH, ENVIRONMENT, SAFETY",13,SHIP GENERAL,PROVISIONAL RIGGING
131,"PROV. GANGWAYS, ROOFS, HATCHES, STAIRS, STAGES FOR HULL EXT.",13,SHIP GENERAL,PROVISIONAL RIGGING
132,"PROV. ROOFS, HATCHES, STAGES F. DECK HOUSES & SUPERSTR. EXT.",13,SHIP GENERAL,PROVISIONAL RIGGING
133,"PROV. HATCHES, LADDERS, STAGES IN CARGO HOLDS/TANKS",13,SHIP GENERAL,PROVISIONAL RIGGING
134,"PROV. HATCHES, LADDERS, STAGES IN ENGINE ROOM & ACCOMMOD.",13,SHIP GENERAL,PROVISIONAL RIGGING
135,"PROV. ELECTRIC POWER, LIGHTING, MACHINERY",13,SHIP GENERAL,PROVISIONAL RIGGING
135.001,Diesel aggregate hire,13,SHIP GENERAL,PROVISIONAL RIGGING
136,"PROV. STEAM, WATER, HEATING & VENTILATION PLANTS",13,SHIP GENERAL,PROVISIONAL RIGGING
137,"PROV. GAS, OXYGEN & COMPRESSED AIR PLANTS",13,SHIP GENERAL,PROVISIONAL RIGGING
138,TARPAULIN RENTALS,13,SHIP GENERAL,PROVISIONAL RIGGING
138.001,Storage tent hire,13,SHIP GENERAL,"WORK ON WAYS, LAUNCHING, DOCKING"
139,PROV. LIFTING & TRANSPORT EQUIPMENT,14,SHIP GENERAL,"WORK ON WAYS, LAUNCHING, DOCKING"
141,"KEEL BLOCKS, PILLARS, CUSHIONS",14,SHIP GENERAL,"WORK ON WAYS, LAUNCHING, DOCKING"
142,"LAUNCHING ARR. W/CRADLE, SUPPORTS, WATER FILLING, PLATFORM",14,SHIP GENERAL,"WORK ON WAYS, LAUNCHING, DOCKING"
143,"CREW, PILOTS, TUGS, CLEARING AT LAUNCHING",14,SHIP GENERAL,"WORK ON WAYS, LAUNCHING, DOCKING"
143.001,Pilot expenses,14,SHIP GENERAL,"WORK ON WAYS, LAUNCHING, DOCKING"
143.005,Tug hire,14,SHIP GENERAL,"WORK ON WAYS, LAUNCHING, DOCKING"
143.010,Diver assistance,14,SHIP GENERAL,"WORK ON WAYS, LAUNCHING, DOCKING"
144,"DRY DOCKING, SLIP DOCKING",14,SHIP GENERAL,"WORK ON WAYS, LAUNCHING, DOCKING"
144.001,Pilot expenses,14,SHIP GENERAL,"WORK ON WAYS, LAUNCHING, DOCKING"
144.005,Tug hire,14,SHIP GENERAL,"WORK ON WAYS, LAUNCHING, DOCKING"
144.010,Diver assistance,14,SHIP GENERAL,"WORK ON WAYS, LAUNCHING, DOCKING"
145,"SHIFTING, TOWING (EXCL. LAUNCHING)",14,SHIP GENERAL,"WORK ON WAYS, LAUNCHING, DOCKING"
145.001,Pilot expenses,14,SHIP GENERAL,"WORK ON WAYS, LAUNCHING, DOCKING"
145.005,Tug hire,14,SHIP GENERAL,"WORK ON WAYS, LAUNCHING, DOCKING"
146,"GAS FREEING, TANK CLEANING",14,SHIP GENERAL,"QUALITY CONTROL, MEASUREMENTS, TESTS, TRIALS"
147,"BERTHING, ANCHORAGE",15,SHIP GENERAL,"QUALITY CONTROL, MEASUREMENTS, TESTS, TRIALS"
151,MACHINERY TESTING,15,SHIP GENERAL,"QUALITY CONTROL, MEASUREMENTS, TESTS, TRIALS"
151.001,Testing instrument hire,15,SHIP GENERAL,"QUALITY CONTROL, MEASUREMENTS, TESTS, TRIALS"
152,"CAPACITY, INCLINATION, VIBRATION MEASUREMENTS",15,SHIP GENERAL,"QUALITY CONTROL, MEASUREMENTS, TESTS, TRIALS"
152.001,Testing instrument hire,15,SHIP GENERAL,"QUALITY CONTROL, MEASUREMENTS, TESTS, TRIALS"
153,FUEL & LUBE OIL FOR TESTS & TRIAL TRIPS,15,SHIP GENERAL,"QUALITY CONTROL, MEASUREMENTS, TESTS, TRIALS"
153.001,Trial trip FO,15,SHIP GENERAL,"QUALITY CONTROL, MEASUREMENTS, TESTS, TRIALS"
153.005,Trial trip LO,15,SHIP GENERAL,"QUALITY CONTROL, MEASUREMENTS, TESTS, TRIALS"
154,TRIAL TRIPS,15,SHIP GENERAL,"QUALITY CONTROL, MEASUREMENTS, TESTS, TRIALS"
154.001,Harbour pilot expenses,15,SHIP GENERAL,"QUALITY CONTROL, MEASUREMENTS, TESTS, TRIALS"
154.005,Tug hire,15,SHIP GENERAL,"QUALITY CONTROL, MEASUREMENTS, TESTS, TRIALS"
154.010,Harbour dues,15,SHIP GENERAL,"QUALITY CONTROL, MEASUREMENTS, TESTS, TRIALS"
154.011,Speed-mile dues,15,SHIP GENERAL,"QUALITY CONTROL, MEASUREMENTS, TESTS, TRIALS"
154.012,Trial trip master hire,15,SHIP GENERAL,"QUALITY CONTROL, MEASUREMENTS, TESTS, TRIALS"
154.015,Trial trip crew catering,15,SHIP GENERAL,"QUALITY CONTROL, MEASUREMENTS, TESTS, TRIALS"
155,SPECIAL TESTS/TRIALS,15,SHIP GENERAL,"QUALITY CONTROL, MEASUREMENTS, TESTS, TRIALS"
155.001,Test plant rentals,15,SHIP GENERAL,"QUALITY CONTROL, MEASUREMENTS, TESTS, TRIALS"
155.003,Gas purchases,15,SHIP GENERAL,"QUALITY CONTROL, MEASUREMENTS, TESTS, TRIALS"
155.005,Ammunition purchases,15,SHIP GENERAL,"QUALITY CONTROL, MEASUREMENTS, TESTS, TRIALS"
155.010,Harbour dues,15,SHIP GENERAL,"QUALITY CONTROL, MEASUREMENTS, TESTS, TRIALS"
155.012,Pilot expenses,15,SHIP GENERAL,"QUALITY CONTROL, MEASUREMENTS, TESTS, TRIALS"
155.014,Tug hire,15,SHIP GENERAL,"QUALITY CONTROL, MEASUREMENTS, TESTS, TRIALS"
155.016,Watch keeping,15,SHIP GENERAL,"QUALITY CONTROL, MEASUREMENTS, TESTS, TRIALS"
155.020,Ship operation to test location,15,SHIP GENERAL,"QUALITY CONTROL, MEASUREMENTS, TESTS, TRIALS"
155.030,Seine test settings,15,SHIP GENERAL,"QUALITY CONTROL, MEASUREMENTS, TESTS, TRIALS"
155.040,Trawl tests,15,SHIP GENERAL,"QUALITY CONTROL, MEASUREMENTS, TESTS, TRIALS"
155.045,Towing tests,15,SHIP GENERAL,"QUALITY CONTROL, MEASUREMENTS, TESTS, TRIALS"
155.050,Fi-Fi tests,15,SHIP GENERAL,GUARANTEE/MENDING WORK
155.055,Dynamic positioning tests,16,SHIP GENERAL,GUARANTEE/MENDING WORK
161,MENDING WORK AFTER TRIALS,16,SHIP GENERAL,GUARANTEE/MENDING WORK
162,GUARANTEE WORK,16,SHIP GENERAL,GUARANTEE/MENDING WORK
162.001,Guarantee eng. travel/per diem expenses,16,SHIP GENERAL,GUARANTEE/MENDING WORK
162.005,Workers travel/per diem expenses,16,SHIP GENERAL,"SHIP REPAIR, SPECIAL SERVICES"
164,REPAIR OF DAMAGES CAUSED BY YARD,17,SHIP GENERAL,"SHIP REPAIR, SPECIAL SERVICES"
171,"DISPOSAL OF WASTE, GARBAGE, OIL, CHEMICALS",17,SHIP GENERAL,"SHIP REPAIR, SPECIAL SERVICES"
172,CRANE ASSISTANCE TO SHIP'S CREW,17,SHIP GENERAL,"SHIP REPAIR, SPECIAL SERVICES"
173,TRANSPORT OF YARD PERSONNEL,17,SHIP GENERAL,"SHIP REPAIR, SPECIAL SERVICES"
174,TOILET & WASH ROOM OUTLETS,17,SHIP GENERAL,CONSUMPTION ARTICLES
175,SERVICES TO SHIP'S CREW (MEALS ETC.),19,SHIP GENERAL,CONSUMPTION ARTICLES
191,ELECTRODES,19,SHIP GENERAL,CONSUMPTION ARTICLES
192,"GAS, OXYGEN, COAL, OIL",19,SHIP GENERAL,CONSUMPTION ARTICLES
193,"TOOLS, JIGS",19,SHIP GENERAL,CONSUMPTION ARTICLES
194,"BINDING & MENDING MATERIAL, CLEANING ARTICLES",19,SHIP GENERAL,CONSUMPTION ARTICLES
194.001,"Soap, detergent",19,SHIP GENERAL,CONSUMPTION ARTICLES
194.002,De-greasing agents,19,SHIP GENERAL,CONSUMPTION ARTICLES
195,EQUIPMENT FOR OWNER'S REPRESENTATIVES,19,SHIP GENERAL,CONSUMPTION ARTICLES
195.001,Owners' representatives expenses,19,SHIP GENERAL,CONSUMPTION ARTICLES
195.005,Owners' deliveries,19,SHIP GENERAL,"HULL MATERIALS, GENERAL HULL WORK"
196,MISCELLANEOUS CONSUMPTION ARTICLES,20,HULL,"HULL MATERIALS, GENERAL HULL WORK"
201,HULL MATERIALS,20,HULL,"HULL MATERIALS, GENERAL HULL WORK"
201.001,Steel ship plates,20,HULL,"HULL MATERIALS, GENERAL HULL WORK"
201.005,High tension steel ship plates,20,HULL,"HULL MATERIALS, GENERAL HULL WORK"
201.010,Alloy steel plates,20,HULL,"HULL MATERIALS, GENERAL HULL WORK"
201.015,Laminated steel plates,20,HULL,"HULL MATERIALS, GENERAL HULL WORK"
201.025,Steel profiles,20,HULL,"HULL MATERIALS, GENERAL HULL WORK"
201.030,High tension steel profiles,20,HULL,"HULL MATERIALS, GENERAL HULL WORK"
201.035,Alloy steel profiles,20,HULL,"HULL MATERIALS, GENERAL HULL WORK"
201.040,Steel tube supports,20,HULL,"HULL MATERIALS, GENERAL HULL WORK"
201.050,Aluminium plates,20,HULL,"HULL MATERIALS, GENERAL HULL WORK"
201.060,Composite materials,20,HULL,"HULL MATERIALS, GENERAL HULL WORK"
202,"TRANSPORTATION, SORTING & STORAGE OF HULL MATERIALS",20,HULL,"HULL MATERIALS, GENERAL HULL WORK"
202.001,Crane hire,20,HULL,"HULL MATERIALS, GENERAL HULL WORK"
202.005,Forklift hire,20,HULL,"HULL MATERIALS, GENERAL HULL WORK"
202.010,Truck hire,20,HULL,"HULL MATERIALS, GENERAL HULL WORK"
203,"BLASTING, SHOP-PRIMING, ROLLING & CLEANING OF MATERIALS",20,HULL,"HULL MATERIALS, GENERAL HULL WORK"
203.001,Sandblasting equipment hire,20,HULL,"HULL MATERIALS, GENERAL HULL WORK"
204,"TESTING OF TANKS, BULKHEADS",20,HULL,"HULL MATERIALS, GENERAL HULL WORK"
204.001,Testing equipment hire,20,HULL,"HULL MATERIALS, GENERAL HULL WORK"
205,X-RAY & ULTRASONIC TESTING OF HULL PARTS,20,HULL,"HULL MATERIALS, GENERAL HULL WORK"
205.001,Testing equipment hire,20,HULL,"HULL MATERIALS, GENERAL HULL WORK"
205.005,X-ray film/development,20,HULL,"HULL MATERIALS, GENERAL HULL WORK"
206,TEMPLATE & MOULD LOFT WORK,20,HULL,AFTERBODY
207,JOINING OF HULL PARTS AFLOAT,21,HULL,AFTERBODY
211,"SHELL PANELS, SEPARATE SHELL PLATES",21,HULL,AFTERBODY
214,1. DECK W/STIFFENING,21,HULL,AFTERBODY
216,"STERN SECTIONS, STERN TUBE BULKHEADS",21,HULL,AFTERBODY
216.001,Afterpeak tanks,21,HULL,AFTERBODY
216.002,Stern tanks,21,HULL,AFTERBODY
216.003,Water ballast tanks,21,HULL,AFTERBODY
216.004,FW tanks,21,HULL,AFTERBODY
216.005,Steering gear room aft,21,HULL,AFTERBODY
216.010,Car bridge recess aft,21,HULL,AFTERBODY
216.015,Side thruster tunnel,21,HULL,AFTERBODY
216.020,Stern tube bulkhead room aft,21,HULL,AFTERBODY
218,STERN FRAME SECTIONS,21,HULL,AFTERBODY
218.001,Stern boss,21,HULL,AFTERBODY
218.003,"Rudder boss, cast steel",21,HULL,AFTERBODY
218.004,Stern boss lining,21,HULL,AFTERBODY
218.005,"Intermediate piece 1, cast steel",21,HULL,AFTERBODY
218.006,Rudder trunk,21,HULL,AFTERBODY
218.007,Stern tube boss,21,HULL,AFTERBODY
218.009,"Intermediate piece 2, cast steel",21,HULL,AFTERBODY
218.011,"Heel piece, cast steel",21,HULL,ENGINE AREA
218.020,"Stern frame, cast steel",22,HULL,ENGINE AREA
220,GENERAL,22,HULL,ENGINE AREA
220.001,FO storage tanks,22,HULL,ENGINE AREA
220.005,FO settling tanks,22,HULL,ENGINE AREA
220.007,FO service tanks,22,HULL,ENGINE AREA
220.009,DO storage tanks,22,HULL,ENGINE AREA
220.013,DO settling tanks,22,HULL,ENGINE AREA
220.015,DO day tanks,22,HULL,ENGINE AREA
220.017,FO waste tanks,22,HULL,ENGINE AREA
220.019,FO overflow tanks,22,HULL,ENGINE AREA
220.021,FO drain tanks,22,HULL,ENGINE AREA
220.025,LO system tanks,22,HULL,ENGINE AREA
220.027,"System oil tanks, clean",22,HULL,ENGINE AREA
220.029,"System oil tanks, dirty",22,HULL,ENGINE AREA
220.031,Turbine oil storage tanks,22,HULL,ENGINE AREA
220.033,Turbine oil gravity tanks,22,HULL,ENGINE AREA
220.035,Cylinder oil storage tanks,22,HULL,ENGINE AREA
220.037,HDO storage tanks,22,HULL,ENGINE AREA
220.039,LO drain tanks,22,HULL,ENGINE AREA
220.041,LO waste tanks,22,HULL,ENGINE AREA
220.045,FW tanks,22,HULL,ENGINE AREA
220.050,Distilled water tanks,22,HULL,ENGINE AREA
220.055,Water ballast tanks,22,HULL,ENGINE AREA
221,"SHELL PANELS, SEPARATE SHELL PLATES",22,HULL,ENGINE AREA
222,"BOTTOM, KEEL & BILGE PLATES W/STIFFENING",22,HULL,ENGINE AREA
223,"INNER BOTTOM W/STIFFENING, ENGINE FOUNDATIONS",22,HULL,ENGINE AREA
223.001,ME foundations,22,HULL,ENGINE AREA
223.003,MT foundations,22,HULL,ENGINE AREA
223.005,Main condenser foundations,22,HULL,ENGINE AREA
223.007,Main reduction gear foundations,22,HULL,ENGINE AREA
223.010,Main boiler foundations,22,HULL,ENGINE AREA
223.015,Aux boiler foundations,22,HULL,ENGINE AREA
223.017,AE foundations,22,HULL,ENGINE AREA
223.020,TG foundations,22,HULL,ENGINE AREA
223.022,Shaft bearing foundations,22,HULL,ENGINE AREA
223.025,Stern tube foundations,22,HULL,ENGINE AREA
224,1. DECK W/STIFFENING,22,HULL,ENGINE AREA
226,"DECKS, PLATFORMS, BULKHEADS, & HULL TANKS BELOW 1. DECK",22,HULL,ENGINE AREA
226.001,Engine room decks w/stiffeners,22,HULL,ENGINE AREA
226.010,Engine room platforms,22,HULL,ENGINE AREA
226.020,Engine room bulkhead,22,HULL,ENGINE AREA
226.030,FO tanks,22,HULL,ENGINE AREA
226.040,ME FO settling tanks,22,HULL,ENGINE AREA
226.041,ME FO day tanks,22,HULL,ENGINE AREA
226.043,ME DO day tanks,22,HULL,ENGINE AREA
226.050,Engine room LO tanks,22,HULL,ENGINE AREA
226.060,ME system oil tanks,22,HULL,ENGINE AREA
226.065,AE system oil tanks,22,HULL,CARGO AREA - HULL SMALL VESSELS
226.070,ME cylinder oil tanks,23,HULL,CARGO AREA - HULL SMALL VESSELS
230,GENERAL,23,HULL,CARGO AREA - HULL SMALL VESSELS
230.001,Cargo tanks,23,HULL,CARGO AREA - HULL SMALL VESSELS
230.020,Slop tanks,23,HULL,CARGO AREA - HULL SMALL VESSELS
230.030,Ballast tanks,23,HULL,CARGO AREA - HULL SMALL VESSELS
230.040,Ballast/F.O. tanks,23,HULL,CARGO AREA - HULL SMALL VESSELS
231,"SHELL PANELS, SEPARATE SHELL PLATES",23,HULL,CARGO AREA - HULL SMALL VESSELS
232,"BOTTOM, KEEL & BILGE PLATES W/STIFFENING",23,HULL,CARGO AREA - HULL SMALL VESSELS
233,INNER BOTTOM W/STIFFENING,23,HULL,CARGO AREA - HULL SMALL VESSELS
233.010,Ballast tanks,23,HULL,CARGO AREA - HULL SMALL VESSELS
233.020,FW tanks,23,HULL,CARGO AREA - HULL SMALL VESSELS
233.030,Sewage tanks,23,HULL,CARGO AREA - HULL SMALL VESSELS
233.040,Dry tanks,23,HULL,CARGO AREA - HULL SMALL VESSELS
233.050,Cofferdams,23,HULL,CARGO AREA - HULL SMALL VESSELS
233.070,FO tanks,23,HULL,CARGO AREA - HULL SMALL VESSELS
234,1. DECK W/STIFFENING,23,HULL,CARGO AREA - HULL SMALL VESSELS
234.010,Deck,23,HULL,CARGO AREA - HULL SMALL VESSELS
234.020,Deck tanks,23,HULL,CARGO AREA - HULL SMALL VESSELS
235,DECKS BELOW 1. DECK W/STIFFENING,23,HULL,CARGO AREA - HULL SMALL VESSELS
235.010,Shelterdeck,23,HULL,CARGO AREA - HULL SMALL VESSELS
236,TRANSVERSE BULKHEADS W/STIFFENING,23,HULL,CARGO AREA - HULL SMALL VESSELS
237,LONGITUDINAL BULKHEADS W/STIFFENING,23,HULL,CARGO AREA - HULL SMALL VESSELS
238,"BOTTOM SIDE TANKS, ETC. (SPECIAL LOWER CONSTRUCTIONS)",23,HULL,FOREBODY
239,"TOP SIDE TANKS, ETC. (SPECIAL UPPER CONSTRUCTIONS)",24,HULL,FOREBODY
240,GENERAL,24,HULL,FOREBODY
240.001,FO deep tanks,24,HULL,FOREBODY
240.005,Ballast deep tanks,24,HULL,FOREBODY
240.010,Forepeak tanks,24,HULL,FOREBODY
241,"SHELL PANELS, SEPARATE SHELL PLATES",24,HULL,FOREBODY
243,FORECASTLE DECKS & BULKHEADS W/STIFFENING,24,HULL,FOREBODY
244,1. DECK W/STIFFENING,24,HULL,FOREBODY
245,DECKS & STRINGERS BELOW 1. DECK W/STIFFENING,24,HULL,FOREBODY
246,"BOW & STEM SECTIONS, FOREBODY BULKHEADS",24,HULL,FOREBODY
246.005,Steering gear room fwd,24,HULL,FOREBODY
246.010,Car bridge recess fwd,24,HULL,FOREBODY
246.015,Side thruster tunnel,24,HULL,FOREBODY
246.020,Stern tube bulkhead room fwd,24,HULL,FOREBODY
246.030,Chain lockers,24,HULL,DECK HOUSES & SUPERSTRUCTURES
248,BULB,25,HULL,DECK HOUSES & SUPERSTRUCTURES
251,DECK HOUSES,25,HULL,DECK HOUSES & SUPERSTRUCTURES
251.001,Deck houses,25,HULL,DECK HOUSES & SUPERSTRUCTURES
252,"MAST, PUMP, FAN & WINCH HOUSES, COMPANION WAYS",25,HULL,DECK HOUSES & SUPERSTRUCTURES
252.001,Mast houses,25,HULL,DECK HOUSES & SUPERSTRUCTURES
252.010,Companion ways,25,HULL,DECK HOUSES & SUPERSTRUCTURES
252.020,Emergency exits,25,HULL,DECK HOUSES & SUPERSTRUCTURES
252.030,Lift trunks,25,HULL,DECK HOUSES & SUPERSTRUCTURES
253,SUPERSTRUCTURES,25,HULL,DECK HOUSES & SUPERSTRUCTURES
253.010,"Decks w/bulkheads, stiffening",25,HULL,HULL OUTFITTING
253.050,Wheelhouses,26,HULL,HULL OUTFITTING
261,HULL & HOUSE MARKINGS,26,HULL,HULL OUTFITTING
261.001,Builder's signplates,26,HULL,HULL OUTFITTING
261.002,"Hull marks, names",26,HULL,HULL OUTFITTING
261.004,Draft marks,26,HULL,HULL OUTFITTING
261.005,Loadline marks,26,HULL,HULL OUTFITTING
261.006,Foot marks,26,HULL,HULL OUTFITTING
261.010,Tank marks,26,HULL,HULL OUTFITTING
261.011,Owner's marks bow/stern,26,HULL,HULL OUTFITTING
261.012,Owner's marks funnel,26,HULL,HULL OUTFITTING
261.015,Side thruster marks,26,HULL,HULL OUTFITTING
261.020,Bulb marks,26,HULL,HULL OUTFITTING
261.030,Drive lane marks,26,HULL,HULL OUTFITTING
261.040,Sign plate arrangements,26,HULL,HULL OUTFITTING
262,"BOTTOM PLUGS, SEA CHESTS, BILGE WELLS, WATER JET INTAKE",26,HULL,HULL OUTFITTING
262.001,Bottom plugs,26,HULL,HULL OUTFITTING
262.005,Bottom manhole covers,26,HULL,HULL OUTFITTING
262.010,Sea chests,26,HULL,HULL OUTFITTING
262.015,Bilge wells,26,HULL,HULL OUTFITTING
262.040,Water jet intake,26,HULL,HULL OUTFITTING
262.050,Fi-Fi sea intake,26,HULL,HULL OUTFITTING
262.052,Fi-Fi sea intake strainer plate,26,HULL,HULL OUTFITTING
263,FOUNDATIONS,26,HULL,HULL OUTFITTING
263.010,Shaft bearing foundations,26,HULL,HULL OUTFITTING
263.015,Stern tube foundations,26,HULL,HULL OUTFITTING
263.016,Steering gear foundations,26,HULL,HULL OUTFITTING
263.020,Boiler foundations,26,HULL,HULL OUTFITTING
263.022,Exhaust gas boiler foundations,26,HULL,HULL OUTFITTING
263.024,Silencer foundations,26,HULL,HULL OUTFITTING
263.025,Anchor winch foundations,26,HULL,HULL OUTFITTING
263.030,Lift foundations,26,HULL,HULL OUTFITTING
263.035,Ventilation plant foundations,26,HULL,HULL OUTFITTING
263.050,Lifeboat foundations,26,HULL,HULL OUTFITTING
263.055,MOB boat foundations,26,HULL,HULL OUTFITTING
263.059,MOB boat winch foundations,26,HULL,HULL OUTFITTING
263.060,Liferaft foundations,26,HULL,HULL OUTFITTING
264,"FENDER & WEAR BARS, ICE FINS, BILGE KEELS, AIR CUSHION ARR.",26,HULL,HULL OUTFITTING
264.001,Fender bars,26,HULL,HULL OUTFITTING
264.010,Bilge keels,26,HULL,HULL OUTFITTING
264.020,Bow fenders,26,HULL,HULL OUTFITTING
264.030,Rubber fenders w/fixtures,26,HULL,HULL OUTFITTING
264.050,Air cushion screens,26,HULL,HULL OUTFITTING
264.055,Air cushion dampers,26,HULL,HULL OUTFITTING
265,"GUIDE, TRIM & COVER PLATES",26,HULL,HULL OUTFITTING
266,HAWSE PIPES,26,HULL,HULL OUTFITTING
266.001,Hawse pipes,26,HULL,HULL OUTFITTING
266.002,Wear rings,26,HULL,HULL OUTFITTING
267,"GUTTER BARS, BULWARK, BREAKWATERS, GAS BARRIERS",26,HULL,HULL OUTFITTING
267.010,Bulwark,26,HULL,HULL OUTFITTING
267.030,Side gates fwd,26,HULL,HULL OUTFITTING
267.033,Side gates midship,26,HULL,HULL OUTFITTING
267.035,Side gates aft,26,HULL,HULL OUTFITTING
268,FUNNELS,26,HULL,"MATERIAL PROTECTION, EXTERNAL"
268.001,Funnels,27,HULL,"MATERIAL PROTECTION, EXTERNAL"
271,"BOTTOM, BOOT TOP, RUDDER, RUDDER TRUNK",27,HULL,"MATERIAL PROTECTION, EXTERNAL"
271.001,Bottom,27,HULL,"MATERIAL PROTECTION, EXTERNAL"
271.005,Boot top,27,HULL,"MATERIAL PROTECTION, EXTERNAL"
271.010,Rudder,27,HULL,"MATERIAL PROTECTION, EXTERNAL"
271.015,Rudder trunk,27,HULL,"MATERIAL PROTECTION, EXTERNAL"
271.030,Sea chests,27,HULL,"MATERIAL PROTECTION, EXTERNAL"
272,TOP SIDE,27,HULL,"MATERIAL PROTECTION, EXTERNAL"
272.001,Top side,27,HULL,"MATERIAL PROTECTION, EXTERNAL"
272.010,Superstructure shell plating outboard,27,HULL,"MATERIAL PROTECTION, EXTERNAL"
273,EXTERNAL DECKS,27,HULL,"MATERIAL PROTECTION, EXTERNAL"
273.001,Main decks,27,HULL,"MATERIAL PROTECTION, EXTERNAL"
273.010,Shelter decks,27,HULL,"MATERIAL PROTECTION, EXTERNAL"
273.020,Suspended decks,27,HULL,"MATERIAL PROTECTION, EXTERNAL"
273.030,Boat decks,27,HULL,"MATERIAL PROTECTION, EXTERNAL"
274,"EQUIPMENT ON EXTERNAL DECKS, BULWARK (INBOARD SIDE)",27,HULL,"MATERIAL PROTECTION, EXTERNAL"
274.001,Masts fwd,27,HULL,"MATERIAL PROTECTION, EXTERNAL"
274.002,Masts aft,27,HULL,"MATERIAL PROTECTION, EXTERNAL"
274.010,Booms,27,HULL,"MATERIAL PROTECTION, EXTERNAL"
274.020,Ventilation pipes,27,HULL,"MATERIAL PROTECTION, EXTERNAL"
274.030,Deck machinery,27,HULL,"MATERIAL PROTECTION, EXTERNAL"
274.040,Bulwark inboard,27,HULL,"MATERIAL PROTECTION, EXTERNAL"
274.050,Superstructure shell plating inboard,27,HULL,"MATERIAL PROTECTION, EXTERNAL"
274.060,Woodwork external,27,HULL,"MATERIAL PROTECTION, EXTERNAL"
275,"SUPERSTRUCTURES, DECK HOUSES, MAST HOUSES",27,HULL,"MATERIAL PROTECTION, EXTERNAL"
275.001,Superstructures,27,HULL,"MATERIAL PROTECTION, EXTERNAL"
275.010,Wheelhouses,27,HULL,"MATERIAL PROTECTION, EXTERNAL"
275.020,Funnels,27,HULL,"MATERIAL PROTECTION, EXTERNAL"
276,"GALVANIZING, NICKEL PLATING, METALLIZING",27,HULL,"MATERIAL PROTECTION, EXTERNAL"
276.001,Galvanizing,27,HULL,"MATERIAL PROTECTION, EXTERNAL"
276.010,Nickel plating,27,HULL,"MATERIAL PROTECTION, EXTERNAL"
276.020,Metallizing,27,HULL,"MATERIAL PROTECTION, EXTERNAL"
278,EXTERNAL CATHODIC PROTECTION,27,HULL,"MATERIAL PROTECTION, EXTERNAL"
278.001,Hull/rudder anodes,27,HULL,"MATERIAL PROTECTION, EXTERNAL"
278.005,Sea chest anodes,27,HULL,"MATERIAL PROTECTION, EXTERNAL"
278.010,Impressed current systems,27,HULL,"MATERIAL PROTECTION, EXTERNAL"
278.012,Impressed current anodes,27,HULL,"MATERIAL PROTECTION, EXTERNAL"
278.014,Reference cell,27,HULL,"MATERIAL PROTECTION, EXTERNAL"
278.016,Control unit,27,HULL,"MATERIAL PROTECTION, INTERNAL"
278.018,Power unit,28,HULL,"MATERIAL PROTECTION, INTERNAL"
281,"ACCOMMODATION, DECK HOUSES, STORE ROOMS",28,HULL,"MATERIAL PROTECTION, INTERNAL"
281.001,Deck house rooms,28,HULL,"MATERIAL PROTECTION, INTERNAL"
281.010,Saloons,28,HULL,"MATERIAL PROTECTION, INTERNAL"
281.020,Cabins,28,HULL,"MATERIAL PROTECTION, INTERNAL"
281.030,Toilets,28,HULL,"MATERIAL PROTECTION, INTERNAL"
281.040,Corridors,28,HULL,"MATERIAL PROTECTION, INTERNAL"
281.050,"Messrooms, galleys",28,HULL,"MATERIAL PROTECTION, INTERNAL"
281.060,Shell plating inboard,28,HULL,"MATERIAL PROTECTION, INTERNAL"
281.070,Store rooms,28,HULL,"MATERIAL PROTECTION, INTERNAL"
282,"ENGINE, BOILER & PUMP ROOMS, STEERING GEAR COMPARTMENTS",28,HULL,"MATERIAL PROTECTION, INTERNAL"
282.001,Engine rooms,28,HULL,"MATERIAL PROTECTION, INTERNAL"
282.004,Engine room casings,28,HULL,"MATERIAL PROTECTION, INTERNAL"
282.006,"Piping, silencers",28,HULL,"MATERIAL PROTECTION, INTERNAL"
282.010,Engine room equipment,28,HULL,"MATERIAL PROTECTION, INTERNAL"
282.020,Boiler rooms,28,HULL,"MATERIAL PROTECTION, INTERNAL"
282.025,Pump rooms,28,HULL,"MATERIAL PROTECTION, INTERNAL"
282.030,Gear rooms,28,HULL,"MATERIAL PROTECTION, INTERNAL"
282.040,Steering gear room,28,HULL,"MATERIAL PROTECTION, INTERNAL"
283,CARGO HOLDS,28,HULL,"MATERIAL PROTECTION, INTERNAL"
284,CARGO TANKS,28,HULL,"MATERIAL PROTECTION, INTERNAL"
285,"BALLAST, SEA W. & STABIL. TANKS, COFFERDAMS, CHAIN LOCKERS",28,HULL,"MATERIAL PROTECTION, INTERNAL"
285.001,Ballast tanks/SW tanks,28,HULL,"MATERIAL PROTECTION, INTERNAL"
285.020,Sewage tanks,28,HULL,"MATERIAL PROTECTION, INTERNAL"
285.030,"Dry tanks, void spaces",28,HULL,"MATERIAL PROTECTION, INTERNAL"
285.040,Cofferdams,28,HULL,"MATERIAL PROTECTION, INTERNAL"
285.050,Chain lockers,28,HULL,"MATERIAL PROTECTION, INTERNAL"
286,"FRESH WATER TANKS, MISC. TANKS",28,HULL,"MATERIAL PROTECTION, INTERNAL"
286.001,FW tanks,28,HULL,"MATERIAL PROTECTION, INTERNAL"
286.020,Wash water tanks,28,HULL,"MATERIAL PROTECTION, INTERNAL"
286.030,Cooling water tanks,28,HULL,"MATERIAL PROTECTION, INTERNAL"
287,FUEL OIL & LUBE OIL TANKS,28,HULL,"MATERIAL PROTECTION, INTERNAL"
287.001,FO tanks,28,HULL,"MATERIAL PROTECTION, INTERNAL"
287.020,DO tanks,28,HULL,"MATERIAL PROTECTION, INTERNAL"
287.030,GO tanks,28,HULL,"MATERIAL PROTECTION, INTERNAL"
287.050,LO tanks,28,HULL,"MATERIAL PROTECTION, INTERNAL"
288,INTERNAL CATHODIC PROTECTION,28,HULL,"MATERIAL PROTECTION, INTERNAL"
288.001,Separate sacrificial anodes,28,HULL,"MATERIAL PROTECTION, INTERNAL"
288.010,Impressed current systems,28,HULL,"MATERIAL PROTECTION, INTERNAL"
288.012,Impressed current anodes,28,HULL,"MATERIAL PROTECTION, INTERNAL"
288.014,Reference cell,28,HULL,"MATERIAL PROTECTION, INTERNAL"
288.016,Control unit,28,HULL,MISCELLANEOUS HULL WORK (NOT STANDARD)
288.018,Power unit,29,HULL,MISCELLANEOUS HULL WORK (NOT STANDARD)
291,MARKING,29,HULL,MISCELLANEOUS HULL WORK (NOT STANDARD)
292,FLAME CUTTING,29,HULL,MISCELLANEOUS HULL WORK (NOT STANDARD)
293,"CUTTING, SHEARING",29,HULL,MISCELLANEOUS HULL WORK (NOT STANDARD)
294,"BENDING, FLANGING, ROLLING",29,HULL,MISCELLANEOUS HULL WORK (NOT STANDARD)
295,"BURNING, CHISELLING & GRINDING FOR BACKWELDS",29,HULL,"HATCHES, PORTS"
298,FITTING & JOINING OF COMPOSITE MATERIALS,30,EQUIPMENT FOR CARGO,"HATCHES, PORTS"
301,CARGO HATCH COVERS W/EQUIPMENT ON WEATHER DECKS,30,EQUIPMENT FOR CARGO,"HATCHES, PORTS"
301.001,Patent hatches w/coaming,30,EQUIPMENT FOR CARGO,"HATCHES, PORTS"
301.005,Patent hatches without coaming,30,EQUIPMENT FOR CARGO,"HATCHES, PORTS"
301.010,Patent hatch drive units,30,EQUIPMENT FOR CARGO,"HATCHES, PORTS"
301.015,Patent hatch closing arr.,30,EQUIPMENT FOR CARGO,"HATCHES, PORTS"
301.018,Manoeuvre consoles,30,EQUIPMENT FOR CARGO,"HATCHES, PORTS"
301.020,Valve boards,30,EQUIPMENT FOR CARGO,"HATCHES, PORTS"
301.025,Hatch hydr. cylinders,30,EQUIPMENT FOR CARGO,"HATCHES, PORTS"
301.030,"Pontoon hatches, complete",30,EQUIPMENT FOR CARGO,"HATCHES, PORTS"
301.035,Hatch sections,30,EQUIPMENT FOR CARGO,"HATCHES, PORTS"
301.038,Hatch beams w/lock fitting,30,EQUIPMENT FOR CARGO,"HATCHES, PORTS"
301.045,Separate hydr. oil systems,30,EQUIPMENT FOR CARGO,"HATCHES, PORTS"
301.047,Hydr. oil pumps w/drive unit,30,EQUIPMENT FOR CARGO,"HATCHES, PORTS"
301.049,Hydr. oil preheaters,30,EQUIPMENT FOR CARGO,"HATCHES, PORTS"
301.051,Hydr. oil coolers,30,EQUIPMENT FOR CARGO,"HATCHES, PORTS"
301.053,Hydr. oil filters,30,EQUIPMENT FOR CARGO,"HATCHES, PORTS"
301.055,Hydr. oil expansion tanks,30,EQUIPMENT FOR CARGO,"HATCHES, PORTS"
301.057,Hydr. oil storage tanks,30,EQUIPMENT FOR CARGO,"HATCHES, PORTS"
301.060,Hydr. oil pump starter systems,30,EQUIPMENT FOR CARGO,"HATCHES, PORTS"
301.062,Hatch cover control systems,30,EQUIPMENT FOR CARGO,"HATCHES, PORTS"
302,"CARGO HATCH COVERS W/EQUIPMENT, ON TWEEN DECKS",30,EQUIPMENT FOR CARGO,"HATCHES, PORTS"
302.001,Patent hatches w/coaming,30,EQUIPMENT FOR CARGO,"HATCHES, PORTS"
302.005,Patent hatches without coaming,30,EQUIPMENT FOR CARGO,"HATCHES, PORTS"
302.010,Patent hatch drive units,30,EQUIPMENT FOR CARGO,"HATCHES, PORTS"
302.015,Patent hatch closing arr.,30,EQUIPMENT FOR CARGO,"HATCHES, PORTS"
302.018,Manoeuvre consoles,30,EQUIPMENT FOR CARGO,"HATCHES, PORTS"
302.020,Valve boards,30,EQUIPMENT FOR CARGO,"HATCHES, PORTS"
302.030,"Pontoon hatches, complete",30,EQUIPMENT FOR CARGO,"HATCHES, PORTS"
302.035,Hatch sections,30,EQUIPMENT FOR CARGO,"HATCHES, PORTS"
302.038,Hatch beams w/lock fitting,30,EQUIPMENT FOR CARGO,"HATCHES, PORTS"
302.045,Separate hydr. oil systems,30,EQUIPMENT FOR CARGO,"HATCHES, PORTS"
302.047,Hydr. oil pumps w/drive unit,30,EQUIPMENT FOR CARGO,"HATCHES, PORTS"
302.049,Hydr. oil preheaters,30,EQUIPMENT FOR CARGO,"HATCHES, PORTS"
302.051,Hydr. oil coolers,30,EQUIPMENT FOR CARGO,"HATCHES, PORTS"
302.053,Hydr. oil filters,30,EQUIPMENT FOR CARGO,"HATCHES, PORTS"
302.055,Hydr. oil expansion tanks,30,EQUIPMENT FOR CARGO,"HATCHES, PORTS"
302.057,Hydr. oil storage tanks,30,EQUIPMENT FOR CARGO,"HATCHES, PORTS"
303,CARGO TANK HATCHES,30,EQUIPMENT FOR CARGO,"HATCHES, PORTS"
303.001,Cargo tank hatches,30,EQUIPMENT FOR CARGO,"HATCHES, PORTS"
303.010,MUCKING HATCHES,30,EQUIPMENT FOR CARGO,"HATCHES, PORTS"
304,"SMALLER HATCHES, GRAIN HATCHES, MANHOLE COVERS",30,EQUIPMENT FOR CARGO,"HATCHES, PORTS"
304.001,Grain hatches,30,EQUIPMENT FOR CARGO,"HATCHES, PORTS"
304.002,Manhole hatches w/gaskets,30,EQUIPMENT FOR CARGO,"HATCHES, PORTS"
304.005,Trimming hatches,30,EQUIPMENT FOR CARGO,"HATCHES, PORTS"
304.010,Suez hatches,30,EQUIPMENT FOR CARGO,"HATCHES, PORTS"
304.012,Provision hatches,30,EQUIPMENT FOR CARGO,"HATCHES, PORTS"
304.014,Access hatches,30,EQUIPMENT FOR CARGO,"HATCHES, PORTS"
304.020,Emergency hatches,30,EQUIPMENT FOR CARGO,"HATCHES, PORTS"
304.025,Observation hatches,30,EQUIPMENT FOR CARGO,"HATCHES, PORTS"
304.030,Sounding hatches,30,EQUIPMENT FOR CARGO,"HATCHES, PORTS"
304.035,Tonnage hatches,30,EQUIPMENT FOR CARGO,"HATCHES, PORTS"
304.040,Tank cleaning hatches,30,EQUIPMENT FOR CARGO,"HATCHES, PORTS"
304.060,Engine room hatches,30,EQUIPMENT FOR CARGO,"HATCHES, PORTS"
304.065,Steering gear hatches,30,EQUIPMENT FOR CARGO,"HATCHES, PORTS"
304.070,Mud tank hatches,30,EQUIPMENT FOR CARGO,"HATCHES, PORTS"
305,BOW PORTS,30,EQUIPMENT FOR CARGO,"HATCHES, PORTS"
305.001,Bow port w/coaming,30,EQUIPMENT FOR CARGO,"HATCHES, PORTS"
305.002,Bow port hinges/fittings,30,EQUIPMENT FOR CARGO,"HATCHES, PORTS"
305.003,Driving ramp w/coaming,30,EQUIPMENT FOR CARGO,"HATCHES, PORTS"
305.004,Driving ramp hinges/fittings,30,EQUIPMENT FOR CARGO,"HATCHES, PORTS"
305.007,Manoeuvre machinery,30,EQUIPMENT FOR CARGO,"HATCHES, PORTS"
305.010,Locking devices,30,EQUIPMENT FOR CARGO,"HATCHES, PORTS"
305.013,Manoeuvre consoles,30,EQUIPMENT FOR CARGO,"HATCHES, PORTS"
305.016,Valve boards,30,EQUIPMENT FOR CARGO,"HATCHES, PORTS"
305.020,Bow port hydr. cylinders,30,EQUIPMENT FOR CARGO,"HATCHES, PORTS"
305.025,Driving ramp hydr. cylinders,30,EQUIPMENT FOR CARGO,"HATCHES, PORTS"
305.045,Separate hydr. oil systems,30,EQUIPMENT FOR CARGO,"HATCHES, PORTS"
305.047,Hydr. oil pumps w/drive unit,30,EQUIPMENT FOR CARGO,"HATCHES, PORTS"
305.049,Hydr. oil preheaters,30,EQUIPMENT FOR CARGO,"HATCHES, PORTS"
305.051,Hydr. oil coolers,30,EQUIPMENT FOR CARGO,"HATCHES, PORTS"
305.053,Hydr. oil filters,30,EQUIPMENT FOR CARGO,"HATCHES, PORTS"
305.055,Hydr. oil expansion tanks,30,EQUIPMENT FOR CARGO,"HATCHES, PORTS"
305.057,Hydr. oil storage tanks,30,EQUIPMENT FOR CARGO,"HATCHES, PORTS"
305.060,Hydr. pump starter systems,30,EQUIPMENT FOR CARGO,"HATCHES, PORTS"
305.065,Bow port control systems,30,EQUIPMENT FOR CARGO,"HATCHES, PORTS"
306,STERN PORTS,30,EQUIPMENT FOR CARGO,"HATCHES, PORTS"
306.001,Stern port w/coaming,30,EQUIPMENT FOR CARGO,"HATCHES, PORTS"
306.002,Stern port hinges/fittings,30,EQUIPMENT FOR CARGO,"HATCHES, PORTS"
306.003,Driving ramp w/coaming,30,EQUIPMENT FOR CARGO,"HATCHES, PORTS"
306.004,Driving ramp hinges/fittings,30,EQUIPMENT FOR CARGO,"HATCHES, PORTS"
306.007,Manoeuvre machinery,30,EQUIPMENT FOR CARGO,"HATCHES, PORTS"
306.010,Locking devices,30,EQUIPMENT FOR CARGO,"HATCHES, PORTS"
306.013,Manoeuvre consoles,30,EQUIPMENT FOR CARGO,"HATCHES, PORTS"
306.016,Valve boards,30,EQUIPMENT FOR CARGO,"HATCHES, PORTS"
306.020,Stern port hydr. cylinders,30,EQUIPMENT FOR CARGO,"HATCHES, PORTS"
306.025,Driving ramp hydr. cylinders,30,EQUIPMENT FOR CARGO,"HATCHES, PORTS"
306.045,Separate hydr. oil systems,30,EQUIPMENT FOR CARGO,"HATCHES, PORTS"
306.047,Hydr. oil pumps w/drive unit,30,EQUIPMENT FOR CARGO,"HATCHES, PORTS"
306.049,Hydr. oil preheaters,30,EQUIPMENT FOR CARGO,"HATCHES, PORTS"
306.051,Hydr. oil coolers,30,EQUIPMENT FOR CARGO,"HATCHES, PORTS"
306.053,Hydr. oil filters,30,EQUIPMENT FOR CARGO,"HATCHES, PORTS"
306.055,Hydr. oil expansion tanks,30,EQUIPMENT FOR CARGO,"HATCHES, PORTS"
306.057,Hydr. oil storage tanks,30,EQUIPMENT FOR CARGO,"HATCHES, PORTS"
306.060,Hydr. pump starter systems,30,EQUIPMENT FOR CARGO,"HATCHES, PORTS"
306.065,Stern port control systems,30,EQUIPMENT FOR CARGO,"HATCHES, PORTS"
307,SIDE PORTS,30,EQUIPMENT FOR CARGO,"HATCHES, PORTS"
307.001,Side port w/coaming,30,EQUIPMENT FOR CARGO,"HATCHES, PORTS"
307.003,Side port/ramp w/coaming,30,EQUIPMENT FOR CARGO,"HATCHES, PORTS"
307.007,Manoeuvre machinery,30,EQUIPMENT FOR CARGO,"HATCHES, PORTS"
307.010,Locking devices,30,EQUIPMENT FOR CARGO,"HATCHES, PORTS"
307.013,Manoeuvre consoles,30,EQUIPMENT FOR CARGO,"HATCHES, PORTS"
307.045,Separate hydr. oil systems,30,EQUIPMENT FOR CARGO,"HATCHES, PORTS"
307.047,Hydr. oil pumps w/drive unit,30,EQUIPMENT FOR CARGO,"HATCHES, PORTS"
307.049,Hydr. oil preheaters,30,EQUIPMENT FOR CARGO,"HATCHES, PORTS"
307.051,Hydr. oil coolers,30,EQUIPMENT FOR CARGO,"HATCHES, PORTS"
307.053,Hydr. oil filters,30,EQUIPMENT FOR CARGO,"HATCHES, PORTS"
307.055,Hydr. oil expansion tanks,30,EQUIPMENT FOR CARGO,"HATCHES, PORTS"
307.057,Hydr. oil storage tanks,30,EQUIPMENT FOR CARGO,"HATCHES, PORTS"
307.060,Hydr. pump starter systems,30,EQUIPMENT FOR CARGO,"HATCHES, PORTS"
307.065,Side port control systems,30,EQUIPMENT FOR CARGO,"HATCHES, PORTS"
308,CARGO DOORS IN BULKHEADS,30,EQUIPMENT FOR CARGO,"HATCHES, PORTS"
308.001,Bulkhead doors w/coaming,30,EQUIPMENT FOR CARGO,"HATCHES, PORTS"
308.005,Manoeuvre machinery,30,EQUIPMENT FOR CARGO,"HATCHES, PORTS"
308.009,Locking devices,30,EQUIPMENT FOR CARGO,"HATCHES, PORTS"
308.013,Manoeuvre consoles,30,EQUIPMENT FOR CARGO,"HATCHES, PORTS"
308.014,Valve boards,30,EQUIPMENT FOR CARGO,"HATCHES, PORTS"
308.020,"Bridge front doors w/coaming, complete",30,EQUIPMENT FOR CARGO,"HATCHES, PORTS"
308.022,Manoeuvre machinery,30,EQUIPMENT FOR CARGO,"HATCHES, PORTS"
308.024,Locking devices,30,EQUIPMENT FOR CARGO,"HATCHES, PORTS"
308.026,Manoeuvre consoles,30,EQUIPMENT FOR CARGO,"HATCHES, PORTS"
308.028,Valve boards,30,EQUIPMENT FOR CARGO,"HATCHES, PORTS"
308.045,Separate hydr. oil systems,30,EQUIPMENT FOR CARGO,"HATCHES, PORTS"
308.047,Hydr. oil pumps w/drive unit,30,EQUIPMENT FOR CARGO,"HATCHES, PORTS"
308.049,Hydr. oil preheaters,30,EQUIPMENT FOR CARGO,"HATCHES, PORTS"
308.051,Hydr. oil coolers,30,EQUIPMENT FOR CARGO,"HATCHES, PORTS"
308.053,Hydr. oil filters,30,EQUIPMENT FOR CARGO,"HATCHES, PORTS"
308.055,Hydr. oil expansion tanks,30,EQUIPMENT FOR CARGO,"HATCHES, PORTS"
308.057,Hydr. oil storage tanks,30,EQUIPMENT FOR CARGO,"HATCHES, PORTS"
308.060,Hydr. pump starter systems,30,EQUIPMENT FOR CARGO,"HATCHES, PORTS"
308.065,Bulkhead door control systems,30,EQUIPMENT FOR CARGO,"HATCHES, PORTS"
309,COMMON HYDRAULIC OIL SYSTEM FOR HATCHES/PORTS,30,EQUIPMENT FOR CARGO,"HATCHES, PORTS"
309.001,Common hydr. oil systems,30,EQUIPMENT FOR CARGO,"HATCHES, PORTS"
309.005,Hydr. oil pumps w/drive unit,30,EQUIPMENT FOR CARGO,"HATCHES, PORTS"
309.010,Hydr. oil preheaters,30,EQUIPMENT FOR CARGO,"HATCHES, PORTS"
309.015,Hydr. oil coolers,30,EQUIPMENT FOR CARGO,"HATCHES, PORTS"
309.020,Hydr. oil filters,30,EQUIPMENT FOR CARGO,"HATCHES, PORTS"
309.025,Hydr. oil expansion tanks,30,EQUIPMENT FOR CARGO,"HATCHES, PORTS"
309.030,Hydr. oil storage tanks,30,EQUIPMENT FOR CARGO,"HATCHES, PORTS"
309.035,Hydr. oil regenerator,30,EQUIPMENT FOR CARGO,EQUIPMENT FOR CARGO IN HOLDS/ON DECK
309.060,Hydr. oil pump starter systems,31,EQUIPMENT FOR CARGO,EQUIPMENT FOR CARGO IN HOLDS/ON DECK
311,"LOOSE DECKS & PLATFORMS FOR CARGO, RAMPS",31,EQUIPMENT FOR CARGO,EQUIPMENT FOR CARGO IN HOLDS/ON DECK
311.001,Onboard driving ramps w/coaming,31,EQUIPMENT FOR CARGO,EQUIPMENT FOR CARGO IN HOLDS/ON DECK
311.003,Manoeuvre machinery,31,EQUIPMENT FOR CARGO,EQUIPMENT FOR CARGO IN HOLDS/ON DECK
311.005,Locking devices,31,EQUIPMENT FOR CARGO,EQUIPMENT FOR CARGO IN HOLDS/ON DECK
311.007,Manoeuvre consoles,31,EQUIPMENT FOR CARGO,EQUIPMENT FOR CARGO IN HOLDS/ON DECK
311.009,Valve boards,31,EQUIPMENT FOR CARGO,EQUIPMENT FOR CARGO IN HOLDS/ON DECK
311.010,Suspended decks,31,EQUIPMENT FOR CARGO,EQUIPMENT FOR CARGO IN HOLDS/ON DECK
311.011,"Platforms, steel",31,EQUIPMENT FOR CARGO,EQUIPMENT FOR CARGO IN HOLDS/ON DECK
311.012,"Platforms, sandwich elements",31,EQUIPMENT FOR CARGO,EQUIPMENT FOR CARGO IN HOLDS/ON DECK
311.013,"Ramps w/rail, steel",31,EQUIPMENT FOR CARGO,EQUIPMENT FOR CARGO IN HOLDS/ON DECK
311.014,"Ramps, sandwich elements",31,EQUIPMENT FOR CARGO,EQUIPMENT FOR CARGO IN HOLDS/ON DECK
311.015,Tween deck ramps,31,EQUIPMENT FOR CARGO,EQUIPMENT FOR CARGO IN HOLDS/ON DECK
311.017,Lifting/lowering machinery,31,EQUIPMENT FOR CARGO,EQUIPMENT FOR CARGO IN HOLDS/ON DECK
311.018,Wire arrangement,31,EQUIPMENT FOR CARGO,EQUIPMENT FOR CARGO IN HOLDS/ON DECK
311.019,Locking devices,31,EQUIPMENT FOR CARGO,EQUIPMENT FOR CARGO IN HOLDS/ON DECK
311.020,Preventer arrangement,31,EQUIPMENT FOR CARGO,EQUIPMENT FOR CARGO IN HOLDS/ON DECK
311.021,Manoeuvre consoles,31,EQUIPMENT FOR CARGO,EQUIPMENT FOR CARGO IN HOLDS/ON DECK
311.023,Valve boards,31,EQUIPMENT FOR CARGO,EQUIPMENT FOR CARGO IN HOLDS/ON DECK
311.030,Loading platforms,31,EQUIPMENT FOR CARGO,EQUIPMENT FOR CARGO IN HOLDS/ON DECK
311.032,Lifting/lowering machinery,31,EQUIPMENT FOR CARGO,EQUIPMENT FOR CARGO IN HOLDS/ON DECK
311.034,Locking devices,31,EQUIPMENT FOR CARGO,EQUIPMENT FOR CARGO IN HOLDS/ON DECK
311.036,Manoeuvre consoles,31,EQUIPMENT FOR CARGO,EQUIPMENT FOR CARGO IN HOLDS/ON DECK
311.038,Valve boards,31,EQUIPMENT FOR CARGO,EQUIPMENT FOR CARGO IN HOLDS/ON DECK
311.042,Cargo shifting boards,31,EQUIPMENT FOR CARGO,EQUIPMENT FOR CARGO IN HOLDS/ON DECK
311.045,Separate hydr. oil systems,31,EQUIPMENT FOR CARGO,EQUIPMENT FOR CARGO IN HOLDS/ON DECK
311.047,Hydr. oil pumps w/drive unit,31,EQUIPMENT FOR CARGO,EQUIPMENT FOR CARGO IN HOLDS/ON DECK
311.049,Hydr. oil preheaters,31,EQUIPMENT FOR CARGO,EQUIPMENT FOR CARGO IN HOLDS/ON DECK
311.051,Hydr. oil coolers,31,EQUIPMENT FOR CARGO,EQUIPMENT FOR CARGO IN HOLDS/ON DECK
311.053,Hydr. oil filters,31,EQUIPMENT FOR CARGO,EQUIPMENT FOR CARGO IN HOLDS/ON DECK
311.055,Hydr. oil expansion tanks,31,EQUIPMENT FOR CARGO,EQUIPMENT FOR CARGO IN HOLDS/ON DECK
311.057,Hydr. oil storage tanks,31,EQUIPMENT FOR CARGO,EQUIPMENT FOR CARGO IN HOLDS/ON DECK
312,LOOSE TANKS FOR CARGO,31,EQUIPMENT FOR CARGO,EQUIPMENT FOR CARGO IN HOLDS/ON DECK
312.001,Loose cargo tanks,31,EQUIPMENT FOR CARGO,EQUIPMENT FOR CARGO IN HOLDS/ON DECK
312.002,Cement tanks,31,EQUIPMENT FOR CARGO,EQUIPMENT FOR CARGO IN HOLDS/ON DECK
312.003,Mud/oil tanks,31,EQUIPMENT FOR CARGO,EQUIPMENT FOR CARGO IN HOLDS/ON DECK
312.015,Loose auxiliary tanks,31,EQUIPMENT FOR CARGO,EQUIPMENT FOR CARGO IN HOLDS/ON DECK
313,"LOOSE BULKHEADS FOR CARGO, GRAIN FEEDERS",31,EQUIPMENT FOR CARGO,EQUIPMENT FOR CARGO IN HOLDS/ON DECK
313.001,Loose bulkheads,31,EQUIPMENT FOR CARGO,EQUIPMENT FOR CARGO IN HOLDS/ON DECK
313.015,Grain feeders,31,EQUIPMENT FOR CARGO,EQUIPMENT FOR CARGO IN HOLDS/ON DECK
314,HOLD BATTENS & GRATING,31,EQUIPMENT FOR CARGO,EQUIPMENT FOR CARGO IN HOLDS/ON DECK
314.001,Grating,31,EQUIPMENT FOR CARGO,EQUIPMENT FOR CARGO IN HOLDS/ON DECK
315,"DECK/HOLD CARGO PILLARS, BINS, SHELVES, CASES",31,EQUIPMENT FOR CARGO,EQUIPMENT FOR CARGO IN HOLDS/ON DECK
315.001,Cargo supports,31,EQUIPMENT FOR CARGO,EQUIPMENT FOR CARGO IN HOLDS/ON DECK
315.002,Loading rails,31,EQUIPMENT FOR CARGO,EQUIPMENT FOR CARGO IN HOLDS/ON DECK
315.005,Shoring bags,31,EQUIPMENT FOR CARGO,EQUIPMENT FOR CARGO IN HOLDS/ON DECK
315.010,Nets,31,EQUIPMENT FOR CARGO,EQUIPMENT FOR CARGO IN HOLDS/ON DECK
315.015,Bins,31,EQUIPMENT FOR CARGO,EQUIPMENT FOR CARGO IN HOLDS/ON DECK
315.020,Shelves/racks,31,EQUIPMENT FOR CARGO,EQUIPMENT FOR CARGO IN HOLDS/ON DECK
315.030,Car lashing fixtures,31,EQUIPMENT FOR CARGO,EQUIPMENT FOR CARGO IN HOLDS/ON DECK
316,"PROTECTION PLATES, COVERS, HATCH TENTS & TARPAULINS",31,EQUIPMENT FOR CARGO,EQUIPMENT FOR CARGO IN HOLDS/ON DECK
316.001,Protection covers/plates,31,EQUIPMENT FOR CARGO,EQUIPMENT FOR CARGO IN HOLDS/ON DECK
316.010,Hatch tents,31,EQUIPMENT FOR CARGO,EQUIPMENT FOR CARGO IN HOLDS/ON DECK
316.015,Seattle tents,31,EQUIPMENT FOR CARGO,EQUIPMENT FOR CARGO IN HOLDS/ON DECK
316.020,Tarpaulins,31,EQUIPMENT FOR CARGO,EQUIPMENT FOR CARGO IN HOLDS/ON DECK
316.025,Tarpaulin hoods,31,EQUIPMENT FOR CARGO,EQUIPMENT FOR CARGO IN HOLDS/ON DECK
317,"CONTAINERS, PALLETS",31,EQUIPMENT FOR CARGO,EQUIPMENT FOR CARGO IN HOLDS/ON DECK
317.001,Containers,31,EQUIPMENT FOR CARGO,EQUIPMENT FOR CARGO IN HOLDS/ON DECK
317.010,Pallets/cargo boards,31,EQUIPMENT FOR CARGO,EQUIPMENT FOR CARGO IN HOLDS/ON DECK
317.015,Fish crates,31,EQUIPMENT FOR CARGO,EQUIPMENT FOR CARGO IN HOLDS/ON DECK
317.020,Barges,31,EQUIPMENT FOR CARGO,SPECIAL CARGO HANDLING EQUIPMENT
317.025,Auto platforms,32,EQUIPMENT FOR CARGO,SPECIAL CARGO HANDLING EQUIPMENT
321,CARGO LIFTS,32,EQUIPMENT FOR CARGO,SPECIAL CARGO HANDLING EQUIPMENT
321.001,"Cargo lifts, complete",32,EQUIPMENT FOR CARGO,SPECIAL CARGO HANDLING EQUIPMENT
321.003,Lift cabins/platforms,32,EQUIPMENT FOR CARGO,SPECIAL CARGO HANDLING EQUIPMENT
321.005,"Lift trunks, loose",32,EQUIPMENT FOR CARGO,SPECIAL CARGO HANDLING EQUIPMENT
321.007,Lift doors,32,EQUIPMENT FOR CARGO,SPECIAL CARGO HANDLING EQUIPMENT
321.015,Lift machinery,32,EQUIPMENT FOR CARGO,SPECIAL CARGO HANDLING EQUIPMENT
321.017,Manoeuvre consoles,32,EQUIPMENT FOR CARGO,SPECIAL CARGO HANDLING EQUIPMENT
321.019,Valve boards,32,EQUIPMENT FOR CARGO,SPECIAL CARGO HANDLING EQUIPMENT
321.030,"Lifting/articulated board, complete",32,EQUIPMENT FOR CARGO,SPECIAL CARGO HANDLING EQUIPMENT
321.045,Separate hydr. oil systems,32,EQUIPMENT FOR CARGO,SPECIAL CARGO HANDLING EQUIPMENT
321.047,Hydr. oil pumps w/drive unit,32,EQUIPMENT FOR CARGO,SPECIAL CARGO HANDLING EQUIPMENT
321.049,Hydr. oil preheaters,32,EQUIPMENT FOR CARGO,SPECIAL CARGO HANDLING EQUIPMENT
321.051,Hydr. oil coolers,32,EQUIPMENT FOR CARGO,SPECIAL CARGO HANDLING EQUIPMENT
321.053,Hydr. oil filters,32,EQUIPMENT FOR CARGO,SPECIAL CARGO HANDLING EQUIPMENT
321.055,Hydr. oil expansion tanks,32,EQUIPMENT FOR CARGO,SPECIAL CARGO HANDLING EQUIPMENT
321.057,Hydr. oil storage tanks,32,EQUIPMENT FOR CARGO,SPECIAL CARGO HANDLING EQUIPMENT
322,"ROLLER WAYS, ROLLER CONVEYORS, TURNTABLES",32,EQUIPMENT FOR CARGO,SPECIAL CARGO HANDLING EQUIPMENT
322.001,"Roller conveyors, complete",32,EQUIPMENT FOR CARGO,SPECIAL CARGO HANDLING EQUIPMENT
322.010,"Roller ways, complete",32,EQUIPMENT FOR CARGO,SPECIAL CARGO HANDLING EQUIPMENT
322.020,"Turn tables, complete",32,EQUIPMENT FOR CARGO,SPECIAL CARGO HANDLING EQUIPMENT
323,TRAVELLING CRANES IN CARGO HOLDS,32,EQUIPMENT FOR CARGO,SPECIAL CARGO HANDLING EQUIPMENT
3230.01,"Travelling cranes, complete",32,EQUIPMENT FOR CARGO,SPECIAL CARGO HANDLING EQUIPMENT
324,"BULLDOZERS, MECHANICAL SHOVELS, TROLLEYS, TRUCKS",32,EQUIPMENT FOR CARGO,SPECIAL CARGO HANDLING EQUIPMENT
324.001,Bulldozers,32,EQUIPMENT FOR CARGO,SPECIAL CARGO HANDLING EQUIPMENT
324.005,Mechanical shovels,32,EQUIPMENT FOR CARGO,SPECIAL CARGO HANDLING EQUIPMENT
324.010,Shoveldozers,32,EQUIPMENT FOR CARGO,SPECIAL CARGO HANDLING EQUIPMENT
324.015,Forklifts,32,EQUIPMENT FOR CARGO,SPECIAL CARGO HANDLING EQUIPMENT
324.020,Trolleys,32,EQUIPMENT FOR CARGO,SPECIAL CARGO HANDLING EQUIPMENT
324.025,Charging apparatus,32,EQUIPMENT FOR CARGO,SPECIAL CARGO HANDLING EQUIPMENT
325,"SELF LOADERS, SCREW TRANSPORTERS, CONVEYOR BELTS",32,EQUIPMENT FOR CARGO,SPECIAL CARGO HANDLING EQUIPMENT
325.001,"Conveyor belts, complete",32,EQUIPMENT FOR CARGO,SPECIAL CARGO HANDLING EQUIPMENT
325.005,"Screw transporters, complete",32,EQUIPMENT FOR CARGO,SPECIAL CARGO HANDLING EQUIPMENT
325.010,"Bucket elevators, complete",32,EQUIPMENT FOR CARGO,SPECIAL CARGO HANDLING EQUIPMENT
325.015,"Charging chutes, complete",32,EQUIPMENT FOR CARGO,SPECIAL CARGO HANDLING EQUIPMENT
325.020,"Cargo ducts, complete",32,EQUIPMENT FOR CARGO,SPECIAL CARGO HANDLING EQUIPMENT
325.025,Separate weighing equipment,32,EQUIPMENT FOR CARGO,SPECIAL CARGO HANDLING EQUIPMENT
326,PNEUMATIC PLANTS FOR BULK CARGO HANDLING,32,EQUIPMENT FOR CARGO,SPECIAL CARGO HANDLING EQUIPMENT
326.001,Air compressor aggregates,32,EQUIPMENT FOR CARGO,SPECIAL CARGO HANDLING EQUIPMENT
326.003,Air compressors w/drive unit,32,EQUIPMENT FOR CARGO,SPECIAL CARGO HANDLING EQUIPMENT
326.005,Oil/water separators,32,EQUIPMENT FOR CARGO,SPECIAL CARGO HANDLING EQUIPMENT
326.008,"Air bottles/tanks, loose",32,EQUIPMENT FOR CARGO,SPECIAL CARGO HANDLING EQUIPMENT
326.015,Grain vacuum/blower plants,32,EQUIPMENT FOR CARGO,SPECIAL CARGO HANDLING EQUIPMENT
326.020,"Cement plant, complete",32,EQUIPMENT FOR CARGO,SPECIAL CARGO HANDLING EQUIPMENT
326.022,Cement ejectors,32,EQUIPMENT FOR CARGO,SPECIAL CARGO HANDLING EQUIPMENT
326.030,Air compressor LO systems,32,EQUIPMENT FOR CARGO,SPECIAL CARGO HANDLING EQUIPMENT
326.031,LO pumps w/drive unit,32,EQUIPMENT FOR CARGO,SPECIAL CARGO HANDLING EQUIPMENT
326.032,LO coolers,32,EQUIPMENT FOR CARGO,SPECIAL CARGO HANDLING EQUIPMENT
326.033,LO filters,32,EQUIPMENT FOR CARGO,SPECIAL CARGO HANDLING EQUIPMENT
326.034,LO tanks,32,EQUIPMENT FOR CARGO,SPECIAL CARGO HANDLING EQUIPMENT
327,"GRABBING/LIFTING EQUIP. FOR CRANES, MASTS & BOOMS FOR CARGO",32,EQUIPMENT FOR CARGO,SPECIAL CARGO HANDLING EQUIPMENT
327.001,Grabs,32,EQUIPMENT FOR CARGO,SPECIAL CARGO HANDLING EQUIPMENT
327.005,Timber grabs,32,EQUIPMENT FOR CARGO,SPECIAL CARGO HANDLING EQUIPMENT
327.007,Pallet yokes,32,EQUIPMENT FOR CARGO,SPECIAL CARGO HANDLING EQUIPMENT
327.010,Lifting yokes,32,EQUIPMENT FOR CARGO,SPECIAL CARGO HANDLING EQUIPMENT
327.013,Lifting forks,32,EQUIPMENT FOR CARGO,SPECIAL CARGO HANDLING EQUIPMENT
327.016,Can/barrel hooks,32,EQUIPMENT FOR CARGO,SPECIAL CARGO HANDLING EQUIPMENT
327.019,Lifting magnets,32,EQUIPMENT FOR CARGO,SPECIAL CARGO HANDLING EQUIPMENT
327.022,Plate clamps,32,EQUIPMENT FOR CARGO,SPECIAL CARGO HANDLING EQUIPMENT
327.025,Loading/discharge containers,32,EQUIPMENT FOR CARGO,SPECIAL CARGO HANDLING EQUIPMENT
327.028,Cargo trays,32,EQUIPMENT FOR CARGO,SPECIAL CARGO HANDLING EQUIPMENT
327.031,Cargo boxes,32,EQUIPMENT FOR CARGO,DECK CRANES FOR CARGO
327.034,Sling rope/belt slings/nets,33,EQUIPMENT FOR CARGO,DECK CRANES FOR CARGO
331,ROTATING CRANES W/CRANE PILLARS,33,EQUIPMENT FOR CARGO,DECK CRANES FOR CARGO
331.001,"Rotating single cranes, complete",33,EQUIPMENT FOR CARGO,DECK CRANES FOR CARGO
331.005,Crane foundations,33,EQUIPMENT FOR CARGO,DECK CRANES FOR CARGO
331.009,"Crane pillars w/house, machinery",33,EQUIPMENT FOR CARGO,DECK CRANES FOR CARGO
331.010,Manoeuvre consoles,33,EQUIPMENT FOR CARGO,DECK CRANES FOR CARGO
331.013,Crane jibs,33,EQUIPMENT FOR CARGO,DECK CRANES FOR CARGO
331.017,Wire arrangement,33,EQUIPMENT FOR CARGO,DECK CRANES FOR CARGO
331.021,"Rotating twin cranes, complete",33,EQUIPMENT FOR CARGO,DECK CRANES FOR CARGO
331.025,Crane foundations,33,EQUIPMENT FOR CARGO,DECK CRANES FOR CARGO
331.029,"Crane pillars w/house, machinery",33,EQUIPMENT FOR CARGO,DECK CRANES FOR CARGO
331.030,Manoeuvre consoles,33,EQUIPMENT FOR CARGO,DECK CRANES FOR CARGO
331.033,Crane jibs,33,EQUIPMENT FOR CARGO,DECK CRANES FOR CARGO
331.037,Wire arrangement,33,EQUIPMENT FOR CARGO,DECK CRANES FOR CARGO
331.040,Jib crutches,33,EQUIPMENT FOR CARGO,DECK CRANES FOR CARGO
331.044,Separate weighing equipment,33,EQUIPMENT FOR CARGO,DECK CRANES FOR CARGO
331.045,Separate hydr. oil systems,33,EQUIPMENT FOR CARGO,DECK CRANES FOR CARGO
331.047,Hydr. oil pumps w/drive unit,33,EQUIPMENT FOR CARGO,DECK CRANES FOR CARGO
331.049,Hydr. oil preheaters,33,EQUIPMENT FOR CARGO,DECK CRANES FOR CARGO
331.051,Hydr. oil coolers,33,EQUIPMENT FOR CARGO,DECK CRANES FOR CARGO
331.053,Hydr. oil filters,33,EQUIPMENT FOR CARGO,DECK CRANES FOR CARGO
331.055,Hydr. oil expansion tanks,33,EQUIPMENT FOR CARGO,DECK CRANES FOR CARGO
331.057,Hydr. oil storage tanks,33,EQUIPMENT FOR CARGO,DECK CRANES FOR CARGO
332,ROTATING TRAVELLING CRANES W/RAILS,33,EQUIPMENT FOR CARGO,DECK CRANES FOR CARGO
332.001,"Rotating travelling crane, complete",33,EQUIPMENT FOR CARGO,DECK CRANES FOR CARGO
332.005,Hatch covers w/crane foundations,33,EQUIPMENT FOR CARGO,DECK CRANES FOR CARGO
332.007,Crane propulsion machinery,33,EQUIPMENT FOR CARGO,DECK CRANES FOR CARGO
332.009,"Crane pillars w/house, machinery",33,EQUIPMENT FOR CARGO,DECK CRANES FOR CARGO
332.010,Manoeuvre consoles,33,EQUIPMENT FOR CARGO,DECK CRANES FOR CARGO
332.013,Crane jibs,33,EQUIPMENT FOR CARGO,DECK CRANES FOR CARGO
332.017,Wire arrangement,33,EQUIPMENT FOR CARGO,DECK CRANES FOR CARGO
332.020,Jib crutches,33,EQUIPMENT FOR CARGO,DECK CRANES FOR CARGO
332.024,Separate weighing equipment,33,EQUIPMENT FOR CARGO,DECK CRANES FOR CARGO
332.045,Separate hydr. oil systems,33,EQUIPMENT FOR CARGO,DECK CRANES FOR CARGO
332.047,Hydr. oil pumps w/drive unit,33,EQUIPMENT FOR CARGO,DECK CRANES FOR CARGO
332.049,Hydr. oil preheaters,33,EQUIPMENT FOR CARGO,DECK CRANES FOR CARGO
332.051,Hydr. oil coolers,33,EQUIPMENT FOR CARGO,DECK CRANES FOR CARGO
332.053,Hydr. oil filters,33,EQUIPMENT FOR CARGO,DECK CRANES FOR CARGO
332.055,Hydr. oil expansion tanks,33,EQUIPMENT FOR CARGO,DECK CRANES FOR CARGO
332.057,Hydr. oil storage tanks,33,EQUIPMENT FOR CARGO,DECK CRANES FOR CARGO
333,TRAVELLING TRAVERSE CRANES W/RAILS,33,EQUIPMENT FOR CARGO,DECK CRANES FOR CARGO
333.001,"Travelling traverse cranes, complete",33,EQUIPMENT FOR CARGO,DECK CRANES FOR CARGO
333.003,Gantry structures w/machinery,33,EQUIPMENT FOR CARGO,DECK CRANES FOR CARGO
333.005,Carriage w/machinery,33,EQUIPMENT FOR CARGO,DECK CRANES FOR CARGO
333.024,Separate weighing equipment,33,EQUIPMENT FOR CARGO,DECK CRANES FOR CARGO
333.045,Separate hydr. oil systems,33,EQUIPMENT FOR CARGO,DECK CRANES FOR CARGO
333.047,Hydr. oil pumps w/drive unit,33,EQUIPMENT FOR CARGO,DECK CRANES FOR CARGO
333.049,Hydr. oil preheaters,33,EQUIPMENT FOR CARGO,DECK CRANES FOR CARGO
333.051,Hydr. oil coolers,33,EQUIPMENT FOR CARGO,DECK CRANES FOR CARGO
333.053,Hydr. oil filters,33,EQUIPMENT FOR CARGO,DECK CRANES FOR CARGO
333.055,Hydr. oil expansion tanks,33,EQUIPMENT FOR CARGO,DECK CRANES FOR CARGO
333.057,Hydr. oil storage tanks,33,EQUIPMENT FOR CARGO,DECK CRANES FOR CARGO
334,OTHER CRANES W/EQUIPMENT FOR CARGO,33,EQUIPMENT FOR CARGO,DECK CRANES FOR CARGO
334.001,"Stationary gantry cranes, complete",33,EQUIPMENT FOR CARGO,DECK CRANES FOR CARGO
334.003,"Gantry structures, complete",33,EQUIPMENT FOR CARGO,DECK CRANES FOR CARGO
334.005,Carriage w/machinery,33,EQUIPMENT FOR CARGO,DECK CRANES FOR CARGO
334.011,"Bascule crane, complete",33,EQUIPMENT FOR CARGO,DECK CRANES FOR CARGO
334.019,Crane pillars w/house,33,EQUIPMENT FOR CARGO,DECK CRANES FOR CARGO
334.020,Manoeuvre consoles,33,EQUIPMENT FOR CARGO,DECK CRANES FOR CARGO
334.023,Crane jibs,33,EQUIPMENT FOR CARGO,DECK CRANES FOR CARGO
334.027,Wire arrangement,33,EQUIPMENT FOR CARGO,DECK CRANES FOR CARGO
334.045,Separate hydr. oil systems,33,EQUIPMENT FOR CARGO,DECK CRANES FOR CARGO
334.047,Hydr. oil pumps w/drive unit,33,EQUIPMENT FOR CARGO,DECK CRANES FOR CARGO
334.049,Hydr. oil preheaters,33,EQUIPMENT FOR CARGO,DECK CRANES FOR CARGO
334.051,Hydr. oil coolers,33,EQUIPMENT FOR CARGO,DECK CRANES FOR CARGO
334.053,Hydr. oil filters,33,EQUIPMENT FOR CARGO,DECK CRANES FOR CARGO
334.055,Hydr. oil expansion tanks,33,EQUIPMENT FOR CARGO,"MASTS, DERRICK POSTS, RIGGING & WINCHES FOR CARGO"
334.057,Hydr. oil storage tanks,34,EQUIPMENT FOR CARGO,"MASTS, DERRICK POSTS, RIGGING & WINCHES FOR CARGO"
341,"MASTS, DERRICK POSTS",34,EQUIPMENT FOR CARGO,"MASTS, DERRICK POSTS, RIGGING & WINCHES FOR CARGO"
341.001,"Masts w/fittings, complete",34,EQUIPMENT FOR CARGO,"MASTS, DERRICK POSTS, RIGGING & WINCHES FOR CARGO"
341.005,Derrick posts,34,EQUIPMENT FOR CARGO,"MASTS, DERRICK POSTS, RIGGING & WINCHES FOR CARGO"
341.010,Top platforms,34,EQUIPMENT FOR CARGO,"MASTS, DERRICK POSTS, RIGGING & WINCHES FOR CARGO"
341.015,Top masts,34,EQUIPMENT FOR CARGO,"MASTS, DERRICK POSTS, RIGGING & WINCHES FOR CARGO"
341.020,Look-out platforms/crows nests,34,EQUIPMENT FOR CARGO,"MASTS, DERRICK POSTS, RIGGING & WINCHES FOR CARGO"
341.025,Lantern brackets/screens,34,EQUIPMENT FOR CARGO,"MASTS, DERRICK POSTS, RIGGING & WINCHES FOR CARGO"
341.030,Topping fittings,34,EQUIPMENT FOR CARGO,"MASTS, DERRICK POSTS, RIGGING & WINCHES FOR CARGO"
341.035,Derrick heel fittings,34,EQUIPMENT FOR CARGO,"MASTS, DERRICK POSTS, RIGGING & WINCHES FOR CARGO"
341.040,"Ladders, complete",34,EQUIPMENT FOR CARGO,"MASTS, DERRICK POSTS, RIGGING & WINCHES FOR CARGO"
342,"DERRICK BOOMS, BOOM RESTS",34,EQUIPMENT FOR CARGO,"MASTS, DERRICK POSTS, RIGGING & WINCHES FOR CARGO"
342.001,"Derricks w/fitting, complete",34,EQUIPMENT FOR CARGO,"MASTS, DERRICK POSTS, RIGGING & WINCHES FOR CARGO"
342.010,Derrick crutches,34,EQUIPMENT FOR CARGO,"MASTS, DERRICK POSTS, RIGGING & WINCHES FOR CARGO"
343,STANDING RIGGING,34,EQUIPMENT FOR CARGO,"MASTS, DERRICK POSTS, RIGGING & WINCHES FOR CARGO"
344,RUNNING RIGGING,34,EQUIPMENT FOR CARGO,"MASTS, DERRICK POSTS, RIGGING & WINCHES FOR CARGO"
344.001,Measuring/weighing equipment,34,EQUIPMENT FOR CARGO,"MASTS, DERRICK POSTS, RIGGING & WINCHES FOR CARGO"
345,HOISTING WINCHES,34,EQUIPMENT FOR CARGO,"MASTS, DERRICK POSTS, RIGGING & WINCHES FOR CARGO"
345.001,Hoisting winches complete,34,EQUIPMENT FOR CARGO,"MASTS, DERRICK POSTS, RIGGING & WINCHES FOR CARGO"
345.005,"Hoisting/topping winches, complete",34,EQUIPMENT FOR CARGO,"MASTS, DERRICK POSTS, RIGGING & WINCHES FOR CARGO"
345.010,"Hoisting/slewing winches, complete",34,EQUIPMENT FOR CARGO,"MASTS, DERRICK POSTS, RIGGING & WINCHES FOR CARGO"
345.015,"Hoisting/slewing/topping winches, complete",34,EQUIPMENT FOR CARGO,"MASTS, DERRICK POSTS, RIGGING & WINCHES FOR CARGO"
345.020,Cargo winch manoeuvre stands,34,EQUIPMENT FOR CARGO,"MASTS, DERRICK POSTS, RIGGING & WINCHES FOR CARGO"
345.025,Portable winch manoeuvre units,34,EQUIPMENT FOR CARGO,"MASTS, DERRICK POSTS, RIGGING & WINCHES FOR CARGO"
345.045,Separate hydr. oil systems,34,EQUIPMENT FOR CARGO,"MASTS, DERRICK POSTS, RIGGING & WINCHES FOR CARGO"
345.047,Hydr. oil pumps w/drive unit,34,EQUIPMENT FOR CARGO,"MASTS, DERRICK POSTS, RIGGING & WINCHES FOR CARGO"
345.049,Hydr. oil preheaters,34,EQUIPMENT FOR CARGO,"MASTS, DERRICK POSTS, RIGGING & WINCHES FOR CARGO"
345.051,Hydr. oil coolers,34,EQUIPMENT FOR CARGO,"MASTS, DERRICK POSTS, RIGGING & WINCHES FOR CARGO"
345.053,Hydr. oil filters,34,EQUIPMENT FOR CARGO,"MASTS, DERRICK POSTS, RIGGING & WINCHES FOR CARGO"
345.055,Hydr. oil expansion tanks,34,EQUIPMENT FOR CARGO,"MASTS, DERRICK POSTS, RIGGING & WINCHES FOR CARGO"
345057,Hydr. oil storage tanks,34,EQUIPMENT FOR CARGO,"MASTS, DERRICK POSTS, RIGGING & WINCHES FOR CARGO"
346,MANOEUVRING WINCHES FOR DERRICK BOOMS,34,EQUIPMENT FOR CARGO,"MASTS, DERRICK POSTS, RIGGING & WINCHES FOR CARGO"
346.001,"Topping winches, complete",34,EQUIPMENT FOR CARGO,"MASTS, DERRICK POSTS, RIGGING & WINCHES FOR CARGO"
346.005,"Slewing winches, complete",34,EQUIPMENT FOR CARGO,"MASTS, DERRICK POSTS, RIGGING & WINCHES FOR CARGO"
346.010,"Topping/slewing winches, complete",34,EQUIPMENT FOR CARGO,"MASTS, DERRICK POSTS, RIGGING & WINCHES FOR CARGO"
346.020,Manoeuvre stands,34,EQUIPMENT FOR CARGO,"MASTS, DERRICK POSTS, RIGGING & WINCHES FOR CARGO"
346.025,Portable winch manoeuvre units,34,EQUIPMENT FOR CARGO,"MASTS, DERRICK POSTS, RIGGING & WINCHES FOR CARGO"
346.045,Separate hydr. oil systems,34,EQUIPMENT FOR CARGO,"MASTS, DERRICK POSTS, RIGGING & WINCHES FOR CARGO"
346.047,Hydr. oil pumps w/drive unit,34,EQUIPMENT FOR CARGO,"MASTS, DERRICK POSTS, RIGGING & WINCHES FOR CARGO"
346.049,Hydr. oil preheaters,34,EQUIPMENT FOR CARGO,"MASTS, DERRICK POSTS, RIGGING & WINCHES FOR CARGO"
346.051,Hydr. oil coolers,34,EQUIPMENT FOR CARGO,"MASTS, DERRICK POSTS, RIGGING & WINCHES FOR CARGO"
346.053,Hydr. oil filters,34,EQUIPMENT FOR CARGO,"MASTS, DERRICK POSTS, RIGGING & WINCHES FOR CARGO"
346.055,Hydr. oil expansion tanks,34,EQUIPMENT FOR CARGO,"MASTS, DERRICK POSTS, RIGGING & WINCHES FOR CARGO"
346.057,Hydr. oil storage tanks,34,EQUIPMENT FOR CARGO,"MASTS, DERRICK POSTS, RIGGING & WINCHES FOR CARGO"
347,COMMON PLANTS FOR CARGO WINCHES,34,EQUIPMENT FOR CARGO,"MASTS, DERRICK POSTS, RIGGING & WINCHES FOR CARGO"
347.001,Cargo winch manoeuvre stands,34,EQUIPMENT FOR CARGO,"MASTS, DERRICK POSTS, RIGGING & WINCHES FOR CARGO"
347.005,Portable winch manoeuvre units,34,EQUIPMENT FOR CARGO,"MASTS, DERRICK POSTS, RIGGING & WINCHES FOR CARGO"
347.045,Common hydr. oil systems,34,EQUIPMENT FOR CARGO,"MASTS, DERRICK POSTS, RIGGING & WINCHES FOR CARGO"
347.047,Hydr. oil pumps w/drive unit,34,EQUIPMENT FOR CARGO,"MASTS, DERRICK POSTS, RIGGING & WINCHES FOR CARGO"
347.051,Hydr. oil preheaters,34,EQUIPMENT FOR CARGO,"MASTS, DERRICK POSTS, RIGGING & WINCHES FOR CARGO"
347.055,Hydr. oil coolers,34,EQUIPMENT FOR CARGO,"MASTS, DERRICK POSTS, RIGGING & WINCHES FOR CARGO"
347.059,Hydr. oil filters,34,EQUIPMENT FOR CARGO,"MASTS, DERRICK POSTS, RIGGING & WINCHES FOR CARGO"
347.063,Hydr. oil expansion tanks,34,EQUIPMENT FOR CARGO,"MASTS, DERRICK POSTS, RIGGING & WINCHES FOR CARGO"
347.065,Hydr. oil storage tanks,34,EQUIPMENT FOR CARGO,MANOEUVRING MACHINERY & EQUIPMENT
347.070,Regulating aggregate,40,SHIP EQUIPMENT,MANOEUVRING MACHINERY & EQUIPMENT
401,RUDDER W/WELDED PARTS,40,SHIP EQUIPMENT,MANOEUVRING MACHINERY & EQUIPMENT
401.001,Rudder blades,40,SHIP EQUIPMENT,MANOEUVRING MACHINERY & EQUIPMENT
401.005,Rudders w/nozzle,40,SHIP EQUIPMENT,MANOEUVRING MACHINERY & EQUIPMENT
401.010,Nozzle rudders,40,SHIP EQUIPMENT,MANOEUVRING MACHINERY & EQUIPMENT
402,"RUDDER CARRIERS, RUDDER STOCKS, RUDDER BEARINGS",40,SHIP EQUIPMENT,MANOEUVRING MACHINERY & EQUIPMENT
402.001,Rudder stocks,40,SHIP EQUIPMENT,MANOEUVRING MACHINERY & EQUIPMENT
402.002,Rudder stock linings,40,SHIP EQUIPMENT,MANOEUVRING MACHINERY & EQUIPMENT
402.003,Rudder nuts,40,SHIP EQUIPMENT,MANOEUVRING MACHINERY & EQUIPMENT
402.004,Rudder axels/pintles,40,SHIP EQUIPMENT,MANOEUVRING MACHINERY & EQUIPMENT
402.007,Rudder stock bearings,40,SHIP EQUIPMENT,MANOEUVRING MACHINERY & EQUIPMENT
402.010,Rudder stock carriers,40,SHIP EQUIPMENT,MANOEUVRING MACHINERY & EQUIPMENT
402.013,Rudder stuffing boxes,40,SHIP EQUIPMENT,MANOEUVRING MACHINERY & EQUIPMENT
402.016,Rudder stock bearing LO equipment,40,SHIP EQUIPMENT,MANOEUVRING MACHINERY & EQUIPMENT
402.020,Active rudder propellers,40,SHIP EQUIPMENT,MANOEUVRING MACHINERY & EQUIPMENT
402.025,Propeller drive units,40,SHIP EQUIPMENT,MANOEUVRING MACHINERY & EQUIPMENT
403,"STEERING GEAR/COLUMNS, TELEMOTOR SYS., RUDDER IND., EMERG.ST",40,SHIP EQUIPMENT,MANOEUVRING MACHINERY & EQUIPMENT
403.001,"Steering gears, complete",40,SHIP EQUIPMENT,MANOEUVRING MACHINERY & EQUIPMENT
403.003,Steering columns,40,SHIP EQUIPMENT,MANOEUVRING MACHINERY & EQUIPMENT
403.005,Hydr. oil pump aggregates,40,SHIP EQUIPMENT,MANOEUVRING MACHINERY & EQUIPMENT
403.006,Hydr. oil pumps,40,SHIP EQUIPMENT,MANOEUVRING MACHINERY & EQUIPMENT
403.007,Hydr. oil pump drive units,40,SHIP EQUIPMENT,MANOEUVRING MACHINERY & EQUIPMENT
403.009,Hydr. oil filters,40,SHIP EQUIPMENT,MANOEUVRING MACHINERY & EQUIPMENT
403.010,Hydr. oil magnetic filters,40,SHIP EQUIPMENT,MANOEUVRING MACHINERY & EQUIPMENT
403.012,Hydr. oil storage tanks,40,SHIP EQUIPMENT,MANOEUVRING MACHINERY & EQUIPMENT
403.013,Hydr. oil pressure tanks,40,SHIP EQUIPMENT,MANOEUVRING MACHINERY & EQUIPMENT
403.014,Hydr. oil drain tanks,40,SHIP EQUIPMENT,MANOEUVRING MACHINERY & EQUIPMENT
403.015,Hydr. oil cylinders,40,SHIP EQUIPMENT,MANOEUVRING MACHINERY & EQUIPMENT
403.017,El. steering gear,40,SHIP EQUIPMENT,MANOEUVRING MACHINERY & EQUIPMENT
403.020,Telemotor units,40,SHIP EQUIPMENT,MANOEUVRING MACHINERY & EQUIPMENT
403.025,Emergency steering aggregates,40,SHIP EQUIPMENT,MANOEUVRING MACHINERY & EQUIPMENT
403.030,Rudder indicators,40,SHIP EQUIPMENT,MANOEUVRING MACHINERY & EQUIPMENT
403.050,Steering gear el. control systems,40,SHIP EQUIPMENT,MANOEUVRING MACHINERY & EQUIPMENT
403.055,Steering gear remote control,40,SHIP EQUIPMENT,MANOEUVRING MACHINERY & EQUIPMENT
403.060,Steering gear starter panels,40,SHIP EQUIPMENT,MANOEUVRING MACHINERY & EQUIPMENT
404,SIDE THRUSTERS,40,SHIP EQUIPMENT,MANOEUVRING MACHINERY & EQUIPMENT
404.001,Transverse propellers,40,SHIP EQUIPMENT,MANOEUVRING MACHINERY & EQUIPMENT
404.005,Transverse propeller motors,40,SHIP EQUIPMENT,MANOEUVRING MACHINERY & EQUIPMENT
404.010,Transverse propeller remote control,40,SHIP EQUIPMENT,MANOEUVRING MACHINERY & EQUIPMENT
404.011,Transverse propeller nozzle,40,SHIP EQUIPMENT,MANOEUVRING MACHINERY & EQUIPMENT
404.015,Local operation panels,40,SHIP EQUIPMENT,MANOEUVRING MACHINERY & EQUIPMENT
404.030,Transverse propeller hydr. systems,40,SHIP EQUIPMENT,MANOEUVRING MACHINERY & EQUIPMENT
404.031,Hydr. oil pumps w/drive unit,40,SHIP EQUIPMENT,MANOEUVRING MACHINERY & EQUIPMENT
404.033,Hydr. oil preheaters,40,SHIP EQUIPMENT,MANOEUVRING MACHINERY & EQUIPMENT
404.035,Hydr. oil coolers,40,SHIP EQUIPMENT,MANOEUVRING MACHINERY & EQUIPMENT
404.037,Hydr. oil expansion tanks,40,SHIP EQUIPMENT,MANOEUVRING MACHINERY & EQUIPMENT
404.039,Hydr. oil storage tanks.,40,SHIP EQUIPMENT,MANOEUVRING MACHINERY & EQUIPMENT
404.040,Transverse propeller LO systems,40,SHIP EQUIPMENT,MANOEUVRING MACHINERY & EQUIPMENT
404.041,LO pumps w/drive unit,40,SHIP EQUIPMENT,MANOEUVRING MACHINERY & EQUIPMENT
404.043,LO coolers,40,SHIP EQUIPMENT,MANOEUVRING MACHINERY & EQUIPMENT
404.045,LO filters,40,SHIP EQUIPMENT,MANOEUVRING MACHINERY & EQUIPMENT
404.047,LO tanks,40,SHIP EQUIPMENT,MANOEUVRING MACHINERY & EQUIPMENT
404.050,Transverse propeller FO systems,40,SHIP EQUIPMENT,MANOEUVRING MACHINERY & EQUIPMENT
404.051,FO pumps w/drive unit,40,SHIP EQUIPMENT,MANOEUVRING MACHINERY & EQUIPMENT
404.053,FO preheaters,40,SHIP EQUIPMENT,MANOEUVRING MACHINERY & EQUIPMENT
404.055,FO filters,40,SHIP EQUIPMENT,MANOEUVRING MACHINERY & EQUIPMENT
404.057,FO tanks,40,SHIP EQUIPMENT,MANOEUVRING MACHINERY & EQUIPMENT
404.060,Transverse propeller air supply systems,40,SHIP EQUIPMENT,MANOEUVRING MACHINERY & EQUIPMENT
404.061,Fans w/drive unit,40,SHIP EQUIPMENT,MANOEUVRING MACHINERY & EQUIPMENT
404.062,Silencers,40,SHIP EQUIPMENT,MANOEUVRING MACHINERY & EQUIPMENT
404.063,Air filters,40,SHIP EQUIPMENT,MANOEUVRING MACHINERY & EQUIPMENT
404.065,Transverse propeller exhaust systems,40,SHIP EQUIPMENT,MANOEUVRING MACHINERY & EQUIPMENT
404.066,Silencers,40,SHIP EQUIPMENT,MANOEUVRING MACHINERY & EQUIPMENT
404.067,Spark arresters,40,SHIP EQUIPMENT,MANOEUVRING MACHINERY & EQUIPMENT
404.070,Transverse propeller cooling systems,40,SHIP EQUIPMENT,MANOEUVRING MACHINERY & EQUIPMENT
404.071,Cooling pumps w/drive unit.,40,SHIP EQUIPMENT,MANOEUVRING MACHINERY & EQUIPMENT
404.073,Heat exchangers,40,SHIP EQUIPMENT,MANOEUVRING MACHINERY & EQUIPMENT
404.075,Cooling medium tanks,40,SHIP EQUIPMENT,MANOEUVRING MACHINERY & EQUIPMENT
405,STABILIZERS,40,SHIP EQUIPMENT,MANOEUVRING MACHINERY & EQUIPMENT
405.001,Stabilizer fins,40,SHIP EQUIPMENT,MANOEUVRING MACHINERY & EQUIPMENT
405.005,Stabilizer fin moving machinery,40,SHIP EQUIPMENT,MANOEUVRING MACHINERY & EQUIPMENT
405.020,Pump aggregates,40,SHIP EQUIPMENT,MANOEUVRING MACHINERY & EQUIPMENT
405.025,Local sounding apparatus,40,SHIP EQUIPMENT,MANOEUVRING MACHINERY & EQUIPMENT
405.030,Remote sounding apparatus,40,SHIP EQUIPMENT,MANOEUVRING MACHINERY & EQUIPMENT
405.045,Separate hydr. oil systems,40,SHIP EQUIPMENT,MANOEUVRING MACHINERY & EQUIPMENT
405.047,Hydr. oil pumps w/drive unit,40,SHIP EQUIPMENT,MANOEUVRING MACHINERY & EQUIPMENT
405.049,Hydr. oil preheaters,40,SHIP EQUIPMENT,MANOEUVRING MACHINERY & EQUIPMENT
405.051,Hydr. oil coolers,40,SHIP EQUIPMENT,MANOEUVRING MACHINERY & EQUIPMENT
405.053,Hydr. oil filters,40,SHIP EQUIPMENT,MANOEUVRING MACHINERY & EQUIPMENT
405.055,Hydr. oil expansion tanks,40,SHIP EQUIPMENT,MANOEUVRING MACHINERY & EQUIPMENT
405.057,Hydr. oil storage tanks,40,SHIP EQUIPMENT,MANOEUVRING MACHINERY & EQUIPMENT
405.060,Passive stabilizer plants,40,SHIP EQUIPMENT,MANOEUVRING MACHINERY & EQUIPMENT
405.061,Passive stabilizer instrumentation,40,SHIP EQUIPMENT,MANOEUVRING MACHINERY & EQUIPMENT
406,BRAKES,40,SHIP EQUIPMENT,MANOEUVRING MACHINERY & EQUIPMENT
406.001,Shaft brakes,40,SHIP EQUIPMENT,MANOEUVRING MACHINERY & EQUIPMENT
406.003,Flaps,40,SHIP EQUIPMENT,MANOEUVRING MACHINERY & EQUIPMENT
406.005,Flap moving machinery,40,SHIP EQUIPMENT,MANOEUVRING MACHINERY & EQUIPMENT
406.007,Flap operating panels,40,SHIP EQUIPMENT,MANOEUVRING MACHINERY & EQUIPMENT
406.010,Water parachute brakes,40,SHIP EQUIPMENT,MANOEUVRING MACHINERY & EQUIPMENT
406.045,Separate hydr. oil systems,40,SHIP EQUIPMENT,MANOEUVRING MACHINERY & EQUIPMENT
406.047,Hydr. oil pumps w/drive unit,40,SHIP EQUIPMENT,MANOEUVRING MACHINERY & EQUIPMENT
406.049,Hydr. oil preheaters,40,SHIP EQUIPMENT,MANOEUVRING MACHINERY & EQUIPMENT
406.051,Hydr. oil coolers,40,SHIP EQUIPMENT,MANOEUVRING MACHINERY & EQUIPMENT
406.053,Hydr. oil filters,40,SHIP EQUIPMENT,MANOEUVRING MACHINERY & EQUIPMENT
406.055,Hydr. oil expansion tanks,40,SHIP EQUIPMENT,MANOEUVRING MACHINERY & EQUIPMENT
406.057,Hydr. oil storage tanks,40,SHIP EQUIPMENT,MANOEUVRING MACHINERY & EQUIPMENT
407,BUBBLE PLANTS,40,SHIP EQUIPMENT,MANOEUVRING MACHINERY & EQUIPMENT
407.001,Compressor aggregates,40,SHIP EQUIPMENT,MANOEUVRING MACHINERY & EQUIPMENT
407.002,Compressors w/drive unit,40,SHIP EQUIPMENT,MANOEUVRING MACHINERY & EQUIPMENT
407.004,Oil/water separators,40,SHIP EQUIPMENT,MANOEUVRING MACHINERY & EQUIPMENT
407.006,Coolers,40,SHIP EQUIPMENT,MANOEUVRING MACHINERY & EQUIPMENT
407.008,Compressor aggregate automation centrals,40,SHIP EQUIPMENT,MANOEUVRING MACHINERY & EQUIPMENT
407.030,Compressor aggregate hydr. systems,40,SHIP EQUIPMENT,MANOEUVRING MACHINERY & EQUIPMENT
407.031,Hydr. oil pumps w/ drive unit,40,SHIP EQUIPMENT,MANOEUVRING MACHINERY & EQUIPMENT
407.033,Hydr. oil preheaters,40,SHIP EQUIPMENT,MANOEUVRING MACHINERY & EQUIPMENT
407.035,Hydr. oil coolers,40,SHIP EQUIPMENT,MANOEUVRING MACHINERY & EQUIPMENT
407.037,Hydr. oil expansion tanks,40,SHIP EQUIPMENT,MANOEUVRING MACHINERY & EQUIPMENT
407.039,Hydr. oil storage tanks,40,SHIP EQUIPMENT,MANOEUVRING MACHINERY & EQUIPMENT
407.040,Compressor aggregate LO systems,40,SHIP EQUIPMENT,MANOEUVRING MACHINERY & EQUIPMENT
407.041,LO pumps w/drive unit,40,SHIP EQUIPMENT,MANOEUVRING MACHINERY & EQUIPMENT
407.043,LO coolers,40,SHIP EQUIPMENT,MANOEUVRING MACHINERY & EQUIPMENT
407.045,LO filters,40,SHIP EQUIPMENT,MANOEUVRING MACHINERY & EQUIPMENT
407.047,LO tanks,40,SHIP EQUIPMENT,MANOEUVRING MACHINERY & EQUIPMENT
407.050,Compressor aggregate FO systems,40,SHIP EQUIPMENT,MANOEUVRING MACHINERY & EQUIPMENT
407.051,FO pumps w/drive unit,40,SHIP EQUIPMENT,MANOEUVRING MACHINERY & EQUIPMENT
407.053,FO preheaters,40,SHIP EQUIPMENT,MANOEUVRING MACHINERY & EQUIPMENT
407.055,FO filters,40,SHIP EQUIPMENT,MANOEUVRING MACHINERY & EQUIPMENT
407.057,FO tanks,40,SHIP EQUIPMENT,MANOEUVRING MACHINERY & EQUIPMENT
407.060,Compressor aggregate air supply systems,40,SHIP EQUIPMENT,MANOEUVRING MACHINERY & EQUIPMENT
407.061,Fans w/drive unit,40,SHIP EQUIPMENT,MANOEUVRING MACHINERY & EQUIPMENT
407.062,Silencers,40,SHIP EQUIPMENT,MANOEUVRING MACHINERY & EQUIPMENT
407.063,Air filters,40,SHIP EQUIPMENT,MANOEUVRING MACHINERY & EQUIPMENT
407.065,Compressor aggregate exhaust systems,40,SHIP EQUIPMENT,MANOEUVRING MACHINERY & EQUIPMENT
407.066,Silencers,40,SHIP EQUIPMENT,MANOEUVRING MACHINERY & EQUIPMENT
407.067,Spark arresters,40,SHIP EQUIPMENT,MANOEUVRING MACHINERY & EQUIPMENT
407.070,Compressor aggregate cooling systems,40,SHIP EQUIPMENT,MANOEUVRING MACHINERY & EQUIPMENT
407.071,FW cooling water pumps,40,SHIP EQUIPMENT,MANOEUVRING MACHINERY & EQUIPMENT
407.072,SW cooling water pumps,40,SHIP EQUIPMENT,MANOEUVRING MACHINERY & EQUIPMENT
407.073,Heat exchangers,40,SHIP EQUIPMENT,MANOEUVRING MACHINERY & EQUIPMENT
407.075,Cooling medium tanks,40,SHIP EQUIPMENT,MANOEUVRING MACHINERY & EQUIPMENT
408,DYNAMIC POSITIONING SYSTEMS,40,SHIP EQUIPMENT,MANOEUVRING MACHINERY & EQUIPMENT
408.001,Dynamic positioning plants,40,SHIP EQUIPMENT,MANOEUVRING MACHINERY & EQUIPMENT
408.003,Acoustic transmitters,40,SHIP EQUIPMENT,MANOEUVRING MACHINERY & EQUIPMENT
408.004,Swinger bottom valve,40,SHIP EQUIPMENT,MANOEUVRING MACHINERY & EQUIPMENT
408.005,Hydrophones,40,SHIP EQUIPMENT,MANOEUVRING MACHINERY & EQUIPMENT
408.007,Reference cells,40,SHIP EQUIPMENT,MANOEUVRING MACHINERY & EQUIPMENT
408.009,Self tension winches,40,SHIP EQUIPMENT,MANOEUVRING MACHINERY & EQUIPMENT
408.011,EDP plants,40,SHIP EQUIPMENT,MANOEUVRING MACHINERY & EQUIPMENT
408.012,Tension wire moonpools,40,SHIP EQUIPMENT,MANOEUVRING MACHINERY & EQUIPMENT
408.045,Separate hydr. oil systems,40,SHIP EQUIPMENT,MANOEUVRING MACHINERY & EQUIPMENT
408.047,Hydr. oil pumps w/drive unit,40,SHIP EQUIPMENT,MANOEUVRING MACHINERY & EQUIPMENT
408.049,Hydr. oil preheaters,40,SHIP EQUIPMENT,MANOEUVRING MACHINERY & EQUIPMENT
408.051,Hydr. oil coolers,40,SHIP EQUIPMENT,MANOEUVRING MACHINERY & EQUIPMENT
408.053,Hydr. oil filters,40,SHIP EQUIPMENT,MANOEUVRING MACHINERY & EQUIPMENT
408.055,Hydr. oil expansion tanks,40,SHIP EQUIPMENT,NAVIGATION & SEARCHING EQUIPMENT
408.057,Hydr. oil storage tanks,41,SHIP EQUIPMENT,NAVIGATION & SEARCHING EQUIPMENT
411,RADAR PLANTS,41,SHIP EQUIPMENT,NAVIGATION & SEARCHING EQUIPMENT
411.001,Radar plants,41,SHIP EQUIPMENT,NAVIGATION & SEARCHING EQUIPMENT
411.004,Radar antenna,41,SHIP EQUIPMENT,NAVIGATION & SEARCHING EQUIPMENT
411.005,Deicing equipment,41,SHIP EQUIPMENT,NAVIGATION & SEARCHING EQUIPMENT
411.007,Signal converters,41,SHIP EQUIPMENT,NAVIGATION & SEARCHING EQUIPMENT
411.009,Pedestals,41,SHIP EQUIPMENT,NAVIGATION & SEARCHING EQUIPMENT
411.010,Indicator screens,41,SHIP EQUIPMENT,NAVIGATION & SEARCHING EQUIPMENT
411.011,Reflection plotters,41,SHIP EQUIPMENT,NAVIGATION & SEARCHING EQUIPMENT
411.012,Radar alarms,41,SHIP EQUIPMENT,NAVIGATION & SEARCHING EQUIPMENT
411.013,Interswitching units,41,SHIP EQUIPMENT,NAVIGATION & SEARCHING EQUIPMENT
411.016,Power converters,41,SHIP EQUIPMENT,NAVIGATION & SEARCHING EQUIPMENT
411.019,Power transformers,41,SHIP EQUIPMENT,NAVIGATION & SEARCHING EQUIPMENT
411.021,Gyro stabilizers,41,SHIP EQUIPMENT,NAVIGATION & SEARCHING EQUIPMENT
411.022,Gyro converters,41,SHIP EQUIPMENT,NAVIGATION & SEARCHING EQUIPMENT
411.025,Anticollision plant (ARPA),41,SHIP EQUIPMENT,NAVIGATION & SEARCHING EQUIPMENT
411.027,Slave indicator screens,41,SHIP EQUIPMENT,NAVIGATION & SEARCHING EQUIPMENT
411.029,Signal converters,41,SHIP EQUIPMENT,NAVIGATION & SEARCHING EQUIPMENT
411.040,Plotting tables,41,SHIP EQUIPMENT,NAVIGATION & SEARCHING EQUIPMENT
411.042,Video plotters,41,SHIP EQUIPMENT,NAVIGATION & SEARCHING EQUIPMENT
411.044,Electronic plotters,41,SHIP EQUIPMENT,NAVIGATION & SEARCHING EQUIPMENT
411.046,Data loggers,41,SHIP EQUIPMENT,NAVIGATION & SEARCHING EQUIPMENT
411.048,Electronic units,41,SHIP EQUIPMENT,NAVIGATION & SEARCHING EQUIPMENT
411.050,Power supply,41,SHIP EQUIPMENT,NAVIGATION & SEARCHING EQUIPMENT
412,"DECCA, LORAN, OMEGA, RADIO DIRECTION FINDER",41,SHIP EQUIPMENT,NAVIGATION & SEARCHING EQUIPMENT
412.001,Decca plants w/antenna,41,SHIP EQUIPMENT,NAVIGATION & SEARCHING EQUIPMENT
412.003,Decca receivers,41,SHIP EQUIPMENT,NAVIGATION & SEARCHING EQUIPMENT
412.005,Power converters,41,SHIP EQUIPMENT,NAVIGATION & SEARCHING EQUIPMENT
412.006,Indicators,41,SHIP EQUIPMENT,NAVIGATION & SEARCHING EQUIPMENT
412.010,Loran plants w/antenna,41,SHIP EQUIPMENT,NAVIGATION & SEARCHING EQUIPMENT
412.013,Loran receivers,41,SHIP EQUIPMENT,NAVIGATION & SEARCHING EQUIPMENT
412.015,Power converters,41,SHIP EQUIPMENT,NAVIGATION & SEARCHING EQUIPMENT
412.017,Electronic units,41,SHIP EQUIPMENT,NAVIGATION & SEARCHING EQUIPMENT
412.020,Omega plants w/antenna,41,SHIP EQUIPMENT,NAVIGATION & SEARCHING EQUIPMENT
412.023,Omega receivers,41,SHIP EQUIPMENT,NAVIGATION & SEARCHING EQUIPMENT
412.025,Power converters,41,SHIP EQUIPMENT,NAVIGATION & SEARCHING EQUIPMENT
412.027,Electronic units,41,SHIP EQUIPMENT,NAVIGATION & SEARCHING EQUIPMENT
412.030,Consol plants w/antenna,41,SHIP EQUIPMENT,NAVIGATION & SEARCHING EQUIPMENT
412.033,Consol receivers,41,SHIP EQUIPMENT,NAVIGATION & SEARCHING EQUIPMENT
412.035,Power converters,41,SHIP EQUIPMENT,NAVIGATION & SEARCHING EQUIPMENT
412.037,Electronic units,41,SHIP EQUIPMENT,NAVIGATION & SEARCHING EQUIPMENT
412.040,Satellite navigation plants,41,SHIP EQUIPMENT,NAVIGATION & SEARCHING EQUIPMENT
412.041,Satellite navigation antenna,41,SHIP EQUIPMENT,NAVIGATION & SEARCHING EQUIPMENT
412.043,Satellite navigation receivers,41,SHIP EQUIPMENT,NAVIGATION & SEARCHING EQUIPMENT
412.045,Power converters,41,SHIP EQUIPMENT,NAVIGATION & SEARCHING EQUIPMENT
412.047,Electronic units,41,SHIP EQUIPMENT,NAVIGATION & SEARCHING EQUIPMENT
412.048,Printers,41,SHIP EQUIPMENT,NAVIGATION & SEARCHING EQUIPMENT
412.050,Inertia navigation systems,41,SHIP EQUIPMENT,NAVIGATION & SEARCHING EQUIPMENT
412.060,Doppler plants,41,SHIP EQUIPMENT,NAVIGATION & SEARCHING EQUIPMENT
412.065,MIPS plants w/antenna,41,SHIP EQUIPMENT,NAVIGATION & SEARCHING EQUIPMENT
412.070,MF/HF radio direction finders w/antenna,41,SHIP EQUIPMENT,NAVIGATION & SEARCHING EQUIPMENT
412.075,VHF radio direction finders w/antenna,41,SHIP EQUIPMENT,NAVIGATION & SEARCHING EQUIPMENT
413,"GYRO PLANTS, AUTOPILOTS, COMPASSES",41,SHIP EQUIPMENT,NAVIGATION & SEARCHING EQUIPMENT
413.001,Gyro plants,41,SHIP EQUIPMENT,NAVIGATION & SEARCHING EQUIPMENT
413.002,Master compass,41,SHIP EQUIPMENT,NAVIGATION & SEARCHING EQUIPMENT
413.004,Analog repeater compass,41,SHIP EQUIPMENT,NAVIGATION & SEARCHING EQUIPMENT
413.005,Digital repeater compass,41,SHIP EQUIPMENT,NAVIGATION & SEARCHING EQUIPMENT
413.006,Control boxes,41,SHIP EQUIPMENT,NAVIGATION & SEARCHING EQUIPMENT
413.008,Generators,41,SHIP EQUIPMENT,NAVIGATION & SEARCHING EQUIPMENT
413.010,Autopilots,41,SHIP EQUIPMENT,NAVIGATION & SEARCHING EQUIPMENT
413.012,Course recorders,41,SHIP EQUIPMENT,NAVIGATION & SEARCHING EQUIPMENT
413.013,Course deviation recorders,41,SHIP EQUIPMENT,NAVIGATION & SEARCHING EQUIPMENT
413.014,Position recorders,41,SHIP EQUIPMENT,NAVIGATION & SEARCHING EQUIPMENT
413.016,Electronic units,41,SHIP EQUIPMENT,NAVIGATION & SEARCHING EQUIPMENT
413.020,Separate compass,41,SHIP EQUIPMENT,NAVIGATION & SEARCHING EQUIPMENT
413.022,Standard compass,41,SHIP EQUIPMENT,NAVIGATION & SEARCHING EQUIPMENT
413.030,Rate of turn indicators,41,SHIP EQUIPMENT,NAVIGATION & SEARCHING EQUIPMENT
414,"UNDERWATER SEARCHING EQUIPM.: ASDIC, ECHO SOUNDER, SPEED LOG",41,SHIP EQUIPMENT,NAVIGATION & SEARCHING EQUIPMENT
414.001,Echo sounders,41,SHIP EQUIPMENT,NAVIGATION & SEARCHING EQUIPMENT
414.002,Transmitters/receivers,41,SHIP EQUIPMENT,NAVIGATION & SEARCHING EQUIPMENT
414..004,Indicator screens,41,SHIP EQUIPMENT,NAVIGATION & SEARCHING EQUIPMENT
414.005,Bottom equipment,41,SHIP EQUIPMENT,NAVIGATION & SEARCHING EQUIPMENT
414.006,Digital depth indicators,41,SHIP EQUIPMENT,NAVIGATION & SEARCHING EQUIPMENT
414.007,Echo sounder alarms,41,SHIP EQUIPMENT,NAVIGATION & SEARCHING EQUIPMENT
414.008,Data loggers,41,SHIP EQUIPMENT,NAVIGATION & SEARCHING EQUIPMENT
414.009,Electronic units,41,SHIP EQUIPMENT,NAVIGATION & SEARCHING EQUIPMENT
414.010,Hand leads,41,SHIP EQUIPMENT,NAVIGATION & SEARCHING EQUIPMENT
414.012,Deep sea leads,41,SHIP EQUIPMENT,NAVIGATION & SEARCHING EQUIPMENT
414.015,Sounding apparatus,41,SHIP EQUIPMENT,NAVIGATION & SEARCHING EQUIPMENT
414.016,Hand logs,41,SHIP EQUIPMENT,NAVIGATION & SEARCHING EQUIPMENT
414.017,Mechanical patent/tow logs w/line,41,SHIP EQUIPMENT,NAVIGATION & SEARCHING EQUIPMENT
414.018,Fish magnifiers,41,SHIP EQUIPMENT,NAVIGATION & SEARCHING EQUIPMENT
414.023,Electronic units,41,SHIP EQUIPMENT,NAVIGATION & SEARCHING EQUIPMENT
414.024,Bottom equipment,41,SHIP EQUIPMENT,NAVIGATION & SEARCHING EQUIPMENT
414.025,Electromagnetic logs w/outfit,41,SHIP EQUIPMENT,NAVIGATION & SEARCHING EQUIPMENT
414.026,Indicators,41,SHIP EQUIPMENT,NAVIGATION & SEARCHING EQUIPMENT
414.027,Electronic units,41,SHIP EQUIPMENT,NAVIGATION & SEARCHING EQUIPMENT
414.028,Bottom equipment,41,SHIP EQUIPMENT,NAVIGATION & SEARCHING EQUIPMENT
414.029,Bottom equipment gate valve,41,SHIP EQUIPMENT,NAVIGATION & SEARCHING EQUIPMENT
414.030,Asdic plant,41,SHIP EQUIPMENT,NAVIGATION & SEARCHING EQUIPMENT
414.031,Sound transmitters,41,SHIP EQUIPMENT,NAVIGATION & SEARCHING EQUIPMENT
414.032,Bottom equipment,41,SHIP EQUIPMENT,NAVIGATION & SEARCHING EQUIPMENT
414.033,Hydrophones,41,SHIP EQUIPMENT,NAVIGATION & SEARCHING EQUIPMENT
414.036,Indicators,41,SHIP EQUIPMENT,NAVIGATION & SEARCHING EQUIPMENT
414.037,Electronic units,41,SHIP EQUIPMENT,NAVIGATION & SEARCHING EQUIPMENT
414.040,Sonar plants,41,SHIP EQUIPMENT,NAVIGATION & SEARCHING EQUIPMENT
414.041,Bottom equipment,41,SHIP EQUIPMENT,NAVIGATION & SEARCHING EQUIPMENT
414.042,Hydrophones,41,SHIP EQUIPMENT,NAVIGATION & SEARCHING EQUIPMENT
414.043,Indicators,41,SHIP EQUIPMENT,NAVIGATION & SEARCHING EQUIPMENT
414.045,Electronic units,41,SHIP EQUIPMENT,NAVIGATION & SEARCHING EQUIPMENT
414.046,Sound transmitters,41,SHIP EQUIPMENT,NAVIGATION & SEARCHING EQUIPMENT
414.050,Doppler logs,41,SHIP EQUIPMENT,NAVIGATION & SEARCHING EQUIPMENT
414.051,Bottom equipment,41,SHIP EQUIPMENT,NAVIGATION & SEARCHING EQUIPMENT
414.052,Indicators,41,SHIP EQUIPMENT,NAVIGATION & SEARCHING EQUIPMENT
414.054,Electronic units,41,SHIP EQUIPMENT,NAVIGATION & SEARCHING EQUIPMENT
414.055,Doppler sonar two axis logs,41,SHIP EQUIPMENT,NAVIGATION & SEARCHING EQUIPMENT
414.056,Bottom equipment,41,SHIP EQUIPMENT,NAVIGATION & SEARCHING EQUIPMENT
414.057,Indicators,41,SHIP EQUIPMENT,NAVIGATION & SEARCHING EQUIPMENT
414.058,Doppler sonar current indicators,41,SHIP EQUIPMENT,NAVIGATION & SEARCHING EQUIPMENT
414.059,Indicators,41,SHIP EQUIPMENT,NAVIGATION & SEARCHING EQUIPMENT
414.060,Interference rejectors,41,SHIP EQUIPMENT,NAVIGATION & SEARCHING EQUIPMENT
414.061,Electronic units,41,SHIP EQUIPMENT,NAVIGATION & SEARCHING EQUIPMENT
414.062,Bottom equipment,41,SHIP EQUIPMENT,NAVIGATION & SEARCHING EQUIPMENT
414.065,Underwater searching equipment sluices,41,SHIP EQUIPMENT,NAVIGATION & SEARCHING EQUIPMENT
414.069,Electronic units,41,SHIP EQUIPMENT,NAVIGATION & SEARCHING EQUIPMENT
414.070,Trawl probes,41,SHIP EQUIPMENT,NAVIGATION & SEARCHING EQUIPMENT
414.072,Paravane receivers,41,SHIP EQUIPMENT,NAVIGATION & SEARCHING EQUIPMENT
414.074,Catch sensors,41,SHIP EQUIPMENT,NAVIGATION & SEARCHING EQUIPMENT
414.076,Catch sensor receivers,41,SHIP EQUIPMENT,NAVIGATION & SEARCHING EQUIPMENT
414.077,Trawl probe winches,41,SHIP EQUIPMENT,NAVIGATION & SEARCHING EQUIPMENT
414.078,Trawl probe winch control units,41,SHIP EQUIPMENT,NAVIGATION & SEARCHING EQUIPMENT
414.079,Batteries,41,SHIP EQUIPMENT,NAVIGATION & SEARCHING EQUIPMENT
415,"CLINOMETERS, TRIM INDICATORS, LOAD INDICATORS",41,SHIP EQUIPMENT,NAVIGATION & SEARCHING EQUIPMENT
415.001,Clinometers,41,SHIP EQUIPMENT,NAVIGATION & SEARCHING EQUIPMENT
415.005,Trim indicators,41,SHIP EQUIPMENT,NAVIGATION & SEARCHING EQUIPMENT
415.010,Sag indicators,41,SHIP EQUIPMENT,NAVIGATION & SEARCHING EQUIPMENT
415.015,Draught gauges,41,SHIP EQUIPMENT,NAVIGATION & SEARCHING EQUIPMENT
415.020,Load calculators,41,SHIP EQUIPMENT,NAVIGATION & SEARCHING EQUIPMENT
415.030,Hull stress monitors,41,SHIP EQUIPMENT,NAVIGATION & SEARCHING EQUIPMENT
415.040,Air cushion indicators,41,SHIP EQUIPMENT,NAVIGATION & SEARCHING EQUIPMENT
415.042,Indicators,41,SHIP EQUIPMENT,NAVIGATION & SEARCHING EQUIPMENT
415.044,Sensors,41,SHIP EQUIPMENT,NAVIGATION & SEARCHING EQUIPMENT
415.046,Electronic units,41,SHIP EQUIPMENT,NAVIGATION & SEARCHING EQUIPMENT
416,NAVIGATION TV,41,SHIP EQUIPMENT,NAVIGATION & SEARCHING EQUIPMENT
416.001,Navigation TV plants,41,SHIP EQUIPMENT,NAVIGATION & SEARCHING EQUIPMENT
416.002,TV cameras,41,SHIP EQUIPMENT,NAVIGATION & SEARCHING EQUIPMENT
416.004,Monitors,41,SHIP EQUIPMENT,NAVIGATION & SEARCHING EQUIPMENT
416.006,Electronic units,41,SHIP EQUIPMENT,NAVIGATION & SEARCHING EQUIPMENT
416.020,Periscope,41,SHIP EQUIPMENT,NAVIGATION & SEARCHING EQUIPMENT
417,"CLOCKS, FACSIMILE RECORDERS, MISC. NAUTICAL EQUIPMENT",41,SHIP EQUIPMENT,NAVIGATION & SEARCHING EQUIPMENT
417.001,Master clock systems,41,SHIP EQUIPMENT,NAVIGATION & SEARCHING EQUIPMENT
417.002,Master clocks,41,SHIP EQUIPMENT,NAVIGATION & SEARCHING EQUIPMENT
417.003,Satellite clocks,41,SHIP EQUIPMENT,NAVIGATION & SEARCHING EQUIPMENT
417.010,Chronometers,41,SHIP EQUIPMENT,NAVIGATION & SEARCHING EQUIPMENT
417.011,Radio clocks,41,SHIP EQUIPMENT,NAVIGATION & SEARCHING EQUIPMENT
417.012,Binoculars,41,SHIP EQUIPMENT,NAVIGATION & SEARCHING EQUIPMENT
417.013,Night binoculars,41,SHIP EQUIPMENT,NAVIGATION & SEARCHING EQUIPMENT
417.014,Sextants,41,SHIP EQUIPMENT,NAVIGATION & SEARCHING EQUIPMENT
417.015,Antenna,41,SHIP EQUIPMENT,NAVIGATION & SEARCHING EQUIPMENT
417.016,Pelorus,41,SHIP EQUIPMENT,NAVIGATION & SEARCHING EQUIPMENT
417.018,Facsimile recorders w/antenna,41,SHIP EQUIPMENT,NAVIGATION & SEARCHING EQUIPMENT
417.020,Azimuth apparatus,41,SHIP EQUIPMENT,NAVIGATION & SEARCHING EQUIPMENT
417.022,Course pointers,41,SHIP EQUIPMENT,NAVIGATION & SEARCHING EQUIPMENT
417.024,Planimeters,41,SHIP EQUIPMENT,NAVIGATION & SEARCHING EQUIPMENT
417.026,Integrators,41,SHIP EQUIPMENT,NAVIGATION & SEARCHING EQUIPMENT
417.030,Electronic windgauges,41,SHIP EQUIPMENT,NAVIGATION & SEARCHING EQUIPMENT
417.031,Mechanical windgauges,41,SHIP EQUIPMENT,NAVIGATION & SEARCHING EQUIPMENT
417.032,Wind indicators,41,SHIP EQUIPMENT,NAVIGATION & SEARCHING EQUIPMENT
417.035,Barometers,41,SHIP EQUIPMENT,NAVIGATION & SEARCHING EQUIPMENT
417.037,Thermometers,41,SHIP EQUIPMENT,NAVIGATION & SEARCHING EQUIPMENT
417.038,Hygrometers,41,SHIP EQUIPMENT,NAVIGATION & SEARCHING EQUIPMENT
417.050,Misc. nautical equipment,41,SHIP EQUIPMENT,NAVIGATION & SEARCHING EQUIPMENT
417.053,Parallel rulers,41,SHIP EQUIPMENT,NAVIGATION & SEARCHING EQUIPMENT
417.055,Roll rulers,41,SHIP EQUIPMENT,NAVIGATION & SEARCHING EQUIPMENT
417.057,Protractors,41,SHIP EQUIPMENT,NAVIGATION & SEARCHING EQUIPMENT
417.059,Dividers,41,SHIP EQUIPMENT,NAVIGATION & SEARCHING EQUIPMENT
417.061,Chart lenses,41,SHIP EQUIPMENT,NAVIGATION & SEARCHING EQUIPMENT
418,"RADAR, SIGNAL, OBSERVATION & ANTENNA MASTS",41,SHIP EQUIPMENT,NAVIGATION & SEARCHING EQUIPMENT
418.001,Radar masts,41,SHIP EQUIPMENT,NAVIGATION & SEARCHING EQUIPMENT
418.003,Signal masts,41,SHIP EQUIPMENT,NAVIGATION & SEARCHING EQUIPMENT
418.005,Observation masts,41,SHIP EQUIPMENT,NAVIGATION & SEARCHING EQUIPMENT
418.006,Crows nests,41,SHIP EQUIPMENT,NAVIGATION & SEARCHING EQUIPMENT
418.007,Masthead light masts,41,SHIP EQUIPMENT,NAVIGATION & SEARCHING EQUIPMENT
418.008,After light masts,41,SHIP EQUIPMENT,NAVIGATION & SEARCHING EQUIPMENT
418.010,Anchor light masts,41,SHIP EQUIPMENT,NAVIGATION & SEARCHING EQUIPMENT
418.012,Towing light masts,41,SHIP EQUIPMENT,NAVIGATION & SEARCHING EQUIPMENT
418.013,Antenna masts,41,SHIP EQUIPMENT,NAVIGATION & SEARCHING EQUIPMENT
418.014,Mast stays,41,SHIP EQUIPMENT,NAVIGATION & SEARCHING EQUIPMENT
419,INTEGRATED NAVIGATION SYSTEMS,41,SHIP EQUIPMENT,COMMUNICATION EQUIPMENT
419.001,Central bridge consoles,42,SHIP EQUIPMENT,COMMUNICATION EQUIPMENT
421,"RADIO PLANT, GMDSS",42,SHIP EQUIPMENT,COMMUNICATION EQUIPMENT
421.001,Main radio telegraph sets,42,SHIP EQUIPMENT,COMMUNICATION EQUIPMENT
421.002,Main telegraph transmitter/receiver,42,SHIP EQUIPMENT,COMMUNICATION EQUIPMENT
421.004,Main telegraph transmitter,42,SHIP EQUIPMENT,COMMUNICATION EQUIPMENT
421.006,Spare radio telegraph sets,42,SHIP EQUIPMENT,COMMUNICATION EQUIPMENT
421.007,Spare telegraph transmitter/receiver,42,SHIP EQUIPMENT,COMMUNICATION EQUIPMENT
421.009,Main receiver antenna,42,SHIP EQUIPMENT,COMMUNICATION EQUIPMENT
421.010,Spare transmitter/receiver antenna,42,SHIP EQUIPMENT,COMMUNICATION EQUIPMENT
421.011,Control panels,42,SHIP EQUIPMENT,COMMUNICATION EQUIPMENT
421.015,Radio telephone sets,42,SHIP EQUIPMENT,COMMUNICATION EQUIPMENT
421.017,Radio telephone antenna,42,SHIP EQUIPMENT,COMMUNICATION EQUIPMENT
421.020,Control panels,42,SHIP EQUIPMENT,COMMUNICATION EQUIPMENT
421.025,Autoalarm apparatus,42,SHIP EQUIPMENT,COMMUNICATION EQUIPMENT
421.026,Alarm executants,42,SHIP EQUIPMENT,COMMUNICATION EQUIPMENT
421.027,Automatic keying devices,42,SHIP EQUIPMENT,COMMUNICATION EQUIPMENT
421.028,Watch receiver,42,SHIP EQUIPMENT,COMMUNICATION EQUIPMENT
421.035,Main transmitter/receiver antenna,42,SHIP EQUIPMENT,COMMUNICATION EQUIPMENT
421.041,Autoalarm antenna,42,SHIP EQUIPMENT,COMMUNICATION EQUIPMENT
421.045,Power converters,42,SHIP EQUIPMENT,COMMUNICATION EQUIPMENT
421.047,Power transformers,42,SHIP EQUIPMENT,COMMUNICATION EQUIPMENT
421.049,Batteries,42,SHIP EQUIPMENT,COMMUNICATION EQUIPMENT
421.050,Battery boxes,42,SHIP EQUIPMENT,COMMUNICATION EQUIPMENT
421.051,Loudspeakers,42,SHIP EQUIPMENT,COMMUNICATION EQUIPMENT
421.053,Taperecorders,42,SHIP EQUIPMENT,COMMUNICATION EQUIPMENT
421.055,Tools,42,SHIP EQUIPMENT,COMMUNICATION EQUIPMENT
421.060,MF/HF selective calling receiver w/antenna,42,SHIP EQUIPMENT,COMMUNICATION EQUIPMENT
421.063,Cryptography units,42,SHIP EQUIPMENT,COMMUNICATION EQUIPMENT
422,"LIFEBOAT RADIO TRANSMITTERS, EPIRBS",42,SHIP EQUIPMENT,COMMUNICATION EQUIPMENT
422.001,Portable lifeboat radio equipment,42,SHIP EQUIPMENT,COMMUNICATION EQUIPMENT
422.002,Lifeboat radio sets,42,SHIP EQUIPMENT,COMMUNICATION EQUIPMENT
422.003,Lifeboat radio antenna,42,SHIP EQUIPMENT,COMMUNICATION EQUIPMENT
422.005,VHF emergency position indicating radio beacons,42,SHIP EQUIPMENT,COMMUNICATION EQUIPMENT
422.006,VHF float-free emergency position indicating radio beacons,42,SHIP EQUIPMENT,COMMUNICATION EQUIPMENT
422.007,VHF emergency communication sets,42,SHIP EQUIPMENT,COMMUNICATION EQUIPMENT
422.020,Radar transponders,42,SHIP EQUIPMENT,COMMUNICATION EQUIPMENT
423,"DATA TRANSMISSION PLANTS, COMMUNICATION",42,SHIP EQUIPMENT,COMMUNICATION EQUIPMENT
423.001,Telex systems,42,SHIP EQUIPMENT,COMMUNICATION EQUIPMENT
423.002,Printers,42,SHIP EQUIPMENT,COMMUNICATION EQUIPMENT
423.004,Antenna,42,SHIP EQUIPMENT,COMMUNICATION EQUIPMENT
423.005,Telefax systems,42,SHIP EQUIPMENT,COMMUNICATION EQUIPMENT
423.010,Central EDP plants,42,SHIP EQUIPMENT,COMMUNICATION EQUIPMENT
423.011,Central processing units,42,SHIP EQUIPMENT,COMMUNICATION EQUIPMENT
423.013,Interface input equipment,42,SHIP EQUIPMENT,COMMUNICATION EQUIPMENT
423.015,Interface output equipment,42,SHIP EQUIPMENT,COMMUNICATION EQUIPMENT
423.017,Peripheral equipment,42,SHIP EQUIPMENT,COMMUNICATION EQUIPMENT
423.019,Secondary storages,42,SHIP EQUIPMENT,COMMUNICATION EQUIPMENT
423.020,Network (LAN),42,SHIP EQUIPMENT,COMMUNICATION EQUIPMENT
423.022,Modems,42,SHIP EQUIPMENT,COMMUNICATION EQUIPMENT
423.024,EDP voyage recorders,42,SHIP EQUIPMENT,COMMUNICATION EQUIPMENT
423.029,Power converters,42,SHIP EQUIPMENT,COMMUNICATION EQUIPMENT
423.033,Power transformers,42,SHIP EQUIPMENT,COMMUNICATION EQUIPMENT
424,VHF/UHF TELEPHONES,42,SHIP EQUIPMENT,COMMUNICATION EQUIPMENT
424.001,VHF radio simplex systems w/antenna,42,SHIP EQUIPMENT,COMMUNICATION EQUIPMENT
424.002,Control units,42,SHIP EQUIPMENT,COMMUNICATION EQUIPMENT
424.003,VHF radio duplex systems w/antenna,42,SHIP EQUIPMENT,COMMUNICATION EQUIPMENT
424.004,Control units,42,SHIP EQUIPMENT,COMMUNICATION EQUIPMENT
424.016,VHF selective calling receiver w/antenna,42,SHIP EQUIPMENT,COMMUNICATION EQUIPMENT
424.020,VHF/AM aviation frequency radio sets w/antenna,42,SHIP EQUIPMENT,COMMUNICATION EQUIPMENT
424.021,Control units,42,SHIP EQUIPMENT,COMMUNICATION EQUIPMENT
424.030,Power converters,42,SHIP EQUIPMENT,COMMUNICATION EQUIPMENT
424.033,Rectifiers,42,SHIP EQUIPMENT,COMMUNICATION EQUIPMENT
424.035,Power transformers,42,SHIP EQUIPMENT,COMMUNICATION EQUIPMENT
424.037,Lake transceivers,42,SHIP EQUIPMENT,COMMUNICATION EQUIPMENT
424.052,Portable VHF/AM aviation frequency radio sets,42,SHIP EQUIPMENT,COMMUNICATION EQUIPMENT
424.054,Portable UHF radio sets,42,SHIP EQUIPMENT,COMMUNICATION EQUIPMENT
424.055,Mobile telephone sets,42,SHIP EQUIPMENT,COMMUNICATION EQUIPMENT
424.056,Mobile telephone w/coin apparatus,42,SHIP EQUIPMENT,COMMUNICATION EQUIPMENT
424.058,SHF transceivers,42,SHIP EQUIPMENT,COMMUNICATION EQUIPMENT
424.060,Satellite communication systems w/antenna,42,SHIP EQUIPMENT,COMMUNICATION EQUIPMENT
424.062,Telephone responders,42,SHIP EQUIPMENT,COMMUNICATION EQUIPMENT
424.064,Tape recorders,42,SHIP EQUIPMENT,COMMUNICATION EQUIPMENT
424.066,Walkie-Talkies (citizen band),42,SHIP EQUIPMENT,COMMUNICATION EQUIPMENT
424.070,Cryptography units,42,SHIP EQUIPMENT,COMMUNICATION EQUIPMENT
425,"CALLING/COMMAND/CREW CALL TELEPHONE PLANTS, WALKIE-TALKIES",42,SHIP EQUIPMENT,COMMUNICATION EQUIPMENT
425.001,Calling systems,42,SHIP EQUIPMENT,COMMUNICATION EQUIPMENT
425.002,Calling centrals,42,SHIP EQUIPMENT,COMMUNICATION EQUIPMENT
425.004,Signal executants,42,SHIP EQUIPMENT,COMMUNICATION EQUIPMENT
425.006,Command systems,42,SHIP EQUIPMENT,COMMUNICATION EQUIPMENT
425.008,Command centrals,42,SHIP EQUIPMENT,COMMUNICATION EQUIPMENT
425.012,Stationary apparatus,42,SHIP EQUIPMENT,COMMUNICATION EQUIPMENT
425.013,Loudspeakers,42,SHIP EQUIPMENT,COMMUNICATION EQUIPMENT
425.014,Portable apparatus,42,SHIP EQUIPMENT,COMMUNICATION EQUIPMENT
425.015,Microphones,42,SHIP EQUIPMENT,COMMUNICATION EQUIPMENT
425.018,Signal executants,42,SHIP EQUIPMENT,COMMUNICATION EQUIPMENT
425.020,Crew call systems,42,SHIP EQUIPMENT,COMMUNICATION EQUIPMENT
425.021,Crew call centrals,42,SHIP EQUIPMENT,COMMUNICATION EQUIPMENT
425.023,Signal executants,42,SHIP EQUIPMENT,COMMUNICATION EQUIPMENT
425.030,Telephone plant interface units,42,SHIP EQUIPMENT,COMMUNICATION EQUIPMENT
425.031,Telephone centrals,42,SHIP EQUIPMENT,COMMUNICATION EQUIPMENT
425.032,Tele-amplified telephone systems,42,SHIP EQUIPMENT,COMMUNICATION EQUIPMENT
425.033,Telephone apparatus,42,SHIP EQUIPMENT,COMMUNICATION EQUIPMENT
425.034,Engine room rotating lights,42,SHIP EQUIPMENT,COMMUNICATION EQUIPMENT
425.035,Telephone headsets,42,SHIP EQUIPMENT,COMMUNICATION EQUIPMENT
425.036,Shore telephone transfer,42,SHIP EQUIPMENT,COMMUNICATION EQUIPMENT
425.037,Radiostation/VHF transfer,42,SHIP EQUIPMENT,COMMUNICATION EQUIPMENT
425.038,Telephone boxes,42,SHIP EQUIPMENT,COMMUNICATION EQUIPMENT
425.040,Sound powered telephone system centrals,42,SHIP EQUIPMENT,COMMUNICATION EQUIPMENT
425.042,Sound powered telephone systems,42,SHIP EQUIPMENT,COMMUNICATION EQUIPMENT
425.045,Intercommunication system centrals,42,SHIP EQUIPMENT,COMMUNICATION EQUIPMENT
425.047,Intercommunication apparatus,42,SHIP EQUIPMENT,COMMUNICATION EQUIPMENT
425.050,Intrinsically safe telephones,42,SHIP EQUIPMENT,COMMUNICATION EQUIPMENT
425.055,Loudspeaker systems,42,SHIP EQUIPMENT,COMMUNICATION EQUIPMENT
425.057,Loudspeakers,42,SHIP EQUIPMENT,COMMUNICATION EQUIPMENT
425.071,Public address systems,42,SHIP EQUIPMENT,COMMUNICATION EQUIPMENT
425.072,Control panels,42,SHIP EQUIPMENT,COMMUNICATION EQUIPMENT
425.073,Interface units,42,SHIP EQUIPMENT,COMMUNICATION EQUIPMENT
425.074,Public address apparatus,42,SHIP EQUIPMENT,COMMUNICATION EQUIPMENT
425.075,Public address loudspeakers,42,SHIP EQUIPMENT,COMMUNICATION EQUIPMENT
425.076,Public address microphones,42,SHIP EQUIPMENT,COMMUNICATION EQUIPMENT
425.079,Walkie-Talkies,42,SHIP EQUIPMENT,COMMUNICATION EQUIPMENT
426,"SPEAKING TUBES, TUBE POST PLANTS",42,SHIP EQUIPMENT,COMMUNICATION EQUIPMENT
426.001,Speaking tubes,42,SHIP EQUIPMENT,COMMUNICATION EQUIPMENT
426.005,Tube post systems,42,SHIP EQUIPMENT,COMMUNICATION EQUIPMENT
426.006,Vacuum ejectors,42,SHIP EQUIPMENT,COMMUNICATION EQUIPMENT
426.008,Air compressors,42,SHIP EQUIPMENT,COMMUNICATION EQUIPMENT
426.010,Pressure tanks,42,SHIP EQUIPMENT,COMMUNICATION EQUIPMENT
426.012,Dispatch boxes,42,SHIP EQUIPMENT,COMMUNICATION EQUIPMENT
427,"LIGHT & SIGNAL EQUIPMENT, LANTERNS, TYPHONS",42,SHIP EQUIPMENT,COMMUNICATION EQUIPMENT
427.001,El. typhons,42,SHIP EQUIPMENT,COMMUNICATION EQUIPMENT
427.005,Typhons w/air preheater,42,SHIP EQUIPMENT,COMMUNICATION EQUIPMENT
427.006,Typhon control panels,42,SHIP EQUIPMENT,COMMUNICATION EQUIPMENT
427.008,Water separating tanks,42,SHIP EQUIPMENT,COMMUNICATION EQUIPMENT
427.010,Megaphones,42,SHIP EQUIPMENT,COMMUNICATION EQUIPMENT
427.012,Ship's bell,42,SHIP EQUIPMENT,COMMUNICATION EQUIPMENT
427.015,Gong,42,SHIP EQUIPMENT,COMMUNICATION EQUIPMENT
427.020,National flags,42,SHIP EQUIPMENT,COMMUNICATION EQUIPMENT
427.025,Signal flags,42,SHIP EQUIPMENT,COMMUNICATION EQUIPMENT
427.030,Flag staffs,42,SHIP EQUIPMENT,COMMUNICATION EQUIPMENT
427.032,Jack staffs,42,SHIP EQUIPMENT,COMMUNICATION EQUIPMENT
427.034,Wind socks,42,SHIP EQUIPMENT,COMMUNICATION EQUIPMENT
427.036,Anchor balls,42,SHIP EQUIPMENT,COMMUNICATION EQUIPMENT
427.040,Lanterns w/control unit,42,SHIP EQUIPMENT,COMMUNICATION EQUIPMENT
427.041,Lantern battery chargers,42,SHIP EQUIPMENT,COMMUNICATION EQUIPMENT
427.042,Lantern inverters,42,SHIP EQUIPMENT,COMMUNICATION EQUIPMENT
427.043,Signal lights,42,SHIP EQUIPMENT,COMMUNICATION EQUIPMENT
427.044,Signal light control units,42,SHIP EQUIPMENT,COMMUNICATION EQUIPMENT
427.045,Morse lamps,42,SHIP EQUIPMENT,COMMUNICATION EQUIPMENT
427.047,Nife lamps,42,SHIP EQUIPMENT,COMMUNICATION EQUIPMENT
427.050,Search lights,42,SHIP EQUIPMENT,"ANCHORING, MOORING & TOWING EQUIPMENT"
427.051,Search light control units,43,SHIP EQUIPMENT,"ANCHORING, MOORING & TOWING EQUIPMENT"
431,ANCHORS W/CHAINS & EQUIPMENT,43,SHIP EQUIPMENT,"ANCHORING, MOORING & TOWING EQUIPMENT"
431.001,Bow anchors w/chain,43,SHIP EQUIPMENT,"ANCHORING, MOORING & TOWING EQUIPMENT"
431.003,Stern anchors w/chain,43,SHIP EQUIPMENT,"ANCHORING, MOORING & TOWING EQUIPMENT"
431.005,Spare anchors,43,SHIP EQUIPMENT,"ANCHORING, MOORING & TOWING EQUIPMENT"
431.007,Sea anchors,43,SHIP EQUIPMENT,"ANCHORING, MOORING & TOWING EQUIPMENT"
431.009,Warping anchors,43,SHIP EQUIPMENT,"ANCHORING, MOORING & TOWING EQUIPMENT"
431.015,Spare anchor davits,43,SHIP EQUIPMENT,"ANCHORING, MOORING & TOWING EQUIPMENT"
431.020,Anchor washdown systems,43,SHIP EQUIPMENT,"ANCHORING, MOORING & TOWING EQUIPMENT"
432,"WINDLASSES W/CHAIN STOPPERS, ROLLERS",43,SHIP EQUIPMENT,"ANCHORING, MOORING & TOWING EQUIPMENT"
432.001,"Windlasses, complete",43,SHIP EQUIPMENT,"ANCHORING, MOORING & TOWING EQUIPMENT"
432.004,Chain messengers,43,SHIP EQUIPMENT,"ANCHORING, MOORING & TOWING EQUIPMENT"
432.007,Anchor winches,43,SHIP EQUIPMENT,"ANCHORING, MOORING & TOWING EQUIPMENT"
432.010,Mechanical brakes,43,SHIP EQUIPMENT,"ANCHORING, MOORING & TOWING EQUIPMENT"
432.013,Hydr. brakes,43,SHIP EQUIPMENT,"ANCHORING, MOORING & TOWING EQUIPMENT"
432.016,Windlass operating panels,43,SHIP EQUIPMENT,"ANCHORING, MOORING & TOWING EQUIPMENT"
432.020,Chain stoppers/rollers,43,SHIP EQUIPMENT,"ANCHORING, MOORING & TOWING EQUIPMENT"
432.021,Chain scissors,43,SHIP EQUIPMENT,"ANCHORING, MOORING & TOWING EQUIPMENT"
432.025,Chain gauges,43,SHIP EQUIPMENT,"ANCHORING, MOORING & TOWING EQUIPMENT"
432.045,Windlass hydr. systems,43,SHIP EQUIPMENT,"ANCHORING, MOORING & TOWING EQUIPMENT"
432.047,Hydr. oil pumps w/drive unit,43,SHIP EQUIPMENT,"ANCHORING, MOORING & TOWING EQUIPMENT"
432.049,Hydr. oil preheaters,43,SHIP EQUIPMENT,"ANCHORING, MOORING & TOWING EQUIPMENT"
432.051,Hydr. oil coolers,43,SHIP EQUIPMENT,"ANCHORING, MOORING & TOWING EQUIPMENT"
432.053,Hydr. oil filters,43,SHIP EQUIPMENT,"ANCHORING, MOORING & TOWING EQUIPMENT"
432.055,Hydr. oil expansion tanks,43,SHIP EQUIPMENT,"ANCHORING, MOORING & TOWING EQUIPMENT"
432.057,Hydr. oil storage tanks,43,SHIP EQUIPMENT,"ANCHORING, MOORING & TOWING EQUIPMENT"
433,"COMB. WINDLASS/MOORING WINCHES W/CHAIN STOPPERS, ROLLERS",43,SHIP EQUIPMENT,"ANCHORING, MOORING & TOWING EQUIPMENT"
433.001,Combined windlass/mooring winch,43,SHIP EQUIPMENT,"ANCHORING, MOORING & TOWING EQUIPMENT"
433.005,Chain messengers,43,SHIP EQUIPMENT,"ANCHORING, MOORING & TOWING EQUIPMENT"
433.009,Mooring drums,43,SHIP EQUIPMENT,"ANCHORING, MOORING & TOWING EQUIPMENT"
433.013,Warping leads,43,SHIP EQUIPMENT,"ANCHORING, MOORING & TOWING EQUIPMENT"
433.017,Winches,43,SHIP EQUIPMENT,"ANCHORING, MOORING & TOWING EQUIPMENT"
433.021,Mechanical brakes,43,SHIP EQUIPMENT,"ANCHORING, MOORING & TOWING EQUIPMENT"
433.025,Self tension equipment,43,SHIP EQUIPMENT,"ANCHORING, MOORING & TOWING EQUIPMENT"
433.029,Hydraulic brakes,43,SHIP EQUIPMENT,"ANCHORING, MOORING & TOWING EQUIPMENT"
433.033,Operating panels,43,SHIP EQUIPMENT,"ANCHORING, MOORING & TOWING EQUIPMENT"
433.039,Chain stoppers/rollers,43,SHIP EQUIPMENT,"ANCHORING, MOORING & TOWING EQUIPMENT"
433.042,Chain gauges,43,SHIP EQUIPMENT,"ANCHORING, MOORING & TOWING EQUIPMENT"
433.045,Windlass hydr. systems,43,SHIP EQUIPMENT,"ANCHORING, MOORING & TOWING EQUIPMENT"
433.047,Hydr. oil pumps w/drive unit,43,SHIP EQUIPMENT,"ANCHORING, MOORING & TOWING EQUIPMENT"
433.049,Hydr. oil preheaters,43,SHIP EQUIPMENT,"ANCHORING, MOORING & TOWING EQUIPMENT"
433.051,Hydr. oil coolers,43,SHIP EQUIPMENT,"ANCHORING, MOORING & TOWING EQUIPMENT"
433.053,Hydr. oil filters,43,SHIP EQUIPMENT,"ANCHORING, MOORING & TOWING EQUIPMENT"
433.055,Hydr. oil expansion tanks,43,SHIP EQUIPMENT,"ANCHORING, MOORING & TOWING EQUIPMENT"
433.057,Hydr. oil storage tanks,43,SHIP EQUIPMENT,"ANCHORING, MOORING & TOWING EQUIPMENT"
434,"CAPSTANS, WARPING & MOORING WINCHES",43,SHIP EQUIPMENT,"ANCHORING, MOORING & TOWING EQUIPMENT"
434.001,Mooring/warping winches,43,SHIP EQUIPMENT,"ANCHORING, MOORING & TOWING EQUIPMENT"
434.003,Capstans,43,SHIP EQUIPMENT,"ANCHORING, MOORING & TOWING EQUIPMENT"
434.006,Mooring drums,43,SHIP EQUIPMENT,"ANCHORING, MOORING & TOWING EQUIPMENT"
434.011,Warping heads,43,SHIP EQUIPMENT,"ANCHORING, MOORING & TOWING EQUIPMENT"
434.013,Hawser reels,43,SHIP EQUIPMENT,"ANCHORING, MOORING & TOWING EQUIPMENT"
434.016,Winches,43,SHIP EQUIPMENT,"ANCHORING, MOORING & TOWING EQUIPMENT"
434.021,Mechanical brakes,43,SHIP EQUIPMENT,"ANCHORING, MOORING & TOWING EQUIPMENT"
434.026,Self tension equipment,43,SHIP EQUIPMENT,"ANCHORING, MOORING & TOWING EQUIPMENT"
434.031,Operating panels,43,SHIP EQUIPMENT,"ANCHORING, MOORING & TOWING EQUIPMENT"
434.045,Winch hydr. systems,43,SHIP EQUIPMENT,"ANCHORING, MOORING & TOWING EQUIPMENT"
434.047,Hydr. oil pumps w/drive unit,43,SHIP EQUIPMENT,"ANCHORING, MOORING & TOWING EQUIPMENT"
434.049,Hydr. oil preheaters,43,SHIP EQUIPMENT,"ANCHORING, MOORING & TOWING EQUIPMENT"
434.051,Hydr. oil coolers,43,SHIP EQUIPMENT,"ANCHORING, MOORING & TOWING EQUIPMENT"
434.053,Hydr. oil filters,43,SHIP EQUIPMENT,"ANCHORING, MOORING & TOWING EQUIPMENT"
434.055,Hydr. oil expansion tanks,43,SHIP EQUIPMENT,"ANCHORING, MOORING & TOWING EQUIPMENT"
434.057,Hydr. oil storage tanks,43,SHIP EQUIPMENT,"ANCHORING, MOORING & TOWING EQUIPMENT"
435,FIXED MOORING EQUIPMENT,43,SHIP EQUIPMENT,"ANCHORING, MOORING & TOWING EQUIPMENT"
435.001,Bollards,43,SHIP EQUIPMENT,"ANCHORING, MOORING & TOWING EQUIPMENT"
435.005,Hawse pipes,43,SHIP EQUIPMENT,"ANCHORING, MOORING & TOWING EQUIPMENT"
435.010,Mooring cups,43,SHIP EQUIPMENT,"ANCHORING, MOORING & TOWING EQUIPMENT"
435.015,Rollers,43,SHIP EQUIPMENT,"ANCHORING, MOORING & TOWING EQUIPMENT"
435.020,Lake hawse pipes,43,SHIP EQUIPMENT,"ANCHORING, MOORING & TOWING EQUIPMENT"
435.025,Panama chocks,43,SHIP EQUIPMENT,"ANCHORING, MOORING & TOWING EQUIPMENT"
435.030,Fairleads,43,SHIP EQUIPMENT,"ANCHORING, MOORING & TOWING EQUIPMENT"
435.035,Rotor bollards,43,SHIP EQUIPMENT,"ANCHORING, MOORING & TOWING EQUIPMENT"
436,LOOSE MOORING EQUIPMENT,43,SHIP EQUIPMENT,"ANCHORING, MOORING & TOWING EQUIPMENT"
436.001,Hawser drums,43,SHIP EQUIPMENT,"ANCHORING, MOORING & TOWING EQUIPMENT"
436.003,Hawsers,43,SHIP EQUIPMENT,"ANCHORING, MOORING & TOWING EQUIPMENT"
436.005,Hawser bins,43,SHIP EQUIPMENT,"ANCHORING, MOORING & TOWING EQUIPMENT"
436.010,Fenders,43,SHIP EQUIPMENT,"ANCHORING, MOORING & TOWING EQUIPMENT"
436.015,Heaving lines,43,SHIP EQUIPMENT,"ANCHORING, MOORING & TOWING EQUIPMENT"
436.018,Rat guards,43,SHIP EQUIPMENT,"ANCHORING, MOORING & TOWING EQUIPMENT"
436.020,Mooring wire drums,43,SHIP EQUIPMENT,"ANCHORING, MOORING & TOWING EQUIPMENT"
436.025,Mooring wire,43,SHIP EQUIPMENT,"ANCHORING, MOORING & TOWING EQUIPMENT"
437,TOWING EQUIPMENT,43,SHIP EQUIPMENT,"ANCHORING, MOORING & TOWING EQUIPMENT"
437.001,Towing winches,43,SHIP EQUIPMENT,"ANCHORING, MOORING & TOWING EQUIPMENT"
437.002,Towing wire,43,SHIP EQUIPMENT,"ANCHORING, MOORING & TOWING EQUIPMENT"
437.003,Towing brackets,43,SHIP EQUIPMENT,"ANCHORING, MOORING & TOWING EQUIPMENT"
437.005,Towing rails,43,SHIP EQUIPMENT,"ANCHORING, MOORING & TOWING EQUIPMENT"
437.007,Towing hooks,43,SHIP EQUIPMENT,"ANCHORING, MOORING & TOWING EQUIPMENT"
437.008,Hydr. towing eyes,43,SHIP EQUIPMENT,"ANCHORING, MOORING & TOWING EQUIPMENT"
437.010,Spare wire drums,43,SHIP EQUIPMENT,"ANCHORING, MOORING & TOWING EQUIPMENT"
437.011,Hawser drums,43,SHIP EQUIPMENT,"ANCHORING, MOORING & TOWING EQUIPMENT"
437.013,"Loose towing equipment, wire",43,SHIP EQUIPMENT,"ANCHORING, MOORING & TOWING EQUIPMENT"
437.016,Towing winch remote control,43,SHIP EQUIPMENT,"ANCHORING, MOORING & TOWING EQUIPMENT"
437.020,Anchor handling tongs,43,SHIP EQUIPMENT,"ANCHORING, MOORING & TOWING EQUIPMENT"
437.021,Towing pins,43,SHIP EQUIPMENT,"ANCHORING, MOORING & TOWING EQUIPMENT"
437.025,Combined powerpacks,43,SHIP EQUIPMENT,"ANCHORING, MOORING & TOWING EQUIPMENT"
437.030,Stern rollers,43,SHIP EQUIPMENT,"ANCHORING, MOORING & TOWING EQUIPMENT"
437.032,Stern roller bearings,43,SHIP EQUIPMENT,"ANCHORING, MOORING & TOWING EQUIPMENT"
437.045,Towing winch hydr. systems,43,SHIP EQUIPMENT,"ANCHORING, MOORING & TOWING EQUIPMENT"
438,COMMON HYDRAULIC OIL SYSTEM FOR ANCHORING/MOORING EQUIPMENT,43,SHIP EQUIPMENT,"ANCHORING, MOORING & TOWING EQUIPMENT"
438.001,Common hydr. systems,43,SHIP EQUIPMENT,"ANCHORING, MOORING & TOWING EQUIPMENT"
438.003,Hydr. oil pumps w/drive unit,43,SHIP EQUIPMENT,"ANCHORING, MOORING & TOWING EQUIPMENT"
438.006,Hydr. oil preheaters,43,SHIP EQUIPMENT,"ANCHORING, MOORING & TOWING EQUIPMENT"
438.009,Hydr. oil coolers,43,SHIP EQUIPMENT,"ANCHORING, MOORING & TOWING EQUIPMENT"
438.012,Hydr. oil filters,43,SHIP EQUIPMENT,"ANCHORING, MOORING & TOWING EQUIPMENT"
438.015,Hydr. oil expansion tanks,43,SHIP EQUIPMENT,"ANCHORING, MOORING & TOWING EQUIPMENT"
438.018,Hydr. oil storage tanks,43,SHIP EQUIPMENT,"ANCHORING, MOORING & TOWING EQUIPMENT"
438.021,Hydr. oil separating plants,43,SHIP EQUIPMENT,"ANCHORING, MOORING & TOWING EQUIPMENT"
438.030,Hydr. pump el. starter systems,43,SHIP EQUIPMENT,"ANCHORING, MOORING & TOWING EQUIPMENT"
439,COMMON HYDR. OIL SYST. FOR ANCHORING/MOORING/CARGO WINCHES,43,SHIP EQUIPMENT,"ANCHORING, MOORING & TOWING EQUIPMENT"
439.001,Common hydr. systems,43,SHIP EQUIPMENT,"ANCHORING, MOORING & TOWING EQUIPMENT"
439.003,Hydr. oil pumps w/drive unit,43,SHIP EQUIPMENT,"ANCHORING, MOORING & TOWING EQUIPMENT"
439.006,Hydr. oil preheaters,43,SHIP EQUIPMENT,"ANCHORING, MOORING & TOWING EQUIPMENT"
439.009,Hydr. oil coolers,43,SHIP EQUIPMENT,"ANCHORING, MOORING & TOWING EQUIPMENT"
439.012,Hydr. oil filters,43,SHIP EQUIPMENT,"ANCHORING, MOORING & TOWING EQUIPMENT"
439.015,Hydr. oil expansion tanks,43,SHIP EQUIPMENT,"ANCHORING, MOORING & TOWING EQUIPMENT"
439.018,Hydr. oil storage tanks,43,SHIP EQUIPMENT,"ANCHORING, MOORING & TOWING EQUIPMENT"
439.021,Hydr. oil separating plants,43,SHIP EQUIPMENT,"REP./MAINT./CLEAN. EQUIP. WORKSHOP/STORE OUTFIT, NAME PLATES"
439.030,Hydr. pump el. starter systems,44,SHIP EQUIPMENT,"REP./MAINT./CLEAN. EQUIP. WORKSHOP/STORE OUTFIT, NAME PLATES"
441,"MACHINE TOOLS, CUTTING & WELDING EQUIPMENT",44,SHIP EQUIPMENT,"REP./MAINT./CLEAN. EQUIP. WORKSHOP/STORE OUTFIT, NAME PLATES"
441.001,Lathes,44,SHIP EQUIPMENT,"REP./MAINT./CLEAN. EQUIP. WORKSHOP/STORE OUTFIT, NAME PLATES"
441.003,Drilling machines,44,SHIP EQUIPMENT,"REP./MAINT./CLEAN. EQUIP. WORKSHOP/STORE OUTFIT, NAME PLATES"
441.005,Milling machines,44,SHIP EQUIPMENT,"REP./MAINT./CLEAN. EQUIP. WORKSHOP/STORE OUTFIT, NAME PLATES"
441.007,Grinding machines,44,SHIP EQUIPMENT,"REP./MAINT./CLEAN. EQUIP. WORKSHOP/STORE OUTFIT, NAME PLATES"
441.008,Emery wheels,44,SHIP EQUIPMENT,"REP./MAINT./CLEAN. EQUIP. WORKSHOP/STORE OUTFIT, NAME PLATES"
441.009,Planing machines,44,SHIP EQUIPMENT,"REP./MAINT./CLEAN. EQUIP. WORKSHOP/STORE OUTFIT, NAME PLATES"
441.011,Shaping machines,44,SHIP EQUIPMENT,"REP./MAINT./CLEAN. EQUIP. WORKSHOP/STORE OUTFIT, NAME PLATES"
441.013,Tube bending machines,44,SHIP EQUIPMENT,"REP./MAINT./CLEAN. EQUIP. WORKSHOP/STORE OUTFIT, NAME PLATES"
441.014,Tube cutters,44,SHIP EQUIPMENT,"REP./MAINT./CLEAN. EQUIP. WORKSHOP/STORE OUTFIT, NAME PLATES"
441.015,Hack saws,44,SHIP EQUIPMENT,"REP./MAINT./CLEAN. EQUIP. WORKSHOP/STORE OUTFIT, NAME PLATES"
441.017,Plate shearing machines,44,SHIP EQUIPMENT,"REP./MAINT./CLEAN. EQUIP. WORKSHOP/STORE OUTFIT, NAME PLATES"
441.019,Plate presses,44,SHIP EQUIPMENT,"REP./MAINT./CLEAN. EQUIP. WORKSHOP/STORE OUTFIT, NAME PLATES"
441.021,Plate rollers,44,SHIP EQUIPMENT,"REP./MAINT./CLEAN. EQUIP. WORKSHOP/STORE OUTFIT, NAME PLATES"
441.023,Gas welding equipment,44,SHIP EQUIPMENT,"REP./MAINT./CLEAN. EQUIP. WORKSHOP/STORE OUTFIT, NAME PLATES"
441.025,El. welding equipment,44,SHIP EQUIPMENT,"REP./MAINT./CLEAN. EQUIP. WORKSHOP/STORE OUTFIT, NAME PLATES"
441.027,Geberitt welding equipment,44,SHIP EQUIPMENT,"REP./MAINT./CLEAN. EQUIP. WORKSHOP/STORE OUTFIT, NAME PLATES"
442,"TOOLS/EQUIP. FOR ENGINEERS, ELECTR., BOATSWAINS, CARPENTERS",44,SHIP EQUIPMENT,"REP./MAINT./CLEAN. EQUIP. WORKSHOP/STORE OUTFIT, NAME PLATES"
442.001,Engineer's portable tools,44,SHIP EQUIPMENT,"REP./MAINT./CLEAN. EQUIP. WORKSHOP/STORE OUTFIT, NAME PLATES"
442.002,Emery wheels,44,SHIP EQUIPMENT,"REP./MAINT./CLEAN. EQUIP. WORKSHOP/STORE OUTFIT, NAME PLATES"
442.004,Portable grinding machines,44,SHIP EQUIPMENT,"REP./MAINT./CLEAN. EQUIP. WORKSHOP/STORE OUTFIT, NAME PLATES"
442.006,Portable drills,44,SHIP EQUIPMENT,"REP./MAINT./CLEAN. EQUIP. WORKSHOP/STORE OUTFIT, NAME PLATES"
442.008,Nut drivers,44,SHIP EQUIPMENT,"REP./MAINT./CLEAN. EQUIP. WORKSHOP/STORE OUTFIT, NAME PLATES"
442.010,Screwdriver sets,44,SHIP EQUIPMENT,"REP./MAINT./CLEAN. EQUIP. WORKSHOP/STORE OUTFIT, NAME PLATES"
442.012,Socket wrench sets,44,SHIP EQUIPMENT,"REP./MAINT./CLEAN. EQUIP. WORKSHOP/STORE OUTFIT, NAME PLATES"
442.014,Constant wrench sets,44,SHIP EQUIPMENT,"REP./MAINT./CLEAN. EQUIP. WORKSHOP/STORE OUTFIT, NAME PLATES"
442.016,Phillips screwdriver sets,44,SHIP EQUIPMENT,"REP./MAINT./CLEAN. EQUIP. WORKSHOP/STORE OUTFIT, NAME PLATES"
442.017,Jaw pullers,44,SHIP EQUIPMENT,"REP./MAINT./CLEAN. EQUIP. WORKSHOP/STORE OUTFIT, NAME PLATES"
442.018,Anvils,44,SHIP EQUIPMENT,"REP./MAINT./CLEAN. EQUIP. WORKSHOP/STORE OUTFIT, NAME PLATES"
442.020,Hammer tools,44,SHIP EQUIPMENT,"REP./MAINT./CLEAN. EQUIP. WORKSHOP/STORE OUTFIT, NAME PLATES"
442.022,Vices,44,SHIP EQUIPMENT,"REP./MAINT./CLEAN. EQUIP. WORKSHOP/STORE OUTFIT, NAME PLATES"
442.024,Tongs,44,SHIP EQUIPMENT,"REP./MAINT./CLEAN. EQUIP. WORKSHOP/STORE OUTFIT, NAME PLATES"
442.026,Blow torches,44,SHIP EQUIPMENT,"REP./MAINT./CLEAN. EQUIP. WORKSHOP/STORE OUTFIT, NAME PLATES"
442.027,Max. pressure indicators,44,SHIP EQUIPMENT,"REP./MAINT./CLEAN. EQUIP. WORKSHOP/STORE OUTFIT, NAME PLATES"
442.028,Loose lubricating equipment,44,SHIP EQUIPMENT,"REP./MAINT./CLEAN. EQUIP. WORKSHOP/STORE OUTFIT, NAME PLATES"
442.030,Loose gauging instruments,44,SHIP EQUIPMENT,"REP./MAINT./CLEAN. EQUIP. WORKSHOP/STORE OUTFIT, NAME PLATES"
442.032,Misc. loose engineer's machine tools,44,SHIP EQUIPMENT,"REP./MAINT./CLEAN. EQUIP. WORKSHOP/STORE OUTFIT, NAME PLATES"
442.035,Electrician's tools,44,SHIP EQUIPMENT,"REP./MAINT./CLEAN. EQUIP. WORKSHOP/STORE OUTFIT, NAME PLATES"
442.036,Soldering irons,44,SHIP EQUIPMENT,"REP./MAINT./CLEAN. EQUIP. WORKSHOP/STORE OUTFIT, NAME PLATES"
442.038,Test panels,44,SHIP EQUIPMENT,"REP./MAINT./CLEAN. EQUIP. WORKSHOP/STORE OUTFIT, NAME PLATES"
442.040,Test instruments,44,SHIP EQUIPMENT,"REP./MAINT./CLEAN. EQUIP. WORKSHOP/STORE OUTFIT, NAME PLATES"
442.041,Pressostat calibrators,44,SHIP EQUIPMENT,"REP./MAINT./CLEAN. EQUIP. WORKSHOP/STORE OUTFIT, NAME PLATES"
442.042,Thermostat calibrators,44,SHIP EQUIPMENT,"REP./MAINT./CLEAN. EQUIP. WORKSHOP/STORE OUTFIT, NAME PLATES"
442.043,Insulated hand tools,44,SHIP EQUIPMENT,"REP./MAINT./CLEAN. EQUIP. WORKSHOP/STORE OUTFIT, NAME PLATES"
442.044,Misc. loose electrician's tools,44,SHIP EQUIPMENT,"REP./MAINT./CLEAN. EQUIP. WORKSHOP/STORE OUTFIT, NAME PLATES"
442.045,Battery service sets,44,SHIP EQUIPMENT,"REP./MAINT./CLEAN. EQUIP. WORKSHOP/STORE OUTFIT, NAME PLATES"
442.050,Boatswain's/carpenter's tools,44,SHIP EQUIPMENT,"REP./MAINT./CLEAN. EQUIP. WORKSHOP/STORE OUTFIT, NAME PLATES"
442.051,Sailmaker's equipment,44,SHIP EQUIPMENT,"REP./MAINT./CLEAN. EQUIP. WORKSHOP/STORE OUTFIT, NAME PLATES"
442.052,Boatswain's chairs,44,SHIP EQUIPMENT,"REP./MAINT./CLEAN. EQUIP. WORKSHOP/STORE OUTFIT, NAME PLATES"
442.053,Rigging tools,44,SHIP EQUIPMENT,"REP./MAINT./CLEAN. EQUIP. WORKSHOP/STORE OUTFIT, NAME PLATES"
442.055,Carpenter's benches,44,SHIP EQUIPMENT,"REP./MAINT./CLEAN. EQUIP. WORKSHOP/STORE OUTFIT, NAME PLATES"
442.057,Axes/saws,44,SHIP EQUIPMENT,"REP./MAINT./CLEAN. EQUIP. WORKSHOP/STORE OUTFIT, NAME PLATES"
442.059,Planers,44,SHIP EQUIPMENT,"REP./MAINT./CLEAN. EQUIP. WORKSHOP/STORE OUTFIT, NAME PLATES"
442.060,Misc. woodworking tools,44,SHIP EQUIPMENT,"REP./MAINT./CLEAN. EQUIP. WORKSHOP/STORE OUTFIT, NAME PLATES"
442.062,Jacks,44,SHIP EQUIPMENT,"REP./MAINT./CLEAN. EQUIP. WORKSHOP/STORE OUTFIT, NAME PLATES"
442.064,Step ladders,44,SHIP EQUIPMENT,"REP./MAINT./CLEAN. EQUIP. WORKSHOP/STORE OUTFIT, NAME PLATES"
442.066,Misc. loose tools,44,SHIP EQUIPMENT,"REP./MAINT./CLEAN. EQUIP. WORKSHOP/STORE OUTFIT, NAME PLATES"
443,"PAINTING EQUIPMENT, SCAFFOLDING, PAINT RAFTS/BOATS (GIGS)",44,SHIP EQUIPMENT,"REP./MAINT./CLEAN. EQUIP. WORKSHOP/STORE OUTFIT, NAME PLATES"
443.001,Paint boats,44,SHIP EQUIPMENT,"REP./MAINT./CLEAN. EQUIP. WORKSHOP/STORE OUTFIT, NAME PLATES"
443.003,Paint rafts,44,SHIP EQUIPMENT,"REP./MAINT./CLEAN. EQUIP. WORKSHOP/STORE OUTFIT, NAME PLATES"
443.005,Paint boat/raft davits,44,SHIP EQUIPMENT,"REP./MAINT./CLEAN. EQUIP. WORKSHOP/STORE OUTFIT, NAME PLATES"
443.007,Paint scaffolding,44,SHIP EQUIPMENT,"REP./MAINT./CLEAN. EQUIP. WORKSHOP/STORE OUTFIT, NAME PLATES"
443.009,Sand blasting equipment,44,SHIP EQUIPMENT,"REP./MAINT./CLEAN. EQUIP. WORKSHOP/STORE OUTFIT, NAME PLATES"
443.011,Rust hammers,44,SHIP EQUIPMENT,"REP./MAINT./CLEAN. EQUIP. WORKSHOP/STORE OUTFIT, NAME PLATES"
443.013,Paint spraying equipment,44,SHIP EQUIPMENT,"REP./MAINT./CLEAN. EQUIP. WORKSHOP/STORE OUTFIT, NAME PLATES"
443.015,Pressure paint rollers,44,SHIP EQUIPMENT,"REP./MAINT./CLEAN. EQUIP. WORKSHOP/STORE OUTFIT, NAME PLATES"
443.020,Misc. loose painting equipment,44,SHIP EQUIPMENT,"REP./MAINT./CLEAN. EQUIP. WORKSHOP/STORE OUTFIT, NAME PLATES"
444,"CLEANING EQUIPMENT, GARBAGE CHUTES",44,SHIP EQUIPMENT,"REP./MAINT./CLEAN. EQUIP. WORKSHOP/STORE OUTFIT, NAME PLATES"
444.001,Deck cleaning machines,44,SHIP EQUIPMENT,"REP./MAINT./CLEAN. EQUIP. WORKSHOP/STORE OUTFIT, NAME PLATES"
444.002,High pressure cleaning machines,44,SHIP EQUIPMENT,"REP./MAINT./CLEAN. EQUIP. WORKSHOP/STORE OUTFIT, NAME PLATES"
444.003,Hull cleaning machines,44,SHIP EQUIPMENT,"REP./MAINT./CLEAN. EQUIP. WORKSHOP/STORE OUTFIT, NAME PLATES"
444.005,Cleaning winches,44,SHIP EQUIPMENT,"REP./MAINT./CLEAN. EQUIP. WORKSHOP/STORE OUTFIT, NAME PLATES"
444.007,Floor polishers,44,SHIP EQUIPMENT,"REP./MAINT./CLEAN. EQUIP. WORKSHOP/STORE OUTFIT, NAME PLATES"
444.009,Sweeping machines,44,SHIP EQUIPMENT,"REP./MAINT./CLEAN. EQUIP. WORKSHOP/STORE OUTFIT, NAME PLATES"
444.011,Vacuum cleaners,44,SHIP EQUIPMENT,"REP./MAINT./CLEAN. EQUIP. WORKSHOP/STORE OUTFIT, NAME PLATES"
444.013,Soot sweeping machines,44,SHIP EQUIPMENT,"REP./MAINT./CLEAN. EQUIP. WORKSHOP/STORE OUTFIT, NAME PLATES"
444.015,Misc. storage containers,44,SHIP EQUIPMENT,"REP./MAINT./CLEAN. EQUIP. WORKSHOP/STORE OUTFIT, NAME PLATES"
444.017,Misc. loose cleaning equipment,44,SHIP EQUIPMENT,"REP./MAINT./CLEAN. EQUIP. WORKSHOP/STORE OUTFIT, NAME PLATES"
444.020,Loose paraffin tanks,44,SHIP EQUIPMENT,"REP./MAINT./CLEAN. EQUIP. WORKSHOP/STORE OUTFIT, NAME PLATES"
444.022,Cleaning pans,44,SHIP EQUIPMENT,"REP./MAINT./CLEAN. EQUIP. WORKSHOP/STORE OUTFIT, NAME PLATES"
444.024,Filter steaming tanks,44,SHIP EQUIPMENT,"REP./MAINT./CLEAN. EQUIP. WORKSHOP/STORE OUTFIT, NAME PLATES"
444.026,LO cooler cleaning plants,44,SHIP EQUIPMENT,"REP./MAINT./CLEAN. EQUIP. WORKSHOP/STORE OUTFIT, NAME PLATES"
444.028,Scavenging air cooler cleaning plants,44,SHIP EQUIPMENT,"REP./MAINT./CLEAN. EQUIP. WORKSHOP/STORE OUTFIT, NAME PLATES"
444.030,Evaporator plants,44,SHIP EQUIPMENT,"REP./MAINT./CLEAN. EQUIP. WORKSHOP/STORE OUTFIT, NAME PLATES"
444.032,Garbage crates,44,SHIP EQUIPMENT,"REP./MAINT./CLEAN. EQUIP. WORKSHOP/STORE OUTFIT, NAME PLATES"
444.035,Chemical spraying units,44,SHIP EQUIPMENT,"REP./MAINT./CLEAN. EQUIP. WORKSHOP/STORE OUTFIT, NAME PLATES"
445,"GARBAGE DISPOSAL PLANTS, INCINERATORS",44,SHIP EQUIPMENT,"REP./MAINT./CLEAN. EQUIP. WORKSHOP/STORE OUTFIT, NAME PLATES"
445.001,Garbage incinerator plants,44,SHIP EQUIPMENT,"REP./MAINT./CLEAN. EQUIP. WORKSHOP/STORE OUTFIT, NAME PLATES"
445.003,Combustion chambers,44,SHIP EQUIPMENT,"REP./MAINT./CLEAN. EQUIP. WORKSHOP/STORE OUTFIT, NAME PLATES"
445.005,Air supply fans,44,SHIP EQUIPMENT,"REP./MAINT./CLEAN. EQUIP. WORKSHOP/STORE OUTFIT, NAME PLATES"
445.007,Garbage feeder transporter,44,SHIP EQUIPMENT,"REP./MAINT./CLEAN. EQUIP. WORKSHOP/STORE OUTFIT, NAME PLATES"
445.009,Oil sludge treatment plants,44,SHIP EQUIPMENT,"REP./MAINT./CLEAN. EQUIP. WORKSHOP/STORE OUTFIT, NAME PLATES"
445.011,DO pumps,44,SHIP EQUIPMENT,"REP./MAINT./CLEAN. EQUIP. WORKSHOP/STORE OUTFIT, NAME PLATES"
445.013,DO filters,44,SHIP EQUIPMENT,"REP./MAINT./CLEAN. EQUIP. WORKSHOP/STORE OUTFIT, NAME PLATES"
445.015,DO tanks,44,SHIP EQUIPMENT,"REP./MAINT./CLEAN. EQUIP. WORKSHOP/STORE OUTFIT, NAME PLATES"
445.017,Exhaust gas fans,44,SHIP EQUIPMENT,"REP./MAINT./CLEAN. EQUIP. WORKSHOP/STORE OUTFIT, NAME PLATES"
445.019,Exhaust gas separators,44,SHIP EQUIPMENT,"REP./MAINT./CLEAN. EQUIP. WORKSHOP/STORE OUTFIT, NAME PLATES"
445.021,Ash ejectors,44,SHIP EQUIPMENT,"REP./MAINT./CLEAN. EQUIP. WORKSHOP/STORE OUTFIT, NAME PLATES"
445.023,Cooling water pumps,44,SHIP EQUIPMENT,"REP./MAINT./CLEAN. EQUIP. WORKSHOP/STORE OUTFIT, NAME PLATES"
445.025,Cooling water tanks,44,SHIP EQUIPMENT,"REP./MAINT./CLEAN. EQUIP. WORKSHOP/STORE OUTFIT, NAME PLATES"
445.027,Heat exchangers,44,SHIP EQUIPMENT,"REP./MAINT./CLEAN. EQUIP. WORKSHOP/STORE OUTFIT, NAME PLATES"
446,OUTFITTING IN STORE ROOMS & WORKSHOPS,44,SHIP EQUIPMENT,"REP./MAINT./CLEAN. EQUIP. WORKSHOP/STORE OUTFIT, NAME PLATES"
446.001,Workbenches,44,SHIP EQUIPMENT,"REP./MAINT./CLEAN. EQUIP. WORKSHOP/STORE OUTFIT, NAME PLATES"
446.006,Worktables,44,SHIP EQUIPMENT,"REP./MAINT./CLEAN. EQUIP. WORKSHOP/STORE OUTFIT, NAME PLATES"
446.010,Vice workbenches,44,SHIP EQUIPMENT,"REP./MAINT./CLEAN. EQUIP. WORKSHOP/STORE OUTFIT, NAME PLATES"
446.015,Lockers,44,SHIP EQUIPMENT,"REP./MAINT./CLEAN. EQUIP. WORKSHOP/STORE OUTFIT, NAME PLATES"
446.020,Shelves/racks,44,SHIP EQUIPMENT,"REP./MAINT./CLEAN. EQUIP. WORKSHOP/STORE OUTFIT, NAME PLATES"
446.025,Tool boards,44,SHIP EQUIPMENT,"REP./MAINT./CLEAN. EQUIP. WORKSHOP/STORE OUTFIT, NAME PLATES"
447,CLAMPS/FOUNDATIONS FOR SPARE PARTS,44,SHIP EQUIPMENT,"REP./MAINT./CLEAN. EQUIP. WORKSHOP/STORE OUTFIT, NAME PLATES"
447.001,Spare part mountings,44,SHIP EQUIPMENT,"REP./MAINT./CLEAN. EQUIP. WORKSHOP/STORE OUTFIT, NAME PLATES"
448,"NAME PLATES/MARKING ON MACHINERY, EQUIPM., PIPES, CABLES",44,SHIP EQUIPMENT,"REP./MAINT./CLEAN. EQUIP. WORKSHOP/STORE OUTFIT, NAME PLATES"
448.001,Name plates,44,SHIP EQUIPMENT,"REP./MAINT./CLEAN. EQUIP. WORKSHOP/STORE OUTFIT, NAME PLATES"
448.010,Message panels,44,SHIP EQUIPMENT,"REP./MAINT./CLEAN. EQUIP. WORKSHOP/STORE OUTFIT, NAME PLATES"
448.015,Fire/safety plans,44,SHIP EQUIPMENT,"REP./MAINT./CLEAN. EQUIP. WORKSHOP/STORE OUTFIT, NAME PLATES"
448.020,Wall charts,44,SHIP EQUIPMENT,"REP./MAINT./CLEAN. EQUIP. WORKSHOP/STORE OUTFIT, NAME PLATES"
448.030,Engine room name plates,44,SHIP EQUIPMENT,"REP./MAINT./CLEAN. EQUIP. WORKSHOP/STORE OUTFIT, NAME PLATES"
448.040,Bridge name plates,44,SHIP EQUIPMENT,"REP./MAINT./CLEAN. EQUIP. WORKSHOP/STORE OUTFIT, NAME PLATES"
448.050,Accommodation name plates,44,SHIP EQUIPMENT,LIFTING & TRANSPORT EQUIPMENT FOR MACHINERY COMPONENTS
448.060,Deck name plates,45,SHIP EQUIPMENT,LIFTING & TRANSPORT EQUIPMENT FOR MACHINERY COMPONENTS
451,ENGINE ROOM LIFTS,45,SHIP EQUIPMENT,LIFTING & TRANSPORT EQUIPMENT FOR MACHINERY COMPONENTS
451.001,"Engine room lifts, complete",45,SHIP EQUIPMENT,LIFTING & TRANSPORT EQUIPMENT FOR MACHINERY COMPONENTS
451.002,Lift cabins,45,SHIP EQUIPMENT,LIFTING & TRANSPORT EQUIPMENT FOR MACHINERY COMPONENTS
451.003,Lift machinery,45,SHIP EQUIPMENT,LIFTING & TRANSPORT EQUIPMENT FOR MACHINERY COMPONENTS
451.004,Lift doors,45,SHIP EQUIPMENT,LIFTING & TRANSPORT EQUIPMENT FOR MACHINERY COMPONENTS
451.005,Operating panels,45,SHIP EQUIPMENT,LIFTING & TRANSPORT EQUIPMENT FOR MACHINERY COMPONENTS
452,TRAVELLING CRANES & LIFTING GEAR IN ENGINE ROOM,45,SHIP EQUIPMENT,LIFTING & TRANSPORT EQUIPMENT FOR MACHINERY COMPONENTS
452.001,Traverse cranes,45,SHIP EQUIPMENT,LIFTING & TRANSPORT EQUIPMENT FOR MACHINERY COMPONENTS
452.005,Crane crabs,45,SHIP EQUIPMENT,LIFTING & TRANSPORT EQUIPMENT FOR MACHINERY COMPONENTS
452.010,Pulleys,45,SHIP EQUIPMENT,LIFTING & TRANSPORT EQUIPMENT FOR MACHINERY COMPONENTS
452.015,Trolleys,45,SHIP EQUIPMENT,LIFTING & TRANSPORT EQUIPMENT FOR MACHINERY COMPONENTS
452.020,Waggons,45,SHIP EQUIPMENT,LIFTING & TRANSPORT EQUIPMENT FOR MACHINERY COMPONENTS
453,EXTERNAL LIFTING GEAR FOR MACHINERY COMPONENTS,45,SHIP EQUIPMENT,LIFTING & TRANSPORT EQUIPMENT FOR MACHINERY COMPONENTS
453.001,"Derrick posts, complete",45,SHIP EQUIPMENT,LIFTING & TRANSPORT EQUIPMENT FOR MACHINERY COMPONENTS
453.003,Derricks,45,SHIP EQUIPMENT,LIFTING & TRANSPORT EQUIPMENT FOR MACHINERY COMPONENTS
453.005,Winch machinery,45,SHIP EQUIPMENT,LIFTING & TRANSPORT EQUIPMENT FOR MACHINERY COMPONENTS
453.010,Cranes,45,SHIP EQUIPMENT,LIFTING & TRANSPORT EQUIPMENT FOR MACHINERY COMPONENTS
453.045,Separate hydr. oil systems,45,SHIP EQUIPMENT,LIFTING & TRANSPORT EQUIPMENT FOR MACHINERY COMPONENTS
453.047,Hydr. oil pumps w/drive unit,45,SHIP EQUIPMENT,LIFTING & TRANSPORT EQUIPMENT FOR MACHINERY COMPONENTS
453.049,Hydr. oil preheaters,45,SHIP EQUIPMENT,LIFTING & TRANSPORT EQUIPMENT FOR MACHINERY COMPONENTS
453.051,Hydr. oil coolers,45,SHIP EQUIPMENT,LIFTING & TRANSPORT EQUIPMENT FOR MACHINERY COMPONENTS
453.053,Hydr. oil filters,45,SHIP EQUIPMENT,LIFTING & TRANSPORT EQUIPMENT FOR MACHINERY COMPONENTS
453.055,Hydr. oil expansion tanks,45,SHIP EQUIPMENT,HUNTING & FISHING EQUIPMENT
453.057,Hydr. oil storage tanks,46,SHIP EQUIPMENT,HUNTING & FISHING EQUIPMENT
461,"HUNTING EQUIPMENT FOR WHALE, SEAL",46,SHIP EQUIPMENT,HUNTING & FISHING EQUIPMENT
461.001,Whale guns,46,SHIP EQUIPMENT,HUNTING & FISHING EQUIPMENT
461.003,Harpoons,46,SHIP EQUIPMENT,HUNTING & FISHING EQUIPMENT
461.005,Winding apparatus,46,SHIP EQUIPMENT,HUNTING & FISHING EQUIPMENT
461.007,Hawser drums,46,SHIP EQUIPMENT,HUNTING & FISHING EQUIPMENT
461.010,Whale windlasses,46,SHIP EQUIPMENT,HUNTING & FISHING EQUIPMENT
461.015,Rifles,46,SHIP EQUIPMENT,HUNTING & FISHING EQUIPMENT
461.020,Hooking spikes/mallets,46,SHIP EQUIPMENT,HUNTING & FISHING EQUIPMENT
462,"LONGLINES W/EQUIPMENT, NETS, HANDFISHING EQUIPMENT",46,SHIP EQUIPMENT,HUNTING & FISHING EQUIPMENT
462.001,Longline windlass,46,SHIP EQUIPMENT,HUNTING & FISHING EQUIPMENT
462.003,Coiling apparatus,46,SHIP EQUIPMENT,HUNTING & FISHING EQUIPMENT
462.005,Baiting tables,46,SHIP EQUIPMENT,HUNTING & FISHING EQUIPMENT
462.007,Longlines baiting machines,46,SHIP EQUIPMENT,HUNTING & FISHING EQUIPMENT
462.009,Separating machines,46,SHIP EQUIPMENT,HUNTING & FISHING EQUIPMENT
462.011,Longline dropper machines,46,SHIP EQUIPMENT,HUNTING & FISHING EQUIPMENT
462.013,Magazines,46,SHIP EQUIPMENT,HUNTING & FISHING EQUIPMENT
462.015,Longlines,46,SHIP EQUIPMENT,HUNTING & FISHING EQUIPMENT
462.017,Longlines tubs,46,SHIP EQUIPMENT,HUNTING & FISHING EQUIPMENT
462.019,"Buoys, complete",46,SHIP EQUIPMENT,HUNTING & FISHING EQUIPMENT
462.025,"Nets, complete",46,SHIP EQUIPMENT,HUNTING & FISHING EQUIPMENT
462.029,Net bins,46,SHIP EQUIPMENT,HUNTING & FISHING EQUIPMENT
462.050,Hand fishing equipment,46,SHIP EQUIPMENT,HUNTING & FISHING EQUIPMENT
462.060,Fish traps,46,SHIP EQUIPMENT,HUNTING & FISHING EQUIPMENT
463,"PURSE NETS & SEINE EQUIPMENT, POWER BLOCKS",46,SHIP EQUIPMENT,HUNTING & FISHING EQUIPMENT
463.001,"Purse nets, complete",46,SHIP EQUIPMENT,HUNTING & FISHING EQUIPMENT
463.005,"Ring nets, complete",46,SHIP EQUIPMENT,HUNTING & FISHING EQUIPMENT
463.010,Purse net winches,46,SHIP EQUIPMENT,HUNTING & FISHING EQUIPMENT
463.012,Ring net winches,46,SHIP EQUIPMENT,HUNTING & FISHING EQUIPMENT
463.015,Seine tracks,46,SHIP EQUIPMENT,HUNTING & FISHING EQUIPMENT
463.018,Seine rollers,46,SHIP EQUIPMENT,HUNTING & FISHING EQUIPMENT
463.021,Seine derricks,46,SHIP EQUIPMENT,HUNTING & FISHING EQUIPMENT
463.023,Seine gallows,46,SHIP EQUIPMENT,HUNTING & FISHING EQUIPMENT
463.025,Power blocks,46,SHIP EQUIPMENT,HUNTING & FISHING EQUIPMENT
463.027,Purse net winches,46,SHIP EQUIPMENT,HUNTING & FISHING EQUIPMENT
463.045,Separate hydr. oil systems,46,SHIP EQUIPMENT,HUNTING & FISHING EQUIPMENT
463.047,Hydr. oil pumps w/drive unit,46,SHIP EQUIPMENT,HUNTING & FISHING EQUIPMENT
463.049,Hydr. oil preheaters,46,SHIP EQUIPMENT,HUNTING & FISHING EQUIPMENT
463.051,Hydr. oil coolers,46,SHIP EQUIPMENT,HUNTING & FISHING EQUIPMENT
463.053,Hydr. oil filters,46,SHIP EQUIPMENT,HUNTING & FISHING EQUIPMENT
463.055,Hydr. oil expansion tanks,46,SHIP EQUIPMENT,HUNTING & FISHING EQUIPMENT
463.057,Hydr. oil storage tanks,46,SHIP EQUIPMENT,HUNTING & FISHING EQUIPMENT
464,TRAWLING EQUIPMENT,46,SHIP EQUIPMENT,HUNTING & FISHING EQUIPMENT
464.001,"Bottom trawl, complete",46,SHIP EQUIPMENT,HUNTING & FISHING EQUIPMENT
464.004,"Pelagic trawl, complete",46,SHIP EQUIPMENT,HUNTING & FISHING EQUIPMENT
464.006,"Danish seine, complete",46,SHIP EQUIPMENT,HUNTING & FISHING EQUIPMENT
464.010,Trawl gallows,46,SHIP EQUIPMENT,HUNTING & FISHING EQUIPMENT
464.015,Trawl winches,46,SHIP EQUIPMENT,HUNTING & FISHING EQUIPMENT
464.020,Trawl bollards,46,SHIP EQUIPMENT,HUNTING & FISHING EQUIPMENT
464.045,Separate hydr. oil systems,46,SHIP EQUIPMENT,HUNTING & FISHING EQUIPMENT
464.047,Hydr. oil pumps w/drive unit,46,SHIP EQUIPMENT,HUNTING & FISHING EQUIPMENT
464.049,Hydr. oil preheaters,46,SHIP EQUIPMENT,HUNTING & FISHING EQUIPMENT
464.051,Hydr. oil coolers,46,SHIP EQUIPMENT,HUNTING & FISHING EQUIPMENT
464.053,Hydr. oil filters,46,SHIP EQUIPMENT,HUNTING & FISHING EQUIPMENT
464.055,Hydr. oil expansion tanks,46,SHIP EQUIPMENT,HUNTING & FISHING EQUIPMENT
464.057,Hydr. oil storage tanks,46,SHIP EQUIPMENT,HUNTING & FISHING EQUIPMENT
465,FISH PUMPING PLANTS AND LANDING EQUIPMENT,46,SHIP EQUIPMENT,HUNTING & FISHING EQUIPMENT
465.001,Fish pumping plants,46,SHIP EQUIPMENT,HUNTING & FISHING EQUIPMENT
465.002,Fish pumps,46,SHIP EQUIPMENT,HUNTING & FISHING EQUIPMENT
465.003,Suction heads,46,SHIP EQUIPMENT,HUNTING & FISHING EQUIPMENT
465.004,Filter chests,46,SHIP EQUIPMENT,HUNTING & FISHING EQUIPMENT
465.010,Scoop nets,46,SHIP EQUIPMENT,HUNTING & FISHING EQUIPMENT
466,SPECIAL FISHING EQUIPMENT,46,SHIP EQUIPMENT,HUNTING & FISHING EQUIPMENT
466.001,Light hunting equipment,46,SHIP EQUIPMENT,"ARMAMENT, WEAPON & WEAPON COUNTERMEASURES"
466.010,El. fishing equipment,47,SHIP EQUIPMENT,"ARMAMENT, WEAPON & WEAPON COUNTERMEASURES"
471,"HAND WEAPONS, LIGHT & HEAVY GUNS",47,SHIP EQUIPMENT,"ARMAMENT, WEAPON & WEAPON COUNTERMEASURES"
472,ROCKET PLANTS,47,SHIP EQUIPMENT,"ARMAMENT, WEAPON & WEAPON COUNTERMEASURES"
473,TORPEDO PLANTS,47,SHIP EQUIPMENT,"ARMAMENT, WEAPON & WEAPON COUNTERMEASURES"
474,ANTI-SUBMARINE WEAPONS,47,SHIP EQUIPMENT,"ARMAMENT, WEAPON & WEAPON COUNTERMEASURES"
475,MINELAYING EQUIPMENT,47,SHIP EQUIPMENT,"ARMAMENT, WEAPON & WEAPON COUNTERMEASURES"
476,MINESWEEPING EQUIPMENT,47,SHIP EQUIPMENT,"ARMAMENT, WEAPON & WEAPON COUNTERMEASURES"
476.001,Mine sonars,47,SHIP EQUIPMENT,"ARMAMENT, WEAPON & WEAPON COUNTERMEASURES"
476.010,Electronic units,47,SHIP EQUIPMENT,"ARMAMENT, WEAPON & WEAPON COUNTERMEASURES"
477,DE-GAUSSING PLANTS,47,SHIP EQUIPMENT,"ARMAMENT, WEAPON & WEAPON COUNTERMEASURES"
477.001,Control systems,47,SHIP EQUIPMENT,"ARMAMENT, WEAPON & WEAPON COUNTERMEASURES"
478,"TORPEDO COUNTERMEASURES, SMOKE GENERATING EQUIPMENT",47,SHIP EQUIPMENT,"ARMAMENT, WEAPON & WEAPON COUNTERMEASURES"
479,WEAPON CONTROL SYSTEMS,47,SHIP EQUIPMENT,"ARMAMENT, WEAPON & WEAPON COUNTERMEASURES"
479.001,Tactical consoles,47,SHIP EQUIPMENT,"ARMAMENT, WEAPON & WEAPON COUNTERMEASURES"
479.010,Mine warning consoles,47,SHIP EQUIPMENT,SPECIAL EQUIPMENT
479.015,ROV consoles,48,SHIP EQUIPMENT,SPECIAL EQUIPMENT
481,DRILLING EQUIPMENT,48,SHIP EQUIPMENT,SPECIAL EQUIPMENT
482,DREDGING EQUIPMENT,48,SHIP EQUIPMENT,SPECIAL EQUIPMENT
483,DIVING EQUIPMENT,48,SHIP EQUIPMENT,SPECIAL EQUIPMENT
483.001,Underwater ROVS,48,SHIP EQUIPMENT,SPECIAL EQUIPMENT
483.005,ROV winches,48,SHIP EQUIPMENT,SPECIAL EQUIPMENT
483.010,ROV cradles,48,SHIP EQUIPMENT,SPECIAL EQUIPMENT
484,LABORATORY EQUIPMENT,48,SHIP EQUIPMENT,SPECIAL EQUIPMENT
485,"AIRCRAFT, HELICOPTERS",48,SHIP EQUIPMENT,SPECIAL EQUIPMENT
486,AUXILIARY VESSELS,48,SHIP EQUIPMENT,SPECIAL EQUIPMENT
487,DE-ICING EQUIPMENT,48,SHIP EQUIPMENT,SPECIAL EQUIPMENT
487.001,Steel de-icing systems,48,SHIP EQUIPMENT,SPECIAL EQUIPMENT
487.010,Machinery de-icing systems,48,SHIP EQUIPMENT,SPECIAL EQUIPMENT
487.020,El. de-icing systems,48,SHIP EQUIPMENT,SPECIAL EQUIPMENT
487.030,Chemicals de-icing systems,48,SHIP EQUIPMENT,SPECIAL EQUIPMENT
488,SEISMIC EQUIPMENT,48,SHIP EQUIPMENT,SPECIAL EQUIPMENT
488.001,Seismic canon cable,48,SHIP EQUIPMENT,SPECIAL EQUIPMENT
488.003,Seismic detector cable,48,SHIP EQUIPMENT,SPECIAL EQUIPMENT
488.005,Seismic canon cable drums,48,SHIP EQUIPMENT,SPECIAL EQUIPMENT
488.007,Seismic detector cable drums,48,SHIP EQUIPMENT,SPECIAL EQUIPMENT
488.010,Seismic air compressors,48,SHIP EQUIPMENT,SPECIAL EQUIPMENT
488.013,Seismic compressor FW cooling pumps,48,SHIP EQUIPMENT,SPECIAL EQUIPMENT
488.015,Seismic compressor el. motor FW pumps,48,SHIP EQUIPMENT,SPECIAL EQUIPMENT
488.017,Seismic hydr. oil aggregates,48,SHIP EQUIPMENT,SPECIAL EQUIPMENT
488.019,Seismic air compressor LO pumps,48,SHIP EQUIPMENT,SPECIAL EQUIPMENT
488.021,Seismic cable oil transfer pumps,48,SHIP EQUIPMENT,SPECIAL EQUIPMENT
488.022,Seismic cable oil separators,48,SHIP EQUIPMENT,SPECIAL EQUIPMENT
488.050,Seismic paravane,48,SHIP EQUIPMENT,SPECIAL EQUIPMENT
488.052,Seismic paravane winches,48,SHIP EQUIPMENT,SPECIAL EQUIPMENT
489,ENVIRONMENTAL PROTECTION EQUIPMENT,48,SHIP EQUIPMENT,SPECIAL EQUIPMENT
489.001,Oil skimmers,48,SHIP EQUIPMENT,SPECIAL EQUIPMENT
489.003,Oil booms,48,SHIP EQUIPMENT,SPECIAL EQUIPMENT
489.005,Boom reels,48,SHIP EQUIPMENT,SPECIAL EQUIPMENT
489.007,Oil transfer hoses,48,SHIP EQUIPMENT,SPECIAL EQUIPMENT
489.009,Hose reels,48,SHIP EQUIPMENT,SPECIAL EQUIPMENT
489.011,Oil transfer pumps w/drive unit,48,SHIP EQUIPMENT,SPECIAL EQUIPMENT
489.015,Power supply,48,SHIP EQUIPMENT,SPECIAL EQUIPMENT
489.030,Oil recovery bags,48,SHIP EQUIPMENT,SPECIAL EQUIPMENT
489.040,Oil dispersion equipment,48,SHIP EQUIPMENT,SPECIAL EQUIPMENT
489.043,Spray booms,48,SHIP EQUIPMENT,SPECIAL EQUIPMENT
489.045,Chemicals,48,SHIP EQUIPMENT,FISH PROCESSING EQUIPMENT
489.050,Foam plants,49,SHIP EQUIPMENT,FISH PROCESSING EQUIPMENT
491,RAW MATERIAL HANDLING,49,SHIP EQUIPMENT,FISH PROCESSING EQUIPMENT
491.005,De-icing equipment,49,SHIP EQUIPMENT,FISH PROCESSING EQUIPMENT
491.007,Chutes,49,SHIP EQUIPMENT,FISH PROCESSING EQUIPMENT
491.010,Transport equipment,49,SHIP EQUIPMENT,FISH PROCESSING EQUIPMENT
491.020,Reception tanks/bins,49,SHIP EQUIPMENT,FISH PROCESSING EQUIPMENT
491.022,Tank/bin equipment,49,SHIP EQUIPMENT,FISH PROCESSING EQUIPMENT
491.024,Tank/bin manoeuvre system,49,SHIP EQUIPMENT,FISH PROCESSING EQUIPMENT
491.026,Tank/bin insulation,49,SHIP EQUIPMENT,FISH PROCESSING EQUIPMENT
491.030,Ice store,49,SHIP EQUIPMENT,FISH PROCESSING EQUIPMENT
491.032,Ice store equipment,49,SHIP EQUIPMENT,FISH PROCESSING EQUIPMENT
491.034,Ice water system,49,SHIP EQUIPMENT,FISH PROCESSING EQUIPMENT
491.036,Ice dosing system,49,SHIP EQUIPMENT,FISH PROCESSING EQUIPMENT
491.038,Rinsing/draining system,49,SHIP EQUIPMENT,FISH PROCESSING EQUIPMENT
492,FILLET FACTORIES,49,SHIP EQUIPMENT,FISH PROCESSING EQUIPMENT
492.005,Head cutting machines,49,SHIP EQUIPMENT,FISH PROCESSING EQUIPMENT
492.007,Washing/rinsing machines,49,SHIP EQUIPMENT,FISH PROCESSING EQUIPMENT
492.009,Filet machines,49,SHIP EQUIPMENT,FISH PROCESSING EQUIPMENT
492.012,Skinning machines,49,SHIP EQUIPMENT,FISH PROCESSING EQUIPMENT
492.013,Garbage conveyors/chutes,49,SHIP EQUIPMENT,FISH PROCESSING EQUIPMENT
492.035,Sorting machines,49,SHIP EQUIPMENT,FISH PROCESSING EQUIPMENT
492.038,Conveyors,49,SHIP EQUIPMENT,FISH PROCESSING EQUIPMENT
492.048,Hydr. oil aggregates,49,SHIP EQUIPMENT,FISH PROCESSING EQUIPMENT
492.050,SW process pumps,49,SHIP EQUIPMENT,FISH PROCESSING EQUIPMENT
492.060,Detaching machines,49,SHIP EQUIPMENT,FISH PROCESSING EQUIPMENT
492.061,Weighing tables,49,SHIP EQUIPMENT,FISH PROCESSING EQUIPMENT
492.062,Hot melt sealers,49,SHIP EQUIPMENT,FISH PROCESSING EQUIPMENT
492.063,Auto markers,49,SHIP EQUIPMENT,FISH PROCESSING EQUIPMENT
492.068,Strapping machines,49,SHIP EQUIPMENT,FISH PROCESSING EQUIPMENT
492.069,Packing tables,49,SHIP EQUIPMENT,FISH PROCESSING EQUIPMENT
493,SHRIMP FACTORIES,49,SHIP EQUIPMENT,FISH PROCESSING EQUIPMENT
493.010,Cookers/coolers,49,SHIP EQUIPMENT,FISH PROCESSING EQUIPMENT
493.013,Garbage conveyors/chutes,49,SHIP EQUIPMENT,FISH PROCESSING EQUIPMENT
493.016,De-watering blowers,49,SHIP EQUIPMENT,FISH PROCESSING EQUIPMENT
493.018,Vacuum peelers,49,SHIP EQUIPMENT,FISH PROCESSING EQUIPMENT
493.028,Glazing units,49,SHIP EQUIPMENT,FISH PROCESSING EQUIPMENT
493.035,Grading machines,49,SHIP EQUIPMENT,FISH PROCESSING EQUIPMENT
493.037,Mixing units,49,SHIP EQUIPMENT,FISH PROCESSING EQUIPMENT
493.038,Conveyors,49,SHIP EQUIPMENT,FISH PROCESSING EQUIPMENT
493.048,Hydr. oil aggregates,49,SHIP EQUIPMENT,FISH PROCESSING EQUIPMENT
493.050,SW process pumps,49,SHIP EQUIPMENT,FISH PROCESSING EQUIPMENT
493.061,Weighing tables,49,SHIP EQUIPMENT,FISH PROCESSING EQUIPMENT
493.068,Strapping machines,49,SHIP EQUIPMENT,FISH PROCESSING EQUIPMENT
493.069,Packing tables,49,SHIP EQUIPMENT,FISH PROCESSING EQUIPMENT
493.070,Control panels,49,SHIP EQUIPMENT,FISH PROCESSING EQUIPMENT
494,MEAL AND OIL FACTORIES,49,SHIP EQUIPMENT,FISH PROCESSING EQUIPMENT
494.001,Hasher machines,49,SHIP EQUIPMENT,FISH PROCESSING EQUIPMENT
494.005,Feeder machines,49,SHIP EQUIPMENT,FISH PROCESSING EQUIPMENT
494.007,Fish cookers,49,SHIP EQUIPMENT,FISH PROCESSING EQUIPMENT
494.009,Strainer conveyors,49,SHIP EQUIPMENT,FISH PROCESSING EQUIPMENT
494.011,Presses,49,SHIP EQUIPMENT,FISH PROCESSING EQUIPMENT
494.013,Cutting machines,49,SHIP EQUIPMENT,FISH PROCESSING EQUIPMENT
494.015,Pre dryers,49,SHIP EQUIPMENT,FISH PROCESSING EQUIPMENT
494.017,After dryers,49,SHIP EQUIPMENT,FISH PROCESSING EQUIPMENT
494.019,Separator filters,49,SHIP EQUIPMENT,FISH PROCESSING EQUIPMENT
494.021,Milling machines,49,SHIP EQUIPMENT,FISH PROCESSING EQUIPMENT
494.023,Weighing machines,49,SHIP EQUIPMENT,FISH PROCESSING EQUIPMENT
494.025,Deodorizing plants,49,SHIP EQUIPMENT,FISH PROCESSING EQUIPMENT
494.027,Sludge separators,49,SHIP EQUIPMENT,FISH PROCESSING EQUIPMENT
494.029,Centrifuges,49,SHIP EQUIPMENT,FISH PROCESSING EQUIPMENT
494.030,Softening tanks,49,SHIP EQUIPMENT,FISH PROCESSING EQUIPMENT
494.031,Concentration cookers,49,SHIP EQUIPMENT,FISH PROCESSING EQUIPMENT
494.033,Fish meal tanks,49,SHIP EQUIPMENT,FISH PROCESSING EQUIPMENT
494.035,Fish oil tanks,49,SHIP EQUIPMENT,FISH PROCESSING EQUIPMENT
494.037,Conveyors,49,SHIP EQUIPMENT,FISH PROCESSING EQUIPMENT
494.039,Decanters,49,SHIP EQUIPMENT,FISH PROCESSING EQUIPMENT
494.041,Bone discharge pump,49,SHIP EQUIPMENT,FISH PROCESSING EQUIPMENT
494.043,Anti oxidant pumps,49,SHIP EQUIPMENT,FISH PROCESSING EQUIPMENT
494.045,Oil separators,49,SHIP EQUIPMENT,FISH PROCESSING EQUIPMENT
494.050,Guano grinders,49,SHIP EQUIPMENT,FISH PROCESSING EQUIPMENT
494.055,Silos,49,SHIP EQUIPMENT,FISH PROCESSING EQUIPMENT
494.070,Control panels,49,SHIP EQUIPMENT,FISH PROCESSING EQUIPMENT
495,SURIMI FACTORIES,49,SHIP EQUIPMENT,FISH PROCESSING EQUIPMENT
495.002,"Forcemeat machines, complete",49,SHIP EQUIPMENT,FISH PROCESSING EQUIPMENT
495.004,Roe separators,49,SHIP EQUIPMENT,FISH PROCESSING EQUIPMENT
495.009,Filet machines,49,SHIP EQUIPMENT,FISH PROCESSING EQUIPMENT
495.012,Skinning machines,49,SHIP EQUIPMENT,FISH PROCESSING EQUIPMENT
495.013,Garbage conveyors/chutes,49,SHIP EQUIPMENT,FISH PROCESSING EQUIPMENT
495.015,Bone separators,49,SHIP EQUIPMENT,FISH PROCESSING EQUIPMENT
495.020,Rotary screen-forcemeat machines,49,SHIP EQUIPMENT,FISH PROCESSING EQUIPMENT
495.022,Forcemeat bleaching tanks,49,SHIP EQUIPMENT,FISH PROCESSING EQUIPMENT
495.024,Forcemeat refiner,49,SHIP EQUIPMENT,FISH PROCESSING EQUIPMENT
495.026,Screw presses,49,SHIP EQUIPMENT,FISH PROCESSING EQUIPMENT
495.028,Forcemeat preserving agent mixers,49,SHIP EQUIPMENT,FISH PROCESSING EQUIPMENT
495.033,Scaling machines,49,SHIP EQUIPMENT,FISH PROCESSING EQUIPMENT
495.035,Sorting machines,49,SHIP EQUIPMENT,FISH PROCESSING EQUIPMENT
495.038,Conveyors,49,SHIP EQUIPMENT,FISH PROCESSING EQUIPMENT
495.048,Hydr. oil aggregates,49,SHIP EQUIPMENT,FISH PROCESSING EQUIPMENT
495.050,SW process pumps,49,SHIP EQUIPMENT,FISH PROCESSING EQUIPMENT
495.055,Surimi water pumps,49,SHIP EQUIPMENT,FISH PROCESSING EQUIPMENT
495.060,Detaching machines,49,SHIP EQUIPMENT,FISH PROCESSING EQUIPMENT
495.062,Hot melt sealers,49,SHIP EQUIPMENT,FISH PROCESSING EQUIPMENT
495.063,Auto markers,49,SHIP EQUIPMENT,FISH PROCESSING EQUIPMENT
495.065,Metal detectors,49,SHIP EQUIPMENT,FISH PROCESSING EQUIPMENT
495.067,"Wrapping machines, pallets",49,SHIP EQUIPMENT,FISH PROCESSING EQUIPMENT
495.070,Control panels,49,SHIP EQUIPMENT,"LIFESAVING, PROTECTION & MEDICAL EQUIPMENT"
496,SHELL FACTORIES,50,EQUIPMENT FOR CREW AND PASSENGERS,"LIFESAVING, PROTECTION & MEDICAL EQUIPMENT"
501,LIFEBOATS W/EQUIPMENT,50,EQUIPMENT FOR CREW AND PASSENGERS,"LIFESAVING, PROTECTION & MEDICAL EQUIPMENT"
501.001,Open lifeboats,50,EQUIPMENT FOR CREW AND PASSENGERS,"LIFESAVING, PROTECTION & MEDICAL EQUIPMENT"
501.002,Covered lifeboats,50,EQUIPMENT FOR CREW AND PASSENGERS,"LIFESAVING, PROTECTION & MEDICAL EQUIPMENT"
501.003,Partly covered lifeboats,50,EQUIPMENT FOR CREW AND PASSENGERS,"LIFESAVING, PROTECTION & MEDICAL EQUIPMENT"
501.004,MOB boats,50,EQUIPMENT FOR CREW AND PASSENGERS,"LIFESAVING, PROTECTION & MEDICAL EQUIPMENT"
501.005,Offshore MOB boats,50,EQUIPMENT FOR CREW AND PASSENGERS,"LIFESAVING, PROTECTION & MEDICAL EQUIPMENT"
501.007,Workboats,50,EQUIPMENT FOR CREW AND PASSENGERS,"LIFESAVING, PROTECTION & MEDICAL EQUIPMENT"
501.008,Rubber boats,50,EQUIPMENT FOR CREW AND PASSENGERS,"LIFESAVING, PROTECTION & MEDICAL EQUIPMENT"
501.009,Hyperbaric lifeboats,50,EQUIPMENT FOR CREW AND PASSENGERS,"LIFESAVING, PROTECTION & MEDICAL EQUIPMENT"
501.015,Shock absorbing fenders/skates,50,EQUIPMENT FOR CREW AND PASSENGERS,"LIFESAVING, PROTECTION & MEDICAL EQUIPMENT"
501.016,Inboard motors,50,EQUIPMENT FOR CREW AND PASSENGERS,"LIFESAVING, PROTECTION & MEDICAL EQUIPMENT"
501.017,Outboard motors,50,EQUIPMENT FOR CREW AND PASSENGERS,"LIFESAVING, PROTECTION & MEDICAL EQUIPMENT"
501.018,Lifeboat davits,50,EQUIPMENT FOR CREW AND PASSENGERS,"LIFESAVING, PROTECTION & MEDICAL EQUIPMENT"
501.019,Lifeboat winches,50,EQUIPMENT FOR CREW AND PASSENGERS,"LIFESAVING, PROTECTION & MEDICAL EQUIPMENT"
501.020,MOB boat davits,50,EQUIPMENT FOR CREW AND PASSENGERS,"LIFESAVING, PROTECTION & MEDICAL EQUIPMENT"
501.021,MOB boat winches,50,EQUIPMENT FOR CREW AND PASSENGERS,"LIFESAVING, PROTECTION & MEDICAL EQUIPMENT"
501.023,"Hooks, release mechanisms",50,EQUIPMENT FOR CREW AND PASSENGERS,"LIFESAVING, PROTECTION & MEDICAL EQUIPMENT"
501.024,Wire falls,50,EQUIPMENT FOR CREW AND PASSENGERS,"LIFESAVING, PROTECTION & MEDICAL EQUIPMENT"
501.025,MOB boat cranes,50,EQUIPMENT FOR CREW AND PASSENGERS,"LIFESAVING, PROTECTION & MEDICAL EQUIPMENT"
501.026,Free fall lifeboat launching arrangements,50,EQUIPMENT FOR CREW AND PASSENGERS,"LIFESAVING, PROTECTION & MEDICAL EQUIPMENT"
501.027,MOB boat/workboat crabs,50,EQUIPMENT FOR CREW AND PASSENGERS,"LIFESAVING, PROTECTION & MEDICAL EQUIPMENT"
501.028,Lifeboat covers,50,EQUIPMENT FOR CREW AND PASSENGERS,"LIFESAVING, PROTECTION & MEDICAL EQUIPMENT"
501.029,Lifeboat ladders,50,EQUIPMENT FOR CREW AND PASSENGERS,"LIFESAVING, PROTECTION & MEDICAL EQUIPMENT"
501.030,Lifeboat provisions,50,EQUIPMENT FOR CREW AND PASSENGERS,"LIFESAVING, PROTECTION & MEDICAL EQUIPMENT"
501.031,Lifeboat FW containers,50,EQUIPMENT FOR CREW AND PASSENGERS,"LIFESAVING, PROTECTION & MEDICAL EQUIPMENT"
501.034,Lifeboat buoyancy material,50,EQUIPMENT FOR CREW AND PASSENGERS,"LIFESAVING, PROTECTION & MEDICAL EQUIPMENT"
501.035,Lifeboat retroreflective material,50,EQUIPMENT FOR CREW AND PASSENGERS,"LIFESAVING, PROTECTION & MEDICAL EQUIPMENT"
501.036,Lifeboat markerlights/lanterns,50,EQUIPMENT FOR CREW AND PASSENGERS,"LIFESAVING, PROTECTION & MEDICAL EQUIPMENT"
501.037,Lifeboat compass equipment,50,EQUIPMENT FOR CREW AND PASSENGERS,"LIFESAVING, PROTECTION & MEDICAL EQUIPMENT"
501.040,Lifeboat signalling equipment,50,EQUIPMENT FOR CREW AND PASSENGERS,"LIFESAVING, PROTECTION & MEDICAL EQUIPMENT"
501.041,Lifeboat buoyant smoke signals,50,EQUIPMENT FOR CREW AND PASSENGERS,"LIFESAVING, PROTECTION & MEDICAL EQUIPMENT"
501.042,Lifeboat hand flares,50,EQUIPMENT FOR CREW AND PASSENGERS,"LIFESAVING, PROTECTION & MEDICAL EQUIPMENT"
501.043,Lifeboat parachute signals,50,EQUIPMENT FOR CREW AND PASSENGERS,"LIFESAVING, PROTECTION & MEDICAL EQUIPMENT"
501.045,Lifeboat first aid outfit,50,EQUIPMENT FOR CREW AND PASSENGERS,"LIFESAVING, PROTECTION & MEDICAL EQUIPMENT"
501.050,Other loose lifeboat equipment,50,EQUIPMENT FOR CREW AND PASSENGERS,"LIFESAVING, PROTECTION & MEDICAL EQUIPMENT"
502,LIFERAFTS W/EQUIPMENT,50,EQUIPMENT FOR CREW AND PASSENGERS,"LIFESAVING, PROTECTION & MEDICAL EQUIPMENT"
502.001,Rigid liferafts,50,EQUIPMENT FOR CREW AND PASSENGERS,"LIFESAVING, PROTECTION & MEDICAL EQUIPMENT"
502.005,Covered inflatable liferafts,50,EQUIPMENT FOR CREW AND PASSENGERS,"LIFESAVING, PROTECTION & MEDICAL EQUIPMENT"
502.006,Open inflatable liferafts,50,EQUIPMENT FOR CREW AND PASSENGERS,"LIFESAVING, PROTECTION & MEDICAL EQUIPMENT"
502.018,Liferaft davits,50,EQUIPMENT FOR CREW AND PASSENGERS,"LIFESAVING, PROTECTION & MEDICAL EQUIPMENT"
502.019,Liferaft winches,50,EQUIPMENT FOR CREW AND PASSENGERS,"LIFESAVING, PROTECTION & MEDICAL EQUIPMENT"
502.023,Liferaft hydrostatic release mechanisms,50,EQUIPMENT FOR CREW AND PASSENGERS,"LIFESAVING, PROTECTION & MEDICAL EQUIPMENT"
502.024,Liferaft wire falls,50,EQUIPMENT FOR CREW AND PASSENGERS,"LIFESAVING, PROTECTION & MEDICAL EQUIPMENT"
502.025,Liferaft mountings,50,EQUIPMENT FOR CREW AND PASSENGERS,"LIFESAVING, PROTECTION & MEDICAL EQUIPMENT"
502.026,Liferaft storm fixtures,50,EQUIPMENT FOR CREW AND PASSENGERS,"LIFESAVING, PROTECTION & MEDICAL EQUIPMENT"
502.028,Liferaft covers,50,EQUIPMENT FOR CREW AND PASSENGERS,"LIFESAVING, PROTECTION & MEDICAL EQUIPMENT"
502.029,Liferaft ladders,50,EQUIPMENT FOR CREW AND PASSENGERS,"LIFESAVING, PROTECTION & MEDICAL EQUIPMENT"
502.030,Liferaft provisions,50,EQUIPMENT FOR CREW AND PASSENGERS,"LIFESAVING, PROTECTION & MEDICAL EQUIPMENT"
502.031,Liferaft FW containers,50,EQUIPMENT FOR CREW AND PASSENGERS,"LIFESAVING, PROTECTION & MEDICAL EQUIPMENT"
502.035,Liferaft retroreflective material,50,EQUIPMENT FOR CREW AND PASSENGERS,"LIFESAVING, PROTECTION & MEDICAL EQUIPMENT"
502.040,Liferaft signalling equipment,50,EQUIPMENT FOR CREW AND PASSENGERS,"LIFESAVING, PROTECTION & MEDICAL EQUIPMENT"
502.042,Liferaft hand flares,50,EQUIPMENT FOR CREW AND PASSENGERS,"LIFESAVING, PROTECTION & MEDICAL EQUIPMENT"
502.043,Liferaft parachute signals,50,EQUIPMENT FOR CREW AND PASSENGERS,"LIFESAVING, PROTECTION & MEDICAL EQUIPMENT"
502.045,Liferaft first aid outfit,50,EQUIPMENT FOR CREW AND PASSENGERS,"LIFESAVING, PROTECTION & MEDICAL EQUIPMENT"
502.050,Other loose liferaft equipment,50,EQUIPMENT FOR CREW AND PASSENGERS,"LIFESAVING, PROTECTION & MEDICAL EQUIPMENT"
503,"LIFESAVING, SAFETY & EMERGENCY EQUIPMENT",50,EQUIPMENT FOR CREW AND PASSENGERS,"LIFESAVING, PROTECTION & MEDICAL EQUIPMENT"
503.001,Lifebuoys,50,EQUIPMENT FOR CREW AND PASSENGERS,"LIFESAVING, PROTECTION & MEDICAL EQUIPMENT"
503.002,Buoyant smoke/light signals,50,EQUIPMENT FOR CREW AND PASSENGERS,"LIFESAVING, PROTECTION & MEDICAL EQUIPMENT"
503.003,Buoyant self-igniting light signals,50,EQUIPMENT FOR CREW AND PASSENGERS,"LIFESAVING, PROTECTION & MEDICAL EQUIPMENT"
503.004,Distress signalling equipment,50,EQUIPMENT FOR CREW AND PASSENGERS,"LIFESAVING, PROTECTION & MEDICAL EQUIPMENT"
503.005,Distress rockets,50,EQUIPMENT FOR CREW AND PASSENGERS,"LIFESAVING, PROTECTION & MEDICAL EQUIPMENT"
503.006,Smoke signals,50,EQUIPMENT FOR CREW AND PASSENGERS,"LIFESAVING, PROTECTION & MEDICAL EQUIPMENT"
503.010,Rigid life-jackets,50,EQUIPMENT FOR CREW AND PASSENGERS,"LIFESAVING, PROTECTION & MEDICAL EQUIPMENT"
503.011,Inflatable life-jackets,50,EQUIPMENT FOR CREW AND PASSENGERS,"LIFESAVING, PROTECTION & MEDICAL EQUIPMENT"
503.012,Survival suits,50,EQUIPMENT FOR CREW AND PASSENGERS,"LIFESAVING, PROTECTION & MEDICAL EQUIPMENT"
503.015,Thermal protection bags,50,EQUIPMENT FOR CREW AND PASSENGERS,"LIFESAVING, PROTECTION & MEDICAL EQUIPMENT"
503.016,Life-jacket/survival suit lights,50,EQUIPMENT FOR CREW AND PASSENGERS,"LIFESAVING, PROTECTION & MEDICAL EQUIPMENT"
503.018,Life-jacket containers,50,EQUIPMENT FOR CREW AND PASSENGERS,"LIFESAVING, PROTECTION & MEDICAL EQUIPMENT"
503.019,Line-throwing appliances,50,EQUIPMENT FOR CREW AND PASSENGERS,"LIFESAVING, PROTECTION & MEDICAL EQUIPMENT"
503.020,Wave dampening tanks,50,EQUIPMENT FOR CREW AND PASSENGERS,"LIFESAVING, PROTECTION & MEDICAL EQUIPMENT"
503.030,Divers' ladders,50,EQUIPMENT FOR CREW AND PASSENGERS,"LIFESAVING, PROTECTION & MEDICAL EQUIPMENT"
503.031,Raft station ladders,50,EQUIPMENT FOR CREW AND PASSENGERS,"LIFESAVING, PROTECTION & MEDICAL EQUIPMENT"
503.035,Rescue chutes,50,EQUIPMENT FOR CREW AND PASSENGERS,"LIFESAVING, PROTECTION & MEDICAL EQUIPMENT"
503.036,Safety harnesses,50,EQUIPMENT FOR CREW AND PASSENGERS,"LIFESAVING, PROTECTION & MEDICAL EQUIPMENT"
503.037,Bosuns' chairs,50,EQUIPMENT FOR CREW AND PASSENGERS,"LIFESAVING, PROTECTION & MEDICAL EQUIPMENT"
503.040,Rescue baskets,50,EQUIPMENT FOR CREW AND PASSENGERS,"LIFESAVING, PROTECTION & MEDICAL EQUIPMENT"
503.041,Boarding nets,50,EQUIPMENT FOR CREW AND PASSENGERS,"LIFESAVING, PROTECTION & MEDICAL EQUIPMENT"
503.042,Rescue stockings,50,EQUIPMENT FOR CREW AND PASSENGERS,"LIFESAVING, PROTECTION & MEDICAL EQUIPMENT"
503.043,Rescue nets,50,EQUIPMENT FOR CREW AND PASSENGERS,"LIFESAVING, PROTECTION & MEDICAL EQUIPMENT"
503.045,Rescue harpoon canons,50,EQUIPMENT FOR CREW AND PASSENGERS,"LIFESAVING, PROTECTION & MEDICAL EQUIPMENT"
503.050,Catering equipment,50,EQUIPMENT FOR CREW AND PASSENGERS,"LIFESAVING, PROTECTION & MEDICAL EQUIPMENT"
503.051,Corpse containers,50,EQUIPMENT FOR CREW AND PASSENGERS,"LIFESAVING, PROTECTION & MEDICAL EQUIPMENT"
503.070,Safety plan case,50,EQUIPMENT FOR CREW AND PASSENGERS,"LIFESAVING, PROTECTION & MEDICAL EQUIPMENT"
504,"MEDICAL, FIRST AID & DENTAL EQUIPMENT, MEDICINES",50,EQUIPMENT FOR CREW AND PASSENGERS,"LIFESAVING, PROTECTION & MEDICAL EQUIPMENT"
504.001,Dentists' equipment,50,EQUIPMENT FOR CREW AND PASSENGERS,"LIFESAVING, PROTECTION & MEDICAL EQUIPMENT"
504.003,Dentists' chairs,50,EQUIPMENT FOR CREW AND PASSENGERS,"LIFESAVING, PROTECTION & MEDICAL EQUIPMENT"
504.005,Dentists' lamps,50,EQUIPMENT FOR CREW AND PASSENGERS,"LIFESAVING, PROTECTION & MEDICAL EQUIPMENT"
504.007,Heating cabinets,50,EQUIPMENT FOR CREW AND PASSENGERS,"LIFESAVING, PROTECTION & MEDICAL EQUIPMENT"
504.009,X-ray apparatus,50,EQUIPMENT FOR CREW AND PASSENGERS,"LIFESAVING, PROTECTION & MEDICAL EQUIPMENT"
504.011,Drilling equipment,50,EQUIPMENT FOR CREW AND PASSENGERS,"LIFESAVING, PROTECTION & MEDICAL EQUIPMENT"
504.013,Dentists' loose instruments,50,EQUIPMENT FOR CREW AND PASSENGERS,"LIFESAVING, PROTECTION & MEDICAL EQUIPMENT"
504.025,Doctors' equipment,50,EQUIPMENT FOR CREW AND PASSENGERS,"LIFESAVING, PROTECTION & MEDICAL EQUIPMENT"
504.027,Operating tables,50,EQUIPMENT FOR CREW AND PASSENGERS,"LIFESAVING, PROTECTION & MEDICAL EQUIPMENT"
504.028,Treatment tables,50,EQUIPMENT FOR CREW AND PASSENGERS,"LIFESAVING, PROTECTION & MEDICAL EQUIPMENT"
504.029,X-ray apparatus,50,EQUIPMENT FOR CREW AND PASSENGERS,"LIFESAVING, PROTECTION & MEDICAL EQUIPMENT"
504.031,Heating cabinets,50,EQUIPMENT FOR CREW AND PASSENGERS,"LIFESAVING, PROTECTION & MEDICAL EQUIPMENT"
504.033,Stretchers,50,EQUIPMENT FOR CREW AND PASSENGERS,"LIFESAVING, PROTECTION & MEDICAL EQUIPMENT"
504.035,Medicine lockers,50,EQUIPMENT FOR CREW AND PASSENGERS,"LIFESAVING, PROTECTION & MEDICAL EQUIPMENT"
504.037,Respirators,50,EQUIPMENT FOR CREW AND PASSENGERS,"LIFESAVING, PROTECTION & MEDICAL EQUIPMENT"
504.039,Medicines,50,EQUIPMENT FOR CREW AND PASSENGERS,"LIFESAVING, PROTECTION & MEDICAL EQUIPMENT"
504.041,First aid equipment,50,EQUIPMENT FOR CREW AND PASSENGERS,"LIFESAVING, PROTECTION & MEDICAL EQUIPMENT"
504.043,Doctors' loose instruments,50,EQUIPMENT FOR CREW AND PASSENGERS,"LIFESAVING, PROTECTION & MEDICAL EQUIPMENT"
504.045,Hospital furnishing,50,EQUIPMENT FOR CREW AND PASSENGERS,"LIFESAVING, PROTECTION & MEDICAL EQUIPMENT"
504.050,Protection equipment,50,EQUIPMENT FOR CREW AND PASSENGERS,"LIFESAVING, PROTECTION & MEDICAL EQUIPMENT"
504.052,Helmets,50,EQUIPMENT FOR CREW AND PASSENGERS,"LIFESAVING, PROTECTION & MEDICAL EQUIPMENT"
504.054,Ear protectors,50,EQUIPMENT FOR CREW AND PASSENGERS,"LIFESAVING, PROTECTION & MEDICAL EQUIPMENT"
504.056,Safety shoes,50,EQUIPMENT FOR CREW AND PASSENGERS,"LIFESAVING, PROTECTION & MEDICAL EQUIPMENT"
504.058,Work gloves,50,EQUIPMENT FOR CREW AND PASSENGERS,"LIFESAVING, PROTECTION & MEDICAL EQUIPMENT"
505,"LOOSE FIREFIGHTING APPARATUSES & EQUIP., FIREMEN'S OUTFIT",50,EQUIPMENT FOR CREW AND PASSENGERS,"LIFESAVING, PROTECTION & MEDICAL EQUIPMENT"
505.001,Fire extinguishing apparatus,50,EQUIPMENT FOR CREW AND PASSENGERS,"LIFESAVING, PROTECTION & MEDICAL EQUIPMENT"
505.010,Fire axes/crowbars,50,EQUIPMENT FOR CREW AND PASSENGERS,"LIFESAVING, PROTECTION & MEDICAL EQUIPMENT"
505.015,Portable drills,50,EQUIPMENT FOR CREW AND PASSENGERS,"LIFESAVING, PROTECTION & MEDICAL EQUIPMENT"
505.020,Portable cutting equipment,50,EQUIPMENT FOR CREW AND PASSENGERS,"LIFESAVING, PROTECTION & MEDICAL EQUIPMENT"
505.025,Safety lamps,50,EQUIPMENT FOR CREW AND PASSENGERS,"LIFESAVING, PROTECTION & MEDICAL EQUIPMENT"
505.030,Gas masks,50,EQUIPMENT FOR CREW AND PASSENGERS,"LIFESAVING, PROTECTION & MEDICAL EQUIPMENT"
505.035,Smoke diving equipment,50,EQUIPMENT FOR CREW AND PASSENGERS,"LIFESAVING, PROTECTION & MEDICAL EQUIPMENT"
505.040,Smoke diving compressor,50,EQUIPMENT FOR CREW AND PASSENGERS,"LIFESAVING, PROTECTION & MEDICAL EQUIPMENT"
505.042,Compressor el. equipment,50,EQUIPMENT FOR CREW AND PASSENGERS,"LIFESAVING, PROTECTION & MEDICAL EQUIPMENT"
505.045,Firemens' clothing,50,EQUIPMENT FOR CREW AND PASSENGERS,"LIFESAVING, PROTECTION & MEDICAL EQUIPMENT"
506,ABC PROTECTION EQUIPMENT,50,EQUIPMENT FOR CREW AND PASSENGERS,"LIFESAVING, PROTECTION & MEDICAL EQUIPMENT"
506.001,Radioactivity detection equipment,50,EQUIPMENT FOR CREW AND PASSENGERS,"LIFESAVING, PROTECTION & MEDICAL EQUIPMENT"
506.003,Radioactivity protection equipment,50,EQUIPMENT FOR CREW AND PASSENGERS,"LIFESAVING, PROTECTION & MEDICAL EQUIPMENT"
506.005,Radioactivity decontamination equipment,50,EQUIPMENT FOR CREW AND PASSENGERS,"LIFESAVING, PROTECTION & MEDICAL EQUIPMENT"
506.010,Biological detection equipment,50,EQUIPMENT FOR CREW AND PASSENGERS,"LIFESAVING, PROTECTION & MEDICAL EQUIPMENT"
506.013,Biological protection equipment,50,EQUIPMENT FOR CREW AND PASSENGERS,"LIFESAVING, PROTECTION & MEDICAL EQUIPMENT"
506.015,Biological decontamination equipment,50,EQUIPMENT FOR CREW AND PASSENGERS,"LIFESAVING, PROTECTION & MEDICAL EQUIPMENT"
506.020,Chemical detection equipment,50,EQUIPMENT FOR CREW AND PASSENGERS,"LIFESAVING, PROTECTION & MEDICAL EQUIPMENT"
506.023,Chemical protection equipment,50,EQUIPMENT FOR CREW AND PASSENGERS,"INSULATION, PANELS, BULKHEADS, DOORS, SIDESCUTTLES, SKYLIGHTS"
506.025,Chemical decontamination equipment,51,EQUIPMENT FOR CREW AND PASSENGERS,"INSULATION, PANELS, BULKHEADS, DOORS, SIDESCUTTLES, SKYLIGHTS"
511,"INSULATION, PARTITION BULKHEADS, PANELLING, WALLPAPER",51,EQUIPMENT FOR CREW AND PASSENGERS,"INSULATION, PANELS, BULKHEADS, DOORS, SIDESCUTTLES, SKYLIGHTS"
511.001,Window recesses,51,EQUIPMENT FOR CREW AND PASSENGERS,"INSULATION, PANELS, BULKHEADS, DOORS, SIDESCUTTLES, SKYLIGHTS"
511.002,Bulkhead/wall panelling,51,EQUIPMENT FOR CREW AND PASSENGERS,"INSULATION, PANELS, BULKHEADS, DOORS, SIDESCUTTLES, SKYLIGHTS"
511.003,Preinsulated partition bulkheads,51,EQUIPMENT FOR CREW AND PASSENGERS,"INSULATION, PANELS, BULKHEADS, DOORS, SIDESCUTTLES, SKYLIGHTS"
511.004,System-ceilings w/profiles,51,EQUIPMENT FOR CREW AND PASSENGERS,"INSULATION, PANELS, BULKHEADS, DOORS, SIDESCUTTLES, SKYLIGHTS"
511.006,Wet-room panelling,51,EQUIPMENT FOR CREW AND PASSENGERS,"INSULATION, PANELS, BULKHEADS, DOORS, SIDESCUTTLES, SKYLIGHTS"
511.010,Wallpaper,51,EQUIPMENT FOR CREW AND PASSENGERS,"INSULATION, PANELS, BULKHEADS, DOORS, SIDESCUTTLES, SKYLIGHTS"
512,DOORS W/COAMINGS IN ACCOMMODATION,51,EQUIPMENT FOR CREW AND PASSENGERS,"INSULATION, PANELS, BULKHEADS, DOORS, SIDESCUTTLES, SKYLIGHTS"
512.001,"Doors w/coaming, complete",51,EQUIPMENT FOR CREW AND PASSENGERS,"INSULATION, PANELS, BULKHEADS, DOORS, SIDESCUTTLES, SKYLIGHTS"
512.020,"Sliding doors, complete",51,EQUIPMENT FOR CREW AND PASSENGERS,"INSULATION, PANELS, BULKHEADS, DOORS, SIDESCUTTLES, SKYLIGHTS"
512.030,"Folding doors, complete",51,EQUIPMENT FOR CREW AND PASSENGERS,"INSULATION, PANELS, BULKHEADS, DOORS, SIDESCUTTLES, SKYLIGHTS"
512.035,"Fixtures, locks",51,EQUIPMENT FOR CREW AND PASSENGERS,"INSULATION, PANELS, BULKHEADS, DOORS, SIDESCUTTLES, SKYLIGHTS"
513,OTHER INTERNAL DOORS W/COAMINGS,51,EQUIPMENT FOR CREW AND PASSENGERS,"INSULATION, PANELS, BULKHEADS, DOORS, SIDESCUTTLES, SKYLIGHTS"
513.001,"Watertight doors, complete",51,EQUIPMENT FOR CREW AND PASSENGERS,"INSULATION, PANELS, BULKHEADS, DOORS, SIDESCUTTLES, SKYLIGHTS"
513.002,"Watertight sliding doors, complete",51,EQUIPMENT FOR CREW AND PASSENGERS,"INSULATION, PANELS, BULKHEADS, DOORS, SIDESCUTTLES, SKYLIGHTS"
513.005,"Spraytight doors, complete",51,EQUIPMENT FOR CREW AND PASSENGERS,"INSULATION, PANELS, BULKHEADS, DOORS, SIDESCUTTLES, SKYLIGHTS"
513.010,"Gastight A60 doors, complete",51,EQUIPMENT FOR CREW AND PASSENGERS,"INSULATION, PANELS, BULKHEADS, DOORS, SIDESCUTTLES, SKYLIGHTS"
513.011,"Gastight A30 doors, complete",51,EQUIPMENT FOR CREW AND PASSENGERS,"INSULATION, PANELS, BULKHEADS, DOORS, SIDESCUTTLES, SKYLIGHTS"
513.012,"Gastight A0 doors, complete",51,EQUIPMENT FOR CREW AND PASSENGERS,"INSULATION, PANELS, BULKHEADS, DOORS, SIDESCUTTLES, SKYLIGHTS"
513.015,"Insulated doors, complete",51,EQUIPMENT FOR CREW AND PASSENGERS,"INSULATION, PANELS, BULKHEADS, DOORS, SIDESCUTTLES, SKYLIGHTS"
513.020,"Emergency doors, complete",51,EQUIPMENT FOR CREW AND PASSENGERS,"INSULATION, PANELS, BULKHEADS, DOORS, SIDESCUTTLES, SKYLIGHTS"
513.025,"Stores doors, complete",51,EQUIPMENT FOR CREW AND PASSENGERS,"INSULATION, PANELS, BULKHEADS, DOORS, SIDESCUTTLES, SKYLIGHTS"
513.030,Door closing mechanisms,51,EQUIPMENT FOR CREW AND PASSENGERS,"INSULATION, PANELS, BULKHEADS, DOORS, SIDESCUTTLES, SKYLIGHTS"
514,EXTERNAL DOORS W/COAMINGS,51,EQUIPMENT FOR CREW AND PASSENGERS,"INSULATION, PANELS, BULKHEADS, DOORS, SIDESCUTTLES, SKYLIGHTS"
514.001,"Teak doors, complete",51,EQUIPMENT FOR CREW AND PASSENGERS,"INSULATION, PANELS, BULKHEADS, DOORS, SIDESCUTTLES, SKYLIGHTS"
514.005,"Weathertight doors, complete",51,EQUIPMENT FOR CREW AND PASSENGERS,"INSULATION, PANELS, BULKHEADS, DOORS, SIDESCUTTLES, SKYLIGHTS"
514.009,"Spraytight doors, complete",51,EQUIPMENT FOR CREW AND PASSENGERS,"INSULATION, PANELS, BULKHEADS, DOORS, SIDESCUTTLES, SKYLIGHTS"
514.010,"Gastight A60 doors, complete",51,EQUIPMENT FOR CREW AND PASSENGERS,"INSULATION, PANELS, BULKHEADS, DOORS, SIDESCUTTLES, SKYLIGHTS"
514.011,"Gastight A30 doors, complete",51,EQUIPMENT FOR CREW AND PASSENGERS,"INSULATION, PANELS, BULKHEADS, DOORS, SIDESCUTTLES, SKYLIGHTS"
514.012,"Gastight A0 doors, complete",51,EQUIPMENT FOR CREW AND PASSENGERS,"INSULATION, PANELS, BULKHEADS, DOORS, SIDESCUTTLES, SKYLIGHTS"
514.015,"Sliding doors, complete",51,EQUIPMENT FOR CREW AND PASSENGERS,"INSULATION, PANELS, BULKHEADS, DOORS, SIDESCUTTLES, SKYLIGHTS"
514.025,"Mosquito doors, complete",51,EQUIPMENT FOR CREW AND PASSENGERS,"INSULATION, PANELS, BULKHEADS, DOORS, SIDESCUTTLES, SKYLIGHTS"
515,SIDE SCUTTLES & WINDOWS W/EQUIPMENT,51,EQUIPMENT FOR CREW AND PASSENGERS,"INSULATION, PANELS, BULKHEADS, DOORS, SIDESCUTTLES, SKYLIGHTS"
515.001,"Side scuttles, complete",51,EQUIPMENT FOR CREW AND PASSENGERS,"INSULATION, PANELS, BULKHEADS, DOORS, SIDESCUTTLES, SKYLIGHTS"
515.005,"Windows, complete",51,EQUIPMENT FOR CREW AND PASSENGERS,"INSULATION, PANELS, BULKHEADS, DOORS, SIDESCUTTLES, SKYLIGHTS"
515.010,"Clear view screens, complete",51,EQUIPMENT FOR CREW AND PASSENGERS,"INSULATION, PANELS, BULKHEADS, DOORS, SIDESCUTTLES, SKYLIGHTS"
515.015,"Sliding windows, complete",51,EQUIPMENT FOR CREW AND PASSENGERS,"INSULATION, PANELS, BULKHEADS, DOORS, SIDESCUTTLES, SKYLIGHTS"
515.050,Window wiper plants,51,EQUIPMENT FOR CREW AND PASSENGERS,"INSULATION, PANELS, BULKHEADS, DOORS, SIDESCUTTLES, SKYLIGHTS"
516,SKYLIGHTS W/EQUIPMENT,51,EQUIPMENT FOR CREW AND PASSENGERS,"INSULATION, PANELS, BULKHEADS, DOORS, SIDESCUTTLES, SKYLIGHTS"
516.001,"Engine room skylights, complete",51,EQUIPMENT FOR CREW AND PASSENGERS,"INSULATION, PANELS, BULKHEADS, DOORS, SIDESCUTTLES, SKYLIGHTS"
516.003,"Pump room skylights, complete",51,EQUIPMENT FOR CREW AND PASSENGERS,"INSULATION, PANELS, BULKHEADS, DOORS, SIDESCUTTLES, SKYLIGHTS"
516.005,"Galley skylights, complete",51,EQUIPMENT FOR CREW AND PASSENGERS,"INSULATION, PANELS, BULKHEADS, DOORS, SIDESCUTTLES, SKYLIGHTS"
516.007,"Messroom skylights, complete",51,EQUIPMENT FOR CREW AND PASSENGERS,"INTERNAL DECK COVERING, LADDERS, STEPS, RAILING"
516.050,Skylight lifting equipment,52,EQUIPMENT FOR CREW AND PASSENGERS,"INTERNAL DECK COVERING, LADDERS, STEPS, RAILING"
521,INTERNAL DECK BASE COVERING,52,EQUIPMENT FOR CREW AND PASSENGERS,"INTERNAL DECK COVERING, LADDERS, STEPS, RAILING"
521.001,Levelling compound,52,EQUIPMENT FOR CREW AND PASSENGERS,"INTERNAL DECK COVERING, LADDERS, STEPS, RAILING"
522,"INTERNAL DECK TOP COVERING (LINOLEUM, TILES, PARQUET ETC.)",52,EQUIPMENT FOR CREW AND PASSENGERS,"INTERNAL DECK COVERING, LADDERS, STEPS, RAILING"
522.001,"Vinyl covering, linoleum",52,EQUIPMENT FOR CREW AND PASSENGERS,"INTERNAL DECK COVERING, LADDERS, STEPS, RAILING"
522.002,"Carpets, carpet tiles",52,EQUIPMENT FOR CREW AND PASSENGERS,"INTERNAL DECK COVERING, LADDERS, STEPS, RAILING"
522.003,Tiles,52,EQUIPMENT FOR CREW AND PASSENGERS,"INTERNAL DECK COVERING, LADDERS, STEPS, RAILING"
522.004,Scattered covering,52,EQUIPMENT FOR CREW AND PASSENGERS,"INTERNAL DECK COVERING, LADDERS, STEPS, RAILING"
522.010,Corridor deck covering,52,EQUIPMENT FOR CREW AND PASSENGERS,"INTERNAL DECK COVERING, LADDERS, STEPS, RAILING"
522.020,Public room deck covering,52,EQUIPMENT FOR CREW AND PASSENGERS,"INTERNAL DECK COVERING, LADDERS, STEPS, RAILING"
522.030,Galley deck covering,52,EQUIPMENT FOR CREW AND PASSENGERS,"INTERNAL DECK COVERING, LADDERS, STEPS, RAILING"
522.040,Cabin deck covering,52,EQUIPMENT FOR CREW AND PASSENGERS,"INTERNAL DECK COVERING, LADDERS, STEPS, RAILING"
522.050,Wheel house deck covering,52,EQUIPMENT FOR CREW AND PASSENGERS,"INTERNAL DECK COVERING, LADDERS, STEPS, RAILING"
522.060,Control room deck covering,52,EQUIPMENT FOR CREW AND PASSENGERS,"INTERNAL DECK COVERING, LADDERS, STEPS, RAILING"
522.070,Wet room deck covering,52,EQUIPMENT FOR CREW AND PASSENGERS,"INTERNAL DECK COVERING, LADDERS, STEPS, RAILING"
523,INTERNAL GRATING & WOOD DECKS,52,EQUIPMENT FOR CREW AND PASSENGERS,"INTERNAL DECK COVERING, LADDERS, STEPS, RAILING"
523.001,Grating,52,EQUIPMENT FOR CREW AND PASSENGERS,"INTERNAL DECK COVERING, LADDERS, STEPS, RAILING"
524,"LOOSE FLOOR PLATES, PLATFORMS, STEPS & LADDERS IN ACCOMMOD.",52,EQUIPMENT FOR CREW AND PASSENGERS,"INTERNAL DECK COVERING, LADDERS, STEPS, RAILING"
524.001,Steps w/railing,52,EQUIPMENT FOR CREW AND PASSENGERS,"INTERNAL DECK COVERING, LADDERS, STEPS, RAILING"
524.006,Ladders w/railing,52,EQUIPMENT FOR CREW AND PASSENGERS,"INTERNAL DECK COVERING, LADDERS, STEPS, RAILING"
524.011,Platforms w/railing,52,EQUIPMENT FOR CREW AND PASSENGERS,"INTERNAL DECK COVERING, LADDERS, STEPS, RAILING"
524.020,Computer flooring,52,EQUIPMENT FOR CREW AND PASSENGERS,"INTERNAL DECK COVERING, LADDERS, STEPS, RAILING"
525,"LOOSE FLOOR PLATES, PLATFORMS & LADDERS IN ENG. & PUMP ROOMS",52,EQUIPMENT FOR CREW AND PASSENGERS,"INTERNAL DECK COVERING, LADDERS, STEPS, RAILING"
525.001,Steps w/railing,52,EQUIPMENT FOR CREW AND PASSENGERS,"INTERNAL DECK COVERING, LADDERS, STEPS, RAILING"
525.006,Ladders w/railing,52,EQUIPMENT FOR CREW AND PASSENGERS,"INTERNAL DECK COVERING, LADDERS, STEPS, RAILING"
525.011,Platforms w/railing,52,EQUIPMENT FOR CREW AND PASSENGERS,"INTERNAL DECK COVERING, LADDERS, STEPS, RAILING"
526,"LADDERS, PLATFORMS & RAILING IN BALLAST & FUEL TANKS",52,EQUIPMENT FOR CREW AND PASSENGERS,"INTERNAL DECK COVERING, LADDERS, STEPS, RAILING"
526.001,Steps w/railing,52,EQUIPMENT FOR CREW AND PASSENGERS,"INTERNAL DECK COVERING, LADDERS, STEPS, RAILING"
526.006,Ladders w/railing,52,EQUIPMENT FOR CREW AND PASSENGERS,"INTERNAL DECK COVERING, LADDERS, STEPS, RAILING"
526.011,Platforms w/railing,52,EQUIPMENT FOR CREW AND PASSENGERS,"INTERNAL DECK COVERING, LADDERS, STEPS, RAILING"
527,"PLATFORMS, LADDERS & RAILING IN CARGO TANKS",52,EQUIPMENT FOR CREW AND PASSENGERS,"INTERNAL DECK COVERING, LADDERS, STEPS, RAILING"
527.001,Steps w/railing,52,EQUIPMENT FOR CREW AND PASSENGERS,"INTERNAL DECK COVERING, LADDERS, STEPS, RAILING"
527.006,Ladders w/railing,52,EQUIPMENT FOR CREW AND PASSENGERS,"INTERNAL DECK COVERING, LADDERS, STEPS, RAILING"
527.011,Platforms w/railing,52,EQUIPMENT FOR CREW AND PASSENGERS,"INTERNAL DECK COVERING, LADDERS, STEPS, RAILING"
528,"PLATFORMS, LADDERS & RAILING IN CARGO HOLDS",52,EQUIPMENT FOR CREW AND PASSENGERS,"INTERNAL DECK COVERING, LADDERS, STEPS, RAILING"
528.001,Steps w/railing,52,EQUIPMENT FOR CREW AND PASSENGERS,"INTERNAL DECK COVERING, LADDERS, STEPS, RAILING"
528.006,Ladders w/railing,52,EQUIPMENT FOR CREW AND PASSENGERS,"EXT. DECK COVERING, LADDERS, STEPS, FORE & AFT GANGWAY"
528.011,Platforms w/railing,53,EQUIPMENT FOR CREW AND PASSENGERS,"EXT. DECK COVERING, LADDERS, STEPS, FORE & AFT GANGWAY"
531,EXTERNAL DECK COVERING,53,EQUIPMENT FOR CREW AND PASSENGERS,"EXT. DECK COVERING, LADDERS, STEPS, FORE & AFT GANGWAY"
532,EXTERNAL WOOD DECKS,53,EQUIPMENT FOR CREW AND PASSENGERS,"EXT. DECK COVERING, LADDERS, STEPS, FORE & AFT GANGWAY"
532.001,Wood decks,53,EQUIPMENT FOR CREW AND PASSENGERS,"EXT. DECK COVERING, LADDERS, STEPS, FORE & AFT GANGWAY"
532.002,Wood deck boundary bars,53,EQUIPMENT FOR CREW AND PASSENGERS,"EXT. DECK COVERING, LADDERS, STEPS, FORE & AFT GANGWAY"
533,"HANDRAILS, RAILING, RAIL GATES",53,EQUIPMENT FOR CREW AND PASSENGERS,"EXT. DECK COVERING, LADDERS, STEPS, FORE & AFT GANGWAY"
533.001,Handrails,53,EQUIPMENT FOR CREW AND PASSENGERS,"EXT. DECK COVERING, LADDERS, STEPS, FORE & AFT GANGWAY"
533.005,Toprails,53,EQUIPMENT FOR CREW AND PASSENGERS,"EXT. DECK COVERING, LADDERS, STEPS, FORE & AFT GANGWAY"
533.010,Railgates,53,EQUIPMENT FOR CREW AND PASSENGERS,"EXT. DECK COVERING, LADDERS, STEPS, FORE & AFT GANGWAY"
534,"EXTERNAL PLATFORMS, STEPS, LADDERS & GRATING W/EQUIPMENT",53,EQUIPMENT FOR CREW AND PASSENGERS,"EXT. DECK COVERING, LADDERS, STEPS, FORE & AFT GANGWAY"
534.001,Steps,53,EQUIPMENT FOR CREW AND PASSENGERS,"EXT. DECK COVERING, LADDERS, STEPS, FORE & AFT GANGWAY"
534.006,Ladders,53,EQUIPMENT FOR CREW AND PASSENGERS,"EXT. DECK COVERING, LADDERS, STEPS, FORE & AFT GANGWAY"
534.011,Platforms,53,EQUIPMENT FOR CREW AND PASSENGERS,"EXT. DECK COVERING, LADDERS, STEPS, FORE & AFT GANGWAY"
534.016,Grating,53,EQUIPMENT FOR CREW AND PASSENGERS,"EXT. DECK COVERING, LADDERS, STEPS, FORE & AFT GANGWAY"
535,FORE & AFT GANGWAYS W/EQUIPMENT,53,EQUIPMENT FOR CREW AND PASSENGERS,"EXT. DECK COVERING, LADDERS, STEPS, FORE & AFT GANGWAY"
535.001,Fore & aft gangways w/railing,53,EQUIPMENT FOR CREW AND PASSENGERS,"EXT. DECK COVERING, LADDERS, STEPS, FORE & AFT GANGWAY"
535.005,Steps w/railing,53,EQUIPMENT FOR CREW AND PASSENGERS,"EXT. DECK COVERING, LADDERS, STEPS, FORE & AFT GANGWAY"
535.006,Ladders w/railing,53,EQUIPMENT FOR CREW AND PASSENGERS,"EXT. DECK COVERING, LADDERS, STEPS, FORE & AFT GANGWAY"
535.011,Platforms w/railing,53,EQUIPMENT FOR CREW AND PASSENGERS,"EXT. DECK COVERING, LADDERS, STEPS, FORE & AFT GANGWAY"
536,AWNINGS W/EQUIPMENT,53,EQUIPMENT FOR CREW AND PASSENGERS,"EXT. DECK COVERING, LADDERS, STEPS, FORE & AFT GANGWAY"
537,"DECK TABLES & CHAIRS, SWIMMING POOLS",53,EQUIPMENT FOR CREW AND PASSENGERS,"EXT. DECK COVERING, LADDERS, STEPS, FORE & AFT GANGWAY"
537.001,Deck tables,53,EQUIPMENT FOR CREW AND PASSENGERS,"EXT. DECK COVERING, LADDERS, STEPS, FORE & AFT GANGWAY"
537.005,Deck chairs,53,EQUIPMENT FOR CREW AND PASSENGERS,"EXT. DECK COVERING, LADDERS, STEPS, FORE & AFT GANGWAY"
537.010,Parasols,53,EQUIPMENT FOR CREW AND PASSENGERS,"EXT. DECK COVERING, LADDERS, STEPS, FORE & AFT GANGWAY"
537.015,Swimming pools,53,EQUIPMENT FOR CREW AND PASSENGERS,"FURNITURE, INVENTORY, ENTERTAINMENT EQUIPMENT"
537.020,Mud vacuum cleaners,54,EQUIPMENT FOR CREW AND PASSENGERS,"FURNITURE, INVENTORY, ENTERTAINMENT EQUIPMENT"
541,"FURNITURE FOR CREW, STANDARD FURNITURE",54,EQUIPMENT FOR CREW AND PASSENGERS,"FURNITURE, INVENTORY, ENTERTAINMENT EQUIPMENT"
541.001,Buffets,54,EQUIPMENT FOR CREW AND PASSENGERS,"FURNITURE, INVENTORY, ENTERTAINMENT EQUIPMENT"
541.006,Chests of drawers,54,EQUIPMENT FOR CREW AND PASSENGERS,"FURNITURE, INVENTORY, ENTERTAINMENT EQUIPMENT"
541.011,Tables,54,EQUIPMENT FOR CREW AND PASSENGERS,"FURNITURE, INVENTORY, ENTERTAINMENT EQUIPMENT"
541.018,Chairs,54,EQUIPMENT FOR CREW AND PASSENGERS,"FURNITURE, INVENTORY, ENTERTAINMENT EQUIPMENT"
541.025,Writing desks,54,EQUIPMENT FOR CREW AND PASSENGERS,"FURNITURE, INVENTORY, ENTERTAINMENT EQUIPMENT"
541.028,Beds,54,EQUIPMENT FOR CREW AND PASSENGERS,"FURNITURE, INVENTORY, ENTERTAINMENT EQUIPMENT"
541.030,Pelmets,54,EQUIPMENT FOR CREW AND PASSENGERS,"FURNITURE, INVENTORY, ENTERTAINMENT EQUIPMENT"
541.035,Sofas,54,EQUIPMENT FOR CREW AND PASSENGERS,"FURNITURE, INVENTORY, ENTERTAINMENT EQUIPMENT"
541.040,Bedside tables,54,EQUIPMENT FOR CREW AND PASSENGERS,"FURNITURE, INVENTORY, ENTERTAINMENT EQUIPMENT"
541.041,Spectacle shelves,54,EQUIPMENT FOR CREW AND PASSENGERS,"FURNITURE, INVENTORY, ENTERTAINMENT EQUIPMENT"
541.042,Wardrobes,54,EQUIPMENT FOR CREW AND PASSENGERS,"FURNITURE, INVENTORY, ENTERTAINMENT EQUIPMENT"
541.045,Dressing tables,54,EQUIPMENT FOR CREW AND PASSENGERS,"FURNITURE, INVENTORY, ENTERTAINMENT EQUIPMENT"
541.048,Bathroom shelves/lockers,54,EQUIPMENT FOR CREW AND PASSENGERS,"FURNITURE, INVENTORY, ENTERTAINMENT EQUIPMENT"
541.050,Book shelves,54,EQUIPMENT FOR CREW AND PASSENGERS,"FURNITURE, INVENTORY, ENTERTAINMENT EQUIPMENT"
541.052,Cloakroom shelves,54,EQUIPMENT FOR CREW AND PASSENGERS,"FURNITURE, INVENTORY, ENTERTAINMENT EQUIPMENT"
541.055,Refrigerators,54,EQUIPMENT FOR CREW AND PASSENGERS,"FURNITURE, INVENTORY, ENTERTAINMENT EQUIPMENT"
541.058,Bar lockers,54,EQUIPMENT FOR CREW AND PASSENGERS,"FURNITURE, INVENTORY, ENTERTAINMENT EQUIPMENT"
541.060,Bar counters,54,EQUIPMENT FOR CREW AND PASSENGERS,"FURNITURE, INVENTORY, ENTERTAINMENT EQUIPMENT"
541.065,Bar stools,54,EQUIPMENT FOR CREW AND PASSENGERS,"FURNITURE, INVENTORY, ENTERTAINMENT EQUIPMENT"
541.070,Messroom furniture,54,EQUIPMENT FOR CREW AND PASSENGERS,"FURNITURE, INVENTORY, ENTERTAINMENT EQUIPMENT"
542,"OFFICE EQUIP. & SPEC. FURNITURE IN WHEELH., CHART & RADIOR.",54,EQUIPMENT FOR CREW AND PASSENGERS,"FURNITURE, INVENTORY, ENTERTAINMENT EQUIPMENT"
542.001,Writing desks,54,EQUIPMENT FOR CREW AND PASSENGERS,"FURNITURE, INVENTORY, ENTERTAINMENT EQUIPMENT"
542.005,Counters,54,EQUIPMENT FOR CREW AND PASSENGERS,"FURNITURE, INVENTORY, ENTERTAINMENT EQUIPMENT"
542.010,Office shelves,54,EQUIPMENT FOR CREW AND PASSENGERS,"FURNITURE, INVENTORY, ENTERTAINMENT EQUIPMENT"
542.015,Chart tables,54,EQUIPMENT FOR CREW AND PASSENGERS,"FURNITURE, INVENTORY, ENTERTAINMENT EQUIPMENT"
542.018,Chart racks,54,EQUIPMENT FOR CREW AND PASSENGERS,"FURNITURE, INVENTORY, ENTERTAINMENT EQUIPMENT"
542.020,Flag lockers/racks,54,EQUIPMENT FOR CREW AND PASSENGERS,"FURNITURE, INVENTORY, ENTERTAINMENT EQUIPMENT"
542.022,Tables,54,EQUIPMENT FOR CREW AND PASSENGERS,"FURNITURE, INVENTORY, ENTERTAINMENT EQUIPMENT"
542.025,Chairs,54,EQUIPMENT FOR CREW AND PASSENGERS,"FURNITURE, INVENTORY, ENTERTAINMENT EQUIPMENT"
542.030,"Shelves, racks",54,EQUIPMENT FOR CREW AND PASSENGERS,"FURNITURE, INVENTORY, ENTERTAINMENT EQUIPMENT"
542.035,Typewriters,54,EQUIPMENT FOR CREW AND PASSENGERS,"FURNITURE, INVENTORY, ENTERTAINMENT EQUIPMENT"
542.040,Calculators,54,EQUIPMENT FOR CREW AND PASSENGERS,"FURNITURE, INVENTORY, ENTERTAINMENT EQUIPMENT"
542.045,Cash registers,54,EQUIPMENT FOR CREW AND PASSENGERS,"FURNITURE, INVENTORY, ENTERTAINMENT EQUIPMENT"
542.050,Safes,54,EQUIPMENT FOR CREW AND PASSENGERS,"FURNITURE, INVENTORY, ENTERTAINMENT EQUIPMENT"
542.055,Filing cabinets,54,EQUIPMENT FOR CREW AND PASSENGERS,"FURNITURE, INVENTORY, ENTERTAINMENT EQUIPMENT"
542.060,Key lockers,54,EQUIPMENT FOR CREW AND PASSENGERS,"FURNITURE, INVENTORY, ENTERTAINMENT EQUIPMENT"
543,"BEDCLOTH, MATTRESSES",54,EQUIPMENT FOR CREW AND PASSENGERS,"FURNITURE, INVENTORY, ENTERTAINMENT EQUIPMENT"
543.001,Mattresses,54,EQUIPMENT FOR CREW AND PASSENGERS,"FURNITURE, INVENTORY, ENTERTAINMENT EQUIPMENT"
543.005,Eiderdowns,54,EQUIPMENT FOR CREW AND PASSENGERS,"FURNITURE, INVENTORY, ENTERTAINMENT EQUIPMENT"
543.010,Pillows,54,EQUIPMENT FOR CREW AND PASSENGERS,"FURNITURE, INVENTORY, ENTERTAINMENT EQUIPMENT"
543.015,"Blankets, quilts",54,EQUIPMENT FOR CREW AND PASSENGERS,"FURNITURE, INVENTORY, ENTERTAINMENT EQUIPMENT"
543.020,Bedspreads,54,EQUIPMENT FOR CREW AND PASSENGERS,"FURNITURE, INVENTORY, ENTERTAINMENT EQUIPMENT"
543.023,Sheets,54,EQUIPMENT FOR CREW AND PASSENGERS,"FURNITURE, INVENTORY, ENTERTAINMENT EQUIPMENT"
543.025,Drawsheets,54,EQUIPMENT FOR CREW AND PASSENGERS,"FURNITURE, INVENTORY, ENTERTAINMENT EQUIPMENT"
543.027,Eiderdown covers,54,EQUIPMENT FOR CREW AND PASSENGERS,"FURNITURE, INVENTORY, ENTERTAINMENT EQUIPMENT"
543.032,Pillow covers,54,EQUIPMENT FOR CREW AND PASSENGERS,"FURNITURE, INVENTORY, ENTERTAINMENT EQUIPMENT"
544,"CURTAINS, CARPETS",54,EQUIPMENT FOR CREW AND PASSENGERS,"FURNITURE, INVENTORY, ENTERTAINMENT EQUIPMENT"
544.001,Curtains,54,EQUIPMENT FOR CREW AND PASSENGERS,"FURNITURE, INVENTORY, ENTERTAINMENT EQUIPMENT"
544.008,Portieres,54,EQUIPMENT FOR CREW AND PASSENGERS,"FURNITURE, INVENTORY, ENTERTAINMENT EQUIPMENT"
544.010,Carpets,54,EQUIPMENT FOR CREW AND PASSENGERS,"FURNITURE, INVENTORY, ENTERTAINMENT EQUIPMENT"
545,"DECORATIONS, FIGUREHEADS",54,EQUIPMENT FOR CREW AND PASSENGERS,"FURNITURE, INVENTORY, ENTERTAINMENT EQUIPMENT"
545.001,Flower arrangement,54,EQUIPMENT FOR CREW AND PASSENGERS,"FURNITURE, INVENTORY, ENTERTAINMENT EQUIPMENT"
545.003,Paintings w/frame,54,EQUIPMENT FOR CREW AND PASSENGERS,"FURNITURE, INVENTORY, ENTERTAINMENT EQUIPMENT"
545.010,Reproductions w/frame,54,EQUIPMENT FOR CREW AND PASSENGERS,"FURNITURE, INVENTORY, ENTERTAINMENT EQUIPMENT"
545.015,Photographs w/frame,54,EQUIPMENT FOR CREW AND PASSENGERS,"FURNITURE, INVENTORY, ENTERTAINMENT EQUIPMENT"
545.025,Sculptures,54,EQUIPMENT FOR CREW AND PASSENGERS,"FURNITURE, INVENTORY, ENTERTAINMENT EQUIPMENT"
545.030,"Knick-knacks, figures",54,EQUIPMENT FOR CREW AND PASSENGERS,"FURNITURE, INVENTORY, ENTERTAINMENT EQUIPMENT"
545.040,Wall tapestries,54,EQUIPMENT FOR CREW AND PASSENGERS,"FURNITURE, INVENTORY, ENTERTAINMENT EQUIPMENT"
545.045,Table runners,54,EQUIPMENT FOR CREW AND PASSENGERS,"FURNITURE, INVENTORY, ENTERTAINMENT EQUIPMENT"
545.050,Figureheads,54,EQUIPMENT FOR CREW AND PASSENGERS,"FURNITURE, INVENTORY, ENTERTAINMENT EQUIPMENT"
546,"HOBBY, SPORTS & ENTERTAINMENT EQUIPMENT",54,EQUIPMENT FOR CREW AND PASSENGERS,"FURNITURE, INVENTORY, ENTERTAINMENT EQUIPMENT"
546.001,Trim apparatus,54,EQUIPMENT FOR CREW AND PASSENGERS,"FURNITURE, INVENTORY, ENTERTAINMENT EQUIPMENT"
546.002,Ergometer bikes,54,EQUIPMENT FOR CREW AND PASSENGERS,"FURNITURE, INVENTORY, ENTERTAINMENT EQUIPMENT"
546.003,Rowing apparatus,54,EQUIPMENT FOR CREW AND PASSENGERS,"FURNITURE, INVENTORY, ENTERTAINMENT EQUIPMENT"
546.004,Strength training apparatus,54,EQUIPMENT FOR CREW AND PASSENGERS,"FURNITURE, INVENTORY, ENTERTAINMENT EQUIPMENT"
546.005,Finnish bath stoves,54,EQUIPMENT FOR CREW AND PASSENGERS,"FURNITURE, INVENTORY, ENTERTAINMENT EQUIPMENT"
546.007,Finnish bath heating coils,54,EQUIPMENT FOR CREW AND PASSENGERS,"FURNITURE, INVENTORY, ENTERTAINMENT EQUIPMENT"
546.009,Dark room equipment,54,EQUIPMENT FOR CREW AND PASSENGERS,"FURNITURE, INVENTORY, ENTERTAINMENT EQUIPMENT"
546.015,Books,54,EQUIPMENT FOR CREW AND PASSENGERS,"FURNITURE, INVENTORY, ENTERTAINMENT EQUIPMENT"
546.025,Film projectors,54,EQUIPMENT FOR CREW AND PASSENGERS,"FURNITURE, INVENTORY, ENTERTAINMENT EQUIPMENT"
546.027,Slide projectors,54,EQUIPMENT FOR CREW AND PASSENGERS,"FURNITURE, INVENTORY, ENTERTAINMENT EQUIPMENT"
546.029,Movie screens,54,EQUIPMENT FOR CREW AND PASSENGERS,"FURNITURE, INVENTORY, ENTERTAINMENT EQUIPMENT"
546.031,Television sets,54,EQUIPMENT FOR CREW AND PASSENGERS,"FURNITURE, INVENTORY, ENTERTAINMENT EQUIPMENT"
546.032,Video players,54,EQUIPMENT FOR CREW AND PASSENGERS,"FURNITURE, INVENTORY, ENTERTAINMENT EQUIPMENT"
546.033,Record players,54,EQUIPMENT FOR CREW AND PASSENGERS,"FURNITURE, INVENTORY, ENTERTAINMENT EQUIPMENT"
546.034,CD players,54,EQUIPMENT FOR CREW AND PASSENGERS,"FURNITURE, INVENTORY, ENTERTAINMENT EQUIPMENT"
546.035,Sound amplifiers,54,EQUIPMENT FOR CREW AND PASSENGERS,"FURNITURE, INVENTORY, ENTERTAINMENT EQUIPMENT"
546.037,Tape recorders,54,EQUIPMENT FOR CREW AND PASSENGERS,"FURNITURE, INVENTORY, ENTERTAINMENT EQUIPMENT"
546.039,Radios,54,EQUIPMENT FOR CREW AND PASSENGERS,"FURNITURE, INVENTORY, ENTERTAINMENT EQUIPMENT"
546.041,Loud speakers,54,EQUIPMENT FOR CREW AND PASSENGERS,"FURNITURE, INVENTORY, ENTERTAINMENT EQUIPMENT"
546.043,Games,54,EQUIPMENT FOR CREW AND PASSENGERS,"FURNITURE, INVENTORY, ENTERTAINMENT EQUIPMENT"
546.045,Gambling machines,54,EQUIPMENT FOR CREW AND PASSENGERS,"FURNITURE, INVENTORY, ENTERTAINMENT EQUIPMENT"
546.050,Radio/TV antenna (entertainment),54,EQUIPMENT FOR CREW AND PASSENGERS,"FURNITURE, INVENTORY, ENTERTAINMENT EQUIPMENT"
546.052,TV antenna,54,EQUIPMENT FOR CREW AND PASSENGERS,"FURNITURE, INVENTORY, ENTERTAINMENT EQUIPMENT"
546.054,Radio antenna,54,EQUIPMENT FOR CREW AND PASSENGERS,"FURNITURE, INVENTORY, ENTERTAINMENT EQUIPMENT"
547,"INVENTORY, SMALLER ITEMS",54,EQUIPMENT FOR CREW AND PASSENGERS,"FURNITURE, INVENTORY, ENTERTAINMENT EQUIPMENT"
547.001,Mirrors,54,EQUIPMENT FOR CREW AND PASSENGERS,"FURNITURE, INVENTORY, ENTERTAINMENT EQUIPMENT"
547.005,Towel automats,54,EQUIPMENT FOR CREW AND PASSENGERS,"FURNITURE, INVENTORY, ENTERTAINMENT EQUIPMENT"
547.010,Waste paper baskets,54,EQUIPMENT FOR CREW AND PASSENGERS,"FURNITURE, INVENTORY, ENTERTAINMENT EQUIPMENT"
547.015,Ashtrays,54,EQUIPMENT FOR CREW AND PASSENGERS,"FURNITURE, INVENTORY, ENTERTAINMENT EQUIPMENT"
548,FURNITURE FOR PASSENGERS,54,EQUIPMENT FOR CREW AND PASSENGERS,"FURNITURE, INVENTORY, ENTERTAINMENT EQUIPMENT"
548.001,Buffets,54,EQUIPMENT FOR CREW AND PASSENGERS,"FURNITURE, INVENTORY, ENTERTAINMENT EQUIPMENT"
548.006,Chests of drawers,54,EQUIPMENT FOR CREW AND PASSENGERS,"FURNITURE, INVENTORY, ENTERTAINMENT EQUIPMENT"
548.011,Tables,54,EQUIPMENT FOR CREW AND PASSENGERS,"FURNITURE, INVENTORY, ENTERTAINMENT EQUIPMENT"
548.018,Chairs,54,EQUIPMENT FOR CREW AND PASSENGERS,"FURNITURE, INVENTORY, ENTERTAINMENT EQUIPMENT"
548.025,Writing desks,54,EQUIPMENT FOR CREW AND PASSENGERS,"FURNITURE, INVENTORY, ENTERTAINMENT EQUIPMENT"
548.028,Beds,54,EQUIPMENT FOR CREW AND PASSENGERS,"FURNITURE, INVENTORY, ENTERTAINMENT EQUIPMENT"
548.035,Sofas,54,EQUIPMENT FOR CREW AND PASSENGERS,"FURNITURE, INVENTORY, ENTERTAINMENT EQUIPMENT"
548.040,Bedside tables,54,EQUIPMENT FOR CREW AND PASSENGERS,"FURNITURE, INVENTORY, ENTERTAINMENT EQUIPMENT"
548.042,Wardrobes,54,EQUIPMENT FOR CREW AND PASSENGERS,"FURNITURE, INVENTORY, ENTERTAINMENT EQUIPMENT"
548.045,Dressing tables,54,EQUIPMENT FOR CREW AND PASSENGERS,"FURNITURE, INVENTORY, ENTERTAINMENT EQUIPMENT"
548.048,Bathroom shelves/lockers,54,EQUIPMENT FOR CREW AND PASSENGERS,"FURNITURE, INVENTORY, ENTERTAINMENT EQUIPMENT"
548.050,Bookshelves,54,EQUIPMENT FOR CREW AND PASSENGERS,"FURNITURE, INVENTORY, ENTERTAINMENT EQUIPMENT"
548.052,Cloakroom shelves,54,EQUIPMENT FOR CREW AND PASSENGERS,"FURNITURE, INVENTORY, ENTERTAINMENT EQUIPMENT"
548.055,Refrigerators,54,EQUIPMENT FOR CREW AND PASSENGERS,"FURNITURE, INVENTORY, ENTERTAINMENT EQUIPMENT"
548.058,Bar lockers,54,EQUIPMENT FOR CREW AND PASSENGERS,"FURNITURE, INVENTORY, ENTERTAINMENT EQUIPMENT"
548.060,Bar counters,54,EQUIPMENT FOR CREW AND PASSENGERS,"GALLEY/PANTRY EQUIP., PROVISION PLANTS, LAUNDRY/IRONING EQU."
548.065,Bar stools,55,EQUIPMENT FOR CREW AND PASSENGERS,"GALLEY/PANTRY EQUIP., PROVISION PLANTS, LAUNDRY/IRONING EQU."
551,GALLEY MACHINERY,55,EQUIPMENT FOR CREW AND PASSENGERS,"GALLEY/PANTRY EQUIP., PROVISION PLANTS, LAUNDRY/IRONING EQU."
551.001,Ranges,55,EQUIPMENT FOR CREW AND PASSENGERS,"GALLEY/PANTRY EQUIP., PROVISION PLANTS, LAUNDRY/IRONING EQU."
551.002,Tilting fryingpans,55,EQUIPMENT FOR CREW AND PASSENGERS,"GALLEY/PANTRY EQUIP., PROVISION PLANTS, LAUNDRY/IRONING EQU."
551.005,Hot plates,55,EQUIPMENT FOR CREW AND PASSENGERS,"GALLEY/PANTRY EQUIP., PROVISION PLANTS, LAUNDRY/IRONING EQU."
551.010,Convection ovens,55,EQUIPMENT FOR CREW AND PASSENGERS,"GALLEY/PANTRY EQUIP., PROVISION PLANTS, LAUNDRY/IRONING EQU."
551.012,Grills,55,EQUIPMENT FOR CREW AND PASSENGERS,"GALLEY/PANTRY EQUIP., PROVISION PLANTS, LAUNDRY/IRONING EQU."
551.015,Baking ovens,55,EQUIPMENT FOR CREW AND PASSENGERS,"GALLEY/PANTRY EQUIP., PROVISION PLANTS, LAUNDRY/IRONING EQU."
551.016,Microwave ovens,55,EQUIPMENT FOR CREW AND PASSENGERS,"GALLEY/PANTRY EQUIP., PROVISION PLANTS, LAUNDRY/IRONING EQU."
551.017,Deep fat fryers,55,EQUIPMENT FOR CREW AND PASSENGERS,"GALLEY/PANTRY EQUIP., PROVISION PLANTS, LAUNDRY/IRONING EQU."
551.020,Boilers,55,EQUIPMENT FOR CREW AND PASSENGERS,"GALLEY/PANTRY EQUIP., PROVISION PLANTS, LAUNDRY/IRONING EQU."
551.025,Proving ovens,55,EQUIPMENT FOR CREW AND PASSENGERS,"GALLEY/PANTRY EQUIP., PROVISION PLANTS, LAUNDRY/IRONING EQU."
551.028,Mixers,55,EQUIPMENT FOR CREW AND PASSENGERS,"GALLEY/PANTRY EQUIP., PROVISION PLANTS, LAUNDRY/IRONING EQU."
551.030,Mills,55,EQUIPMENT FOR CREW AND PASSENGERS,"GALLEY/PANTRY EQUIP., PROVISION PLANTS, LAUNDRY/IRONING EQU."
551.032,Cutters,55,EQUIPMENT FOR CREW AND PASSENGERS,"GALLEY/PANTRY EQUIP., PROVISION PLANTS, LAUNDRY/IRONING EQU."
551.034,Kneading machines,55,EQUIPMENT FOR CREW AND PASSENGERS,"GALLEY/PANTRY EQUIP., PROVISION PLANTS, LAUNDRY/IRONING EQU."
551.036,Slicing machines,55,EQUIPMENT FOR CREW AND PASSENGERS,"GALLEY/PANTRY EQUIP., PROVISION PLANTS, LAUNDRY/IRONING EQU."
551.038,Potato peeling machines,55,EQUIPMENT FOR CREW AND PASSENGERS,"GALLEY/PANTRY EQUIP., PROVISION PLANTS, LAUNDRY/IRONING EQU."
551.040,Rubbish mills,55,EQUIPMENT FOR CREW AND PASSENGERS,"GALLEY/PANTRY EQUIP., PROVISION PLANTS, LAUNDRY/IRONING EQU."
551.041,Refuse compression units,55,EQUIPMENT FOR CREW AND PASSENGERS,"GALLEY/PANTRY EQUIP., PROVISION PLANTS, LAUNDRY/IRONING EQU."
551.042,Milk machines,55,EQUIPMENT FOR CREW AND PASSENGERS,"GALLEY/PANTRY EQUIP., PROVISION PLANTS, LAUNDRY/IRONING EQU."
551.043,Juice dispensers,55,EQUIPMENT FOR CREW AND PASSENGERS,"GALLEY/PANTRY EQUIP., PROVISION PLANTS, LAUNDRY/IRONING EQU."
551.044,Coffeemakers,55,EQUIPMENT FOR CREW AND PASSENGERS,"GALLEY/PANTRY EQUIP., PROVISION PLANTS, LAUNDRY/IRONING EQU."
551.045,Espresso machines,55,EQUIPMENT FOR CREW AND PASSENGERS,"GALLEY/PANTRY EQUIP., PROVISION PLANTS, LAUNDRY/IRONING EQU."
551.046,Refrigerators,55,EQUIPMENT FOR CREW AND PASSENGERS,"GALLEY/PANTRY EQUIP., PROVISION PLANTS, LAUNDRY/IRONING EQU."
551.047,Chocolate automats,55,EQUIPMENT FOR CREW AND PASSENGERS,"GALLEY/PANTRY EQUIP., PROVISION PLANTS, LAUNDRY/IRONING EQU."
551.048,Ice cubers,55,EQUIPMENT FOR CREW AND PASSENGERS,"GALLEY/PANTRY EQUIP., PROVISION PLANTS, LAUNDRY/IRONING EQU."
551.050,Deep freezers,55,EQUIPMENT FOR CREW AND PASSENGERS,"GALLEY/PANTRY EQUIP., PROVISION PLANTS, LAUNDRY/IRONING EQU."
551.055,Heating cupboards,55,EQUIPMENT FOR CREW AND PASSENGERS,"GALLEY/PANTRY EQUIP., PROVISION PLANTS, LAUNDRY/IRONING EQU."
551.056,Warming baths,55,EQUIPMENT FOR CREW AND PASSENGERS,"GALLEY/PANTRY EQUIP., PROVISION PLANTS, LAUNDRY/IRONING EQU."
551.057,Sausage warmers,55,EQUIPMENT FOR CREW AND PASSENGERS,"GALLEY/PANTRY EQUIP., PROVISION PLANTS, LAUNDRY/IRONING EQU."
551.060,Dishwashing machines,55,EQUIPMENT FOR CREW AND PASSENGERS,"GALLEY/PANTRY EQUIP., PROVISION PLANTS, LAUNDRY/IRONING EQU."
552,GALLEY/PANTRY EQUIPMENT FOR PREPARATION & SERVING,55,EQUIPMENT FOR CREW AND PASSENGERS,"GALLEY/PANTRY EQUIP., PROVISION PLANTS, LAUNDRY/IRONING EQU."
552.001,"Galley outfitting, complete",55,EQUIPMENT FOR CREW AND PASSENGERS,"GALLEY/PANTRY EQUIP., PROVISION PLANTS, LAUNDRY/IRONING EQU."
552.002,Workbenches,55,EQUIPMENT FOR CREW AND PASSENGERS,"GALLEY/PANTRY EQUIP., PROVISION PLANTS, LAUNDRY/IRONING EQU."
552.005,Dishwashing benches,55,EQUIPMENT FOR CREW AND PASSENGERS,"GALLEY/PANTRY EQUIP., PROVISION PLANTS, LAUNDRY/IRONING EQU."
552.010,Soaking/thawing sinks,55,EQUIPMENT FOR CREW AND PASSENGERS,"GALLEY/PANTRY EQUIP., PROVISION PLANTS, LAUNDRY/IRONING EQU."
552.015,"Shelves, racks",55,EQUIPMENT FOR CREW AND PASSENGERS,"GALLEY/PANTRY EQUIP., PROVISION PLANTS, LAUNDRY/IRONING EQU."
552.020,Cupboards,55,EQUIPMENT FOR CREW AND PASSENGERS,"GALLEY/PANTRY EQUIP., PROVISION PLANTS, LAUNDRY/IRONING EQU."
552.025,Serving trolleys,55,EQUIPMENT FOR CREW AND PASSENGERS,"GALLEY/PANTRY EQUIP., PROVISION PLANTS, LAUNDRY/IRONING EQU."
552.030,Serving counters,55,EQUIPMENT FOR CREW AND PASSENGERS,"GALLEY/PANTRY EQUIP., PROVISION PLANTS, LAUNDRY/IRONING EQU."
552.032,Serving windows,55,EQUIPMENT FOR CREW AND PASSENGERS,"GALLEY/PANTRY EQUIP., PROVISION PLANTS, LAUNDRY/IRONING EQU."
552.035,Steam hoods,55,EQUIPMENT FOR CREW AND PASSENGERS,"GALLEY/PANTRY EQUIP., PROVISION PLANTS, LAUNDRY/IRONING EQU."
552.040,Cooking/frying equipment,55,EQUIPMENT FOR CREW AND PASSENGERS,"GALLEY/PANTRY EQUIP., PROVISION PLANTS, LAUNDRY/IRONING EQU."
552.045,Cutlery,55,EQUIPMENT FOR CREW AND PASSENGERS,"GALLEY/PANTRY EQUIP., PROVISION PLANTS, LAUNDRY/IRONING EQU."
552.050,Linen,55,EQUIPMENT FOR CREW AND PASSENGERS,"GALLEY/PANTRY EQUIP., PROVISION PLANTS, LAUNDRY/IRONING EQU."
553,CAFETERIA PLANT W/EQUIPMENT,55,EQUIPMENT FOR CREW AND PASSENGERS,"GALLEY/PANTRY EQUIP., PROVISION PLANTS, LAUNDRY/IRONING EQU."
553.001,"Cafeteria counters, complete",55,EQUIPMENT FOR CREW AND PASSENGERS,"GALLEY/PANTRY EQUIP., PROVISION PLANTS, LAUNDRY/IRONING EQU."
553.003,Cafeteria counters,55,EQUIPMENT FOR CREW AND PASSENGERS,"GALLEY/PANTRY EQUIP., PROVISION PLANTS, LAUNDRY/IRONING EQU."
553.005,Cooling aggregates,55,EQUIPMENT FOR CREW AND PASSENGERS,"GALLEY/PANTRY EQUIP., PROVISION PLANTS, LAUNDRY/IRONING EQU."
553.007,Cooling water pumps,55,EQUIPMENT FOR CREW AND PASSENGERS,"GALLEY/PANTRY EQUIP., PROVISION PLANTS, LAUNDRY/IRONING EQU."
553.009,Heating units,55,EQUIPMENT FOR CREW AND PASSENGERS,"GALLEY/PANTRY EQUIP., PROVISION PLANTS, LAUNDRY/IRONING EQU."
553.011,Food containers/trays,55,EQUIPMENT FOR CREW AND PASSENGERS,"GALLEY/PANTRY EQUIP., PROVISION PLANTS, LAUNDRY/IRONING EQU."
553.042,Milk machines,55,EQUIPMENT FOR CREW AND PASSENGERS,"GALLEY/PANTRY EQUIP., PROVISION PLANTS, LAUNDRY/IRONING EQU."
553.043,Juice dispensers/coolers,55,EQUIPMENT FOR CREW AND PASSENGERS,"GALLEY/PANTRY EQUIP., PROVISION PLANTS, LAUNDRY/IRONING EQU."
553.044,Coffeemakers,55,EQUIPMENT FOR CREW AND PASSENGERS,"GALLEY/PANTRY EQUIP., PROVISION PLANTS, LAUNDRY/IRONING EQU."
553.046,Refrigerators,55,EQUIPMENT FOR CREW AND PASSENGERS,"GALLEY/PANTRY EQUIP., PROVISION PLANTS, LAUNDRY/IRONING EQU."
553.048,Ice cubers,55,EQUIPMENT FOR CREW AND PASSENGERS,"GALLEY/PANTRY EQUIP., PROVISION PLANTS, LAUNDRY/IRONING EQU."
553.055,Heating cupboards,55,EQUIPMENT FOR CREW AND PASSENGERS,"GALLEY/PANTRY EQUIP., PROVISION PLANTS, LAUNDRY/IRONING EQU."
553.372,Toasters,55,EQUIPMENT FOR CREW AND PASSENGERS,"GALLEY/PANTRY EQUIP., PROVISION PLANTS, LAUNDRY/IRONING EQU."
554,FREEZING/REFRIGERATING SYSTEMS FOR PROVISIONS,55,EQUIPMENT FOR CREW AND PASSENGERS,"GALLEY/PANTRY EQUIP., PROVISION PLANTS, LAUNDRY/IRONING EQU."
554.001,Provision cooling compressor aggregates,55,EQUIPMENT FOR CREW AND PASSENGERS,"GALLEY/PANTRY EQUIP., PROVISION PLANTS, LAUNDRY/IRONING EQU."
554.003,Compressors w/drive unit,55,EQUIPMENT FOR CREW AND PASSENGERS,"GALLEY/PANTRY EQUIP., PROVISION PLANTS, LAUNDRY/IRONING EQU."
554.005,Condensers,55,EQUIPMENT FOR CREW AND PASSENGERS,"GALLEY/PANTRY EQUIP., PROVISION PLANTS, LAUNDRY/IRONING EQU."
554.007,Liquid receivers,55,EQUIPMENT FOR CREW AND PASSENGERS,"GALLEY/PANTRY EQUIP., PROVISION PLANTS, LAUNDRY/IRONING EQU."
554.011,Oil separators,55,EQUIPMENT FOR CREW AND PASSENGERS,"GALLEY/PANTRY EQUIP., PROVISION PLANTS, LAUNDRY/IRONING EQU."
554.013,Evaporators,55,EQUIPMENT FOR CREW AND PASSENGERS,"GALLEY/PANTRY EQUIP., PROVISION PLANTS, LAUNDRY/IRONING EQU."
554.015,Circulating pumps,55,EQUIPMENT FOR CREW AND PASSENGERS,"GALLEY/PANTRY EQUIP., PROVISION PLANTS, LAUNDRY/IRONING EQU."
554.017,Local control panels,55,EQUIPMENT FOR CREW AND PASSENGERS,"GALLEY/PANTRY EQUIP., PROVISION PLANTS, LAUNDRY/IRONING EQU."
554.019,Valve boards,55,EQUIPMENT FOR CREW AND PASSENGERS,"GALLEY/PANTRY EQUIP., PROVISION PLANTS, LAUNDRY/IRONING EQU."
554.022,Temperature control central,55,EQUIPMENT FOR CREW AND PASSENGERS,"GALLEY/PANTRY EQUIP., PROVISION PLANTS, LAUNDRY/IRONING EQU."
554.026,Humidity control central,55,EQUIPMENT FOR CREW AND PASSENGERS,"GALLEY/PANTRY EQUIP., PROVISION PLANTS, LAUNDRY/IRONING EQU."
554.030,Poison control central,55,EQUIPMENT FOR CREW AND PASSENGERS,"GALLEY/PANTRY EQUIP., PROVISION PLANTS, LAUNDRY/IRONING EQU."
554.035,"Cooling batteries, complete",55,EQUIPMENT FOR CREW AND PASSENGERS,"GALLEY/PANTRY EQUIP., PROVISION PLANTS, LAUNDRY/IRONING EQU."
554.038,Cooling elements,55,EQUIPMENT FOR CREW AND PASSENGERS,"GALLEY/PANTRY EQUIP., PROVISION PLANTS, LAUNDRY/IRONING EQU."
554.040,Air circulating fans,55,EQUIPMENT FOR CREW AND PASSENGERS,"GALLEY/PANTRY EQUIP., PROVISION PLANTS, LAUNDRY/IRONING EQU."
554.042,"Freezing batteries, complete",55,EQUIPMENT FOR CREW AND PASSENGERS,"GALLEY/PANTRY EQUIP., PROVISION PLANTS, LAUNDRY/IRONING EQU."
554.045,Freezing elements,55,EQUIPMENT FOR CREW AND PASSENGERS,"GALLEY/PANTRY EQUIP., PROVISION PLANTS, LAUNDRY/IRONING EQU."
554.048,Air circulating fans,55,EQUIPMENT FOR CREW AND PASSENGERS,"GALLEY/PANTRY EQUIP., PROVISION PLANTS, LAUNDRY/IRONING EQU."
554.060,Compressor aggregate cooling water pumps,55,EQUIPMENT FOR CREW AND PASSENGERS,"GALLEY/PANTRY EQUIP., PROVISION PLANTS, LAUNDRY/IRONING EQU."
555,"INSULATION, LINING & BATTENING IN PROV. ROOMS, DOORS & PORTS",55,EQUIPMENT FOR CREW AND PASSENGERS,"GALLEY/PANTRY EQUIP., PROVISION PLANTS, LAUNDRY/IRONING EQU."
555.001,"Insulated doors, complete",55,EQUIPMENT FOR CREW AND PASSENGERS,"GALLEY/PANTRY EQUIP., PROVISION PLANTS, LAUNDRY/IRONING EQU."
555.010,"Insulated ports, complete",55,EQUIPMENT FOR CREW AND PASSENGERS,"GALLEY/PANTRY EQUIP., PROVISION PLANTS, LAUNDRY/IRONING EQU."
555.020,Provision containers,55,EQUIPMENT FOR CREW AND PASSENGERS,"GALLEY/PANTRY EQUIP., PROVISION PLANTS, LAUNDRY/IRONING EQU."
556,"WALLS, BINS, SHELVES, RACKS, GRATING & INVENT. IN PROV.ROOMS",55,EQUIPMENT FOR CREW AND PASSENGERS,"GALLEY/PANTRY EQUIP., PROVISION PLANTS, LAUNDRY/IRONING EQU."
556.001,Partition bulkheads,55,EQUIPMENT FOR CREW AND PASSENGERS,"GALLEY/PANTRY EQUIP., PROVISION PLANTS, LAUNDRY/IRONING EQU."
556.005,Meat brackets,55,EQUIPMENT FOR CREW AND PASSENGERS,"GALLEY/PANTRY EQUIP., PROVISION PLANTS, LAUNDRY/IRONING EQU."
556.008,Meat chopping blocks,55,EQUIPMENT FOR CREW AND PASSENGERS,"GALLEY/PANTRY EQUIP., PROVISION PLANTS, LAUNDRY/IRONING EQU."
556.010,Meat axes,55,EQUIPMENT FOR CREW AND PASSENGERS,"GALLEY/PANTRY EQUIP., PROVISION PLANTS, LAUNDRY/IRONING EQU."
556.012,Meat saws,55,EQUIPMENT FOR CREW AND PASSENGERS,"GALLEY/PANTRY EQUIP., PROVISION PLANTS, LAUNDRY/IRONING EQU."
556.015,Work benches,55,EQUIPMENT FOR CREW AND PASSENGERS,"GALLEY/PANTRY EQUIP., PROVISION PLANTS, LAUNDRY/IRONING EQU."
556.020,"Bins, trays",55,EQUIPMENT FOR CREW AND PASSENGERS,"GALLEY/PANTRY EQUIP., PROVISION PLANTS, LAUNDRY/IRONING EQU."
556.025,Ribs,55,EQUIPMENT FOR CREW AND PASSENGERS,"GALLEY/PANTRY EQUIP., PROVISION PLANTS, LAUNDRY/IRONING EQU."
556.030,"Shelves, racks",55,EQUIPMENT FOR CREW AND PASSENGERS,"GALLEY/PANTRY EQUIP., PROVISION PLANTS, LAUNDRY/IRONING EQU."
556.035,Gratings,55,EQUIPMENT FOR CREW AND PASSENGERS,"GALLEY/PANTRY EQUIP., PROVISION PLANTS, LAUNDRY/IRONING EQU."
557,INSULATION DRYING SYSTEMS FOR PROVISION ROOMS,55,EQUIPMENT FOR CREW AND PASSENGERS,"GALLEY/PANTRY EQUIP., PROVISION PLANTS, LAUNDRY/IRONING EQU."
557.001,Fans w/drive unit,55,EQUIPMENT FOR CREW AND PASSENGERS,"GALLEY/PANTRY EQUIP., PROVISION PLANTS, LAUNDRY/IRONING EQU."
557.005,Dehydrators,55,EQUIPMENT FOR CREW AND PASSENGERS,"GALLEY/PANTRY EQUIP., PROVISION PLANTS, LAUNDRY/IRONING EQU."
557.010,Air filters,55,EQUIPMENT FOR CREW AND PASSENGERS,"GALLEY/PANTRY EQUIP., PROVISION PLANTS, LAUNDRY/IRONING EQU."
558,"LAUNDRY, IRONING & DRYING EQUIPMENT",55,EQUIPMENT FOR CREW AND PASSENGERS,"GALLEY/PANTRY EQUIP., PROVISION PLANTS, LAUNDRY/IRONING EQU."
558.001,Work clothing washing machines,55,EQUIPMENT FOR CREW AND PASSENGERS,"GALLEY/PANTRY EQUIP., PROVISION PLANTS, LAUNDRY/IRONING EQU."
558.002,Private clothing washing machines,55,EQUIPMENT FOR CREW AND PASSENGERS,"GALLEY/PANTRY EQUIP., PROVISION PLANTS, LAUNDRY/IRONING EQU."
558.004,Hydro extractors,55,EQUIPMENT FOR CREW AND PASSENGERS,"GALLEY/PANTRY EQUIP., PROVISION PLANTS, LAUNDRY/IRONING EQU."
558.007,Drying tumblers,55,EQUIPMENT FOR CREW AND PASSENGERS,"GALLEY/PANTRY EQUIP., PROVISION PLANTS, LAUNDRY/IRONING EQU."
558.010,Hot mangles,55,EQUIPMENT FOR CREW AND PASSENGERS,"GALLEY/PANTRY EQUIP., PROVISION PLANTS, LAUNDRY/IRONING EQU."
558.013,Cold mangles,55,EQUIPMENT FOR CREW AND PASSENGERS,"GALLEY/PANTRY EQUIP., PROVISION PLANTS, LAUNDRY/IRONING EQU."
558.016,Presses,55,EQUIPMENT FOR CREW AND PASSENGERS,"GALLEY/PANTRY EQUIP., PROVISION PLANTS, LAUNDRY/IRONING EQU."
558.018,Irons,55,EQUIPMENT FOR CREW AND PASSENGERS,"GALLEY/PANTRY EQUIP., PROVISION PLANTS, LAUNDRY/IRONING EQU."
558.021,Ironing machines,55,EQUIPMENT FOR CREW AND PASSENGERS,"GALLEY/PANTRY EQUIP., PROVISION PLANTS, LAUNDRY/IRONING EQU."
558.024,Sewing machines,55,EQUIPMENT FOR CREW AND PASSENGERS,"GALLEY/PANTRY EQUIP., PROVISION PLANTS, LAUNDRY/IRONING EQU."
558.030,Working tables,55,EQUIPMENT FOR CREW AND PASSENGERS,"GALLEY/PANTRY EQUIP., PROVISION PLANTS, LAUNDRY/IRONING EQU."
558.033,Benches,55,EQUIPMENT FOR CREW AND PASSENGERS,"GALLEY/PANTRY EQUIP., PROVISION PLANTS, LAUNDRY/IRONING EQU."
558.036,Laundry sinks,55,EQUIPMENT FOR CREW AND PASSENGERS,"GALLEY/PANTRY EQUIP., PROVISION PLANTS, LAUNDRY/IRONING EQU."
558.039,Ironing boards,55,EQUIPMENT FOR CREW AND PASSENGERS,"GALLEY/PANTRY EQUIP., PROVISION PLANTS, LAUNDRY/IRONING EQU."
558.042,Sewing tables,55,EQUIPMENT FOR CREW AND PASSENGERS,"GALLEY/PANTRY EQUIP., PROVISION PLANTS, LAUNDRY/IRONING EQU."
558.045,Drying cabinets,55,EQUIPMENT FOR CREW AND PASSENGERS,"GALLEY/PANTRY EQUIP., PROVISION PLANTS, LAUNDRY/IRONING EQU."
558.048,Starch containers,55,EQUIPMENT FOR CREW AND PASSENGERS,"GALLEY/PANTRY EQUIP., PROVISION PLANTS, LAUNDRY/IRONING EQU."
558.051,"Shelves, racks",55,EQUIPMENT FOR CREW AND PASSENGERS,"TRANSPORT EQUIPMENT FOR CREW, PASSENGERS & PROVISIONS"
558.054,Lockers,56,EQUIPMENT FOR CREW AND PASSENGERS,"TRANSPORT EQUIPMENT FOR CREW, PASSENGERS & PROVISIONS"
561,"PERSONNEL LIFTS, ESCALATORS",56,EQUIPMENT FOR CREW AND PASSENGERS,"TRANSPORT EQUIPMENT FOR CREW, PASSENGERS & PROVISIONS"
561.001,"Personnel elevators, complete",56,EQUIPMENT FOR CREW AND PASSENGERS,"TRANSPORT EQUIPMENT FOR CREW, PASSENGERS & PROVISIONS"
561.004,Elevator cabins,56,EQUIPMENT FOR CREW AND PASSENGERS,"TRANSPORT EQUIPMENT FOR CREW, PASSENGERS & PROVISIONS"
561.007,Elevator machinery,56,EQUIPMENT FOR CREW AND PASSENGERS,"TRANSPORT EQUIPMENT FOR CREW, PASSENGERS & PROVISIONS"
561.010,Elevator doors,56,EQUIPMENT FOR CREW AND PASSENGERS,"TRANSPORT EQUIPMENT FOR CREW, PASSENGERS & PROVISIONS"
561.013,Elevator operating panels,56,EQUIPMENT FOR CREW AND PASSENGERS,"TRANSPORT EQUIPMENT FOR CREW, PASSENGERS & PROVISIONS"
561.025,"Escalators, complete",56,EQUIPMENT FOR CREW AND PASSENGERS,"TRANSPORT EQUIPMENT FOR CREW, PASSENGERS & PROVISIONS"
561.028,Escalators,56,EQUIPMENT FOR CREW AND PASSENGERS,"TRANSPORT EQUIPMENT FOR CREW, PASSENGERS & PROVISIONS"
561.031,Escalator machinery,56,EQUIPMENT FOR CREW AND PASSENGERS,"TRANSPORT EQUIPMENT FOR CREW, PASSENGERS & PROVISIONS"
561.034,Escalator operating panels,56,EQUIPMENT FOR CREW AND PASSENGERS,"TRANSPORT EQUIPMENT FOR CREW, PASSENGERS & PROVISIONS"
562,FOOD & LINEN LIFTS,56,EQUIPMENT FOR CREW AND PASSENGERS,"TRANSPORT EQUIPMENT FOR CREW, PASSENGERS & PROVISIONS"
562.001,"Freight elevators, complete",56,EQUIPMENT FOR CREW AND PASSENGERS,"TRANSPORT EQUIPMENT FOR CREW, PASSENGERS & PROVISIONS"
562.004,Elevator cabins,56,EQUIPMENT FOR CREW AND PASSENGERS,"TRANSPORT EQUIPMENT FOR CREW, PASSENGERS & PROVISIONS"
562.007,Elevator machinery,56,EQUIPMENT FOR CREW AND PASSENGERS,"TRANSPORT EQUIPMENT FOR CREW, PASSENGERS & PROVISIONS"
562.010,Elevator doors,56,EQUIPMENT FOR CREW AND PASSENGERS,"TRANSPORT EQUIPMENT FOR CREW, PASSENGERS & PROVISIONS"
562.013,Separate elevator shafts,56,EQUIPMENT FOR CREW AND PASSENGERS,"TRANSPORT EQUIPMENT FOR CREW, PASSENGERS & PROVISIONS"
562.016,Elevator operating panels,56,EQUIPMENT FOR CREW AND PASSENGERS,"TRANSPORT EQUIPMENT FOR CREW, PASSENGERS & PROVISIONS"
563,PROVISION CRANES & DERRICKS,56,EQUIPMENT FOR CREW AND PASSENGERS,"TRANSPORT EQUIPMENT FOR CREW, PASSENGERS & PROVISIONS"
563.001,"Provision cranes, complete",56,EQUIPMENT FOR CREW AND PASSENGERS,"TRANSPORT EQUIPMENT FOR CREW, PASSENGERS & PROVISIONS"
563.010,Provision derrick posts,56,EQUIPMENT FOR CREW AND PASSENGERS,"TRANSPORT EQUIPMENT FOR CREW, PASSENGERS & PROVISIONS"
563.012,Provision derrick booms,56,EQUIPMENT FOR CREW AND PASSENGERS,"TRANSPORT EQUIPMENT FOR CREW, PASSENGERS & PROVISIONS"
563.015,Provision winches,56,EQUIPMENT FOR CREW AND PASSENGERS,"TRANSPORT EQUIPMENT FOR CREW, PASSENGERS & PROVISIONS"
563.025,"Travelling hoists, complete",56,EQUIPMENT FOR CREW AND PASSENGERS,"TRANSPORT EQUIPMENT FOR CREW, PASSENGERS & PROVISIONS"
563.030,Conveyor belts,56,EQUIPMENT FOR CREW AND PASSENGERS,"TRANSPORT EQUIPMENT FOR CREW, PASSENGERS & PROVISIONS"
563.035,Rollerways,56,EQUIPMENT FOR CREW AND PASSENGERS,"TRANSPORT EQUIPMENT FOR CREW, PASSENGERS & PROVISIONS"
563.040,Trolleys,56,EQUIPMENT FOR CREW AND PASSENGERS,"TRANSPORT EQUIPMENT FOR CREW, PASSENGERS & PROVISIONS"
564,"SHORE GANGWAYS W/DAVITS, LANDING BOOMS",56,EQUIPMENT FOR CREW AND PASSENGERS,"TRANSPORT EQUIPMENT FOR CREW, PASSENGERS & PROVISIONS"
564.001,"Accommodation ladders, complete",56,EQUIPMENT FOR CREW AND PASSENGERS,"TRANSPORT EQUIPMENT FOR CREW, PASSENGERS & PROVISIONS"
564.005,Accommodation ladder davits,56,EQUIPMENT FOR CREW AND PASSENGERS,"TRANSPORT EQUIPMENT FOR CREW, PASSENGERS & PROVISIONS"
564.010,"Gangways, complete",56,EQUIPMENT FOR CREW AND PASSENGERS,"TRANSPORT EQUIPMENT FOR CREW, PASSENGERS & PROVISIONS"
564.015,Railing steps,56,EQUIPMENT FOR CREW AND PASSENGERS,"TRANSPORT EQUIPMENT FOR CREW, PASSENGERS & PROVISIONS"
564.018,Pilot ladders,56,EQUIPMENT FOR CREW AND PASSENGERS,"TRANSPORT EQUIPMENT FOR CREW, PASSENGERS & PROVISIONS"
564.020,Pilot hoists,56,EQUIPMENT FOR CREW AND PASSENGERS,"TRANSPORT EQUIPMENT FOR CREW, PASSENGERS & PROVISIONS"
564.025,Landing booms w/machinery,56,EQUIPMENT FOR CREW AND PASSENGERS,"TRANSPORT EQUIPMENT FOR CREW, PASSENGERS & PROVISIONS"
565,MISCELLANEOUS CONVEYANCE EQUIPMENT,56,EQUIPMENT FOR CREW AND PASSENGERS,"TRANSPORT EQUIPMENT FOR CREW, PASSENGERS & PROVISIONS"
565.001,Rafts,56,EQUIPMENT FOR CREW AND PASSENGERS,"TRANSPORT EQUIPMENT FOR CREW, PASSENGERS & PROVISIONS"
565.005,Bicycles,56,EQUIPMENT FOR CREW AND PASSENGERS,"TRANSPORT EQUIPMENT FOR CREW, PASSENGERS & PROVISIONS"
565.010,Scooters,56,EQUIPMENT FOR CREW AND PASSENGERS,"TRANSPORT EQUIPMENT FOR CREW, PASSENGERS & PROVISIONS"
565.015,Trolleys,56,EQUIPMENT FOR CREW AND PASSENGERS,"TRANSPORT EQUIPMENT FOR CREW, PASSENGERS & PROVISIONS"
566,HELICOPTER PLATFORMS W/EQUIPMENT,56,EQUIPMENT FOR CREW AND PASSENGERS,"TRANSPORT EQUIPMENT FOR CREW, PASSENGERS & PROVISIONS"
566.001,Helicopter deck,56,EQUIPMENT FOR CREW AND PASSENGERS,"TRANSPORT EQUIPMENT FOR CREW, PASSENGERS & PROVISIONS"
566.002,Helideck safety equipment,56,EQUIPMENT FOR CREW AND PASSENGERS,"TRANSPORT EQUIPMENT FOR CREW, PASSENGERS & PROVISIONS"
566.003,Helideck loose firefighting equip.,56,EQUIPMENT FOR CREW AND PASSENGERS,"TRANSPORT EQUIPMENT FOR CREW, PASSENGERS & PROVISIONS"
566.004,Foam firefighting equipment,56,EQUIPMENT FOR CREW AND PASSENGERS,"TRANSPORT EQUIPMENT FOR CREW, PASSENGERS & PROVISIONS"
566.005,"Marker lights, floodlights",56,EQUIPMENT FOR CREW AND PASSENGERS,"TRANSPORT EQUIPMENT FOR CREW, PASSENGERS & PROVISIONS"
566.006,Helideck plaitwork,56,EQUIPMENT FOR CREW AND PASSENGERS,"TRANSPORT EQUIPMENT FOR CREW, PASSENGERS & PROVISIONS"
566.009,Helideck FO tanks,56,EQUIPMENT FOR CREW AND PASSENGERS,"TRANSPORT EQUIPMENT FOR CREW, PASSENGERS & PROVISIONS"
566.010,Helideck FO pumps,56,EQUIPMENT FOR CREW AND PASSENGERS,"TRANSPORT EQUIPMENT FOR CREW, PASSENGERS & PROVISIONS"
566.015,"Turning motor, guides",56,EQUIPMENT FOR CREW AND PASSENGERS,"TRANSPORT EQUIPMENT FOR CREW, PASSENGERS & PROVISIONS"
566.020,Couplings,56,EQUIPMENT FOR CREW AND PASSENGERS,"VENTILATION, AIR-CONDITIONING & HEATING SYSTEMS"
566.025,Helideck lights,57,EQUIPMENT FOR CREW AND PASSENGERS,"VENTILATION, AIR-CONDITIONING & HEATING SYSTEMS"
571,VENTILATION/AIR-CONDITIONING SYSTEMS FOR ACCOMMODATION,57,EQUIPMENT FOR CREW AND PASSENGERS,"VENTILATION, AIR-CONDITIONING & HEATING SYSTEMS"
571.001,Air-condition central units,57,EQUIPMENT FOR CREW AND PASSENGERS,"VENTILATION, AIR-CONDITIONING & HEATING SYSTEMS"
571.003,Air filters,57,EQUIPMENT FOR CREW AND PASSENGERS,"VENTILATION, AIR-CONDITIONING & HEATING SYSTEMS"
571.005,Air preheaters,57,EQUIPMENT FOR CREW AND PASSENGERS,"VENTILATION, AIR-CONDITIONING & HEATING SYSTEMS"
571.007,Cooling/heating batteries,57,EQUIPMENT FOR CREW AND PASSENGERS,"VENTILATION, AIR-CONDITIONING & HEATING SYSTEMS"
571.009,Humidity regulating equipment,57,EQUIPMENT FOR CREW AND PASSENGERS,"VENTILATION, AIR-CONDITIONING & HEATING SYSTEMS"
571.011,Fans,57,EQUIPMENT FOR CREW AND PASSENGERS,"VENTILATION, AIR-CONDITIONING & HEATING SYSTEMS"
571.013,Distribution boxes,57,EQUIPMENT FOR CREW AND PASSENGERS,"VENTILATION, AIR-CONDITIONING & HEATING SYSTEMS"
571.015,Ventilation ducts,57,EQUIPMENT FOR CREW AND PASSENGERS,"VENTILATION, AIR-CONDITIONING & HEATING SYSTEMS"
571.016,Ventilation duct/pipe insulation,57,EQUIPMENT FOR CREW AND PASSENGERS,"VENTILATION, AIR-CONDITIONING & HEATING SYSTEMS"
571.017,Ventilation duct dampers,57,EQUIPMENT FOR CREW AND PASSENGERS,"VENTILATION, AIR-CONDITIONING & HEATING SYSTEMS"
571.020,Air-condition cooling compressors,57,EQUIPMENT FOR CREW AND PASSENGERS,"VENTILATION, AIR-CONDITIONING & HEATING SYSTEMS"
571.022,Cooling water pumps,57,EQUIPMENT FOR CREW AND PASSENGERS,"VENTILATION, AIR-CONDITIONING & HEATING SYSTEMS"
571.025,Ventilation fan centrals,57,EQUIPMENT FOR CREW AND PASSENGERS,"VENTILATION, AIR-CONDITIONING & HEATING SYSTEMS"
571.040,Local ventilation cabinets,57,EQUIPMENT FOR CREW AND PASSENGERS,"VENTILATION, AIR-CONDITIONING & HEATING SYSTEMS"
571.045,Ventilation plant fans,57,EQUIPMENT FOR CREW AND PASSENGERS,"VENTILATION, AIR-CONDITIONING & HEATING SYSTEMS"
571.050,Separate filters,57,EQUIPMENT FOR CREW AND PASSENGERS,"VENTILATION, AIR-CONDITIONING & HEATING SYSTEMS"
571.060,Ozone plants,57,EQUIPMENT FOR CREW AND PASSENGERS,"VENTILATION, AIR-CONDITIONING & HEATING SYSTEMS"
571.061,Ozone generators,57,EQUIPMENT FOR CREW AND PASSENGERS,"VENTILATION, AIR-CONDITIONING & HEATING SYSTEMS"
571.063,Suction fans,57,EQUIPMENT FOR CREW AND PASSENGERS,"VENTILATION, AIR-CONDITIONING & HEATING SYSTEMS"
571.065,Drying filters,57,EQUIPMENT FOR CREW AND PASSENGERS,"VENTILATION, AIR-CONDITIONING & HEATING SYSTEMS"
571.067,Dust filters,57,EQUIPMENT FOR CREW AND PASSENGERS,"VENTILATION, AIR-CONDITIONING & HEATING SYSTEMS"
571.069,Local control panels,57,EQUIPMENT FOR CREW AND PASSENGERS,"VENTILATION, AIR-CONDITIONING & HEATING SYSTEMS"
571.070,"Air-condition control, local",57,EQUIPMENT FOR CREW AND PASSENGERS,"VENTILATION, AIR-CONDITIONING & HEATING SYSTEMS"
572,VENTILATION/AIR-CONDITIONING SYSTEMS FOR PROVISION ROOMS,57,EQUIPMENT FOR CREW AND PASSENGERS,"VENTILATION, AIR-CONDITIONING & HEATING SYSTEMS"
572.001,Air-condition central units,57,EQUIPMENT FOR CREW AND PASSENGERS,"VENTILATION, AIR-CONDITIONING & HEATING SYSTEMS"
572.003,Air filters,57,EQUIPMENT FOR CREW AND PASSENGERS,"VENTILATION, AIR-CONDITIONING & HEATING SYSTEMS"
572.005,Air preheaters,57,EQUIPMENT FOR CREW AND PASSENGERS,"VENTILATION, AIR-CONDITIONING & HEATING SYSTEMS"
572.007,Cooling/heating batteries,57,EQUIPMENT FOR CREW AND PASSENGERS,"VENTILATION, AIR-CONDITIONING & HEATING SYSTEMS"
572.009,Humidity regulating equipment,57,EQUIPMENT FOR CREW AND PASSENGERS,"VENTILATION, AIR-CONDITIONING & HEATING SYSTEMS"
572.011,Fans,57,EQUIPMENT FOR CREW AND PASSENGERS,"VENTILATION, AIR-CONDITIONING & HEATING SYSTEMS"
572.013,Distribution boxes,57,EQUIPMENT FOR CREW AND PASSENGERS,"VENTILATION, AIR-CONDITIONING & HEATING SYSTEMS"
572.015,Ventilation ducts,57,EQUIPMENT FOR CREW AND PASSENGERS,"VENTILATION, AIR-CONDITIONING & HEATING SYSTEMS"
572.016,Ventilation duct/pipe insulation,57,EQUIPMENT FOR CREW AND PASSENGERS,"VENTILATION, AIR-CONDITIONING & HEATING SYSTEMS"
572.017,Ventilation duct dampers,57,EQUIPMENT FOR CREW AND PASSENGERS,"VENTILATION, AIR-CONDITIONING & HEATING SYSTEMS"
572.020,Air-condition cooling compressors,57,EQUIPMENT FOR CREW AND PASSENGERS,"VENTILATION, AIR-CONDITIONING & HEATING SYSTEMS"
572.022,Cooling water pumps,57,EQUIPMENT FOR CREW AND PASSENGERS,"VENTILATION, AIR-CONDITIONING & HEATING SYSTEMS"
572.025,Ventilation fan centrals,57,EQUIPMENT FOR CREW AND PASSENGERS,"VENTILATION, AIR-CONDITIONING & HEATING SYSTEMS"
572.040,Local ventilation cabinets,57,EQUIPMENT FOR CREW AND PASSENGERS,"VENTILATION, AIR-CONDITIONING & HEATING SYSTEMS"
572.050,Separate filters,57,EQUIPMENT FOR CREW AND PASSENGERS,"VENTILATION, AIR-CONDITIONING & HEATING SYSTEMS"
572.060,Ozone plants,57,EQUIPMENT FOR CREW AND PASSENGERS,"VENTILATION, AIR-CONDITIONING & HEATING SYSTEMS"
572.061,Ozone generators,57,EQUIPMENT FOR CREW AND PASSENGERS,"VENTILATION, AIR-CONDITIONING & HEATING SYSTEMS"
572.063,Suction fans,57,EQUIPMENT FOR CREW AND PASSENGERS,"VENTILATION, AIR-CONDITIONING & HEATING SYSTEMS"
572.065,Drying filters,57,EQUIPMENT FOR CREW AND PASSENGERS,"VENTILATION, AIR-CONDITIONING & HEATING SYSTEMS"
572.067,Dust filters,57,EQUIPMENT FOR CREW AND PASSENGERS,"VENTILATION, AIR-CONDITIONING & HEATING SYSTEMS"
572.069,Local control panels,57,EQUIPMENT FOR CREW AND PASSENGERS,"VENTILATION, AIR-CONDITIONING & HEATING SYSTEMS"
573,VENTILATION/AIR-CONDITIONING SYSTEMS FOR CONTROL ROOMS,57,EQUIPMENT FOR CREW AND PASSENGERS,"VENTILATION, AIR-CONDITIONING & HEATING SYSTEMS"
573.001,Air-condition central units,57,EQUIPMENT FOR CREW AND PASSENGERS,"VENTILATION, AIR-CONDITIONING & HEATING SYSTEMS"
573.003,Air filters,57,EQUIPMENT FOR CREW AND PASSENGERS,"VENTILATION, AIR-CONDITIONING & HEATING SYSTEMS"
573.005,Air preheaters,57,EQUIPMENT FOR CREW AND PASSENGERS,"VENTILATION, AIR-CONDITIONING & HEATING SYSTEMS"
573.007,Cooling/heating batteries,57,EQUIPMENT FOR CREW AND PASSENGERS,"VENTILATION, AIR-CONDITIONING & HEATING SYSTEMS"
573.009,Humidity regulating equipment,57,EQUIPMENT FOR CREW AND PASSENGERS,"VENTILATION, AIR-CONDITIONING & HEATING SYSTEMS"
573.011,Fans,57,EQUIPMENT FOR CREW AND PASSENGERS,"VENTILATION, AIR-CONDITIONING & HEATING SYSTEMS"
573.013,Distribution boxes,57,EQUIPMENT FOR CREW AND PASSENGERS,"VENTILATION, AIR-CONDITIONING & HEATING SYSTEMS"
573.014,Inlet nozzles,57,EQUIPMENT FOR CREW AND PASSENGERS,"VENTILATION, AIR-CONDITIONING & HEATING SYSTEMS"
573.015,Ventilation ducts,57,EQUIPMENT FOR CREW AND PASSENGERS,"VENTILATION, AIR-CONDITIONING & HEATING SYSTEMS"
573.016,Ventilation duct/pipe insulation,57,EQUIPMENT FOR CREW AND PASSENGERS,"VENTILATION, AIR-CONDITIONING & HEATING SYSTEMS"
573.017,Ventilation duct dampers,57,EQUIPMENT FOR CREW AND PASSENGERS,"VENTILATION, AIR-CONDITIONING & HEATING SYSTEMS"
573.020,Air-condition cooling compressors,57,EQUIPMENT FOR CREW AND PASSENGERS,"VENTILATION, AIR-CONDITIONING & HEATING SYSTEMS"
573.022,Cooling water pumps,57,EQUIPMENT FOR CREW AND PASSENGERS,"VENTILATION, AIR-CONDITIONING & HEATING SYSTEMS"
573.025,Ventilation fan centrals,57,EQUIPMENT FOR CREW AND PASSENGERS,"VENTILATION, AIR-CONDITIONING & HEATING SYSTEMS"
573.040,Local ventilation cabinets,57,EQUIPMENT FOR CREW AND PASSENGERS,"VENTILATION, AIR-CONDITIONING & HEATING SYSTEMS"
573.050,Separate filters,57,EQUIPMENT FOR CREW AND PASSENGERS,"VENTILATION, AIR-CONDITIONING & HEATING SYSTEMS"
573.060,Ozone plants,57,EQUIPMENT FOR CREW AND PASSENGERS,"VENTILATION, AIR-CONDITIONING & HEATING SYSTEMS"
573.061,Ozone generators,57,EQUIPMENT FOR CREW AND PASSENGERS,"VENTILATION, AIR-CONDITIONING & HEATING SYSTEMS"
573.063,Suction fans,57,EQUIPMENT FOR CREW AND PASSENGERS,"VENTILATION, AIR-CONDITIONING & HEATING SYSTEMS"
573.065,Drying filters,57,EQUIPMENT FOR CREW AND PASSENGERS,"VENTILATION, AIR-CONDITIONING & HEATING SYSTEMS"
573.067,Dust filters,57,EQUIPMENT FOR CREW AND PASSENGERS,"VENTILATION, AIR-CONDITIONING & HEATING SYSTEMS"
573.069,Local control panels,57,EQUIPMENT FOR CREW AND PASSENGERS,"VENTILATION, AIR-CONDITIONING & HEATING SYSTEMS"
574,VENTILATION/AIR-CONDITIONING SYSTEMS FOR BOILER/ENG. ROOMS,57,EQUIPMENT FOR CREW AND PASSENGERS,"VENTILATION, AIR-CONDITIONING & HEATING SYSTEMS"
574.001,Ventilation centrals,57,EQUIPMENT FOR CREW AND PASSENGERS,"VENTILATION, AIR-CONDITIONING & HEATING SYSTEMS"
574.002,Charge air fans,57,EQUIPMENT FOR CREW AND PASSENGERS,"VENTILATION, AIR-CONDITIONING & HEATING SYSTEMS"
574.004,Evacuation fans,57,EQUIPMENT FOR CREW AND PASSENGERS,"VENTILATION, AIR-CONDITIONING & HEATING SYSTEMS"
574.005,Condensers,57,EQUIPMENT FOR CREW AND PASSENGERS,"VENTILATION, AIR-CONDITIONING & HEATING SYSTEMS"
574.010,Ventilation cabinets,57,EQUIPMENT FOR CREW AND PASSENGERS,"VENTILATION, AIR-CONDITIONING & HEATING SYSTEMS"
574.015,Ventilation ducts,57,EQUIPMENT FOR CREW AND PASSENGERS,"VENTILATION, AIR-CONDITIONING & HEATING SYSTEMS"
574.016,Ventilation duct/pipe insulation,57,EQUIPMENT FOR CREW AND PASSENGERS,"VENTILATION, AIR-CONDITIONING & HEATING SYSTEMS"
574.017,Ventilation duct dampers,57,EQUIPMENT FOR CREW AND PASSENGERS,"VENTILATION, AIR-CONDITIONING & HEATING SYSTEMS"
574.020,Air filters,57,EQUIPMENT FOR CREW AND PASSENGERS,"VENTILATION, AIR-CONDITIONING & HEATING SYSTEMS"
574.030,Cooling/heating batteries,57,EQUIPMENT FOR CREW AND PASSENGERS,"VENTILATION, AIR-CONDITIONING & HEATING SYSTEMS"
575,VENTILATION/AIR-CONDITIONING SYSTEMS FOR PUMP ROOMS,57,EQUIPMENT FOR CREW AND PASSENGERS,"VENTILATION, AIR-CONDITIONING & HEATING SYSTEMS"
575.001,Ventilation centrals,57,EQUIPMENT FOR CREW AND PASSENGERS,"VENTILATION, AIR-CONDITIONING & HEATING SYSTEMS"
575.002,Charge air fans,57,EQUIPMENT FOR CREW AND PASSENGERS,"VENTILATION, AIR-CONDITIONING & HEATING SYSTEMS"
575.004,Evacuation fans,57,EQUIPMENT FOR CREW AND PASSENGERS,"VENTILATION, AIR-CONDITIONING & HEATING SYSTEMS"
575.010,Ventilation cabinets,57,EQUIPMENT FOR CREW AND PASSENGERS,"VENTILATION, AIR-CONDITIONING & HEATING SYSTEMS"
575.015,Ventilation ducts,57,EQUIPMENT FOR CREW AND PASSENGERS,"VENTILATION, AIR-CONDITIONING & HEATING SYSTEMS"
575.016,Ventilation duct/pipe insulation,57,EQUIPMENT FOR CREW AND PASSENGERS,"VENTILATION, AIR-CONDITIONING & HEATING SYSTEMS"
575.017,Ventilation duct dampers,57,EQUIPMENT FOR CREW AND PASSENGERS,"VENTILATION, AIR-CONDITIONING & HEATING SYSTEMS"
575.020,Air filters,57,EQUIPMENT FOR CREW AND PASSENGERS,"VENTILATION, AIR-CONDITIONING & HEATING SYSTEMS"
576,VENTILATION/AIR-COND. SYSTEMS FOR STEERING GEAR COMPARTMENTS,57,EQUIPMENT FOR CREW AND PASSENGERS,"VENTILATION, AIR-CONDITIONING & HEATING SYSTEMS"
576.001,Ventilation centrals,57,EQUIPMENT FOR CREW AND PASSENGERS,"VENTILATION, AIR-CONDITIONING & HEATING SYSTEMS"
576.002,Charge air fans,57,EQUIPMENT FOR CREW AND PASSENGERS,"VENTILATION, AIR-CONDITIONING & HEATING SYSTEMS"
576.010,Ventilation cabinets,57,EQUIPMENT FOR CREW AND PASSENGERS,"VENTILATION, AIR-CONDITIONING & HEATING SYSTEMS"
576.015,Ventilation ducts,57,EQUIPMENT FOR CREW AND PASSENGERS,"VENTILATION, AIR-CONDITIONING & HEATING SYSTEMS"
576.016,Ventilation duct/pipe insulation,57,EQUIPMENT FOR CREW AND PASSENGERS,"VENTILATION, AIR-CONDITIONING & HEATING SYSTEMS"
576.017,Ventilation duct dampers,57,EQUIPMENT FOR CREW AND PASSENGERS,"VENTILATION, AIR-CONDITIONING & HEATING SYSTEMS"
576.020,Air filters,57,EQUIPMENT FOR CREW AND PASSENGERS,"VENTILATION, AIR-CONDITIONING & HEATING SYSTEMS"
577,CENTRAL HEATING SYSTEMS W/RADIATORS,57,EQUIPMENT FOR CREW AND PASSENGERS,"VENTILATION, AIR-CONDITIONING & HEATING SYSTEMS"
577.001,Circulating pumps,57,EQUIPMENT FOR CREW AND PASSENGERS,"VENTILATION, AIR-CONDITIONING & HEATING SYSTEMS"
577.005,Expansion tanks,57,EQUIPMENT FOR CREW AND PASSENGERS,"SANITARY SYST. W/DISCHARGES, ACCOMMODATION DRAIN SYSTEMS"
577.010,Radiators,58,EQUIPMENT FOR CREW AND PASSENGERS,"SANITARY SYST. W/DISCHARGES, ACCOMMODATION DRAIN SYSTEMS"
581,SANITARY SUPPLY SYSTEMS,58,EQUIPMENT FOR CREW AND PASSENGERS,"SANITARY SYST. W/DISCHARGES, ACCOMMODATION DRAIN SYSTEMS"
581.001,FW hydrophore aggregates,58,EQUIPMENT FOR CREW AND PASSENGERS,"SANITARY SYST. W/DISCHARGES, ACCOMMODATION DRAIN SYSTEMS"
581.002,FW hydrophore pumps,58,EQUIPMENT FOR CREW AND PASSENGERS,"SANITARY SYST. W/DISCHARGES, ACCOMMODATION DRAIN SYSTEMS"
581.004,FW hydrophore tanks,58,EQUIPMENT FOR CREW AND PASSENGERS,"SANITARY SYST. W/DISCHARGES, ACCOMMODATION DRAIN SYSTEMS"
581.006,FW cleaning filters,58,EQUIPMENT FOR CREW AND PASSENGERS,"SANITARY SYST. W/DISCHARGES, ACCOMMODATION DRAIN SYSTEMS"
581.010,FW softening filters,58,EQUIPMENT FOR CREW AND PASSENGERS,"SANITARY SYST. W/DISCHARGES, ACCOMMODATION DRAIN SYSTEMS"
581.012,Ion exchange filters,58,EQUIPMENT FOR CREW AND PASSENGERS,"SANITARY SYST. W/DISCHARGES, ACCOMMODATION DRAIN SYSTEMS"
581.013,UV filters/sterilizers,58,EQUIPMENT FOR CREW AND PASSENGERS,"SANITARY SYST. W/DISCHARGES, ACCOMMODATION DRAIN SYSTEMS"
581.014,Chlorine dosage aggregates,58,EQUIPMENT FOR CREW AND PASSENGERS,"SANITARY SYST. W/DISCHARGES, ACCOMMODATION DRAIN SYSTEMS"
581.015,Chlorine tanks,58,EQUIPMENT FOR CREW AND PASSENGERS,"SANITARY SYST. W/DISCHARGES, ACCOMMODATION DRAIN SYSTEMS"
581.016,Chlorine pumps,58,EQUIPMENT FOR CREW AND PASSENGERS,"SANITARY SYST. W/DISCHARGES, ACCOMMODATION DRAIN SYSTEMS"
581.017,Chlorine filters,58,EQUIPMENT FOR CREW AND PASSENGERS,"SANITARY SYST. W/DISCHARGES, ACCOMMODATION DRAIN SYSTEMS"
581.020,Hot water aggregates,58,EQUIPMENT FOR CREW AND PASSENGERS,"SANITARY SYST. W/DISCHARGES, ACCOMMODATION DRAIN SYSTEMS"
581.021,Hot water calorifiers,58,EQUIPMENT FOR CREW AND PASSENGERS,"SANITARY SYST. W/DISCHARGES, ACCOMMODATION DRAIN SYSTEMS"
581.023,Hot water circulating pumps,58,EQUIPMENT FOR CREW AND PASSENGERS,"SANITARY SYST. W/DISCHARGES, ACCOMMODATION DRAIN SYSTEMS"
581.025,Hot water expansion tanks,58,EQUIPMENT FOR CREW AND PASSENGERS,"SANITARY SYST. W/DISCHARGES, ACCOMMODATION DRAIN SYSTEMS"
581.030,Separate hot water calorifiers,58,EQUIPMENT FOR CREW AND PASSENGERS,"SANITARY SYST. W/DISCHARGES, ACCOMMODATION DRAIN SYSTEMS"
581.040,SW hydrophore aggregates,58,EQUIPMENT FOR CREW AND PASSENGERS,"SANITARY SYST. W/DISCHARGES, ACCOMMODATION DRAIN SYSTEMS"
581.041,SW hydrophore pumps,58,EQUIPMENT FOR CREW AND PASSENGERS,"SANITARY SYST. W/DISCHARGES, ACCOMMODATION DRAIN SYSTEMS"
581.043,SW hydrophore tanks,58,EQUIPMENT FOR CREW AND PASSENGERS,"SANITARY SYST. W/DISCHARGES, ACCOMMODATION DRAIN SYSTEMS"
581.045,SW cleaning filters,58,EQUIPMENT FOR CREW AND PASSENGERS,"SANITARY SYST. W/DISCHARGES, ACCOMMODATION DRAIN SYSTEMS"
581.050,FW cooling plants,58,EQUIPMENT FOR CREW AND PASSENGERS,"SANITARY SYST. W/DISCHARGES, ACCOMMODATION DRAIN SYSTEMS"
581.051,Cooling compressors,58,EQUIPMENT FOR CREW AND PASSENGERS,"SANITARY SYST. W/DISCHARGES, ACCOMMODATION DRAIN SYSTEMS"
581.053,Evaporators,58,EQUIPMENT FOR CREW AND PASSENGERS,"SANITARY SYST. W/DISCHARGES, ACCOMMODATION DRAIN SYSTEMS"
581.055,Condensers,58,EQUIPMENT FOR CREW AND PASSENGERS,"SANITARY SYST. W/DISCHARGES, ACCOMMODATION DRAIN SYSTEMS"
581.057,Condenser cooling water pumps,58,EQUIPMENT FOR CREW AND PASSENGERS,"SANITARY SYST. W/DISCHARGES, ACCOMMODATION DRAIN SYSTEMS"
582,"SANITARY DISCHARGE SYSTEMS, ACCOMMODATION DRAINAGE SYSTEMS",58,EQUIPMENT FOR CREW AND PASSENGERS,"SANITARY SYST. W/DISCHARGES, ACCOMMODATION DRAIN SYSTEMS"
582.001,Sewage pumps w/drive unit,58,EQUIPMENT FOR CREW AND PASSENGERS,"SANITARY SYST. W/DISCHARGES, ACCOMMODATION DRAIN SYSTEMS"
582.003,Sewage tanks,58,EQUIPMENT FOR CREW AND PASSENGERS,"SANITARY SYST. W/DISCHARGES, ACCOMMODATION DRAIN SYSTEMS"
582.005,Sewage lift stations,58,EQUIPMENT FOR CREW AND PASSENGERS,"SANITARY SYST. W/DISCHARGES, ACCOMMODATION DRAIN SYSTEMS"
582.010,Vacuum plants,58,EQUIPMENT FOR CREW AND PASSENGERS,"SANITARY SYST. W/DISCHARGES, ACCOMMODATION DRAIN SYSTEMS"
582.011,Vacuum pumps w/drive unit,58,EQUIPMENT FOR CREW AND PASSENGERS,"SANITARY SYST. W/DISCHARGES, ACCOMMODATION DRAIN SYSTEMS"
582.013,Vacuum tanks,58,EQUIPMENT FOR CREW AND PASSENGERS,"SANITARY SYST. W/DISCHARGES, ACCOMMODATION DRAIN SYSTEMS"
582.015,Receiver tanks,58,EQUIPMENT FOR CREW AND PASSENGERS,"SANITARY SYST. W/DISCHARGES, ACCOMMODATION DRAIN SYSTEMS"
582.017,Discharge pumps w/drive unit,58,EQUIPMENT FOR CREW AND PASSENGERS,"SANITARY SYST. W/DISCHARGES, ACCOMMODATION DRAIN SYSTEMS"
582.025,Sewage disinfection plants,58,EQUIPMENT FOR CREW AND PASSENGERS,"SANITARY SYST. W/DISCHARGES, ACCOMMODATION DRAIN SYSTEMS"
582.026,Sewage transfer pumps,58,EQUIPMENT FOR CREW AND PASSENGERS,"SANITARY SYST. W/DISCHARGES, ACCOMMODATION DRAIN SYSTEMS"
582.027,SW charge pumps,58,EQUIPMENT FOR CREW AND PASSENGERS,"SANITARY SYST. W/DISCHARGES, ACCOMMODATION DRAIN SYSTEMS"
583,"BATHTUBS, BIDETS, SHOWER CABINETS, W.C., WASHBASINS",58,EQUIPMENT FOR CREW AND PASSENGERS,"SANITARY SYST. W/DISCHARGES, ACCOMMODATION DRAIN SYSTEMS"
583.001,Shower cabinets,58,EQUIPMENT FOR CREW AND PASSENGERS,"SANITARY SYST. W/DISCHARGES, ACCOMMODATION DRAIN SYSTEMS"
583.002,Standard toilets,58,EQUIPMENT FOR CREW AND PASSENGERS,"SANITARY SYST. W/DISCHARGES, ACCOMMODATION DRAIN SYSTEMS"
583.003,Washstands,58,EQUIPMENT FOR CREW AND PASSENGERS,"SANITARY SYST. W/DISCHARGES, ACCOMMODATION DRAIN SYSTEMS"
583.004,Bathtubs,58,EQUIPMENT FOR CREW AND PASSENGERS,"SANITARY SYST. W/DISCHARGES, ACCOMMODATION DRAIN SYSTEMS"
583.005,Bidets,58,EQUIPMENT FOR CREW AND PASSENGERS,"SANITARY SYST. W/DISCHARGES, ACCOMMODATION DRAIN SYSTEMS"
583.010,Vacuum toilets,58,EQUIPMENT FOR CREW AND PASSENGERS,"SANITARY SYST. W/DISCHARGES, ACCOMMODATION DRAIN SYSTEMS"
583.015,Wash basins w/equipment,58,EQUIPMENT FOR CREW AND PASSENGERS,"SANITARY SYST. W/DISCHARGES, ACCOMMODATION DRAIN SYSTEMS"
584,DRINKING WATER SYSTEMS & COOLERS,58,EQUIPMENT FOR CREW AND PASSENGERS,"SANITARY SYST. W/DISCHARGES, ACCOMMODATION DRAIN SYSTEMS"
584.001,Loose drinking water tanks,58,EQUIPMENT FOR CREW AND PASSENGERS,"SANITARY SYST. W/DISCHARGES, ACCOMMODATION DRAIN SYSTEMS"
584.002,Drinking water pumps,58,EQUIPMENT FOR CREW AND PASSENGERS,"SANITARY SYST. W/DISCHARGES, ACCOMMODATION DRAIN SYSTEMS"
584.005,Softening filters,58,EQUIPMENT FOR CREW AND PASSENGERS,"SANITARY SYST. W/DISCHARGES, ACCOMMODATION DRAIN SYSTEMS"
584.006,Ion exchange filters,58,EQUIPMENT FOR CREW AND PASSENGERS,"SANITARY SYST. W/DISCHARGES, ACCOMMODATION DRAIN SYSTEMS"
584.010,Chlorine dosage aggregates,58,EQUIPMENT FOR CREW AND PASSENGERS,"SANITARY SYST. W/DISCHARGES, ACCOMMODATION DRAIN SYSTEMS"
584.011,Chlorine tanks,58,EQUIPMENT FOR CREW AND PASSENGERS,"SANITARY SYST. W/DISCHARGES, ACCOMMODATION DRAIN SYSTEMS"
584.012,Chlorine pumps,58,EQUIPMENT FOR CREW AND PASSENGERS,"SANITARY SYST. W/DISCHARGES, ACCOMMODATION DRAIN SYSTEMS"
584.013,Chlorine filters,58,EQUIPMENT FOR CREW AND PASSENGERS,"SANITARY SYST. W/DISCHARGES, ACCOMMODATION DRAIN SYSTEMS"
584.018,Drinking water coolers,58,EQUIPMENT FOR CREW AND PASSENGERS,"SANITARY SYST. W/DISCHARGES, ACCOMMODATION DRAIN SYSTEMS"
584.020,Drinking water cooling plants,58,EQUIPMENT FOR CREW AND PASSENGERS,"SANITARY SYST. W/DISCHARGES, ACCOMMODATION DRAIN SYSTEMS"
584.021,Cooling compressors,58,EQUIPMENT FOR CREW AND PASSENGERS,"SANITARY SYST. W/DISCHARGES, ACCOMMODATION DRAIN SYSTEMS"
584.023,Evaporators,58,EQUIPMENT FOR CREW AND PASSENGERS,"SANITARY SYST. W/DISCHARGES, ACCOMMODATION DRAIN SYSTEMS"
584.025,Condensers,58,EQUIPMENT FOR CREW AND PASSENGERS,"SANITARY SYST. W/DISCHARGES, ACCOMMODATION DRAIN SYSTEMS"
584.027,Condenser cooling water pumps,58,EQUIPMENT FOR CREW AND PASSENGERS,DIESEL ENGINES FOR PROPULSION
584.035,Separate icewater coolers,60,MACHINERY MAIN COMPONENTS,DIESEL ENGINES FOR PROPULSION
601,DIESEL ENGINES,60,MACHINERY MAIN COMPONENTS,DIESEL ENGINES FOR PROPULSION
601.001,"Main diesel engine, compl.",60,MACHINERY MAIN COMPONENTS,DIESEL ENGINES FOR PROPULSION
601.002,ME cylinder covers w/valves,60,MACHINERY MAIN COMPONENTS,DIESEL ENGINES FOR PROPULSION
601.003,ME cylinder liners,60,MACHINERY MAIN COMPONENTS,DIESEL ENGINES FOR PROPULSION
601.004,"ME pistons, piston rods",60,MACHINERY MAIN COMPONENTS,DIESEL ENGINES FOR PROPULSION
601.005,"ME connecting rods, crosshead, guides",60,MACHINERY MAIN COMPONENTS,DIESEL ENGINES FOR PROPULSION
601.006,"ME bottom end bearings, crank pins",60,MACHINERY MAIN COMPONENTS,DIESEL ENGINES FOR PROPULSION
601.007,"ME main bearings, journals",60,MACHINERY MAIN COMPONENTS,DIESEL ENGINES FOR PROPULSION
601.010,"ME bedplates, frames",60,MACHINERY MAIN COMPONENTS,DIESEL ENGINES FOR PROPULSION
601.012,"ME bolts, chocks",60,MACHINERY MAIN COMPONENTS,DIESEL ENGINES FOR PROPULSION
601.014,ME fastening bolts between cylinders,60,MACHINERY MAIN COMPONENTS,DIESEL ENGINES FOR PROPULSION
601.016,ME tiebolts,60,MACHINERY MAIN COMPONENTS,DIESEL ENGINES FOR PROPULSION
601.018,ME crankcases,60,MACHINERY MAIN COMPONENTS,DIESEL ENGINES FOR PROPULSION
601.020,ME crankcase doors w/safety valve,60,MACHINERY MAIN COMPONENTS,DIESEL ENGINES FOR PROPULSION
601.022,ME camshafts w/drive,60,MACHINERY MAIN COMPONENTS,DIESEL ENGINES FOR PROPULSION
601.026,ME HP fuel pumps,60,MACHINERY MAIN COMPONENTS,DIESEL ENGINES FOR PROPULSION
601.028,ME HP fuel pipes w/shielding,60,MACHINERY MAIN COMPONENTS,DIESEL ENGINES FOR PROPULSION
601.042,ME cylinder lubricating device,60,MACHINERY MAIN COMPONENTS,DIESEL ENGINES FOR PROPULSION
601.050,ME starting air distributor w/valves,60,MACHINERY MAIN COMPONENTS,DIESEL ENGINES FOR PROPULSION
601.051,ME scavenging air filters,60,MACHINERY MAIN COMPONENTS,DIESEL ENGINES FOR PROPULSION
601.052,ME scavenging air pumps,60,MACHINERY MAIN COMPONENTS,DIESEL ENGINES FOR PROPULSION
601.053,ME turbochargers,60,MACHINERY MAIN COMPONENTS,DIESEL ENGINES FOR PROPULSION
601.054,ME emergency air blowers,60,MACHINERY MAIN COMPONENTS,DIESEL ENGINES FOR PROPULSION
601.055,ME scavenging air coolers,60,MACHINERY MAIN COMPONENTS,DIESEL ENGINES FOR PROPULSION
601.056,ME charge air receiver w/valves,60,MACHINERY MAIN COMPONENTS,DIESEL ENGINES FOR PROPULSION
601.057,ME charge air spaces w/valves,60,MACHINERY MAIN COMPONENTS,DIESEL ENGINES FOR PROPULSION
601.058,ME charge air space drain tanks,60,MACHINERY MAIN COMPONENTS,DIESEL ENGINES FOR PROPULSION
601.059,ME exhaust gas manifolds/pipes w/insulation,60,MACHINERY MAIN COMPONENTS,DIESEL ENGINES FOR PROPULSION
601.060,ME crankshafts,60,MACHINERY MAIN COMPONENTS,DIESEL ENGINES FOR PROPULSION
601.061,ME thrust shafts/bearings,60,MACHINERY MAIN COMPONENTS,DIESEL ENGINES FOR PROPULSION
601.062,ME vibration dampers,60,MACHINERY MAIN COMPONENTS,DIESEL ENGINES FOR PROPULSION
601.063,ME couplings,60,MACHINERY MAIN COMPONENTS,DIESEL ENGINES FOR PROPULSION
601.064,ME turning gear,60,MACHINERY MAIN COMPONENTS,DIESEL ENGINES FOR PROPULSION
601.065,ME reversing/starting gear,60,MACHINERY MAIN COMPONENTS,DIESEL ENGINES FOR PROPULSION
601.066,ME indicators,60,MACHINERY MAIN COMPONENTS,DIESEL ENGINES FOR PROPULSION
601.067,ME tachometers,60,MACHINERY MAIN COMPONENTS,DIESEL ENGINES FOR PROPULSION
601.068,ME tripping/alarm/safety devices,60,MACHINERY MAIN COMPONENTS,DIESEL ENGINES FOR PROPULSION
601.069,ME regulators,60,MACHINERY MAIN COMPONENTS,DIESEL ENGINES FOR PROPULSION
601.071,ME local instrument panels,60,MACHINERY MAIN COMPONENTS,STEAM MACHINERY FOR PROPULSION
601.079,ME special tools,61,MACHINERY MAIN COMPONENTS,STEAM MACHINERY FOR PROPULSION
611,STEAM TURBINES W/CONDENSERS,61,MACHINERY MAIN COMPONENTS,STEAM MACHINERY FOR PROPULSION
611.001,"Main steam turbines, complete",61,MACHINERY MAIN COMPONENTS,STEAM MACHINERY FOR PROPULSION
611.003,Steam turbines,61,MACHINERY MAIN COMPONENTS,STEAM MACHINERY FOR PROPULSION
611.005,Speed governors,61,MACHINERY MAIN COMPONENTS,STEAM MACHINERY FOR PROPULSION
611.007,Turning gear,61,MACHINERY MAIN COMPONENTS,STEAM MACHINERY FOR PROPULSION
611.009,Main condensers,61,MACHINERY MAIN COMPONENTS,STEAM MACHINERY FOR PROPULSION
611.011,Vacuum pumps,61,MACHINERY MAIN COMPONENTS,STEAM MACHINERY FOR PROPULSION
611.013,Vacuum ejectors,61,MACHINERY MAIN COMPONENTS,STEAM MACHINERY FOR PROPULSION
612,HIGH PRESSURE TURBINES,61,MACHINERY MAIN COMPONENTS,STEAM MACHINERY FOR PROPULSION
612.001,"HP turbines, complete",61,MACHINERY MAIN COMPONENTS,STEAM MACHINERY FOR PROPULSION
612.003,"HP turbine casing, foundations, bolts",61,MACHINERY MAIN COMPONENTS,STEAM MACHINERY FOR PROPULSION
612.005,HP turbine diaphragms,61,MACHINERY MAIN COMPONENTS,STEAM MACHINERY FOR PROPULSION
612.007,HP turbine rotors w/blades,61,MACHINERY MAIN COMPONENTS,STEAM MACHINERY FOR PROPULSION
612.009,HP turbine main/thrust bearings,61,MACHINERY MAIN COMPONENTS,STEAM MACHINERY FOR PROPULSION
612.010,HP turbine shafts,61,MACHINERY MAIN COMPONENTS,STEAM MACHINERY FOR PROPULSION
612.012,HP turbine shafts/oil seals,61,MACHINERY MAIN COMPONENTS,STEAM MACHINERY FOR PROPULSION
612.014,HP turbine manoeuvre valves,61,MACHINERY MAIN COMPONENTS,STEAM MACHINERY FOR PROPULSION
612.016,HP turbine bleed/drain valves,61,MACHINERY MAIN COMPONENTS,STEAM MACHINERY FOR PROPULSION
612.018,HP turbine governor/servo systems,61,MACHINERY MAIN COMPONENTS,STEAM MACHINERY FOR PROPULSION
612.020,HP turbine nozzles,61,MACHINERY MAIN COMPONENTS,STEAM MACHINERY FOR PROPULSION
612.022,HP turbine couplings,61,MACHINERY MAIN COMPONENTS,STEAM MACHINERY FOR PROPULSION
613,MEDIUM & LOW PRESSURE TURBINES,61,MACHINERY MAIN COMPONENTS,STEAM MACHINERY FOR PROPULSION
613.001,"LP turbines, complete",61,MACHINERY MAIN COMPONENTS,STEAM MACHINERY FOR PROPULSION
613.003,"LP turbine casing, foundations, bolts",61,MACHINERY MAIN COMPONENTS,STEAM MACHINERY FOR PROPULSION
613.005,LP turbine diaphragms,61,MACHINERY MAIN COMPONENTS,STEAM MACHINERY FOR PROPULSION
613.007,LP turbine rotors w/blades,61,MACHINERY MAIN COMPONENTS,STEAM MACHINERY FOR PROPULSION
613.009,LP turbine main/thrust bearings,61,MACHINERY MAIN COMPONENTS,STEAM MACHINERY FOR PROPULSION
613.010,LP turbine shafts,61,MACHINERY MAIN COMPONENTS,STEAM MACHINERY FOR PROPULSION
613.012,LP turbine shafts/oil seals,61,MACHINERY MAIN COMPONENTS,STEAM MACHINERY FOR PROPULSION
613.014,LP turbine manoeuvre valves,61,MACHINERY MAIN COMPONENTS,STEAM MACHINERY FOR PROPULSION
613.016,LP turbine bleed/drain valves,61,MACHINERY MAIN COMPONENTS,STEAM MACHINERY FOR PROPULSION
613.018,LP turbine governor/servo systems,61,MACHINERY MAIN COMPONENTS,STEAM MACHINERY FOR PROPULSION
613.020,LP turbine nozzles,61,MACHINERY MAIN COMPONENTS,STEAM MACHINERY FOR PROPULSION
613.022,LP turbine couplings,61,MACHINERY MAIN COMPONENTS,STEAM MACHINERY FOR PROPULSION
613.031,"Astern turbines, complete",61,MACHINERY MAIN COMPONENTS,STEAM MACHINERY FOR PROPULSION
613.033,"Astern turbine casing, foundations, bolts",61,MACHINERY MAIN COMPONENTS,STEAM MACHINERY FOR PROPULSION
613.035,Astern turbine diaphragms,61,MACHINERY MAIN COMPONENTS,STEAM MACHINERY FOR PROPULSION
613.037,Astern turbine rotors w/blades,61,MACHINERY MAIN COMPONENTS,STEAM MACHINERY FOR PROPULSION
613.039,Astern turbine main/thrust bearings,61,MACHINERY MAIN COMPONENTS,STEAM MACHINERY FOR PROPULSION
613.040,Astern turbine shafts,61,MACHINERY MAIN COMPONENTS,STEAM MACHINERY FOR PROPULSION
613.042,Astern turbine shafts/oil seals,61,MACHINERY MAIN COMPONENTS,STEAM MACHINERY FOR PROPULSION
613.044,Astern turbine manoeuvre valves,61,MACHINERY MAIN COMPONENTS,STEAM MACHINERY FOR PROPULSION
613.046,Astern turbine bleed/drain valves,61,MACHINERY MAIN COMPONENTS,STEAM MACHINERY FOR PROPULSION
613.048,Astern turbine governor/servo systems,61,MACHINERY MAIN COMPONENTS,STEAM MACHINERY FOR PROPULSION
613.050,Astern turbine nozzles,61,MACHINERY MAIN COMPONENTS,STEAM MACHINERY FOR PROPULSION
613.052,Astern turbine couplings,61,MACHINERY MAIN COMPONENTS,STEAM MACHINERY FOR PROPULSION
614,MAIN CONDENSERS,61,MACHINERY MAIN COMPONENTS,STEAM MACHINERY FOR PROPULSION
614.001,"Main condensers, complete",61,MACHINERY MAIN COMPONENTS,STEAM MACHINERY FOR PROPULSION
614.003,"Main condenser casing, foundations, bolts",61,MACHINERY MAIN COMPONENTS,STEAM MACHINERY FOR PROPULSION
614.005,Main condenser tubes,61,MACHINERY MAIN COMPONENTS,STEAM MACHINERY FOR PROPULSION
614.007,Main condenser hotwells,61,MACHINERY MAIN COMPONENTS,STEAM MACHINERY FOR PROPULSION
614.009,Main condenser ejectors,61,MACHINERY MAIN COMPONENTS,STEAM MACHINERY FOR PROPULSION
618,STEAM ENGINES W/CONDENSERS,61,MACHINERY MAIN COMPONENTS,STEAM MACHINERY FOR PROPULSION
618.001,"Main reciprocating steam engines, complete",61,MACHINERY MAIN COMPONENTS,STEAM MACHINERY FOR PROPULSION
618.003,Steam engines,61,MACHINERY MAIN COMPONENTS,STEAM MACHINERY FOR PROPULSION
618.005,Thrust shafts,61,MACHINERY MAIN COMPONENTS,STEAM MACHINERY FOR PROPULSION
618.007,Thrust bearings,61,MACHINERY MAIN COMPONENTS,STEAM MACHINERY FOR PROPULSION
618.009,Turning gear,61,MACHINERY MAIN COMPONENTS,STEAM MACHINERY FOR PROPULSION
618.011,Speed governors,61,MACHINERY MAIN COMPONENTS,STEAM MACHINERY FOR PROPULSION
618.013,Main condensers,61,MACHINERY MAIN COMPONENTS,STEAM MACHINERY FOR PROPULSION
618.015,Vacuum pumps,61,MACHINERY MAIN COMPONENTS,STEAM MACHINERY FOR PROPULSION
618.017,Vacuum ejectors,61,MACHINERY MAIN COMPONENTS,OTHER TYPES OF PROPULSION MACHINERY
618.019,Exhaust steam turbines,62,MACHINERY MAIN COMPONENTS,OTHER TYPES OF PROPULSION MACHINERY
621,GAS TURBINES W/AIR PREHEATERS,62,MACHINERY MAIN COMPONENTS,OTHER TYPES OF PROPULSION MACHINERY
621.001,"Main gas turbine aggregates, complete",62,MACHINERY MAIN COMPONENTS,OTHER TYPES OF PROPULSION MACHINERY
621.003,Power turbines,62,MACHINERY MAIN COMPONENTS,OTHER TYPES OF PROPULSION MACHINERY
621.005,Gas generator compressors,62,MACHINERY MAIN COMPONENTS,OTHER TYPES OF PROPULSION MACHINERY
621.007,Compressor drive units,62,MACHINERY MAIN COMPONENTS,OTHER TYPES OF PROPULSION MACHINERY
621.009,Air preheaters,62,MACHINERY MAIN COMPONENTS,OTHER TYPES OF PROPULSION MACHINERY
621.011,Intermediate coolers,62,MACHINERY MAIN COMPONENTS,OTHER TYPES OF PROPULSION MACHINERY
621.013,Combustion chambers,62,MACHINERY MAIN COMPONENTS,OTHER TYPES OF PROPULSION MACHINERY
621.015,Compressor turbines,62,MACHINERY MAIN COMPONENTS,OTHER TYPES OF PROPULSION MACHINERY
621.017,Starting machinery,62,MACHINERY MAIN COMPONENTS,OTHER TYPES OF PROPULSION MACHINERY
621.019,FO pumps,62,MACHINERY MAIN COMPONENTS,OTHER TYPES OF PROPULSION MACHINERY
621.021,LO pumps,62,MACHINERY MAIN COMPONENTS,OTHER TYPES OF PROPULSION MACHINERY
621.023,LO filters,62,MACHINERY MAIN COMPONENTS,OTHER TYPES OF PROPULSION MACHINERY
621.025,LO coolers,62,MACHINERY MAIN COMPONENTS,OTHER TYPES OF PROPULSION MACHINERY
621.027,Hydr. oil pumps,62,MACHINERY MAIN COMPONENTS,OTHER TYPES OF PROPULSION MACHINERY
625,EL. GENERATOR/EL. MOTOR PLANTS,62,MACHINERY MAIN COMPONENTS,OTHER TYPES OF PROPULSION MACHINERY
625.001,Main propulsion el. generators,62,MACHINERY MAIN COMPONENTS,OTHER TYPES OF PROPULSION MACHINERY
625.003,Propulsion el. motors,62,MACHINERY MAIN COMPONENTS,OTHER TYPES OF PROPULSION MACHINERY
625.005,Gyropropeller el. motors,62,MACHINERY MAIN COMPONENTS,OTHER TYPES OF PROPULSION MACHINERY
625.008,Magnetizing rectifiers,62,MACHINERY MAIN COMPONENTS,OTHER TYPES OF PROPULSION MACHINERY
625.013,Hydr. motors,62,MACHINERY MAIN COMPONENTS,OTHER TYPES OF PROPULSION MACHINERY
625.015,Accumulator batteries,62,MACHINERY MAIN COMPONENTS,OTHER TYPES OF PROPULSION MACHINERY
625.019,Air coolers,62,MACHINERY MAIN COMPONENTS,OTHER TYPES OF PROPULSION MACHINERY
625.045,Separate hydr. oil systems,62,MACHINERY MAIN COMPONENTS,OTHER TYPES OF PROPULSION MACHINERY
625.047,Hydr. oil pumps w/drive unit,62,MACHINERY MAIN COMPONENTS,OTHER TYPES OF PROPULSION MACHINERY
625.049,Hydr. oil preheaters,62,MACHINERY MAIN COMPONENTS,OTHER TYPES OF PROPULSION MACHINERY
625.051,Hydr. oil coolers,62,MACHINERY MAIN COMPONENTS,OTHER TYPES OF PROPULSION MACHINERY
625.053,Hydr. oil filters,62,MACHINERY MAIN COMPONENTS,OTHER TYPES OF PROPULSION MACHINERY
625.055,Hydr. oil expansion tanks,62,MACHINERY MAIN COMPONENTS,OTHER TYPES OF PROPULSION MACHINERY
625.057,Hydr. oil storage tanks,62,MACHINERY MAIN COMPONENTS,OTHER TYPES OF PROPULSION MACHINERY
627,"FAN PLANTS, WATER-JET PUMP PLANTS W/NOZZLES",62,MACHINERY MAIN COMPONENTS,OTHER TYPES OF PROPULSION MACHINERY
627.001,Main propulsion fans,62,MACHINERY MAIN COMPONENTS,OTHER TYPES OF PROPULSION MACHINERY
627.003,Propulsion fan nozzles,62,MACHINERY MAIN COMPONENTS,OTHER TYPES OF PROPULSION MACHINERY
627.005,Lifting fans,62,MACHINERY MAIN COMPONENTS,OTHER TYPES OF PROPULSION MACHINERY
627.015,Water-jet pumping plants,62,MACHINERY MAIN COMPONENTS,OTHER TYPES OF PROPULSION MACHINERY
627.017,Pumping plant nozzles,62,MACHINERY MAIN COMPONENTS,OTHER TYPES OF PROPULSION MACHINERY
628,SPECIAL PROPULSION AGGREGATES,62,MACHINERY MAIN COMPONENTS,"PROPELLERS, TRANSMISSIONS, FOILS"
628.001,Outboard engines,63,MACHINERY MAIN COMPONENTS,"PROPELLERS, TRANSMISSIONS, FOILS"
631,FIXED PROPELLER PLANTS INCL. NOZZLES,63,MACHINERY MAIN COMPONENTS,"PROPELLERS, TRANSMISSIONS, FOILS"
631.001,Propulsion propellers,63,MACHINERY MAIN COMPONENTS,"PROPELLERS, TRANSMISSIONS, FOILS"
631.003,Propeller shafts,63,MACHINERY MAIN COMPONENTS,"PROPELLERS, TRANSMISSIONS, FOILS"
631.005,Spare shafts,63,MACHINERY MAIN COMPONENTS,"PROPELLERS, TRANSMISSIONS, FOILS"
631.007,Intermediate shafts,63,MACHINERY MAIN COMPONENTS,"PROPELLERS, TRANSMISSIONS, FOILS"
631.009,Thrust shafts,63,MACHINERY MAIN COMPONENTS,"PROPELLERS, TRANSMISSIONS, FOILS"
631.011,Thrust bearings,63,MACHINERY MAIN COMPONENTS,"PROPELLERS, TRANSMISSIONS, FOILS"
631.013,Shaft bearings,63,MACHINERY MAIN COMPONENTS,"PROPELLERS, TRANSMISSIONS, FOILS"
631.015,Stern tubes,63,MACHINERY MAIN COMPONENTS,"PROPELLERS, TRANSMISSIONS, FOILS"
631.017,Stern tube bushes,63,MACHINERY MAIN COMPONENTS,"PROPELLERS, TRANSMISSIONS, FOILS"
631.021,Stern tube sealing,63,MACHINERY MAIN COMPONENTS,"PROPELLERS, TRANSMISSIONS, FOILS"
631.027,Bulkhead shaft seals,63,MACHINERY MAIN COMPONENTS,"PROPELLERS, TRANSMISSIONS, FOILS"
631.029,Propeller nuts,63,MACHINERY MAIN COMPONENTS,"PROPELLERS, TRANSMISSIONS, FOILS"
631.031,Propeller fairwater cones,63,MACHINERY MAIN COMPONENTS,"PROPELLERS, TRANSMISSIONS, FOILS"
631.033,Propeller boss stoprings,63,MACHINERY MAIN COMPONENTS,"PROPELLERS, TRANSMISSIONS, FOILS"
631.035,Rope guards,63,MACHINERY MAIN COMPONENTS,"PROPELLERS, TRANSMISSIONS, FOILS"
631.038,Propeller nozzles,63,MACHINERY MAIN COMPONENTS,"PROPELLERS, TRANSMISSIONS, FOILS"
634,CONTROLLABLE PITCH PROPELLER PLANTS INCL. NOZZLES,63,MACHINERY MAIN COMPONENTS,"PROPELLERS, TRANSMISSIONS, FOILS"
634.001,Contr. pitch propeller plants,63,MACHINERY MAIN COMPONENTS,"PROPELLERS, TRANSMISSIONS, FOILS"
634.003,Contr. pitch propellers,63,MACHINERY MAIN COMPONENTS,"PROPELLERS, TRANSMISSIONS, FOILS"
634.005,Hydr. oil pumps,63,MACHINERY MAIN COMPONENTS,"PROPELLERS, TRANSMISSIONS, FOILS"
634.007,Hydr. oil filters,63,MACHINERY MAIN COMPONENTS,"PROPELLERS, TRANSMISSIONS, FOILS"
634.009,Hydr. oil gravity tanks,63,MACHINERY MAIN COMPONENTS,"PROPELLERS, TRANSMISSIONS, FOILS"
634.011,Hydr. oil drain tanks,63,MACHINERY MAIN COMPONENTS,"PROPELLERS, TRANSMISSIONS, FOILS"
634.013,Hydr. oil distribution box,63,MACHINERY MAIN COMPONENTS,"PROPELLERS, TRANSMISSIONS, FOILS"
634.015,Propeller shafts,63,MACHINERY MAIN COMPONENTS,"PROPELLERS, TRANSMISSIONS, FOILS"
634.017,Shaft couplings,63,MACHINERY MAIN COMPONENTS,"PROPELLERS, TRANSMISSIONS, FOILS"
634.018,Intermediate shaft couplings,63,MACHINERY MAIN COMPONENTS,"PROPELLERS, TRANSMISSIONS, FOILS"
634.019,Shaft brakes,63,MACHINERY MAIN COMPONENTS,"PROPELLERS, TRANSMISSIONS, FOILS"
634.020,Propeller knifes,63,MACHINERY MAIN COMPONENTS,"PROPELLERS, TRANSMISSIONS, FOILS"
634.025,Intermediate shafts,63,MACHINERY MAIN COMPONENTS,"PROPELLERS, TRANSMISSIONS, FOILS"
634.027,Thrust shafts,63,MACHINERY MAIN COMPONENTS,"PROPELLERS, TRANSMISSIONS, FOILS"
634029,Thrust bearings,63,MACHINERY MAIN COMPONENTS,"PROPELLERS, TRANSMISSIONS, FOILS"
634.031,Shaft bearings,63,MACHINERY MAIN COMPONENTS,"PROPELLERS, TRANSMISSIONS, FOILS"
634.033,Stern tubes,63,MACHINERY MAIN COMPONENTS,"PROPELLERS, TRANSMISSIONS, FOILS"
634.035,Stern tube bushes,63,MACHINERY MAIN COMPONENTS,"PROPELLERS, TRANSMISSIONS, FOILS"
634.037,Stern tube sealing,63,MACHINERY MAIN COMPONENTS,"PROPELLERS, TRANSMISSIONS, FOILS"
634.039,Bulkhead shaft seals,63,MACHINERY MAIN COMPONENTS,"PROPELLERS, TRANSMISSIONS, FOILS"
634.041,Propeller nuts,63,MACHINERY MAIN COMPONENTS,"PROPELLERS, TRANSMISSIONS, FOILS"
634.043,Propeller fairwater cones,63,MACHINERY MAIN COMPONENTS,"PROPELLERS, TRANSMISSIONS, FOILS"
634.045,Propeller boss stoprings,63,MACHINERY MAIN COMPONENTS,"PROPELLERS, TRANSMISSIONS, FOILS"
634.047,Rope guards,63,MACHINERY MAIN COMPONENTS,"PROPELLERS, TRANSMISSIONS, FOILS"
634.050,Propeller nozzles,63,MACHINERY MAIN COMPONENTS,"PROPELLERS, TRANSMISSIONS, FOILS"
634.070,Stern tube machining apparatus hire,63,MACHINERY MAIN COMPONENTS,"PROPELLERS, TRANSMISSIONS, FOILS"
635,SPEC. PROPELLER PLANTS INCL. NOZZLES (EXCL. SIDE THRUSTERS),63,MACHINERY MAIN COMPONENTS,"PROPELLERS, TRANSMISSIONS, FOILS"
635.001,Voigt Schneider plants,63,MACHINERY MAIN COMPONENTS,"PROPELLERS, TRANSMISSIONS, FOILS"
635.010,Gyropropellers w/drive unit,63,MACHINERY MAIN COMPONENTS,"PROPELLERS, TRANSMISSIONS, FOILS"
635.020,Contra rotating propeller plants,63,MACHINERY MAIN COMPONENTS,"PROPELLERS, TRANSMISSIONS, FOILS"
636,SPARE PROPELLERS,63,MACHINERY MAIN COMPONENTS,"PROPELLERS, TRANSMISSIONS, FOILS"
636.001,Spare propellers,63,MACHINERY MAIN COMPONENTS,"PROPELLERS, TRANSMISSIONS, FOILS"
636.005,Spare propeller blades,63,MACHINERY MAIN COMPONENTS,"PROPELLERS, TRANSMISSIONS, FOILS"
636.010,Spare propeller nuts,63,MACHINERY MAIN COMPONENTS,"PROPELLERS, TRANSMISSIONS, FOILS"
636.015,Spare propeller fairwater cones,63,MACHINERY MAIN COMPONENTS,"PROPELLERS, TRANSMISSIONS, FOILS"
637,MAIN REDUCTION GEARS W/THRUST BEARINGS & COUPLINGS,63,MACHINERY MAIN COMPONENTS,"PROPELLERS, TRANSMISSIONS, FOILS"
637.001,"Main reduction gears, complete",63,MACHINERY MAIN COMPONENTS,"PROPELLERS, TRANSMISSIONS, FOILS"
637.003,"Main reduction gear casings, foundations, bolts",63,MACHINERY MAIN COMPONENTS,"PROPELLERS, TRANSMISSIONS, FOILS"
637.005,"Main gear HP 1st red. pinions, shafts, bearings",63,MACHINERY MAIN COMPONENTS,"PROPELLERS, TRANSMISSIONS, FOILS"
637.007,"Main gear HP 1st red. wheels, shafts, bearings",63,MACHINERY MAIN COMPONENTS,"PROPELLERS, TRANSMISSIONS, FOILS"
637.009,"Main gear HP 2nd red. pinions, shafts, bearings",63,MACHINERY MAIN COMPONENTS,"PROPELLERS, TRANSMISSIONS, FOILS"
637.011,"Main gear HP 2nd red. wheels, shafts, bearings",63,MACHINERY MAIN COMPONENTS,"PROPELLERS, TRANSMISSIONS, FOILS"
637.013,"Main gear LP 1st red. pinions, shafts, bearings",63,MACHINERY MAIN COMPONENTS,"PROPELLERS, TRANSMISSIONS, FOILS"
637.015,"Main gear LP 1st red. wheels, shafts, bearings",63,MACHINERY MAIN COMPONENTS,"PROPELLERS, TRANSMISSIONS, FOILS"
637.017,"Main gear LP 2nd red. pinions, shafts, bearings",63,MACHINERY MAIN COMPONENTS,"PROPELLERS, TRANSMISSIONS, FOILS"
637.019,"Main gear LP 2nd red. wheels, shafts, bearings",63,MACHINERY MAIN COMPONENTS,"PROPELLERS, TRANSMISSIONS, FOILS"
637.021,"Main gear main wheels, shafts, bearings",63,MACHINERY MAIN COMPONENTS,"PROPELLERS, TRANSMISSIONS, FOILS"
637.023,Main gear thrust shafts/bearings,63,MACHINERY MAIN COMPONENTS,"PROPELLERS, TRANSMISSIONS, FOILS"
637.025,Main gear couplings,63,MACHINERY MAIN COMPONENTS,"PROPELLERS, TRANSMISSIONS, FOILS"
637.051,Main gear LO pumps,63,MACHINERY MAIN COMPONENTS,"PROPELLERS, TRANSMISSIONS, FOILS"
637.053,Main gear LO filters,63,MACHINERY MAIN COMPONENTS,"PROPELLERS, TRANSMISSIONS, FOILS"
637.055,Main gear LO coolers,63,MACHINERY MAIN COMPONENTS,"PROPELLERS, TRANSMISSIONS, FOILS"
637.057,Main gear alarm/monitoring panels,63,MACHINERY MAIN COMPONENTS,"PROPELLERS, TRANSMISSIONS, FOILS"
637.059,Main gear remote control systems,63,MACHINERY MAIN COMPONENTS,"PROPELLERS, TRANSMISSIONS, FOILS"
638,"CENTRAL GEARS (JOINT AUXILIARY GEAR, NOT FOR PROPULSION)",63,MACHINERY MAIN COMPONENTS,"PROPELLERS, TRANSMISSIONS, FOILS"
638.001,Central gear plants,63,MACHINERY MAIN COMPONENTS,"PROPELLERS, TRANSMISSIONS, FOILS"
638.003,Central gears,63,MACHINERY MAIN COMPONENTS,"PROPELLERS, TRANSMISSIONS, FOILS"
638.005,Central gear couplings,63,MACHINERY MAIN COMPONENTS,"PROPELLERS, TRANSMISSIONS, FOILS"
638.007,Central gear LO pumps,63,MACHINERY MAIN COMPONENTS,"PROPELLERS, TRANSMISSIONS, FOILS"
638.009,Central gear LO filters,63,MACHINERY MAIN COMPONENTS,"PROPELLERS, TRANSMISSIONS, FOILS"
639,"FOILS, SAILS W/MASTS & RIGGING",63,MACHINERY MAIN COMPONENTS,"PROPELLERS, TRANSMISSIONS, FOILS"
639.001,Foils,63,MACHINERY MAIN COMPONENTS,"PROPELLERS, TRANSMISSIONS, FOILS"
639.005,Sail masts,63,MACHINERY MAIN COMPONENTS,"BOILERS, STEAM & GAS GENERATORS"
639.015,Sails,64,MACHINERY MAIN COMPONENTS,"BOILERS, STEAM & GAS GENERATORS"
641,MAIN BOILERS,64,MACHINERY MAIN COMPONENTS,"BOILERS, STEAM & GAS GENERATORS"
641.001,"Main boilers, complete",64,MACHINERY MAIN COMPONENTS,"BOILERS, STEAM & GAS GENERATORS"
641.003,"Main boiler casings, foundations, bolts",64,MACHINERY MAIN COMPONENTS,"BOILERS, STEAM & GAS GENERATORS"
641.005,Reheaters,64,MACHINERY MAIN COMPONENTS,"BOILERS, STEAM & GAS GENERATORS"
641.007,Economizers,64,MACHINERY MAIN COMPONENTS,"BOILERS, STEAM & GAS GENERATORS"
641.009,Burners,64,MACHINERY MAIN COMPONENTS,"BOILERS, STEAM & GAS GENERATORS"
641.011,Gas air preheaters,64,MACHINERY MAIN COMPONENTS,"BOILERS, STEAM & GAS GENERATORS"
641.013,Steam air preheaters,64,MACHINERY MAIN COMPONENTS,"BOILERS, STEAM & GAS GENERATORS"
641.015,Boiler fans w/drive unit,64,MACHINERY MAIN COMPONENTS,"BOILERS, STEAM & GAS GENERATORS"
641.017,Soot blowers,64,MACHINERY MAIN COMPONENTS,"BOILERS, STEAM & GAS GENERATORS"
641.019,Photocell fans,64,MACHINERY MAIN COMPONENTS,"BOILERS, STEAM & GAS GENERATORS"
641.025,Boiler dosage aggregates,64,MACHINERY MAIN COMPONENTS,"BOILERS, STEAM & GAS GENERATORS"
641.027,Dosage pumps,64,MACHINERY MAIN COMPONENTS,"BOILERS, STEAM & GAS GENERATORS"
641.029,Chemical feed tanks,64,MACHINERY MAIN COMPONENTS,"BOILERS, STEAM & GAS GENERATORS"
641.035,Exhaust gas analyzers,64,MACHINERY MAIN COMPONENTS,"BOILERS, STEAM & GAS GENERATORS"
641.037,Orsat apparatus,64,MACHINERY MAIN COMPONENTS,"BOILERS, STEAM & GAS GENERATORS"
641.039,Salinometers,64,MACHINERY MAIN COMPONENTS,"BOILERS, STEAM & GAS GENERATORS"
641.041,Testwater coolers,64,MACHINERY MAIN COMPONENTS,"BOILERS, STEAM & GAS GENERATORS"
641.043,Exhaust gas coolers,64,MACHINERY MAIN COMPONENTS,"BOILERS, STEAM & GAS GENERATORS"
644,AUXILIARY BOILERS,64,MACHINERY MAIN COMPONENTS,"BOILERS, STEAM & GAS GENERATORS"
644.001,"Aux. boilers, complete",64,MACHINERY MAIN COMPONENTS,"BOILERS, STEAM & GAS GENERATORS"
644.003,"Aux. boiler casings, foundations, bolts",64,MACHINERY MAIN COMPONENTS,"BOILERS, STEAM & GAS GENERATORS"
644.005,Reheaters,64,MACHINERY MAIN COMPONENTS,"BOILERS, STEAM & GAS GENERATORS"
644.007,Economizers,64,MACHINERY MAIN COMPONENTS,"BOILERS, STEAM & GAS GENERATORS"
644.009,Burners,64,MACHINERY MAIN COMPONENTS,"BOILERS, STEAM & GAS GENERATORS"
644.011,Gas air preheaters,64,MACHINERY MAIN COMPONENTS,"BOILERS, STEAM & GAS GENERATORS"
644.013,Steam air preheaters,64,MACHINERY MAIN COMPONENTS,"BOILERS, STEAM & GAS GENERATORS"
644.015,Boiler fans w drive unit,64,MACHINERY MAIN COMPONENTS,"BOILERS, STEAM & GAS GENERATORS"
644.017,Soot blowers,64,MACHINERY MAIN COMPONENTS,"BOILERS, STEAM & GAS GENERATORS"
644.019,Photocell fans,64,MACHINERY MAIN COMPONENTS,"BOILERS, STEAM & GAS GENERATORS"
644.025,Aux. boiler dosage aggregates,64,MACHINERY MAIN COMPONENTS,"BOILERS, STEAM & GAS GENERATORS"
644.027,Dosage pumps,64,MACHINERY MAIN COMPONENTS,"BOILERS, STEAM & GAS GENERATORS"
644.029,Chemical feed tanks,64,MACHINERY MAIN COMPONENTS,"BOILERS, STEAM & GAS GENERATORS"
644.035,Exhaust gas analyzers,64,MACHINERY MAIN COMPONENTS,"BOILERS, STEAM & GAS GENERATORS"
644.037,Orsat apparatus,64,MACHINERY MAIN COMPONENTS,"BOILERS, STEAM & GAS GENERATORS"
644.039,Salinometers,64,MACHINERY MAIN COMPONENTS,"BOILERS, STEAM & GAS GENERATORS"
644.041,Testwater coolers,64,MACHINERY MAIN COMPONENTS,"BOILERS, STEAM & GAS GENERATORS"
644.043,Exhaust gas coolers,64,MACHINERY MAIN COMPONENTS,"BOILERS, STEAM & GAS GENERATORS"
646,EXHAUST GAS BOILERS,64,MACHINERY MAIN COMPONENTS,"BOILERS, STEAM & GAS GENERATORS"
646.001,Exhaust gas boilers,64,MACHINERY MAIN COMPONENTS,"BOILERS, STEAM & GAS GENERATORS"
646.005,"Combined boilers, complete",64,MACHINERY MAIN COMPONENTS,"BOILERS, STEAM & GAS GENERATORS"
646.007,"Combined boiler casings, foundations, bolts",64,MACHINERY MAIN COMPONENTS,"BOILERS, STEAM & GAS GENERATORS"
646.009,Economizers,64,MACHINERY MAIN COMPONENTS,"BOILERS, STEAM & GAS GENERATORS"
646.011,Burners,64,MACHINERY MAIN COMPONENTS,"BOILERS, STEAM & GAS GENERATORS"
646.013,Gas air preheaters,64,MACHINERY MAIN COMPONENTS,"BOILERS, STEAM & GAS GENERATORS"
646.015,Steam air preheaters,64,MACHINERY MAIN COMPONENTS,"BOILERS, STEAM & GAS GENERATORS"
646.017,Boiler fans w/drive unit,64,MACHINERY MAIN COMPONENTS,"BOILERS, STEAM & GAS GENERATORS"
646.019,Soot blowers,64,MACHINERY MAIN COMPONENTS,"BOILERS, STEAM & GAS GENERATORS"
646.021,Photocell fans,64,MACHINERY MAIN COMPONENTS,"BOILERS, STEAM & GAS GENERATORS"
646.025,Combined boiler dosage aggregates,64,MACHINERY MAIN COMPONENTS,"BOILERS, STEAM & GAS GENERATORS"
646.027,Dosage pumps,64,MACHINERY MAIN COMPONENTS,"BOILERS, STEAM & GAS GENERATORS"
646.029,Chemical feed tanks,64,MACHINERY MAIN COMPONENTS,"BOILERS, STEAM & GAS GENERATORS"
646.031,Exhaust gas analyzers,64,MACHINERY MAIN COMPONENTS,"BOILERS, STEAM & GAS GENERATORS"
646.033,Orsat apparatus,64,MACHINERY MAIN COMPONENTS,"BOILERS, STEAM & GAS GENERATORS"
646.035,Salinometers,64,MACHINERY MAIN COMPONENTS,"BOILERS, STEAM & GAS GENERATORS"
646.037,Testwater coolers,64,MACHINERY MAIN COMPONENTS,"BOILERS, STEAM & GAS GENERATORS"
646.039,Exhaust gas coolers,64,MACHINERY MAIN COMPONENTS,"BOILERS, STEAM & GAS GENERATORS"
647,STEAM CONVERTERS,64,MACHINERY MAIN COMPONENTS,"BOILERS, STEAM & GAS GENERATORS"
647.001,Steam to steam generators,64,MACHINERY MAIN COMPONENTS,"BOILERS, STEAM & GAS GENERATORS"
647.003,Testwater coolers,64,MACHINERY MAIN COMPONENTS,"BOILERS, STEAM & GAS GENERATORS"
648,CENTRAL HEATING & THERMAL OIL BOILERS,64,MACHINERY MAIN COMPONENTS,"BOILERS, STEAM & GAS GENERATORS"
648.001,Hot water boilers,64,MACHINERY MAIN COMPONENTS,"BOILERS, STEAM & GAS GENERATORS"
648.005,Heat exchangers/preheaters,64,MACHINERY MAIN COMPONENTS,"BOILERS, STEAM & GAS GENERATORS"
648.010,Low pressure boilers,64,MACHINERY MAIN COMPONENTS,"BOILERS, STEAM & GAS GENERATORS"
648.015,Circulating pumps,64,MACHINERY MAIN COMPONENTS,"BOILERS, STEAM & GAS GENERATORS"
648.020,Thermal oil boilers,64,MACHINERY MAIN COMPONENTS,"BOILERS, STEAM & GAS GENERATORS"
649,GAS GENERATORS,64,MACHINERY MAIN COMPONENTS,"BOILERS, STEAM & GAS GENERATORS"
649.001,"Gas generators, complete",64,MACHINERY MAIN COMPONENTS,"BOILERS, STEAM & GAS GENERATORS"
649.003,Compressors,64,MACHINERY MAIN COMPONENTS,"BOILERS, STEAM & GAS GENERATORS"
649.005,Compressor drive units,64,MACHINERY MAIN COMPONENTS,"BOILERS, STEAM & GAS GENERATORS"
649.007,Air preheaters,64,MACHINERY MAIN COMPONENTS,"BOILERS, STEAM & GAS GENERATORS"
649.009,Combustion chambers,64,MACHINERY MAIN COMPONENTS,MOTOR AGGREGATES FOR MAIN ELECTRIC POWER PRODUCTION
649.011,Compressor turbines,65,MACHINERY MAIN COMPONENTS,MOTOR AGGREGATES FOR MAIN ELECTRIC POWER PRODUCTION
651,MOTOR AGGREGATES,65,MACHINERY MAIN COMPONENTS,MOTOR AGGREGATES FOR MAIN ELECTRIC POWER PRODUCTION
651.001,"Aux. diesel generator aggregates, complete",65,MACHINERY MAIN COMPONENTS,MOTOR AGGREGATES FOR MAIN ELECTRIC POWER PRODUCTION
651.002,AE cylinder covers w/valves,65,MACHINERY MAIN COMPONENTS,MOTOR AGGREGATES FOR MAIN ELECTRIC POWER PRODUCTION
651.003,AE cylinder liners,65,MACHINERY MAIN COMPONENTS,MOTOR AGGREGATES FOR MAIN ELECTRIC POWER PRODUCTION
651.004,"AE pistons, piston rods",65,MACHINERY MAIN COMPONENTS,MOTOR AGGREGATES FOR MAIN ELECTRIC POWER PRODUCTION
651.006,"AE bottom end bearings, crank pins",65,MACHINERY MAIN COMPONENTS,MOTOR AGGREGATES FOR MAIN ELECTRIC POWER PRODUCTION
651.007,"AE main bearings, journals",65,MACHINERY MAIN COMPONENTS,MOTOR AGGREGATES FOR MAIN ELECTRIC POWER PRODUCTION
651.010,"AE bedplates, frames",65,MACHINERY MAIN COMPONENTS,MOTOR AGGREGATES FOR MAIN ELECTRIC POWER PRODUCTION
651.012,"AE bolts, chocks",65,MACHINERY MAIN COMPONENTS,MOTOR AGGREGATES FOR MAIN ELECTRIC POWER PRODUCTION
651.014,AE fastening bolts between cylinders,65,MACHINERY MAIN COMPONENTS,MOTOR AGGREGATES FOR MAIN ELECTRIC POWER PRODUCTION
651.016,AE tiebolts,65,MACHINERY MAIN COMPONENTS,MOTOR AGGREGATES FOR MAIN ELECTRIC POWER PRODUCTION
651.018,AE crankcases,65,MACHINERY MAIN COMPONENTS,MOTOR AGGREGATES FOR MAIN ELECTRIC POWER PRODUCTION
651.020,AE crankcase doors w/safety valve,65,MACHINERY MAIN COMPONENTS,MOTOR AGGREGATES FOR MAIN ELECTRIC POWER PRODUCTION
651.022,"AE camshafts w/drive, pushrods",65,MACHINERY MAIN COMPONENTS,MOTOR AGGREGATES FOR MAIN ELECTRIC POWER PRODUCTION
651.024,AE FO booster pumps,65,MACHINERY MAIN COMPONENTS,MOTOR AGGREGATES FOR MAIN ELECTRIC POWER PRODUCTION
651.026,AE HP fuel pumps,65,MACHINERY MAIN COMPONENTS,MOTOR AGGREGATES FOR MAIN ELECTRIC POWER PRODUCTION
651.028,AE HP fuel pipes w/shielding,65,MACHINERY MAIN COMPONENTS,MOTOR AGGREGATES FOR MAIN ELECTRIC POWER PRODUCTION
651.030,AE fuel valve coolers,65,MACHINERY MAIN COMPONENTS,MOTOR AGGREGATES FOR MAIN ELECTRIC POWER PRODUCTION
651.032,AE fuel valve cooling oil pumps,65,MACHINERY MAIN COMPONENTS,MOTOR AGGREGATES FOR MAIN ELECTRIC POWER PRODUCTION
651.034,AE fuel filters,65,MACHINERY MAIN COMPONENTS,MOTOR AGGREGATES FOR MAIN ELECTRIC POWER PRODUCTION
651.036,AE LO pumps,65,MACHINERY MAIN COMPONENTS,MOTOR AGGREGATES FOR MAIN ELECTRIC POWER PRODUCTION
651.038,AE rocker arm LO pumps,65,MACHINERY MAIN COMPONENTS,MOTOR AGGREGATES FOR MAIN ELECTRIC POWER PRODUCTION
651.040,AE LO priming pumps,65,MACHINERY MAIN COMPONENTS,MOTOR AGGREGATES FOR MAIN ELECTRIC POWER PRODUCTION
651.042,AE cylinder lubricating device,65,MACHINERY MAIN COMPONENTS,MOTOR AGGREGATES FOR MAIN ELECTRIC POWER PRODUCTION
651.044,AE LO coolers,65,MACHINERY MAIN COMPONENTS,MOTOR AGGREGATES FOR MAIN ELECTRIC POWER PRODUCTION
651.046,AE LO filters,65,MACHINERY MAIN COMPONENTS,MOTOR AGGREGATES FOR MAIN ELECTRIC POWER PRODUCTION
651.048,AE FW cooling pumps,65,MACHINERY MAIN COMPONENTS,MOTOR AGGREGATES FOR MAIN ELECTRIC POWER PRODUCTION
651.050,AE starting air distributors w/valves,65,MACHINERY MAIN COMPONENTS,MOTOR AGGREGATES FOR MAIN ELECTRIC POWER PRODUCTION
651.051,AE scavenging air filters,65,MACHINERY MAIN COMPONENTS,MOTOR AGGREGATES FOR MAIN ELECTRIC POWER PRODUCTION
651.053,AE turbochargers,65,MACHINERY MAIN COMPONENTS,MOTOR AGGREGATES FOR MAIN ELECTRIC POWER PRODUCTION
651.055,AE scavenging air coolers,65,MACHINERY MAIN COMPONENTS,MOTOR AGGREGATES FOR MAIN ELECTRIC POWER PRODUCTION
651.059,AE exhaust manifolds/pipes w/insulation,65,MACHINERY MAIN COMPONENTS,MOTOR AGGREGATES FOR MAIN ELECTRIC POWER PRODUCTION
651.060,AE crankshafts,65,MACHINERY MAIN COMPONENTS,MOTOR AGGREGATES FOR MAIN ELECTRIC POWER PRODUCTION
651.061,AE thrust shafts/bearings,65,MACHINERY MAIN COMPONENTS,MOTOR AGGREGATES FOR MAIN ELECTRIC POWER PRODUCTION
651.062,"AE flywheels, vibration dampers",65,MACHINERY MAIN COMPONENTS,MOTOR AGGREGATES FOR MAIN ELECTRIC POWER PRODUCTION
651.063,AE couplings,65,MACHINERY MAIN COMPONENTS,MOTOR AGGREGATES FOR MAIN ELECTRIC POWER PRODUCTION
651.065,AE starting/timing gear,65,MACHINERY MAIN COMPONENTS,MOTOR AGGREGATES FOR MAIN ELECTRIC POWER PRODUCTION
651.067,AE tachometers,65,MACHINERY MAIN COMPONENTS,MOTOR AGGREGATES FOR MAIN ELECTRIC POWER PRODUCTION
651.068,AE tripping/alarm/safety devices,65,MACHINERY MAIN COMPONENTS,MOTOR AGGREGATES FOR MAIN ELECTRIC POWER PRODUCTION
651.069,AE regulators,65,MACHINERY MAIN COMPONENTS,MOTOR AGGREGATES FOR MAIN ELECTRIC POWER PRODUCTION
651.071,AE local instrument panels,65,MACHINERY MAIN COMPONENTS,MOTOR AGGREGATES FOR MAIN ELECTRIC POWER PRODUCTION
651.075,AE el. generators,65,MACHINERY MAIN COMPONENTS,MOTOR AGGREGATES FOR MAIN ELECTRIC POWER PRODUCTION
651.076,AE magnetizing dynamos,65,MACHINERY MAIN COMPONENTS,MOTOR AGGREGATES FOR MAIN ELECTRIC POWER PRODUCTION
651.077,AE generator air coolers,65,MACHINERY MAIN COMPONENTS,MOTOR AGGREGATES FOR MAIN ELECTRIC POWER PRODUCTION
651.078,AE generator regulators,65,MACHINERY MAIN COMPONENTS,OTHER AGGR. & GEN. FOR MAIN & EMERGENCY EL. POWER PRODUCTION
651.079,AE special tools,66,MACHINERY MAIN COMPONENTS,OTHER AGGR. & GEN. FOR MAIN & EMERGENCY EL. POWER PRODUCTION
661,STEAM TURBO AGGREGATES,66,MACHINERY MAIN COMPONENTS,OTHER AGGR. & GEN. FOR MAIN & EMERGENCY EL. POWER PRODUCTION
661.001,"Steam turbo generator aggregates, complete",66,MACHINERY MAIN COMPONENTS,OTHER AGGR. & GEN. FOR MAIN & EMERGENCY EL. POWER PRODUCTION
661.003,"TG turbine casings, foundations, bolts",66,MACHINERY MAIN COMPONENTS,OTHER AGGR. & GEN. FOR MAIN & EMERGENCY EL. POWER PRODUCTION
661.005,TG manoeuvre valves,66,MACHINERY MAIN COMPONENTS,OTHER AGGR. & GEN. FOR MAIN & EMERGENCY EL. POWER PRODUCTION
661.017,TG LO coolers,66,MACHINERY MAIN COMPONENTS,OTHER AGGR. & GEN. FOR MAIN & EMERGENCY EL. POWER PRODUCTION
661.019,TG LO pumps,66,MACHINERY MAIN COMPONENTS,OTHER AGGR. & GEN. FOR MAIN & EMERGENCY EL. POWER PRODUCTION
661.021,TG LO sump tanks,66,MACHINERY MAIN COMPONENTS,OTHER AGGR. & GEN. FOR MAIN & EMERGENCY EL. POWER PRODUCTION
661.023,TG couplings,66,MACHINERY MAIN COMPONENTS,OTHER AGGR. & GEN. FOR MAIN & EMERGENCY EL. POWER PRODUCTION
661.025,TG reduction gear,66,MACHINERY MAIN COMPONENTS,OTHER AGGR. & GEN. FOR MAIN & EMERGENCY EL. POWER PRODUCTION
661.027,TG el. generators,66,MACHINERY MAIN COMPONENTS,OTHER AGGR. & GEN. FOR MAIN & EMERGENCY EL. POWER PRODUCTION
661.029,TG magnetizing dynamo,66,MACHINERY MAIN COMPONENTS,OTHER AGGR. & GEN. FOR MAIN & EMERGENCY EL. POWER PRODUCTION
661.031,TG generator air coolers,66,MACHINERY MAIN COMPONENTS,OTHER AGGR. & GEN. FOR MAIN & EMERGENCY EL. POWER PRODUCTION
661.033,TG generator regulators,66,MACHINERY MAIN COMPONENTS,OTHER AGGR. & GEN. FOR MAIN & EMERGENCY EL. POWER PRODUCTION
663,GAS TURBO AGGREGATES,66,MACHINERY MAIN COMPONENTS,OTHER AGGR. & GEN. FOR MAIN & EMERGENCY EL. POWER PRODUCTION
663.001,"Gas turbo generator aggregates, complete",66,MACHINERY MAIN COMPONENTS,OTHER AGGR. & GEN. FOR MAIN & EMERGENCY EL. POWER PRODUCTION
663.003,"GT turbine casings, foundations, bolts",66,MACHINERY MAIN COMPONENTS,OTHER AGGR. & GEN. FOR MAIN & EMERGENCY EL. POWER PRODUCTION
663.007,GT air preheaters,66,MACHINERY MAIN COMPONENTS,OTHER AGGR. & GEN. FOR MAIN & EMERGENCY EL. POWER PRODUCTION
663.009,GT combustion chambers,66,MACHINERY MAIN COMPONENTS,OTHER AGGR. & GEN. FOR MAIN & EMERGENCY EL. POWER PRODUCTION
663.011,GT compressors,66,MACHINERY MAIN COMPONENTS,OTHER AGGR. & GEN. FOR MAIN & EMERGENCY EL. POWER PRODUCTION
663.013,GT starting machinery,66,MACHINERY MAIN COMPONENTS,OTHER AGGR. & GEN. FOR MAIN & EMERGENCY EL. POWER PRODUCTION
663.015,GT FO pumps,66,MACHINERY MAIN COMPONENTS,OTHER AGGR. & GEN. FOR MAIN & EMERGENCY EL. POWER PRODUCTION
663.017,GT LO coolers,66,MACHINERY MAIN COMPONENTS,OTHER AGGR. & GEN. FOR MAIN & EMERGENCY EL. POWER PRODUCTION
663.019,GT LO pumps,66,MACHINERY MAIN COMPONENTS,OTHER AGGR. & GEN. FOR MAIN & EMERGENCY EL. POWER PRODUCTION
663.023,GT couplings,66,MACHINERY MAIN COMPONENTS,OTHER AGGR. & GEN. FOR MAIN & EMERGENCY EL. POWER PRODUCTION
663.025,GT reduction gears,66,MACHINERY MAIN COMPONENTS,OTHER AGGR. & GEN. FOR MAIN & EMERGENCY EL. POWER PRODUCTION
663.027,GT el. generators,66,MACHINERY MAIN COMPONENTS,OTHER AGGR. & GEN. FOR MAIN & EMERGENCY EL. POWER PRODUCTION
663.029,GT magnetizing dynamos,66,MACHINERY MAIN COMPONENTS,OTHER AGGR. & GEN. FOR MAIN & EMERGENCY EL. POWER PRODUCTION
663.031,GT generator air coolers,66,MACHINERY MAIN COMPONENTS,OTHER AGGR. & GEN. FOR MAIN & EMERGENCY EL. POWER PRODUCTION
663.033,GT generator regulators,66,MACHINERY MAIN COMPONENTS,OTHER AGGR. & GEN. FOR MAIN & EMERGENCY EL. POWER PRODUCTION
665,HARBOUR & EMERGENCY AGGREGATES W/EQUIPMENT,66,MACHINERY MAIN COMPONENTS,OTHER AGGR. & GEN. FOR MAIN & EMERGENCY EL. POWER PRODUCTION
665.001,"Emergency generator aggregates, complete",66,MACHINERY MAIN COMPONENTS,OTHER AGGR. & GEN. FOR MAIN & EMERGENCY EL. POWER PRODUCTION
665.003,Emergency generator drive units,66,MACHINERY MAIN COMPONENTS,OTHER AGGR. & GEN. FOR MAIN & EMERGENCY EL. POWER PRODUCTION
665.005,Emergency el. generators,66,MACHINERY MAIN COMPONENTS,OTHER AGGR. & GEN. FOR MAIN & EMERGENCY EL. POWER PRODUCTION
665.007,Emergency generator couplings,66,MACHINERY MAIN COMPONENTS,OTHER AGGR. & GEN. FOR MAIN & EMERGENCY EL. POWER PRODUCTION
665.010,Emergency generator FO systems,66,MACHINERY MAIN COMPONENTS,OTHER AGGR. & GEN. FOR MAIN & EMERGENCY EL. POWER PRODUCTION
665.011,Emergency generator FO pumps,66,MACHINERY MAIN COMPONENTS,OTHER AGGR. & GEN. FOR MAIN & EMERGENCY EL. POWER PRODUCTION
665.013,Emergency generator FO filters,66,MACHINERY MAIN COMPONENTS,OTHER AGGR. & GEN. FOR MAIN & EMERGENCY EL. POWER PRODUCTION
665.015,Emergency generator FO preheaters,66,MACHINERY MAIN COMPONENTS,OTHER AGGR. & GEN. FOR MAIN & EMERGENCY EL. POWER PRODUCTION
665.017,Emergency generator FO tanks,66,MACHINERY MAIN COMPONENTS,OTHER AGGR. & GEN. FOR MAIN & EMERGENCY EL. POWER PRODUCTION
665.020,Emergency generator LO systems,66,MACHINERY MAIN COMPONENTS,OTHER AGGR. & GEN. FOR MAIN & EMERGENCY EL. POWER PRODUCTION
665.021,Emergency generator LO pumps,66,MACHINERY MAIN COMPONENTS,OTHER AGGR. & GEN. FOR MAIN & EMERGENCY EL. POWER PRODUCTION
665.023,Emergency generator LO coolers,66,MACHINERY MAIN COMPONENTS,OTHER AGGR. & GEN. FOR MAIN & EMERGENCY EL. POWER PRODUCTION
665.025,Emergency generator LO filters,66,MACHINERY MAIN COMPONENTS,OTHER AGGR. & GEN. FOR MAIN & EMERGENCY EL. POWER PRODUCTION
665.027,Emergency generator LO tanks,66,MACHINERY MAIN COMPONENTS,OTHER AGGR. & GEN. FOR MAIN & EMERGENCY EL. POWER PRODUCTION
665.030,Emergency generator cooling water pumps,66,MACHINERY MAIN COMPONENTS,OTHER AGGR. & GEN. FOR MAIN & EMERGENCY EL. POWER PRODUCTION
665.033,Emergency generator air supply fans,66,MACHINERY MAIN COMPONENTS,OTHER AGGR. & GEN. FOR MAIN & EMERGENCY EL. POWER PRODUCTION
665.036,Emergency generator spark arresters,66,MACHINERY MAIN COMPONENTS,OTHER AGGR. & GEN. FOR MAIN & EMERGENCY EL. POWER PRODUCTION
665.039,Emergency generator silencer,66,MACHINERY MAIN COMPONENTS,OTHER AGGR. & GEN. FOR MAIN & EMERGENCY EL. POWER PRODUCTION
665.045,Emergency generator starting battery,66,MACHINERY MAIN COMPONENTS,OTHER AGGR. & GEN. FOR MAIN & EMERGENCY EL. POWER PRODUCTION
667,SHAFT GENERATORS,66,MACHINERY MAIN COMPONENTS,OTHER AGGR. & GEN. FOR MAIN & EMERGENCY EL. POWER PRODUCTION
667.001,"Shaft generators, complete",66,MACHINERY MAIN COMPONENTS,OTHER AGGR. & GEN. FOR MAIN & EMERGENCY EL. POWER PRODUCTION
667.003,Shaft generator magnetizing dynamos,66,MACHINERY MAIN COMPONENTS,OTHER AGGR. & GEN. FOR MAIN & EMERGENCY EL. POWER PRODUCTION
667.005,Shaft generator air coolers,66,MACHINERY MAIN COMPONENTS,OTHER AGGR. & GEN. FOR MAIN & EMERGENCY EL. POWER PRODUCTION
667.007,Shaft generator governors,66,MACHINERY MAIN COMPONENTS,OTHER AGGR. & GEN. FOR MAIN & EMERGENCY EL. POWER PRODUCTION
667.009,Shaft generator clutches,66,MACHINERY MAIN COMPONENTS,OTHER AGGR. & GEN. FOR MAIN & EMERGENCY EL. POWER PRODUCTION
667.011,Shaft generator gear,66,MACHINERY MAIN COMPONENTS,OTHER AGGR. & GEN. FOR MAIN & EMERGENCY EL. POWER PRODUCTION
667.015,Shaft generator shafts,66,MACHINERY MAIN COMPONENTS,OTHER AGGR. & GEN. FOR MAIN & EMERGENCY EL. POWER PRODUCTION
667.020,Shaft generator intermediate bearings,66,MACHINERY MAIN COMPONENTS,OTHER AGGR. & GEN. FOR MAIN & EMERGENCY EL. POWER PRODUCTION
667.025,Shaft generator LO systems,66,MACHINERY MAIN COMPONENTS,OTHER AGGR. & GEN. FOR MAIN & EMERGENCY EL. POWER PRODUCTION
667.030,Shaft generator automatic clutch control,66,MACHINERY MAIN COMPONENTS,OTHER AGGR. & GEN. FOR MAIN & EMERGENCY EL. POWER PRODUCTION
667.050,Shaft generator vibration instruments,66,MACHINERY MAIN COMPONENTS,OTHER AGGR. & GEN. FOR MAIN & EMERGENCY EL. POWER PRODUCTION
669,GENERATORS W/HYDRAULIC DRIVE,66,MACHINERY MAIN COMPONENTS,OTHER AGGR. & GEN. FOR MAIN & EMERGENCY EL. POWER PRODUCTION
669.001,El. generators,66,MACHINERY MAIN COMPONENTS,OTHER AGGR. & GEN. FOR MAIN & EMERGENCY EL. POWER PRODUCTION
669.003,El. generator hydr. motors,66,MACHINERY MAIN COMPONENTS,OTHER AGGR. & GEN. FOR MAIN & EMERGENCY EL. POWER PRODUCTION
669.005,El. generator magnetizing dynamos,66,MACHINERY MAIN COMPONENTS,OTHER AGGR. & GEN. FOR MAIN & EMERGENCY EL. POWER PRODUCTION
669.007,El. generator air coolers,66,MACHINERY MAIN COMPONENTS,OTHER AGGR. & GEN. FOR MAIN & EMERGENCY EL. POWER PRODUCTION
669.009,El. generator governors,66,MACHINERY MAIN COMPONENTS,OTHER AGGR. & GEN. FOR MAIN & EMERGENCY EL. POWER PRODUCTION
669.011,El. generator clutches,66,MACHINERY MAIN COMPONENTS,OTHER AGGR. & GEN. FOR MAIN & EMERGENCY EL. POWER PRODUCTION
669.013,El. generator gear,66,MACHINERY MAIN COMPONENTS,OTHER AGGR. & GEN. FOR MAIN & EMERGENCY EL. POWER PRODUCTION
669.020,Separate hydr. oil systems,66,MACHINERY MAIN COMPONENTS,OTHER AGGR. & GEN. FOR MAIN & EMERGENCY EL. POWER PRODUCTION
669.021,Hydr. oil pumps w/drive unit,66,MACHINERY MAIN COMPONENTS,OTHER AGGR. & GEN. FOR MAIN & EMERGENCY EL. POWER PRODUCTION
669.023,Hydr. oil preheaters,66,MACHINERY MAIN COMPONENTS,OTHER AGGR. & GEN. FOR MAIN & EMERGENCY EL. POWER PRODUCTION
669.025,Hydr. oil coolers,66,MACHINERY MAIN COMPONENTS,OTHER AGGR. & GEN. FOR MAIN & EMERGENCY EL. POWER PRODUCTION
669.027,Hydr. oil filters,66,MACHINERY MAIN COMPONENTS,OTHER AGGR. & GEN. FOR MAIN & EMERGENCY EL. POWER PRODUCTION
669.029,Hydr. oil expansion tanks,66,MACHINERY MAIN COMPONENTS,NUCLEAR REACTOR PLANTS
669.031,Hydr. oil storage tanks,67,MACHINERY MAIN COMPONENTS,FUEL SYSTEMS
670,NUCLEAR REACTOR PLANTS,70,SYSTEMS FOR MACHINERY MAIN COMPONENTS,FUEL SYSTEMS
701,FUEL OIL TRANSFER & DRAIN SYSTEMS,70,SYSTEMS FOR MACHINERY MAIN COMPONENTS,FUEL SYSTEMS
701.001,FO transfer systems,70,SYSTEMS FOR MACHINERY MAIN COMPONENTS,FUEL SYSTEMS
701.002,FO distribution boxes,70,SYSTEMS FOR MACHINERY MAIN COMPONENTS,FUEL SYSTEMS
701.004,FO coarse filters,70,SYSTEMS FOR MACHINERY MAIN COMPONENTS,FUEL SYSTEMS
701.006,FO transfer pumps,70,SYSTEMS FOR MACHINERY MAIN COMPONENTS,FUEL SYSTEMS
701.008,FO fine filters,70,SYSTEMS FOR MACHINERY MAIN COMPONENTS,FUEL SYSTEMS
701.020,DO transfer systems,70,SYSTEMS FOR MACHINERY MAIN COMPONENTS,FUEL SYSTEMS
701.021,DO distribution boxes,70,SYSTEMS FOR MACHINERY MAIN COMPONENTS,FUEL SYSTEMS
701.023,DO coarse filters,70,SYSTEMS FOR MACHINERY MAIN COMPONENTS,FUEL SYSTEMS
701.025,DO transfer pumps,70,SYSTEMS FOR MACHINERY MAIN COMPONENTS,FUEL SYSTEMS
701.027,DO fine filters,70,SYSTEMS FOR MACHINERY MAIN COMPONENTS,FUEL SYSTEMS
701.030,Trimming pumps,70,SYSTEMS FOR MACHINERY MAIN COMPONENTS,FUEL SYSTEMS
702,FUEL OIL PURIFICATION PLANTS,70,SYSTEMS FOR MACHINERY MAIN COMPONENTS,FUEL SYSTEMS
702.001,FO separator booster pumps,70,SYSTEMS FOR MACHINERY MAIN COMPONENTS,FUEL SYSTEMS
702.003,FO preheaters,70,SYSTEMS FOR MACHINERY MAIN COMPONENTS,FUEL SYSTEMS
702.005,FO separators,70,SYSTEMS FOR MACHINERY MAIN COMPONENTS,FUEL SYSTEMS
702.010,DO separator booster pumps,70,SYSTEMS FOR MACHINERY MAIN COMPONENTS,FUEL SYSTEMS
702.012,DO separator preheaters,70,SYSTEMS FOR MACHINERY MAIN COMPONENTS,FUEL SYSTEMS
702.014,DO separators,70,SYSTEMS FOR MACHINERY MAIN COMPONENTS,FUEL SYSTEMS
702.016,Stand by separators,70,SYSTEMS FOR MACHINERY MAIN COMPONENTS,FUEL SYSTEMS
702.018,Separator water tanks,70,SYSTEMS FOR MACHINERY MAIN COMPONENTS,FUEL SYSTEMS
702.020,DO purification systems,70,SYSTEMS FOR MACHINERY MAIN COMPONENTS,FUEL SYSTEMS
702.030,Sludge pumps,70,SYSTEMS FOR MACHINERY MAIN COMPONENTS,FUEL SYSTEMS
702.032,Sludge ejectors,70,SYSTEMS FOR MACHINERY MAIN COMPONENTS,FUEL SYSTEMS
702.034,Sludge tanks,70,SYSTEMS FOR MACHINERY MAIN COMPONENTS,FUEL SYSTEMS
703,FUEL OIL SUPPLY SYSTEMS,70,SYSTEMS FOR MACHINERY MAIN COMPONENTS,FUEL SYSTEMS
703.001,Main engine/boiler FO systems,70,SYSTEMS FOR MACHINERY MAIN COMPONENTS,FUEL SYSTEMS
703.003,FO booster pumps,70,SYSTEMS FOR MACHINERY MAIN COMPONENTS,FUEL SYSTEMS
703.005,FO circulating pumps,70,SYSTEMS FOR MACHINERY MAIN COMPONENTS,FUEL SYSTEMS
703.007,FO preheaters,70,SYSTEMS FOR MACHINERY MAIN COMPONENTS,FUEL SYSTEMS
703.009,FO coarse filters,70,SYSTEMS FOR MACHINERY MAIN COMPONENTS,FUEL SYSTEMS
703.011,FO fine filters,70,SYSTEMS FOR MACHINERY MAIN COMPONENTS,FUEL SYSTEMS
703.020,Main engine DO systems,70,SYSTEMS FOR MACHINERY MAIN COMPONENTS,FUEL SYSTEMS
703.022,DO booster pumps,70,SYSTEMS FOR MACHINERY MAIN COMPONENTS,FUEL SYSTEMS
703.024,DO preheaters,70,SYSTEMS FOR MACHINERY MAIN COMPONENTS,FUEL SYSTEMS
703.026,DO fine filters,70,SYSTEMS FOR MACHINERY MAIN COMPONENTS,FUEL SYSTEMS
703.027,Viscosity regulators/monitors,70,SYSTEMS FOR MACHINERY MAIN COMPONENTS,FUEL SYSTEMS
703.028,Econometers,70,SYSTEMS FOR MACHINERY MAIN COMPONENTS,FUEL SYSTEMS
703.029,Preheater control panels,70,SYSTEMS FOR MACHINERY MAIN COMPONENTS,FUEL SYSTEMS
703.030,GO fuel systems,70,SYSTEMS FOR MACHINERY MAIN COMPONENTS,FUEL SYSTEMS
703.032,GO booster pumps,70,SYSTEMS FOR MACHINERY MAIN COMPONENTS,FUEL SYSTEMS
703.034,GO fine filters,70,SYSTEMS FOR MACHINERY MAIN COMPONENTS,FUEL SYSTEMS
703.040,Aux. engine FO systems,70,SYSTEMS FOR MACHINERY MAIN COMPONENTS,FUEL SYSTEMS
703.041,FO booster pumps,70,SYSTEMS FOR MACHINERY MAIN COMPONENTS,FUEL SYSTEMS
703.043,FO preheaters,70,SYSTEMS FOR MACHINERY MAIN COMPONENTS,FUEL SYSTEMS
703.045,FO coarse filters,70,SYSTEMS FOR MACHINERY MAIN COMPONENTS,FUEL SYSTEMS
703.047,FO fine filters,70,SYSTEMS FOR MACHINERY MAIN COMPONENTS,FUEL SYSTEMS
703.050,Aux. engine DO systems,70,SYSTEMS FOR MACHINERY MAIN COMPONENTS,FUEL SYSTEMS
703.051,DO booster pumps,70,SYSTEMS FOR MACHINERY MAIN COMPONENTS,FUEL SYSTEMS
703.053,DO preheaters,70,SYSTEMS FOR MACHINERY MAIN COMPONENTS,FUEL SYSTEMS
703.055,DO fine filters,70,SYSTEMS FOR MACHINERY MAIN COMPONENTS,FUEL SYSTEMS
703.060,Donkey boiler fuel systems,70,SYSTEMS FOR MACHINERY MAIN COMPONENTS,FUEL SYSTEMS
703.065,Gas turbo aggregate fuel systems,70,SYSTEMS FOR MACHINERY MAIN COMPONENTS,FUEL SYSTEMS
703.070,DO daytanks,70,SYSTEMS FOR MACHINERY MAIN COMPONENTS,FUEL SYSTEMS
703.072,GO daytanks,70,SYSTEMS FOR MACHINERY MAIN COMPONENTS,FUEL SYSTEMS
703.074,Mixing tanks,70,SYSTEMS FOR MACHINERY MAIN COMPONENTS,FUEL SYSTEMS
703.076,FO meters,70,SYSTEMS FOR MACHINERY MAIN COMPONENTS,FUEL SYSTEMS
703.078,DO meters,70,SYSTEMS FOR MACHINERY MAIN COMPONENTS,FUEL SYSTEMS
704,HEATING COILS IN FUEL OIL TANKS,70,SYSTEMS FOR MACHINERY MAIN COMPONENTS,FUEL SYSTEMS
704.001,Heating coils,70,SYSTEMS FOR MACHINERY MAIN COMPONENTS,FUEL SYSTEMS
704.005,FO heat exchangers,70,SYSTEMS FOR MACHINERY MAIN COMPONENTS,FUEL SYSTEMS
707,GAS FUEL SYSTEM,70,SYSTEMS FOR MACHINERY MAIN COMPONENTS,LUBE OIL SYSTEMS
708,SOLID FUEL SYSTEMS (E.G. COAL),71,SYSTEMS FOR MACHINERY MAIN COMPONENTS,LUBE OIL SYSTEMS
711,LUBE OIL TRANSFER & DRAIN SYSTEMS,71,SYSTEMS FOR MACHINERY MAIN COMPONENTS,LUBE OIL SYSTEMS
711.001,LO transfer systems,71,SYSTEMS FOR MACHINERY MAIN COMPONENTS,LUBE OIL SYSTEMS
711.003,LO transfer pumps,71,SYSTEMS FOR MACHINERY MAIN COMPONENTS,LUBE OIL SYSTEMS
711.005,LO coarse filters,71,SYSTEMS FOR MACHINERY MAIN COMPONENTS,LUBE OIL SYSTEMS
711.007,LO fine filters,71,SYSTEMS FOR MACHINERY MAIN COMPONENTS,LUBE OIL SYSTEMS
711.015,LO waste tanks,71,SYSTEMS FOR MACHINERY MAIN COMPONENTS,LUBE OIL SYSTEMS
711.020,LO waste trays,71,SYSTEMS FOR MACHINERY MAIN COMPONENTS,LUBE OIL SYSTEMS
712,LUBE OIL PURIFICATION PLANTS,71,SYSTEMS FOR MACHINERY MAIN COMPONENTS,LUBE OIL SYSTEMS
712.001,LO separator aggregates,71,SYSTEMS FOR MACHINERY MAIN COMPONENTS,LUBE OIL SYSTEMS
712.003,LO booster pumps,71,SYSTEMS FOR MACHINERY MAIN COMPONENTS,LUBE OIL SYSTEMS
712.005,LO coarse filters,71,SYSTEMS FOR MACHINERY MAIN COMPONENTS,LUBE OIL SYSTEMS
712.007,LO fine filters,71,SYSTEMS FOR MACHINERY MAIN COMPONENTS,LUBE OIL SYSTEMS
712.009,LO preheaters,71,SYSTEMS FOR MACHINERY MAIN COMPONENTS,LUBE OIL SYSTEMS
712.011,LO separators,71,SYSTEMS FOR MACHINERY MAIN COMPONENTS,LUBE OIL SYSTEMS
712.013,LO separator booster pumps,71,SYSTEMS FOR MACHINERY MAIN COMPONENTS,LUBE OIL SYSTEMS
712.020,LO separator water tanks,71,SYSTEMS FOR MACHINERY MAIN COMPONENTS,LUBE OIL SYSTEMS
712.025,LO dosage aggregates,71,SYSTEMS FOR MACHINERY MAIN COMPONENTS,LUBE OIL SYSTEMS
712.030,LO washing plants,71,SYSTEMS FOR MACHINERY MAIN COMPONENTS,LUBE OIL SYSTEMS
712.035,LO sludge pumps,71,SYSTEMS FOR MACHINERY MAIN COMPONENTS,LUBE OIL SYSTEMS
712.037,LO sludge ejectors,71,SYSTEMS FOR MACHINERY MAIN COMPONENTS,LUBE OIL SYSTEMS
712.039,LO sludge tanks,71,SYSTEMS FOR MACHINERY MAIN COMPONENTS,LUBE OIL SYSTEMS
713,LUBE OIL SYSTEMS FOR PROPULSION MACHINERY & TRANSMISSIONS,71,SYSTEMS FOR MACHINERY MAIN COMPONENTS,LUBE OIL SYSTEMS
713.001,Main LO aggregates,71,SYSTEMS FOR MACHINERY MAIN COMPONENTS,LUBE OIL SYSTEMS
713.002,LO suction filters,71,SYSTEMS FOR MACHINERY MAIN COMPONENTS,LUBE OIL SYSTEMS
713.004,Main LO pumps,71,SYSTEMS FOR MACHINERY MAIN COMPONENTS,LUBE OIL SYSTEMS
713.005,Stand by LO pumps,71,SYSTEMS FOR MACHINERY MAIN COMPONENTS,LUBE OIL SYSTEMS
713.006,LO pressure filters,71,SYSTEMS FOR MACHINERY MAIN COMPONENTS,LUBE OIL SYSTEMS
713.007,LO booster pumps,71,SYSTEMS FOR MACHINERY MAIN COMPONENTS,LUBE OIL SYSTEMS
713.008,SW cooled LO coolers,71,SYSTEMS FOR MACHINERY MAIN COMPONENTS,LUBE OIL SYSTEMS
713.010,Condensate cooled LO coolers,71,SYSTEMS FOR MACHINERY MAIN COMPONENTS,LUBE OIL SYSTEMS
713.012,LO fine filters,71,SYSTEMS FOR MACHINERY MAIN COMPONENTS,LUBE OIL SYSTEMS
713.013,Self cleaning LO fine filters,71,SYSTEMS FOR MACHINERY MAIN COMPONENTS,LUBE OIL SYSTEMS
713.014,LO coarse filters,71,SYSTEMS FOR MACHINERY MAIN COMPONENTS,LUBE OIL SYSTEMS
713.015,Gear oil pumps,71,SYSTEMS FOR MACHINERY MAIN COMPONENTS,LUBE OIL SYSTEMS
713.016,Gear oil coolers,71,SYSTEMS FOR MACHINERY MAIN COMPONENTS,LUBE OIL SYSTEMS
713.020,Stern tube LO aggregates,71,SYSTEMS FOR MACHINERY MAIN COMPONENTS,LUBE OIL SYSTEMS
713.021,Stern tube LO pumps,71,SYSTEMS FOR MACHINERY MAIN COMPONENTS,LUBE OIL SYSTEMS
713.022,Stern tube LO supply pumps,71,SYSTEMS FOR MACHINERY MAIN COMPONENTS,LUBE OIL SYSTEMS
713.023,Stern tube LO coolers,71,SYSTEMS FOR MACHINERY MAIN COMPONENTS,LUBE OIL SYSTEMS
713.025,Stern tube LO filters,71,SYSTEMS FOR MACHINERY MAIN COMPONENTS,LUBE OIL SYSTEMS
713.027,Stern tube LO level tanks,71,SYSTEMS FOR MACHINERY MAIN COMPONENTS,LUBE OIL SYSTEMS
713.028,Stern tube LO drain tanks,71,SYSTEMS FOR MACHINERY MAIN COMPONENTS,LUBE OIL SYSTEMS
713.030,Turbocharger LO systems,71,SYSTEMS FOR MACHINERY MAIN COMPONENTS,LUBE OIL SYSTEMS
713.031,Turbocharger LO pumps,71,SYSTEMS FOR MACHINERY MAIN COMPONENTS,LUBE OIL SYSTEMS
713.033,Turbocharger LO coolers,71,SYSTEMS FOR MACHINERY MAIN COMPONENTS,LUBE OIL SYSTEMS
713.035,Turbocharger LO fine filters,71,SYSTEMS FOR MACHINERY MAIN COMPONENTS,LUBE OIL SYSTEMS
713.037,Turbocharger LO drain tanks,71,SYSTEMS FOR MACHINERY MAIN COMPONENTS,LUBE OIL SYSTEMS
713.038,Turbocharger LO level tanks,71,SYSTEMS FOR MACHINERY MAIN COMPONENTS,LUBE OIL SYSTEMS
713.040,Cylinder LO systems,71,SYSTEMS FOR MACHINERY MAIN COMPONENTS,LUBE OIL SYSTEMS
713.041,Cylinder LO pumps,71,SYSTEMS FOR MACHINERY MAIN COMPONENTS,LUBE OIL SYSTEMS
713.043,Cylinder LO coolers,71,SYSTEMS FOR MACHINERY MAIN COMPONENTS,LUBE OIL SYSTEMS
713.045,Cylinder LO filters,71,SYSTEMS FOR MACHINERY MAIN COMPONENTS,LUBE OIL SYSTEMS
713.047,Cylinder LO service tanks,71,SYSTEMS FOR MACHINERY MAIN COMPONENTS,LUBE OIL SYSTEMS
713.050,Camshaft LO systems,71,SYSTEMS FOR MACHINERY MAIN COMPONENTS,LUBE OIL SYSTEMS
713.051,Camshaft LO pumps,71,SYSTEMS FOR MACHINERY MAIN COMPONENTS,LUBE OIL SYSTEMS
713.055,Camshaft LO filters,71,SYSTEMS FOR MACHINERY MAIN COMPONENTS,LUBE OIL SYSTEMS
713.057,Camshaft LO tanks,71,SYSTEMS FOR MACHINERY MAIN COMPONENTS,LUBE OIL SYSTEMS
713.060,Air preheater LO systems,71,SYSTEMS FOR MACHINERY MAIN COMPONENTS,LUBE OIL SYSTEMS
713.061,Air preheater LO pumps,71,SYSTEMS FOR MACHINERY MAIN COMPONENTS,LUBE OIL SYSTEMS
713.063,Air preheater LO coolers,71,SYSTEMS FOR MACHINERY MAIN COMPONENTS,LUBE OIL SYSTEMS
713.065,Air preheater LO filters,71,SYSTEMS FOR MACHINERY MAIN COMPONENTS,LUBE OIL SYSTEMS
713.067,Air preheater LO tanks,71,SYSTEMS FOR MACHINERY MAIN COMPONENTS,LUBE OIL SYSTEMS
713.070,Hand lubrication tanks,71,SYSTEMS FOR MACHINERY MAIN COMPONENTS,LUBE OIL SYSTEMS
714,LUBE OIL SYSTEMS FOR MOTOR/TURBO AGGREGATES,71,SYSTEMS FOR MACHINERY MAIN COMPONENTS,LUBE OIL SYSTEMS
714.001,Motor aggregate LO systems,71,SYSTEMS FOR MACHINERY MAIN COMPONENTS,LUBE OIL SYSTEMS
714.002,Motor aggregate LO pumps,71,SYSTEMS FOR MACHINERY MAIN COMPONENTS,LUBE OIL SYSTEMS
714.003,Motor aggregate LO coolers,71,SYSTEMS FOR MACHINERY MAIN COMPONENTS,LUBE OIL SYSTEMS
714.005,Motor aggregate LO filters,71,SYSTEMS FOR MACHINERY MAIN COMPONENTS,LUBE OIL SYSTEMS
714.007,Motor aggregate LO tanks,71,SYSTEMS FOR MACHINERY MAIN COMPONENTS,LUBE OIL SYSTEMS
714.010,Gas turbo aggregate LO systems,71,SYSTEMS FOR MACHINERY MAIN COMPONENTS,LUBE OIL SYSTEMS
714.011,Gas turbo aggregate LO pumps,71,SYSTEMS FOR MACHINERY MAIN COMPONENTS,LUBE OIL SYSTEMS
714.013,Gas turbo aggregate LO coolers,71,SYSTEMS FOR MACHINERY MAIN COMPONENTS,LUBE OIL SYSTEMS
714.015,Gas turbo aggregate LO filters,71,SYSTEMS FOR MACHINERY MAIN COMPONENTS,LUBE OIL SYSTEMS
714.017,Gas turbo aggregate LO tanks,71,SYSTEMS FOR MACHINERY MAIN COMPONENTS,LUBE OIL SYSTEMS
714.030,Steam turbo aggregate LO systems,71,SYSTEMS FOR MACHINERY MAIN COMPONENTS,LUBE OIL SYSTEMS
714.031,Steam turbo aggregate LO pumps,71,SYSTEMS FOR MACHINERY MAIN COMPONENTS,LUBE OIL SYSTEMS
714.033,Steam turbo aggregate LO coolers,71,SYSTEMS FOR MACHINERY MAIN COMPONENTS,LUBE OIL SYSTEMS
714.035,Steam turbo aggregate LO filters,71,SYSTEMS FOR MACHINERY MAIN COMPONENTS,LUBE OIL SYSTEMS
714.037,Steam turbo aggregate LO tanks,71,SYSTEMS FOR MACHINERY MAIN COMPONENTS,LUBE OIL SYSTEMS
715,"L.O. SYST. FOR GAS GEN., COMMON L.O. SYST. FOR OTHER MACH.",71,SYSTEMS FOR MACHINERY MAIN COMPONENTS,LUBE OIL SYSTEMS
715.001,Gas generator LO systems,71,SYSTEMS FOR MACHINERY MAIN COMPONENTS,LUBE OIL SYSTEMS
715.002,Gas generator LO pumps,71,SYSTEMS FOR MACHINERY MAIN COMPONENTS,LUBE OIL SYSTEMS
715.003,Gas generator LO coolers,71,SYSTEMS FOR MACHINERY MAIN COMPONENTS,LUBE OIL SYSTEMS
715.005,Gas generator LO filters,71,SYSTEMS FOR MACHINERY MAIN COMPONENTS,LUBE OIL SYSTEMS
715.007,Gas generator LO tanks,71,SYSTEMS FOR MACHINERY MAIN COMPONENTS,LUBE OIL SYSTEMS
715.010,Common LO systems,71,SYSTEMS FOR MACHINERY MAIN COMPONENTS,LUBE OIL SYSTEMS
715.011,Common LO pumps,71,SYSTEMS FOR MACHINERY MAIN COMPONENTS,LUBE OIL SYSTEMS
715.013,Common LO coolers,71,SYSTEMS FOR MACHINERY MAIN COMPONENTS,LUBE OIL SYSTEMS
715.015,Common LO filters,71,SYSTEMS FOR MACHINERY MAIN COMPONENTS,COOLING SYSTEMS
715.017,Common LO tanks,72,SYSTEMS FOR MACHINERY MAIN COMPONENTS,COOLING SYSTEMS
721,SEA WATER COOLING SYSTEMS,72,SYSTEMS FOR MACHINERY MAIN COMPONENTS,COOLING SYSTEMS
721.001,Main SW cooling pumps,72,SYSTEMS FOR MACHINERY MAIN COMPONENTS,COOLING SYSTEMS
721.003,Aux. SW cooling pumps,72,SYSTEMS FOR MACHINERY MAIN COMPONENTS,COOLING SYSTEMS
721.005,Main condenser SW cooling pumps,72,SYSTEMS FOR MACHINERY MAIN COMPONENTS,COOLING SYSTEMS
721.007,Aux. condenser SW cooling pumps,72,SYSTEMS FOR MACHINERY MAIN COMPONENTS,COOLING SYSTEMS
721.009,FW generator SW cooling pumps,72,SYSTEMS FOR MACHINERY MAIN COMPONENTS,COOLING SYSTEMS
721.011,FW cooler SW cooling pumps,72,SYSTEMS FOR MACHINERY MAIN COMPONENTS,COOLING SYSTEMS
721.013,Aux. machinery SW cooling pumps,72,SYSTEMS FOR MACHINERY MAIN COMPONENTS,COOLING SYSTEMS
721.014,Bulk cargo compressor SW cooling pumps,72,SYSTEMS FOR MACHINERY MAIN COMPONENTS,COOLING SYSTEMS
721.016,Seismic compressor SW cooling pumps,72,SYSTEMS FOR MACHINERY MAIN COMPONENTS,COOLING SYSTEMS
721.017,Hydr. aggregate SW cooling pumps,72,SYSTEMS FOR MACHINERY MAIN COMPONENTS,COOLING SYSTEMS
721.020,SW filters,72,SYSTEMS FOR MACHINERY MAIN COMPONENTS,COOLING SYSTEMS
721.030,SW chlorine dosage aggregates,72,SYSTEMS FOR MACHINERY MAIN COMPONENTS,COOLING SYSTEMS
721.031,SW dosage pump,72,SYSTEMS FOR MACHINERY MAIN COMPONENTS,COOLING SYSTEMS
721.032,Chlorine tanks,72,SYSTEMS FOR MACHINERY MAIN COMPONENTS,COOLING SYSTEMS
721.035,SW sawdust injectors,72,SYSTEMS FOR MACHINERY MAIN COMPONENTS,COOLING SYSTEMS
721.036,SW sawdust tanks,72,SYSTEMS FOR MACHINERY MAIN COMPONENTS,COOLING SYSTEMS
722,FRESH WATER & OTHER COOLING SYSTEMS,72,SYSTEMS FOR MACHINERY MAIN COMPONENTS,COOLING SYSTEMS
722.001,FW coolers,72,SYSTEMS FOR MACHINERY MAIN COMPONENTS,COOLING SYSTEMS
722.003,Main FW cooling pumps,72,SYSTEMS FOR MACHINERY MAIN COMPONENTS,COOLING SYSTEMS
722.005,Aux. FW cooling pumps,72,SYSTEMS FOR MACHINERY MAIN COMPONENTS,COOLING SYSTEMS
722.007,FW level tanks,72,SYSTEMS FOR MACHINERY MAIN COMPONENTS,COOLING SYSTEMS
722.010,Nozzle coolers,72,SYSTEMS FOR MACHINERY MAIN COMPONENTS,COOLING SYSTEMS
722.012,Nozzle cooling pumps,72,SYSTEMS FOR MACHINERY MAIN COMPONENTS,COOLING SYSTEMS
722.014,Stand by nozzle cooling pumps,72,SYSTEMS FOR MACHINERY MAIN COMPONENTS,COOLING SYSTEMS
722.016,Nozzle cooling tanks,72,SYSTEMS FOR MACHINERY MAIN COMPONENTS,COOLING SYSTEMS
722.020,Piston cooling medium coolers,72,SYSTEMS FOR MACHINERY MAIN COMPONENTS,COOLING SYSTEMS
722.022,Piston cooling medium pumps,72,SYSTEMS FOR MACHINERY MAIN COMPONENTS,COOLING SYSTEMS
722.024,Piston cooling medium tanks,72,SYSTEMS FOR MACHINERY MAIN COMPONENTS,COMPRESSED AIR SYSTEMS
722.031,Seismic compressor FW cooling pumps,73,SYSTEMS FOR MACHINERY MAIN COMPONENTS,COMPRESSED AIR SYSTEMS
731,STARTING AIR SYSTEMS (HIGH PRESSURE),73,SYSTEMS FOR MACHINERY MAIN COMPONENTS,COMPRESSED AIR SYSTEMS
731.001,Starting air compressors,73,SYSTEMS FOR MACHINERY MAIN COMPONENTS,COMPRESSED AIR SYSTEMS
731.003,Starting air emergency compressors,73,SYSTEMS FOR MACHINERY MAIN COMPONENTS,COMPRESSED AIR SYSTEMS
731.005,Starting air water/oil separators,73,SYSTEMS FOR MACHINERY MAIN COMPONENTS,COMPRESSED AIR SYSTEMS
731.006,Starting air water separators,73,SYSTEMS FOR MACHINERY MAIN COMPONENTS,COMPRESSED AIR SYSTEMS
731.007,Starting air oil separators,73,SYSTEMS FOR MACHINERY MAIN COMPONENTS,COMPRESSED AIR SYSTEMS
731.010,Starting air tanks,73,SYSTEMS FOR MACHINERY MAIN COMPONENTS,COMPRESSED AIR SYSTEMS
731.012,Starting air bottles,73,SYSTEMS FOR MACHINERY MAIN COMPONENTS,COMPRESSED AIR SYSTEMS
731.014,Starting air coolers,73,SYSTEMS FOR MACHINERY MAIN COMPONENTS,COMPRESSED AIR SYSTEMS
731.016,Starting air compressor silencers,73,SYSTEMS FOR MACHINERY MAIN COMPONENTS,COMPRESSED AIR SYSTEMS
731.020,Portable starting air compressors,73,SYSTEMS FOR MACHINERY MAIN COMPONENTS,COMPRESSED AIR SYSTEMS
732,GENERAL PURPOSE AIR SYSTEMS FOR ENGINE ROOM (LOW PRESSURE),73,SYSTEMS FOR MACHINERY MAIN COMPONENTS,COMPRESSED AIR SYSTEMS
732.001,"L.T. air compressors, complete",73,SYSTEMS FOR MACHINERY MAIN COMPONENTS,COMPRESSED AIR SYSTEMS
733,GENERAL PURPOSE AIR SYSTEMS FOR DECK (LOW PRESSURE),73,SYSTEMS FOR MACHINERY MAIN COMPONENTS,COMPRESSED AIR SYSTEMS
733.001,Service air compressors,73,SYSTEMS FOR MACHINERY MAIN COMPONENTS,COMPRESSED AIR SYSTEMS
733.005,Service air water/oil separators,73,SYSTEMS FOR MACHINERY MAIN COMPONENTS,COMPRESSED AIR SYSTEMS
733.006,Service air water separators,73,SYSTEMS FOR MACHINERY MAIN COMPONENTS,COMPRESSED AIR SYSTEMS
733.007,Service air oil separators,73,SYSTEMS FOR MACHINERY MAIN COMPONENTS,COMPRESSED AIR SYSTEMS
733.010,Service air tanks,73,SYSTEMS FOR MACHINERY MAIN COMPONENTS,COMPRESSED AIR SYSTEMS
733.014,Service air coolers,73,SYSTEMS FOR MACHINERY MAIN COMPONENTS,COMPRESSED AIR SYSTEMS
733.016,Service air compressor silencers,73,SYSTEMS FOR MACHINERY MAIN COMPONENTS,COMPRESSED AIR SYSTEMS
733.020,Portable service air compressors,73,SYSTEMS FOR MACHINERY MAIN COMPONENTS,COMPRESSED AIR SYSTEMS
734,INSTRUMENT AIR SUPPLY SYSTEMS,73,SYSTEMS FOR MACHINERY MAIN COMPONENTS,COMPRESSED AIR SYSTEMS
734.001,Instrument air compressors,73,SYSTEMS FOR MACHINERY MAIN COMPONENTS,COMPRESSED AIR SYSTEMS
734.005,Instrument air water/oil separators,73,SYSTEMS FOR MACHINERY MAIN COMPONENTS,COMPRESSED AIR SYSTEMS
734.006,Instrument air water separators,73,SYSTEMS FOR MACHINERY MAIN COMPONENTS,COMPRESSED AIR SYSTEMS
734.007,Instrument air oil separators,73,SYSTEMS FOR MACHINERY MAIN COMPONENTS,COMPRESSED AIR SYSTEMS
734.010,Instrument air tanks,73,SYSTEMS FOR MACHINERY MAIN COMPONENTS,COMPRESSED AIR SYSTEMS
734.014,Instrument air filters/coolers/dryers,73,SYSTEMS FOR MACHINERY MAIN COMPONENTS,COMPRESSED AIR SYSTEMS
734.015,Instrument air filters,73,SYSTEMS FOR MACHINERY MAIN COMPONENTS,COMPRESSED AIR SYSTEMS
734.016,Instrument air coolers,73,SYSTEMS FOR MACHINERY MAIN COMPONENTS,COMPRESSED AIR SYSTEMS
734.017,Instrument air dryers,73,SYSTEMS FOR MACHINERY MAIN COMPONENTS,EXHAUST SYSTEMS & AIR INTAKES
734.020,Instrument air compressor silencers,74,SYSTEMS FOR MACHINERY MAIN COMPONENTS,EXHAUST SYSTEMS & AIR INTAKES
741,FRESH AIR INTAKES (NOT VENTILATION),74,SYSTEMS FOR MACHINERY MAIN COMPONENTS,EXHAUST SYSTEMS & AIR INTAKES
741.001,Air suction aggregates,74,SYSTEMS FOR MACHINERY MAIN COMPONENTS,EXHAUST SYSTEMS & AIR INTAKES
741.003,Fans w/drive unit,74,SYSTEMS FOR MACHINERY MAIN COMPONENTS,EXHAUST SYSTEMS & AIR INTAKES
741.005,Air filters,74,SYSTEMS FOR MACHINERY MAIN COMPONENTS,EXHAUST SYSTEMS & AIR INTAKES
741.007,Silencers,74,SYSTEMS FOR MACHINERY MAIN COMPONENTS,EXHAUST SYSTEMS & AIR INTAKES
741.009,De-icers,74,SYSTEMS FOR MACHINERY MAIN COMPONENTS,EXHAUST SYSTEMS & AIR INTAKES
741.011,Water separators,74,SYSTEMS FOR MACHINERY MAIN COMPONENTS,EXHAUST SYSTEMS & AIR INTAKES
743,EXHAUST GAS SYSTEMS FOR PROPULSION MACHINERY,74,SYSTEMS FOR MACHINERY MAIN COMPONENTS,EXHAUST SYSTEMS & AIR INTAKES
743.001,Silencers/spark arresters,74,SYSTEMS FOR MACHINERY MAIN COMPONENTS,EXHAUST SYSTEMS & AIR INTAKES
743.003,Main engine silencers,74,SYSTEMS FOR MACHINERY MAIN COMPONENTS,EXHAUST SYSTEMS & AIR INTAKES
743.005,Main engine spark arresters,74,SYSTEMS FOR MACHINERY MAIN COMPONENTS,EXHAUST SYSTEMS & AIR INTAKES
743.006,Compensators,74,SYSTEMS FOR MACHINERY MAIN COMPONENTS,EXHAUST SYSTEMS & AIR INTAKES
743.007,Suspensions/absorbers,74,SYSTEMS FOR MACHINERY MAIN COMPONENTS,EXHAUST SYSTEMS & AIR INTAKES
743.010,Exhaust pipe insulation,74,SYSTEMS FOR MACHINERY MAIN COMPONENTS,EXHAUST SYSTEMS & AIR INTAKES
744,EXHAUST GAS SYSTEMS FOR MOTOR AGGREGATES,74,SYSTEMS FOR MACHINERY MAIN COMPONENTS,EXHAUST SYSTEMS & AIR INTAKES
744.001,Silencers/spark arresters,74,SYSTEMS FOR MACHINERY MAIN COMPONENTS,EXHAUST SYSTEMS & AIR INTAKES
744.003,Aux. machinery silencers,74,SYSTEMS FOR MACHINERY MAIN COMPONENTS,EXHAUST SYSTEMS & AIR INTAKES
744.005,Aux. machinery spark arresters,74,SYSTEMS FOR MACHINERY MAIN COMPONENTS,EXHAUST SYSTEMS & AIR INTAKES
744.006,Compensators,74,SYSTEMS FOR MACHINERY MAIN COMPONENTS,EXHAUST SYSTEMS & AIR INTAKES
744.007,Suspensions/absorbers,74,SYSTEMS FOR MACHINERY MAIN COMPONENTS,EXHAUST SYSTEMS & AIR INTAKES
744.020,Salinometers,74,SYSTEMS FOR MACHINERY MAIN COMPONENTS,EXHAUST SYSTEMS & AIR INTAKES
745,EXHAUST GAS SYSTEMS FOR BOILERS,74,SYSTEMS FOR MACHINERY MAIN COMPONENTS,EXHAUST SYSTEMS & AIR INTAKES
745.001,Silencers/spark arresters,74,SYSTEMS FOR MACHINERY MAIN COMPONENTS,EXHAUST SYSTEMS & AIR INTAKES
745.003,Boiler silencers,74,SYSTEMS FOR MACHINERY MAIN COMPONENTS,EXHAUST SYSTEMS & AIR INTAKES
745.005,Boiler spark arresters,74,SYSTEMS FOR MACHINERY MAIN COMPONENTS,"STEAM, CONDENSATE & FEED WATER SYSTEMS"
748,ASH/SLAG HANDLING SYSTEMS,75,SYSTEMS FOR MACHINERY MAIN COMPONENTS,"STEAM, CONDENSATE & FEED WATER SYSTEMS"
751,PRIMARY FULL PRESSURE STEAM SYSTEMS,75,SYSTEMS FOR MACHINERY MAIN COMPONENTS,"STEAM, CONDENSATE & FEED WATER SYSTEMS"
751.001,Water separators,75,SYSTEMS FOR MACHINERY MAIN COMPONENTS,"STEAM, CONDENSATE & FEED WATER SYSTEMS"
752,PRIMARY REDUCED PRESSURE STEAM SYSTEMS IN ENGINE ROOM,75,SYSTEMS FOR MACHINERY MAIN COMPONENTS,"STEAM, CONDENSATE & FEED WATER SYSTEMS"
752.001,External desuperheaters,75,SYSTEMS FOR MACHINERY MAIN COMPONENTS,"STEAM, CONDENSATE & FEED WATER SYSTEMS"
752.005,Water separators,75,SYSTEMS FOR MACHINERY MAIN COMPONENTS,"STEAM, CONDENSATE & FEED WATER SYSTEMS"
753,PRIMARY REDUCED PRESSURE SYSTEMS OUTSIDE ENGINE ROOM,75,SYSTEMS FOR MACHINERY MAIN COMPONENTS,"STEAM, CONDENSATE & FEED WATER SYSTEMS"
753.001,Water separators,75,SYSTEMS FOR MACHINERY MAIN COMPONENTS,"STEAM, CONDENSATE & FEED WATER SYSTEMS"
754,"PRIM. DRAIN, BLOW-OFF, EXH. STEAM & DEAERATION SYST. IN E/R",75,SYSTEMS FOR MACHINERY MAIN COMPONENTS,"STEAM, CONDENSATE & FEED WATER SYSTEMS"
755,PRIMARY CONDENSATE SYSTEMS,75,SYSTEMS FOR MACHINERY MAIN COMPONENTS,"STEAM, CONDENSATE & FEED WATER SYSTEMS"
755.001,Atmospheric aux. condensers,75,SYSTEMS FOR MACHINERY MAIN COMPONENTS,"STEAM, CONDENSATE & FEED WATER SYSTEMS"
755.003,Vacuum aux. condensers,75,SYSTEMS FOR MACHINERY MAIN COMPONENTS,"STEAM, CONDENSATE & FEED WATER SYSTEMS"
755.005,Gland exhaust condensers,75,SYSTEMS FOR MACHINERY MAIN COMPONENTS,"STEAM, CONDENSATE & FEED WATER SYSTEMS"
755.007,Atmospheric drain tanks,75,SYSTEMS FOR MACHINERY MAIN COMPONENTS,"STEAM, CONDENSATE & FEED WATER SYSTEMS"
755.009,Aux. condenser air ejectors,75,SYSTEMS FOR MACHINERY MAIN COMPONENTS,"STEAM, CONDENSATE & FEED WATER SYSTEMS"
755.011,Aux. condenser vacuum pumps,75,SYSTEMS FOR MACHINERY MAIN COMPONENTS,"STEAM, CONDENSATE & FEED WATER SYSTEMS"
755.013,Gland condenser exhausters,75,SYSTEMS FOR MACHINERY MAIN COMPONENTS,"STEAM, CONDENSATE & FEED WATER SYSTEMS"
755.017,Main condenser condensate pumps,75,SYSTEMS FOR MACHINERY MAIN COMPONENTS,"STEAM, CONDENSATE & FEED WATER SYSTEMS"
755.019,Aux. condenser condensate pumps,75,SYSTEMS FOR MACHINERY MAIN COMPONENTS,"STEAM, CONDENSATE & FEED WATER SYSTEMS"
755.021,Condensate drain pumps,75,SYSTEMS FOR MACHINERY MAIN COMPONENTS,"STEAM, CONDENSATE & FEED WATER SYSTEMS"
755.023,Circulating pumps,75,SYSTEMS FOR MACHINERY MAIN COMPONENTS,"STEAM, CONDENSATE & FEED WATER SYSTEMS"
755.025,1. stage LP feed water heaters,75,SYSTEMS FOR MACHINERY MAIN COMPONENTS,"STEAM, CONDENSATE & FEED WATER SYSTEMS"
755.027,2. stage LP feed water heaters,75,SYSTEMS FOR MACHINERY MAIN COMPONENTS,"STEAM, CONDENSATE & FEED WATER SYSTEMS"
755.029,Deaerators,75,SYSTEMS FOR MACHINERY MAIN COMPONENTS,"STEAM, CONDENSATE & FEED WATER SYSTEMS"
755.031,Condensate tanks,75,SYSTEMS FOR MACHINERY MAIN COMPONENTS,"STEAM, CONDENSATE & FEED WATER SYSTEMS"
755.033,Condensate filter tanks,75,SYSTEMS FOR MACHINERY MAIN COMPONENTS,"STEAM, CONDENSATE & FEED WATER SYSTEMS"
755.035,Condensate observation tanks,75,SYSTEMS FOR MACHINERY MAIN COMPONENTS,"STEAM, CONDENSATE & FEED WATER SYSTEMS"
755.040,Condensate de-oilers,75,SYSTEMS FOR MACHINERY MAIN COMPONENTS,"STEAM, CONDENSATE & FEED WATER SYSTEMS"
755.042,Drain coolers,75,SYSTEMS FOR MACHINERY MAIN COMPONENTS,"STEAM, CONDENSATE & FEED WATER SYSTEMS"
755.044,Condensate test water coolers,75,SYSTEMS FOR MACHINERY MAIN COMPONENTS,"STEAM, CONDENSATE & FEED WATER SYSTEMS"
755.046,Condensate suction filters,75,SYSTEMS FOR MACHINERY MAIN COMPONENTS,"STEAM, CONDENSATE & FEED WATER SYSTEMS"
755.050,Condensate pressure filters,75,SYSTEMS FOR MACHINERY MAIN COMPONENTS,"STEAM, CONDENSATE & FEED WATER SYSTEMS"
755.052,Condensate ion exchange filters,75,SYSTEMS FOR MACHINERY MAIN COMPONENTS,"STEAM, CONDENSATE & FEED WATER SYSTEMS"
755.054,Condensate softening filters,75,SYSTEMS FOR MACHINERY MAIN COMPONENTS,"STEAM, CONDENSATE & FEED WATER SYSTEMS"
755.060,Condensate chemicals dosage aggregates,75,SYSTEMS FOR MACHINERY MAIN COMPONENTS,"STEAM, CONDENSATE & FEED WATER SYSTEMS"
755.062,Condensate dosage pumps,75,SYSTEMS FOR MACHINERY MAIN COMPONENTS,"STEAM, CONDENSATE & FEED WATER SYSTEMS"
755.064,Chemicals tanks,75,SYSTEMS FOR MACHINERY MAIN COMPONENTS,"STEAM, CONDENSATE & FEED WATER SYSTEMS"
756,PRIMARY FEED WATER SYSTEMS,75,SYSTEMS FOR MACHINERY MAIN COMPONENTS,"STEAM, CONDENSATE & FEED WATER SYSTEMS"
756.001,Main boiler main feed pumps,75,SYSTEMS FOR MACHINERY MAIN COMPONENTS,"STEAM, CONDENSATE & FEED WATER SYSTEMS"
756.003,Main boiler aux. feed pumps,75,SYSTEMS FOR MACHINERY MAIN COMPONENTS,"STEAM, CONDENSATE & FEED WATER SYSTEMS"
756.005,Aux. boiler main feed pumps,75,SYSTEMS FOR MACHINERY MAIN COMPONENTS,"STEAM, CONDENSATE & FEED WATER SYSTEMS"
756.007,Aux. boiler aux. feed pumps,75,SYSTEMS FOR MACHINERY MAIN COMPONENTS,"STEAM, CONDENSATE & FEED WATER SYSTEMS"
756.009,Main boiler feed water ejectors,75,SYSTEMS FOR MACHINERY MAIN COMPONENTS,"STEAM, CONDENSATE & FEED WATER SYSTEMS"
756.011,Aux. boiler feed water ejectors,75,SYSTEMS FOR MACHINERY MAIN COMPONENTS,"STEAM, CONDENSATE & FEED WATER SYSTEMS"
756.015,1. stage HP feed water heaters,75,SYSTEMS FOR MACHINERY MAIN COMPONENTS,"STEAM, CONDENSATE & FEED WATER SYSTEMS"
756.017,2. stage HP feed water heaters,75,SYSTEMS FOR MACHINERY MAIN COMPONENTS,"STEAM, CONDENSATE & FEED WATER SYSTEMS"
756.019,Exhaust boiler circulating pumps,75,SYSTEMS FOR MACHINERY MAIN COMPONENTS,"STEAM, CONDENSATE & FEED WATER SYSTEMS"
756.021,Pressure filters,75,SYSTEMS FOR MACHINERY MAIN COMPONENTS,"STEAM, CONDENSATE & FEED WATER SYSTEMS"
756.050,Feed water chemicals dosage aggregates,75,SYSTEMS FOR MACHINERY MAIN COMPONENTS,"STEAM, CONDENSATE & FEED WATER SYSTEMS"
756.052,Feed water dosage pumps,75,SYSTEMS FOR MACHINERY MAIN COMPONENTS,"STEAM, CONDENSATE & FEED WATER SYSTEMS"
756.054,Chemicals tanks,75,SYSTEMS FOR MACHINERY MAIN COMPONENTS,"STEAM, CONDENSATE & FEED WATER SYSTEMS"
757,SECONDARY STEAM SYSTEMS IN ENGINE ROOM,75,SYSTEMS FOR MACHINERY MAIN COMPONENTS,"STEAM, CONDENSATE & FEED WATER SYSTEMS"
757.001,Water separators,75,SYSTEMS FOR MACHINERY MAIN COMPONENTS,"STEAM, CONDENSATE & FEED WATER SYSTEMS"
758,SECONDARY STEAM SYSTEMS OUTSIDE ENGINE ROOM,75,SYSTEMS FOR MACHINERY MAIN COMPONENTS,"STEAM, CONDENSATE & FEED WATER SYSTEMS"
758.001,Water separators,75,SYSTEMS FOR MACHINERY MAIN COMPONENTS,"STEAM, CONDENSATE & FEED WATER SYSTEMS"
758.003,Degassing tanks,75,SYSTEMS FOR MACHINERY MAIN COMPONENTS,"STEAM, CONDENSATE & FEED WATER SYSTEMS"
759,SECONDARY CONDENSATE & FEED WATER SYSTEMS,75,SYSTEMS FOR MACHINERY MAIN COMPONENTS,"STEAM, CONDENSATE & FEED WATER SYSTEMS"
759.001,Steam generator main feed pumps,75,SYSTEMS FOR MACHINERY MAIN COMPONENTS,"STEAM, CONDENSATE & FEED WATER SYSTEMS"
759.003,Steam generator aux. feed pumps,75,SYSTEMS FOR MACHINERY MAIN COMPONENTS,"STEAM, CONDENSATE & FEED WATER SYSTEMS"
759.005,Steam generator condenser,75,SYSTEMS FOR MACHINERY MAIN COMPONENTS,"STEAM, CONDENSATE & FEED WATER SYSTEMS"
759.007,Steam generator oil/water separators,75,SYSTEMS FOR MACHINERY MAIN COMPONENTS,"STEAM, CONDENSATE & FEED WATER SYSTEMS"
759.010,Steam generator feed water tanks,75,SYSTEMS FOR MACHINERY MAIN COMPONENTS,"STEAM, CONDENSATE & FEED WATER SYSTEMS"
759.012,Steam generator filter tanks,75,SYSTEMS FOR MACHINERY MAIN COMPONENTS,"STEAM, CONDENSATE & FEED WATER SYSTEMS"
759.014,Steam generator observation tanks,75,SYSTEMS FOR MACHINERY MAIN COMPONENTS,"STEAM, CONDENSATE & FEED WATER SYSTEMS"
759.020,Steam generator ion exchange filters,75,SYSTEMS FOR MACHINERY MAIN COMPONENTS,"STEAM, CONDENSATE & FEED WATER SYSTEMS"
759.022,Steam generator softening filters,75,SYSTEMS FOR MACHINERY MAIN COMPONENTS,"STEAM, CONDENSATE & FEED WATER SYSTEMS"
759.024,Steam generator test water coolers,75,SYSTEMS FOR MACHINERY MAIN COMPONENTS,"STEAM, CONDENSATE & FEED WATER SYSTEMS"
759.026,Steam generator chemicals dosage aggregates,75,SYSTEMS FOR MACHINERY MAIN COMPONENTS,"STEAM, CONDENSATE & FEED WATER SYSTEMS"
759.028,Steam generator dosage pumps,75,SYSTEMS FOR MACHINERY MAIN COMPONENTS,DISTILLED & MAKE-UP WATER SYSTEMS
759.030,Chemicals tanks,76,SYSTEMS FOR MACHINERY MAIN COMPONENTS,DISTILLED & MAKE-UP WATER SYSTEMS
761,DISTILLED & MAKE-UP WATER SYSTEMS,76,SYSTEMS FOR MACHINERY MAIN COMPONENTS,DISTILLED & MAKE-UP WATER SYSTEMS
761.001,SW cooled FW generator,76,SYSTEMS FOR MACHINERY MAIN COMPONENTS,DISTILLED & MAKE-UP WATER SYSTEMS
761.003,Condensate cooled FW generator,76,SYSTEMS FOR MACHINERY MAIN COMPONENTS,DISTILLED & MAKE-UP WATER SYSTEMS
761.005,FW generator vacuum pumps,76,SYSTEMS FOR MACHINERY MAIN COMPONENTS,DISTILLED & MAKE-UP WATER SYSTEMS
761.007,FW generator SW pumps,76,SYSTEMS FOR MACHINERY MAIN COMPONENTS,DISTILLED & MAKE-UP WATER SYSTEMS
761.009,FW generator circulating pumps,76,SYSTEMS FOR MACHINERY MAIN COMPONENTS,DISTILLED & MAKE-UP WATER SYSTEMS
761.015,FW generator distillate pumps,76,SYSTEMS FOR MACHINERY MAIN COMPONENTS,DISTILLED & MAKE-UP WATER SYSTEMS
761.017,FW generator distillate coolers,76,SYSTEMS FOR MACHINERY MAIN COMPONENTS,DISTILLED & MAKE-UP WATER SYSTEMS
761.019,FW generator distillate tanks,76,SYSTEMS FOR MACHINERY MAIN COMPONENTS,DISTILLED & MAKE-UP WATER SYSTEMS
761.025,FW generator brine pumps,76,SYSTEMS FOR MACHINERY MAIN COMPONENTS,DISTILLED & MAKE-UP WATER SYSTEMS
761.027,FW generator brine ejectors,76,SYSTEMS FOR MACHINERY MAIN COMPONENTS,DISTILLED & MAKE-UP WATER SYSTEMS
761.030,FW generator softening filters,76,SYSTEMS FOR MACHINERY MAIN COMPONENTS,DISTILLED & MAKE-UP WATER SYSTEMS
761.033,FW generator chemicals dosage aggregates,76,SYSTEMS FOR MACHINERY MAIN COMPONENTS,DISTILLED & MAKE-UP WATER SYSTEMS
761.035,FW generator dosage pumps,76,SYSTEMS FOR MACHINERY MAIN COMPONENTS,DISTILLED & MAKE-UP WATER SYSTEMS
761.037,Chemicals tanks,76,SYSTEMS FOR MACHINERY MAIN COMPONENTS,DISTILLED & MAKE-UP WATER SYSTEMS
761.040,Make-up pumps,76,SYSTEMS FOR MACHINERY MAIN COMPONENTS,DISTILLED & MAKE-UP WATER SYSTEMS
761.050,Reverse osmosis units,76,SYSTEMS FOR MACHINERY MAIN COMPONENTS,DISTILLED & MAKE-UP WATER SYSTEMS
761.051,Reverse osmosis unit SW pumps,76,SYSTEMS FOR MACHINERY MAIN COMPONENTS,DISTILLED & MAKE-UP WATER SYSTEMS
761.052,Reverse osmosis unit preheaters,76,SYSTEMS FOR MACHINERY MAIN COMPONENTS,AUTOMATION SYSTEMS FOR MACHINERY
761.053,Reverse osmosis unit FW pumps,79,SYSTEMS FOR MACHINERY MAIN COMPONENTS,AUTOMATION SYSTEMS FOR MACHINERY
791,"MANOEUVRE CONSOLES, MAIN CONSOLES",79,SYSTEMS FOR MACHINERY MAIN COMPONENTS,AUTOMATION SYSTEMS FOR MACHINERY
791.001,Engine room machinery panels,79,SYSTEMS FOR MACHINERY MAIN COMPONENTS,AUTOMATION SYSTEMS FOR MACHINERY
791.002,Engine room manoeuvre desks,79,SYSTEMS FOR MACHINERY MAIN COMPONENTS,AUTOMATION SYSTEMS FOR MACHINERY
791.005,Engine room instrument consoles,79,SYSTEMS FOR MACHINERY MAIN COMPONENTS,AUTOMATION SYSTEMS FOR MACHINERY
791.007,Engine room automation cabinets,79,SYSTEMS FOR MACHINERY MAIN COMPONENTS,AUTOMATION SYSTEMS FOR MACHINERY
791.010,Bridge machinery panels,79,SYSTEMS FOR MACHINERY MAIN COMPONENTS,AUTOMATION SYSTEMS FOR MACHINERY
791.011,Bridge manoeuvre desks,79,SYSTEMS FOR MACHINERY MAIN COMPONENTS,AUTOMATION SYSTEMS FOR MACHINERY
791.014,Bridge instrument consoles,79,SYSTEMS FOR MACHINERY MAIN COMPONENTS,AUTOMATION SYSTEMS FOR MACHINERY
791.016,Bridge automation cabinets,79,SYSTEMS FOR MACHINERY MAIN COMPONENTS,AUTOMATION SYSTEMS FOR MACHINERY
792,"COMMON AUTOMATION EQUIPMENT, ENGINE ROOM ALARM SYSTEMS",79,SYSTEMS FOR MACHINERY MAIN COMPONENTS,AUTOMATION SYSTEMS FOR MACHINERY
792.001,Alarm/monitoring systems,79,SYSTEMS FOR MACHINERY MAIN COMPONENTS,AUTOMATION SYSTEMS FOR MACHINERY
792.002,Relay/logics centrals,79,SYSTEMS FOR MACHINERY MAIN COMPONENTS,AUTOMATION SYSTEMS FOR MACHINERY
792.005,Signal annunciators,79,SYSTEMS FOR MACHINERY MAIN COMPONENTS,AUTOMATION SYSTEMS FOR MACHINERY
792.007,Acoustic signal devices,79,SYSTEMS FOR MACHINERY MAIN COMPONENTS,AUTOMATION SYSTEMS FOR MACHINERY
792.009,Optical signal devices,79,SYSTEMS FOR MACHINERY MAIN COMPONENTS,AUTOMATION SYSTEMS FOR MACHINERY
792.011,Alarm recorders/printers,79,SYSTEMS FOR MACHINERY MAIN COMPONENTS,AUTOMATION SYSTEMS FOR MACHINERY
792.013,Dataloggers,79,SYSTEMS FOR MACHINERY MAIN COMPONENTS,AUTOMATION SYSTEMS FOR MACHINERY
792.015,Monitoring system batteries,79,SYSTEMS FOR MACHINERY MAIN COMPONENTS,AUTOMATION SYSTEMS FOR MACHINERY
792.017,Charging rectifiers,79,SYSTEMS FOR MACHINERY MAIN COMPONENTS,AUTOMATION SYSTEMS FOR MACHINERY
792.030,Machinery EDP plants,79,SYSTEMS FOR MACHINERY MAIN COMPONENTS,AUTOMATION SYSTEMS FOR MACHINERY
792.031,Central processing units,79,SYSTEMS FOR MACHINERY MAIN COMPONENTS,AUTOMATION SYSTEMS FOR MACHINERY
792.033,Interface input equipment,79,SYSTEMS FOR MACHINERY MAIN COMPONENTS,AUTOMATION SYSTEMS FOR MACHINERY
792.035,Interface output equipment,79,SYSTEMS FOR MACHINERY MAIN COMPONENTS,AUTOMATION SYSTEMS FOR MACHINERY
792.037,Peripheral equipment,79,SYSTEMS FOR MACHINERY MAIN COMPONENTS,AUTOMATION SYSTEMS FOR MACHINERY
792.039,Secondary storages,79,SYSTEMS FOR MACHINERY MAIN COMPONENTS,AUTOMATION SYSTEMS FOR MACHINERY
792.050,TV supervising plants,79,SYSTEMS FOR MACHINERY MAIN COMPONENTS,AUTOMATION SYSTEMS FOR MACHINERY
792.051,TV cameras,79,SYSTEMS FOR MACHINERY MAIN COMPONENTS,AUTOMATION SYSTEMS FOR MACHINERY
792.053,TV monitors,79,SYSTEMS FOR MACHINERY MAIN COMPONENTS,AUTOMATION SYSTEMS FOR MACHINERY
792.055,TV control units,79,SYSTEMS FOR MACHINERY MAIN COMPONENTS,AUTOMATION SYSTEMS FOR MACHINERY
792.057,TV lighting equipment,79,SYSTEMS FOR MACHINERY MAIN COMPONENTS,AUTOMATION SYSTEMS FOR MACHINERY
793,"AUTOM. EQUIP. FOR PROP. MACH. & TRANSMIS., ENG. TELEGRAPH",79,SYSTEMS FOR MACHINERY MAIN COMPONENTS,AUTOMATION SYSTEMS FOR MACHINERY
793.001,Engine telegraph equipment,79,SYSTEMS FOR MACHINERY MAIN COMPONENTS,AUTOMATION SYSTEMS FOR MACHINERY
793.002,Bridge engine telegraph units,79,SYSTEMS FOR MACHINERY MAIN COMPONENTS,AUTOMATION SYSTEMS FOR MACHINERY
793.003,Engine room engine telegraph units,79,SYSTEMS FOR MACHINERY MAIN COMPONENTS,AUTOMATION SYSTEMS FOR MACHINERY
793.005,Acoustic signal devices,79,SYSTEMS FOR MACHINERY MAIN COMPONENTS,AUTOMATION SYSTEMS FOR MACHINERY
793.007,Order recorders/printers,79,SYSTEMS FOR MACHINERY MAIN COMPONENTS,AUTOMATION SYSTEMS FOR MACHINERY
793.010,ME transmission remote control systems,79,SYSTEMS FOR MACHINERY MAIN COMPONENTS,AUTOMATION SYSTEMS FOR MACHINERY
793.012,Automation equipment w/programming units,79,SYSTEMS FOR MACHINERY MAIN COMPONENTS,AUTOMATION SYSTEMS FOR MACHINERY
793.015,Manoeuvre controls,79,SYSTEMS FOR MACHINERY MAIN COMPONENTS,AUTOMATION SYSTEMS FOR MACHINERY
793.017,Overload regulators,79,SYSTEMS FOR MACHINERY MAIN COMPONENTS,AUTOMATION SYSTEMS FOR MACHINERY
793.020,Operation instruments,79,SYSTEMS FOR MACHINERY MAIN COMPONENTS,AUTOMATION SYSTEMS FOR MACHINERY
793.021,ME tachometers,79,SYSTEMS FOR MACHINERY MAIN COMPONENTS,AUTOMATION SYSTEMS FOR MACHINERY
793.023,Turbocharger tachometers,79,SYSTEMS FOR MACHINERY MAIN COMPONENTS,AUTOMATION SYSTEMS FOR MACHINERY
793.025,Revolution counters,79,SYSTEMS FOR MACHINERY MAIN COMPONENTS,AUTOMATION SYSTEMS FOR MACHINERY
793.027,Torque meters,79,SYSTEMS FOR MACHINERY MAIN COMPONENTS,AUTOMATION SYSTEMS FOR MACHINERY
793.029,Rotating direction indicators,79,SYSTEMS FOR MACHINERY MAIN COMPONENTS,AUTOMATION SYSTEMS FOR MACHINERY
793.040,Alarm/safety system components,79,SYSTEMS FOR MACHINERY MAIN COMPONENTS,AUTOMATION SYSTEMS FOR MACHINERY
793.041,Pressure centrals/instruments,79,SYSTEMS FOR MACHINERY MAIN COMPONENTS,AUTOMATION SYSTEMS FOR MACHINERY
793.043,Temperature centrals/instruments,79,SYSTEMS FOR MACHINERY MAIN COMPONENTS,AUTOMATION SYSTEMS FOR MACHINERY
793.045,Vibration centrals/instruments,79,SYSTEMS FOR MACHINERY MAIN COMPONENTS,AUTOMATION SYSTEMS FOR MACHINERY
793.047,Axial displacement instruments,79,SYSTEMS FOR MACHINERY MAIN COMPONENTS,AUTOMATION SYSTEMS FOR MACHINERY
793.051,Level instruments,79,SYSTEMS FOR MACHINERY MAIN COMPONENTS,AUTOMATION SYSTEMS FOR MACHINERY
793.053,Flow instruments,79,SYSTEMS FOR MACHINERY MAIN COMPONENTS,AUTOMATION SYSTEMS FOR MACHINERY
793.055,Oil mist detectors,79,SYSTEMS FOR MACHINERY MAIN COMPONENTS,AUTOMATION SYSTEMS FOR MACHINERY
793.057,Wear down detectors,79,SYSTEMS FOR MACHINERY MAIN COMPONENTS,AUTOMATION SYSTEMS FOR MACHINERY
793.059,Recorders/printers,79,SYSTEMS FOR MACHINERY MAIN COMPONENTS,AUTOMATION SYSTEMS FOR MACHINERY
794,AUTOMATION EQUIPMENT FOR BOILERS,79,SYSTEMS FOR MACHINERY MAIN COMPONENTS,AUTOMATION SYSTEMS FOR MACHINERY
794.001,Main boiler burner control,79,SYSTEMS FOR MACHINERY MAIN COMPONENTS,AUTOMATION SYSTEMS FOR MACHINERY
794.002,FO temperature/pressure regulators,79,SYSTEMS FOR MACHINERY MAIN COMPONENTS,AUTOMATION SYSTEMS FOR MACHINERY
794.004,Combustion air regulators,79,SYSTEMS FOR MACHINERY MAIN COMPONENTS,AUTOMATION SYSTEMS FOR MACHINERY
794.005,Sequencing equipment,79,SYSTEMS FOR MACHINERY MAIN COMPONENTS,AUTOMATION SYSTEMS FOR MACHINERY
794.007,Alarm/safety system components,79,SYSTEMS FOR MACHINERY MAIN COMPONENTS,AUTOMATION SYSTEMS FOR MACHINERY
794.008,Remote reading instrument transmitters,79,SYSTEMS FOR MACHINERY MAIN COMPONENTS,AUTOMATION SYSTEMS FOR MACHINERY
794.009,Indicators,79,SYSTEMS FOR MACHINERY MAIN COMPONENTS,AUTOMATION SYSTEMS FOR MACHINERY
794.010,Main boiler control,79,SYSTEMS FOR MACHINERY MAIN COMPONENTS,AUTOMATION SYSTEMS FOR MACHINERY
794.011,Feed water regulators,79,SYSTEMS FOR MACHINERY MAIN COMPONENTS,AUTOMATION SYSTEMS FOR MACHINERY
794.013,Steam temperature regulators,79,SYSTEMS FOR MACHINERY MAIN COMPONENTS,AUTOMATION SYSTEMS FOR MACHINERY
794.015,Steam pressure regulators,79,SYSTEMS FOR MACHINERY MAIN COMPONENTS,AUTOMATION SYSTEMS FOR MACHINERY
794.017,Alarm/safety system components,79,SYSTEMS FOR MACHINERY MAIN COMPONENTS,AUTOMATION SYSTEMS FOR MACHINERY
794.018,Remote reading instrument transmitters,79,SYSTEMS FOR MACHINERY MAIN COMPONENTS,AUTOMATION SYSTEMS FOR MACHINERY
794.019,Indicators,79,SYSTEMS FOR MACHINERY MAIN COMPONENTS,AUTOMATION SYSTEMS FOR MACHINERY
794.020,Main boiler flue gas control,79,SYSTEMS FOR MACHINERY MAIN COMPONENTS,AUTOMATION SYSTEMS FOR MACHINERY
794.021,Gas system regulators,79,SYSTEMS FOR MACHINERY MAIN COMPONENTS,AUTOMATION SYSTEMS FOR MACHINERY
794.022,Soot blower automation/instruments,79,SYSTEMS FOR MACHINERY MAIN COMPONENTS,AUTOMATION SYSTEMS FOR MACHINERY
794.023,Flue gas indicators/analyzers,79,SYSTEMS FOR MACHINERY MAIN COMPONENTS,AUTOMATION SYSTEMS FOR MACHINERY
794.024,Air preheater automation/instruments,79,SYSTEMS FOR MACHINERY MAIN COMPONENTS,AUTOMATION SYSTEMS FOR MACHINERY
794.026,Remote reading instrument transmitters,79,SYSTEMS FOR MACHINERY MAIN COMPONENTS,AUTOMATION SYSTEMS FOR MACHINERY
794.028,Indicators,79,SYSTEMS FOR MACHINERY MAIN COMPONENTS,AUTOMATION SYSTEMS FOR MACHINERY
794.040,Aux. boiler burner control,79,SYSTEMS FOR MACHINERY MAIN COMPONENTS,AUTOMATION SYSTEMS FOR MACHINERY
794.041,FO temperature/pressure regulators,79,SYSTEMS FOR MACHINERY MAIN COMPONENTS,AUTOMATION SYSTEMS FOR MACHINERY
794.043,Combustion air regulators,79,SYSTEMS FOR MACHINERY MAIN COMPONENTS,AUTOMATION SYSTEMS FOR MACHINERY
794.044,Sequencing equipment,79,SYSTEMS FOR MACHINERY MAIN COMPONENTS,AUTOMATION SYSTEMS FOR MACHINERY
794.046,Alarm/safety system components,79,SYSTEMS FOR MACHINERY MAIN COMPONENTS,AUTOMATION SYSTEMS FOR MACHINERY
794.047,Remote reading instrument transmitters,79,SYSTEMS FOR MACHINERY MAIN COMPONENTS,AUTOMATION SYSTEMS FOR MACHINERY
794.048,Indicators,79,SYSTEMS FOR MACHINERY MAIN COMPONENTS,AUTOMATION SYSTEMS FOR MACHINERY
794.050,Aux. boiler control,79,SYSTEMS FOR MACHINERY MAIN COMPONENTS,AUTOMATION SYSTEMS FOR MACHINERY
794.051,Feed water regulators,79,SYSTEMS FOR MACHINERY MAIN COMPONENTS,AUTOMATION SYSTEMS FOR MACHINERY
794.052,Steam temperature regulators,79,SYSTEMS FOR MACHINERY MAIN COMPONENTS,AUTOMATION SYSTEMS FOR MACHINERY
794.053,Steam pressure regulators,79,SYSTEMS FOR MACHINERY MAIN COMPONENTS,AUTOMATION SYSTEMS FOR MACHINERY
794.054,Alarm/safety system components,79,SYSTEMS FOR MACHINERY MAIN COMPONENTS,AUTOMATION SYSTEMS FOR MACHINERY
794.055,Remote reading instrument transmitters,79,SYSTEMS FOR MACHINERY MAIN COMPONENTS,AUTOMATION SYSTEMS FOR MACHINERY
794.056,Indicators,79,SYSTEMS FOR MACHINERY MAIN COMPONENTS,AUTOMATION SYSTEMS FOR MACHINERY
794.060,Aux. boiler flue gas control,79,SYSTEMS FOR MACHINERY MAIN COMPONENTS,AUTOMATION SYSTEMS FOR MACHINERY
794.061,Gas system regulators,79,SYSTEMS FOR MACHINERY MAIN COMPONENTS,AUTOMATION SYSTEMS FOR MACHINERY
794.062,Soot blower automation/instruments,79,SYSTEMS FOR MACHINERY MAIN COMPONENTS,AUTOMATION SYSTEMS FOR MACHINERY
794.063,Flue gas indicators/analyzer,79,SYSTEMS FOR MACHINERY MAIN COMPONENTS,AUTOMATION SYSTEMS FOR MACHINERY
794.064,Air preheater automation/instruments,79,SYSTEMS FOR MACHINERY MAIN COMPONENTS,AUTOMATION SYSTEMS FOR MACHINERY
794.065,Alarm/safety system components,79,SYSTEMS FOR MACHINERY MAIN COMPONENTS,AUTOMATION SYSTEMS FOR MACHINERY
794.066,Remote reading instrument transmitters,79,SYSTEMS FOR MACHINERY MAIN COMPONENTS,AUTOMATION SYSTEMS FOR MACHINERY
794.067,Indicators,79,SYSTEMS FOR MACHINERY MAIN COMPONENTS,AUTOMATION SYSTEMS FOR MACHINERY
795,AUTOMATION EQUIPMENT FOR MOTOR/TURBO AGGREGATES,79,SYSTEMS FOR MACHINERY MAIN COMPONENTS,AUTOMATION SYSTEMS FOR MACHINERY
795.001,Aux. diesel engine automation equipment,79,SYSTEMS FOR MACHINERY MAIN COMPONENTS,AUTOMATION SYSTEMS FOR MACHINERY
795.002,Start/stop automation,79,SYSTEMS FOR MACHINERY MAIN COMPONENTS,AUTOMATION SYSTEMS FOR MACHINERY
795.004,Alarm/safety system components,79,SYSTEMS FOR MACHINERY MAIN COMPONENTS,AUTOMATION SYSTEMS FOR MACHINERY
795.006,Remote reading instrument transmitters,79,SYSTEMS FOR MACHINERY MAIN COMPONENTS,AUTOMATION SYSTEMS FOR MACHINERY
795.008,Indicators,79,SYSTEMS FOR MACHINERY MAIN COMPONENTS,AUTOMATION SYSTEMS FOR MACHINERY
795.020,Aux. steam turbine automation equipment,79,SYSTEMS FOR MACHINERY MAIN COMPONENTS,AUTOMATION SYSTEMS FOR MACHINERY
795.022,Start/stop automation,79,SYSTEMS FOR MACHINERY MAIN COMPONENTS,AUTOMATION SYSTEMS FOR MACHINERY
795.024,Alarm/safety system components,79,SYSTEMS FOR MACHINERY MAIN COMPONENTS,AUTOMATION SYSTEMS FOR MACHINERY
795.026,Remote reading instrument transmitters,79,SYSTEMS FOR MACHINERY MAIN COMPONENTS,AUTOMATION SYSTEMS FOR MACHINERY
795.028,Indicators,79,SYSTEMS FOR MACHINERY MAIN COMPONENTS,AUTOMATION SYSTEMS FOR MACHINERY
795.040,Aux. gas turbine automation equipment,79,SYSTEMS FOR MACHINERY MAIN COMPONENTS,AUTOMATION SYSTEMS FOR MACHINERY
795.042,Start/stop automation,79,SYSTEMS FOR MACHINERY MAIN COMPONENTS,AUTOMATION SYSTEMS FOR MACHINERY
795.044,Alarm/safety system components,79,SYSTEMS FOR MACHINERY MAIN COMPONENTS,AUTOMATION SYSTEMS FOR MACHINERY
795.046,Remote reading instrument transmitters,79,SYSTEMS FOR MACHINERY MAIN COMPONENTS,AUTOMATION SYSTEMS FOR MACHINERY
795.048,Indicators,79,SYSTEMS FOR MACHINERY MAIN COMPONENTS,AUTOMATION SYSTEMS FOR MACHINERY
795.060,Generator automation equipment,79,SYSTEMS FOR MACHINERY MAIN COMPONENTS,AUTOMATION SYSTEMS FOR MACHINERY
795.062,Synchronizing automation,79,SYSTEMS FOR MACHINERY MAIN COMPONENTS,AUTOMATION SYSTEMS FOR MACHINERY
795.064,Load sharing automation,79,SYSTEMS FOR MACHINERY MAIN COMPONENTS,AUTOMATION SYSTEMS FOR MACHINERY
795.066,Alarm/safety system components,79,SYSTEMS FOR MACHINERY MAIN COMPONENTS,AUTOMATION SYSTEMS FOR MACHINERY
795.068,Remote reading instrument transmitters,79,SYSTEMS FOR MACHINERY MAIN COMPONENTS,AUTOMATION SYSTEMS FOR MACHINERY
795.070,Indicators,79,SYSTEMS FOR MACHINERY MAIN COMPONENTS,AUTOMATION SYSTEMS FOR MACHINERY
796,AUTOMATION EQUIPMENT FOR NUCLEAR REACTOR PLANTS,79,SYSTEMS FOR MACHINERY MAIN COMPONENTS,AUTOMATION SYSTEMS FOR MACHINERY
797,AUTOMATION EQUIPMENT FOR OTHER MACHINERY COMPONENTS,79,SYSTEMS FOR MACHINERY MAIN COMPONENTS,AUTOMATION SYSTEMS FOR MACHINERY
797.001,FO system instruments,79,SYSTEMS FOR MACHINERY MAIN COMPONENTS,AUTOMATION SYSTEMS FOR MACHINERY
797.002,Regulators,79,SYSTEMS FOR MACHINERY MAIN COMPONENTS,AUTOMATION SYSTEMS FOR MACHINERY
797.003,Motor control/separator automation,79,SYSTEMS FOR MACHINERY MAIN COMPONENTS,AUTOMATION SYSTEMS FOR MACHINERY
797.005,Alarm/safety system components,79,SYSTEMS FOR MACHINERY MAIN COMPONENTS,AUTOMATION SYSTEMS FOR MACHINERY
797.006,Remote reading instrument transmitters,79,SYSTEMS FOR MACHINERY MAIN COMPONENTS,AUTOMATION SYSTEMS FOR MACHINERY
797.007,Indicators,79,SYSTEMS FOR MACHINERY MAIN COMPONENTS,AUTOMATION SYSTEMS FOR MACHINERY
797.010,LO system instruments,79,SYSTEMS FOR MACHINERY MAIN COMPONENTS,AUTOMATION SYSTEMS FOR MACHINERY
797.011,Regulators,79,SYSTEMS FOR MACHINERY MAIN COMPONENTS,AUTOMATION SYSTEMS FOR MACHINERY
797.012,Motor control/separator automation,79,SYSTEMS FOR MACHINERY MAIN COMPONENTS,AUTOMATION SYSTEMS FOR MACHINERY
797.014,Alarm/safety system components,79,SYSTEMS FOR MACHINERY MAIN COMPONENTS,AUTOMATION SYSTEMS FOR MACHINERY
797.015,Remote reading instrument transmitters,79,SYSTEMS FOR MACHINERY MAIN COMPONENTS,AUTOMATION SYSTEMS FOR MACHINERY
797.016,Indicators,79,SYSTEMS FOR MACHINERY MAIN COMPONENTS,AUTOMATION SYSTEMS FOR MACHINERY
797.020,Ballast/bilge system instruments,79,SYSTEMS FOR MACHINERY MAIN COMPONENTS,AUTOMATION SYSTEMS FOR MACHINERY
797.022,Motor control/separator automation,79,SYSTEMS FOR MACHINERY MAIN COMPONENTS,AUTOMATION SYSTEMS FOR MACHINERY
797.024,Alarm/safety system components,79,SYSTEMS FOR MACHINERY MAIN COMPONENTS,AUTOMATION SYSTEMS FOR MACHINERY
797.026,Remote reading instrument transmitters,79,SYSTEMS FOR MACHINERY MAIN COMPONENTS,AUTOMATION SYSTEMS FOR MACHINERY
797.028,Indicators,79,SYSTEMS FOR MACHINERY MAIN COMPONENTS,AUTOMATION SYSTEMS FOR MACHINERY
797.030,Exhaust gas system instruments,79,SYSTEMS FOR MACHINERY MAIN COMPONENTS,AUTOMATION SYSTEMS FOR MACHINERY
797.032,Regulators,79,SYSTEMS FOR MACHINERY MAIN COMPONENTS,AUTOMATION SYSTEMS FOR MACHINERY
797.034,Alarm/safety system components,79,SYSTEMS FOR MACHINERY MAIN COMPONENTS,AUTOMATION SYSTEMS FOR MACHINERY
797.036,Remote reading instrument transmitters,79,SYSTEMS FOR MACHINERY MAIN COMPONENTS,AUTOMATION SYSTEMS FOR MACHINERY
797.038,Indicators,79,SYSTEMS FOR MACHINERY MAIN COMPONENTS,AUTOMATION SYSTEMS FOR MACHINERY
797.040,Compressed air system instruments,79,SYSTEMS FOR MACHINERY MAIN COMPONENTS,AUTOMATION SYSTEMS FOR MACHINERY
797.041,Regulators,79,SYSTEMS FOR MACHINERY MAIN COMPONENTS,AUTOMATION SYSTEMS FOR MACHINERY
797.042,Motor control automation,79,SYSTEMS FOR MACHINERY MAIN COMPONENTS,AUTOMATION SYSTEMS FOR MACHINERY
797.044,Alarm/safety system components,79,SYSTEMS FOR MACHINERY MAIN COMPONENTS,AUTOMATION SYSTEMS FOR MACHINERY
797.045,Remote reading instrument transmitters,79,SYSTEMS FOR MACHINERY MAIN COMPONENTS,AUTOMATION SYSTEMS FOR MACHINERY
797.046,Indicators,79,SYSTEMS FOR MACHINERY MAIN COMPONENTS,AUTOMATION SYSTEMS FOR MACHINERY
797.050,Cooling water system instruments,79,SYSTEMS FOR MACHINERY MAIN COMPONENTS,AUTOMATION SYSTEMS FOR MACHINERY
797.051,Regulators,79,SYSTEMS FOR MACHINERY MAIN COMPONENTS,AUTOMATION SYSTEMS FOR MACHINERY
797.052,Motor control automation,79,SYSTEMS FOR MACHINERY MAIN COMPONENTS,AUTOMATION SYSTEMS FOR MACHINERY
797.054,Alarm/safety system components,79,SYSTEMS FOR MACHINERY MAIN COMPONENTS,AUTOMATION SYSTEMS FOR MACHINERY
797.055,Remote reading instrument transmitters,79,SYSTEMS FOR MACHINERY MAIN COMPONENTS,AUTOMATION SYSTEMS FOR MACHINERY
797.056,Indicators,79,SYSTEMS FOR MACHINERY MAIN COMPONENTS,AUTOMATION SYSTEMS FOR MACHINERY
797.060,Feed water/condensate system instruments,79,SYSTEMS FOR MACHINERY MAIN COMPONENTS,AUTOMATION SYSTEMS FOR MACHINERY
797.061,Regulators,79,SYSTEMS FOR MACHINERY MAIN COMPONENTS,AUTOMATION SYSTEMS FOR MACHINERY
797.062,Motor control automation,79,SYSTEMS FOR MACHINERY MAIN COMPONENTS,AUTOMATION SYSTEMS FOR MACHINERY
797.064,Alarm/safety system components,79,SYSTEMS FOR MACHINERY MAIN COMPONENTS,AUTOMATION SYSTEMS FOR MACHINERY
797.065,Remote reading instrument transmitters,79,SYSTEMS FOR MACHINERY MAIN COMPONENTS,AUTOMATION SYSTEMS FOR MACHINERY
797.066,Indicators,79,SYSTEMS FOR MACHINERY MAIN COMPONENTS,AUTOMATION SYSTEMS FOR MACHINERY
797.070,Steam system instruments,79,SYSTEMS FOR MACHINERY MAIN COMPONENTS,AUTOMATION SYSTEMS FOR MACHINERY
797.071,Regulators,79,SYSTEMS FOR MACHINERY MAIN COMPONENTS,AUTOMATION SYSTEMS FOR MACHINERY
797.072,Motor control automation,79,SYSTEMS FOR MACHINERY MAIN COMPONENTS,AUTOMATION SYSTEMS FOR MACHINERY
797.074,Alarm/safety system components,79,SYSTEMS FOR MACHINERY MAIN COMPONENTS,AUTOMATION SYSTEMS FOR MACHINERY
797.075,Remote reading instrument transmitters,79,SYSTEMS FOR MACHINERY MAIN COMPONENTS,AUTOMATION SYSTEMS FOR MACHINERY
797.076,Indicators,79,SYSTEMS FOR MACHINERY MAIN COMPONENTS,"BALLAST & BILGE SYSTEMS, GUTTER PIPES OUTSIDE ACCOMMOD."
798,CABLES/LEADS & PIPING FOR AUTOMATION SYSTEMS FOR MACHINERY,80,SHIP COMMON SYSTEMS,"BALLAST & BILGE SYSTEMS, GUTTER PIPES OUTSIDE ACCOMMOD."
801,"BALLAST SYSTEMS, SOLID BALLAST",80,SHIP COMMON SYSTEMS,"BALLAST & BILGE SYSTEMS, GUTTER PIPES OUTSIDE ACCOMMOD."
801.001,Clean ballast pumps,80,SHIP COMMON SYSTEMS,"BALLAST & BILGE SYSTEMS, GUTTER PIPES OUTSIDE ACCOMMOD."
801.003,Dirty ballast pumps,80,SHIP COMMON SYSTEMS,"BALLAST & BILGE SYSTEMS, GUTTER PIPES OUTSIDE ACCOMMOD."
801.005,Ballast ejectors,80,SHIP COMMON SYSTEMS,"BALLAST & BILGE SYSTEMS, GUTTER PIPES OUTSIDE ACCOMMOD."
801.007,Bilge/ballast pumps,80,SHIP COMMON SYSTEMS,"BALLAST & BILGE SYSTEMS, GUTTER PIPES OUTSIDE ACCOMMOD."
801.010,Ballast self suction ejectors,80,SHIP COMMON SYSTEMS,"BALLAST & BILGE SYSTEMS, GUTTER PIPES OUTSIDE ACCOMMOD."
801.015,Ballast water filters,80,SHIP COMMON SYSTEMS,"BALLAST & BILGE SYSTEMS, GUTTER PIPES OUTSIDE ACCOMMOD."
801.018,Ballast water separators,80,SHIP COMMON SYSTEMS,"BALLAST & BILGE SYSTEMS, GUTTER PIPES OUTSIDE ACCOMMOD."
801.020,Ballast sludge pumps,80,SHIP COMMON SYSTEMS,"BALLAST & BILGE SYSTEMS, GUTTER PIPES OUTSIDE ACCOMMOD."
801.022,Ballast sludge ejectors,80,SHIP COMMON SYSTEMS,"BALLAST & BILGE SYSTEMS, GUTTER PIPES OUTSIDE ACCOMMOD."
801.024,Ballast sludge tanks,80,SHIP COMMON SYSTEMS,"BALLAST & BILGE SYSTEMS, GUTTER PIPES OUTSIDE ACCOMMOD."
801.045,Separate hydr. oil systems,80,SHIP COMMON SYSTEMS,"BALLAST & BILGE SYSTEMS, GUTTER PIPES OUTSIDE ACCOMMOD."
801.047,Hydr. oil pumps w/drive unit,80,SHIP COMMON SYSTEMS,"BALLAST & BILGE SYSTEMS, GUTTER PIPES OUTSIDE ACCOMMOD."
801.049,Hydr. oil preheaters,80,SHIP COMMON SYSTEMS,"BALLAST & BILGE SYSTEMS, GUTTER PIPES OUTSIDE ACCOMMOD."
801.051,Hydr. oil coolers,80,SHIP COMMON SYSTEMS,"BALLAST & BILGE SYSTEMS, GUTTER PIPES OUTSIDE ACCOMMOD."
801.053,Hydr. oil filters,80,SHIP COMMON SYSTEMS,"BALLAST & BILGE SYSTEMS, GUTTER PIPES OUTSIDE ACCOMMOD."
801.055,Hydr. oil expansion tanks,80,SHIP COMMON SYSTEMS,"BALLAST & BILGE SYSTEMS, GUTTER PIPES OUTSIDE ACCOMMOD."
801.057,Hydr. oil storage tanks,80,SHIP COMMON SYSTEMS,"BALLAST & BILGE SYSTEMS, GUTTER PIPES OUTSIDE ACCOMMOD."
801.060,Solid ballast,80,SHIP COMMON SYSTEMS,"BALLAST & BILGE SYSTEMS, GUTTER PIPES OUTSIDE ACCOMMOD."
802,HEATING COILS IN BALLAST TANKS,80,SHIP COMMON SYSTEMS,"BALLAST & BILGE SYSTEMS, GUTTER PIPES OUTSIDE ACCOMMOD."
802.001,Heating coils,80,SHIP COMMON SYSTEMS,"BALLAST & BILGE SYSTEMS, GUTTER PIPES OUTSIDE ACCOMMOD."
803,BILGE SYSTEMS,80,SHIP COMMON SYSTEMS,"BALLAST & BILGE SYSTEMS, GUTTER PIPES OUTSIDE ACCOMMOD."
803.001,Bilge pumps,80,SHIP COMMON SYSTEMS,"BALLAST & BILGE SYSTEMS, GUTTER PIPES OUTSIDE ACCOMMOD."
803.005,Bilge ejectors,80,SHIP COMMON SYSTEMS,"BALLAST & BILGE SYSTEMS, GUTTER PIPES OUTSIDE ACCOMMOD."
803.007,Bilge wells,80,SHIP COMMON SYSTEMS,"BALLAST & BILGE SYSTEMS, GUTTER PIPES OUTSIDE ACCOMMOD."
803.009,Changeover wells,80,SHIP COMMON SYSTEMS,"BALLAST & BILGE SYSTEMS, GUTTER PIPES OUTSIDE ACCOMMOD."
803.010,Emergency bilge pumps,80,SHIP COMMON SYSTEMS,"BALLAST & BILGE SYSTEMS, GUTTER PIPES OUTSIDE ACCOMMOD."
803.012,Bilge Self suction ejectors,80,SHIP COMMON SYSTEMS,"BALLAST & BILGE SYSTEMS, GUTTER PIPES OUTSIDE ACCOMMOD."
803.020,Bilge water filters,80,SHIP COMMON SYSTEMS,"BALLAST & BILGE SYSTEMS, GUTTER PIPES OUTSIDE ACCOMMOD."
803.025,Bilge water separators,80,SHIP COMMON SYSTEMS,"BALLAST & BILGE SYSTEMS, GUTTER PIPES OUTSIDE ACCOMMOD."
803.027,Bilge sludge pumps,80,SHIP COMMON SYSTEMS,"BALLAST & BILGE SYSTEMS, GUTTER PIPES OUTSIDE ACCOMMOD."
803.029,Bilge sludge ejectors,80,SHIP COMMON SYSTEMS,"BALLAST & BILGE SYSTEMS, GUTTER PIPES OUTSIDE ACCOMMOD."
803.031,Bilge sludge tanks,80,SHIP COMMON SYSTEMS,"BALLAST & BILGE SYSTEMS, GUTTER PIPES OUTSIDE ACCOMMOD."
804,GUTTER PIPES OUTSIDE ACCOMMODATION,80,SHIP COMMON SYSTEMS,"BALLAST & BILGE SYSTEMS, GUTTER PIPES OUTSIDE ACCOMMOD."
804.001,Gutter pipe drain tanks,80,SHIP COMMON SYSTEMS,"FIRE & LIFEBOAT ALARM, FIRE FIGHTING & WASH DOWN SYSTEMS"
804.005,Gutter pipe filters,81,SHIP COMMON SYSTEMS,"FIRE & LIFEBOAT ALARM, FIRE FIGHTING & WASH DOWN SYSTEMS"
811,"FIRE DETECTION, FIRE & LIFEBOAT ALARM SYSTEMS",81,SHIP COMMON SYSTEMS,"FIRE & LIFEBOAT ALARM, FIRE FIGHTING & WASH DOWN SYSTEMS"
811.001,Fire/lifeboat alarm plant,81,SHIP COMMON SYSTEMS,"FIRE & LIFEBOAT ALARM, FIRE FIGHTING & WASH DOWN SYSTEMS"
811.003,Fire alarm centrals,81,SHIP COMMON SYSTEMS,"FIRE & LIFEBOAT ALARM, FIRE FIGHTING & WASH DOWN SYSTEMS"
811.005,Smoke detectors,81,SHIP COMMON SYSTEMS,"FIRE & LIFEBOAT ALARM, FIRE FIGHTING & WASH DOWN SYSTEMS"
811.007,Heat detectors,81,SHIP COMMON SYSTEMS,"FIRE & LIFEBOAT ALARM, FIRE FIGHTING & WASH DOWN SYSTEMS"
811.008,Flame detectors,81,SHIP COMMON SYSTEMS,"FIRE & LIFEBOAT ALARM, FIRE FIGHTING & WASH DOWN SYSTEMS"
811.009,Alarm push-buttons,81,SHIP COMMON SYSTEMS,"FIRE & LIFEBOAT ALARM, FIRE FIGHTING & WASH DOWN SYSTEMS"
811.011,Alarm bells,81,SHIP COMMON SYSTEMS,"FIRE & LIFEBOAT ALARM, FIRE FIGHTING & WASH DOWN SYSTEMS"
811.013,Alarm lamps,81,SHIP COMMON SYSTEMS,"FIRE & LIFEBOAT ALARM, FIRE FIGHTING & WASH DOWN SYSTEMS"
811.015,Batteries,81,SHIP COMMON SYSTEMS,"FIRE & LIFEBOAT ALARM, FIRE FIGHTING & WASH DOWN SYSTEMS"
811.017,Charging rectifiers,81,SHIP COMMON SYSTEMS,"FIRE & LIFEBOAT ALARM, FIRE FIGHTING & WASH DOWN SYSTEMS"
811.020,Magnetic door holders,81,SHIP COMMON SYSTEMS,"FIRE & LIFEBOAT ALARM, FIRE FIGHTING & WASH DOWN SYSTEMS"
812,EMERGENCY SHUTDOWN SYSTEM,81,SHIP COMMON SYSTEMS,"FIRE & LIFEBOAT ALARM, FIRE FIGHTING & WASH DOWN SYSTEMS"
813,"FIRE/WASH DOWN SYST., EMERGENCY FIRE PUMPS, SPRINKLER SYST.",81,SHIP COMMON SYSTEMS,"FIRE & LIFEBOAT ALARM, FIRE FIGHTING & WASH DOWN SYSTEMS"
813.001,Fire pumps,81,SHIP COMMON SYSTEMS,"FIRE & LIFEBOAT ALARM, FIRE FIGHTING & WASH DOWN SYSTEMS"
813.003,Fire/wash down pumps,81,SHIP COMMON SYSTEMS,"FIRE & LIFEBOAT ALARM, FIRE FIGHTING & WASH DOWN SYSTEMS"
813.005,Swimmingpool pumps,81,SHIP COMMON SYSTEMS,"FIRE & LIFEBOAT ALARM, FIRE FIGHTING & WASH DOWN SYSTEMS"
813.007,General service pumps,81,SHIP COMMON SYSTEMS,"FIRE & LIFEBOAT ALARM, FIRE FIGHTING & WASH DOWN SYSTEMS"
813.009,Pressure tanks,81,SHIP COMMON SYSTEMS,"FIRE & LIFEBOAT ALARM, FIRE FIGHTING & WASH DOWN SYSTEMS"
813.011,Fire hoses,81,SHIP COMMON SYSTEMS,"FIRE & LIFEBOAT ALARM, FIRE FIGHTING & WASH DOWN SYSTEMS"
813.013,Fire hose lockers,81,SHIP COMMON SYSTEMS,"FIRE & LIFEBOAT ALARM, FIRE FIGHTING & WASH DOWN SYSTEMS"
813.015,Hose drums,81,SHIP COMMON SYSTEMS,"FIRE & LIFEBOAT ALARM, FIRE FIGHTING & WASH DOWN SYSTEMS"
813.020,Sprinkler nozzles,81,SHIP COMMON SYSTEMS,"FIRE & LIFEBOAT ALARM, FIRE FIGHTING & WASH DOWN SYSTEMS"
813.030,Emergency fire pump aggregates,81,SHIP COMMON SYSTEMS,"FIRE & LIFEBOAT ALARM, FIRE FIGHTING & WASH DOWN SYSTEMS"
813.031,Emergency fire pumps w/drive unit,81,SHIP COMMON SYSTEMS,"FIRE & LIFEBOAT ALARM, FIRE FIGHTING & WASH DOWN SYSTEMS"
813.033,Emergency fire pump silencers/spark arresters,81,SHIP COMMON SYSTEMS,"FIRE & LIFEBOAT ALARM, FIRE FIGHTING & WASH DOWN SYSTEMS"
813.035,Emergency fire pump fuel pumps,81,SHIP COMMON SYSTEMS,"FIRE & LIFEBOAT ALARM, FIRE FIGHTING & WASH DOWN SYSTEMS"
813.037,Emergency fire pump fuel tanks,81,SHIP COMMON SYSTEMS,"FIRE & LIFEBOAT ALARM, FIRE FIGHTING & WASH DOWN SYSTEMS"
813.039,Emergency fire pump fuel filters,81,SHIP COMMON SYSTEMS,"FIRE & LIFEBOAT ALARM, FIRE FIGHTING & WASH DOWN SYSTEMS"
813.041,Emergency fire pump LO pumps,81,SHIP COMMON SYSTEMS,"FIRE & LIFEBOAT ALARM, FIRE FIGHTING & WASH DOWN SYSTEMS"
813.043,Emergency fire pump LO filters,81,SHIP COMMON SYSTEMS,"FIRE & LIFEBOAT ALARM, FIRE FIGHTING & WASH DOWN SYSTEMS"
813.045,Emergency fire pump cooling water pumps,81,SHIP COMMON SYSTEMS,"FIRE & LIFEBOAT ALARM, FIRE FIGHTING & WASH DOWN SYSTEMS"
813.047,Emergency fire pump starting batteries,81,SHIP COMMON SYSTEMS,"FIRE & LIFEBOAT ALARM, FIRE FIGHTING & WASH DOWN SYSTEMS"
813.051,Charging rectifiers,81,SHIP COMMON SYSTEMS,"FIRE & LIFEBOAT ALARM, FIRE FIGHTING & WASH DOWN SYSTEMS"
813.053,Hydr. oil pumps w/drive unit,81,SHIP COMMON SYSTEMS,"FIRE & LIFEBOAT ALARM, FIRE FIGHTING & WASH DOWN SYSTEMS"
813.055,Hydr. oil preheaters,81,SHIP COMMON SYSTEMS,"FIRE & LIFEBOAT ALARM, FIRE FIGHTING & WASH DOWN SYSTEMS"
813.057,Hydr. oil filters,81,SHIP COMMON SYSTEMS,"FIRE & LIFEBOAT ALARM, FIRE FIGHTING & WASH DOWN SYSTEMS"
813.059,Hydr. oil expansion tanks,81,SHIP COMMON SYSTEMS,"FIRE & LIFEBOAT ALARM, FIRE FIGHTING & WASH DOWN SYSTEMS"
813.061,Hydr. oil storage tanks,81,SHIP COMMON SYSTEMS,"FIRE & LIFEBOAT ALARM, FIRE FIGHTING & WASH DOWN SYSTEMS"
813.070,ABC wash down systems,81,SHIP COMMON SYSTEMS,"FIRE & LIFEBOAT ALARM, FIRE FIGHTING & WASH DOWN SYSTEMS"
814,FIRE FIGHTING SYSTEMS FOR EXTERNAL FIRES,81,SHIP COMMON SYSTEMS,"FIRE & LIFEBOAT ALARM, FIRE FIGHTING & WASH DOWN SYSTEMS"
814.001,Fire pumps w/drive unit,81,SHIP COMMON SYSTEMS,"FIRE & LIFEBOAT ALARM, FIRE FIGHTING & WASH DOWN SYSTEMS"
814.005,Water cannons,81,SHIP COMMON SYSTEMS,"FIRE & LIFEBOAT ALARM, FIRE FIGHTING & WASH DOWN SYSTEMS"
814.010,Platform,81,SHIP COMMON SYSTEMS,"FIRE & LIFEBOAT ALARM, FIRE FIGHTING & WASH DOWN SYSTEMS"
815,"FIRE FIGHTING SYSTEMS W/GAS (CO2, HALON, ETC)",81,SHIP COMMON SYSTEMS,"FIRE & LIFEBOAT ALARM, FIRE FIGHTING & WASH DOWN SYSTEMS"
815.001,HP CO2 plants,81,SHIP COMMON SYSTEMS,"FIRE & LIFEBOAT ALARM, FIRE FIGHTING & WASH DOWN SYSTEMS"
815.003,Flask batteries,81,SHIP COMMON SYSTEMS,"FIRE & LIFEBOAT ALARM, FIRE FIGHTING & WASH DOWN SYSTEMS"
815.005,CO2 release lockers,81,SHIP COMMON SYSTEMS,"FIRE & LIFEBOAT ALARM, FIRE FIGHTING & WASH DOWN SYSTEMS"
815.007,CO2 alarms,81,SHIP COMMON SYSTEMS,"FIRE & LIFEBOAT ALARM, FIRE FIGHTING & WASH DOWN SYSTEMS"
815.009,Suction fans,81,SHIP COMMON SYSTEMS,"FIRE & LIFEBOAT ALARM, FIRE FIGHTING & WASH DOWN SYSTEMS"
815.011,Smoke detectors,81,SHIP COMMON SYSTEMS,"FIRE & LIFEBOAT ALARM, FIRE FIGHTING & WASH DOWN SYSTEMS"
815.020,LP CO2 plants,81,SHIP COMMON SYSTEMS,"FIRE & LIFEBOAT ALARM, FIRE FIGHTING & WASH DOWN SYSTEMS"
815.022,CO2 tanks,81,SHIP COMMON SYSTEMS,"FIRE & LIFEBOAT ALARM, FIRE FIGHTING & WASH DOWN SYSTEMS"
815.024,CO2 tank cooling plants,81,SHIP COMMON SYSTEMS,"FIRE & LIFEBOAT ALARM, FIRE FIGHTING & WASH DOWN SYSTEMS"
815.026,CO2 release lockers,81,SHIP COMMON SYSTEMS,"FIRE & LIFEBOAT ALARM, FIRE FIGHTING & WASH DOWN SYSTEMS"
815.028,CO2 alarms,81,SHIP COMMON SYSTEMS,"FIRE & LIFEBOAT ALARM, FIRE FIGHTING & WASH DOWN SYSTEMS"
815.030,Suction fans,81,SHIP COMMON SYSTEMS,"FIRE & LIFEBOAT ALARM, FIRE FIGHTING & WASH DOWN SYSTEMS"
815.032,Smoke detectors,81,SHIP COMMON SYSTEMS,"FIRE & LIFEBOAT ALARM, FIRE FIGHTING & WASH DOWN SYSTEMS"
815.040,Halon plants,81,SHIP COMMON SYSTEMS,"FIRE & LIFEBOAT ALARM, FIRE FIGHTING & WASH DOWN SYSTEMS"
815.042,Halon containers,81,SHIP COMMON SYSTEMS,"FIRE & LIFEBOAT ALARM, FIRE FIGHTING & WASH DOWN SYSTEMS"
815.044,Propellant gas flasks,81,SHIP COMMON SYSTEMS,"FIRE & LIFEBOAT ALARM, FIRE FIGHTING & WASH DOWN SYSTEMS"
815.046,Halon release lockers,81,SHIP COMMON SYSTEMS,"FIRE & LIFEBOAT ALARM, FIRE FIGHTING & WASH DOWN SYSTEMS"
815.048,Suction fans,81,SHIP COMMON SYSTEMS,"FIRE & LIFEBOAT ALARM, FIRE FIGHTING & WASH DOWN SYSTEMS"
815.050,Smoke detectors,81,SHIP COMMON SYSTEMS,"FIRE & LIFEBOAT ALARM, FIRE FIGHTING & WASH DOWN SYSTEMS"
816,FIRE FIGHTING SYSTEMS W/FOAM,81,SHIP COMMON SYSTEMS,"FIRE & LIFEBOAT ALARM, FIRE FIGHTING & WASH DOWN SYSTEMS"
816.001,Light foam plants,81,SHIP COMMON SYSTEMS,"FIRE & LIFEBOAT ALARM, FIRE FIGHTING & WASH DOWN SYSTEMS"
816.003,Foam tanks,81,SHIP COMMON SYSTEMS,"FIRE & LIFEBOAT ALARM, FIRE FIGHTING & WASH DOWN SYSTEMS"
816.005,Water tanks,81,SHIP COMMON SYSTEMS,"FIRE & LIFEBOAT ALARM, FIRE FIGHTING & WASH DOWN SYSTEMS"
816.007,Foam aggregate,81,SHIP COMMON SYSTEMS,"FIRE & LIFEBOAT ALARM, FIRE FIGHTING & WASH DOWN SYSTEMS"
816.009,Foam fans,81,SHIP COMMON SYSTEMS,"FIRE & LIFEBOAT ALARM, FIRE FIGHTING & WASH DOWN SYSTEMS"
816.011,Light foam release lockers,81,SHIP COMMON SYSTEMS,"FIRE & LIFEBOAT ALARM, FIRE FIGHTING & WASH DOWN SYSTEMS"
816.020,Heavy foam plants,81,SHIP COMMON SYSTEMS,"FIRE & LIFEBOAT ALARM, FIRE FIGHTING & WASH DOWN SYSTEMS"
816.022,Foam liquid tanks,81,SHIP COMMON SYSTEMS,"FIRE & LIFEBOAT ALARM, FIRE FIGHTING & WASH DOWN SYSTEMS"
816.024,Foam liquid pumps,81,SHIP COMMON SYSTEMS,"FIRE & LIFEBOAT ALARM, FIRE FIGHTING & WASH DOWN SYSTEMS"
816.026,Liquid mixers,81,SHIP COMMON SYSTEMS,"FIRE & LIFEBOAT ALARM, FIRE FIGHTING & WASH DOWN SYSTEMS"
816.028,Foam cannons,81,SHIP COMMON SYSTEMS,"FIRE & LIFEBOAT ALARM, FIRE FIGHTING & WASH DOWN SYSTEMS"
816.030,Heavy foam release lockers,81,SHIP COMMON SYSTEMS,"FIRE & LIFEBOAT ALARM, FIRE FIGHTING & WASH DOWN SYSTEMS"
817,FIRE FIGHTING SYSTEMS W/STEAM,81,SHIP COMMON SYSTEMS,"FIRE & LIFEBOAT ALARM, FIRE FIGHTING & WASH DOWN SYSTEMS"
818,FIRE FIGHTING SYSTEMS W/POWDER,81,SHIP COMMON SYSTEMS,"FIRE & LIFEBOAT ALARM, FIRE FIGHTING & WASH DOWN SYSTEMS"
818.001,Powder plants,81,SHIP COMMON SYSTEMS,"FIRE & LIFEBOAT ALARM, FIRE FIGHTING & WASH DOWN SYSTEMS"
818.003,Powder containers,81,SHIP COMMON SYSTEMS,"FIRE & LIFEBOAT ALARM, FIRE FIGHTING & WASH DOWN SYSTEMS"
818.005,Propellant gas tanks,81,SHIP COMMON SYSTEMS,"FIRE & LIFEBOAT ALARM, FIRE FIGHTING & WASH DOWN SYSTEMS"
818.007,Hose stands,81,SHIP COMMON SYSTEMS,"FIRE & LIFEBOAT ALARM, FIRE FIGHTING & WASH DOWN SYSTEMS"
818.009,Powder release lockers,81,SHIP COMMON SYSTEMS,AIR & SOUNDING SYSTEMS FROM TANKS TO DECK
819,FIRE FIGHTING SYSTEMS W/OTHER AGENTS,82,SHIP COMMON SYSTEMS,SPECIAL COMMON HYDRAULIC OIL SYSTEMS
821,AIR & SOUNDING SYSTEMS FROM TANKS TO DECK,83,SHIP COMMON SYSTEMS,SPECIAL COMMON HYDRAULIC OIL SYSTEMS
831,SPECIAL COMMON HYDRAULIC OIL SYSTEMS,83,SHIP COMMON SYSTEMS,SPECIAL COMMON HYDRAULIC OIL SYSTEMS
831.001,Common hydr. oil systems,83,SHIP COMMON SYSTEMS,SPECIAL COMMON HYDRAULIC OIL SYSTEMS
831.003,Hydr. oil pumps w/drive unit,83,SHIP COMMON SYSTEMS,SPECIAL COMMON HYDRAULIC OIL SYSTEMS
831.007,Hydr. oil preheaters,83,SHIP COMMON SYSTEMS,SPECIAL COMMON HYDRAULIC OIL SYSTEMS
831.011,Hydr. oil coolers,83,SHIP COMMON SYSTEMS,SPECIAL COMMON HYDRAULIC OIL SYSTEMS
831.015,Hydr. oil filters,83,SHIP COMMON SYSTEMS,SPECIAL COMMON HYDRAULIC OIL SYSTEMS
831.019,Hydr. oil expansion tanks,83,SHIP COMMON SYSTEMS,SPECIAL COMMON HYDRAULIC OIL SYSTEMS
831.021,Hydr. oil storage tanks,83,SHIP COMMON SYSTEMS,CENTRAL HEAT TRANSFER SYSTEMS W/CHEMICAL FLUIDS/OIL
831.025,Hydr. oil separator plants,84,SHIP COMMON SYSTEMS,CENTRAL HEAT TRANSFER SYSTEMS W/CHEMICAL FLUIDS/OIL
841,HEATING OIL TREATMENT SYSTEMS,84,SHIP COMMON SYSTEMS,CENTRAL HEAT TRANSFER SYSTEMS W/CHEMICAL FLUIDS/OIL
842,HEATING OIL DISTRIBUTION SYSTEMS FOR ENGINE ROOM,84,SHIP COMMON SYSTEMS,COMMON ELECTRIC & ELECTRONIC SYSTEMS
843,HEATING OIL DISTRIBUTION SYSTEMS OUTSIDE ENGINE ROOM,85,SHIP COMMON SYSTEMS,ELECTRIC POWER SUPPLY
855,COMMON COMPUTER SYSTEMS,86,SHIP COMMON SYSTEMS,ELECTRIC POWER SUPPLY
861,(GENERATORS/ALTERNATORS),86,SHIP COMMON SYSTEMS,ELECTRIC POWER SUPPLY
861.001,AC generators,86,SHIP COMMON SYSTEMS,ELECTRIC POWER SUPPLY
861.010,DC generators,86,SHIP COMMON SYSTEMS,ELECTRIC POWER SUPPLY
865,TRANSFORMERS,86,SHIP COMMON SYSTEMS,ELECTRIC POWER SUPPLY
865.001,Transformers,86,SHIP COMMON SYSTEMS,ELECTRIC POWER SUPPLY
866,BATTERIES & CHARGERS,86,SHIP COMMON SYSTEMS,ELECTRIC POWER SUPPLY
866.001,Batteries,86,SHIP COMMON SYSTEMS,ELECTRIC POWER SUPPLY
866.030,Spare batteries,86,SHIP COMMON SYSTEMS,ELECTRIC POWER SUPPLY
866.050,Battery boxes,86,SHIP COMMON SYSTEMS,ELECTRIC POWER SUPPLY
866.060,Battery chargers,86,SHIP COMMON SYSTEMS,ELECTRIC POWER SUPPLY
867,RECTIFIERS & CONVERTERS,86,SHIP COMMON SYSTEMS,ELECTRIC POWER SUPPLY
867.001,Rectifiers,86,SHIP COMMON SYSTEMS,ELECTRIC POWER SUPPLY
867.010,Charging rectifiers,86,SHIP COMMON SYSTEMS,ELECTRIC POWER SUPPLY
867.020,Alternating rectifiers,86,SHIP COMMON SYSTEMS,ELECTRIC POWER SUPPLY
867.040,Converters,86,SHIP COMMON SYSTEMS,ELECTRIC POWER SUPPLY
867.050,Static converters,86,SHIP COMMON SYSTEMS,ELECTRIC POWER SUPPLY
867.060,Voltage stabilizers,86,SHIP COMMON SYSTEMS,ELECTRIC POWER SUPPLY
868,ELECTRIC SHORE SUPPLY SYSTEMS,86,SHIP COMMON SYSTEMS,COMMON ELECTRIC DISTRIBUTION SYSTEMS
868.001,Shore connections,87,SHIP COMMON SYSTEMS,COMMON ELECTRIC DISTRIBUTION SYSTEMS
871,MAIN SWITCHBOARDS,87,SHIP COMMON SYSTEMS,COMMON ELECTRIC DISTRIBUTION SYSTEMS
871.001,Main switchboards,87,SHIP COMMON SYSTEMS,COMMON ELECTRIC DISTRIBUTION SYSTEMS
871.005,DC switchboards,87,SHIP COMMON SYSTEMS,COMMON ELECTRIC DISTRIBUTION SYSTEMS
871.010,High voltage switchboards,87,SHIP COMMON SYSTEMS,COMMON ELECTRIC DISTRIBUTION SYSTEMS
872,EMERGENCY SWITCHBOARDS,87,SHIP COMMON SYSTEMS,COMMON ELECTRIC DISTRIBUTION SYSTEMS
872.001,Aux. switchboards,87,SHIP COMMON SYSTEMS,COMMON ELECTRIC DISTRIBUTION SYSTEMS
872.005,DC switchboards,87,SHIP COMMON SYSTEMS,COMMON ELECTRIC DISTRIBUTION SYSTEMS
872.010,High voltage switchboards,87,SHIP COMMON SYSTEMS,COMMON ELECTRIC DISTRIBUTION SYSTEMS
872.020,Distribution switchboards,87,SHIP COMMON SYSTEMS,COMMON ELECTRIC DISTRIBUTION SYSTEMS
872.030,Emergency switchboards,87,SHIP COMMON SYSTEMS,COMMON ELECTRIC DISTRIBUTION SYSTEMS
872.035,Clean power switchboards,87,SHIP COMMON SYSTEMS,COMMON ELECTRIC DISTRIBUTION SYSTEMS
873,GROUP STARTERS,87,SHIP COMMON SYSTEMS,COMMON ELECTRIC DISTRIBUTION SYSTEMS
873.001,Starter centrals,87,SHIP COMMON SYSTEMS,COMMON ELECTRIC DISTRIBUTION SYSTEMS
873.005,Motor starters,87,SHIP COMMON SYSTEMS,COMMON ELECTRIC DISTRIBUTION SYSTEMS
873.020,Motor protection relays,87,SHIP COMMON SYSTEMS,COMMON ELECTRIC DISTRIBUTION SYSTEMS
874,LOCAL STARTERS,87,SHIP COMMON SYSTEMS,COMMON ELECTRIC DISTRIBUTION SYSTEMS
874.005,Motor starters,87,SHIP COMMON SYSTEMS,COMMON ELECTRIC DISTRIBUTION SYSTEMS
874.020,Motor protection relays,87,SHIP COMMON SYSTEMS,COMMON ELECTRIC DISTRIBUTION SYSTEMS
875,DISTRIBUTION PANELS & BOARDS,87,SHIP COMMON SYSTEMS,COMMON ELECTRIC DISTRIBUTION SYSTEMS
875.001,Fuse lockers,87,SHIP COMMON SYSTEMS,ELECTRIC CABLE INSTALLATION
875.010,Distribution panels,88,SHIP COMMON SYSTEMS,ELECTRIC CABLE INSTALLATION
881,CABLE TRAYS & INSTALLATION IN ENGINE & BOILER ROOMS,88,SHIP COMMON SYSTEMS,ELECTRIC CABLE INSTALLATION
881.001,Cable trays/fittings,88,SHIP COMMON SYSTEMS,ELECTRIC CABLE INSTALLATION
881.005,RM rails,88,SHIP COMMON SYSTEMS,ELECTRIC CABLE INSTALLATION
881.020,Two phase earthed cables,88,SHIP COMMON SYSTEMS,ELECTRIC CABLE INSTALLATION
881.030,Two phase unearthed cables,88,SHIP COMMON SYSTEMS,ELECTRIC CABLE INSTALLATION
881.040,Three phase cables,88,SHIP COMMON SYSTEMS,ELECTRIC CABLE INSTALLATION
882,CABLE TRAYS W/INSTALLATION IN ACCOMMODATION,88,SHIP COMMON SYSTEMS,ELECTRIC CABLE INSTALLATION
882.001,Cable trays/fittings,88,SHIP COMMON SYSTEMS,ELECTRIC CABLE INSTALLATION
882.005,RM rails,88,SHIP COMMON SYSTEMS,ELECTRIC CABLE INSTALLATION
882.030,Two phase unearthed cables,88,SHIP COMMON SYSTEMS,ELECTRIC CABLE INSTALLATION
882.040,Three phase cables,88,SHIP COMMON SYSTEMS,ELECTRIC CABLE INSTALLATION
883,CABLE TRAYS & INSTALLATION ON DECK & IN CARGO HOLDS,88,SHIP COMMON SYSTEMS,ELECTRIC CABLE INSTALLATION
883.001,Cable trays/fittings,88,SHIP COMMON SYSTEMS,ELECTRIC CABLE INSTALLATION
883.005,RM rails,88,SHIP COMMON SYSTEMS,ELECTRIC CABLE INSTALLATION
883.020,Two phase earthed cables,88,SHIP COMMON SYSTEMS,ELECTRIC CABLE INSTALLATION
883.030,Two phase unearthed cables,88,SHIP COMMON SYSTEMS,ELECTRIC CABLE INSTALLATION
883.040,Three phase cables,88,SHIP COMMON SYSTEMS,ELECTRIC CABLE INSTALLATION
886,SPECIAL CABLES,88,SHIP COMMON SYSTEMS,ELECTRIC CABLE INSTALLATION
886.001,Coaxial cables,88,SHIP COMMON SYSTEMS,ELECTRIC CABLE INSTALLATION
886.005,Wide band cables,88,SHIP COMMON SYSTEMS,ELECTRIC CABLE INSTALLATION
886.010,Interference protected cables,88,SHIP COMMON SYSTEMS,ELECTRIC CABLE INSTALLATION
886.015,Fibre optic cables,88,SHIP COMMON SYSTEMS,ELECTRIC CONSUMER SYSTEMS
886.020,De-gaussing cables,89,SHIP COMMON SYSTEMS,ELECTRIC CONSUMER SYSTEMS
891,ELECTRIC LIGHTING SYSTEMS FOR ENGINE & BOILER ROOM,89,SHIP COMMON SYSTEMS,ELECTRIC CONSUMER SYSTEMS
891.001,Light fittings,89,SHIP COMMON SYSTEMS,ELECTRIC CONSUMER SYSTEMS
891.020,Heating cables,89,SHIP COMMON SYSTEMS,ELECTRIC CONSUMER SYSTEMS
891.040,Panel heaters/fans,89,SHIP COMMON SYSTEMS,ELECTRIC CONSUMER SYSTEMS
892,ELECTRIC LIGHTING SYSTEMS FOR ACCOMMODATION,89,SHIP COMMON SYSTEMS,ELECTRIC CONSUMER SYSTEMS
892.001,Light fittings,89,SHIP COMMON SYSTEMS,ELECTRIC CONSUMER SYSTEMS
892.020,Heating cables,89,SHIP COMMON SYSTEMS,ELECTRIC CONSUMER SYSTEMS
892.040,Panel heaters/fans,89,SHIP COMMON SYSTEMS,ELECTRIC CONSUMER SYSTEMS
893,ELECTRIC LIGHTING SYSTEMS FOR DECK & CARGO HOLDS,89,SHIP COMMON SYSTEMS,ELECTRIC CONSUMER SYSTEMS
893.001,General lighting,89,SHIP COMMON SYSTEMS,ELECTRIC CONSUMER SYSTEMS
893.020,Flood lighting,89,SHIP COMMON SYSTEMS,ELECTRIC CONSUMER SYSTEMS
893.030,Spot lighting,89,SHIP COMMON SYSTEMS,ELECTRIC CONSUMER SYSTEMS
897,(ELECTRIC FANS),89,SHIP COMMON SYSTEMS,#N/A
898,(ELECTRIC MOTORS),#N/A,#N/A,#N/A
