id,component_id,component_code,vessel_code,job_id,job_code,work_order_id,work_order_no,job_title,maintenance_type,date_completed,running_hours_at_completion,performed_by,approved_by,approval_date,status,work_description,spares_used,remarks,is_component_replaced,created_at
1304,COMP-1768374768511-709kv1bk1,702.005.02,7440571a-841a-11ed-aa7c-7003bca91a86,JOB-1768375698538-eaypatso8,MKR-IN-00054,WO-1770967515004-y47darqfy,WO-702.005.02-2023-158,"Purifier, Routine - 1W",Servicing,2023-01-30,,3rd Engineer,,2023-02-01,Approved,"SAFETY PROCEDURE (COMPANY)
===========================
Ensure compliance with safety procedures according to the company policy and requirements.

JOB REFERENCE DETAILS
===================
Manual Name: 8M-3 INSTRUCTION MANAUL FOR PURIFIER;5303.pdf
Pdf Page No: 56
Chapter: 3. Maintenance Inspection Procedures
Section: 3.1 Routine checks

DESCRIPTION
===========
Routine Checks :
1. Check the feed rate with respect to set feed rate for any changes.
2. Check the temperature with set temperature level.
3. Check the pressure of light liquid outlet is to be coincide roughly with the set pressure of the leakage.
4. Check for any increase in vibration.
5. Check for operational noise in gear pump and bearing etc. 
6. Check the rated current on daily basis.
7. Check the gear pump oil quantity. 
8. Check the safety joint of gears for any deformation.
9. Check for oil leakage in pipe joints.
10. Check & adjust pressure LED (yellow) lit or flashing for Leakage Monitor.
11. Check indicate revolution LED (green) is flashing for Discharge Monitor.",,Minor adjustments made. Equipment performance within acceptable parameters.,f,2026-02-18 04:41:20.607717
1303,COMP-1768374768511-709kv1bk1,702.005.02,7440571a-841a-11ed-aa7c-7003bca91a86,JOB-1768375698538-eaypatso8,MKR-IN-00054,WO-1770967515004-fkme5d5e5,WO-702.005.02-2023-159,"Purifier, Routine - 1W",Servicing,2023-02-05,,3rd Engineer,,2023-02-07,Approved,"SAFETY PROCEDURE (COMPANY)
===========================
Ensure compliance with safety procedures according to the company policy and requirements.

JOB REFERENCE DETAILS
===================
Manual Name: 8M-3 INSTRUCTION MANAUL FOR PURIFIER;5303.pdf
Pdf Page No: 56
Chapter: 3. Maintenance Inspection Procedures
Section: 3.1 Routine checks

DESCRIPTION
===========
Routine Checks :
1. Check the feed rate with respect to set feed rate for any changes.
2. Check the temperature with set temperature level.
3. Check the pressure of light liquid outlet is to be coincide roughly with the set pressure of the leakage.
4. Check for any increase in vibration.
5. Check for operational noise in gear pump and bearing etc. 
6. Check the rated current on daily basis.
7. Check the gear pump oil quantity. 
8. Check the safety joint of gears for any deformation.
9. Check for oil leakage in pipe joints.
10. Check & adjust pressure LED (yellow) lit or flashing for Leakage Monitor.
11. Check indicate revolution LED (green) is flashing for Discharge Monitor.",,All checks completed as per manufacturer guidelines. Next service due as scheduled.,f,2026-02-18 04:41:20.601931
1302,COMP-1768374768225-48hk6uhgn,651.002.02,7440571a-841a-11ed-aa7c-7003bca91a86,JOB-1768375697685-xfdk7mrhe,MKR-IN-00080,WO-1770978832259-fwrb4fj1y,MKR-IN-00080-651.002.02-2023-512,AE Cylinder Covers with Valves Inspection - 1M,Maintenance,2023-02-21,,Electrican,,2023-02-24,Approved,,,All maintenance checks completed per OEM recommendations. Next scheduled service as per PMS.,f,2026-02-18 04:41:20.48867
1301,COMP-1768374767962-b363j8iop,554.003.01,7440571a-841a-11ed-aa7c-7003bca91a86,JOB-1768375697034-wsrys4lln,MKR-IN-00050,WO-1770967515016-s4a1a1i4q,WO-554.003.01-2023-466,"Provision Ref. Compressors, Inspection - 15000H",Servicing,2023-02-15,,2nd Engineer,,2023-02-16,Approved,"SAFETY PROCEDURE (COMPANY)
===========================
Ensure compliance with safety procedures according to the company policy and requirements.

JOB REFERENCE DETAILS
===================
Manual Name: 2F-16 UNIT TYPE PROV. REF. CHAMBER;5303.pdf
Pdf Page No: 118
Chapter: Standard Working Period & Limit Of Wear For Each Part


DESCRIPTION
===========
1. Inspect the Crankshaft journal for bearing side and motor side.
2. Inspect the Crankshaft pin, main bearing and motor.
3. Inspect the Cylinder max. 
4. Replace the oil pump wen pressure drops.",,Consumable parts replaced as per maintenance plan. Used parts stored for disposal.,f,2026-02-18 04:41:20.478318
1300,COMP-1768374768511-709kv1bk1,702.005.02,7440571a-841a-11ed-aa7c-7003bca91a86,JOB-1768375698538-eaypatso8,MKR-IN-00054,WO-1770967515004-3r1mwkq4d,WO-702.005.02-2023-160,"Purifier, Routine - 1W",Servicing,2023-02-14,,3rd Engineer,,2023-02-16,Approved,"SAFETY PROCEDURE (COMPANY)
===========================
Ensure compliance with safety procedures according to the company policy and requirements.

JOB REFERENCE DETAILS
===================
Manual Name: 8M-3 INSTRUCTION MANAUL FOR PURIFIER;5303.pdf
Pdf Page No: 56
Chapter: 3. Maintenance Inspection Procedures
Section: 3.1 Routine checks

DESCRIPTION
===========
Routine Checks :
1. Check the feed rate with respect to set feed rate for any changes.
2. Check the temperature with set temperature level.
3. Check the pressure of light liquid outlet is to be coincide roughly with the set pressure of the leakage.
4. Check for any increase in vibration.
5. Check for operational noise in gear pump and bearing etc. 
6. Check the rated current on daily basis.
7. Check the gear pump oil quantity. 
8. Check the safety joint of gears for any deformation.
9. Check for oil leakage in pipe joints.
10. Check & adjust pressure LED (yellow) lit or flashing for Leakage Monitor.
11. Check indicate revolution LED (green) is flashing for Discharge Monitor.",,All maintenance checks completed per OEM recommendations. Next scheduled service as per PMS.,f,2026-02-18 04:41:20.473049
1299,COMP-1768374767962-b363j8iop,554.003.01,7440571a-841a-11ed-aa7c-7003bca91a86,JOB-1768375697040-dgqv5q487,MKR-IN-00051,WO-1770967515016-ccsy8x27g,WO-554.003.01-2023-467,"Provision Ref. Compressors, Visual Check - 10000H",Servicing,2023-02-15,,2nd Engineer,,2023-02-17,Approved,"SAFETY PROCEDURE (COMPANY)
===========================
Ensure compliance with safety procedures according to the company policy and requirements.

JOB REFERENCE DETAILS
===================
Manual Name: 2F-16 UNIT TYPE PROV. REF. CHAMBER;5303.pdf
Pdf Page No: 118
Chapter: Standard Working Period & Limit Of Wear For Each Part


DESCRIPTION
===========
1. Check the Connect. Rod large and small end.
2. Check the piston and piston ring and joint part.
3. Check the Piston ring joint part clearance.",,"Equipment tested satisfactorily after completion of Provision Ref. Compressors, Visual Check - 10000H. No issues found.",f,2026-02-18 04:41:20.468798
1298,COMP-1768374768280-40p83pmvt,651.007.03,7440571a-841a-11ed-aa7c-7003bca91a86,JOB-1768375697788-a96tyddtp,MKR-IN-00015,WO-1770978832254-b9tcsb7j4,MKR-IN-00015-651.007.03-2023-040,"DG Main Bearing, Visual Check - 2Y/8000H",Maintenance,2023-03-10,,2nd Engineer,,2023-03-13,Approved,,,All equipment tested satisfactorily post-maintenance. No abnormalities detected.,f,2026-02-18 04:41:20.463584
1297,COMP-1768374768189-h7fnil0cx,601.026.02,7440571a-841a-11ed-aa7c-7003bca91a86,JOB-1768375697520-6rw5rxlia,MKR-SE-00020,WO-1770967515018-97lmey3rk,UWO-601.026.02-2023-802,ME Hp Fuel Pumps No.02 - Pipe Leakage - Welding Repair,Servicing,2023-02-20,,Chief Engineer,,2023-02-23,Approved,"Pipe leakage found in engine room. Temporary repair carried out, permanent repair planned.",,All equipment tested satisfactorily post-maintenance. No abnormalities detected.,f,2026-02-18 04:41:20.458955
1296,COMP-1768374768127-i0rmry7ao,601.004.01,7440571a-841a-11ed-aa7c-7003bca91a86,JOB-1768375697147-r1wnkg8c5,MKR-OV-00011,WO-1770967515019-blscqv0qy,UWO-601.004.01-2023-833,"ME Pistons, Piston Rods No.01 - Electrical Fault - Motor Trip",Servicing,2023-02-20,,3rd Engineer,,2023-02-22,Approved,Motor tripped on overload. Investigated and rectified fault.,,"Checks completed as per manufacturer guidelines for ME Pistons, Piston Rods No.01 - Electrical Fault - Motor Trip. Next service due as scheduled.",f,2026-02-18 04:41:20.454339
1295,COMP-1768374768230-di5x3jxz8,651.002.04,7440571a-841a-11ed-aa7c-7003bca91a86,JOB-1768375697698-z6haq29k,MKR-IN-00080,WO-1770978832259-dyf9d69ba,MKR-IN-00080-651.002.04-2023-540,AE Cylinder Covers with Valves Inspection - 1M,Maintenance,2023-03-06,,Chief Engineer,,2023-03-09,Approved,,,Checks completed as per manufacturer guidelines for AE Cylinder Covers with Valves Inspection - 1M. Next service due as scheduled.,f,2026-02-18 04:41:20.449776
1294,COMP-1768374768511-709kv1bk1,702.005.02,7440571a-841a-11ed-aa7c-7003bca91a86,JOB-1768375698538-eaypatso8,MKR-IN-00054,WO-1770967515004-sdi2b16kc,WO-702.005.02-2023-161,"Purifier, Routine - 1W",Servicing,2023-02-21,,3rd Engineer,,2023-02-24,Approved,"SAFETY PROCEDURE (COMPANY)
===========================
Ensure compliance with safety procedures according to the company policy and requirements.

JOB REFERENCE DETAILS
===================
Manual Name: 8M-3 INSTRUCTION MANAUL FOR PURIFIER;5303.pdf
Pdf Page No: 56
Chapter: 3. Maintenance Inspection Procedures
Section: 3.1 Routine checks

DESCRIPTION
===========
Routine Checks :
1. Check the feed rate with respect to set feed rate for any changes.
2. Check the temperature with set temperature level.
3. Check the pressure of light liquid outlet is to be coincide roughly with the set pressure of the leakage.
4. Check for any increase in vibration.
5. Check for operational noise in gear pump and bearing etc. 
6. Check the rated current on daily basis.
7. Check the gear pump oil quantity. 
8. Check the safety joint of gears for any deformation.
9. Check for oil leakage in pipe joints.
10. Check & adjust pressure LED (yellow) lit or flashing for Leakage Monitor.
11. Check indicate revolution LED (green) is flashing for Discharge Monitor.",,Small adjustments made to operating parameters. Equipment performance satisfactory.,f,2026-02-18 04:41:20.445679
1293,COMP-1768374768342-0re8c70di,652.003.04,7440571a-841a-11ed-aa7c-7003bca91a86,JOB-1768375698069-j6vg6yyo2,MKR-IN-00085,WO-1770978832260-xg2izoa53,MKR-IN-00085-652.003.04-2023-664,AE Cylinder Liner Inspection - 1M,Maintenance,2023-03-04,,4th Engineer,,2023-03-05,Approved,,,Minor additional findings recorded. Follow-up inspection recommended during next maintenance period.,f,2026-02-18 04:41:20.442019
1292,COMP-1768374767929-zn4ptm8ru,285.001.04,7440571a-841a-11ed-aa7c-7003bca91a86,JOB-1768375696845-n6aj2hzvt,MKR-IN-00072,WO-1770978832255-ded6rlmvk,MKR-IN-00072-285.001.04-2023-191,Ballast Tanks Inspection - 1M,Maintenance,2023-02-22,,4th Engineer,,2023-02-25,Approved,,,All maintenance checks completed per OEM recommendations. Next scheduled service as per PMS.,f,2026-02-18 04:41:20.437686
1291,COMP-1768374768511-709kv1bk1,702.005.02,7440571a-841a-11ed-aa7c-7003bca91a86,JOB-1768375698538-eaypatso8,MKR-IN-00054,WO-1770967515004-hp4u1xp0p,WO-702.005.02-2023-162,"Purifier, Routine - 1W",Servicing,2023-02-27,,3rd Engineer,,2023-03-01,Approved,"SAFETY PROCEDURE (COMPANY)
===========================
Ensure compliance with safety procedures according to the company policy and requirements.

JOB REFERENCE DETAILS
===================
Manual Name: 8M-3 INSTRUCTION MANAUL FOR PURIFIER;5303.pdf
Pdf Page No: 56
Chapter: 3. Maintenance Inspection Procedures
Section: 3.1 Routine checks

DESCRIPTION
===========
Routine Checks :
1. Check the feed rate with respect to set feed rate for any changes.
2. Check the temperature with set temperature level.
3. Check the pressure of light liquid outlet is to be coincide roughly with the set pressure of the leakage.
4. Check for any increase in vibration.
5. Check for operational noise in gear pump and bearing etc. 
6. Check the rated current on daily basis.
7. Check the gear pump oil quantity. 
8. Check the safety joint of gears for any deformation.
9. Check for oil leakage in pipe joints.
10. Check & adjust pressure LED (yellow) lit or flashing for Leakage Monitor.
11. Check indicate revolution LED (green) is flashing for Discharge Monitor.",,All equipment tested satisfactorily post-maintenance. No abnormalities detected.,f,2026-02-18 04:41:20.433777
1290,COMP-1768374768236-120so6zd8,651.002.06,7440571a-841a-11ed-aa7c-7003bca91a86,JOB-1768375697709-kfxro24s3,MKR-IN-00080,WO-1770967515019-bgyzju041,UWO-651.002.06-2023-874,AE1 Cylinder Covers W/Valves No.06 - Hydraulic System Pressure Drop,Servicing,2023-02-21,,2nd Engineer,,2023-02-24,Approved,Hydraulic system pressure dropping. Investigated and found leaking fitting. Repaired.,,Equipment tested satisfactorily after completion of AE1 Cylinder Covers W/Valves No.06 - Hydraulic System Pressure Drop. No issues found.,f,2026-02-18 04:41:20.429956
1289,COMP-1768374768248-zja2xeelc,651.003.04,7440571a-841a-11ed-aa7c-7003bca91a86,JOB-1768375697730-vrhe8emeh,MKR-IN-00085,WO-1770978832259-p3gpkl4nb,MKR-IN-00085-651.003.04-2023-580,AE Cylinder Liner Inspection - 1M,Maintenance,2023-03-14,,4th Engineer,,2023-03-16,Approved,,,Consumable parts replaced as per maintenance plan. Used parts stored for disposal.,f,2026-02-18 04:41:20.424785
1288,COMP-1768374768345-qgstjbyia,652.003.05,7440571a-841a-11ed-aa7c-7003bca91a86,JOB-1768375698075-3qb0k6asy,MKR-IN-00085,WO-1770967515019-rdvaf8msz,UWO-652.003.05-2023-856,AE2 Cylinder Liners No.05 - Hydraulic System Pressure Drop,Servicing,2023-03-19,,2nd Engineer,,2023-03-20,Approved,Hydraulic system pressure dropping. Investigated and found leaking fitting. Repaired.,,Equipment tested satisfactorily after completion of AE2 Cylinder Liners No.05 - Hydraulic System Pressure Drop. No issues found.,f,2026-02-18 04:41:20.419799
1287,COMP-1768374768347-rnzskklg2,652.003.06,7440571a-841a-11ed-aa7c-7003bca91a86,JOB-1768375698079-bbg8c1hi2,MKR-IN-00085,WO-1770967515018-wxbz1s4lq,UWO-652.003.06-2023-637,AE2 Cylinder Liners No.06 - Fuel System Contamination,Servicing,2023-02-28,,2nd Engineer,,2023-03-03,Approved,Fuel oil contamination detected. Purifier and filters cleaned/replaced.,,All equipment tested satisfactorily post-maintenance. No abnormalities detected.,f,2026-02-18 04:41:20.415299
1286,COMP-1768374768239-6wbm7nkr9,651.003.01,7440571a-841a-11ed-aa7c-7003bca91a86,JOB-1768375697715-p7a1yt6pq,MKR-IN-00085,WO-1770967515004-sidf9pxfw,WO-651.003.01-2023-317,AE Cylinder Liner Inspection - 1M,Servicing,2023-02-28,,3rd Engineer,,2023-03-03,Approved,"SAFETY PROCEDURE (COMPANY)
===========================
Ensure compliance with safety procedures according to the company policy and requirements.

DESCRIPTION
===========
1. Liner Condition (Visual / Indirect)

Check for abnormal scavenge space condition (if accessible).

Look for signs of scuffing, scoring, or polishing (based on inspection ports or trend data).

Monitor liner condition through performance parameters if direct access is not possible.

2. Lubrication

Verify cylinder lubrication rate (if applicable) is as per maker’s recommendation.

Check lube oil distribution and absence of oil starvation signs.

Review lube oil consumption trends.

3. Cooling & Sealing

Monitor jacket water temperature and pressure related to cylinder No.01.

Check for cooling water leakage into cylinder or crankcase.

Verify condition of liner sealing arrangements (indirect observation).",,Checks completed as per manufacturer guidelines for AE Cylinder Liner Inspection - 1M. Next service due as scheduled.,f,2026-02-18 04:41:20.410551
1285,COMP-1768374768236-120so6zd8,651.002.06,7440571a-841a-11ed-aa7c-7003bca91a86,JOB-1768375697709-kfxro24s3,MKR-IN-00080,WO-1770978832259-nje2wufxy,MKR-IN-00080-651.002.06-2023-541,AE Cylinder Covers with Valves Inspection - 1M,Maintenance,2023-03-21,,Chief Engineer,,2023-03-23,Approved,,,Checks completed as per manufacturer guidelines for AE Cylinder Covers with Valves Inspection - 1M. Next service due as scheduled.,f,2026-02-18 04:41:20.406553
1284,COMP-1768374767991-i5zq4pmkb,601.002.05,7440571a-841a-11ed-aa7c-7003bca91a86,JOB-1768375697102-xsoohrh7a,MKR-IN-00075,WO-1770978832256-cevsygp5t,MKR-IN-00075-601.002.05-2023-284,Main Engine – Cylinder Covers with Valves Inspection - 4000H,Maintenance,2023-03-19,,Electrican,,2023-03-22,Approved,,,Minor adjustments made. Equipment performance within acceptable parameters.,f,2026-02-18 04:41:20.402451
1283,COMP-1768374768511-709kv1bk1,702.005.02,7440571a-841a-11ed-aa7c-7003bca91a86,JOB-1768375698538-eaypatso8,MKR-IN-00054,WO-1770967515004-rq7q08z3h,WO-702.005.02-2023-163,"Purifier, Routine - 1W",Servicing,2023-03-06,,3rd Engineer,,2023-03-08,Approved,"SAFETY PROCEDURE (COMPANY)
===========================
Ensure compliance with safety procedures according to the company policy and requirements.

JOB REFERENCE DETAILS
===================
Manual Name: 8M-3 INSTRUCTION MANAUL FOR PURIFIER;5303.pdf
Pdf Page No: 56
Chapter: 3. Maintenance Inspection Procedures
Section: 3.1 Routine checks

DESCRIPTION
===========
Routine Checks :
1. Check the feed rate with respect to set feed rate for any changes.
2. Check the temperature with set temperature level.
3. Check the pressure of light liquid outlet is to be coincide roughly with the set pressure of the leakage.
4. Check for any increase in vibration.
5. Check for operational noise in gear pump and bearing etc. 
6. Check the rated current on daily basis.
7. Check the gear pump oil quantity. 
8. Check the safety joint of gears for any deformation.
9. Check for oil leakage in pipe joints.
10. Check & adjust pressure LED (yellow) lit or flashing for Leakage Monitor.
11. Check indicate revolution LED (green) is flashing for Discharge Monitor.",,Small adjustments made to operating parameters. Equipment performance satisfactory.,f,2026-02-18 04:41:20.397705
1282,COMP-1768374768394-1cf99aryj,652.020.03,7440571a-841a-11ed-aa7c-7003bca91a86,JOB-1768375698182-jqugsoy65,MKR-IN-00017,WO-1770967515017-kml2ed4aw,UWO-652.020.03-2023-583,AE2 Crankcase Doors W/Safety Valve No.03 - Alarm Investigation - System Check,Servicing,2023-03-07,,4th Engineer,,2023-03-09,Approved,Investigated alarm. Found faulty sensor/connection. Rectified.,,Spare parts replaced as listed. Old parts retained for inspection/disposal.,f,2026-02-18 04:41:20.393108
1281,COMP-1768374767635-umx1ypv3h,55,7440571a-841a-11ed-aa7c-7003bca91a86,JOB-1768375697014-n01208k56,MKR-IN-00046,WO-1770967515017-anqavnsml,UWO-55-2023-548,"GALLEY/PANTRY EQUIP., PROVISION PLANTS, LAUNDRY/IRONING EQU. - Valve Leakage - Immediate Repair",Servicing,2023-03-09,,4th Engineer,,2023-03-11,Approved,Valve found leaking during rounds. Repacked gland and replaced gasket.,,"Minor adjustments carried out during GALLEY/PANTRY EQUIP., PROVISION PLANTS, LAUNDRY/IRONING EQU. - Valve Leakage - Immediate Repair. Performance within acceptable parameters.",f,2026-02-18 04:41:20.388639
1280,COMP-1768374768242-ybntycqh5,651.003.02,7440571a-841a-11ed-aa7c-7003bca91a86,JOB-1768375697720-m80h9gkmd,MKR-IN-00085,WO-1770978832259-nk49s75jy,MKR-IN-00085-651.003.02-2023-554,AE Cylinder Liner Inspection - 1M,Maintenance,2023-03-18,,2nd Engineer,,2023-03-20,Approved,,,Small adjustments made to operating parameters. Equipment performance satisfactory.,f,2026-02-18 04:41:20.384256
1279,COMP-1768374768443-sj0hmblft,653.003.06,7440571a-841a-11ed-aa7c-7003bca91a86,JOB-1768375698327-s9rfxwr8p,MKR-IN-00085,WO-1770967515004-6fqywwpf8,WO-653.003.06-2023-353,AE Cylinder Liner Inspection - 1M,Servicing,2023-03-08,,3rd Engineer,,2023-03-09,Approved,"SAFETY PROCEDURE (COMPANY)
===========================
Ensure compliance with safety procedures according to the company policy and requirements.

DESCRIPTION
===========
1. Liner Condition (Visual / Indirect)

Check for abnormal scavenge space condition (if accessible).

Look for signs of scuffing, scoring, or polishing (based on inspection ports or trend data).

Monitor liner condition through performance parameters if direct access is not possible.

2. Lubrication

Verify cylinder lubrication rate (if applicable) is as per maker’s recommendation.

Check lube oil distribution and absence of oil starvation signs.

Review lube oil consumption trends.

3. Cooling & Sealing

Monitor jacket water temperature and pressure related to cylinder No.01.

Check for cooling water leakage into cylinder or crankcase.

Verify condition of liner sealing arrangements (indirect observation).",,All checks completed as per manufacturer guidelines. Next service due as scheduled.,f,2026-02-18 04:41:20.379031
1278,COMP-1768374768410-eurzscqdj,653.002.01,7440571a-841a-11ed-aa7c-7003bca91a86,JOB-1768375698254-e7d6bn0wz,MKR-IN-00080,WO-1770978832260-6sljb4457,MKR-IN-00080-653.002.01-2023-683,AE Cylinder Covers with Valves Inspection - 1M,Maintenance,2023-03-21,,4th Engineer,,2023-03-22,Approved,,,Minor additional findings recorded. Follow-up inspection recommended during next maintenance period.,f,2026-02-18 04:41:20.374339
1277,COMP-1768374768471-zbwcsztfm,653.007.03,7440571a-841a-11ed-aa7c-7003bca91a86,JOB-1768375698377-z3c0o0mf7,MKR-IN-00015,WO-1770967515018-ow5i8bzlg,UWO-653.007.03-2023-686,"AE3 Main Bearings, Journals No.03 - Control System Malfunction",Servicing,2023-03-12,,Chief Engineer,,2023-03-13,Approved,Control system showing intermittent faults. Checked connections and calibrated.,,Small adjustments made to operating parameters. Equipment performance satisfactory.,f,2026-02-18 04:41:20.368469
1276,COMP-1768374768511-709kv1bk1,702.005.02,7440571a-841a-11ed-aa7c-7003bca91a86,JOB-1768375698538-eaypatso8,MKR-IN-00054,WO-1770967515004-1tzdshesu,WO-702.005.02-2023-164,"Purifier, Routine - 1W",Servicing,2023-03-14,,3rd Engineer,,2023-03-17,Approved,"SAFETY PROCEDURE (COMPANY)
===========================
Ensure compliance with safety procedures according to the company policy and requirements.

JOB REFERENCE DETAILS
===================
Manual Name: 8M-3 INSTRUCTION MANAUL FOR PURIFIER;5303.pdf
Pdf Page No: 56
Chapter: 3. Maintenance Inspection Procedures
Section: 3.1 Routine checks

DESCRIPTION
===========
Routine Checks :
1. Check the feed rate with respect to set feed rate for any changes.
2. Check the temperature with set temperature level.
3. Check the pressure of light liquid outlet is to be coincide roughly with the set pressure of the leakage.
4. Check for any increase in vibration.
5. Check for operational noise in gear pump and bearing etc. 
6. Check the rated current on daily basis.
7. Check the gear pump oil quantity. 
8. Check the safety joint of gears for any deformation.
9. Check for oil leakage in pipe joints.
10. Check & adjust pressure LED (yellow) lit or flashing for Leakage Monitor.
11. Check indicate revolution LED (green) is flashing for Discharge Monitor.",,"Checks completed as per manufacturer guidelines for Purifier, Routine - 1W. Next service due as scheduled.",f,2026-02-18 04:41:20.357948
1275,COMP-1768374768345-qgstjbyia,652.003.05,7440571a-841a-11ed-aa7c-7003bca91a86,JOB-1768375698075-3qb0k6asy,MKR-IN-00085,WO-1770967515018-5cxvukpuz,UWO-652.003.05-2023-727,AE2 Cylinder Liners No.05 - Control System Malfunction,Servicing,2023-03-10,,2nd Engineer,,2023-03-12,Approved,Control system showing intermittent faults. Checked connections and calibrated.,,Small adjustments made to operating parameters. Equipment performance satisfactory.,f,2026-02-18 04:41:20.35288
1274,COMP-1768374767669-yjx9vuiay,7,7440571a-841a-11ed-aa7c-7003bca91a86,JOB-1768375698505-5h32zwd3i,MKR-IN-00054,WO-1770967515018-kjp8wlzxp,UWO-7-2023-731,SYSTEMS FOR MACHINERY MAIN COMPONENTS - Control System Malfunction,Servicing,2023-03-14,,Chief Engineer,,2023-03-17,Approved,Control system showing intermittent faults. Checked connections and calibrated.,,All equipment tested satisfactorily post-maintenance. No abnormalities detected.,f,2026-02-18 04:41:20.34714
1273,COMP-1768374768410-eurzscqdj,653.002.01,7440571a-841a-11ed-aa7c-7003bca91a86,JOB-1768375698254-e7d6bn0wz,MKR-IN-00080,WO-1770978832260-ikr53fn84,MKR-IN-00080-653.002.01-2023-676,AE Cylinder Covers with Valves Inspection - 1M,Maintenance,2023-03-23,,Chief Engineer,,2023-03-24,Approved,,,Small adjustments made to operating parameters. Equipment performance satisfactory.,f,2026-02-18 04:41:20.342193
1272,COMP-1768374768353-vfthngvnn,652.004.02,7440571a-841a-11ed-aa7c-7003bca91a86,JOB-1768375698089-2maxi1b86,MKR-OV-00025,WO-1770967515019-x2dsa2nw8,UWO-652.004.02-2023-883,AE2 Pistons And Connecting Rod No.02 - Control System Malfunction,Servicing,2023-03-12,,2nd Engineer,,2023-03-15,Approved,Control system showing intermittent faults. Checked connections and calibrated.,,Minor adjustments carried out during AE2 Pistons And Connecting Rod No.02 - Control System Malfunction. Performance within acceptable parameters.,f,2026-02-18 04:41:20.337468
1271,COMP-1768374768373-33bew970w,652.007.03,7440571a-841a-11ed-aa7c-7003bca91a86,JOB-1768375698126-uus74l55h,MKR-IN-00015,WO-1770967515017-jzxr1f4c4,UWO-652.007.03-2023-503,"AE2 Main Bearings, Journals No.03 - Valve Leakage - Immediate Repair",Servicing,2023-03-15,,Chief Engineer,,2023-03-16,Approved,Valve found leaking during rounds. Repacked gland and replaced gasket.,,"Minor adjustments carried out during AE2 Main Bearings, Journals No.03 - Valve Leakage - Immediate Repair. Performance within acceptable parameters.",f,2026-02-18 04:41:20.333231
1270,COMP-1768374767834-dbncpiany,601.053,7440571a-841a-11ed-aa7c-7003bca91a86,JOB-1768375697585-z6leju6xr,MKR-IN-00066,WO-1770967515015-2c3dgsola,WO-601.053-2023-421,"ME Turbocharger Turbine, Cleaning - 500H",Servicing,2023-03-20,,2nd Engineer,,2023-03-23,Approved,"SAFETY PROCEDURE (COMPANY)
===========================
Ensure compliance with safety procedures according to the company policy and requirements.

JOB REFERENCE DETAILS
===================
Manual Name: 3M-2 DIESEL ENGINE VOL II;5303.pdf
Pdf Page No: 196, 171, 172
Job Reference: Group No. 400
Chapter: Maintenance Schedule Of Main Parts


DESCRIPTION
===========
1. Cleaning of turbine side of turbocharger to be carried out (vegetal solid cleaning).",,Equipment tested satisfactorily after maintenance. No issues found.,f,2026-02-18 04:41:20.328158
1269,COMP-1768374767933-vto5y1uh1,285.001.05,7440571a-841a-11ed-aa7c-7003bca91a86,JOB-1768375696851-ndejb6eas,MKR-IN-00072,WO-1770978832255-rtfgqtz3i,MKR-IN-00072-285.001.05-2023-209,Ballast Tanks Inspection - 1M,Maintenance,2023-03-29,,Electrican,,2023-03-30,Approved,,,Spare parts replaced as listed. Old parts retained for inspection/disposal.,f,2026-02-18 04:41:20.323485
1268,COMP-1768374767933-vto5y1uh1,285.001.05,7440571a-841a-11ed-aa7c-7003bca91a86,JOB-1768375696851-ndejb6eas,MKR-IN-00072,WO-1770978832255-33n0i6wjl,MKR-IN-00072-285.001.05-2023-208,Ballast Tanks Inspection - 1M,Maintenance,2023-03-29,,4th Engineer,,2023-03-30,Approved,,,Minor adjustments carried out during Ballast Tanks Inspection - 1M. Performance within acceptable parameters.,f,2026-02-18 04:41:20.3177
1267,COMP-1768374768511-709kv1bk1,702.005.02,7440571a-841a-11ed-aa7c-7003bca91a86,JOB-1768375698538-eaypatso8,MKR-IN-00054,WO-1770967515004-z9kv0q3wy,WO-702.005.02-2023-165,"Purifier, Routine - 1W",Servicing,2023-03-18,,3rd Engineer,,2023-03-21,Approved,"SAFETY PROCEDURE (COMPANY)
===========================
Ensure compliance with safety procedures according to the company policy and requirements.

JOB REFERENCE DETAILS
===================
Manual Name: 8M-3 INSTRUCTION MANAUL FOR PURIFIER;5303.pdf
Pdf Page No: 56
Chapter: 3. Maintenance Inspection Procedures
Section: 3.1 Routine checks

DESCRIPTION
===========
Routine Checks :
1. Check the feed rate with respect to set feed rate for any changes.
2. Check the temperature with set temperature level.
3. Check the pressure of light liquid outlet is to be coincide roughly with the set pressure of the leakage.
4. Check for any increase in vibration.
5. Check for operational noise in gear pump and bearing etc. 
6. Check the rated current on daily basis.
7. Check the gear pump oil quantity. 
8. Check the safety joint of gears for any deformation.
9. Check for oil leakage in pipe joints.
10. Check & adjust pressure LED (yellow) lit or flashing for Leakage Monitor.
11. Check indicate revolution LED (green) is flashing for Discharge Monitor.",,"Equipment tested satisfactorily after completion of Purifier, Routine - 1W. No issues found.",f,2026-02-18 04:41:20.312469
1266,COMP-1768374768339-pzyj156x4,652.003.03,7440571a-841a-11ed-aa7c-7003bca91a86,JOB-1768375698065-nln0wy605,MKR-IN-00085,WO-1770967515018-fptcmoj45,UWO-652.003.03-2023-794,AE2 Cylinder Liners No.03 - Fuel System Contamination,Servicing,2023-03-23,,2nd Engineer,,2023-03-26,Approved,Fuel oil contamination detected. Purifier and filters cleaned/replaced.,,Required spare parts replaced during AE2 Cylinder Liners No.03 - Fuel System Contamination. Old parts retained for inspection.,f,2026-02-18 04:41:20.307547
1265,COMP-1768374768204-bxjta0rjx,601.066.01,7440571a-841a-11ed-aa7c-7003bca91a86,JOB-1768375697629-njv3hbmjn,MKR-IN-00079,WO-1770978832259-6lu0f2ima,MKR-IN-00079-601.066.01-2023-460,Main Engine – Indicator Valves & Indicators Inspection - 1M,Maintenance,2023-04-11,,4th Engineer,,2023-04-14,Approved,,,Minor adjustments made. Equipment performance within acceptable parameters.,f,2026-02-18 04:41:20.302042
1264,COMP-1768374768137-39r0aykwi,601.004.04,7440571a-841a-11ed-aa7c-7003bca91a86,JOB-1768375697385-g3vs0tk5f,MKR-IN-00063,WO-1770978832256-9ng6nn358,MKR-IN-00063-601.004.04-2023-341,"ME Piston And Rings, Inspection - 500H",Maintenance,2023-03-25,,2nd Engineer,,2023-03-27,Approved,,,All equipment tested satisfactorily post-maintenance. No abnormalities detected.,f,2026-02-18 04:41:20.297263
1263,COMP-1768374767994-apqr6kc7v,601.002.06,7440571a-841a-11ed-aa7c-7003bca91a86,JOB-1768375697108-vju6zh1n5,MKR-IN-00075,WO-1770967515018-nugxubhi6,UWO-601.002.06-2023-735,ME Cylinder Covers W/Valves No.06 - Sensor Failure - Replacement,Servicing,2023-03-21,,4th Engineer,,2023-03-24,Approved,Temperature/pressure sensor giving erratic readings. Replaced sensor.,,All equipment tested satisfactorily post-maintenance. No abnormalities detected.,f,2026-02-18 04:41:20.292903
1262,COMP-1768374768002-lkmbuefq2,601.003.02,7440571a-841a-11ed-aa7c-7003bca91a86,JOB-1768375697120-n56w9r1uz,MKR-OV-00012,WO-1770967515019-zcol0vr9b,UWO-601.003.02-2023-882,ME Cylinder Liners No.02 - Bearing Overheating - Emergency Maintenance,Servicing,2023-03-19,,3rd Engineer,,2023-03-22,Approved,Bearing temperature rising above normal. Emergency maintenance carried out.,,Additional findings noted - recommend follow-up inspection during next scheduled maintenance.,f,2026-02-18 04:41:20.287746
1261,COMP-1768374767802-sjje0yq3o,403.001,7440571a-841a-11ed-aa7c-7003bca91a86,JOB-1768375696892-thsj9k2p0,MKR-IN-00042,WO-1770967515018-il9phjix1,UWO-403.001-2023-690,"Steering Gears, Complete - Sensor Failure - Replacement",Servicing,2023-03-22,,3rd Engineer,,2023-03-23,Approved,Temperature/pressure sensor giving erratic readings. Replaced sensor.,,Minor adjustments made. Equipment performance within acceptable parameters.,f,2026-02-18 04:41:20.283203
1260,COMP-1768374768342-0re8c70di,652.003.04,7440571a-841a-11ed-aa7c-7003bca91a86,JOB-1768375698069-j6vg6yyo2,MKR-IN-00085,WO-1770967515017-g9wb1rzwj,UWO-652.003.04-2023-482,AE2 Cylinder Liners No.04 - Sensor Failure - Replacement,Servicing,2023-03-23,,2nd Engineer,,2023-03-25,Approved,Temperature/pressure sensor giving erratic readings. Replaced sensor.,,Completion delayed due to vessel operational schedule. Work carried out during port call.,f,2026-02-18 04:41:20.278545
1259,COMP-1768374768221-1uo61tqy1,651.002.01,7440571a-841a-11ed-aa7c-7003bca91a86,JOB-1768375697677-l4b48zr2y,MKR-IN-00080,WO-1770978832259-vaqff8vbk,MKR-IN-00080-651.002.01-2023-498,AE Cylinder Covers with Valves Inspection - 1M,Maintenance,2023-04-04,,Chief Engineer,,2023-04-05,Approved,,,All equipment tested satisfactorily post-maintenance. No abnormalities detected.,f,2026-02-18 04:41:20.274161
1258,COMP-1768374767555-hvpuzxzk1,601.026,7440571a-841a-11ed-aa7c-7003bca91a86,JOB-1768375697507-uu8un72tz,MKR-SE-00020,WO-1770967515019-z8ol3ceez,UWO-601.026-2023-846,ME HP fuel pumps - Valve Leakage - Immediate Repair,Servicing,2023-04-19,,3rd Engineer,,2023-04-22,Approved,Valve found leaking during rounds. Repacked gland and replaced gasket.,,All checks completed as per manufacturer guidelines. Next service due as scheduled.,f,2026-02-18 04:41:20.270298
1257,COMP-1768374768511-709kv1bk1,702.005.02,7440571a-841a-11ed-aa7c-7003bca91a86,JOB-1768375698538-eaypatso8,MKR-IN-00054,WO-1770967515004-al80e2tcz,WO-702.005.02-2023-166,"Purifier, Routine - 1W",Servicing,2023-03-25,,3rd Engineer,,2023-03-27,Approved,"SAFETY PROCEDURE (COMPANY)
===========================
Ensure compliance with safety procedures according to the company policy and requirements.

JOB REFERENCE DETAILS
===================
Manual Name: 8M-3 INSTRUCTION MANAUL FOR PURIFIER;5303.pdf
Pdf Page No: 56
Chapter: 3. Maintenance Inspection Procedures
Section: 3.1 Routine checks

DESCRIPTION
===========
Routine Checks :
1. Check the feed rate with respect to set feed rate for any changes.
2. Check the temperature with set temperature level.
3. Check the pressure of light liquid outlet is to be coincide roughly with the set pressure of the leakage.
4. Check for any increase in vibration.
5. Check for operational noise in gear pump and bearing etc. 
6. Check the rated current on daily basis.
7. Check the gear pump oil quantity. 
8. Check the safety joint of gears for any deformation.
9. Check for oil leakage in pipe joints.
10. Check & adjust pressure LED (yellow) lit or flashing for Leakage Monitor.
11. Check indicate revolution LED (green) is flashing for Discharge Monitor.",,"Equipment tested satisfactorily after completion of Purifier, Routine - 1W. No issues found.",f,2026-02-18 04:41:20.265749
1256,COMP-1768374767812-t7u0ew84e,501.002,7440571a-841a-11ed-aa7c-7003bca91a86,JOB-1768375697009-atjcavi6y,MKR-IN-00073,WO-1770978832256-28xlsj9qe,MKR-IN-00073-501.002-2023-269,Covered (Totally Enclosed) Lifeboats Inspection - 1M,Maintenance,2023-04-05,,4th Engineer,,2023-04-07,Approved,,,Minor additional findings recorded. Follow-up inspection recommended during next maintenance period.,f,2026-02-18 04:41:20.261121
1255,COMP-1768374767962-b363j8iop,554.003.01,7440571a-841a-11ed-aa7c-7003bca91a86,JOB-1768375697040-dgqv5q487,MKR-IN-00051,WO-1770978832256-omi6ehs9c,MKR-IN-00051-554.003.01-2023-278,"Provision Ref. Compressors, Visual Check - 10000H",Maintenance,2023-04-13,,Chief Engineer,,2023-04-16,Approved,,,Equipment tested satisfactorily after maintenance. No issues found.,f,2026-02-18 04:41:20.256846
1254,COMP-1768374767856-dwasfu724,651.046,7440571a-841a-11ed-aa7c-7003bca91a86,JOB-1768375697991-3zsiymc8c,MKR-OV-00026,WO-1770978832254-dvizy6pa0,MKR-OV-00026-651.046-2023-063,AE Lube Oil (LO) Filters Overhaul - 4000H,Maintenance,2023-04-13,,4th Engineer,,2023-04-16,Approved,,,Equipment tested satisfactorily after completion of AE Lube Oil (LO) Filters Overhaul - 4000H. No issues found.,f,2026-02-18 04:41:20.252868
1253,COMP-1768374767918-4vp8g44db,285.001.01,7440571a-841a-11ed-aa7c-7003bca91a86,JOB-1768375696823-5izcxc9cy,MKR-IN-00072,WO-1770978832255-lhkau76bu,MKR-IN-00072-285.001.01-2023-180,Ballast Tanks Inspection - 1M,Maintenance,2023-04-11,,2nd Engineer,,2023-04-14,Approved,,,Equipment tested satisfactorily after maintenance. No issues found.,f,2026-02-18 04:41:20.249123
1252,COMP-1768374768286-elfkccwmv,651.007.05,7440571a-841a-11ed-aa7c-7003bca91a86,JOB-1768375697798-oe7nugd4d,MKR-IN-00015,WO-1770967515017-g3ixprejk,UWO-651.007.05-2023-566,"AE1 Main Bearings, Journals No.05 - Valve Leakage - Immediate Repair",Servicing,2023-03-30,,4th Engineer,,2023-04-01,Approved,Valve found leaking during rounds. Repacked gland and replaced gasket.,,Minor adjustments made. Equipment performance within acceptable parameters.,f,2026-02-18 04:41:20.245011
1251,COMP-1768374767910-h2nui498v,278.010.01,7440571a-841a-11ed-aa7c-7003bca91a86,JOB-1768374783248-r2uv8ufaf,MKR-IN-00071,WO-1770978832255-lxel94e83,MKR-IN-00071-278.010.01-2023-158,"Impressed Current Cathodic Protection (ICCP), Inspection - 1M",Maintenance,2023-04-15,,Chief Engineer,,2023-04-16,Approved,,,Equipment tested satisfactorily after maintenance. No issues found.,f,2026-02-18 04:41:20.240963
1250,COMP-1768374768331-25r3c2xap,652.002.06,7440571a-841a-11ed-aa7c-7003bca91a86,JOB-1768375698047-6mz6g3di5,MKR-IN-00080,WO-1770978832260-ro50hkdd3,MKR-IN-00080-652.002.06-2023-634,AE Cylinder Covers with Valves Inspection - 1M,Maintenance,2023-03-28,,2nd Engineer,,2023-03-29,Approved,,,All equipment tested satisfactorily post-maintenance. No abnormalities detected.,f,2026-02-18 04:41:20.237401
1249,COMP-1768374767946-xvx5auscz,285.001.09,7440571a-841a-11ed-aa7c-7003bca91a86,JOB-1768375696874-phtun2znj,MKR-IN-00072,WO-1770978832256-3znk1l0l8,MKR-IN-00072-285.001.09-2023-245,Ballast Tanks Inspection - 1M,Maintenance,2023-04-18,,Chief Engineer,,2023-04-20,Approved,,,All checks completed as per manufacturer guidelines. Next service due as scheduled.,f,2026-02-18 04:41:20.233055
1248,COMP-1768374768239-6wbm7nkr9,651.003.01,7440571a-841a-11ed-aa7c-7003bca91a86,JOB-1768375697715-p7a1yt6pq,MKR-IN-00085,WO-1770967515004-fwgtk7j5r,WO-651.003.01-2023-318,AE Cylinder Liner Inspection - 1M,Servicing,2023-03-31,,3rd Engineer,,2023-04-02,Approved,"SAFETY PROCEDURE (COMPANY)
===========================
Ensure compliance with safety procedures according to the company policy and requirements.

DESCRIPTION
===========
1. Liner Condition (Visual / Indirect)

Check for abnormal scavenge space condition (if accessible).

Look for signs of scuffing, scoring, or polishing (based on inspection ports or trend data).

Monitor liner condition through performance parameters if direct access is not possible.

2. Lubrication

Verify cylinder lubrication rate (if applicable) is as per maker’s recommendation.

Check lube oil distribution and absence of oil starvation signs.

Review lube oil consumption trends.

3. Cooling & Sealing

Monitor jacket water temperature and pressure related to cylinder No.01.

Check for cooling water leakage into cylinder or crankcase.

Verify condition of liner sealing arrangements (indirect observation).",,Minor adjustments carried out during AE Cylinder Liner Inspection - 1M. Performance within acceptable parameters.,f,2026-02-18 04:41:20.228729
1247,COMP-1768374768511-709kv1bk1,702.005.02,7440571a-841a-11ed-aa7c-7003bca91a86,JOB-1768375698538-eaypatso8,MKR-IN-00054,WO-1770967515004-x638wmceo,WO-702.005.02-2023-167,"Purifier, Routine - 1W",Servicing,2023-04-01,,3rd Engineer,,2023-04-03,Approved,"SAFETY PROCEDURE (COMPANY)
===========================
Ensure compliance with safety procedures according to the company policy and requirements.

JOB REFERENCE DETAILS
===================
Manual Name: 8M-3 INSTRUCTION MANAUL FOR PURIFIER;5303.pdf
Pdf Page No: 56
Chapter: 3. Maintenance Inspection Procedures
Section: 3.1 Routine checks

DESCRIPTION
===========
Routine Checks :
1. Check the feed rate with respect to set feed rate for any changes.
2. Check the temperature with set temperature level.
3. Check the pressure of light liquid outlet is to be coincide roughly with the set pressure of the leakage.
4. Check for any increase in vibration.
5. Check for operational noise in gear pump and bearing etc. 
6. Check the rated current on daily basis.
7. Check the gear pump oil quantity. 
8. Check the safety joint of gears for any deformation.
9. Check for oil leakage in pipe joints.
10. Check & adjust pressure LED (yellow) lit or flashing for Leakage Monitor.
11. Check indicate revolution LED (green) is flashing for Discharge Monitor.",,"Minor adjustments carried out during Purifier, Routine - 1W. Performance within acceptable parameters.",f,2026-02-18 04:41:20.223238
1246,COMP-1768374768443-sj0hmblft,653.003.06,7440571a-841a-11ed-aa7c-7003bca91a86,JOB-1768375698327-s9rfxwr8p,MKR-IN-00085,WO-1770967515004-ub6r65h4n,WO-653.003.06-2023-354,AE Cylinder Liner Inspection - 1M,Servicing,2023-04-05,,3rd Engineer,,2023-04-06,Approved,"SAFETY PROCEDURE (COMPANY)
===========================
Ensure compliance with safety procedures according to the company policy and requirements.

DESCRIPTION
===========
1. Liner Condition (Visual / Indirect)

Check for abnormal scavenge space condition (if accessible).

Look for signs of scuffing, scoring, or polishing (based on inspection ports or trend data).

Monitor liner condition through performance parameters if direct access is not possible.

2. Lubrication

Verify cylinder lubrication rate (if applicable) is as per maker’s recommendation.

Check lube oil distribution and absence of oil starvation signs.

Review lube oil consumption trends.

3. Cooling & Sealing

Monitor jacket water temperature and pressure related to cylinder No.01.

Check for cooling water leakage into cylinder or crankcase.

Verify condition of liner sealing arrangements (indirect observation).",,Required spare parts replaced during AE Cylinder Liner Inspection - 1M. Old parts retained for inspection.,f,2026-02-18 04:41:20.219041
1245,COMP-1768374767903-diu642k7j,665.003,7440571a-841a-11ed-aa7c-7003bca91a86,JOB-1768375698499-nup6nk1mh,MKR-IN-00088,WO-1770967515017-2yzh29kue,UWO-665.003-2023-593,Emergency Generator Drive Units - Control System Malfunction,Servicing,2023-04-03,,3rd Engineer,,2023-04-04,Approved,Control system showing intermittent faults. Checked connections and calibrated.,,Spare parts replaced as listed. Old parts retained for inspection/disposal.,f,2026-02-18 04:41:20.215047
1244,COMP-1768374768511-709kv1bk1,702.005.02,7440571a-841a-11ed-aa7c-7003bca91a86,JOB-1768375698538-eaypatso8,MKR-IN-00054,WO-1770967515004-vr9qlo6ia,WO-702.005.02-2023-168,"Purifier, Routine - 1W",Servicing,2023-04-07,,3rd Engineer,,2023-04-09,Approved,"SAFETY PROCEDURE (COMPANY)
===========================
Ensure compliance with safety procedures according to the company policy and requirements.

JOB REFERENCE DETAILS
===================
Manual Name: 8M-3 INSTRUCTION MANAUL FOR PURIFIER;5303.pdf
Pdf Page No: 56
Chapter: 3. Maintenance Inspection Procedures
Section: 3.1 Routine checks

DESCRIPTION
===========
Routine Checks :
1. Check the feed rate with respect to set feed rate for any changes.
2. Check the temperature with set temperature level.
3. Check the pressure of light liquid outlet is to be coincide roughly with the set pressure of the leakage.
4. Check for any increase in vibration.
5. Check for operational noise in gear pump and bearing etc. 
6. Check the rated current on daily basis.
7. Check the gear pump oil quantity. 
8. Check the safety joint of gears for any deformation.
9. Check for oil leakage in pipe joints.
10. Check & adjust pressure LED (yellow) lit or flashing for Leakage Monitor.
11. Check indicate revolution LED (green) is flashing for Discharge Monitor.",,All checks completed as per manufacturer guidelines. Next service due as scheduled.,f,2026-02-18 04:41:20.210711
1243,COMP-1768374767746-wfpx69w2n,652.002,7440571a-841a-11ed-aa7c-7003bca91a86,JOB-1768375698012-7xjbdpyvr,MKR-IN-00080,WO-1770967515019-v41ho2ugz,UWO-652.002-2023-873,AE2 Cylinder Covers W/Valves - Electrical Fault - Motor Trip,Servicing,2023-04-04,,2nd Engineer,,2023-04-06,Approved,Motor tripped on overload. Investigated and rectified fault.,,Checks completed as per manufacturer guidelines for AE2 Cylinder Covers W/Valves - Electrical Fault - Motor Trip. Next service due as scheduled.,f,2026-02-18 04:41:20.206802
1242,COMP-1768374768272-j6qabuv4y,651.004.06,7440571a-841a-11ed-aa7c-7003bca91a86,JOB-1768375697772-0pyb57iow,MKR-OV-00025,WO-1770978832254-g51p40n33,MKR-OV-00025-651.004.06-2023-035,AE Pistons and Connecting Rods Overhaul - 4000H,Maintenance,2023-04-16,,Chief Engineer,,2023-04-17,Approved,,,Small adjustments made to operating parameters. Equipment performance satisfactory.,f,2026-02-18 04:41:20.20301
1241,COMP-1768374768284-zy8h7pj65,651.007.04,7440571a-841a-11ed-aa7c-7003bca91a86,JOB-1768375697794-agb5u0732,MKR-IN-00015,WO-1770967515017-6ojpc9nmu,UWO-651.007.04-2023-513,"AE1 Main Bearings, Journals No.04 - Electrical Fault - Motor Trip",Servicing,2023-05-03,,2nd Engineer,,2023-05-05,Approved,Motor tripped on overload. Investigated and rectified fault.,,Minor additional findings recorded. Follow-up inspection recommended during next maintenance period.,f,2026-02-18 04:41:20.199438
1240,COMP-1768374768149-xq053ewev,601.005.02,7440571a-841a-11ed-aa7c-7003bca91a86,JOB-1768375697418-2fk1daqf0,MKR-IN-00076,WO-1770978832258-jea61o5jz,MKR-IN-00076-601.005.02-2023-397,"Main Engine – Connecting Rods, Crosshead & Guide Assemblies Inspection - 1M",Maintenance,2023-04-22,,4th Engineer,,2023-04-25,Approved,,,Consumable parts replaced as per maintenance plan. Used parts stored for disposal.,f,2026-02-18 04:41:20.194991
1239,COMP-1768374768260-vygwyhvh6,651.004.02,7440571a-841a-11ed-aa7c-7003bca91a86,JOB-1768375697751-mx1f2x1dn,MKR-OV-00025,WO-1770978832254-d5ia5ws3g,MKR-OV-00025-651.004.02-2023-024,AE Pistons and Connecting Rods Overhaul - 4000H,Maintenance,2023-05-02,,2nd Engineer,,2023-05-05,Approved,,,Required spare parts replaced during AE Pistons and Connecting Rods Overhaul - 4000H. Old parts retained for inspection.,f,2026-02-18 04:41:20.190701
1238,COMP-1768374768008-2wylx0zj5,601.003.03,7440571a-841a-11ed-aa7c-7003bca91a86,JOB-1768375697126-qtf6w0luu,MKR-OV-00012,WO-1770967515018-wnw2549ka,UWO-601.003.03-2023-717,ME Cylinder Liners No.03 - Electrical Fault - Motor Trip,Servicing,2023-04-16,,3rd Engineer,,2023-04-19,Approved,Motor tripped on overload. Investigated and rectified fault.,,Minor adjustments made. Equipment performance within acceptable parameters.,f,2026-02-18 04:41:20.186537
1237,COMP-1768374767771-lut5cz1br,653.020,7440571a-841a-11ed-aa7c-7003bca91a86,JOB-1768375698410-96x42qaxx,MKR-IN-00017,WO-1770967515017-f3dz7rfff,UWO-653.020-2023-576,AE3 Crankcase Doors W/Safety Valve - Electrical Fault - Motor Trip,Servicing,2023-04-13,,3rd Engineer,,2023-04-15,Approved,Motor tripped on overload. Investigated and rectified fault.,,All maintenance checks completed per OEM recommendations. Next scheduled service as per PMS.,f,2026-02-18 04:41:20.18312
1236,COMP-1768374768518-tf49j9qlz,702.010.02,7440571a-841a-11ed-aa7c-7003bca91a86,JOB-1768375698734-schfvgsje,MKR-IN-00057,WO-1770967515018-nin76n4ct,UWO-702.010.02-2023-778,DO Separator Booster Pumps No.02 - Sensor Failure - Replacement,Servicing,2023-04-17,,2nd Engineer,,2023-04-20,Approved,Temperature/pressure sensor giving erratic readings. Replaced sensor.,,All equipment tested satisfactorily post-maintenance. No abnormalities detected.,f,2026-02-18 04:41:20.179058
1235,COMP-1768374768254-nzjp2ebje,651.003.06,7440571a-841a-11ed-aa7c-7003bca91a86,JOB-1768375697741-368qu1o6c,MKR-IN-00085,WO-1770967515018-xug30p1p8,UWO-651.003.06-2023-623,AE1 Cylinder Liners No.06 - Control System Malfunction,Servicing,2023-04-13,,Chief Engineer,,2023-04-15,Approved,Control system showing intermittent faults. Checked connections and calibrated.,,Equipment tested satisfactorily after completion of AE1 Cylinder Liners No.06 - Control System Malfunction. No issues found.,f,2026-02-18 04:41:20.174504
1234,COMP-1768374767834-dbncpiany,601.053,7440571a-841a-11ed-aa7c-7003bca91a86,JOB-1768375697585-z6leju6xr,MKR-IN-00066,WO-1770967515015-yn4cp68s9,WO-601.053-2023-422,"ME Turbocharger Turbine, Cleaning - 500H",Servicing,2023-04-13,,2nd Engineer,,2023-04-16,Approved,"SAFETY PROCEDURE (COMPANY)
===========================
Ensure compliance with safety procedures according to the company policy and requirements.

JOB REFERENCE DETAILS
===================
Manual Name: 3M-2 DIESEL ENGINE VOL II;5303.pdf
Pdf Page No: 196, 171, 172
Job Reference: Group No. 400
Chapter: Maintenance Schedule Of Main Parts


DESCRIPTION
===========
1. Cleaning of turbine side of turbocharger to be carried out (vegetal solid cleaning).",,Minor adjustments made. Equipment performance within acceptable parameters.,f,2026-02-18 04:41:20.169879
1233,COMP-1768374768511-709kv1bk1,702.005.02,7440571a-841a-11ed-aa7c-7003bca91a86,JOB-1768375698538-eaypatso8,MKR-IN-00054,WO-1770967515004-f0nl600lv,WO-702.005.02-2023-169,"Purifier, Routine - 1W",Servicing,2023-04-14,,3rd Engineer,,2023-04-15,Approved,"SAFETY PROCEDURE (COMPANY)
===========================
Ensure compliance with safety procedures according to the company policy and requirements.

JOB REFERENCE DETAILS
===================
Manual Name: 8M-3 INSTRUCTION MANAUL FOR PURIFIER;5303.pdf
Pdf Page No: 56
Chapter: 3. Maintenance Inspection Procedures
Section: 3.1 Routine checks

DESCRIPTION
===========
Routine Checks :
1. Check the feed rate with respect to set feed rate for any changes.
2. Check the temperature with set temperature level.
3. Check the pressure of light liquid outlet is to be coincide roughly with the set pressure of the leakage.
4. Check for any increase in vibration.
5. Check for operational noise in gear pump and bearing etc. 
6. Check the rated current on daily basis.
7. Check the gear pump oil quantity. 
8. Check the safety joint of gears for any deformation.
9. Check for oil leakage in pipe joints.
10. Check & adjust pressure LED (yellow) lit or flashing for Leakage Monitor.
11. Check indicate revolution LED (green) is flashing for Discharge Monitor.",,Work delayed due to weather/operational constraints. Completed during port stay.,f,2026-02-18 04:41:20.165826
1232,COMP-1768374768518-tf49j9qlz,702.010.02,7440571a-841a-11ed-aa7c-7003bca91a86,JOB-1768375698734-schfvgsje,MKR-IN-00057,WO-1770967515018-1xdol7nyx,UWO-702.010.02-2023-707,DO Separator Booster Pumps No.02 - Sensor Failure - Replacement,Servicing,2023-04-20,,3rd Engineer,,2023-04-21,Approved,Temperature/pressure sensor giving erratic readings. Replaced sensor.,,Work on DO Separator Booster Pumps No.02 - Sensor Failure - Replacement delayed due to operational requirements. Completed during next available window.,f,2026-02-18 04:41:20.161107
1231,COMP-1768374768319-j4kgq3mjf,652.002.02,7440571a-841a-11ed-aa7c-7003bca91a86,JOB-1768375698020-wikm0w4cg,MKR-IN-00080,WO-1770978832260-0gul6j12g,MKR-IN-00080-652.002.02-2023-614,AE Cylinder Covers with Valves Inspection - 1M,Maintenance,2023-04-29,,2nd Engineer,,2023-05-02,Approved,,,Required spare parts replaced during AE Cylinder Covers with Valves Inspection - 1M. Old parts retained for inspection.,f,2026-02-18 04:41:20.156901
1230,COMP-1768374768319-j4kgq3mjf,652.002.02,7440571a-841a-11ed-aa7c-7003bca91a86,JOB-1768375698020-wikm0w4cg,MKR-IN-00080,WO-1770978832260-n2y7h15e0,MKR-IN-00080-652.002.02-2023-615,AE Cylinder Covers with Valves Inspection - 1M,Maintenance,2023-05-04,,Chief Engineer,,2023-05-05,Approved,,,Work on AE Cylinder Covers with Valves Inspection - 1M delayed due to operational requirements. Completed during next available window.,f,2026-02-18 04:41:20.15267
1229,COMP-1768374768511-709kv1bk1,702.005.02,7440571a-841a-11ed-aa7c-7003bca91a86,JOB-1768375698538-eaypatso8,MKR-IN-00054,WO-1770967515004-2wkmkyd5z,WO-702.005.02-2023-170,"Purifier, Routine - 1W",Servicing,2023-04-25,,3rd Engineer,,2023-04-27,Approved,"SAFETY PROCEDURE (COMPANY)
===========================
Ensure compliance with safety procedures according to the company policy and requirements.

JOB REFERENCE DETAILS
===================
Manual Name: 8M-3 INSTRUCTION MANAUL FOR PURIFIER;5303.pdf
Pdf Page No: 56
Chapter: 3. Maintenance Inspection Procedures
Section: 3.1 Routine checks

DESCRIPTION
===========
Routine Checks :
1. Check the feed rate with respect to set feed rate for any changes.
2. Check the temperature with set temperature level.
3. Check the pressure of light liquid outlet is to be coincide roughly with the set pressure of the leakage.
4. Check for any increase in vibration.
5. Check for operational noise in gear pump and bearing etc. 
6. Check the rated current on daily basis.
7. Check the gear pump oil quantity. 
8. Check the safety joint of gears for any deformation.
9. Check for oil leakage in pipe joints.
10. Check & adjust pressure LED (yellow) lit or flashing for Leakage Monitor.
11. Check indicate revolution LED (green) is flashing for Discharge Monitor.",,"Equipment tested satisfactorily after completion of Purifier, Routine - 1W. No issues found.",f,2026-02-18 04:41:20.148759
1228,COMP-1768374767879-whkjy1n4i,653.001,7440571a-841a-11ed-aa7c-7003bca91a86,JOB-1768375698249-857uxmj8e,MKR-IN-00014,WO-1770967515018-52go4ij10,UWO-653.001-2023-632,"Aux. Diesel Generator Aggregates, Complete No.03 - Fuel System Contamination",Servicing,2023-04-27,,2nd Engineer,,2023-04-29,Approved,Fuel oil contamination detected. Purifier and filters cleaned/replaced.,,Small adjustments made to operating parameters. Equipment performance satisfactory.,f,2026-02-18 04:41:20.144748
1227,COMP-1768374767629-hvyca8n5q,50,7440571a-841a-11ed-aa7c-7003bca91a86,JOB-1768375697009-atjcavi6y,MKR-IN-00073,WO-1770967515018-w0hx4sxtj,UWO-50-2023-718,"LIFESAVING, PROTECTION & MEDICAL EQUIPMENT - Filter Blockage - Emergency Cleaning",Servicing,2023-04-21,,3rd Engineer,,2023-04-23,Approved,Filter differential pressure high. Emergency cleaning/replacement carried out.,,All equipment tested satisfactorily post-maintenance. No abnormalities detected.,f,2026-02-18 04:41:20.140147
1226,COMP-1768374768178-hmzqv0b2h,601.007.06,7440571a-841a-11ed-aa7c-7003bca91a86,JOB-1768375697472-y6r94qbm9,MKR-IN-00064,WO-1770967515018-uvl5gqw3i,UWO-601.007.06-2023-805,"ME Main Bearings, Journals No.06 - Sensor Failure - Replacement",Servicing,2023-04-22,,4th Engineer,,2023-04-24,Approved,Temperature/pressure sensor giving erratic readings. Replaced sensor.,,Consumable parts replaced as per maintenance plan. Used parts stored for disposal.,f,2026-02-18 04:41:20.13605
1225,COMP-1768374768331-25r3c2xap,652.002.06,7440571a-841a-11ed-aa7c-7003bca91a86,JOB-1768375698047-6mz6g3di5,MKR-IN-00080,WO-1770967515018-icy65341w,UWO-652.002.06-2023-643,AE2 Cylinder Covers W/Valves No.06 - Cooling System Malfunction,Servicing,2023-04-30,,4th Engineer,,2023-05-03,Approved,Cooling water temperature rising. Investigated and cleaned heat exchanger.,,Equipment tested satisfactorily after completion of AE2 Cylinder Covers W/Valves No.06 - Cooling System Malfunction. No issues found.,f,2026-02-18 04:41:20.131679
1224,COMP-1768374768511-709kv1bk1,702.005.02,7440571a-841a-11ed-aa7c-7003bca91a86,JOB-1768375698538-eaypatso8,MKR-IN-00054,WO-1770967515004-5xelznh0f,WO-702.005.02-2023-171,"Purifier, Routine - 1W",Servicing,2023-04-30,,3rd Engineer,,2023-05-03,Approved,"SAFETY PROCEDURE (COMPANY)
===========================
Ensure compliance with safety procedures according to the company policy and requirements.

JOB REFERENCE DETAILS
===================
Manual Name: 8M-3 INSTRUCTION MANAUL FOR PURIFIER;5303.pdf
Pdf Page No: 56
Chapter: 3. Maintenance Inspection Procedures
Section: 3.1 Routine checks

DESCRIPTION
===========
Routine Checks :
1. Check the feed rate with respect to set feed rate for any changes.
2. Check the temperature with set temperature level.
3. Check the pressure of light liquid outlet is to be coincide roughly with the set pressure of the leakage.
4. Check for any increase in vibration.
5. Check for operational noise in gear pump and bearing etc. 
6. Check the rated current on daily basis.
7. Check the gear pump oil quantity. 
8. Check the safety joint of gears for any deformation.
9. Check for oil leakage in pipe joints.
10. Check & adjust pressure LED (yellow) lit or flashing for Leakage Monitor.
11. Check indicate revolution LED (green) is flashing for Discharge Monitor.",,All maintenance checks completed per OEM recommendations. Next scheduled service as per PMS.,f,2026-02-18 04:41:20.127731
1223,COMP-1768374768413-351xv2g4n,653.002.02,7440571a-841a-11ed-aa7c-7003bca91a86,JOB-1768375698262-ndeyptgiq,MKR-IN-00080,WO-1770978832260-ikif5iwry,MKR-IN-00080-653.002.02-2023-688,AE Cylinder Covers with Valves Inspection - 1M,Maintenance,2023-05-20,,Chief Engineer,,2023-05-23,Approved,,,All equipment tested satisfactorily post-maintenance. No abnormalities detected.,f,2026-02-18 04:41:20.124065
1222,COMP-1768374768221-1uo61tqy1,651.002.01,7440571a-841a-11ed-aa7c-7003bca91a86,JOB-1768375697677-l4b48zr2y,MKR-IN-00080,WO-1770978832259-rdq4ox254,MKR-IN-00080-651.002.01-2023-507,AE Cylinder Covers with Valves Inspection - 1M,Maintenance,2023-05-12,,2nd Engineer,,2023-05-14,Approved,,,Equipment tested satisfactorily after maintenance. No issues found.,f,2026-02-18 04:41:20.120016
1221,COMP-1768374768499-1hu1iti6z,653.020.05,7440571a-841a-11ed-aa7c-7003bca91a86,JOB-1768375698452-ia0tiy6fm,MKR-IN-00017,WO-1770967515018-mhvs07n11,UWO-653.020.05-2023-622,AE3 Crankcase Doors W/Safety Valve No.05 - Alarm Investigation - System Check,Servicing,2023-05-13,,4th Engineer,,2023-05-16,Approved,Investigated alarm. Found faulty sensor/connection. Rectified.,,All equipment tested satisfactorily post-maintenance. No abnormalities detected.,f,2026-02-18 04:41:20.115457
1220,COMP-1768374768130-yqa3gw7x0,601.004.02,7440571a-841a-11ed-aa7c-7003bca91a86,JOB-1768375697357-7izaa96lh,MKR-OV-00011,WO-1770967515018-tp4xy9w9g,UWO-601.004.02-2023-762,"ME Pistons, Piston Rods No.02 - Pump Seal Failure - Emergency Repair",Servicing,2023-05-01,,2nd Engineer,,2023-05-02,Approved,Pump seal found leaking during routine watch. Emergency repair carried out.,,All equipment tested satisfactorily post-maintenance. No abnormalities detected.,f,2026-02-18 04:41:20.110961
1219,COMP-1768374768239-6wbm7nkr9,651.003.01,7440571a-841a-11ed-aa7c-7003bca91a86,JOB-1768375697715-p7a1yt6pq,MKR-IN-00085,WO-1770967515004-f1slbhguu,WO-651.003.01-2023-319,AE Cylinder Liner Inspection - 1M,Servicing,2023-05-01,,3rd Engineer,,2023-05-04,Approved,"SAFETY PROCEDURE (COMPANY)
===========================
Ensure compliance with safety procedures according to the company policy and requirements.

DESCRIPTION
===========
1. Liner Condition (Visual / Indirect)

Check for abnormal scavenge space condition (if accessible).

Look for signs of scuffing, scoring, or polishing (based on inspection ports or trend data).

Monitor liner condition through performance parameters if direct access is not possible.

2. Lubrication

Verify cylinder lubrication rate (if applicable) is as per maker’s recommendation.

Check lube oil distribution and absence of oil starvation signs.

Review lube oil consumption trends.

3. Cooling & Sealing

Monitor jacket water temperature and pressure related to cylinder No.01.

Check for cooling water leakage into cylinder or crankcase.

Verify condition of liner sealing arrangements (indirect observation).",,All maintenance checks completed per OEM recommendations. Next scheduled service as per PMS.,f,2026-02-18 04:41:20.106824
1218,COMP-1768374768511-709kv1bk1,702.005.02,7440571a-841a-11ed-aa7c-7003bca91a86,JOB-1768375698538-eaypatso8,MKR-IN-00054,WO-1770967515004-g5w16ziu2,WO-702.005.02-2023-172,"Purifier, Routine - 1W",Servicing,2023-05-07,,3rd Engineer,,2023-05-08,Approved,"SAFETY PROCEDURE (COMPANY)
===========================
Ensure compliance with safety procedures according to the company policy and requirements.

JOB REFERENCE DETAILS
===================
Manual Name: 8M-3 INSTRUCTION MANAUL FOR PURIFIER;5303.pdf
Pdf Page No: 56
Chapter: 3. Maintenance Inspection Procedures
Section: 3.1 Routine checks

DESCRIPTION
===========
Routine Checks :
1. Check the feed rate with respect to set feed rate for any changes.
2. Check the temperature with set temperature level.
3. Check the pressure of light liquid outlet is to be coincide roughly with the set pressure of the leakage.
4. Check for any increase in vibration.
5. Check for operational noise in gear pump and bearing etc. 
6. Check the rated current on daily basis.
7. Check the gear pump oil quantity. 
8. Check the safety joint of gears for any deformation.
9. Check for oil leakage in pipe joints.
10. Check & adjust pressure LED (yellow) lit or flashing for Leakage Monitor.
11. Check indicate revolution LED (green) is flashing for Discharge Monitor.",,Equipment tested satisfactorily after maintenance. No issues found.,f,2026-02-18 04:41:20.101959
1217,COMP-1768374768485-qiarsuw05,653.020.01,7440571a-841a-11ed-aa7c-7003bca91a86,JOB-1768375698410-96x42qaxx,MKR-IN-00017,WO-1770978832255-5dycbdi4u,MKR-IN-00017-653.020.01-2023-139,"DG Cylinder Liner, Visual Check - 2Y/8000H",Maintenance,2023-05-30,,4th Engineer,,2023-05-31,Approved,,,"Checks completed as per manufacturer guidelines for DG Cylinder Liner, Visual Check - 2Y/8000H. Next service due as scheduled.",f,2026-02-18 04:41:20.0975
1216,COMP-1768374768149-xq053ewev,601.005.02,7440571a-841a-11ed-aa7c-7003bca91a86,JOB-1768375697418-2fk1daqf0,MKR-IN-00076,WO-1770978832258-7wefom36k,MKR-IN-00076-601.005.02-2023-398,"Main Engine – Connecting Rods, Crosshead & Guide Assemblies Inspection - 1M",Maintenance,2023-05-12,,Chief Engineer,,2023-05-13,Approved,,,All checks completed as per manufacturer guidelines. Next service due as scheduled.,f,2026-02-18 04:41:20.093047
1215,COMP-1768374768443-sj0hmblft,653.003.06,7440571a-841a-11ed-aa7c-7003bca91a86,JOB-1768375698327-s9rfxwr8p,MKR-IN-00085,WO-1770967515004-571nzgetr,WO-653.003.06-2023-355,AE Cylinder Liner Inspection - 1M,Servicing,2023-05-07,,3rd Engineer,,2023-05-08,Approved,"SAFETY PROCEDURE (COMPANY)
===========================
Ensure compliance with safety procedures according to the company policy and requirements.

DESCRIPTION
===========
1. Liner Condition (Visual / Indirect)

Check for abnormal scavenge space condition (if accessible).

Look for signs of scuffing, scoring, or polishing (based on inspection ports or trend data).

Monitor liner condition through performance parameters if direct access is not possible.

2. Lubrication

Verify cylinder lubrication rate (if applicable) is as per maker’s recommendation.

Check lube oil distribution and absence of oil starvation signs.

Review lube oil consumption trends.

3. Cooling & Sealing

Monitor jacket water temperature and pressure related to cylinder No.01.

Check for cooling water leakage into cylinder or crankcase.

Verify condition of liner sealing arrangements (indirect observation).",,Small adjustments made to operating parameters. Equipment performance satisfactory.,f,2026-02-18 04:41:20.088597
1214,COMP-1768374768221-1uo61tqy1,651.002.01,7440571a-841a-11ed-aa7c-7003bca91a86,JOB-1768375697677-l4b48zr2y,MKR-IN-00080,WO-1770978832259-lvbls7mib,MKR-IN-00080-651.002.01-2023-499,AE Cylinder Covers with Valves Inspection - 1M,Maintenance,2023-05-31,,Electrican,,2023-06-02,Approved,,,All equipment tested satisfactorily post-maintenance. No abnormalities detected.,f,2026-02-18 04:41:20.083333
1213,COMP-1768374767950-2ln09g0jp,285.001.10,7440571a-841a-11ed-aa7c-7003bca91a86,JOB-1768375696881-rh3q9wjwg,MKR-IN-00072,WO-1770978832256-n5fkjfdw7,MKR-IN-00072-285.001.10-2023-263,Ballast Tanks Inspection - 1M,Maintenance,2023-06-04,,Electrican,,2023-06-07,Approved,,,All maintenance checks completed per OEM recommendations. Next scheduled service as per PMS.,f,2026-02-18 04:41:20.078499
1212,COMP-1768374768511-709kv1bk1,702.005.02,7440571a-841a-11ed-aa7c-7003bca91a86,JOB-1768375698538-eaypatso8,MKR-IN-00054,WO-1770967515004-z3am4bjde,WO-702.005.02-2023-173,"Purifier, Routine - 1W",Servicing,2023-05-16,,3rd Engineer,,2023-05-17,Approved,"SAFETY PROCEDURE (COMPANY)
===========================
Ensure compliance with safety procedures according to the company policy and requirements.

JOB REFERENCE DETAILS
===================
Manual Name: 8M-3 INSTRUCTION MANAUL FOR PURIFIER;5303.pdf
Pdf Page No: 56
Chapter: 3. Maintenance Inspection Procedures
Section: 3.1 Routine checks

DESCRIPTION
===========
Routine Checks :
1. Check the feed rate with respect to set feed rate for any changes.
2. Check the temperature with set temperature level.
3. Check the pressure of light liquid outlet is to be coincide roughly with the set pressure of the leakage.
4. Check for any increase in vibration.
5. Check for operational noise in gear pump and bearing etc. 
6. Check the rated current on daily basis.
7. Check the gear pump oil quantity. 
8. Check the safety joint of gears for any deformation.
9. Check for oil leakage in pipe joints.
10. Check & adjust pressure LED (yellow) lit or flashing for Leakage Monitor.
11. Check indicate revolution LED (green) is flashing for Discharge Monitor.",,"Equipment tested satisfactorily after completion of Purifier, Routine - 1W. No issues found.",f,2026-02-18 04:41:20.074441
1211,COMP-1768374768550-hmn480hin,721.003.02,7440571a-841a-11ed-aa7c-7003bca91a86,JOB-1768375698912-xnnsp4l25,MKR-IN-00061,WO-1770967515017-w0j7ouu8c,UWO-721.003.02-2023-614,Aux. Sw Cooling Pumps No.02 - Sensor Failure - Replacement,Servicing,2023-05-18,,Chief Engineer,,2023-05-20,Approved,Temperature/pressure sensor giving erratic readings. Replaced sensor.,,Minor adjustments carried out during Aux. Sw Cooling Pumps No.02 - Sensor Failure - Replacement. Performance within acceptable parameters.,f,2026-02-18 04:41:20.070261
1210,COMP-1768374768134-1plkxrd1k,601.004.03,7440571a-841a-11ed-aa7c-7003bca91a86,JOB-1768375697375-cr8tdi34d,MKR-IN-00063,WO-1770978832256-45szxzxc6,MKR-IN-00063-601.004.03-2023-334,"ME Piston And Rings, Inspection - 500H",Maintenance,2023-05-27,,2nd Engineer,,2023-05-28,Approved,,,Equipment tested satisfactorily after maintenance. No issues found.,f,2026-02-18 04:41:20.066802
1209,COMP-1768374768301-upffa3sjd,651.020.03,7440571a-841a-11ed-aa7c-7003bca91a86,JOB-1768375697842-136orwitk,MKR-IN-00017,WO-1770967515017-dkvscu04m,UWO-651.020.03-2023-524,AE1 Crankcase Doors W/Safety Valve No.03 - Cooling System Malfunction,Servicing,2023-05-16,,4th Engineer,,2023-05-17,Approved,Cooling water temperature rising. Investigated and cleaned heat exchanger.,,Equipment tested satisfactorily after maintenance. No issues found.,f,2026-02-18 04:41:20.062665
1208,COMP-1768374768474-rq2pj4dpy,653.007.04,7440571a-841a-11ed-aa7c-7003bca91a86,JOB-1768375698383-mztqkv98p,MKR-IN-00015,WO-1770967515017-pzl3kp5ma,UWO-653.007.04-2023-506,"AE3 Main Bearings, Journals No.04 - Bearing Overheating - Emergency Maintenance",Servicing,2023-05-24,,3rd Engineer,,2023-05-25,Approved,Bearing temperature rising above normal. Emergency maintenance carried out.,,Minor adjustments made. Equipment performance within acceptable parameters.,f,2026-02-18 04:41:20.058301
1207,COMP-1768374767834-dbncpiany,601.053,7440571a-841a-11ed-aa7c-7003bca91a86,JOB-1768375697585-z6leju6xr,MKR-IN-00066,WO-1770967515015-46ejuh3xc,WO-601.053-2023-423,"ME Turbocharger Turbine, Cleaning - 500H",Servicing,2023-05-17,,2nd Engineer,,2023-05-19,Approved,"SAFETY PROCEDURE (COMPANY)
===========================
Ensure compliance with safety procedures according to the company policy and requirements.

JOB REFERENCE DETAILS
===================
Manual Name: 3M-2 DIESEL ENGINE VOL II;5303.pdf
Pdf Page No: 196, 171, 172
Job Reference: Group No. 400
Chapter: Maintenance Schedule Of Main Parts


DESCRIPTION
===========
1. Cleaning of turbine side of turbocharger to be carried out (vegetal solid cleaning).",,All equipment tested satisfactorily post-maintenance. No abnormalities detected.,f,2026-02-18 04:41:20.054514
1206,COMP-1768374768225-48hk6uhgn,651.002.02,7440571a-841a-11ed-aa7c-7003bca91a86,JOB-1768375697685-xfdk7mrhe,MKR-IN-00080,WO-1770967515018-0nudwlfgb,UWO-651.002.02-2023-772,AE1 Cylinder Covers W/Valves No.02 - Pipe Leakage - Welding Repair,Servicing,2023-05-23,,2nd Engineer,,2023-05-25,Approved,"Pipe leakage found in engine room. Temporary repair carried out, permanent repair planned.",,Equipment tested satisfactorily after completion of AE1 Cylinder Covers W/Valves No.02 - Pipe Leakage - Welding Repair. No issues found.,f,2026-02-18 04:41:20.049152
1205,COMP-1768374767903-diu642k7j,665.003,7440571a-841a-11ed-aa7c-7003bca91a86,JOB-1768375698499-nup6nk1mh,MKR-IN-00088,WO-1770967515018-ovyej7hds,UWO-665.003-2023-785,Emergency Generator Drive Units - Pipe Leakage - Welding Repair,Servicing,2023-05-18,,3rd Engineer,,2023-05-21,Approved,"Pipe leakage found in engine room. Temporary repair carried out, permanent repair planned.",,All equipment tested satisfactorily post-maintenance. No abnormalities detected.,f,2026-02-18 04:41:20.045003
1204,COMP-1768374767933-vto5y1uh1,285.001.05,7440571a-841a-11ed-aa7c-7003bca91a86,JOB-1768375696851-ndejb6eas,MKR-IN-00072,WO-1770978832255-7i1zsi95j,MKR-IN-00072-285.001.05-2023-201,Ballast Tanks Inspection - 1M,Maintenance,2023-06-03,,Electrican,,2023-06-06,Approved,,,All equipment tested satisfactorily post-maintenance. No abnormalities detected.,f,2026-02-18 04:41:20.040746
1203,COMP-1768374768511-709kv1bk1,702.005.02,7440571a-841a-11ed-aa7c-7003bca91a86,JOB-1768375698538-eaypatso8,MKR-IN-00054,WO-1770967515004-56nxzo8n8,WO-702.005.02-2023-174,"Purifier, Routine - 1W",Servicing,2023-05-23,,3rd Engineer,,2023-05-25,Approved,"SAFETY PROCEDURE (COMPANY)
===========================
Ensure compliance with safety procedures according to the company policy and requirements.

JOB REFERENCE DETAILS
===================
Manual Name: 8M-3 INSTRUCTION MANAUL FOR PURIFIER;5303.pdf
Pdf Page No: 56
Chapter: 3. Maintenance Inspection Procedures
Section: 3.1 Routine checks

DESCRIPTION
===========
Routine Checks :
1. Check the feed rate with respect to set feed rate for any changes.
2. Check the temperature with set temperature level.
3. Check the pressure of light liquid outlet is to be coincide roughly with the set pressure of the leakage.
4. Check for any increase in vibration.
5. Check for operational noise in gear pump and bearing etc. 
6. Check the rated current on daily basis.
7. Check the gear pump oil quantity. 
8. Check the safety joint of gears for any deformation.
9. Check for oil leakage in pipe joints.
10. Check & adjust pressure LED (yellow) lit or flashing for Leakage Monitor.
11. Check indicate revolution LED (green) is flashing for Discharge Monitor.",,"Equipment tested satisfactorily after completion of Purifier, Routine - 1W. No issues found.",f,2026-02-18 04:41:20.033763
1202,COMP-1768374768210-pv86y7jsq,601.066.03,7440571a-841a-11ed-aa7c-7003bca91a86,JOB-1768375697641-9ro3dhhfo,MKR-IN-00079,WO-1770978832259-mt3c6btg5,MKR-IN-00079-601.066.03-2023-467,Main Engine – Indicator Valves & Indicators Inspection - 1M,Maintenance,2023-06-10,,4th Engineer,,2023-06-13,Approved,,,Equipment tested satisfactorily after maintenance. No issues found.,f,2026-02-18 04:41:20.027608
1201,COMP-1768374768216-m2muvqs0s,601.066.05,7440571a-841a-11ed-aa7c-7003bca91a86,JOB-1768375697655-5q8kd9vp1,MKR-IN-00079,WO-1770978832259-cuha5dax8,MKR-IN-00079-601.066.05-2023-475,Main Engine – Indicator Valves & Indicators Inspection - 1M,Maintenance,2023-05-27,,2nd Engineer,,2023-05-29,Approved,,,Completion delayed due to vessel operational schedule. Work carried out during port call.,f,2026-02-18 04:41:20.02294
1200,COMP-1768374767774-xfwhcbha5,702.005,7440571a-841a-11ed-aa7c-7003bca91a86,JOB-1768375698505-5h32zwd3i,MKR-IN-00054,WO-1770967515018-40bzq0btk,UWO-702.005-2023-779,FO Separators - Pump Seal Failure - Emergency Repair,Servicing,2023-06-03,,2nd Engineer,,2023-06-05,Approved,Pump seal found leaking during routine watch. Emergency repair carried out.,,Work on FO Separators - Pump Seal Failure - Emergency Repair delayed due to operational requirements. Completed during next available window.,f,2026-02-18 04:41:20.018515
1199,COMP-1768374768018-sxxzy0r5b,601.003.05,7440571a-841a-11ed-aa7c-7003bca91a86,JOB-1768375697137-lfxt4na7g,MKR-OV-00012,WO-1770978832256-ytzantoda,MKR-OV-00012-601.003.05-2023-291,"ME Cylinder Liner, Overhaul - 6000H",Maintenance,2023-06-07,,4th Engineer,,2023-06-09,Approved,,,Spare parts replaced as listed. Old parts retained for inspection/disposal.,f,2026-02-18 04:41:20.01468
1198,COMP-1768374768511-709kv1bk1,702.005.02,7440571a-841a-11ed-aa7c-7003bca91a86,JOB-1768375698538-eaypatso8,MKR-IN-00054,WO-1770967515004-2tw7as5pe,WO-702.005.02-2023-175,"Purifier, Routine - 1W",Servicing,2023-05-30,,3rd Engineer,,2023-06-02,Approved,"SAFETY PROCEDURE (COMPANY)
===========================
Ensure compliance with safety procedures according to the company policy and requirements.

JOB REFERENCE DETAILS
===================
Manual Name: 8M-3 INSTRUCTION MANAUL FOR PURIFIER;5303.pdf
Pdf Page No: 56
Chapter: 3. Maintenance Inspection Procedures
Section: 3.1 Routine checks

DESCRIPTION
===========
Routine Checks :
1. Check the feed rate with respect to set feed rate for any changes.
2. Check the temperature with set temperature level.
3. Check the pressure of light liquid outlet is to be coincide roughly with the set pressure of the leakage.
4. Check for any increase in vibration.
5. Check for operational noise in gear pump and bearing etc. 
6. Check the rated current on daily basis.
7. Check the gear pump oil quantity. 
8. Check the safety joint of gears for any deformation.
9. Check for oil leakage in pipe joints.
10. Check & adjust pressure LED (yellow) lit or flashing for Leakage Monitor.
11. Check indicate revolution LED (green) is flashing for Discharge Monitor.",,Equipment tested satisfactorily after maintenance. No issues found.,f,2026-02-18 04:41:20.009156
1197,COMP-1768374767903-diu642k7j,665.003,7440571a-841a-11ed-aa7c-7003bca91a86,JOB-1768375698499-nup6nk1mh,MKR-IN-00088,WO-1770967515017-20dn1sejr,UWO-665.003-2023-530,Emergency Generator Drive Units - Control System Malfunction,Servicing,2023-05-31,,3rd Engineer,,2023-06-02,Approved,Control system showing intermittent faults. Checked connections and calibrated.,,Minor adjustments carried out during Emergency Generator Drive Units - Control System Malfunction. Performance within acceptable parameters.,f,2026-02-18 04:41:20.00409
1196,COMP-1768374768307-nqfo8cn7a,651.020.05,7440571a-841a-11ed-aa7c-7003bca91a86,JOB-1768375697959-z0f5yveh0,MKR-IN-00017,WO-1770967515019-skcckrkpk,UWO-651.020.05-2023-847,AE1 Crankcase Doors W/Safety Valve No.05 - Fuel System Contamination,Servicing,2023-05-31,,4th Engineer,,2023-06-01,Approved,Fuel oil contamination detected. Purifier and filters cleaned/replaced.,,Equipment tested satisfactorily after maintenance. No issues found.,f,2026-02-18 04:41:19.998747
1195,COMP-1768374767845-490ayszf9,601.064,7440571a-841a-11ed-aa7c-7003bca91a86,JOB-1768375697624-8syczggwk,MKR-IN-00065,WO-1770978832254-d5b34vubf,MKR-IN-00065-601.064-2023-018,"ME Turning Gear V-belt, Inspection - 2000H",Maintenance,2023-06-10,,2nd Engineer,,2023-06-11,Approved,,,All equipment tested satisfactorily post-maintenance. No abnormalities detected.,f,2026-02-18 04:41:19.992726
1194,COMP-1768374767640-s13ura2ce,6,7440571a-841a-11ed-aa7c-7003bca91a86,JOB-1768375697064-mbfaqn8a4,MKR-IN-00074,WO-1770967515017-56b5b3lhw,UWO-6-2023-517,MACHINERY MAIN COMPONENTS - Pump Seal Failure - Emergency Repair,Servicing,2023-06-01,,2nd Engineer,,2023-06-04,Approved,Pump seal found leaking during routine watch. Emergency repair carried out.,,Equipment tested satisfactorily after maintenance. No issues found.,f,2026-02-18 04:41:19.986741
1193,COMP-1768374767859-rfmxd163z,651.053,7440571a-841a-11ed-aa7c-7003bca91a86,JOB-1768375697998-7mn72g6xy,MKR-OV-00027,WO-1770967515018-21t66iata,UWO-651.053-2023-684,AE1 Turbochargers - Fuel System Contamination,Servicing,2023-06-01,,3rd Engineer,,2023-06-02,Approved,Fuel oil contamination detected. Purifier and filters cleaned/replaced.,,All equipment tested satisfactorily post-maintenance. No abnormalities detected.,f,2026-02-18 04:41:19.981489
1192,COMP-1768374768269-0de9t3d2p,651.004.05,7440571a-841a-11ed-aa7c-7003bca91a86,JOB-1768375697766-nsag37a44,MKR-OV-00025,WO-1770967515019-uca198qx4,UWO-651.004.05-2023-829,AE1 Pistons And Connecting Rod No.05 - Sensor Failure - Replacement,Servicing,2023-05-31,,3rd Engineer,,2023-06-01,Approved,Temperature/pressure sensor giving erratic readings. Replaced sensor.,,Equipment tested satisfactorily after completion of AE1 Pistons And Connecting Rod No.05 - Sensor Failure - Replacement. No issues found.,f,2026-02-18 04:41:19.977156
1191,COMP-1768374767970-rjlhewmvb,554.005.01,7440571a-841a-11ed-aa7c-7003bca91a86,JOB-1768375697054-rbgk958fi,MKR-IN-00052,WO-1770967515018-7xwy3rsqn,UWO-554.005.01-2023-755,Condensers No.01 - Alarm Investigation - System Check,Servicing,2023-06-01,,2nd Engineer,,2023-06-02,Approved,Investigated alarm. Found faulty sensor/connection. Rectified.,,Work on Condensers No.01 - Alarm Investigation - System Check delayed due to operational requirements. Completed during next available window.,f,2026-02-18 04:41:19.973214
1190,COMP-1768374768239-6wbm7nkr9,651.003.01,7440571a-841a-11ed-aa7c-7003bca91a86,JOB-1768375697715-p7a1yt6pq,MKR-IN-00085,WO-1770967515004-hpxer7fhe,WO-651.003.01-2023-320,AE Cylinder Liner Inspection - 1M,Servicing,2023-06-04,,3rd Engineer,,2023-06-07,Approved,"SAFETY PROCEDURE (COMPANY)
===========================
Ensure compliance with safety procedures according to the company policy and requirements.

DESCRIPTION
===========
1. Liner Condition (Visual / Indirect)

Check for abnormal scavenge space condition (if accessible).

Look for signs of scuffing, scoring, or polishing (based on inspection ports or trend data).

Monitor liner condition through performance parameters if direct access is not possible.

2. Lubrication

Verify cylinder lubrication rate (if applicable) is as per maker’s recommendation.

Check lube oil distribution and absence of oil starvation signs.

Review lube oil consumption trends.

3. Cooling & Sealing

Monitor jacket water temperature and pressure related to cylinder No.01.

Check for cooling water leakage into cylinder or crankcase.

Verify condition of liner sealing arrangements (indirect observation).",,All equipment tested satisfactorily post-maintenance. No abnormalities detected.,f,2026-02-18 04:41:19.969342
1189,COMP-1768374768511-709kv1bk1,702.005.02,7440571a-841a-11ed-aa7c-7003bca91a86,JOB-1768375698538-eaypatso8,MKR-IN-00054,WO-1770967515004-j4avgbxd1,WO-702.005.02-2023-176,"Purifier, Routine - 1W",Servicing,2023-06-12,,3rd Engineer,,2023-06-13,Approved,"SAFETY PROCEDURE (COMPANY)
===========================
Ensure compliance with safety procedures according to the company policy and requirements.

JOB REFERENCE DETAILS
===================
Manual Name: 8M-3 INSTRUCTION MANAUL FOR PURIFIER;5303.pdf
Pdf Page No: 56
Chapter: 3. Maintenance Inspection Procedures
Section: 3.1 Routine checks

DESCRIPTION
===========
Routine Checks :
1. Check the feed rate with respect to set feed rate for any changes.
2. Check the temperature with set temperature level.
3. Check the pressure of light liquid outlet is to be coincide roughly with the set pressure of the leakage.
4. Check for any increase in vibration.
5. Check for operational noise in gear pump and bearing etc. 
6. Check the rated current on daily basis.
7. Check the gear pump oil quantity. 
8. Check the safety joint of gears for any deformation.
9. Check for oil leakage in pipe joints.
10. Check & adjust pressure LED (yellow) lit or flashing for Leakage Monitor.
11. Check indicate revolution LED (green) is flashing for Discharge Monitor.",,"Equipment tested satisfactorily after completion of Purifier, Routine - 1W. No issues found.",f,2026-02-18 04:41:19.962828
1188,COMP-1768374767787-1rtrrqq22,721.003,7440571a-841a-11ed-aa7c-7003bca91a86,JOB-1768375698895-78hi7zx4y,MKR-IN-00061,WO-1770967515018-davaei44d,UWO-721.003-2023-670,Aux. Sw Cooling Pumps - Valve Leakage - Immediate Repair,Servicing,2023-06-10,,3rd Engineer,,2023-06-11,Approved,Valve found leaking during rounds. Repacked gland and replaced gasket.,,All equipment tested satisfactorily post-maintenance. No abnormalities detected.,f,2026-02-18 04:41:19.957493
1187,COMP-1768374768260-vygwyhvh6,651.004.02,7440571a-841a-11ed-aa7c-7003bca91a86,JOB-1768375697751-mx1f2x1dn,MKR-OV-00025,WO-1770978832254-gelllztmo,MKR-OV-00025-651.004.02-2023-025,AE Pistons and Connecting Rods Overhaul - 4000H,Maintenance,2023-06-18,,4th Engineer,,2023-06-20,Approved,,,Small adjustments made to operating parameters. Equipment performance satisfactory.,f,2026-02-18 04:41:19.952734
1186,COMP-1768374768443-sj0hmblft,653.003.06,7440571a-841a-11ed-aa7c-7003bca91a86,JOB-1768375698327-s9rfxwr8p,MKR-IN-00085,WO-1770967515004-s18sa4pdj,WO-653.003.06-2023-356,AE Cylinder Liner Inspection - 1M,Servicing,2023-06-07,,3rd Engineer,,2023-06-08,Approved,"SAFETY PROCEDURE (COMPANY)
===========================
Ensure compliance with safety procedures according to the company policy and requirements.

DESCRIPTION
===========
1. Liner Condition (Visual / Indirect)

Check for abnormal scavenge space condition (if accessible).

Look for signs of scuffing, scoring, or polishing (based on inspection ports or trend data).

Monitor liner condition through performance parameters if direct access is not possible.

2. Lubrication

Verify cylinder lubrication rate (if applicable) is as per maker’s recommendation.

Check lube oil distribution and absence of oil starvation signs.

Review lube oil consumption trends.

3. Cooling & Sealing

Monitor jacket water temperature and pressure related to cylinder No.01.

Check for cooling water leakage into cylinder or crankcase.

Verify condition of liner sealing arrangements (indirect observation).",,Equipment tested satisfactorily after maintenance. No issues found.,f,2026-02-18 04:41:19.948841
1185,COMP-1768374767958-93if5ek0n,403.006.02,7440571a-841a-11ed-aa7c-7003bca91a86,JOB-1768375696917-oxxuwh1ys,MKR-IN-00044,WO-1770967515018-6nplyiivk,UWO-403.006.02-2023-714,Hydr. Oil Pumps No.02 - Hydraulic System Pressure Drop,Servicing,2023-06-10,,3rd Engineer,,2023-06-11,Approved,Hydraulic system pressure dropping. Investigated and found leaking fitting. Repaired.,,Minor adjustments made. Equipment performance within acceptable parameters.,f,2026-02-18 04:41:19.944314
1184,COMP-1768374768495-0ja4v2sqc,653.020.04,7440571a-841a-11ed-aa7c-7003bca91a86,JOB-1768375698442-isypmnw26,MKR-IN-00017,WO-1770967515017-6ujv9dqtq,UWO-653.020.04-2023-559,AE3 Crankcase Doors W/Safety Valve No.04 - Filter Blockage - Emergency Cleaning,Servicing,2023-06-06,,2nd Engineer,,2023-06-09,Approved,Filter differential pressure high. Emergency cleaning/replacement carried out.,,Checks completed as per manufacturer guidelines for AE3 Crankcase Doors W/Safety Valve No.04 - Filter Blockage - Emergency Cleaning. Next service due as scheduled.,f,2026-02-18 04:41:19.939122
1183,COMP-1768374768207-d3i05019v,601.066.02,7440571a-841a-11ed-aa7c-7003bca91a86,JOB-1768375697635-a4fcv6moo,MKR-IN-00079,WO-1770967515017-wbfbwu7z6,UWO-601.066.02-2023-481,ME Indicators No.02 - Fuel System Contamination,Servicing,2023-06-26,,3rd Engineer,,2023-06-27,Approved,Fuel oil contamination detected. Purifier and filters cleaned/replaced.,,Minor adjustments carried out during ME Indicators No.02 - Fuel System Contamination. Performance within acceptable parameters.,f,2026-02-18 04:41:19.934584
1182,COMP-1768374768511-709kv1bk1,702.005.02,7440571a-841a-11ed-aa7c-7003bca91a86,JOB-1768375698538-eaypatso8,MKR-IN-00054,WO-1770967515004-c5o1i7nna,WO-702.005.02-2023-177,"Purifier, Routine - 1W",Servicing,2023-06-11,,3rd Engineer,,2023-06-13,Approved,"SAFETY PROCEDURE (COMPANY)
===========================
Ensure compliance with safety procedures according to the company policy and requirements.

JOB REFERENCE DETAILS
===================
Manual Name: 8M-3 INSTRUCTION MANAUL FOR PURIFIER;5303.pdf
Pdf Page No: 56
Chapter: 3. Maintenance Inspection Procedures
Section: 3.1 Routine checks

DESCRIPTION
===========
Routine Checks :
1. Check the feed rate with respect to set feed rate for any changes.
2. Check the temperature with set temperature level.
3. Check the pressure of light liquid outlet is to be coincide roughly with the set pressure of the leakage.
4. Check for any increase in vibration.
5. Check for operational noise in gear pump and bearing etc. 
6. Check the rated current on daily basis.
7. Check the gear pump oil quantity. 
8. Check the safety joint of gears for any deformation.
9. Check for oil leakage in pipe joints.
10. Check & adjust pressure LED (yellow) lit or flashing for Leakage Monitor.
11. Check indicate revolution LED (green) is flashing for Discharge Monitor.",,"Work on Purifier, Routine - 1W delayed due to operational requirements. Completed during next available window.",f,2026-02-18 04:41:19.92931
1181,COMP-1768374767856-dwasfu724,651.046,7440571a-841a-11ed-aa7c-7003bca91a86,JOB-1768375697991-3zsiymc8c,MKR-OV-00026,WO-1770978832254-fc71ikc8u,MKR-OV-00026-651.046-2023-064,AE Lube Oil (LO) Filters Overhaul - 4000H,Maintenance,2023-06-17,,2nd Engineer,,2023-06-18,Approved,,,All equipment tested satisfactorily post-maintenance. No abnormalities detected.,f,2026-02-18 04:41:19.923328
1180,COMP-1768374768277-2urbzx2iu,651.007.02,7440571a-841a-11ed-aa7c-7003bca91a86,JOB-1768375697783-ugorwe9b8,MKR-IN-00015,WO-1770967515019-eb8pgajf7,UWO-651.007.02-2023-848,"AE1 Main Bearings, Journals No.02 - Hydraulic System Pressure Drop",Servicing,2023-06-12,,2nd Engineer,,2023-06-14,Approved,Hydraulic system pressure dropping. Investigated and found leaking fitting. Repaired.,,Minor adjustments made. Equipment performance within acceptable parameters.,f,2026-02-18 04:41:19.918246
1179,COMP-1768374767787-1rtrrqq22,721.003,7440571a-841a-11ed-aa7c-7003bca91a86,JOB-1768375698895-78hi7zx4y,MKR-IN-00061,WO-1770967515017-vd3ww9ckh,UWO-721.003-2023-488,Aux. Sw Cooling Pumps - Sensor Failure - Replacement,Servicing,2023-06-17,,2nd Engineer,,2023-06-20,Approved,Temperature/pressure sensor giving erratic readings. Replaced sensor.,,Minor adjustments made. Equipment performance within acceptable parameters.,f,2026-02-18 04:41:19.913493
1178,COMP-1768374767981-uq74gcyyp,601.002.02,7440571a-841a-11ed-aa7c-7003bca91a86,JOB-1768375697080-i4we3na15,MKR-IN-00075,WO-1770978832256-tc3rzz7mo,MKR-IN-00075-601.002.02-2023-279,Main Engine – Cylinder Covers with Valves Inspection - 4000H,Maintenance,2023-06-25,,Chief Engineer,,2023-06-28,Approved,,,Minor adjustments made. Equipment performance within acceptable parameters.,f,2026-02-18 04:41:19.909016
1177,COMP-1768374767884-8s61xigy8,653.018,7440571a-841a-11ed-aa7c-7003bca91a86,JOB-1768375698405-dy502mchl,MKR-IN-00086,WO-1770967515017-xk12t7pa1,UWO-653.018-2023-534,AE3 Crankcases - Control System Malfunction,Servicing,2023-06-21,,2nd Engineer,,2023-06-22,Approved,Control system showing intermittent faults. Checked connections and calibrated.,,Equipment tested satisfactorily after maintenance. No issues found.,f,2026-02-18 04:41:19.902162
1176,COMP-1768374767834-dbncpiany,601.053,7440571a-841a-11ed-aa7c-7003bca91a86,JOB-1768375697585-z6leju6xr,MKR-IN-00066,WO-1770967515015-7zr36iiox,WO-601.053-2023-424,"ME Turbocharger Turbine, Cleaning - 500H",Servicing,2023-06-21,,2nd Engineer,,2023-06-22,Approved,"SAFETY PROCEDURE (COMPANY)
===========================
Ensure compliance with safety procedures according to the company policy and requirements.

JOB REFERENCE DETAILS
===================
Manual Name: 3M-2 DIESEL ENGINE VOL II;5303.pdf
Pdf Page No: 196, 171, 172
Job Reference: Group No. 400
Chapter: Maintenance Schedule Of Main Parts


DESCRIPTION
===========
1. Cleaning of turbine side of turbocharger to be carried out (vegetal solid cleaning).",,"Work on ME Turbocharger Turbine, Cleaning - 500H delayed due to operational requirements. Completed during next available window.",f,2026-02-18 04:41:19.89412
1175,COMP-1768374768511-709kv1bk1,702.005.02,7440571a-841a-11ed-aa7c-7003bca91a86,JOB-1768375698538-eaypatso8,MKR-IN-00054,WO-1770967515004-42haoayle,WO-702.005.02-2023-178,"Purifier, Routine - 1W",Servicing,2023-06-20,,3rd Engineer,,2023-06-23,Approved,"SAFETY PROCEDURE (COMPANY)
===========================
Ensure compliance with safety procedures according to the company policy and requirements.

JOB REFERENCE DETAILS
===================
Manual Name: 8M-3 INSTRUCTION MANAUL FOR PURIFIER;5303.pdf
Pdf Page No: 56
Chapter: 3. Maintenance Inspection Procedures
Section: 3.1 Routine checks

DESCRIPTION
===========
Routine Checks :
1. Check the feed rate with respect to set feed rate for any changes.
2. Check the temperature with set temperature level.
3. Check the pressure of light liquid outlet is to be coincide roughly with the set pressure of the leakage.
4. Check for any increase in vibration.
5. Check for operational noise in gear pump and bearing etc. 
6. Check the rated current on daily basis.
7. Check the gear pump oil quantity. 
8. Check the safety joint of gears for any deformation.
9. Check for oil leakage in pipe joints.
10. Check & adjust pressure LED (yellow) lit or flashing for Leakage Monitor.
11. Check indicate revolution LED (green) is flashing for Discharge Monitor.",,Equipment tested satisfactorily after maintenance. No issues found.,f,2026-02-18 04:41:19.888593
1174,COMP-1768374768221-1uo61tqy1,651.002.01,7440571a-841a-11ed-aa7c-7003bca91a86,JOB-1768375697677-l4b48zr2y,MKR-IN-00080,WO-1770978832259-pnfymjg2i,MKR-IN-00080-651.002.01-2023-504,AE Cylinder Covers with Valves Inspection - 1M,Maintenance,2023-07-05,,Chief Engineer,,2023-07-08,Approved,,,Checks completed as per manufacturer guidelines for AE Cylinder Covers with Valves Inspection - 1M. Next service due as scheduled.,f,2026-02-18 04:41:19.882296
1173,COMP-1768374768143-4kulzp9vp,601.004.06,7440571a-841a-11ed-aa7c-7003bca91a86,JOB-1768375697407-3iv0aw13h,MKR-IN-00063,WO-1770978832258-sfwv0a8sn,MKR-IN-00063-601.004.06-2023-379,"ME Piston And Rings, Inspection - 500H",Maintenance,2023-07-12,,4th Engineer,,2023-07-15,Approved,,,"Required spare parts replaced during ME Piston And Rings, Inspection - 500H. Old parts retained for inspection.",f,2026-02-18 04:41:19.876644
1172,COMP-1768374767834-dbncpiany,601.053,7440571a-841a-11ed-aa7c-7003bca91a86,JOB-1768375697590-j5wqgs5qj,MKR-IN-00067,WO-1770967515016-bixb24icq,WO-601.053-2023-455,"ME Turbocharger Blower Side & Suction Filter, Cleaning - 2000H",Servicing,2023-06-26,,2nd Engineer,,2023-06-28,Approved,"SAFETY PROCEDURE (COMPANY)
===========================
Ensure compliance with safety procedures according to the company policy and requirements.

JOB REFERENCE DETAILS
===================
Manual Name: 3M-2 DIESEL ENGINE VOL II;5303.pdf
Pdf Page No: 196, 171, 172
Job Reference: Group No. 400
Chapter: Maintenance Schedule Of Main Parts


DESCRIPTION
===========
1. Cleaning of suction filter.
2. Dismantling and cleaning of blower side of turbocharger.",,All equipment tested satisfactorily post-maintenance. No abnormalities detected.,f,2026-02-18 04:41:19.869304
1171,COMP-1768374768157-suzt374w7,601.005.05,7440571a-841a-11ed-aa7c-7003bca91a86,JOB-1768375697435-jappx7g00,MKR-IN-00076,WO-1770967515017-9lin6ccmm,UWO-601.005.05-2023-502,"ME Connecting Rods, Crosshead, Guides No.05 - Cooling System Malfunction",Servicing,2023-06-24,,3rd Engineer,,2023-06-26,Approved,Cooling water temperature rising. Investigated and cleaned heat exchanger.,,All maintenance checks completed per OEM recommendations. Next scheduled service as per PMS.,f,2026-02-18 04:41:19.863426
1170,COMP-1768374768339-pzyj156x4,652.003.03,7440571a-841a-11ed-aa7c-7003bca91a86,JOB-1768375698065-nln0wy605,MKR-IN-00085,WO-1770967515017-rt3p979mf,UWO-652.003.03-2023-475,AE2 Cylinder Liners No.03 - Alarm Investigation - System Check,Servicing,2023-06-21,,2nd Engineer,,2023-06-24,Approved,Investigated alarm. Found faulty sensor/connection. Rectified.,,Required spare parts replaced during AE2 Cylinder Liners No.03 - Alarm Investigation - System Check. Old parts retained for inspection.,f,2026-02-18 04:41:19.858524
1169,COMP-1768374767884-8s61xigy8,653.018,7440571a-841a-11ed-aa7c-7003bca91a86,JOB-1768375698405-dy502mchl,MKR-IN-00086,WO-1770978832255-as0muamap,MKR-IN-00086-653.018-2023-136,AE Crankcase Detailed Inspection - 4000H,Maintenance,2023-06-24,,Electrican,,2023-06-25,Approved,,,Equipment tested satisfactorily after completion of AE Crankcase Detailed Inspection - 4000H. No issues found.,f,2026-02-18 04:41:19.851507
1168,COMP-1768374768511-709kv1bk1,702.005.02,7440571a-841a-11ed-aa7c-7003bca91a86,JOB-1768375698538-eaypatso8,MKR-IN-00054,WO-1770967515004-6ms8imge5,WO-702.005.02-2023-179,"Purifier, Routine - 1W",Servicing,2023-06-27,,3rd Engineer,,2023-06-29,Approved,"SAFETY PROCEDURE (COMPANY)
===========================
Ensure compliance with safety procedures according to the company policy and requirements.

JOB REFERENCE DETAILS
===================
Manual Name: 8M-3 INSTRUCTION MANAUL FOR PURIFIER;5303.pdf
Pdf Page No: 56
Chapter: 3. Maintenance Inspection Procedures
Section: 3.1 Routine checks

DESCRIPTION
===========
Routine Checks :
1. Check the feed rate with respect to set feed rate for any changes.
2. Check the temperature with set temperature level.
3. Check the pressure of light liquid outlet is to be coincide roughly with the set pressure of the leakage.
4. Check for any increase in vibration.
5. Check for operational noise in gear pump and bearing etc. 
6. Check the rated current on daily basis.
7. Check the gear pump oil quantity. 
8. Check the safety joint of gears for any deformation.
9. Check for oil leakage in pipe joints.
10. Check & adjust pressure LED (yellow) lit or flashing for Leakage Monitor.
11. Check indicate revolution LED (green) is flashing for Discharge Monitor.",,All equipment tested satisfactorily post-maintenance. No abnormalities detected.,f,2026-02-18 04:41:19.846738
1167,COMP-1768374768462-uelez69lg,653.004.06,7440571a-841a-11ed-aa7c-7003bca91a86,JOB-1768375698361-qn85xoxx2,MKR-OV-00025,WO-1770978832255-7u7z22azv,MKR-OV-00025-653.004.06-2023-126,AE Pistons and Connecting Rods Overhaul - 4000H,Maintenance,2023-07-12,,Chief Engineer,,2023-07-13,Approved,,,Equipment tested satisfactorily after maintenance. No issues found.,f,2026-02-18 04:41:19.842745
1166,COMP-1768374768189-h7fnil0cx,601.026.02,7440571a-841a-11ed-aa7c-7003bca91a86,JOB-1768375697520-6rw5rxlia,MKR-SE-00020,WO-1770967515018-qm68n6rih,UWO-601.026.02-2023-760,ME Hp Fuel Pumps No.02 - Bearing Overheating - Emergency Maintenance,Servicing,2023-07-01,,3rd Engineer,,2023-07-03,Approved,Bearing temperature rising above normal. Emergency maintenance carried out.,,Additional observations during ME Hp Fuel Pumps No.02 - Bearing Overheating - Emergency Maintenance - recommend follow-up at next scheduled interval.,f,2026-02-18 04:41:19.838105
1165,COMP-1768374768239-6wbm7nkr9,651.003.01,7440571a-841a-11ed-aa7c-7003bca91a86,JOB-1768375697715-p7a1yt6pq,MKR-IN-00085,WO-1770967515004-d28u11adj,WO-651.003.01-2023-321,AE Cylinder Liner Inspection - 1M,Servicing,2023-07-02,,3rd Engineer,,2023-07-05,Approved,"SAFETY PROCEDURE (COMPANY)
===========================
Ensure compliance with safety procedures according to the company policy and requirements.

DESCRIPTION
===========
1. Liner Condition (Visual / Indirect)

Check for abnormal scavenge space condition (if accessible).

Look for signs of scuffing, scoring, or polishing (based on inspection ports or trend data).

Monitor liner condition through performance parameters if direct access is not possible.

2. Lubrication

Verify cylinder lubrication rate (if applicable) is as per maker’s recommendation.

Check lube oil distribution and absence of oil starvation signs.

Review lube oil consumption trends.

3. Cooling & Sealing

Monitor jacket water temperature and pressure related to cylinder No.01.

Check for cooling water leakage into cylinder or crankcase.

Verify condition of liner sealing arrangements (indirect observation).",,Equipment tested satisfactorily after maintenance. No issues found.,f,2026-02-18 04:41:19.834402
1164,COMP-1768374768316-5z2wp3xqd,652.002.01,7440571a-841a-11ed-aa7c-7003bca91a86,JOB-1768375698012-7xjbdpyvr,MKR-IN-00080,WO-1770978832260-8rtsvi1k6,MKR-IN-00080-652.002.01-2023-606,AE Cylinder Covers with Valves Inspection - 1M,Maintenance,2023-07-10,,4th Engineer,,2023-07-11,Approved,,,Checks completed as per manufacturer guidelines for AE Cylinder Covers with Valves Inspection - 1M. Next service due as scheduled.,f,2026-02-18 04:41:19.829936
1163,COMP-1768374768511-709kv1bk1,702.005.02,7440571a-841a-11ed-aa7c-7003bca91a86,JOB-1768375698538-eaypatso8,MKR-IN-00054,WO-1770967515004-b4j1k8ida,WO-702.005.02-2023-180,"Purifier, Routine - 1W",Servicing,2023-07-01,,3rd Engineer,,2023-07-04,Approved,"SAFETY PROCEDURE (COMPANY)
===========================
Ensure compliance with safety procedures according to the company policy and requirements.

JOB REFERENCE DETAILS
===================
Manual Name: 8M-3 INSTRUCTION MANAUL FOR PURIFIER;5303.pdf
Pdf Page No: 56
Chapter: 3. Maintenance Inspection Procedures
Section: 3.1 Routine checks

DESCRIPTION
===========
Routine Checks :
1. Check the feed rate with respect to set feed rate for any changes.
2. Check the temperature with set temperature level.
3. Check the pressure of light liquid outlet is to be coincide roughly with the set pressure of the leakage.
4. Check for any increase in vibration.
5. Check for operational noise in gear pump and bearing etc. 
6. Check the rated current on daily basis.
7. Check the gear pump oil quantity. 
8. Check the safety joint of gears for any deformation.
9. Check for oil leakage in pipe joints.
10. Check & adjust pressure LED (yellow) lit or flashing for Leakage Monitor.
11. Check indicate revolution LED (green) is flashing for Discharge Monitor.",,"Equipment tested satisfactorily after completion of Purifier, Routine - 1W. No issues found.",f,2026-02-18 04:41:19.824862
1162,COMP-1768374767688-ckop06srb,721,7440571a-841a-11ed-aa7c-7003bca91a86,JOB-1768375698859-bxhld6lwv,MKR-IN-00061,WO-1770967515019-2p07s7xzw,UWO-721-2023-858,SEA WATER COOLING SYSTEMS - Control System Malfunction,Servicing,2023-07-24,,3rd Engineer,,2023-07-25,Approved,Control system showing intermittent faults. Checked connections and calibrated.,,Minor adjustments made. Equipment performance within acceptable parameters.,f,2026-02-18 04:41:19.820275
1161,COMP-1768374767950-2ln09g0jp,285.001.10,7440571a-841a-11ed-aa7c-7003bca91a86,JOB-1768375696881-rh3q9wjwg,MKR-IN-00072,WO-1770967515017-9b9po52tv,UWO-285.001.10-2023-571,Ballast Tanks/SW Tanks No.10 - Filter Blockage - Emergency Cleaning,Servicing,2023-07-02,,2nd Officer,,2023-07-04,Approved,Filter differential pressure high. Emergency cleaning/replacement carried out.,,Completion delayed due to vessel operational schedule. Work carried out during port call.,f,2026-02-18 04:41:19.815731
1160,COMP-1768374768443-sj0hmblft,653.003.06,7440571a-841a-11ed-aa7c-7003bca91a86,JOB-1768375698327-s9rfxwr8p,MKR-IN-00085,WO-1770967515004-xyi76orcq,WO-653.003.06-2023-357,AE Cylinder Liner Inspection - 1M,Servicing,2023-07-05,,3rd Engineer,,2023-07-08,Approved,"SAFETY PROCEDURE (COMPANY)
===========================
Ensure compliance with safety procedures according to the company policy and requirements.

DESCRIPTION
===========
1. Liner Condition (Visual / Indirect)

Check for abnormal scavenge space condition (if accessible).

Look for signs of scuffing, scoring, or polishing (based on inspection ports or trend data).

Monitor liner condition through performance parameters if direct access is not possible.

2. Lubrication

Verify cylinder lubrication rate (if applicable) is as per maker’s recommendation.

Check lube oil distribution and absence of oil starvation signs.

Review lube oil consumption trends.

3. Cooling & Sealing

Monitor jacket water temperature and pressure related to cylinder No.01.

Check for cooling water leakage into cylinder or crankcase.

Verify condition of liner sealing arrangements (indirect observation).",,All equipment tested satisfactorily post-maintenance. No abnormalities detected.,f,2026-02-18 04:41:19.811317
1159,COMP-1768374767837-m3bhk56ru,601.059,7440571a-841a-11ed-aa7c-7003bca91a86,JOB-1768375697612-dr4ya0drk,MKR-IN-00078,WO-1770978832258-x9oe8b7bc,MKR-IN-00078-601.059-2023-442,Main Engine – Exhaust Gas Manifolds & Pipes with Insulation Inspection - 1M,Maintenance,2023-07-22,,Chief Engineer,,2023-07-25,Approved,,,Checks completed as per manufacturer guidelines for Main Engine – Exhaust Gas Manifolds & Pipes with Insulation Inspection - 1M. Next service due as scheduled.,f,2026-02-18 04:41:19.807609
1158,COMP-1768374768245-va8do1j4x,651.003.03,7440571a-841a-11ed-aa7c-7003bca91a86,JOB-1768375697725-n4b6pwj8y,MKR-IN-00085,WO-1770978832259-bal2sqh6t,MKR-IN-00085-651.003.03-2023-567,AE Cylinder Liner Inspection - 1M,Maintenance,2023-07-14,,2nd Engineer,,2023-07-16,Approved,,,Work on AE Cylinder Liner Inspection - 1M delayed due to operational requirements. Completed during next available window.,f,2026-02-18 04:41:19.803651
1157,COMP-1768374768511-709kv1bk1,702.005.02,7440571a-841a-11ed-aa7c-7003bca91a86,JOB-1768375698538-eaypatso8,MKR-IN-00054,WO-1770967515004-a6jem174c,WO-702.005.02-2023-181,"Purifier, Routine - 1W",Servicing,2023-07-09,,3rd Engineer,,2023-07-10,Approved,"SAFETY PROCEDURE (COMPANY)
===========================
Ensure compliance with safety procedures according to the company policy and requirements.

JOB REFERENCE DETAILS
===================
Manual Name: 8M-3 INSTRUCTION MANAUL FOR PURIFIER;5303.pdf
Pdf Page No: 56
Chapter: 3. Maintenance Inspection Procedures
Section: 3.1 Routine checks

DESCRIPTION
===========
Routine Checks :
1. Check the feed rate with respect to set feed rate for any changes.
2. Check the temperature with set temperature level.
3. Check the pressure of light liquid outlet is to be coincide roughly with the set pressure of the leakage.
4. Check for any increase in vibration.
5. Check for operational noise in gear pump and bearing etc. 
6. Check the rated current on daily basis.
7. Check the gear pump oil quantity. 
8. Check the safety joint of gears for any deformation.
9. Check for oil leakage in pipe joints.
10. Check & adjust pressure LED (yellow) lit or flashing for Leakage Monitor.
11. Check indicate revolution LED (green) is flashing for Discharge Monitor.",,Additional findings noted - recommend follow-up inspection during next scheduled maintenance.,f,2026-02-18 04:41:19.799594
1156,COMP-1768374768140-3bqamfvdd,601.004.05,7440571a-841a-11ed-aa7c-7003bca91a86,JOB-1768375697396-t255vvrdn,MKR-IN-00063,WO-1770978832258-fvnhnhy1v,MKR-IN-00063-601.004.05-2023-361,"ME Piston And Rings, Inspection - 500H",Maintenance,2023-07-15,,Chief Engineer,,2023-07-18,Approved,,,"Required spare parts replaced during ME Piston And Rings, Inspection - 500H. Old parts retained for inspection.",f,2026-02-18 04:41:19.795821
1155,COMP-1768374767939-gp5co4ot0,285.001.07,7440571a-841a-11ed-aa7c-7003bca91a86,JOB-1768375696862-icyy5iffj,MKR-IN-00072,WO-1770978832256-fxoiu08dq,MKR-IN-00072-285.001.07-2023-230,Ballast Tanks Inspection - 1M,Maintenance,2023-07-25,,2nd Engineer,,2023-07-28,Approved,,,Equipment tested satisfactorily after completion of Ballast Tanks Inspection - 1M. No issues found.,f,2026-02-18 04:41:19.79112
1154,COMP-1768374768511-709kv1bk1,702.005.02,7440571a-841a-11ed-aa7c-7003bca91a86,JOB-1768375698538-eaypatso8,MKR-IN-00054,WO-1770967515004-lq8cqfjfa,WO-702.005.02-2023-182,"Purifier, Routine - 1W",Servicing,2023-07-18,,3rd Engineer,,2023-07-21,Approved,"SAFETY PROCEDURE (COMPANY)
===========================
Ensure compliance with safety procedures according to the company policy and requirements.

JOB REFERENCE DETAILS
===================
Manual Name: 8M-3 INSTRUCTION MANAUL FOR PURIFIER;5303.pdf
Pdf Page No: 56
Chapter: 3. Maintenance Inspection Procedures
Section: 3.1 Routine checks

DESCRIPTION
===========
Routine Checks :
1. Check the feed rate with respect to set feed rate for any changes.
2. Check the temperature with set temperature level.
3. Check the pressure of light liquid outlet is to be coincide roughly with the set pressure of the leakage.
4. Check for any increase in vibration.
5. Check for operational noise in gear pump and bearing etc. 
6. Check the rated current on daily basis.
7. Check the gear pump oil quantity. 
8. Check the safety joint of gears for any deformation.
9. Check for oil leakage in pipe joints.
10. Check & adjust pressure LED (yellow) lit or flashing for Leakage Monitor.
11. Check indicate revolution LED (green) is flashing for Discharge Monitor.",,Equipment tested satisfactorily after maintenance. No issues found.,f,2026-02-18 04:41:19.78583
1153,COMP-1768374768251-oq1j3zcya,651.003.05,7440571a-841a-11ed-aa7c-7003bca91a86,JOB-1768375697736-r5yb7e729,MKR-IN-00085,WO-1770967515018-6clzwk8uk,UWO-651.003.05-2023-619,AE1 Cylinder Liners No.05 - Alarm Investigation - System Check,Servicing,2023-07-14,,2nd Engineer,,2023-07-16,Approved,Investigated alarm. Found faulty sensor/connection. Rectified.,,Minor adjustments made. Equipment performance within acceptable parameters.,f,2026-02-18 04:41:19.780962
1152,COMP-1768374768345-qgstjbyia,652.003.05,7440571a-841a-11ed-aa7c-7003bca91a86,JOB-1768375698075-3qb0k6asy,MKR-IN-00085,WO-1770967515017-bbmvlumsi,UWO-652.003.05-2023-599,AE2 Cylinder Liners No.05 - Electrical Fault - Motor Trip,Servicing,2023-07-12,,3rd Engineer,,2023-07-15,Approved,Motor tripped on overload. Investigated and rectified fault.,,Minor adjustments made. Equipment performance within acceptable parameters.,f,2026-02-18 04:41:19.776665
1151,COMP-1768374768505-jktu58f2h,653.020.07,7440571a-841a-11ed-aa7c-7003bca91a86,JOB-1768375698472-uptpyz4en,MKR-IN-00017,WO-1770967515017-e8whsdj8i,UWO-653.020.07-2023-520,AE3 Crankcase Doors W/Safety Valve No.07 - Filter Blockage - Emergency Cleaning,Servicing,2023-07-19,,Chief Engineer,,2023-07-21,Approved,Filter differential pressure high. Emergency cleaning/replacement carried out.,,Work on AE3 Crankcase Doors W/Safety Valve No.07 - Filter Blockage - Emergency Cleaning delayed due to operational requirements. Completed during next available window.,f,2026-02-18 04:41:19.772935
1150,COMP-1768374768130-yqa3gw7x0,601.004.02,7440571a-841a-11ed-aa7c-7003bca91a86,JOB-1768375697363-vlsr43081,MKR-IN-00063,WO-1770978832256-fx7q3wxx4,MKR-IN-00063-601.004.02-2023-319,"ME Piston And Rings, Inspection - 500H",Maintenance,2023-07-30,,Chief Engineer,,2023-08-01,Approved,,,Small adjustments made to operating parameters. Equipment performance satisfactory.,f,2026-02-18 04:41:19.768636
1149,COMP-1768374768546-wbsg2rfze,721.003.01,7440571a-841a-11ed-aa7c-7003bca91a86,JOB-1768375698895-78hi7zx4y,MKR-IN-00061,WO-1770967515017-vwngno59h,UWO-721.003.01-2023-546,Aux. Sw Cooling Pumps No.01 - Pipe Leakage - Welding Repair,Servicing,2023-07-16,,3rd Engineer,,2023-07-17,Approved,"Pipe leakage found in engine room. Temporary repair carried out, permanent repair planned.",,Small adjustments made to operating parameters. Equipment performance satisfactory.,f,2026-02-18 04:41:19.764452
1148,COMP-1768374768456-z5jr6vit3,653.004.04,7440571a-841a-11ed-aa7c-7003bca91a86,JOB-1768375698350-oxdhbvc0t,MKR-OV-00025,WO-1770978832255-1jv7ofmoc,MKR-OV-00025-653.004.04-2023-119,AE Pistons and Connecting Rods Overhaul - 4000H,Maintenance,2023-07-24,,Chief Engineer,,2023-07-26,Approved,,,Minor adjustments carried out during AE Pistons and Connecting Rods Overhaul - 4000H. Performance within acceptable parameters.,f,2026-02-18 04:41:19.760268
1147,COMP-1768374768319-j4kgq3mjf,652.002.02,7440571a-841a-11ed-aa7c-7003bca91a86,JOB-1768375698020-wikm0w4cg,MKR-IN-00080,WO-1770978832260-n3xxpwedu,MKR-IN-00080-652.002.02-2023-611,AE Cylinder Covers with Valves Inspection - 1M,Maintenance,2023-08-10,,2nd Engineer,,2023-08-12,Approved,,,Equipment tested satisfactorily after maintenance. No issues found.,f,2026-02-18 04:41:19.755549
1146,COMP-1768374767967-jb4k6wuji,554.003.02,7440571a-841a-11ed-aa7c-7003bca91a86,JOB-1768375697049-2y7ivf1nt,MKR-IN-00051,WO-1770978832254-qwjj8dotj,MKR-IN-00051-554.003.02-2023-003,"Provision Ref. Compressors, Visual Check - 10000H",Maintenance,2023-08-11,,4th Engineer,,2023-08-14,Approved,,,"Checks completed as per manufacturer guidelines for Provision Ref. Compressors, Visual Check - 10000H. Next service due as scheduled.",f,2026-02-18 04:41:19.750829
1145,COMP-1768374768316-5z2wp3xqd,652.002.01,7440571a-841a-11ed-aa7c-7003bca91a86,JOB-1768375698012-7xjbdpyvr,MKR-IN-00080,WO-1770978832260-jqdaz7agv,MKR-IN-00080-652.002.01-2023-598,AE Cylinder Covers with Valves Inspection - 1M,Maintenance,2023-08-06,,4th Engineer,,2023-08-08,Approved,,,Minor adjustments made. Equipment performance within acceptable parameters.,f,2026-02-18 04:41:19.746765
1144,COMP-1768374768356-ss537bdpo,652.004.03,7440571a-841a-11ed-aa7c-7003bca91a86,JOB-1768375698094-78ru7jdnt,MKR-OV-00025,WO-1770978832254-7ffzafar3,MKR-OV-00025-652.004.03-2023-072,AE Pistons and Connecting Rods Overhaul - 4000H,Maintenance,2023-08-11,,Electrican,,2023-08-13,Approved,,,Completion delayed due to vessel operational schedule. Work carried out during port call.,f,2026-02-18 04:41:19.742883
1143,COMP-1768374767834-dbncpiany,601.053,7440571a-841a-11ed-aa7c-7003bca91a86,JOB-1768375697585-z6leju6xr,MKR-IN-00066,WO-1770967515015-af27z3xxa,WO-601.053-2023-425,"ME Turbocharger Turbine, Cleaning - 500H",Servicing,2023-07-24,,2nd Engineer,,2023-07-25,Approved,"SAFETY PROCEDURE (COMPANY)
===========================
Ensure compliance with safety procedures according to the company policy and requirements.

JOB REFERENCE DETAILS
===================
Manual Name: 3M-2 DIESEL ENGINE VOL II;5303.pdf
Pdf Page No: 196, 171, 172
Job Reference: Group No. 400
Chapter: Maintenance Schedule Of Main Parts


DESCRIPTION
===========
1. Cleaning of turbine side of turbocharger to be carried out (vegetal solid cleaning).",,All maintenance checks completed per OEM recommendations. Next scheduled service as per PMS.,f,2026-02-18 04:41:19.738795
1142,COMP-1768374768511-709kv1bk1,702.005.02,7440571a-841a-11ed-aa7c-7003bca91a86,JOB-1768375698538-eaypatso8,MKR-IN-00054,WO-1770967515004-9569a0mfg,WO-702.005.02-2023-183,"Purifier, Routine - 1W",Servicing,2023-07-22,,3rd Engineer,,2023-07-23,Approved,"SAFETY PROCEDURE (COMPANY)
===========================
Ensure compliance with safety procedures according to the company policy and requirements.

JOB REFERENCE DETAILS
===================
Manual Name: 8M-3 INSTRUCTION MANAUL FOR PURIFIER;5303.pdf
Pdf Page No: 56
Chapter: 3. Maintenance Inspection Procedures
Section: 3.1 Routine checks

DESCRIPTION
===========
Routine Checks :
1. Check the feed rate with respect to set feed rate for any changes.
2. Check the temperature with set temperature level.
3. Check the pressure of light liquid outlet is to be coincide roughly with the set pressure of the leakage.
4. Check for any increase in vibration.
5. Check for operational noise in gear pump and bearing etc. 
6. Check the rated current on daily basis.
7. Check the gear pump oil quantity. 
8. Check the safety joint of gears for any deformation.
9. Check for oil leakage in pipe joints.
10. Check & adjust pressure LED (yellow) lit or flashing for Leakage Monitor.
11. Check indicate revolution LED (green) is flashing for Discharge Monitor.",,"Equipment tested satisfactorily after completion of Purifier, Routine - 1W. No issues found.",f,2026-02-18 04:41:19.734436
1141,COMP-1768374768192-2i0qzo7db,601.026.03,7440571a-841a-11ed-aa7c-7003bca91a86,JOB-1768375697540-am9p7m5q6,MKR-OV-00013,WO-1770978832258-q411zektb,MKR-OV-00013-601.026.03-2023-437,"ME Fuel Injection Pump, Overhaul - 6000H",Maintenance,2023-08-07,,2nd Engineer,,2023-08-10,Approved,,,"Minor adjustments carried out during ME Fuel Injection Pump, Overhaul - 6000H. Performance within acceptable parameters.",f,2026-02-18 04:41:19.72942
1140,COMP-1768374768479-wtyb0b3zb,653.007.06,7440571a-841a-11ed-aa7c-7003bca91a86,JOB-1768375698394-wdysw2z29,MKR-IN-00015,WO-1770978832255-qs5pkkn81,MKR-IN-00015-653.007.06-2023-133,"DG Main Bearing, Visual Check - 2Y/8000H",Maintenance,2023-08-12,,Chief Engineer,,2023-08-13,Approved,,,Minor additional findings recorded. Follow-up inspection recommended during next maintenance period.,f,2026-02-18 04:41:19.725364
1139,COMP-1768374768307-nqfo8cn7a,651.020.05,7440571a-841a-11ed-aa7c-7003bca91a86,JOB-1768375697965-pwpwf1bdf,MKR-IN-00018,WO-1770978832254-3y3lx57qb,MKR-IN-00018-651.020.05-2023-056,"DG Cylinder Liner Water Jacket Parts, Cleaning - 5Y/16000H",Maintenance,2023-08-06,,4th Engineer,,2023-08-09,Approved,,,Minor adjustments made. Equipment performance within acceptable parameters.,f,2026-02-18 04:41:19.721546
1138,COMP-1768374768298-lr27n2llm,651.020.02,7440571a-841a-11ed-aa7c-7003bca91a86,JOB-1768375697832-rgcdr7czc,MKR-IN-00017,WO-1770967515017-bufmaod0p,UWO-651.020.02-2023-477,AE1 Crankcase Doors W/Safety Valve No.02 - Pipe Leakage - Welding Repair,Servicing,2023-07-27,,3rd Engineer,,2023-07-30,Approved,"Pipe leakage found in engine room. Temporary repair carried out, permanent repair planned.",,Minor adjustments made. Equipment performance within acceptable parameters.,f,2026-02-18 04:41:19.717281
1137,COMP-1768374767914-980b44ij3,278.010.02,7440571a-841a-11ed-aa7c-7003bca91a86,JOB-1768375696813-k7ce9br2o,MKR-IN-00071,WO-1770978832255-yfwke5xlx,MKR-IN-00071-278.010.02-2023-170,"Impressed Current Cathodic Protection (ICCP), Inspection - 1M",Maintenance,2023-07-29,,2nd Engineer,,2023-07-31,Approved,,,Minor adjustments made. Equipment performance within acceptable parameters.,f,2026-02-18 04:41:19.71322
1136,COMP-1768374768511-709kv1bk1,702.005.02,7440571a-841a-11ed-aa7c-7003bca91a86,JOB-1768375698538-eaypatso8,MKR-IN-00054,WO-1770967515004-bogj3qj61,WO-702.005.02-2023-184,"Purifier, Routine - 1W",Servicing,2023-08-01,,3rd Engineer,,2023-08-03,Approved,"SAFETY PROCEDURE (COMPANY)
===========================
Ensure compliance with safety procedures according to the company policy and requirements.

JOB REFERENCE DETAILS
===================
Manual Name: 8M-3 INSTRUCTION MANAUL FOR PURIFIER;5303.pdf
Pdf Page No: 56
Chapter: 3. Maintenance Inspection Procedures
Section: 3.1 Routine checks

DESCRIPTION
===========
Routine Checks :
1. Check the feed rate with respect to set feed rate for any changes.
2. Check the temperature with set temperature level.
3. Check the pressure of light liquid outlet is to be coincide roughly with the set pressure of the leakage.
4. Check for any increase in vibration.
5. Check for operational noise in gear pump and bearing etc. 
6. Check the rated current on daily basis.
7. Check the gear pump oil quantity. 
8. Check the safety joint of gears for any deformation.
9. Check for oil leakage in pipe joints.
10. Check & adjust pressure LED (yellow) lit or flashing for Leakage Monitor.
11. Check indicate revolution LED (green) is flashing for Discharge Monitor.",,Small adjustments made to operating parameters. Equipment performance satisfactory.,f,2026-02-18 04:41:19.708958
1135,COMP-1768374767967-jb4k6wuji,554.003.02,7440571a-841a-11ed-aa7c-7003bca91a86,JOB-1768375697044-c0vvqlmi8,MKR-IN-00050,WO-1770967515018-g0t1qsdbw,UWO-554.003.02-2023-791,Compressors W/Drive Unit No.02 - Fuel System Contamination,Servicing,2023-08-01,,3rd Engineer,,2023-08-02,Approved,Fuel oil contamination detected. Purifier and filters cleaned/replaced.,,Required spare parts replaced during Compressors W/Drive Unit No.02 - Fuel System Contamination. Old parts retained for inspection.,f,2026-02-18 04:41:19.704676
1134,COMP-1768374767918-4vp8g44db,285.001.01,7440571a-841a-11ed-aa7c-7003bca91a86,JOB-1768375696823-5izcxc9cy,MKR-IN-00072,WO-1770978832255-4tfrwpbcl,MKR-IN-00072-285.001.01-2023-185,Ballast Tanks Inspection - 1M,Maintenance,2023-08-23,,4th Engineer,,2023-08-24,Approved,,,Equipment tested satisfactorily after completion of Ballast Tanks Inspection - 1M. No issues found.,f,2026-02-18 04:41:19.700294
1133,COMP-1768374768239-6wbm7nkr9,651.003.01,7440571a-841a-11ed-aa7c-7003bca91a86,JOB-1768375697715-p7a1yt6pq,MKR-IN-00085,WO-1770967515004-9ww7k81hl,WO-651.003.01-2023-322,AE Cylinder Liner Inspection - 1M,Servicing,2023-08-27,,3rd Engineer,,2023-08-28,Approved,"SAFETY PROCEDURE (COMPANY)
===========================
Ensure compliance with safety procedures according to the company policy and requirements.

DESCRIPTION
===========
1. Liner Condition (Visual / Indirect)

Check for abnormal scavenge space condition (if accessible).

Look for signs of scuffing, scoring, or polishing (based on inspection ports or trend data).

Monitor liner condition through performance parameters if direct access is not possible.

2. Lubrication

Verify cylinder lubrication rate (if applicable) is as per maker’s recommendation.

Check lube oil distribution and absence of oil starvation signs.

Review lube oil consumption trends.

3. Cooling & Sealing

Monitor jacket water temperature and pressure related to cylinder No.01.

Check for cooling water leakage into cylinder or crankcase.

Verify condition of liner sealing arrangements (indirect observation).",,All maintenance checks completed per OEM recommendations. Next scheduled service as per PMS.,f,2026-02-18 04:41:19.6965
1132,COMP-1768374768251-oq1j3zcya,651.003.05,7440571a-841a-11ed-aa7c-7003bca91a86,JOB-1768375697736-r5yb7e729,MKR-IN-00085,WO-1770978832260-mca0229ge,MKR-IN-00085-651.003.05-2023-591,AE Cylinder Liner Inspection - 1M,Maintenance,2023-08-23,,4th Engineer,,2023-08-25,Approved,,,Minor adjustments made. Equipment performance within acceptable parameters.,f,2026-02-18 04:41:19.691103
1131,COMP-1768374768342-0re8c70di,652.003.04,7440571a-841a-11ed-aa7c-7003bca91a86,JOB-1768375698069-j6vg6yyo2,MKR-IN-00085,WO-1770978832260-melygr7ny,MKR-IN-00085-652.003.04-2023-663,AE Cylinder Liner Inspection - 1M,Maintenance,2023-08-21,,2nd Engineer,,2023-08-24,Approved,,,All equipment tested satisfactorily post-maintenance. No abnormalities detected.,f,2026-02-18 04:41:19.681502
1130,COMP-1768374768322-cql2bkhkd,652.002.03,7440571a-841a-11ed-aa7c-7003bca91a86,JOB-1768375698027-asejgfpbd,MKR-IN-00080,WO-1770978832260-zyz6vljqe,MKR-IN-00080-652.002.03-2023-629,AE Cylinder Covers with Valves Inspection - 1M,Maintenance,2023-08-13,,Chief Engineer,,2023-08-14,Approved,,,Work delayed due to weather/operational constraints. Completed during port stay.,f,2026-02-18 04:41:19.675552
1129,COMP-1768374767758-p86fcr7l0,652.020,7440571a-841a-11ed-aa7c-7003bca91a86,JOB-1768375698160-xbo6vxclj,MKR-IN-00017,WO-1770967515018-thhm0o9wj,UWO-652.020-2023-709,AE2 Crankcase Doors W/Safety Valve - Filter Blockage - Emergency Cleaning,Servicing,2023-08-09,,2nd Engineer,,2023-08-11,Approved,Filter differential pressure high. Emergency cleaning/replacement carried out.,,All equipment tested satisfactorily post-maintenance. No abnormalities detected.,f,2026-02-18 04:41:19.671178
1128,COMP-1768374768310-48akc5zr5,651.020.06,7440571a-841a-11ed-aa7c-7003bca91a86,JOB-1768375697970-jg546bvvj,MKR-IN-00017,WO-1770978832254-cq6noj6h2,MKR-IN-00017-651.020.06-2023-059,"DG Cylinder Liner, Visual Check - 2Y/8000H",Maintenance,2023-08-17,,2nd Engineer,,2023-08-19,Approved,,,Equipment tested satisfactorily after maintenance. No issues found.,f,2026-02-18 04:41:19.66663
1127,COMP-1768374768014-dg3te949y,601.003.04,7440571a-841a-11ed-aa7c-7003bca91a86,JOB-1768375697132-yrt56vl1o,MKR-OV-00012,WO-1770978832256-h9zov6zsu,MKR-OV-00012-601.003.04-2023-290,"ME Cylinder Liner, Overhaul - 6000H",Maintenance,2023-08-25,,2nd Engineer,,2023-08-26,Approved,,,"Required spare parts replaced during ME Cylinder Liner, Overhaul - 6000H. Old parts retained for inspection.",f,2026-02-18 04:41:19.660161
1126,COMP-1768374767845-490ayszf9,601.064,7440571a-841a-11ed-aa7c-7003bca91a86,JOB-1768375697624-8syczggwk,MKR-IN-00065,WO-1770978832254-kbooofe9p,MKR-IN-00065-601.064-2023-017,"ME Turning Gear V-belt, Inspection - 2000H",Maintenance,2023-08-27,,4th Engineer,,2023-08-29,Approved,,,"Minor adjustments carried out during ME Turning Gear V-belt, Inspection - 2000H. Performance within acceptable parameters.",f,2026-02-18 04:41:19.655565
1125,COMP-1768374768511-709kv1bk1,702.005.02,7440571a-841a-11ed-aa7c-7003bca91a86,JOB-1768375698538-eaypatso8,MKR-IN-00054,WO-1770967515004-rp6adnmxr,WO-702.005.02-2023-186,"Purifier, Routine - 1W",Servicing,2023-08-11,,3rd Engineer,,2023-08-13,Approved,"SAFETY PROCEDURE (COMPANY)
===========================
Ensure compliance with safety procedures according to the company policy and requirements.

JOB REFERENCE DETAILS
===================
Manual Name: 8M-3 INSTRUCTION MANAUL FOR PURIFIER;5303.pdf
Pdf Page No: 56
Chapter: 3. Maintenance Inspection Procedures
Section: 3.1 Routine checks

DESCRIPTION
===========
Routine Checks :
1. Check the feed rate with respect to set feed rate for any changes.
2. Check the temperature with set temperature level.
3. Check the pressure of light liquid outlet is to be coincide roughly with the set pressure of the leakage.
4. Check for any increase in vibration.
5. Check for operational noise in gear pump and bearing etc. 
6. Check the rated current on daily basis.
7. Check the gear pump oil quantity. 
8. Check the safety joint of gears for any deformation.
9. Check for oil leakage in pipe joints.
10. Check & adjust pressure LED (yellow) lit or flashing for Leakage Monitor.
11. Check indicate revolution LED (green) is flashing for Discharge Monitor.",,All maintenance checks completed per OEM recommendations. Next scheduled service as per PMS.,f,2026-02-18 04:41:19.650592
1124,COMP-1768374768521-2x58uv1ld,712.011.01,7440571a-841a-11ed-aa7c-7003bca91a86,JOB-1768375698754-924wtcd3n,MKR-IN-00054,WO-1770967515018-258wjs5az,UWO-712.011.01-2023-812,LO Separators No.01 - Cooling System Malfunction,Servicing,2023-08-17,,3rd Engineer,,2023-08-18,Approved,Cooling water temperature rising. Investigated and cleaned heat exchanger.,,Spare parts replaced as listed. Old parts retained for inspection/disposal.,f,2026-02-18 04:41:19.644569
1123,COMP-1768374768342-0re8c70di,652.003.04,7440571a-841a-11ed-aa7c-7003bca91a86,JOB-1768375698069-j6vg6yyo2,MKR-IN-00085,WO-1770978832260-tskj5ionz,MKR-IN-00085-652.003.04-2023-671,AE Cylinder Liner Inspection - 1M,Maintenance,2023-08-18,,2nd Engineer,,2023-08-19,Approved,,,Equipment tested satisfactorily after completion of AE Cylinder Liner Inspection - 1M. No issues found.,f,2026-02-18 04:41:19.638381
1122,COMP-1768374767715-dfyffq6oo,601.002,7440571a-841a-11ed-aa7c-7003bca91a86,JOB-1768375697074-o8qog3s1i,MKR-IN-00075,WO-1770967515017-di8wubopw,UWO-601.002-2023-601,ME Cylinder Covers W/Valves - Alarm Investigation - System Check,Servicing,2023-08-19,,Chief Engineer,,2023-08-20,Approved,Investigated alarm. Found faulty sensor/connection. Rectified.,,Equipment tested satisfactorily after maintenance. No issues found.,f,2026-02-18 04:41:19.634027
1121,COMP-1768374768301-upffa3sjd,651.020.03,7440571a-841a-11ed-aa7c-7003bca91a86,JOB-1768375697943-fbjrdpnu7,MKR-IN-00018,WO-1770978832254-7sp0gvq5e,MKR-IN-00018-651.020.03-2023-053,"DG Cylinder Liner Water Jacket Parts, Cleaning - 5Y/16000H",Maintenance,2023-08-24,,Chief Engineer,,2023-08-25,Approved,,,Minor adjustments made. Equipment performance within acceptable parameters.,f,2026-02-18 04:41:19.628892
1120,COMP-1768374767929-zn4ptm8ru,285.001.04,7440571a-841a-11ed-aa7c-7003bca91a86,JOB-1768375696845-n6aj2hzvt,MKR-IN-00072,WO-1770978832255-y60uj8olm,MKR-IN-00072-285.001.04-2023-193,Ballast Tanks Inspection - 1M,Maintenance,2023-08-23,,4th Engineer,,2023-08-26,Approved,,,Work on Ballast Tanks Inspection - 1M delayed due to operational requirements. Completed during next available window.,f,2026-02-18 04:41:19.624689
1119,COMP-1768374768511-709kv1bk1,702.005.02,7440571a-841a-11ed-aa7c-7003bca91a86,JOB-1768375698538-eaypatso8,MKR-IN-00054,WO-1770967515017-2133fxier,UWO-702.005.02-2023-486,FO Separators No.02 - Bearing Overheating - Emergency Maintenance,Servicing,2023-08-27,,2nd Engineer,,2023-08-29,Approved,Bearing temperature rising above normal. Emergency maintenance carried out.,,Spare parts replaced as listed. Old parts retained for inspection/disposal.,f,2026-02-18 04:41:19.620348
1118,COMP-1768374767929-zn4ptm8ru,285.001.04,7440571a-841a-11ed-aa7c-7003bca91a86,JOB-1768375696845-n6aj2hzvt,MKR-IN-00072,WO-1770978832255-tfta9nmtt,MKR-IN-00072-285.001.04-2023-198,Ballast Tanks Inspection - 1M,Maintenance,2023-08-28,,Chief Engineer,,2023-08-30,Approved,,,All checks completed as per manufacturer guidelines. Next service due as scheduled.,f,2026-02-18 04:41:19.616021
1117,COMP-1768374768130-yqa3gw7x0,601.004.02,7440571a-841a-11ed-aa7c-7003bca91a86,JOB-1768375697363-vlsr43081,MKR-IN-00063,WO-1770978832256-rq1gvgf2a,MKR-IN-00063-601.004.02-2023-320,"ME Piston And Rings, Inspection - 500H",Maintenance,2023-08-23,,4th Engineer,,2023-08-25,Approved,,,Small adjustments made to operating parameters. Equipment performance satisfactory.,f,2026-02-18 04:41:19.612368
1116,COMP-1768374768316-5z2wp3xqd,652.002.01,7440571a-841a-11ed-aa7c-7003bca91a86,JOB-1768375698012-7xjbdpyvr,MKR-IN-00080,WO-1770978832260-25r5sr4ei,MKR-IN-00080-652.002.01-2023-603,AE Cylinder Covers with Valves Inspection - 1M,Maintenance,2023-08-31,,2nd Engineer,,2023-09-01,Approved,,,All equipment tested satisfactorily post-maintenance. No abnormalities detected.,f,2026-02-18 04:41:19.608235
1115,COMP-1768374767834-dbncpiany,601.053,7440571a-841a-11ed-aa7c-7003bca91a86,JOB-1768375697585-z6leju6xr,MKR-IN-00066,WO-1770967515015-kwz6xbve3,WO-601.053-2023-426,"ME Turbocharger Turbine, Cleaning - 500H",Servicing,2023-08-27,,2nd Engineer,,2023-08-30,Approved,"SAFETY PROCEDURE (COMPANY)
===========================
Ensure compliance with safety procedures according to the company policy and requirements.

JOB REFERENCE DETAILS
===================
Manual Name: 3M-2 DIESEL ENGINE VOL II;5303.pdf
Pdf Page No: 196, 171, 172
Job Reference: Group No. 400
Chapter: Maintenance Schedule Of Main Parts


DESCRIPTION
===========
1. Cleaning of turbine side of turbocharger to be carried out (vegetal solid cleaning).",,Equipment tested satisfactorily after maintenance. No issues found.,f,2026-02-18 04:41:19.603825
1114,COMP-1768374768248-zja2xeelc,651.003.04,7440571a-841a-11ed-aa7c-7003bca91a86,JOB-1768375697730-vrhe8emeh,MKR-IN-00085,WO-1770978832259-3vlu3t5rp,MKR-IN-00085-651.003.04-2023-577,AE Cylinder Liner Inspection - 1M,Maintenance,2023-08-31,,4th Engineer,,2023-09-03,Approved,,,Equipment tested satisfactorily after completion of AE Cylinder Liner Inspection - 1M. No issues found.,f,2026-02-18 04:41:19.599575
1113,COMP-1768374767805-z4lpo0038,411.001,7440571a-841a-11ed-aa7c-7003bca91a86,JOB-1768375696930-95e413qm4,MKR-SE-00015,WO-1770967515014-ashka26tv,WO-411.001-2023-395,"Radar Band Magnetron, Renewal/Replace - 4000H",Servicing,2023-08-27,,2nd Officer,,2023-08-30,Approved,"SAFETY PROCEDURE (COMPANY)
===========================
Ensure compliance with safety procedures according to the company policy and requirements.

JOB REFERENCE DETAILS
===================
Manual Name: 4E-6 S-BAND RADAR;5303.pdf
Pdf Page No: 294
Chapter: 8 Countermeasures For Trouble And Adjustment
Section: Replacement Of Parts Periodically

DESCRIPTION
===========
1. Replace the magnetron.",,All maintenance checks completed per OEM recommendations. Next scheduled service as per PMS.,f,2026-02-18 04:41:19.594355
1112,COMP-1768374768511-709kv1bk1,702.005.02,7440571a-841a-11ed-aa7c-7003bca91a86,JOB-1768375698538-eaypatso8,MKR-IN-00054,WO-1770967515004-uxpyufe93,WO-702.005.02-2023-187,"Purifier, Routine - 1W",Servicing,2023-08-20,,3rd Engineer,,2023-08-21,Approved,"SAFETY PROCEDURE (COMPANY)
===========================
Ensure compliance with safety procedures according to the company policy and requirements.

JOB REFERENCE DETAILS
===================
Manual Name: 8M-3 INSTRUCTION MANAUL FOR PURIFIER;5303.pdf
Pdf Page No: 56
Chapter: 3. Maintenance Inspection Procedures
Section: 3.1 Routine checks

DESCRIPTION
===========
Routine Checks :
1. Check the feed rate with respect to set feed rate for any changes.
2. Check the temperature with set temperature level.
3. Check the pressure of light liquid outlet is to be coincide roughly with the set pressure of the leakage.
4. Check for any increase in vibration.
5. Check for operational noise in gear pump and bearing etc. 
6. Check the rated current on daily basis.
7. Check the gear pump oil quantity. 
8. Check the safety joint of gears for any deformation.
9. Check for oil leakage in pipe joints.
10. Check & adjust pressure LED (yellow) lit or flashing for Leakage Monitor.
11. Check indicate revolution LED (green) is flashing for Discharge Monitor.",,"Equipment tested satisfactorily after completion of Purifier, Routine - 1W. No issues found.",f,2026-02-18 04:41:19.590434
1111,COMP-1768374767939-gp5co4ot0,285.001.07,7440571a-841a-11ed-aa7c-7003bca91a86,JOB-1768375696862-icyy5iffj,MKR-IN-00072,WO-1770967515017-c5of8ph0q,UWO-285.001.07-2023-492,Ballast Tanks/SW Tanks No.07 - Fuel System Contamination,Servicing,2023-08-24,,2nd Officer,,2023-08-27,Approved,Fuel oil contamination detected. Purifier and filters cleaned/replaced.,,Equipment tested satisfactorily after completion of Ballast Tanks/SW Tanks No.07 - Fuel System Contamination. No issues found.,f,2026-02-18 04:41:19.5865
1110,COMP-1768374768518-tf49j9qlz,702.010.02,7440571a-841a-11ed-aa7c-7003bca91a86,JOB-1768375698734-schfvgsje,MKR-IN-00057,WO-1770967515017-t0o0mdcvc,UWO-702.010.02-2023-555,DO Separator Booster Pumps No.02 - Electrical Fault - Motor Trip,Servicing,2023-08-23,,2nd Engineer,,2023-08-26,Approved,Motor tripped on overload. Investigated and rectified fault.,,Minor adjustments made. Equipment performance within acceptable parameters.,f,2026-02-18 04:41:19.582269
1109,COMP-1768374767650-skdccolih,65,7440571a-841a-11ed-aa7c-7003bca91a86,JOB-1768375697672-h1dlcsu94,MKR-IN-00014,WO-1770967515018-jrqvzemfj,UWO-65-2023-811,MOTOR AGGREGATES FOR MAIN ELECTRIC POWER PRODUCTION - Sensor Failure - Replacement,Servicing,2023-08-27,,3rd Engineer,,2023-08-30,Approved,Temperature/pressure sensor giving erratic readings. Replaced sensor.,,Equipment tested satisfactorily after maintenance. No issues found.,f,2026-02-18 04:41:19.578007
1108,COMP-1768374767809-mr8172nux,411.002,7440571a-841a-11ed-aa7c-7003bca91a86,JOB-1768375696972-7k0goih9x,MKR-SE-00015,WO-1770967515014-akmwwr4rx,WO-411.002-2023-403,"Radar Band Magnetron, Renewal/Replace - 4000H",Servicing,2023-08-28,,2nd Officer,,2023-08-29,Approved,"SAFETY PROCEDURE (COMPANY)
===========================
Ensure compliance with safety procedures according to the company policy and requirements.

JOB REFERENCE DETAILS
===================
Manual Name: 4E-6 S-BAND RADAR;5303.pdf
Pdf Page No: 294
Chapter: 8 Countermeasures For Trouble And Adjustment
Section: Replacement Of Parts Periodically

DESCRIPTION
===========
1. Replace the magnetron.",,Equipment tested satisfactorily after maintenance. No issues found.,f,2026-02-18 04:41:19.57392
1107,COMP-1768374767774-xfwhcbha5,702.005,7440571a-841a-11ed-aa7c-7003bca91a86,JOB-1768375698505-5h32zwd3i,MKR-IN-00054,WO-1770967515017-l0mbqght6,UWO-702.005-2023-591,FO Separators - Electrical Fault - Motor Trip,Servicing,2023-09-17,,4th Engineer,,2023-09-18,Approved,Motor tripped on overload. Investigated and rectified fault.,,Work on FO Separators - Electrical Fault - Motor Trip delayed due to operational requirements. Completed during next available window.,f,2026-02-18 04:41:19.569881
1106,COMP-1768374768511-709kv1bk1,702.005.02,7440571a-841a-11ed-aa7c-7003bca91a86,JOB-1768375698538-eaypatso8,MKR-IN-00054,WO-1770967515004-39qeatghq,WO-702.005.02-2023-188,"Purifier, Routine - 1W",Servicing,2023-08-27,,3rd Engineer,,2023-08-30,Approved,"SAFETY PROCEDURE (COMPANY)
===========================
Ensure compliance with safety procedures according to the company policy and requirements.

JOB REFERENCE DETAILS
===================
Manual Name: 8M-3 INSTRUCTION MANAUL FOR PURIFIER;5303.pdf
Pdf Page No: 56
Chapter: 3. Maintenance Inspection Procedures
Section: 3.1 Routine checks

DESCRIPTION
===========
Routine Checks :
1. Check the feed rate with respect to set feed rate for any changes.
2. Check the temperature with set temperature level.
3. Check the pressure of light liquid outlet is to be coincide roughly with the set pressure of the leakage.
4. Check for any increase in vibration.
5. Check for operational noise in gear pump and bearing etc. 
6. Check the rated current on daily basis.
7. Check the gear pump oil quantity. 
8. Check the safety joint of gears for any deformation.
9. Check for oil leakage in pipe joints.
10. Check & adjust pressure LED (yellow) lit or flashing for Leakage Monitor.
11. Check indicate revolution LED (green) is flashing for Discharge Monitor.",,"Equipment tested satisfactorily after completion of Purifier, Routine - 1W. No issues found.",f,2026-02-18 04:41:19.565798
1105,COMP-1768374768508-68ro7cn9f,702.005.01,7440571a-841a-11ed-aa7c-7003bca91a86,JOB-1768375698505-5h32zwd3i,MKR-IN-00054,WO-1770967515019-j5sg851v5,UWO-702.005.01-2023-850,FO Separators No.01 - Valve Leakage - Immediate Repair,Servicing,2023-08-27,,4th Engineer,,2023-08-30,Approved,Valve found leaking during rounds. Repacked gland and replaced gasket.,,All maintenance checks completed per OEM recommendations. Next scheduled service as per PMS.,f,2026-02-18 04:41:19.561462
1104,COMP-1768374768216-m2muvqs0s,601.066.05,7440571a-841a-11ed-aa7c-7003bca91a86,JOB-1768375697655-5q8kd9vp1,MKR-IN-00079,WO-1770978832259-fggcbipv7,MKR-IN-00079-601.066.05-2023-485,Main Engine – Indicator Valves & Indicators Inspection - 1M,Maintenance,2023-09-07,,Chief Engineer,,2023-09-09,Approved,,,Spare parts replaced as listed. Old parts retained for inspection/disposal.,f,2026-02-18 04:41:19.557168
1103,COMP-1768374768134-1plkxrd1k,601.004.03,7440571a-841a-11ed-aa7c-7003bca91a86,JOB-1768375697375-cr8tdi34d,MKR-IN-00063,WO-1770978832256-cjmoqefvk,MKR-IN-00063-601.004.03-2023-327,"ME Piston And Rings, Inspection - 500H",Maintenance,2023-09-16,,Chief Engineer,,2023-09-18,Approved,,,All checks completed as per manufacturer guidelines. Next service due as scheduled.,f,2026-02-18 04:41:19.553515
1102,COMP-1768374768450-h5buaqeyw,653.004.02,7440571a-841a-11ed-aa7c-7003bca91a86,JOB-1768375698338-lopdthijy,MKR-OV-00025,WO-1770967515018-geatiruul,UWO-653.004.02-2023-796,AE3 Pistons And Connecting Rod No.02 - Bearing Overheating - Emergency Maintenance,Servicing,2023-08-30,,3rd Engineer,,2023-09-02,Approved,Bearing temperature rising above normal. Emergency maintenance carried out.,,Spare parts replaced as listed. Old parts retained for inspection/disposal.,f,2026-02-18 04:41:19.549604
1101,COMP-1768374768227-7efnvx4gv,651.002.03,7440571a-841a-11ed-aa7c-7003bca91a86,JOB-1768375697692-acj96mboz,MKR-IN-00080,WO-1770978832259-aoi7tt8sn,MKR-IN-00080-651.002.03-2023-520,AE Cylinder Covers with Valves Inspection - 1M,Maintenance,2023-09-15,,4th Engineer,,2023-09-16,Approved,,,Required spare parts replaced during AE Cylinder Covers with Valves Inspection - 1M. Old parts retained for inspection.,f,2026-02-18 04:41:19.543811
1100,COMP-1768374768397-fsuqiu5w9,652.020.04,7440571a-841a-11ed-aa7c-7003bca91a86,JOB-1768375698192-748wekule,MKR-IN-00017,WO-1770978832255-6ubql5eq7,MKR-IN-00017-652.020.04-2023-100,"DG Cylinder Liner, Visual Check - 2Y/8000H",Maintenance,2023-09-07,,Chief Engineer,,2023-09-08,Approved,,,"Checks completed as per manufacturer guidelines for DG Cylinder Liner, Visual Check - 2Y/8000H. Next service due as scheduled.",f,2026-02-18 04:41:19.539424
1099,COMP-1768374768239-6wbm7nkr9,651.003.01,7440571a-841a-11ed-aa7c-7003bca91a86,JOB-1768375697715-p7a1yt6pq,MKR-IN-00085,WO-1770967515004-tqn2cdc3o,WO-651.003.01-2023-323,AE Cylinder Liner Inspection - 1M,Servicing,2023-09-02,,3rd Engineer,,2023-09-03,Approved,"SAFETY PROCEDURE (COMPANY)
===========================
Ensure compliance with safety procedures according to the company policy and requirements.

DESCRIPTION
===========
1. Liner Condition (Visual / Indirect)

Check for abnormal scavenge space condition (if accessible).

Look for signs of scuffing, scoring, or polishing (based on inspection ports or trend data).

Monitor liner condition through performance parameters if direct access is not possible.

2. Lubrication

Verify cylinder lubrication rate (if applicable) is as per maker’s recommendation.

Check lube oil distribution and absence of oil starvation signs.

Review lube oil consumption trends.

3. Cooling & Sealing

Monitor jacket water temperature and pressure related to cylinder No.01.

Check for cooling water leakage into cylinder or crankcase.

Verify condition of liner sealing arrangements (indirect observation).",,Required spare parts replaced during AE Cylinder Liner Inspection - 1M. Old parts retained for inspection.,f,2026-02-18 04:41:19.534771
1098,COMP-1768374767933-vto5y1uh1,285.001.05,7440571a-841a-11ed-aa7c-7003bca91a86,JOB-1768375696851-ndejb6eas,MKR-IN-00072,WO-1770978832255-09nxtf8dz,MKR-IN-00072-285.001.05-2023-205,Ballast Tanks Inspection - 1M,Maintenance,2023-09-10,,2nd Engineer,,2023-09-13,Approved,,,Work on Ballast Tanks Inspection - 1M delayed due to operational requirements. Completed during next available window.,f,2026-02-18 04:41:19.530784
1097,COMP-1768374768134-1plkxrd1k,601.004.03,7440571a-841a-11ed-aa7c-7003bca91a86,JOB-1768375697375-cr8tdi34d,MKR-IN-00063,WO-1770978832256-mcitjs83i,MKR-IN-00063-601.004.03-2023-329,"ME Piston And Rings, Inspection - 500H",Maintenance,2023-09-02,,Chief Engineer,,2023-09-05,Approved,,,Additional findings noted - recommend follow-up inspection during next scheduled maintenance.,f,2026-02-18 04:41:19.398468
1096,COMP-1768374768146-20m0kzu7m,601.005.01,7440571a-841a-11ed-aa7c-7003bca91a86,JOB-1768375697413-w7rik62pb,MKR-IN-00076,WO-1770978832258-9mcfgtv1w,MKR-IN-00076-601.005.01-2023-387,"Main Engine – Connecting Rods, Crosshead & Guide Assemblies Inspection - 1M",Maintenance,2023-09-16,,Chief Engineer,,2023-09-17,Approved,,,All equipment tested satisfactorily post-maintenance. No abnormalities detected.,f,2026-02-18 04:41:19.394286
1095,COMP-1768374768443-sj0hmblft,653.003.06,7440571a-841a-11ed-aa7c-7003bca91a86,JOB-1768375698327-s9rfxwr8p,MKR-IN-00085,WO-1770967515004-xtn9g3u5n,WO-653.003.06-2023-359,AE Cylinder Liner Inspection - 1M,Servicing,2023-09-08,,3rd Engineer,,2023-09-11,Approved,"SAFETY PROCEDURE (COMPANY)
===========================
Ensure compliance with safety procedures according to the company policy and requirements.

DESCRIPTION
===========
1. Liner Condition (Visual / Indirect)

Check for abnormal scavenge space condition (if accessible).

Look for signs of scuffing, scoring, or polishing (based on inspection ports or trend data).

Monitor liner condition through performance parameters if direct access is not possible.

2. Lubrication

Verify cylinder lubrication rate (if applicable) is as per maker’s recommendation.

Check lube oil distribution and absence of oil starvation signs.

Review lube oil consumption trends.

3. Cooling & Sealing

Monitor jacket water temperature and pressure related to cylinder No.01.

Check for cooling water leakage into cylinder or crankcase.

Verify condition of liner sealing arrangements (indirect observation).",,Work delayed due to weather/operational constraints. Completed during port stay.,f,2026-02-18 04:41:19.39028
1094,COMP-1768374768446-2wxksrfr6,653.004.01,7440571a-841a-11ed-aa7c-7003bca91a86,JOB-1768375698333-dlnnycdn6,MKR-OV-00025,WO-1770978832255-qomunv8kn,MKR-OV-00025-653.004.01-2023-111,AE Pistons and Connecting Rods Overhaul - 4000H,Maintenance,2023-09-13,,Chief Engineer,,2023-09-14,Approved,,,Equipment tested satisfactorily after completion of AE Pistons and Connecting Rods Overhaul - 4000H. No issues found.,f,2026-02-18 04:41:19.386068
1093,COMP-1768374768425-t4r1zyc5s,653.002.06,7440571a-841a-11ed-aa7c-7003bca91a86,JOB-1768375698290-0bv6y98vq,MKR-IN-00080,WO-1770967515018-3vcu0hq3t,UWO-653.002.06-2023-767,AE3 Cylinder Covers W/Valves No.06 - Bearing Overheating - Emergency Maintenance,Servicing,2023-09-08,,Chief Engineer,,2023-09-10,Approved,Bearing temperature rising above normal. Emergency maintenance carried out.,,Minor adjustments carried out during AE3 Cylinder Covers W/Valves No.06 - Bearing Overheating - Emergency Maintenance. Performance within acceptable parameters.,f,2026-02-18 04:41:19.382299
1092,COMP-1768374768319-j4kgq3mjf,652.002.02,7440571a-841a-11ed-aa7c-7003bca91a86,JOB-1768375698020-wikm0w4cg,MKR-IN-00080,WO-1770978832260-c9ockvjk7,MKR-IN-00080-652.002.02-2023-608,AE Cylinder Covers with Valves Inspection - 1M,Maintenance,2023-09-08,,Chief Engineer,,2023-09-10,Approved,,,Additional findings noted - recommend follow-up inspection during next scheduled maintenance.,f,2026-02-18 04:41:19.378117
1091,COMP-1768374767967-jb4k6wuji,554.003.02,7440571a-841a-11ed-aa7c-7003bca91a86,JOB-1768375697044-c0vvqlmi8,MKR-IN-00050,WO-1770978832254-nycfzu017,MKR-IN-00050-554.003.02-2023-004,"Provision Ref. Compressors, Inspection - 15000H",Maintenance,2023-09-08,,2nd Engineer,,2023-09-09,Approved,,,"Checks completed as per manufacturer guidelines for Provision Ref. Compressors, Inspection - 15000H. Next service due as scheduled.",f,2026-02-18 04:41:19.37414
1090,COMP-1768374768511-709kv1bk1,702.005.02,7440571a-841a-11ed-aa7c-7003bca91a86,JOB-1768375698538-eaypatso8,MKR-IN-00054,WO-1770967515004-wkaglde2r,WO-702.005.02-2023-190,"Purifier, Routine - 1W",Servicing,2023-09-12,,3rd Engineer,,2023-09-15,Approved,"SAFETY PROCEDURE (COMPANY)
===========================
Ensure compliance with safety procedures according to the company policy and requirements.

JOB REFERENCE DETAILS
===================
Manual Name: 8M-3 INSTRUCTION MANAUL FOR PURIFIER;5303.pdf
Pdf Page No: 56
Chapter: 3. Maintenance Inspection Procedures
Section: 3.1 Routine checks

DESCRIPTION
===========
Routine Checks :
1. Check the feed rate with respect to set feed rate for any changes.
2. Check the temperature with set temperature level.
3. Check the pressure of light liquid outlet is to be coincide roughly with the set pressure of the leakage.
4. Check for any increase in vibration.
5. Check for operational noise in gear pump and bearing etc. 
6. Check the rated current on daily basis.
7. Check the gear pump oil quantity. 
8. Check the safety joint of gears for any deformation.
9. Check for oil leakage in pipe joints.
10. Check & adjust pressure LED (yellow) lit or flashing for Leakage Monitor.
11. Check indicate revolution LED (green) is flashing for Discharge Monitor.",,"Checks completed as per manufacturer guidelines for Purifier, Routine - 1W. Next service due as scheduled.",f,2026-02-18 04:41:19.370694
1089,COMP-1768374767787-1rtrrqq22,721.003,7440571a-841a-11ed-aa7c-7003bca91a86,JOB-1768375698895-78hi7zx4y,MKR-IN-00061,WO-1770967515018-w25b2at47,UWO-721.003-2023-664,Aux. Sw Cooling Pumps - Sensor Failure - Replacement,Servicing,2023-09-27,,3rd Engineer,,2023-09-29,Approved,Temperature/pressure sensor giving erratic readings. Replaced sensor.,,Small adjustments made to operating parameters. Equipment performance satisfactory.,f,2026-02-18 04:41:19.366265
1088,COMP-1768374767936-bgz64dkel,285.001.06,7440571a-841a-11ed-aa7c-7003bca91a86,JOB-1768375696857-ts9yqo7ko,MKR-IN-00072,WO-1770978832255-xl4cendz5,MKR-IN-00072-285.001.06-2023-210,Ballast Tanks Inspection - 1M,Maintenance,2023-09-16,,2nd Engineer,,2023-09-18,Approved,,,Minor adjustments made. Equipment performance within acceptable parameters.,f,2026-02-18 04:41:19.361831
1087,COMP-1768374768365-hss0acuga,652.004.06,7440571a-841a-11ed-aa7c-7003bca91a86,JOB-1768375698110-ladmbrziu,MKR-OV-00025,WO-1770978832254-6vl8evg33,MKR-OV-00025-652.004.06-2023-082,AE Pistons and Connecting Rods Overhaul - 4000H,Maintenance,2023-09-18,,2nd Engineer,,2023-09-20,Approved,,,Minor adjustments made. Equipment performance within acceptable parameters.,f,2026-02-18 04:41:19.35792
1086,COMP-1768374768339-pzyj156x4,652.003.03,7440571a-841a-11ed-aa7c-7003bca91a86,JOB-1768375698065-nln0wy605,MKR-IN-00085,WO-1770978832260-u3cpsy5j6,MKR-IN-00085-652.003.03-2023-653,AE Cylinder Liner Inspection - 1M,Maintenance,2023-09-13,,Chief Engineer,,2023-09-16,Approved,,,All checks completed as per manufacturer guidelines. Next service due as scheduled.,f,2026-02-18 04:41:19.353173
1085,COMP-1768374768189-h7fnil0cx,601.026.02,7440571a-841a-11ed-aa7c-7003bca91a86,JOB-1768375697520-6rw5rxlia,MKR-SE-00020,WO-1770967515019-qs4pkurww,UWO-601.026.02-2023-863,ME Hp Fuel Pumps No.02 - Hydraulic System Pressure Drop,Servicing,2023-09-14,,2nd Engineer,,2023-09-17,Approved,Hydraulic system pressure dropping. Investigated and found leaking fitting. Repaired.,,Spare parts replaced as listed. Old parts retained for inspection/disposal.,f,2026-02-18 04:41:19.349264
1084,COMP-1768374767981-uq74gcyyp,601.002.02,7440571a-841a-11ed-aa7c-7003bca91a86,JOB-1768375697080-i4we3na15,MKR-IN-00075,WO-1770978832256-7onrvhit8,MKR-IN-00075-601.002.02-2023-280,Main Engine – Cylinder Covers with Valves Inspection - 4000H,Maintenance,2023-09-18,,4th Engineer,,2023-09-19,Approved,,,All checks completed as per manufacturer guidelines. Next service due as scheduled.,f,2026-02-18 04:41:19.345461
1083,COMP-1768374768322-cql2bkhkd,652.002.03,7440571a-841a-11ed-aa7c-7003bca91a86,JOB-1768375698027-asejgfpbd,MKR-IN-00080,WO-1770978832260-0gbahmq4s,MKR-IN-00080-652.002.03-2023-628,AE Cylinder Covers with Valves Inspection - 1M,Maintenance,2023-09-18,,Electrican,,2023-09-20,Approved,,,Equipment tested satisfactorily after completion of AE Cylinder Covers with Valves Inspection - 1M. No issues found.,f,2026-02-18 04:41:19.341769
1082,COMP-1768374768388-007k90ags,652.020.01,7440571a-841a-11ed-aa7c-7003bca91a86,JOB-1768375698165-lh44fjykz,MKR-IN-00018,WO-1770978832255-2q2e2749i,MKR-IN-00018-652.020.01-2023-093,"DG Cylinder Liner Water Jacket Parts, Cleaning - 5Y/16000H",Maintenance,2023-09-26,,Chief Engineer,,2023-09-29,Approved,,,Minor adjustments made. Equipment performance within acceptable parameters.,f,2026-02-18 04:41:19.338019
1081,COMP-1768374768388-007k90ags,652.020.01,7440571a-841a-11ed-aa7c-7003bca91a86,JOB-1768375698160-xbo6vxclj,MKR-IN-00017,WO-1770967515018-c9xj0htea,UWO-652.020.01-2023-658,AE2 Crankcase Doors W/Safety Valve No.01 - Electrical Fault - Motor Trip,Servicing,2023-09-22,,2nd Engineer,,2023-09-25,Approved,Motor tripped on overload. Investigated and rectified fault.,,Equipment tested satisfactorily after maintenance. No issues found.,f,2026-02-18 04:41:19.334013
1080,COMP-1768374768511-709kv1bk1,702.005.02,7440571a-841a-11ed-aa7c-7003bca91a86,JOB-1768375698538-eaypatso8,MKR-IN-00054,WO-1770967515004-upghn4kuj,WO-702.005.02-2023-191,"Purifier, Routine - 1W",Servicing,2023-09-19,,3rd Engineer,,2023-09-21,Approved,"SAFETY PROCEDURE (COMPANY)
===========================
Ensure compliance with safety procedures according to the company policy and requirements.

JOB REFERENCE DETAILS
===================
Manual Name: 8M-3 INSTRUCTION MANAUL FOR PURIFIER;5303.pdf
Pdf Page No: 56
Chapter: 3. Maintenance Inspection Procedures
Section: 3.1 Routine checks

DESCRIPTION
===========
Routine Checks :
1. Check the feed rate with respect to set feed rate for any changes.
2. Check the temperature with set temperature level.
3. Check the pressure of light liquid outlet is to be coincide roughly with the set pressure of the leakage.
4. Check for any increase in vibration.
5. Check for operational noise in gear pump and bearing etc. 
6. Check the rated current on daily basis.
7. Check the gear pump oil quantity. 
8. Check the safety joint of gears for any deformation.
9. Check for oil leakage in pipe joints.
10. Check & adjust pressure LED (yellow) lit or flashing for Leakage Monitor.
11. Check indicate revolution LED (green) is flashing for Discharge Monitor.",,"Work on Purifier, Routine - 1W delayed due to operational requirements. Completed during next available window.",f,2026-02-18 04:41:19.330263
1079,COMP-1768374768143-4kulzp9vp,601.004.06,7440571a-841a-11ed-aa7c-7003bca91a86,JOB-1768375697407-3iv0aw13h,MKR-IN-00063,WO-1770978832258-chsfnzolx,MKR-IN-00063-601.004.06-2023-373,"ME Piston And Rings, Inspection - 500H",Maintenance,2023-09-29,,Chief Engineer,,2023-10-01,Approved,,,"Equipment tested satisfactorily after completion of ME Piston And Rings, Inspection - 500H. No issues found.",f,2026-02-18 04:41:19.327167
1078,COMP-1768374767848-yixi06ueq,651.001,7440571a-841a-11ed-aa7c-7003bca91a86,JOB-1768375697672-h1dlcsu94,MKR-IN-00014,WO-1770967515017-2vc4bizzg,UWO-651.001-2023-504,"Aux. Diesel Generator Aggregates, Complete No.01 - Electrical Fault - Motor Trip",Servicing,2023-09-20,,4th Engineer,,2023-09-21,Approved,Motor tripped on overload. Investigated and rectified fault.,,"Additional observations during Aux. Diesel Generator Aggregates, Complete No.01 - Electrical Fault - Motor Trip - recommend follow-up at next scheduled interval.",f,2026-02-18 04:41:19.323574
1077,COMP-1768374767845-490ayszf9,601.064,7440571a-841a-11ed-aa7c-7003bca91a86,JOB-1768375697624-8syczggwk,MKR-IN-00065,WO-1770978832254-v5mb5ri48,MKR-IN-00065-601.064-2023-014,"ME Turning Gear V-belt, Inspection - 2000H",Maintenance,2023-09-24,,4th Engineer,,2023-09-25,Approved,,,Minor additional findings recorded. Follow-up inspection recommended during next maintenance period.,f,2026-02-18 04:41:19.319572
1076,COMP-1768374767863-71ynjfqzw,652.001,7440571a-841a-11ed-aa7c-7003bca91a86,JOB-1768375698005-1lf3yhs0u,MKR-IN-00014,WO-1770967515018-v01dwbbe6,UWO-652.001-2023-803,"Aux. Diesel Generator Aggregates, Complete No.02 - Valve Leakage - Immediate Repair",Servicing,2023-09-21,,4th Engineer,,2023-09-23,Approved,Valve found leaking during rounds. Repacked gland and replaced gasket.,,"Work on Aux. Diesel Generator Aggregates, Complete No.02 - Valve Leakage - Immediate Repair delayed due to operational requirements. Completed during next available window.",f,2026-02-18 04:41:19.31583
1075,COMP-1768374767910-h2nui498v,278.010.01,7440571a-841a-11ed-aa7c-7003bca91a86,JOB-1768374783248-r2uv8ufaf,MKR-IN-00071,WO-1770978832255-mr1oywuh9,MKR-IN-00071-278.010.01-2023-165,"Impressed Current Cathodic Protection (ICCP), Inspection - 1M",Maintenance,2023-09-28,,Chief Engineer,,2023-09-29,Approved,,,All maintenance checks completed per OEM recommendations. Next scheduled service as per PMS.,f,2026-02-18 04:41:19.311698
1074,COMP-1768374767706-woxnir4nh,403.006,7440571a-841a-11ed-aa7c-7003bca91a86,JOB-1768375696911-41bkyflww,MKR-IN-00044,WO-1770967515017-ppbtxqnbs,UWO-403.006-2023-590,Hydr. Oil Pumps - Filter Blockage - Emergency Cleaning,Servicing,2023-09-29,,2nd Engineer,,2023-10-01,Approved,Filter differential pressure high. Emergency cleaning/replacement carried out.,,Work on Hydr. Oil Pumps - Filter Blockage - Emergency Cleaning delayed due to operational requirements. Completed during next available window.,f,2026-02-18 04:41:19.307957
1073,COMP-1768374768511-709kv1bk1,702.005.02,7440571a-841a-11ed-aa7c-7003bca91a86,JOB-1768375698538-eaypatso8,MKR-IN-00054,WO-1770967515004-7cjq3rngb,WO-702.005.02-2023-192,"Purifier, Routine - 1W",Servicing,2023-09-22,,3rd Engineer,,2023-09-25,Approved,"SAFETY PROCEDURE (COMPANY)
===========================
Ensure compliance with safety procedures according to the company policy and requirements.

JOB REFERENCE DETAILS
===================
Manual Name: 8M-3 INSTRUCTION MANAUL FOR PURIFIER;5303.pdf
Pdf Page No: 56
Chapter: 3. Maintenance Inspection Procedures
Section: 3.1 Routine checks

DESCRIPTION
===========
Routine Checks :
1. Check the feed rate with respect to set feed rate for any changes.
2. Check the temperature with set temperature level.
3. Check the pressure of light liquid outlet is to be coincide roughly with the set pressure of the leakage.
4. Check for any increase in vibration.
5. Check for operational noise in gear pump and bearing etc. 
6. Check the rated current on daily basis.
7. Check the gear pump oil quantity. 
8. Check the safety joint of gears for any deformation.
9. Check for oil leakage in pipe joints.
10. Check & adjust pressure LED (yellow) lit or flashing for Leakage Monitor.
11. Check indicate revolution LED (green) is flashing for Discharge Monitor.",,"Work on Purifier, Routine - 1W delayed due to operational requirements. Completed during next available window.",f,2026-02-18 04:41:19.302846
1072,COMP-1768374768236-120so6zd8,651.002.06,7440571a-841a-11ed-aa7c-7003bca91a86,JOB-1768375697709-kfxro24s3,MKR-IN-00080,WO-1770978832259-9vxjbzyuz,MKR-IN-00080-651.002.06-2023-549,AE Cylinder Covers with Valves Inspection - 1M,Maintenance,2023-10-13,,4th Engineer,,2023-10-16,Approved,,,All equipment tested satisfactorily post-maintenance. No abnormalities detected.,f,2026-02-18 04:41:19.295802
1071,COMP-1768374767950-2ln09g0jp,285.001.10,7440571a-841a-11ed-aa7c-7003bca91a86,JOB-1768375696881-rh3q9wjwg,MKR-IN-00072,WO-1770978832256-8crmg3v55,MKR-IN-00072-285.001.10-2023-258,Ballast Tanks Inspection - 1M,Maintenance,2023-10-02,,2nd Engineer,,2023-10-04,Approved,,,All maintenance checks completed per OEM recommendations. Next scheduled service as per PMS.,f,2026-02-18 04:41:19.291727
1070,COMP-1768374768410-eurzscqdj,653.002.01,7440571a-841a-11ed-aa7c-7003bca91a86,JOB-1768375698254-e7d6bn0wz,MKR-IN-00080,WO-1770978832260-q7uqbdxvw,MKR-IN-00080-653.002.01-2023-684,AE Cylinder Covers with Valves Inspection - 1M,Maintenance,2023-10-15,,Chief Engineer,,2023-10-18,Approved,,,Equipment tested satisfactorily after completion of AE Cylinder Covers with Valves Inspection - 1M. No issues found.,f,2026-02-18 04:41:19.287243
1069,COMP-1768374767834-dbncpiany,601.053,7440571a-841a-11ed-aa7c-7003bca91a86,JOB-1768375697585-z6leju6xr,MKR-IN-00066,WO-1770967515015-904x4gd60,WO-601.053-2023-427,"ME Turbocharger Turbine, Cleaning - 500H",Servicing,2023-09-29,,2nd Engineer,,2023-10-02,Approved,"SAFETY PROCEDURE (COMPANY)
===========================
Ensure compliance with safety procedures according to the company policy and requirements.

JOB REFERENCE DETAILS
===================
Manual Name: 3M-2 DIESEL ENGINE VOL II;5303.pdf
Pdf Page No: 196, 171, 172
Job Reference: Group No. 400
Chapter: Maintenance Schedule Of Main Parts


DESCRIPTION
===========
1. Cleaning of turbine side of turbocharger to be carried out (vegetal solid cleaning).",,"Minor adjustments carried out during ME Turbocharger Turbine, Cleaning - 500H. Performance within acceptable parameters.",f,2026-02-18 04:41:19.282887
1068,COMP-1768374768216-m2muvqs0s,601.066.05,7440571a-841a-11ed-aa7c-7003bca91a86,JOB-1768375697655-5q8kd9vp1,MKR-IN-00079,WO-1770978832259-yjqnzhi08,MKR-IN-00079-601.066.05-2023-476,Main Engine – Indicator Valves & Indicators Inspection - 1M,Maintenance,2023-10-10,,4th Engineer,,2023-10-12,Approved,,,Equipment tested satisfactorily after completion of Main Engine – Indicator Valves & Indicators Inspection - 1M. No issues found.,f,2026-02-18 04:41:19.277742
1067,COMP-1768374768143-4kulzp9vp,601.004.06,7440571a-841a-11ed-aa7c-7003bca91a86,JOB-1768375697407-3iv0aw13h,MKR-IN-00063,WO-1770978832258-77ygthoud,MKR-IN-00063-601.004.06-2023-377,"ME Piston And Rings, Inspection - 500H",Maintenance,2023-10-15,,2nd Engineer,,2023-10-16,Approved,,,Equipment tested satisfactorily after maintenance. No issues found.,f,2026-02-18 04:41:19.27286
1066,COMP-1768374768157-suzt374w7,601.005.05,7440571a-841a-11ed-aa7c-7003bca91a86,JOB-1768375697435-jappx7g00,MKR-IN-00076,WO-1770978832258-3fqk6m0iu,MKR-IN-00076-601.005.05-2023-414,"Main Engine – Connecting Rods, Crosshead & Guide Assemblies Inspection - 1M",Maintenance,2023-09-30,,4th Engineer,,2023-10-01,Approved,,,Consumable parts replaced as per maintenance plan. Used parts stored for disposal.,f,2026-02-18 04:41:19.269023
1065,COMP-1768374767812-t7u0ew84e,501.002,7440571a-841a-11ed-aa7c-7003bca91a86,JOB-1768375697009-atjcavi6y,MKR-IN-00073,WO-1770978832256-iymrbiqs9,MKR-IN-00073-501.002-2023-273,Covered (Totally Enclosed) Lifeboats Inspection - 1M,Maintenance,2023-10-16,,4th Engineer,,2023-10-17,Approved,,,Additional findings noted - recommend follow-up inspection during next scheduled maintenance.,f,2026-02-18 04:41:19.264006
1064,COMP-1768374767875-8i4qk5eoo,652.053,7440571a-841a-11ed-aa7c-7003bca91a86,JOB-1768375698242-e86yamo00,MKR-OV-00027,WO-1770978832260-8lugm53ma,MKR-OV-00027-652.053-2023-674,AE Turbocharger Overhaul - 8000H,Maintenance,2023-10-11,,Electrican,,2023-10-12,Approved,,,Equipment tested satisfactorily after completion of AE Turbocharger Overhaul - 8000H. No issues found.,f,2026-02-18 04:41:19.259074
1063,COMP-1768374768239-6wbm7nkr9,651.003.01,7440571a-841a-11ed-aa7c-7003bca91a86,JOB-1768375697715-p7a1yt6pq,MKR-IN-00085,WO-1770967515004-ziyfyx1r0,WO-651.003.01-2023-324,AE Cylinder Liner Inspection - 1M,Servicing,2023-10-04,,3rd Engineer,,2023-10-07,Approved,"SAFETY PROCEDURE (COMPANY)
===========================
Ensure compliance with safety procedures according to the company policy and requirements.

DESCRIPTION
===========
1. Liner Condition (Visual / Indirect)

Check for abnormal scavenge space condition (if accessible).

Look for signs of scuffing, scoring, or polishing (based on inspection ports or trend data).

Monitor liner condition through performance parameters if direct access is not possible.

2. Lubrication

Verify cylinder lubrication rate (if applicable) is as per maker’s recommendation.

Check lube oil distribution and absence of oil starvation signs.

Review lube oil consumption trends.

3. Cooling & Sealing

Monitor jacket water temperature and pressure related to cylinder No.01.

Check for cooling water leakage into cylinder or crankcase.

Verify condition of liner sealing arrangements (indirect observation).",,Minor adjustments made. Equipment performance within acceptable parameters.,f,2026-02-18 04:41:19.25427
1062,COMP-1768374767619-k2joo21sq,41,7440571a-841a-11ed-aa7c-7003bca91a86,JOB-1768375696923-b1p23n9g6,MKR-IN-00045,WO-1770967515017-t2cqiysyj,UWO-41-2023-567,NAVIGATION & SEARCHING EQUIPMENT - Bearing Overheating - Emergency Maintenance,Servicing,2023-09-29,,2nd Engineer,,2023-10-02,Approved,Bearing temperature rising above normal. Emergency maintenance carried out.,,All equipment tested satisfactorily post-maintenance. No abnormalities detected.,f,2026-02-18 04:41:19.249864
1061,COMP-1768374768511-709kv1bk1,702.005.02,7440571a-841a-11ed-aa7c-7003bca91a86,JOB-1768375698538-eaypatso8,MKR-IN-00054,WO-1770967515004-akqknxlt9,WO-702.005.02-2023-193,"Purifier, Routine - 1W",Servicing,2023-10-18,,3rd Engineer,,2023-10-20,Approved,"SAFETY PROCEDURE (COMPANY)
===========================
Ensure compliance with safety procedures according to the company policy and requirements.

JOB REFERENCE DETAILS
===================
Manual Name: 8M-3 INSTRUCTION MANAUL FOR PURIFIER;5303.pdf
Pdf Page No: 56
Chapter: 3. Maintenance Inspection Procedures
Section: 3.1 Routine checks

DESCRIPTION
===========
Routine Checks :
1. Check the feed rate with respect to set feed rate for any changes.
2. Check the temperature with set temperature level.
3. Check the pressure of light liquid outlet is to be coincide roughly with the set pressure of the leakage.
4. Check for any increase in vibration.
5. Check for operational noise in gear pump and bearing etc. 
6. Check the rated current on daily basis.
7. Check the gear pump oil quantity. 
8. Check the safety joint of gears for any deformation.
9. Check for oil leakage in pipe joints.
10. Check & adjust pressure LED (yellow) lit or flashing for Leakage Monitor.
11. Check indicate revolution LED (green) is flashing for Discharge Monitor.",,All equipment tested satisfactorily post-maintenance. No abnormalities detected.,f,2026-02-18 04:41:19.245616
1060,COMP-1768374768295-h5e40ctza,651.020.01,7440571a-841a-11ed-aa7c-7003bca91a86,JOB-1768375697820-rz0yqv3qm,MKR-IN-00017,WO-1770967515017-rtigykmsr,UWO-651.020.01-2023-598,AE1 Crankcase Doors W/Safety Valve No.01 - Hydraulic System Pressure Drop,Servicing,2023-10-04,,4th Engineer,,2023-10-06,Approved,Hydraulic system pressure dropping. Investigated and found leaking fitting. Repaired.,,Equipment tested satisfactorily after maintenance. No issues found.,f,2026-02-18 04:41:19.241371
1059,COMP-1768374768410-eurzscqdj,653.002.01,7440571a-841a-11ed-aa7c-7003bca91a86,JOB-1768375698254-e7d6bn0wz,MKR-IN-00080,WO-1770967515017-dty45nbjw,UWO-653.002.01-2023-505,AE3 Cylinder Covers W/Valves No.01 - Hydraulic System Pressure Drop,Servicing,2023-11-01,,Chief Engineer,,2023-11-03,Approved,Hydraulic system pressure dropping. Investigated and found leaking fitting. Repaired.,,Minor adjustments carried out during AE3 Cylinder Covers W/Valves No.01 - Hydraulic System Pressure Drop. Performance within acceptable parameters.,f,2026-02-18 04:41:19.23679
1058,COMP-1768374768511-709kv1bk1,702.005.02,7440571a-841a-11ed-aa7c-7003bca91a86,JOB-1768375698538-eaypatso8,MKR-IN-00054,WO-1770967515004-h1gxqcw2y,WO-702.005.02-2023-194,"Purifier, Routine - 1W",Servicing,2023-10-07,,3rd Engineer,,2023-10-09,Approved,"SAFETY PROCEDURE (COMPANY)
===========================
Ensure compliance with safety procedures according to the company policy and requirements.

JOB REFERENCE DETAILS
===================
Manual Name: 8M-3 INSTRUCTION MANAUL FOR PURIFIER;5303.pdf
Pdf Page No: 56
Chapter: 3. Maintenance Inspection Procedures
Section: 3.1 Routine checks

DESCRIPTION
===========
Routine Checks :
1. Check the feed rate with respect to set feed rate for any changes.
2. Check the temperature with set temperature level.
3. Check the pressure of light liquid outlet is to be coincide roughly with the set pressure of the leakage.
4. Check for any increase in vibration.
5. Check for operational noise in gear pump and bearing etc. 
6. Check the rated current on daily basis.
7. Check the gear pump oil quantity. 
8. Check the safety joint of gears for any deformation.
9. Check for oil leakage in pipe joints.
10. Check & adjust pressure LED (yellow) lit or flashing for Leakage Monitor.
11. Check indicate revolution LED (green) is flashing for Discharge Monitor.",,Minor adjustments made. Equipment performance within acceptable parameters.,f,2026-02-18 04:41:19.232697
1057,COMP-1768374767596-t69zifg0g,28,7440571a-841a-11ed-aa7c-7003bca91a86,JOB-1768375696823-5izcxc9cy,MKR-IN-00072,WO-1770967515018-3ze0jczdw,UWO-28-2023-703,"MATERIAL PROTECTION, INTERNAL - Electrical Fault - Motor Trip",Servicing,2023-10-11,,2nd Engineer,,2023-10-13,Approved,Motor tripped on overload. Investigated and rectified fault.,,"Equipment tested satisfactorily after completion of MATERIAL PROTECTION, INTERNAL - Electrical Fault - Motor Trip. No issues found.",f,2026-02-18 04:41:19.228284
1056,COMP-1768374768210-pv86y7jsq,601.066.03,7440571a-841a-11ed-aa7c-7003bca91a86,JOB-1768375697641-9ro3dhhfo,MKR-IN-00079,WO-1770967515017-67xh6nxpj,UWO-601.066.03-2023-472,ME Indicators No.03 - Filter Blockage - Emergency Cleaning,Servicing,2023-10-09,,Chief Engineer,,2023-10-12,Approved,Filter differential pressure high. Emergency cleaning/replacement carried out.,,Equipment tested satisfactorily after completion of ME Indicators No.03 - Filter Blockage - Emergency Cleaning. No issues found.,f,2026-02-18 04:41:19.223901
1055,COMP-1768374768443-sj0hmblft,653.003.06,7440571a-841a-11ed-aa7c-7003bca91a86,JOB-1768375698327-s9rfxwr8p,MKR-IN-00085,WO-1770967515004-h55sen7mq,WO-653.003.06-2023-360,AE Cylinder Liner Inspection - 1M,Servicing,2023-10-05,,3rd Engineer,,2023-10-08,Approved,"SAFETY PROCEDURE (COMPANY)
===========================
Ensure compliance with safety procedures according to the company policy and requirements.

DESCRIPTION
===========
1. Liner Condition (Visual / Indirect)

Check for abnormal scavenge space condition (if accessible).

Look for signs of scuffing, scoring, or polishing (based on inspection ports or trend data).

Monitor liner condition through performance parameters if direct access is not possible.

2. Lubrication

Verify cylinder lubrication rate (if applicable) is as per maker’s recommendation.

Check lube oil distribution and absence of oil starvation signs.

Review lube oil consumption trends.

3. Cooling & Sealing

Monitor jacket water temperature and pressure related to cylinder No.01.

Check for cooling water leakage into cylinder or crankcase.

Verify condition of liner sealing arrangements (indirect observation).",,All maintenance checks completed per OEM recommendations. Next scheduled service as per PMS.,f,2026-02-18 04:41:19.219962
1054,COMP-1768374768525-zyps62yum,712.011.02,7440571a-841a-11ed-aa7c-7003bca91a86,JOB-1768375698792-2d19ix5kf,MKR-IN-00054,WO-1770967515017-aa927ivpq,UWO-712.011.02-2023-497,LO Separators No.02 - Valve Leakage - Immediate Repair,Servicing,2023-10-12,,3rd Engineer,,2023-10-13,Approved,Valve found leaking during rounds. Repacked gland and replaced gasket.,,Minor adjustments carried out during LO Separators No.02 - Valve Leakage - Immediate Repair. Performance within acceptable parameters.,f,2026-02-18 04:41:19.215095
1053,COMP-1768374768322-cql2bkhkd,652.002.03,7440571a-841a-11ed-aa7c-7003bca91a86,JOB-1768375698027-asejgfpbd,MKR-IN-00080,WO-1770978832260-1ta6bhqmt,MKR-IN-00080-652.002.03-2023-619,AE Cylinder Covers with Valves Inspection - 1M,Maintenance,2023-10-30,,2nd Engineer,,2023-10-31,Approved,,,All equipment tested satisfactorily post-maintenance. No abnormalities detected.,f,2026-02-18 04:41:19.210624
1052,COMP-1768374768495-0ja4v2sqc,653.020.04,7440571a-841a-11ed-aa7c-7003bca91a86,JOB-1768375698442-isypmnw26,MKR-IN-00017,WO-1770978832255-el9va0f3z,MKR-IN-00017-653.020.04-2023-144,"DG Cylinder Liner, Visual Check - 2Y/8000H",Maintenance,2023-10-31,,4th Engineer,,2023-11-01,Approved,,,Equipment tested satisfactorily after maintenance. No issues found.,f,2026-02-18 04:41:19.206668
1051,COMP-1768374768373-33bew970w,652.007.03,7440571a-841a-11ed-aa7c-7003bca91a86,JOB-1768375698126-uus74l55h,MKR-IN-00015,WO-1770967515018-6801l71ul,UWO-652.007.03-2023-716,"AE2 Main Bearings, Journals No.03 - Cooling System Malfunction",Servicing,2023-10-15,,3rd Engineer,,2023-10-18,Approved,Cooling water temperature rising. Investigated and cleaned heat exchanger.,,Additional findings noted - recommend follow-up inspection during next scheduled maintenance.,f,2026-02-18 04:41:19.202074
1050,COMP-1768374768511-709kv1bk1,702.005.02,7440571a-841a-11ed-aa7c-7003bca91a86,JOB-1768375698538-eaypatso8,MKR-IN-00054,WO-1770967515004-n1jnvv4js,WO-702.005.02-2023-195,"Purifier, Routine - 1W",Servicing,2023-10-14,,3rd Engineer,,2023-10-15,Approved,"SAFETY PROCEDURE (COMPANY)
===========================
Ensure compliance with safety procedures according to the company policy and requirements.

JOB REFERENCE DETAILS
===================
Manual Name: 8M-3 INSTRUCTION MANAUL FOR PURIFIER;5303.pdf
Pdf Page No: 56
Chapter: 3. Maintenance Inspection Procedures
Section: 3.1 Routine checks

DESCRIPTION
===========
Routine Checks :
1. Check the feed rate with respect to set feed rate for any changes.
2. Check the temperature with set temperature level.
3. Check the pressure of light liquid outlet is to be coincide roughly with the set pressure of the leakage.
4. Check for any increase in vibration.
5. Check for operational noise in gear pump and bearing etc. 
6. Check the rated current on daily basis.
7. Check the gear pump oil quantity. 
8. Check the safety joint of gears for any deformation.
9. Check for oil leakage in pipe joints.
10. Check & adjust pressure LED (yellow) lit or flashing for Leakage Monitor.
11. Check indicate revolution LED (green) is flashing for Discharge Monitor.",,Equipment tested satisfactorily after maintenance. No issues found.,f,2026-02-18 04:41:19.197543
1049,COMP-1768374768216-m2muvqs0s,601.066.05,7440571a-841a-11ed-aa7c-7003bca91a86,JOB-1768375697655-5q8kd9vp1,MKR-IN-00079,WO-1770978832259-0klwi0nbv,MKR-IN-00079-601.066.05-2023-483,Main Engine – Indicator Valves & Indicators Inspection - 1M,Maintenance,2023-10-23,,4th Engineer,,2023-10-25,Approved,,,Required spare parts replaced during Main Engine – Indicator Valves & Indicators Inspection - 1M. Old parts retained for inspection.,f,2026-02-18 04:41:19.192467
1048,COMP-1768374767942-1vyf5zpk2,285.001.08,7440571a-841a-11ed-aa7c-7003bca91a86,JOB-1768375696869-5sqfen2xp,MKR-IN-00072,WO-1770978832256-hte8pn06d,MKR-IN-00072-285.001.08-2023-235,Ballast Tanks Inspection - 1M,Maintenance,2023-10-27,,2nd Engineer,,2023-10-30,Approved,,,Minor adjustments carried out during Ballast Tanks Inspection - 1M. Performance within acceptable parameters.,f,2026-02-18 04:41:19.188037
1047,COMP-1768374767942-1vyf5zpk2,285.001.08,7440571a-841a-11ed-aa7c-7003bca91a86,JOB-1768375696869-5sqfen2xp,MKR-IN-00072,WO-1770978832256-ivps5psn7,MKR-IN-00072-285.001.08-2023-239,Ballast Tanks Inspection - 1M,Maintenance,2023-10-30,,Electrican,,2023-10-31,Approved,,,All equipment tested satisfactorily post-maintenance. No abnormalities detected.,f,2026-02-18 04:41:19.184382
1046,COMP-1768374767910-h2nui498v,278.010.01,7440571a-841a-11ed-aa7c-7003bca91a86,JOB-1768374783248-r2uv8ufaf,MKR-IN-00071,WO-1770978832255-daadzvgzq,MKR-IN-00071-278.010.01-2023-162,"Impressed Current Cathodic Protection (ICCP), Inspection - 1M",Maintenance,2023-10-23,,Chief Engineer,,2023-10-24,Approved,,,Small adjustments made to operating parameters. Equipment performance satisfactory.,f,2026-02-18 04:41:19.17989
1045,COMP-1768374767859-rfmxd163z,651.053,7440571a-841a-11ed-aa7c-7003bca91a86,JOB-1768375697998-7mn72g6xy,MKR-OV-00027,WO-1770967515018-ov6iv1ub3,UWO-651.053-2023-679,AE1 Turbochargers - Bearing Overheating - Emergency Maintenance,Servicing,2023-10-24,,4th Engineer,,2023-10-27,Approved,Bearing temperature rising above normal. Emergency maintenance carried out.,,Required spare parts replaced during AE1 Turbochargers - Bearing Overheating - Emergency Maintenance. Old parts retained for inspection.,f,2026-02-18 04:41:19.176209
1044,COMP-1768374768356-ss537bdpo,652.004.03,7440571a-841a-11ed-aa7c-7003bca91a86,JOB-1768375698094-78ru7jdnt,MKR-OV-00025,WO-1770978832254-paf8vrw8b,MKR-OV-00025-652.004.03-2023-073,AE Pistons and Connecting Rods Overhaul - 4000H,Maintenance,2023-11-14,,4th Engineer,,2023-11-16,Approved,,,Work on AE Pistons and Connecting Rods Overhaul - 4000H delayed due to operational requirements. Completed during next available window.,f,2026-02-18 04:41:19.172298
1043,COMP-1768374768511-709kv1bk1,702.005.02,7440571a-841a-11ed-aa7c-7003bca91a86,JOB-1768375698538-eaypatso8,MKR-IN-00054,WO-1770967515004-bzgl6vbpd,WO-702.005.02-2023-196,"Purifier, Routine - 1W",Servicing,2023-10-24,,3rd Engineer,,2023-10-26,Approved,"SAFETY PROCEDURE (COMPANY)
===========================
Ensure compliance with safety procedures according to the company policy and requirements.

JOB REFERENCE DETAILS
===================
Manual Name: 8M-3 INSTRUCTION MANAUL FOR PURIFIER;5303.pdf
Pdf Page No: 56
Chapter: 3. Maintenance Inspection Procedures
Section: 3.1 Routine checks

DESCRIPTION
===========
Routine Checks :
1. Check the feed rate with respect to set feed rate for any changes.
2. Check the temperature with set temperature level.
3. Check the pressure of light liquid outlet is to be coincide roughly with the set pressure of the leakage.
4. Check for any increase in vibration.
5. Check for operational noise in gear pump and bearing etc. 
6. Check the rated current on daily basis.
7. Check the gear pump oil quantity. 
8. Check the safety joint of gears for any deformation.
9. Check for oil leakage in pipe joints.
10. Check & adjust pressure LED (yellow) lit or flashing for Leakage Monitor.
11. Check indicate revolution LED (green) is flashing for Discharge Monitor.",,All checks completed as per manufacturer guidelines. Next service due as scheduled.,f,2026-02-18 04:41:19.16765
1042,COMP-1768374768140-3bqamfvdd,601.004.05,7440571a-841a-11ed-aa7c-7003bca91a86,JOB-1768375697396-t255vvrdn,MKR-IN-00063,WO-1770978832258-1scki3ask,MKR-IN-00063-601.004.05-2023-364,"ME Piston And Rings, Inspection - 500H",Maintenance,2023-11-03,,2nd Engineer,,2023-11-06,Approved,,,Equipment tested satisfactorily after maintenance. No issues found.,f,2026-02-18 04:41:19.162893
1041,COMP-1768374767834-dbncpiany,601.053,7440571a-841a-11ed-aa7c-7003bca91a86,JOB-1768375697601-freker4a1,MKR-IN-00069,WO-1770967515015-ubxjs1gxv,WO-601.053-2023-417,"ME Turbocharger Bearing, Visual Check - 4000H",Servicing,2023-10-25,,2nd Engineer,,2023-10-27,Approved,"SAFETY PROCEDURE (COMPANY)
===========================
Ensure compliance with safety procedures according to the company policy and requirements.

JOB REFERENCE DETAILS
===================
Manual Name: 3M-2 DIESEL ENGINE VOL II;5303.pdf
Pdf Page No: 443, 444
Chapter: 4. Maintenance and Servicing
Section: 4.2.5 Thrust Bearing

DESCRIPTION
===========
1. Check the bearing.",,"Minor adjustments carried out during ME Turbocharger Bearing, Visual Check - 4000H. Performance within acceptable parameters.",f,2026-02-18 04:41:19.158914
1040,COMP-1768374768511-709kv1bk1,702.005.02,7440571a-841a-11ed-aa7c-7003bca91a86,JOB-1768375698538-eaypatso8,MKR-IN-00054,WO-1770967515004-1ogdke1fe,WO-702.005.02-2023-197,"Purifier, Routine - 1W",Servicing,2023-10-29,,3rd Engineer,,2023-10-31,Approved,"SAFETY PROCEDURE (COMPANY)
===========================
Ensure compliance with safety procedures according to the company policy and requirements.

JOB REFERENCE DETAILS
===================
Manual Name: 8M-3 INSTRUCTION MANAUL FOR PURIFIER;5303.pdf
Pdf Page No: 56
Chapter: 3. Maintenance Inspection Procedures
Section: 3.1 Routine checks

DESCRIPTION
===========
Routine Checks :
1. Check the feed rate with respect to set feed rate for any changes.
2. Check the temperature with set temperature level.
3. Check the pressure of light liquid outlet is to be coincide roughly with the set pressure of the leakage.
4. Check for any increase in vibration.
5. Check for operational noise in gear pump and bearing etc. 
6. Check the rated current on daily basis.
7. Check the gear pump oil quantity. 
8. Check the safety joint of gears for any deformation.
9. Check for oil leakage in pipe joints.
10. Check & adjust pressure LED (yellow) lit or flashing for Leakage Monitor.
11. Check indicate revolution LED (green) is flashing for Discharge Monitor.",,Completion delayed due to vessel operational schedule. Work carried out during port call.,f,2026-02-18 04:41:19.154311
1039,COMP-1768374767914-980b44ij3,278.010.02,7440571a-841a-11ed-aa7c-7003bca91a86,JOB-1768375696813-k7ce9br2o,MKR-IN-00071,WO-1770978832255-222d3xpqc,MKR-IN-00071-278.010.02-2023-175,"Impressed Current Cathodic Protection (ICCP), Inspection - 1M",Maintenance,2023-11-10,,Chief Engineer,,2023-11-11,Approved,,,"Minor adjustments carried out during Impressed Current Cathodic Protection (ICCP), Inspection - 1M. Performance within acceptable parameters.",f,2026-02-18 04:41:19.150619
1038,COMP-1768374767834-dbncpiany,601.053,7440571a-841a-11ed-aa7c-7003bca91a86,JOB-1768375697590-j5wqgs5qj,MKR-IN-00067,WO-1770967515016-q4p2vloq2,WO-601.053-2023-456,"ME Turbocharger Blower Side & Suction Filter, Cleaning - 2000H",Servicing,2023-11-09,,2nd Engineer,,2023-11-10,Approved,"SAFETY PROCEDURE (COMPANY)
===========================
Ensure compliance with safety procedures according to the company policy and requirements.

JOB REFERENCE DETAILS
===================
Manual Name: 3M-2 DIESEL ENGINE VOL II;5303.pdf
Pdf Page No: 196, 171, 172
Job Reference: Group No. 400
Chapter: Maintenance Schedule Of Main Parts


DESCRIPTION
===========
1. Cleaning of suction filter.
2. Dismantling and cleaning of blower side of turbocharger.",,Consumable parts replaced as per maintenance plan. Used parts stored for disposal.,f,2026-02-18 04:41:19.146347
1037,COMP-1768374767834-dbncpiany,601.053,7440571a-841a-11ed-aa7c-7003bca91a86,JOB-1768375697585-z6leju6xr,MKR-IN-00066,WO-1770967515015-5eb6f2x2t,WO-601.053-2023-428,"ME Turbocharger Turbine, Cleaning - 500H",Servicing,2023-10-27,,2nd Engineer,,2023-10-30,Approved,"SAFETY PROCEDURE (COMPANY)
===========================
Ensure compliance with safety procedures according to the company policy and requirements.

JOB REFERENCE DETAILS
===================
Manual Name: 3M-2 DIESEL ENGINE VOL II;5303.pdf
Pdf Page No: 196, 171, 172
Job Reference: Group No. 400
Chapter: Maintenance Schedule Of Main Parts


DESCRIPTION
===========
1. Cleaning of turbine side of turbocharger to be carried out (vegetal solid cleaning).",,Small adjustments made to operating parameters. Equipment performance satisfactory.,f,2026-02-18 04:41:19.142692
1036,COMP-1768374768367-jnaj83i5t,652.007.01,7440571a-841a-11ed-aa7c-7003bca91a86,JOB-1768375698115-cipt1ioly,MKR-IN-00015,WO-1770967515018-lgbywqegz,UWO-652.007.01-2023-701,"AE2 Main Bearings, Journals No.01 - Sensor Failure - Replacement",Servicing,2023-10-26,,Chief Engineer,,2023-10-27,Approved,Temperature/pressure sensor giving erratic readings. Replaced sensor.,,Minor adjustments made. Equipment performance within acceptable parameters.,f,2026-02-18 04:41:19.1386
1035,COMP-1768374768022-1676057de,601.003.06,7440571a-841a-11ed-aa7c-7003bca91a86,JOB-1768375697142-sgl4blc0c,MKR-OV-00012,WO-1770978832256-8cou97ati,MKR-OV-00012-601.003.06-2023-292,"ME Cylinder Liner, Overhaul - 6000H",Maintenance,2023-11-09,,4th Engineer,,2023-11-11,Approved,,,All maintenance checks completed per OEM recommendations. Next scheduled service as per PMS.,f,2026-02-18 04:41:19.134354
1034,COMP-1768374767946-xvx5auscz,285.001.09,7440571a-841a-11ed-aa7c-7003bca91a86,JOB-1768375696874-phtun2znj,MKR-IN-00072,WO-1770978832256-njyqjzeir,MKR-IN-00072-285.001.09-2023-248,Ballast Tanks Inspection - 1M,Maintenance,2023-11-08,,Chief Engineer,,2023-11-10,Approved,,,Work delayed due to weather/operational constraints. Completed during port stay.,f,2026-02-18 04:41:19.130921
1033,COMP-1768374768140-3bqamfvdd,601.004.05,7440571a-841a-11ed-aa7c-7003bca91a86,JOB-1768375697396-t255vvrdn,MKR-IN-00063,WO-1770978832258-sy2m9zt5l,MKR-IN-00063-601.004.05-2023-359,"ME Piston And Rings, Inspection - 500H",Maintenance,2023-11-06,,Electrican,,2023-11-09,Approved,,,"Additional observations during ME Piston And Rings, Inspection - 500H - recommend follow-up at next scheduled interval.",f,2026-02-18 04:41:19.127149
1032,COMP-1768374768334-x8vq4y9hs,652.003.01,7440571a-841a-11ed-aa7c-7003bca91a86,JOB-1768375698053-sog0kbiyi,MKR-IN-00085,WO-1770967515019-tvj3i263v,UWO-652.003.01-2023-862,AE2 Cylinder Liners No.01 - Sensor Failure - Replacement,Servicing,2023-11-02,,3rd Engineer,,2023-11-04,Approved,Temperature/pressure sensor giving erratic readings. Replaced sensor.,,All equipment tested satisfactorily post-maintenance. No abnormalities detected.,f,2026-02-18 04:41:19.123357
1031,COMP-1768374768410-eurzscqdj,653.002.01,7440571a-841a-11ed-aa7c-7003bca91a86,JOB-1768375698254-e7d6bn0wz,MKR-IN-00080,WO-1770967515017-ngacno7rk,UWO-653.002.01-2023-531,AE3 Cylinder Covers W/Valves No.01 - Control System Malfunction,Servicing,2023-11-07,,3rd Engineer,,2023-11-10,Approved,Control system showing intermittent faults. Checked connections and calibrated.,,Small adjustments made to operating parameters. Equipment performance satisfactory.,f,2026-02-18 04:41:19.119088
1030,COMP-1768374768458-rjm1b8q15,653.004.05,7440571a-841a-11ed-aa7c-7003bca91a86,JOB-1768375698355-0paphpb9k,MKR-OV-00025,WO-1770978832255-ey4zrn4d9,MKR-OV-00025-653.004.05-2023-122,AE Pistons and Connecting Rods Overhaul - 4000H,Maintenance,2023-11-11,,Chief Engineer,,2023-11-14,Approved,,,Minor adjustments carried out during AE Pistons and Connecting Rods Overhaul - 4000H. Performance within acceptable parameters.,f,2026-02-18 04:41:19.114428
1029,COMP-1768374768189-h7fnil0cx,601.026.02,7440571a-841a-11ed-aa7c-7003bca91a86,JOB-1768375697527-ujfr5fmcu,MKR-OV-00013,WO-1770978832258-faymsfhrr,MKR-OV-00013-601.026.02-2023-436,"ME Fuel Injection Pump, Overhaul - 6000H",Maintenance,2023-11-04,,Chief Engineer,,2023-11-06,Approved,,,All equipment tested satisfactorily post-maintenance. No abnormalities detected.,f,2026-02-18 04:41:19.110599
1028,COMP-1768374768373-33bew970w,652.007.03,7440571a-841a-11ed-aa7c-7003bca91a86,JOB-1768375698126-uus74l55h,MKR-IN-00015,WO-1770967515017-03yrjc4wm,UWO-652.007.03-2023-605,"AE2 Main Bearings, Journals No.03 - Control System Malfunction",Servicing,2023-11-04,,4th Engineer,,2023-11-06,Approved,Control system showing intermittent faults. Checked connections and calibrated.,,"Work on AE2 Main Bearings, Journals No.03 - Control System Malfunction delayed due to operational requirements. Completed during next available window.",f,2026-02-18 04:41:19.106559
1027,COMP-1768374768239-6wbm7nkr9,651.003.01,7440571a-841a-11ed-aa7c-7003bca91a86,JOB-1768375697715-p7a1yt6pq,MKR-IN-00085,WO-1770967515004-5w4tvy2ru,WO-651.003.01-2023-325,AE Cylinder Liner Inspection - 1M,Servicing,2023-11-02,,3rd Engineer,,2023-11-03,Approved,"SAFETY PROCEDURE (COMPANY)
===========================
Ensure compliance with safety procedures according to the company policy and requirements.

DESCRIPTION
===========
1. Liner Condition (Visual / Indirect)

Check for abnormal scavenge space condition (if accessible).

Look for signs of scuffing, scoring, or polishing (based on inspection ports or trend data).

Monitor liner condition through performance parameters if direct access is not possible.

2. Lubrication

Verify cylinder lubrication rate (if applicable) is as per maker’s recommendation.

Check lube oil distribution and absence of oil starvation signs.

Review lube oil consumption trends.

3. Cooling & Sealing

Monitor jacket water temperature and pressure related to cylinder No.01.

Check for cooling water leakage into cylinder or crankcase.

Verify condition of liner sealing arrangements (indirect observation).",,All maintenance checks completed per OEM recommendations. Next scheduled service as per PMS.,f,2026-02-18 04:41:19.102508
1026,COMP-1768374768201-mvmpi8w24,601.026.06,7440571a-841a-11ed-aa7c-7003bca91a86,JOB-1768375697569-fn7owfj2c,MKR-SE-00020,WO-1770967515018-7nnmxom35,UWO-601.026.06-2023-743,ME Hp Fuel Pumps No.06 - Hydraulic System Pressure Drop,Servicing,2023-11-03,,3rd Engineer,,2023-11-06,Approved,Hydraulic system pressure dropping. Investigated and found leaking fitting. Repaired.,,Equipment tested satisfactorily after maintenance. No issues found.,f,2026-02-18 04:41:19.098426
1025,COMP-1768374768511-709kv1bk1,702.005.02,7440571a-841a-11ed-aa7c-7003bca91a86,JOB-1768375698538-eaypatso8,MKR-IN-00054,WO-1770967515004-3nogj75da,WO-702.005.02-2023-198,"Purifier, Routine - 1W",Servicing,2023-11-04,,3rd Engineer,,2023-11-07,Approved,"SAFETY PROCEDURE (COMPANY)
===========================
Ensure compliance with safety procedures according to the company policy and requirements.

JOB REFERENCE DETAILS
===================
Manual Name: 8M-3 INSTRUCTION MANAUL FOR PURIFIER;5303.pdf
Pdf Page No: 56
Chapter: 3. Maintenance Inspection Procedures
Section: 3.1 Routine checks

DESCRIPTION
===========
Routine Checks :
1. Check the feed rate with respect to set feed rate for any changes.
2. Check the temperature with set temperature level.
3. Check the pressure of light liquid outlet is to be coincide roughly with the set pressure of the leakage.
4. Check for any increase in vibration.
5. Check for operational noise in gear pump and bearing etc. 
6. Check the rated current on daily basis.
7. Check the gear pump oil quantity. 
8. Check the safety joint of gears for any deformation.
9. Check for oil leakage in pipe joints.
10. Check & adjust pressure LED (yellow) lit or flashing for Leakage Monitor.
11. Check indicate revolution LED (green) is flashing for Discharge Monitor.",,All maintenance checks completed per OEM recommendations. Next scheduled service as per PMS.,f,2026-02-18 04:41:19.094079
1024,COMP-1768374768443-sj0hmblft,653.003.06,7440571a-841a-11ed-aa7c-7003bca91a86,JOB-1768375698327-s9rfxwr8p,MKR-IN-00085,WO-1770967515004-dxau3ftnf,WO-653.003.06-2023-361,AE Cylinder Liner Inspection - 1M,Servicing,2023-11-06,,3rd Engineer,,2023-11-07,Approved,"SAFETY PROCEDURE (COMPANY)
===========================
Ensure compliance with safety procedures according to the company policy and requirements.

DESCRIPTION
===========
1. Liner Condition (Visual / Indirect)

Check for abnormal scavenge space condition (if accessible).

Look for signs of scuffing, scoring, or polishing (based on inspection ports or trend data).

Monitor liner condition through performance parameters if direct access is not possible.

2. Lubrication

Verify cylinder lubrication rate (if applicable) is as per maker’s recommendation.

Check lube oil distribution and absence of oil starvation signs.

Review lube oil consumption trends.

3. Cooling & Sealing

Monitor jacket water temperature and pressure related to cylinder No.01.

Check for cooling water leakage into cylinder or crankcase.

Verify condition of liner sealing arrangements (indirect observation).",,Minor adjustments made. Equipment performance within acceptable parameters.,f,2026-02-18 04:41:19.090005
1023,COMP-1768374768511-709kv1bk1,702.005.02,7440571a-841a-11ed-aa7c-7003bca91a86,JOB-1768375698538-eaypatso8,MKR-IN-00054,WO-1770967515004-kbs3rkfxo,WO-702.005.02-2023-199,"Purifier, Routine - 1W",Servicing,2023-11-10,,3rd Engineer,,2023-11-12,Approved,"SAFETY PROCEDURE (COMPANY)
===========================
Ensure compliance with safety procedures according to the company policy and requirements.

JOB REFERENCE DETAILS
===================
Manual Name: 8M-3 INSTRUCTION MANAUL FOR PURIFIER;5303.pdf
Pdf Page No: 56
Chapter: 3. Maintenance Inspection Procedures
Section: 3.1 Routine checks

DESCRIPTION
===========
Routine Checks :
1. Check the feed rate with respect to set feed rate for any changes.
2. Check the temperature with set temperature level.
3. Check the pressure of light liquid outlet is to be coincide roughly with the set pressure of the leakage.
4. Check for any increase in vibration.
5. Check for operational noise in gear pump and bearing etc. 
6. Check the rated current on daily basis.
7. Check the gear pump oil quantity. 
8. Check the safety joint of gears for any deformation.
9. Check for oil leakage in pipe joints.
10. Check & adjust pressure LED (yellow) lit or flashing for Leakage Monitor.
11. Check indicate revolution LED (green) is flashing for Discharge Monitor.",,Small adjustments made to operating parameters. Equipment performance satisfactory.,f,2026-02-18 04:41:19.08574
1022,COMP-1768374768002-lkmbuefq2,601.003.02,7440571a-841a-11ed-aa7c-7003bca91a86,JOB-1768375697120-n56w9r1uz,MKR-OV-00012,WO-1770978832256-b2gsgk6yz,MKR-OV-00012-601.003.02-2023-288,"ME Cylinder Liner, Overhaul - 6000H",Maintenance,2023-11-22,,Chief Engineer,,2023-11-25,Approved,,,Minor adjustments made. Equipment performance within acceptable parameters.,f,2026-02-18 04:41:19.08117
1021,COMP-1768374768186-fg1xwbvgi,601.026.01,7440571a-841a-11ed-aa7c-7003bca91a86,JOB-1768375697514-p5gff44nh,MKR-OV-00013,WO-1770978832258-mdup9avlt,MKR-OV-00013-601.026.01-2023-435,"ME Fuel Injection Pump, Overhaul - 6000H",Maintenance,2023-11-20,,4th Engineer,,2023-11-21,Approved,,,"Work on ME Fuel Injection Pump, Overhaul - 6000H delayed due to operational requirements. Completed during next available window.",f,2026-02-18 04:41:19.077312
1020,COMP-1768374768511-709kv1bk1,702.005.02,7440571a-841a-11ed-aa7c-7003bca91a86,JOB-1768375698538-eaypatso8,MKR-IN-00054,WO-1770967515004-w4lsj2bue,WO-702.005.02-2023-200,"Purifier, Routine - 1W",Servicing,2023-11-18,,3rd Engineer,,2023-11-21,Approved,"SAFETY PROCEDURE (COMPANY)
===========================
Ensure compliance with safety procedures according to the company policy and requirements.

JOB REFERENCE DETAILS
===================
Manual Name: 8M-3 INSTRUCTION MANAUL FOR PURIFIER;5303.pdf
Pdf Page No: 56
Chapter: 3. Maintenance Inspection Procedures
Section: 3.1 Routine checks

DESCRIPTION
===========
Routine Checks :
1. Check the feed rate with respect to set feed rate for any changes.
2. Check the temperature with set temperature level.
3. Check the pressure of light liquid outlet is to be coincide roughly with the set pressure of the leakage.
4. Check for any increase in vibration.
5. Check for operational noise in gear pump and bearing etc. 
6. Check the rated current on daily basis.
7. Check the gear pump oil quantity. 
8. Check the safety joint of gears for any deformation.
9. Check for oil leakage in pipe joints.
10. Check & adjust pressure LED (yellow) lit or flashing for Leakage Monitor.
11. Check indicate revolution LED (green) is flashing for Discharge Monitor.",,"Equipment tested satisfactorily after completion of Purifier, Routine - 1W. No issues found.",f,2026-02-18 04:41:19.072896
1019,COMP-1768374767815-k5anrfi02,554.001,7440571a-841a-11ed-aa7c-7003bca91a86,JOB-1768375697024-mv8z11rnt,MKR-IN-00048,WO-1770967515015-1n2e85ykj,WO-554.001-2023-411,"Provision Refrigeration Unit Parts, Inspection - 5000H",Servicing,2023-11-16,,2nd Engineer,,2023-11-19,Approved,"SAFETY PROCEDURE (COMPANY)
===========================
Ensure compliance with safety procedures according to the company policy and requirements.

JOB REFERENCE DETAILS
===================
Manual Name: 2F-16 UNIT TYPE PROV. REF. CHAMBER;5303.pdf
Pdf Page No: 118
Chapter: Standard Working Period & Limit Of Wear For Each Part


DESCRIPTION
===========
1. Inspect the each part for every 5000 hours of operation and replace the limit of wear.
2. Replace the refrigeration oil and clean the each part.",,"Equipment tested satisfactorily after completion of Provision Refrigeration Unit Parts, Inspection - 5000H. No issues found.",f,2026-02-18 04:41:19.068676
1018,COMP-1768374768251-oq1j3zcya,651.003.05,7440571a-841a-11ed-aa7c-7003bca91a86,JOB-1768375697736-r5yb7e729,MKR-IN-00085,WO-1770978832260-lvx976cc4,MKR-IN-00085-651.003.05-2023-595,AE Cylinder Liner Inspection - 1M,Maintenance,2023-12-04,,2nd Engineer,,2023-12-06,Approved,,,All equipment tested satisfactorily post-maintenance. No abnormalities detected.,f,2026-02-18 04:41:19.06425
1017,COMP-1768374768130-yqa3gw7x0,601.004.02,7440571a-841a-11ed-aa7c-7003bca91a86,JOB-1768375697363-vlsr43081,MKR-IN-00063,WO-1770978832256-qttu40593,MKR-IN-00063-601.004.02-2023-313,"ME Piston And Rings, Inspection - 500H",Maintenance,2023-11-28,,4th Engineer,,2023-11-29,Approved,,,All equipment tested satisfactorily post-maintenance. No abnormalities detected.,f,2026-02-18 04:41:19.05962
1016,COMP-1768374768236-120so6zd8,651.002.06,7440571a-841a-11ed-aa7c-7003bca91a86,JOB-1768375697709-kfxro24s3,MKR-IN-00080,WO-1770978832259-u62f5clpk,MKR-IN-00080-651.002.06-2023-546,AE Cylinder Covers with Valves Inspection - 1M,Maintenance,2023-12-08,,2nd Engineer,,2023-12-09,Approved,,,Small adjustments made to operating parameters. Equipment performance satisfactory.,f,2026-02-18 04:41:19.055116
1015,COMP-1768374768410-eurzscqdj,653.002.01,7440571a-841a-11ed-aa7c-7003bca91a86,JOB-1768375698254-e7d6bn0wz,MKR-IN-00080,WO-1770978832260-8bpm5lelx,MKR-IN-00080-653.002.01-2023-681,AE Cylinder Covers with Valves Inspection - 1M,Maintenance,2023-12-11,,Electrican,,2023-12-14,Approved,,,Required spare parts replaced during AE Cylinder Covers with Valves Inspection - 1M. Old parts retained for inspection.,f,2026-02-18 04:41:19.05147
1014,COMP-1768374767766-goupll6ey,653.004,7440571a-841a-11ed-aa7c-7003bca91a86,JOB-1768375698333-dlnnycdn6,MKR-OV-00025,WO-1770967515017-0krej5qqb,UWO-653.004-2023-536,AE3 Pistons And Connecting Rod - Cooling System Malfunction,Servicing,2023-11-25,,Chief Engineer,,2023-11-26,Approved,Cooling water temperature rising. Investigated and cleaned heat exchanger.,,Work delayed due to weather/operational constraints. Completed during port stay.,f,2026-02-18 04:41:19.047557
1013,COMP-1768374767834-dbncpiany,601.053,7440571a-841a-11ed-aa7c-7003bca91a86,JOB-1768375697585-z6leju6xr,MKR-IN-00066,WO-1770967515015-yekmkla61,WO-601.053-2023-429,"ME Turbocharger Turbine, Cleaning - 500H",Servicing,2023-11-28,,2nd Engineer,,2023-11-30,Approved,"SAFETY PROCEDURE (COMPANY)
===========================
Ensure compliance with safety procedures according to the company policy and requirements.

JOB REFERENCE DETAILS
===================
Manual Name: 3M-2 DIESEL ENGINE VOL II;5303.pdf
Pdf Page No: 196, 171, 172
Job Reference: Group No. 400
Chapter: Maintenance Schedule Of Main Parts


DESCRIPTION
===========
1. Cleaning of turbine side of turbocharger to be carried out (vegetal solid cleaning).",,"Minor adjustments carried out during ME Turbocharger Turbine, Cleaning - 500H. Performance within acceptable parameters.",f,2026-02-18 04:41:19.043732
1012,COMP-1768374768269-0de9t3d2p,651.004.05,7440571a-841a-11ed-aa7c-7003bca91a86,JOB-1768375697766-nsag37a44,MKR-OV-00025,WO-1770967515017-funiyzxxo,UWO-651.004.05-2023-487,AE1 Pistons And Connecting Rod No.05 - Bearing Overheating - Emergency Maintenance,Servicing,2023-11-29,,2nd Engineer,,2023-12-01,Approved,Bearing temperature rising above normal. Emergency maintenance carried out.,,All equipment tested satisfactorily post-maintenance. No abnormalities detected.,f,2026-02-18 04:41:19.039727
1011,COMP-1768374768511-709kv1bk1,702.005.02,7440571a-841a-11ed-aa7c-7003bca91a86,JOB-1768375698538-eaypatso8,MKR-IN-00054,WO-1770967515004-6vzkjlhk3,WO-702.005.02-2023-201,"Purifier, Routine - 1W",Servicing,2023-11-28,,3rd Engineer,,2023-12-01,Approved,"SAFETY PROCEDURE (COMPANY)
===========================
Ensure compliance with safety procedures according to the company policy and requirements.

JOB REFERENCE DETAILS
===================
Manual Name: 8M-3 INSTRUCTION MANAUL FOR PURIFIER;5303.pdf
Pdf Page No: 56
Chapter: 3. Maintenance Inspection Procedures
Section: 3.1 Routine checks

DESCRIPTION
===========
Routine Checks :
1. Check the feed rate with respect to set feed rate for any changes.
2. Check the temperature with set temperature level.
3. Check the pressure of light liquid outlet is to be coincide roughly with the set pressure of the leakage.
4. Check for any increase in vibration.
5. Check for operational noise in gear pump and bearing etc. 
6. Check the rated current on daily basis.
7. Check the gear pump oil quantity. 
8. Check the safety joint of gears for any deformation.
9. Check for oil leakage in pipe joints.
10. Check & adjust pressure LED (yellow) lit or flashing for Leakage Monitor.
11. Check indicate revolution LED (green) is flashing for Discharge Monitor.",,Equipment tested satisfactorily after maintenance. No issues found.,f,2026-02-18 04:41:19.035949
1010,COMP-1768374768146-20m0kzu7m,601.005.01,7440571a-841a-11ed-aa7c-7003bca91a86,JOB-1768375697413-w7rik62pb,MKR-IN-00076,WO-1770978832258-e1kqkbka0,MKR-IN-00076-601.005.01-2023-383,"Main Engine – Connecting Rods, Crosshead & Guide Assemblies Inspection - 1M",Maintenance,2023-11-30,,2nd Engineer,,2023-12-02,Approved,,,Consumable parts replaced as per maintenance plan. Used parts stored for disposal.,f,2026-02-18 04:41:19.032538
1009,COMP-1768374767555-hvpuzxzk1,601.026,7440571a-841a-11ed-aa7c-7003bca91a86,JOB-1768375697507-uu8un72tz,MKR-SE-00020,WO-1770967515017-ojjf3n5it,UWO-601.026-2023-586,ME HP fuel pumps - Valve Leakage - Immediate Repair,Servicing,2023-11-27,,4th Engineer,,2023-11-29,Approved,Valve found leaking during rounds. Repacked gland and replaced gasket.,,All equipment tested satisfactorily post-maintenance. No abnormalities detected.,f,2026-02-18 04:41:19.028607
1008,COMP-1768374767812-t7u0ew84e,501.002,7440571a-841a-11ed-aa7c-7003bca91a86,JOB-1768375697009-atjcavi6y,MKR-IN-00073,WO-1770978832256-n3rc5uv53,MKR-IN-00073-501.002-2023-277,Covered (Totally Enclosed) Lifeboats Inspection - 1M,Maintenance,2023-12-09,,4th Engineer,,2023-12-11,Approved,,,Equipment tested satisfactorily after completion of Covered (Totally Enclosed) Lifeboats Inspection - 1M. No issues found.,f,2026-02-18 04:41:19.024912
1007,COMP-1768374768149-xq053ewev,601.005.02,7440571a-841a-11ed-aa7c-7003bca91a86,JOB-1768375697418-2fk1daqf0,MKR-IN-00076,WO-1770978832258-vq8mrz62d,MKR-IN-00076-601.005.02-2023-396,"Main Engine – Connecting Rods, Crosshead & Guide Assemblies Inspection - 1M",Maintenance,2023-12-10,,Electrican,,2023-12-12,Approved,,,"Checks completed as per manufacturer guidelines for Main Engine – Connecting Rods, Crosshead & Guide Assemblies Inspection - 1M. Next service due as scheduled.",f,2026-02-18 04:41:19.020849
1006,COMP-1768374768284-zy8h7pj65,651.007.04,7440571a-841a-11ed-aa7c-7003bca91a86,JOB-1768375697794-agb5u0732,MKR-IN-00015,WO-1770967515018-mpopps704,UWO-651.007.04-2023-635,"AE1 Main Bearings, Journals No.04 - Alarm Investigation - System Check",Servicing,2023-12-03,,4th Engineer,,2023-12-06,Approved,Investigated alarm. Found faulty sensor/connection. Rectified.,,Small adjustments made to operating parameters. Equipment performance satisfactory.,f,2026-02-18 04:41:19.016914
1005,COMP-1768374768511-709kv1bk1,702.005.02,7440571a-841a-11ed-aa7c-7003bca91a86,JOB-1768375698538-eaypatso8,MKR-IN-00054,WO-1770967515004-1wd4p7ig5,WO-702.005.02-2023-202,"Purifier, Routine - 1W",Servicing,2023-12-04,,3rd Engineer,,2023-12-05,Approved,"SAFETY PROCEDURE (COMPANY)
===========================
Ensure compliance with safety procedures according to the company policy and requirements.

JOB REFERENCE DETAILS
===================
Manual Name: 8M-3 INSTRUCTION MANAUL FOR PURIFIER;5303.pdf
Pdf Page No: 56
Chapter: 3. Maintenance Inspection Procedures
Section: 3.1 Routine checks

DESCRIPTION
===========
Routine Checks :
1. Check the feed rate with respect to set feed rate for any changes.
2. Check the temperature with set temperature level.
3. Check the pressure of light liquid outlet is to be coincide roughly with the set pressure of the leakage.
4. Check for any increase in vibration.
5. Check for operational noise in gear pump and bearing etc. 
6. Check the rated current on daily basis.
7. Check the gear pump oil quantity. 
8. Check the safety joint of gears for any deformation.
9. Check for oil leakage in pipe joints.
10. Check & adjust pressure LED (yellow) lit or flashing for Leakage Monitor.
11. Check indicate revolution LED (green) is flashing for Discharge Monitor.",,Equipment tested satisfactorily after maintenance. No issues found.,f,2026-02-18 04:41:19.013151
1004,COMP-1768374768242-ybntycqh5,651.003.02,7440571a-841a-11ed-aa7c-7003bca91a86,JOB-1768375697720-m80h9gkmd,MKR-IN-00085,WO-1770978832259-94qf3o2li,MKR-IN-00085-651.003.02-2023-552,AE Cylinder Liner Inspection - 1M,Maintenance,2023-12-19,,4th Engineer,,2023-12-22,Approved,,,Minor adjustments made. Equipment performance within acceptable parameters.,f,2026-02-18 04:41:19.009239
1003,COMP-1768374768239-6wbm7nkr9,651.003.01,7440571a-841a-11ed-aa7c-7003bca91a86,JOB-1768375697715-p7a1yt6pq,MKR-IN-00085,WO-1770967515004-4q6y60sk4,WO-651.003.01-2023-326,AE Cylinder Liner Inspection - 1M,Servicing,2023-12-02,,3rd Engineer,,2023-12-04,Approved,"SAFETY PROCEDURE (COMPANY)
===========================
Ensure compliance with safety procedures according to the company policy and requirements.

DESCRIPTION
===========
1. Liner Condition (Visual / Indirect)

Check for abnormal scavenge space condition (if accessible).

Look for signs of scuffing, scoring, or polishing (based on inspection ports or trend data).

Monitor liner condition through performance parameters if direct access is not possible.

2. Lubrication

Verify cylinder lubrication rate (if applicable) is as per maker’s recommendation.

Check lube oil distribution and absence of oil starvation signs.

Review lube oil consumption trends.

3. Cooling & Sealing

Monitor jacket water temperature and pressure related to cylinder No.01.

Check for cooling water leakage into cylinder or crankcase.

Verify condition of liner sealing arrangements (indirect observation).",,Consumable parts replaced as per maintenance plan. Used parts stored for disposal.,f,2026-02-18 04:41:19.004841
1002,COMP-1768374768489-a38awm66q,653.020.02,7440571a-841a-11ed-aa7c-7003bca91a86,JOB-1768375698420-ojugqtt4g,MKR-IN-00017,WO-1770978832255-jqi50b76x,MKR-IN-00017-653.020.02-2023-140,"DG Cylinder Liner, Visual Check - 2Y/8000H",Maintenance,2023-12-20,,Chief Engineer,,2023-12-23,Approved,,,Equipment tested satisfactorily after maintenance. No issues found.,f,2026-02-18 04:41:19.00037
1001,COMP-1768374767950-2ln09g0jp,285.001.10,7440571a-841a-11ed-aa7c-7003bca91a86,JOB-1768375696881-rh3q9wjwg,MKR-IN-00072,WO-1770978832256-6c1n9u95p,MKR-IN-00072-285.001.10-2023-257,Ballast Tanks Inspection - 1M,Maintenance,2023-12-05,,Chief Engineer,,2023-12-08,Approved,,,Small adjustments made to operating parameters. Equipment performance satisfactory.,f,2026-02-18 04:41:18.994864
1000,COMP-1768374768140-3bqamfvdd,601.004.05,7440571a-841a-11ed-aa7c-7003bca91a86,JOB-1768375697390-7nw1lh36l,MKR-OV-00011,WO-1770978832258-iomet35cx,MKR-OV-00011-601.004.05-2023-353,"ME Piston, Overhaul - 6000H",Maintenance,2023-12-27,,Electrican,,2023-12-30,Approved,,,"Minor adjustments carried out during ME Piston, Overhaul - 6000H. Performance within acceptable parameters.",f,2026-02-18 04:41:18.9897
999,COMP-1768374768384-pjp9hbit6,652.007.07,7440571a-841a-11ed-aa7c-7003bca91a86,JOB-1768375698148-z3g5hrmm4,MKR-IN-00015,WO-1770978832254-9mflei7h7,MKR-IN-00015-652.007.07-2023-089,"DG Main Bearing, Visual Check - 2Y/8000H",Maintenance,2023-12-20,,2nd Engineer,,2023-12-22,Approved,,,"Equipment tested satisfactorily after completion of DG Main Bearing, Visual Check - 2Y/8000H. No issues found.",f,2026-02-18 04:41:18.985487
998,COMP-1768374768248-zja2xeelc,651.003.04,7440571a-841a-11ed-aa7c-7003bca91a86,JOB-1768375697730-vrhe8emeh,MKR-IN-00085,WO-1770978832259-oevj9le84,MKR-IN-00085-651.003.04-2023-582,AE Cylinder Liner Inspection - 1M,Maintenance,2023-12-16,,2nd Engineer,,2023-12-17,Approved,,,Checks completed as per manufacturer guidelines for AE Cylinder Liner Inspection - 1M. Next service due as scheduled.,f,2026-02-18 04:41:18.979865
997,COMP-1768374768443-sj0hmblft,653.003.06,7440571a-841a-11ed-aa7c-7003bca91a86,JOB-1768375698327-s9rfxwr8p,MKR-IN-00085,WO-1770967515004-aa6xve1ua,WO-653.003.06-2023-362,AE Cylinder Liner Inspection - 1M,Servicing,2023-12-07,,3rd Engineer,,2023-12-10,Approved,"SAFETY PROCEDURE (COMPANY)
===========================
Ensure compliance with safety procedures according to the company policy and requirements.

DESCRIPTION
===========
1. Liner Condition (Visual / Indirect)

Check for abnormal scavenge space condition (if accessible).

Look for signs of scuffing, scoring, or polishing (based on inspection ports or trend data).

Monitor liner condition through performance parameters if direct access is not possible.

2. Lubrication

Verify cylinder lubrication rate (if applicable) is as per maker’s recommendation.

Check lube oil distribution and absence of oil starvation signs.

Review lube oil consumption trends.

3. Cooling & Sealing

Monitor jacket water temperature and pressure related to cylinder No.01.

Check for cooling water leakage into cylinder or crankcase.

Verify condition of liner sealing arrangements (indirect observation).",,Completion delayed due to vessel operational schedule. Work carried out during port call.,f,2026-02-18 04:41:18.973237
996,COMP-1768374768511-709kv1bk1,702.005.02,7440571a-841a-11ed-aa7c-7003bca91a86,JOB-1768375698538-eaypatso8,MKR-IN-00054,WO-1770967515004-ngjb7d13y,WO-702.005.02-2023-203,"Purifier, Routine - 1W",Servicing,2023-12-12,,3rd Engineer,,2023-12-15,Approved,"SAFETY PROCEDURE (COMPANY)
===========================
Ensure compliance with safety procedures according to the company policy and requirements.

JOB REFERENCE DETAILS
===================
Manual Name: 8M-3 INSTRUCTION MANAUL FOR PURIFIER;5303.pdf
Pdf Page No: 56
Chapter: 3. Maintenance Inspection Procedures
Section: 3.1 Routine checks

DESCRIPTION
===========
Routine Checks :
1. Check the feed rate with respect to set feed rate for any changes.
2. Check the temperature with set temperature level.
3. Check the pressure of light liquid outlet is to be coincide roughly with the set pressure of the leakage.
4. Check for any increase in vibration.
5. Check for operational noise in gear pump and bearing etc. 
6. Check the rated current on daily basis.
7. Check the gear pump oil quantity. 
8. Check the safety joint of gears for any deformation.
9. Check for oil leakage in pipe joints.
10. Check & adjust pressure LED (yellow) lit or flashing for Leakage Monitor.
11. Check indicate revolution LED (green) is flashing for Discharge Monitor.",,"Work on Purifier, Routine - 1W delayed due to operational requirements. Completed during next available window.",f,2026-02-18 04:41:18.968756
995,COMP-1768374768143-4kulzp9vp,601.004.06,7440571a-841a-11ed-aa7c-7003bca91a86,JOB-1768375697407-3iv0aw13h,MKR-IN-00063,WO-1770978832258-1fj90hdfi,MKR-IN-00063-601.004.06-2023-370,"ME Piston And Rings, Inspection - 500H",Maintenance,2023-12-28,,4th Engineer,,2023-12-29,Approved,,,Equipment tested satisfactorily after maintenance. No issues found.,f,2026-02-18 04:41:18.963802
994,COMP-1768374768216-m2muvqs0s,601.066.05,7440571a-841a-11ed-aa7c-7003bca91a86,JOB-1768375697655-5q8kd9vp1,MKR-IN-00079,WO-1770978832259-yd3kx0338,MKR-IN-00079-601.066.05-2023-480,Main Engine – Indicator Valves & Indicators Inspection - 1M,Maintenance,2023-12-11,,2nd Engineer,,2023-12-14,Approved,,,Additional findings noted - recommend follow-up inspection during next scheduled maintenance.,f,2026-02-18 04:41:18.959376
993,COMP-1768374768146-20m0kzu7m,601.005.01,7440571a-841a-11ed-aa7c-7003bca91a86,JOB-1768375697413-w7rik62pb,MKR-IN-00076,WO-1770978832258-qwrm1l6tp,MKR-IN-00076-601.005.01-2023-384,"Main Engine – Connecting Rods, Crosshead & Guide Assemblies Inspection - 1M",Maintenance,2023-12-20,,4th Engineer,,2023-12-21,Approved,,,"Checks completed as per manufacturer guidelines for Main Engine – Connecting Rods, Crosshead & Guide Assemblies Inspection - 1M. Next service due as scheduled.",f,2026-02-18 04:41:18.95474
992,COMP-1768374767812-t7u0ew84e,501.002,7440571a-841a-11ed-aa7c-7003bca91a86,JOB-1768375697009-atjcavi6y,MKR-IN-00073,WO-1770978832256-5kw2on7uc,MKR-IN-00073-501.002-2023-272,Covered (Totally Enclosed) Lifeboats Inspection - 1M,Maintenance,2023-12-23,,4th Engineer,,2023-12-24,Approved,,,All equipment tested satisfactorily post-maintenance. No abnormalities detected.,f,2026-02-18 04:41:18.949855
991,COMP-1768374767666-lxkdy8cf1,665,7440571a-841a-11ed-aa7c-7003bca91a86,JOB-1768375698494-0937c543w,MKR-IN-00087,WO-1770967515018-l7pyojku4,UWO-665-2023-711,HARBOUR & EMERGENCY AGGREGATES W/EQUIPMENT - Fuel System Contamination,Servicing,2023-12-11,,2nd Engineer,,2023-12-14,Approved,Fuel oil contamination detected. Purifier and filters cleaned/replaced.,,Minor adjustments made. Equipment performance within acceptable parameters.,f,2026-02-18 04:41:18.945364
990,COMP-1768374768511-709kv1bk1,702.005.02,7440571a-841a-11ed-aa7c-7003bca91a86,JOB-1768375698538-eaypatso8,MKR-IN-00054,WO-1770967515004-z2wevqfo9,WO-702.005.02-2023-204,"Purifier, Routine - 1W",Servicing,2023-12-17,,3rd Engineer,,2023-12-20,Approved,"SAFETY PROCEDURE (COMPANY)
===========================
Ensure compliance with safety procedures according to the company policy and requirements.

JOB REFERENCE DETAILS
===================
Manual Name: 8M-3 INSTRUCTION MANAUL FOR PURIFIER;5303.pdf
Pdf Page No: 56
Chapter: 3. Maintenance Inspection Procedures
Section: 3.1 Routine checks

DESCRIPTION
===========
Routine Checks :
1. Check the feed rate with respect to set feed rate for any changes.
2. Check the temperature with set temperature level.
3. Check the pressure of light liquid outlet is to be coincide roughly with the set pressure of the leakage.
4. Check for any increase in vibration.
5. Check for operational noise in gear pump and bearing etc. 
6. Check the rated current on daily basis.
7. Check the gear pump oil quantity. 
8. Check the safety joint of gears for any deformation.
9. Check for oil leakage in pipe joints.
10. Check & adjust pressure LED (yellow) lit or flashing for Leakage Monitor.
11. Check indicate revolution LED (green) is flashing for Discharge Monitor.",,All checks completed as per manufacturer guidelines. Next service due as scheduled.,f,2026-02-18 04:41:18.940046
989,COMP-1768374768331-25r3c2xap,652.002.06,7440571a-841a-11ed-aa7c-7003bca91a86,JOB-1768375698047-6mz6g3di5,MKR-IN-00080,WO-1770978832260-e5hwjwnpz,MKR-IN-00080-652.002.06-2023-633,AE Cylinder Covers with Valves Inspection - 1M,Maintenance,2023-12-25,,4th Engineer,,2023-12-26,Approved,,,All maintenance checks completed per OEM recommendations. Next scheduled service as per PMS.,f,2026-02-18 04:41:18.93444
988,COMP-1768374768416-q9owaqn6y,653.002.03,7440571a-841a-11ed-aa7c-7003bca91a86,JOB-1768375698269-9son183iw,MKR-IN-00080,WO-1770978832261-zbovltlen,MKR-IN-00080-653.002.03-2023-699,AE Cylinder Covers with Valves Inspection - 1M,Maintenance,2023-12-31,,4th Engineer,,2024-01-03,Approved,,,All equipment tested satisfactorily post-maintenance. No abnormalities detected.,f,2026-02-18 04:41:18.929696
987,COMP-1768374768143-4kulzp9vp,601.004.06,7440571a-841a-11ed-aa7c-7003bca91a86,JOB-1768375697401-iigxhtjlk,MKR-OV-00011,WO-1770978832258-d7guwksd9,MKR-OV-00011-601.004.06-2024-368,"ME Piston, Overhaul - 6000H",Maintenance,2024-01-14,,4th Engineer,,2024-01-16,Approved,,,Equipment tested satisfactorily after maintenance. No issues found.,f,2026-02-18 04:41:18.924466
986,COMP-1768374768342-0re8c70di,652.003.04,7440571a-841a-11ed-aa7c-7003bca91a86,JOB-1768375698069-j6vg6yyo2,MKR-IN-00085,WO-1770967515018-73zvlxk6m,UWO-652.003.04-2023-683,AE2 Cylinder Liners No.04 - Pipe Leakage - Welding Repair,Servicing,2023-12-26,,2nd Engineer,,2023-12-29,Approved,"Pipe leakage found in engine room. Temporary repair carried out, permanent repair planned.",,Equipment tested satisfactorily after completion of AE2 Cylinder Liners No.04 - Pipe Leakage - Welding Repair. No issues found.,f,2026-02-18 04:41:18.918944
985,COMP-1768374767987-exvabgvfn,601.002.04,7440571a-841a-11ed-aa7c-7003bca91a86,JOB-1768375697096-fbznbr8bp,MKR-IN-00075,WO-1770978832256-jxu5cef9k,MKR-IN-00075-601.002.04-2023-281,Main Engine – Cylinder Covers with Valves Inspection - 4000H,Maintenance,2023-12-27,,2nd Engineer,,2023-12-30,Approved,,,Completion delayed due to vessel operational schedule. Work carried out during port call.,f,2026-02-18 04:41:18.914503
984,COMP-1768374768511-709kv1bk1,702.005.02,7440571a-841a-11ed-aa7c-7003bca91a86,JOB-1768375698538-eaypatso8,MKR-IN-00054,WO-1770967515004-jpq6zsmmu,WO-702.005.02-2023-205,"Purifier, Routine - 1W",Servicing,2023-12-25,,3rd Engineer,,2023-12-27,Approved,"SAFETY PROCEDURE (COMPANY)
===========================
Ensure compliance with safety procedures according to the company policy and requirements.

JOB REFERENCE DETAILS
===================
Manual Name: 8M-3 INSTRUCTION MANAUL FOR PURIFIER;5303.pdf
Pdf Page No: 56
Chapter: 3. Maintenance Inspection Procedures
Section: 3.1 Routine checks

DESCRIPTION
===========
Routine Checks :
1. Check the feed rate with respect to set feed rate for any changes.
2. Check the temperature with set temperature level.
3. Check the pressure of light liquid outlet is to be coincide roughly with the set pressure of the leakage.
4. Check for any increase in vibration.
5. Check for operational noise in gear pump and bearing etc. 
6. Check the rated current on daily basis.
7. Check the gear pump oil quantity. 
8. Check the safety joint of gears for any deformation.
9. Check for oil leakage in pipe joints.
10. Check & adjust pressure LED (yellow) lit or flashing for Leakage Monitor.
11. Check indicate revolution LED (green) is flashing for Discharge Monitor.",,"Additional observations during Purifier, Routine - 1W - recommend follow-up at next scheduled interval.",f,2026-02-18 04:41:18.910778
983,COMP-1768374768242-ybntycqh5,651.003.02,7440571a-841a-11ed-aa7c-7003bca91a86,JOB-1768375697720-m80h9gkmd,MKR-IN-00085,WO-1770978832259-9bft3b4mw,MKR-IN-00085-651.003.02-2023-558,AE Cylinder Liner Inspection - 1M,Maintenance,2024-01-04,,Chief Engineer,,2024-01-05,Approved,,,Checks completed as per manufacturer guidelines for AE Cylinder Liner Inspection - 1M. Next service due as scheduled.,f,2026-02-18 04:41:18.905777
982,COMP-1768374767978-76w9blhnj,601.002.01,7440571a-841a-11ed-aa7c-7003bca91a86,JOB-1768375697074-o8qog3s1i,MKR-IN-00075,WO-1770967515017-wpn7jm352,UWO-601.002.01-2023-499,ME Cylinder Covers W/Valves No.01 - Pump Seal Failure - Emergency Repair,Servicing,2023-12-27,,4th Engineer,,2023-12-29,Approved,Pump seal found leaking during routine watch. Emergency repair carried out.,,Equipment tested satisfactorily after completion of ME Cylinder Covers W/Valves No.01 - Pump Seal Failure - Emergency Repair. No issues found.,f,2026-02-18 04:41:18.900785
981,COMP-1768374768356-ss537bdpo,652.004.03,7440571a-841a-11ed-aa7c-7003bca91a86,JOB-1768375698094-78ru7jdnt,MKR-OV-00025,WO-1770967515017-8tymbxgdq,UWO-652.004.03-2023-518,AE2 Pistons And Connecting Rod No.03 - Pump Seal Failure - Emergency Repair,Servicing,2024-01-01,,2nd Engineer,,2024-01-03,Approved,Pump seal found leaking during routine watch. Emergency repair carried out.,,Equipment tested satisfactorily after completion of AE2 Pistons And Connecting Rod No.03 - Pump Seal Failure - Emergency Repair. No issues found.,f,2026-02-18 04:41:18.895245
980,COMP-1768374767834-dbncpiany,601.053,7440571a-841a-11ed-aa7c-7003bca91a86,JOB-1768375697585-z6leju6xr,MKR-IN-00066,WO-1770967515015-zg0l0xac5,WO-601.053-2024-430,"ME Turbocharger Turbine, Cleaning - 500H",Servicing,2023-12-30,,2nd Engineer,,2023-12-31,Approved,"SAFETY PROCEDURE (COMPANY)
===========================
Ensure compliance with safety procedures according to the company policy and requirements.

JOB REFERENCE DETAILS
===================
Manual Name: 3M-2 DIESEL ENGINE VOL II;5303.pdf
Pdf Page No: 196, 171, 172
Job Reference: Group No. 400
Chapter: Maintenance Schedule Of Main Parts


DESCRIPTION
===========
1. Cleaning of turbine side of turbocharger to be carried out (vegetal solid cleaning).",,All equipment tested satisfactorily post-maintenance. No abnormalities detected.,f,2026-02-18 04:41:18.891064
979,COMP-1768374768339-pzyj156x4,652.003.03,7440571a-841a-11ed-aa7c-7003bca91a86,JOB-1768375698065-nln0wy605,MKR-IN-00085,WO-1770978832260-dbuyhw6pc,MKR-IN-00085-652.003.03-2024-661,AE Cylinder Liner Inspection - 1M,Maintenance,2024-01-23,,4th Engineer,,2024-01-24,Approved,,,All equipment tested satisfactorily post-maintenance. No abnormalities detected.,f,2026-02-18 04:41:18.886615
978,COMP-1768374768295-h5e40ctza,651.020.01,7440571a-841a-11ed-aa7c-7003bca91a86,JOB-1768375697820-rz0yqv3qm,MKR-IN-00017,WO-1770978832254-61ss63y66,MKR-IN-00017-651.020.01-2024-049,"DG Cylinder Liner, Visual Check - 2Y/8000H",Maintenance,2024-01-19,,4th Engineer,,2024-01-20,Approved,,,"Minor adjustments carried out during DG Cylinder Liner, Visual Check - 2Y/8000H. Performance within acceptable parameters.",f,2026-02-18 04:41:18.88163
977,COMP-1768374768334-x8vq4y9hs,652.003.01,7440571a-841a-11ed-aa7c-7003bca91a86,JOB-1768375698053-sog0kbiyi,MKR-IN-00085,WO-1770967515017-c987gh2b3,UWO-652.003.01-2023-562,AE2 Cylinder Liners No.01 - Fuel System Contamination,Servicing,2023-12-27,,2nd Engineer,,2023-12-28,Approved,Fuel oil contamination detected. Purifier and filters cleaned/replaced.,,Equipment tested satisfactorily after completion of AE2 Cylinder Liners No.01 - Fuel System Contamination. No issues found.,f,2026-02-18 04:41:18.877139
976,COMP-1768374768127-i0rmry7ao,601.004.01,7440571a-841a-11ed-aa7c-7003bca91a86,JOB-1768375697147-r1wnkg8c5,MKR-OV-00011,WO-1770967515018-aqltwh2bj,UWO-601.004.01-2023-642,"ME Pistons, Piston Rods No.01 - Bearing Overheating - Emergency Maintenance",Servicing,2024-01-26,,3rd Engineer,,2024-01-29,Approved,Bearing temperature rising above normal. Emergency maintenance carried out.,,"Equipment tested satisfactorily after completion of ME Pistons, Piston Rods No.01 - Bearing Overheating - Emergency Maintenance. No issues found.",f,2026-02-18 04:41:18.871764
975,COMP-1768374768511-709kv1bk1,702.005.02,7440571a-841a-11ed-aa7c-7003bca91a86,JOB-1768375698538-eaypatso8,MKR-IN-00054,WO-1770967515004-1amogh1j1,WO-702.005.02-2023-206,"Purifier, Routine - 1W",Servicing,2024-01-01,,3rd Engineer,,2024-01-04,Approved,"SAFETY PROCEDURE (COMPANY)
===========================
Ensure compliance with safety procedures according to the company policy and requirements.

JOB REFERENCE DETAILS
===================
Manual Name: 8M-3 INSTRUCTION MANAUL FOR PURIFIER;5303.pdf
Pdf Page No: 56
Chapter: 3. Maintenance Inspection Procedures
Section: 3.1 Routine checks

DESCRIPTION
===========
Routine Checks :
1. Check the feed rate with respect to set feed rate for any changes.
2. Check the temperature with set temperature level.
3. Check the pressure of light liquid outlet is to be coincide roughly with the set pressure of the leakage.
4. Check for any increase in vibration.
5. Check for operational noise in gear pump and bearing etc. 
6. Check the rated current on daily basis.
7. Check the gear pump oil quantity. 
8. Check the safety joint of gears for any deformation.
9. Check for oil leakage in pipe joints.
10. Check & adjust pressure LED (yellow) lit or flashing for Leakage Monitor.
11. Check indicate revolution LED (green) is flashing for Discharge Monitor.",,Additional findings noted - recommend follow-up inspection during next scheduled maintenance.,f,2026-02-18 04:41:18.866518
974,COMP-1768374768260-vygwyhvh6,651.004.02,7440571a-841a-11ed-aa7c-7003bca91a86,JOB-1768375697751-mx1f2x1dn,MKR-OV-00025,WO-1770978832254-jv61nncsc,MKR-OV-00025-651.004.02-2024-023,AE Pistons and Connecting Rods Overhaul - 4000H,Maintenance,2024-01-17,,Chief Engineer,,2024-01-19,Approved,,,Equipment tested satisfactorily after completion of AE Pistons and Connecting Rods Overhaul - 4000H. No issues found.,f,2026-02-18 04:41:18.861498
973,COMP-1768374768391-ep30qznw7,652.020.02,7440571a-841a-11ed-aa7c-7003bca91a86,JOB-1768375698176-t4wb5hgqw,MKR-IN-00018,WO-1770978832255-l82107tb2,MKR-IN-00018-652.020.02-2024-096,"DG Cylinder Liner Water Jacket Parts, Cleaning - 5Y/16000H",Maintenance,2024-01-16,,Electrican,,2024-01-18,Approved,,,"Equipment tested satisfactorily after completion of DG Cylinder Liner Water Jacket Parts, Cleaning - 5Y/16000H. No issues found.",f,2026-02-18 04:41:18.855942
972,COMP-1768374767746-wfpx69w2n,652.002,7440571a-841a-11ed-aa7c-7003bca91a86,JOB-1768375698012-7xjbdpyvr,MKR-IN-00080,WO-1770967515018-57mvh4dy3,UWO-652.002-2023-693,AE2 Cylinder Covers W/Valves - Fuel System Contamination,Servicing,2023-12-31,,2nd Engineer,,2024-01-02,Approved,Fuel oil contamination detected. Purifier and filters cleaned/replaced.,,Equipment tested satisfactorily after maintenance. No issues found.,f,2026-02-18 04:41:18.85067
971,COMP-1768374767936-bgz64dkel,285.001.06,7440571a-841a-11ed-aa7c-7003bca91a86,JOB-1768375696857-ts9yqo7ko,MKR-IN-00072,WO-1770978832255-zh9cob2yn,MKR-IN-00072-285.001.06-2024-216,Ballast Tanks Inspection - 1M,Maintenance,2024-01-12,,4th Engineer,,2024-01-13,Approved,,,All equipment tested satisfactorily post-maintenance. No abnormalities detected.,f,2026-02-18 04:41:18.843779
970,COMP-1768374767758-p86fcr7l0,652.020,7440571a-841a-11ed-aa7c-7003bca91a86,JOB-1768375698160-xbo6vxclj,MKR-IN-00017,WO-1770967515018-o3mj7vx9r,UWO-652.020-2023-775,AE2 Crankcase Doors W/Safety Valve - Filter Blockage - Emergency Cleaning,Servicing,2024-01-05,,3rd Engineer,,2024-01-08,Approved,Filter differential pressure high. Emergency cleaning/replacement carried out.,,Equipment tested satisfactorily after completion of AE2 Crankcase Doors W/Safety Valve - Filter Blockage - Emergency Cleaning. No issues found.,f,2026-02-18 04:41:18.837967
969,COMP-1768374768443-sj0hmblft,653.003.06,7440571a-841a-11ed-aa7c-7003bca91a86,JOB-1768375698327-s9rfxwr8p,MKR-IN-00085,WO-1770967515004-suhkrnugc,WO-653.003.06-2024-363,AE Cylinder Liner Inspection - 1M,Servicing,2024-01-09,,3rd Engineer,,2024-01-12,Approved,"SAFETY PROCEDURE (COMPANY)
===========================
Ensure compliance with safety procedures according to the company policy and requirements.

DESCRIPTION
===========
1. Liner Condition (Visual / Indirect)

Check for abnormal scavenge space condition (if accessible).

Look for signs of scuffing, scoring, or polishing (based on inspection ports or trend data).

Monitor liner condition through performance parameters if direct access is not possible.

2. Lubrication

Verify cylinder lubrication rate (if applicable) is as per maker’s recommendation.

Check lube oil distribution and absence of oil starvation signs.

Review lube oil consumption trends.

3. Cooling & Sealing

Monitor jacket water temperature and pressure related to cylinder No.01.

Check for cooling water leakage into cylinder or crankcase.

Verify condition of liner sealing arrangements (indirect observation).",,Work delayed due to weather/operational constraints. Completed during port stay.,f,2026-02-18 04:41:18.833721
968,COMP-1768374768239-6wbm7nkr9,651.003.01,7440571a-841a-11ed-aa7c-7003bca91a86,JOB-1768375697715-p7a1yt6pq,MKR-IN-00085,WO-1770967515004-m3q3umm3y,WO-651.003.01-2024-327,AE Cylinder Liner Inspection - 1M,Servicing,2023-12-31,,3rd Engineer,,2024-01-03,Approved,"SAFETY PROCEDURE (COMPANY)
===========================
Ensure compliance with safety procedures according to the company policy and requirements.

DESCRIPTION
===========
1. Liner Condition (Visual / Indirect)

Check for abnormal scavenge space condition (if accessible).

Look for signs of scuffing, scoring, or polishing (based on inspection ports or trend data).

Monitor liner condition through performance parameters if direct access is not possible.

2. Lubrication

Verify cylinder lubrication rate (if applicable) is as per maker’s recommendation.

Check lube oil distribution and absence of oil starvation signs.

Review lube oil consumption trends.

3. Cooling & Sealing

Monitor jacket water temperature and pressure related to cylinder No.01.

Check for cooling water leakage into cylinder or crankcase.

Verify condition of liner sealing arrangements (indirect observation).",,Minor adjustments carried out during AE Cylinder Liner Inspection - 1M. Performance within acceptable parameters.,f,2026-02-18 04:41:18.828413
967,COMP-1768374768251-oq1j3zcya,651.003.05,7440571a-841a-11ed-aa7c-7003bca91a86,JOB-1768375697736-r5yb7e729,MKR-IN-00085,WO-1770978832260-a0nvotzuu,MKR-IN-00085-651.003.05-2024-592,AE Cylinder Liner Inspection - 1M,Maintenance,2024-01-14,,2nd Engineer,,2024-01-16,Approved,,,Small adjustments made to operating parameters. Equipment performance satisfactory.,f,2026-02-18 04:41:18.821502
966,COMP-1768374768376-it9lk8gdy,652.007.04,7440571a-841a-11ed-aa7c-7003bca91a86,JOB-1768375698131-ghnz9yold,MKR-IN-00015,WO-1770967515018-kc5l7m8rs,UWO-652.007.04-2024-739,"AE2 Main Bearings, Journals No.04 - Alarm Investigation - System Check",Servicing,2024-01-10,,4th Engineer,,2024-01-13,Approved,Investigated alarm. Found faulty sensor/connection. Rectified.,,All equipment tested satisfactorily post-maintenance. No abnormalities detected.,f,2026-02-18 04:41:18.817201
965,COMP-1768374768143-4kulzp9vp,601.004.06,7440571a-841a-11ed-aa7c-7003bca91a86,JOB-1768375697407-3iv0aw13h,MKR-IN-00063,WO-1770978832258-xxe9hu9uv,MKR-IN-00063-601.004.06-2024-375,"ME Piston And Rings, Inspection - 500H",Maintenance,2024-01-17,,4th Engineer,,2024-01-19,Approved,,,Small adjustments made to operating parameters. Equipment performance satisfactory.,f,2026-02-18 04:41:18.8123
964,COMP-1768374768286-elfkccwmv,651.007.05,7440571a-841a-11ed-aa7c-7003bca91a86,JOB-1768375697798-oe7nugd4d,MKR-IN-00015,WO-1770967515018-tn4gjxaqm,UWO-651.007.05-2024-651,"AE1 Main Bearings, Journals No.05 - Pipe Leakage - Welding Repair",Servicing,2024-01-31,,2nd Engineer,,2024-02-02,Approved,"Pipe leakage found in engine room. Temporary repair carried out, permanent repair planned.",,"Minor adjustments carried out during AE1 Main Bearings, Journals No.05 - Pipe Leakage - Welding Repair. Performance within acceptable parameters.",f,2026-02-18 04:41:18.807799
963,COMP-1768374768163-l5iay97ij,601.007.01,7440571a-841a-11ed-aa7c-7003bca91a86,JOB-1768375697446-3txwuvutk,MKR-IN-00064,WO-1770978832254-zzenei8ry,MKR-IN-00064-601.007.01-2024-011,"ME Main Bearing Clearance, Inspection - 6000H",Maintenance,2024-01-25,,Chief Engineer,,2024-01-28,Approved,,,Minor adjustments made. Equipment performance within acceptable parameters.,f,2026-02-18 04:41:18.802799
962,COMP-1768374768511-709kv1bk1,702.005.02,7440571a-841a-11ed-aa7c-7003bca91a86,JOB-1768375698538-eaypatso8,MKR-IN-00054,WO-1770967515004-ewjqo8cf4,WO-702.005.02-2024-207,"Purifier, Routine - 1W",Servicing,2024-01-05,,3rd Engineer,,2024-01-06,Approved,"SAFETY PROCEDURE (COMPANY)
===========================
Ensure compliance with safety procedures according to the company policy and requirements.

JOB REFERENCE DETAILS
===================
Manual Name: 8M-3 INSTRUCTION MANAUL FOR PURIFIER;5303.pdf
Pdf Page No: 56
Chapter: 3. Maintenance Inspection Procedures
Section: 3.1 Routine checks

DESCRIPTION
===========
Routine Checks :
1. Check the feed rate with respect to set feed rate for any changes.
2. Check the temperature with set temperature level.
3. Check the pressure of light liquid outlet is to be coincide roughly with the set pressure of the leakage.
4. Check for any increase in vibration.
5. Check for operational noise in gear pump and bearing etc. 
6. Check the rated current on daily basis.
7. Check the gear pump oil quantity. 
8. Check the safety joint of gears for any deformation.
9. Check for oil leakage in pipe joints.
10. Check & adjust pressure LED (yellow) lit or flashing for Leakage Monitor.
11. Check indicate revolution LED (green) is flashing for Discharge Monitor.",,"Equipment tested satisfactorily after completion of Purifier, Routine - 1W. No issues found.",f,2026-02-18 04:41:18.797351
961,COMP-1768374768280-40p83pmvt,651.007.03,7440571a-841a-11ed-aa7c-7003bca91a86,JOB-1768375697788-a96tyddtp,MKR-IN-00015,WO-1770967515018-qbo1sofr4,UWO-651.007.03-2024-784,"AE1 Main Bearings, Journals No.03 - Sensor Failure - Replacement",Servicing,2024-01-14,,2nd Engineer,,2024-01-16,Approved,Temperature/pressure sensor giving erratic readings. Replaced sensor.,,All checks completed as per manufacturer guidelines. Next service due as scheduled.,f,2026-02-18 04:41:18.792246
960,COMP-1768374768511-709kv1bk1,702.005.02,7440571a-841a-11ed-aa7c-7003bca91a86,JOB-1768375698538-eaypatso8,MKR-IN-00054,WO-1770967515004-hgj0ykx42,WO-702.005.02-2024-208,"Purifier, Routine - 1W",Servicing,2024-01-13,,3rd Engineer,,2024-01-14,Approved,"SAFETY PROCEDURE (COMPANY)
===========================
Ensure compliance with safety procedures according to the company policy and requirements.

JOB REFERENCE DETAILS
===================
Manual Name: 8M-3 INSTRUCTION MANAUL FOR PURIFIER;5303.pdf
Pdf Page No: 56
Chapter: 3. Maintenance Inspection Procedures
Section: 3.1 Routine checks

DESCRIPTION
===========
Routine Checks :
1. Check the feed rate with respect to set feed rate for any changes.
2. Check the temperature with set temperature level.
3. Check the pressure of light liquid outlet is to be coincide roughly with the set pressure of the leakage.
4. Check for any increase in vibration.
5. Check for operational noise in gear pump and bearing etc. 
6. Check the rated current on daily basis.
7. Check the gear pump oil quantity. 
8. Check the safety joint of gears for any deformation.
9. Check for oil leakage in pipe joints.
10. Check & adjust pressure LED (yellow) lit or flashing for Leakage Monitor.
11. Check indicate revolution LED (green) is flashing for Discharge Monitor.",,"Minor adjustments carried out during Purifier, Routine - 1W. Performance within acceptable parameters.",f,2026-02-18 04:41:18.78656
959,COMP-1768374767805-z4lpo0038,411.001,7440571a-841a-11ed-aa7c-7003bca91a86,JOB-1768375696944-n7c8eez5n,MKR-SE-00017,WO-1770978832254-w8tg2khog,MKR-SE-00017-411.001-2024-001,"Radar Band LCD, Renewal/Replace - 50000H",Maintenance,2024-01-24,,Electrican,,2024-01-26,Approved,,,All checks completed as per manufacturer guidelines. Next service due as scheduled.,f,2026-02-18 04:41:18.782066
958,COMP-1768374768248-zja2xeelc,651.003.04,7440571a-841a-11ed-aa7c-7003bca91a86,JOB-1768375697730-vrhe8emeh,MKR-IN-00085,WO-1770978832259-ua7cxr3ai,MKR-IN-00085-651.003.04-2024-575,AE Cylinder Liner Inspection - 1M,Maintenance,2024-02-08,,Chief Engineer,,2024-02-11,Approved,,,All equipment tested satisfactorily post-maintenance. No abnormalities detected.,f,2026-02-18 04:41:18.777995
957,COMP-1768374767644-adgg3i5o8,60,7440571a-841a-11ed-aa7c-7003bca91a86,JOB-1768375697064-mbfaqn8a4,MKR-IN-00074,WO-1770967515019-b73t6oiz1,UWO-60-2024-834,DIESEL ENGINES FOR PROPULSION - Valve Leakage - Immediate Repair,Servicing,2024-01-14,,4th Engineer,,2024-01-15,Approved,Valve found leaking during rounds. Repacked gland and replaced gasket.,,All equipment tested satisfactorily post-maintenance. No abnormalities detected.,f,2026-02-18 04:41:18.773684
956,COMP-1768374767998-zda6fpbxv,601.003.01,7440571a-841a-11ed-aa7c-7003bca91a86,JOB-1768375697114-mgxmcqrr2,MKR-OV-00012,WO-1770967515017-80s2a52mz,UWO-601.003.01-2024-556,ME Cylinder Liners No.01 - Sensor Failure - Replacement,Servicing,2024-01-14,,4th Engineer,,2024-01-16,Approved,Temperature/pressure sensor giving erratic readings. Replaced sensor.,,Equipment tested satisfactorily after completion of ME Cylinder Liners No.01 - Sensor Failure - Replacement. No issues found.,f,2026-02-18 04:41:18.769156
955,COMP-1768374767830-uxleqdvg1,601.018,7440571a-841a-11ed-aa7c-7003bca91a86,JOB-1768375697502-3ijpl6vm3,MKR-IN-00077,WO-1770967515018-kvf9g4r72,UWO-601.018-2024-792,ME Crankcases - Pipe Leakage - Welding Repair,Servicing,2024-01-22,,Chief Engineer,,2024-01-25,Approved,"Pipe leakage found in engine room. Temporary repair carried out, permanent repair planned.",,Equipment tested satisfactorily after maintenance. No issues found.,f,2026-02-18 04:41:18.764317
954,COMP-1768374768230-di5x3jxz8,651.002.04,7440571a-841a-11ed-aa7c-7003bca91a86,JOB-1768375697698-z6haq29k,MKR-IN-00080,WO-1770978832259-0g1b72977,MKR-IN-00080-651.002.04-2024-537,AE Cylinder Covers with Valves Inspection - 1M,Maintenance,2024-02-07,,Chief Engineer,,2024-02-10,Approved,,,All checks completed as per manufacturer guidelines. Next service due as scheduled.,f,2026-02-18 04:41:18.757066
953,COMP-1768374768322-cql2bkhkd,652.002.03,7440571a-841a-11ed-aa7c-7003bca91a86,JOB-1768375698027-asejgfpbd,MKR-IN-00080,WO-1770978832260-xpteq7kdw,MKR-IN-00080-652.002.03-2024-622,AE Cylinder Covers with Valves Inspection - 1M,Maintenance,2024-01-30,,4th Engineer,,2024-01-31,Approved,,,Checks completed as per manufacturer guidelines for AE Cylinder Covers with Valves Inspection - 1M. Next service due as scheduled.,f,2026-02-18 04:41:18.752099
952,COMP-1768374768511-709kv1bk1,702.005.02,7440571a-841a-11ed-aa7c-7003bca91a86,JOB-1768375698538-eaypatso8,MKR-IN-00054,WO-1770967515004-me78r7dsw,WO-702.005.02-2024-209,"Purifier, Routine - 1W",Servicing,2024-02-06,,3rd Engineer,,2024-02-09,Approved,"SAFETY PROCEDURE (COMPANY)
===========================
Ensure compliance with safety procedures according to the company policy and requirements.

JOB REFERENCE DETAILS
===================
Manual Name: 8M-3 INSTRUCTION MANAUL FOR PURIFIER;5303.pdf
Pdf Page No: 56
Chapter: 3. Maintenance Inspection Procedures
Section: 3.1 Routine checks

DESCRIPTION
===========
Routine Checks :
1. Check the feed rate with respect to set feed rate for any changes.
2. Check the temperature with set temperature level.
3. Check the pressure of light liquid outlet is to be coincide roughly with the set pressure of the leakage.
4. Check for any increase in vibration.
5. Check for operational noise in gear pump and bearing etc. 
6. Check the rated current on daily basis.
7. Check the gear pump oil quantity. 
8. Check the safety joint of gears for any deformation.
9. Check for oil leakage in pipe joints.
10. Check & adjust pressure LED (yellow) lit or flashing for Leakage Monitor.
11. Check indicate revolution LED (green) is flashing for Discharge Monitor.",,Minor adjustments made. Equipment performance within acceptable parameters.,f,2026-02-18 04:41:18.747764
951,COMP-1768374768134-1plkxrd1k,601.004.03,7440571a-841a-11ed-aa7c-7003bca91a86,JOB-1768375697369-tflq97jgz,MKR-OV-00011,WO-1770967515018-w8mvg6xbs,UWO-601.004.03-2024-780,"ME Pistons, Piston Rods No.03 - Control System Malfunction",Servicing,2024-01-23,,3rd Engineer,,2024-01-24,Approved,Control system showing intermittent faults. Checked connections and calibrated.,,"Required spare parts replaced during ME Pistons, Piston Rods No.03 - Control System Malfunction. Old parts retained for inspection.",f,2026-02-18 04:41:18.743566
950,COMP-1768374768511-709kv1bk1,702.005.02,7440571a-841a-11ed-aa7c-7003bca91a86,JOB-1768375698538-eaypatso8,MKR-IN-00054,WO-1770967515004-l84bmm4jv,WO-702.005.02-2024-210,"Purifier, Routine - 1W",Servicing,2024-01-27,,3rd Engineer,,2024-01-28,Approved,"SAFETY PROCEDURE (COMPANY)
===========================
Ensure compliance with safety procedures according to the company policy and requirements.

JOB REFERENCE DETAILS
===================
Manual Name: 8M-3 INSTRUCTION MANAUL FOR PURIFIER;5303.pdf
Pdf Page No: 56
Chapter: 3. Maintenance Inspection Procedures
Section: 3.1 Routine checks

DESCRIPTION
===========
Routine Checks :
1. Check the feed rate with respect to set feed rate for any changes.
2. Check the temperature with set temperature level.
3. Check the pressure of light liquid outlet is to be coincide roughly with the set pressure of the leakage.
4. Check for any increase in vibration.
5. Check for operational noise in gear pump and bearing etc. 
6. Check the rated current on daily basis.
7. Check the gear pump oil quantity. 
8. Check the safety joint of gears for any deformation.
9. Check for oil leakage in pipe joints.
10. Check & adjust pressure LED (yellow) lit or flashing for Leakage Monitor.
11. Check indicate revolution LED (green) is flashing for Discharge Monitor.",,Completion delayed due to vessel operational schedule. Work carried out during port call.,f,2026-02-18 04:41:18.739756
949,COMP-1768374768157-suzt374w7,601.005.05,7440571a-841a-11ed-aa7c-7003bca91a86,JOB-1768375697435-jappx7g00,MKR-IN-00076,WO-1770978832258-u7unm0x5x,MKR-IN-00076-601.005.05-2024-411,"Main Engine – Connecting Rods, Crosshead & Guide Assemblies Inspection - 1M",Maintenance,2024-02-14,,4th Engineer,,2024-02-17,Approved,,,"Equipment tested satisfactorily after completion of Main Engine – Connecting Rods, Crosshead & Guide Assemblies Inspection - 1M. No issues found.",f,2026-02-18 04:41:18.7355
948,COMP-1768374768239-6wbm7nkr9,651.003.01,7440571a-841a-11ed-aa7c-7003bca91a86,JOB-1768375697715-p7a1yt6pq,MKR-IN-00085,WO-1770967515004-o69jwr4vm,WO-651.003.01-2024-328,AE Cylinder Liner Inspection - 1M,Servicing,2024-02-02,,3rd Engineer,,2024-02-04,Approved,"SAFETY PROCEDURE (COMPANY)
===========================
Ensure compliance with safety procedures according to the company policy and requirements.

DESCRIPTION
===========
1. Liner Condition (Visual / Indirect)

Check for abnormal scavenge space condition (if accessible).

Look for signs of scuffing, scoring, or polishing (based on inspection ports or trend data).

Monitor liner condition through performance parameters if direct access is not possible.

2. Lubrication

Verify cylinder lubrication rate (if applicable) is as per maker’s recommendation.

Check lube oil distribution and absence of oil starvation signs.

Review lube oil consumption trends.

3. Cooling & Sealing

Monitor jacket water temperature and pressure related to cylinder No.01.

Check for cooling water leakage into cylinder or crankcase.

Verify condition of liner sealing arrangements (indirect observation).",,Spare parts replaced as listed. Old parts retained for inspection/disposal.,f,2026-02-18 04:41:18.731876
947,COMP-1768374768499-1hu1iti6z,653.020.05,7440571a-841a-11ed-aa7c-7003bca91a86,JOB-1768375698452-ia0tiy6fm,MKR-IN-00017,WO-1770967515018-cqah7st6r,UWO-653.020.05-2024-821,AE3 Crankcase Doors W/Safety Valve No.05 - Electrical Fault - Motor Trip,Servicing,2024-01-31,,4th Engineer,,2024-02-01,Approved,Motor tripped on overload. Investigated and rectified fault.,,All maintenance checks completed per OEM recommendations. Next scheduled service as per PMS.,f,2026-02-18 04:41:18.727919
946,COMP-1768374767834-dbncpiany,601.053,7440571a-841a-11ed-aa7c-7003bca91a86,JOB-1768375697585-z6leju6xr,MKR-IN-00066,WO-1770967515015-tormti7zr,WO-601.053-2024-431,"ME Turbocharger Turbine, Cleaning - 500H",Servicing,2024-02-04,,2nd Engineer,,2024-02-06,Approved,"SAFETY PROCEDURE (COMPANY)
===========================
Ensure compliance with safety procedures according to the company policy and requirements.

JOB REFERENCE DETAILS
===================
Manual Name: 3M-2 DIESEL ENGINE VOL II;5303.pdf
Pdf Page No: 196, 171, 172
Job Reference: Group No. 400
Chapter: Maintenance Schedule Of Main Parts


DESCRIPTION
===========
1. Cleaning of turbine side of turbocharger to be carried out (vegetal solid cleaning).",,"Equipment tested satisfactorily after completion of ME Turbocharger Turbine, Cleaning - 500H. No issues found.",f,2026-02-18 04:41:18.722969
945,COMP-1768374768272-j6qabuv4y,651.004.06,7440571a-841a-11ed-aa7c-7003bca91a86,JOB-1768375697772-0pyb57iow,MKR-OV-00025,WO-1770978832254-2fmhnklaj,MKR-OV-00025-651.004.06-2024-036,AE Pistons and Connecting Rods Overhaul - 4000H,Maintenance,2024-02-12,,Chief Engineer,,2024-02-15,Approved,,,Additional observations during AE Pistons and Connecting Rods Overhaul - 4000H - recommend follow-up at next scheduled interval.,f,2026-02-18 04:41:18.71933
944,COMP-1768374767726-2hfx5z11n,601.007,7440571a-841a-11ed-aa7c-7003bca91a86,JOB-1768375697446-3txwuvutk,MKR-IN-00064,WO-1770967515018-fbgcjypzp,UWO-601.007-2024-818,"ME Main Bearings, Journals - Cooling System Malfunction",Servicing,2024-01-31,,2nd Engineer,,2024-02-03,Approved,Cooling water temperature rising. Investigated and cleaned heat exchanger.,,All checks completed as per manufacturer guidelines. Next service due as scheduled.,f,2026-02-18 04:41:18.715119
943,COMP-1768374768511-709kv1bk1,702.005.02,7440571a-841a-11ed-aa7c-7003bca91a86,JOB-1768375698538-eaypatso8,MKR-IN-00054,WO-1770967515004-z3rjvaw70,WO-702.005.02-2024-211,"Purifier, Routine - 1W",Servicing,2024-02-04,,3rd Engineer,,2024-02-05,Approved,"SAFETY PROCEDURE (COMPANY)
===========================
Ensure compliance with safety procedures according to the company policy and requirements.

JOB REFERENCE DETAILS
===================
Manual Name: 8M-3 INSTRUCTION MANAUL FOR PURIFIER;5303.pdf
Pdf Page No: 56
Chapter: 3. Maintenance Inspection Procedures
Section: 3.1 Routine checks

DESCRIPTION
===========
Routine Checks :
1. Check the feed rate with respect to set feed rate for any changes.
2. Check the temperature with set temperature level.
3. Check the pressure of light liquid outlet is to be coincide roughly with the set pressure of the leakage.
4. Check for any increase in vibration.
5. Check for operational noise in gear pump and bearing etc. 
6. Check the rated current on daily basis.
7. Check the gear pump oil quantity. 
8. Check the safety joint of gears for any deformation.
9. Check for oil leakage in pipe joints.
10. Check & adjust pressure LED (yellow) lit or flashing for Leakage Monitor.
11. Check indicate revolution LED (green) is flashing for Discharge Monitor.",,All maintenance checks completed per OEM recommendations. Next scheduled service as per PMS.,f,2026-02-18 04:41:18.711034
942,COMP-1768374767942-1vyf5zpk2,285.001.08,7440571a-841a-11ed-aa7c-7003bca91a86,JOB-1768375696869-5sqfen2xp,MKR-IN-00072,WO-1770978832256-o24i3vs7w,MKR-IN-00072-285.001.08-2024-242,Ballast Tanks Inspection - 1M,Maintenance,2024-02-19,,Chief Engineer,,2024-02-21,Approved,,,All equipment tested satisfactorily post-maintenance. No abnormalities detected.,f,2026-02-18 04:41:18.707081
941,COMP-1768374768225-48hk6uhgn,651.002.02,7440571a-841a-11ed-aa7c-7003bca91a86,JOB-1768375697685-xfdk7mrhe,MKR-IN-00080,WO-1770978832259-q9mjjevgo,MKR-IN-00080-651.002.02-2024-513,AE Cylinder Covers with Valves Inspection - 1M,Maintenance,2024-02-10,,4th Engineer,,2024-02-13,Approved,,,Minor adjustments made. Equipment performance within acceptable parameters.,f,2026-02-18 04:41:18.70235
940,COMP-1768374767918-4vp8g44db,285.001.01,7440571a-841a-11ed-aa7c-7003bca91a86,JOB-1768375696823-5izcxc9cy,MKR-IN-00072,WO-1770978832255-2v2u7uwhg,MKR-IN-00072-285.001.01-2024-182,Ballast Tanks Inspection - 1M,Maintenance,2024-02-22,,4th Engineer,,2024-02-24,Approved,,,Equipment tested satisfactorily after completion of Ballast Tanks Inspection - 1M. No issues found.,f,2026-02-18 04:41:18.697699
939,COMP-1768374768157-suzt374w7,601.005.05,7440571a-841a-11ed-aa7c-7003bca91a86,JOB-1768375697435-jappx7g00,MKR-IN-00076,WO-1770978832258-xb23267t3,MKR-IN-00076-601.005.05-2024-406,"Main Engine – Connecting Rods, Crosshead & Guide Assemblies Inspection - 1M",Maintenance,2024-02-17,,4th Engineer,,2024-02-20,Approved,,,All equipment tested satisfactorily post-maintenance. No abnormalities detected.,f,2026-02-18 04:41:18.693133
938,COMP-1768374768443-sj0hmblft,653.003.06,7440571a-841a-11ed-aa7c-7003bca91a86,JOB-1768375698327-s9rfxwr8p,MKR-IN-00085,WO-1770967515004-cj2cwotjo,WO-653.003.06-2024-364,AE Cylinder Liner Inspection - 1M,Servicing,2024-02-06,,3rd Engineer,,2024-02-07,Approved,"SAFETY PROCEDURE (COMPANY)
===========================
Ensure compliance with safety procedures according to the company policy and requirements.

DESCRIPTION
===========
1. Liner Condition (Visual / Indirect)

Check for abnormal scavenge space condition (if accessible).

Look for signs of scuffing, scoring, or polishing (based on inspection ports or trend data).

Monitor liner condition through performance parameters if direct access is not possible.

2. Lubrication

Verify cylinder lubrication rate (if applicable) is as per maker’s recommendation.

Check lube oil distribution and absence of oil starvation signs.

Review lube oil consumption trends.

3. Cooling & Sealing

Monitor jacket water temperature and pressure related to cylinder No.01.

Check for cooling water leakage into cylinder or crankcase.

Verify condition of liner sealing arrangements (indirect observation).",,Work on AE Cylinder Liner Inspection - 1M delayed due to operational requirements. Completed during next available window.,f,2026-02-18 04:41:18.688665
937,COMP-1768374768511-709kv1bk1,702.005.02,7440571a-841a-11ed-aa7c-7003bca91a86,JOB-1768375698538-eaypatso8,MKR-IN-00054,WO-1770967515004-eoc6aj0y1,WO-702.005.02-2024-212,"Purifier, Routine - 1W",Servicing,2024-02-10,,3rd Engineer,,2024-02-11,Approved,"SAFETY PROCEDURE (COMPANY)
===========================
Ensure compliance with safety procedures according to the company policy and requirements.

JOB REFERENCE DETAILS
===================
Manual Name: 8M-3 INSTRUCTION MANAUL FOR PURIFIER;5303.pdf
Pdf Page No: 56
Chapter: 3. Maintenance Inspection Procedures
Section: 3.1 Routine checks

DESCRIPTION
===========
Routine Checks :
1. Check the feed rate with respect to set feed rate for any changes.
2. Check the temperature with set temperature level.
3. Check the pressure of light liquid outlet is to be coincide roughly with the set pressure of the leakage.
4. Check for any increase in vibration.
5. Check for operational noise in gear pump and bearing etc. 
6. Check the rated current on daily basis.
7. Check the gear pump oil quantity. 
8. Check the safety joint of gears for any deformation.
9. Check for oil leakage in pipe joints.
10. Check & adjust pressure LED (yellow) lit or flashing for Leakage Monitor.
11. Check indicate revolution LED (green) is flashing for Discharge Monitor.",,Small adjustments made to operating parameters. Equipment performance satisfactory.,f,2026-02-18 04:41:18.684315
936,COMP-1768374768230-di5x3jxz8,651.002.04,7440571a-841a-11ed-aa7c-7003bca91a86,JOB-1768375697698-z6haq29k,MKR-IN-00080,WO-1770978832259-88igi9ght,MKR-IN-00080-651.002.04-2024-536,AE Cylinder Covers with Valves Inspection - 1M,Maintenance,2024-02-28,,2nd Engineer,,2024-03-02,Approved,,,Minor adjustments carried out during AE Cylinder Covers with Valves Inspection - 1M. Performance within acceptable parameters.,f,2026-02-18 04:41:18.679454
935,COMP-1768374768376-it9lk8gdy,652.007.04,7440571a-841a-11ed-aa7c-7003bca91a86,JOB-1768375698131-ghnz9yold,MKR-IN-00015,WO-1770978832254-gt4e33c1p,MKR-IN-00015-652.007.04-2024-086,"DG Main Bearing, Visual Check - 2Y/8000H",Maintenance,2024-02-15,,Electrican,,2024-02-17,Approved,,,"Equipment tested satisfactorily after completion of DG Main Bearing, Visual Check - 2Y/8000H. No issues found.",f,2026-02-18 04:41:18.674957
934,COMP-1768374768248-zja2xeelc,651.003.04,7440571a-841a-11ed-aa7c-7003bca91a86,JOB-1768375697730-vrhe8emeh,MKR-IN-00085,WO-1770978832259-wmw5rniyv,MKR-IN-00085-651.003.04-2024-574,AE Cylinder Liner Inspection - 1M,Maintenance,2024-02-17,,2nd Engineer,,2024-02-18,Approved,,,Equipment tested satisfactorily after completion of AE Cylinder Liner Inspection - 1M. No issues found.,f,2026-02-18 04:41:18.670866
933,COMP-1768374767867-9iex21354,652.018,7440571a-841a-11ed-aa7c-7003bca91a86,JOB-1768375698154-dzms9xqyx,MKR-IN-00086,WO-1770967515018-rypp03hd9,UWO-652.018-2024-825,AE2 Crankcases - Pipe Leakage - Welding Repair,Servicing,2024-02-10,,2nd Engineer,,2024-02-12,Approved,"Pipe leakage found in engine room. Temporary repair carried out, permanent repair planned.",,Additional findings noted - recommend follow-up inspection during next scheduled maintenance.,f,2026-02-18 04:41:18.664928
932,COMP-1768374768254-nzjp2ebje,651.003.06,7440571a-841a-11ed-aa7c-7003bca91a86,JOB-1768375697741-368qu1o6c,MKR-IN-00085,WO-1770967515018-mg23e79jt,UWO-651.003.06-2024-804,AE1 Cylinder Liners No.06 - Filter Blockage - Emergency Cleaning,Servicing,2024-02-10,,4th Engineer,,2024-02-11,Approved,Filter differential pressure high. Emergency cleaning/replacement carried out.,,Equipment tested satisfactorily after maintenance. No issues found.,f,2026-02-18 04:41:18.659135
931,COMP-1768374767555-hvpuzxzk1,601.026,7440571a-841a-11ed-aa7c-7003bca91a86,JOB-1768375697507-uu8un72tz,MKR-SE-00020,WO-1770967515019-a28cbw2sz,UWO-601.026-2024-835,ME HP fuel pumps - Alarm Investigation - System Check,Servicing,2024-02-21,,2nd Engineer,,2024-02-23,Approved,Investigated alarm. Found faulty sensor/connection. Rectified.,,Equipment tested satisfactorily after completion of ME HP fuel pumps - Alarm Investigation - System Check. No issues found.,f,2026-02-18 04:41:18.654167
930,COMP-1768374768175-35eegw2jt,601.007.05,7440571a-841a-11ed-aa7c-7003bca91a86,JOB-1768375697467-plpyxbhph,MKR-IN-00064,WO-1770967515018-qg1sd4qhi,UWO-601.007.05-2024-819,"ME Main Bearings, Journals No.05 - Sensor Failure - Replacement",Servicing,2024-02-15,,2nd Engineer,,2024-02-17,Approved,Temperature/pressure sensor giving erratic readings. Replaced sensor.,,Spare parts replaced as listed. Old parts retained for inspection/disposal.,f,2026-02-18 04:41:18.649436
929,COMP-1768374768137-39r0aykwi,601.004.04,7440571a-841a-11ed-aa7c-7003bca91a86,JOB-1768375697385-g3vs0tk5f,MKR-IN-00063,WO-1770978832256-ba56pa83r,MKR-IN-00063-601.004.04-2024-340,"ME Piston And Rings, Inspection - 500H",Maintenance,2024-02-28,,4th Engineer,,2024-03-01,Approved,,,"Required spare parts replaced during ME Piston And Rings, Inspection - 500H. Old parts retained for inspection.",f,2026-02-18 04:41:18.644195
928,COMP-1768374767871-3w32g6ibp,652.046,7440571a-841a-11ed-aa7c-7003bca91a86,JOB-1768375698235-ywwjdtuml,MKR-OV-00026,WO-1770978832255-86ptf193b,MKR-OV-00026-652.046-2024-109,AE Lube Oil (LO) Filters Overhaul - 4000H,Maintenance,2024-02-27,,Electrican,,2024-02-29,Approved,,,Equipment tested satisfactorily after maintenance. No issues found.,f,2026-02-18 04:41:18.639201
927,COMP-1768374768353-vfthngvnn,652.004.02,7440571a-841a-11ed-aa7c-7003bca91a86,JOB-1768375698089-2maxi1b86,MKR-OV-00025,WO-1770967515017-92xle31rr,UWO-652.004.02-2024-581,AE2 Pistons And Connecting Rod No.02 - Valve Leakage - Immediate Repair,Servicing,2024-02-17,,3rd Engineer,,2024-02-20,Approved,Valve found leaking during rounds. Repacked gland and replaced gasket.,,Work on AE2 Pistons And Connecting Rod No.02 - Valve Leakage - Immediate Repair delayed due to operational requirements. Completed during next available window.,f,2026-02-18 04:41:18.623034
926,COMP-1768374768511-709kv1bk1,702.005.02,7440571a-841a-11ed-aa7c-7003bca91a86,JOB-1768375698538-eaypatso8,MKR-IN-00054,WO-1770967515004-8l2nilx5i,WO-702.005.02-2024-213,"Purifier, Routine - 1W",Servicing,2024-02-20,,3rd Engineer,,2024-02-21,Approved,"SAFETY PROCEDURE (COMPANY)
===========================
Ensure compliance with safety procedures according to the company policy and requirements.

JOB REFERENCE DETAILS
===================
Manual Name: 8M-3 INSTRUCTION MANAUL FOR PURIFIER;5303.pdf
Pdf Page No: 56
Chapter: 3. Maintenance Inspection Procedures
Section: 3.1 Routine checks

DESCRIPTION
===========
Routine Checks :
1. Check the feed rate with respect to set feed rate for any changes.
2. Check the temperature with set temperature level.
3. Check the pressure of light liquid outlet is to be coincide roughly with the set pressure of the leakage.
4. Check for any increase in vibration.
5. Check for operational noise in gear pump and bearing etc. 
6. Check the rated current on daily basis.
7. Check the gear pump oil quantity. 
8. Check the safety joint of gears for any deformation.
9. Check for oil leakage in pipe joints.
10. Check & adjust pressure LED (yellow) lit or flashing for Leakage Monitor.
11. Check indicate revolution LED (green) is flashing for Discharge Monitor.",,"Minor adjustments carried out during Purifier, Routine - 1W. Performance within acceptable parameters.",f,2026-02-18 04:41:18.607904
925,COMP-1768374768143-4kulzp9vp,601.004.06,7440571a-841a-11ed-aa7c-7003bca91a86,JOB-1768375697401-iigxhtjlk,MKR-OV-00011,WO-1770967515018-qo07n2jzk,UWO-601.004.06-2024-724,"ME Pistons, Piston Rods No.06 - Electrical Fault - Motor Trip",Servicing,2024-02-28,,3rd Engineer,,2024-03-01,Approved,Motor tripped on overload. Investigated and rectified fault.,,All checks completed as per manufacturer guidelines. Next service due as scheduled.,f,2026-02-18 04:41:18.599076
924,COMP-1768374768018-sxxzy0r5b,601.003.05,7440571a-841a-11ed-aa7c-7003bca91a86,JOB-1768375697137-lfxt4na7g,MKR-OV-00012,WO-1770967515018-tqd83b24q,UWO-601.003.05-2024-631,ME Cylinder Liners No.05 - Filter Blockage - Emergency Cleaning,Servicing,2024-02-19,,3rd Engineer,,2024-02-22,Approved,Filter differential pressure high. Emergency cleaning/replacement carried out.,,Checks completed as per manufacturer guidelines for ME Cylinder Liners No.05 - Filter Blockage - Emergency Cleaning. Next service due as scheduled.,f,2026-02-18 04:41:18.593899
923,COMP-1768374768221-1uo61tqy1,651.002.01,7440571a-841a-11ed-aa7c-7003bca91a86,JOB-1768375697677-l4b48zr2y,MKR-IN-00080,WO-1770978832259-lh112tdxp,MKR-IN-00080-651.002.01-2024-503,AE Cylinder Covers with Valves Inspection - 1M,Maintenance,2024-03-03,,4th Engineer,,2024-03-06,Approved,,,All equipment tested satisfactorily post-maintenance. No abnormalities detected.,f,2026-02-18 04:41:18.58797
922,COMP-1768374768413-351xv2g4n,653.002.02,7440571a-841a-11ed-aa7c-7003bca91a86,JOB-1768375698262-ndeyptgiq,MKR-IN-00080,WO-1770978832261-5yqdr5b7r,MKR-IN-00080-653.002.02-2024-696,AE Cylinder Covers with Valves Inspection - 1M,Maintenance,2024-03-11,,Electrican,,2024-03-12,Approved,,,All equipment tested satisfactorily post-maintenance. No abnormalities detected.,f,2026-02-18 04:41:18.579704
921,COMP-1768374768219-f5y8ppktt,601.066.06,7440571a-841a-11ed-aa7c-7003bca91a86,JOB-1768375697662-ii0y0011s,MKR-IN-00079,WO-1770978832259-kr0xthqc9,MKR-IN-00079-601.066.06-2024-492,Main Engine – Indicator Valves & Indicators Inspection - 1M,Maintenance,2024-02-28,,4th Engineer,,2024-02-29,Approved,,,Required spare parts replaced during Main Engine – Indicator Valves & Indicators Inspection - 1M. Old parts retained for inspection.,f,2026-02-18 04:41:18.572641
920,COMP-1768374768462-uelez69lg,653.004.06,7440571a-841a-11ed-aa7c-7003bca91a86,JOB-1768375698361-qn85xoxx2,MKR-OV-00025,WO-1770978832255-i521o1ivw,MKR-OV-00025-653.004.06-2024-127,AE Pistons and Connecting Rods Overhaul - 4000H,Maintenance,2024-03-06,,4th Engineer,,2024-03-07,Approved,,,Minor adjustments made. Equipment performance within acceptable parameters.,f,2026-02-18 04:41:18.565606
919,COMP-1768374768511-709kv1bk1,702.005.02,7440571a-841a-11ed-aa7c-7003bca91a86,JOB-1768375698538-eaypatso8,MKR-IN-00054,WO-1770967515004-kg4bczdgo,WO-702.005.02-2024-214,"Purifier, Routine - 1W",Servicing,2024-02-23,,3rd Engineer,,2024-02-26,Approved,"SAFETY PROCEDURE (COMPANY)
===========================
Ensure compliance with safety procedures according to the company policy and requirements.

JOB REFERENCE DETAILS
===================
Manual Name: 8M-3 INSTRUCTION MANAUL FOR PURIFIER;5303.pdf
Pdf Page No: 56
Chapter: 3. Maintenance Inspection Procedures
Section: 3.1 Routine checks

DESCRIPTION
===========
Routine Checks :
1. Check the feed rate with respect to set feed rate for any changes.
2. Check the temperature with set temperature level.
3. Check the pressure of light liquid outlet is to be coincide roughly with the set pressure of the leakage.
4. Check for any increase in vibration.
5. Check for operational noise in gear pump and bearing etc. 
6. Check the rated current on daily basis.
7. Check the gear pump oil quantity. 
8. Check the safety joint of gears for any deformation.
9. Check for oil leakage in pipe joints.
10. Check & adjust pressure LED (yellow) lit or flashing for Leakage Monitor.
11. Check indicate revolution LED (green) is flashing for Discharge Monitor.",,Equipment tested satisfactorily after maintenance. No issues found.,f,2026-02-18 04:41:18.561313
918,COMP-1768374768230-di5x3jxz8,651.002.04,7440571a-841a-11ed-aa7c-7003bca91a86,JOB-1768375697698-z6haq29k,MKR-IN-00080,WO-1770978832259-95o47a9ns,MKR-IN-00080-651.002.04-2024-534,AE Cylinder Covers with Valves Inspection - 1M,Maintenance,2024-03-04,,2nd Engineer,,2024-03-07,Approved,,,Equipment tested satisfactorily after maintenance. No issues found.,f,2026-02-18 04:41:18.55684
917,COMP-1768374767663-er0xkxu81,66,7440571a-841a-11ed-aa7c-7003bca91a86,JOB-1768375698494-0937c543w,MKR-IN-00087,WO-1770967515019-t0teytj33,UWO-66-2024-837,OTHER AGGR. & GEN. FOR MAIN & EMERGENCY EL. POWER PRODUCTION - Sensor Failure - Replacement,Servicing,2024-02-23,,2nd Engineer,,2024-02-24,Approved,Temperature/pressure sensor giving erratic readings. Replaced sensor.,,Minor adjustments carried out during OTHER AGGR. & GEN. FOR MAIN & EMERGENCY EL. POWER PRODUCTION - Sensor Failure - Replacement. Performance within acceptable parameters.,f,2026-02-18 04:41:18.552747
916,COMP-1768374767834-dbncpiany,601.053,7440571a-841a-11ed-aa7c-7003bca91a86,JOB-1768375697590-j5wqgs5qj,MKR-IN-00067,WO-1770967515016-yvgskqdmt,WO-601.053-2024-457,"ME Turbocharger Blower Side & Suction Filter, Cleaning - 2000H",Servicing,2024-03-01,,2nd Engineer,,2024-03-04,Approved,"SAFETY PROCEDURE (COMPANY)
===========================
Ensure compliance with safety procedures according to the company policy and requirements.

JOB REFERENCE DETAILS
===================
Manual Name: 3M-2 DIESEL ENGINE VOL II;5303.pdf
Pdf Page No: 196, 171, 172
Job Reference: Group No. 400
Chapter: Maintenance Schedule Of Main Parts


DESCRIPTION
===========
1. Cleaning of suction filter.
2. Dismantling and cleaning of blower side of turbocharger.",,All equipment tested satisfactorily post-maintenance. No abnormalities detected.,f,2026-02-18 04:41:18.548243
915,COMP-1768374767744-xrh88aod2,651.020,7440571a-841a-11ed-aa7c-7003bca91a86,JOB-1768375697820-rz0yqv3qm,MKR-IN-00017,WO-1770967515017-vf761ecxz,UWO-651.020-2024-582,AE1 Crankcase Doors W/Safety Valve - Control System Malfunction,Servicing,2024-02-29,,3rd Engineer,,2024-03-01,Approved,Control system showing intermittent faults. Checked connections and calibrated.,,Required spare parts replaced during AE1 Crankcase Doors W/Safety Valve - Control System Malfunction. Old parts retained for inspection.,f,2026-02-18 04:41:18.5438
914,COMP-1768374768339-pzyj156x4,652.003.03,7440571a-841a-11ed-aa7c-7003bca91a86,JOB-1768375698065-nln0wy605,MKR-IN-00085,WO-1770978832260-3uq903frs,MKR-IN-00085-652.003.03-2024-655,AE Cylinder Liner Inspection - 1M,Maintenance,2024-03-18,,4th Engineer,,2024-03-20,Approved,,,Required spare parts replaced during AE Cylinder Liner Inspection - 1M. Old parts retained for inspection.,f,2026-02-18 04:41:18.539692
913,COMP-1768374767834-dbncpiany,601.053,7440571a-841a-11ed-aa7c-7003bca91a86,JOB-1768375697579-gjp16ylta,MKR-CA-00005,WO-1770967515016-r0azpirv8,WO-601.053-2024-468,"ME Thrust Bearing Clearance, Measurement - 6000H",Servicing,2024-03-19,,2nd Officer,,2024-03-20,Approved,"SAFETY PROCEDURE (COMPANY)
===========================
Ensure compliance with safety procedures according to the company policy and requirements.

JOB REFERENCE DETAILS
===================
Manual Name: 3M-2 DIESEL ENGINE VOL II;5303.pdf
Pdf Page No: 193, 223
Job Reference: Group No.1160
Chapter: Maintenance Schedule Of Main Parts


DESCRIPTION
===========
1. Measure the clearance.",,All equipment tested satisfactorily post-maintenance. No abnormalities detected.,f,2026-02-18 04:41:18.535323
912,COMP-1768374768511-709kv1bk1,702.005.02,7440571a-841a-11ed-aa7c-7003bca91a86,JOB-1768375698538-eaypatso8,MKR-IN-00054,WO-1770967515004-oce31p1wo,WO-702.005.02-2024-215,"Purifier, Routine - 1W",Servicing,2024-03-02,,3rd Engineer,,2024-03-03,Approved,"SAFETY PROCEDURE (COMPANY)
===========================
Ensure compliance with safety procedures according to the company policy and requirements.

JOB REFERENCE DETAILS
===================
Manual Name: 8M-3 INSTRUCTION MANAUL FOR PURIFIER;5303.pdf
Pdf Page No: 56
Chapter: 3. Maintenance Inspection Procedures
Section: 3.1 Routine checks

DESCRIPTION
===========
Routine Checks :
1. Check the feed rate with respect to set feed rate for any changes.
2. Check the temperature with set temperature level.
3. Check the pressure of light liquid outlet is to be coincide roughly with the set pressure of the leakage.
4. Check for any increase in vibration.
5. Check for operational noise in gear pump and bearing etc. 
6. Check the rated current on daily basis.
7. Check the gear pump oil quantity. 
8. Check the safety joint of gears for any deformation.
9. Check for oil leakage in pipe joints.
10. Check & adjust pressure LED (yellow) lit or flashing for Leakage Monitor.
11. Check indicate revolution LED (green) is flashing for Discharge Monitor.",,"Checks completed as per manufacturer guidelines for Purifier, Routine - 1W. Next service due as scheduled.",f,2026-02-18 04:41:18.530331
911,COMP-1768374768149-xq053ewev,601.005.02,7440571a-841a-11ed-aa7c-7003bca91a86,JOB-1768375697418-2fk1daqf0,MKR-IN-00076,WO-1770978832258-3753jti62,MKR-IN-00076-601.005.02-2024-402,"Main Engine – Connecting Rods, Crosshead & Guide Assemblies Inspection - 1M",Maintenance,2024-03-11,,4th Engineer,,2024-03-14,Approved,,,"Minor adjustments carried out during Main Engine – Connecting Rods, Crosshead & Guide Assemblies Inspection - 1M. Performance within acceptable parameters.",f,2026-02-18 04:41:18.525934
910,COMP-1768374767837-m3bhk56ru,601.059,7440571a-841a-11ed-aa7c-7003bca91a86,JOB-1768375697612-dr4ya0drk,MKR-IN-00078,WO-1770978832258-renuccjrx,MKR-IN-00078-601.059-2024-447,Main Engine – Exhaust Gas Manifolds & Pipes with Insulation Inspection - 1M,Maintenance,2024-03-09,,4th Engineer,,2024-03-11,Approved,,,All equipment tested satisfactorily post-maintenance. No abnormalities detected.,f,2026-02-18 04:41:18.519937
909,COMP-1768374768413-351xv2g4n,653.002.02,7440571a-841a-11ed-aa7c-7003bca91a86,JOB-1768375698262-ndeyptgiq,MKR-IN-00080,WO-1770978832261-jpu0rslax,MKR-IN-00080-653.002.02-2024-695,AE Cylinder Covers with Valves Inspection - 1M,Maintenance,2024-03-10,,4th Engineer,,2024-03-13,Approved,,,Work delayed due to weather/operational constraints. Completed during port stay.,f,2026-02-18 04:41:18.515432
908,COMP-1768374767939-gp5co4ot0,285.001.07,7440571a-841a-11ed-aa7c-7003bca91a86,JOB-1768375696862-icyy5iffj,MKR-IN-00072,WO-1770978832256-0hu03axtb,MKR-IN-00072-285.001.07-2024-226,Ballast Tanks Inspection - 1M,Maintenance,2024-03-13,,Electrican,,2024-03-15,Approved,,,Checks completed as per manufacturer guidelines for Ballast Tanks Inspection - 1M. Next service due as scheduled.,f,2026-02-18 04:41:18.509359
907,COMP-1768374768319-j4kgq3mjf,652.002.02,7440571a-841a-11ed-aa7c-7003bca91a86,JOB-1768375698020-wikm0w4cg,MKR-IN-00080,WO-1770978832260-8fpjw4p5f,MKR-IN-00080-652.002.02-2024-616,AE Cylinder Covers with Valves Inspection - 1M,Maintenance,2024-03-14,,Chief Engineer,,2024-03-16,Approved,,,Minor adjustments carried out during AE Cylinder Covers with Valves Inspection - 1M. Performance within acceptable parameters.,f,2026-02-18 04:41:18.503129
906,COMP-1768374768239-6wbm7nkr9,651.003.01,7440571a-841a-11ed-aa7c-7003bca91a86,JOB-1768375697715-p7a1yt6pq,MKR-IN-00085,WO-1770967515004-k2n9nn78q,WO-651.003.01-2024-329,AE Cylinder Liner Inspection - 1M,Servicing,2024-03-04,,3rd Engineer,,2024-03-07,Approved,"SAFETY PROCEDURE (COMPANY)
===========================
Ensure compliance with safety procedures according to the company policy and requirements.

DESCRIPTION
===========
1. Liner Condition (Visual / Indirect)

Check for abnormal scavenge space condition (if accessible).

Look for signs of scuffing, scoring, or polishing (based on inspection ports or trend data).

Monitor liner condition through performance parameters if direct access is not possible.

2. Lubrication

Verify cylinder lubrication rate (if applicable) is as per maker’s recommendation.

Check lube oil distribution and absence of oil starvation signs.

Review lube oil consumption trends.

3. Cooling & Sealing

Monitor jacket water temperature and pressure related to cylinder No.01.

Check for cooling water leakage into cylinder or crankcase.

Verify condition of liner sealing arrangements (indirect observation).",,Equipment tested satisfactorily after completion of AE Cylinder Liner Inspection - 1M. No issues found.,f,2026-02-18 04:41:18.496569
905,COMP-1768374767805-z4lpo0038,411.001,7440571a-841a-11ed-aa7c-7003bca91a86,JOB-1768375696930-95e413qm4,MKR-SE-00015,WO-1770967515014-eytieerog,WO-411.001-2024-396,"Radar Band Magnetron, Renewal/Replace - 4000H",Servicing,2024-03-05,,2nd Officer,,2024-03-07,Approved,"SAFETY PROCEDURE (COMPANY)
===========================
Ensure compliance with safety procedures according to the company policy and requirements.

JOB REFERENCE DETAILS
===================
Manual Name: 4E-6 S-BAND RADAR;5303.pdf
Pdf Page No: 294
Chapter: 8 Countermeasures For Trouble And Adjustment
Section: Replacement Of Parts Periodically

DESCRIPTION
===========
1. Replace the magnetron.",,All maintenance checks completed per OEM recommendations. Next scheduled service as per PMS.,f,2026-02-18 04:41:18.491254
904,COMP-1768374768225-48hk6uhgn,651.002.02,7440571a-841a-11ed-aa7c-7003bca91a86,JOB-1768375697685-xfdk7mrhe,MKR-IN-00080,WO-1770978832259-0cp64jowx,MKR-IN-00080-651.002.02-2024-515,AE Cylinder Covers with Valves Inspection - 1M,Maintenance,2024-03-14,,2nd Engineer,,2024-03-16,Approved,,,Checks completed as per manufacturer guidelines for AE Cylinder Covers with Valves Inspection - 1M. Next service due as scheduled.,f,2026-02-18 04:41:18.486312
903,COMP-1768374768413-351xv2g4n,653.002.02,7440571a-841a-11ed-aa7c-7003bca91a86,JOB-1768375698262-ndeyptgiq,MKR-IN-00080,WO-1770978832260-jmdld93hk,MKR-IN-00080-653.002.02-2024-693,AE Cylinder Covers with Valves Inspection - 1M,Maintenance,2024-03-12,,4th Engineer,,2024-03-13,Approved,,,Additional findings noted - recommend follow-up inspection during next scheduled maintenance.,f,2026-02-18 04:41:18.481593
902,COMP-1768374767834-dbncpiany,601.053,7440571a-841a-11ed-aa7c-7003bca91a86,JOB-1768375697585-z6leju6xr,MKR-IN-00066,WO-1770967515015-5ps4eh9hu,WO-601.053-2024-432,"ME Turbocharger Turbine, Cleaning - 500H",Servicing,2024-03-19,,2nd Engineer,,2024-03-22,Approved,"SAFETY PROCEDURE (COMPANY)
===========================
Ensure compliance with safety procedures according to the company policy and requirements.

JOB REFERENCE DETAILS
===================
Manual Name: 3M-2 DIESEL ENGINE VOL II;5303.pdf
Pdf Page No: 196, 171, 172
Job Reference: Group No. 400
Chapter: Maintenance Schedule Of Main Parts


DESCRIPTION
===========
1. Cleaning of turbine side of turbocharger to be carried out (vegetal solid cleaning).",,Equipment tested satisfactorily after maintenance. No issues found.,f,2026-02-18 04:41:18.476701
901,COMP-1768374768443-sj0hmblft,653.003.06,7440571a-841a-11ed-aa7c-7003bca91a86,JOB-1768375698327-s9rfxwr8p,MKR-IN-00085,WO-1770967515004-b31p2i487,WO-653.003.06-2024-365,AE Cylinder Liner Inspection - 1M,Servicing,2024-03-07,,3rd Engineer,,2024-03-10,Approved,"SAFETY PROCEDURE (COMPANY)
===========================
Ensure compliance with safety procedures according to the company policy and requirements.

DESCRIPTION
===========
1. Liner Condition (Visual / Indirect)

Check for abnormal scavenge space condition (if accessible).

Look for signs of scuffing, scoring, or polishing (based on inspection ports or trend data).

Monitor liner condition through performance parameters if direct access is not possible.

2. Lubrication

Verify cylinder lubrication rate (if applicable) is as per maker’s recommendation.

Check lube oil distribution and absence of oil starvation signs.

Review lube oil consumption trends.

3. Cooling & Sealing

Monitor jacket water temperature and pressure related to cylinder No.01.

Check for cooling water leakage into cylinder or crankcase.

Verify condition of liner sealing arrangements (indirect observation).",,Completion delayed due to vessel operational schedule. Work carried out during port call.,f,2026-02-18 04:41:18.470788
900,COMP-1768374767962-b363j8iop,554.003.01,7440571a-841a-11ed-aa7c-7003bca91a86,JOB-1768375697034-wsrys4lln,MKR-IN-00050,WO-1770967515018-4gxnn2fmu,UWO-554.003.01-2024-723,Compressors W/Drive Unit No.01 - Hydraulic System Pressure Drop,Servicing,2024-03-03,,4th Engineer,,2024-03-04,Approved,Hydraulic system pressure dropping. Investigated and found leaking fitting. Repaired.,,Equipment tested satisfactorily after maintenance. No issues found.,f,2026-02-18 04:41:18.46534
899,COMP-1768374767809-mr8172nux,411.002,7440571a-841a-11ed-aa7c-7003bca91a86,JOB-1768375696972-7k0goih9x,MKR-SE-00015,WO-1770967515014-94gdvnpff,WO-411.002-2024-404,"Radar Band Magnetron, Renewal/Replace - 4000H",Servicing,2024-03-07,,2nd Officer,,2024-03-09,Approved,"SAFETY PROCEDURE (COMPANY)
===========================
Ensure compliance with safety procedures according to the company policy and requirements.

JOB REFERENCE DETAILS
===================
Manual Name: 4E-6 S-BAND RADAR;5303.pdf
Pdf Page No: 294
Chapter: 8 Countermeasures For Trouble And Adjustment
Section: Replacement Of Parts Periodically

DESCRIPTION
===========
1. Replace the magnetron.",,All equipment tested satisfactorily post-maintenance. No abnormalities detected.,f,2026-02-18 04:41:18.459234
898,COMP-1768374767830-uxleqdvg1,601.018,7440571a-841a-11ed-aa7c-7003bca91a86,JOB-1768375697502-3ijpl6vm3,MKR-IN-00077,WO-1770967515017-tesjrk3ap,UWO-601.018-2024-538,ME Crankcases - Bearing Overheating - Emergency Maintenance,Servicing,2024-03-07,,3rd Engineer,,2024-03-10,Approved,Bearing temperature rising above normal. Emergency maintenance carried out.,,Required spare parts replaced during ME Crankcases - Bearing Overheating - Emergency Maintenance. Old parts retained for inspection.,f,2026-02-18 04:41:18.374428
897,COMP-1768374768511-709kv1bk1,702.005.02,7440571a-841a-11ed-aa7c-7003bca91a86,JOB-1768375698538-eaypatso8,MKR-IN-00054,WO-1770967515004-icuyy3xmf,WO-702.005.02-2024-216,"Purifier, Routine - 1W",Servicing,2024-03-09,,3rd Engineer,,2024-03-11,Approved,"SAFETY PROCEDURE (COMPANY)
===========================
Ensure compliance with safety procedures according to the company policy and requirements.

JOB REFERENCE DETAILS
===================
Manual Name: 8M-3 INSTRUCTION MANAUL FOR PURIFIER;5303.pdf
Pdf Page No: 56
Chapter: 3. Maintenance Inspection Procedures
Section: 3.1 Routine checks

DESCRIPTION
===========
Routine Checks :
1. Check the feed rate with respect to set feed rate for any changes.
2. Check the temperature with set temperature level.
3. Check the pressure of light liquid outlet is to be coincide roughly with the set pressure of the leakage.
4. Check for any increase in vibration.
5. Check for operational noise in gear pump and bearing etc. 
6. Check the rated current on daily basis.
7. Check the gear pump oil quantity. 
8. Check the safety joint of gears for any deformation.
9. Check for oil leakage in pipe joints.
10. Check & adjust pressure LED (yellow) lit or flashing for Leakage Monitor.
11. Check indicate revolution LED (green) is flashing for Discharge Monitor.",,"Minor adjustments carried out during Purifier, Routine - 1W. Performance within acceptable parameters.",f,2026-02-18 04:41:18.369609
896,COMP-1768374768221-1uo61tqy1,651.002.01,7440571a-841a-11ed-aa7c-7003bca91a86,JOB-1768375697677-l4b48zr2y,MKR-IN-00080,WO-1770978832259-gji9jkuk6,MKR-IN-00080-651.002.01-2024-506,AE Cylinder Covers with Valves Inspection - 1M,Maintenance,2024-03-27,,4th Engineer,,2024-03-30,Approved,,,Work on AE Cylinder Covers with Valves Inspection - 1M delayed due to operational requirements. Completed during next available window.,f,2026-02-18 04:41:18.365074
895,COMP-1768374768334-x8vq4y9hs,652.003.01,7440571a-841a-11ed-aa7c-7003bca91a86,JOB-1768375698053-sog0kbiyi,MKR-IN-00085,WO-1770978832260-o9an1rp2s,MKR-IN-00085-652.003.01-2024-648,AE Cylinder Liner Inspection - 1M,Maintenance,2024-03-17,,2nd Engineer,,2024-03-20,Approved,,,Minor adjustments made. Equipment performance within acceptable parameters.,f,2026-02-18 04:41:18.359845
894,COMP-1768374767958-93if5ek0n,403.006.02,7440571a-841a-11ed-aa7c-7003bca91a86,JOB-1768375696917-oxxuwh1ys,MKR-IN-00044,WO-1770967515018-6pn6qs3co,UWO-403.006.02-2024-661,Hydr. Oil Pumps No.02 - Filter Blockage - Emergency Cleaning,Servicing,2024-03-24,,4th Engineer,,2024-03-25,Approved,Filter differential pressure high. Emergency cleaning/replacement carried out.,,All maintenance checks completed per OEM recommendations. Next scheduled service as per PMS.,f,2026-02-18 04:41:18.354807
893,COMP-1768374768511-709kv1bk1,702.005.02,7440571a-841a-11ed-aa7c-7003bca91a86,JOB-1768375698538-eaypatso8,MKR-IN-00054,WO-1770967515004-weaqkhjmz,WO-702.005.02-2024-217,"Purifier, Routine - 1W",Servicing,2024-03-16,,3rd Engineer,,2024-03-19,Approved,"SAFETY PROCEDURE (COMPANY)
===========================
Ensure compliance with safety procedures according to the company policy and requirements.

JOB REFERENCE DETAILS
===================
Manual Name: 8M-3 INSTRUCTION MANAUL FOR PURIFIER;5303.pdf
Pdf Page No: 56
Chapter: 3. Maintenance Inspection Procedures
Section: 3.1 Routine checks

DESCRIPTION
===========
Routine Checks :
1. Check the feed rate with respect to set feed rate for any changes.
2. Check the temperature with set temperature level.
3. Check the pressure of light liquid outlet is to be coincide roughly with the set pressure of the leakage.
4. Check for any increase in vibration.
5. Check for operational noise in gear pump and bearing etc. 
6. Check the rated current on daily basis.
7. Check the gear pump oil quantity. 
8. Check the safety joint of gears for any deformation.
9. Check for oil leakage in pipe joints.
10. Check & adjust pressure LED (yellow) lit or flashing for Leakage Monitor.
11. Check indicate revolution LED (green) is flashing for Discharge Monitor.",,Equipment tested satisfactorily after maintenance. No issues found.,f,2026-02-18 04:41:18.351084
892,COMP-1768374768443-sj0hmblft,653.003.06,7440571a-841a-11ed-aa7c-7003bca91a86,JOB-1768375698327-s9rfxwr8p,MKR-IN-00085,WO-1770967515018-fknhnampm,UWO-653.003.06-2024-814,AE3 Cylinder Liners No.06 - Sensor Failure - Replacement,Servicing,2024-03-16,,4th Engineer,,2024-03-17,Approved,Temperature/pressure sensor giving erratic readings. Replaced sensor.,,All equipment tested satisfactorily post-maintenance. No abnormalities detected.,f,2026-02-18 04:41:18.346569
891,COMP-1768374768242-ybntycqh5,651.003.02,7440571a-841a-11ed-aa7c-7003bca91a86,JOB-1768375697720-m80h9gkmd,MKR-IN-00085,WO-1770978832259-gara9ble5,MKR-IN-00085-651.003.02-2024-555,AE Cylinder Liner Inspection - 1M,Maintenance,2024-03-21,,2nd Engineer,,2024-03-24,Approved,,,Checks completed as per manufacturer guidelines for AE Cylinder Liner Inspection - 1M. Next service due as scheduled.,f,2026-02-18 04:41:18.342085
890,COMP-1768374767605-jwc1voz3d,4,7440571a-841a-11ed-aa7c-7003bca91a86,JOB-1768375696887-0ce70adnn,MKR-IN-00041,WO-1770967515018-eu492g96l,UWO-4-2024-618,SHIP EQUIPMENT - Alarm Investigation - System Check,Servicing,2024-03-17,,3rd Engineer,,2024-03-19,Approved,Investigated alarm. Found faulty sensor/connection. Rectified.,,Minor adjustments made. Equipment performance within acceptable parameters.,f,2026-02-18 04:41:18.337676
889,COMP-1768374768413-351xv2g4n,653.002.02,7440571a-841a-11ed-aa7c-7003bca91a86,JOB-1768375698262-ndeyptgiq,MKR-IN-00080,WO-1770978832260-sb3ru1aw0,MKR-IN-00080-653.002.02-2024-690,AE Cylinder Covers with Valves Inspection - 1M,Maintenance,2024-03-29,,4th Engineer,,2024-03-30,Approved,,,Required spare parts replaced during AE Cylinder Covers with Valves Inspection - 1M. Old parts retained for inspection.,f,2026-02-18 04:41:18.333127
888,COMP-1768374767867-9iex21354,652.018,7440571a-841a-11ed-aa7c-7003bca91a86,JOB-1768375698154-dzms9xqyx,MKR-IN-00086,WO-1770978832255-jythmra70,MKR-IN-00086-652.018-2024-091,AE Crankcase Detailed Inspection - 4000H,Maintenance,2024-03-26,,2nd Engineer,,2024-03-29,Approved,,,Minor adjustments made. Equipment performance within acceptable parameters.,f,2026-02-18 04:41:18.328757
887,COMP-1768374768146-20m0kzu7m,601.005.01,7440571a-841a-11ed-aa7c-7003bca91a86,JOB-1768375697413-w7rik62pb,MKR-IN-00076,WO-1770967515018-w1xdev34t,UWO-601.005.01-2024-810,"ME Connecting Rods, Crosshead, Guides No.01 - Electrical Fault - Motor Trip",Servicing,2024-03-20,,2nd Engineer,,2024-03-22,Approved,Motor tripped on overload. Investigated and rectified fault.,,"Minor adjustments carried out during ME Connecting Rods, Crosshead, Guides No.01 - Electrical Fault - Motor Trip. Performance within acceptable parameters.",f,2026-02-18 04:41:18.323293
886,COMP-1768374767884-8s61xigy8,653.018,7440571a-841a-11ed-aa7c-7003bca91a86,JOB-1768375698405-dy502mchl,MKR-IN-00086,WO-1770967515018-krdfts2vc,UWO-653.018-2024-672,AE3 Crankcases - Cooling System Malfunction,Servicing,2024-04-13,,2nd Engineer,,2024-04-14,Approved,Cooling water temperature rising. Investigated and cleaned heat exchanger.,,Work on AE3 Crankcases - Cooling System Malfunction delayed due to operational requirements. Completed during next available window.,f,2026-02-18 04:41:18.319149
885,COMP-1768374767978-76w9blhnj,601.002.01,7440571a-841a-11ed-aa7c-7003bca91a86,JOB-1768375697074-o8qog3s1i,MKR-IN-00075,WO-1770967515018-fewiugnn3,UWO-601.002.01-2024-700,ME Cylinder Covers W/Valves No.01 - Valve Leakage - Immediate Repair,Servicing,2024-03-22,,2nd Engineer,,2024-03-24,Approved,Valve found leaking during rounds. Repacked gland and replaced gasket.,,Minor adjustments carried out during ME Cylinder Covers W/Valves No.01 - Valve Leakage - Immediate Repair. Performance within acceptable parameters.,f,2026-02-18 04:41:18.314017
884,COMP-1768374768511-709kv1bk1,702.005.02,7440571a-841a-11ed-aa7c-7003bca91a86,JOB-1768375698538-eaypatso8,MKR-IN-00054,WO-1770967515004-mcyqmxk02,WO-702.005.02-2024-218,"Purifier, Routine - 1W",Servicing,2024-03-25,,3rd Engineer,,2024-03-26,Approved,"SAFETY PROCEDURE (COMPANY)
===========================
Ensure compliance with safety procedures according to the company policy and requirements.

JOB REFERENCE DETAILS
===================
Manual Name: 8M-3 INSTRUCTION MANAUL FOR PURIFIER;5303.pdf
Pdf Page No: 56
Chapter: 3. Maintenance Inspection Procedures
Section: 3.1 Routine checks

DESCRIPTION
===========
Routine Checks :
1. Check the feed rate with respect to set feed rate for any changes.
2. Check the temperature with set temperature level.
3. Check the pressure of light liquid outlet is to be coincide roughly with the set pressure of the leakage.
4. Check for any increase in vibration.
5. Check for operational noise in gear pump and bearing etc. 
6. Check the rated current on daily basis.
7. Check the gear pump oil quantity. 
8. Check the safety joint of gears for any deformation.
9. Check for oil leakage in pipe joints.
10. Check & adjust pressure LED (yellow) lit or flashing for Leakage Monitor.
11. Check indicate revolution LED (green) is flashing for Discharge Monitor.",,Consumable parts replaced as per maintenance plan. Used parts stored for disposal.,f,2026-02-18 04:41:18.309512
883,COMP-1768374768245-va8do1j4x,651.003.03,7440571a-841a-11ed-aa7c-7003bca91a86,JOB-1768375697725-n4b6pwj8y,MKR-IN-00085,WO-1770978832259-tm5vwfzt5,MKR-IN-00085-651.003.03-2024-569,AE Cylinder Liner Inspection - 1M,Maintenance,2024-04-04,,4th Engineer,,2024-04-05,Approved,,,Equipment tested satisfactorily after completion of AE Cylinder Liner Inspection - 1M. No issues found.,f,2026-02-18 04:41:18.304252
882,COMP-1768374768137-39r0aykwi,601.004.04,7440571a-841a-11ed-aa7c-7003bca91a86,JOB-1768375697385-g3vs0tk5f,MKR-IN-00063,WO-1770978832256-9ljrytya4,MKR-IN-00063-601.004.04-2024-339,"ME Piston And Rings, Inspection - 500H",Maintenance,2024-03-25,,4th Engineer,,2024-03-27,Approved,,,All equipment tested satisfactorily post-maintenance. No abnormalities detected.,f,2026-02-18 04:41:18.299646
881,COMP-1768374768130-yqa3gw7x0,601.004.02,7440571a-841a-11ed-aa7c-7003bca91a86,JOB-1768375697363-vlsr43081,MKR-IN-00063,WO-1770978832256-laophswh6,MKR-IN-00063-601.004.02-2024-309,"ME Piston And Rings, Inspection - 500H",Maintenance,2024-04-14,,4th Engineer,,2024-04-17,Approved,,,Equipment tested satisfactorily after maintenance. No issues found.,f,2026-02-18 04:41:18.295741
880,COMP-1768374767910-h2nui498v,278.010.01,7440571a-841a-11ed-aa7c-7003bca91a86,JOB-1768374783248-r2uv8ufaf,MKR-IN-00071,WO-1770978832255-bjmfd3tg6,MKR-IN-00071-278.010.01-2024-163,"Impressed Current Cathodic Protection (ICCP), Inspection - 1M",Maintenance,2024-03-30,,Electrican,,2024-04-01,Approved,,,Minor additional findings recorded. Follow-up inspection recommended during next maintenance period.,f,2026-02-18 04:41:18.290966
879,COMP-1768374767942-1vyf5zpk2,285.001.08,7440571a-841a-11ed-aa7c-7003bca91a86,JOB-1768375696869-5sqfen2xp,MKR-IN-00072,WO-1770978832256-z2qjyrwg2,MKR-IN-00072-285.001.08-2024-237,Ballast Tanks Inspection - 1M,Maintenance,2024-04-08,,4th Engineer,,2024-04-09,Approved,,,Work delayed due to weather/operational constraints. Completed during port stay.,f,2026-02-18 04:41:18.285408
878,COMP-1768374768239-6wbm7nkr9,651.003.01,7440571a-841a-11ed-aa7c-7003bca91a86,JOB-1768375697715-p7a1yt6pq,MKR-IN-00085,WO-1770967515004-fkjktlhej,WO-651.003.01-2024-330,AE Cylinder Liner Inspection - 1M,Servicing,2024-04-04,,3rd Engineer,,2024-04-06,Approved,"SAFETY PROCEDURE (COMPANY)
===========================
Ensure compliance with safety procedures according to the company policy and requirements.

DESCRIPTION
===========
1. Liner Condition (Visual / Indirect)

Check for abnormal scavenge space condition (if accessible).

Look for signs of scuffing, scoring, or polishing (based on inspection ports or trend data).

Monitor liner condition through performance parameters if direct access is not possible.

2. Lubrication

Verify cylinder lubrication rate (if applicable) is as per maker’s recommendation.

Check lube oil distribution and absence of oil starvation signs.

Review lube oil consumption trends.

3. Cooling & Sealing

Monitor jacket water temperature and pressure related to cylinder No.01.

Check for cooling water leakage into cylinder or crankcase.

Verify condition of liner sealing arrangements (indirect observation).",,All maintenance checks completed per OEM recommendations. Next scheduled service as per PMS.,f,2026-02-18 04:41:18.279898
877,COMP-1768374768018-sxxzy0r5b,601.003.05,7440571a-841a-11ed-aa7c-7003bca91a86,JOB-1768375697137-lfxt4na7g,MKR-OV-00012,WO-1770967515018-i5ejwpic1,UWO-601.003.05-2024-625,ME Cylinder Liners No.05 - Pipe Leakage - Welding Repair,Servicing,2024-04-03,,2nd Engineer,,2024-04-06,Approved,"Pipe leakage found in engine room. Temporary repair carried out, permanent repair planned.",,Equipment tested satisfactorily after maintenance. No issues found.,f,2026-02-18 04:41:18.274817
876,COMP-1768374768511-709kv1bk1,702.005.02,7440571a-841a-11ed-aa7c-7003bca91a86,JOB-1768375698538-eaypatso8,MKR-IN-00054,WO-1770967515004-emlrrlo0u,WO-702.005.02-2024-219,"Purifier, Routine - 1W",Servicing,2024-03-29,,3rd Engineer,,2024-04-01,Approved,"SAFETY PROCEDURE (COMPANY)
===========================
Ensure compliance with safety procedures according to the company policy and requirements.

JOB REFERENCE DETAILS
===================
Manual Name: 8M-3 INSTRUCTION MANAUL FOR PURIFIER;5303.pdf
Pdf Page No: 56
Chapter: 3. Maintenance Inspection Procedures
Section: 3.1 Routine checks

DESCRIPTION
===========
Routine Checks :
1. Check the feed rate with respect to set feed rate for any changes.
2. Check the temperature with set temperature level.
3. Check the pressure of light liquid outlet is to be coincide roughly with the set pressure of the leakage.
4. Check for any increase in vibration.
5. Check for operational noise in gear pump and bearing etc. 
6. Check the rated current on daily basis.
7. Check the gear pump oil quantity. 
8. Check the safety joint of gears for any deformation.
9. Check for oil leakage in pipe joints.
10. Check & adjust pressure LED (yellow) lit or flashing for Leakage Monitor.
11. Check indicate revolution LED (green) is flashing for Discharge Monitor.",,All equipment tested satisfactorily post-maintenance. No abnormalities detected.,f,2026-02-18 04:41:18.269879
875,COMP-1768374768008-2wylx0zj5,601.003.03,7440571a-841a-11ed-aa7c-7003bca91a86,JOB-1768375697126-qtf6w0luu,MKR-OV-00012,WO-1770978832256-thow1vehg,MKR-OV-00012-601.003.03-2024-289,"ME Cylinder Liner, Overhaul - 6000H",Maintenance,2024-04-06,,2nd Engineer,,2024-04-08,Approved,,,Equipment tested satisfactorily after maintenance. No issues found.,f,2026-02-18 04:41:18.265875
874,COMP-1768374767834-dbncpiany,601.053,7440571a-841a-11ed-aa7c-7003bca91a86,JOB-1768375697585-z6leju6xr,MKR-IN-00066,WO-1770967515015-qecieedb0,WO-601.053-2024-433,"ME Turbocharger Turbine, Cleaning - 500H",Servicing,2024-04-05,,2nd Engineer,,2024-04-06,Approved,"SAFETY PROCEDURE (COMPANY)
===========================
Ensure compliance with safety procedures according to the company policy and requirements.

JOB REFERENCE DETAILS
===================
Manual Name: 3M-2 DIESEL ENGINE VOL II;5303.pdf
Pdf Page No: 196, 171, 172
Job Reference: Group No. 400
Chapter: Maintenance Schedule Of Main Parts


DESCRIPTION
===========
1. Cleaning of turbine side of turbocharger to be carried out (vegetal solid cleaning).",,Equipment tested satisfactorily after maintenance. No issues found.,f,2026-02-18 04:41:18.261073
873,COMP-1768374768511-709kv1bk1,702.005.02,7440571a-841a-11ed-aa7c-7003bca91a86,JOB-1768375698538-eaypatso8,MKR-IN-00054,WO-1770967515004-gsd5inr6u,WO-702.005.02-2024-220,"Purifier, Routine - 1W",Servicing,2024-04-09,,3rd Engineer,,2024-04-10,Approved,"SAFETY PROCEDURE (COMPANY)
===========================
Ensure compliance with safety procedures according to the company policy and requirements.

JOB REFERENCE DETAILS
===================
Manual Name: 8M-3 INSTRUCTION MANAUL FOR PURIFIER;5303.pdf
Pdf Page No: 56
Chapter: 3. Maintenance Inspection Procedures
Section: 3.1 Routine checks

DESCRIPTION
===========
Routine Checks :
1. Check the feed rate with respect to set feed rate for any changes.
2. Check the temperature with set temperature level.
3. Check the pressure of light liquid outlet is to be coincide roughly with the set pressure of the leakage.
4. Check for any increase in vibration.
5. Check for operational noise in gear pump and bearing etc. 
6. Check the rated current on daily basis.
7. Check the gear pump oil quantity. 
8. Check the safety joint of gears for any deformation.
9. Check for oil leakage in pipe joints.
10. Check & adjust pressure LED (yellow) lit or flashing for Leakage Monitor.
11. Check indicate revolution LED (green) is flashing for Discharge Monitor.",,All maintenance checks completed per OEM recommendations. Next scheduled service as per PMS.,f,2026-02-18 04:41:18.256316
872,COMP-1768374768443-sj0hmblft,653.003.06,7440571a-841a-11ed-aa7c-7003bca91a86,JOB-1768375698327-s9rfxwr8p,MKR-IN-00085,WO-1770967515004-9rhm1o301,WO-653.003.06-2024-366,AE Cylinder Liner Inspection - 1M,Servicing,2024-04-09,,3rd Engineer,,2024-04-12,Approved,"SAFETY PROCEDURE (COMPANY)
===========================
Ensure compliance with safety procedures according to the company policy and requirements.

DESCRIPTION
===========
1. Liner Condition (Visual / Indirect)

Check for abnormal scavenge space condition (if accessible).

Look for signs of scuffing, scoring, or polishing (based on inspection ports or trend data).

Monitor liner condition through performance parameters if direct access is not possible.

2. Lubrication

Verify cylinder lubrication rate (if applicable) is as per maker’s recommendation.

Check lube oil distribution and absence of oil starvation signs.

Review lube oil consumption trends.

3. Cooling & Sealing

Monitor jacket water temperature and pressure related to cylinder No.01.

Check for cooling water leakage into cylinder or crankcase.

Verify condition of liner sealing arrangements (indirect observation).",,Minor adjustments made. Equipment performance within acceptable parameters.,f,2026-02-18 04:41:18.250698
871,COMP-1768374767884-8s61xigy8,653.018,7440571a-841a-11ed-aa7c-7003bca91a86,JOB-1768375698405-dy502mchl,MKR-IN-00086,WO-1770967515017-4af0hqiyy,UWO-653.018-2024-529,AE3 Crankcases - Bearing Overheating - Emergency Maintenance,Servicing,2024-04-07,,2nd Engineer,,2024-04-08,Approved,Bearing temperature rising above normal. Emergency maintenance carried out.,,All checks completed as per manufacturer guidelines. Next service due as scheduled.,f,2026-02-18 04:41:18.244504
870,COMP-1768374767933-vto5y1uh1,285.001.05,7440571a-841a-11ed-aa7c-7003bca91a86,JOB-1768375696851-ndejb6eas,MKR-IN-00072,WO-1770978832255-k9fzti8j9,MKR-IN-00072-285.001.05-2024-204,Ballast Tanks Inspection - 1M,Maintenance,2024-04-23,,4th Engineer,,2024-04-26,Approved,,,Equipment tested satisfactorily after maintenance. No issues found.,f,2026-02-18 04:41:18.239432
869,COMP-1768374767830-uxleqdvg1,601.018,7440571a-841a-11ed-aa7c-7003bca91a86,JOB-1768375697502-3ijpl6vm3,MKR-IN-00077,WO-1770967515019-5xz6r1ilc,UWO-601.018-2024-849,ME Crankcases - Hydraulic System Pressure Drop,Servicing,2024-04-10,,4th Engineer,,2024-04-13,Approved,Hydraulic system pressure dropping. Investigated and found leaking fitting. Repaired.,,Required spare parts replaced during ME Crankcases - Hydraulic System Pressure Drop. Old parts retained for inspection.,f,2026-02-18 04:41:18.23398
868,COMP-1768374768245-va8do1j4x,651.003.03,7440571a-841a-11ed-aa7c-7003bca91a86,JOB-1768375697725-n4b6pwj8y,MKR-IN-00085,WO-1770967515018-sqfdt5ri2,UWO-651.003.03-2024-628,AE1 Cylinder Liners No.03 - Valve Leakage - Immediate Repair,Servicing,2024-04-11,,Chief Engineer,,2024-04-13,Approved,Valve found leaking during rounds. Repacked gland and replaced gasket.,,Minor adjustments carried out during AE1 Cylinder Liners No.03 - Valve Leakage - Immediate Repair. Performance within acceptable parameters.,f,2026-02-18 04:41:18.228696
867,COMP-1768374768416-q9owaqn6y,653.002.03,7440571a-841a-11ed-aa7c-7003bca91a86,JOB-1768375698269-9son183iw,MKR-IN-00080,WO-1770967515018-ol60wgh9d,UWO-653.002.03-2024-740,AE3 Cylinder Covers W/Valves No.03 - Cooling System Malfunction,Servicing,2024-04-08,,3rd Engineer,,2024-04-11,Approved,Cooling water temperature rising. Investigated and cleaned heat exchanger.,,All equipment tested satisfactorily post-maintenance. No abnormalities detected.,f,2026-02-18 04:41:18.222529
866,COMP-1768374767939-gp5co4ot0,285.001.07,7440571a-841a-11ed-aa7c-7003bca91a86,JOB-1768375696862-icyy5iffj,MKR-IN-00072,WO-1770978832255-l5sha4178,MKR-IN-00072-285.001.07-2024-223,Ballast Tanks Inspection - 1M,Maintenance,2024-04-12,,Electrican,,2024-04-14,Approved,,,Equipment tested satisfactorily after completion of Ballast Tanks Inspection - 1M. No issues found.,f,2026-02-18 04:41:18.217477
865,COMP-1768374767987-exvabgvfn,601.002.04,7440571a-841a-11ed-aa7c-7003bca91a86,JOB-1768375697096-fbznbr8bp,MKR-IN-00075,WO-1770978832256-nylf1d1bv,MKR-IN-00075-601.002.04-2024-282,Main Engine – Cylinder Covers with Valves Inspection - 4000H,Maintenance,2024-04-29,,Chief Engineer,,2024-05-01,Approved,,,Work delayed due to weather/operational constraints. Completed during port stay.,f,2026-02-18 04:41:18.211842
864,COMP-1768374768511-709kv1bk1,702.005.02,7440571a-841a-11ed-aa7c-7003bca91a86,JOB-1768375698538-eaypatso8,MKR-IN-00054,WO-1770967515004-zveonv7xk,WO-702.005.02-2024-221,"Purifier, Routine - 1W",Servicing,2024-04-13,,3rd Engineer,,2024-04-16,Approved,"SAFETY PROCEDURE (COMPANY)
===========================
Ensure compliance with safety procedures according to the company policy and requirements.

JOB REFERENCE DETAILS
===================
Manual Name: 8M-3 INSTRUCTION MANAUL FOR PURIFIER;5303.pdf
Pdf Page No: 56
Chapter: 3. Maintenance Inspection Procedures
Section: 3.1 Routine checks

DESCRIPTION
===========
Routine Checks :
1. Check the feed rate with respect to set feed rate for any changes.
2. Check the temperature with set temperature level.
3. Check the pressure of light liquid outlet is to be coincide roughly with the set pressure of the leakage.
4. Check for any increase in vibration.
5. Check for operational noise in gear pump and bearing etc. 
6. Check the rated current on daily basis.
7. Check the gear pump oil quantity. 
8. Check the safety joint of gears for any deformation.
9. Check for oil leakage in pipe joints.
10. Check & adjust pressure LED (yellow) lit or flashing for Leakage Monitor.
11. Check indicate revolution LED (green) is flashing for Discharge Monitor.",,All maintenance checks completed per OEM recommendations. Next scheduled service as per PMS.,f,2026-02-18 04:41:18.20667
863,COMP-1768374768146-20m0kzu7m,601.005.01,7440571a-841a-11ed-aa7c-7003bca91a86,JOB-1768375697413-w7rik62pb,MKR-IN-00076,WO-1770978832258-lt5hj3h9l,MKR-IN-00076-601.005.01-2024-393,"Main Engine – Connecting Rods, Crosshead & Guide Assemblies Inspection - 1M",Maintenance,2024-04-26,,Chief Engineer,,2024-04-29,Approved,,,Equipment tested satisfactorily after maintenance. No issues found.,f,2026-02-18 04:41:18.201161
862,COMP-1768374767746-wfpx69w2n,652.002,7440571a-841a-11ed-aa7c-7003bca91a86,JOB-1768375698012-7xjbdpyvr,MKR-IN-00080,WO-1770967515019-cy1xrp150,UWO-652.002-2024-839,AE2 Cylinder Covers W/Valves - Alarm Investigation - System Check,Servicing,2024-05-06,,4th Engineer,,2024-05-09,Approved,Investigated alarm. Found faulty sensor/connection. Rectified.,,Equipment tested satisfactorily after maintenance. No issues found.,f,2026-02-18 04:41:18.196231
861,COMP-1768374768307-nqfo8cn7a,651.020.05,7440571a-841a-11ed-aa7c-7003bca91a86,JOB-1768375697959-z0f5yveh0,MKR-IN-00017,WO-1770967515019-5wr639d9b,UWO-651.020.05-2024-879,AE1 Crankcase Doors W/Safety Valve No.05 - Bearing Overheating - Emergency Maintenance,Servicing,2024-04-16,,Chief Engineer,,2024-04-18,Approved,Bearing temperature rising above normal. Emergency maintenance carried out.,,Minor adjustments made. Equipment performance within acceptable parameters.,f,2026-02-18 04:41:18.191636
860,COMP-1768374768201-mvmpi8w24,601.026.06,7440571a-841a-11ed-aa7c-7003bca91a86,JOB-1768375697569-fn7owfj2c,MKR-SE-00020,WO-1770967515017-h6hz9x0r4,UWO-601.026.06-2024-603,ME Hp Fuel Pumps No.06 - Cooling System Malfunction,Servicing,2024-04-10,,2nd Engineer,,2024-04-12,Approved,Cooling water temperature rising. Investigated and cleaned heat exchanger.,,Equipment tested satisfactorily after completion of ME Hp Fuel Pumps No.06 - Cooling System Malfunction. No issues found.,f,2026-02-18 04:41:18.186212
859,COMP-1768374767732-zjplz8nc1,651.002,7440571a-841a-11ed-aa7c-7003bca91a86,JOB-1768375697677-l4b48zr2y,MKR-IN-00080,WO-1770967515017-42dcg90av,UWO-651.002-2024-584,AE1 Cylinder Covers W/Valves - Pipe Leakage - Welding Repair,Servicing,2024-04-12,,Chief Engineer,,2024-04-15,Approved,"Pipe leakage found in engine room. Temporary repair carried out, permanent repair planned.",,Minor adjustments made. Equipment performance within acceptable parameters.,f,2026-02-18 04:41:18.18152
858,COMP-1768374767647-9v9to3f2d,601,7440571a-841a-11ed-aa7c-7003bca91a86,JOB-1768375697064-mbfaqn8a4,MKR-IN-00074,WO-1770967515018-dwjsg72m3,UWO-601-2024-781,DIESEL ENGINES - Electrical Fault - Motor Trip,Servicing,2024-04-16,,3rd Engineer,,2024-04-18,Approved,Motor tripped on overload. Investigated and rectified fault.,,Minor additional findings recorded. Follow-up inspection recommended during next maintenance period.,f,2026-02-18 04:41:18.177447
857,COMP-1768374767923-n77h03k7i,285.001.02,7440571a-841a-11ed-aa7c-7003bca91a86,JOB-1768375696831-e1v3e6n7m,MKR-IN-00072,WO-1770967515017-3bimyrm2p,UWO-285.001.02-2024-608,Ballast Tanks/SW Tanks No.02 - Cooling System Malfunction,Servicing,2024-04-14,,2nd Officer,,2024-04-15,Approved,Cooling water temperature rising. Investigated and cleaned heat exchanger.,,Work on Ballast Tanks/SW Tanks No.02 - Cooling System Malfunction delayed due to operational requirements. Completed during next available window.,f,2026-02-18 04:41:18.174187
856,COMP-1768374768328-zwpifp57r,652.002.05,7440571a-841a-11ed-aa7c-7003bca91a86,JOB-1768375698041-wutf3wqif,MKR-IN-00080,WO-1770967515018-ohz2dnjd8,UWO-652.002.05-2024-681,AE2 Cylinder Covers W/Valves No.05 - Pump Seal Failure - Emergency Repair,Servicing,2024-05-11,,3rd Engineer,,2024-05-14,Approved,Pump seal found leaking during routine watch. Emergency repair carried out.,,All equipment tested satisfactorily post-maintenance. No abnormalities detected.,f,2026-02-18 04:41:18.170116
855,COMP-1768374767888-kl7yblrz6,653.046,7440571a-841a-11ed-aa7c-7003bca91a86,JOB-1768375698483-p8wt6a4b8,MKR-OV-00026,WO-1770967515018-ggqxolvhf,UWO-653.046-2024-745,AE3 Lo Filters - Bearing Overheating - Emergency Maintenance,Servicing,2024-04-18,,4th Engineer,,2024-04-20,Approved,Bearing temperature rising above normal. Emergency maintenance carried out.,,Equipment tested satisfactorily after completion of AE3 Lo Filters - Bearing Overheating - Emergency Maintenance. No issues found.,f,2026-02-18 04:41:18.166521
854,COMP-1768374768207-d3i05019v,601.066.02,7440571a-841a-11ed-aa7c-7003bca91a86,JOB-1768375697635-a4fcv6moo,MKR-IN-00079,WO-1770967515017-pis7ncb1n,UWO-601.066.02-2024-523,ME Indicators No.02 - Filter Blockage - Emergency Cleaning,Servicing,2024-04-18,,4th Engineer,,2024-04-20,Approved,Filter differential pressure high. Emergency cleaning/replacement carried out.,,Spare parts replaced as listed. Old parts retained for inspection/disposal.,f,2026-02-18 04:41:18.161939
853,COMP-1768374768130-yqa3gw7x0,601.004.02,7440571a-841a-11ed-aa7c-7003bca91a86,JOB-1768375697363-vlsr43081,MKR-IN-00063,WO-1770978832256-y0voqokvw,MKR-IN-00063-601.004.02-2024-316,"ME Piston And Rings, Inspection - 500H",Maintenance,2024-04-27,,4th Engineer,,2024-04-30,Approved,,,Consumable parts replaced as per maintenance plan. Used parts stored for disposal.,f,2026-02-18 04:41:18.156556
852,COMP-1768374767958-93if5ek0n,403.006.02,7440571a-841a-11ed-aa7c-7003bca91a86,JOB-1768375696917-oxxuwh1ys,MKR-IN-00044,WO-1770967515017-oi36k086y,UWO-403.006.02-2024-535,Hydr. Oil Pumps No.02 - Pipe Leakage - Welding Repair,Servicing,2024-04-20,,4th Engineer,,2024-04-23,Approved,"Pipe leakage found in engine room. Temporary repair carried out, permanent repair planned.",,Completion delayed due to vessel operational schedule. Work carried out during port call.,f,2026-02-18 04:41:18.152012
851,COMP-1768374768146-20m0kzu7m,601.005.01,7440571a-841a-11ed-aa7c-7003bca91a86,JOB-1768375697413-w7rik62pb,MKR-IN-00076,WO-1770978832258-o7pxs4lu2,MKR-IN-00076-601.005.01-2024-385,"Main Engine – Connecting Rods, Crosshead & Guide Assemblies Inspection - 1M",Maintenance,2024-05-07,,2nd Engineer,,2024-05-09,Approved,,,"Additional observations during Main Engine – Connecting Rods, Crosshead & Guide Assemblies Inspection - 1M - recommend follow-up at next scheduled interval.",f,2026-02-18 04:41:18.147771
850,COMP-1768374768230-di5x3jxz8,651.002.04,7440571a-841a-11ed-aa7c-7003bca91a86,JOB-1768375697698-z6haq29k,MKR-IN-00080,WO-1770978832259-tsy6on1ez,MKR-IN-00080-651.002.04-2024-539,AE Cylinder Covers with Valves Inspection - 1M,Maintenance,2024-05-08,,4th Engineer,,2024-05-10,Approved,,,All equipment tested satisfactorily post-maintenance. No abnormalities detected.,f,2026-02-18 04:41:18.143209
849,COMP-1768374768157-suzt374w7,601.005.05,7440571a-841a-11ed-aa7c-7003bca91a86,JOB-1768375697435-jappx7g00,MKR-IN-00076,WO-1770978832258-558tizd6y,MKR-IN-00076-601.005.05-2024-413,"Main Engine – Connecting Rods, Crosshead & Guide Assemblies Inspection - 1M",Maintenance,2024-05-10,,2nd Engineer,,2024-05-12,Approved,,,Equipment tested satisfactorily after maintenance. No issues found.,f,2026-02-18 04:41:18.138531
848,COMP-1768374768511-709kv1bk1,702.005.02,7440571a-841a-11ed-aa7c-7003bca91a86,JOB-1768375698538-eaypatso8,MKR-IN-00054,WO-1770967515004-w41jaz5za,WO-702.005.02-2024-222,"Purifier, Routine - 1W",Servicing,2024-04-23,,3rd Engineer,,2024-04-26,Approved,"SAFETY PROCEDURE (COMPANY)
===========================
Ensure compliance with safety procedures according to the company policy and requirements.

JOB REFERENCE DETAILS
===================
Manual Name: 8M-3 INSTRUCTION MANAUL FOR PURIFIER;5303.pdf
Pdf Page No: 56
Chapter: 3. Maintenance Inspection Procedures
Section: 3.1 Routine checks

DESCRIPTION
===========
Routine Checks :
1. Check the feed rate with respect to set feed rate for any changes.
2. Check the temperature with set temperature level.
3. Check the pressure of light liquid outlet is to be coincide roughly with the set pressure of the leakage.
4. Check for any increase in vibration.
5. Check for operational noise in gear pump and bearing etc. 
6. Check the rated current on daily basis.
7. Check the gear pump oil quantity. 
8. Check the safety joint of gears for any deformation.
9. Check for oil leakage in pipe joints.
10. Check & adjust pressure LED (yellow) lit or flashing for Leakage Monitor.
11. Check indicate revolution LED (green) is flashing for Discharge Monitor.",,"Equipment tested satisfactorily after completion of Purifier, Routine - 1W. No issues found.",f,2026-02-18 04:41:18.134518
847,COMP-1768374768502-vy9od3auq,653.020.06,7440571a-841a-11ed-aa7c-7003bca91a86,JOB-1768375698462-0lgtxa6e7,MKR-IN-00017,WO-1770967515017-6wo332rir,UWO-653.020.06-2024-573,AE3 Crankcase Doors W/Safety Valve No.06 - Sensor Failure - Replacement,Servicing,2024-04-29,,3rd Engineer,,2024-04-30,Approved,Temperature/pressure sensor giving erratic readings. Replaced sensor.,,Minor adjustments carried out during AE3 Crankcase Doors W/Safety Valve No.06 - Sensor Failure - Replacement. Performance within acceptable parameters.,f,2026-02-18 04:41:18.129294
846,COMP-1768374768379-2zv2yyr8c,652.007.05,7440571a-841a-11ed-aa7c-7003bca91a86,JOB-1768375698137-qlyca788d,MKR-IN-00015,WO-1770967515018-j9te463dl,UWO-652.007.05-2024-776,"AE2 Main Bearings, Journals No.05 - Cooling System Malfunction",Servicing,2024-04-28,,Chief Engineer,,2024-05-01,Approved,Cooling water temperature rising. Investigated and cleaned heat exchanger.,,All equipment tested satisfactorily post-maintenance. No abnormalities detected.,f,2026-02-18 04:41:18.1237
845,COMP-1768374767974-ma2l45pdf,554.005.02,7440571a-841a-11ed-aa7c-7003bca91a86,JOB-1768375697059-m5ot2aba6,MKR-IN-00052,WO-1770967515017-skn3a8ph0,UWO-554.005.02-2024-578,Condensers No.02 - Sensor Failure - Replacement,Servicing,2024-04-30,,3rd Engineer,,2024-05-01,Approved,Temperature/pressure sensor giving erratic readings. Replaced sensor.,,Equipment tested satisfactorily after completion of Condensers No.02 - Sensor Failure - Replacement. No issues found.,f,2026-02-18 04:41:18.117974
844,COMP-1768374768239-6wbm7nkr9,651.003.01,7440571a-841a-11ed-aa7c-7003bca91a86,JOB-1768375697715-p7a1yt6pq,MKR-IN-00085,WO-1770967515004-oaphg1859,WO-651.003.01-2024-331,AE Cylinder Liner Inspection - 1M,Servicing,2024-05-03,,3rd Engineer,,2024-05-04,Approved,"SAFETY PROCEDURE (COMPANY)
===========================
Ensure compliance with safety procedures according to the company policy and requirements.

DESCRIPTION
===========
1. Liner Condition (Visual / Indirect)

Check for abnormal scavenge space condition (if accessible).

Look for signs of scuffing, scoring, or polishing (based on inspection ports or trend data).

Monitor liner condition through performance parameters if direct access is not possible.

2. Lubrication

Verify cylinder lubrication rate (if applicable) is as per maker’s recommendation.

Check lube oil distribution and absence of oil starvation signs.

Review lube oil consumption trends.

3. Cooling & Sealing

Monitor jacket water temperature and pressure related to cylinder No.01.

Check for cooling water leakage into cylinder or crankcase.

Verify condition of liner sealing arrangements (indirect observation).",,All maintenance checks completed per OEM recommendations. Next scheduled service as per PMS.,f,2026-02-18 04:41:18.114183
843,COMP-1768374767984-6u9jcb7bt,601.002.03,7440571a-841a-11ed-aa7c-7003bca91a86,JOB-1768375697090-py3yj3uu6,MKR-IN-00075,WO-1770967515018-0k7noeyxa,UWO-601.002.03-2024-626,ME Cylinder Covers W/Valves No.03 - Cooling System Malfunction,Servicing,2024-04-28,,Chief Engineer,,2024-05-01,Approved,Cooling water temperature rising. Investigated and cleaned heat exchanger.,,Checks completed as per manufacturer guidelines for ME Cylinder Covers W/Valves No.03 - Cooling System Malfunction. Next service due as scheduled.,f,2026-02-18 04:41:18.108728
842,COMP-1768374768166-sdzw49j0b,601.007.02,7440571a-841a-11ed-aa7c-7003bca91a86,JOB-1768375697451-2guersb2z,MKR-IN-00064,WO-1770967515017-llb35gyzi,UWO-601.007.02-2024-569,"ME Main Bearings, Journals No.02 - Fuel System Contamination",Servicing,2024-05-03,,Chief Engineer,,2024-05-06,Approved,Fuel oil contamination detected. Purifier and filters cleaned/replaced.,,All equipment tested satisfactorily post-maintenance. No abnormalities detected.,f,2026-02-18 04:41:18.104093
841,COMP-1768374767709-70pptltx7,554.003,7440571a-841a-11ed-aa7c-7003bca91a86,JOB-1768375697034-wsrys4lln,MKR-IN-00050,WO-1770967515018-tjxwfgw40,UWO-554.003-2024-732,Compressors W/Drive Unit - Electrical Fault - Motor Trip,Servicing,2024-05-01,,4th Engineer,,2024-05-02,Approved,Motor tripped on overload. Investigated and rectified fault.,,All checks completed as per manufacturer guidelines. Next service due as scheduled.,f,2026-02-18 04:41:18.099665
840,COMP-1768374768373-33bew970w,652.007.03,7440571a-841a-11ed-aa7c-7003bca91a86,JOB-1768375698126-uus74l55h,MKR-IN-00015,WO-1770967515017-btwrogiar,UWO-652.007.03-2024-600,"AE2 Main Bearings, Journals No.03 - Valve Leakage - Immediate Repair",Servicing,2024-05-09,,2nd Engineer,,2024-05-11,Approved,Valve found leaking during rounds. Repacked gland and replaced gasket.,,All equipment tested satisfactorily post-maintenance. No abnormalities detected.,f,2026-02-18 04:41:18.094975
839,COMP-1768374768284-zy8h7pj65,651.007.04,7440571a-841a-11ed-aa7c-7003bca91a86,JOB-1768375697794-agb5u0732,MKR-IN-00015,WO-1770967515019-93eef8afy,UWO-651.007.04-2024-859,"AE1 Main Bearings, Journals No.04 - Valve Leakage - Immediate Repair",Servicing,2024-05-02,,3rd Engineer,,2024-05-04,Approved,Valve found leaking during rounds. Repacked gland and replaced gasket.,,Equipment tested satisfactorily after maintenance. No issues found.,f,2026-02-18 04:41:18.090415
838,COMP-1768374768140-3bqamfvdd,601.004.05,7440571a-841a-11ed-aa7c-7003bca91a86,JOB-1768375697396-t255vvrdn,MKR-IN-00063,WO-1770978832258-7kbto3lv6,MKR-IN-00063-601.004.05-2024-356,"ME Piston And Rings, Inspection - 500H",Maintenance,2024-05-08,,Chief Engineer,,2024-05-10,Approved,,,All equipment tested satisfactorily post-maintenance. No abnormalities detected.,f,2026-02-18 04:41:18.085589
837,COMP-1768374768511-709kv1bk1,702.005.02,7440571a-841a-11ed-aa7c-7003bca91a86,JOB-1768375698538-eaypatso8,MKR-IN-00054,WO-1770967515004-ht5nh67kt,WO-702.005.02-2024-223,"Purifier, Routine - 1W",Servicing,2024-05-12,,3rd Engineer,,2024-05-15,Approved,"SAFETY PROCEDURE (COMPANY)
===========================
Ensure compliance with safety procedures according to the company policy and requirements.

JOB REFERENCE DETAILS
===================
Manual Name: 8M-3 INSTRUCTION MANAUL FOR PURIFIER;5303.pdf
Pdf Page No: 56
Chapter: 3. Maintenance Inspection Procedures
Section: 3.1 Routine checks

DESCRIPTION
===========
Routine Checks :
1. Check the feed rate with respect to set feed rate for any changes.
2. Check the temperature with set temperature level.
3. Check the pressure of light liquid outlet is to be coincide roughly with the set pressure of the leakage.
4. Check for any increase in vibration.
5. Check for operational noise in gear pump and bearing etc. 
6. Check the rated current on daily basis.
7. Check the gear pump oil quantity. 
8. Check the safety joint of gears for any deformation.
9. Check for oil leakage in pipe joints.
10. Check & adjust pressure LED (yellow) lit or flashing for Leakage Monitor.
11. Check indicate revolution LED (green) is flashing for Discharge Monitor.",,Equipment tested satisfactorily after maintenance. No issues found.,f,2026-02-18 04:41:18.080998
836,COMP-1768374768401-48o9g5xtx,652.020.05,7440571a-841a-11ed-aa7c-7003bca91a86,JOB-1768375698202-cqzm3r2kq,MKR-IN-00017,WO-1770967515019-z8xd92ehq,UWO-652.020.05-2024-880,AE2 Crankcase Doors W/Safety Valve No.05 - Control System Malfunction,Servicing,2024-04-28,,2nd Engineer,,2024-05-01,Approved,Control system showing intermittent faults. Checked connections and calibrated.,,Equipment tested satisfactorily after maintenance. No issues found.,f,2026-02-18 04:41:18.075927
835,COMP-1768374768236-120so6zd8,651.002.06,7440571a-841a-11ed-aa7c-7003bca91a86,JOB-1768375697709-kfxro24s3,MKR-IN-00080,WO-1770978832259-lrnxzzj5s,MKR-IN-00080-651.002.06-2024-547,AE Cylinder Covers with Valves Inspection - 1M,Maintenance,2024-05-18,,4th Engineer,,2024-05-21,Approved,,,Spare parts replaced as listed. Old parts retained for inspection/disposal.,f,2026-02-18 04:41:18.071373
834,COMP-1768374768511-709kv1bk1,702.005.02,7440571a-841a-11ed-aa7c-7003bca91a86,JOB-1768375698538-eaypatso8,MKR-IN-00054,WO-1770967515004-2kz8ezmfy,WO-702.005.02-2024-224,"Purifier, Routine - 1W",Servicing,2024-05-04,,3rd Engineer,,2024-05-05,Approved,"SAFETY PROCEDURE (COMPANY)
===========================
Ensure compliance with safety procedures according to the company policy and requirements.

JOB REFERENCE DETAILS
===================
Manual Name: 8M-3 INSTRUCTION MANAUL FOR PURIFIER;5303.pdf
Pdf Page No: 56
Chapter: 3. Maintenance Inspection Procedures
Section: 3.1 Routine checks

DESCRIPTION
===========
Routine Checks :
1. Check the feed rate with respect to set feed rate for any changes.
2. Check the temperature with set temperature level.
3. Check the pressure of light liquid outlet is to be coincide roughly with the set pressure of the leakage.
4. Check for any increase in vibration.
5. Check for operational noise in gear pump and bearing etc. 
6. Check the rated current on daily basis.
7. Check the gear pump oil quantity. 
8. Check the safety joint of gears for any deformation.
9. Check for oil leakage in pipe joints.
10. Check & adjust pressure LED (yellow) lit or flashing for Leakage Monitor.
11. Check indicate revolution LED (green) is flashing for Discharge Monitor.",,Minor adjustments made. Equipment performance within acceptable parameters.,f,2026-02-18 04:41:18.066563
833,COMP-1768374768236-120so6zd8,651.002.06,7440571a-841a-11ed-aa7c-7003bca91a86,JOB-1768375697709-kfxro24s3,MKR-IN-00080,WO-1770978832259-orv4hhw4f,MKR-IN-00080-651.002.06-2024-542,AE Cylinder Covers with Valves Inspection - 1M,Maintenance,2024-05-17,,Chief Engineer,,2024-05-18,Approved,,,Minor adjustments made. Equipment performance within acceptable parameters.,f,2026-02-18 04:41:18.061698
832,COMP-1768374767848-yixi06ueq,651.001,7440571a-841a-11ed-aa7c-7003bca91a86,JOB-1768375697672-h1dlcsu94,MKR-IN-00014,WO-1770967515018-0mdkh7p4t,UWO-651.001-2024-725,"Aux. Diesel Generator Aggregates, Complete No.01 - Bearing Overheating - Emergency Maintenance",Servicing,2024-05-03,,2nd Engineer,,2024-05-04,Approved,Bearing temperature rising above normal. Emergency maintenance carried out.,,"Additional observations during Aux. Diesel Generator Aggregates, Complete No.01 - Bearing Overheating - Emergency Maintenance - recommend follow-up at next scheduled interval.",f,2026-02-18 04:41:18.055932
831,COMP-1768374768419-s2tgtqdrb,653.002.04,7440571a-841a-11ed-aa7c-7003bca91a86,JOB-1768375698276-c54e3fxtf,MKR-IN-00080,WO-1770967515018-de88j8mlk,UWO-653.002.04-2024-800,AE3 Cylinder Covers W/Valves No.04 - Alarm Investigation - System Check,Servicing,2024-05-14,,2nd Engineer,,2024-05-16,Approved,Investigated alarm. Found faulty sensor/connection. Rectified.,,Equipment tested satisfactorily after completion of AE3 Cylinder Covers W/Valves No.04 - Alarm Investigation - System Check. No issues found.,f,2026-02-18 04:41:18.050612
830,COMP-1768374767859-rfmxd163z,651.053,7440571a-841a-11ed-aa7c-7003bca91a86,JOB-1768375697998-7mn72g6xy,MKR-OV-00027,WO-1770978832260-xen4qegf0,MKR-OV-00027-651.053-2024-596,AE Turbocharger Overhaul - 8000H,Maintenance,2024-05-19,,2nd Engineer,,2024-05-22,Approved,,,Equipment tested satisfactorily after maintenance. No issues found.,f,2026-02-18 04:41:18.045794
829,COMP-1768374768219-f5y8ppktt,601.066.06,7440571a-841a-11ed-aa7c-7003bca91a86,JOB-1768375697662-ii0y0011s,MKR-IN-00079,WO-1770978832259-k5pytt9cj,MKR-IN-00079-601.066.06-2024-488,Main Engine – Indicator Valves & Indicators Inspection - 1M,Maintenance,2024-05-20,,Chief Engineer,,2024-05-21,Approved,,,Equipment tested satisfactorily after maintenance. No issues found.,f,2026-02-18 04:41:18.039286
828,COMP-1768374767815-k5anrfi02,554.001,7440571a-841a-11ed-aa7c-7003bca91a86,JOB-1768375697029-9imodampb,MKR-IN-00049,WO-1770967515015-uc84bqphg,WO-554.001-2024-414,"Provision Refrigeration Unit Valves, Inspection - 8000H",Servicing,2024-05-05,,2nd Engineer,,2024-05-07,Approved,"SAFETY PROCEDURE (COMPANY)
===========================
Ensure compliance with safety procedures according to the company policy and requirements.

JOB REFERENCE DETAILS
===================
Manual Name: 2F-16 UNIT TYPE PROV. REF. CHAMBER;5303.pdf
Pdf Page No: 118
Chapter: Standard Working Period & Limit Of Wear For Each Part


DESCRIPTION
===========
1. Inspect the thickness of suction valve.",,Small adjustments made to operating parameters. Equipment performance satisfactory.,f,2026-02-18 04:41:18.033449
827,COMP-1768374767834-dbncpiany,601.053,7440571a-841a-11ed-aa7c-7003bca91a86,JOB-1768375697585-z6leju6xr,MKR-IN-00066,WO-1770967515015-xa0vaa915,WO-601.053-2024-434,"ME Turbocharger Turbine, Cleaning - 500H",Servicing,2024-05-30,,2nd Engineer,,2024-05-31,Approved,"SAFETY PROCEDURE (COMPANY)
===========================
Ensure compliance with safety procedures according to the company policy and requirements.

JOB REFERENCE DETAILS
===================
Manual Name: 3M-2 DIESEL ENGINE VOL II;5303.pdf
Pdf Page No: 196, 171, 172
Job Reference: Group No. 400
Chapter: Maintenance Schedule Of Main Parts


DESCRIPTION
===========
1. Cleaning of turbine side of turbocharger to be carried out (vegetal solid cleaning).",,"Equipment tested satisfactorily after completion of ME Turbocharger Turbine, Cleaning - 500H. No issues found.",f,2026-02-18 04:41:18.028645
826,COMP-1768374768443-sj0hmblft,653.003.06,7440571a-841a-11ed-aa7c-7003bca91a86,JOB-1768375698327-s9rfxwr8p,MKR-IN-00085,WO-1770967515004-yaylkkw6w,WO-653.003.06-2024-367,AE Cylinder Liner Inspection - 1M,Servicing,2024-05-07,,3rd Engineer,,2024-05-08,Approved,"SAFETY PROCEDURE (COMPANY)
===========================
Ensure compliance with safety procedures according to the company policy and requirements.

DESCRIPTION
===========
1. Liner Condition (Visual / Indirect)

Check for abnormal scavenge space condition (if accessible).

Look for signs of scuffing, scoring, or polishing (based on inspection ports or trend data).

Monitor liner condition through performance parameters if direct access is not possible.

2. Lubrication

Verify cylinder lubrication rate (if applicable) is as per maker’s recommendation.

Check lube oil distribution and absence of oil starvation signs.

Review lube oil consumption trends.

3. Cooling & Sealing

Monitor jacket water temperature and pressure related to cylinder No.01.

Check for cooling water leakage into cylinder or crankcase.

Verify condition of liner sealing arrangements (indirect observation).",,Minor adjustments made. Equipment performance within acceptable parameters.,f,2026-02-18 04:41:18.023721
825,COMP-1768374767684-1zzbjyo9l,72,7440571a-841a-11ed-aa7c-7003bca91a86,JOB-1768375698859-bxhld6lwv,MKR-IN-00061,WO-1770967515017-9c6pvjvej,UWO-72-2024-509,COOLING SYSTEMS - Hydraulic System Pressure Drop,Servicing,2024-05-09,,3rd Engineer,,2024-05-10,Approved,Hydraulic system pressure dropping. Investigated and found leaking fitting. Repaired.,,Equipment tested satisfactorily after completion of COOLING SYSTEMS - Hydraulic System Pressure Drop. No issues found.,f,2026-02-18 04:41:18.017595
824,COMP-1768374768127-i0rmry7ao,601.004.01,7440571a-841a-11ed-aa7c-7003bca91a86,JOB-1768375697152-3g29k6rfd,MKR-IN-00063,WO-1770978832256-1d8tg1xg4,MKR-IN-00063-601.004.01-2024-303,"ME Piston And Rings, Inspection - 500H",Maintenance,2024-05-15,,4th Engineer,,2024-05-18,Approved,,,All equipment tested satisfactorily post-maintenance. No abnormalities detected.,f,2026-02-18 04:41:18.013185
823,COMP-1768374767717-lc7p2b7h9,601.003,7440571a-841a-11ed-aa7c-7003bca91a86,JOB-1768375697114-mgxmcqrr2,MKR-OV-00012,WO-1770967515018-x5mim0zdw,UWO-601.003-2024-705,ME Cylinder Liners - Control System Malfunction,Servicing,2024-05-11,,3rd Engineer,,2024-05-14,Approved,Control system showing intermittent faults. Checked connections and calibrated.,,All equipment tested satisfactorily post-maintenance. No abnormalities detected.,f,2026-02-18 04:41:18.008173
822,COMP-1768374768161-fwhsrv4rs,601.005.06,7440571a-841a-11ed-aa7c-7003bca91a86,JOB-1768375697440-jtfr7vtfi,MKR-IN-00076,WO-1770978832258-t50dd6x19,MKR-IN-00076-601.005.06-2024-422,"Main Engine – Connecting Rods, Crosshead & Guide Assemblies Inspection - 1M",Maintenance,2024-05-17,,Electrican,,2024-05-18,Approved,,,All equipment tested satisfactorily post-maintenance. No abnormalities detected.,f,2026-02-18 04:41:18.003614
821,COMP-1768374768511-709kv1bk1,702.005.02,7440571a-841a-11ed-aa7c-7003bca91a86,JOB-1768375698538-eaypatso8,MKR-IN-00054,WO-1770967515004-8hiln8h6e,WO-702.005.02-2024-225,"Purifier, Routine - 1W",Servicing,2024-05-11,,3rd Engineer,,2024-05-12,Approved,"SAFETY PROCEDURE (COMPANY)
===========================
Ensure compliance with safety procedures according to the company policy and requirements.

JOB REFERENCE DETAILS
===================
Manual Name: 8M-3 INSTRUCTION MANAUL FOR PURIFIER;5303.pdf
Pdf Page No: 56
Chapter: 3. Maintenance Inspection Procedures
Section: 3.1 Routine checks

DESCRIPTION
===========
Routine Checks :
1. Check the feed rate with respect to set feed rate for any changes.
2. Check the temperature with set temperature level.
3. Check the pressure of light liquid outlet is to be coincide roughly with the set pressure of the leakage.
4. Check for any increase in vibration.
5. Check for operational noise in gear pump and bearing etc. 
6. Check the rated current on daily basis.
7. Check the gear pump oil quantity. 
8. Check the safety joint of gears for any deformation.
9. Check for oil leakage in pipe joints.
10. Check & adjust pressure LED (yellow) lit or flashing for Leakage Monitor.
11. Check indicate revolution LED (green) is flashing for Discharge Monitor.",,Work delayed due to weather/operational constraints. Completed during port stay.,f,2026-02-18 04:41:17.997775
820,COMP-1768374768471-zbwcsztfm,653.007.03,7440571a-841a-11ed-aa7c-7003bca91a86,JOB-1768375698377-z3c0o0mf7,MKR-IN-00015,WO-1770967515017-lr932krsv,UWO-653.007.03-2024-575,"AE3 Main Bearings, Journals No.03 - Filter Blockage - Emergency Cleaning",Servicing,2024-05-19,,Chief Engineer,,2024-05-20,Approved,Filter differential pressure high. Emergency cleaning/replacement carried out.,,All equipment tested satisfactorily post-maintenance. No abnormalities detected.,f,2026-02-18 04:41:17.992411
819,COMP-1768374768163-l5iay97ij,601.007.01,7440571a-841a-11ed-aa7c-7003bca91a86,JOB-1768375697446-3txwuvutk,MKR-IN-00064,WO-1770967515018-86xyzefm0,UWO-601.007.01-2024-627,"ME Main Bearings, Journals No.01 - Valve Leakage - Immediate Repair",Servicing,2024-05-15,,2nd Engineer,,2024-05-16,Approved,Valve found leaking during rounds. Repacked gland and replaced gasket.,,"Minor adjustments carried out during ME Main Bearings, Journals No.01 - Valve Leakage - Immediate Repair. Performance within acceptable parameters.",f,2026-02-18 04:41:17.988356
818,COMP-1768374768511-709kv1bk1,702.005.02,7440571a-841a-11ed-aa7c-7003bca91a86,JOB-1768375698538-eaypatso8,MKR-IN-00054,WO-1770967515004-129c5ntvv,WO-702.005.02-2024-226,"Purifier, Routine - 1W",Servicing,2024-05-21,,3rd Engineer,,2024-05-24,Approved,"SAFETY PROCEDURE (COMPANY)
===========================
Ensure compliance with safety procedures according to the company policy and requirements.

JOB REFERENCE DETAILS
===================
Manual Name: 8M-3 INSTRUCTION MANAUL FOR PURIFIER;5303.pdf
Pdf Page No: 56
Chapter: 3. Maintenance Inspection Procedures
Section: 3.1 Routine checks

DESCRIPTION
===========
Routine Checks :
1. Check the feed rate with respect to set feed rate for any changes.
2. Check the temperature with set temperature level.
3. Check the pressure of light liquid outlet is to be coincide roughly with the set pressure of the leakage.
4. Check for any increase in vibration.
5. Check for operational noise in gear pump and bearing etc. 
6. Check the rated current on daily basis.
7. Check the gear pump oil quantity. 
8. Check the safety joint of gears for any deformation.
9. Check for oil leakage in pipe joints.
10. Check & adjust pressure LED (yellow) lit or flashing for Leakage Monitor.
11. Check indicate revolution LED (green) is flashing for Discharge Monitor.",,Additional findings noted - recommend follow-up inspection during next scheduled maintenance.,f,2026-02-18 04:41:17.983749
817,COMP-1768374767910-h2nui498v,278.010.01,7440571a-841a-11ed-aa7c-7003bca91a86,JOB-1768374783248-r2uv8ufaf,MKR-IN-00071,WO-1770978832255-kew5j9ap8,MKR-IN-00071-278.010.01-2024-161,"Impressed Current Cathodic Protection (ICCP), Inspection - 1M",Maintenance,2024-05-26,,4th Engineer,,2024-05-27,Approved,,,All equipment tested satisfactorily post-maintenance. No abnormalities detected.,f,2026-02-18 04:41:17.978698
816,COMP-1768374768453-0fijrjtu3,653.004.03,7440571a-841a-11ed-aa7c-7003bca91a86,JOB-1768375698344-530op4qto,MKR-OV-00025,WO-1770978832255-1ih2j8q0r,MKR-OV-00025-653.004.03-2024-117,AE Pistons and Connecting Rods Overhaul - 4000H,Maintenance,2024-05-23,,2nd Engineer,,2024-05-26,Approved,,,Minor adjustments made. Equipment performance within acceptable parameters.,f,2026-02-18 04:41:17.974467
815,COMP-1768374768236-120so6zd8,651.002.06,7440571a-841a-11ed-aa7c-7003bca91a86,JOB-1768375697709-kfxro24s3,MKR-IN-00080,WO-1770978832259-2kwo8lugg,MKR-IN-00080-651.002.06-2024-544,AE Cylinder Covers with Valves Inspection - 1M,Maintenance,2024-06-08,,4th Engineer,,2024-06-11,Approved,,,Work delayed due to weather/operational constraints. Completed during port stay.,f,2026-02-18 04:41:17.967778
814,COMP-1768374768210-pv86y7jsq,601.066.03,7440571a-841a-11ed-aa7c-7003bca91a86,JOB-1768375697641-9ro3dhhfo,MKR-IN-00079,WO-1770978832259-f0x3fyfnc,MKR-IN-00079-601.066.03-2024-472,Main Engine – Indicator Valves & Indicators Inspection - 1M,Maintenance,2024-05-28,,Electrican,,2024-05-30,Approved,,,Consumable parts replaced as per maintenance plan. Used parts stored for disposal.,f,2026-02-18 04:41:17.962057
813,COMP-1768374768127-i0rmry7ao,601.004.01,7440571a-841a-11ed-aa7c-7003bca91a86,JOB-1768375697147-r1wnkg8c5,MKR-OV-00011,WO-1770967515018-srxnwvenm,UWO-601.004.01-2024-773,"ME Pistons, Piston Rods No.01 - Filter Blockage - Emergency Cleaning",Servicing,2024-05-19,,2nd Engineer,,2024-05-20,Approved,Filter differential pressure high. Emergency cleaning/replacement carried out.,,Completion delayed due to vessel operational schedule. Work carried out during port call.,f,2026-02-18 04:41:17.955653
812,COMP-1768374768331-25r3c2xap,652.002.06,7440571a-841a-11ed-aa7c-7003bca91a86,JOB-1768375698047-6mz6g3di5,MKR-IN-00080,WO-1770967515017-rwx70342b,UWO-652.002.06-2024-610,AE2 Cylinder Covers W/Valves No.06 - Electrical Fault - Motor Trip,Servicing,2024-05-22,,4th Engineer,,2024-05-23,Approved,Motor tripped on overload. Investigated and rectified fault.,,Minor adjustments made. Equipment performance within acceptable parameters.,f,2026-02-18 04:41:17.95045
811,COMP-1768374768342-0re8c70di,652.003.04,7440571a-841a-11ed-aa7c-7003bca91a86,JOB-1768375698069-j6vg6yyo2,MKR-IN-00085,WO-1770978832260-jm454dd85,MKR-IN-00085-652.003.04-2024-667,AE Cylinder Liner Inspection - 1M,Maintenance,2024-05-25,,4th Engineer,,2024-05-26,Approved,,,Minor adjustments carried out during AE Cylinder Liner Inspection - 1M. Performance within acceptable parameters.,f,2026-02-18 04:41:17.946006
810,COMP-1768374767830-uxleqdvg1,601.018,7440571a-841a-11ed-aa7c-7003bca91a86,JOB-1768375697502-3ijpl6vm3,MKR-IN-00077,WO-1770967515018-4dfo0g5z1,UWO-601.018-2024-807,ME Crankcases - Pipe Leakage - Welding Repair,Servicing,2024-05-21,,Chief Engineer,,2024-05-24,Approved,"Pipe leakage found in engine room. Temporary repair carried out, permanent repair planned.",,All equipment tested satisfactorily post-maintenance. No abnormalities detected.,f,2026-02-18 04:41:17.941179
809,COMP-1768374768161-fwhsrv4rs,601.005.06,7440571a-841a-11ed-aa7c-7003bca91a86,JOB-1768375697440-jtfr7vtfi,MKR-IN-00076,WO-1770967515017-2pl0qip1f,UWO-601.005.06-2024-541,"ME Connecting Rods, Crosshead, Guides No.06 - Control System Malfunction",Servicing,2024-05-24,,3rd Engineer,,2024-05-26,Approved,Control system showing intermittent faults. Checked connections and calibrated.,,"Required spare parts replaced during ME Connecting Rods, Crosshead, Guides No.06 - Control System Malfunction. Old parts retained for inspection.",f,2026-02-18 04:41:17.936682
808,COMP-1768374767888-kl7yblrz6,653.046,7440571a-841a-11ed-aa7c-7003bca91a86,JOB-1768375698483-p8wt6a4b8,MKR-OV-00026,WO-1770978832255-c5cbrl9mg,MKR-OV-00026-653.046-2024-153,AE Lube Oil (LO) Filters Overhaul - 4000H,Maintenance,2024-06-04,,4th Engineer,,2024-06-05,Approved,,,Work delayed due to weather/operational constraints. Completed during port stay.,f,2026-02-18 04:41:17.930958
807,COMP-1768374767717-lc7p2b7h9,601.003,7440571a-841a-11ed-aa7c-7003bca91a86,JOB-1768375697114-mgxmcqrr2,MKR-OV-00012,WO-1770967515018-q8ds58tva,UWO-601.003-2024-753,ME Cylinder Liners - Bearing Overheating - Emergency Maintenance,Servicing,2024-05-24,,Chief Engineer,,2024-05-25,Approved,Bearing temperature rising above normal. Emergency maintenance carried out.,,Work on ME Cylinder Liners - Bearing Overheating - Emergency Maintenance delayed due to operational requirements. Completed during next available window.,f,2026-02-18 04:41:17.923409
806,COMP-1768374768495-0ja4v2sqc,653.020.04,7440571a-841a-11ed-aa7c-7003bca91a86,JOB-1768375698442-isypmnw26,MKR-IN-00017,WO-1770967515018-q41i58u0b,UWO-653.020.04-2024-615,AE3 Crankcase Doors W/Safety Valve No.04 - Sensor Failure - Replacement,Servicing,2024-05-25,,Chief Engineer,,2024-05-28,Approved,Temperature/pressure sensor giving erratic readings. Replaced sensor.,,All equipment tested satisfactorily post-maintenance. No abnormalities detected.,f,2026-02-18 04:41:17.910643
805,COMP-1768374768331-25r3c2xap,652.002.06,7440571a-841a-11ed-aa7c-7003bca91a86,JOB-1768375698047-6mz6g3di5,MKR-IN-00080,WO-1770978832260-nqq0llvz8,MKR-IN-00080-652.002.06-2024-639,AE Cylinder Covers with Valves Inspection - 1M,Maintenance,2024-06-11,,Chief Engineer,,2024-06-13,Approved,,,Minor adjustments carried out during AE Cylinder Covers with Valves Inspection - 1M. Performance within acceptable parameters.,f,2026-02-18 04:41:17.901051
804,COMP-1768374768511-709kv1bk1,702.005.02,7440571a-841a-11ed-aa7c-7003bca91a86,JOB-1768375698538-eaypatso8,MKR-IN-00054,WO-1770967515004-fea9vrm9y,WO-702.005.02-2024-227,"Purifier, Routine - 1W",Servicing,2024-05-26,,3rd Engineer,,2024-05-28,Approved,"SAFETY PROCEDURE (COMPANY)
===========================
Ensure compliance with safety procedures according to the company policy and requirements.

JOB REFERENCE DETAILS
===================
Manual Name: 8M-3 INSTRUCTION MANAUL FOR PURIFIER;5303.pdf
Pdf Page No: 56
Chapter: 3. Maintenance Inspection Procedures
Section: 3.1 Routine checks

DESCRIPTION
===========
Routine Checks :
1. Check the feed rate with respect to set feed rate for any changes.
2. Check the temperature with set temperature level.
3. Check the pressure of light liquid outlet is to be coincide roughly with the set pressure of the leakage.
4. Check for any increase in vibration.
5. Check for operational noise in gear pump and bearing etc. 
6. Check the rated current on daily basis.
7. Check the gear pump oil quantity. 
8. Check the safety joint of gears for any deformation.
9. Check for oil leakage in pipe joints.
10. Check & adjust pressure LED (yellow) lit or flashing for Leakage Monitor.
11. Check indicate revolution LED (green) is flashing for Discharge Monitor.",,Minor adjustments made. Equipment performance within acceptable parameters.,f,2026-02-18 04:41:17.8914
803,COMP-1768374768482-7j8q5rba6,653.007.07,7440571a-841a-11ed-aa7c-7003bca91a86,JOB-1768375698399-x8qa7tpr2,MKR-IN-00015,WO-1770978832255-4jc13la5t,MKR-IN-00015-653.007.07-2024-134,"DG Main Bearing, Visual Check - 2Y/8000H",Maintenance,2024-06-05,,Electrican,,2024-06-06,Approved,,,"Equipment tested satisfactorily after completion of DG Main Bearing, Visual Check - 2Y/8000H. No issues found.",f,2026-02-18 04:41:17.884458
802,COMP-1768374768225-48hk6uhgn,651.002.02,7440571a-841a-11ed-aa7c-7003bca91a86,JOB-1768375697685-xfdk7mrhe,MKR-IN-00080,WO-1770978832259-feycnr49s,MKR-IN-00080-651.002.02-2024-514,AE Cylinder Covers with Valves Inspection - 1M,Maintenance,2024-06-17,,2nd Engineer,,2024-06-18,Approved,,,Work on AE Cylinder Covers with Valves Inspection - 1M delayed due to operational requirements. Completed during next available window.,f,2026-02-18 04:41:17.877692
801,COMP-1768374768307-nqfo8cn7a,651.020.05,7440571a-841a-11ed-aa7c-7003bca91a86,JOB-1768375697959-z0f5yveh0,MKR-IN-00017,WO-1770967515018-fz22a4k3j,UWO-651.020.05-2024-677,AE1 Crankcase Doors W/Safety Valve No.05 - Filter Blockage - Emergency Cleaning,Servicing,2024-06-07,,4th Engineer,,2024-06-10,Approved,Filter differential pressure high. Emergency cleaning/replacement carried out.,,Checks completed as per manufacturer guidelines for AE1 Crankcase Doors W/Safety Valve No.05 - Filter Blockage - Emergency Cleaning. Next service due as scheduled.,f,2026-02-18 04:41:17.868851
800,COMP-1768374768239-6wbm7nkr9,651.003.01,7440571a-841a-11ed-aa7c-7003bca91a86,JOB-1768375697715-p7a1yt6pq,MKR-IN-00085,WO-1770967515004-n5p7iupo3,WO-651.003.01-2024-332,AE Cylinder Liner Inspection - 1M,Servicing,2024-06-01,,3rd Engineer,,2024-06-03,Approved,"SAFETY PROCEDURE (COMPANY)
===========================
Ensure compliance with safety procedures according to the company policy and requirements.

DESCRIPTION
===========
1. Liner Condition (Visual / Indirect)

Check for abnormal scavenge space condition (if accessible).

Look for signs of scuffing, scoring, or polishing (based on inspection ports or trend data).

Monitor liner condition through performance parameters if direct access is not possible.

2. Lubrication

Verify cylinder lubrication rate (if applicable) is as per maker’s recommendation.

Check lube oil distribution and absence of oil starvation signs.

Review lube oil consumption trends.

3. Cooling & Sealing

Monitor jacket water temperature and pressure related to cylinder No.01.

Check for cooling water leakage into cylinder or crankcase.

Verify condition of liner sealing arrangements (indirect observation).",,Equipment tested satisfactorily after completion of AE Cylinder Liner Inspection - 1M. No issues found.,f,2026-02-18 04:41:17.861096
799,COMP-1768374768149-xq053ewev,601.005.02,7440571a-841a-11ed-aa7c-7003bca91a86,JOB-1768375697418-2fk1daqf0,MKR-IN-00076,WO-1770978832258-5kn3npe5l,MKR-IN-00076-601.005.02-2024-403,"Main Engine – Connecting Rods, Crosshead & Guide Assemblies Inspection - 1M",Maintenance,2024-06-12,,2nd Engineer,,2024-06-13,Approved,,,Completion delayed due to vessel operational schedule. Work carried out during port call.,f,2026-02-18 04:41:17.852341
798,COMP-1768374767914-980b44ij3,278.010.02,7440571a-841a-11ed-aa7c-7003bca91a86,JOB-1768375696813-k7ce9br2o,MKR-IN-00071,WO-1770978832255-c3il1pq5a,MKR-IN-00071-278.010.02-2024-169,"Impressed Current Cathodic Protection (ICCP), Inspection - 1M",Maintenance,2024-06-03,,2nd Engineer,,2024-06-05,Approved,,,Work delayed due to weather/operational constraints. Completed during port stay.,f,2026-02-18 04:41:17.845094
797,COMP-1768374767669-yjx9vuiay,7,7440571a-841a-11ed-aa7c-7003bca91a86,JOB-1768375698505-5h32zwd3i,MKR-IN-00054,WO-1770967515018-8srwacb3y,UWO-7-2024-698,SYSTEMS FOR MACHINERY MAIN COMPONENTS - Electrical Fault - Motor Trip,Servicing,2024-06-16,,2nd Engineer,,2024-06-17,Approved,Motor tripped on overload. Investigated and rectified fault.,,Checks completed as per manufacturer guidelines for SYSTEMS FOR MACHINERY MAIN COMPONENTS - Electrical Fault - Motor Trip. Next service due as scheduled.,f,2026-02-18 04:41:17.838737
796,COMP-1768374768511-709kv1bk1,702.005.02,7440571a-841a-11ed-aa7c-7003bca91a86,JOB-1768375698538-eaypatso8,MKR-IN-00054,WO-1770967515004-cg6m5uevs,WO-702.005.02-2024-228,"Purifier, Routine - 1W",Servicing,2024-06-01,,3rd Engineer,,2024-06-02,Approved,"SAFETY PROCEDURE (COMPANY)
===========================
Ensure compliance with safety procedures according to the company policy and requirements.

JOB REFERENCE DETAILS
===================
Manual Name: 8M-3 INSTRUCTION MANAUL FOR PURIFIER;5303.pdf
Pdf Page No: 56
Chapter: 3. Maintenance Inspection Procedures
Section: 3.1 Routine checks

DESCRIPTION
===========
Routine Checks :
1. Check the feed rate with respect to set feed rate for any changes.
2. Check the temperature with set temperature level.
3. Check the pressure of light liquid outlet is to be coincide roughly with the set pressure of the leakage.
4. Check for any increase in vibration.
5. Check for operational noise in gear pump and bearing etc. 
6. Check the rated current on daily basis.
7. Check the gear pump oil quantity. 
8. Check the safety joint of gears for any deformation.
9. Check for oil leakage in pipe joints.
10. Check & adjust pressure LED (yellow) lit or flashing for Leakage Monitor.
11. Check indicate revolution LED (green) is flashing for Discharge Monitor.",,"Equipment tested satisfactorily after completion of Purifier, Routine - 1W. No issues found.",f,2026-02-18 04:41:17.833207
795,COMP-1768374768419-s2tgtqdrb,653.002.04,7440571a-841a-11ed-aa7c-7003bca91a86,JOB-1768375698276-c54e3fxtf,MKR-IN-00080,WO-1770967515018-xosjisx0d,UWO-653.002.04-2024-782,AE3 Cylinder Covers W/Valves No.04 - Valve Leakage - Immediate Repair,Servicing,2024-06-09,,3rd Engineer,,2024-06-12,Approved,Valve found leaking during rounds. Repacked gland and replaced gasket.,,Checks completed as per manufacturer guidelines for AE3 Cylinder Covers W/Valves No.04 - Valve Leakage - Immediate Repair. Next service due as scheduled.,f,2026-02-18 04:41:17.827786
794,COMP-1768374768127-i0rmry7ao,601.004.01,7440571a-841a-11ed-aa7c-7003bca91a86,JOB-1768375697152-3g29k6rfd,MKR-IN-00063,WO-1770978832256-3svjle2kq,MKR-IN-00063-601.004.01-2024-306,"ME Piston And Rings, Inspection - 500H",Maintenance,2024-06-23,,4th Engineer,,2024-06-25,Approved,,,Minor adjustments made. Equipment performance within acceptable parameters.,f,2026-02-18 04:41:17.823251
793,COMP-1768374767834-dbncpiany,601.053,7440571a-841a-11ed-aa7c-7003bca91a86,JOB-1768375697585-z6leju6xr,MKR-IN-00066,WO-1770967515015-dzplq9yll,WO-601.053-2024-435,"ME Turbocharger Turbine, Cleaning - 500H",Servicing,2024-06-06,,2nd Engineer,,2024-06-09,Approved,"SAFETY PROCEDURE (COMPANY)
===========================
Ensure compliance with safety procedures according to the company policy and requirements.

JOB REFERENCE DETAILS
===================
Manual Name: 3M-2 DIESEL ENGINE VOL II;5303.pdf
Pdf Page No: 196, 171, 172
Job Reference: Group No. 400
Chapter: Maintenance Schedule Of Main Parts


DESCRIPTION
===========
1. Cleaning of turbine side of turbocharger to be carried out (vegetal solid cleaning).",,"Checks completed as per manufacturer guidelines for ME Turbocharger Turbine, Cleaning - 500H. Next service due as scheduled.",f,2026-02-18 04:41:17.816253
792,COMP-1768374768511-709kv1bk1,702.005.02,7440571a-841a-11ed-aa7c-7003bca91a86,JOB-1768375698538-eaypatso8,MKR-IN-00054,WO-1770967515004-8orveazus,WO-702.005.02-2024-229,"Purifier, Routine - 1W",Servicing,2024-06-09,,3rd Engineer,,2024-06-12,Approved,"SAFETY PROCEDURE (COMPANY)
===========================
Ensure compliance with safety procedures according to the company policy and requirements.

JOB REFERENCE DETAILS
===================
Manual Name: 8M-3 INSTRUCTION MANAUL FOR PURIFIER;5303.pdf
Pdf Page No: 56
Chapter: 3. Maintenance Inspection Procedures
Section: 3.1 Routine checks

DESCRIPTION
===========
Routine Checks :
1. Check the feed rate with respect to set feed rate for any changes.
2. Check the temperature with set temperature level.
3. Check the pressure of light liquid outlet is to be coincide roughly with the set pressure of the leakage.
4. Check for any increase in vibration.
5. Check for operational noise in gear pump and bearing etc. 
6. Check the rated current on daily basis.
7. Check the gear pump oil quantity. 
8. Check the safety joint of gears for any deformation.
9. Check for oil leakage in pipe joints.
10. Check & adjust pressure LED (yellow) lit or flashing for Leakage Monitor.
11. Check indicate revolution LED (green) is flashing for Discharge Monitor.",,Equipment tested satisfactorily after maintenance. No issues found.,f,2026-02-18 04:41:17.810215
791,COMP-1768374767805-z4lpo0038,411.001,7440571a-841a-11ed-aa7c-7003bca91a86,JOB-1768375696936-5tm00wdy6,MKR-SE-00016,WO-1770967515014-9zdsiyib7,WO-411.001-2024-400,"Radar Band Motor, Renewal/Replace - 10000H",Servicing,2024-06-13,,2nd Officer,,2024-06-14,Approved,"SAFETY PROCEDURE (COMPANY)
===========================
Ensure compliance with safety procedures according to the company policy and requirements.

JOB REFERENCE DETAILS
===================
Manual Name: 4E-6 S-BAND RADAR;5303.pdf
Pdf Page No: 294
Chapter: 8 Countermeasures For Trouble And Adjustment
Section: Replacement Of Parts Periodically

DESCRIPTION
===========
1. Replace the motor.",,All checks completed as per manufacturer guidelines. Next service due as scheduled.,f,2026-02-18 04:41:17.804592
790,COMP-1768374768443-sj0hmblft,653.003.06,7440571a-841a-11ed-aa7c-7003bca91a86,JOB-1768375698327-s9rfxwr8p,MKR-IN-00085,WO-1770967515004-gbx2bupuo,WO-653.003.06-2024-368,AE Cylinder Liner Inspection - 1M,Servicing,2024-06-29,,3rd Engineer,,2024-06-30,Approved,"SAFETY PROCEDURE (COMPANY)
===========================
Ensure compliance with safety procedures according to the company policy and requirements.

DESCRIPTION
===========
1. Liner Condition (Visual / Indirect)

Check for abnormal scavenge space condition (if accessible).

Look for signs of scuffing, scoring, or polishing (based on inspection ports or trend data).

Monitor liner condition through performance parameters if direct access is not possible.

2. Lubrication

Verify cylinder lubrication rate (if applicable) is as per maker’s recommendation.

Check lube oil distribution and absence of oil starvation signs.

Review lube oil consumption trends.

3. Cooling & Sealing

Monitor jacket water temperature and pressure related to cylinder No.01.

Check for cooling water leakage into cylinder or crankcase.

Verify condition of liner sealing arrangements (indirect observation).",,Minor adjustments carried out during AE Cylinder Liner Inspection - 1M. Performance within acceptable parameters.,f,2026-02-18 04:41:17.7998
789,COMP-1768374767863-71ynjfqzw,652.001,7440571a-841a-11ed-aa7c-7003bca91a86,JOB-1768375698005-1lf3yhs0u,MKR-IN-00014,WO-1770967515018-5i2o4nqxk,UWO-652.001-2024-715,"Aux. Diesel Generator Aggregates, Complete No.02 - Bearing Overheating - Emergency Maintenance",Servicing,2024-06-09,,4th Engineer,,2024-06-11,Approved,Bearing temperature rising above normal. Emergency maintenance carried out.,,Equipment tested satisfactorily after maintenance. No issues found.,f,2026-02-18 04:41:17.791982
788,COMP-1768374768216-m2muvqs0s,601.066.05,7440571a-841a-11ed-aa7c-7003bca91a86,JOB-1768375697655-5q8kd9vp1,MKR-IN-00079,WO-1770967515018-qwwixoqvq,UWO-601.066.05-2024-688,ME Indicators No.05 - Hydraulic System Pressure Drop,Servicing,2024-06-14,,2nd Engineer,,2024-06-17,Approved,Hydraulic system pressure dropping. Investigated and found leaking fitting. Repaired.,,Equipment tested satisfactorily after completion of ME Indicators No.05 - Hydraulic System Pressure Drop. No issues found.,f,2026-02-18 04:41:17.782953
787,COMP-1768374767812-t7u0ew84e,501.002,7440571a-841a-11ed-aa7c-7003bca91a86,JOB-1768375697009-atjcavi6y,MKR-IN-00073,WO-1770978832256-k6q7lea9d,MKR-IN-00073-501.002-2024-271,Covered (Totally Enclosed) Lifeboats Inspection - 1M,Maintenance,2024-06-20,,Electrican,,2024-06-21,Approved,,,Equipment tested satisfactorily after maintenance. No issues found.,f,2026-02-18 04:41:17.77041
786,COMP-1768374767809-mr8172nux,411.002,7440571a-841a-11ed-aa7c-7003bca91a86,JOB-1768375696980-nrgz25fjw,MKR-SE-00016,WO-1770967515014-nn9zdlqma,WO-411.002-2024-408,"Radar Band Motor, Renewal/Replace - 10000H",Servicing,2024-07-07,,2nd Officer,,2024-07-09,Approved,"SAFETY PROCEDURE (COMPANY)
===========================
Ensure compliance with safety procedures according to the company policy and requirements.

JOB REFERENCE DETAILS
===================
Manual Name: 4E-6 S-BAND RADAR;5303.pdf
Pdf Page No: 294
Chapter: 8 Countermeasures For Trouble And Adjustment
Section: Replacement Of Parts Periodically

DESCRIPTION
===========
1. Replace the motor.",,Completion delayed due to vessel operational schedule. Work carried out during port call.,f,2026-02-18 04:41:17.761644
785,COMP-1768374768127-i0rmry7ao,601.004.01,7440571a-841a-11ed-aa7c-7003bca91a86,JOB-1768375697152-3g29k6rfd,MKR-IN-00063,WO-1770978832256-xj25pira9,MKR-IN-00063-601.004.01-2024-294,"ME Piston And Rings, Inspection - 500H",Maintenance,2024-06-26,,4th Engineer,,2024-06-28,Approved,,,"Required spare parts replaced during ME Piston And Rings, Inspection - 500H. Old parts retained for inspection.",f,2026-02-18 04:41:17.750365
784,COMP-1768374768236-120so6zd8,651.002.06,7440571a-841a-11ed-aa7c-7003bca91a86,JOB-1768375697709-kfxro24s3,MKR-IN-00080,WO-1770978832259-sobmmmbcf,MKR-IN-00080-651.002.06-2024-543,AE Cylinder Covers with Valves Inspection - 1M,Maintenance,2024-06-26,,4th Engineer,,2024-06-29,Approved,,,Equipment tested satisfactorily after completion of AE Cylinder Covers with Valves Inspection - 1M. No issues found.,f,2026-02-18 04:41:17.740908
783,COMP-1768374768295-h5e40ctza,651.020.01,7440571a-841a-11ed-aa7c-7003bca91a86,JOB-1768375697820-rz0yqv3qm,MKR-IN-00017,WO-1770967515017-exwc0qkr6,UWO-651.020.01-2024-528,AE1 Crankcase Doors W/Safety Valve No.01 - Sensor Failure - Replacement,Servicing,2024-06-18,,4th Engineer,,2024-06-20,Approved,Temperature/pressure sensor giving erratic readings. Replaced sensor.,,Small adjustments made to operating parameters. Equipment performance satisfactory.,f,2026-02-18 04:41:17.732819
782,COMP-1768374768143-4kulzp9vp,601.004.06,7440571a-841a-11ed-aa7c-7003bca91a86,JOB-1768375697407-3iv0aw13h,MKR-IN-00063,WO-1770978832258-0vaav6xz0,MKR-IN-00063-601.004.06-2024-382,"ME Piston And Rings, Inspection - 500H",Maintenance,2024-07-05,,Chief Engineer,,2024-07-08,Approved,,,All equipment tested satisfactorily post-maintenance. No abnormalities detected.,f,2026-02-18 04:41:17.724228
781,COMP-1768374768266-tk6i3d6y3,651.004.04,7440571a-841a-11ed-aa7c-7003bca91a86,JOB-1768375697761-ng1ksopfr,MKR-OV-00025,WO-1770978832254-s2b4hrx1k,MKR-OV-00025-651.004.04-2024-029,AE Pistons and Connecting Rods Overhaul - 4000H,Maintenance,2024-06-21,,2nd Engineer,,2024-06-23,Approved,,,Small adjustments made to operating parameters. Equipment performance satisfactory.,f,2026-02-18 04:41:17.71893
780,COMP-1768374768511-709kv1bk1,702.005.02,7440571a-841a-11ed-aa7c-7003bca91a86,JOB-1768375698538-eaypatso8,MKR-IN-00054,WO-1770967515004-1xz15vsvl,WO-702.005.02-2024-230,"Purifier, Routine - 1W",Servicing,2024-06-16,,3rd Engineer,,2024-06-17,Approved,"SAFETY PROCEDURE (COMPANY)
===========================
Ensure compliance with safety procedures according to the company policy and requirements.

JOB REFERENCE DETAILS
===================
Manual Name: 8M-3 INSTRUCTION MANAUL FOR PURIFIER;5303.pdf
Pdf Page No: 56
Chapter: 3. Maintenance Inspection Procedures
Section: 3.1 Routine checks

DESCRIPTION
===========
Routine Checks :
1. Check the feed rate with respect to set feed rate for any changes.
2. Check the temperature with set temperature level.
3. Check the pressure of light liquid outlet is to be coincide roughly with the set pressure of the leakage.
4. Check for any increase in vibration.
5. Check for operational noise in gear pump and bearing etc. 
6. Check the rated current on daily basis.
7. Check the gear pump oil quantity. 
8. Check the safety joint of gears for any deformation.
9. Check for oil leakage in pipe joints.
10. Check & adjust pressure LED (yellow) lit or flashing for Leakage Monitor.
11. Check indicate revolution LED (green) is flashing for Discharge Monitor.",,Small adjustments made to operating parameters. Equipment performance satisfactory.,f,2026-02-18 04:41:17.713651
779,COMP-1768374768477-qqu2wjvsv,653.007.05,7440571a-841a-11ed-aa7c-7003bca91a86,JOB-1768375698388-la8mztoez,MKR-IN-00015,WO-1770967515017-cjpv5fzwa,UWO-653.007.05-2024-595,"AE3 Main Bearings, Journals No.05 - Electrical Fault - Motor Trip",Servicing,2024-06-22,,3rd Engineer,,2024-06-23,Approved,Motor tripped on overload. Investigated and rectified fault.,,Small adjustments made to operating parameters. Equipment performance satisfactory.,f,2026-02-18 04:41:17.709184
778,COMP-1768374767987-exvabgvfn,601.002.04,7440571a-841a-11ed-aa7c-7003bca91a86,JOB-1768375697096-fbznbr8bp,MKR-IN-00075,WO-1770967515018-ppnv1zy6s,UWO-601.002.04-2024-695,ME Cylinder Covers W/Valves No.04 - Pipe Leakage - Welding Repair,Servicing,2024-06-20,,2nd Engineer,,2024-06-22,Approved,"Pipe leakage found in engine room. Temporary repair carried out, permanent repair planned.",,Equipment tested satisfactorily after completion of ME Cylinder Covers W/Valves No.04 - Pipe Leakage - Welding Repair. No issues found.,f,2026-02-18 04:41:17.703172
777,COMP-1768374768319-j4kgq3mjf,652.002.02,7440571a-841a-11ed-aa7c-7003bca91a86,JOB-1768375698020-wikm0w4cg,MKR-IN-00080,WO-1770978832260-vwflz52bn,MKR-IN-00080-652.002.02-2024-617,AE Cylinder Covers with Valves Inspection - 1M,Maintenance,2024-07-06,,4th Engineer,,2024-07-08,Approved,,,Minor adjustments carried out during AE Cylinder Covers with Valves Inspection - 1M. Performance within acceptable parameters.,f,2026-02-18 04:41:17.698101
776,COMP-1768374768266-tk6i3d6y3,651.004.04,7440571a-841a-11ed-aa7c-7003bca91a86,JOB-1768375697761-ng1ksopfr,MKR-OV-00025,WO-1770978832254-1orncjzaf,MKR-OV-00025-651.004.04-2024-031,AE Pistons and Connecting Rods Overhaul - 4000H,Maintenance,2024-06-30,,4th Engineer,,2024-07-02,Approved,,,All maintenance checks completed per OEM recommendations. Next scheduled service as per PMS.,f,2026-02-18 04:41:17.693468
775,COMP-1768374768316-5z2wp3xqd,652.002.01,7440571a-841a-11ed-aa7c-7003bca91a86,JOB-1768375698012-7xjbdpyvr,MKR-IN-00080,WO-1770967515018-wmelrymds,UWO-652.002.01-2024-721,AE2 Cylinder Covers W/Valves No.01 - Control System Malfunction,Servicing,2024-06-26,,2nd Engineer,,2024-06-27,Approved,Control system showing intermittent faults. Checked connections and calibrated.,,All equipment tested satisfactorily post-maintenance. No abnormalities detected.,f,2026-02-18 04:41:17.689033
774,COMP-1768374768482-7j8q5rba6,653.007.07,7440571a-841a-11ed-aa7c-7003bca91a86,JOB-1768375698399-x8qa7tpr2,MKR-IN-00015,WO-1770967515018-jquqm3cbl,UWO-653.007.07-2024-689,"AE3 Main Bearings, Journals No.07 - Bearing Overheating - Emergency Maintenance",Servicing,2024-06-26,,3rd Engineer,,2024-06-28,Approved,Bearing temperature rising above normal. Emergency maintenance carried out.,,All checks completed as per manufacturer guidelines. Next service due as scheduled.,f,2026-02-18 04:41:17.592609
773,COMP-1768374768242-ybntycqh5,651.003.02,7440571a-841a-11ed-aa7c-7003bca91a86,JOB-1768375697720-m80h9gkmd,MKR-IN-00085,WO-1770978832259-ri2dxqpu0,MKR-IN-00085-651.003.02-2024-561,AE Cylinder Liner Inspection - 1M,Maintenance,2024-07-03,,4th Engineer,,2024-07-05,Approved,,,Spare parts replaced as listed. Old parts retained for inspection/disposal.,f,2026-02-18 04:41:17.587668
772,COMP-1768374768511-709kv1bk1,702.005.02,7440571a-841a-11ed-aa7c-7003bca91a86,JOB-1768375698538-eaypatso8,MKR-IN-00054,WO-1770967515004-vvu7zsf1a,WO-702.005.02-2024-231,"Purifier, Routine - 1W",Servicing,2024-06-24,,3rd Engineer,,2024-06-26,Approved,"SAFETY PROCEDURE (COMPANY)
===========================
Ensure compliance with safety procedures according to the company policy and requirements.

JOB REFERENCE DETAILS
===================
Manual Name: 8M-3 INSTRUCTION MANAUL FOR PURIFIER;5303.pdf
Pdf Page No: 56
Chapter: 3. Maintenance Inspection Procedures
Section: 3.1 Routine checks

DESCRIPTION
===========
Routine Checks :
1. Check the feed rate with respect to set feed rate for any changes.
2. Check the temperature with set temperature level.
3. Check the pressure of light liquid outlet is to be coincide roughly with the set pressure of the leakage.
4. Check for any increase in vibration.
5. Check for operational noise in gear pump and bearing etc. 
6. Check the rated current on daily basis.
7. Check the gear pump oil quantity. 
8. Check the safety joint of gears for any deformation.
9. Check for oil leakage in pipe joints.
10. Check & adjust pressure LED (yellow) lit or flashing for Leakage Monitor.
11. Check indicate revolution LED (green) is flashing for Discharge Monitor.",,"Checks completed as per manufacturer guidelines for Purifier, Routine - 1W. Next service due as scheduled.",f,2026-02-18 04:41:17.582707
771,COMP-1768374767929-zn4ptm8ru,285.001.04,7440571a-841a-11ed-aa7c-7003bca91a86,JOB-1768375696845-n6aj2hzvt,MKR-IN-00072,WO-1770978832255-iltgjjkp5,MKR-IN-00072-285.001.04-2024-195,Ballast Tanks Inspection - 1M,Maintenance,2024-06-27,,4th Engineer,,2024-06-30,Approved,,,Work on Ballast Tanks Inspection - 1M delayed due to operational requirements. Completed during next available window.,f,2026-02-18 04:41:17.576425
770,COMP-1768374768022-1676057de,601.003.06,7440571a-841a-11ed-aa7c-7003bca91a86,JOB-1768375697142-sgl4blc0c,MKR-OV-00012,WO-1770967515017-kb3nycgkt,UWO-601.003.06-2024-574,ME Cylinder Liners No.06 - Control System Malfunction,Servicing,2024-06-23,,2nd Engineer,,2024-06-26,Approved,Control system showing intermittent faults. Checked connections and calibrated.,,Checks completed as per manufacturer guidelines for ME Cylinder Liners No.06 - Control System Malfunction. Next service due as scheduled.,f,2026-02-18 04:41:17.572275
769,COMP-1768374768198-00vzkhq94,601.026.05,7440571a-841a-11ed-aa7c-7003bca91a86,JOB-1768375697563-3dwpuuw6a,MKR-OV-00013,WO-1770978832258-t02ad8xyc,MKR-OV-00013-601.026.05-2024-439,"ME Fuel Injection Pump, Overhaul - 6000H",Maintenance,2024-06-27,,4th Engineer,,2024-06-29,Approved,,,All equipment tested satisfactorily post-maintenance. No abnormalities detected.,f,2026-02-18 04:41:17.567514
768,COMP-1768374768204-bxjta0rjx,601.066.01,7440571a-841a-11ed-aa7c-7003bca91a86,JOB-1768375697629-njv3hbmjn,MKR-IN-00079,WO-1770978832259-9jmj8iqoq,MKR-IN-00079-601.066.01-2024-462,Main Engine – Indicator Valves & Indicators Inspection - 1M,Maintenance,2024-07-10,,Electrican,,2024-07-13,Approved,,,Minor adjustments carried out during Main Engine – Indicator Valves & Indicators Inspection - 1M. Performance within acceptable parameters.,f,2026-02-18 04:41:17.559383
767,COMP-1768374768134-1plkxrd1k,601.004.03,7440571a-841a-11ed-aa7c-7003bca91a86,JOB-1768375697375-cr8tdi34d,MKR-IN-00063,WO-1770978832256-p0uw36xad,MKR-IN-00063-601.004.03-2024-337,"ME Piston And Rings, Inspection - 500H",Maintenance,2024-06-26,,4th Engineer,,2024-06-28,Approved,,,Equipment tested satisfactorily after maintenance. No issues found.,f,2026-02-18 04:41:17.550653
766,COMP-1768374768356-ss537bdpo,652.004.03,7440571a-841a-11ed-aa7c-7003bca91a86,JOB-1768375698094-78ru7jdnt,MKR-OV-00025,WO-1770967515018-50me54gli,UWO-652.004.03-2024-808,AE2 Pistons And Connecting Rod No.03 - Pump Seal Failure - Emergency Repair,Servicing,2024-06-27,,3rd Engineer,,2024-06-29,Approved,Pump seal found leaking during routine watch. Emergency repair carried out.,,Minor adjustments carried out during AE2 Pistons And Connecting Rod No.03 - Pump Seal Failure - Emergency Repair. Performance within acceptable parameters.,f,2026-02-18 04:41:17.541545
765,COMP-1768374768178-hmzqv0b2h,601.007.06,7440571a-841a-11ed-aa7c-7003bca91a86,JOB-1768375697472-y6r94qbm9,MKR-IN-00064,WO-1770967515018-eyo1sgs0j,UWO-601.007.06-2024-667,"ME Main Bearings, Journals No.06 - Sensor Failure - Replacement",Servicing,2024-06-28,,3rd Engineer,,2024-06-30,Approved,Temperature/pressure sensor giving erratic readings. Replaced sensor.,,Minor adjustments made. Equipment performance within acceptable parameters.,f,2026-02-18 04:41:17.534911
764,COMP-1768374768257-4wkh4k432,651.004.01,7440571a-841a-11ed-aa7c-7003bca91a86,JOB-1768375697746-s7saml8xs,MKR-OV-00025,WO-1770978832254-l23wd075l,MKR-OV-00025-651.004.01-2024-020,AE Pistons and Connecting Rods Overhaul - 4000H,Maintenance,2024-07-13,,4th Engineer,,2024-07-15,Approved,,,Equipment tested satisfactorily after completion of AE Pistons and Connecting Rods Overhaul - 4000H. No issues found.,f,2026-02-18 04:41:17.529041
763,COMP-1768374767967-jb4k6wuji,554.003.02,7440571a-841a-11ed-aa7c-7003bca91a86,JOB-1768375697044-c0vvqlmi8,MKR-IN-00050,WO-1770967515018-7chxugmoe,UWO-554.003.02-2024-629,Compressors W/Drive Unit No.02 - Sensor Failure - Replacement,Servicing,2024-06-23,,4th Engineer,,2024-06-26,Approved,Temperature/pressure sensor giving erratic readings. Replaced sensor.,,Equipment tested satisfactorily after maintenance. No issues found.,f,2026-02-18 04:41:17.523182
762,COMP-1768374767582-vu0vc0c3u,27,7440571a-841a-11ed-aa7c-7003bca91a86,JOB-1768374783248-r2uv8ufaf,MKR-IN-00071,WO-1770967515017-kapbubri7,UWO-27-2024-521,"MATERIAL PROTECTION, EXTERNAL - Control System Malfunction",Servicing,2024-07-17,,4th Engineer,,2024-07-19,Approved,Control system showing intermittent faults. Checked connections and calibrated.,,Small adjustments made to operating parameters. Equipment performance satisfactory.,f,2026-02-18 04:41:17.516968
761,COMP-1768374768406-ge71b71p9,652.020.07,7440571a-841a-11ed-aa7c-7003bca91a86,JOB-1768375698224-rwuyfro47,MKR-IN-00017,WO-1770978832255-pu2s5poas,MKR-IN-00017-652.020.07-2024-105,"DG Cylinder Liner, Visual Check - 2Y/8000H",Maintenance,2024-07-07,,4th Engineer,,2024-07-10,Approved,,,"Checks completed as per manufacturer guidelines for DG Cylinder Liner, Visual Check - 2Y/8000H. Next service due as scheduled.",f,2026-02-18 04:41:17.508979
760,COMP-1768374768511-709kv1bk1,702.005.02,7440571a-841a-11ed-aa7c-7003bca91a86,JOB-1768375698538-eaypatso8,MKR-IN-00054,WO-1770967515004-hgmplp0vv,WO-702.005.02-2024-232,"Purifier, Routine - 1W",Servicing,2024-06-28,,3rd Engineer,,2024-06-30,Approved,"SAFETY PROCEDURE (COMPANY)
===========================
Ensure compliance with safety procedures according to the company policy and requirements.

JOB REFERENCE DETAILS
===================
Manual Name: 8M-3 INSTRUCTION MANAUL FOR PURIFIER;5303.pdf
Pdf Page No: 56
Chapter: 3. Maintenance Inspection Procedures
Section: 3.1 Routine checks

DESCRIPTION
===========
Routine Checks :
1. Check the feed rate with respect to set feed rate for any changes.
2. Check the temperature with set temperature level.
3. Check the pressure of light liquid outlet is to be coincide roughly with the set pressure of the leakage.
4. Check for any increase in vibration.
5. Check for operational noise in gear pump and bearing etc. 
6. Check the rated current on daily basis.
7. Check the gear pump oil quantity. 
8. Check the safety joint of gears for any deformation.
9. Check for oil leakage in pipe joints.
10. Check & adjust pressure LED (yellow) lit or flashing for Leakage Monitor.
11. Check indicate revolution LED (green) is flashing for Discharge Monitor.",,All equipment tested satisfactorily post-maintenance. No abnormalities detected.,f,2026-02-18 04:41:17.501927
759,COMP-1768374768239-6wbm7nkr9,651.003.01,7440571a-841a-11ed-aa7c-7003bca91a86,JOB-1768375697715-p7a1yt6pq,MKR-IN-00085,WO-1770967515004-8gk2tkq94,WO-651.003.01-2024-333,AE Cylinder Liner Inspection - 1M,Servicing,2024-07-03,,3rd Engineer,,2024-07-05,Approved,"SAFETY PROCEDURE (COMPANY)
===========================
Ensure compliance with safety procedures according to the company policy and requirements.

DESCRIPTION
===========
1. Liner Condition (Visual / Indirect)

Check for abnormal scavenge space condition (if accessible).

Look for signs of scuffing, scoring, or polishing (based on inspection ports or trend data).

Monitor liner condition through performance parameters if direct access is not possible.

2. Lubrication

Verify cylinder lubrication rate (if applicable) is as per maker’s recommendation.

Check lube oil distribution and absence of oil starvation signs.

Review lube oil consumption trends.

3. Cooling & Sealing

Monitor jacket water temperature and pressure related to cylinder No.01.

Check for cooling water leakage into cylinder or crankcase.

Verify condition of liner sealing arrangements (indirect observation).",,Additional observations during AE Cylinder Liner Inspection - 1M - recommend follow-up at next scheduled interval.,f,2026-02-18 04:41:17.497675
758,COMP-1768374767994-apqr6kc7v,601.002.06,7440571a-841a-11ed-aa7c-7003bca91a86,JOB-1768375697108-vju6zh1n5,MKR-IN-00075,WO-1770978832256-2wqgmt481,MKR-IN-00075-601.002.06-2024-286,Main Engine – Cylinder Covers with Valves Inspection - 4000H,Maintenance,2024-07-07,,Chief Engineer,,2024-07-10,Approved,,,Equipment tested satisfactorily after maintenance. No issues found.,f,2026-02-18 04:41:17.493843
757,COMP-1768374768342-0re8c70di,652.003.04,7440571a-841a-11ed-aa7c-7003bca91a86,JOB-1768375698069-j6vg6yyo2,MKR-IN-00085,WO-1770978832260-bs9jt164r,MKR-IN-00085-652.003.04-2024-673,AE Cylinder Liner Inspection - 1M,Maintenance,2024-07-14,,4th Engineer,,2024-07-17,Approved,,,Consumable parts replaced as per maintenance plan. Used parts stored for disposal.,f,2026-02-18 04:41:17.489718
756,COMP-1768374768533-xnq4n84q4,712.013.02,7440571a-841a-11ed-aa7c-7003bca91a86,JOB-1768375698841-71vlsv54t,MKR-IN-00059,WO-1770967515017-x5938ybm1,UWO-712.013.02-2024-542,LO Separator Booster Pumps No.02 - Electrical Fault - Motor Trip,Servicing,2024-07-01,,4th Engineer,,2024-07-04,Approved,Motor tripped on overload. Investigated and rectified fault.,,Equipment tested satisfactorily after completion of LO Separator Booster Pumps No.02 - Electrical Fault - Motor Trip. No issues found.,f,2026-02-18 04:41:17.485275
755,COMP-1768374768225-48hk6uhgn,651.002.02,7440571a-841a-11ed-aa7c-7003bca91a86,JOB-1768375697685-xfdk7mrhe,MKR-IN-00080,WO-1770978832259-6q9ghokls,MKR-IN-00080-651.002.02-2024-510,AE Cylinder Covers with Valves Inspection - 1M,Maintenance,2024-07-08,,4th Engineer,,2024-07-11,Approved,,,All equipment tested satisfactorily post-maintenance. No abnormalities detected.,f,2026-02-18 04:41:17.480767
754,COMP-1768374767834-dbncpiany,601.053,7440571a-841a-11ed-aa7c-7003bca91a86,JOB-1768375697590-j5wqgs5qj,MKR-IN-00067,WO-1770967515016-nzb9i9uwr,WO-601.053-2024-458,"ME Turbocharger Blower Side & Suction Filter, Cleaning - 2000H",Servicing,2024-07-04,,2nd Engineer,,2024-07-06,Approved,"SAFETY PROCEDURE (COMPANY)
===========================
Ensure compliance with safety procedures according to the company policy and requirements.

JOB REFERENCE DETAILS
===================
Manual Name: 3M-2 DIESEL ENGINE VOL II;5303.pdf
Pdf Page No: 196, 171, 172
Job Reference: Group No. 400
Chapter: Maintenance Schedule Of Main Parts


DESCRIPTION
===========
1. Cleaning of suction filter.
2. Dismantling and cleaning of blower side of turbocharger.",,"Equipment tested satisfactorily after completion of ME Turbocharger Blower Side & Suction Filter, Cleaning - 2000H. No issues found.",f,2026-02-18 04:41:17.476116
753,COMP-1768374768248-zja2xeelc,651.003.04,7440571a-841a-11ed-aa7c-7003bca91a86,JOB-1768375697730-vrhe8emeh,MKR-IN-00085,WO-1770978832259-9uj0auy98,MKR-IN-00085-651.003.04-2024-578,AE Cylinder Liner Inspection - 1M,Maintenance,2024-07-04,,2nd Engineer,,2024-07-06,Approved,,,All equipment tested satisfactorily post-maintenance. No abnormalities detected.,f,2026-02-18 04:41:17.471555
752,COMP-1768374768443-sj0hmblft,653.003.06,7440571a-841a-11ed-aa7c-7003bca91a86,JOB-1768375698327-s9rfxwr8p,MKR-IN-00085,WO-1770967515004-si5b0bygv,WO-653.003.06-2024-369,AE Cylinder Liner Inspection - 1M,Servicing,2024-07-07,,3rd Engineer,,2024-07-10,Approved,"SAFETY PROCEDURE (COMPANY)
===========================
Ensure compliance with safety procedures according to the company policy and requirements.

DESCRIPTION
===========
1. Liner Condition (Visual / Indirect)

Check for abnormal scavenge space condition (if accessible).

Look for signs of scuffing, scoring, or polishing (based on inspection ports or trend data).

Monitor liner condition through performance parameters if direct access is not possible.

2. Lubrication

Verify cylinder lubrication rate (if applicable) is as per maker’s recommendation.

Check lube oil distribution and absence of oil starvation signs.

Review lube oil consumption trends.

3. Cooling & Sealing

Monitor jacket water temperature and pressure related to cylinder No.01.

Check for cooling water leakage into cylinder or crankcase.

Verify condition of liner sealing arrangements (indirect observation).",,All equipment tested satisfactorily post-maintenance. No abnormalities detected.,f,2026-02-18 04:41:17.466187
751,COMP-1768374767818-ckg4kqu6q,601.001,7440571a-841a-11ed-aa7c-7003bca91a86,JOB-1768375697064-mbfaqn8a4,MKR-IN-00074,WO-1770967515018-4u6hqs6w4,UWO-601.001-2024-634,"Main Diesel Engine, Compl. - Electrical Fault - Motor Trip",Servicing,2024-07-08,,3rd Engineer,,2024-07-10,Approved,Motor tripped on overload. Investigated and rectified fault.,,Spare parts replaced as listed. Old parts retained for inspection/disposal.,f,2026-02-18 04:41:17.461177
750,COMP-1768374767834-dbncpiany,601.053,7440571a-841a-11ed-aa7c-7003bca91a86,JOB-1768375697585-z6leju6xr,MKR-IN-00066,WO-1770967515015-npxnngo1g,WO-601.053-2024-436,"ME Turbocharger Turbine, Cleaning - 500H",Servicing,2024-07-12,,2nd Engineer,,2024-07-15,Approved,"SAFETY PROCEDURE (COMPANY)
===========================
Ensure compliance with safety procedures according to the company policy and requirements.

JOB REFERENCE DETAILS
===================
Manual Name: 3M-2 DIESEL ENGINE VOL II;5303.pdf
Pdf Page No: 196, 171, 172
Job Reference: Group No. 400
Chapter: Maintenance Schedule Of Main Parts


DESCRIPTION
===========
1. Cleaning of turbine side of turbocharger to be carried out (vegetal solid cleaning).",,"Equipment tested satisfactorily after completion of ME Turbocharger Turbine, Cleaning - 500H. No issues found.",f,2026-02-18 04:41:17.456868
749,COMP-1768374768413-351xv2g4n,653.002.02,7440571a-841a-11ed-aa7c-7003bca91a86,JOB-1768375698262-ndeyptgiq,MKR-IN-00080,WO-1770967515018-qziqgi797,UWO-653.002.02-2024-660,AE3 Cylinder Covers W/Valves No.02 - Fuel System Contamination,Servicing,2024-07-09,,2nd Engineer,,2024-07-10,Approved,Fuel oil contamination detected. Purifier and filters cleaned/replaced.,,Checks completed as per manufacturer guidelines for AE3 Cylinder Covers W/Valves No.02 - Fuel System Contamination. Next service due as scheduled.,f,2026-02-18 04:41:17.45112
748,COMP-1768374768511-709kv1bk1,702.005.02,7440571a-841a-11ed-aa7c-7003bca91a86,JOB-1768375698538-eaypatso8,MKR-IN-00054,WO-1770967515004-gdfv6otxu,WO-702.005.02-2024-233,"Purifier, Routine - 1W",Servicing,2024-07-09,,3rd Engineer,,2024-07-12,Approved,"SAFETY PROCEDURE (COMPANY)
===========================
Ensure compliance with safety procedures according to the company policy and requirements.

JOB REFERENCE DETAILS
===================
Manual Name: 8M-3 INSTRUCTION MANAUL FOR PURIFIER;5303.pdf
Pdf Page No: 56
Chapter: 3. Maintenance Inspection Procedures
Section: 3.1 Routine checks

DESCRIPTION
===========
Routine Checks :
1. Check the feed rate with respect to set feed rate for any changes.
2. Check the temperature with set temperature level.
3. Check the pressure of light liquid outlet is to be coincide roughly with the set pressure of the leakage.
4. Check for any increase in vibration.
5. Check for operational noise in gear pump and bearing etc. 
6. Check the rated current on daily basis.
7. Check the gear pump oil quantity. 
8. Check the safety joint of gears for any deformation.
9. Check for oil leakage in pipe joints.
10. Check & adjust pressure LED (yellow) lit or flashing for Leakage Monitor.
11. Check indicate revolution LED (green) is flashing for Discharge Monitor.",,All equipment tested satisfactorily post-maintenance. No abnormalities detected.,f,2026-02-18 04:41:17.446191
747,COMP-1768374767834-dbncpiany,601.053,7440571a-841a-11ed-aa7c-7003bca91a86,JOB-1768375697601-freker4a1,MKR-IN-00069,WO-1770967515015-2c3tc2kro,WO-601.053-2024-418,"ME Turbocharger Bearing, Visual Check - 4000H",Servicing,2024-07-07,,2nd Engineer,,2024-07-09,Approved,"SAFETY PROCEDURE (COMPANY)
===========================
Ensure compliance with safety procedures according to the company policy and requirements.

JOB REFERENCE DETAILS
===================
Manual Name: 3M-2 DIESEL ENGINE VOL II;5303.pdf
Pdf Page No: 443, 444
Chapter: 4. Maintenance and Servicing
Section: 4.2.5 Thrust Bearing

DESCRIPTION
===========
1. Check the bearing.",,"Equipment tested satisfactorily after completion of ME Turbocharger Bearing, Visual Check - 4000H. No issues found.",f,2026-02-18 04:41:17.442484
746,COMP-1768374768130-yqa3gw7x0,601.004.02,7440571a-841a-11ed-aa7c-7003bca91a86,JOB-1768375697363-vlsr43081,MKR-IN-00063,WO-1770978832256-rgtg5az1w,MKR-IN-00063-601.004.02-2024-321,"ME Piston And Rings, Inspection - 500H",Maintenance,2024-07-17,,2nd Engineer,,2024-07-19,Approved,,,Small adjustments made to operating parameters. Equipment performance satisfactory.,f,2026-02-18 04:41:17.437144
745,COMP-1768374768127-i0rmry7ao,601.004.01,7440571a-841a-11ed-aa7c-7003bca91a86,JOB-1768375697152-3g29k6rfd,MKR-IN-00063,WO-1770978832256-pago54uxm,MKR-IN-00063-601.004.01-2024-298,"ME Piston And Rings, Inspection - 500H",Maintenance,2024-07-20,,2nd Engineer,,2024-07-21,Approved,,,Small adjustments made to operating parameters. Equipment performance satisfactory.,f,2026-02-18 04:41:17.432111
744,COMP-1768374768350-5w06yhebk,652.004.01,7440571a-841a-11ed-aa7c-7003bca91a86,JOB-1768375698085-0od3oa7kl,MKR-OV-00025,WO-1770978832254-trg17ko2d,MKR-OV-00025-652.004.01-2024-066,AE Pistons and Connecting Rods Overhaul - 4000H,Maintenance,2024-08-06,,2nd Engineer,,2024-08-09,Approved,,,Equipment tested satisfactorily after maintenance. No issues found.,f,2026-02-18 04:41:17.427324
743,COMP-1768374767694-c3z3ae6gk,80,7440571a-841a-11ed-aa7c-7003bca91a86,JOB-1768375698939-c9smwq2xh,MKR-SE-00024,WO-1770967515018-qv5aa8xow,UWO-80-2024-824,"BALLAST & BILGE SYSTEMS, GUTTER PIPES OUTSIDE ACCOMMOD. - Electrical Fault - Motor Trip",Servicing,2024-07-12,,4th Engineer,,2024-07-15,Approved,Motor tripped on overload. Investigated and rectified fault.,,All maintenance checks completed per OEM recommendations. Next scheduled service as per PMS.,f,2026-02-18 04:41:17.422253
742,COMP-1768374768313-qnnz6h4tq,651.020.07,7440571a-841a-11ed-aa7c-7003bca91a86,JOB-1768375697985-85od0lirt,MKR-IN-00018,WO-1770978832254-6wq9vb1ta,MKR-IN-00018-651.020.07-2024-060,"DG Cylinder Liner Water Jacket Parts, Cleaning - 5Y/16000H",Maintenance,2024-07-20,,4th Engineer,,2024-07-21,Approved,,,"Work on DG Cylinder Liner Water Jacket Parts, Cleaning - 5Y/16000H delayed due to operational requirements. Completed during next available window.",f,2026-02-18 04:41:17.417224
741,COMP-1768374768511-709kv1bk1,702.005.02,7440571a-841a-11ed-aa7c-7003bca91a86,JOB-1768375698538-eaypatso8,MKR-IN-00054,WO-1770967515004-2v6e1f575,WO-702.005.02-2024-234,"Purifier, Routine - 1W",Servicing,2024-07-14,,3rd Engineer,,2024-07-15,Approved,"SAFETY PROCEDURE (COMPANY)
===========================
Ensure compliance with safety procedures according to the company policy and requirements.

JOB REFERENCE DETAILS
===================
Manual Name: 8M-3 INSTRUCTION MANAUL FOR PURIFIER;5303.pdf
Pdf Page No: 56
Chapter: 3. Maintenance Inspection Procedures
Section: 3.1 Routine checks

DESCRIPTION
===========
Routine Checks :
1. Check the feed rate with respect to set feed rate for any changes.
2. Check the temperature with set temperature level.
3. Check the pressure of light liquid outlet is to be coincide roughly with the set pressure of the leakage.
4. Check for any increase in vibration.
5. Check for operational noise in gear pump and bearing etc. 
6. Check the rated current on daily basis.
7. Check the gear pump oil quantity. 
8. Check the safety joint of gears for any deformation.
9. Check for oil leakage in pipe joints.
10. Check & adjust pressure LED (yellow) lit or flashing for Leakage Monitor.
11. Check indicate revolution LED (green) is flashing for Discharge Monitor.",,Spare parts replaced as listed. Old parts retained for inspection/disposal.,f,2026-02-18 04:41:17.413047
740,COMP-1768374767933-vto5y1uh1,285.001.05,7440571a-841a-11ed-aa7c-7003bca91a86,JOB-1768375696851-ndejb6eas,MKR-IN-00072,WO-1770978832255-aco2jmhp0,MKR-IN-00072-285.001.05-2024-203,Ballast Tanks Inspection - 1M,Maintenance,2024-07-18,,2nd Engineer,,2024-07-20,Approved,,,Equipment tested satisfactorily after maintenance. No issues found.,f,2026-02-18 04:41:17.408308
739,COMP-1768374768284-zy8h7pj65,651.007.04,7440571a-841a-11ed-aa7c-7003bca91a86,JOB-1768375697794-agb5u0732,MKR-IN-00015,WO-1770978832254-qm56rhi7b,MKR-IN-00015-651.007.04-2024-041,"DG Main Bearing, Visual Check - 2Y/8000H",Maintenance,2024-07-25,,Electrican,,2024-07-28,Approved,,,"Additional observations during DG Main Bearing, Visual Check - 2Y/8000H - recommend follow-up at next scheduled interval.",f,2026-02-18 04:41:17.403519
738,COMP-1768374768350-5w06yhebk,652.004.01,7440571a-841a-11ed-aa7c-7003bca91a86,JOB-1768375698085-0od3oa7kl,MKR-OV-00025,WO-1770967515018-fzsffgmbb,UWO-652.004.01-2024-644,AE2 Pistons And Connecting Rod No.01 - Pump Seal Failure - Emergency Repair,Servicing,2024-07-20,,Chief Engineer,,2024-07-23,Approved,Pump seal found leaking during routine watch. Emergency repair carried out.,,Required spare parts replaced during AE2 Pistons And Connecting Rod No.01 - Pump Seal Failure - Emergency Repair. Old parts retained for inspection.,f,2026-02-18 04:41:17.398856
737,COMP-1768374768245-va8do1j4x,651.003.03,7440571a-841a-11ed-aa7c-7003bca91a86,JOB-1768375697725-n4b6pwj8y,MKR-IN-00085,WO-1770967515019-42sr30ig9,UWO-651.003.03-2024-860,AE1 Cylinder Liners No.03 - Valve Leakage - Immediate Repair,Servicing,2024-07-19,,2nd Engineer,,2024-07-21,Approved,Valve found leaking during rounds. Repacked gland and replaced gasket.,,All equipment tested satisfactorily post-maintenance. No abnormalities detected.,f,2026-02-18 04:41:17.394068
736,COMP-1768374768263-y0sejoebv,651.004.03,7440571a-841a-11ed-aa7c-7003bca91a86,JOB-1768375697756-6pyeq7jdu,MKR-OV-00025,WO-1770967515017-hca2993pp,UWO-651.004.03-2024-519,AE1 Pistons And Connecting Rod No.03 - Fuel System Contamination,Servicing,2024-07-20,,3rd Engineer,,2024-07-22,Approved,Fuel oil contamination detected. Purifier and filters cleaned/replaced.,,Additional findings noted - recommend follow-up inspection during next scheduled maintenance.,f,2026-02-18 04:41:17.388574
735,COMP-1768374768511-709kv1bk1,702.005.02,7440571a-841a-11ed-aa7c-7003bca91a86,JOB-1768375698538-eaypatso8,MKR-IN-00054,WO-1770967515004-080bm3nxt,WO-702.005.02-2024-235,"Purifier, Routine - 1W",Servicing,2024-07-20,,3rd Engineer,,2024-07-21,Approved,"SAFETY PROCEDURE (COMPANY)
===========================
Ensure compliance with safety procedures according to the company policy and requirements.

JOB REFERENCE DETAILS
===================
Manual Name: 8M-3 INSTRUCTION MANAUL FOR PURIFIER;5303.pdf
Pdf Page No: 56
Chapter: 3. Maintenance Inspection Procedures
Section: 3.1 Routine checks

DESCRIPTION
===========
Routine Checks :
1. Check the feed rate with respect to set feed rate for any changes.
2. Check the temperature with set temperature level.
3. Check the pressure of light liquid outlet is to be coincide roughly with the set pressure of the leakage.
4. Check for any increase in vibration.
5. Check for operational noise in gear pump and bearing etc. 
6. Check the rated current on daily basis.
7. Check the gear pump oil quantity. 
8. Check the safety joint of gears for any deformation.
9. Check for oil leakage in pipe joints.
10. Check & adjust pressure LED (yellow) lit or flashing for Leakage Monitor.
11. Check indicate revolution LED (green) is flashing for Discharge Monitor.",,All checks completed as per manufacturer guidelines. Next service due as scheduled.,f,2026-02-18 04:41:17.384322
734,COMP-1768374768127-i0rmry7ao,601.004.01,7440571a-841a-11ed-aa7c-7003bca91a86,JOB-1768375697152-3g29k6rfd,MKR-IN-00063,WO-1770978832256-6xtq0c7ki,MKR-IN-00063-601.004.01-2024-299,"ME Piston And Rings, Inspection - 500H",Maintenance,2024-08-04,,Electrican,,2024-08-06,Approved,,,"Required spare parts replaced during ME Piston And Rings, Inspection - 500H. Old parts retained for inspection.",f,2026-02-18 04:41:17.378943
733,COMP-1768374768511-709kv1bk1,702.005.02,7440571a-841a-11ed-aa7c-7003bca91a86,JOB-1768375698538-eaypatso8,MKR-IN-00054,WO-1770967515004-xpuzuqar0,WO-702.005.02-2024-236,"Purifier, Routine - 1W",Servicing,2024-07-26,,3rd Engineer,,2024-07-27,Approved,"SAFETY PROCEDURE (COMPANY)
===========================
Ensure compliance with safety procedures according to the company policy and requirements.

JOB REFERENCE DETAILS
===================
Manual Name: 8M-3 INSTRUCTION MANAUL FOR PURIFIER;5303.pdf
Pdf Page No: 56
Chapter: 3. Maintenance Inspection Procedures
Section: 3.1 Routine checks

DESCRIPTION
===========
Routine Checks :
1. Check the feed rate with respect to set feed rate for any changes.
2. Check the temperature with set temperature level.
3. Check the pressure of light liquid outlet is to be coincide roughly with the set pressure of the leakage.
4. Check for any increase in vibration.
5. Check for operational noise in gear pump and bearing etc. 
6. Check the rated current on daily basis.
7. Check the gear pump oil quantity. 
8. Check the safety joint of gears for any deformation.
9. Check for oil leakage in pipe joints.
10. Check & adjust pressure LED (yellow) lit or flashing for Leakage Monitor.
11. Check indicate revolution LED (green) is flashing for Discharge Monitor.",,Consumable parts replaced as per maintenance plan. Used parts stored for disposal.,f,2026-02-18 04:41:17.375356
732,COMP-1768374768245-va8do1j4x,651.003.03,7440571a-841a-11ed-aa7c-7003bca91a86,JOB-1768375697725-n4b6pwj8y,MKR-IN-00085,WO-1770978832259-zk5youqe1,MKR-IN-00085-651.003.03-2024-566,AE Cylinder Liner Inspection - 1M,Maintenance,2024-08-05,,4th Engineer,,2024-08-07,Approved,,,Additional findings noted - recommend follow-up inspection during next scheduled maintenance.,f,2026-02-18 04:41:17.37142
731,COMP-1768374768342-0re8c70di,652.003.04,7440571a-841a-11ed-aa7c-7003bca91a86,JOB-1768375698069-j6vg6yyo2,MKR-IN-00085,WO-1770978832260-r4vrg5ifh,MKR-IN-00085-652.003.04-2024-672,AE Cylinder Liner Inspection - 1M,Maintenance,2024-08-08,,Electrican,,2024-08-11,Approved,,,Equipment tested satisfactorily after maintenance. No issues found.,f,2026-02-18 04:41:17.36688
730,COMP-1768374767669-yjx9vuiay,7,7440571a-841a-11ed-aa7c-7003bca91a86,JOB-1768375698505-5h32zwd3i,MKR-IN-00054,WO-1770967515018-iqqw5ifmq,UWO-7-2024-759,SYSTEMS FOR MACHINERY MAIN COMPONENTS - Bearing Overheating - Emergency Maintenance,Servicing,2024-07-25,,2nd Engineer,,2024-07-28,Approved,Bearing temperature rising above normal. Emergency maintenance carried out.,,All equipment tested satisfactorily post-maintenance. No abnormalities detected.,f,2026-02-18 04:41:17.362113
729,COMP-1768374767845-490ayszf9,601.064,7440571a-841a-11ed-aa7c-7003bca91a86,JOB-1768375697624-8syczggwk,MKR-IN-00065,WO-1770967515019-87n52zzw4,UWO-601.064-2024-876,ME Turning Gear - Fuel System Contamination,Servicing,2024-08-05,,2nd Engineer,,2024-08-08,Approved,Fuel oil contamination detected. Purifier and filters cleaned/replaced.,,All checks completed as per manufacturer guidelines. Next service due as scheduled.,f,2026-02-18 04:41:17.357422
728,COMP-1768374767837-m3bhk56ru,601.059,7440571a-841a-11ed-aa7c-7003bca91a86,JOB-1768375697612-dr4ya0drk,MKR-IN-00078,WO-1770978832258-39ssei9yk,MKR-IN-00078-601.059-2024-443,Main Engine – Exhaust Gas Manifolds & Pipes with Insulation Inspection - 1M,Maintenance,2024-08-19,,Electrican,,2024-08-20,Approved,,,All maintenance checks completed per OEM recommendations. Next scheduled service as per PMS.,f,2026-02-18 04:41:17.352799
727,COMP-1768374768257-4wkh4k432,651.004.01,7440571a-841a-11ed-aa7c-7003bca91a86,JOB-1768375697746-s7saml8xs,MKR-OV-00025,WO-1770978832254-sjrq2xjm5,MKR-OV-00025-651.004.01-2024-022,AE Pistons and Connecting Rods Overhaul - 4000H,Maintenance,2024-08-08,,Electrican,,2024-08-09,Approved,,,Equipment tested satisfactorily after completion of AE Pistons and Connecting Rods Overhaul - 4000H. No issues found.,f,2026-02-18 04:41:17.348784
726,COMP-1768374768221-1uo61tqy1,651.002.01,7440571a-841a-11ed-aa7c-7003bca91a86,JOB-1768375697677-l4b48zr2y,MKR-IN-00080,WO-1770978832259-vn59gcesj,MKR-IN-00080-651.002.01-2024-502,AE Cylinder Covers with Valves Inspection - 1M,Maintenance,2024-08-09,,2nd Engineer,,2024-08-10,Approved,,,All checks completed as per manufacturer guidelines. Next service due as scheduled.,f,2026-02-18 04:41:17.344636
725,COMP-1768374768474-rq2pj4dpy,653.007.04,7440571a-841a-11ed-aa7c-7003bca91a86,JOB-1768375698383-mztqkv98p,MKR-IN-00015,WO-1770978832255-wbuguuqpc,MKR-IN-00015-653.007.04-2024-131,"DG Main Bearing, Visual Check - 2Y/8000H",Maintenance,2024-08-24,,4th Engineer,,2024-08-26,Approved,,,"Minor adjustments carried out during DG Main Bearing, Visual Check - 2Y/8000H. Performance within acceptable parameters.",f,2026-02-18 04:41:17.339692
724,COMP-1768374768443-sj0hmblft,653.003.06,7440571a-841a-11ed-aa7c-7003bca91a86,JOB-1768375698327-s9rfxwr8p,MKR-IN-00085,WO-1770967515004-n167g4c6w,WO-653.003.06-2024-370,AE Cylinder Liner Inspection - 1M,Servicing,2024-08-08,,3rd Engineer,,2024-08-11,Approved,"SAFETY PROCEDURE (COMPANY)
===========================
Ensure compliance with safety procedures according to the company policy and requirements.

DESCRIPTION
===========
1. Liner Condition (Visual / Indirect)

Check for abnormal scavenge space condition (if accessible).

Look for signs of scuffing, scoring, or polishing (based on inspection ports or trend data).

Monitor liner condition through performance parameters if direct access is not possible.

2. Lubrication

Verify cylinder lubrication rate (if applicable) is as per maker’s recommendation.

Check lube oil distribution and absence of oil starvation signs.

Review lube oil consumption trends.

3. Cooling & Sealing

Monitor jacket water temperature and pressure related to cylinder No.01.

Check for cooling water leakage into cylinder or crankcase.

Verify condition of liner sealing arrangements (indirect observation).",,Work on AE Cylinder Liner Inspection - 1M delayed due to operational requirements. Completed during next available window.,f,2026-02-18 04:41:17.335527
723,COMP-1768374768239-6wbm7nkr9,651.003.01,7440571a-841a-11ed-aa7c-7003bca91a86,JOB-1768375697715-p7a1yt6pq,MKR-IN-00085,WO-1770967515004-q6b181b3t,WO-651.003.01-2024-334,AE Cylinder Liner Inspection - 1M,Servicing,2024-08-19,,3rd Engineer,,2024-08-20,Approved,"SAFETY PROCEDURE (COMPANY)
===========================
Ensure compliance with safety procedures according to the company policy and requirements.

DESCRIPTION
===========
1. Liner Condition (Visual / Indirect)

Check for abnormal scavenge space condition (if accessible).

Look for signs of scuffing, scoring, or polishing (based on inspection ports or trend data).

Monitor liner condition through performance parameters if direct access is not possible.

2. Lubrication

Verify cylinder lubrication rate (if applicable) is as per maker’s recommendation.

Check lube oil distribution and absence of oil starvation signs.

Review lube oil consumption trends.

3. Cooling & Sealing

Monitor jacket water temperature and pressure related to cylinder No.01.

Check for cooling water leakage into cylinder or crankcase.

Verify condition of liner sealing arrangements (indirect observation).",,Equipment tested satisfactorily after maintenance. No issues found.,f,2026-02-18 04:41:17.330848
722,COMP-1768374768204-bxjta0rjx,601.066.01,7440571a-841a-11ed-aa7c-7003bca91a86,JOB-1768375697629-njv3hbmjn,MKR-IN-00079,WO-1770978832259-x6z4uo02r,MKR-IN-00079-601.066.01-2024-459,Main Engine – Indicator Valves & Indicators Inspection - 1M,Maintenance,2024-08-24,,2nd Engineer,,2024-08-26,Approved,,,Additional findings noted - recommend follow-up inspection during next scheduled maintenance.,f,2026-02-18 04:41:17.326638
721,COMP-1768374768134-1plkxrd1k,601.004.03,7440571a-841a-11ed-aa7c-7003bca91a86,JOB-1768375697375-cr8tdi34d,MKR-IN-00063,WO-1770978832256-c0aisnvvc,MKR-IN-00063-601.004.03-2024-324,"ME Piston And Rings, Inspection - 500H",Maintenance,2024-08-15,,4th Engineer,,2024-08-17,Approved,,,Equipment tested satisfactorily after maintenance. No issues found.,f,2026-02-18 04:41:17.322025
720,COMP-1768374768511-709kv1bk1,702.005.02,7440571a-841a-11ed-aa7c-7003bca91a86,JOB-1768375698538-eaypatso8,MKR-IN-00054,WO-1770967515004-pacl5ngoq,WO-702.005.02-2024-237,"Purifier, Routine - 1W",Servicing,2024-08-03,,3rd Engineer,,2024-08-04,Approved,"SAFETY PROCEDURE (COMPANY)
===========================
Ensure compliance with safety procedures according to the company policy and requirements.

JOB REFERENCE DETAILS
===================
Manual Name: 8M-3 INSTRUCTION MANAUL FOR PURIFIER;5303.pdf
Pdf Page No: 56
Chapter: 3. Maintenance Inspection Procedures
Section: 3.1 Routine checks

DESCRIPTION
===========
Routine Checks :
1. Check the feed rate with respect to set feed rate for any changes.
2. Check the temperature with set temperature level.
3. Check the pressure of light liquid outlet is to be coincide roughly with the set pressure of the leakage.
4. Check for any increase in vibration.
5. Check for operational noise in gear pump and bearing etc. 
6. Check the rated current on daily basis.
7. Check the gear pump oil quantity. 
8. Check the safety joint of gears for any deformation.
9. Check for oil leakage in pipe joints.
10. Check & adjust pressure LED (yellow) lit or flashing for Leakage Monitor.
11. Check indicate revolution LED (green) is flashing for Discharge Monitor.",,"Required spare parts replaced during Purifier, Routine - 1W. Old parts retained for inspection.",f,2026-02-18 04:41:17.316986
719,COMP-1768374767884-8s61xigy8,653.018,7440571a-841a-11ed-aa7c-7003bca91a86,JOB-1768375698405-dy502mchl,MKR-IN-00086,WO-1770967515018-nxgddx5g9,UWO-653.018-2024-646,AE3 Crankcases - Pump Seal Failure - Emergency Repair,Servicing,2024-08-06,,4th Engineer,,2024-08-07,Approved,Pump seal found leaking during routine watch. Emergency repair carried out.,,Checks completed as per manufacturer guidelines for AE3 Crankcases - Pump Seal Failure - Emergency Repair. Next service due as scheduled.,f,2026-02-18 04:41:17.312275
718,COMP-1768374767752-uevd05z4o,652.004,7440571a-841a-11ed-aa7c-7003bca91a86,JOB-1768375698085-0od3oa7kl,MKR-OV-00025,WO-1770967515019-tpb3n6zgx,UWO-652.004-2024-866,AE2 Pistons And Connecting Rod - Alarm Investigation - System Check,Servicing,2024-08-29,,3rd Engineer,,2024-09-01,Approved,Investigated alarm. Found faulty sensor/connection. Rectified.,,Equipment tested satisfactorily after maintenance. No issues found.,f,2026-02-18 04:41:17.308085
717,COMP-1768374767879-whkjy1n4i,653.001,7440571a-841a-11ed-aa7c-7003bca91a86,JOB-1768375698249-857uxmj8e,MKR-IN-00014,WO-1770967515018-cms004k8y,UWO-653.001-2024-787,"Aux. Diesel Generator Aggregates, Complete No.03 - Filter Blockage - Emergency Cleaning",Servicing,2024-08-07,,Chief Engineer,,2024-08-09,Approved,Filter differential pressure high. Emergency cleaning/replacement carried out.,,"Equipment tested satisfactorily after completion of Aux. Diesel Generator Aggregates, Complete No.03 - Filter Blockage - Emergency Cleaning. No issues found.",f,2026-02-18 04:41:17.302918
716,COMP-1768374767834-dbncpiany,601.053,7440571a-841a-11ed-aa7c-7003bca91a86,JOB-1768375697585-z6leju6xr,MKR-IN-00066,WO-1770967515015-zrnlueudg,WO-601.053-2024-437,"ME Turbocharger Turbine, Cleaning - 500H",Servicing,2024-08-10,,2nd Engineer,,2024-08-12,Approved,"SAFETY PROCEDURE (COMPANY)
===========================
Ensure compliance with safety procedures according to the company policy and requirements.

JOB REFERENCE DETAILS
===================
Manual Name: 3M-2 DIESEL ENGINE VOL II;5303.pdf
Pdf Page No: 196, 171, 172
Job Reference: Group No. 400
Chapter: Maintenance Schedule Of Main Parts


DESCRIPTION
===========
1. Cleaning of turbine side of turbocharger to be carried out (vegetal solid cleaning).",,All equipment tested satisfactorily post-maintenance. No abnormalities detected.,f,2026-02-18 04:41:17.298895
715,COMP-1768374768511-709kv1bk1,702.005.02,7440571a-841a-11ed-aa7c-7003bca91a86,JOB-1768375698538-eaypatso8,MKR-IN-00054,WO-1770967515004-zb82wydwx,WO-702.005.02-2024-238,"Purifier, Routine - 1W",Servicing,2024-08-11,,3rd Engineer,,2024-08-14,Approved,"SAFETY PROCEDURE (COMPANY)
===========================
Ensure compliance with safety procedures according to the company policy and requirements.

JOB REFERENCE DETAILS
===================
Manual Name: 8M-3 INSTRUCTION MANAUL FOR PURIFIER;5303.pdf
Pdf Page No: 56
Chapter: 3. Maintenance Inspection Procedures
Section: 3.1 Routine checks

DESCRIPTION
===========
Routine Checks :
1. Check the feed rate with respect to set feed rate for any changes.
2. Check the temperature with set temperature level.
3. Check the pressure of light liquid outlet is to be coincide roughly with the set pressure of the leakage.
4. Check for any increase in vibration.
5. Check for operational noise in gear pump and bearing etc. 
6. Check the rated current on daily basis.
7. Check the gear pump oil quantity. 
8. Check the safety joint of gears for any deformation.
9. Check for oil leakage in pipe joints.
10. Check & adjust pressure LED (yellow) lit or flashing for Leakage Monitor.
11. Check indicate revolution LED (green) is flashing for Discharge Monitor.",,Equipment tested satisfactorily after maintenance. No issues found.,f,2026-02-18 04:41:17.294095
714,COMP-1768374767950-2ln09g0jp,285.001.10,7440571a-841a-11ed-aa7c-7003bca91a86,JOB-1768375696881-rh3q9wjwg,MKR-IN-00072,WO-1770978832256-g5pbutayt,MKR-IN-00072-285.001.10-2024-259,Ballast Tanks Inspection - 1M,Maintenance,2024-08-28,,Chief Engineer,,2024-08-31,Approved,,,Work delayed due to weather/operational constraints. Completed during port stay.,f,2026-02-18 04:41:17.289163
713,COMP-1768374768410-eurzscqdj,653.002.01,7440571a-841a-11ed-aa7c-7003bca91a86,JOB-1768375698254-e7d6bn0wz,MKR-IN-00080,WO-1770978832260-r3d9pulup,MKR-IN-00080-653.002.01-2024-678,AE Cylinder Covers with Valves Inspection - 1M,Maintenance,2024-08-21,,Chief Engineer,,2024-08-23,Approved,,,Completion delayed due to vessel operational schedule. Work carried out during port call.,f,2026-02-18 04:41:17.284837
712,COMP-1768374768403-ff6oqf0bg,652.020.06,7440571a-841a-11ed-aa7c-7003bca91a86,JOB-1768375698213-xs0tfjxv7,MKR-IN-00017,WO-1770967515018-iiage1mtj,UWO-652.020.06-2024-806,AE2 Crankcase Doors W/Safety Valve No.06 - Fuel System Contamination,Servicing,2024-08-10,,Chief Engineer,,2024-08-11,Approved,Fuel oil contamination detected. Purifier and filters cleaned/replaced.,,Required spare parts replaced during AE2 Crankcase Doors W/Safety Valve No.06 - Fuel System Contamination. Old parts retained for inspection.,f,2026-02-18 04:41:17.279572
711,COMP-1768374768251-oq1j3zcya,651.003.05,7440571a-841a-11ed-aa7c-7003bca91a86,JOB-1768375697736-r5yb7e729,MKR-IN-00085,WO-1770967515018-axdwxorfp,UWO-651.003.05-2024-726,AE1 Cylinder Liners No.05 - Pump Seal Failure - Emergency Repair,Servicing,2024-08-13,,3rd Engineer,,2024-08-16,Approved,Pump seal found leaking during routine watch. Emergency repair carried out.,,Additional findings noted - recommend follow-up inspection during next scheduled maintenance.,f,2026-02-18 04:41:17.27482
710,COMP-1768374768225-48hk6uhgn,651.002.02,7440571a-841a-11ed-aa7c-7003bca91a86,JOB-1768375697685-xfdk7mrhe,MKR-IN-00080,WO-1770978832259-llyjo0jsz,MKR-IN-00080-651.002.02-2024-509,AE Cylinder Covers with Valves Inspection - 1M,Maintenance,2024-08-26,,Chief Engineer,,2024-08-29,Approved,,,Equipment tested satisfactorily after maintenance. No issues found.,f,2026-02-18 04:41:17.269879
709,COMP-1768374768227-7efnvx4gv,651.002.03,7440571a-841a-11ed-aa7c-7003bca91a86,JOB-1768375697692-acj96mboz,MKR-IN-00080,WO-1770978832259-zjtofq0xy,MKR-IN-00080-651.002.03-2024-523,AE Cylinder Covers with Valves Inspection - 1M,Maintenance,2024-08-19,,2nd Engineer,,2024-08-22,Approved,,,Additional observations during AE Cylinder Covers with Valves Inspection - 1M - recommend follow-up at next scheduled interval.,f,2026-02-18 04:41:17.265479
708,COMP-1768374768149-xq053ewev,601.005.02,7440571a-841a-11ed-aa7c-7003bca91a86,JOB-1768375697418-2fk1daqf0,MKR-IN-00076,WO-1770978832258-yp6bdummv,MKR-IN-00076-601.005.02-2024-399,"Main Engine – Connecting Rods, Crosshead & Guide Assemblies Inspection - 1M",Maintenance,2024-08-29,,4th Engineer,,2024-08-31,Approved,,,Equipment tested satisfactorily after maintenance. No issues found.,f,2026-02-18 04:41:17.260326
707,COMP-1768374767782-h9rrg02lo,712.013,7440571a-841a-11ed-aa7c-7003bca91a86,JOB-1768375698825-n1fec5qo8,MKR-IN-00059,WO-1770967515018-8jwb7nyoq,UWO-712.013-2024-801,LO Separator Booster Pumps - Valve Leakage - Immediate Repair,Servicing,2024-08-13,,2nd Engineer,,2024-08-16,Approved,Valve found leaking during rounds. Repacked gland and replaced gasket.,,All equipment tested satisfactorily post-maintenance. No abnormalities detected.,f,2026-02-18 04:41:17.254625
706,COMP-1768374768511-709kv1bk1,702.005.02,7440571a-841a-11ed-aa7c-7003bca91a86,JOB-1768375698538-eaypatso8,MKR-IN-00054,WO-1770967515004-p5gdq37wq,WO-702.005.02-2024-239,"Purifier, Routine - 1W",Servicing,2024-08-16,,3rd Engineer,,2024-08-19,Approved,"SAFETY PROCEDURE (COMPANY)
===========================
Ensure compliance with safety procedures according to the company policy and requirements.

JOB REFERENCE DETAILS
===================
Manual Name: 8M-3 INSTRUCTION MANAUL FOR PURIFIER;5303.pdf
Pdf Page No: 56
Chapter: 3. Maintenance Inspection Procedures
Section: 3.1 Routine checks

DESCRIPTION
===========
Routine Checks :
1. Check the feed rate with respect to set feed rate for any changes.
2. Check the temperature with set temperature level.
3. Check the pressure of light liquid outlet is to be coincide roughly with the set pressure of the leakage.
4. Check for any increase in vibration.
5. Check for operational noise in gear pump and bearing etc. 
6. Check the rated current on daily basis.
7. Check the gear pump oil quantity. 
8. Check the safety joint of gears for any deformation.
9. Check for oil leakage in pipe joints.
10. Check & adjust pressure LED (yellow) lit or flashing for Leakage Monitor.
11. Check indicate revolution LED (green) is flashing for Discharge Monitor.",,Work delayed due to weather/operational constraints. Completed during port stay.,f,2026-02-18 04:41:17.25034
705,COMP-1768374768416-q9owaqn6y,653.002.03,7440571a-841a-11ed-aa7c-7003bca91a86,JOB-1768375698269-9son183iw,MKR-IN-00080,WO-1770978832261-p3pxxdkcf,MKR-IN-00080-653.002.03-2024-697,AE Cylinder Covers with Valves Inspection - 1M,Maintenance,2024-08-23,,Electrican,,2024-08-26,Approved,,,Spare parts replaced as listed. Old parts retained for inspection/disposal.,f,2026-02-18 04:41:17.245131
704,COMP-1768374768008-2wylx0zj5,601.003.03,7440571a-841a-11ed-aa7c-7003bca91a86,JOB-1768375697126-qtf6w0luu,MKR-OV-00012,WO-1770967515018-ayonidwsg,UWO-601.003.03-2024-710,ME Cylinder Liners No.03 - Sensor Failure - Replacement,Servicing,2024-08-21,,Chief Engineer,,2024-08-23,Approved,Temperature/pressure sensor giving erratic readings. Replaced sensor.,,Equipment tested satisfactorily after maintenance. No issues found.,f,2026-02-18 04:41:17.241074
703,COMP-1768374767735-1mufedlaf,651.003,7440571a-841a-11ed-aa7c-7003bca91a86,JOB-1768375697715-p7a1yt6pq,MKR-IN-00085,WO-1770967515017-hjeeijpan,UWO-651.003-2024-564,AE1 Cylinder Liners - Fuel System Contamination,Servicing,2024-08-13,,4th Engineer,,2024-08-16,Approved,Fuel oil contamination detected. Purifier and filters cleaned/replaced.,,Equipment tested satisfactorily after completion of AE1 Cylinder Liners - Fuel System Contamination. No issues found.,f,2026-02-18 04:41:17.235983
702,COMP-1768374768143-4kulzp9vp,601.004.06,7440571a-841a-11ed-aa7c-7003bca91a86,JOB-1768375697407-3iv0aw13h,MKR-IN-00063,WO-1770978832258-0navg8ujk,MKR-IN-00063-601.004.06-2024-376,"ME Piston And Rings, Inspection - 500H",Maintenance,2024-08-28,,2nd Engineer,,2024-08-29,Approved,,,Additional findings noted - recommend follow-up inspection during next scheduled maintenance.,f,2026-02-18 04:41:17.231397
701,COMP-1768374768195-aoo2pfpax,601.026.04,7440571a-841a-11ed-aa7c-7003bca91a86,JOB-1768375697545-vr1g8dafi,MKR-SE-00020,WO-1770967515019-wc6vhu09f,UWO-601.026.04-2024-842,ME Hp Fuel Pumps No.04 - Fuel System Contamination,Servicing,2024-08-18,,Chief Engineer,,2024-08-20,Approved,Fuel oil contamination detected. Purifier and filters cleaned/replaced.,,Minor adjustments carried out during ME Hp Fuel Pumps No.04 - Fuel System Contamination. Performance within acceptable parameters.,f,2026-02-18 04:41:17.226949
700,COMP-1768374768328-zwpifp57r,652.002.05,7440571a-841a-11ed-aa7c-7003bca91a86,JOB-1768375698041-wutf3wqif,MKR-IN-00080,WO-1770967515018-5e6vwtsqp,UWO-652.002.05-2024-742,AE2 Cylinder Covers W/Valves No.05 - Electrical Fault - Motor Trip,Servicing,2024-08-20,,2nd Engineer,,2024-08-23,Approved,Motor tripped on overload. Investigated and rectified fault.,,Equipment tested satisfactorily after completion of AE2 Cylinder Covers W/Valves No.05 - Electrical Fault - Motor Trip. No issues found.,f,2026-02-18 04:41:17.22213
699,COMP-1768374767660-x634wz3az,653,7440571a-841a-11ed-aa7c-7003bca91a86,JOB-1768375698249-857uxmj8e,MKR-IN-00014,WO-1770967515018-3i80me9yw,UWO-653-2024-777,MOTOR AGGREGATES NO.03 - Fuel System Contamination,Servicing,2024-08-19,,2nd Engineer,,2024-08-21,Approved,Fuel oil contamination detected. Purifier and filters cleaned/replaced.,,Minor adjustments carried out during MOTOR AGGREGATES NO.03 - Fuel System Contamination. Performance within acceptable parameters.,f,2026-02-18 04:41:17.218063
698,COMP-1768374767936-bgz64dkel,285.001.06,7440571a-841a-11ed-aa7c-7003bca91a86,JOB-1768375696857-ts9yqo7ko,MKR-IN-00072,WO-1770978832255-occlo8nso,MKR-IN-00072-285.001.06-2024-211,Ballast Tanks Inspection - 1M,Maintenance,2024-08-25,,2nd Engineer,,2024-08-26,Approved,,,Equipment tested satisfactorily after maintenance. No issues found.,f,2026-02-18 04:41:17.213457
697,COMP-1768374768339-pzyj156x4,652.003.03,7440571a-841a-11ed-aa7c-7003bca91a86,JOB-1768375698065-nln0wy605,MKR-IN-00085,WO-1770978832260-uj55saa2r,MKR-IN-00085-652.003.03-2024-660,AE Cylinder Liner Inspection - 1M,Maintenance,2024-08-24,,4th Engineer,,2024-08-27,Approved,,,All equipment tested satisfactorily post-maintenance. No abnormalities detected.,f,2026-02-18 04:41:17.206743
696,COMP-1768374767929-zn4ptm8ru,285.001.04,7440571a-841a-11ed-aa7c-7003bca91a86,JOB-1768375696845-n6aj2hzvt,MKR-IN-00072,WO-1770978832255-anj1x6eph,MKR-IN-00072-285.001.04-2024-190,Ballast Tanks Inspection - 1M,Maintenance,2024-09-03,,Chief Engineer,,2024-09-05,Approved,,,Work delayed due to weather/operational constraints. Completed during port stay.,f,2026-02-18 04:41:17.201993
695,COMP-1768374767837-m3bhk56ru,601.059,7440571a-841a-11ed-aa7c-7003bca91a86,JOB-1768375697612-dr4ya0drk,MKR-IN-00078,WO-1770967515018-f1ereqwpw,UWO-601.059-2024-645,ME Exhaust Gas Manifolds/Pipes W/Insulation - Electrical Fault - Motor Trip,Servicing,2024-08-23,,3rd Engineer,,2024-08-24,Approved,Motor tripped on overload. Investigated and rectified fault.,,Work on ME Exhaust Gas Manifolds/Pipes W/Insulation - Electrical Fault - Motor Trip delayed due to operational requirements. Completed during next available window.,f,2026-02-18 04:41:17.195969
694,COMP-1768374767815-k5anrfi02,554.001,7440571a-841a-11ed-aa7c-7003bca91a86,JOB-1768375697024-mv8z11rnt,MKR-IN-00048,WO-1770967515015-kua2rzn0v,WO-554.001-2024-412,"Provision Refrigeration Unit Parts, Inspection - 5000H",Servicing,2024-08-26,,2nd Engineer,,2024-08-28,Approved,"SAFETY PROCEDURE (COMPANY)
===========================
Ensure compliance with safety procedures according to the company policy and requirements.

JOB REFERENCE DETAILS
===================
Manual Name: 2F-16 UNIT TYPE PROV. REF. CHAMBER;5303.pdf
Pdf Page No: 118
Chapter: Standard Working Period & Limit Of Wear For Each Part


DESCRIPTION
===========
1. Inspect the each part for every 5000 hours of operation and replace the limit of wear.
2. Replace the refrigeration oil and clean the each part.",,"Equipment tested satisfactorily after completion of Provision Refrigeration Unit Parts, Inspection - 5000H. No issues found.",f,2026-02-18 04:41:17.190425
693,COMP-1768374768175-35eegw2jt,601.007.05,7440571a-841a-11ed-aa7c-7003bca91a86,JOB-1768375697467-plpyxbhph,MKR-IN-00064,WO-1770978832258-dkwabbwr3,MKR-IN-00064-601.007.05-2024-430,"ME Main Bearing Clearance, Inspection - 6000H",Maintenance,2024-09-06,,Chief Engineer,,2024-09-08,Approved,,,"Additional observations during ME Main Bearing Clearance, Inspection - 6000H - recommend follow-up at next scheduled interval.",f,2026-02-18 04:41:17.183243
692,COMP-1768374768213-mhhjqq443,601.066.04,7440571a-841a-11ed-aa7c-7003bca91a86,JOB-1768375697647-x4f6dmknx,MKR-IN-00079,WO-1770967515018-5gkq17azp,UWO-601.066.04-2024-706,ME Indicators No.04 - Alarm Investigation - System Check,Servicing,2024-08-24,,2nd Engineer,,2024-08-26,Approved,Investigated alarm. Found faulty sensor/connection. Rectified.,,Spare parts replaced as listed. Old parts retained for inspection/disposal.,f,2026-02-18 04:41:17.17724
691,COMP-1768374767619-k2joo21sq,41,7440571a-841a-11ed-aa7c-7003bca91a86,JOB-1768375696923-b1p23n9g6,MKR-IN-00045,WO-1770967515019-gvghuhvas,UWO-41-2024-853,NAVIGATION & SEARCHING EQUIPMENT - Bearing Overheating - Emergency Maintenance,Servicing,2024-08-24,,Chief Engineer,,2024-08-27,Approved,Bearing temperature rising above normal. Emergency maintenance carried out.,,Minor additional findings recorded. Follow-up inspection recommended during next maintenance period.,f,2026-02-18 04:41:17.172455
690,COMP-1768374768511-709kv1bk1,702.005.02,7440571a-841a-11ed-aa7c-7003bca91a86,JOB-1768375698538-eaypatso8,MKR-IN-00054,WO-1770967515004-ov22ix3kv,WO-702.005.02-2024-240,"Purifier, Routine - 1W",Servicing,2024-08-23,,3rd Engineer,,2024-08-26,Approved,"SAFETY PROCEDURE (COMPANY)
===========================
Ensure compliance with safety procedures according to the company policy and requirements.

JOB REFERENCE DETAILS
===================
Manual Name: 8M-3 INSTRUCTION MANAUL FOR PURIFIER;5303.pdf
Pdf Page No: 56
Chapter: 3. Maintenance Inspection Procedures
Section: 3.1 Routine checks

DESCRIPTION
===========
Routine Checks :
1. Check the feed rate with respect to set feed rate for any changes.
2. Check the temperature with set temperature level.
3. Check the pressure of light liquid outlet is to be coincide roughly with the set pressure of the leakage.
4. Check for any increase in vibration.
5. Check for operational noise in gear pump and bearing etc. 
6. Check the rated current on daily basis.
7. Check the gear pump oil quantity. 
8. Check the safety joint of gears for any deformation.
9. Check for oil leakage in pipe joints.
10. Check & adjust pressure LED (yellow) lit or flashing for Leakage Monitor.
11. Check indicate revolution LED (green) is flashing for Discharge Monitor.",,"Minor adjustments carried out during Purifier, Routine - 1W. Performance within acceptable parameters.",f,2026-02-18 04:41:17.16549
689,COMP-1768374767942-1vyf5zpk2,285.001.08,7440571a-841a-11ed-aa7c-7003bca91a86,JOB-1768375696869-5sqfen2xp,MKR-IN-00072,WO-1770978832256-ddd9dpde9,MKR-IN-00072-285.001.08-2024-238,Ballast Tanks Inspection - 1M,Maintenance,2024-08-26,,2nd Engineer,,2024-08-27,Approved,,,Additional findings noted - recommend follow-up inspection during next scheduled maintenance.,f,2026-02-18 04:41:17.159946
688,COMP-1768374768157-suzt374w7,601.005.05,7440571a-841a-11ed-aa7c-7003bca91a86,JOB-1768375697435-jappx7g00,MKR-IN-00076,WO-1770978832258-q906d5w1q,MKR-IN-00076-601.005.05-2024-407,"Main Engine – Connecting Rods, Crosshead & Guide Assemblies Inspection - 1M",Maintenance,2024-09-03,,2nd Engineer,,2024-09-06,Approved,,,Small adjustments made to operating parameters. Equipment performance satisfactory.,f,2026-02-18 04:41:17.152767
687,COMP-1768374768161-fwhsrv4rs,601.005.06,7440571a-841a-11ed-aa7c-7003bca91a86,JOB-1768375697440-jtfr7vtfi,MKR-IN-00076,WO-1770978832258-n4fphkrqn,MKR-IN-00076-601.005.06-2024-424,"Main Engine – Connecting Rods, Crosshead & Guide Assemblies Inspection - 1M",Maintenance,2024-09-03,,Chief Engineer,,2024-09-04,Approved,,,"Minor adjustments carried out during Main Engine – Connecting Rods, Crosshead & Guide Assemblies Inspection - 1M. Performance within acceptable parameters.",f,2026-02-18 04:41:17.147114
686,COMP-1768374768453-0fijrjtu3,653.004.03,7440571a-841a-11ed-aa7c-7003bca91a86,JOB-1768375698344-530op4qto,MKR-OV-00025,WO-1770978832255-i12nm2bjj,MKR-OV-00025-653.004.03-2024-116,AE Pistons and Connecting Rods Overhaul - 4000H,Maintenance,2024-09-07,,2nd Engineer,,2024-09-09,Approved,,,All equipment tested satisfactorily post-maintenance. No abnormalities detected.,f,2026-02-18 04:41:17.142232
685,COMP-1768374768511-709kv1bk1,702.005.02,7440571a-841a-11ed-aa7c-7003bca91a86,JOB-1768375698538-eaypatso8,MKR-IN-00054,WO-1770967515004-maejf2np0,WO-702.005.02-2024-241,"Purifier, Routine - 1W",Servicing,2024-09-03,,3rd Engineer,,2024-09-06,Approved,"SAFETY PROCEDURE (COMPANY)
===========================
Ensure compliance with safety procedures according to the company policy and requirements.

JOB REFERENCE DETAILS
===================
Manual Name: 8M-3 INSTRUCTION MANAUL FOR PURIFIER;5303.pdf
Pdf Page No: 56
Chapter: 3. Maintenance Inspection Procedures
Section: 3.1 Routine checks

DESCRIPTION
===========
Routine Checks :
1. Check the feed rate with respect to set feed rate for any changes.
2. Check the temperature with set temperature level.
3. Check the pressure of light liquid outlet is to be coincide roughly with the set pressure of the leakage.
4. Check for any increase in vibration.
5. Check for operational noise in gear pump and bearing etc. 
6. Check the rated current on daily basis.
7. Check the gear pump oil quantity. 
8. Check the safety joint of gears for any deformation.
9. Check for oil leakage in pipe joints.
10. Check & adjust pressure LED (yellow) lit or flashing for Leakage Monitor.
11. Check indicate revolution LED (green) is flashing for Discharge Monitor.",,Work delayed due to weather/operational constraints. Completed during port stay.,f,2026-02-18 04:41:17.138192
684,COMP-1768374767936-bgz64dkel,285.001.06,7440571a-841a-11ed-aa7c-7003bca91a86,JOB-1768375696857-ts9yqo7ko,MKR-IN-00072,WO-1770978832255-le3smjgmw,MKR-IN-00072-285.001.06-2024-218,Ballast Tanks Inspection - 1M,Maintenance,2024-08-29,,4th Engineer,,2024-08-30,Approved,,,Equipment tested satisfactorily after completion of Ballast Tanks Inspection - 1M. No issues found.,f,2026-02-18 04:41:17.133852
683,COMP-1768374767712-ftwddbdlt,554.005,7440571a-841a-11ed-aa7c-7003bca91a86,JOB-1768375697054-rbgk958fi,MKR-IN-00052,WO-1770967515017-z5h3cbq86,UWO-554.005-2024-498,Condensers - Hydraulic System Pressure Drop,Servicing,2024-09-01,,4th Engineer,,2024-09-04,Approved,Hydraulic system pressure dropping. Investigated and found leaking fitting. Repaired.,,All checks completed as per manufacturer guidelines. Next service due as scheduled.,f,2026-02-18 04:41:17.128788
682,COMP-1768374768502-vy9od3auq,653.020.06,7440571a-841a-11ed-aa7c-7003bca91a86,JOB-1768375698462-0lgtxa6e7,MKR-IN-00017,WO-1770967515017-dhhkm0e91,UWO-653.020.06-2024-565,AE3 Crankcase Doors W/Safety Valve No.06 - Bearing Overheating - Emergency Maintenance,Servicing,2024-09-04,,2nd Engineer,,2024-09-05,Approved,Bearing temperature rising above normal. Emergency maintenance carried out.,,All equipment tested satisfactorily post-maintenance. No abnormalities detected.,f,2026-02-18 04:41:17.124286
681,COMP-1768374768239-6wbm7nkr9,651.003.01,7440571a-841a-11ed-aa7c-7003bca91a86,JOB-1768375697715-p7a1yt6pq,MKR-IN-00085,WO-1770967515004-vot21410i,WO-651.003.01-2024-335,AE Cylinder Liner Inspection - 1M,Servicing,2024-09-04,,3rd Engineer,,2024-09-07,Approved,"SAFETY PROCEDURE (COMPANY)
===========================
Ensure compliance with safety procedures according to the company policy and requirements.

DESCRIPTION
===========
1. Liner Condition (Visual / Indirect)

Check for abnormal scavenge space condition (if accessible).

Look for signs of scuffing, scoring, or polishing (based on inspection ports or trend data).

Monitor liner condition through performance parameters if direct access is not possible.

2. Lubrication

Verify cylinder lubrication rate (if applicable) is as per maker’s recommendation.

Check lube oil distribution and absence of oil starvation signs.

Review lube oil consumption trends.

3. Cooling & Sealing

Monitor jacket water temperature and pressure related to cylinder No.01.

Check for cooling water leakage into cylinder or crankcase.

Verify condition of liner sealing arrangements (indirect observation).",,Equipment tested satisfactorily after maintenance. No issues found.,f,2026-02-18 04:41:17.120001
680,COMP-1768374768304-39ypp7jwm,651.020.04,7440571a-841a-11ed-aa7c-7003bca91a86,JOB-1768375697949-ggu56vd8u,MKR-IN-00017,WO-1770978832254-c4fmn2405,MKR-IN-00017-651.020.04-2024-055,"DG Cylinder Liner, Visual Check - 2Y/8000H",Maintenance,2024-09-10,,Chief Engineer,,2024-09-12,Approved,,,Minor adjustments made. Equipment performance within acceptable parameters.,f,2026-02-18 04:41:17.115219
679,COMP-1768374767939-gp5co4ot0,285.001.07,7440571a-841a-11ed-aa7c-7003bca91a86,JOB-1768375696862-icyy5iffj,MKR-IN-00072,WO-1770978832256-e3jxbws7g,MKR-IN-00072-285.001.07-2024-225,Ballast Tanks Inspection - 1M,Maintenance,2024-09-15,,2nd Engineer,,2024-09-17,Approved,,,Additional findings noted - recommend follow-up inspection during next scheduled maintenance.,f,2026-02-18 04:41:17.110699
678,COMP-1768374768443-sj0hmblft,653.003.06,7440571a-841a-11ed-aa7c-7003bca91a86,JOB-1768375698327-s9rfxwr8p,MKR-IN-00085,WO-1770967515004-cgh96zd78,WO-653.003.06-2024-371,AE Cylinder Liner Inspection - 1M,Servicing,2024-09-08,,3rd Engineer,,2024-09-09,Approved,"SAFETY PROCEDURE (COMPANY)
===========================
Ensure compliance with safety procedures according to the company policy and requirements.

DESCRIPTION
===========
1. Liner Condition (Visual / Indirect)

Check for abnormal scavenge space condition (if accessible).

Look for signs of scuffing, scoring, or polishing (based on inspection ports or trend data).

Monitor liner condition through performance parameters if direct access is not possible.

2. Lubrication

Verify cylinder lubrication rate (if applicable) is as per maker’s recommendation.

Check lube oil distribution and absence of oil starvation signs.

Review lube oil consumption trends.

3. Cooling & Sealing

Monitor jacket water temperature and pressure related to cylinder No.01.

Check for cooling water leakage into cylinder or crankcase.

Verify condition of liner sealing arrangements (indirect observation).",,Equipment tested satisfactorily after completion of AE Cylinder Liner Inspection - 1M. No issues found.,f,2026-02-18 04:41:17.106647
677,COMP-1768374767984-6u9jcb7bt,601.002.03,7440571a-841a-11ed-aa7c-7003bca91a86,JOB-1768375697090-py3yj3uu6,MKR-IN-00075,WO-1770967515017-zlwtpn125,UWO-601.002.03-2024-543,ME Cylinder Covers W/Valves No.03 - Control System Malfunction,Servicing,2024-09-14,,4th Engineer,,2024-09-16,Approved,Control system showing intermittent faults. Checked connections and calibrated.,,Work on ME Cylinder Covers W/Valves No.03 - Control System Malfunction delayed due to operational requirements. Completed during next available window.,f,2026-02-18 04:41:17.102404
676,COMP-1768374768462-uelez69lg,653.004.06,7440571a-841a-11ed-aa7c-7003bca91a86,JOB-1768375698361-qn85xoxx2,MKR-OV-00025,WO-1770967515018-ubkxjz3m8,UWO-653.004.06-2024-820,AE3 Pistons And Connecting Rod No.06 - Electrical Fault - Motor Trip,Servicing,2024-09-10,,3rd Engineer,,2024-09-11,Approved,Motor tripped on overload. Investigated and rectified fault.,,Minor additional findings recorded. Follow-up inspection recommended during next maintenance period.,f,2026-02-18 04:41:17.097815
675,COMP-1768374768511-709kv1bk1,702.005.02,7440571a-841a-11ed-aa7c-7003bca91a86,JOB-1768375698538-eaypatso8,MKR-IN-00054,WO-1770967515004-olmtuue6w,WO-702.005.02-2024-242,"Purifier, Routine - 1W",Servicing,2024-09-08,,3rd Engineer,,2024-09-10,Approved,"SAFETY PROCEDURE (COMPANY)
===========================
Ensure compliance with safety procedures according to the company policy and requirements.

JOB REFERENCE DETAILS
===================
Manual Name: 8M-3 INSTRUCTION MANAUL FOR PURIFIER;5303.pdf
Pdf Page No: 56
Chapter: 3. Maintenance Inspection Procedures
Section: 3.1 Routine checks

DESCRIPTION
===========
Routine Checks :
1. Check the feed rate with respect to set feed rate for any changes.
2. Check the temperature with set temperature level.
3. Check the pressure of light liquid outlet is to be coincide roughly with the set pressure of the leakage.
4. Check for any increase in vibration.
5. Check for operational noise in gear pump and bearing etc. 
6. Check the rated current on daily basis.
7. Check the gear pump oil quantity. 
8. Check the safety joint of gears for any deformation.
9. Check for oil leakage in pipe joints.
10. Check & adjust pressure LED (yellow) lit or flashing for Leakage Monitor.
11. Check indicate revolution LED (green) is flashing for Discharge Monitor.",,All checks completed as per manufacturer guidelines. Next service due as scheduled.,f,2026-02-18 04:41:17.093197
674,COMP-1768374767834-dbncpiany,601.053,7440571a-841a-11ed-aa7c-7003bca91a86,JOB-1768375697585-z6leju6xr,MKR-IN-00066,WO-1770967515015-9sws2og55,WO-601.053-2024-438,"ME Turbocharger Turbine, Cleaning - 500H",Servicing,2024-09-10,,2nd Engineer,,2024-09-11,Approved,"SAFETY PROCEDURE (COMPANY)
===========================
Ensure compliance with safety procedures according to the company policy and requirements.

JOB REFERENCE DETAILS
===================
Manual Name: 3M-2 DIESEL ENGINE VOL II;5303.pdf
Pdf Page No: 196, 171, 172
Job Reference: Group No. 400
Chapter: Maintenance Schedule Of Main Parts


DESCRIPTION
===========
1. Cleaning of turbine side of turbocharger to be carried out (vegetal solid cleaning).",,Minor additional findings recorded. Follow-up inspection recommended during next maintenance period.,f,2026-02-18 04:41:17.087264
673,COMP-1768374767777-hg0r05gnk,702.010,7440571a-841a-11ed-aa7c-7003bca91a86,JOB-1768375698717-yv7g59m75,MKR-IN-00057,WO-1770967515018-fuj9s4tc2,UWO-702.010-2024-786,DO Separator Booster Pumps - Hydraulic System Pressure Drop,Servicing,2024-09-11,,2nd Engineer,,2024-09-14,Approved,Hydraulic system pressure dropping. Investigated and found leaking fitting. Repaired.,,Equipment tested satisfactorily after completion of DO Separator Booster Pumps - Hydraulic System Pressure Drop. No issues found.,f,2026-02-18 04:41:17.082758
672,COMP-1768374768410-eurzscqdj,653.002.01,7440571a-841a-11ed-aa7c-7003bca91a86,JOB-1768375698254-e7d6bn0wz,MKR-IN-00080,WO-1770978832260-h90ck0zkf,MKR-IN-00080-653.002.01-2024-675,AE Cylinder Covers with Valves Inspection - 1M,Maintenance,2024-09-22,,Chief Engineer,,2024-09-24,Approved,,,All equipment tested satisfactorily post-maintenance. No abnormalities detected.,f,2026-02-18 04:41:17.077869
671,COMP-1768374767555-hvpuzxzk1,601.026,7440571a-841a-11ed-aa7c-7003bca91a86,JOB-1768375697507-uu8un72tz,MKR-SE-00020,WO-1770967515017-e5e475iv6,UWO-601.026-2024-597,ME HP fuel pumps - Hydraulic System Pressure Drop,Servicing,2024-09-10,,3rd Engineer,,2024-09-12,Approved,Hydraulic system pressure dropping. Investigated and found leaking fitting. Repaired.,,Work delayed due to weather/operational constraints. Completed during port stay.,f,2026-02-18 04:41:17.073421
670,COMP-1768374767805-z4lpo0038,411.001,7440571a-841a-11ed-aa7c-7003bca91a86,JOB-1768375696930-95e413qm4,MKR-SE-00015,WO-1770967515014-cvk4w8tsd,WO-411.001-2024-397,"Radar Band Magnetron, Renewal/Replace - 4000H",Servicing,2024-09-15,,2nd Officer,,2024-09-17,Approved,"SAFETY PROCEDURE (COMPANY)
===========================
Ensure compliance with safety procedures according to the company policy and requirements.

JOB REFERENCE DETAILS
===================
Manual Name: 4E-6 S-BAND RADAR;5303.pdf
Pdf Page No: 294
Chapter: 8 Countermeasures For Trouble And Adjustment
Section: Replacement Of Parts Periodically

DESCRIPTION
===========
1. Replace the magnetron.",,"Work on Radar Band Magnetron, Renewal/Replace - 4000H delayed due to operational requirements. Completed during next available window.",f,2026-02-18 04:41:17.068791
669,COMP-1768374768137-39r0aykwi,601.004.04,7440571a-841a-11ed-aa7c-7003bca91a86,JOB-1768375697385-g3vs0tk5f,MKR-IN-00063,WO-1770978832258-zlzn6yqur,MKR-IN-00063-601.004.04-2024-352,"ME Piston And Rings, Inspection - 500H",Maintenance,2024-10-03,,4th Engineer,,2024-10-06,Approved,,,"Minor adjustments carried out during ME Piston And Rings, Inspection - 500H. Performance within acceptable parameters.",f,2026-02-18 04:41:17.063631
668,COMP-1768374768195-aoo2pfpax,601.026.04,7440571a-841a-11ed-aa7c-7003bca91a86,JOB-1768375697545-vr1g8dafi,MKR-SE-00020,WO-1770967515019-kmmazt3ys,UWO-601.026.04-2024-864,ME Hp Fuel Pumps No.04 - Filter Blockage - Emergency Cleaning,Servicing,2024-09-12,,2nd Engineer,,2024-09-13,Approved,Filter differential pressure high. Emergency cleaning/replacement carried out.,,Equipment tested satisfactorily after maintenance. No issues found.,f,2026-02-18 04:41:17.0596
667,COMP-1768374768471-zbwcsztfm,653.007.03,7440571a-841a-11ed-aa7c-7003bca91a86,JOB-1768375698377-z3c0o0mf7,MKR-IN-00015,WO-1770978832255-jqg9hr1ac,MKR-IN-00015-653.007.03-2024-130,"DG Main Bearing, Visual Check - 2Y/8000H",Maintenance,2024-10-03,,4th Engineer,,2024-10-04,Approved,,,Consumable parts replaced as per maintenance plan. Used parts stored for disposal.,f,2026-02-18 04:41:17.055152
666,COMP-1768374768511-709kv1bk1,702.005.02,7440571a-841a-11ed-aa7c-7003bca91a86,JOB-1768375698538-eaypatso8,MKR-IN-00054,WO-1770967515004-bvirlk70l,WO-702.005.02-2024-243,"Purifier, Routine - 1W",Servicing,2024-09-15,,3rd Engineer,,2024-09-18,Approved,"SAFETY PROCEDURE (COMPANY)
===========================
Ensure compliance with safety procedures according to the company policy and requirements.

JOB REFERENCE DETAILS
===================
Manual Name: 8M-3 INSTRUCTION MANAUL FOR PURIFIER;5303.pdf
Pdf Page No: 56
Chapter: 3. Maintenance Inspection Procedures
Section: 3.1 Routine checks

DESCRIPTION
===========
Routine Checks :
1. Check the feed rate with respect to set feed rate for any changes.
2. Check the temperature with set temperature level.
3. Check the pressure of light liquid outlet is to be coincide roughly with the set pressure of the leakage.
4. Check for any increase in vibration.
5. Check for operational noise in gear pump and bearing etc. 
6. Check the rated current on daily basis.
7. Check the gear pump oil quantity. 
8. Check the safety joint of gears for any deformation.
9. Check for oil leakage in pipe joints.
10. Check & adjust pressure LED (yellow) lit or flashing for Leakage Monitor.
11. Check indicate revolution LED (green) is flashing for Discharge Monitor.",,Equipment tested satisfactorily after maintenance. No issues found.,f,2026-02-18 04:41:17.050709
665,COMP-1768374768143-4kulzp9vp,601.004.06,7440571a-841a-11ed-aa7c-7003bca91a86,JOB-1768375697401-iigxhtjlk,MKR-OV-00011,WO-1770967515018-gs9tul1lp,UWO-601.004.06-2024-659,"ME Pistons, Piston Rods No.06 - Pump Seal Failure - Emergency Repair",Servicing,2024-09-17,,2nd Engineer,,2024-09-18,Approved,Pump seal found leaking during routine watch. Emergency repair carried out.,,"Checks completed as per manufacturer guidelines for ME Pistons, Piston Rods No.06 - Pump Seal Failure - Emergency Repair. Next service due as scheduled.",f,2026-02-18 04:41:17.04608
664,COMP-1768374768266-tk6i3d6y3,651.004.04,7440571a-841a-11ed-aa7c-7003bca91a86,JOB-1768375697761-ng1ksopfr,MKR-OV-00025,WO-1770978832254-usqy4nij1,MKR-OV-00025-651.004.04-2024-030,AE Pistons and Connecting Rods Overhaul - 4000H,Maintenance,2024-10-10,,4th Engineer,,2024-10-11,Approved,,,Work delayed due to weather/operational constraints. Completed during port stay.,f,2026-02-18 04:41:17.041572
663,COMP-1768374768227-7efnvx4gv,651.002.03,7440571a-841a-11ed-aa7c-7003bca91a86,JOB-1768375697692-acj96mboz,MKR-IN-00080,WO-1770978832259-vp48sb3bl,MKR-IN-00080-651.002.03-2024-521,AE Cylinder Covers with Valves Inspection - 1M,Maintenance,2024-10-05,,Chief Engineer,,2024-10-08,Approved,,,Additional findings noted - recommend follow-up inspection during next scheduled maintenance.,f,2026-02-18 04:41:17.03734
662,COMP-1768374767809-mr8172nux,411.002,7440571a-841a-11ed-aa7c-7003bca91a86,JOB-1768375696972-7k0goih9x,MKR-SE-00015,WO-1770967515014-x7kzlk2lk,WO-411.002-2024-405,"Radar Band Magnetron, Renewal/Replace - 4000H",Servicing,2024-09-25,,2nd Officer,,2024-09-27,Approved,"SAFETY PROCEDURE (COMPANY)
===========================
Ensure compliance with safety procedures according to the company policy and requirements.

JOB REFERENCE DETAILS
===================
Manual Name: 4E-6 S-BAND RADAR;5303.pdf
Pdf Page No: 294
Chapter: 8 Countermeasures For Trouble And Adjustment
Section: Replacement Of Parts Periodically

DESCRIPTION
===========
1. Replace the magnetron.",,"Checks completed as per manufacturer guidelines for Radar Band Magnetron, Renewal/Replace - 4000H. Next service due as scheduled.",f,2026-02-18 04:41:17.032249
661,COMP-1768374768216-m2muvqs0s,601.066.05,7440571a-841a-11ed-aa7c-7003bca91a86,JOB-1768375697655-5q8kd9vp1,MKR-IN-00079,WO-1770978832259-r3t80yj3a,MKR-IN-00079-601.066.05-2024-484,Main Engine – Indicator Valves & Indicators Inspection - 1M,Maintenance,2024-10-10,,2nd Engineer,,2024-10-13,Approved,,,Minor additional findings recorded. Follow-up inspection recommended during next maintenance period.,f,2026-02-18 04:41:17.026317
660,COMP-1768374767998-zda6fpbxv,601.003.01,7440571a-841a-11ed-aa7c-7003bca91a86,JOB-1768375697114-mgxmcqrr2,MKR-OV-00012,WO-1770978832256-bypeor67i,MKR-OV-00012-601.003.01-2024-287,"ME Cylinder Liner, Overhaul - 6000H",Maintenance,2024-10-06,,2nd Engineer,,2024-10-09,Approved,,,Small adjustments made to operating parameters. Equipment performance satisfactory.,f,2026-02-18 04:41:17.021302
659,COMP-1768374768511-709kv1bk1,702.005.02,7440571a-841a-11ed-aa7c-7003bca91a86,JOB-1768375698538-eaypatso8,MKR-IN-00054,WO-1770967515004-mlf0gqx8m,WO-702.005.02-2024-244,"Purifier, Routine - 1W",Servicing,2024-09-20,,3rd Engineer,,2024-09-21,Approved,"SAFETY PROCEDURE (COMPANY)
===========================
Ensure compliance with safety procedures according to the company policy and requirements.

JOB REFERENCE DETAILS
===================
Manual Name: 8M-3 INSTRUCTION MANAUL FOR PURIFIER;5303.pdf
Pdf Page No: 56
Chapter: 3. Maintenance Inspection Procedures
Section: 3.1 Routine checks

DESCRIPTION
===========
Routine Checks :
1. Check the feed rate with respect to set feed rate for any changes.
2. Check the temperature with set temperature level.
3. Check the pressure of light liquid outlet is to be coincide roughly with the set pressure of the leakage.
4. Check for any increase in vibration.
5. Check for operational noise in gear pump and bearing etc. 
6. Check the rated current on daily basis.
7. Check the gear pump oil quantity. 
8. Check the safety joint of gears for any deformation.
9. Check for oil leakage in pipe joints.
10. Check & adjust pressure LED (yellow) lit or flashing for Leakage Monitor.
11. Check indicate revolution LED (green) is flashing for Discharge Monitor.",,All equipment tested satisfactorily post-maintenance. No abnormalities detected.,f,2026-02-18 04:41:17.01672
658,COMP-1768374768316-5z2wp3xqd,652.002.01,7440571a-841a-11ed-aa7c-7003bca91a86,JOB-1768375698012-7xjbdpyvr,MKR-IN-00080,WO-1770978832260-unzk2cc92,MKR-IN-00080-652.002.01-2024-604,AE Cylinder Covers with Valves Inspection - 1M,Maintenance,2024-09-22,,2nd Engineer,,2024-09-23,Approved,,,Minor adjustments carried out during AE Cylinder Covers with Valves Inspection - 1M. Performance within acceptable parameters.,f,2026-02-18 04:41:17.012119
657,COMP-1768374767942-1vyf5zpk2,285.001.08,7440571a-841a-11ed-aa7c-7003bca91a86,JOB-1768375696869-5sqfen2xp,MKR-IN-00072,WO-1770967515017-of719917w,UWO-285.001.08-2024-563,Ballast Tanks/SW Tanks No.08 - Pump Seal Failure - Emergency Repair,Servicing,2024-09-24,,2nd Officer,,2024-09-27,Approved,Pump seal found leaking during routine watch. Emergency repair carried out.,,All equipment tested satisfactorily post-maintenance. No abnormalities detected.,f,2026-02-18 04:41:17.006899
656,COMP-1768374768130-yqa3gw7x0,601.004.02,7440571a-841a-11ed-aa7c-7003bca91a86,JOB-1768375697363-vlsr43081,MKR-IN-00063,WO-1770978832256-pmufhi3si,MKR-IN-00063-601.004.02-2024-312,"ME Piston And Rings, Inspection - 500H",Maintenance,2024-10-10,,2nd Engineer,,2024-10-12,Approved,,,Equipment tested satisfactorily after maintenance. No issues found.,f,2026-02-18 04:41:17.002798
655,COMP-1768374767660-x634wz3az,653,7440571a-841a-11ed-aa7c-7003bca91a86,JOB-1768375698249-857uxmj8e,MKR-IN-00014,WO-1770967515018-2ocz5dmh9,UWO-653-2024-737,MOTOR AGGREGATES NO.03 - Sensor Failure - Replacement,Servicing,2024-09-30,,Chief Engineer,,2024-10-02,Approved,Temperature/pressure sensor giving erratic readings. Replaced sensor.,,Minor adjustments carried out during MOTOR AGGREGATES NO.03 - Sensor Failure - Replacement. Performance within acceptable parameters.,f,2026-02-18 04:41:16.998552
654,COMP-1768374768269-0de9t3d2p,651.004.05,7440571a-841a-11ed-aa7c-7003bca91a86,JOB-1768375697766-nsag37a44,MKR-OV-00025,WO-1770967515017-hr00y4m7u,UWO-651.004.05-2024-474,AE1 Pistons And Connecting Rod No.05 - Pump Seal Failure - Emergency Repair,Servicing,2024-10-01,,2nd Engineer,,2024-10-03,Approved,Pump seal found leaking during routine watch. Emergency repair carried out.,,All maintenance checks completed per OEM recommendations. Next scheduled service as per PMS.,f,2026-02-18 04:41:16.993704
653,COMP-1768374768239-6wbm7nkr9,651.003.01,7440571a-841a-11ed-aa7c-7003bca91a86,JOB-1768375697715-p7a1yt6pq,MKR-IN-00085,WO-1770967515004-7b5jxwgzj,WO-651.003.01-2024-336,AE Cylinder Liner Inspection - 1M,Servicing,2024-09-30,,3rd Engineer,,2024-10-03,Approved,"SAFETY PROCEDURE (COMPANY)
===========================
Ensure compliance with safety procedures according to the company policy and requirements.

DESCRIPTION
===========
1. Liner Condition (Visual / Indirect)

Check for abnormal scavenge space condition (if accessible).

Look for signs of scuffing, scoring, or polishing (based on inspection ports or trend data).

Monitor liner condition through performance parameters if direct access is not possible.

2. Lubrication

Verify cylinder lubrication rate (if applicable) is as per maker’s recommendation.

Check lube oil distribution and absence of oil starvation signs.

Review lube oil consumption trends.

3. Cooling & Sealing

Monitor jacket water temperature and pressure related to cylinder No.01.

Check for cooling water leakage into cylinder or crankcase.

Verify condition of liner sealing arrangements (indirect observation).",,Small adjustments made to operating parameters. Equipment performance satisfactory.,f,2026-02-18 04:41:16.989049
652,COMP-1768374768266-tk6i3d6y3,651.004.04,7440571a-841a-11ed-aa7c-7003bca91a86,JOB-1768375697761-ng1ksopfr,MKR-OV-00025,WO-1770967515017-fl2zv8ybv,UWO-651.004.04-2024-507,AE1 Pistons And Connecting Rod No.04 - Bearing Overheating - Emergency Maintenance,Servicing,2024-09-30,,3rd Engineer,,2024-10-01,Approved,Bearing temperature rising above normal. Emergency maintenance carried out.,,Equipment tested satisfactorily after maintenance. No issues found.,f,2026-02-18 04:41:16.984092
651,COMP-1768374768511-709kv1bk1,702.005.02,7440571a-841a-11ed-aa7c-7003bca91a86,JOB-1768375698538-eaypatso8,MKR-IN-00054,WO-1770967515004-b6srj1pma,WO-702.005.02-2024-245,"Purifier, Routine - 1W",Servicing,2024-10-10,,3rd Engineer,,2024-10-13,Approved,"SAFETY PROCEDURE (COMPANY)
===========================
Ensure compliance with safety procedures according to the company policy and requirements.

JOB REFERENCE DETAILS
===================
Manual Name: 8M-3 INSTRUCTION MANAUL FOR PURIFIER;5303.pdf
Pdf Page No: 56
Chapter: 3. Maintenance Inspection Procedures
Section: 3.1 Routine checks

DESCRIPTION
===========
Routine Checks :
1. Check the feed rate with respect to set feed rate for any changes.
2. Check the temperature with set temperature level.
3. Check the pressure of light liquid outlet is to be coincide roughly with the set pressure of the leakage.
4. Check for any increase in vibration.
5. Check for operational noise in gear pump and bearing etc. 
6. Check the rated current on daily basis.
7. Check the gear pump oil quantity. 
8. Check the safety joint of gears for any deformation.
9. Check for oil leakage in pipe joints.
10. Check & adjust pressure LED (yellow) lit or flashing for Leakage Monitor.
11. Check indicate revolution LED (green) is flashing for Discharge Monitor.",,"Required spare parts replaced during Purifier, Routine - 1W. Old parts retained for inspection.",f,2026-02-18 04:41:16.979432
650,COMP-1768374768443-sj0hmblft,653.003.06,7440571a-841a-11ed-aa7c-7003bca91a86,JOB-1768375698327-s9rfxwr8p,MKR-IN-00085,WO-1770967515004-l0irwxz0k,WO-653.003.06-2024-372,AE Cylinder Liner Inspection - 1M,Servicing,2024-10-05,,3rd Engineer,,2024-10-07,Approved,"SAFETY PROCEDURE (COMPANY)
===========================
Ensure compliance with safety procedures according to the company policy and requirements.

DESCRIPTION
===========
1. Liner Condition (Visual / Indirect)

Check for abnormal scavenge space condition (if accessible).

Look for signs of scuffing, scoring, or polishing (based on inspection ports or trend data).

Monitor liner condition through performance parameters if direct access is not possible.

2. Lubrication

Verify cylinder lubrication rate (if applicable) is as per maker’s recommendation.

Check lube oil distribution and absence of oil starvation signs.

Review lube oil consumption trends.

3. Cooling & Sealing

Monitor jacket water temperature and pressure related to cylinder No.01.

Check for cooling water leakage into cylinder or crankcase.

Verify condition of liner sealing arrangements (indirect observation).",,Small adjustments made to operating parameters. Equipment performance satisfactory.,f,2026-02-18 04:41:16.974836
649,COMP-1768374767939-gp5co4ot0,285.001.07,7440571a-841a-11ed-aa7c-7003bca91a86,JOB-1768375696862-icyy5iffj,MKR-IN-00072,WO-1770967515018-94eccqdno,UWO-285.001.07-2024-817,Ballast Tanks/SW Tanks No.07 - Control System Malfunction,Servicing,2024-10-04,,2nd Officer,,2024-10-06,Approved,Control system showing intermittent faults. Checked connections and calibrated.,,Work on Ballast Tanks/SW Tanks No.07 - Control System Malfunction delayed due to operational requirements. Completed during next available window.,f,2026-02-18 04:41:16.970361
648,COMP-1768374768248-zja2xeelc,651.003.04,7440571a-841a-11ed-aa7c-7003bca91a86,JOB-1768375697730-vrhe8emeh,MKR-IN-00085,WO-1770978832259-bxa0f3dnd,MKR-IN-00085-651.003.04-2024-583,AE Cylinder Liner Inspection - 1M,Maintenance,2024-10-05,,4th Engineer,,2024-10-07,Approved,,,Minor adjustments made. Equipment performance within acceptable parameters.,f,2026-02-18 04:41:16.966558
647,COMP-1768374768477-qqu2wjvsv,653.007.05,7440571a-841a-11ed-aa7c-7003bca91a86,JOB-1768375698388-la8mztoez,MKR-IN-00015,WO-1770967515018-dm1xl8k8k,UWO-653.007.05-2024-640,"AE3 Main Bearings, Journals No.05 - Valve Leakage - Immediate Repair",Servicing,2024-10-04,,4th Engineer,,2024-10-06,Approved,Valve found leaking during rounds. Repacked gland and replaced gasket.,,"Required spare parts replaced during AE3 Main Bearings, Journals No.05 - Valve Leakage - Immediate Repair. Old parts retained for inspection.",f,2026-02-18 04:41:16.960702
646,COMP-1768374768511-709kv1bk1,702.005.02,7440571a-841a-11ed-aa7c-7003bca91a86,JOB-1768375698538-eaypatso8,MKR-IN-00054,WO-1770967515004-nsfmxg6rw,WO-702.005.02-2024-246,"Purifier, Routine - 1W",Servicing,2024-10-18,,3rd Engineer,,2024-10-20,Approved,"SAFETY PROCEDURE (COMPANY)
===========================
Ensure compliance with safety procedures according to the company policy and requirements.

JOB REFERENCE DETAILS
===================
Manual Name: 8M-3 INSTRUCTION MANAUL FOR PURIFIER;5303.pdf
Pdf Page No: 56
Chapter: 3. Maintenance Inspection Procedures
Section: 3.1 Routine checks

DESCRIPTION
===========
Routine Checks :
1. Check the feed rate with respect to set feed rate for any changes.
2. Check the temperature with set temperature level.
3. Check the pressure of light liquid outlet is to be coincide roughly with the set pressure of the leakage.
4. Check for any increase in vibration.
5. Check for operational noise in gear pump and bearing etc. 
6. Check the rated current on daily basis.
7. Check the gear pump oil quantity. 
8. Check the safety joint of gears for any deformation.
9. Check for oil leakage in pipe joints.
10. Check & adjust pressure LED (yellow) lit or flashing for Leakage Monitor.
11. Check indicate revolution LED (green) is flashing for Discharge Monitor.",,"Equipment tested satisfactorily after completion of Purifier, Routine - 1W. No issues found.",f,2026-02-18 04:41:16.956333
645,COMP-1768374767635-umx1ypv3h,55,7440571a-841a-11ed-aa7c-7003bca91a86,JOB-1768375697014-n01208k56,MKR-IN-00046,WO-1770967515017-vokk4w5ex,UWO-55-2024-476,"GALLEY/PANTRY EQUIP., PROVISION PLANTS, LAUNDRY/IRONING EQU. - Bearing Overheating - Emergency Maintenance",Servicing,2024-10-07,,2nd Engineer,,2024-10-10,Approved,Bearing temperature rising above normal. Emergency maintenance carried out.,,"Checks completed as per manufacturer guidelines for GALLEY/PANTRY EQUIP., PROVISION PLANTS, LAUNDRY/IRONING EQU. - Bearing Overheating - Emergency Maintenance. Next service due as scheduled.",f,2026-02-18 04:41:16.951373
644,COMP-1768374768221-1uo61tqy1,651.002.01,7440571a-841a-11ed-aa7c-7003bca91a86,JOB-1768375697677-l4b48zr2y,MKR-IN-00080,WO-1770978832259-6nejekwl5,MKR-IN-00080-651.002.01-2024-505,AE Cylinder Covers with Valves Inspection - 1M,Maintenance,2024-10-21,,4th Engineer,,2024-10-22,Approved,,,All maintenance checks completed per OEM recommendations. Next scheduled service as per PMS.,f,2026-02-18 04:41:16.946781
643,COMP-1768374767834-dbncpiany,601.053,7440571a-841a-11ed-aa7c-7003bca91a86,JOB-1768375697585-z6leju6xr,MKR-IN-00066,WO-1770967515015-awh2a6lt6,WO-601.053-2024-439,"ME Turbocharger Turbine, Cleaning - 500H",Servicing,2024-10-14,,2nd Engineer,,2024-10-15,Approved,"SAFETY PROCEDURE (COMPANY)
===========================
Ensure compliance with safety procedures according to the company policy and requirements.

JOB REFERENCE DETAILS
===================
Manual Name: 3M-2 DIESEL ENGINE VOL II;5303.pdf
Pdf Page No: 196, 171, 172
Job Reference: Group No. 400
Chapter: Maintenance Schedule Of Main Parts


DESCRIPTION
===========
1. Cleaning of turbine side of turbocharger to be carried out (vegetal solid cleaning).",,All equipment tested satisfactorily post-maintenance. No abnormalities detected.,f,2026-02-18 04:41:16.941746
642,COMP-1768374767914-980b44ij3,278.010.02,7440571a-841a-11ed-aa7c-7003bca91a86,JOB-1768375696813-k7ce9br2o,MKR-IN-00071,WO-1770978832255-ccfx1h17k,MKR-IN-00071-278.010.02-2024-167,"Impressed Current Cathodic Protection (ICCP), Inspection - 1M",Maintenance,2024-10-26,,4th Engineer,,2024-10-29,Approved,,,All equipment tested satisfactorily post-maintenance. No abnormalities detected.,f,2026-02-18 04:41:16.937956
641,COMP-1768374767867-9iex21354,652.018,7440571a-841a-11ed-aa7c-7003bca91a86,JOB-1768375698154-dzms9xqyx,MKR-IN-00086,WO-1770978832255-hnl5e0sb0,MKR-IN-00086-652.018-2024-092,AE Crankcase Detailed Inspection - 4000H,Maintenance,2024-10-22,,Chief Engineer,,2024-10-23,Approved,,,Equipment tested satisfactorily after completion of AE Crankcase Detailed Inspection - 4000H. No issues found.,f,2026-02-18 04:41:16.932976
640,COMP-1768374768514-3160z9ei2,702.010.01,7440571a-841a-11ed-aa7c-7003bca91a86,JOB-1768375698717-yv7g59m75,MKR-IN-00057,WO-1770967515017-ximvu7zc1,UWO-702.010.01-2024-550,DO Separator Booster Pumps No.01 - Electrical Fault - Motor Trip,Servicing,2024-10-16,,3rd Engineer,,2024-10-19,Approved,Motor tripped on overload. Investigated and rectified fault.,,Work on DO Separator Booster Pumps No.01 - Electrical Fault - Motor Trip delayed due to operational requirements. Completed during next available window.,f,2026-02-18 04:41:16.928096
639,COMP-1768374768511-709kv1bk1,702.005.02,7440571a-841a-11ed-aa7c-7003bca91a86,JOB-1768375698538-eaypatso8,MKR-IN-00054,WO-1770967515004-v3cmflgje,WO-702.005.02-2024-247,"Purifier, Routine - 1W",Servicing,2024-10-11,,3rd Engineer,,2024-10-12,Approved,"SAFETY PROCEDURE (COMPANY)
===========================
Ensure compliance with safety procedures according to the company policy and requirements.

JOB REFERENCE DETAILS
===================
Manual Name: 8M-3 INSTRUCTION MANAUL FOR PURIFIER;5303.pdf
Pdf Page No: 56
Chapter: 3. Maintenance Inspection Procedures
Section: 3.1 Routine checks

DESCRIPTION
===========
Routine Checks :
1. Check the feed rate with respect to set feed rate for any changes.
2. Check the temperature with set temperature level.
3. Check the pressure of light liquid outlet is to be coincide roughly with the set pressure of the leakage.
4. Check for any increase in vibration.
5. Check for operational noise in gear pump and bearing etc. 
6. Check the rated current on daily basis.
7. Check the gear pump oil quantity. 
8. Check the safety joint of gears for any deformation.
9. Check for oil leakage in pipe joints.
10. Check & adjust pressure LED (yellow) lit or flashing for Leakage Monitor.
11. Check indicate revolution LED (green) is flashing for Discharge Monitor.",,Consumable parts replaced as per maintenance plan. Used parts stored for disposal.,f,2026-02-18 04:41:16.922778
638,COMP-1768374768242-ybntycqh5,651.003.02,7440571a-841a-11ed-aa7c-7003bca91a86,JOB-1768375697720-m80h9gkmd,MKR-IN-00085,WO-1770967515018-e2ko8vb8b,UWO-651.003.02-2024-750,AE1 Cylinder Liners No.02 - Bearing Overheating - Emergency Maintenance,Servicing,2024-10-15,,2nd Engineer,,2024-10-18,Approved,Bearing temperature rising above normal. Emergency maintenance carried out.,,Consumable parts replaced as per maintenance plan. Used parts stored for disposal.,f,2026-02-18 04:41:16.917561
637,COMP-1768374767950-2ln09g0jp,285.001.10,7440571a-841a-11ed-aa7c-7003bca91a86,JOB-1768375696881-rh3q9wjwg,MKR-IN-00072,WO-1770978832256-f7is8adx7,MKR-IN-00072-285.001.10-2024-260,Ballast Tanks Inspection - 1M,Maintenance,2024-11-05,,4th Engineer,,2024-11-07,Approved,,,Checks completed as per manufacturer guidelines for Ballast Tanks Inspection - 1M. Next service due as scheduled.,f,2026-02-18 04:41:16.913173
636,COMP-1768374768161-fwhsrv4rs,601.005.06,7440571a-841a-11ed-aa7c-7003bca91a86,JOB-1768375697440-jtfr7vtfi,MKR-IN-00076,WO-1770978832258-3qa583ve5,MKR-IN-00076-601.005.06-2024-416,"Main Engine – Connecting Rods, Crosshead & Guide Assemblies Inspection - 1M",Maintenance,2024-11-04,,Chief Engineer,,2024-11-05,Approved,,,"Work on Main Engine – Connecting Rods, Crosshead & Guide Assemblies Inspection - 1M delayed due to operational requirements. Completed during next available window.",f,2026-02-18 04:41:16.908787
635,COMP-1768374768376-it9lk8gdy,652.007.04,7440571a-841a-11ed-aa7c-7003bca91a86,JOB-1768375698131-ghnz9yold,MKR-IN-00015,WO-1770967515019-e0g6r16v2,UWO-652.007.04-2024-836,"AE2 Main Bearings, Journals No.04 - Pipe Leakage - Welding Repair",Servicing,2024-11-15,,3rd Engineer,,2024-11-18,Approved,"Pipe leakage found in engine room. Temporary repair carried out, permanent repair planned.",,All maintenance checks completed per OEM recommendations. Next scheduled service as per PMS.,f,2026-02-18 04:41:16.905078
634,COMP-1768374767622-00dlm06md,411,7440571a-841a-11ed-aa7c-7003bca91a86,JOB-1768375696923-b1p23n9g6,MKR-IN-00045,WO-1770967515018-frgu73khi,UWO-411-2024-757,RADAR PLANTS - Cooling System Malfunction,Servicing,2024-10-18,,3rd Engineer,,2024-10-19,Approved,Cooling water temperature rising. Investigated and cleaned heat exchanger.,,All equipment tested satisfactorily post-maintenance. No abnormalities detected.,f,2026-02-18 04:41:16.900222
633,COMP-1768374768511-709kv1bk1,702.005.02,7440571a-841a-11ed-aa7c-7003bca91a86,JOB-1768375698538-eaypatso8,MKR-IN-00054,WO-1770967515004-kgcm4fxt6,WO-702.005.02-2024-248,"Purifier, Routine - 1W",Servicing,2024-10-18,,3rd Engineer,,2024-10-21,Approved,"SAFETY PROCEDURE (COMPANY)
===========================
Ensure compliance with safety procedures according to the company policy and requirements.

JOB REFERENCE DETAILS
===================
Manual Name: 8M-3 INSTRUCTION MANAUL FOR PURIFIER;5303.pdf
Pdf Page No: 56
Chapter: 3. Maintenance Inspection Procedures
Section: 3.1 Routine checks

DESCRIPTION
===========
Routine Checks :
1. Check the feed rate with respect to set feed rate for any changes.
2. Check the temperature with set temperature level.
3. Check the pressure of light liquid outlet is to be coincide roughly with the set pressure of the leakage.
4. Check for any increase in vibration.
5. Check for operational noise in gear pump and bearing etc. 
6. Check the rated current on daily basis.
7. Check the gear pump oil quantity. 
8. Check the safety joint of gears for any deformation.
9. Check for oil leakage in pipe joints.
10. Check & adjust pressure LED (yellow) lit or flashing for Leakage Monitor.
11. Check indicate revolution LED (green) is flashing for Discharge Monitor.",,All equipment tested satisfactorily post-maintenance. No abnormalities detected.,f,2026-02-18 04:41:16.895816
632,COMP-1768374767950-2ln09g0jp,285.001.10,7440571a-841a-11ed-aa7c-7003bca91a86,JOB-1768375696881-rh3q9wjwg,MKR-IN-00072,WO-1770978832256-6p0orafjg,MKR-IN-00072-285.001.10-2024-255,Ballast Tanks Inspection - 1M,Maintenance,2024-10-28,,Chief Engineer,,2024-10-31,Approved,,,All equipment tested satisfactorily post-maintenance. No abnormalities detected.,f,2026-02-18 04:41:16.891599
631,COMP-1768374767837-m3bhk56ru,601.059,7440571a-841a-11ed-aa7c-7003bca91a86,JOB-1768375697612-dr4ya0drk,MKR-IN-00078,WO-1770978832259-a4dnclwxj,MKR-IN-00078-601.059-2024-451,Main Engine – Exhaust Gas Manifolds & Pipes with Insulation Inspection - 1M,Maintenance,2024-11-10,,Electrican,,2024-11-13,Approved,,,Small adjustments made to operating parameters. Equipment performance satisfactory.,f,2026-02-18 04:41:16.887683
630,COMP-1768374768511-709kv1bk1,702.005.02,7440571a-841a-11ed-aa7c-7003bca91a86,JOB-1768375698538-eaypatso8,MKR-IN-00054,WO-1770967515004-su49cj6cr,WO-702.005.02-2024-249,"Purifier, Routine - 1W",Servicing,2024-10-25,,3rd Engineer,,2024-10-28,Approved,"SAFETY PROCEDURE (COMPANY)
===========================
Ensure compliance with safety procedures according to the company policy and requirements.

JOB REFERENCE DETAILS
===================
Manual Name: 8M-3 INSTRUCTION MANAUL FOR PURIFIER;5303.pdf
Pdf Page No: 56
Chapter: 3. Maintenance Inspection Procedures
Section: 3.1 Routine checks

DESCRIPTION
===========
Routine Checks :
1. Check the feed rate with respect to set feed rate for any changes.
2. Check the temperature with set temperature level.
3. Check the pressure of light liquid outlet is to be coincide roughly with the set pressure of the leakage.
4. Check for any increase in vibration.
5. Check for operational noise in gear pump and bearing etc. 
6. Check the rated current on daily basis.
7. Check the gear pump oil quantity. 
8. Check the safety joint of gears for any deformation.
9. Check for oil leakage in pipe joints.
10. Check & adjust pressure LED (yellow) lit or flashing for Leakage Monitor.
11. Check indicate revolution LED (green) is flashing for Discharge Monitor.",,Equipment tested satisfactorily after maintenance. No issues found.,f,2026-02-18 04:41:16.883187
629,COMP-1768374767729-3z3guldc2,601.066,7440571a-841a-11ed-aa7c-7003bca91a86,JOB-1768375697629-njv3hbmjn,MKR-IN-00079,WO-1770967515019-cbcz2d28l,UWO-601.066-2024-877,ME Indicators - Sensor Failure - Replacement,Servicing,2024-10-28,,2nd Engineer,,2024-10-31,Approved,Temperature/pressure sensor giving erratic readings. Replaced sensor.,,All equipment tested satisfactorily post-maintenance. No abnormalities detected.,f,2026-02-18 04:41:16.878727
628,COMP-1768374768152-1gadtd63z,601.005.03,7440571a-841a-11ed-aa7c-7003bca91a86,JOB-1768375697424-ends0g8g5,MKR-IN-00076,WO-1770967515017-ksucedqqu,UWO-601.005.03-2024-500,"ME Connecting Rods, Crosshead, Guides No.03 - Fuel System Contamination",Servicing,2024-10-27,,2nd Engineer,,2024-10-29,Approved,Fuel oil contamination detected. Purifier and filters cleaned/replaced.,,Spare parts replaced as listed. Old parts retained for inspection/disposal.,f,2026-02-18 04:41:16.87397
627,COMP-1768374768450-h5buaqeyw,653.004.02,7440571a-841a-11ed-aa7c-7003bca91a86,JOB-1768375698338-lopdthijy,MKR-OV-00025,WO-1770967515019-vn2ftnlda,UWO-653.004.02-2024-855,AE3 Pistons And Connecting Rod No.02 - Alarm Investigation - System Check,Servicing,2024-10-24,,4th Engineer,,2024-10-27,Approved,Investigated alarm. Found faulty sensor/connection. Rectified.,,Equipment tested satisfactorily after maintenance. No issues found.,f,2026-02-18 04:41:16.868096
626,COMP-1768374767682-u82i7sgln,712,7440571a-841a-11ed-aa7c-7003bca91a86,JOB-1768375698754-924wtcd3n,MKR-IN-00054,WO-1770967515017-3kmlk2vpy,UWO-712-2024-525,LUBE OIL PURIFICATION PLANTS - Alarm Investigation - System Check,Servicing,2024-10-28,,3rd Engineer,,2024-10-30,Approved,Investigated alarm. Found faulty sensor/connection. Rectified.,,Equipment tested satisfactorily after maintenance. No issues found.,f,2026-02-18 04:41:16.861449
625,COMP-1768374768339-pzyj156x4,652.003.03,7440571a-841a-11ed-aa7c-7003bca91a86,JOB-1768375698065-nln0wy605,MKR-IN-00085,WO-1770978832260-84d504qp5,MKR-IN-00085-652.003.03-2024-652,AE Cylinder Liner Inspection - 1M,Maintenance,2024-11-10,,4th Engineer,,2024-11-12,Approved,,,Minor adjustments carried out during AE Cylinder Liner Inspection - 1M. Performance within acceptable parameters.,f,2026-02-18 04:41:16.856634
624,COMP-1768374767918-4vp8g44db,285.001.01,7440571a-841a-11ed-aa7c-7003bca91a86,JOB-1768375696823-5izcxc9cy,MKR-IN-00072,WO-1770967515019-lxr26fag1,UWO-285.001.01-2024-872,Ballast Tanks/SW Tanks No.01 - Control System Malfunction,Servicing,2024-11-01,,2nd Officer,,2024-11-04,Approved,Control system showing intermittent faults. Checked connections and calibrated.,,Equipment tested satisfactorily after maintenance. No issues found.,f,2026-02-18 04:41:16.84824
623,COMP-1768374768219-f5y8ppktt,601.066.06,7440571a-841a-11ed-aa7c-7003bca91a86,JOB-1768375697662-ii0y0011s,MKR-IN-00079,WO-1770978832259-a7njhxfm5,MKR-IN-00079-601.066.06-2024-489,Main Engine – Indicator Valves & Indicators Inspection - 1M,Maintenance,2024-11-11,,4th Engineer,,2024-11-13,Approved,,,Small adjustments made to operating parameters. Equipment performance satisfactory.,f,2026-02-18 04:41:16.839871
622,COMP-1768374768210-pv86y7jsq,601.066.03,7440571a-841a-11ed-aa7c-7003bca91a86,JOB-1768375697641-9ro3dhhfo,MKR-IN-00079,WO-1770978832259-zljj7uvwg,MKR-IN-00079-601.066.03-2024-466,Main Engine – Indicator Valves & Indicators Inspection - 1M,Maintenance,2024-11-11,,Chief Engineer,,2024-11-12,Approved,,,Equipment tested satisfactorily after completion of Main Engine – Indicator Valves & Indicators Inspection - 1M. No issues found.,f,2026-02-18 04:41:16.833678
621,COMP-1768374768458-rjm1b8q15,653.004.05,7440571a-841a-11ed-aa7c-7003bca91a86,JOB-1768375698355-0paphpb9k,MKR-OV-00025,WO-1770967515017-2zi3pz271,UWO-653.004.05-2024-557,AE3 Pistons And Connecting Rod No.05 - Cooling System Malfunction,Servicing,2024-11-01,,3rd Engineer,,2024-11-04,Approved,Cooling water temperature rising. Investigated and cleaned heat exchanger.,,Completion delayed due to vessel operational schedule. Work carried out during port call.,f,2026-02-18 04:41:16.827092
620,COMP-1768374768373-33bew970w,652.007.03,7440571a-841a-11ed-aa7c-7003bca91a86,JOB-1768375698126-uus74l55h,MKR-IN-00015,WO-1770967515017-stzjn1991,UWO-652.007.03-2024-471,"AE2 Main Bearings, Journals No.03 - Alarm Investigation - System Check",Servicing,2024-11-04,,3rd Engineer,,2024-11-07,Approved,Investigated alarm. Found faulty sensor/connection. Rectified.,,All checks completed as per manufacturer guidelines. Next service due as scheduled.,f,2026-02-18 04:41:16.817894
619,COMP-1768374768514-3160z9ei2,702.010.01,7440571a-841a-11ed-aa7c-7003bca91a86,JOB-1768375698717-yv7g59m75,MKR-IN-00057,WO-1770967515018-ltlig69q2,UWO-702.010.01-2024-729,DO Separator Booster Pumps No.01 - Control System Malfunction,Servicing,2024-10-28,,2nd Engineer,,2024-10-31,Approved,Control system showing intermittent faults. Checked connections and calibrated.,,Required spare parts replaced during DO Separator Booster Pumps No.01 - Control System Malfunction. Old parts retained for inspection.,f,2026-02-18 04:41:16.812282
618,COMP-1768374768198-00vzkhq94,601.026.05,7440571a-841a-11ed-aa7c-7003bca91a86,JOB-1768375697557-cotkho638,MKR-SE-00020,WO-1770967515017-dsmsjkb8z,UWO-601.026.05-2024-568,ME Hp Fuel Pumps No.05 - Pump Seal Failure - Emergency Repair,Servicing,2024-10-31,,Chief Engineer,,2024-11-03,Approved,Pump seal found leaking during routine watch. Emergency repair carried out.,,Equipment tested satisfactorily after maintenance. No issues found.,f,2026-02-18 04:41:16.806612
617,COMP-1768374768397-fsuqiu5w9,652.020.04,7440571a-841a-11ed-aa7c-7003bca91a86,JOB-1768375698197-izcqbqj1r,MKR-IN-00018,WO-1770978832255-3xyzzvuwr,MKR-IN-00018-652.020.04-2024-099,"DG Cylinder Liner Water Jacket Parts, Cleaning - 5Y/16000H",Maintenance,2024-11-24,,2nd Engineer,,2024-11-25,Approved,,,All equipment tested satisfactorily post-maintenance. No abnormalities detected.,f,2026-02-18 04:41:16.799051
616,COMP-1768374768239-6wbm7nkr9,651.003.01,7440571a-841a-11ed-aa7c-7003bca91a86,JOB-1768375697715-p7a1yt6pq,MKR-IN-00085,WO-1770967515004-nw5gsywsf,WO-651.003.01-2024-337,AE Cylinder Liner Inspection - 1M,Servicing,2024-11-03,,3rd Engineer,,2024-11-04,Approved,"SAFETY PROCEDURE (COMPANY)
===========================
Ensure compliance with safety procedures according to the company policy and requirements.

DESCRIPTION
===========
1. Liner Condition (Visual / Indirect)

Check for abnormal scavenge space condition (if accessible).

Look for signs of scuffing, scoring, or polishing (based on inspection ports or trend data).

Monitor liner condition through performance parameters if direct access is not possible.

2. Lubrication

Verify cylinder lubrication rate (if applicable) is as per maker’s recommendation.

Check lube oil distribution and absence of oil starvation signs.

Review lube oil consumption trends.

3. Cooling & Sealing

Monitor jacket water temperature and pressure related to cylinder No.01.

Check for cooling water leakage into cylinder or crankcase.

Verify condition of liner sealing arrangements (indirect observation).",,All maintenance checks completed per OEM recommendations. Next scheduled service as per PMS.,f,2026-02-18 04:41:16.793197
615,COMP-1768374768511-709kv1bk1,702.005.02,7440571a-841a-11ed-aa7c-7003bca91a86,JOB-1768375698538-eaypatso8,MKR-IN-00054,WO-1770967515004-84r7eprd0,WO-702.005.02-2024-250,"Purifier, Routine - 1W",Servicing,2024-11-03,,3rd Engineer,,2024-11-06,Approved,"SAFETY PROCEDURE (COMPANY)
===========================
Ensure compliance with safety procedures according to the company policy and requirements.

JOB REFERENCE DETAILS
===================
Manual Name: 8M-3 INSTRUCTION MANAUL FOR PURIFIER;5303.pdf
Pdf Page No: 56
Chapter: 3. Maintenance Inspection Procedures
Section: 3.1 Routine checks

DESCRIPTION
===========
Routine Checks :
1. Check the feed rate with respect to set feed rate for any changes.
2. Check the temperature with set temperature level.
3. Check the pressure of light liquid outlet is to be coincide roughly with the set pressure of the leakage.
4. Check for any increase in vibration.
5. Check for operational noise in gear pump and bearing etc. 
6. Check the rated current on daily basis.
7. Check the gear pump oil quantity. 
8. Check the safety joint of gears for any deformation.
9. Check for oil leakage in pipe joints.
10. Check & adjust pressure LED (yellow) lit or flashing for Leakage Monitor.
11. Check indicate revolution LED (green) is flashing for Discharge Monitor.",,All equipment tested satisfactorily post-maintenance. No abnormalities detected.,f,2026-02-18 04:41:16.683609
614,COMP-1768374768310-48akc5zr5,651.020.06,7440571a-841a-11ed-aa7c-7003bca91a86,JOB-1768375697970-jg546bvvj,MKR-IN-00017,WO-1770967515018-ltq0q6u7f,UWO-651.020.06-2024-653,AE1 Crankcase Doors W/Safety Valve No.06 - Valve Leakage - Immediate Repair,Servicing,2024-11-05,,2nd Engineer,,2024-11-07,Approved,Valve found leaking during rounds. Repacked gland and replaced gasket.,,Equipment tested satisfactorily after maintenance. No issues found.,f,2026-02-18 04:41:16.67662
613,COMP-1768374768362-7963v81rv,652.004.05,7440571a-841a-11ed-aa7c-7003bca91a86,JOB-1768375698105-uuce6ug5n,MKR-OV-00025,WO-1770978832254-wknapd7t0,MKR-OV-00025-652.004.05-2024-077,AE Pistons and Connecting Rods Overhaul - 4000H,Maintenance,2024-11-17,,Chief Engineer,,2024-11-19,Approved,,,All maintenance checks completed per OEM recommendations. Next scheduled service as per PMS.,f,2026-02-18 04:41:16.670962
612,COMP-1768374768134-1plkxrd1k,601.004.03,7440571a-841a-11ed-aa7c-7003bca91a86,JOB-1768375697375-cr8tdi34d,MKR-IN-00063,WO-1770978832256-bkjnqdp6f,MKR-IN-00063-601.004.03-2024-326,"ME Piston And Rings, Inspection - 500H",Maintenance,2024-11-13,,2nd Engineer,,2024-11-14,Approved,,,"Equipment tested satisfactorily after completion of ME Piston And Rings, Inspection - 500H. No issues found.",f,2026-02-18 04:41:16.6649
611,COMP-1768374768331-25r3c2xap,652.002.06,7440571a-841a-11ed-aa7c-7003bca91a86,JOB-1768375698047-6mz6g3di5,MKR-IN-00080,WO-1770978832260-le0gmfcjy,MKR-IN-00080-652.002.06-2024-630,AE Cylinder Covers with Valves Inspection - 1M,Maintenance,2024-11-19,,2nd Engineer,,2024-11-22,Approved,,,Additional findings noted - recommend follow-up inspection during next scheduled maintenance.,f,2026-02-18 04:41:16.659325
610,COMP-1768374768339-pzyj156x4,652.003.03,7440571a-841a-11ed-aa7c-7003bca91a86,JOB-1768375698065-nln0wy605,MKR-IN-00085,WO-1770978832260-flrynl1yk,MKR-IN-00085-652.003.03-2024-657,AE Cylinder Liner Inspection - 1M,Maintenance,2024-11-14,,2nd Engineer,,2024-11-17,Approved,,,All checks completed as per manufacturer guidelines. Next service due as scheduled.,f,2026-02-18 04:41:16.654188
609,COMP-1768374768272-j6qabuv4y,651.004.06,7440571a-841a-11ed-aa7c-7003bca91a86,JOB-1768375697772-0pyb57iow,MKR-OV-00025,WO-1770967515018-fxgr69fna,UWO-651.004.06-2024-656,AE1 Pistons And Connecting Rod No.06 - Cooling System Malfunction,Servicing,2024-11-09,,3rd Engineer,,2024-11-12,Approved,Cooling water temperature rising. Investigated and cleaned heat exchanger.,,Equipment tested satisfactorily after completion of AE1 Pistons And Connecting Rod No.06 - Cooling System Malfunction. No issues found.,f,2026-02-18 04:41:16.6457
608,COMP-1768374768443-sj0hmblft,653.003.06,7440571a-841a-11ed-aa7c-7003bca91a86,JOB-1768375698327-s9rfxwr8p,MKR-IN-00085,WO-1770967515004-sxe2tx5me,WO-653.003.06-2024-373,AE Cylinder Liner Inspection - 1M,Servicing,2024-11-07,,3rd Engineer,,2024-11-10,Approved,"SAFETY PROCEDURE (COMPANY)
===========================
Ensure compliance with safety procedures according to the company policy and requirements.

DESCRIPTION
===========
1. Liner Condition (Visual / Indirect)

Check for abnormal scavenge space condition (if accessible).

Look for signs of scuffing, scoring, or polishing (based on inspection ports or trend data).

Monitor liner condition through performance parameters if direct access is not possible.

2. Lubrication

Verify cylinder lubrication rate (if applicable) is as per maker’s recommendation.

Check lube oil distribution and absence of oil starvation signs.

Review lube oil consumption trends.

3. Cooling & Sealing

Monitor jacket water temperature and pressure related to cylinder No.01.

Check for cooling water leakage into cylinder or crankcase.

Verify condition of liner sealing arrangements (indirect observation).",,Equipment tested satisfactorily after maintenance. No issues found.,f,2026-02-18 04:41:16.634813
607,COMP-1768374768242-ybntycqh5,651.003.02,7440571a-841a-11ed-aa7c-7003bca91a86,JOB-1768375697720-m80h9gkmd,MKR-IN-00085,WO-1770978832259-3qiwnjrbe,MKR-IN-00085-651.003.02-2024-559,AE Cylinder Liner Inspection - 1M,Maintenance,2024-11-12,,2nd Engineer,,2024-11-14,Approved,,,Equipment tested satisfactorily after completion of AE Cylinder Liner Inspection - 1M. No issues found.,f,2026-02-18 04:41:16.627141
606,COMP-1768374767782-h9rrg02lo,712.013,7440571a-841a-11ed-aa7c-7003bca91a86,JOB-1768375698825-n1fec5qo8,MKR-IN-00059,WO-1770967515018-s40fxqj1b,UWO-712.013-2024-638,LO Separator Booster Pumps - Fuel System Contamination,Servicing,2024-12-05,,Chief Engineer,,2024-12-07,Approved,Fuel oil contamination detected. Purifier and filters cleaned/replaced.,,Small adjustments made to operating parameters. Equipment performance satisfactory.,f,2026-02-18 04:41:16.619667
605,COMP-1768374768319-j4kgq3mjf,652.002.02,7440571a-841a-11ed-aa7c-7003bca91a86,JOB-1768375698020-wikm0w4cg,MKR-IN-00080,WO-1770978832260-g83z60rol,MKR-IN-00080-652.002.02-2024-609,AE Cylinder Covers with Valves Inspection - 1M,Maintenance,2024-11-10,,Chief Engineer,,2024-11-13,Approved,,,Minor adjustments made. Equipment performance within acceptable parameters.,f,2026-02-18 04:41:16.614509
604,COMP-1768374768149-xq053ewev,601.005.02,7440571a-841a-11ed-aa7c-7003bca91a86,JOB-1768375697418-2fk1daqf0,MKR-IN-00076,WO-1770978832258-1mg05rn0o,MKR-IN-00076-601.005.02-2024-395,"Main Engine – Connecting Rods, Crosshead & Guide Assemblies Inspection - 1M",Maintenance,2024-11-09,,2nd Engineer,,2024-11-12,Approved,,,All equipment tested satisfactorily post-maintenance. No abnormalities detected.,f,2026-02-18 04:41:16.609186
603,COMP-1768374767910-h2nui498v,278.010.01,7440571a-841a-11ed-aa7c-7003bca91a86,JOB-1768374783248-r2uv8ufaf,MKR-IN-00071,WO-1770978832255-h44jdoxe7,MKR-IN-00071-278.010.01-2024-160,"Impressed Current Cathodic Protection (ICCP), Inspection - 1M",Maintenance,2024-11-24,,Chief Engineer,,2024-11-27,Approved,,,"Equipment tested satisfactorily after completion of Impressed Current Cathodic Protection (ICCP), Inspection - 1M. No issues found.",f,2026-02-18 04:41:16.60491
602,COMP-1768374768251-oq1j3zcya,651.003.05,7440571a-841a-11ed-aa7c-7003bca91a86,JOB-1768375697736-r5yb7e729,MKR-IN-00085,WO-1770967515018-s1wubluvp,UWO-651.003.05-2024-663,AE1 Cylinder Liners No.05 - Hydraulic System Pressure Drop,Servicing,2024-11-15,,Chief Engineer,,2024-11-18,Approved,Hydraulic system pressure dropping. Investigated and found leaking fitting. Repaired.,,All equipment tested satisfactorily post-maintenance. No abnormalities detected.,f,2026-02-18 04:41:16.599739
601,COMP-1768374768339-pzyj156x4,652.003.03,7440571a-841a-11ed-aa7c-7003bca91a86,JOB-1768375698065-nln0wy605,MKR-IN-00085,WO-1770978832260-62ndce1hh,MKR-IN-00085-652.003.03-2024-659,AE Cylinder Liner Inspection - 1M,Maintenance,2024-12-03,,4th Engineer,,2024-12-04,Approved,,,Required spare parts replaced during AE Cylinder Liner Inspection - 1M. Old parts retained for inspection.,f,2026-02-18 04:41:16.594675
600,COMP-1768374768127-i0rmry7ao,601.004.01,7440571a-841a-11ed-aa7c-7003bca91a86,JOB-1768375697147-r1wnkg8c5,MKR-OV-00011,WO-1770967515018-geuhnoz1c,UWO-601.004.01-2024-675,"ME Pistons, Piston Rods No.01 - Sensor Failure - Replacement",Servicing,2024-11-14,,2nd Engineer,,2024-11-15,Approved,Temperature/pressure sensor giving erratic readings. Replaced sensor.,,"Minor adjustments carried out during ME Pistons, Piston Rods No.01 - Sensor Failure - Replacement. Performance within acceptable parameters.",f,2026-02-18 04:41:16.588941
599,COMP-1768374768511-709kv1bk1,702.005.02,7440571a-841a-11ed-aa7c-7003bca91a86,JOB-1768375698538-eaypatso8,MKR-IN-00054,WO-1770967515004-kdf04tzvy,WO-702.005.02-2024-251,"Purifier, Routine - 1W",Servicing,2024-11-12,,3rd Engineer,,2024-11-13,Approved,"SAFETY PROCEDURE (COMPANY)
===========================
Ensure compliance with safety procedures according to the company policy and requirements.

JOB REFERENCE DETAILS
===================
Manual Name: 8M-3 INSTRUCTION MANAUL FOR PURIFIER;5303.pdf
Pdf Page No: 56
Chapter: 3. Maintenance Inspection Procedures
Section: 3.1 Routine checks

DESCRIPTION
===========
Routine Checks :
1. Check the feed rate with respect to set feed rate for any changes.
2. Check the temperature with set temperature level.
3. Check the pressure of light liquid outlet is to be coincide roughly with the set pressure of the leakage.
4. Check for any increase in vibration.
5. Check for operational noise in gear pump and bearing etc. 
6. Check the rated current on daily basis.
7. Check the gear pump oil quantity. 
8. Check the safety joint of gears for any deformation.
9. Check for oil leakage in pipe joints.
10. Check & adjust pressure LED (yellow) lit or flashing for Leakage Monitor.
11. Check indicate revolution LED (green) is flashing for Discharge Monitor.",,Equipment tested satisfactorily after maintenance. No issues found.,f,2026-02-18 04:41:16.584332
598,COMP-1768374768157-suzt374w7,601.005.05,7440571a-841a-11ed-aa7c-7003bca91a86,JOB-1768375697435-jappx7g00,MKR-IN-00076,WO-1770978832258-wszh3vgiu,MKR-IN-00076-601.005.05-2024-410,"Main Engine – Connecting Rods, Crosshead & Guide Assemblies Inspection - 1M",Maintenance,2024-11-22,,4th Engineer,,2024-11-23,Approved,,,Equipment tested satisfactorily after maintenance. No issues found.,f,2026-02-18 04:41:16.578599
597,COMP-1768374767834-dbncpiany,601.053,7440571a-841a-11ed-aa7c-7003bca91a86,JOB-1768375697585-z6leju6xr,MKR-IN-00066,WO-1770967515015-5coeh8idl,WO-601.053-2024-440,"ME Turbocharger Turbine, Cleaning - 500H",Servicing,2024-11-18,,2nd Engineer,,2024-11-19,Approved,"SAFETY PROCEDURE (COMPANY)
===========================
Ensure compliance with safety procedures according to the company policy and requirements.

JOB REFERENCE DETAILS
===================
Manual Name: 3M-2 DIESEL ENGINE VOL II;5303.pdf
Pdf Page No: 196, 171, 172
Job Reference: Group No. 400
Chapter: Maintenance Schedule Of Main Parts


DESCRIPTION
===========
1. Cleaning of turbine side of turbocharger to be carried out (vegetal solid cleaning).",,Minor adjustments made. Equipment performance within acceptable parameters.,f,2026-02-18 04:41:16.573478
596,COMP-1768374768210-pv86y7jsq,601.066.03,7440571a-841a-11ed-aa7c-7003bca91a86,JOB-1768375697641-9ro3dhhfo,MKR-IN-00079,WO-1770978832259-6s551jyd7,MKR-IN-00079-601.066.03-2024-465,Main Engine – Indicator Valves & Indicators Inspection - 1M,Maintenance,2024-11-28,,Chief Engineer,,2024-11-30,Approved,,,Minor adjustments carried out during Main Engine – Indicator Valves & Indicators Inspection - 1M. Performance within acceptable parameters.,f,2026-02-18 04:41:16.56819
595,COMP-1768374768511-709kv1bk1,702.005.02,7440571a-841a-11ed-aa7c-7003bca91a86,JOB-1768375698538-eaypatso8,MKR-IN-00054,WO-1770967515004-mew13glu6,WO-702.005.02-2024-252,"Purifier, Routine - 1W",Servicing,2024-11-15,,3rd Engineer,,2024-11-18,Approved,"SAFETY PROCEDURE (COMPANY)
===========================
Ensure compliance with safety procedures according to the company policy and requirements.

JOB REFERENCE DETAILS
===================
Manual Name: 8M-3 INSTRUCTION MANAUL FOR PURIFIER;5303.pdf
Pdf Page No: 56
Chapter: 3. Maintenance Inspection Procedures
Section: 3.1 Routine checks

DESCRIPTION
===========
Routine Checks :
1. Check the feed rate with respect to set feed rate for any changes.
2. Check the temperature with set temperature level.
3. Check the pressure of light liquid outlet is to be coincide roughly with the set pressure of the leakage.
4. Check for any increase in vibration.
5. Check for operational noise in gear pump and bearing etc. 
6. Check the rated current on daily basis.
7. Check the gear pump oil quantity. 
8. Check the safety joint of gears for any deformation.
9. Check for oil leakage in pipe joints.
10. Check & adjust pressure LED (yellow) lit or flashing for Leakage Monitor.
11. Check indicate revolution LED (green) is flashing for Discharge Monitor.",,Minor adjustments made. Equipment performance within acceptable parameters.,f,2026-02-18 04:41:16.563215
594,COMP-1768374767834-dbncpiany,601.053,7440571a-841a-11ed-aa7c-7003bca91a86,JOB-1768375697590-j5wqgs5qj,MKR-IN-00067,WO-1770967515016-xnb6y32c5,WO-601.053-2024-459,"ME Turbocharger Blower Side & Suction Filter, Cleaning - 2000H",Servicing,2024-11-12,,2nd Engineer,,2024-11-14,Approved,"SAFETY PROCEDURE (COMPANY)
===========================
Ensure compliance with safety procedures according to the company policy and requirements.

JOB REFERENCE DETAILS
===================
Manual Name: 3M-2 DIESEL ENGINE VOL II;5303.pdf
Pdf Page No: 196, 171, 172
Job Reference: Group No. 400
Chapter: Maintenance Schedule Of Main Parts


DESCRIPTION
===========
1. Cleaning of suction filter.
2. Dismantling and cleaning of blower side of turbocharger.",,Completion delayed due to vessel operational schedule. Work carried out during port call.,f,2026-02-18 04:41:16.55696
593,COMP-1768374767888-kl7yblrz6,653.046,7440571a-841a-11ed-aa7c-7003bca91a86,JOB-1768375698483-p8wt6a4b8,MKR-OV-00026,WO-1770978832255-j019g2ulh,MKR-OV-00026-653.046-2024-152,AE Lube Oil (LO) Filters Overhaul - 4000H,Maintenance,2024-11-26,,4th Engineer,,2024-11-27,Approved,,,Minor adjustments carried out during AE Lube Oil (LO) Filters Overhaul - 4000H. Performance within acceptable parameters.,f,2026-02-18 04:41:16.552564
592,COMP-1768374768260-vygwyhvh6,651.004.02,7440571a-841a-11ed-aa7c-7003bca91a86,JOB-1768375697751-mx1f2x1dn,MKR-OV-00025,WO-1770967515018-7lo2cscju,UWO-651.004.02-2024-657,AE1 Pistons And Connecting Rod No.02 - Filter Blockage - Emergency Cleaning,Servicing,2024-11-15,,Chief Engineer,,2024-11-18,Approved,Filter differential pressure high. Emergency cleaning/replacement carried out.,,Equipment tested satisfactorily after maintenance. No issues found.,f,2026-02-18 04:41:16.548142
591,COMP-1768374768334-x8vq4y9hs,652.003.01,7440571a-841a-11ed-aa7c-7003bca91a86,JOB-1768375698053-sog0kbiyi,MKR-IN-00085,WO-1770978832260-df06upftm,MKR-IN-00085-652.003.01-2024-643,AE Cylinder Liner Inspection - 1M,Maintenance,2024-11-24,,2nd Engineer,,2024-11-25,Approved,,,Work delayed due to weather/operational constraints. Completed during port stay.,f,2026-02-18 04:41:16.543799
590,COMP-1768374768289-asem3yx4h,651.007.06,7440571a-841a-11ed-aa7c-7003bca91a86,JOB-1768375697804-nd1x8qa72,MKR-IN-00015,WO-1770978832254-7742nc46f,MKR-IN-00015-651.007.06-2024-043,"DG Main Bearing, Visual Check - 2Y/8000H",Maintenance,2024-11-29,,Electrican,,2024-12-02,Approved,,,"Equipment tested satisfactorily after completion of DG Main Bearing, Visual Check - 2Y/8000H. No issues found.",f,2026-02-18 04:41:16.539153
589,COMP-1768374767910-h2nui498v,278.010.01,7440571a-841a-11ed-aa7c-7003bca91a86,JOB-1768374783248-r2uv8ufaf,MKR-IN-00071,WO-1770978832255-rxho39wij,MKR-IN-00071-278.010.01-2024-156,"Impressed Current Cathodic Protection (ICCP), Inspection - 1M",Maintenance,2024-12-12,,4th Engineer,,2024-12-15,Approved,,,Minor adjustments made. Equipment performance within acceptable parameters.,f,2026-02-18 04:41:16.534653
588,COMP-1768374768511-709kv1bk1,702.005.02,7440571a-841a-11ed-aa7c-7003bca91a86,JOB-1768375698538-eaypatso8,MKR-IN-00054,WO-1770967515004-b7q3l3tuv,WO-702.005.02-2024-253,"Purifier, Routine - 1W",Servicing,2024-11-22,,3rd Engineer,,2024-11-23,Approved,"SAFETY PROCEDURE (COMPANY)
===========================
Ensure compliance with safety procedures according to the company policy and requirements.

JOB REFERENCE DETAILS
===================
Manual Name: 8M-3 INSTRUCTION MANAUL FOR PURIFIER;5303.pdf
Pdf Page No: 56
Chapter: 3. Maintenance Inspection Procedures
Section: 3.1 Routine checks

DESCRIPTION
===========
Routine Checks :
1. Check the feed rate with respect to set feed rate for any changes.
2. Check the temperature with set temperature level.
3. Check the pressure of light liquid outlet is to be coincide roughly with the set pressure of the leakage.
4. Check for any increase in vibration.
5. Check for operational noise in gear pump and bearing etc. 
6. Check the rated current on daily basis.
7. Check the gear pump oil quantity. 
8. Check the safety joint of gears for any deformation.
9. Check for oil leakage in pipe joints.
10. Check & adjust pressure LED (yellow) lit or flashing for Leakage Monitor.
11. Check indicate revolution LED (green) is flashing for Discharge Monitor.",,All maintenance checks completed per OEM recommendations. Next scheduled service as per PMS.,f,2026-02-18 04:41:16.52958
587,COMP-1768374768456-z5jr6vit3,653.004.04,7440571a-841a-11ed-aa7c-7003bca91a86,JOB-1768375698350-oxdhbvc0t,MKR-OV-00025,WO-1770978832255-560zfpw43,MKR-OV-00025-653.004.04-2024-120,AE Pistons and Connecting Rods Overhaul - 4000H,Maintenance,2024-12-10,,4th Engineer,,2024-12-12,Approved,,,Minor adjustments made. Equipment performance within acceptable parameters.,f,2026-02-18 04:41:16.52353
586,COMP-1768374767914-980b44ij3,278.010.02,7440571a-841a-11ed-aa7c-7003bca91a86,JOB-1768375696813-k7ce9br2o,MKR-IN-00071,WO-1770978832255-8t0pzn77e,MKR-IN-00071-278.010.02-2024-174,"Impressed Current Cathodic Protection (ICCP), Inspection - 1M",Maintenance,2024-12-08,,2nd Engineer,,2024-12-11,Approved,,,Spare parts replaced as listed. Old parts retained for inspection/disposal.,f,2026-02-18 04:41:16.518967
585,COMP-1768374768130-yqa3gw7x0,601.004.02,7440571a-841a-11ed-aa7c-7003bca91a86,JOB-1768375697363-vlsr43081,MKR-IN-00063,WO-1770978832256-ktgzyrfb4,MKR-IN-00063-601.004.02-2024-315,"ME Piston And Rings, Inspection - 500H",Maintenance,2024-12-19,,Chief Engineer,,2024-12-20,Approved,,,Equipment tested satisfactorily after maintenance. No issues found.,f,2026-02-18 04:41:16.513782
584,COMP-1768374767918-4vp8g44db,285.001.01,7440571a-841a-11ed-aa7c-7003bca91a86,JOB-1768375696823-5izcxc9cy,MKR-IN-00072,WO-1770978832255-a23iyom0j,MKR-IN-00072-285.001.01-2024-177,Ballast Tanks Inspection - 1M,Maintenance,2024-11-29,,Chief Engineer,,2024-12-02,Approved,,,Small adjustments made to operating parameters. Equipment performance satisfactory.,f,2026-02-18 04:41:16.509313
583,COMP-1768374768201-mvmpi8w24,601.026.06,7440571a-841a-11ed-aa7c-7003bca91a86,JOB-1768375697569-fn7owfj2c,MKR-SE-00020,WO-1770967515019-hlrxknav1,UWO-601.026.06-2024-841,ME Hp Fuel Pumps No.06 - Pump Seal Failure - Emergency Repair,Servicing,2024-12-03,,4th Engineer,,2024-12-05,Approved,Pump seal found leaking during routine watch. Emergency repair carried out.,,All maintenance checks completed per OEM recommendations. Next scheduled service as per PMS.,f,2026-02-18 04:41:16.503594
582,COMP-1768374768204-bxjta0rjx,601.066.01,7440571a-841a-11ed-aa7c-7003bca91a86,JOB-1768375697629-njv3hbmjn,MKR-IN-00079,WO-1770978832259-313ch2a14,MKR-IN-00079-601.066.01-2024-458,Main Engine – Indicator Valves & Indicators Inspection - 1M,Maintenance,2024-12-16,,2nd Engineer,,2024-12-19,Approved,,,Equipment tested satisfactorily after maintenance. No issues found.,f,2026-02-18 04:41:16.493322
581,COMP-1768374768511-709kv1bk1,702.005.02,7440571a-841a-11ed-aa7c-7003bca91a86,JOB-1768375698538-eaypatso8,MKR-IN-00054,WO-1770967515004-amlhdgicj,WO-702.005.02-2024-254,"Purifier, Routine - 1W",Servicing,2024-12-17,,3rd Engineer,,2024-12-19,Approved,"SAFETY PROCEDURE (COMPANY)
===========================
Ensure compliance with safety procedures according to the company policy and requirements.

JOB REFERENCE DETAILS
===================
Manual Name: 8M-3 INSTRUCTION MANAUL FOR PURIFIER;5303.pdf
Pdf Page No: 56
Chapter: 3. Maintenance Inspection Procedures
Section: 3.1 Routine checks

DESCRIPTION
===========
Routine Checks :
1. Check the feed rate with respect to set feed rate for any changes.
2. Check the temperature with set temperature level.
3. Check the pressure of light liquid outlet is to be coincide roughly with the set pressure of the leakage.
4. Check for any increase in vibration.
5. Check for operational noise in gear pump and bearing etc. 
6. Check the rated current on daily basis.
7. Check the gear pump oil quantity. 
8. Check the safety joint of gears for any deformation.
9. Check for oil leakage in pipe joints.
10. Check & adjust pressure LED (yellow) lit or flashing for Leakage Monitor.
11. Check indicate revolution LED (green) is flashing for Discharge Monitor.",,All checks completed as per manufacturer guidelines. Next service due as scheduled.,f,2026-02-18 04:41:16.484545
580,COMP-1768374768251-oq1j3zcya,651.003.05,7440571a-841a-11ed-aa7c-7003bca91a86,JOB-1768375697736-r5yb7e729,MKR-IN-00085,WO-1770978832260-b7pl8bdvs,MKR-IN-00085-651.003.05-2024-593,AE Cylinder Liner Inspection - 1M,Maintenance,2024-12-08,,Chief Engineer,,2024-12-10,Approved,,,Equipment tested satisfactorily after maintenance. No issues found.,f,2026-02-18 04:41:16.475583
579,COMP-1768374768239-6wbm7nkr9,651.003.01,7440571a-841a-11ed-aa7c-7003bca91a86,JOB-1768375697715-p7a1yt6pq,MKR-IN-00085,WO-1770967515004-j4x081id4,WO-651.003.01-2024-338,AE Cylinder Liner Inspection - 1M,Servicing,2024-12-10,,3rd Engineer,,2024-12-12,Approved,"SAFETY PROCEDURE (COMPANY)
===========================
Ensure compliance with safety procedures according to the company policy and requirements.

DESCRIPTION
===========
1. Liner Condition (Visual / Indirect)

Check for abnormal scavenge space condition (if accessible).

Look for signs of scuffing, scoring, or polishing (based on inspection ports or trend data).

Monitor liner condition through performance parameters if direct access is not possible.

2. Lubrication

Verify cylinder lubrication rate (if applicable) is as per maker’s recommendation.

Check lube oil distribution and absence of oil starvation signs.

Review lube oil consumption trends.

3. Cooling & Sealing

Monitor jacket water temperature and pressure related to cylinder No.01.

Check for cooling water leakage into cylinder or crankcase.

Verify condition of liner sealing arrangements (indirect observation).",,Consumable parts replaced as per maintenance plan. Used parts stored for disposal.,f,2026-02-18 04:41:16.469023
578,COMP-1768374767852-5jf3uv6ju,651.018,7440571a-841a-11ed-aa7c-7003bca91a86,JOB-1768375697815-rq8hx6287,MKR-IN-00086,WO-1770978832254-5j5v5heiv,MKR-IN-00086-651.018-2024-045,AE Crankcase Detailed Inspection - 4000H,Maintenance,2024-12-11,,Electrican,,2024-12-14,Approved,,,All maintenance checks completed per OEM recommendations. Next scheduled service as per PMS.,f,2026-02-18 04:41:16.464061
577,COMP-1768374768511-709kv1bk1,702.005.02,7440571a-841a-11ed-aa7c-7003bca91a86,JOB-1768375698538-eaypatso8,MKR-IN-00054,WO-1770967515004-gh553o7ap,WO-702.005.02-2024-255,"Purifier, Routine - 1W",Servicing,2024-12-09,,3rd Engineer,,2024-12-10,Approved,"SAFETY PROCEDURE (COMPANY)
===========================
Ensure compliance with safety procedures according to the company policy and requirements.

JOB REFERENCE DETAILS
===================
Manual Name: 8M-3 INSTRUCTION MANAUL FOR PURIFIER;5303.pdf
Pdf Page No: 56
Chapter: 3. Maintenance Inspection Procedures
Section: 3.1 Routine checks

DESCRIPTION
===========
Routine Checks :
1. Check the feed rate with respect to set feed rate for any changes.
2. Check the temperature with set temperature level.
3. Check the pressure of light liquid outlet is to be coincide roughly with the set pressure of the leakage.
4. Check for any increase in vibration.
5. Check for operational noise in gear pump and bearing etc. 
6. Check the rated current on daily basis.
7. Check the gear pump oil quantity. 
8. Check the safety joint of gears for any deformation.
9. Check for oil leakage in pipe joints.
10. Check & adjust pressure LED (yellow) lit or flashing for Leakage Monitor.
11. Check indicate revolution LED (green) is flashing for Discharge Monitor.",,"Required spare parts replaced during Purifier, Routine - 1W. Old parts retained for inspection.",f,2026-02-18 04:41:16.459905
576,COMP-1768374768137-39r0aykwi,601.004.04,7440571a-841a-11ed-aa7c-7003bca91a86,JOB-1768375697385-g3vs0tk5f,MKR-IN-00063,WO-1770978832256-jejz6kx5o,MKR-IN-00063-601.004.04-2024-343,"ME Piston And Rings, Inspection - 500H",Maintenance,2024-12-21,,4th Engineer,,2024-12-23,Approved,,,Consumable parts replaced as per maintenance plan. Used parts stored for disposal.,f,2026-02-18 04:41:16.453743
575,COMP-1768374767812-t7u0ew84e,501.002,7440571a-841a-11ed-aa7c-7003bca91a86,JOB-1768375697009-atjcavi6y,MKR-IN-00073,WO-1770967515018-b4q3jb5k9,UWO-501.002-2024-713,Covered Lifeboats - Bearing Overheating - Emergency Maintenance,Servicing,2024-12-18,,2nd Officer,,2024-12-21,Approved,Bearing temperature rising above normal. Emergency maintenance carried out.,,All equipment tested satisfactorily post-maintenance. No abnormalities detected.,f,2026-02-18 04:41:16.447212
574,COMP-1768374768316-5z2wp3xqd,652.002.01,7440571a-841a-11ed-aa7c-7003bca91a86,JOB-1768375698012-7xjbdpyvr,MKR-IN-00080,WO-1770978832260-k1qbav076,MKR-IN-00080-652.002.01-2024-602,AE Cylinder Covers with Valves Inspection - 1M,Maintenance,2024-12-22,,4th Engineer,,2024-12-24,Approved,,,Checks completed as per manufacturer guidelines for AE Cylinder Covers with Valves Inspection - 1M. Next service due as scheduled.,f,2026-02-18 04:41:16.44054
573,COMP-1768374767910-h2nui498v,278.010.01,7440571a-841a-11ed-aa7c-7003bca91a86,JOB-1768374783248-r2uv8ufaf,MKR-IN-00071,WO-1770978832255-bzl7b6obr,MKR-IN-00071-278.010.01-2024-155,"Impressed Current Cathodic Protection (ICCP), Inspection - 1M",Maintenance,2024-12-07,,2nd Engineer,,2024-12-08,Approved,,,All checks completed as per manufacturer guidelines. Next service due as scheduled.,f,2026-02-18 04:41:16.430244
572,COMP-1768374767933-vto5y1uh1,285.001.05,7440571a-841a-11ed-aa7c-7003bca91a86,JOB-1768375696851-ndejb6eas,MKR-IN-00072,WO-1770978832255-hxmdv3zlb,MKR-IN-00072-285.001.05-2024-199,Ballast Tanks Inspection - 1M,Maintenance,2024-12-13,,2nd Engineer,,2024-12-16,Approved,,,All equipment tested satisfactorily post-maintenance. No abnormalities detected.,f,2026-02-18 04:41:16.423297
571,COMP-1768374768334-x8vq4y9hs,652.003.01,7440571a-841a-11ed-aa7c-7003bca91a86,JOB-1768375698053-sog0kbiyi,MKR-IN-00085,WO-1770978832260-0d773zo8u,MKR-IN-00085-652.003.01-2024-649,AE Cylinder Liner Inspection - 1M,Maintenance,2024-12-09,,2nd Engineer,,2024-12-10,Approved,,,Minor adjustments made. Equipment performance within acceptable parameters.,f,2026-02-18 04:41:16.418059
570,COMP-1768374768146-20m0kzu7m,601.005.01,7440571a-841a-11ed-aa7c-7003bca91a86,JOB-1768375697413-w7rik62pb,MKR-IN-00076,WO-1770978832258-m9atsj4cd,MKR-IN-00076-601.005.01-2024-388,"Main Engine – Connecting Rods, Crosshead & Guide Assemblies Inspection - 1M",Maintenance,2024-12-14,,4th Engineer,,2024-12-16,Approved,,,"Equipment tested satisfactorily after completion of Main Engine – Connecting Rods, Crosshead & Guide Assemblies Inspection - 1M. No issues found.",f,2026-02-18 04:41:16.412983
569,COMP-1768374768359-gjwrc6wwi,652.004.04,7440571a-841a-11ed-aa7c-7003bca91a86,JOB-1768375698100-8wqauevrt,MKR-OV-00025,WO-1770978832254-to8il2fe9,MKR-OV-00025-652.004.04-2024-074,AE Pistons and Connecting Rods Overhaul - 4000H,Maintenance,2024-12-20,,2nd Engineer,,2024-12-22,Approved,,,All equipment tested satisfactorily post-maintenance. No abnormalities detected.,f,2026-02-18 04:41:16.407458
568,COMP-1768374768465-zm74g0ljq,653.007.01,7440571a-841a-11ed-aa7c-7003bca91a86,JOB-1768375698366-5wv5gsnri,MKR-IN-00015,WO-1770967515019-i2mtyfegm,UWO-653.007.01-2024-830,"AE3 Main Bearings, Journals No.01 - Sensor Failure - Replacement",Servicing,2024-12-14,,3rd Engineer,,2024-12-15,Approved,Temperature/pressure sensor giving erratic readings. Replaced sensor.,,Minor additional findings recorded. Follow-up inspection recommended during next maintenance period.,f,2026-02-18 04:41:16.402767
567,COMP-1768374767958-93if5ek0n,403.006.02,7440571a-841a-11ed-aa7c-7003bca91a86,JOB-1768375696917-oxxuwh1ys,MKR-IN-00044,WO-1770967515018-v1rrg7euu,UWO-403.006.02-2024-769,Hydr. Oil Pumps No.02 - Pipe Leakage - Welding Repair,Servicing,2024-12-11,,2nd Engineer,,2024-12-12,Approved,"Pipe leakage found in engine room. Temporary repair carried out, permanent repair planned.",,Minor adjustments carried out during Hydr. Oil Pumps No.02 - Pipe Leakage - Welding Repair. Performance within acceptable parameters.,f,2026-02-18 04:41:16.398153
566,COMP-1768374768137-39r0aykwi,601.004.04,7440571a-841a-11ed-aa7c-7003bca91a86,JOB-1768375697385-g3vs0tk5f,MKR-IN-00063,WO-1770978832256-kf0q5m07d,MKR-IN-00063-601.004.04-2024-344,"ME Piston And Rings, Inspection - 500H",Maintenance,2024-12-23,,Chief Engineer,,2024-12-26,Approved,,,Equipment tested satisfactorily after maintenance. No issues found.,f,2026-02-18 04:41:16.393567
565,COMP-1768374768130-yqa3gw7x0,601.004.02,7440571a-841a-11ed-aa7c-7003bca91a86,JOB-1768375697363-vlsr43081,MKR-IN-00063,WO-1770978832256-yzibxpesp,MKR-IN-00063-601.004.02-2024-314,"ME Piston And Rings, Inspection - 500H",Maintenance,2024-12-23,,4th Engineer,,2024-12-26,Approved,,,Equipment tested satisfactorily after maintenance. No issues found.,f,2026-02-18 04:41:16.388902
564,COMP-1768374767970-rjlhewmvb,554.005.01,7440571a-841a-11ed-aa7c-7003bca91a86,JOB-1768375697054-rbgk958fi,MKR-IN-00052,WO-1770967515018-1965ipd99,UWO-554.005.01-2024-813,Condensers No.01 - Bearing Overheating - Emergency Maintenance,Servicing,2024-12-15,,4th Engineer,,2024-12-16,Approved,Bearing temperature rising above normal. Emergency maintenance carried out.,,Small adjustments made to operating parameters. Equipment performance satisfactory.,f,2026-02-18 04:41:16.384305
563,COMP-1768374767784-628ir01g8,721.001,7440571a-841a-11ed-aa7c-7003bca91a86,JOB-1768375698859-bxhld6lwv,MKR-IN-00061,WO-1770967515017-76xbj4zfq,UWO-721.001-2024-478,Main Sw Cooling Pumps - Bearing Overheating - Emergency Maintenance,Servicing,2024-12-18,,2nd Engineer,,2024-12-20,Approved,Bearing temperature rising above normal. Emergency maintenance carried out.,,Completion delayed due to vessel operational schedule. Work carried out during port call.,f,2026-02-18 04:41:16.379127
562,COMP-1768374768146-20m0kzu7m,601.005.01,7440571a-841a-11ed-aa7c-7003bca91a86,JOB-1768375697413-w7rik62pb,MKR-IN-00076,WO-1770978832258-g0nrtzshm,MKR-IN-00076-601.005.01-2024-390,"Main Engine – Connecting Rods, Crosshead & Guide Assemblies Inspection - 1M",Maintenance,2024-12-27,,4th Engineer,,2024-12-28,Approved,,,"Additional observations during Main Engine – Connecting Rods, Crosshead & Guide Assemblies Inspection - 1M - recommend follow-up at next scheduled interval.",f,2026-02-18 04:41:16.375512
561,COMP-1768374767605-jwc1voz3d,4,7440571a-841a-11ed-aa7c-7003bca91a86,JOB-1768375696887-0ce70adnn,MKR-IN-00041,WO-1770967515018-7w0cyzmae,UWO-4-2024-647,SHIP EQUIPMENT - Control System Malfunction,Servicing,2024-12-18,,Chief Engineer,,2024-12-20,Approved,Control system showing intermittent faults. Checked connections and calibrated.,,Work delayed due to weather/operational constraints. Completed during port stay.,f,2026-02-18 04:41:16.37182
560,COMP-1768374768511-709kv1bk1,702.005.02,7440571a-841a-11ed-aa7c-7003bca91a86,JOB-1768375698538-eaypatso8,MKR-IN-00054,WO-1770967515004-bzi685yzy,WO-702.005.02-2024-256,"Purifier, Routine - 1W",Servicing,2024-12-14,,3rd Engineer,,2024-12-16,Approved,"SAFETY PROCEDURE (COMPANY)
===========================
Ensure compliance with safety procedures according to the company policy and requirements.

JOB REFERENCE DETAILS
===================
Manual Name: 8M-3 INSTRUCTION MANAUL FOR PURIFIER;5303.pdf
Pdf Page No: 56
Chapter: 3. Maintenance Inspection Procedures
Section: 3.1 Routine checks

DESCRIPTION
===========
Routine Checks :
1. Check the feed rate with respect to set feed rate for any changes.
2. Check the temperature with set temperature level.
3. Check the pressure of light liquid outlet is to be coincide roughly with the set pressure of the leakage.
4. Check for any increase in vibration.
5. Check for operational noise in gear pump and bearing etc. 
6. Check the rated current on daily basis.
7. Check the gear pump oil quantity. 
8. Check the safety joint of gears for any deformation.
9. Check for oil leakage in pipe joints.
10. Check & adjust pressure LED (yellow) lit or flashing for Leakage Monitor.
11. Check indicate revolution LED (green) is flashing for Discharge Monitor.",,Equipment tested satisfactorily after maintenance. No issues found.,f,2026-02-18 04:41:16.366061
559,COMP-1768374768157-suzt374w7,601.005.05,7440571a-841a-11ed-aa7c-7003bca91a86,JOB-1768375697435-jappx7g00,MKR-IN-00076,WO-1770967515018-updgzzwos,UWO-601.005.05-2024-815,"ME Connecting Rods, Crosshead, Guides No.05 - Bearing Overheating - Emergency Maintenance",Servicing,2024-12-17,,Chief Engineer,,2024-12-18,Approved,Bearing temperature rising above normal. Emergency maintenance carried out.,,Equipment tested satisfactorily after maintenance. No issues found.,f,2026-02-18 04:41:16.36151
558,COMP-1768374768511-709kv1bk1,702.005.02,7440571a-841a-11ed-aa7c-7003bca91a86,JOB-1768375698538-eaypatso8,MKR-IN-00054,WO-1770967515004-9d3m0xt4p,WO-702.005.02-2024-257,"Purifier, Routine - 1W",Servicing,2024-12-20,,3rd Engineer,,2024-12-23,Approved,"SAFETY PROCEDURE (COMPANY)
===========================
Ensure compliance with safety procedures according to the company policy and requirements.

JOB REFERENCE DETAILS
===================
Manual Name: 8M-3 INSTRUCTION MANAUL FOR PURIFIER;5303.pdf
Pdf Page No: 56
Chapter: 3. Maintenance Inspection Procedures
Section: 3.1 Routine checks

DESCRIPTION
===========
Routine Checks :
1. Check the feed rate with respect to set feed rate for any changes.
2. Check the temperature with set temperature level.
3. Check the pressure of light liquid outlet is to be coincide roughly with the set pressure of the leakage.
4. Check for any increase in vibration.
5. Check for operational noise in gear pump and bearing etc. 
6. Check the rated current on daily basis.
7. Check the gear pump oil quantity. 
8. Check the safety joint of gears for any deformation.
9. Check for oil leakage in pipe joints.
10. Check & adjust pressure LED (yellow) lit or flashing for Leakage Monitor.
11. Check indicate revolution LED (green) is flashing for Discharge Monitor.",,"Equipment tested satisfactorily after completion of Purifier, Routine - 1W. No issues found.",f,2026-02-18 04:41:16.357068
557,COMP-1768374767994-apqr6kc7v,601.002.06,7440571a-841a-11ed-aa7c-7003bca91a86,JOB-1768375697108-vju6zh1n5,MKR-IN-00075,WO-1770978832256-7xygm1j8w,MKR-IN-00075-601.002.06-2024-285,Main Engine – Cylinder Covers with Valves Inspection - 4000H,Maintenance,2025-01-04,,2nd Engineer,,2025-01-06,Approved,,,Minor adjustments made. Equipment performance within acceptable parameters.,f,2026-02-18 04:41:16.352585
556,COMP-1768374767918-4vp8g44db,285.001.01,7440571a-841a-11ed-aa7c-7003bca91a86,JOB-1768375696823-5izcxc9cy,MKR-IN-00072,WO-1770978832255-t13hf78hq,MKR-IN-00072-285.001.01-2024-184,Ballast Tanks Inspection - 1M,Maintenance,2025-01-04,,Chief Engineer,,2025-01-07,Approved,,,Required spare parts replaced during Ballast Tanks Inspection - 1M. Old parts retained for inspection.,f,2026-02-18 04:41:16.348404
555,COMP-1768374768492-4pba9e2tx,653.020.03,7440571a-841a-11ed-aa7c-7003bca91a86,JOB-1768375698430-oueuuexna,MKR-IN-00017,WO-1770967515017-ckko4gfr5,UWO-653.020.03-2024-570,AE3 Crankcase Doors W/Safety Valve No.03 - Valve Leakage - Immediate Repair,Servicing,2024-12-21,,3rd Engineer,,2024-12-24,Approved,Valve found leaking during rounds. Repacked gland and replaced gasket.,,Required spare parts replaced during AE3 Crankcase Doors W/Safety Valve No.03 - Valve Leakage - Immediate Repair. Old parts retained for inspection.,f,2026-02-18 04:41:16.343839
554,COMP-1768374767709-70pptltx7,554.003,7440571a-841a-11ed-aa7c-7003bca91a86,JOB-1768375697034-wsrys4lln,MKR-IN-00050,WO-1770967515017-sca3l9sdt,UWO-554.003-2024-514,Compressors W/Drive Unit - Alarm Investigation - System Check,Servicing,2024-12-27,,2nd Engineer,,2024-12-30,Approved,Investigated alarm. Found faulty sensor/connection. Rectified.,,Minor additional findings recorded. Follow-up inspection recommended during next maintenance period.,f,2026-02-18 04:41:16.338768
553,COMP-1768374768225-48hk6uhgn,651.002.02,7440571a-841a-11ed-aa7c-7003bca91a86,JOB-1768375697685-xfdk7mrhe,MKR-IN-00080,WO-1770967515017-ps509froz,UWO-651.002.02-2024-606,AE1 Cylinder Covers W/Valves No.02 - Control System Malfunction,Servicing,2024-12-24,,2nd Engineer,,2024-12-26,Approved,Control system showing intermittent faults. Checked connections and calibrated.,,Additional observations during AE1 Cylinder Covers W/Valves No.02 - Control System Malfunction - recommend follow-up at next scheduled interval.,f,2026-02-18 04:41:16.333624
552,COMP-1768374768269-0de9t3d2p,651.004.05,7440571a-841a-11ed-aa7c-7003bca91a86,JOB-1768375697766-nsag37a44,MKR-OV-00025,WO-1770978832254-oqxkuodp4,MKR-OV-00025-651.004.05-2024-033,AE Pistons and Connecting Rods Overhaul - 4000H,Maintenance,2025-01-05,,4th Engineer,,2025-01-08,Approved,,,Spare parts replaced as listed. Old parts retained for inspection/disposal.,f,2026-02-18 04:41:16.329195
551,COMP-1768374767834-dbncpiany,601.053,7440571a-841a-11ed-aa7c-7003bca91a86,JOB-1768375697585-z6leju6xr,MKR-IN-00066,WO-1770967515015-0zx6zr2wg,WO-601.053-2024-441,"ME Turbocharger Turbine, Cleaning - 500H",Servicing,2024-12-19,,2nd Engineer,,2024-12-20,Approved,"SAFETY PROCEDURE (COMPANY)
===========================
Ensure compliance with safety procedures according to the company policy and requirements.

JOB REFERENCE DETAILS
===================
Manual Name: 3M-2 DIESEL ENGINE VOL II;5303.pdf
Pdf Page No: 196, 171, 172
Job Reference: Group No. 400
Chapter: Maintenance Schedule Of Main Parts


DESCRIPTION
===========
1. Cleaning of turbine side of turbocharger to be carried out (vegetal solid cleaning).",,"Equipment tested satisfactorily after completion of ME Turbocharger Turbine, Cleaning - 500H. No issues found.",f,2026-02-18 04:41:16.324969
550,COMP-1768374767939-gp5co4ot0,285.001.07,7440571a-841a-11ed-aa7c-7003bca91a86,JOB-1768375696862-icyy5iffj,MKR-IN-00072,WO-1770978832256-vrhgail8r,MKR-IN-00072-285.001.07-2025-231,Ballast Tanks Inspection - 1M,Maintenance,2025-01-07,,4th Engineer,,2025-01-10,Approved,,,Spare parts replaced as listed. Old parts retained for inspection/disposal.,f,2026-02-18 04:41:16.319855
549,COMP-1768374767918-4vp8g44db,285.001.01,7440571a-841a-11ed-aa7c-7003bca91a86,JOB-1768375696823-5izcxc9cy,MKR-IN-00072,WO-1770978832255-1awypjr1d,MKR-IN-00072-285.001.01-2024-178,Ballast Tanks Inspection - 1M,Maintenance,2025-01-08,,2nd Engineer,,2025-01-09,Approved,,,Minor adjustments carried out during Ballast Tanks Inspection - 1M. Performance within acceptable parameters.,f,2026-02-18 04:41:16.315761
548,COMP-1768374768406-ge71b71p9,652.020.07,7440571a-841a-11ed-aa7c-7003bca91a86,JOB-1768375698224-rwuyfro47,MKR-IN-00017,WO-1770967515017-gy54h9g2s,UWO-652.020.07-2024-479,AE2 Crankcase Doors W/Safety Valve No.07 - Pump Seal Failure - Emergency Repair,Servicing,2024-12-28,,4th Engineer,,2024-12-29,Approved,Pump seal found leaking during routine watch. Emergency repair carried out.,,Equipment tested satisfactorily after maintenance. No issues found.,f,2026-02-18 04:41:16.311508
547,COMP-1768374768458-rjm1b8q15,653.004.05,7440571a-841a-11ed-aa7c-7003bca91a86,JOB-1768375698355-0paphpb9k,MKR-OV-00025,WO-1770978832255-e0e10nmbg,MKR-OV-00025-653.004.05-2024-123,AE Pistons and Connecting Rods Overhaul - 4000H,Maintenance,2025-01-03,,Electrican,,2025-01-04,Approved,,,Equipment tested satisfactorily after maintenance. No issues found.,f,2026-02-18 04:41:16.30737
546,COMP-1768374768391-ep30qznw7,652.020.02,7440571a-841a-11ed-aa7c-7003bca91a86,JOB-1768375698171-wtdhdrcbp,MKR-IN-00017,WO-1770967515018-d911lci45,UWO-652.020.02-2024-765,AE2 Crankcase Doors W/Safety Valve No.02 - Sensor Failure - Replacement,Servicing,2024-12-30,,2nd Engineer,,2024-12-31,Approved,Temperature/pressure sensor giving erratic readings. Replaced sensor.,,Small adjustments made to operating parameters. Equipment performance satisfactory.,f,2026-02-18 04:41:16.303113
545,COMP-1768374768511-709kv1bk1,702.005.02,7440571a-841a-11ed-aa7c-7003bca91a86,JOB-1768375698538-eaypatso8,MKR-IN-00054,WO-1770967515004-2btqjb9lv,WO-702.005.02-2024-258,"Purifier, Routine - 1W",Servicing,2024-12-28,,3rd Engineer,,2024-12-30,Approved,"SAFETY PROCEDURE (COMPANY)
===========================
Ensure compliance with safety procedures according to the company policy and requirements.

JOB REFERENCE DETAILS
===================
Manual Name: 8M-3 INSTRUCTION MANAUL FOR PURIFIER;5303.pdf
Pdf Page No: 56
Chapter: 3. Maintenance Inspection Procedures
Section: 3.1 Routine checks

DESCRIPTION
===========
Routine Checks :
1. Check the feed rate with respect to set feed rate for any changes.
2. Check the temperature with set temperature level.
3. Check the pressure of light liquid outlet is to be coincide roughly with the set pressure of the leakage.
4. Check for any increase in vibration.
5. Check for operational noise in gear pump and bearing etc. 
6. Check the rated current on daily basis.
7. Check the gear pump oil quantity. 
8. Check the safety joint of gears for any deformation.
9. Check for oil leakage in pipe joints.
10. Check & adjust pressure LED (yellow) lit or flashing for Leakage Monitor.
11. Check indicate revolution LED (green) is flashing for Discharge Monitor.",,Minor adjustments made. Equipment performance within acceptable parameters.,f,2026-02-18 04:41:16.298256
544,COMP-1768374767998-zda6fpbxv,601.003.01,7440571a-841a-11ed-aa7c-7003bca91a86,JOB-1768375697114-mgxmcqrr2,MKR-OV-00012,WO-1770967515017-4cyp4zpce,UWO-601.003.01-2024-512,ME Cylinder Liners No.01 - Pipe Leakage - Welding Repair,Servicing,2025-01-04,,3rd Engineer,,2025-01-05,Approved,"Pipe leakage found in engine room. Temporary repair carried out, permanent repair planned.",,Small adjustments made to operating parameters. Equipment performance satisfactory.,f,2026-02-18 04:41:16.293826
543,COMP-1768374768242-ybntycqh5,651.003.02,7440571a-841a-11ed-aa7c-7003bca91a86,JOB-1768375697720-m80h9gkmd,MKR-IN-00085,WO-1770978832259-b8q3q5o1m,MKR-IN-00085-651.003.02-2025-556,AE Cylinder Liner Inspection - 1M,Maintenance,2025-01-07,,4th Engineer,,2025-01-09,Approved,,,Checks completed as per manufacturer guidelines for AE Cylinder Liner Inspection - 1M. Next service due as scheduled.,f,2026-02-18 04:41:16.288808
542,COMP-1768374767841-28lhyy6ri,601.060,7440571a-841a-11ed-aa7c-7003bca91a86,JOB-1768375697618-7jomwi067,MKR-CA-00006,WO-1770967515019-0q22pf74d,UWO-601.060-2024-869,ME Crankshafts - Hydraulic System Pressure Drop,Servicing,2025-01-03,,2nd Engineer,,2025-01-05,Approved,Hydraulic system pressure dropping. Investigated and found leaking fitting. Repaired.,,Required spare parts replaced during ME Crankshafts - Hydraulic System Pressure Drop. Old parts retained for inspection.,f,2026-02-18 04:41:16.284537
541,COMP-1768374768207-d3i05019v,601.066.02,7440571a-841a-11ed-aa7c-7003bca91a86,JOB-1768375697635-a4fcv6moo,MKR-IN-00079,WO-1770967515018-c85cjk13n,UWO-601.066.02-2024-674,ME Indicators No.02 - Pipe Leakage - Welding Repair,Servicing,2025-01-03,,2nd Engineer,,2025-01-05,Approved,"Pipe leakage found in engine room. Temporary repair carried out, permanent repair planned.",,Completion delayed due to vessel operational schedule. Work carried out during port call.,f,2026-02-18 04:41:16.279794
540,COMP-1768374768477-qqu2wjvsv,653.007.05,7440571a-841a-11ed-aa7c-7003bca91a86,JOB-1768375698388-la8mztoez,MKR-IN-00015,WO-1770967515017-d8jlff8p0,UWO-653.007.05-2025-539,"AE3 Main Bearings, Journals No.05 - Pipe Leakage - Welding Repair",Servicing,2025-01-04,,Chief Engineer,,2025-01-05,Approved,"Pipe leakage found in engine room. Temporary repair carried out, permanent repair planned.",,Completion delayed due to vessel operational schedule. Work carried out during port call.,f,2026-02-18 04:41:16.274247
539,COMP-1768374768239-6wbm7nkr9,651.003.01,7440571a-841a-11ed-aa7c-7003bca91a86,JOB-1768375697715-p7a1yt6pq,MKR-IN-00085,WO-1770967515004-x7k6qupox,WO-651.003.01-2025-339,AE Cylinder Liner Inspection - 1M,Servicing,2025-01-29,,3rd Engineer,,2025-01-31,Approved,"SAFETY PROCEDURE (COMPANY)
===========================
Ensure compliance with safety procedures according to the company policy and requirements.

DESCRIPTION
===========
1. Liner Condition (Visual / Indirect)

Check for abnormal scavenge space condition (if accessible).

Look for signs of scuffing, scoring, or polishing (based on inspection ports or trend data).

Monitor liner condition through performance parameters if direct access is not possible.

2. Lubrication

Verify cylinder lubrication rate (if applicable) is as per maker’s recommendation.

Check lube oil distribution and absence of oil starvation signs.

Review lube oil consumption trends.

3. Cooling & Sealing

Monitor jacket water temperature and pressure related to cylinder No.01.

Check for cooling water leakage into cylinder or crankcase.

Verify condition of liner sealing arrangements (indirect observation).",,All equipment tested satisfactorily post-maintenance. No abnormalities detected.,f,2026-02-18 04:41:16.268852
538,COMP-1768374768362-7963v81rv,652.004.05,7440571a-841a-11ed-aa7c-7003bca91a86,JOB-1768375698105-uuce6ug5n,MKR-OV-00025,WO-1770978832254-mz67xcw65,MKR-OV-00025-652.004.05-2025-078,AE Pistons and Connecting Rods Overhaul - 4000H,Maintenance,2025-01-12,,4th Engineer,,2025-01-14,Approved,,,Additional findings noted - recommend follow-up inspection during next scheduled maintenance.,f,2026-02-18 04:41:16.264209
537,COMP-1768374768210-pv86y7jsq,601.066.03,7440571a-841a-11ed-aa7c-7003bca91a86,JOB-1768375697641-9ro3dhhfo,MKR-IN-00079,WO-1770978832259-zolwiybs8,MKR-IN-00079-601.066.03-2025-468,Main Engine – Indicator Valves & Indicators Inspection - 1M,Maintenance,2025-01-20,,4th Engineer,,2025-01-23,Approved,,,Checks completed as per manufacturer guidelines for Main Engine – Indicator Valves & Indicators Inspection - 1M. Next service due as scheduled.,f,2026-02-18 04:41:16.259692
536,COMP-1768374767600-pjh6gaymo,285,7440571a-841a-11ed-aa7c-7003bca91a86,JOB-1768375696823-5izcxc9cy,MKR-IN-00072,WO-1770967515017-tuzl5hfb0,UWO-285-2025-554,"BALLAST, SEA W. & STABIL. TANKS, COFFERDAMS, CHAIN LOCKERS - Pipe Leakage - Welding Repair",Servicing,2025-01-10,,4th Engineer,,2025-01-11,Approved,"Pipe leakage found in engine room. Temporary repair carried out, permanent repair planned.",,Work delayed due to weather/operational constraints. Completed during port stay.,f,2026-02-18 04:41:16.254966
535,COMP-1768374768286-elfkccwmv,651.007.05,7440571a-841a-11ed-aa7c-7003bca91a86,JOB-1768375697798-oe7nugd4d,MKR-IN-00015,WO-1770967515019-rydw6vv0u,UWO-651.007.05-2024-851,"AE1 Main Bearings, Journals No.05 - Fuel System Contamination",Servicing,2025-02-02,,2nd Engineer,,2025-02-03,Approved,Fuel oil contamination detected. Purifier and filters cleaned/replaced.,,Work delayed due to weather/operational constraints. Completed during port stay.,f,2026-02-18 04:41:16.249875
534,COMP-1768374768353-vfthngvnn,652.004.02,7440571a-841a-11ed-aa7c-7003bca91a86,JOB-1768375698089-2maxi1b86,MKR-OV-00025,WO-1770978832254-0mnj6fwua,MKR-OV-00025-652.004.02-2025-069,AE Pistons and Connecting Rods Overhaul - 4000H,Maintenance,2025-01-17,,Chief Engineer,,2025-01-18,Approved,,,All maintenance checks completed per OEM recommendations. Next scheduled service as per PMS.,f,2026-02-18 04:41:16.244182
533,COMP-1768374768175-35eegw2jt,601.007.05,7440571a-841a-11ed-aa7c-7003bca91a86,JOB-1768375697467-plpyxbhph,MKR-IN-00064,WO-1770967515017-64fpss2h0,UWO-601.007.05-2025-607,"ME Main Bearings, Journals No.05 - Alarm Investigation - System Check",Servicing,2025-01-09,,Chief Engineer,,2025-01-10,Approved,Investigated alarm. Found faulty sensor/connection. Rectified.,,Minor adjustments made. Equipment performance within acceptable parameters.,f,2026-02-18 04:41:16.239258
532,COMP-1768374768511-709kv1bk1,702.005.02,7440571a-841a-11ed-aa7c-7003bca91a86,JOB-1768375698538-eaypatso8,MKR-IN-00054,WO-1770967515004-t2njg25d5,WO-702.005.02-2025-259,"Purifier, Routine - 1W",Servicing,2025-01-04,,3rd Engineer,,2025-01-06,Approved,"SAFETY PROCEDURE (COMPANY)
===========================
Ensure compliance with safety procedures according to the company policy and requirements.

JOB REFERENCE DETAILS
===================
Manual Name: 8M-3 INSTRUCTION MANAUL FOR PURIFIER;5303.pdf
Pdf Page No: 56
Chapter: 3. Maintenance Inspection Procedures
Section: 3.1 Routine checks

DESCRIPTION
===========
Routine Checks :
1. Check the feed rate with respect to set feed rate for any changes.
2. Check the temperature with set temperature level.
3. Check the pressure of light liquid outlet is to be coincide roughly with the set pressure of the leakage.
4. Check for any increase in vibration.
5. Check for operational noise in gear pump and bearing etc. 
6. Check the rated current on daily basis.
7. Check the gear pump oil quantity. 
8. Check the safety joint of gears for any deformation.
9. Check for oil leakage in pipe joints.
10. Check & adjust pressure LED (yellow) lit or flashing for Leakage Monitor.
11. Check indicate revolution LED (green) is flashing for Discharge Monitor.",,Small adjustments made to operating parameters. Equipment performance satisfactory.,f,2026-02-18 04:41:16.234927
531,COMP-1768374768443-sj0hmblft,653.003.06,7440571a-841a-11ed-aa7c-7003bca91a86,JOB-1768375698327-s9rfxwr8p,MKR-IN-00085,WO-1770967515004-2zb3b88re,WO-653.003.06-2025-375,AE Cylinder Liner Inspection - 1M,Servicing,2025-01-07,,3rd Engineer,,2025-01-10,Approved,"SAFETY PROCEDURE (COMPANY)
===========================
Ensure compliance with safety procedures according to the company policy and requirements.

DESCRIPTION
===========
1. Liner Condition (Visual / Indirect)

Check for abnormal scavenge space condition (if accessible).

Look for signs of scuffing, scoring, or polishing (based on inspection ports or trend data).

Monitor liner condition through performance parameters if direct access is not possible.

2. Lubrication

Verify cylinder lubrication rate (if applicable) is as per maker’s recommendation.

Check lube oil distribution and absence of oil starvation signs.

Review lube oil consumption trends.

3. Cooling & Sealing

Monitor jacket water temperature and pressure related to cylinder No.01.

Check for cooling water leakage into cylinder or crankcase.

Verify condition of liner sealing arrangements (indirect observation).",,Equipment tested satisfactorily after completion of AE Cylinder Liner Inspection - 1M. No issues found.,f,2026-02-18 04:41:16.230301
530,COMP-1768374768511-709kv1bk1,702.005.02,7440571a-841a-11ed-aa7c-7003bca91a86,JOB-1768375698538-eaypatso8,MKR-IN-00054,WO-1770967515004-qs45jsuw1,WO-702.005.02-2025-260,"Purifier, Routine - 1W",Servicing,2025-01-13,,3rd Engineer,,2025-01-15,Approved,"SAFETY PROCEDURE (COMPANY)
===========================
Ensure compliance with safety procedures according to the company policy and requirements.

JOB REFERENCE DETAILS
===================
Manual Name: 8M-3 INSTRUCTION MANAUL FOR PURIFIER;5303.pdf
Pdf Page No: 56
Chapter: 3. Maintenance Inspection Procedures
Section: 3.1 Routine checks

DESCRIPTION
===========
Routine Checks :
1. Check the feed rate with respect to set feed rate for any changes.
2. Check the temperature with set temperature level.
3. Check the pressure of light liquid outlet is to be coincide roughly with the set pressure of the leakage.
4. Check for any increase in vibration.
5. Check for operational noise in gear pump and bearing etc. 
6. Check the rated current on daily basis.
7. Check the gear pump oil quantity. 
8. Check the safety joint of gears for any deformation.
9. Check for oil leakage in pipe joints.
10. Check & adjust pressure LED (yellow) lit or flashing for Leakage Monitor.
11. Check indicate revolution LED (green) is flashing for Discharge Monitor.",,Small adjustments made to operating parameters. Equipment performance satisfactory.,f,2026-02-18 04:41:16.226434
529,COMP-1768374767942-1vyf5zpk2,285.001.08,7440571a-841a-11ed-aa7c-7003bca91a86,JOB-1768375696869-5sqfen2xp,MKR-IN-00072,WO-1770967515018-emjhgi3hp,UWO-285.001.08-2025-744,Ballast Tanks/SW Tanks No.08 - Cooling System Malfunction,Servicing,2025-01-09,,2nd Officer,,2025-01-10,Approved,Cooling water temperature rising. Investigated and cleaned heat exchanger.,,Minor adjustments made. Equipment performance within acceptable parameters.,f,2026-02-18 04:41:16.222244
528,COMP-1768374767758-p86fcr7l0,652.020,7440571a-841a-11ed-aa7c-7003bca91a86,JOB-1768375698160-xbo6vxclj,MKR-IN-00017,WO-1770967515019-hfi2u2s4i,UWO-652.020-2025-871,AE2 Crankcase Doors W/Safety Valve - Filter Blockage - Emergency Cleaning,Servicing,2025-01-10,,2nd Engineer,,2025-01-13,Approved,Filter differential pressure high. Emergency cleaning/replacement carried out.,,Equipment tested satisfactorily after completion of AE2 Crankcase Doors W/Safety Valve - Filter Blockage - Emergency Cleaning. No issues found.,f,2026-02-18 04:41:16.216766
527,COMP-1768374768146-20m0kzu7m,601.005.01,7440571a-841a-11ed-aa7c-7003bca91a86,JOB-1768375697413-w7rik62pb,MKR-IN-00076,WO-1770978832258-vsfdzbn2p,MKR-IN-00076-601.005.01-2025-392,"Main Engine – Connecting Rods, Crosshead & Guide Assemblies Inspection - 1M",Maintenance,2025-01-27,,Electrican,,2025-01-30,Approved,,,All equipment tested satisfactorily post-maintenance. No abnormalities detected.,f,2026-02-18 04:41:16.2113
526,COMP-1768374768316-5z2wp3xqd,652.002.01,7440571a-841a-11ed-aa7c-7003bca91a86,JOB-1768375698012-7xjbdpyvr,MKR-IN-00080,WO-1770978832260-kuking3op,MKR-IN-00080-652.002.01-2025-601,AE Cylinder Covers with Valves Inspection - 1M,Maintenance,2025-01-26,,Electrican,,2025-01-28,Approved,,,Equipment tested satisfactorily after maintenance. No issues found.,f,2026-02-18 04:41:16.207017
525,COMP-1768374767837-m3bhk56ru,601.059,7440571a-841a-11ed-aa7c-7003bca91a86,JOB-1768375697612-dr4ya0drk,MKR-IN-00078,WO-1770978832258-v5frrkytf,MKR-IN-00078-601.059-2025-445,Main Engine – Exhaust Gas Manifolds & Pipes with Insulation Inspection - 1M,Maintenance,2025-01-28,,4th Engineer,,2025-01-29,Approved,,,Equipment tested satisfactorily after completion of Main Engine – Exhaust Gas Manifolds & Pipes with Insulation Inspection - 1M. No issues found.,f,2026-02-18 04:41:16.201666
524,COMP-1768374768410-eurzscqdj,653.002.01,7440571a-841a-11ed-aa7c-7003bca91a86,JOB-1768375698254-e7d6bn0wz,MKR-IN-00080,WO-1770978832260-t8xpfuiw6,MKR-IN-00080-653.002.01-2025-677,AE Cylinder Covers with Valves Inspection - 1M,Maintenance,2025-01-19,,2nd Engineer,,2025-01-20,Approved,,,Checks completed as per manufacturer guidelines for AE Cylinder Covers with Valves Inspection - 1M. Next service due as scheduled.,f,2026-02-18 04:41:16.196801
523,COMP-1768374768388-007k90ags,652.020.01,7440571a-841a-11ed-aa7c-7003bca91a86,JOB-1768375698160-xbo6vxclj,MKR-IN-00017,WO-1770967515019-xbpf7rtnf,UWO-652.020.01-2025-832,AE2 Crankcase Doors W/Safety Valve No.01 - Alarm Investigation - System Check,Servicing,2025-01-21,,2nd Engineer,,2025-01-22,Approved,Investigated alarm. Found faulty sensor/connection. Rectified.,,All maintenance checks completed per OEM recommendations. Next scheduled service as per PMS.,f,2026-02-18 04:41:16.192024
522,COMP-1768374768154-1i5pyaema,601.005.04,7440571a-841a-11ed-aa7c-7003bca91a86,JOB-1768375697429-tbddsrfst,MKR-IN-00076,WO-1770967515019-c92dw5h00,UWO-601.005.04-2025-852,"ME Connecting Rods, Crosshead, Guides No.04 - Pump Seal Failure - Emergency Repair",Servicing,2025-02-03,,3rd Engineer,,2025-02-06,Approved,Pump seal found leaking during routine watch. Emergency repair carried out.,,"Equipment tested satisfactorily after completion of ME Connecting Rods, Crosshead, Guides No.04 - Pump Seal Failure - Emergency Repair. No issues found.",f,2026-02-18 04:41:16.186859
521,COMP-1768374767910-h2nui498v,278.010.01,7440571a-841a-11ed-aa7c-7003bca91a86,JOB-1768374783248-r2uv8ufaf,MKR-IN-00071,WO-1770978832255-uoiyo1lq4,MKR-IN-00071-278.010.01-2025-159,"Impressed Current Cathodic Protection (ICCP), Inspection - 1M",Maintenance,2025-01-22,,4th Engineer,,2025-01-24,Approved,,,Small adjustments made to operating parameters. Equipment performance satisfactory.,f,2026-02-18 04:41:16.181948
520,COMP-1768374767834-dbncpiany,601.053,7440571a-841a-11ed-aa7c-7003bca91a86,JOB-1768375697585-z6leju6xr,MKR-IN-00066,WO-1770967515015-cguje0oap,WO-601.053-2025-442,"ME Turbocharger Turbine, Cleaning - 500H",Servicing,2025-01-18,,2nd Engineer,,2025-01-19,Approved,"SAFETY PROCEDURE (COMPANY)
===========================
Ensure compliance with safety procedures according to the company policy and requirements.

JOB REFERENCE DETAILS
===================
Manual Name: 3M-2 DIESEL ENGINE VOL II;5303.pdf
Pdf Page No: 196, 171, 172
Job Reference: Group No. 400
Chapter: Maintenance Schedule Of Main Parts


DESCRIPTION
===========
1. Cleaning of turbine side of turbocharger to be carried out (vegetal solid cleaning).",,All equipment tested satisfactorily post-maintenance. No abnormalities detected.,f,2026-02-18 04:41:16.17666
519,COMP-1768374768225-48hk6uhgn,651.002.02,7440571a-841a-11ed-aa7c-7003bca91a86,JOB-1768375697685-xfdk7mrhe,MKR-IN-00080,WO-1770967515017-uqqwm06wf,UWO-651.002.02-2025-585,AE1 Cylinder Covers W/Valves No.02 - Control System Malfunction,Servicing,2025-01-19,,2nd Engineer,,2025-01-22,Approved,Control system showing intermittent faults. Checked connections and calibrated.,,Minor adjustments carried out during AE1 Cylinder Covers W/Valves No.02 - Control System Malfunction. Performance within acceptable parameters.,f,2026-02-18 04:41:16.172149
518,COMP-1768374768511-709kv1bk1,702.005.02,7440571a-841a-11ed-aa7c-7003bca91a86,JOB-1768375698538-eaypatso8,MKR-IN-00054,WO-1770967515004-8bqq790ap,WO-702.005.02-2025-261,"Purifier, Routine - 1W",Servicing,2025-01-21,,3rd Engineer,,2025-01-23,Approved,"SAFETY PROCEDURE (COMPANY)
===========================
Ensure compliance with safety procedures according to the company policy and requirements.

JOB REFERENCE DETAILS
===================
Manual Name: 8M-3 INSTRUCTION MANAUL FOR PURIFIER;5303.pdf
Pdf Page No: 56
Chapter: 3. Maintenance Inspection Procedures
Section: 3.1 Routine checks

DESCRIPTION
===========
Routine Checks :
1. Check the feed rate with respect to set feed rate for any changes.
2. Check the temperature with set temperature level.
3. Check the pressure of light liquid outlet is to be coincide roughly with the set pressure of the leakage.
4. Check for any increase in vibration.
5. Check for operational noise in gear pump and bearing etc. 
6. Check the rated current on daily basis.
7. Check the gear pump oil quantity. 
8. Check the safety joint of gears for any deformation.
9. Check for oil leakage in pipe joints.
10. Check & adjust pressure LED (yellow) lit or flashing for Leakage Monitor.
11. Check indicate revolution LED (green) is flashing for Discharge Monitor.",,All maintenance checks completed per OEM recommendations. Next scheduled service as per PMS.,f,2026-02-18 04:41:16.167648
517,COMP-1768374768163-l5iay97ij,601.007.01,7440571a-841a-11ed-aa7c-7003bca91a86,JOB-1768375697446-3txwuvutk,MKR-IN-00064,WO-1770967515018-bxyt5ln2w,UWO-601.007.01-2025-734,"ME Main Bearings, Journals No.01 - Electrical Fault - Motor Trip",Servicing,2025-01-21,,2nd Engineer,,2025-01-24,Approved,Motor tripped on overload. Investigated and rectified fault.,,Small adjustments made to operating parameters. Equipment performance satisfactory.,f,2026-02-18 04:41:16.162022
516,COMP-1768374767946-xvx5auscz,285.001.09,7440571a-841a-11ed-aa7c-7003bca91a86,JOB-1768375696874-phtun2znj,MKR-IN-00072,WO-1770978832256-syz80uz1k,MKR-IN-00072-285.001.09-2025-252,Ballast Tanks Inspection - 1M,Maintenance,2025-01-30,,4th Engineer,,2025-01-31,Approved,,,Equipment tested satisfactorily after maintenance. No issues found.,f,2026-02-18 04:41:16.157207
515,COMP-1768374768334-x8vq4y9hs,652.003.01,7440571a-841a-11ed-aa7c-7003bca91a86,JOB-1768375698053-sog0kbiyi,MKR-IN-00085,WO-1770978832260-jvymml2tr,MKR-IN-00085-652.003.01-2025-644,AE Cylinder Liner Inspection - 1M,Maintenance,2025-02-09,,Electrican,,2025-02-12,Approved,,,Equipment tested satisfactorily after completion of AE Cylinder Liner Inspection - 1M. No issues found.,f,2026-02-18 04:41:16.152474
514,COMP-1768374767933-vto5y1uh1,285.001.05,7440571a-841a-11ed-aa7c-7003bca91a86,JOB-1768375696851-ndejb6eas,MKR-IN-00072,WO-1770978832255-xt1ip0968,MKR-IN-00072-285.001.05-2025-207,Ballast Tanks Inspection - 1M,Maintenance,2025-02-11,,4th Engineer,,2025-02-14,Approved,,,Minor adjustments carried out during Ballast Tanks Inspection - 1M. Performance within acceptable parameters.,f,2026-02-18 04:41:16.147012
513,COMP-1768374767871-3w32g6ibp,652.046,7440571a-841a-11ed-aa7c-7003bca91a86,JOB-1768375698235-ywwjdtuml,MKR-OV-00026,WO-1770967515017-6s62z80d3,UWO-652.046-2025-552,AE2 Lo Filters - Bearing Overheating - Emergency Maintenance,Servicing,2025-01-26,,2nd Engineer,,2025-01-28,Approved,Bearing temperature rising above normal. Emergency maintenance carried out.,,Small adjustments made to operating parameters. Equipment performance satisfactory.,f,2026-02-18 04:41:16.141639
512,COMP-1768374767723-e87l8rjni,601.005,7440571a-841a-11ed-aa7c-7003bca91a86,JOB-1768375697413-w7rik62pb,MKR-IN-00076,WO-1770967515018-9onove5ox,UWO-601.005-2025-669,"ME Connecting Rods, Crosshead, Guides - Pump Seal Failure - Emergency Repair",Servicing,2025-01-28,,4th Engineer,,2025-01-30,Approved,Pump seal found leaking during routine watch. Emergency repair carried out.,,Work delayed due to weather/operational constraints. Completed during port stay.,f,2026-02-18 04:41:16.135164
511,COMP-1768374768511-709kv1bk1,702.005.02,7440571a-841a-11ed-aa7c-7003bca91a86,JOB-1768375698538-eaypatso8,MKR-IN-00054,WO-1770967515004-zsu10sq8b,WO-702.005.02-2025-262,"Purifier, Routine - 1W",Servicing,2025-01-24,,3rd Engineer,,2025-01-27,Approved,"SAFETY PROCEDURE (COMPANY)
===========================
Ensure compliance with safety procedures according to the company policy and requirements.

JOB REFERENCE DETAILS
===================
Manual Name: 8M-3 INSTRUCTION MANAUL FOR PURIFIER;5303.pdf
Pdf Page No: 56
Chapter: 3. Maintenance Inspection Procedures
Section: 3.1 Routine checks

DESCRIPTION
===========
Routine Checks :
1. Check the feed rate with respect to set feed rate for any changes.
2. Check the temperature with set temperature level.
3. Check the pressure of light liquid outlet is to be coincide roughly with the set pressure of the leakage.
4. Check for any increase in vibration.
5. Check for operational noise in gear pump and bearing etc. 
6. Check the rated current on daily basis.
7. Check the gear pump oil quantity. 
8. Check the safety joint of gears for any deformation.
9. Check for oil leakage in pipe joints.
10. Check & adjust pressure LED (yellow) lit or flashing for Leakage Monitor.
11. Check indicate revolution LED (green) is flashing for Discharge Monitor.",,Consumable parts replaced as per maintenance plan. Used parts stored for disposal.,f,2026-02-18 04:41:16.129016
510,COMP-1768374767746-wfpx69w2n,652.002,7440571a-841a-11ed-aa7c-7003bca91a86,JOB-1768375698012-7xjbdpyvr,MKR-IN-00080,WO-1770967515017-84wpsfioe,UWO-652.002-2025-549,AE2 Cylinder Covers W/Valves - Pipe Leakage - Welding Repair,Servicing,2025-02-06,,3rd Engineer,,2025-02-08,Approved,"Pipe leakage found in engine room. Temporary repair carried out, permanent repair planned.",,Work on AE2 Cylinder Covers W/Valves - Pipe Leakage - Welding Repair delayed due to operational requirements. Completed during next available window.,f,2026-02-18 04:41:16.122651
509,COMP-1768374768428-eel560gpb,653.003.01,7440571a-841a-11ed-aa7c-7003bca91a86,JOB-1768375698297-7lwvv9bwl,MKR-IN-00085,WO-1770967515017-vj75wjsse,UWO-653.003.01-2025-592,AE3 Cylinder Liners No.01 - Pipe Leakage - Welding Repair,Servicing,2025-01-28,,2nd Engineer,,2025-01-29,Approved,"Pipe leakage found in engine room. Temporary repair carried out, permanent repair planned.",,Minor adjustments carried out during AE3 Cylinder Liners No.01 - Pipe Leakage - Welding Repair. Performance within acceptable parameters.,f,2026-02-18 04:41:16.117904
508,COMP-1768374768260-vygwyhvh6,651.004.02,7440571a-841a-11ed-aa7c-7003bca91a86,JOB-1768375697751-mx1f2x1dn,MKR-OV-00025,WO-1770967515018-9ngwgng8j,UWO-651.004.02-2025-620,AE1 Pistons And Connecting Rod No.02 - Pipe Leakage - Welding Repair,Servicing,2025-01-29,,3rd Engineer,,2025-01-31,Approved,"Pipe leakage found in engine room. Temporary repair carried out, permanent repair planned.",,Minor adjustments made. Equipment performance within acceptable parameters.,f,2026-02-18 04:41:16.112249
507,COMP-1768374768446-2wxksrfr6,653.004.01,7440571a-841a-11ed-aa7c-7003bca91a86,JOB-1768375698333-dlnnycdn6,MKR-OV-00025,WO-1770967515017-gqwp65tqa,UWO-653.004.01-2025-596,AE3 Pistons And Connecting Rod No.01 - Fuel System Contamination,Servicing,2025-02-06,,3rd Engineer,,2025-02-08,Approved,Fuel oil contamination detected. Purifier and filters cleaned/replaced.,,Minor adjustments made. Equipment performance within acceptable parameters.,f,2026-02-18 04:41:16.10576
506,COMP-1768374767942-1vyf5zpk2,285.001.08,7440571a-841a-11ed-aa7c-7003bca91a86,JOB-1768375696869-5sqfen2xp,MKR-IN-00072,WO-1770978832256-jm39blhmv,MKR-IN-00072-285.001.08-2025-236,Ballast Tanks Inspection - 1M,Maintenance,2025-02-10,,2nd Engineer,,2025-02-12,Approved,,,Equipment tested satisfactorily after maintenance. No issues found.,f,2026-02-18 04:41:16.100174
505,COMP-1768374768511-709kv1bk1,702.005.02,7440571a-841a-11ed-aa7c-7003bca91a86,JOB-1768375698538-eaypatso8,MKR-IN-00054,WO-1770967515004-t7rbslco6,WO-702.005.02-2025-263,"Purifier, Routine - 1W",Servicing,2025-01-31,,3rd Engineer,,2025-02-01,Approved,"SAFETY PROCEDURE (COMPANY)
===========================
Ensure compliance with safety procedures according to the company policy and requirements.

JOB REFERENCE DETAILS
===================
Manual Name: 8M-3 INSTRUCTION MANAUL FOR PURIFIER;5303.pdf
Pdf Page No: 56
Chapter: 3. Maintenance Inspection Procedures
Section: 3.1 Routine checks

DESCRIPTION
===========
Routine Checks :
1. Check the feed rate with respect to set feed rate for any changes.
2. Check the temperature with set temperature level.
3. Check the pressure of light liquid outlet is to be coincide roughly with the set pressure of the leakage.
4. Check for any increase in vibration.
5. Check for operational noise in gear pump and bearing etc. 
6. Check the rated current on daily basis.
7. Check the gear pump oil quantity. 
8. Check the safety joint of gears for any deformation.
9. Check for oil leakage in pipe joints.
10. Check & adjust pressure LED (yellow) lit or flashing for Leakage Monitor.
11. Check indicate revolution LED (green) is flashing for Discharge Monitor.",,Small adjustments made to operating parameters. Equipment performance satisfactory.,f,2026-02-18 04:41:16.093733
504,COMP-1768374768342-0re8c70di,652.003.04,7440571a-841a-11ed-aa7c-7003bca91a86,JOB-1768375698069-j6vg6yyo2,MKR-IN-00085,WO-1770978832260-s315m8c8q,MKR-IN-00085-652.003.04-2025-665,AE Cylinder Liner Inspection - 1M,Maintenance,2025-02-10,,4th Engineer,,2025-02-12,Approved,,,Small adjustments made to operating parameters. Equipment performance satisfactory.,f,2026-02-18 04:41:16.089097
503,COMP-1768374768437-0ulfanvoc,653.003.04,7440571a-841a-11ed-aa7c-7003bca91a86,JOB-1768375698317-bzn2ccubz,MKR-IN-00085,WO-1770967515018-j2ffi3jfh,UWO-653.003.04-2025-822,AE3 Cylinder Liners No.04 - Cooling System Malfunction,Servicing,2025-02-05,,4th Engineer,,2025-02-08,Approved,Cooling water temperature rising. Investigated and cleaned heat exchanger.,,Equipment tested satisfactorily after maintenance. No issues found.,f,2026-02-18 04:41:16.08487
502,COMP-1768374768239-6wbm7nkr9,651.003.01,7440571a-841a-11ed-aa7c-7003bca91a86,JOB-1768375697715-p7a1yt6pq,MKR-IN-00085,WO-1770967515004-9c6nn2pdm,WO-651.003.01-2025-340,AE Cylinder Liner Inspection - 1M,Servicing,2025-02-02,,3rd Engineer,,2025-02-05,Approved,"SAFETY PROCEDURE (COMPANY)
===========================
Ensure compliance with safety procedures according to the company policy and requirements.

DESCRIPTION
===========
1. Liner Condition (Visual / Indirect)

Check for abnormal scavenge space condition (if accessible).

Look for signs of scuffing, scoring, or polishing (based on inspection ports or trend data).

Monitor liner condition through performance parameters if direct access is not possible.

2. Lubrication

Verify cylinder lubrication rate (if applicable) is as per maker’s recommendation.

Check lube oil distribution and absence of oil starvation signs.

Review lube oil consumption trends.

3. Cooling & Sealing

Monitor jacket water temperature and pressure related to cylinder No.01.

Check for cooling water leakage into cylinder or crankcase.

Verify condition of liner sealing arrangements (indirect observation).",,Work on AE Cylinder Liner Inspection - 1M delayed due to operational requirements. Completed during next available window.,f,2026-02-18 04:41:16.080282
501,COMP-1768374768161-fwhsrv4rs,601.005.06,7440571a-841a-11ed-aa7c-7003bca91a86,JOB-1768375697440-jtfr7vtfi,MKR-IN-00076,WO-1770978832258-89g33pe48,MKR-IN-00076-601.005.06-2025-418,"Main Engine – Connecting Rods, Crosshead & Guide Assemblies Inspection - 1M",Maintenance,2025-02-07,,2nd Engineer,,2025-02-09,Approved,,,Work delayed due to weather/operational constraints. Completed during port stay.,f,2026-02-18 04:41:16.075322
500,COMP-1768374768443-sj0hmblft,653.003.06,7440571a-841a-11ed-aa7c-7003bca91a86,JOB-1768375698327-s9rfxwr8p,MKR-IN-00085,WO-1770967515004-gvm2rhuzu,WO-653.003.06-2025-376,AE Cylinder Liner Inspection - 1M,Servicing,2025-02-07,,3rd Engineer,,2025-02-08,Approved,"SAFETY PROCEDURE (COMPANY)
===========================
Ensure compliance with safety procedures according to the company policy and requirements.

DESCRIPTION
===========
1. Liner Condition (Visual / Indirect)

Check for abnormal scavenge space condition (if accessible).

Look for signs of scuffing, scoring, or polishing (based on inspection ports or trend data).

Monitor liner condition through performance parameters if direct access is not possible.

2. Lubrication

Verify cylinder lubrication rate (if applicable) is as per maker’s recommendation.

Check lube oil distribution and absence of oil starvation signs.

Review lube oil consumption trends.

3. Cooling & Sealing

Monitor jacket water temperature and pressure related to cylinder No.01.

Check for cooling water leakage into cylinder or crankcase.

Verify condition of liner sealing arrangements (indirect observation).",,Minor adjustments carried out during AE Cylinder Liner Inspection - 1M. Performance within acceptable parameters.,f,2026-02-18 04:41:16.071057
499,COMP-1768374767666-lxkdy8cf1,665,7440571a-841a-11ed-aa7c-7003bca91a86,JOB-1768375698494-0937c543w,MKR-IN-00087,WO-1770967515019-n3xlnohqf,UWO-665-2025-840,HARBOUR & EMERGENCY AGGREGATES W/EQUIPMENT - Alarm Investigation - System Check,Servicing,2025-02-01,,4th Engineer,,2025-02-03,Approved,Investigated alarm. Found faulty sensor/connection. Rectified.,,Small adjustments made to operating parameters. Equipment performance satisfactory.,f,2026-02-18 04:41:16.067063
498,COMP-1768374768316-5z2wp3xqd,652.002.01,7440571a-841a-11ed-aa7c-7003bca91a86,JOB-1768375698012-7xjbdpyvr,MKR-IN-00080,WO-1770978832260-635b994ls,MKR-IN-00080-652.002.01-2025-605,AE Cylinder Covers with Valves Inspection - 1M,Maintenance,2025-02-14,,Chief Engineer,,2025-02-15,Approved,,,All equipment tested satisfactorily post-maintenance. No abnormalities detected.,f,2026-02-18 04:41:16.063119
497,COMP-1768374767582-vu0vc0c3u,27,7440571a-841a-11ed-aa7c-7003bca91a86,JOB-1768374783248-r2uv8ufaf,MKR-IN-00071,WO-1770967515018-ha44hdm0c,UWO-27-2025-639,"MATERIAL PROTECTION, EXTERNAL - Fuel System Contamination",Servicing,2025-02-03,,2nd Engineer,,2025-02-06,Approved,Fuel oil contamination detected. Purifier and filters cleaned/replaced.,,All maintenance checks completed per OEM recommendations. Next scheduled service as per PMS.,f,2026-02-18 04:41:16.057793
496,COMP-1768374768137-39r0aykwi,601.004.04,7440571a-841a-11ed-aa7c-7003bca91a86,JOB-1768375697385-g3vs0tk5f,MKR-IN-00063,WO-1770978832256-9upo8hxmz,MKR-IN-00063-601.004.04-2025-347,"ME Piston And Rings, Inspection - 500H",Maintenance,2025-02-20,,2nd Engineer,,2025-02-21,Approved,,,Equipment tested satisfactorily after maintenance. No issues found.,f,2026-02-18 04:41:16.053224
495,COMP-1768374768511-709kv1bk1,702.005.02,7440571a-841a-11ed-aa7c-7003bca91a86,JOB-1768375698538-eaypatso8,MKR-IN-00054,WO-1770967515004-3uvcf9t1a,WO-702.005.02-2025-264,"Purifier, Routine - 1W",Servicing,2025-02-10,,3rd Engineer,,2025-02-13,Approved,"SAFETY PROCEDURE (COMPANY)
===========================
Ensure compliance with safety procedures according to the company policy and requirements.

JOB REFERENCE DETAILS
===================
Manual Name: 8M-3 INSTRUCTION MANAUL FOR PURIFIER;5303.pdf
Pdf Page No: 56
Chapter: 3. Maintenance Inspection Procedures
Section: 3.1 Routine checks

DESCRIPTION
===========
Routine Checks :
1. Check the feed rate with respect to set feed rate for any changes.
2. Check the temperature with set temperature level.
3. Check the pressure of light liquid outlet is to be coincide roughly with the set pressure of the leakage.
4. Check for any increase in vibration.
5. Check for operational noise in gear pump and bearing etc. 
6. Check the rated current on daily basis.
7. Check the gear pump oil quantity. 
8. Check the safety joint of gears for any deformation.
9. Check for oil leakage in pipe joints.
10. Check & adjust pressure LED (yellow) lit or flashing for Leakage Monitor.
11. Check indicate revolution LED (green) is flashing for Discharge Monitor.",,Equipment tested satisfactorily after maintenance. No issues found.,f,2026-02-18 04:41:16.048843
494,COMP-1768374768492-4pba9e2tx,653.020.03,7440571a-841a-11ed-aa7c-7003bca91a86,JOB-1768375698430-oueuuexna,MKR-IN-00017,WO-1770967515018-vrr7dco5f,UWO-653.020.03-2025-774,AE3 Crankcase Doors W/Safety Valve No.03 - Hydraulic System Pressure Drop,Servicing,2025-02-08,,2nd Engineer,,2025-02-09,Approved,Hydraulic system pressure dropping. Investigated and found leaking fitting. Repaired.,,Equipment tested satisfactorily after completion of AE3 Crankcase Doors W/Safety Valve No.03 - Hydraulic System Pressure Drop. No issues found.,f,2026-02-18 04:41:16.044354
493,COMP-1768374768342-0re8c70di,652.003.04,7440571a-841a-11ed-aa7c-7003bca91a86,JOB-1768375698069-j6vg6yyo2,MKR-IN-00085,WO-1770978832260-g783x2khq,MKR-IN-00085-652.003.04-2025-669,AE Cylinder Liner Inspection - 1M,Maintenance,2025-02-16,,Chief Engineer,,2025-02-19,Approved,,,Spare parts replaced as listed. Old parts retained for inspection/disposal.,f,2026-02-18 04:41:16.039788
492,COMP-1768374768425-t4r1zyc5s,653.002.06,7440571a-841a-11ed-aa7c-7003bca91a86,JOB-1768375698290-0bv6y98vq,MKR-IN-00080,WO-1770967515018-akbethajb,UWO-653.002.06-2025-809,AE3 Cylinder Covers W/Valves No.06 - Hydraulic System Pressure Drop,Servicing,2025-02-08,,3rd Engineer,,2025-02-09,Approved,Hydraulic system pressure dropping. Investigated and found leaking fitting. Repaired.,,Equipment tested satisfactorily after completion of AE3 Cylinder Covers W/Valves No.06 - Hydraulic System Pressure Drop. No issues found.,f,2026-02-18 04:41:16.03587
491,COMP-1768374768505-jktu58f2h,653.020.07,7440571a-841a-11ed-aa7c-7003bca91a86,JOB-1768375698478-md2dgkpkr,MKR-IN-00018,WO-1770978832255-s2zj52c0o,MKR-IN-00018-653.020.07-2025-150,"DG Cylinder Liner Water Jacket Parts, Cleaning - 5Y/16000H",Maintenance,2025-02-24,,4th Engineer,,2025-02-27,Approved,,,"Equipment tested satisfactorily after completion of DG Cylinder Liner Water Jacket Parts, Cleaning - 5Y/16000H. No issues found.",f,2026-02-18 04:41:16.031597
490,COMP-1768374768322-cql2bkhkd,652.002.03,7440571a-841a-11ed-aa7c-7003bca91a86,JOB-1768375698027-asejgfpbd,MKR-IN-00080,WO-1770978832260-5wrd177ez,MKR-IN-00080-652.002.03-2025-625,AE Cylinder Covers with Valves Inspection - 1M,Maintenance,2025-02-22,,2nd Engineer,,2025-02-24,Approved,,,Work on AE Cylinder Covers with Valves Inspection - 1M delayed due to operational requirements. Completed during next available window.,f,2026-02-18 04:41:16.028084
489,COMP-1768374768499-1hu1iti6z,653.020.05,7440571a-841a-11ed-aa7c-7003bca91a86,JOB-1768375698452-ia0tiy6fm,MKR-IN-00017,WO-1770978832255-l8ygjwp5g,MKR-IN-00017-653.020.05-2025-147,"DG Cylinder Liner, Visual Check - 2Y/8000H",Maintenance,2025-02-27,,2nd Engineer,,2025-03-01,Approved,,,"Minor adjustments carried out during DG Cylinder Liner, Visual Check - 2Y/8000H. Performance within acceptable parameters.",f,2026-02-18 04:41:16.025099
488,COMP-1768374768511-709kv1bk1,702.005.02,7440571a-841a-11ed-aa7c-7003bca91a86,JOB-1768375698538-eaypatso8,MKR-IN-00054,WO-1770967515004-uqq9qz7an,WO-702.005.02-2025-265,"Purifier, Routine - 1W",Servicing,2025-02-17,,3rd Engineer,,2025-02-19,Approved,"SAFETY PROCEDURE (COMPANY)
===========================
Ensure compliance with safety procedures according to the company policy and requirements.

JOB REFERENCE DETAILS
===================
Manual Name: 8M-3 INSTRUCTION MANAUL FOR PURIFIER;5303.pdf
Pdf Page No: 56
Chapter: 3. Maintenance Inspection Procedures
Section: 3.1 Routine checks

DESCRIPTION
===========
Routine Checks :
1. Check the feed rate with respect to set feed rate for any changes.
2. Check the temperature with set temperature level.
3. Check the pressure of light liquid outlet is to be coincide roughly with the set pressure of the leakage.
4. Check for any increase in vibration.
5. Check for operational noise in gear pump and bearing etc. 
6. Check the rated current on daily basis.
7. Check the gear pump oil quantity. 
8. Check the safety joint of gears for any deformation.
9. Check for oil leakage in pipe joints.
10. Check & adjust pressure LED (yellow) lit or flashing for Leakage Monitor.
11. Check indicate revolution LED (green) is flashing for Discharge Monitor.",,Spare parts replaced as listed. Old parts retained for inspection/disposal.,f,2026-02-18 04:41:16.021783
487,COMP-1768374768127-i0rmry7ao,601.004.01,7440571a-841a-11ed-aa7c-7003bca91a86,JOB-1768375697152-3g29k6rfd,MKR-IN-00063,WO-1770978832256-r6fmd3jw7,MKR-IN-00063-601.004.01-2025-302,"ME Piston And Rings, Inspection - 500H",Maintenance,2025-02-22,,4th Engineer,,2025-02-23,Approved,,,"Work on ME Piston And Rings, Inspection - 500H delayed due to operational requirements. Completed during next available window.",f,2026-02-18 04:41:16.017586
486,COMP-1768374768236-120so6zd8,651.002.06,7440571a-841a-11ed-aa7c-7003bca91a86,JOB-1768375697709-kfxro24s3,MKR-IN-00080,WO-1770978832259-1627kqr8g,MKR-IN-00080-651.002.06-2025-551,AE Cylinder Covers with Valves Inspection - 1M,Maintenance,2025-03-03,,2nd Engineer,,2025-03-04,Approved,,,Minor adjustments made. Equipment performance within acceptable parameters.,f,2026-02-18 04:41:16.013341
485,COMP-1768374768219-f5y8ppktt,601.066.06,7440571a-841a-11ed-aa7c-7003bca91a86,JOB-1768375697662-ii0y0011s,MKR-IN-00079,WO-1770978832259-2zdx5xobg,MKR-IN-00079-601.066.06-2025-486,Main Engine – Indicator Valves & Indicators Inspection - 1M,Maintenance,2025-03-06,,Electrican,,2025-03-07,Approved,,,All equipment tested satisfactorily post-maintenance. No abnormalities detected.,f,2026-02-18 04:41:16.008564
484,COMP-1768374768331-25r3c2xap,652.002.06,7440571a-841a-11ed-aa7c-7003bca91a86,JOB-1768375698047-6mz6g3di5,MKR-IN-00080,WO-1770978832260-8zpqlqag8,MKR-IN-00080-652.002.06-2025-632,AE Cylinder Covers with Valves Inspection - 1M,Maintenance,2025-02-27,,Chief Engineer,,2025-03-02,Approved,,,Work on AE Cylinder Covers with Valves Inspection - 1M delayed due to operational requirements. Completed during next available window.,f,2026-02-18 04:41:16.004147
483,COMP-1768374767987-exvabgvfn,601.002.04,7440571a-841a-11ed-aa7c-7003bca91a86,JOB-1768375697096-fbznbr8bp,MKR-IN-00075,WO-1770967515018-px7nfa7hy,UWO-601.002.04-2025-751,ME Cylinder Covers W/Valves No.04 - Fuel System Contamination,Servicing,2025-02-21,,3rd Engineer,,2025-02-22,Approved,Fuel oil contamination detected. Purifier and filters cleaned/replaced.,,Equipment tested satisfactorily after completion of ME Cylinder Covers W/Valves No.04 - Fuel System Contamination. No issues found.,f,2026-02-18 04:41:15.99995
482,COMP-1768374767669-yjx9vuiay,7,7440571a-841a-11ed-aa7c-7003bca91a86,JOB-1768375698505-5h32zwd3i,MKR-IN-00054,WO-1770967515017-0bl52ueiy,UWO-7-2025-516,SYSTEMS FOR MACHINERY MAIN COMPONENTS - Fuel System Contamination,Servicing,2025-03-17,,3rd Engineer,,2025-03-18,Approved,Fuel oil contamination detected. Purifier and filters cleaned/replaced.,,Completion delayed due to vessel operational schedule. Work carried out during port call.,f,2026-02-18 04:41:15.995221
481,COMP-1768374767933-vto5y1uh1,285.001.05,7440571a-841a-11ed-aa7c-7003bca91a86,JOB-1768375696851-ndejb6eas,MKR-IN-00072,WO-1770978832255-jtp9jhnd5,MKR-IN-00072-285.001.05-2025-202,Ballast Tanks Inspection - 1M,Maintenance,2025-02-28,,Electrican,,2025-03-03,Approved,,,Checks completed as per manufacturer guidelines for Ballast Tanks Inspection - 1M. Next service due as scheduled.,f,2026-02-18 04:41:15.991018
480,COMP-1768374767720-bupiurwqb,601.004,7440571a-841a-11ed-aa7c-7003bca91a86,JOB-1768375697147-r1wnkg8c5,MKR-OV-00011,WO-1770967515018-82p2rmg1c,UWO-601.004-2025-697,"ME Pistons, Piston Rods - Valve Leakage - Immediate Repair",Servicing,2025-02-21,,3rd Engineer,,2025-02-23,Approved,Valve found leaking during rounds. Repacked gland and replaced gasket.,,All checks completed as per manufacturer guidelines. Next service due as scheduled.,f,2026-02-18 04:41:15.984904
479,COMP-1768374767834-dbncpiany,601.053,7440571a-841a-11ed-aa7c-7003bca91a86,JOB-1768375697585-z6leju6xr,MKR-IN-00066,WO-1770967515015-4ht9rz0nt,WO-601.053-2025-443,"ME Turbocharger Turbine, Cleaning - 500H",Servicing,2025-03-05,,2nd Engineer,,2025-03-07,Approved,"SAFETY PROCEDURE (COMPANY)
===========================
Ensure compliance with safety procedures according to the company policy and requirements.

JOB REFERENCE DETAILS
===================
Manual Name: 3M-2 DIESEL ENGINE VOL II;5303.pdf
Pdf Page No: 196, 171, 172
Job Reference: Group No. 400
Chapter: Maintenance Schedule Of Main Parts


DESCRIPTION
===========
1. Cleaning of turbine side of turbocharger to be carried out (vegetal solid cleaning).",,Small adjustments made to operating parameters. Equipment performance satisfactory.,f,2026-02-18 04:41:15.98003
478,COMP-1768374768511-709kv1bk1,702.005.02,7440571a-841a-11ed-aa7c-7003bca91a86,JOB-1768375698538-eaypatso8,MKR-IN-00054,WO-1770967515004-gds6ueceg,WO-702.005.02-2025-266,"Purifier, Routine - 1W",Servicing,2025-02-25,,3rd Engineer,,2025-02-28,Approved,"SAFETY PROCEDURE (COMPANY)
===========================
Ensure compliance with safety procedures according to the company policy and requirements.

JOB REFERENCE DETAILS
===================
Manual Name: 8M-3 INSTRUCTION MANAUL FOR PURIFIER;5303.pdf
Pdf Page No: 56
Chapter: 3. Maintenance Inspection Procedures
Section: 3.1 Routine checks

DESCRIPTION
===========
Routine Checks :
1. Check the feed rate with respect to set feed rate for any changes.
2. Check the temperature with set temperature level.
3. Check the pressure of light liquid outlet is to be coincide roughly with the set pressure of the leakage.
4. Check for any increase in vibration.
5. Check for operational noise in gear pump and bearing etc. 
6. Check the rated current on daily basis.
7. Check the gear pump oil quantity. 
8. Check the safety joint of gears for any deformation.
9. Check for oil leakage in pipe joints.
10. Check & adjust pressure LED (yellow) lit or flashing for Leakage Monitor.
11. Check indicate revolution LED (green) is flashing for Discharge Monitor.",,All checks completed as per manufacturer guidelines. Next service due as scheduled.,f,2026-02-18 04:41:15.975985
477,COMP-1768374768313-qnnz6h4tq,651.020.07,7440571a-841a-11ed-aa7c-7003bca91a86,JOB-1768375697980-s47eknbsv,MKR-IN-00017,WO-1770978832254-n9qfkyt24,MKR-IN-00017-651.020.07-2025-061,"DG Cylinder Liner, Visual Check - 2Y/8000H",Maintenance,2025-03-16,,4th Engineer,,2025-03-17,Approved,,,Equipment tested satisfactorily after maintenance. No issues found.,f,2026-02-18 04:41:15.971827
476,COMP-1768374768286-elfkccwmv,651.007.05,7440571a-841a-11ed-aa7c-7003bca91a86,JOB-1768375697798-oe7nugd4d,MKR-IN-00015,WO-1770967515017-6fadnpl59,UWO-651.007.05-2025-485,"AE1 Main Bearings, Journals No.05 - Valve Leakage - Immediate Repair",Servicing,2025-02-24,,2nd Engineer,,2025-02-27,Approved,Valve found leaking during rounds. Repacked gland and replaced gasket.,,"Minor adjustments carried out during AE1 Main Bearings, Journals No.05 - Valve Leakage - Immediate Repair. Performance within acceptable parameters.",f,2026-02-18 04:41:15.967168
475,COMP-1768374767942-1vyf5zpk2,285.001.08,7440571a-841a-11ed-aa7c-7003bca91a86,JOB-1768375696869-5sqfen2xp,MKR-IN-00072,WO-1770978832256-csogd8tq5,MKR-IN-00072-285.001.08-2025-241,Ballast Tanks Inspection - 1M,Maintenance,2025-03-09,,4th Engineer,,2025-03-10,Approved,,,Equipment tested satisfactorily after completion of Ballast Tanks Inspection - 1M. No issues found.,f,2026-02-18 04:41:15.962339
474,COMP-1768374768239-6wbm7nkr9,651.003.01,7440571a-841a-11ed-aa7c-7003bca91a86,JOB-1768375697715-p7a1yt6pq,MKR-IN-00085,WO-1770967515004-n0g4z6hvt,WO-651.003.01-2025-341,AE Cylinder Liner Inspection - 1M,Servicing,2025-03-02,,3rd Engineer,,2025-03-03,Approved,"SAFETY PROCEDURE (COMPANY)
===========================
Ensure compliance with safety procedures according to the company policy and requirements.

DESCRIPTION
===========
1. Liner Condition (Visual / Indirect)

Check for abnormal scavenge space condition (if accessible).

Look for signs of scuffing, scoring, or polishing (based on inspection ports or trend data).

Monitor liner condition through performance parameters if direct access is not possible.

2. Lubrication

Verify cylinder lubrication rate (if applicable) is as per maker’s recommendation.

Check lube oil distribution and absence of oil starvation signs.

Review lube oil consumption trends.

3. Cooling & Sealing

Monitor jacket water temperature and pressure related to cylinder No.01.

Check for cooling water leakage into cylinder or crankcase.

Verify condition of liner sealing arrangements (indirect observation).",,Minor adjustments made. Equipment performance within acceptable parameters.,f,2026-02-18 04:41:15.957956
473,COMP-1768374768502-vy9od3auq,653.020.06,7440571a-841a-11ed-aa7c-7003bca91a86,JOB-1768375698462-0lgtxa6e7,MKR-IN-00017,WO-1770978832255-hf9w5c3ud,MKR-IN-00017-653.020.06-2025-149,"DG Cylinder Liner, Visual Check - 2Y/8000H",Maintenance,2025-03-14,,2nd Engineer,,2025-03-16,Approved,,,All equipment tested satisfactorily post-maintenance. No abnormalities detected.,f,2026-02-18 04:41:15.953584
472,COMP-1768374767732-zjplz8nc1,651.002,7440571a-841a-11ed-aa7c-7003bca91a86,JOB-1768375697677-l4b48zr2y,MKR-IN-00080,WO-1770967515016-c92ucv8o0,UWO-651.002-2025-470,AE1 Cylinder Covers W/Valves - Alarm Investigation - System Check,Servicing,2025-03-06,,2nd Engineer,,2025-03-09,Approved,Investigated alarm. Found faulty sensor/connection. Rectified.,,Completion delayed due to vessel operational schedule. Work carried out during port call.,f,2026-02-18 04:41:15.94892
471,COMP-1768374768373-33bew970w,652.007.03,7440571a-841a-11ed-aa7c-7003bca91a86,JOB-1768375698126-uus74l55h,MKR-IN-00015,WO-1770978832254-ui47viaq5,MKR-IN-00015-652.007.03-2025-085,"DG Main Bearing, Visual Check - 2Y/8000H",Maintenance,2025-03-23,,2nd Engineer,,2025-03-26,Approved,,,Small adjustments made to operating parameters. Equipment performance satisfactory.,f,2026-02-18 04:41:15.944656
470,COMP-1768374767867-9iex21354,652.018,7440571a-841a-11ed-aa7c-7003bca91a86,JOB-1768375698154-dzms9xqyx,MKR-IN-00086,WO-1770967515018-lujrcizjq,UWO-652.018-2025-708,AE2 Crankcases - Control System Malfunction,Servicing,2025-03-04,,2nd Engineer,,2025-03-07,Approved,Control system showing intermittent faults. Checked connections and calibrated.,,Minor adjustments made. Equipment performance within acceptable parameters.,f,2026-02-18 04:41:15.940594
469,COMP-1768374768502-vy9od3auq,653.020.06,7440571a-841a-11ed-aa7c-7003bca91a86,JOB-1768375698462-0lgtxa6e7,MKR-IN-00017,WO-1770967515017-0p01nnfah,UWO-653.020.06-2025-480,AE3 Crankcase Doors W/Safety Valve No.06 - Hydraulic System Pressure Drop,Servicing,2025-03-07,,Chief Engineer,,2025-03-10,Approved,Hydraulic system pressure dropping. Investigated and found leaking fitting. Repaired.,,Equipment tested satisfactorily after maintenance. No issues found.,f,2026-02-18 04:41:15.935647
468,COMP-1768374768511-709kv1bk1,702.005.02,7440571a-841a-11ed-aa7c-7003bca91a86,JOB-1768375698538-eaypatso8,MKR-IN-00054,WO-1770967515004-q7h9br460,WO-702.005.02-2025-267,"Purifier, Routine - 1W",Servicing,2025-02-28,,3rd Engineer,,2025-03-03,Approved,"SAFETY PROCEDURE (COMPANY)
===========================
Ensure compliance with safety procedures according to the company policy and requirements.

JOB REFERENCE DETAILS
===================
Manual Name: 8M-3 INSTRUCTION MANAUL FOR PURIFIER;5303.pdf
Pdf Page No: 56
Chapter: 3. Maintenance Inspection Procedures
Section: 3.1 Routine checks

DESCRIPTION
===========
Routine Checks :
1. Check the feed rate with respect to set feed rate for any changes.
2. Check the temperature with set temperature level.
3. Check the pressure of light liquid outlet is to be coincide roughly with the set pressure of the leakage.
4. Check for any increase in vibration.
5. Check for operational noise in gear pump and bearing etc. 
6. Check the rated current on daily basis.
7. Check the gear pump oil quantity. 
8. Check the safety joint of gears for any deformation.
9. Check for oil leakage in pipe joints.
10. Check & adjust pressure LED (yellow) lit or flashing for Leakage Monitor.
11. Check indicate revolution LED (green) is flashing for Discharge Monitor.",,"Required spare parts replaced during Purifier, Routine - 1W. Old parts retained for inspection.",f,2026-02-18 04:41:15.930617
467,COMP-1768374768204-bxjta0rjx,601.066.01,7440571a-841a-11ed-aa7c-7003bca91a86,JOB-1768375697629-njv3hbmjn,MKR-IN-00079,WO-1770978832259-p0sz8y95h,MKR-IN-00079-601.066.01-2025-463,Main Engine – Indicator Valves & Indicators Inspection - 1M,Maintenance,2025-03-16,,2nd Engineer,,2025-03-17,Approved,,,Equipment tested satisfactorily after maintenance. No issues found.,f,2026-02-18 04:41:15.926293
466,COMP-1768374768356-ss537bdpo,652.004.03,7440571a-841a-11ed-aa7c-7003bca91a86,JOB-1768375698094-78ru7jdnt,MKR-OV-00025,WO-1770978832254-zi54gw61w,MKR-OV-00025-652.004.03-2025-071,AE Pistons and Connecting Rods Overhaul - 4000H,Maintenance,2025-03-20,,Chief Engineer,,2025-03-21,Approved,,,Equipment tested satisfactorily after completion of AE Pistons and Connecting Rods Overhaul - 4000H. No issues found.,f,2026-02-18 04:41:15.921185
465,COMP-1768374768443-sj0hmblft,653.003.06,7440571a-841a-11ed-aa7c-7003bca91a86,JOB-1768375698327-s9rfxwr8p,MKR-IN-00085,WO-1770967515004-3f89tiz6d,WO-653.003.06-2025-377,AE Cylinder Liner Inspection - 1M,Servicing,2025-03-09,,3rd Engineer,,2025-03-10,Approved,"SAFETY PROCEDURE (COMPANY)
===========================
Ensure compliance with safety procedures according to the company policy and requirements.

DESCRIPTION
===========
1. Liner Condition (Visual / Indirect)

Check for abnormal scavenge space condition (if accessible).

Look for signs of scuffing, scoring, or polishing (based on inspection ports or trend data).

Monitor liner condition through performance parameters if direct access is not possible.

2. Lubrication

Verify cylinder lubrication rate (if applicable) is as per maker’s recommendation.

Check lube oil distribution and absence of oil starvation signs.

Review lube oil consumption trends.

3. Cooling & Sealing

Monitor jacket water temperature and pressure related to cylinder No.01.

Check for cooling water leakage into cylinder or crankcase.

Verify condition of liner sealing arrangements (indirect observation).",,Minor adjustments made. Equipment performance within acceptable parameters.,f,2026-02-18 04:41:15.825577
464,COMP-1768374768511-709kv1bk1,702.005.02,7440571a-841a-11ed-aa7c-7003bca91a86,JOB-1768375698538-eaypatso8,MKR-IN-00054,WO-1770967515018-wg60j0sm7,UWO-702.005.02-2025-761,FO Separators No.02 - Bearing Overheating - Emergency Maintenance,Servicing,2025-03-13,,3rd Engineer,,2025-03-16,Approved,Bearing temperature rising above normal. Emergency maintenance carried out.,,Additional observations during FO Separators No.02 - Bearing Overheating - Emergency Maintenance - recommend follow-up at next scheduled interval.,f,2026-02-18 04:41:15.820821
463,COMP-1768374768342-0re8c70di,652.003.04,7440571a-841a-11ed-aa7c-7003bca91a86,JOB-1768375698069-j6vg6yyo2,MKR-IN-00085,WO-1770978832260-sqflicrky,MKR-IN-00085-652.003.04-2025-668,AE Cylinder Liner Inspection - 1M,Maintenance,2025-03-20,,Chief Engineer,,2025-03-23,Approved,,,Work on AE Cylinder Liner Inspection - 1M delayed due to operational requirements. Completed during next available window.,f,2026-02-18 04:41:15.816741
462,COMP-1768374767939-gp5co4ot0,285.001.07,7440571a-841a-11ed-aa7c-7003bca91a86,JOB-1768375696862-icyy5iffj,MKR-IN-00072,WO-1770978832256-k396gup73,MKR-IN-00072-285.001.07-2025-227,Ballast Tanks Inspection - 1M,Maintenance,2025-03-09,,4th Engineer,,2025-03-10,Approved,,,Consumable parts replaced as per maintenance plan. Used parts stored for disposal.,f,2026-02-18 04:41:15.812144
461,COMP-1768374767834-dbncpiany,601.053,7440571a-841a-11ed-aa7c-7003bca91a86,JOB-1768375697579-gjp16ylta,MKR-CA-00005,WO-1770967515016-45yh3sl64,WO-601.053-2025-469,"ME Thrust Bearing Clearance, Measurement - 6000H",Servicing,2025-03-12,,2nd Officer,,2025-03-15,Approved,"SAFETY PROCEDURE (COMPANY)
===========================
Ensure compliance with safety procedures according to the company policy and requirements.

JOB REFERENCE DETAILS
===================
Manual Name: 3M-2 DIESEL ENGINE VOL II;5303.pdf
Pdf Page No: 193, 223
Job Reference: Group No.1160
Chapter: Maintenance Schedule Of Main Parts


DESCRIPTION
===========
1. Measure the clearance.",,Completion delayed due to vessel operational schedule. Work carried out during port call.,f,2026-02-18 04:41:15.807035
460,COMP-1768374768362-7963v81rv,652.004.05,7440571a-841a-11ed-aa7c-7003bca91a86,JOB-1768375698105-uuce6ug5n,MKR-OV-00025,WO-1770967515017-m33byvm6l,UWO-652.004.05-2025-594,AE2 Pistons And Connecting Rod No.05 - Filter Blockage - Emergency Cleaning,Servicing,2025-03-14,,3rd Engineer,,2025-03-16,Approved,Filter differential pressure high. Emergency cleaning/replacement carried out.,,Equipment tested satisfactorily after maintenance. No issues found.,f,2026-02-18 04:41:15.80102
459,COMP-1768374767950-2ln09g0jp,285.001.10,7440571a-841a-11ed-aa7c-7003bca91a86,JOB-1768375696881-rh3q9wjwg,MKR-IN-00072,WO-1770967515018-u6lwe618i,UWO-285.001.10-2025-650,Ballast Tanks/SW Tanks No.10 - Hydraulic System Pressure Drop,Servicing,2025-03-17,,2nd Officer,,2025-03-18,Approved,Hydraulic system pressure dropping. Investigated and found leaking fitting. Repaired.,,Minor adjustments carried out during Ballast Tanks/SW Tanks No.10 - Hydraulic System Pressure Drop. Performance within acceptable parameters.,f,2026-02-18 04:41:15.795233
458,COMP-1768374767729-3z3guldc2,601.066,7440571a-841a-11ed-aa7c-7003bca91a86,JOB-1768375697629-njv3hbmjn,MKR-IN-00079,WO-1770967515017-0b5xb85wh,UWO-601.066-2025-588,ME Indicators - Cooling System Malfunction,Servicing,2025-03-17,,Chief Engineer,,2025-03-18,Approved,Cooling water temperature rising. Investigated and cleaned heat exchanger.,,Equipment tested satisfactorily after completion of ME Indicators - Cooling System Malfunction. No issues found.,f,2026-02-18 04:41:15.788869
457,COMP-1768374767834-dbncpiany,601.053,7440571a-841a-11ed-aa7c-7003bca91a86,JOB-1768375697601-freker4a1,MKR-IN-00069,WO-1770967515015-y5o0oj6n8,WO-601.053-2025-419,"ME Turbocharger Bearing, Visual Check - 4000H",Servicing,2025-03-15,,2nd Engineer,,2025-03-18,Approved,"SAFETY PROCEDURE (COMPANY)
===========================
Ensure compliance with safety procedures according to the company policy and requirements.

JOB REFERENCE DETAILS
===================
Manual Name: 3M-2 DIESEL ENGINE VOL II;5303.pdf
Pdf Page No: 443, 444
Chapter: 4. Maintenance and Servicing
Section: 4.2.5 Thrust Bearing

DESCRIPTION
===========
1. Check the bearing.",,"Required spare parts replaced during ME Turbocharger Bearing, Visual Check - 4000H. Old parts retained for inspection.",f,2026-02-18 04:41:15.781921
456,COMP-1768374767834-dbncpiany,601.053,7440571a-841a-11ed-aa7c-7003bca91a86,JOB-1768375697590-j5wqgs5qj,MKR-IN-00067,WO-1770967515016-zi9l0tzpw,WO-601.053-2025-460,"ME Turbocharger Blower Side & Suction Filter, Cleaning - 2000H",Servicing,2025-03-15,,2nd Engineer,,2025-03-17,Approved,"SAFETY PROCEDURE (COMPANY)
===========================
Ensure compliance with safety procedures according to the company policy and requirements.

JOB REFERENCE DETAILS
===================
Manual Name: 3M-2 DIESEL ENGINE VOL II;5303.pdf
Pdf Page No: 196, 171, 172
Job Reference: Group No. 400
Chapter: Maintenance Schedule Of Main Parts


DESCRIPTION
===========
1. Cleaning of suction filter.
2. Dismantling and cleaning of blower side of turbocharger.",,"Equipment tested satisfactorily after completion of ME Turbocharger Blower Side & Suction Filter, Cleaning - 2000H. No issues found.",f,2026-02-18 04:41:15.775646
455,COMP-1768374768453-0fijrjtu3,653.004.03,7440571a-841a-11ed-aa7c-7003bca91a86,JOB-1768375698344-530op4qto,MKR-OV-00025,WO-1770967515017-1yicuswpv,UWO-653.004.03-2025-493,AE3 Pistons And Connecting Rod No.03 - Pipe Leakage - Welding Repair,Servicing,2025-03-19,,2nd Engineer,,2025-03-21,Approved,"Pipe leakage found in engine room. Temporary repair carried out, permanent repair planned.",,Required spare parts replaced during AE3 Pistons And Connecting Rod No.03 - Pipe Leakage - Welding Repair. Old parts retained for inspection.,f,2026-02-18 04:41:15.76985
454,COMP-1768374768316-5z2wp3xqd,652.002.01,7440571a-841a-11ed-aa7c-7003bca91a86,JOB-1768375698012-7xjbdpyvr,MKR-IN-00080,WO-1770978832260-zx2di8vf3,MKR-IN-00080-652.002.01-2025-597,AE Cylinder Covers with Valves Inspection - 1M,Maintenance,2025-04-08,,2nd Engineer,,2025-04-10,Approved,,,Work on AE Cylinder Covers with Valves Inspection - 1M delayed due to operational requirements. Completed during next available window.,f,2026-02-18 04:41:15.765125
453,COMP-1768374768468-60xwcn06y,653.007.02,7440571a-841a-11ed-aa7c-7003bca91a86,JOB-1768375698372-s0k2wesnc,MKR-IN-00015,WO-1770978832255-yvjcfw9xs,MKR-IN-00015-653.007.02-2025-129,"DG Main Bearing, Visual Check - 2Y/8000H",Maintenance,2025-03-31,,Electrican,,2025-04-01,Approved,,,All checks completed as per manufacturer guidelines. Next service due as scheduled.,f,2026-02-18 04:41:15.759237
452,COMP-1768374768149-xq053ewev,601.005.02,7440571a-841a-11ed-aa7c-7003bca91a86,JOB-1768375697418-2fk1daqf0,MKR-IN-00076,WO-1770967515018-n1cynzlsz,UWO-601.005.02-2025-766,"ME Connecting Rods, Crosshead, Guides No.02 - Hydraulic System Pressure Drop",Servicing,2025-03-23,,Chief Engineer,,2025-03-25,Approved,Hydraulic system pressure dropping. Investigated and found leaking fitting. Repaired.,,"Equipment tested satisfactorily after completion of ME Connecting Rods, Crosshead, Guides No.02 - Hydraulic System Pressure Drop. No issues found.",f,2026-02-18 04:41:15.753167
451,COMP-1768374767834-dbncpiany,601.053,7440571a-841a-11ed-aa7c-7003bca91a86,JOB-1768375697585-z6leju6xr,MKR-IN-00066,WO-1770967515015-tc3efwmy8,WO-601.053-2025-444,"ME Turbocharger Turbine, Cleaning - 500H",Servicing,2025-03-23,,2nd Engineer,,2025-03-24,Approved,"SAFETY PROCEDURE (COMPANY)
===========================
Ensure compliance with safety procedures according to the company policy and requirements.

JOB REFERENCE DETAILS
===================
Manual Name: 3M-2 DIESEL ENGINE VOL II;5303.pdf
Pdf Page No: 196, 171, 172
Job Reference: Group No. 400
Chapter: Maintenance Schedule Of Main Parts


DESCRIPTION
===========
1. Cleaning of turbine side of turbocharger to be carried out (vegetal solid cleaning).",,All maintenance checks completed per OEM recommendations. Next scheduled service as per PMS.,f,2026-02-18 04:41:15.746404
450,COMP-1768374768511-709kv1bk1,702.005.02,7440571a-841a-11ed-aa7c-7003bca91a86,JOB-1768375698538-eaypatso8,MKR-IN-00054,WO-1770967515004-2nokvowoa,WO-702.005.02-2025-270,"Purifier, Routine - 1W",Servicing,2025-03-25,,3rd Engineer,,2025-03-27,Approved,"SAFETY PROCEDURE (COMPANY)
===========================
Ensure compliance with safety procedures according to the company policy and requirements.

JOB REFERENCE DETAILS
===================
Manual Name: 8M-3 INSTRUCTION MANAUL FOR PURIFIER;5303.pdf
Pdf Page No: 56
Chapter: 3. Maintenance Inspection Procedures
Section: 3.1 Routine checks

DESCRIPTION
===========
Routine Checks :
1. Check the feed rate with respect to set feed rate for any changes.
2. Check the temperature with set temperature level.
3. Check the pressure of light liquid outlet is to be coincide roughly with the set pressure of the leakage.
4. Check for any increase in vibration.
5. Check for operational noise in gear pump and bearing etc. 
6. Check the rated current on daily basis.
7. Check the gear pump oil quantity. 
8. Check the safety joint of gears for any deformation.
9. Check for oil leakage in pipe joints.
10. Check & adjust pressure LED (yellow) lit or flashing for Leakage Monitor.
11. Check indicate revolution LED (green) is flashing for Discharge Monitor.",,"Minor adjustments carried out during Purifier, Routine - 1W. Performance within acceptable parameters.",f,2026-02-18 04:41:15.741106
449,COMP-1768374768450-h5buaqeyw,653.004.02,7440571a-841a-11ed-aa7c-7003bca91a86,JOB-1768375698338-lopdthijy,MKR-OV-00025,WO-1770978832255-ebxpfpfjh,MKR-OV-00025-653.004.02-2025-113,AE Pistons and Connecting Rods Overhaul - 4000H,Maintenance,2025-04-10,,Chief Engineer,,2025-04-13,Approved,,,Equipment tested satisfactorily after completion of AE Pistons and Connecting Rods Overhaul - 4000H. No issues found.,f,2026-02-18 04:41:15.732976
448,COMP-1768374768140-3bqamfvdd,601.004.05,7440571a-841a-11ed-aa7c-7003bca91a86,JOB-1768375697396-t255vvrdn,MKR-IN-00063,WO-1770978832258-lj2d71ozx,MKR-IN-00063-601.004.05-2025-365,"ME Piston And Rings, Inspection - 500H",Maintenance,2025-04-08,,2nd Engineer,,2025-04-11,Approved,,,"Checks completed as per manufacturer guidelines for ME Piston And Rings, Inspection - 500H. Next service due as scheduled.",f,2026-02-18 04:41:15.727252
447,COMP-1768374767809-mr8172nux,411.002,7440571a-841a-11ed-aa7c-7003bca91a86,JOB-1768375696972-7k0goih9x,MKR-SE-00015,WO-1770967515014-ukccw7r24,WO-411.002-2025-406,"Radar Band Magnetron, Renewal/Replace - 4000H",Servicing,2025-03-29,,2nd Officer,,2025-04-01,Approved,"SAFETY PROCEDURE (COMPANY)
===========================
Ensure compliance with safety procedures according to the company policy and requirements.

JOB REFERENCE DETAILS
===================
Manual Name: 4E-6 S-BAND RADAR;5303.pdf
Pdf Page No: 294
Chapter: 8 Countermeasures For Trouble And Adjustment
Section: Replacement Of Parts Periodically

DESCRIPTION
===========
1. Replace the magnetron.",,All equipment tested satisfactorily post-maintenance. No abnormalities detected.,f,2026-02-18 04:41:15.722557
446,COMP-1768374768537-ephwpws05,721.801.01,7440571a-841a-11ed-aa7c-7003bca91a86,JOB-1768375698929-mmdotlhrv,MKR-IN-00089,WO-1770967515017-e6jp45wrt,UWO-721.801.01-2025-491,"El. Motor, Main Sw Cooling Pumps No.01 - Filter Blockage - Emergency Cleaning",Servicing,2025-03-26,,2nd Engineer,,2025-03-29,Approved,Filter differential pressure high. Emergency cleaning/replacement carried out.,,"Equipment tested satisfactorily after completion of El. Motor, Main Sw Cooling Pumps No.01 - Filter Blockage - Emergency Cleaning. No issues found.",f,2026-02-18 04:41:15.71837
445,COMP-1768374768511-709kv1bk1,702.005.02,7440571a-841a-11ed-aa7c-7003bca91a86,JOB-1768375698538-eaypatso8,MKR-IN-00054,WO-1770967515004-2kfwrttbf,WO-702.005.02-2025-271,"Purifier, Routine - 1W",Servicing,2025-03-31,,3rd Engineer,,2025-04-02,Approved,"SAFETY PROCEDURE (COMPANY)
===========================
Ensure compliance with safety procedures according to the company policy and requirements.

JOB REFERENCE DETAILS
===================
Manual Name: 8M-3 INSTRUCTION MANAUL FOR PURIFIER;5303.pdf
Pdf Page No: 56
Chapter: 3. Maintenance Inspection Procedures
Section: 3.1 Routine checks

DESCRIPTION
===========
Routine Checks :
1. Check the feed rate with respect to set feed rate for any changes.
2. Check the temperature with set temperature level.
3. Check the pressure of light liquid outlet is to be coincide roughly with the set pressure of the leakage.
4. Check for any increase in vibration.
5. Check for operational noise in gear pump and bearing etc. 
6. Check the rated current on daily basis.
7. Check the gear pump oil quantity. 
8. Check the safety joint of gears for any deformation.
9. Check for oil leakage in pipe joints.
10. Check & adjust pressure LED (yellow) lit or flashing for Leakage Monitor.
11. Check indicate revolution LED (green) is flashing for Discharge Monitor.",,"Equipment tested satisfactorily after completion of Purifier, Routine - 1W. No issues found.",f,2026-02-18 04:41:15.714155
444,COMP-1768374768239-6wbm7nkr9,651.003.01,7440571a-841a-11ed-aa7c-7003bca91a86,JOB-1768375697715-p7a1yt6pq,MKR-IN-00085,WO-1770967515004-9gpyyw08x,WO-651.003.01-2025-342,AE Cylinder Liner Inspection - 1M,Servicing,2025-03-31,,3rd Engineer,,2025-04-02,Approved,"SAFETY PROCEDURE (COMPANY)
===========================
Ensure compliance with safety procedures according to the company policy and requirements.

DESCRIPTION
===========
1. Liner Condition (Visual / Indirect)

Check for abnormal scavenge space condition (if accessible).

Look for signs of scuffing, scoring, or polishing (based on inspection ports or trend data).

Monitor liner condition through performance parameters if direct access is not possible.

2. Lubrication

Verify cylinder lubrication rate (if applicable) is as per maker’s recommendation.

Check lube oil distribution and absence of oil starvation signs.

Review lube oil consumption trends.

3. Cooling & Sealing

Monitor jacket water temperature and pressure related to cylinder No.01.

Check for cooling water leakage into cylinder or crankcase.

Verify condition of liner sealing arrangements (indirect observation).",,Equipment tested satisfactorily after completion of AE Cylinder Liner Inspection - 1M. No issues found.,f,2026-02-18 04:41:15.708817
443,COMP-1768374767805-z4lpo0038,411.001,7440571a-841a-11ed-aa7c-7003bca91a86,JOB-1768375696930-95e413qm4,MKR-SE-00015,WO-1770967515014-3jn7tb12i,WO-411.001-2025-398,"Radar Band Magnetron, Renewal/Replace - 4000H",Servicing,2025-03-29,,2nd Officer,,2025-03-30,Approved,"SAFETY PROCEDURE (COMPANY)
===========================
Ensure compliance with safety procedures according to the company policy and requirements.

JOB REFERENCE DETAILS
===================
Manual Name: 4E-6 S-BAND RADAR;5303.pdf
Pdf Page No: 294
Chapter: 8 Countermeasures For Trouble And Adjustment
Section: Replacement Of Parts Periodically

DESCRIPTION
===========
1. Replace the magnetron.",,"Equipment tested satisfactorily after completion of Radar Band Magnetron, Renewal/Replace - 4000H. No issues found.",f,2026-02-18 04:41:15.704652
442,COMP-1768374767653-ta1cl7tnj,651,7440571a-841a-11ed-aa7c-7003bca91a86,JOB-1768375697672-h1dlcsu94,MKR-IN-00014,WO-1770967515019-m3l0ebgeq,UWO-651-2025-844,MOTOR AGGREGATES NO.01 - Filter Blockage - Emergency Cleaning,Servicing,2025-03-31,,Chief Engineer,,2025-04-02,Approved,Filter differential pressure high. Emergency cleaning/replacement carried out.,,Equipment tested satisfactorily after maintenance. No issues found.,f,2026-02-18 04:41:15.700602
441,COMP-1768374767871-3w32g6ibp,652.046,7440571a-841a-11ed-aa7c-7003bca91a86,JOB-1768375698235-ywwjdtuml,MKR-OV-00026,WO-1770967515018-s16q51yyp,UWO-652.046-2025-616,AE2 Lo Filters - Alarm Investigation - System Check,Servicing,2025-04-04,,Chief Engineer,,2025-04-05,Approved,Investigated alarm. Found faulty sensor/connection. Rectified.,,Work on AE2 Lo Filters - Alarm Investigation - System Check delayed due to operational requirements. Completed during next available window.,f,2026-02-18 04:41:15.696075
440,COMP-1768374767942-1vyf5zpk2,285.001.08,7440571a-841a-11ed-aa7c-7003bca91a86,JOB-1768375696869-5sqfen2xp,MKR-IN-00072,WO-1770978832256-lcua8b3c9,MKR-IN-00072-285.001.08-2025-240,Ballast Tanks Inspection - 1M,Maintenance,2025-04-06,,Chief Engineer,,2025-04-08,Approved,,,Additional findings noted - recommend follow-up inspection during next scheduled maintenance.,f,2026-02-18 04:41:15.691271
439,COMP-1768374767732-zjplz8nc1,651.002,7440571a-841a-11ed-aa7c-7003bca91a86,JOB-1768375697677-l4b48zr2y,MKR-IN-00080,WO-1770967515019-fvbv9j8qk,UWO-651.002-2025-878,AE1 Cylinder Covers W/Valves - Valve Leakage - Immediate Repair,Servicing,2025-04-02,,2nd Engineer,,2025-04-03,Approved,Valve found leaking during rounds. Repacked gland and replaced gasket.,,Equipment tested satisfactorily after completion of AE1 Cylinder Covers W/Valves - Valve Leakage - Immediate Repair. No issues found.,f,2026-02-18 04:41:15.686724
438,COMP-1768374768219-f5y8ppktt,601.066.06,7440571a-841a-11ed-aa7c-7003bca91a86,JOB-1768375697662-ii0y0011s,MKR-IN-00079,WO-1770978832259-2s7eq92pz,MKR-IN-00079-601.066.06-2025-496,Main Engine – Indicator Valves & Indicators Inspection - 1M,Maintenance,2025-04-11,,Chief Engineer,,2025-04-12,Approved,,,Minor adjustments carried out during Main Engine – Indicator Valves & Indicators Inspection - 1M. Performance within acceptable parameters.,f,2026-02-18 04:41:15.6791
437,COMP-1768374768227-7efnvx4gv,651.002.03,7440571a-841a-11ed-aa7c-7003bca91a86,JOB-1768375697692-acj96mboz,MKR-IN-00080,WO-1770978832259-r2bd1237z,MKR-IN-00080-651.002.03-2025-524,AE Cylinder Covers with Valves Inspection - 1M,Maintenance,2025-04-15,,Chief Engineer,,2025-04-17,Approved,,,All equipment tested satisfactorily post-maintenance. No abnormalities detected.,f,2026-02-18 04:41:15.672495
436,COMP-1768374767848-yixi06ueq,651.001,7440571a-841a-11ed-aa7c-7003bca91a86,JOB-1768375697672-h1dlcsu94,MKR-IN-00014,WO-1770967515019-m54l7pi7z,UWO-651.001-2025-881,"Aux. Diesel Generator Aggregates, Complete No.01 - Bearing Overheating - Emergency Maintenance",Servicing,2025-04-09,,3rd Engineer,,2025-04-12,Approved,Bearing temperature rising above normal. Emergency maintenance carried out.,,Small adjustments made to operating parameters. Equipment performance satisfactory.,f,2026-02-18 04:41:15.666325
435,COMP-1768374768511-709kv1bk1,702.005.02,7440571a-841a-11ed-aa7c-7003bca91a86,JOB-1768375698538-eaypatso8,MKR-IN-00054,WO-1770967515004-qmv1ce6sk,WO-702.005.02-2025-272,"Purifier, Routine - 1W",Servicing,2025-04-05,,3rd Engineer,,2025-04-08,Approved,"SAFETY PROCEDURE (COMPANY)
===========================
Ensure compliance with safety procedures according to the company policy and requirements.

JOB REFERENCE DETAILS
===================
Manual Name: 8M-3 INSTRUCTION MANAUL FOR PURIFIER;5303.pdf
Pdf Page No: 56
Chapter: 3. Maintenance Inspection Procedures
Section: 3.1 Routine checks

DESCRIPTION
===========
Routine Checks :
1. Check the feed rate with respect to set feed rate for any changes.
2. Check the temperature with set temperature level.
3. Check the pressure of light liquid outlet is to be coincide roughly with the set pressure of the leakage.
4. Check for any increase in vibration.
5. Check for operational noise in gear pump and bearing etc. 
6. Check the rated current on daily basis.
7. Check the gear pump oil quantity. 
8. Check the safety joint of gears for any deformation.
9. Check for oil leakage in pipe joints.
10. Check & adjust pressure LED (yellow) lit or flashing for Leakage Monitor.
11. Check indicate revolution LED (green) is flashing for Discharge Monitor.",,"Required spare parts replaced during Purifier, Routine - 1W. Old parts retained for inspection.",f,2026-02-18 04:41:15.659741
434,COMP-1768374767942-1vyf5zpk2,285.001.08,7440571a-841a-11ed-aa7c-7003bca91a86,JOB-1768375696869-5sqfen2xp,MKR-IN-00072,WO-1770978832256-dhwfeeqvv,MKR-IN-00072-285.001.08-2025-234,Ballast Tanks Inspection - 1M,Maintenance,2025-04-16,,Electrican,,2025-04-17,Approved,,,All equipment tested satisfactorily post-maintenance. No abnormalities detected.,f,2026-02-18 04:41:15.654139
433,COMP-1768374768230-di5x3jxz8,651.002.04,7440571a-841a-11ed-aa7c-7003bca91a86,JOB-1768375697698-z6haq29k,MKR-IN-00080,WO-1770978832259-cmhc49rkn,MKR-IN-00080-651.002.04-2025-531,AE Cylinder Covers with Valves Inspection - 1M,Maintenance,2025-04-20,,Chief Engineer,,2025-04-22,Approved,,,Equipment tested satisfactorily after completion of AE Cylinder Covers with Valves Inspection - 1M. No issues found.,f,2026-02-18 04:41:15.648342
432,COMP-1768374768443-sj0hmblft,653.003.06,7440571a-841a-11ed-aa7c-7003bca91a86,JOB-1768375698327-s9rfxwr8p,MKR-IN-00085,WO-1770967515004-7w0ltohmb,WO-653.003.06-2025-378,AE Cylinder Liner Inspection - 1M,Servicing,2025-04-07,,3rd Engineer,,2025-04-10,Approved,"SAFETY PROCEDURE (COMPANY)
===========================
Ensure compliance with safety procedures according to the company policy and requirements.

DESCRIPTION
===========
1. Liner Condition (Visual / Indirect)

Check for abnormal scavenge space condition (if accessible).

Look for signs of scuffing, scoring, or polishing (based on inspection ports or trend data).

Monitor liner condition through performance parameters if direct access is not possible.

2. Lubrication

Verify cylinder lubrication rate (if applicable) is as per maker’s recommendation.

Check lube oil distribution and absence of oil starvation signs.

Review lube oil consumption trends.

3. Cooling & Sealing

Monitor jacket water temperature and pressure related to cylinder No.01.

Check for cooling water leakage into cylinder or crankcase.

Verify condition of liner sealing arrangements (indirect observation).",,Equipment tested satisfactorily after completion of AE Cylinder Liner Inspection - 1M. No issues found.,f,2026-02-18 04:41:15.642482
431,COMP-1768374767929-zn4ptm8ru,285.001.04,7440571a-841a-11ed-aa7c-7003bca91a86,JOB-1768375696845-n6aj2hzvt,MKR-IN-00072,WO-1770978832255-v17ptzf88,MKR-IN-00072-285.001.04-2025-189,Ballast Tanks Inspection - 1M,Maintenance,2025-04-22,,Chief Engineer,,2025-04-24,Approved,,,Equipment tested satisfactorily after maintenance. No issues found.,f,2026-02-18 04:41:15.636102
430,COMP-1768374767837-m3bhk56ru,601.059,7440571a-841a-11ed-aa7c-7003bca91a86,JOB-1768375697612-dr4ya0drk,MKR-IN-00078,WO-1770978832258-rkrmv4mz0,MKR-IN-00078-601.059-2025-449,Main Engine – Exhaust Gas Manifolds & Pipes with Insulation Inspection - 1M,Maintenance,2025-04-22,,4th Engineer,,2025-04-25,Approved,,,All checks completed as per manufacturer guidelines. Next service due as scheduled.,f,2026-02-18 04:41:15.628311
429,COMP-1768374768210-pv86y7jsq,601.066.03,7440571a-841a-11ed-aa7c-7003bca91a86,JOB-1768375697641-9ro3dhhfo,MKR-IN-00079,WO-1770978832259-d237clnir,MKR-IN-00079-601.066.03-2025-471,Main Engine – Indicator Valves & Indicators Inspection - 1M,Maintenance,2025-04-27,,4th Engineer,,2025-04-30,Approved,,,Work on Main Engine – Indicator Valves & Indicators Inspection - 1M delayed due to operational requirements. Completed during next available window.,f,2026-02-18 04:41:15.617795
428,COMP-1768374768511-709kv1bk1,702.005.02,7440571a-841a-11ed-aa7c-7003bca91a86,JOB-1768375698538-eaypatso8,MKR-IN-00054,WO-1770967515004-tau6l4ka3,WO-702.005.02-2025-273,"Purifier, Routine - 1W",Servicing,2025-04-13,,3rd Engineer,,2025-04-15,Approved,"SAFETY PROCEDURE (COMPANY)
===========================
Ensure compliance with safety procedures according to the company policy and requirements.

JOB REFERENCE DETAILS
===================
Manual Name: 8M-3 INSTRUCTION MANAUL FOR PURIFIER;5303.pdf
Pdf Page No: 56
Chapter: 3. Maintenance Inspection Procedures
Section: 3.1 Routine checks

DESCRIPTION
===========
Routine Checks :
1. Check the feed rate with respect to set feed rate for any changes.
2. Check the temperature with set temperature level.
3. Check the pressure of light liquid outlet is to be coincide roughly with the set pressure of the leakage.
4. Check for any increase in vibration.
5. Check for operational noise in gear pump and bearing etc. 
6. Check the rated current on daily basis.
7. Check the gear pump oil quantity. 
8. Check the safety joint of gears for any deformation.
9. Check for oil leakage in pipe joints.
10. Check & adjust pressure LED (yellow) lit or flashing for Leakage Monitor.
11. Check indicate revolution LED (green) is flashing for Discharge Monitor.",,Minor adjustments made. Equipment performance within acceptable parameters.,f,2026-02-18 04:41:15.609536
427,COMP-1768374768388-007k90ags,652.020.01,7440571a-841a-11ed-aa7c-7003bca91a86,JOB-1768375698160-xbo6vxclj,MKR-IN-00017,WO-1770978832255-ez5m3t1g3,MKR-IN-00017-652.020.01-2025-094,"DG Cylinder Liner, Visual Check - 2Y/8000H",Maintenance,2025-04-10,,4th Engineer,,2025-04-11,Approved,,,Spare parts replaced as listed. Old parts retained for inspection/disposal.,f,2026-02-18 04:41:15.602885
426,COMP-1768374768322-cql2bkhkd,652.002.03,7440571a-841a-11ed-aa7c-7003bca91a86,JOB-1768375698027-asejgfpbd,MKR-IN-00080,WO-1770978832260-wppmed5mw,MKR-IN-00080-652.002.03-2025-621,AE Cylinder Covers with Valves Inspection - 1M,Maintenance,2025-05-02,,2nd Engineer,,2025-05-05,Approved,,,Minor adjustments made. Equipment performance within acceptable parameters.,f,2026-02-18 04:41:15.59276
425,COMP-1768374768274-zfc2l0gma,651.007.01,7440571a-841a-11ed-aa7c-7003bca91a86,JOB-1768375697777-xmz9kq7bq,MKR-IN-00015,WO-1770978832254-jka7fkx9i,MKR-IN-00015-651.007.01-2025-038,"DG Main Bearing, Visual Check - 2Y/8000H",Maintenance,2025-04-27,,Electrican,,2025-04-29,Approved,,,All checks completed as per manufacturer guidelines. Next service due as scheduled.,f,2026-02-18 04:41:15.586593
424,COMP-1768374768373-33bew970w,652.007.03,7440571a-841a-11ed-aa7c-7003bca91a86,JOB-1768375698126-uus74l55h,MKR-IN-00015,WO-1770967515018-y5940x9c9,UWO-652.007.03-2025-816,"AE2 Main Bearings, Journals No.03 - Filter Blockage - Emergency Cleaning",Servicing,2025-04-10,,3rd Engineer,,2025-04-11,Approved,Filter differential pressure high. Emergency cleaning/replacement carried out.,,All maintenance checks completed per OEM recommendations. Next scheduled service as per PMS.,f,2026-02-18 04:41:15.580143
423,COMP-1768374768204-bxjta0rjx,601.066.01,7440571a-841a-11ed-aa7c-7003bca91a86,JOB-1768375697629-njv3hbmjn,MKR-IN-00079,WO-1770967515019-ty6wwwr1i,UWO-601.066.01-2025-867,ME Indicators No.01 - Sensor Failure - Replacement,Servicing,2025-04-17,,2nd Engineer,,2025-04-18,Approved,Temperature/pressure sensor giving erratic readings. Replaced sensor.,,Checks completed as per manufacturer guidelines for ME Indicators No.01 - Sensor Failure - Replacement. Next service due as scheduled.,f,2026-02-18 04:41:15.573548
422,COMP-1768374767867-9iex21354,652.018,7440571a-841a-11ed-aa7c-7003bca91a86,JOB-1768375698154-dzms9xqyx,MKR-IN-00086,WO-1770967515018-z51qalrmh,UWO-652.018-2025-728,AE2 Crankcases - Hydraulic System Pressure Drop,Servicing,2025-04-14,,2nd Engineer,,2025-04-15,Approved,Hydraulic system pressure dropping. Investigated and found leaking fitting. Repaired.,,All equipment tested satisfactorily post-maintenance. No abnormalities detected.,f,2026-02-18 04:41:15.566934
421,COMP-1768374768458-rjm1b8q15,653.004.05,7440571a-841a-11ed-aa7c-7003bca91a86,JOB-1768375698355-0paphpb9k,MKR-OV-00025,WO-1770967515018-r2ley5uzp,UWO-653.004.05-2025-654,AE3 Pistons And Connecting Rod No.05 - Electrical Fault - Motor Trip,Servicing,2025-04-15,,3rd Engineer,,2025-04-16,Approved,Motor tripped on overload. Investigated and rectified fault.,,Equipment tested satisfactorily after maintenance. No issues found.,f,2026-02-18 04:41:15.561711
420,COMP-1768374767675-hcaouk2gf,702,7440571a-841a-11ed-aa7c-7003bca91a86,JOB-1768375698505-5h32zwd3i,MKR-IN-00054,WO-1770967515018-oiw7gbu89,UWO-702-2025-747,FUEL OIL PURIFICATION PLANTS - Sensor Failure - Replacement,Servicing,2025-04-12,,2nd Engineer,,2025-04-14,Approved,Temperature/pressure sensor giving erratic readings. Replaced sensor.,,Equipment tested satisfactorily after completion of FUEL OIL PURIFICATION PLANTS - Sensor Failure - Replacement. No issues found.,f,2026-02-18 04:41:15.557198
419,COMP-1768374767660-x634wz3az,653,7440571a-841a-11ed-aa7c-7003bca91a86,JOB-1768375698249-857uxmj8e,MKR-IN-00014,WO-1770967515019-jyeqwq8wp,UWO-653-2025-865,MOTOR AGGREGATES NO.03 - Control System Malfunction,Servicing,2025-04-13,,4th Engineer,,2025-04-15,Approved,Control system showing intermittent faults. Checked connections and calibrated.,,All equipment tested satisfactorily post-maintenance. No abnormalities detected.,f,2026-02-18 04:41:15.552925
418,COMP-1768374768322-cql2bkhkd,652.002.03,7440571a-841a-11ed-aa7c-7003bca91a86,JOB-1768375698027-asejgfpbd,MKR-IN-00080,WO-1770978832260-a3m3ddv41,MKR-IN-00080-652.002.03-2025-623,AE Cylinder Covers with Valves Inspection - 1M,Maintenance,2025-04-27,,Electrican,,2025-04-29,Approved,,,All equipment tested satisfactorily post-maintenance. No abnormalities detected.,f,2026-02-18 04:41:15.548114
417,COMP-1768374768511-709kv1bk1,702.005.02,7440571a-841a-11ed-aa7c-7003bca91a86,JOB-1768375698538-eaypatso8,MKR-IN-00054,WO-1770967515004-kq9mfsp76,WO-702.005.02-2025-274,"Purifier, Routine - 1W",Servicing,2025-04-19,,3rd Engineer,,2025-04-21,Approved,"SAFETY PROCEDURE (COMPANY)
===========================
Ensure compliance with safety procedures according to the company policy and requirements.

JOB REFERENCE DETAILS
===================
Manual Name: 8M-3 INSTRUCTION MANAUL FOR PURIFIER;5303.pdf
Pdf Page No: 56
Chapter: 3. Maintenance Inspection Procedures
Section: 3.1 Routine checks

DESCRIPTION
===========
Routine Checks :
1. Check the feed rate with respect to set feed rate for any changes.
2. Check the temperature with set temperature level.
3. Check the pressure of light liquid outlet is to be coincide roughly with the set pressure of the leakage.
4. Check for any increase in vibration.
5. Check for operational noise in gear pump and bearing etc. 
6. Check the rated current on daily basis.
7. Check the gear pump oil quantity. 
8. Check the safety joint of gears for any deformation.
9. Check for oil leakage in pipe joints.
10. Check & adjust pressure LED (yellow) lit or flashing for Leakage Monitor.
11. Check indicate revolution LED (green) is flashing for Discharge Monitor.",,Minor additional findings recorded. Follow-up inspection recommended during next maintenance period.,f,2026-02-18 04:41:15.541978
416,COMP-1768374768227-7efnvx4gv,651.002.03,7440571a-841a-11ed-aa7c-7003bca91a86,JOB-1768375697692-acj96mboz,MKR-IN-00080,WO-1770978832259-0j66ozh31,MKR-IN-00080-651.002.03-2025-525,AE Cylinder Covers with Valves Inspection - 1M,Maintenance,2025-05-07,,4th Engineer,,2025-05-08,Approved,,,Equipment tested satisfactorily after maintenance. No issues found.,f,2026-02-18 04:41:15.537074
415,COMP-1768374767834-dbncpiany,601.053,7440571a-841a-11ed-aa7c-7003bca91a86,JOB-1768375697585-z6leju6xr,MKR-IN-00066,WO-1770967515015-fi86paruk,WO-601.053-2025-445,"ME Turbocharger Turbine, Cleaning - 500H",Servicing,2025-04-23,,2nd Engineer,,2025-04-26,Approved,"SAFETY PROCEDURE (COMPANY)
===========================
Ensure compliance with safety procedures according to the company policy and requirements.

JOB REFERENCE DETAILS
===================
Manual Name: 3M-2 DIESEL ENGINE VOL II;5303.pdf
Pdf Page No: 196, 171, 172
Job Reference: Group No. 400
Chapter: Maintenance Schedule Of Main Parts


DESCRIPTION
===========
1. Cleaning of turbine side of turbocharger to be carried out (vegetal solid cleaning).",,All equipment tested satisfactorily post-maintenance. No abnormalities detected.,f,2026-02-18 04:41:15.532359
414,COMP-1768374768468-60xwcn06y,653.007.02,7440571a-841a-11ed-aa7c-7003bca91a86,JOB-1768375698372-s0k2wesnc,MKR-IN-00015,WO-1770967515018-1j8ma0b2k,UWO-653.007.02-2025-738,"AE3 Main Bearings, Journals No.02 - Electrical Fault - Motor Trip",Servicing,2025-04-25,,2nd Engineer,,2025-04-28,Approved,Motor tripped on overload. Investigated and rectified fault.,,"Additional observations during AE3 Main Bearings, Journals No.02 - Electrical Fault - Motor Trip - recommend follow-up at next scheduled interval.",f,2026-02-18 04:41:15.527101
413,COMP-1768374768245-va8do1j4x,651.003.03,7440571a-841a-11ed-aa7c-7003bca91a86,JOB-1768375697725-n4b6pwj8y,MKR-IN-00085,WO-1770978832259-2ksd5pldh,MKR-IN-00085-651.003.03-2025-573,AE Cylinder Liner Inspection - 1M,Maintenance,2025-04-29,,2nd Engineer,,2025-04-30,Approved,,,Equipment tested satisfactorily after maintenance. No issues found.,f,2026-02-18 04:41:15.522259
412,COMP-1768374768489-a38awm66q,653.020.02,7440571a-841a-11ed-aa7c-7003bca91a86,JOB-1768375698420-ojugqtt4g,MKR-IN-00017,WO-1770967515018-vl6ygtoyv,UWO-653.020.02-2025-648,AE3 Crankcase Doors W/Safety Valve No.02 - Fuel System Contamination,Servicing,2025-04-29,,Chief Engineer,,2025-05-02,Approved,Fuel oil contamination detected. Purifier and filters cleaned/replaced.,,Small adjustments made to operating parameters. Equipment performance satisfactory.,f,2026-02-18 04:41:15.517295
411,COMP-1768374768434-nrv9zw8wl,653.003.03,7440571a-841a-11ed-aa7c-7003bca91a86,JOB-1768375698311-y5ms9jqpc,MKR-IN-00085,WO-1770967515018-oswm52n4n,UWO-653.003.03-2025-617,AE3 Cylinder Liners No.03 - Hydraulic System Pressure Drop,Servicing,2025-04-27,,3rd Engineer,,2025-04-30,Approved,Hydraulic system pressure dropping. Investigated and found leaking fitting. Repaired.,,Small adjustments made to operating parameters. Equipment performance satisfactory.,f,2026-02-18 04:41:15.512697
410,COMP-1768374768221-1uo61tqy1,651.002.01,7440571a-841a-11ed-aa7c-7003bca91a86,JOB-1768375697677-l4b48zr2y,MKR-IN-00080,WO-1770978832259-rh6dgfeq3,MKR-IN-00080-651.002.01-2025-501,AE Cylinder Covers with Valves Inspection - 1M,Maintenance,2025-05-05,,Chief Engineer,,2025-05-08,Approved,,,Checks completed as per manufacturer guidelines for AE Cylinder Covers with Valves Inspection - 1M. Next service due as scheduled.,f,2026-02-18 04:41:15.508281
409,COMP-1768374768248-zja2xeelc,651.003.04,7440571a-841a-11ed-aa7c-7003bca91a86,JOB-1768375697730-vrhe8emeh,MKR-IN-00085,WO-1770978832259-vtb8k5qf8,MKR-IN-00085-651.003.04-2025-579,AE Cylinder Liner Inspection - 1M,Maintenance,2025-05-16,,2nd Engineer,,2025-05-17,Approved,,,Equipment tested satisfactorily after completion of AE Cylinder Liner Inspection - 1M. No issues found.,f,2026-02-18 04:41:15.503615
408,COMP-1768374768511-709kv1bk1,702.005.02,7440571a-841a-11ed-aa7c-7003bca91a86,JOB-1768375698538-eaypatso8,MKR-IN-00054,WO-1770967515004-ear82avms,WO-702.005.02-2025-275,"Purifier, Routine - 1W",Servicing,2025-04-27,,3rd Engineer,,2025-04-28,Approved,"SAFETY PROCEDURE (COMPANY)
===========================
Ensure compliance with safety procedures according to the company policy and requirements.

JOB REFERENCE DETAILS
===================
Manual Name: 8M-3 INSTRUCTION MANAUL FOR PURIFIER;5303.pdf
Pdf Page No: 56
Chapter: 3. Maintenance Inspection Procedures
Section: 3.1 Routine checks

DESCRIPTION
===========
Routine Checks :
1. Check the feed rate with respect to set feed rate for any changes.
2. Check the temperature with set temperature level.
3. Check the pressure of light liquid outlet is to be coincide roughly with the set pressure of the leakage.
4. Check for any increase in vibration.
5. Check for operational noise in gear pump and bearing etc. 
6. Check the rated current on daily basis.
7. Check the gear pump oil quantity. 
8. Check the safety joint of gears for any deformation.
9. Check for oil leakage in pipe joints.
10. Check & adjust pressure LED (yellow) lit or flashing for Leakage Monitor.
11. Check indicate revolution LED (green) is flashing for Discharge Monitor.",,"Minor adjustments carried out during Purifier, Routine - 1W. Performance within acceptable parameters.",f,2026-02-18 04:41:15.498976
407,COMP-1768374768239-6wbm7nkr9,651.003.01,7440571a-841a-11ed-aa7c-7003bca91a86,JOB-1768375697715-p7a1yt6pq,MKR-IN-00085,WO-1770967515004-o1loj74k5,WO-651.003.01-2025-343,AE Cylinder Liner Inspection - 1M,Servicing,2025-05-01,,3rd Engineer,,2025-05-03,Approved,"SAFETY PROCEDURE (COMPANY)
===========================
Ensure compliance with safety procedures according to the company policy and requirements.

DESCRIPTION
===========
1. Liner Condition (Visual / Indirect)

Check for abnormal scavenge space condition (if accessible).

Look for signs of scuffing, scoring, or polishing (based on inspection ports or trend data).

Monitor liner condition through performance parameters if direct access is not possible.

2. Lubrication

Verify cylinder lubrication rate (if applicable) is as per maker’s recommendation.

Check lube oil distribution and absence of oil starvation signs.

Review lube oil consumption trends.

3. Cooling & Sealing

Monitor jacket water temperature and pressure related to cylinder No.01.

Check for cooling water leakage into cylinder or crankcase.

Verify condition of liner sealing arrangements (indirect observation).",,Minor adjustments made. Equipment performance within acceptable parameters.,f,2026-02-18 04:41:15.493968
406,COMP-1768374768134-1plkxrd1k,601.004.03,7440571a-841a-11ed-aa7c-7003bca91a86,JOB-1768375697375-cr8tdi34d,MKR-IN-00063,WO-1770978832256-urkthvuug,MKR-IN-00063-601.004.03-2025-336,"ME Piston And Rings, Inspection - 500H",Maintenance,2025-05-21,,Chief Engineer,,2025-05-23,Approved,,,"Equipment tested satisfactorily after completion of ME Piston And Rings, Inspection - 500H. No issues found.",f,2026-02-18 04:41:15.48898
405,COMP-1768374767875-8i4qk5eoo,652.053,7440571a-841a-11ed-aa7c-7003bca91a86,JOB-1768375698242-e86yamo00,MKR-OV-00027,WO-1770967515016-13mu7sl8v,WO-652.053-2025-464,AE Turbocharger Overhaul - 8000H,Servicing,2025-05-04,,3rd Engineer,,2025-05-07,Approved,"SAFETY PROCEDURE (COMPANY)
===========================
Ensure compliance with safety procedures according to the company policy and requirements.

DESCRIPTION
===========
1. External Inspection

Inspect turbocharger casing for cracks, corrosion, or oil leakage.

Check all mounting bolts, brackets, and flexible connections.

Inspect piping and insulation for condition, leaks, and alignment.

2. Bearings & Shaft

Remove turbocharger for detailed inspection (if required by maker).

Inspect bearings (journal or ball/roller) for wear, overheating, or scoring.

Check shaft alignment and axial/radial play; compare with manufacturer’s tolerances.

Clean and lubricate bearings and housings as per manual.

3. Turbine & Compressor Wheels

Inspect turbine and compressor wheels for cracks, corrosion, or blade damage.

Ensure wheels rotate freely without rubbing or abnormal vibration.

Verify clearances between wheels and casing are within maker’s specifications.",,All checks completed as per manufacturer guidelines. Next service due as scheduled.,f,2026-02-18 04:41:15.483843
404,COMP-1768374768443-sj0hmblft,653.003.06,7440571a-841a-11ed-aa7c-7003bca91a86,JOB-1768375698327-s9rfxwr8p,MKR-IN-00085,WO-1770967515004-5sfvowcrk,WO-653.003.06-2025-379,AE Cylinder Liner Inspection - 1M,Servicing,2025-05-06,,3rd Engineer,,2025-05-09,Approved,"SAFETY PROCEDURE (COMPANY)
===========================
Ensure compliance with safety procedures according to the company policy and requirements.

DESCRIPTION
===========
1. Liner Condition (Visual / Indirect)

Check for abnormal scavenge space condition (if accessible).

Look for signs of scuffing, scoring, or polishing (based on inspection ports or trend data).

Monitor liner condition through performance parameters if direct access is not possible.

2. Lubrication

Verify cylinder lubrication rate (if applicable) is as per maker’s recommendation.

Check lube oil distribution and absence of oil starvation signs.

Review lube oil consumption trends.

3. Cooling & Sealing

Monitor jacket water temperature and pressure related to cylinder No.01.

Check for cooling water leakage into cylinder or crankcase.

Verify condition of liner sealing arrangements (indirect observation).",,All equipment tested satisfactorily post-maintenance. No abnormalities detected.,f,2026-02-18 04:41:15.478512
403,COMP-1768374768511-709kv1bk1,702.005.02,7440571a-841a-11ed-aa7c-7003bca91a86,JOB-1768375698538-eaypatso8,MKR-IN-00054,WO-1770967515004-oo93nk5r3,WO-702.005.02-2025-276,"Purifier, Routine - 1W",Servicing,2025-05-03,,3rd Engineer,,2025-05-05,Approved,"SAFETY PROCEDURE (COMPANY)
===========================
Ensure compliance with safety procedures according to the company policy and requirements.

JOB REFERENCE DETAILS
===================
Manual Name: 8M-3 INSTRUCTION MANAUL FOR PURIFIER;5303.pdf
Pdf Page No: 56
Chapter: 3. Maintenance Inspection Procedures
Section: 3.1 Routine checks

DESCRIPTION
===========
Routine Checks :
1. Check the feed rate with respect to set feed rate for any changes.
2. Check the temperature with set temperature level.
3. Check the pressure of light liquid outlet is to be coincide roughly with the set pressure of the leakage.
4. Check for any increase in vibration.
5. Check for operational noise in gear pump and bearing etc. 
6. Check the rated current on daily basis.
7. Check the gear pump oil quantity. 
8. Check the safety joint of gears for any deformation.
9. Check for oil leakage in pipe joints.
10. Check & adjust pressure LED (yellow) lit or flashing for Leakage Monitor.
11. Check indicate revolution LED (green) is flashing for Discharge Monitor.",,Completion delayed due to vessel operational schedule. Work carried out during port call.,f,2026-02-18 04:41:15.472225
402,COMP-1768374768397-fsuqiu5w9,652.020.04,7440571a-841a-11ed-aa7c-7003bca91a86,JOB-1768375698192-748wekule,MKR-IN-00017,WO-1770967515018-1xu8lmuv0,UWO-652.020.04-2025-790,AE2 Crankcase Doors W/Safety Valve No.04 - Bearing Overheating - Emergency Maintenance,Servicing,2025-05-07,,3rd Engineer,,2025-05-08,Approved,Bearing temperature rising above normal. Emergency maintenance carried out.,,All equipment tested satisfactorily post-maintenance. No abnormalities detected.,f,2026-02-18 04:41:15.46727
401,COMP-1768374768511-709kv1bk1,702.005.02,7440571a-841a-11ed-aa7c-7003bca91a86,JOB-1768375698538-eaypatso8,MKR-IN-00054,WO-1770967515004-46zqh7sv1,WO-702.005.02-2025-277,"Purifier, Routine - 1W",Servicing,2025-05-09,,3rd Engineer,,2025-05-11,Approved,"SAFETY PROCEDURE (COMPANY)
===========================
Ensure compliance with safety procedures according to the company policy and requirements.

JOB REFERENCE DETAILS
===================
Manual Name: 8M-3 INSTRUCTION MANAUL FOR PURIFIER;5303.pdf
Pdf Page No: 56
Chapter: 3. Maintenance Inspection Procedures
Section: 3.1 Routine checks

DESCRIPTION
===========
Routine Checks :
1. Check the feed rate with respect to set feed rate for any changes.
2. Check the temperature with set temperature level.
3. Check the pressure of light liquid outlet is to be coincide roughly with the set pressure of the leakage.
4. Check for any increase in vibration.
5. Check for operational noise in gear pump and bearing etc. 
6. Check the rated current on daily basis.
7. Check the gear pump oil quantity. 
8. Check the safety joint of gears for any deformation.
9. Check for oil leakage in pipe joints.
10. Check & adjust pressure LED (yellow) lit or flashing for Leakage Monitor.
11. Check indicate revolution LED (green) is flashing for Discharge Monitor.",,"Checks completed as per manufacturer guidelines for Purifier, Routine - 1W. Next service due as scheduled.",f,2026-02-18 04:41:15.460858
400,COMP-1768374768227-7efnvx4gv,651.002.03,7440571a-841a-11ed-aa7c-7003bca91a86,JOB-1768375697692-acj96mboz,MKR-IN-00080,WO-1770978832259-foc8rpwxw,MKR-IN-00080-651.002.03-2025-528,AE Cylinder Covers with Valves Inspection - 1M,Maintenance,2025-05-25,,2nd Engineer,,2025-05-28,Approved,,,All equipment tested satisfactorily post-maintenance. No abnormalities detected.,f,2026-02-18 04:41:15.455777
399,COMP-1768374768161-fwhsrv4rs,601.005.06,7440571a-841a-11ed-aa7c-7003bca91a86,JOB-1768375697440-jtfr7vtfi,MKR-IN-00076,WO-1770978832258-0zmd1xqlt,MKR-IN-00076-601.005.06-2025-423,"Main Engine – Connecting Rods, Crosshead & Guide Assemblies Inspection - 1M",Maintenance,2025-05-18,,Electrican,,2025-05-21,Approved,,,Equipment tested satisfactorily after maintenance. No issues found.,f,2026-02-18 04:41:15.44967
398,COMP-1768374768245-va8do1j4x,651.003.03,7440571a-841a-11ed-aa7c-7003bca91a86,JOB-1768375697725-n4b6pwj8y,MKR-IN-00085,WO-1770978832259-d5sixttia,MKR-IN-00085-651.003.03-2025-564,AE Cylinder Liner Inspection - 1M,Maintenance,2025-05-23,,4th Engineer,,2025-05-26,Approved,,,Minor adjustments made. Equipment performance within acceptable parameters.,f,2026-02-18 04:41:15.444506
397,COMP-1768374767859-rfmxd163z,651.053,7440571a-841a-11ed-aa7c-7003bca91a86,JOB-1768375697998-7mn72g6xy,MKR-OV-00027,WO-1770967515016-4z67kh8d4,WO-651.053-2025-463,AE Turbocharger Overhaul - 8000H,Servicing,2025-06-01,,3rd Engineer,,2025-06-02,Approved,"SAFETY PROCEDURE (COMPANY)
===========================
Ensure compliance with safety procedures according to the company policy and requirements.

DESCRIPTION
===========
1. External Inspection

Inspect turbocharger casing for cracks, corrosion, or oil leakage.

Check all mounting bolts, brackets, and flexible connections.

Inspect piping and insulation for condition, leaks, and alignment.

2. Bearings & Shaft

Remove turbocharger for detailed inspection (if required by maker).

Inspect bearings (journal or ball/roller) for wear, overheating, or scoring.

Check shaft alignment and axial/radial play; compare with manufacturer’s tolerances.

Clean and lubricate bearings and housings as per manual.

3. Turbine & Compressor Wheels

Inspect turbine and compressor wheels for cracks, corrosion, or blade damage.

Ensure wheels rotate freely without rubbing or abnormal vibration.

Verify clearances between wheels and casing are within maker’s specifications.",,Minor adjustments made. Equipment performance within acceptable parameters.,f,2026-02-18 04:41:15.439232
396,COMP-1768374767895-uwp1jvxsi,653.053,7440571a-841a-11ed-aa7c-7003bca91a86,JOB-1768375698489-xssie3we1,MKR-OV-00027,WO-1770967515016-reezuplym,WO-653.053-2025-465,AE Turbocharger Overhaul - 8000H,Servicing,2025-05-15,,3rd Engineer,,2025-05-17,Approved,"SAFETY PROCEDURE (COMPANY)
===========================
Ensure compliance with safety procedures according to the company policy and requirements.

DESCRIPTION
===========
1. External Inspection

Inspect turbocharger casing for cracks, corrosion, or oil leakage.

Check all mounting bolts, brackets, and flexible connections.

Inspect piping and insulation for condition, leaks, and alignment.

2. Bearings & Shaft

Remove turbocharger for detailed inspection (if required by maker).

Inspect bearings (journal or ball/roller) for wear, overheating, or scoring.

Check shaft alignment and axial/radial play; compare with manufacturer’s tolerances.

Clean and lubricate bearings and housings as per manual.

3. Turbine & Compressor Wheels

Inspect turbine and compressor wheels for cracks, corrosion, or blade damage.

Ensure wheels rotate freely without rubbing or abnormal vibration.

Verify clearances between wheels and casing are within maker’s specifications.",,Minor adjustments made. Equipment performance within acceptable parameters.,f,2026-02-18 04:41:15.433949
395,COMP-1768374768272-j6qabuv4y,651.004.06,7440571a-841a-11ed-aa7c-7003bca91a86,JOB-1768375697772-0pyb57iow,MKR-OV-00025,WO-1770978832254-8ioj2h13o,MKR-OV-00025-651.004.06-2025-037,AE Pistons and Connecting Rods Overhaul - 4000H,Maintenance,2025-06-07,,Chief Engineer,,2025-06-10,Approved,,,Minor adjustments carried out during AE Pistons and Connecting Rods Overhaul - 4000H. Performance within acceptable parameters.,f,2026-02-18 04:41:15.429278
394,COMP-1768374768334-x8vq4y9hs,652.003.01,7440571a-841a-11ed-aa7c-7003bca91a86,JOB-1768375698053-sog0kbiyi,MKR-IN-00085,WO-1770978832260-0jfoar6in,MKR-IN-00085-652.003.01-2025-646,AE Cylinder Liner Inspection - 1M,Maintenance,2025-06-09,,4th Engineer,,2025-06-12,Approved,,,Checks completed as per manufacturer guidelines for AE Cylinder Liner Inspection - 1M. Next service due as scheduled.,f,2026-02-18 04:41:15.424676
393,COMP-1768374768245-va8do1j4x,651.003.03,7440571a-841a-11ed-aa7c-7003bca91a86,JOB-1768375697725-n4b6pwj8y,MKR-IN-00085,WO-1770978832259-7gjp02g37,MKR-IN-00085-651.003.03-2025-572,AE Cylinder Liner Inspection - 1M,Maintenance,2025-05-31,,Chief Engineer,,2025-06-02,Approved,,,Minor adjustments carried out during AE Cylinder Liner Inspection - 1M. Performance within acceptable parameters.,f,2026-02-18 04:41:15.419132
392,COMP-1768374768511-709kv1bk1,702.005.02,7440571a-841a-11ed-aa7c-7003bca91a86,JOB-1768375698538-eaypatso8,MKR-IN-00054,WO-1770967515004-livhafyzi,WO-702.005.02-2025-278,"Purifier, Routine - 1W",Servicing,2025-06-13,,3rd Engineer,,2025-06-14,Approved,"SAFETY PROCEDURE (COMPANY)
===========================
Ensure compliance with safety procedures according to the company policy and requirements.

JOB REFERENCE DETAILS
===================
Manual Name: 8M-3 INSTRUCTION MANAUL FOR PURIFIER;5303.pdf
Pdf Page No: 56
Chapter: 3. Maintenance Inspection Procedures
Section: 3.1 Routine checks

DESCRIPTION
===========
Routine Checks :
1. Check the feed rate with respect to set feed rate for any changes.
2. Check the temperature with set temperature level.
3. Check the pressure of light liquid outlet is to be coincide roughly with the set pressure of the leakage.
4. Check for any increase in vibration.
5. Check for operational noise in gear pump and bearing etc. 
6. Check the rated current on daily basis.
7. Check the gear pump oil quantity. 
8. Check the safety joint of gears for any deformation.
9. Check for oil leakage in pipe joints.
10. Check & adjust pressure LED (yellow) lit or flashing for Leakage Monitor.
11. Check indicate revolution LED (green) is flashing for Discharge Monitor.",,"Checks completed as per manufacturer guidelines for Purifier, Routine - 1W. Next service due as scheduled.",f,2026-02-18 04:41:15.413218
391,COMP-1768374768163-l5iay97ij,601.007.01,7440571a-841a-11ed-aa7c-7003bca91a86,JOB-1768375697446-3txwuvutk,MKR-IN-00064,WO-1770967515017-hw9mwx3g4,UWO-601.007.01-2025-544,"ME Main Bearings, Journals No.01 - Sensor Failure - Replacement",Servicing,2025-05-22,,Chief Engineer,,2025-05-23,Approved,Temperature/pressure sensor giving erratic readings. Replaced sensor.,,All equipment tested satisfactorily post-maintenance. No abnormalities detected.,f,2026-02-18 04:41:15.405211
390,COMP-1768374767884-8s61xigy8,653.018,7440571a-841a-11ed-aa7c-7003bca91a86,JOB-1768375698405-dy502mchl,MKR-IN-00086,WO-1770967515018-3i9onwzoi,UWO-653.018-2025-676,AE3 Crankcases - Filter Blockage - Emergency Cleaning,Servicing,2025-05-26,,3rd Engineer,,2025-05-28,Approved,Filter differential pressure high. Emergency cleaning/replacement carried out.,,Equipment tested satisfactorily after maintenance. No issues found.,f,2026-02-18 04:41:15.397575
389,COMP-1768374768492-4pba9e2tx,653.020.03,7440571a-841a-11ed-aa7c-7003bca91a86,JOB-1768375698436-929zuy688,MKR-IN-00018,WO-1770978832255-ozmw9tuks,MKR-IN-00018-653.020.03-2025-143,"DG Cylinder Liner Water Jacket Parts, Cleaning - 5Y/16000H",Maintenance,2025-05-26,,4th Engineer,,2025-05-27,Approved,,,All equipment tested satisfactorily post-maintenance. No abnormalities detected.,f,2026-02-18 04:41:15.391359
388,COMP-1768374768468-60xwcn06y,653.007.02,7440571a-841a-11ed-aa7c-7003bca91a86,JOB-1768375698372-s0k2wesnc,MKR-IN-00015,WO-1770967515017-jvi4683jd,UWO-653.007.02-2025-494,"AE3 Main Bearings, Journals No.02 - Pump Seal Failure - Emergency Repair",Servicing,2025-05-20,,2nd Engineer,,2025-05-22,Approved,Pump seal found leaking during routine watch. Emergency repair carried out.,,"Equipment tested satisfactorily after completion of AE3 Main Bearings, Journals No.02 - Pump Seal Failure - Emergency Repair. No issues found.",f,2026-02-18 04:41:15.384125
387,COMP-1768374767605-jwc1voz3d,4,7440571a-841a-11ed-aa7c-7003bca91a86,JOB-1768375696887-0ce70adnn,MKR-IN-00041,WO-1770967515018-wmck0mbe6,UWO-4-2025-783,SHIP EQUIPMENT - Hydraulic System Pressure Drop,Servicing,2025-05-29,,2nd Engineer,,2025-05-30,Approved,Hydraulic system pressure dropping. Investigated and found leaking fitting. Repaired.,,Required spare parts replaced during SHIP EQUIPMENT - Hydraulic System Pressure Drop. Old parts retained for inspection.,f,2026-02-18 04:41:15.377151
386,COMP-1768374767663-er0xkxu81,66,7440571a-841a-11ed-aa7c-7003bca91a86,JOB-1768375698494-0937c543w,MKR-IN-00087,WO-1770967515017-wba82owd2,UWO-66-2025-589,OTHER AGGR. & GEN. FOR MAIN & EMERGENCY EL. POWER PRODUCTION - Pump Seal Failure - Emergency Repair,Servicing,2025-05-26,,3rd Engineer,,2025-05-28,Approved,Pump seal found leaking during routine watch. Emergency repair carried out.,,All equipment tested satisfactorily post-maintenance. No abnormalities detected.,f,2026-02-18 04:41:15.368707
385,COMP-1768374767834-dbncpiany,601.053,7440571a-841a-11ed-aa7c-7003bca91a86,JOB-1768375697585-z6leju6xr,MKR-IN-00066,WO-1770967515015-iyt4q49ws,WO-601.053-2025-446,"ME Turbocharger Turbine, Cleaning - 500H",Servicing,2025-05-27,,2nd Engineer,,2025-05-28,Approved,"SAFETY PROCEDURE (COMPANY)
===========================
Ensure compliance with safety procedures according to the company policy and requirements.

JOB REFERENCE DETAILS
===================
Manual Name: 3M-2 DIESEL ENGINE VOL II;5303.pdf
Pdf Page No: 196, 171, 172
Job Reference: Group No. 400
Chapter: Maintenance Schedule Of Main Parts


DESCRIPTION
===========
1. Cleaning of turbine side of turbocharger to be carried out (vegetal solid cleaning).",,Minor adjustments made. Equipment performance within acceptable parameters.,f,2026-02-18 04:41:15.360521
384,COMP-1768374768511-709kv1bk1,702.005.02,7440571a-841a-11ed-aa7c-7003bca91a86,JOB-1768375698538-eaypatso8,MKR-IN-00054,WO-1770967515004-2qm39j7fg,WO-702.005.02-2025-279,"Purifier, Routine - 1W",Servicing,2025-05-23,,3rd Engineer,,2025-05-26,Approved,"SAFETY PROCEDURE (COMPANY)
===========================
Ensure compliance with safety procedures according to the company policy and requirements.

JOB REFERENCE DETAILS
===================
Manual Name: 8M-3 INSTRUCTION MANAUL FOR PURIFIER;5303.pdf
Pdf Page No: 56
Chapter: 3. Maintenance Inspection Procedures
Section: 3.1 Routine checks

DESCRIPTION
===========
Routine Checks :
1. Check the feed rate with respect to set feed rate for any changes.
2. Check the temperature with set temperature level.
3. Check the pressure of light liquid outlet is to be coincide roughly with the set pressure of the leakage.
4. Check for any increase in vibration.
5. Check for operational noise in gear pump and bearing etc. 
6. Check the rated current on daily basis.
7. Check the gear pump oil quantity. 
8. Check the safety joint of gears for any deformation.
9. Check for oil leakage in pipe joints.
10. Check & adjust pressure LED (yellow) lit or flashing for Leakage Monitor.
11. Check indicate revolution LED (green) is flashing for Discharge Monitor.",,Minor adjustments made. Equipment performance within acceptable parameters.,f,2026-02-18 04:41:15.352023
383,COMP-1768374768219-f5y8ppktt,601.066.06,7440571a-841a-11ed-aa7c-7003bca91a86,JOB-1768375697662-ii0y0011s,MKR-IN-00079,WO-1770978832259-7flfepge2,MKR-IN-00079-601.066.06-2025-487,Main Engine – Indicator Valves & Indicators Inspection - 1M,Maintenance,2025-06-17,,Electrican,,2025-06-18,Approved,,,Completion delayed due to vessel operational schedule. Work carried out during port call.,f,2026-02-18 04:41:15.346487
382,COMP-1768374768154-1i5pyaema,601.005.04,7440571a-841a-11ed-aa7c-7003bca91a86,JOB-1768375697429-tbddsrfst,MKR-IN-00076,WO-1770967515018-vicyzgvr3,UWO-601.005.04-2025-795,"ME Connecting Rods, Crosshead, Guides No.04 - Pipe Leakage - Welding Repair",Servicing,2025-05-27,,3rd Engineer,,2025-05-30,Approved,"Pipe leakage found in engine room. Temporary repair carried out, permanent repair planned.",,"Equipment tested satisfactorily after completion of ME Connecting Rods, Crosshead, Guides No.04 - Pipe Leakage - Welding Repair. No issues found.",f,2026-02-18 04:41:15.341642
381,COMP-1768374768511-709kv1bk1,702.005.02,7440571a-841a-11ed-aa7c-7003bca91a86,JOB-1768375698538-eaypatso8,MKR-IN-00054,WO-1770967515004-tg949uhsy,WO-702.005.02-2025-280,"Purifier, Routine - 1W",Servicing,2025-06-02,,3rd Engineer,,2025-06-05,Approved,"SAFETY PROCEDURE (COMPANY)
===========================
Ensure compliance with safety procedures according to the company policy and requirements.

JOB REFERENCE DETAILS
===================
Manual Name: 8M-3 INSTRUCTION MANAUL FOR PURIFIER;5303.pdf
Pdf Page No: 56
Chapter: 3. Maintenance Inspection Procedures
Section: 3.1 Routine checks

DESCRIPTION
===========
Routine Checks :
1. Check the feed rate with respect to set feed rate for any changes.
2. Check the temperature with set temperature level.
3. Check the pressure of light liquid outlet is to be coincide roughly with the set pressure of the leakage.
4. Check for any increase in vibration.
5. Check for operational noise in gear pump and bearing etc. 
6. Check the rated current on daily basis.
7. Check the gear pump oil quantity. 
8. Check the safety joint of gears for any deformation.
9. Check for oil leakage in pipe joints.
10. Check & adjust pressure LED (yellow) lit or flashing for Leakage Monitor.
11. Check indicate revolution LED (green) is flashing for Discharge Monitor.",,"Equipment tested satisfactorily after completion of Purifier, Routine - 1W. No issues found.",f,2026-02-18 04:41:15.3369
380,COMP-1768374767974-ma2l45pdf,554.005.02,7440571a-841a-11ed-aa7c-7003bca91a86,JOB-1768375697059-m5ot2aba6,MKR-IN-00052,WO-1770967515018-hxqqkg9n2,UWO-554.005.02-2025-771,Condensers No.02 - Hydraulic System Pressure Drop,Servicing,2025-05-28,,4th Engineer,,2025-05-31,Approved,Hydraulic system pressure dropping. Investigated and found leaking fitting. Repaired.,,Small adjustments made to operating parameters. Equipment performance satisfactory.,f,2026-02-18 04:41:15.332677
379,COMP-1768374767950-2ln09g0jp,285.001.10,7440571a-841a-11ed-aa7c-7003bca91a86,JOB-1768375696881-rh3q9wjwg,MKR-IN-00072,WO-1770978832256-2t4avlfyj,MKR-IN-00072-285.001.10-2025-256,Ballast Tanks Inspection - 1M,Maintenance,2025-06-12,,Chief Engineer,,2025-06-14,Approved,,,All equipment tested satisfactorily post-maintenance. No abnormalities detected.,f,2026-02-18 04:41:15.328107
378,COMP-1768374768277-2urbzx2iu,651.007.02,7440571a-841a-11ed-aa7c-7003bca91a86,JOB-1768375697783-ugorwe9b8,MKR-IN-00015,WO-1770978832254-az8cdjecp,MKR-IN-00015-651.007.02-2025-039,"DG Main Bearing, Visual Check - 2Y/8000H",Maintenance,2025-06-20,,2nd Engineer,,2025-06-21,Approved,,,All maintenance checks completed per OEM recommendations. Next scheduled service as per PMS.,f,2026-02-18 04:41:15.32416
377,COMP-1768374768239-6wbm7nkr9,651.003.01,7440571a-841a-11ed-aa7c-7003bca91a86,JOB-1768375697715-p7a1yt6pq,MKR-IN-00085,WO-1770967515004-dhoqvvl3g,WO-651.003.01-2025-344,AE Cylinder Liner Inspection - 1M,Servicing,2025-06-04,,3rd Engineer,,2025-06-05,Approved,"SAFETY PROCEDURE (COMPANY)
===========================
Ensure compliance with safety procedures according to the company policy and requirements.

DESCRIPTION
===========
1. Liner Condition (Visual / Indirect)

Check for abnormal scavenge space condition (if accessible).

Look for signs of scuffing, scoring, or polishing (based on inspection ports or trend data).

Monitor liner condition through performance parameters if direct access is not possible.

2. Lubrication

Verify cylinder lubrication rate (if applicable) is as per maker’s recommendation.

Check lube oil distribution and absence of oil starvation signs.

Review lube oil consumption trends.

3. Cooling & Sealing

Monitor jacket water temperature and pressure related to cylinder No.01.

Check for cooling water leakage into cylinder or crankcase.

Verify condition of liner sealing arrangements (indirect observation).",,Equipment tested satisfactorily after completion of AE Cylinder Liner Inspection - 1M. No issues found.,f,2026-02-18 04:41:15.317683
376,COMP-1768374768280-40p83pmvt,651.007.03,7440571a-841a-11ed-aa7c-7003bca91a86,JOB-1768375697788-a96tyddtp,MKR-IN-00015,WO-1770967515017-liwpj779l,UWO-651.007.03-2025-540,"AE1 Main Bearings, Journals No.03 - Hydraulic System Pressure Drop",Servicing,2025-06-07,,2nd Engineer,,2025-06-08,Approved,Hydraulic system pressure dropping. Investigated and found leaking fitting. Repaired.,,Minor additional findings recorded. Follow-up inspection recommended during next maintenance period.,f,2026-02-18 04:41:15.312971
375,COMP-1768374768295-h5e40ctza,651.020.01,7440571a-841a-11ed-aa7c-7003bca91a86,JOB-1768375697827-c56y4h3p8,MKR-IN-00018,WO-1770978832254-ja76le9fm,MKR-IN-00018-651.020.01-2025-048,"DG Cylinder Liner Water Jacket Parts, Cleaning - 5Y/16000H",Maintenance,2025-06-21,,4th Engineer,,2025-06-22,Approved,,,Consumable parts replaced as per maintenance plan. Used parts stored for disposal.,f,2026-02-18 04:41:15.307916
374,COMP-1768374767933-vto5y1uh1,285.001.05,7440571a-841a-11ed-aa7c-7003bca91a86,JOB-1768375696851-ndejb6eas,MKR-IN-00072,WO-1770978832255-ibs5rn2cj,MKR-IN-00072-285.001.05-2025-206,Ballast Tanks Inspection - 1M,Maintenance,2025-06-28,,2nd Engineer,,2025-06-30,Approved,,,Equipment tested satisfactorily after maintenance. No issues found.,f,2026-02-18 04:41:15.303886
373,COMP-1768374768479-wtyb0b3zb,653.007.06,7440571a-841a-11ed-aa7c-7003bca91a86,JOB-1768375698394-wdysw2z29,MKR-IN-00015,WO-1770967515018-oj4l8xhwg,UWO-653.007.06-2025-665,"AE3 Main Bearings, Journals No.06 - Cooling System Malfunction",Servicing,2025-06-14,,4th Engineer,,2025-06-16,Approved,Cooling water temperature rising. Investigated and cleaned heat exchanger.,,All equipment tested satisfactorily post-maintenance. No abnormalities detected.,f,2026-02-18 04:41:15.299227
372,COMP-1768374768406-ge71b71p9,652.020.07,7440571a-841a-11ed-aa7c-7003bca91a86,JOB-1768375698224-rwuyfro47,MKR-IN-00017,WO-1770967515018-akm91g2fa,UWO-652.020.07-2025-748,AE2 Crankcase Doors W/Safety Valve No.07 - Sensor Failure - Replacement,Servicing,2025-06-07,,2nd Engineer,,2025-06-09,Approved,Temperature/pressure sensor giving erratic readings. Replaced sensor.,,Equipment tested satisfactorily after completion of AE2 Crankcase Doors W/Safety Valve No.07 - Sensor Failure - Replacement. No issues found.,f,2026-02-18 04:41:15.294513
371,COMP-1768374768443-sj0hmblft,653.003.06,7440571a-841a-11ed-aa7c-7003bca91a86,JOB-1768375698327-s9rfxwr8p,MKR-IN-00085,WO-1770967515004-h3p1v11j1,WO-653.003.06-2025-380,AE Cylinder Liner Inspection - 1M,Servicing,2025-06-07,,3rd Engineer,,2025-06-08,Approved,"SAFETY PROCEDURE (COMPANY)
===========================
Ensure compliance with safety procedures according to the company policy and requirements.

DESCRIPTION
===========
1. Liner Condition (Visual / Indirect)

Check for abnormal scavenge space condition (if accessible).

Look for signs of scuffing, scoring, or polishing (based on inspection ports or trend data).

Monitor liner condition through performance parameters if direct access is not possible.

2. Lubrication

Verify cylinder lubrication rate (if applicable) is as per maker’s recommendation.

Check lube oil distribution and absence of oil starvation signs.

Review lube oil consumption trends.

3. Cooling & Sealing

Monitor jacket water temperature and pressure related to cylinder No.01.

Check for cooling water leakage into cylinder or crankcase.

Verify condition of liner sealing arrangements (indirect observation).",,Consumable parts replaced as per maintenance plan. Used parts stored for disposal.,f,2026-02-18 04:41:15.289203
370,COMP-1768374768511-709kv1bk1,702.005.02,7440571a-841a-11ed-aa7c-7003bca91a86,JOB-1768375698538-eaypatso8,MKR-IN-00054,WO-1770967515004-sdbkwjlzk,WO-702.005.02-2025-281,"Purifier, Routine - 1W",Servicing,2025-06-08,,3rd Engineer,,2025-06-09,Approved,"SAFETY PROCEDURE (COMPANY)
===========================
Ensure compliance with safety procedures according to the company policy and requirements.

JOB REFERENCE DETAILS
===================
Manual Name: 8M-3 INSTRUCTION MANAUL FOR PURIFIER;5303.pdf
Pdf Page No: 56
Chapter: 3. Maintenance Inspection Procedures
Section: 3.1 Routine checks

DESCRIPTION
===========
Routine Checks :
1. Check the feed rate with respect to set feed rate for any changes.
2. Check the temperature with set temperature level.
3. Check the pressure of light liquid outlet is to be coincide roughly with the set pressure of the leakage.
4. Check for any increase in vibration.
5. Check for operational noise in gear pump and bearing etc. 
6. Check the rated current on daily basis.
7. Check the gear pump oil quantity. 
8. Check the safety joint of gears for any deformation.
9. Check for oil leakage in pipe joints.
10. Check & adjust pressure LED (yellow) lit or flashing for Leakage Monitor.
11. Check indicate revolution LED (green) is flashing for Discharge Monitor.",,"Checks completed as per manufacturer guidelines for Purifier, Routine - 1W. Next service due as scheduled.",f,2026-02-18 04:41:15.28379
369,COMP-1768374767929-zn4ptm8ru,285.001.04,7440571a-841a-11ed-aa7c-7003bca91a86,JOB-1768375696845-n6aj2hzvt,MKR-IN-00072,WO-1770978832255-wfi8e1zlq,MKR-IN-00072-285.001.04-2025-197,Ballast Tanks Inspection - 1M,Maintenance,2025-06-15,,2nd Engineer,,2025-06-18,Approved,,,Work on Ballast Tanks Inspection - 1M delayed due to operational requirements. Completed during next available window.,f,2026-02-18 04:41:15.279103
368,COMP-1768374768137-39r0aykwi,601.004.04,7440571a-841a-11ed-aa7c-7003bca91a86,JOB-1768375697385-g3vs0tk5f,MKR-IN-00063,WO-1770978832258-znb7bh89a,MKR-IN-00063-601.004.04-2025-349,"ME Piston And Rings, Inspection - 500H",Maintenance,2025-06-23,,4th Engineer,,2025-06-26,Approved,,,Completion delayed due to vessel operational schedule. Work carried out during port call.,f,2026-02-18 04:41:15.274516
367,COMP-1768374768528-7rjw79wtr,712.013.01,7440571a-841a-11ed-aa7c-7003bca91a86,JOB-1768375698825-n1fec5qo8,MKR-IN-00059,WO-1770967515018-sv3cyvoc6,UWO-712.013.01-2025-752,LO Separator Booster Pumps No.01 - Control System Malfunction,Servicing,2025-06-15,,3rd Engineer,,2025-06-17,Approved,Control system showing intermittent faults. Checked connections and calibrated.,,All equipment tested satisfactorily post-maintenance. No abnormalities detected.,f,2026-02-18 04:41:15.268284
366,COMP-1768374768362-7963v81rv,652.004.05,7440571a-841a-11ed-aa7c-7003bca91a86,JOB-1768375698105-uuce6ug5n,MKR-OV-00025,WO-1770978832254-2caigtj6e,MKR-OV-00025-652.004.05-2025-079,AE Pistons and Connecting Rods Overhaul - 4000H,Maintenance,2025-06-28,,Chief Engineer,,2025-06-29,Approved,,,Equipment tested satisfactorily after completion of AE Pistons and Connecting Rods Overhaul - 4000H. No issues found.,f,2026-02-18 04:41:15.263538
365,COMP-1768374768511-709kv1bk1,702.005.02,7440571a-841a-11ed-aa7c-7003bca91a86,JOB-1768375698538-eaypatso8,MKR-IN-00054,WO-1770967515004-nodco7rx6,WO-702.005.02-2025-282,"Purifier, Routine - 1W",Servicing,2025-06-14,,3rd Engineer,,2025-06-17,Approved,"SAFETY PROCEDURE (COMPANY)
===========================
Ensure compliance with safety procedures according to the company policy and requirements.

JOB REFERENCE DETAILS
===================
Manual Name: 8M-3 INSTRUCTION MANAUL FOR PURIFIER;5303.pdf
Pdf Page No: 56
Chapter: 3. Maintenance Inspection Procedures
Section: 3.1 Routine checks

DESCRIPTION
===========
Routine Checks :
1. Check the feed rate with respect to set feed rate for any changes.
2. Check the temperature with set temperature level.
3. Check the pressure of light liquid outlet is to be coincide roughly with the set pressure of the leakage.
4. Check for any increase in vibration.
5. Check for operational noise in gear pump and bearing etc. 
6. Check the rated current on daily basis.
7. Check the gear pump oil quantity. 
8. Check the safety joint of gears for any deformation.
9. Check for oil leakage in pipe joints.
10. Check & adjust pressure LED (yellow) lit or flashing for Leakage Monitor.
11. Check indicate revolution LED (green) is flashing for Discharge Monitor.",,Minor adjustments made. Equipment performance within acceptable parameters.,f,2026-02-18 04:41:15.25879
364,COMP-1768374768216-m2muvqs0s,601.066.05,7440571a-841a-11ed-aa7c-7003bca91a86,JOB-1768375697655-5q8kd9vp1,MKR-IN-00079,WO-1770978832259-ewfmo97mk,MKR-IN-00079-601.066.05-2025-478,Main Engine – Indicator Valves & Indicators Inspection - 1M,Maintenance,2025-06-29,,Chief Engineer,,2025-07-01,Approved,,,Minor adjustments made. Equipment performance within acceptable parameters.,f,2026-02-18 04:41:15.254036
363,COMP-1768374767763-k5o776mws,653.003,7440571a-841a-11ed-aa7c-7003bca91a86,JOB-1768375698297-7lwvv9bwl,MKR-IN-00085,WO-1770967515018-4aj04bseq,UWO-653.003-2025-722,AE3 Cylinder Liners - Pump Seal Failure - Emergency Repair,Servicing,2025-06-19,,2nd Engineer,,2025-06-22,Approved,Pump seal found leaking during routine watch. Emergency repair carried out.,,Minor adjustments carried out during AE3 Cylinder Liners - Pump Seal Failure - Emergency Repair. Performance within acceptable parameters.,f,2026-02-18 04:41:15.248645
362,COMP-1768374768210-pv86y7jsq,601.066.03,7440571a-841a-11ed-aa7c-7003bca91a86,JOB-1768375697641-9ro3dhhfo,MKR-IN-00079,WO-1770978832259-t9xiake4t,MKR-IN-00079-601.066.03-2025-469,Main Engine – Indicator Valves & Indicators Inspection - 1M,Maintenance,2025-07-11,,Chief Engineer,,2025-07-13,Approved,,,Equipment tested satisfactorily after maintenance. No issues found.,f,2026-02-18 04:41:15.240814
361,COMP-1768374768248-zja2xeelc,651.003.04,7440571a-841a-11ed-aa7c-7003bca91a86,JOB-1768375697730-vrhe8emeh,MKR-IN-00085,WO-1770967515018-qr13bekt4,UWO-651.003.04-2025-678,AE1 Cylinder Liners No.04 - Fuel System Contamination,Servicing,2025-06-24,,Chief Engineer,,2025-06-26,Approved,Fuel oil contamination detected. Purifier and filters cleaned/replaced.,,Equipment tested satisfactorily after maintenance. No issues found.,f,2026-02-18 04:41:15.236111
360,COMP-1768374767605-jwc1voz3d,4,7440571a-841a-11ed-aa7c-7003bca91a86,JOB-1768375696887-0ce70adnn,MKR-IN-00041,WO-1770967515017-6bc2004ua,UWO-4-2025-490,SHIP EQUIPMENT - Cooling System Malfunction,Servicing,2025-06-21,,4th Engineer,,2025-06-24,Approved,Cooling water temperature rising. Investigated and cleaned heat exchanger.,,Additional observations during SHIP EQUIPMENT - Cooling System Malfunction - recommend follow-up at next scheduled interval.,f,2026-02-18 04:41:15.231501
359,COMP-1768374768251-oq1j3zcya,651.003.05,7440571a-841a-11ed-aa7c-7003bca91a86,JOB-1768375697736-r5yb7e729,MKR-IN-00085,WO-1770978832259-7vddtn6j2,MKR-IN-00085-651.003.05-2025-590,AE Cylinder Liner Inspection - 1M,Maintenance,2025-06-29,,4th Engineer,,2025-07-02,Approved,,,All checks completed as per manufacturer guidelines. Next service due as scheduled.,f,2026-02-18 04:41:15.226009
358,COMP-1768374767818-ckg4kqu6q,601.001,7440571a-841a-11ed-aa7c-7003bca91a86,JOB-1768375697064-mbfaqn8a4,MKR-IN-00074,WO-1770967515018-xt0t53pn7,UWO-601.001-2025-793,"Main Diesel Engine, Compl. - Filter Blockage - Emergency Cleaning",Servicing,2025-07-04,,Chief Engineer,,2025-07-06,Approved,Filter differential pressure high. Emergency cleaning/replacement carried out.,,"Checks completed as per manufacturer guidelines for Main Diesel Engine, Compl. - Filter Blockage - Emergency Cleaning. Next service due as scheduled.",f,2026-02-18 04:41:15.220768
357,COMP-1768374768499-1hu1iti6z,653.020.05,7440571a-841a-11ed-aa7c-7003bca91a86,JOB-1768375698457-8isp0tmy7,MKR-IN-00018,WO-1770978832255-owxdh2229,MKR-IN-00018-653.020.05-2025-146,"DG Cylinder Liner Water Jacket Parts, Cleaning - 5Y/16000H",Maintenance,2025-07-14,,4th Engineer,,2025-07-15,Approved,,,"Equipment tested satisfactorily after completion of DG Cylinder Liner Water Jacket Parts, Cleaning - 5Y/16000H. No issues found.",f,2026-02-18 04:41:15.215455
356,COMP-1768374768331-25r3c2xap,652.002.06,7440571a-841a-11ed-aa7c-7003bca91a86,JOB-1768375698047-6mz6g3di5,MKR-IN-00080,WO-1770967515018-1ly89c6hl,UWO-652.002.06-2025-694,AE2 Cylinder Covers W/Valves No.06 - Sensor Failure - Replacement,Servicing,2025-06-18,,3rd Engineer,,2025-06-20,Approved,Temperature/pressure sensor giving erratic readings. Replaced sensor.,,All checks completed as per manufacturer guidelines. Next service due as scheduled.,f,2026-02-18 04:41:15.210663
355,COMP-1768374768319-j4kgq3mjf,652.002.02,7440571a-841a-11ed-aa7c-7003bca91a86,JOB-1768375698020-wikm0w4cg,MKR-IN-00080,WO-1770978832260-s1n40dqvy,MKR-IN-00080-652.002.02-2025-618,AE Cylinder Covers with Valves Inspection - 1M,Maintenance,2025-06-27,,Chief Engineer,,2025-06-29,Approved,,,Checks completed as per manufacturer guidelines for AE Cylinder Covers with Valves Inspection - 1M. Next service due as scheduled.,f,2026-02-18 04:41:15.206196
354,COMP-1768374767660-x634wz3az,653,7440571a-841a-11ed-aa7c-7003bca91a86,JOB-1768375698249-857uxmj8e,MKR-IN-00014,WO-1770967515019-zc3gpufo0,UWO-653-2025-826,MOTOR AGGREGATES NO.03 - Valve Leakage - Immediate Repair,Servicing,2025-06-24,,2nd Engineer,,2025-06-27,Approved,Valve found leaking during rounds. Repacked gland and replaced gasket.,,Equipment tested satisfactorily after completion of MOTOR AGGREGATES NO.03 - Valve Leakage - Immediate Repair. No issues found.,f,2026-02-18 04:41:15.201815
353,COMP-1768374768511-709kv1bk1,702.005.02,7440571a-841a-11ed-aa7c-7003bca91a86,JOB-1768375698538-eaypatso8,MKR-IN-00054,WO-1770967515004-2u6c1n0p4,WO-702.005.02-2025-283,"Purifier, Routine - 1W",Servicing,2025-06-20,,3rd Engineer,,2025-06-21,Approved,"SAFETY PROCEDURE (COMPANY)
===========================
Ensure compliance with safety procedures according to the company policy and requirements.

JOB REFERENCE DETAILS
===================
Manual Name: 8M-3 INSTRUCTION MANAUL FOR PURIFIER;5303.pdf
Pdf Page No: 56
Chapter: 3. Maintenance Inspection Procedures
Section: 3.1 Routine checks

DESCRIPTION
===========
Routine Checks :
1. Check the feed rate with respect to set feed rate for any changes.
2. Check the temperature with set temperature level.
3. Check the pressure of light liquid outlet is to be coincide roughly with the set pressure of the leakage.
4. Check for any increase in vibration.
5. Check for operational noise in gear pump and bearing etc. 
6. Check the rated current on daily basis.
7. Check the gear pump oil quantity. 
8. Check the safety joint of gears for any deformation.
9. Check for oil leakage in pipe joints.
10. Check & adjust pressure LED (yellow) lit or flashing for Leakage Monitor.
11. Check indicate revolution LED (green) is flashing for Discharge Monitor.",,"Required spare parts replaced during Purifier, Routine - 1W. Old parts retained for inspection.",f,2026-02-18 04:41:15.196358
352,COMP-1768374767834-dbncpiany,601.053,7440571a-841a-11ed-aa7c-7003bca91a86,JOB-1768375697585-z6leju6xr,MKR-IN-00066,WO-1770967515015-uxuvsr8hv,WO-601.053-2025-447,"ME Turbocharger Turbine, Cleaning - 500H",Servicing,2025-06-30,,2nd Engineer,,2025-07-01,Approved,"SAFETY PROCEDURE (COMPANY)
===========================
Ensure compliance with safety procedures according to the company policy and requirements.

JOB REFERENCE DETAILS
===================
Manual Name: 3M-2 DIESEL ENGINE VOL II;5303.pdf
Pdf Page No: 196, 171, 172
Job Reference: Group No. 400
Chapter: Maintenance Schedule Of Main Parts


DESCRIPTION
===========
1. Cleaning of turbine side of turbocharger to be carried out (vegetal solid cleaning).",,Consumable parts replaced as per maintenance plan. Used parts stored for disposal.,f,2026-02-18 04:41:15.19147
351,COMP-1768374767899-slkigc1i8,665.001,7440571a-841a-11ed-aa7c-7003bca91a86,JOB-1768375698494-0937c543w,MKR-IN-00087,WO-1770967515018-uxjhsfccn,UWO-665.001-2025-798,"Emergency Generator Aggregates, Complete - Filter Blockage - Emergency Cleaning",Servicing,2025-06-26,,2nd Engineer,,2025-06-27,Approved,Filter differential pressure high. Emergency cleaning/replacement carried out.,,Additional findings noted - recommend follow-up inspection during next scheduled maintenance.,f,2026-02-18 04:41:15.185904
350,COMP-1768374768458-rjm1b8q15,653.004.05,7440571a-841a-11ed-aa7c-7003bca91a86,JOB-1768375698355-0paphpb9k,MKR-OV-00025,WO-1770978832255-911eq97ps,MKR-OV-00025-653.004.05-2025-124,AE Pistons and Connecting Rods Overhaul - 4000H,Maintenance,2025-07-11,,Electrican,,2025-07-13,Approved,,,All equipment tested satisfactorily post-maintenance. No abnormalities detected.,f,2026-02-18 04:41:15.181164
349,COMP-1768374768225-48hk6uhgn,651.002.02,7440571a-841a-11ed-aa7c-7003bca91a86,JOB-1768375697685-xfdk7mrhe,MKR-IN-00080,WO-1770978832259-bibrudz9b,MKR-IN-00080-651.002.02-2025-516,AE Cylinder Covers with Valves Inspection - 1M,Maintenance,2025-07-08,,Electrican,,2025-07-09,Approved,,,Equipment tested satisfactorily after maintenance. No issues found.,f,2026-02-18 04:41:15.175752
348,COMP-1768374768511-709kv1bk1,702.005.02,7440571a-841a-11ed-aa7c-7003bca91a86,JOB-1768375698538-eaypatso8,MKR-IN-00054,WO-1770967515004-udhu9zqp8,WO-702.005.02-2025-284,"Purifier, Routine - 1W",Servicing,2025-07-01,,3rd Engineer,,2025-07-04,Approved,"SAFETY PROCEDURE (COMPANY)
===========================
Ensure compliance with safety procedures according to the company policy and requirements.

JOB REFERENCE DETAILS
===================
Manual Name: 8M-3 INSTRUCTION MANAUL FOR PURIFIER;5303.pdf
Pdf Page No: 56
Chapter: 3. Maintenance Inspection Procedures
Section: 3.1 Routine checks

DESCRIPTION
===========
Routine Checks :
1. Check the feed rate with respect to set feed rate for any changes.
2. Check the temperature with set temperature level.
3. Check the pressure of light liquid outlet is to be coincide roughly with the set pressure of the leakage.
4. Check for any increase in vibration.
5. Check for operational noise in gear pump and bearing etc. 
6. Check the rated current on daily basis.
7. Check the gear pump oil quantity. 
8. Check the safety joint of gears for any deformation.
9. Check for oil leakage in pipe joints.
10. Check & adjust pressure LED (yellow) lit or flashing for Leakage Monitor.
11. Check indicate revolution LED (green) is flashing for Discharge Monitor.",,Completion delayed due to vessel operational schedule. Work carried out during port call.,f,2026-02-18 04:41:15.162375
347,COMP-1768374767950-2ln09g0jp,285.001.10,7440571a-841a-11ed-aa7c-7003bca91a86,JOB-1768375696881-rh3q9wjwg,MKR-IN-00072,WO-1770978832256-cmll451du,MKR-IN-00072-285.001.10-2025-262,Ballast Tanks Inspection - 1M,Maintenance,2025-07-08,,Chief Engineer,,2025-07-09,Approved,,,All checks completed as per manufacturer guidelines. Next service due as scheduled.,f,2026-02-18 04:41:15.156294
346,COMP-1768374768350-5w06yhebk,652.004.01,7440571a-841a-11ed-aa7c-7003bca91a86,JOB-1768375698085-0od3oa7kl,MKR-OV-00025,WO-1770978832254-ou1qkgl3m,MKR-OV-00025-652.004.01-2025-067,AE Pistons and Connecting Rods Overhaul - 4000H,Maintenance,2025-07-09,,Chief Engineer,,2025-07-11,Approved,,,Required spare parts replaced during AE Pistons and Connecting Rods Overhaul - 4000H. Old parts retained for inspection.,f,2026-02-18 04:41:15.150898
345,COMP-1768374767950-2ln09g0jp,285.001.10,7440571a-841a-11ed-aa7c-7003bca91a86,JOB-1768375696881-rh3q9wjwg,MKR-IN-00072,WO-1770978832256-1aravseb9,MKR-IN-00072-285.001.10-2025-261,Ballast Tanks Inspection - 1M,Maintenance,2025-07-08,,Chief Engineer,,2025-07-09,Approved,,,Equipment tested satisfactorily after maintenance. No issues found.,f,2026-02-18 04:41:15.14594
344,COMP-1768374768331-25r3c2xap,652.002.06,7440571a-841a-11ed-aa7c-7003bca91a86,JOB-1768375698047-6mz6g3di5,MKR-IN-00080,WO-1770978832260-6roqujfgh,MKR-IN-00080-652.002.06-2025-631,AE Cylinder Covers with Valves Inspection - 1M,Maintenance,2025-07-08,,2nd Engineer,,2025-07-11,Approved,,,Equipment tested satisfactorily after completion of AE Cylinder Covers with Valves Inspection - 1M. No issues found.,f,2026-02-18 04:41:15.141366
343,COMP-1768374768213-mhhjqq443,601.066.04,7440571a-841a-11ed-aa7c-7003bca91a86,JOB-1768375697647-x4f6dmknx,MKR-IN-00079,WO-1770967515018-grhd2uw30,UWO-601.066.04-2025-754,ME Indicators No.04 - Fuel System Contamination,Servicing,2025-07-02,,2nd Engineer,,2025-07-04,Approved,Fuel oil contamination detected. Purifier and filters cleaned/replaced.,,Completion delayed due to vessel operational schedule. Work carried out during port call.,f,2026-02-18 04:41:15.13613
342,COMP-1768374768413-351xv2g4n,653.002.02,7440571a-841a-11ed-aa7c-7003bca91a86,JOB-1768375698262-ndeyptgiq,MKR-IN-00080,WO-1770978832260-xn81eicwg,MKR-IN-00080-653.002.02-2025-686,AE Cylinder Covers with Valves Inspection - 1M,Maintenance,2025-07-21,,4th Engineer,,2025-07-23,Approved,,,All equipment tested satisfactorily post-maintenance. No abnormalities detected.,f,2026-02-18 04:41:15.131381
341,COMP-1768374768456-z5jr6vit3,653.004.04,7440571a-841a-11ed-aa7c-7003bca91a86,JOB-1768375698350-oxdhbvc0t,MKR-OV-00025,WO-1770978832255-4pib8uz9v,MKR-OV-00025-653.004.04-2025-121,AE Pistons and Connecting Rods Overhaul - 4000H,Maintenance,2025-07-15,,4th Engineer,,2025-07-18,Approved,,,All equipment tested satisfactorily post-maintenance. No abnormalities detected.,f,2026-02-18 04:41:15.125879
340,COMP-1768374768443-sj0hmblft,653.003.06,7440571a-841a-11ed-aa7c-7003bca91a86,JOB-1768375698327-s9rfxwr8p,MKR-IN-00085,WO-1770967515004-vx8dlu02z,WO-653.003.06-2025-381,AE Cylinder Liner Inspection - 1M,Servicing,2025-07-06,,3rd Engineer,,2025-07-09,Approved,"SAFETY PROCEDURE (COMPANY)
===========================
Ensure compliance with safety procedures according to the company policy and requirements.

DESCRIPTION
===========
1. Liner Condition (Visual / Indirect)

Check for abnormal scavenge space condition (if accessible).

Look for signs of scuffing, scoring, or polishing (based on inspection ports or trend data).

Monitor liner condition through performance parameters if direct access is not possible.

2. Lubrication

Verify cylinder lubrication rate (if applicable) is as per maker’s recommendation.

Check lube oil distribution and absence of oil starvation signs.

Review lube oil consumption trends.

3. Cooling & Sealing

Monitor jacket water temperature and pressure related to cylinder No.01.

Check for cooling water leakage into cylinder or crankcase.

Verify condition of liner sealing arrangements (indirect observation).",,Small adjustments made to operating parameters. Equipment performance satisfactory.,f,2026-02-18 04:41:15.121787
339,COMP-1768374768239-6wbm7nkr9,651.003.01,7440571a-841a-11ed-aa7c-7003bca91a86,JOB-1768375697715-p7a1yt6pq,MKR-IN-00085,WO-1770967515004-y5bxjz29v,WO-651.003.01-2025-345,AE Cylinder Liner Inspection - 1M,Servicing,2025-07-22,,3rd Engineer,,2025-07-25,Approved,"SAFETY PROCEDURE (COMPANY)
===========================
Ensure compliance with safety procedures according to the company policy and requirements.

DESCRIPTION
===========
1. Liner Condition (Visual / Indirect)

Check for abnormal scavenge space condition (if accessible).

Look for signs of scuffing, scoring, or polishing (based on inspection ports or trend data).

Monitor liner condition through performance parameters if direct access is not possible.

2. Lubrication

Verify cylinder lubrication rate (if applicable) is as per maker’s recommendation.

Check lube oil distribution and absence of oil starvation signs.

Review lube oil consumption trends.

3. Cooling & Sealing

Monitor jacket water temperature and pressure related to cylinder No.01.

Check for cooling water leakage into cylinder or crankcase.

Verify condition of liner sealing arrangements (indirect observation).",,Equipment tested satisfactorily after maintenance. No issues found.,f,2026-02-18 04:41:15.116694
338,COMP-1768374768260-vygwyhvh6,651.004.02,7440571a-841a-11ed-aa7c-7003bca91a86,JOB-1768375697751-mx1f2x1dn,MKR-OV-00025,WO-1770967515018-yefpe4i2z,UWO-651.004.02-2025-741,AE1 Pistons And Connecting Rod No.02 - Electrical Fault - Motor Trip,Servicing,2025-07-01,,3rd Engineer,,2025-07-02,Approved,Motor tripped on overload. Investigated and rectified fault.,,Required spare parts replaced during AE1 Pistons And Connecting Rod No.02 - Electrical Fault - Motor Trip. Old parts retained for inspection.,f,2026-02-18 04:41:15.112071
337,COMP-1768374768492-4pba9e2tx,653.020.03,7440571a-841a-11ed-aa7c-7003bca91a86,JOB-1768375698430-oueuuexna,MKR-IN-00017,WO-1770967515019-buwaxwbez,UWO-653.020.03-2025-861,AE3 Crankcase Doors W/Safety Valve No.03 - Cooling System Malfunction,Servicing,2025-07-04,,2nd Engineer,,2025-07-05,Approved,Cooling water temperature rising. Investigated and cleaned heat exchanger.,,All equipment tested satisfactorily post-maintenance. No abnormalities detected.,f,2026-02-18 04:41:15.107222
336,COMP-1768374768511-709kv1bk1,702.005.02,7440571a-841a-11ed-aa7c-7003bca91a86,JOB-1768375698538-eaypatso8,MKR-IN-00054,WO-1770967515004-ggkp4jx28,WO-702.005.02-2025-285,"Purifier, Routine - 1W",Servicing,2025-07-08,,3rd Engineer,,2025-07-11,Approved,"SAFETY PROCEDURE (COMPANY)
===========================
Ensure compliance with safety procedures according to the company policy and requirements.

JOB REFERENCE DETAILS
===================
Manual Name: 8M-3 INSTRUCTION MANAUL FOR PURIFIER;5303.pdf
Pdf Page No: 56
Chapter: 3. Maintenance Inspection Procedures
Section: 3.1 Routine checks

DESCRIPTION
===========
Routine Checks :
1. Check the feed rate with respect to set feed rate for any changes.
2. Check the temperature with set temperature level.
3. Check the pressure of light liquid outlet is to be coincide roughly with the set pressure of the leakage.
4. Check for any increase in vibration.
5. Check for operational noise in gear pump and bearing etc. 
6. Check the rated current on daily basis.
7. Check the gear pump oil quantity. 
8. Check the safety joint of gears for any deformation.
9. Check for oil leakage in pipe joints.
10. Check & adjust pressure LED (yellow) lit or flashing for Leakage Monitor.
11. Check indicate revolution LED (green) is flashing for Discharge Monitor.",,Work delayed due to weather/operational constraints. Completed during port stay.,f,2026-02-18 04:41:15.102091
335,COMP-1768374767827-g6k9lk4to,601.016,7440571a-841a-11ed-aa7c-7003bca91a86,JOB-1768375697496-372ffd2pe,MKR-IN-00053,WO-1770978832258-t3ovwc4a1,MKR-IN-00053-601.016-2025-434,"ME Tie rod, Inspection - 6000H",Maintenance,2025-07-07,,Chief Engineer,,2025-07-08,Approved,,,All equipment tested satisfactorily post-maintenance. No abnormalities detected.,f,2026-02-18 04:41:15.097522
334,COMP-1768374768307-nqfo8cn7a,651.020.05,7440571a-841a-11ed-aa7c-7003bca91a86,JOB-1768375697959-z0f5yveh0,MKR-IN-00017,WO-1770978832254-yodke81io,MKR-IN-00017-651.020.05-2025-057,"DG Cylinder Liner, Visual Check - 2Y/8000H",Maintenance,2025-07-15,,4th Engineer,,2025-07-18,Approved,,,All maintenance checks completed per OEM recommendations. Next scheduled service as per PMS.,f,2026-02-18 04:41:15.092022
333,COMP-1768374768310-48akc5zr5,651.020.06,7440571a-841a-11ed-aa7c-7003bca91a86,JOB-1768375697974-abtsenbhk,MKR-IN-00018,WO-1770978832254-da063fc1s,MKR-IN-00018-651.020.06-2025-058,"DG Cylinder Liner Water Jacket Parts, Cleaning - 5Y/16000H",Maintenance,2025-07-22,,Chief Engineer,,2025-07-25,Approved,,,"Equipment tested satisfactorily after completion of DG Cylinder Liner Water Jacket Parts, Cleaning - 5Y/16000H. No issues found.",f,2026-02-18 04:41:15.083468
332,COMP-1768374767936-bgz64dkel,285.001.06,7440571a-841a-11ed-aa7c-7003bca91a86,JOB-1768375696857-ts9yqo7ko,MKR-IN-00072,WO-1770978832255-u1wa187xd,MKR-IN-00072-285.001.06-2025-215,Ballast Tanks Inspection - 1M,Maintenance,2025-07-24,,4th Engineer,,2025-07-26,Approved,,,All equipment tested satisfactorily post-maintenance. No abnormalities detected.,f,2026-02-18 04:41:15.076725
331,COMP-1768374768140-3bqamfvdd,601.004.05,7440571a-841a-11ed-aa7c-7003bca91a86,JOB-1768375697396-t255vvrdn,MKR-IN-00063,WO-1770978832258-ub7495ps9,MKR-IN-00063-601.004.05-2025-362,"ME Piston And Rings, Inspection - 500H",Maintenance,2025-07-23,,2nd Engineer,,2025-07-26,Approved,,,All equipment tested satisfactorily post-maintenance. No abnormalities detected.,f,2026-02-18 04:41:15.070444
330,COMP-1768374768149-xq053ewev,601.005.02,7440571a-841a-11ed-aa7c-7003bca91a86,JOB-1768375697418-2fk1daqf0,MKR-IN-00076,WO-1770967515018-z1wuhgstf,UWO-601.005.02-2025-823,"ME Connecting Rods, Crosshead, Guides No.02 - Cooling System Malfunction",Servicing,2025-07-10,,4th Engineer,,2025-07-11,Approved,Cooling water temperature rising. Investigated and cleaned heat exchanger.,,All equipment tested satisfactorily post-maintenance. No abnormalities detected.,f,2026-02-18 04:41:15.064279
329,COMP-1768374768152-1gadtd63z,601.005.03,7440571a-841a-11ed-aa7c-7003bca91a86,JOB-1768375697424-ends0g8g5,MKR-IN-00076,WO-1770967515017-a5hchd3qs,UWO-601.005.03-2025-547,"ME Connecting Rods, Crosshead, Guides No.03 - Hydraulic System Pressure Drop",Servicing,2025-07-27,,3rd Engineer,,2025-07-30,Approved,Hydraulic system pressure dropping. Investigated and found leaking fitting. Repaired.,,Small adjustments made to operating parameters. Equipment performance satisfactory.,f,2026-02-18 04:41:15.058873
328,COMP-1768374768245-va8do1j4x,651.003.03,7440571a-841a-11ed-aa7c-7003bca91a86,JOB-1768375697725-n4b6pwj8y,MKR-IN-00085,WO-1770978832259-85pvbn5dp,MKR-IN-00085-651.003.03-2025-571,AE Cylinder Liner Inspection - 1M,Maintenance,2025-07-31,,Chief Engineer,,2025-08-03,Approved,,,Work on AE Cylinder Liner Inspection - 1M delayed due to operational requirements. Completed during next available window.,f,2026-02-18 04:41:15.053674
327,COMP-1768374768227-7efnvx4gv,651.002.03,7440571a-841a-11ed-aa7c-7003bca91a86,JOB-1768375697692-acj96mboz,MKR-IN-00080,WO-1770978832259-lj3g786eb,MKR-IN-00080-651.002.03-2025-519,AE Cylinder Covers with Valves Inspection - 1M,Maintenance,2025-07-18,,Electrican,,2025-07-21,Approved,,,Equipment tested satisfactorily after completion of AE Cylinder Covers with Valves Inspection - 1M. No issues found.,f,2026-02-18 04:41:15.047972
326,COMP-1768374768140-3bqamfvdd,601.004.05,7440571a-841a-11ed-aa7c-7003bca91a86,JOB-1768375697396-t255vvrdn,MKR-IN-00063,WO-1770978832258-vk0x53zgi,MKR-IN-00063-601.004.05-2025-354,"ME Piston And Rings, Inspection - 500H",Maintenance,2025-07-20,,2nd Engineer,,2025-07-22,Approved,,,"Required spare parts replaced during ME Piston And Rings, Inspection - 500H. Old parts retained for inspection.",f,2026-02-18 04:41:15.042311
325,COMP-1768374768511-709kv1bk1,702.005.02,7440571a-841a-11ed-aa7c-7003bca91a86,JOB-1768375698538-eaypatso8,MKR-IN-00054,WO-1770967515004-qixk9wvcf,WO-702.005.02-2025-286,"Purifier, Routine - 1W",Servicing,2025-07-29,,3rd Engineer,,2025-07-30,Approved,"SAFETY PROCEDURE (COMPANY)
===========================
Ensure compliance with safety procedures according to the company policy and requirements.

JOB REFERENCE DETAILS
===================
Manual Name: 8M-3 INSTRUCTION MANAUL FOR PURIFIER;5303.pdf
Pdf Page No: 56
Chapter: 3. Maintenance Inspection Procedures
Section: 3.1 Routine checks

DESCRIPTION
===========
Routine Checks :
1. Check the feed rate with respect to set feed rate for any changes.
2. Check the temperature with set temperature level.
3. Check the pressure of light liquid outlet is to be coincide roughly with the set pressure of the leakage.
4. Check for any increase in vibration.
5. Check for operational noise in gear pump and bearing etc. 
6. Check the rated current on daily basis.
7. Check the gear pump oil quantity. 
8. Check the safety joint of gears for any deformation.
9. Check for oil leakage in pipe joints.
10. Check & adjust pressure LED (yellow) lit or flashing for Leakage Monitor.
11. Check indicate revolution LED (green) is flashing for Discharge Monitor.",,All equipment tested satisfactorily post-maintenance. No abnormalities detected.,f,2026-02-18 04:41:15.036896
324,COMP-1768374768550-hmn480hin,721.003.02,7440571a-841a-11ed-aa7c-7003bca91a86,JOB-1768375698912-xnnsp4l25,MKR-IN-00061,WO-1770967515018-f5q3tgre8,UWO-721.003.02-2025-736,Aux. Sw Cooling Pumps No.02 - Alarm Investigation - System Check,Servicing,2025-07-19,,2nd Engineer,,2025-07-22,Approved,Investigated alarm. Found faulty sensor/connection. Rectified.,,Equipment tested satisfactorily after maintenance. No issues found.,f,2026-02-18 04:41:15.021443
323,COMP-1768374768482-7j8q5rba6,653.007.07,7440571a-841a-11ed-aa7c-7003bca91a86,JOB-1768375698399-x8qa7tpr2,MKR-IN-00015,WO-1770967515018-j4h5d1jjg,UWO-653.007.07-2025-652,"AE3 Main Bearings, Journals No.07 - Hydraulic System Pressure Drop",Servicing,2025-07-18,,Chief Engineer,,2025-07-21,Approved,Hydraulic system pressure dropping. Investigated and found leaking fitting. Repaired.,,"Minor adjustments carried out during AE3 Main Bearings, Journals No.07 - Hydraulic System Pressure Drop. Performance within acceptable parameters.",f,2026-02-18 04:41:15.015965
322,COMP-1768374767792-12xzjtw5n,721.001.01,7440571a-841a-11ed-aa7c-7003bca91a86,JOB-1768375698859-bxhld6lwv,MKR-IN-00061,WO-1770967515018-wutdlfv0d,UWO-721.001.01-2025-720,Main Sw Cooling Pumps No.01 - Bearing Overheating - Emergency Maintenance,Servicing,2025-07-18,,3rd Engineer,,2025-07-20,Approved,Bearing temperature rising above normal. Emergency maintenance carried out.,,Equipment tested satisfactorily after maintenance. No issues found.,f,2026-02-18 04:41:14.926062
321,COMP-1768374767834-dbncpiany,601.053,7440571a-841a-11ed-aa7c-7003bca91a86,JOB-1768375697590-j5wqgs5qj,MKR-IN-00067,WO-1770967515016-82e8pnku6,WO-601.053-2025-461,"ME Turbocharger Blower Side & Suction Filter, Cleaning - 2000H",Servicing,2025-07-23,,2nd Engineer,,2025-07-25,Approved,"SAFETY PROCEDURE (COMPANY)
===========================
Ensure compliance with safety procedures according to the company policy and requirements.

JOB REFERENCE DETAILS
===================
Manual Name: 3M-2 DIESEL ENGINE VOL II;5303.pdf
Pdf Page No: 196, 171, 172
Job Reference: Group No. 400
Chapter: Maintenance Schedule Of Main Parts


DESCRIPTION
===========
1. Cleaning of suction filter.
2. Dismantling and cleaning of blower side of turbocharger.",,Small adjustments made to operating parameters. Equipment performance satisfactory.,f,2026-02-18 04:41:14.920274
320,COMP-1768374768286-elfkccwmv,651.007.05,7440571a-841a-11ed-aa7c-7003bca91a86,JOB-1768375697798-oe7nugd4d,MKR-IN-00015,WO-1770967515018-ra50l09cj,UWO-651.007.05-2025-719,"AE1 Main Bearings, Journals No.05 - Electrical Fault - Motor Trip",Servicing,2025-08-10,,3rd Engineer,,2025-08-12,Approved,Motor tripped on overload. Investigated and rectified fault.,,Work delayed due to weather/operational constraints. Completed during port stay.,f,2026-02-18 04:41:14.915976
319,COMP-1768374768511-709kv1bk1,702.005.02,7440571a-841a-11ed-aa7c-7003bca91a86,JOB-1768375698538-eaypatso8,MKR-IN-00054,WO-1770967515004-y8mn0iwjv,WO-702.005.02-2025-287,"Purifier, Routine - 1W",Servicing,2025-07-22,,3rd Engineer,,2025-07-25,Approved,"SAFETY PROCEDURE (COMPANY)
===========================
Ensure compliance with safety procedures according to the company policy and requirements.

JOB REFERENCE DETAILS
===================
Manual Name: 8M-3 INSTRUCTION MANAUL FOR PURIFIER;5303.pdf
Pdf Page No: 56
Chapter: 3. Maintenance Inspection Procedures
Section: 3.1 Routine checks

DESCRIPTION
===========
Routine Checks :
1. Check the feed rate with respect to set feed rate for any changes.
2. Check the temperature with set temperature level.
3. Check the pressure of light liquid outlet is to be coincide roughly with the set pressure of the leakage.
4. Check for any increase in vibration.
5. Check for operational noise in gear pump and bearing etc. 
6. Check the rated current on daily basis.
7. Check the gear pump oil quantity. 
8. Check the safety joint of gears for any deformation.
9. Check for oil leakage in pipe joints.
10. Check & adjust pressure LED (yellow) lit or flashing for Leakage Monitor.
11. Check indicate revolution LED (green) is flashing for Discharge Monitor.",,All equipment tested satisfactorily post-maintenance. No abnormalities detected.,f,2026-02-18 04:41:14.911671
318,COMP-1768374768413-351xv2g4n,653.002.02,7440571a-841a-11ed-aa7c-7003bca91a86,JOB-1768375698262-ndeyptgiq,MKR-IN-00080,WO-1770978832261-whyn8m5ta,MKR-IN-00080-653.002.02-2025-694,AE Cylinder Covers with Valves Inspection - 1M,Maintenance,2025-07-30,,4th Engineer,,2025-08-01,Approved,,,Minor adjustments carried out during AE Cylinder Covers with Valves Inspection - 1M. Performance within acceptable parameters.,f,2026-02-18 04:41:14.907513
317,COMP-1768374768178-hmzqv0b2h,601.007.06,7440571a-841a-11ed-aa7c-7003bca91a86,JOB-1768375697472-y6r94qbm9,MKR-IN-00064,WO-1770978832258-0igu3q3tk,MKR-IN-00064-601.007.06-2025-431,"ME Main Bearing Clearance, Inspection - 6000H",Maintenance,2025-08-04,,4th Engineer,,2025-08-05,Approved,,,"Minor adjustments carried out during ME Main Bearing Clearance, Inspection - 6000H. Performance within acceptable parameters.",f,2026-02-18 04:41:14.90252
316,COMP-1768374767582-vu0vc0c3u,27,7440571a-841a-11ed-aa7c-7003bca91a86,JOB-1768374783248-r2uv8ufaf,MKR-IN-00071,WO-1770967515017-c9uss4sdq,UWO-27-2025-510,"MATERIAL PROTECTION, EXTERNAL - Fuel System Contamination",Servicing,2025-07-28,,2nd Engineer,,2025-07-29,Approved,Fuel oil contamination detected. Purifier and filters cleaned/replaced.,,"Equipment tested satisfactorily after completion of MATERIAL PROTECTION, EXTERNAL - Fuel System Contamination. No issues found.",f,2026-02-18 04:41:14.896853
315,COMP-1768374768453-0fijrjtu3,653.004.03,7440571a-841a-11ed-aa7c-7003bca91a86,JOB-1768375698344-530op4qto,MKR-OV-00025,WO-1770978832255-3xp2t4u6a,MKR-OV-00025-653.004.03-2025-118,AE Pistons and Connecting Rods Overhaul - 4000H,Maintenance,2025-07-29,,2nd Engineer,,2025-07-30,Approved,,,Minor adjustments carried out during AE Pistons and Connecting Rods Overhaul - 4000H. Performance within acceptable parameters.,f,2026-02-18 04:41:14.891817
314,COMP-1768374768511-709kv1bk1,702.005.02,7440571a-841a-11ed-aa7c-7003bca91a86,JOB-1768375698538-eaypatso8,MKR-IN-00054,WO-1770967515004-coj0xrffo,WO-702.005.02-2025-288,"Purifier, Routine - 1W",Servicing,2025-07-25,,3rd Engineer,,2025-07-27,Approved,"SAFETY PROCEDURE (COMPANY)
===========================
Ensure compliance with safety procedures according to the company policy and requirements.

JOB REFERENCE DETAILS
===================
Manual Name: 8M-3 INSTRUCTION MANAUL FOR PURIFIER;5303.pdf
Pdf Page No: 56
Chapter: 3. Maintenance Inspection Procedures
Section: 3.1 Routine checks

DESCRIPTION
===========
Routine Checks :
1. Check the feed rate with respect to set feed rate for any changes.
2. Check the temperature with set temperature level.
3. Check the pressure of light liquid outlet is to be coincide roughly with the set pressure of the leakage.
4. Check for any increase in vibration.
5. Check for operational noise in gear pump and bearing etc. 
6. Check the rated current on daily basis.
7. Check the gear pump oil quantity. 
8. Check the safety joint of gears for any deformation.
9. Check for oil leakage in pipe joints.
10. Check & adjust pressure LED (yellow) lit or flashing for Leakage Monitor.
11. Check indicate revolution LED (green) is flashing for Discharge Monitor.",,"Equipment tested satisfactorily after completion of Purifier, Routine - 1W. No issues found.",f,2026-02-18 04:41:14.887244
313,COMP-1768374768257-4wkh4k432,651.004.01,7440571a-841a-11ed-aa7c-7003bca91a86,JOB-1768375697746-s7saml8xs,MKR-OV-00025,WO-1770978832254-r5b9rhm5r,MKR-OV-00025-651.004.01-2025-021,AE Pistons and Connecting Rods Overhaul - 4000H,Maintenance,2025-08-05,,4th Engineer,,2025-08-06,Approved,,,Required spare parts replaced during AE Pistons and Connecting Rods Overhaul - 4000H. Old parts retained for inspection.,f,2026-02-18 04:41:14.880266
312,COMP-1768374768161-fwhsrv4rs,601.005.06,7440571a-841a-11ed-aa7c-7003bca91a86,JOB-1768375697440-jtfr7vtfi,MKR-IN-00076,WO-1770978832258-i9p3t6zah,MKR-IN-00076-601.005.06-2025-417,"Main Engine – Connecting Rods, Crosshead & Guide Assemblies Inspection - 1M",Maintenance,2025-08-04,,4th Engineer,,2025-08-06,Approved,,,Completion delayed due to vessel operational schedule. Work carried out during port call.,f,2026-02-18 04:41:14.87566
311,COMP-1768374768239-6wbm7nkr9,651.003.01,7440571a-841a-11ed-aa7c-7003bca91a86,JOB-1768375697715-p7a1yt6pq,MKR-IN-00085,WO-1770967515004-0bp014ewj,WO-651.003.01-2025-346,AE Cylinder Liner Inspection - 1M,Servicing,2025-08-01,,3rd Engineer,,2025-08-02,Approved,"SAFETY PROCEDURE (COMPANY)
===========================
Ensure compliance with safety procedures according to the company policy and requirements.

DESCRIPTION
===========
1. Liner Condition (Visual / Indirect)

Check for abnormal scavenge space condition (if accessible).

Look for signs of scuffing, scoring, or polishing (based on inspection ports or trend data).

Monitor liner condition through performance parameters if direct access is not possible.

2. Lubrication

Verify cylinder lubrication rate (if applicable) is as per maker’s recommendation.

Check lube oil distribution and absence of oil starvation signs.

Review lube oil consumption trends.

3. Cooling & Sealing

Monitor jacket water temperature and pressure related to cylinder No.01.

Check for cooling water leakage into cylinder or crankcase.

Verify condition of liner sealing arrangements (indirect observation).",,Equipment tested satisfactorily after maintenance. No issues found.,f,2026-02-18 04:41:14.871061
310,COMP-1768374768350-5w06yhebk,652.004.01,7440571a-841a-11ed-aa7c-7003bca91a86,JOB-1768375698085-0od3oa7kl,MKR-OV-00025,WO-1770978832254-y72rddf92,MKR-OV-00025-652.004.01-2025-065,AE Pistons and Connecting Rods Overhaul - 4000H,Maintenance,2025-08-09,,2nd Engineer,,2025-08-11,Approved,,,Equipment tested satisfactorily after maintenance. No issues found.,f,2026-02-18 04:41:14.865805
309,COMP-1768374768248-zja2xeelc,651.003.04,7440571a-841a-11ed-aa7c-7003bca91a86,JOB-1768375697730-vrhe8emeh,MKR-IN-00085,WO-1770978832259-78icfog7m,MKR-IN-00085-651.003.04-2025-581,AE Cylinder Liner Inspection - 1M,Maintenance,2025-08-12,,Chief Engineer,,2025-08-14,Approved,,,Spare parts replaced as listed. Old parts retained for inspection/disposal.,f,2026-02-18 04:41:14.859999
308,COMP-1768374768511-709kv1bk1,702.005.02,7440571a-841a-11ed-aa7c-7003bca91a86,JOB-1768375698538-eaypatso8,MKR-IN-00054,WO-1770967515004-m3nm9v7lj,WO-702.005.02-2025-289,"Purifier, Routine - 1W",Servicing,2025-08-03,,3rd Engineer,,2025-08-05,Approved,"SAFETY PROCEDURE (COMPANY)
===========================
Ensure compliance with safety procedures according to the company policy and requirements.

JOB REFERENCE DETAILS
===================
Manual Name: 8M-3 INSTRUCTION MANAUL FOR PURIFIER;5303.pdf
Pdf Page No: 56
Chapter: 3. Maintenance Inspection Procedures
Section: 3.1 Routine checks

DESCRIPTION
===========
Routine Checks :
1. Check the feed rate with respect to set feed rate for any changes.
2. Check the temperature with set temperature level.
3. Check the pressure of light liquid outlet is to be coincide roughly with the set pressure of the leakage.
4. Check for any increase in vibration.
5. Check for operational noise in gear pump and bearing etc. 
6. Check the rated current on daily basis.
7. Check the gear pump oil quantity. 
8. Check the safety joint of gears for any deformation.
9. Check for oil leakage in pipe joints.
10. Check & adjust pressure LED (yellow) lit or flashing for Leakage Monitor.
11. Check indicate revolution LED (green) is flashing for Discharge Monitor.",,"Checks completed as per manufacturer guidelines for Purifier, Routine - 1W. Next service due as scheduled.",f,2026-02-18 04:41:14.855034
307,COMP-1768374767834-dbncpiany,601.053,7440571a-841a-11ed-aa7c-7003bca91a86,JOB-1768375697585-z6leju6xr,MKR-IN-00066,WO-1770967515015-0ff40cngo,WO-601.053-2025-448,"ME Turbocharger Turbine, Cleaning - 500H",Servicing,2025-08-02,,2nd Engineer,,2025-08-03,Approved,"SAFETY PROCEDURE (COMPANY)
===========================
Ensure compliance with safety procedures according to the company policy and requirements.

JOB REFERENCE DETAILS
===================
Manual Name: 3M-2 DIESEL ENGINE VOL II;5303.pdf
Pdf Page No: 196, 171, 172
Job Reference: Group No. 400
Chapter: Maintenance Schedule Of Main Parts


DESCRIPTION
===========
1. Cleaning of turbine side of turbocharger to be carried out (vegetal solid cleaning).",,Equipment tested satisfactorily after maintenance. No issues found.,f,2026-02-18 04:41:14.850445
306,COMP-1768374768443-sj0hmblft,653.003.06,7440571a-841a-11ed-aa7c-7003bca91a86,JOB-1768375698327-s9rfxwr8p,MKR-IN-00085,WO-1770967515004-ygnpzrnll,WO-653.003.06-2025-382,AE Cylinder Liner Inspection - 1M,Servicing,2025-08-05,,3rd Engineer,,2025-08-07,Approved,"SAFETY PROCEDURE (COMPANY)
===========================
Ensure compliance with safety procedures according to the company policy and requirements.

DESCRIPTION
===========
1. Liner Condition (Visual / Indirect)

Check for abnormal scavenge space condition (if accessible).

Look for signs of scuffing, scoring, or polishing (based on inspection ports or trend data).

Monitor liner condition through performance parameters if direct access is not possible.

2. Lubrication

Verify cylinder lubrication rate (if applicable) is as per maker’s recommendation.

Check lube oil distribution and absence of oil starvation signs.

Review lube oil consumption trends.

3. Cooling & Sealing

Monitor jacket water temperature and pressure related to cylinder No.01.

Check for cooling water leakage into cylinder or crankcase.

Verify condition of liner sealing arrangements (indirect observation).",,All equipment tested satisfactorily post-maintenance. No abnormalities detected.,f,2026-02-18 04:41:14.846007
305,COMP-1768374768236-120so6zd8,651.002.06,7440571a-841a-11ed-aa7c-7003bca91a86,JOB-1768375697709-kfxro24s3,MKR-IN-00080,WO-1770978832259-bjcm6jc4q,MKR-IN-00080-651.002.06-2025-545,AE Cylinder Covers with Valves Inspection - 1M,Maintenance,2025-08-21,,4th Engineer,,2025-08-22,Approved,,,Required spare parts replaced during AE Cylinder Covers with Valves Inspection - 1M. Old parts retained for inspection.,f,2026-02-18 04:41:14.841292
304,COMP-1768374768546-wbsg2rfze,721.003.01,7440571a-841a-11ed-aa7c-7003bca91a86,JOB-1768375698895-78hi7zx4y,MKR-IN-00061,WO-1770967515019-ag5jc3403,UWO-721.003.01-2025-870,Aux. Sw Cooling Pumps No.01 - Pump Seal Failure - Emergency Repair,Servicing,2025-08-09,,4th Engineer,,2025-08-11,Approved,Pump seal found leaking during routine watch. Emergency repair carried out.,,Equipment tested satisfactorily after maintenance. No issues found.,f,2026-02-18 04:41:14.83718
303,COMP-1768374768163-l5iay97ij,601.007.01,7440571a-841a-11ed-aa7c-7003bca91a86,JOB-1768375697446-3txwuvutk,MKR-IN-00064,WO-1770978832254-ym6jixmyh,MKR-IN-00064-601.007.01-2025-012,"ME Main Bearing Clearance, Inspection - 6000H",Maintenance,2025-08-22,,4th Engineer,,2025-08-25,Approved,,,"Additional observations during ME Main Bearing Clearance, Inspection - 6000H - recommend follow-up at next scheduled interval.",f,2026-02-18 04:41:14.831023
302,COMP-1768374768511-709kv1bk1,702.005.02,7440571a-841a-11ed-aa7c-7003bca91a86,JOB-1768375698538-eaypatso8,MKR-IN-00054,WO-1770967515004-tkpwci1qs,WO-702.005.02-2025-290,"Purifier, Routine - 1W",Servicing,2025-08-10,,3rd Engineer,,2025-08-12,Approved,"SAFETY PROCEDURE (COMPANY)
===========================
Ensure compliance with safety procedures according to the company policy and requirements.

JOB REFERENCE DETAILS
===================
Manual Name: 8M-3 INSTRUCTION MANAUL FOR PURIFIER;5303.pdf
Pdf Page No: 56
Chapter: 3. Maintenance Inspection Procedures
Section: 3.1 Routine checks

DESCRIPTION
===========
Routine Checks :
1. Check the feed rate with respect to set feed rate for any changes.
2. Check the temperature with set temperature level.
3. Check the pressure of light liquid outlet is to be coincide roughly with the set pressure of the leakage.
4. Check for any increase in vibration.
5. Check for operational noise in gear pump and bearing etc. 
6. Check the rated current on daily basis.
7. Check the gear pump oil quantity. 
8. Check the safety joint of gears for any deformation.
9. Check for oil leakage in pipe joints.
10. Check & adjust pressure LED (yellow) lit or flashing for Leakage Monitor.
11. Check indicate revolution LED (green) is flashing for Discharge Monitor.",,Equipment tested satisfactorily after maintenance. No issues found.,f,2026-02-18 04:41:14.826993
301,COMP-1768374768204-bxjta0rjx,601.066.01,7440571a-841a-11ed-aa7c-7003bca91a86,JOB-1768375697629-njv3hbmjn,MKR-IN-00079,WO-1770978832259-d51rjwgvn,MKR-IN-00079-601.066.01-2025-461,Main Engine – Indicator Valves & Indicators Inspection - 1M,Maintenance,2025-08-29,,Chief Engineer,,2025-08-31,Approved,,,All maintenance checks completed per OEM recommendations. Next scheduled service as per PMS.,f,2026-02-18 04:41:14.822066
300,COMP-1768374768143-4kulzp9vp,601.004.06,7440571a-841a-11ed-aa7c-7003bca91a86,JOB-1768375697407-3iv0aw13h,MKR-IN-00063,WO-1770978832258-2qh2339uz,MKR-IN-00063-601.004.06-2025-371,"ME Piston And Rings, Inspection - 500H",Maintenance,2025-09-02,,4th Engineer,,2025-09-04,Approved,,,Equipment tested satisfactorily after maintenance. No issues found.,f,2026-02-18 04:41:14.817493
299,COMP-1768374767818-ckg4kqu6q,601.001,7440571a-841a-11ed-aa7c-7003bca91a86,JOB-1768375697064-mbfaqn8a4,MKR-IN-00074,WO-1770967515017-ptepftsn7,UWO-601.001-2025-473,"Main Diesel Engine, Compl. - Pipe Leakage - Welding Repair",Servicing,2025-08-13,,3rd Engineer,,2025-08-15,Approved,"Pipe leakage found in engine room. Temporary repair carried out, permanent repair planned.",,"Equipment tested satisfactorily after completion of Main Diesel Engine, Compl. - Pipe Leakage - Welding Repair. No issues found.",f,2026-02-18 04:41:14.812707
298,COMP-1768374768219-f5y8ppktt,601.066.06,7440571a-841a-11ed-aa7c-7003bca91a86,JOB-1768375697662-ii0y0011s,MKR-IN-00079,WO-1770978832259-6jlu066xz,MKR-IN-00079-601.066.06-2025-491,Main Engine – Indicator Valves & Indicators Inspection - 1M,Maintenance,2025-09-02,,4th Engineer,,2025-09-04,Approved,,,All checks completed as per manufacturer guidelines. Next service due as scheduled.,f,2026-02-18 04:41:14.808073
297,COMP-1768374767818-ckg4kqu6q,601.001,7440571a-841a-11ed-aa7c-7003bca91a86,JOB-1768375697064-mbfaqn8a4,MKR-IN-00074,WO-1770967515018-vt7sd33qh,UWO-601.001-2025-770,"Main Diesel Engine, Compl. - Sensor Failure - Replacement",Servicing,2025-08-13,,4th Engineer,,2025-08-15,Approved,Temperature/pressure sensor giving erratic readings. Replaced sensor.,,Equipment tested satisfactorily after maintenance. No issues found.,f,2026-02-18 04:41:14.803476
296,COMP-1768374768339-pzyj156x4,652.003.03,7440571a-841a-11ed-aa7c-7003bca91a86,JOB-1768375698065-nln0wy605,MKR-IN-00085,WO-1770978832260-1qdk9lbfr,MKR-IN-00085-652.003.03-2025-656,AE Cylinder Liner Inspection - 1M,Maintenance,2025-08-23,,2nd Engineer,,2025-08-25,Approved,,,Equipment tested satisfactorily after maintenance. No issues found.,f,2026-02-18 04:41:14.789355
295,COMP-1768374767812-t7u0ew84e,501.002,7440571a-841a-11ed-aa7c-7003bca91a86,JOB-1768375697009-atjcavi6y,MKR-IN-00073,WO-1770978832256-sce0g83ut,MKR-IN-00073-501.002-2025-270,Covered (Totally Enclosed) Lifeboats Inspection - 1M,Maintenance,2025-08-30,,4th Engineer,,2025-09-02,Approved,,,Equipment tested satisfactorily after completion of Covered (Totally Enclosed) Lifeboats Inspection - 1M. No issues found.,f,2026-02-18 04:41:14.784215
294,COMP-1768374768130-yqa3gw7x0,601.004.02,7440571a-841a-11ed-aa7c-7003bca91a86,JOB-1768375697357-7izaa96lh,MKR-OV-00011,WO-1770978832256-86duanfzf,MKR-OV-00011-601.004.02-2025-308,"ME Piston, Overhaul - 6000H",Maintenance,2025-09-07,,4th Engineer,,2025-09-08,Approved,,,"Checks completed as per manufacturer guidelines for ME Piston, Overhaul - 6000H. Next service due as scheduled.",f,2026-02-18 04:41:14.778811
293,COMP-1768374768511-709kv1bk1,702.005.02,7440571a-841a-11ed-aa7c-7003bca91a86,JOB-1768375698538-eaypatso8,MKR-IN-00054,WO-1770967515004-fz8t3mcsb,WO-702.005.02-2025-291,"Purifier, Routine - 1W",Servicing,2025-08-19,,3rd Engineer,,2025-08-22,Approved,"SAFETY PROCEDURE (COMPANY)
===========================
Ensure compliance with safety procedures according to the company policy and requirements.

JOB REFERENCE DETAILS
===================
Manual Name: 8M-3 INSTRUCTION MANAUL FOR PURIFIER;5303.pdf
Pdf Page No: 56
Chapter: 3. Maintenance Inspection Procedures
Section: 3.1 Routine checks

DESCRIPTION
===========
Routine Checks :
1. Check the feed rate with respect to set feed rate for any changes.
2. Check the temperature with set temperature level.
3. Check the pressure of light liquid outlet is to be coincide roughly with the set pressure of the leakage.
4. Check for any increase in vibration.
5. Check for operational noise in gear pump and bearing etc. 
6. Check the rated current on daily basis.
7. Check the gear pump oil quantity. 
8. Check the safety joint of gears for any deformation.
9. Check for oil leakage in pipe joints.
10. Check & adjust pressure LED (yellow) lit or flashing for Leakage Monitor.
11. Check indicate revolution LED (green) is flashing for Discharge Monitor.",,All checks completed as per manufacturer guidelines. Next service due as scheduled.,f,2026-02-18 04:41:14.774246
292,COMP-1768374767939-gp5co4ot0,285.001.07,7440571a-841a-11ed-aa7c-7003bca91a86,JOB-1768375696862-icyy5iffj,MKR-IN-00072,WO-1770978832255-zivbyaw69,MKR-IN-00072-285.001.07-2025-222,Ballast Tanks Inspection - 1M,Maintenance,2025-09-02,,4th Engineer,,2025-09-04,Approved,,,Equipment tested satisfactorily after completion of Ballast Tanks Inspection - 1M. No issues found.,f,2026-02-18 04:41:14.767862
291,COMP-1768374768518-tf49j9qlz,702.010.02,7440571a-841a-11ed-aa7c-7003bca91a86,JOB-1768375698734-schfvgsje,MKR-IN-00057,WO-1770967515019-nb3sa0hmd,UWO-702.010.02-2025-838,DO Separator Booster Pumps No.02 - Fuel System Contamination,Servicing,2025-08-18,,4th Engineer,,2025-08-21,Approved,Fuel oil contamination detected. Purifier and filters cleaned/replaced.,,All equipment tested satisfactorily post-maintenance. No abnormalities detected.,f,2026-02-18 04:41:14.763082
290,COMP-1768374768146-20m0kzu7m,601.005.01,7440571a-841a-11ed-aa7c-7003bca91a86,JOB-1768375697413-w7rik62pb,MKR-IN-00076,WO-1770978832258-xndsyqkxx,MKR-IN-00076-601.005.01-2025-386,"Main Engine – Connecting Rods, Crosshead & Guide Assemblies Inspection - 1M",Maintenance,2025-09-06,,4th Engineer,,2025-09-09,Approved,,,Minor adjustments made. Equipment performance within acceptable parameters.,f,2026-02-18 04:41:14.758213
289,COMP-1768374768175-35eegw2jt,601.007.05,7440571a-841a-11ed-aa7c-7003bca91a86,JOB-1768375697467-plpyxbhph,MKR-IN-00064,WO-1770967515018-5x46vfq8v,UWO-601.007.05-2025-666,"ME Main Bearings, Journals No.05 - Hydraulic System Pressure Drop",Servicing,2025-08-25,,Chief Engineer,,2025-08-26,Approved,Hydraulic system pressure dropping. Investigated and found leaking fitting. Repaired.,,Work delayed due to weather/operational constraints. Completed during port stay.,f,2026-02-18 04:41:14.740335
288,COMP-1768374768456-z5jr6vit3,653.004.04,7440571a-841a-11ed-aa7c-7003bca91a86,JOB-1768375698350-oxdhbvc0t,MKR-OV-00025,WO-1770967515017-uxpu9x6r4,UWO-653.004.04-2025-609,AE3 Pistons And Connecting Rod No.04 - Electrical Fault - Motor Trip,Servicing,2025-08-26,,2nd Engineer,,2025-08-27,Approved,Motor tripped on overload. Investigated and rectified fault.,,Small adjustments made to operating parameters. Equipment performance satisfactory.,f,2026-02-18 04:41:14.735039
287,COMP-1768374767678-er7u9xyi5,71,7440571a-841a-11ed-aa7c-7003bca91a86,JOB-1768375698754-924wtcd3n,MKR-IN-00054,WO-1770967515017-t3olnk6zt,UWO-71-2025-604,LUBE OIL SYSTEMS - Pipe Leakage - Welding Repair,Servicing,2025-09-20,,2nd Engineer,,2025-09-23,Approved,"Pipe leakage found in engine room. Temporary repair carried out, permanent repair planned.",,Minor adjustments carried out during LUBE OIL SYSTEMS - Pipe Leakage - Welding Repair. Performance within acceptable parameters.,f,2026-02-18 04:41:14.729895
286,COMP-1768374768219-f5y8ppktt,601.066.06,7440571a-841a-11ed-aa7c-7003bca91a86,JOB-1768375697662-ii0y0011s,MKR-IN-00079,WO-1770978832259-su1zrpjsc,MKR-IN-00079-601.066.06-2025-493,Main Engine – Indicator Valves & Indicators Inspection - 1M,Maintenance,2025-09-06,,Chief Engineer,,2025-09-08,Approved,,,Consumable parts replaced as per maintenance plan. Used parts stored for disposal.,f,2026-02-18 04:41:14.714351
285,COMP-1768374768511-709kv1bk1,702.005.02,7440571a-841a-11ed-aa7c-7003bca91a86,JOB-1768375698538-eaypatso8,MKR-IN-00054,WO-1770967515004-k8vp25b3x,WO-702.005.02-2025-292,"Purifier, Routine - 1W",Servicing,2025-08-23,,3rd Engineer,,2025-08-24,Approved,"SAFETY PROCEDURE (COMPANY)
===========================
Ensure compliance with safety procedures according to the company policy and requirements.

JOB REFERENCE DETAILS
===================
Manual Name: 8M-3 INSTRUCTION MANAUL FOR PURIFIER;5303.pdf
Pdf Page No: 56
Chapter: 3. Maintenance Inspection Procedures
Section: 3.1 Routine checks

DESCRIPTION
===========
Routine Checks :
1. Check the feed rate with respect to set feed rate for any changes.
2. Check the temperature with set temperature level.
3. Check the pressure of light liquid outlet is to be coincide roughly with the set pressure of the leakage.
4. Check for any increase in vibration.
5. Check for operational noise in gear pump and bearing etc. 
6. Check the rated current on daily basis.
7. Check the gear pump oil quantity. 
8. Check the safety joint of gears for any deformation.
9. Check for oil leakage in pipe joints.
10. Check & adjust pressure LED (yellow) lit or flashing for Leakage Monitor.
11. Check indicate revolution LED (green) is flashing for Discharge Monitor.",,Small adjustments made to operating parameters. Equipment performance satisfactory.,f,2026-02-18 04:41:14.699702
284,COMP-1768374767946-xvx5auscz,285.001.09,7440571a-841a-11ed-aa7c-7003bca91a86,JOB-1768375696874-phtun2znj,MKR-IN-00072,WO-1770978832256-l4qwxyxeh,MKR-IN-00072-285.001.09-2025-246,Ballast Tanks Inspection - 1M,Maintenance,2025-09-10,,Chief Engineer,,2025-09-11,Approved,,,Checks completed as per manufacturer guidelines for Ballast Tanks Inspection - 1M. Next service due as scheduled.,f,2026-02-18 04:41:14.692136
283,COMP-1768374768511-709kv1bk1,702.005.02,7440571a-841a-11ed-aa7c-7003bca91a86,JOB-1768375698538-eaypatso8,MKR-IN-00054,WO-1770967515004-d4113sgyv,WO-702.005.02-2025-293,"Purifier, Routine - 1W",Servicing,2025-08-31,,3rd Engineer,,2025-09-01,Approved,"SAFETY PROCEDURE (COMPANY)
===========================
Ensure compliance with safety procedures according to the company policy and requirements.

JOB REFERENCE DETAILS
===================
Manual Name: 8M-3 INSTRUCTION MANAUL FOR PURIFIER;5303.pdf
Pdf Page No: 56
Chapter: 3. Maintenance Inspection Procedures
Section: 3.1 Routine checks

DESCRIPTION
===========
Routine Checks :
1. Check the feed rate with respect to set feed rate for any changes.
2. Check the temperature with set temperature level.
3. Check the pressure of light liquid outlet is to be coincide roughly with the set pressure of the leakage.
4. Check for any increase in vibration.
5. Check for operational noise in gear pump and bearing etc. 
6. Check the rated current on daily basis.
7. Check the gear pump oil quantity. 
8. Check the safety joint of gears for any deformation.
9. Check for oil leakage in pipe joints.
10. Check & adjust pressure LED (yellow) lit or flashing for Leakage Monitor.
11. Check indicate revolution LED (green) is flashing for Discharge Monitor.",,Minor adjustments made. Equipment performance within acceptable parameters.,f,2026-02-18 04:41:14.686879
282,COMP-1768374768239-6wbm7nkr9,651.003.01,7440571a-841a-11ed-aa7c-7003bca91a86,JOB-1768375697715-p7a1yt6pq,MKR-IN-00085,WO-1770967515004-u3fzj4cln,WO-651.003.01-2025-347,AE Cylinder Liner Inspection - 1M,Servicing,2025-08-31,,3rd Engineer,,2025-09-03,Approved,"SAFETY PROCEDURE (COMPANY)
===========================
Ensure compliance with safety procedures according to the company policy and requirements.

DESCRIPTION
===========
1. Liner Condition (Visual / Indirect)

Check for abnormal scavenge space condition (if accessible).

Look for signs of scuffing, scoring, or polishing (based on inspection ports or trend data).

Monitor liner condition through performance parameters if direct access is not possible.

2. Lubrication

Verify cylinder lubrication rate (if applicable) is as per maker’s recommendation.

Check lube oil distribution and absence of oil starvation signs.

Review lube oil consumption trends.

3. Cooling & Sealing

Monitor jacket water temperature and pressure related to cylinder No.01.

Check for cooling water leakage into cylinder or crankcase.

Verify condition of liner sealing arrangements (indirect observation).",,Equipment tested satisfactorily after completion of AE Cylinder Liner Inspection - 1M. No issues found.,f,2026-02-18 04:41:14.679928
281,COMP-1768374768410-eurzscqdj,653.002.01,7440571a-841a-11ed-aa7c-7003bca91a86,JOB-1768375698254-e7d6bn0wz,MKR-IN-00080,WO-1770978832260-qpa6dgn99,MKR-IN-00080-653.002.01-2025-679,AE Cylinder Covers with Valves Inspection - 1M,Maintenance,2025-09-14,,4th Engineer,,2025-09-17,Approved,,,Minor adjustments made. Equipment performance within acceptable parameters.,f,2026-02-18 04:41:14.672464
280,COMP-1768374767834-dbncpiany,601.053,7440571a-841a-11ed-aa7c-7003bca91a86,JOB-1768375697585-z6leju6xr,MKR-IN-00066,WO-1770967515015-cgeh5bvsb,WO-601.053-2025-449,"ME Turbocharger Turbine, Cleaning - 500H",Servicing,2025-09-03,,2nd Engineer,,2025-09-05,Approved,"SAFETY PROCEDURE (COMPANY)
===========================
Ensure compliance with safety procedures according to the company policy and requirements.

JOB REFERENCE DETAILS
===================
Manual Name: 3M-2 DIESEL ENGINE VOL II;5303.pdf
Pdf Page No: 196, 171, 172
Job Reference: Group No. 400
Chapter: Maintenance Schedule Of Main Parts


DESCRIPTION
===========
1. Cleaning of turbine side of turbocharger to be carried out (vegetal solid cleaning).",,Spare parts replaced as listed. Old parts retained for inspection/disposal.,f,2026-02-18 04:41:14.667083
279,COMP-1768374768248-zja2xeelc,651.003.04,7440571a-841a-11ed-aa7c-7003bca91a86,JOB-1768375697730-vrhe8emeh,MKR-IN-00085,WO-1770978832259-rtx8qvrk4,MKR-IN-00085-651.003.04-2025-584,AE Cylinder Liner Inspection - 1M,Maintenance,2025-09-13,,4th Engineer,,2025-09-15,Approved,,,All maintenance checks completed per OEM recommendations. Next scheduled service as per PMS.,f,2026-02-18 04:41:14.661535
278,COMP-1768374768221-1uo61tqy1,651.002.01,7440571a-841a-11ed-aa7c-7003bca91a86,JOB-1768375697677-l4b48zr2y,MKR-IN-00080,WO-1770967515017-gfmk620xp,UWO-651.002.01-2025-577,AE1 Cylinder Covers W/Valves No.01 - Electrical Fault - Motor Trip,Servicing,2025-09-01,,4th Engineer,,2025-09-04,Approved,Motor tripped on overload. Investigated and rectified fault.,,Minor adjustments carried out during AE1 Cylinder Covers W/Valves No.01 - Electrical Fault - Motor Trip. Performance within acceptable parameters.,f,2026-02-18 04:41:14.656925
277,COMP-1768374768149-xq053ewev,601.005.02,7440571a-841a-11ed-aa7c-7003bca91a86,JOB-1768375697418-2fk1daqf0,MKR-IN-00076,WO-1770978832258-2kmoh7wo7,MKR-IN-00076-601.005.02-2025-394,"Main Engine – Connecting Rods, Crosshead & Guide Assemblies Inspection - 1M",Maintenance,2025-09-10,,Chief Engineer,,2025-09-12,Approved,,,Spare parts replaced as listed. Old parts retained for inspection/disposal.,f,2026-02-18 04:41:14.652309
276,COMP-1768374768443-sj0hmblft,653.003.06,7440571a-841a-11ed-aa7c-7003bca91a86,JOB-1768375698327-s9rfxwr8p,MKR-IN-00085,WO-1770967515004-gw8256wm6,WO-653.003.06-2025-383,AE Cylinder Liner Inspection - 1M,Servicing,2025-09-08,,3rd Engineer,,2025-09-10,Approved,"SAFETY PROCEDURE (COMPANY)
===========================
Ensure compliance with safety procedures according to the company policy and requirements.

DESCRIPTION
===========
1. Liner Condition (Visual / Indirect)

Check for abnormal scavenge space condition (if accessible).

Look for signs of scuffing, scoring, or polishing (based on inspection ports or trend data).

Monitor liner condition through performance parameters if direct access is not possible.

2. Lubrication

Verify cylinder lubrication rate (if applicable) is as per maker’s recommendation.

Check lube oil distribution and absence of oil starvation signs.

Review lube oil consumption trends.

3. Cooling & Sealing

Monitor jacket water temperature and pressure related to cylinder No.01.

Check for cooling water leakage into cylinder or crankcase.

Verify condition of liner sealing arrangements (indirect observation).",,All equipment tested satisfactorily post-maintenance. No abnormalities detected.,f,2026-02-18 04:41:14.646692
275,COMP-1768374767910-h2nui498v,278.010.01,7440571a-841a-11ed-aa7c-7003bca91a86,JOB-1768374783248-r2uv8ufaf,MKR-IN-00071,WO-1770978832255-vvt8kehae,MKR-IN-00071-278.010.01-2025-157,"Impressed Current Cathodic Protection (ICCP), Inspection - 1M",Maintenance,2025-09-17,,2nd Engineer,,2025-09-20,Approved,,,Minor adjustments made. Equipment performance within acceptable parameters.,f,2026-02-18 04:41:14.641629
274,COMP-1768374768511-709kv1bk1,702.005.02,7440571a-841a-11ed-aa7c-7003bca91a86,JOB-1768375698538-eaypatso8,MKR-IN-00054,WO-1770967515004-o8agjtqce,WO-702.005.02-2025-294,"Purifier, Routine - 1W",Servicing,2025-09-07,,3rd Engineer,,2025-09-09,Approved,"SAFETY PROCEDURE (COMPANY)
===========================
Ensure compliance with safety procedures according to the company policy and requirements.

JOB REFERENCE DETAILS
===================
Manual Name: 8M-3 INSTRUCTION MANAUL FOR PURIFIER;5303.pdf
Pdf Page No: 56
Chapter: 3. Maintenance Inspection Procedures
Section: 3.1 Routine checks

DESCRIPTION
===========
Routine Checks :
1. Check the feed rate with respect to set feed rate for any changes.
2. Check the temperature with set temperature level.
3. Check the pressure of light liquid outlet is to be coincide roughly with the set pressure of the leakage.
4. Check for any increase in vibration.
5. Check for operational noise in gear pump and bearing etc. 
6. Check the rated current on daily basis.
7. Check the gear pump oil quantity. 
8. Check the safety joint of gears for any deformation.
9. Check for oil leakage in pipe joints.
10. Check & adjust pressure LED (yellow) lit or flashing for Leakage Monitor.
11. Check indicate revolution LED (green) is flashing for Discharge Monitor.",,Consumable parts replaced as per maintenance plan. Used parts stored for disposal.,f,2026-02-18 04:41:14.636766
273,COMP-1768374767950-2ln09g0jp,285.001.10,7440571a-841a-11ed-aa7c-7003bca91a86,JOB-1768375696881-rh3q9wjwg,MKR-IN-00072,WO-1770978832256-ovc13ftq0,MKR-IN-00072-285.001.10-2025-254,Ballast Tanks Inspection - 1M,Maintenance,2025-09-22,,Chief Engineer,,2025-09-24,Approved,,,All equipment tested satisfactorily post-maintenance. No abnormalities detected.,f,2026-02-18 04:41:14.632141
272,COMP-1768374768225-48hk6uhgn,651.002.02,7440571a-841a-11ed-aa7c-7003bca91a86,JOB-1768375697685-xfdk7mrhe,MKR-IN-00080,WO-1770978832259-mnrll0lnr,MKR-IN-00080-651.002.02-2025-508,AE Cylinder Covers with Valves Inspection - 1M,Maintenance,2025-09-14,,Chief Engineer,,2025-09-17,Approved,,,All checks completed as per manufacturer guidelines. Next service due as scheduled.,f,2026-02-18 04:41:14.626201
271,COMP-1768374767824-e42vyhy7q,601.010,7440571a-841a-11ed-aa7c-7003bca91a86,JOB-1768375697491-0gf53o4y2,MKR-IN-00070,WO-1770978832254-h4bc4e0dn,MKR-IN-00070-601.010-2025-013,"ME Bed Plate Set Bolts, Inspection - 15000H",Maintenance,2025-09-27,,2nd Engineer,,2025-09-30,Approved,,,"Work on ME Bed Plate Set Bolts, Inspection - 15000H delayed due to operational requirements. Completed during next available window.",f,2026-02-18 04:41:14.619487
270,COMP-1768374768130-yqa3gw7x0,601.004.02,7440571a-841a-11ed-aa7c-7003bca91a86,JOB-1768375697363-vlsr43081,MKR-IN-00063,WO-1770978832256-xl5lddm51,MKR-IN-00063-601.004.02-2025-310,"ME Piston And Rings, Inspection - 500H",Maintenance,2025-09-18,,4th Engineer,,2025-09-19,Approved,,,"Equipment tested satisfactorily after completion of ME Piston And Rings, Inspection - 500H. No issues found.",f,2026-02-18 04:41:14.613625
269,COMP-1768374768379-2zv2yyr8c,652.007.05,7440571a-841a-11ed-aa7c-7003bca91a86,JOB-1768375698137-qlyca788d,MKR-IN-00015,WO-1770967515017-tz51pn0kf,UWO-652.007.05-2025-489,"AE2 Main Bearings, Journals No.05 - Cooling System Malfunction",Servicing,2025-10-04,,2nd Engineer,,2025-10-06,Approved,Cooling water temperature rising. Investigated and cleaned heat exchanger.,,Work delayed due to weather/operational constraints. Completed during port stay.,f,2026-02-18 04:41:14.608101
268,COMP-1768374768477-qqu2wjvsv,653.007.05,7440571a-841a-11ed-aa7c-7003bca91a86,JOB-1768375698388-la8mztoez,MKR-IN-00015,WO-1770978832255-zhy8xpxnk,MKR-IN-00015-653.007.05-2025-132,"DG Main Bearing, Visual Check - 2Y/8000H",Maintenance,2025-09-20,,4th Engineer,,2025-09-21,Approved,,,Minor additional findings recorded. Follow-up inspection recommended during next maintenance period.,f,2026-02-18 04:41:14.601917
267,COMP-1768374768391-ep30qznw7,652.020.02,7440571a-841a-11ed-aa7c-7003bca91a86,JOB-1768375698171-wtdhdrcbp,MKR-IN-00017,WO-1770967515017-4xhyu77c2,UWO-652.020.02-2025-551,AE2 Crankcase Doors W/Safety Valve No.02 - Hydraulic System Pressure Drop,Servicing,2025-09-17,,Chief Engineer,,2025-09-20,Approved,Hydraulic system pressure dropping. Investigated and found leaking fitting. Repaired.,,Minor adjustments carried out during AE2 Crankcase Doors W/Safety Valve No.02 - Hydraulic System Pressure Drop. Performance within acceptable parameters.,f,2026-02-18 04:41:14.594057
266,COMP-1768374768161-fwhsrv4rs,601.005.06,7440571a-841a-11ed-aa7c-7003bca91a86,JOB-1768375697440-jtfr7vtfi,MKR-IN-00076,WO-1770967515017-mve6qrz9k,UWO-601.005.06-2025-553,"ME Connecting Rods, Crosshead, Guides No.06 - Electrical Fault - Motor Trip",Servicing,2025-09-17,,Chief Engineer,,2025-09-19,Approved,Motor tripped on overload. Investigated and rectified fault.,,"Equipment tested satisfactorily after completion of ME Connecting Rods, Crosshead, Guides No.06 - Electrical Fault - Motor Trip. No issues found.",f,2026-02-18 04:41:14.587837
265,COMP-1768374768511-709kv1bk1,702.005.02,7440571a-841a-11ed-aa7c-7003bca91a86,JOB-1768375698538-eaypatso8,MKR-IN-00054,WO-1770967515004-dlfjxi5km,WO-702.005.02-2025-295,"Purifier, Routine - 1W",Servicing,2025-09-12,,3rd Engineer,,2025-09-15,Approved,"SAFETY PROCEDURE (COMPANY)
===========================
Ensure compliance with safety procedures according to the company policy and requirements.

JOB REFERENCE DETAILS
===================
Manual Name: 8M-3 INSTRUCTION MANAUL FOR PURIFIER;5303.pdf
Pdf Page No: 56
Chapter: 3. Maintenance Inspection Procedures
Section: 3.1 Routine checks

DESCRIPTION
===========
Routine Checks :
1. Check the feed rate with respect to set feed rate for any changes.
2. Check the temperature with set temperature level.
3. Check the pressure of light liquid outlet is to be coincide roughly with the set pressure of the leakage.
4. Check for any increase in vibration.
5. Check for operational noise in gear pump and bearing etc. 
6. Check the rated current on daily basis.
7. Check the gear pump oil quantity. 
8. Check the safety joint of gears for any deformation.
9. Check for oil leakage in pipe joints.
10. Check & adjust pressure LED (yellow) lit or flashing for Leakage Monitor.
11. Check indicate revolution LED (green) is flashing for Discharge Monitor.",,Minor adjustments made. Equipment performance within acceptable parameters.,f,2026-02-18 04:41:14.57816
264,COMP-1768374768225-48hk6uhgn,651.002.02,7440571a-841a-11ed-aa7c-7003bca91a86,JOB-1768375697685-xfdk7mrhe,MKR-IN-00080,WO-1770978832259-3yynb96yf,MKR-IN-00080-651.002.02-2025-517,AE Cylinder Covers with Valves Inspection - 1M,Maintenance,2025-09-21,,Chief Engineer,,2025-09-22,Approved,,,All maintenance checks completed per OEM recommendations. Next scheduled service as per PMS.,f,2026-02-18 04:41:14.565687
263,COMP-1768374768161-fwhsrv4rs,601.005.06,7440571a-841a-11ed-aa7c-7003bca91a86,JOB-1768375697440-jtfr7vtfi,MKR-IN-00076,WO-1770978832258-a4a1sdbbw,MKR-IN-00076-601.005.06-2025-419,"Main Engine – Connecting Rods, Crosshead & Guide Assemblies Inspection - 1M",Maintenance,2025-10-02,,2nd Engineer,,2025-10-03,Approved,,,Equipment tested satisfactorily after maintenance. No issues found.,f,2026-02-18 04:41:14.556636
262,COMP-1768374767918-4vp8g44db,285.001.01,7440571a-841a-11ed-aa7c-7003bca91a86,JOB-1768375696823-5izcxc9cy,MKR-IN-00072,WO-1770978832255-r604iic58,MKR-IN-00072-285.001.01-2025-181,Ballast Tanks Inspection - 1M,Maintenance,2025-10-04,,2nd Engineer,,2025-10-05,Approved,,,Equipment tested satisfactorily after completion of Ballast Tanks Inspection - 1M. No issues found.,f,2026-02-18 04:41:14.549763
261,COMP-1768374768410-eurzscqdj,653.002.01,7440571a-841a-11ed-aa7c-7003bca91a86,JOB-1768375698254-e7d6bn0wz,MKR-IN-00080,WO-1770978832260-94jsx6f83,MKR-IN-00080-653.002.01-2025-682,AE Cylinder Covers with Valves Inspection - 1M,Maintenance,2025-09-28,,4th Engineer,,2025-09-29,Approved,,,Minor adjustments made. Equipment performance within acceptable parameters.,f,2026-02-18 04:41:14.539544
260,COMP-1768374768328-zwpifp57r,652.002.05,7440571a-841a-11ed-aa7c-7003bca91a86,JOB-1768375698041-wutf3wqif,MKR-IN-00080,WO-1770967515018-oew9r8c4b,UWO-652.002.05-2025-764,AE2 Cylinder Covers W/Valves No.05 - Hydraulic System Pressure Drop,Servicing,2025-09-16,,3rd Engineer,,2025-09-19,Approved,Hydraulic system pressure dropping. Investigated and found leaking fitting. Repaired.,,Required spare parts replaced during AE2 Cylinder Covers W/Valves No.05 - Hydraulic System Pressure Drop. Old parts retained for inspection.,f,2026-02-18 04:41:14.53438
259,COMP-1768374768149-xq053ewev,601.005.02,7440571a-841a-11ed-aa7c-7003bca91a86,JOB-1768375697418-2fk1daqf0,MKR-IN-00076,WO-1770978832258-o86surofj,MKR-IN-00076-601.005.02-2025-401,"Main Engine – Connecting Rods, Crosshead & Guide Assemblies Inspection - 1M",Maintenance,2025-09-30,,Chief Engineer,,2025-10-03,Approved,,,Equipment tested satisfactorily after maintenance. No issues found.,f,2026-02-18 04:41:14.525809
258,COMP-1768374768242-ybntycqh5,651.003.02,7440571a-841a-11ed-aa7c-7003bca91a86,JOB-1768375697720-m80h9gkmd,MKR-IN-00085,WO-1770967515019-uht3g14tn,UWO-651.003.02-2025-827,AE1 Cylinder Liners No.02 - Pipe Leakage - Welding Repair,Servicing,2025-09-23,,4th Engineer,,2025-09-25,Approved,"Pipe leakage found in engine room. Temporary repair carried out, permanent repair planned.",,Checks completed as per manufacturer guidelines for AE1 Cylinder Liners No.02 - Pipe Leakage - Welding Repair. Next service due as scheduled.,f,2026-02-18 04:41:14.517998
257,COMP-1768374768230-di5x3jxz8,651.002.04,7440571a-841a-11ed-aa7c-7003bca91a86,JOB-1768375697698-z6haq29k,MKR-IN-00080,WO-1770978832259-o5en9f0a3,MKR-IN-00080-651.002.04-2025-532,AE Cylinder Covers with Valves Inspection - 1M,Maintenance,2025-10-14,,Chief Engineer,,2025-10-15,Approved,,,Required spare parts replaced during AE Cylinder Covers with Valves Inspection - 1M. Old parts retained for inspection.,f,2026-02-18 04:41:14.510377
256,COMP-1768374767884-8s61xigy8,653.018,7440571a-841a-11ed-aa7c-7003bca91a86,JOB-1768375698405-dy502mchl,MKR-IN-00086,WO-1770978832255-8ad5gtbuy,MKR-IN-00086-653.018-2025-135,AE Crankcase Detailed Inspection - 4000H,Maintenance,2025-09-28,,2nd Engineer,,2025-09-29,Approved,,,All equipment tested satisfactorily post-maintenance. No abnormalities detected.,f,2026-02-18 04:41:14.502969
255,COMP-1768374767744-xrh88aod2,651.020,7440571a-841a-11ed-aa7c-7003bca91a86,JOB-1768375697820-rz0yqv3qm,MKR-IN-00017,WO-1770967515018-cfaftoyfy,UWO-651.020-2025-691,AE1 Crankcase Doors W/Safety Valve - Filter Blockage - Emergency Cleaning,Servicing,2025-09-27,,3rd Engineer,,2025-09-28,Approved,Filter differential pressure high. Emergency cleaning/replacement carried out.,,Equipment tested satisfactorily after maintenance. No issues found.,f,2026-02-18 04:41:14.496347
254,COMP-1768374768511-709kv1bk1,702.005.02,7440571a-841a-11ed-aa7c-7003bca91a86,JOB-1768375698538-eaypatso8,MKR-IN-00054,WO-1770967515004-cwrqopogs,WO-702.005.02-2025-296,"Purifier, Routine - 1W",Servicing,2025-10-19,,3rd Engineer,,2025-10-21,Approved,"SAFETY PROCEDURE (COMPANY)
===========================
Ensure compliance with safety procedures according to the company policy and requirements.

JOB REFERENCE DETAILS
===================
Manual Name: 8M-3 INSTRUCTION MANAUL FOR PURIFIER;5303.pdf
Pdf Page No: 56
Chapter: 3. Maintenance Inspection Procedures
Section: 3.1 Routine checks

DESCRIPTION
===========
Routine Checks :
1. Check the feed rate with respect to set feed rate for any changes.
2. Check the temperature with set temperature level.
3. Check the pressure of light liquid outlet is to be coincide roughly with the set pressure of the leakage.
4. Check for any increase in vibration.
5. Check for operational noise in gear pump and bearing etc. 
6. Check the rated current on daily basis.
7. Check the gear pump oil quantity. 
8. Check the safety joint of gears for any deformation.
9. Check for oil leakage in pipe joints.
10. Check & adjust pressure LED (yellow) lit or flashing for Leakage Monitor.
11. Check indicate revolution LED (green) is flashing for Discharge Monitor.",,All checks completed as per manufacturer guidelines. Next service due as scheduled.,f,2026-02-18 04:41:14.490225
253,COMP-1768374768428-eel560gpb,653.003.01,7440571a-841a-11ed-aa7c-7003bca91a86,JOB-1768375698297-7lwvv9bwl,MKR-IN-00085,WO-1770967515018-m3yvb4wke,UWO-653.003.01-2025-730,AE3 Cylinder Liners No.01 - Filter Blockage - Emergency Cleaning,Servicing,2025-09-20,,4th Engineer,,2025-09-23,Approved,Filter differential pressure high. Emergency cleaning/replacement carried out.,,Equipment tested satisfactorily after maintenance. No issues found.,f,2026-02-18 04:41:14.483924
252,COMP-1768374767834-dbncpiany,601.053,7440571a-841a-11ed-aa7c-7003bca91a86,JOB-1768375697606-ji0v6o8wq,MKR-SE-00026,WO-1770967515015-8tvgil3au,WO-601.053-2025-416,"ME Turbocharger Thrust Bearing, Renewal/Replace - 15000H",Servicing,2025-09-21,,2nd Engineer,,2025-09-22,Approved,"SAFETY PROCEDURE (COMPANY)
===========================
Ensure compliance with safety procedures according to the company policy and requirements.

JOB REFERENCE DETAILS
===================
Manual Name: 3M-2 DIESEL ENGINE VOL II;5303.pdf
Pdf Page No: 445
Chapter: 4. Maintenance and Servicing
Section: 4.3.1 Thrust Bearing Replacement Criteria

DESCRIPTION
===========
1. Replace the thrust bearing.",,"Equipment tested satisfactorily after completion of ME Turbocharger Thrust Bearing, Renewal/Replace - 15000H. No issues found.",f,2026-02-18 04:41:14.479564
251,COMP-1768374768359-gjwrc6wwi,652.004.04,7440571a-841a-11ed-aa7c-7003bca91a86,JOB-1768375698100-8wqauevrt,MKR-OV-00025,WO-1770967515017-zjprll52h,UWO-652.004.04-2025-508,AE2 Pistons And Connecting Rod No.04 - Alarm Investigation - System Check,Servicing,2025-09-24,,2nd Engineer,,2025-09-27,Approved,Investigated alarm. Found faulty sensor/connection. Rectified.,,Minor adjustments carried out during AE2 Pistons And Connecting Rod No.04 - Alarm Investigation - System Check. Performance within acceptable parameters.,f,2026-02-18 04:41:14.473489
250,COMP-1768374768166-sdzw49j0b,601.007.02,7440571a-841a-11ed-aa7c-7003bca91a86,JOB-1768375697451-2guersb2z,MKR-IN-00064,WO-1770978832258-mfukb0ju0,MKR-IN-00064-601.007.02-2025-427,"ME Main Bearing Clearance, Inspection - 6000H",Maintenance,2025-10-13,,4th Engineer,,2025-10-16,Approved,,,All equipment tested satisfactorily post-maintenance. No abnormalities detected.,f,2026-02-18 04:41:14.468238
249,COMP-1768374768236-120so6zd8,651.002.06,7440571a-841a-11ed-aa7c-7003bca91a86,JOB-1768375697709-kfxro24s3,MKR-IN-00080,WO-1770978832259-mxke4cgxq,MKR-IN-00080-651.002.06-2025-548,AE Cylinder Covers with Valves Inspection - 1M,Maintenance,2025-10-08,,Chief Engineer,,2025-10-10,Approved,,,Equipment tested satisfactorily after completion of AE Cylinder Covers with Valves Inspection - 1M. No issues found.,f,2026-02-18 04:41:14.462815
248,COMP-1768374767936-bgz64dkel,285.001.06,7440571a-841a-11ed-aa7c-7003bca91a86,JOB-1768375696857-ts9yqo7ko,MKR-IN-00072,WO-1770967515018-3cl3fe97p,UWO-285.001.06-2025-680,Ballast Tanks/SW Tanks No.06 - Alarm Investigation - System Check,Servicing,2025-09-24,,2nd Officer,,2025-09-26,Approved,Investigated alarm. Found faulty sensor/connection. Rectified.,,Minor adjustments made. Equipment performance within acceptable parameters.,f,2026-02-18 04:41:14.457488
247,COMP-1768374767802-sjje0yq3o,403.001,7440571a-841a-11ed-aa7c-7003bca91a86,JOB-1768375696892-thsj9k2p0,MKR-IN-00042,WO-1770967515018-rpd6be50l,UWO-403.001-2025-649,"Steering Gears, Complete - Pipe Leakage - Welding Repair",Servicing,2025-10-03,,Chief Engineer,,2025-10-04,Approved,"Pipe leakage found in engine room. Temporary repair carried out, permanent repair planned.",,Minor additional findings recorded. Follow-up inspection recommended during next maintenance period.,f,2026-02-18 04:41:14.452915
246,COMP-1768374768511-709kv1bk1,702.005.02,7440571a-841a-11ed-aa7c-7003bca91a86,JOB-1768375698538-eaypatso8,MKR-IN-00054,WO-1770967515004-eslol168f,WO-702.005.02-2025-297,"Purifier, Routine - 1W",Servicing,2025-09-28,,3rd Engineer,,2025-09-30,Approved,"SAFETY PROCEDURE (COMPANY)
===========================
Ensure compliance with safety procedures according to the company policy and requirements.

JOB REFERENCE DETAILS
===================
Manual Name: 8M-3 INSTRUCTION MANAUL FOR PURIFIER;5303.pdf
Pdf Page No: 56
Chapter: 3. Maintenance Inspection Procedures
Section: 3.1 Routine checks

DESCRIPTION
===========
Routine Checks :
1. Check the feed rate with respect to set feed rate for any changes.
2. Check the temperature with set temperature level.
3. Check the pressure of light liquid outlet is to be coincide roughly with the set pressure of the leakage.
4. Check for any increase in vibration.
5. Check for operational noise in gear pump and bearing etc. 
6. Check the rated current on daily basis.
7. Check the gear pump oil quantity. 
8. Check the safety joint of gears for any deformation.
9. Check for oil leakage in pipe joints.
10. Check & adjust pressure LED (yellow) lit or flashing for Leakage Monitor.
11. Check indicate revolution LED (green) is flashing for Discharge Monitor.",,Equipment tested satisfactorily after maintenance. No issues found.,f,2026-02-18 04:41:14.443343
245,COMP-1768374767809-mr8172nux,411.002,7440571a-841a-11ed-aa7c-7003bca91a86,JOB-1768375696966-f6q6fzyfw,MKR-IN-00045,WO-1770978832256-ymde00hls,MKR-IN-00045-411.002-2025-265,"Radar Band Parts, Lubrication - 6M",Maintenance,2025-10-15,,Chief Engineer,,2025-10-18,Approved,,,Equipment tested satisfactorily after maintenance. No issues found.,f,2026-02-18 04:41:14.435177
244,COMP-1768374768239-6wbm7nkr9,651.003.01,7440571a-841a-11ed-aa7c-7003bca91a86,JOB-1768375697715-p7a1yt6pq,MKR-IN-00085,WO-1770967515004-cnbnvcg0z,WO-651.003.01-2025-348,AE Cylinder Liner Inspection - 1M,Servicing,2025-09-30,,3rd Engineer,,2025-10-02,Approved,"SAFETY PROCEDURE (COMPANY)
===========================
Ensure compliance with safety procedures according to the company policy and requirements.

DESCRIPTION
===========
1. Liner Condition (Visual / Indirect)

Check for abnormal scavenge space condition (if accessible).

Look for signs of scuffing, scoring, or polishing (based on inspection ports or trend data).

Monitor liner condition through performance parameters if direct access is not possible.

2. Lubrication

Verify cylinder lubrication rate (if applicable) is as per maker’s recommendation.

Check lube oil distribution and absence of oil starvation signs.

Review lube oil consumption trends.

3. Cooling & Sealing

Monitor jacket water temperature and pressure related to cylinder No.01.

Check for cooling water leakage into cylinder or crankcase.

Verify condition of liner sealing arrangements (indirect observation).",,Minor additional findings recorded. Follow-up inspection recommended during next maintenance period.,f,2026-02-18 04:41:14.426479
243,COMP-1768374768146-20m0kzu7m,601.005.01,7440571a-841a-11ed-aa7c-7003bca91a86,JOB-1768375697413-w7rik62pb,MKR-IN-00076,WO-1770967515017-9klf0cnx6,UWO-601.005.01-2025-537,"ME Connecting Rods, Crosshead, Guides No.01 - Cooling System Malfunction",Servicing,2025-10-11,,Chief Engineer,,2025-10-13,Approved,Cooling water temperature rising. Investigated and cleaned heat exchanger.,,Minor additional findings recorded. Follow-up inspection recommended during next maintenance period.,f,2026-02-18 04:41:14.419491
242,COMP-1768374768450-h5buaqeyw,653.004.02,7440571a-841a-11ed-aa7c-7003bca91a86,JOB-1768375698338-lopdthijy,MKR-OV-00025,WO-1770978832255-89k5m9l9h,MKR-OV-00025-653.004.02-2025-114,AE Pistons and Connecting Rods Overhaul - 4000H,Maintenance,2025-10-20,,Chief Engineer,,2025-10-21,Approved,,,All equipment tested satisfactorily post-maintenance. No abnormalities detected.,f,2026-02-18 04:41:14.412283
241,COMP-1768374767837-m3bhk56ru,601.059,7440571a-841a-11ed-aa7c-7003bca91a86,JOB-1768375697612-dr4ya0drk,MKR-IN-00078,WO-1770978832258-qln7qc5q6,MKR-IN-00078-601.059-2025-444,Main Engine – Exhaust Gas Manifolds & Pipes with Insulation Inspection - 1M,Maintenance,2025-10-24,,4th Engineer,,2025-10-25,Approved,,,Equipment tested satisfactorily after completion of Main Engine – Exhaust Gas Manifolds & Pipes with Insulation Inspection - 1M. No issues found.,f,2026-02-18 04:41:14.40587
240,COMP-1768374768219-f5y8ppktt,601.066.06,7440571a-841a-11ed-aa7c-7003bca91a86,JOB-1768375697662-ii0y0011s,MKR-IN-00079,WO-1770978832259-v5ee4e5wt,MKR-IN-00079-601.066.06-2025-494,Main Engine – Indicator Valves & Indicators Inspection - 1M,Maintenance,2025-10-19,,2nd Engineer,,2025-10-22,Approved,,,All equipment tested satisfactorily post-maintenance. No abnormalities detected.,f,2026-02-18 04:41:14.40125
239,COMP-1768374768365-hss0acuga,652.004.06,7440571a-841a-11ed-aa7c-7003bca91a86,JOB-1768375698110-ladmbrziu,MKR-OV-00025,WO-1770978832254-b1xs97c7a,MKR-OV-00025-652.004.06-2025-080,AE Pistons and Connecting Rods Overhaul - 4000H,Maintenance,2025-10-08,,Chief Engineer,,2025-10-10,Approved,,,Spare parts replaced as listed. Old parts retained for inspection/disposal.,f,2026-02-18 04:41:14.39545
238,COMP-1768374768403-ff6oqf0bg,652.020.06,7440571a-841a-11ed-aa7c-7003bca91a86,JOB-1768375698218-6wej1v91r,MKR-IN-00018,WO-1770978832255-cwfrh84b3,MKR-IN-00018-652.020.06-2025-103,"DG Cylinder Liner Water Jacket Parts, Cleaning - 5Y/16000H",Maintenance,2025-10-19,,Chief Engineer,,2025-10-20,Approved,,,Equipment tested satisfactorily after maintenance. No issues found.,f,2026-02-18 04:41:14.388792
237,COMP-1768374767805-z4lpo0038,411.001,7440571a-841a-11ed-aa7c-7003bca91a86,JOB-1768375696930-95e413qm4,MKR-SE-00015,WO-1770967515014-cdzyy7y0l,WO-411.001-2025-399,"Radar Band Magnetron, Renewal/Replace - 4000H",Servicing,2025-10-08,,2nd Officer,,2025-10-10,Approved,"SAFETY PROCEDURE (COMPANY)
===========================
Ensure compliance with safety procedures according to the company policy and requirements.

JOB REFERENCE DETAILS
===================
Manual Name: 4E-6 S-BAND RADAR;5303.pdf
Pdf Page No: 294
Chapter: 8 Countermeasures For Trouble And Adjustment
Section: Replacement Of Parts Periodically

DESCRIPTION
===========
1. Replace the magnetron.",,"Required spare parts replaced during Radar Band Magnetron, Renewal/Replace - 4000H. Old parts retained for inspection.",f,2026-02-18 04:41:14.382792
236,COMP-1768374768219-f5y8ppktt,601.066.06,7440571a-841a-11ed-aa7c-7003bca91a86,JOB-1768375697662-ii0y0011s,MKR-IN-00079,WO-1770978832259-oqxdvz9xv,MKR-IN-00079-601.066.06-2025-495,Main Engine – Indicator Valves & Indicators Inspection - 1M,Maintenance,2025-10-26,,2nd Engineer,,2025-10-27,Approved,,,Equipment tested satisfactorily after completion of Main Engine – Indicator Valves & Indicators Inspection - 1M. No issues found.,f,2026-02-18 04:41:14.375812
235,COMP-1768374767805-z4lpo0038,411.001,7440571a-841a-11ed-aa7c-7003bca91a86,JOB-1768375696936-5tm00wdy6,MKR-SE-00016,WO-1770967515014-1e2w7zmqs,WO-411.001-2025-401,"Radar Band Motor, Renewal/Replace - 10000H",Servicing,2025-10-08,,2nd Officer,,2025-10-11,Approved,"SAFETY PROCEDURE (COMPANY)
===========================
Ensure compliance with safety procedures according to the company policy and requirements.

JOB REFERENCE DETAILS
===================
Manual Name: 4E-6 S-BAND RADAR;5303.pdf
Pdf Page No: 294
Chapter: 8 Countermeasures For Trouble And Adjustment
Section: Replacement Of Parts Periodically

DESCRIPTION
===========
1. Replace the motor.",,Small adjustments made to operating parameters. Equipment performance satisfactory.,f,2026-02-18 04:41:14.369686
234,COMP-1768374767809-mr8172nux,411.002,7440571a-841a-11ed-aa7c-7003bca91a86,JOB-1768375696980-nrgz25fjw,MKR-SE-00016,WO-1770967515014-pw3pchnv9,WO-411.002-2025-409,"Radar Band Motor, Renewal/Replace - 10000H",Servicing,2025-10-08,,2nd Officer,,2025-10-11,Approved,"SAFETY PROCEDURE (COMPANY)
===========================
Ensure compliance with safety procedures according to the company policy and requirements.

JOB REFERENCE DETAILS
===================
Manual Name: 4E-6 S-BAND RADAR;5303.pdf
Pdf Page No: 294
Chapter: 8 Countermeasures For Trouble And Adjustment
Section: Replacement Of Parts Periodically

DESCRIPTION
===========
1. Replace the motor.",,"Required spare parts replaced during Radar Band Motor, Renewal/Replace - 10000H. Old parts retained for inspection.",f,2026-02-18 04:41:14.364707
233,COMP-1768374768204-bxjta0rjx,601.066.01,7440571a-841a-11ed-aa7c-7003bca91a86,JOB-1768375697629-njv3hbmjn,MKR-IN-00079,WO-1770978832259-gw8bjas09,MKR-IN-00079-601.066.01-2025-457,Main Engine – Indicator Valves & Indicators Inspection - 1M,Maintenance,2025-10-25,,2nd Engineer,,2025-10-28,Approved,,,Equipment tested satisfactorily after completion of Main Engine – Indicator Valves & Indicators Inspection - 1M. No issues found.,f,2026-02-18 04:41:14.358798
232,COMP-1768374768511-709kv1bk1,702.005.02,7440571a-841a-11ed-aa7c-7003bca91a86,JOB-1768375698538-eaypatso8,MKR-IN-00054,WO-1770967515004-hobo70wa8,WO-702.005.02-2025-298,"Purifier, Routine - 1W",Servicing,2025-10-27,,3rd Engineer,,2025-10-29,Approved,"SAFETY PROCEDURE (COMPANY)
===========================
Ensure compliance with safety procedures according to the company policy and requirements.

JOB REFERENCE DETAILS
===================
Manual Name: 8M-3 INSTRUCTION MANAUL FOR PURIFIER;5303.pdf
Pdf Page No: 56
Chapter: 3. Maintenance Inspection Procedures
Section: 3.1 Routine checks

DESCRIPTION
===========
Routine Checks :
1. Check the feed rate with respect to set feed rate for any changes.
2. Check the temperature with set temperature level.
3. Check the pressure of light liquid outlet is to be coincide roughly with the set pressure of the leakage.
4. Check for any increase in vibration.
5. Check for operational noise in gear pump and bearing etc. 
6. Check the rated current on daily basis.
7. Check the gear pump oil quantity. 
8. Check the safety joint of gears for any deformation.
9. Check for oil leakage in pipe joints.
10. Check & adjust pressure LED (yellow) lit or flashing for Leakage Monitor.
11. Check indicate revolution LED (green) is flashing for Discharge Monitor.",,All maintenance checks completed per OEM recommendations. Next scheduled service as per PMS.,f,2026-02-18 04:41:14.352187
231,COMP-1768374767805-z4lpo0038,411.001,7440571a-841a-11ed-aa7c-7003bca91a86,JOB-1768375696952-1f7qkfcph,MKR-SE-00018,WO-1770967515014-v8v55s7qk,WO-411.001-2025-402,"Radar Band Fan Motor, Renewal/Replace - 20000H",Servicing,2025-10-07,,2nd Officer,,2025-10-08,Approved,"SAFETY PROCEDURE (COMPANY)
===========================
Ensure compliance with safety procedures according to the company policy and requirements.

JOB REFERENCE DETAILS
===================
Manual Name: 4E-6 S-BAND RADAR;5303.pdf
Pdf Page No: 294
Chapter: 8 Countermeasures For Trouble And Adjustment
Section: Replacement Of Parts Periodically

DESCRIPTION
===========
1. Replace the fan motor.",,"Equipment tested satisfactorily after completion of Radar Band Fan Motor, Renewal/Replace - 20000H. No issues found.",f,2026-02-18 04:41:14.340631
230,COMP-1768374767809-mr8172nux,411.002,7440571a-841a-11ed-aa7c-7003bca91a86,JOB-1768375696972-7k0goih9x,MKR-SE-00015,WO-1770967515014-9kwhubxav,WO-411.002-2025-407,"Radar Band Magnetron, Renewal/Replace - 4000H",Servicing,2025-10-10,,2nd Officer,,2025-10-12,Approved,"SAFETY PROCEDURE (COMPANY)
===========================
Ensure compliance with safety procedures according to the company policy and requirements.

JOB REFERENCE DETAILS
===================
Manual Name: 4E-6 S-BAND RADAR;5303.pdf
Pdf Page No: 294
Chapter: 8 Countermeasures For Trouble And Adjustment
Section: Replacement Of Parts Periodically

DESCRIPTION
===========
1. Replace the magnetron.",,"Minor adjustments carried out during Radar Band Magnetron, Renewal/Replace - 4000H. Performance within acceptable parameters.",f,2026-02-18 04:41:14.328494
229,COMP-1768374768443-sj0hmblft,653.003.06,7440571a-841a-11ed-aa7c-7003bca91a86,JOB-1768375698327-s9rfxwr8p,MKR-IN-00085,WO-1770967515004-qtb120mop,WO-653.003.06-2025-384,AE Cylinder Liner Inspection - 1M,Servicing,2025-10-09,,3rd Engineer,,2025-10-12,Approved,"SAFETY PROCEDURE (COMPANY)
===========================
Ensure compliance with safety procedures according to the company policy and requirements.

DESCRIPTION
===========
1. Liner Condition (Visual / Indirect)

Check for abnormal scavenge space condition (if accessible).

Look for signs of scuffing, scoring, or polishing (based on inspection ports or trend data).

Monitor liner condition through performance parameters if direct access is not possible.

2. Lubrication

Verify cylinder lubrication rate (if applicable) is as per maker’s recommendation.

Check lube oil distribution and absence of oil starvation signs.

Review lube oil consumption trends.

3. Cooling & Sealing

Monitor jacket water temperature and pressure related to cylinder No.01.

Check for cooling water leakage into cylinder or crankcase.

Verify condition of liner sealing arrangements (indirect observation).",,Equipment tested satisfactorily after completion of AE Cylinder Liner Inspection - 1M. No issues found.,f,2026-02-18 04:41:14.316246
228,COMP-1768374767834-dbncpiany,601.053,7440571a-841a-11ed-aa7c-7003bca91a86,JOB-1768375697585-z6leju6xr,MKR-IN-00066,WO-1770967515015-f6j3x0zd5,WO-601.053-2025-450,"ME Turbocharger Turbine, Cleaning - 500H",Servicing,2025-10-04,,2nd Engineer,,2025-10-07,Approved,"SAFETY PROCEDURE (COMPANY)
===========================
Ensure compliance with safety procedures according to the company policy and requirements.

JOB REFERENCE DETAILS
===================
Manual Name: 3M-2 DIESEL ENGINE VOL II;5303.pdf
Pdf Page No: 196, 171, 172
Job Reference: Group No. 400
Chapter: Maintenance Schedule Of Main Parts


DESCRIPTION
===========
1. Cleaning of turbine side of turbocharger to be carried out (vegetal solid cleaning).",,"Equipment tested satisfactorily after completion of ME Turbocharger Turbine, Cleaning - 500H. No issues found.",f,2026-02-18 04:41:14.30158
227,COMP-1768374767812-t7u0ew84e,501.002,7440571a-841a-11ed-aa7c-7003bca91a86,JOB-1768375697009-atjcavi6y,MKR-IN-00073,WO-1770978832256-yp3nlmas3,MKR-IN-00073-501.002-2025-276,Covered (Totally Enclosed) Lifeboats Inspection - 1M,Maintenance,2025-10-14,,Chief Engineer,,2025-10-17,Approved,,,Work on Covered (Totally Enclosed) Lifeboats Inspection - 1M delayed due to operational requirements. Completed during next available window.,f,2026-02-18 04:41:14.288145
226,COMP-1768374767809-mr8172nux,411.002,7440571a-841a-11ed-aa7c-7003bca91a86,JOB-1768375696994-e9kr8kxxr,MKR-SE-00018,WO-1770967515015-rikbaudwy,WO-411.002-2025-410,"Radar Band Fan Motor, Renewal/Replace - 20000H",Servicing,2025-10-15,,2nd Officer,,2025-10-16,Approved,"SAFETY PROCEDURE (COMPANY)
===========================
Ensure compliance with safety procedures according to the company policy and requirements.

JOB REFERENCE DETAILS
===================
Manual Name: 4E-6 S-BAND RADAR;5303.pdf
Pdf Page No: 294
Chapter: 8 Countermeasures For Trouble And Adjustment
Section: Replacement Of Parts Periodically

DESCRIPTION
===========
1. Replace the fan motor.",,Small adjustments made to operating parameters. Equipment performance satisfactory.,f,2026-02-18 04:41:14.280231
225,COMP-1768374768394-1cf99aryj,652.020.03,7440571a-841a-11ed-aa7c-7003bca91a86,JOB-1768375698182-jqugsoy65,MKR-IN-00017,WO-1770967515019-khq0pz7h3,UWO-652.020.03-2025-845,AE2 Crankcase Doors W/Safety Valve No.03 - Bearing Overheating - Emergency Maintenance,Servicing,2025-10-10,,2nd Engineer,,2025-10-13,Approved,Bearing temperature rising above normal. Emergency maintenance carried out.,,Equipment tested satisfactorily after completion of AE2 Crankcase Doors W/Safety Valve No.03 - Bearing Overheating - Emergency Maintenance. No issues found.,f,2026-02-18 04:41:14.268231
224,COMP-1768374768511-709kv1bk1,702.005.02,7440571a-841a-11ed-aa7c-7003bca91a86,JOB-1768375698538-eaypatso8,MKR-IN-00054,WO-1770967515004-15ieba09r,WO-702.005.02-2025-299,"Purifier, Routine - 1W",Servicing,2025-10-10,,3rd Engineer,,2025-10-13,Approved,"SAFETY PROCEDURE (COMPANY)
===========================
Ensure compliance with safety procedures according to the company policy and requirements.

JOB REFERENCE DETAILS
===================
Manual Name: 8M-3 INSTRUCTION MANAUL FOR PURIFIER;5303.pdf
Pdf Page No: 56
Chapter: 3. Maintenance Inspection Procedures
Section: 3.1 Routine checks

DESCRIPTION
===========
Routine Checks :
1. Check the feed rate with respect to set feed rate for any changes.
2. Check the temperature with set temperature level.
3. Check the pressure of light liquid outlet is to be coincide roughly with the set pressure of the leakage.
4. Check for any increase in vibration.
5. Check for operational noise in gear pump and bearing etc. 
6. Check the rated current on daily basis.
7. Check the gear pump oil quantity. 
8. Check the safety joint of gears for any deformation.
9. Check for oil leakage in pipe joints.
10. Check & adjust pressure LED (yellow) lit or flashing for Leakage Monitor.
11. Check indicate revolution LED (green) is flashing for Discharge Monitor.",,Completion delayed due to vessel operational schedule. Work carried out during port call.,f,2026-02-18 04:41:14.259659
223,COMP-1768374767918-4vp8g44db,285.001.01,7440571a-841a-11ed-aa7c-7003bca91a86,JOB-1768375696823-5izcxc9cy,MKR-IN-00072,WO-1770978832255-l9poa56oh,MKR-IN-00072-285.001.01-2025-183,Ballast Tanks Inspection - 1M,Maintenance,2025-10-09,,4th Engineer,,2025-10-12,Approved,,,All equipment tested satisfactorily post-maintenance. No abnormalities detected.,f,2026-02-18 04:41:14.253923
222,COMP-1768374768345-qgstjbyia,652.003.05,7440571a-841a-11ed-aa7c-7003bca91a86,JOB-1768375698075-3qb0k6asy,MKR-IN-00085,WO-1770967515017-txm6kfrna,UWO-652.003.05-2025-533,AE2 Cylinder Liners No.05 - Pump Seal Failure - Emergency Repair,Servicing,2025-10-20,,3rd Engineer,,2025-10-21,Approved,Pump seal found leaking during routine watch. Emergency repair carried out.,,All equipment tested satisfactorily post-maintenance. No abnormalities detected.,f,2026-02-18 04:41:14.246888
221,COMP-1768374768166-sdzw49j0b,601.007.02,7440571a-841a-11ed-aa7c-7003bca91a86,JOB-1768375697451-2guersb2z,MKR-IN-00064,WO-1770967515017-4098cv0ie,UWO-601.007.02-2025-545,"ME Main Bearings, Journals No.02 - Fuel System Contamination",Servicing,2025-10-15,,4th Engineer,,2025-10-16,Approved,Fuel oil contamination detected. Purifier and filters cleaned/replaced.,,All maintenance checks completed per OEM recommendations. Next scheduled service as per PMS.,f,2026-02-18 04:41:14.234984
220,COMP-1768374768161-fwhsrv4rs,601.005.06,7440571a-841a-11ed-aa7c-7003bca91a86,JOB-1768375697440-jtfr7vtfi,MKR-IN-00076,WO-1770978832258-jiz2n0a98,MKR-IN-00076-601.005.06-2025-421,"Main Engine – Connecting Rods, Crosshead & Guide Assemblies Inspection - 1M",Maintenance,2025-10-18,,Chief Engineer,,2025-10-21,Approved,,,Minor adjustments made. Equipment performance within acceptable parameters.,f,2026-02-18 04:41:14.222066
219,COMP-1768374767907-73hq6hda8,801.001,7440571a-841a-11ed-aa7c-7003bca91a86,JOB-1768375698939-c9smwq2xh,MKR-SE-00024,WO-1770967515017-qtk2qyf0b,UWO-801.001-2025-602,Clean Ballast Pumps - Sensor Failure - Replacement,Servicing,2025-10-18,,Chief Engineer,,2025-10-20,Approved,Temperature/pressure sensor giving erratic readings. Replaced sensor.,,Equipment tested satisfactorily after maintenance. No issues found.,f,2026-02-18 04:41:14.206543
218,COMP-1768374767629-hvyca8n5q,50,7440571a-841a-11ed-aa7c-7003bca91a86,JOB-1768375697009-atjcavi6y,MKR-IN-00073,WO-1770967515018-ndhc0h1fh,UWO-50-2025-696,"LIFESAVING, PROTECTION & MEDICAL EQUIPMENT - Control System Malfunction",Servicing,2025-10-17,,2nd Engineer,,2025-10-20,Approved,Control system showing intermittent faults. Checked connections and calibrated.,,"Checks completed as per manufacturer guidelines for LIFESAVING, PROTECTION & MEDICAL EQUIPMENT - Control System Malfunction. Next service due as scheduled.",f,2026-02-18 04:41:14.191526
217,COMP-1768374768227-7efnvx4gv,651.002.03,7440571a-841a-11ed-aa7c-7003bca91a86,JOB-1768375697692-acj96mboz,MKR-IN-00080,WO-1770978832259-9a9uof5ha,MKR-IN-00080-651.002.03-2025-527,AE Cylinder Covers with Valves Inspection - 1M,Maintenance,2025-11-03,,Chief Engineer,,2025-11-06,Approved,,,Equipment tested satisfactorily after maintenance. No issues found.,f,2026-02-18 04:41:14.107373
216,COMP-1768374767837-m3bhk56ru,601.059,7440571a-841a-11ed-aa7c-7003bca91a86,JOB-1768375697612-dr4ya0drk,MKR-IN-00078,WO-1770978832259-72rr20wl2,MKR-IN-00078-601.059-2025-450,Main Engine – Exhaust Gas Manifolds & Pipes with Insulation Inspection - 1M,Maintenance,2025-11-02,,4th Engineer,,2025-11-03,Approved,,,All maintenance checks completed per OEM recommendations. Next scheduled service as per PMS.,f,2026-02-18 04:41:14.081794
215,COMP-1768374767784-628ir01g8,721.001,7440571a-841a-11ed-aa7c-7003bca91a86,JOB-1768375698859-bxhld6lwv,MKR-IN-00061,WO-1770967515018-t23axqh48,UWO-721.001-2025-692,Main Sw Cooling Pumps - Electrical Fault - Motor Trip,Servicing,2025-10-16,,3rd Engineer,,2025-10-18,Approved,Motor tripped on overload. Investigated and rectified fault.,,All equipment tested satisfactorily post-maintenance. No abnormalities detected.,f,2026-02-18 04:41:14.070184
214,COMP-1768374768511-709kv1bk1,702.005.02,7440571a-841a-11ed-aa7c-7003bca91a86,JOB-1768375698538-eaypatso8,MKR-IN-00054,WO-1770967515004-d3w7gu0se,WO-702.005.02-2025-300,"Purifier, Routine - 1W",Servicing,2025-10-17,,3rd Engineer,,2025-10-19,Approved,"SAFETY PROCEDURE (COMPANY)
===========================
Ensure compliance with safety procedures according to the company policy and requirements.

JOB REFERENCE DETAILS
===================
Manual Name: 8M-3 INSTRUCTION MANAUL FOR PURIFIER;5303.pdf
Pdf Page No: 56
Chapter: 3. Maintenance Inspection Procedures
Section: 3.1 Routine checks

DESCRIPTION
===========
Routine Checks :
1. Check the feed rate with respect to set feed rate for any changes.
2. Check the temperature with set temperature level.
3. Check the pressure of light liquid outlet is to be coincide roughly with the set pressure of the leakage.
4. Check for any increase in vibration.
5. Check for operational noise in gear pump and bearing etc. 
6. Check the rated current on daily basis.
7. Check the gear pump oil quantity. 
8. Check the safety joint of gears for any deformation.
9. Check for oil leakage in pipe joints.
10. Check & adjust pressure LED (yellow) lit or flashing for Leakage Monitor.
11. Check indicate revolution LED (green) is flashing for Discharge Monitor.",,"Checks completed as per manufacturer guidelines for Purifier, Routine - 1W. Next service due as scheduled.",f,2026-02-18 04:41:14.064179
213,COMP-1768374768304-39ypp7jwm,651.020.04,7440571a-841a-11ed-aa7c-7003bca91a86,JOB-1768375697949-ggu56vd8u,MKR-IN-00017,WO-1770967515018-susyy6pb0,UWO-651.020.04-2025-685,AE1 Crankcase Doors W/Safety Valve No.04 - Bearing Overheating - Emergency Maintenance,Servicing,2025-10-23,,4th Engineer,,2025-10-25,Approved,Bearing temperature rising above normal. Emergency maintenance carried out.,,Small adjustments made to operating parameters. Equipment performance satisfactory.,f,2026-02-18 04:41:14.056452
212,COMP-1768374767774-xfwhcbha5,702.005,7440571a-841a-11ed-aa7c-7003bca91a86,JOB-1768375698505-5h32zwd3i,MKR-IN-00054,WO-1770967515017-klgpw3s4y,UWO-702.005-2025-511,FO Separators - Filter Blockage - Emergency Cleaning,Servicing,2025-10-23,,3rd Engineer,,2025-10-26,Approved,Filter differential pressure high. Emergency cleaning/replacement carried out.,,Equipment tested satisfactorily after maintenance. No issues found.,f,2026-02-18 04:41:14.047866
211,COMP-1768374768304-39ypp7jwm,651.020.04,7440571a-841a-11ed-aa7c-7003bca91a86,JOB-1768375697949-ggu56vd8u,MKR-IN-00017,WO-1770967515018-6eskk0hkd,UWO-651.020.04-2025-687,AE1 Crankcase Doors W/Safety Valve No.04 - Alarm Investigation - System Check,Servicing,2025-10-22,,3rd Engineer,,2025-10-23,Approved,Investigated alarm. Found faulty sensor/connection. Rectified.,,Checks completed as per manufacturer guidelines for AE1 Crankcase Doors W/Safety Valve No.04 - Alarm Investigation - System Check. Next service due as scheduled.,f,2026-02-18 04:41:14.040059
210,COMP-1768374767744-xrh88aod2,651.020,7440571a-841a-11ed-aa7c-7003bca91a86,JOB-1768375697820-rz0yqv3qm,MKR-IN-00017,WO-1770967515018-dxrabtx4e,UWO-651.020-2025-624,AE1 Crankcase Doors W/Safety Valve - Valve Leakage - Immediate Repair,Servicing,2025-10-25,,3rd Engineer,,2025-10-28,Approved,Valve found leaking during rounds. Repacked gland and replaced gasket.,,Minor adjustments carried out during AE1 Crankcase Doors W/Safety Valve - Valve Leakage - Immediate Repair. Performance within acceptable parameters.,f,2026-02-18 04:41:14.035175
209,COMP-1768374768511-709kv1bk1,702.005.02,7440571a-841a-11ed-aa7c-7003bca91a86,JOB-1768375698538-eaypatso8,MKR-IN-00054,WO-1770967515004-ozry7gszs,WO-702.005.02-2025-301,"Purifier, Routine - 1W",Servicing,2025-10-27,,3rd Engineer,,2025-10-29,Approved,"SAFETY PROCEDURE (COMPANY)
===========================
Ensure compliance with safety procedures according to the company policy and requirements.

JOB REFERENCE DETAILS
===================
Manual Name: 8M-3 INSTRUCTION MANAUL FOR PURIFIER;5303.pdf
Pdf Page No: 56
Chapter: 3. Maintenance Inspection Procedures
Section: 3.1 Routine checks

DESCRIPTION
===========
Routine Checks :
1. Check the feed rate with respect to set feed rate for any changes.
2. Check the temperature with set temperature level.
3. Check the pressure of light liquid outlet is to be coincide roughly with the set pressure of the leakage.
4. Check for any increase in vibration.
5. Check for operational noise in gear pump and bearing etc. 
6. Check the rated current on daily basis.
7. Check the gear pump oil quantity. 
8. Check the safety joint of gears for any deformation.
9. Check for oil leakage in pipe joints.
10. Check & adjust pressure LED (yellow) lit or flashing for Leakage Monitor.
11. Check indicate revolution LED (green) is flashing for Discharge Monitor.",,"Equipment tested satisfactorily after completion of Purifier, Routine - 1W. No issues found.",f,2026-02-18 04:41:14.016859
208,COMP-1768374768248-zja2xeelc,651.003.04,7440571a-841a-11ed-aa7c-7003bca91a86,JOB-1768375697730-vrhe8emeh,MKR-IN-00085,WO-1770967515018-0w2rf67zp,UWO-651.003.04-2025-746,AE1 Cylinder Liners No.04 - Hydraulic System Pressure Drop,Servicing,2025-10-30,,Chief Engineer,,2025-11-02,Approved,Hydraulic system pressure dropping. Investigated and found leaking fitting. Repaired.,,Checks completed as per manufacturer guidelines for AE1 Cylinder Liners No.04 - Hydraulic System Pressure Drop. Next service due as scheduled.,f,2026-02-18 04:41:14.011193
207,COMP-1768374767998-zda6fpbxv,601.003.01,7440571a-841a-11ed-aa7c-7003bca91a86,JOB-1768375697114-mgxmcqrr2,MKR-OV-00012,WO-1770967515018-ntsp96t4q,UWO-601.003.01-2025-702,ME Cylinder Liners No.01 - Valve Leakage - Immediate Repair,Servicing,2025-11-08,,Chief Engineer,,2025-11-09,Approved,Valve found leaking during rounds. Repacked gland and replaced gasket.,,Small adjustments made to operating parameters. Equipment performance satisfactory.,f,2026-02-18 04:41:14.002273
206,COMP-1768374767984-6u9jcb7bt,601.002.03,7440571a-841a-11ed-aa7c-7003bca91a86,JOB-1768375697090-py3yj3uu6,MKR-IN-00075,WO-1770978832254-m0c6imnnv,MKR-IN-00075-601.002.03-2025-010,Main Engine – Cylinder Covers with Valves Inspection - 4000H,Maintenance,2025-11-09,,4th Engineer,,2025-11-12,Approved,,,Additional findings noted - recommend follow-up inspection during next scheduled maintenance.,f,2026-02-18 04:41:13.98552
205,COMP-1768374768465-zm74g0ljq,653.007.01,7440571a-841a-11ed-aa7c-7003bca91a86,JOB-1768375698366-5wv5gsnri,MKR-IN-00015,WO-1770978832255-hdi4sqcw0,MKR-IN-00015-653.007.01-2025-128,"DG Main Bearing, Visual Check - 2Y/8000H",Maintenance,2025-11-14,,4th Engineer,,2025-11-15,Approved,,,Equipment tested satisfactorily after maintenance. No issues found.,f,2026-02-18 04:41:13.97714
204,COMP-1768374767637-j7oxh49xi,554,7440571a-841a-11ed-aa7c-7003bca91a86,JOB-1768375697014-n01208k56,MKR-IN-00046,WO-1770967515017-vels9usjy,UWO-554-2025-611,FREEZING/REFRIGERATING SYSTEMS FOR PROVISIONS - Control System Malfunction,Servicing,2025-10-30,,Chief Engineer,,2025-10-31,Approved,Control system showing intermittent faults. Checked connections and calibrated.,,Work on FREEZING/REFRIGERATING SYSTEMS FOR PROVISIONS - Control System Malfunction delayed due to operational requirements. Completed during next available window.,f,2026-02-18 04:41:13.970284
203,COMP-1768374768157-suzt374w7,601.005.05,7440571a-841a-11ed-aa7c-7003bca91a86,JOB-1768375697435-jappx7g00,MKR-IN-00076,WO-1770978832258-0irwzdy8x,MKR-IN-00076-601.005.05-2025-415,"Main Engine – Connecting Rods, Crosshead & Guide Assemblies Inspection - 1M",Maintenance,2025-11-13,,Chief Engineer,,2025-11-15,Approved,,,All equipment tested satisfactorily post-maintenance. No abnormalities detected.,f,2026-02-18 04:41:13.960521
202,COMP-1768374767871-3w32g6ibp,652.046,7440571a-841a-11ed-aa7c-7003bca91a86,JOB-1768375698235-ywwjdtuml,MKR-OV-00026,WO-1770967515017-gnh2t2bu1,UWO-652.046-2025-558,AE2 Lo Filters - Pump Seal Failure - Emergency Repair,Servicing,2025-11-02,,Chief Engineer,,2025-11-05,Approved,Pump seal found leaking during routine watch. Emergency repair carried out.,,Minor adjustments carried out during AE2 Lo Filters - Pump Seal Failure - Emergency Repair. Performance within acceptable parameters.,f,2026-02-18 04:41:13.955825
201,COMP-1768374767946-xvx5auscz,285.001.09,7440571a-841a-11ed-aa7c-7003bca91a86,JOB-1768375696874-phtun2znj,MKR-IN-00072,WO-1770978832256-78evmf4qc,MKR-IN-00072-285.001.09-2025-244,Ballast Tanks Inspection - 1M,Maintenance,2025-11-07,,Electrican,,2025-11-10,Approved,,,Checks completed as per manufacturer guidelines for Ballast Tanks Inspection - 1M. Next service due as scheduled.,f,2026-02-18 04:41:13.951019
200,COMP-1768374767684-1zzbjyo9l,72,7440571a-841a-11ed-aa7c-7003bca91a86,JOB-1768375698859-bxhld6lwv,MKR-IN-00061,WO-1770967515018-que5hhlco,UWO-72-2025-756,COOLING SYSTEMS - Filter Blockage - Emergency Cleaning,Servicing,2025-11-11,,3rd Engineer,,2025-11-14,Approved,Filter differential pressure high. Emergency cleaning/replacement carried out.,,All equipment tested satisfactorily post-maintenance. No abnormalities detected.,f,2026-02-18 04:41:13.94212
199,COMP-1768374768446-2wxksrfr6,653.004.01,7440571a-841a-11ed-aa7c-7003bca91a86,JOB-1768375698333-dlnnycdn6,MKR-OV-00025,WO-1770978832255-d0u209kde,MKR-OV-00025-653.004.01-2025-110,AE Pistons and Connecting Rods Overhaul - 4000H,Maintenance,2025-11-16,,2nd Engineer,,2025-11-17,Approved,,,Equipment tested satisfactorily after completion of AE Pistons and Connecting Rods Overhaul - 4000H. No issues found.,f,2026-02-18 04:41:13.93685
198,COMP-1768374768137-39r0aykwi,601.004.04,7440571a-841a-11ed-aa7c-7003bca91a86,JOB-1768375697385-g3vs0tk5f,MKR-IN-00063,WO-1770978832256-m1w13vzjs,MKR-IN-00063-601.004.04-2025-346,"ME Piston And Rings, Inspection - 500H",Maintenance,2025-11-12,,Chief Engineer,,2025-11-14,Approved,,,Minor additional findings recorded. Follow-up inspection recommended during next maintenance period.,f,2026-02-18 04:41:13.928209
197,COMP-1768374768511-709kv1bk1,702.005.02,7440571a-841a-11ed-aa7c-7003bca91a86,JOB-1768375698538-eaypatso8,MKR-IN-00054,WO-1770967515004-t6t7feunz,WO-702.005.02-2025-302,"Purifier, Routine - 1W",Servicing,2025-11-03,,3rd Engineer,,2025-11-06,Approved,"SAFETY PROCEDURE (COMPANY)
===========================
Ensure compliance with safety procedures according to the company policy and requirements.

JOB REFERENCE DETAILS
===================
Manual Name: 8M-3 INSTRUCTION MANAUL FOR PURIFIER;5303.pdf
Pdf Page No: 56
Chapter: 3. Maintenance Inspection Procedures
Section: 3.1 Routine checks

DESCRIPTION
===========
Routine Checks :
1. Check the feed rate with respect to set feed rate for any changes.
2. Check the temperature with set temperature level.
3. Check the pressure of light liquid outlet is to be coincide roughly with the set pressure of the leakage.
4. Check for any increase in vibration.
5. Check for operational noise in gear pump and bearing etc. 
6. Check the rated current on daily basis.
7. Check the gear pump oil quantity. 
8. Check the safety joint of gears for any deformation.
9. Check for oil leakage in pipe joints.
10. Check & adjust pressure LED (yellow) lit or flashing for Leakage Monitor.
11. Check indicate revolution LED (green) is flashing for Discharge Monitor.",,Small adjustments made to operating parameters. Equipment performance satisfactory.,f,2026-02-18 04:41:13.921861
196,COMP-1768374768239-6wbm7nkr9,651.003.01,7440571a-841a-11ed-aa7c-7003bca91a86,JOB-1768375697715-p7a1yt6pq,MKR-IN-00085,WO-1770967515004-8tu04hhxd,WO-651.003.01-2025-349,AE Cylinder Liner Inspection - 1M,Servicing,2025-11-19,,3rd Engineer,,2025-11-21,Approved,"SAFETY PROCEDURE (COMPANY)
===========================
Ensure compliance with safety procedures according to the company policy and requirements.

DESCRIPTION
===========
1. Liner Condition (Visual / Indirect)

Check for abnormal scavenge space condition (if accessible).

Look for signs of scuffing, scoring, or polishing (based on inspection ports or trend data).

Monitor liner condition through performance parameters if direct access is not possible.

2. Lubrication

Verify cylinder lubrication rate (if applicable) is as per maker’s recommendation.

Check lube oil distribution and absence of oil starvation signs.

Review lube oil consumption trends.

3. Cooling & Sealing

Monitor jacket water temperature and pressure related to cylinder No.01.

Check for cooling water leakage into cylinder or crankcase.

Verify condition of liner sealing arrangements (indirect observation).",,Work delayed due to weather/operational constraints. Completed during port stay.,f,2026-02-18 04:41:13.914515
195,COMP-1768374767845-490ayszf9,601.064,7440571a-841a-11ed-aa7c-7003bca91a86,JOB-1768375697624-8syczggwk,MKR-IN-00065,WO-1770967515019-rs64abmrf,UWO-601.064-2025-843,ME Turning Gear - Valve Leakage - Immediate Repair,Servicing,2025-11-09,,3rd Engineer,,2025-11-12,Approved,Valve found leaking during rounds. Repacked gland and replaced gasket.,,All equipment tested satisfactorily post-maintenance. No abnormalities detected.,f,2026-02-18 04:41:13.909871
194,COMP-1768374768443-sj0hmblft,653.003.06,7440571a-841a-11ed-aa7c-7003bca91a86,JOB-1768375698327-s9rfxwr8p,MKR-IN-00085,WO-1770967515004-83vnnbfej,WO-653.003.06-2025-385,AE Cylinder Liner Inspection - 1M,Servicing,2025-11-08,,3rd Engineer,,2025-11-10,Approved,"SAFETY PROCEDURE (COMPANY)
===========================
Ensure compliance with safety procedures according to the company policy and requirements.

DESCRIPTION
===========
1. Liner Condition (Visual / Indirect)

Check for abnormal scavenge space condition (if accessible).

Look for signs of scuffing, scoring, or polishing (based on inspection ports or trend data).

Monitor liner condition through performance parameters if direct access is not possible.

2. Lubrication

Verify cylinder lubrication rate (if applicable) is as per maker’s recommendation.

Check lube oil distribution and absence of oil starvation signs.

Review lube oil consumption trends.

3. Cooling & Sealing

Monitor jacket water temperature and pressure related to cylinder No.01.

Check for cooling water leakage into cylinder or crankcase.

Verify condition of liner sealing arrangements (indirect observation).",,All equipment tested satisfactorily post-maintenance. No abnormalities detected.,f,2026-02-18 04:41:13.905269
193,COMP-1768374768219-f5y8ppktt,601.066.06,7440571a-841a-11ed-aa7c-7003bca91a86,JOB-1768375697662-ii0y0011s,MKR-IN-00079,WO-1770967515018-c0t8m2qdf,UWO-601.066.06-2025-789,ME Indicators No.06 - Cooling System Malfunction,Servicing,2025-11-07,,4th Engineer,,2025-11-09,Approved,Cooling water temperature rising. Investigated and cleaned heat exchanger.,,Equipment tested satisfactorily after completion of ME Indicators No.06 - Cooling System Malfunction. No issues found.,f,2026-02-18 04:41:13.899526
192,COMP-1768374767809-mr8172nux,411.002,7440571a-841a-11ed-aa7c-7003bca91a86,JOB-1768375696966-f6q6fzyfw,MKR-IN-00045,WO-1770978832256-915zswcfm,MKR-IN-00045-411.002-2025-266,"Radar Band Parts, Lubrication - 6M",Maintenance,2025-11-07,,4th Engineer,,2025-11-09,Approved,,,"Equipment tested satisfactorily after completion of Radar Band Parts, Lubrication - 6M. No issues found.",f,2026-02-18 04:41:13.891461
191,COMP-1768374767834-dbncpiany,601.053,7440571a-841a-11ed-aa7c-7003bca91a86,JOB-1768375697585-z6leju6xr,MKR-IN-00066,WO-1770967515016-41zj8az17,WO-601.053-2025-451,"ME Turbocharger Turbine, Cleaning - 500H",Servicing,2025-11-07,,2nd Engineer,,2025-11-08,Approved,"SAFETY PROCEDURE (COMPANY)
===========================
Ensure compliance with safety procedures according to the company policy and requirements.

JOB REFERENCE DETAILS
===================
Manual Name: 3M-2 DIESEL ENGINE VOL II;5303.pdf
Pdf Page No: 196, 171, 172
Job Reference: Group No. 400
Chapter: Maintenance Schedule Of Main Parts


DESCRIPTION
===========
1. Cleaning of turbine side of turbocharger to be carried out (vegetal solid cleaning).",,All maintenance checks completed per OEM recommendations. Next scheduled service as per PMS.,f,2026-02-18 04:41:13.884902
190,COMP-1768374767589-cf56l88pf,278,7440571a-841a-11ed-aa7c-7003bca91a86,JOB-1768374783248-r2uv8ufaf,MKR-IN-00071,WO-1770967515018-bwlj2h5h6,UWO-278-2025-712,EXTERNAL CATHODIC PROTECTION - Control System Malfunction,Servicing,2025-12-03,,3rd Engineer,,2025-12-04,Approved,Control system showing intermittent faults. Checked connections and calibrated.,,Consumable parts replaced as per maintenance plan. Used parts stored for disposal.,f,2026-02-18 04:41:13.875559
189,COMP-1768374767763-k5o776mws,653.003,7440571a-841a-11ed-aa7c-7003bca91a86,JOB-1768375698297-7lwvv9bwl,MKR-IN-00085,WO-1770967515017-vfuqw1mx2,UWO-653.003-2025-522,AE3 Cylinder Liners - Hydraulic System Pressure Drop,Servicing,2025-11-07,,3rd Engineer,,2025-11-09,Approved,Hydraulic system pressure dropping. Investigated and found leaking fitting. Repaired.,,Work on AE3 Cylinder Liners - Hydraulic System Pressure Drop delayed due to operational requirements. Completed during next available window.,f,2026-02-18 04:41:13.870771
188,COMP-1768374768511-709kv1bk1,702.005.02,7440571a-841a-11ed-aa7c-7003bca91a86,JOB-1768375698538-eaypatso8,MKR-IN-00054,WO-1770967515004-96jbsyufk,WO-702.005.02-2025-303,"Purifier, Routine - 1W",Servicing,2025-11-11,,3rd Engineer,,2025-11-14,Approved,"SAFETY PROCEDURE (COMPANY)
===========================
Ensure compliance with safety procedures according to the company policy and requirements.

JOB REFERENCE DETAILS
===================
Manual Name: 8M-3 INSTRUCTION MANAUL FOR PURIFIER;5303.pdf
Pdf Page No: 56
Chapter: 3. Maintenance Inspection Procedures
Section: 3.1 Routine checks

DESCRIPTION
===========
Routine Checks :
1. Check the feed rate with respect to set feed rate for any changes.
2. Check the temperature with set temperature level.
3. Check the pressure of light liquid outlet is to be coincide roughly with the set pressure of the leakage.
4. Check for any increase in vibration.
5. Check for operational noise in gear pump and bearing etc. 
6. Check the rated current on daily basis.
7. Check the gear pump oil quantity. 
8. Check the safety joint of gears for any deformation.
9. Check for oil leakage in pipe joints.
10. Check & adjust pressure LED (yellow) lit or flashing for Leakage Monitor.
11. Check indicate revolution LED (green) is flashing for Discharge Monitor.",,Spare parts replaced as listed. Old parts retained for inspection/disposal.,f,2026-02-18 04:41:13.863912
187,COMP-1768374768137-39r0aykwi,601.004.04,7440571a-841a-11ed-aa7c-7003bca91a86,JOB-1768375697385-g3vs0tk5f,MKR-IN-00063,WO-1770978832258-gjn3jzf74,MKR-IN-00063-601.004.04-2025-351,"ME Piston And Rings, Inspection - 500H",Maintenance,2025-11-28,,4th Engineer,,2025-11-29,Approved,,,"Checks completed as per manufacturer guidelines for ME Piston And Rings, Inspection - 500H. Next service due as scheduled.",f,2026-02-18 04:41:13.856008
186,COMP-1768374768161-fwhsrv4rs,601.005.06,7440571a-841a-11ed-aa7c-7003bca91a86,JOB-1768375697440-jtfr7vtfi,MKR-IN-00076,WO-1770978832258-lieymtssh,MKR-IN-00076-601.005.06-2025-420,"Main Engine – Connecting Rods, Crosshead & Guide Assemblies Inspection - 1M",Maintenance,2025-11-25,,4th Engineer,,2025-11-26,Approved,,,All equipment tested satisfactorily post-maintenance. No abnormalities detected.,f,2026-02-18 04:41:13.849728
185,COMP-1768374768319-j4kgq3mjf,652.002.02,7440571a-841a-11ed-aa7c-7003bca91a86,JOB-1768375698020-wikm0w4cg,MKR-IN-00080,WO-1770978832260-oz9roagui,MKR-IN-00080-652.002.02-2025-612,AE Cylinder Covers with Valves Inspection - 1M,Maintenance,2025-12-07,,4th Engineer,,2025-12-08,Approved,,,All checks completed as per manufacturer guidelines. Next service due as scheduled.,f,2026-02-18 04:41:13.837844
184,COMP-1768374767946-xvx5auscz,285.001.09,7440571a-841a-11ed-aa7c-7003bca91a86,JOB-1768375696874-phtun2znj,MKR-IN-00072,WO-1770978832256-d4a63qxbd,MKR-IN-00072-285.001.09-2025-249,Ballast Tanks Inspection - 1M,Maintenance,2025-12-06,,2nd Engineer,,2025-12-08,Approved,,,Minor adjustments carried out during Ballast Tanks Inspection - 1M. Performance within acceptable parameters.,f,2026-02-18 04:41:13.830726
183,COMP-1768374767852-5jf3uv6ju,651.018,7440571a-841a-11ed-aa7c-7003bca91a86,JOB-1768375697815-rq8hx6287,MKR-IN-00086,WO-1770978832254-yeno3mo9m,MKR-IN-00086-651.018-2025-046,AE Crankcase Detailed Inspection - 4000H,Maintenance,2025-11-28,,4th Engineer,,2025-11-30,Approved,,,Equipment tested satisfactorily after completion of AE Crankcase Detailed Inspection - 4000H. No issues found.,f,2026-02-18 04:41:13.825305
182,COMP-1768374767845-490ayszf9,601.064,7440571a-841a-11ed-aa7c-7003bca91a86,JOB-1768375697624-8syczggwk,MKR-IN-00065,WO-1770978832254-yhsp5cs4u,MKR-IN-00065-601.064-2025-016,"ME Turning Gear V-belt, Inspection - 2000H",Maintenance,2025-12-09,,Chief Engineer,,2025-12-10,Approved,,,Minor adjustments made. Equipment performance within acceptable parameters.,f,2026-02-18 04:41:13.819332
181,COMP-1768374768245-va8do1j4x,651.003.03,7440571a-841a-11ed-aa7c-7003bca91a86,JOB-1768375697725-n4b6pwj8y,MKR-IN-00085,WO-1770978832259-t9xc1cp8r,MKR-IN-00085-651.003.03-2025-563,AE Cylinder Liner Inspection - 1M,Maintenance,2025-12-14,,2nd Engineer,,2025-12-16,Approved,,,Checks completed as per manufacturer guidelines for AE Cylinder Liner Inspection - 1M. Next service due as scheduled.,f,2026-02-18 04:41:13.80979
180,COMP-1768374767812-t7u0ew84e,501.002,7440571a-841a-11ed-aa7c-7003bca91a86,JOB-1768375697009-atjcavi6y,MKR-IN-00073,WO-1770978832256-f9vrd6zn3,MKR-IN-00073-501.002-2025-275,Covered (Totally Enclosed) Lifeboats Inspection - 1M,Maintenance,2025-12-20,,2nd Engineer,,2025-12-22,Approved,,,Checks completed as per manufacturer guidelines for Covered (Totally Enclosed) Lifeboats Inspection - 1M. Next service due as scheduled.,f,2026-02-18 04:41:13.802962
179,COMP-1768374768251-oq1j3zcya,651.003.05,7440571a-841a-11ed-aa7c-7003bca91a86,JOB-1768375697736-r5yb7e729,MKR-IN-00085,WO-1770978832259-xjd2qp28h,MKR-IN-00085-651.003.05-2025-585,AE Cylinder Liner Inspection - 1M,Maintenance,2025-12-17,,4th Engineer,,2025-12-20,Approved,,,Small adjustments made to operating parameters. Equipment performance satisfactory.,f,2026-02-18 04:41:13.794782
178,COMP-1768374768342-0re8c70di,652.003.04,7440571a-841a-11ed-aa7c-7003bca91a86,JOB-1768375698069-j6vg6yyo2,MKR-IN-00085,WO-1770978832260-ztl9137b9,MKR-IN-00085-652.003.04-2025-670,AE Cylinder Liner Inspection - 1M,Maintenance,2025-12-11,,Chief Engineer,,2025-12-13,Approved,,,Minor adjustments carried out during AE Cylinder Liner Inspection - 1M. Performance within acceptable parameters.,f,2026-02-18 04:41:13.786896
177,COMP-1768374768140-3bqamfvdd,601.004.05,7440571a-841a-11ed-aa7c-7003bca91a86,JOB-1768375697396-t255vvrdn,MKR-IN-00063,WO-1770978832258-36gv90pj8,MKR-IN-00063-601.004.05-2025-363,"ME Piston And Rings, Inspection - 500H",Maintenance,2025-12-07,,2nd Engineer,,2025-12-09,Approved,,,Completion delayed due to vessel operational schedule. Work carried out during port call.,f,2026-02-18 04:41:13.779906
176,COMP-1768374768134-1plkxrd1k,601.004.03,7440571a-841a-11ed-aa7c-7003bca91a86,JOB-1768375697375-cr8tdi34d,MKR-IN-00063,WO-1770978832256-3pdh1yozw,MKR-IN-00063-601.004.03-2025-333,"ME Piston And Rings, Inspection - 500H",Maintenance,2025-12-26,,Electrican,,2025-12-28,Approved,,,Minor adjustments made. Equipment performance within acceptable parameters.,f,2026-02-18 04:41:13.77433
175,COMP-1768374767914-980b44ij3,278.010.02,7440571a-841a-11ed-aa7c-7003bca91a86,JOB-1768375696813-k7ce9br2o,MKR-IN-00071,WO-1770978832255-bz6bzvsey,MKR-IN-00071-278.010.02-2025-172,"Impressed Current Cathodic Protection (ICCP), Inspection - 1M",Maintenance,2025-12-13,,4th Engineer,,2025-12-15,Approved,,,Small adjustments made to operating parameters. Equipment performance satisfactory.,f,2026-02-18 04:41:13.765377
174,COMP-1768374768130-yqa3gw7x0,601.004.02,7440571a-841a-11ed-aa7c-7003bca91a86,JOB-1768375697363-vlsr43081,MKR-IN-00063,WO-1770978832256-m76jt7kfo,MKR-IN-00063-601.004.02-2025-322,"ME Piston And Rings, Inspection - 500H",Maintenance,2025-12-30,,4th Engineer,,2026-01-02,Approved,,,Spare parts replaced as listed. Old parts retained for inspection/disposal.,f,2026-02-18 04:41:13.757538
173,COMP-1768374768146-20m0kzu7m,601.005.01,7440571a-841a-11ed-aa7c-7003bca91a86,JOB-1768375697413-w7rik62pb,MKR-IN-00076,WO-1770978832258-hsh929fzt,MKR-IN-00076-601.005.01-2025-391,"Main Engine – Connecting Rods, Crosshead & Guide Assemblies Inspection - 1M",Maintenance,2025-12-29,,4th Engineer,,2025-12-30,Approved,,,Equipment tested satisfactorily after maintenance. No issues found.,f,2026-02-18 04:41:13.74906
172,COMP-1768374767984-6u9jcb7bt,601.002.03,7440571a-841a-11ed-aa7c-7003bca91a86,JOB-1768375697090-py3yj3uu6,MKR-IN-00075,WO-1770978832254-kupjgzss5,MKR-IN-00075-601.002.03-2025-009,Main Engine – Cylinder Covers with Valves Inspection - 4000H,Maintenance,2026-01-07,,Chief Engineer,,2026-01-09,Approved,,,Minor additional findings recorded. Follow-up inspection recommended during next maintenance period.,f,2026-02-18 04:41:13.742713
171,COMP-1768374768221-1uo61tqy1,651.002.01,7440571a-841a-11ed-aa7c-7003bca91a86,JOB-1768375697677-l4b48zr2y,MKR-IN-00080,WO-1770978832259-15878t9do,MKR-IN-00080-651.002.01-2025-497,AE Cylinder Covers with Valves Inspection - 1M,Maintenance,2026-01-03,,4th Engineer,,2026-01-06,Approved,,,All equipment tested satisfactorily post-maintenance. No abnormalities detected.,f,2026-02-18 04:41:13.733457
170,COMP-1768374767942-1vyf5zpk2,285.001.08,7440571a-841a-11ed-aa7c-7003bca91a86,JOB-1768375696869-5sqfen2xp,MKR-IN-00072,WO-1770978832256-6zwwtbm16,MKR-IN-00072-285.001.08-2025-233,Ballast Tanks Inspection - 1M,Maintenance,2025-12-22,,2nd Engineer,,2025-12-24,Approved,,,Minor adjustments carried out during Ballast Tanks Inspection - 1M. Performance within acceptable parameters.,f,2026-02-18 04:41:13.725841
169,COMP-1768374768227-7efnvx4gv,651.002.03,7440571a-841a-11ed-aa7c-7003bca91a86,JOB-1768375697692-acj96mboz,MKR-IN-00080,WO-1770978832259-1humm59fu,MKR-IN-00080-651.002.03-2025-526,AE Cylinder Covers with Valves Inspection - 1M,Maintenance,2026-01-06,,4th Engineer,,2026-01-08,Approved,,,Checks completed as per manufacturer guidelines for AE Cylinder Covers with Valves Inspection - 1M. Next service due as scheduled.,f,2026-02-18 04:41:13.720144
168,COMP-1768374768181-d51ehw5xd,601.007.07,7440571a-841a-11ed-aa7c-7003bca91a86,JOB-1768375697478-ar7glkkuk,MKR-IN-00064,WO-1770978832258-u91h1urpc,MKR-IN-00064-601.007.07-2025-432,"ME Main Bearing Clearance, Inspection - 6000H",Maintenance,2025-12-29,,4th Engineer,,2025-12-30,Approved,,,All maintenance checks completed per OEM recommendations. Next scheduled service as per PMS.,f,2026-02-18 04:41:13.711858
167,COMP-1768374768413-351xv2g4n,653.002.02,7440571a-841a-11ed-aa7c-7003bca91a86,JOB-1768375698262-ndeyptgiq,MKR-IN-00080,WO-1770978832260-rhch2wkc9,MKR-IN-00080-653.002.02-2025-687,AE Cylinder Covers with Valves Inspection - 1M,Maintenance,2025-12-22,,2nd Engineer,,2025-12-23,Approved,,,All checks completed as per manufacturer guidelines. Next service due as scheduled.,f,2026-02-18 04:41:13.703168
166,COMP-1768374768127-i0rmry7ao,601.004.01,7440571a-841a-11ed-aa7c-7003bca91a86,JOB-1768375697152-3g29k6rfd,MKR-IN-00063,WO-1770978832256-0xnt9dcvw,MKR-IN-00063-601.004.01-2025-307,"ME Piston And Rings, Inspection - 500H",Maintenance,2025-12-24,,Chief Engineer,,2025-12-27,Approved,,,Work delayed due to weather/operational constraints. Completed during port stay.,f,2026-02-18 04:41:13.693275
165,COMP-1768374768204-bxjta0rjx,601.066.01,7440571a-841a-11ed-aa7c-7003bca91a86,JOB-1768375697629-njv3hbmjn,MKR-IN-00079,WO-1770978832259-zowgz2dsk,MKR-IN-00079-601.066.01-2025-453,Main Engine – Indicator Valves & Indicators Inspection - 1M,Maintenance,2026-01-06,,Electrican,,2026-01-09,Approved,,,All equipment tested satisfactorily post-maintenance. No abnormalities detected.,f,2026-02-18 04:41:13.68728
164,COMP-1768374768143-4kulzp9vp,601.004.06,7440571a-841a-11ed-aa7c-7003bca91a86,JOB-1768375697407-3iv0aw13h,MKR-IN-00063,WO-1770978832258-jhes1dimq,MKR-IN-00063-601.004.06-2025-372,"ME Piston And Rings, Inspection - 500H",Maintenance,2025-12-30,,Electrican,,2026-01-01,Approved,,,All maintenance checks completed per OEM recommendations. Next scheduled service as per PMS.,f,2026-02-18 04:41:13.676928
163,COMP-1768374768157-suzt374w7,601.005.05,7440571a-841a-11ed-aa7c-7003bca91a86,JOB-1768375697435-jappx7g00,MKR-IN-00076,WO-1770978832258-mg3nldggi,MKR-IN-00076-601.005.05-2025-408,"Main Engine – Connecting Rods, Crosshead & Guide Assemblies Inspection - 1M",Maintenance,2025-12-30,,Chief Engineer,,2025-12-31,Approved,,,"Minor adjustments carried out during Main Engine – Connecting Rods, Crosshead & Guide Assemblies Inspection - 1M. Performance within acceptable parameters.",f,2026-02-18 04:41:13.66147
162,COMP-1768374768251-oq1j3zcya,651.003.05,7440571a-841a-11ed-aa7c-7003bca91a86,JOB-1768375697736-r5yb7e729,MKR-IN-00085,WO-1770978832259-vp5g55t6f,MKR-IN-00085-651.003.05-2025-588,AE Cylinder Liner Inspection - 1M,Maintenance,2025-12-31,,Electrican,,2026-01-02,Approved,,,Work delayed due to weather/operational constraints. Completed during port stay.,f,2026-02-18 04:41:13.645967
161,COMP-1768374768143-4kulzp9vp,601.004.06,7440571a-841a-11ed-aa7c-7003bca91a86,JOB-1768375697407-3iv0aw13h,MKR-IN-00063,WO-1770978832258-77stgbxeb,MKR-IN-00063-601.004.06-2025-378,"ME Piston And Rings, Inspection - 500H",Maintenance,2025-12-31,,2nd Engineer,,2026-01-03,Approved,,,Small adjustments made to operating parameters. Equipment performance satisfactory.,f,2026-02-18 04:41:13.634814
160,COMP-1768374768550-hmn480hin,721.003.02,7440571a-841a-11ed-aa7c-7003bca91a86,JOB-1768375698912-xnnsp4l25,MKR-IN-00061,WO-1770967515004-n17dujzg7,WO-721.003.02-2026-152,"Pump General, Routine - 3M",Servicing,2026-01-13,,2nd Engineer,,2026-01-16,Approved,"SAFETY PROCEDURE (COMPANY)
===========================
Ensure compliance with safety procedures according to the company policy and requirements.

JOB REFERENCE DETAILS
===================
Manual Name: 7M-2 INSTRUCTION MANAUL FOR CENTRIFUGAL PUMP;5303.pdf
Pdf Page No: 8
Chapter: 10 Inspection
Section: 10.1 Periodical Inspection

DESCRIPTION
===========
1. Ball Bearing:
 - Add oil.
2. Gland Packing:
 - Check the condition of the fitting and the amount of leakage. Renew it if there is too much leakage.
3. Strainer:
 - Check for clogging.
4. Check for any abnormal vibrations.",,All equipment tested satisfactorily post-maintenance. No abnormalities detected.,f,2026-02-18 04:41:13.621628
159,COMP-1768374767809-mr8172nux,411.002,7440571a-841a-11ed-aa7c-7003bca91a86,JOB-1768375697003-o7esairg5,MKR-SE-00019,WO-1770967515003-e4r9xxk75,WO-411.002-2026-019,"Radar Band Lithium Battery, Renewal/Replace - 3Y",Servicing,2026-01-16,,2nd Officer,,2026-01-17,Approved,"SAFETY PROCEDURE (COMPANY)
===========================
Ensure compliance with safety procedures according to the company policy and requirements.

JOB REFERENCE DETAILS
===================
Manual Name: 4E-6 S-BAND RADAR;5303.pdf
Pdf Page No: 294
Chapter: 8 Countermeasures For Trouble And Adjustment
Section: Replacement Of Parts Periodically

DESCRIPTION
===========
1. Replace the lithium battery.",,Minor adjustments made. Equipment performance within acceptable parameters.,f,2026-02-18 04:41:13.610164
158,COMP-1768374767805-z4lpo0038,411.001,7440571a-841a-11ed-aa7c-7003bca91a86,JOB-1768375696923-b1p23n9g6,MKR-IN-00045,WO-1770967515004-m2f8b02t7,WO-411.001-2026-389,"Radar Band Parts, Lubrication - 6M",Servicing,2026-01-16,,2nd Officer,,2026-01-19,Approved,"SAFETY PROCEDURE (COMPANY)
===========================
Ensure compliance with safety procedures according to the company policy and requirements.

JOB REFERENCE DETAILS
===================
Manual Name: 4E-6 S-BAND RADAR;5303.pdf
Pdf Page No: 264, 265
Chapter: 7 Maintenance
Section: 7.2 Maintenance On Each Unit

DESCRIPTION
===========
1. Lubricate the band radiator, main shaft drive gear and encoder shaft drive gear.
2. Apply paint to the mounting legs and coaxial cable.",,"Checks completed as per manufacturer guidelines for Radar Band Parts, Lubrication - 6M. Next service due as scheduled.",f,2026-02-18 04:41:13.598913
157,COMP-1768374768546-wbsg2rfze,721.003.01,7440571a-841a-11ed-aa7c-7003bca91a86,JOB-1768375698901-atrnnjnma,MKR-IN-00062,WO-1770967515004-8kbk927g0,WO-721.003.01-2026-151,"Pump Parts, Inspection - 12M/8000H",Servicing,2026-01-16,,2nd Engineer,,2026-01-18,Approved,"SAFETY PROCEDURE (COMPANY)
===========================
Ensure compliance with safety procedures according to the company policy and requirements.

JOB REFERENCE DETAILS
===================
Manual Name: 7M-2 INSTRUCTION MANAUL FOR CENTRIFUGAL PUMP;5303.pdf
Pdf Page No: 8
Chapter: 10 Inspection
Section: 10.1 Periodical Inspection

DESCRIPTION
===========
1. Submerged Line Bearing:
 - Check the sliding surfaces for contact conditions and flaws. Measure the inside diameter and take necessary steps according to the manufacturer's standards.
2. Mechanical Seal:
 - Check the condition of mating faces.
3. Shaft Sleeve:
 - Check the contact points and flaws in portions facing packing and bearing. Measure the outside diameter and take necessary steps according to the manufacturer's standards.
4. O -Ring:
 - Check for surface flaws and signs of deterioration. Renew it if deformed.
5. Shaft Coupling bolts and Rubber Bearings:
 - Check for wear and renew them if abnormal points are found.",,"Equipment tested satisfactorily after completion of Pump Parts, Inspection - 12M/8000H. No issues found.",f,2026-02-18 04:41:13.592062
156,COMP-1768374768508-68ro7cn9f,702.005.01,7440571a-841a-11ed-aa7c-7003bca91a86,JOB-1768375698528-2zp1rjut0,MKR-SE-00021,WO-1770967515003-yaei9j2hy,WO-702.005.01-2026-113,"Purifier Parts, Renewal/Replace - 2Y",Servicing,2026-01-18,,3rd Engineer,,2026-01-19,Approved,"SAFETY PROCEDURE (COMPANY)
===========================
Ensure compliance with safety procedures according to the company policy and requirements.

JOB REFERENCE DETAILS
===================
Manual Name: 8M-3 INSTRUCTION MANAUL FOR PURIFIER;5303.pdf
Pdf Page No: 60,61
Chapter: 3. Maintenance Inspection Procedures
Section: 3.4 Expendable parts replacement intervals

DESCRIPTION
===========
Replace the following parts
1. Frame, cover:
 - Rubber plate.
 - Sludge pipe.
2. Vertical shaft, water supplying device:
 - Lower spring.
 - Flat spring.
 - Spring case.
 - Bearing.
 - Spring seat
 - Steel ball.
3. Horizontal shaft:
 - O ring.
 - Bearing.
 - Friction lining.
4. Gear pump:
 - Bush.",,Work delayed due to weather/operational constraints. Completed during port stay.,f,2026-02-18 04:41:13.579201
155,COMP-1768374768207-d3i05019v,601.066.02,7440571a-841a-11ed-aa7c-7003bca91a86,JOB-1768375697635-a4fcv6moo,MKR-IN-00079,WO-1770967515003-z6jqm2bmi,WO-601.066.02-2026-040,Main Engine – Indicator Valves & Indicators Inspection - 1M,Servicing,2026-01-17,,2nd Engineer,,2026-01-19,Approved,"SAFETY PROCEDURE (COMPANY)
===========================
Ensure compliance with safety procedures according to the company policy and requirements.

DESCRIPTION
===========
1. Indicator Valves

Inspect indicator valves for gas leakage, corrosion, or damage.

Check free movement of valve spindle and correct operation.

Ensure valve caps, safety chains, and blanking plugs are fitted and secure.

Confirm no leakage when valves are in closed position.

2. Indicator Cocks & Piping

Inspect indicator cocks, fittings, and connections for tightness.

Check condition of sealing surfaces and threads.

Verify no carbon build-up obstructing passages",,All equipment tested satisfactorily post-maintenance. No abnormalities detected.,f,2026-02-18 04:41:13.565525
154,COMP-1768374768233-4h6wvltue,651.002.05,7440571a-841a-11ed-aa7c-7003bca91a86,JOB-1768375697703-sabesr0ki,MKR-IN-00080,WO-1770967515003-d8b2uvw07,WO-651.002.05-2026-054,AE Cylinder Covers with Valves Inspection - 1M,Servicing,2026-01-19,,3rd Engineer,,2026-01-22,Approved,"SAFETY PROCEDURE (COMPANY)
===========================
Ensure compliance with safety procedures according to the company policy and requirements.

DESCRIPTION
===========
1. Cylinder Cover Condition

Inspect cylinder covers externally for cracks, corrosion, or hot spots.

Check for leakage of combustion gas, cooling water, or lube oil.

Verify tightness condition of cover securing nuts (visual check).

2. Cooling Water Passages

Check cooling water inlet and outlet connections for leakage.

Monitor jacket water temperature and pressure for each cylinder.

Look for abnormal temperature deviation between cylinders.

3. Valves (Inlet / Exhaust / Indicator / Starting if fitted)

Inspect exhaust valve area for gas leakage or overheating.

Check inlet valve area for abnormal noise or leakage.

Inspect indicator and starting valves for tightness and free operation.

Ensure valve caps and safety devices are properly fitted.",,All maintenance checks completed per OEM recommendations. Next scheduled service as per PMS.,f,2026-02-18 04:41:13.550334
153,COMP-1768374767907-73hq6hda8,801.001,7440571a-841a-11ed-aa7c-7003bca91a86,JOB-1768375698939-c9smwq2xh,MKR-SE-00024,WO-1770967515004-987g3l8t4,WO-801.001-2026-156,"Ballast Pump Ball Bearing Grease, Renewal - 12M",Servicing,2026-01-13,,Chief Engineer,,2026-01-16,Approved,"SAFETY PROCEDURE (COMPANY)
===========================
Ensure compliance with safety procedures according to the company policy and requirements.

JOB REFERENCE DETAILS
===================
Manual Name: 2F-21 CARGO PUMPING SYSTEM;5303.pdf
Pdf Page No: 75-77
Chapter: 4 Maintenance
Section: 7 Lubricants

DESCRIPTION
===========
1. Renew the grease for ball bearing.",,Equipment tested satisfactorily after maintenance. No issues found.,f,2026-02-18 04:41:13.539734
152,COMP-1768374768521-2x58uv1ld,712.011.01,7440571a-841a-11ed-aa7c-7003bca91a86,JOB-1768375698754-924wtcd3n,MKR-IN-00054,WO-1770967515004-ek1x22wl1,WO-712.011.01-2026-124,"Purifier, Routine - 1W",Servicing,2026-01-14,,3rd Engineer,,2026-01-15,Approved,"SAFETY PROCEDURE (COMPANY)
===========================
Ensure compliance with safety procedures according to the company policy and requirements.

JOB REFERENCE DETAILS
===================
Manual Name: 8M-3 INSTRUCTION MANAUL FOR PURIFIER;5303.pdf
Pdf Page No: 56
Chapter: 3. Maintenance Inspection Procedures
Section: 3.1 Routine checks

DESCRIPTION
===========
Routine Checks :
1. Check the feed rate with respect to set feed rate for any changes.
2. Check the temperature with set temperature level.
3. Check the pressure of light liquid outlet is to be coincide roughly with the set pressure of the leakage.
4. Check for any increase in vibration.
5. Check for operational noise in gear pump and bearing etc. 
6. Check the rated current on daily basis.
7. Check the gear pump oil quantity. 
8. Check the safety joint of gears for any deformation.
9. Check for oil leakage in pipe joints.
10. Check & adjust pressure LED (yellow) lit or flashing for Leakage Monitor.
11. Check indicate revolution LED (green) is flashing for Discharge Monitor.",,"Equipment tested satisfactorily after completion of Purifier, Routine - 1W. No issues found.",f,2026-02-18 04:41:13.529475
151,COMP-1768374768347-rnzskklg2,652.003.06,7440571a-841a-11ed-aa7c-7003bca91a86,JOB-1768375698079-bbg8c1hi2,MKR-IN-00085,WO-1770967515003-zw54my44h,WO-652.003.06-2026-084,AE Cylinder Liner Inspection - 1M,Servicing,2026-01-17,,3rd Engineer,,2026-01-20,Approved,"SAFETY PROCEDURE (COMPANY)
===========================
Ensure compliance with safety procedures according to the company policy and requirements.

DESCRIPTION
===========
1. Liner Condition (Visual / Indirect)

Check for abnormal scavenge space condition (if accessible).

Look for signs of scuffing, scoring, or polishing (based on inspection ports or trend data).

Monitor liner condition through performance parameters if direct access is not possible.

2. Lubrication

Verify cylinder lubrication rate (if applicable) is as per maker’s recommendation.

Check lube oil distribution and absence of oil starvation signs.

Review lube oil consumption trends.

3. Cooling & Sealing

Monitor jacket water temperature and pressure related to cylinder No.01.

Check for cooling water leakage into cylinder or crankcase.

Verify condition of liner sealing arrangements (indirect observation).",,All equipment tested satisfactorily post-maintenance. No abnormalities detected.,f,2026-02-18 04:41:13.519115
150,COMP-1768374767899-slkigc1i8,665.001,7440571a-841a-11ed-aa7c-7003bca91a86,JOB-1768375698494-0937c543w,MKR-IN-00087,WO-1770967515003-v1yoh70ji,WO-665.001-2026-104,Emergency Generator Routine Inspection - 1M,Servicing,2026-01-18,,3rd Engineer,,2026-01-19,Approved,"SAFETY PROCEDURE (COMPANY)
===========================
Ensure compliance with safety procedures according to the company policy and requirements.

DESCRIPTION
===========
1. Engine Inspection

Inspect EG engine for oil, fuel, and coolant leaks.

Check engine mounts, bedplate, and exhaust system for security and integrity.

Inspect cylinder covers, fuel injectors, and air intake for cleanliness and proper function.

2. Lubrication & Cooling System

Check lube oil level and quality; replace oil if due.

Inspect and replace LO filters if required.

Check coolant level, condition, and circulation; replace coolant if required.

Inspect hoses, connections, and pumps for leaks or wear.",,Small adjustments made to operating parameters. Equipment performance satisfactory.,f,2026-02-18 04:41:13.502504
149,COMP-1768374768533-xnq4n84q4,712.013.02,7440571a-841a-11ed-aa7c-7003bca91a86,JOB-1768375698847-a541d0mk2,MKR-IN-00060,WO-1770967515004-770aaot0p,WO-712.013.02-2026-145,"Gear Pump Parts, Inspection - 12M/8000H",Servicing,2026-01-30,,3rd Engineer,,2026-02-01,Approved,"SAFETY PROCEDURE (COMPANY)
===========================
Ensure compliance with safety procedures according to the company policy and requirements.

JOB REFERENCE DETAILS
===================
Manual Name: 7M-3 INSTRUCTION MANUAL FOR GEAR PUMPS;5303.pdf
Pdf Page No: 7,8
Chapter: 11 Inspection
Section: 11.1 Periodical Inspection

DESCRIPTION
===========
1. Line Bearing:
 - Check sliding surfaces for signs of wear and damage.
 - Measure inside diameter and take necessary steps according to manufacturer's standards.

2. Mechanical seal:
 - Check the condition of mating faces.

3. Shaft Sleeve:
 - Inspect contact points and surfaces facing packing and bearing for flaws.
 - Measure outside diameter and take necessary steps according to manufacturer's standards.

4. O -Ring:
 - Check for surface flaws and signs of deterioration, replace if deformed.

5. Safety Valve:
 - Adjust the discharge valve to increase discharge pressure and verify operation.

6. Shaft Coupling bolts and Rubber Bearings:
 - Inspect for wear and replace if abnormal points are found.

7. Foundation Bolts:
 - Check for tightness.",,"Checks completed as per manufacturer guidelines for Gear Pump Parts, Inspection - 12M/8000H. Next service due as scheduled.",f,2026-02-18 04:41:13.482555
148,COMP-1768374767795-1qyq8qvkb,721.001.02,7440571a-841a-11ed-aa7c-7003bca91a86,JOB-1768375698876-fjzy2vz03,MKR-IN-00061,WO-1770967515004-nwiqcrpeu,WO-721.001.02-2026-148,"Pump General, Routine - 3M",Servicing,2026-01-24,,2nd Engineer,,2026-01-27,Approved,"SAFETY PROCEDURE (COMPANY)
===========================
Ensure compliance with safety procedures according to the company policy and requirements.

JOB REFERENCE DETAILS
===================
Manual Name: 7M-2 INSTRUCTION MANAUL FOR CENTRIFUGAL PUMP;5303.pdf
Pdf Page No: 8
Chapter: 10 Inspection
Section: 10.1 Periodical Inspection

DESCRIPTION
===========
1. Ball Bearing:
 - Add oil.
2. Gland Packing:
 - Check the condition of the fitting and the amount of leakage. Renew it if there is too much leakage.
3. Strainer:
 - Check for clogging.
4. Check for any abnormal vibrations.",,All checks completed as per manufacturer guidelines. Next service due as scheduled.,f,2026-02-18 04:41:13.470809
147,COMP-1768374768384-pjp9hbit6,652.007.07,7440571a-841a-11ed-aa7c-7003bca91a86,JOB-1768375698148-z3g5hrmm4,MKR-IN-00015,WO-1770967515018-mi122oj9q,UWO-652.007.07-2026-682,"AE2 Main Bearings, Journals No.07 - Bearing Overheating - Emergency Maintenance",Servicing,2026-01-18,,Chief Engineer,,2026-01-20,Approved,Bearing temperature rising above normal. Emergency maintenance carried out.,,All equipment tested satisfactorily post-maintenance. No abnormalities detected.,f,2026-02-18 04:41:13.456423
146,COMP-1768374768525-zyps62yum,712.011.02,7440571a-841a-11ed-aa7c-7003bca91a86,JOB-1768375698792-2d19ix5kf,MKR-IN-00054,WO-1770967515004-z75odx75q,WO-712.011.02-2026-134,"Purifier, Routine - 1W",Servicing,2026-01-18,,3rd Engineer,,2026-01-20,Approved,"SAFETY PROCEDURE (COMPANY)
===========================
Ensure compliance with safety procedures according to the company policy and requirements.

JOB REFERENCE DETAILS
===================
Manual Name: 8M-3 INSTRUCTION MANAUL FOR PURIFIER;5303.pdf
Pdf Page No: 56
Chapter: 3. Maintenance Inspection Procedures
Section: 3.1 Routine checks

DESCRIPTION
===========
Routine Checks :
1. Check the feed rate with respect to set feed rate for any changes.
2. Check the temperature with set temperature level.
3. Check the pressure of light liquid outlet is to be coincide roughly with the set pressure of the leakage.
4. Check for any increase in vibration.
5. Check for operational noise in gear pump and bearing etc. 
6. Check the rated current on daily basis.
7. Check the gear pump oil quantity. 
8. Check the safety joint of gears for any deformation.
9. Check for oil leakage in pipe joints.
10. Check & adjust pressure LED (yellow) lit or flashing for Leakage Monitor.
11. Check indicate revolution LED (green) is flashing for Discharge Monitor.",,Equipment tested satisfactorily after maintenance. No issues found.,f,2026-02-18 04:41:13.447136
145,COMP-1768374767926-g48xyg3nc,285.001.03,7440571a-841a-11ed-aa7c-7003bca91a86,JOB-1768375696838-1gy01vggb,MKR-IN-00072,WO-1770967515003-js7viehnd,WO-285.001.03-2026-004,Ballast Tanks Inspection - 1M,Servicing,2026-01-18,,2nd Engineer,,2026-01-20,Approved,"SAFETY PROCEDURE (COMPANY)
===========================
Ensure compliance with safety procedures according to the company policy and requirements.

DESCRIPTION
===========
Carry out a routine monthly inspection of ballast tanks to ensure structural integrity, coating condition, corrosion protection, and operational readiness, and to identify any signs of leakage, corrosion, or contamination at an early stage.",,Minor adjustments carried out during Ballast Tanks Inspection - 1M. Performance within acceptable parameters.,f,2026-02-18 04:41:13.436075
144,COMP-1768374767799-zs6hrf8cm,401.005,7440571a-841a-11ed-aa7c-7003bca91a86,JOB-1768375696887-0ce70adnn,MKR-IN-00041,WO-1770967515004-55p78s10p,WO-401.005-2026-392,"Rudder, Visual Check - 1M",Servicing,2026-01-21,,2nd Engineer,,2026-01-24,Approved,"SAFETY PROCEDURE (COMPANY)
===========================
Ensure compliance with safety procedures according to the company policy and requirements.

JOB REFERENCE DETAILS
===================
Manual Name: H-6 SHILLING RUDDER (MAKER PLAN);5303.pdf
Pdf Page No: 27
Chapter: 3. Check And Repair


DESCRIPTION
===========
1. Disassemble the casing and seal ring carefully, following safety protocols.
2. Inspect the condition of the mating faces for any signs of wear or damage, ensuring they are clean and properly aligned.
3. Measure the leakage volume and, if applicable, check the water -injection volume to confirm it is within operational parameters.
Note:
Carry out this job when any leakage is found.",,Spare parts replaced as listed. Old parts retained for inspection/disposal.,f,2026-02-18 04:41:13.426032
143,COMP-1768374767879-whkjy1n4i,653.001,7440571a-841a-11ed-aa7c-7003bca91a86,JOB-1768375698249-857uxmj8e,MKR-IN-00014,WO-1770967515003-zd6a69dix,WO-653.001-2026-086,"DG General, Visual Check - 1W",Servicing,2026-01-15,,3rd Engineer,,2026-01-16,Approved,"SAFETY PROCEDURE (COMPANY)
===========================
Ensure compliance with safety procedures according to the company policy and requirements.

JOB REFERENCE DETAILS
===================
Manual Name: 5M-2 OPERATION MANAUL FOR DIESEL GENERATOR ENGINE;5303.pdf
Pdf Page No: 85
Job Reference: Lub. Oil System
Chapter: 6. Maintenance Checking
Section: 6.1 Table of Routine Maintenance Checking

DESCRIPTION
===========
A. Pressure gauge Check:
 - Check for any defective on pressure gauge.
B. Thermometer:
 - Check for any defective indication.
C. Engine appearance:
 - Check on looseness of bolts and nuts.
 - Check on leaks of various parts like cooling water, fuel oil, and lube. Oil, boost air and exhaust gas.
D. Pipe System:
 - Check for any leakages.",,Work delayed due to weather/operational constraints. Completed during port stay.,f,2026-02-18 04:41:13.41929
142,COMP-1768374767802-sjje0yq3o,403.001,7440571a-841a-11ed-aa7c-7003bca91a86,JOB-1768375696892-thsj9k2p0,MKR-IN-00042,WO-1770967515003-bjne0zfdr,WO-403.001-2026-012,"Steering Gear Oil, Routine - 1W",Servicing,2026-02-03,,2nd Engineer,,2026-02-06,Approved,"SAFETY PROCEDURE (COMPANY)
===========================
Ensure compliance with safety procedures according to the company policy and requirements.

JOB REFERENCE DETAILS
===================
Manual Name: 2F-1 ROTARY VANE STEERING GEAR;5303.pdf
Pdf Page No: 93
Chapter: Oil Specification


DESCRIPTION
===========
1. Check the oil contamination regularly.
2. Check the Oil level & top -up if necessary.
3. Inspect the actuator external leakage, paintwork and damage etc.",,All maintenance checks completed per OEM recommendations. Next scheduled service as per PMS.,f,2026-02-18 04:41:13.409528
141,COMP-1768374768511-709kv1bk1,702.005.02,7440571a-841a-11ed-aa7c-7003bca91a86,JOB-1768375698560-wk04ondnt,MKR-SE-00021,WO-1770967515003-8lpiudq0c,WO-702.005.02-2026-118,"Purifier Parts, Renewal/Replace - 2Y",Servicing,2026-02-08,,3rd Engineer,,2026-02-09,Approved,"SAFETY PROCEDURE (COMPANY)
===========================
Ensure compliance with safety procedures according to the company policy and requirements.

JOB REFERENCE DETAILS
===================
Manual Name: 8M-3 INSTRUCTION MANAUL FOR PURIFIER;5303.pdf
Pdf Page No: 60,61
Chapter: 3. Maintenance Inspection Procedures
Section: 3.4 Expendable parts replacement intervals

DESCRIPTION
===========
Replace the following parts
1. Frame, cover:
 - Rubber plate.
 - Sludge pipe.
2. Vertical shaft, water supplying device:
 - Lower spring.
 - Flat spring.
 - Spring case.
 - Bearing.
 - Spring seat
 - Steel ball.
3. Horizontal shaft:
 - O ring.
 - Bearing.
 - Friction lining.
4. Gear pump:
 - Bush.",,All equipment tested satisfactorily post-maintenance. No abnormalities detected.,f,2026-02-18 04:41:13.397256
140,COMP-1768374768511-709kv1bk1,702.005.02,7440571a-841a-11ed-aa7c-7003bca91a86,JOB-1768375698538-eaypatso8,MKR-IN-00054,WO-1770967515004-7e257mlh0,WO-702.005.02-2026-313,"Purifier, Routine - 1W",Servicing,2026-01-20,,3rd Engineer,,2026-01-21,Approved,"SAFETY PROCEDURE (COMPANY)
===========================
Ensure compliance with safety procedures according to the company policy and requirements.

JOB REFERENCE DETAILS
===================
Manual Name: 8M-3 INSTRUCTION MANAUL FOR PURIFIER;5303.pdf
Pdf Page No: 56
Chapter: 3. Maintenance Inspection Procedures
Section: 3.1 Routine checks

DESCRIPTION
===========
Routine Checks :
1. Check the feed rate with respect to set feed rate for any changes.
2. Check the temperature with set temperature level.
3. Check the pressure of light liquid outlet is to be coincide roughly with the set pressure of the leakage.
4. Check for any increase in vibration.
5. Check for operational noise in gear pump and bearing etc. 
6. Check the rated current on daily basis.
7. Check the gear pump oil quantity. 
8. Check the safety joint of gears for any deformation.
9. Check for oil leakage in pipe joints.
10. Check & adjust pressure LED (yellow) lit or flashing for Leakage Monitor.
11. Check indicate revolution LED (green) is flashing for Discharge Monitor.",,Equipment tested satisfactorily after maintenance. No issues found.,f,2026-02-18 04:41:13.385417
139,COMP-1768374768154-1i5pyaema,601.005.04,7440571a-841a-11ed-aa7c-7003bca91a86,JOB-1768375697429-tbddsrfst,MKR-IN-00076,WO-1770967515003-je9e15txi,WO-601.005.04-2026-032,"Main Engine – Connecting Rods, Crosshead & Guide Assemblies Inspection - 1M",Servicing,2026-01-18,,2nd Engineer,,2026-01-19,Approved,"SAFETY PROCEDURE (COMPANY)
===========================
Ensure compliance with safety procedures according to the company policy and requirements.

DESCRIPTION
===========
1. Connecting Rods

Inspect connecting rods externally for cracks, deformation, or abnormal discoloration.

Check for oil leakage from big-end bearings and oil supply pipes.

Verify securing arrangements (nuts, locking devices) are intact.

2. Crosshead Assembly

Inspect crosshead pin area for abnormal noise, vibration, or overheating.

Check crosshead bearing lubrication and oil flow.

Monitor bearing temperatures and compare with previous records.

3. Guide Shoes & Guide Rails

Inspect guide shoes for uneven wear, scoring, or overheating marks.

Check guide rail surfaces for scratches, wear, or abnormal polishing.

Verify guide shoe clearance (as per maker’s limits where measurable).

4. Lubrication System

Confirm correct oil supply to crosshead and guide shoe lubrication points.

Check oil pressure and temperature for crosshead lube system.

Inspect lube oil filters related to crosshead system.

5. Performance & Trend Monitoring

Review vibration, noise, and temperature trends.

Compare cylinder-wise data for abnormal deviation.

Review lube oil analysis results (if applicable).",,Spare parts replaced as listed. Old parts retained for inspection/disposal.,f,2026-02-18 04:41:13.373785
138,COMP-1768374767834-dbncpiany,601.053,7440571a-841a-11ed-aa7c-7003bca91a86,JOB-1768375697596-xmq9a3h97,MKR-IN-00068,WO-1770967515003-318ja2lu4,WO-601.053-2026-037,"ME Turbocharger Major Parts, Visual Check - 1Y",Servicing,2026-01-22,,2nd Engineer,,2026-01-25,Approved,"SAFETY PROCEDURE (COMPANY)
===========================
Ensure compliance with safety procedures according to the company policy and requirements.

JOB REFERENCE DETAILS
===================
Manual Name: 3M-2 DIESEL ENGINE VOL II;5303.pdf
Pdf Page No: 431-433
Chapter: C Points of care to observe as regards Maintenance.


DESCRIPTION
===========
1. Check the turbocharger and clean in necessary.
2. Check the rotor shaft and turbine wheel.
3. Check the compressor impeller and diffuser.
4. Check for any damage in turbine nozzle and bending of nozzles.
5. Replace the turbine nozzle, thrust bearing and journal bearing.
6. Check the seal air passage.",,Minor adjustments made. Equipment performance within acceptable parameters.,f,2026-02-18 04:41:13.359195
137,COMP-1768374767619-k2joo21sq,41,7440571a-841a-11ed-aa7c-7003bca91a86,JOB-1768375696923-b1p23n9g6,MKR-IN-00045,WO-1770967515017-cxak8iyd9,UWO-41-2026-572,NAVIGATION & SEARCHING EQUIPMENT - Hydraulic System Pressure Drop,Servicing,2026-01-20,,4th Engineer,,2026-01-21,Approved,Hydraulic system pressure dropping. Investigated and found leaking fitting. Repaired.,,Spare parts replaced as listed. Old parts retained for inspection/disposal.,f,2026-02-18 04:41:13.346067
136,COMP-1768374768537-ephwpws05,721.801.01,7440571a-841a-11ed-aa7c-7003bca91a86,JOB-1768375698929-mmdotlhrv,MKR-IN-00089,WO-1770967515004-jv4zutdqe,WO-721.801.01-2026-154,Electric Motor Megger Test - 1M,Servicing,2026-01-18,,Electrican,,2026-01-20,Approved,"SAFETY PROCEDURE (COMPANY)
===========================
Ensure compliance with safety procedures according to the company policy and requirements.

DESCRIPTION
===========
Carry out megger test",,Required spare parts replaced during Electric Motor Megger Test - 1M. Old parts retained for inspection.,f,2026-02-18 04:41:13.331702
135,COMP-1768374768434-nrv9zw8wl,653.003.03,7440571a-841a-11ed-aa7c-7003bca91a86,JOB-1768375698311-y5ms9jqpc,MKR-IN-00085,WO-1770967515003-1ycworvqr,WO-653.003.03-2026-099,AE Cylinder Liner Inspection - 1M,Servicing,2026-01-20,,3rd Engineer,,2026-01-23,Approved,"SAFETY PROCEDURE (COMPANY)
===========================
Ensure compliance with safety procedures according to the company policy and requirements.

DESCRIPTION
===========
1. Liner Condition (Visual / Indirect)

Check for abnormal scavenge space condition (if accessible).

Look for signs of scuffing, scoring, or polishing (based on inspection ports or trend data).

Monitor liner condition through performance parameters if direct access is not possible.

2. Lubrication

Verify cylinder lubrication rate (if applicable) is as per maker’s recommendation.

Check lube oil distribution and absence of oil starvation signs.

Review lube oil consumption trends.

3. Cooling & Sealing

Monitor jacket water temperature and pressure related to cylinder No.01.

Check for cooling water leakage into cylinder or crankcase.

Verify condition of liner sealing arrangements (indirect observation).",,Work on AE Cylinder Liner Inspection - 1M delayed due to operational requirements. Completed during next available window.,f,2026-02-18 04:41:13.31933
134,COMP-1768374767815-k5anrfi02,554.001,7440571a-841a-11ed-aa7c-7003bca91a86,JOB-1768375697014-n01208k56,MKR-IN-00046,WO-1770967515003-8kw4mb2so,WO-554.001-2026-021,"Provision Refrigeration Unit, Routine - 1W",Servicing,2026-01-19,,2nd Engineer,,2026-01-22,Approved,"SAFETY PROCEDURE (COMPANY)
===========================
Ensure compliance with safety procedures according to the company policy and requirements.

JOB REFERENCE DETAILS
===================
Manual Name: 2F-16 UNIT TYPE PROV. REF. CHAMBER;5303.pdf
Pdf Page No: 92
Chapter: 3.inspection


DESCRIPTION
===========
1. Check it by oil level gauge.
2. Check it by discharge pressure gauge.
3.Check it by suction pressure gauge
4.Check it by oil pressure gauge.
5.Check by thermometer
6.Ausculation with brass bar & Palpation",,All maintenance checks completed per OEM recommendations. Next scheduled service as per PMS.,f,2026-02-18 04:41:13.308757
133,COMP-1768374767863-71ynjfqzw,652.001,7440571a-841a-11ed-aa7c-7003bca91a86,JOB-1768375698005-1lf3yhs0u,MKR-IN-00014,WO-1770967515003-kkhkyw0wz,WO-652.001-2026-067,"DG General, Visual Check - 1W",Servicing,2026-01-24,,3rd Engineer,,2026-01-26,Approved,"SAFETY PROCEDURE (COMPANY)
===========================
Ensure compliance with safety procedures according to the company policy and requirements.

JOB REFERENCE DETAILS
===================
Manual Name: 5M-2 OPERATION MANAUL FOR DIESEL GENERATOR ENGINE;5303.pdf
Pdf Page No: 85
Job Reference: Lub. Oil System
Chapter: 6. Maintenance Checking
Section: 6.1 Table of Routine Maintenance Checking

DESCRIPTION
===========
A. Pressure gauge Check:
 - Check for any defective on pressure gauge.
B. Thermometer:
 - Check for any defective indication.
C. Engine appearance:
 - Check on looseness of bolts and nuts.
 - Check on leaks of various parts like cooling water, fuel oil, and lube. Oil, boost air and exhaust gas.
D. Pipe System:
 - Check for any leakages.",,Equipment tested satisfactorily after maintenance. No issues found.,f,2026-02-18 04:41:13.272824
132,COMP-1768374768508-68ro7cn9f,702.005.01,7440571a-841a-11ed-aa7c-7003bca91a86,JOB-1768375698505-5h32zwd3i,MKR-IN-00054,WO-1770967515003-5mh2a5r4p,WO-702.005.01-2026-106,"Purifier, Routine - 1W",Servicing,2026-01-23,,3rd Engineer,,2026-01-26,Approved,"SAFETY PROCEDURE (COMPANY)
===========================
Ensure compliance with safety procedures according to the company policy and requirements.

JOB REFERENCE DETAILS
===================
Manual Name: 8M-3 INSTRUCTION MANAUL FOR PURIFIER;5303.pdf
Pdf Page No: 56
Chapter: 3. Maintenance Inspection Procedures
Section: 3.1 Routine checks

DESCRIPTION
===========
Routine Checks :
1. Check the feed rate with respect to set feed rate for any changes.
2. Check the temperature with set temperature level.
3. Check the pressure of light liquid outlet is to be coincide roughly with the set pressure of the leakage.
4. Check for any increase in vibration.
5. Check for operational noise in gear pump and bearing etc. 
6. Check the rated current on daily basis.
7. Check the gear pump oil quantity. 
8. Check the safety joint of gears for any deformation.
9. Check for oil leakage in pipe joints.
10. Check & adjust pressure LED (yellow) lit or flashing for Leakage Monitor.
11. Check indicate revolution LED (green) is flashing for Discharge Monitor.",,Equipment tested satisfactorily after maintenance. No issues found.,f,2026-02-18 04:41:13.254512
131,COMP-1768374768325-ll7jbsmdj,652.002.04,7440571a-841a-11ed-aa7c-7003bca91a86,JOB-1768375698034-e4rtg78p3,MKR-IN-00080,WO-1770967515003-7r0ll59ib,WO-652.002.04-2026-074,AE Cylinder Covers with Valves Inspection - 1M,Servicing,2026-02-08,,3rd Engineer,,2026-02-11,Approved,"SAFETY PROCEDURE (COMPANY)
===========================
Ensure compliance with safety procedures according to the company policy and requirements.

DESCRIPTION
===========
1. Cylinder Cover Condition

Inspect cylinder covers externally for cracks, corrosion, or hot spots.

Check for leakage of combustion gas, cooling water, or lube oil.

Verify tightness condition of cover securing nuts (visual check).

2. Cooling Water Passages

Check cooling water inlet and outlet connections for leakage.

Monitor jacket water temperature and pressure for each cylinder.

Look for abnormal temperature deviation between cylinders.

3. Valves (Inlet / Exhaust / Indicator / Starting if fitted)

Inspect exhaust valve area for gas leakage or overheating.

Check inlet valve area for abnormal noise or leakage.

Inspect indicator and starting valves for tightness and free operation.

Ensure valve caps and safety devices are properly fitted.",,Equipment tested satisfactorily after completion of AE Cylinder Covers with Valves Inspection - 1M. No issues found.,f,2026-02-18 04:41:13.241661
130,COMP-1768374767879-whkjy1n4i,653.001,7440571a-841a-11ed-aa7c-7003bca91a86,JOB-1768375698249-857uxmj8e,MKR-IN-00014,WO-1770967515003-7r91a7wi6,WO-653.001-2026-087,"DG General, Visual Check - 1W",Servicing,2026-01-21,,3rd Engineer,,2026-01-24,Approved,"SAFETY PROCEDURE (COMPANY)
===========================
Ensure compliance with safety procedures according to the company policy and requirements.

JOB REFERENCE DETAILS
===================
Manual Name: 5M-2 OPERATION MANAUL FOR DIESEL GENERATOR ENGINE;5303.pdf
Pdf Page No: 85
Job Reference: Lub. Oil System
Chapter: 6. Maintenance Checking
Section: 6.1 Table of Routine Maintenance Checking

DESCRIPTION
===========
A. Pressure gauge Check:
 - Check for any defective on pressure gauge.
B. Thermometer:
 - Check for any defective indication.
C. Engine appearance:
 - Check on looseness of bolts and nuts.
 - Check on leaks of various parts like cooling water, fuel oil, and lube. Oil, boost air and exhaust gas.
D. Pipe System:
 - Check for any leakages.",,"Required spare parts replaced during DG General, Visual Check - 1W. Old parts retained for inspection.",f,2026-02-18 04:41:13.22961
129,COMP-1768374767974-ma2l45pdf,554.005.02,7440571a-841a-11ed-aa7c-7003bca91a86,JOB-1768375697059-m5ot2aba6,MKR-IN-00052,WO-1770967515003-g414z8iqk,WO-554.005.02-2026-027,"Provision Ref. Condensers Pressure Switch, Visual Check - 1Y",Servicing,2026-01-22,,2nd Engineer,,2026-01-24,Approved,"SAFETY PROCEDURE (COMPANY)
===========================
Ensure compliance with safety procedures according to the company policy and requirements.

JOB REFERENCE DETAILS
===================
Manual Name: 2F-16 UNIT TYPE PROV. REF. CHAMBER;5303.pdf
Pdf Page No: 92
Chapter: 3.inspection


DESCRIPTION
===========
1. Check the pressure switch by stopping the condenser water.( High Side)
3. Check the pressure switch by closing the condenser water outlet valve.( Low Side)",,"Minor adjustments carried out during Provision Ref. Condensers Pressure Switch, Visual Check - 1Y. Performance within acceptable parameters.",f,2026-02-18 04:41:13.220333
128,COMP-1768374768307-nqfo8cn7a,651.020.05,7440571a-841a-11ed-aa7c-7003bca91a86,JOB-1768375697959-z0f5yveh0,MKR-IN-00017,WO-1770967515017-u9276oock,UWO-651.020.05-2026-612,AE1 Crankcase Doors W/Safety Valve No.05 - Filter Blockage - Emergency Cleaning,Servicing,2026-02-13,,3rd Engineer,,2026-02-14,Approved,Filter differential pressure high. Emergency cleaning/replacement carried out.,,Equipment tested satisfactorily after completion of AE1 Crankcase Doors W/Safety Valve No.05 - Filter Blockage - Emergency Cleaning. No issues found.,f,2026-02-18 04:41:13.209608
127,COMP-1768374768525-zyps62yum,712.011.02,7440571a-841a-11ed-aa7c-7003bca91a86,JOB-1768375698792-2d19ix5kf,MKR-IN-00054,WO-1770967515004-x7det1ouw,WO-712.011.02-2026-135,"Purifier, Routine - 1W",Servicing,2026-01-25,,3rd Engineer,,2026-01-28,Approved,"SAFETY PROCEDURE (COMPANY)
===========================
Ensure compliance with safety procedures according to the company policy and requirements.

JOB REFERENCE DETAILS
===================
Manual Name: 8M-3 INSTRUCTION MANAUL FOR PURIFIER;5303.pdf
Pdf Page No: 56
Chapter: 3. Maintenance Inspection Procedures
Section: 3.1 Routine checks

DESCRIPTION
===========
Routine Checks :
1. Check the feed rate with respect to set feed rate for any changes.
2. Check the temperature with set temperature level.
3. Check the pressure of light liquid outlet is to be coincide roughly with the set pressure of the leakage.
4. Check for any increase in vibration.
5. Check for operational noise in gear pump and bearing etc. 
6. Check the rated current on daily basis.
7. Check the gear pump oil quantity. 
8. Check the safety joint of gears for any deformation.
9. Check for oil leakage in pipe joints.
10. Check & adjust pressure LED (yellow) lit or flashing for Leakage Monitor.
11. Check indicate revolution LED (green) is flashing for Discharge Monitor.",,Small adjustments made to operating parameters. Equipment performance satisfactory.,f,2026-02-18 04:41:13.197798
126,COMP-1768374768528-7rjw79wtr,712.013.01,7440571a-841a-11ed-aa7c-7003bca91a86,JOB-1768375698831-m2lc0kyk1,MKR-IN-00060,WO-1770967515004-zskfg8s9l,WO-712.013.01-2026-144,"Gear Pump Parts, Inspection - 12M/8000H",Servicing,2026-01-23,,3rd Engineer,,2026-01-26,Approved,"SAFETY PROCEDURE (COMPANY)
===========================
Ensure compliance with safety procedures according to the company policy and requirements.

JOB REFERENCE DETAILS
===================
Manual Name: 7M-3 INSTRUCTION MANUAL FOR GEAR PUMPS;5303.pdf
Pdf Page No: 7,8
Chapter: 11 Inspection
Section: 11.1 Periodical Inspection

DESCRIPTION
===========
1. Line Bearing:
 - Check sliding surfaces for signs of wear and damage.
 - Measure inside diameter and take necessary steps according to manufacturer's standards.

2. Mechanical seal:
 - Check the condition of mating faces.

3. Shaft Sleeve:
 - Inspect contact points and surfaces facing packing and bearing for flaws.
 - Measure outside diameter and take necessary steps according to manufacturer's standards.

4. O -Ring:
 - Check for surface flaws and signs of deterioration, replace if deformed.

5. Safety Valve:
 - Adjust the discharge valve to increase discharge pressure and verify operation.

6. Shaft Coupling bolts and Rubber Bearings:
 - Inspect for wear and replace if abnormal points are found.

7. Foundation Bolts:
 - Check for tightness.",,Spare parts replaced as listed. Old parts retained for inspection/disposal.,f,2026-02-18 04:41:13.18731
125,COMP-1768374767970-rjlhewmvb,554.005.01,7440571a-841a-11ed-aa7c-7003bca91a86,JOB-1768375697054-rbgk958fi,MKR-IN-00052,WO-1770967515003-an7so1w7x,WO-554.005.01-2026-026,"Provision Ref. Condensers Pressure Switch, Visual Check - 1Y",Servicing,2026-02-09,,2nd Engineer,,2026-02-12,Approved,"SAFETY PROCEDURE (COMPANY)
===========================
Ensure compliance with safety procedures according to the company policy and requirements.

JOB REFERENCE DETAILS
===================
Manual Name: 2F-16 UNIT TYPE PROV. REF. CHAMBER;5303.pdf
Pdf Page No: 92
Chapter: 3.inspection


DESCRIPTION
===========
1. Check the pressure switch by stopping the condenser water.( High Side)
3. Check the pressure switch by closing the condenser water outlet valve.( Low Side)",,"Required spare parts replaced during Provision Ref. Condensers Pressure Switch, Visual Check - 1Y. Old parts retained for inspection.",f,2026-02-18 04:41:13.173874
124,COMP-1768374767802-sjje0yq3o,403.001,7440571a-841a-11ed-aa7c-7003bca91a86,JOB-1768375696899-ttdhzlgoq,MKR-IN-00043,WO-1770967515003-2ar3zyutl,WO-403.001-2026-016,"Steering Gear Actuator Stuffing Gland, Inspection - 1Y",Servicing,2026-01-18,,2nd Engineer,,2026-01-19,Approved,"SAFETY PROCEDURE (COMPANY)
===========================
Ensure compliance with safety procedures according to the company policy and requirements.

JOB REFERENCE DETAILS
===================
Manual Name: 2F-1 ROTARY VANE STEERING GEAR;5303.pdf
Pdf Page No: 118
Chapter: Periodical Maintenance


DESCRIPTION
===========
1. Check the stuffing glands of the actuator.",,Completion delayed due to vessel operational schedule. Work carried out during port call.,f,2026-02-18 04:41:13.162892
123,COMP-1768374768230-di5x3jxz8,651.002.04,7440571a-841a-11ed-aa7c-7003bca91a86,JOB-1768375697698-z6haq29k,MKR-IN-00080,WO-1770967515017-wurr5rzi2,UWO-651.002.04-2026-587,AE1 Cylinder Covers W/Valves No.04 - Valve Leakage - Immediate Repair,Servicing,2026-01-24,,4th Engineer,,2026-01-27,Approved,Valve found leaking during rounds. Repacked gland and replaced gasket.,,Required spare parts replaced during AE1 Cylinder Covers W/Valves No.04 - Valve Leakage - Immediate Repair. Old parts retained for inspection.,f,2026-02-18 04:41:13.148947
122,COMP-1768374768550-hmn480hin,721.003.02,7440571a-841a-11ed-aa7c-7003bca91a86,JOB-1768375698918-ptgc17r5v,MKR-IN-00062,WO-1770967515004-ein2wl0f4,WO-721.003.02-2026-153,"Pump Parts, Inspection - 12M/8000H",Servicing,2026-01-21,,2nd Engineer,,2026-01-24,Approved,"SAFETY PROCEDURE (COMPANY)
===========================
Ensure compliance with safety procedures according to the company policy and requirements.

JOB REFERENCE DETAILS
===================
Manual Name: 7M-2 INSTRUCTION MANAUL FOR CENTRIFUGAL PUMP;5303.pdf
Pdf Page No: 8
Chapter: 10 Inspection
Section: 10.1 Periodical Inspection

DESCRIPTION
===========
1. Submerged Line Bearing:
 - Check the sliding surfaces for contact conditions and flaws. Measure the inside diameter and take necessary steps according to the manufacturer's standards.
2. Mechanical Seal:
 - Check the condition of mating faces.
3. Shaft Sleeve:
 - Check the contact points and flaws in portions facing packing and bearing. Measure the outside diameter and take necessary steps according to the manufacturer's standards.
4. O -Ring:
 - Check for surface flaws and signs of deterioration. Renew it if deformed.
5. Shaft Coupling bolts and Rubber Bearings:
 - Check for wear and renew them if abnormal points are found.",,"Minor adjustments carried out during Pump Parts, Inspection - 12M/8000H. Performance within acceptable parameters.",f,2026-02-18 04:41:13.13108
121,COMP-1768374768521-2x58uv1ld,712.011.01,7440571a-841a-11ed-aa7c-7003bca91a86,JOB-1768375698768-uw77p90t5,MKR-IN-00055,WO-1770967515004-ttzqpbhs5,WO-712.011.01-2026-129,"Purifier, Visual Check - 3M",Servicing,2026-01-24,,3rd Engineer,,2026-01-25,Approved,"SAFETY PROCEDURE (COMPANY)
===========================
Ensure compliance with safety procedures according to the company policy and requirements.

JOB REFERENCE DETAILS
===================
Manual Name: 8M-3 INSTRUCTION MANAUL FOR PURIFIER;5303.pdf
Pdf Page No: 57, 78, 83
Chapter: 5. Periodic Inspection Chart
3. Maintenance Inspection Procedures
Section: 3.2 Lubricant replacement intervals

DESCRIPTION
===========
1. Check oil gauge Contamination .
2. Check foundation bolt Looseness .
3. Check contamination inside of frame gear case .
4. Check strainer contamination and clogging of reducing valve .
5. Renew the lubricant oil.",,"Checks completed as per manufacturer guidelines for Purifier, Visual Check - 3M. Next service due as scheduled.",f,2026-02-18 04:41:13.121439
120,COMP-1768374768521-2x58uv1ld,712.011.01,7440571a-841a-11ed-aa7c-7003bca91a86,JOB-1768375698754-924wtcd3n,MKR-IN-00054,WO-1770967515004-cbnsmku57,WO-712.011.01-2026-125,"Purifier, Routine - 1W",Servicing,2026-01-25,,3rd Engineer,,2026-01-26,Approved,"SAFETY PROCEDURE (COMPANY)
===========================
Ensure compliance with safety procedures according to the company policy and requirements.

JOB REFERENCE DETAILS
===================
Manual Name: 8M-3 INSTRUCTION MANAUL FOR PURIFIER;5303.pdf
Pdf Page No: 56
Chapter: 3. Maintenance Inspection Procedures
Section: 3.1 Routine checks

DESCRIPTION
===========
Routine Checks :
1. Check the feed rate with respect to set feed rate for any changes.
2. Check the temperature with set temperature level.
3. Check the pressure of light liquid outlet is to be coincide roughly with the set pressure of the leakage.
4. Check for any increase in vibration.
5. Check for operational noise in gear pump and bearing etc. 
6. Check the rated current on daily basis.
7. Check the gear pump oil quantity. 
8. Check the safety joint of gears for any deformation.
9. Check for oil leakage in pipe joints.
10. Check & adjust pressure LED (yellow) lit or flashing for Leakage Monitor.
11. Check indicate revolution LED (green) is flashing for Discharge Monitor.",,Spare parts replaced as listed. Old parts retained for inspection/disposal.,f,2026-02-18 04:41:13.109949
119,COMP-1768374767795-1qyq8qvkb,721.001.02,7440571a-841a-11ed-aa7c-7003bca91a86,JOB-1768375698881-kuycfb6sl,MKR-IN-00062,WO-1770967515004-6q9v8f8nw,WO-721.001.02-2026-149,"Pump Parts, Inspection - 12M/8000H",Servicing,2026-01-24,,2nd Engineer,,2026-01-27,Approved,"SAFETY PROCEDURE (COMPANY)
===========================
Ensure compliance with safety procedures according to the company policy and requirements.

JOB REFERENCE DETAILS
===================
Manual Name: 7M-2 INSTRUCTION MANAUL FOR CENTRIFUGAL PUMP;5303.pdf
Pdf Page No: 8
Chapter: 10 Inspection
Section: 10.1 Periodical Inspection

DESCRIPTION
===========
1. Submerged Line Bearing:
 - Check the sliding surfaces for contact conditions and flaws. Measure the inside diameter and take necessary steps according to the manufacturer's standards.
2. Mechanical Seal:
 - Check the condition of mating faces.
3. Shaft Sleeve:
 - Check the contact points and flaws in portions facing packing and bearing. Measure the outside diameter and take necessary steps according to the manufacturer's standards.
4. O -Ring:
 - Check for surface flaws and signs of deterioration. Renew it if deformed.
5. Shaft Coupling bolts and Rubber Bearings:
 - Check for wear and renew them if abnormal points are found.",,Additional findings noted - recommend follow-up inspection during next scheduled maintenance.,f,2026-02-18 04:41:13.101321
118,COMP-1768374767815-k5anrfi02,554.001,7440571a-841a-11ed-aa7c-7003bca91a86,JOB-1768375697019-b35m6melw,MKR-IN-00047,WO-1770967515003-mga3y78hi,WO-554.001-2026-025,"Provision Refrigeration Unit, Visual Check - 3M",Servicing,2026-01-25,,2nd Engineer,,2026-01-28,Approved,"SAFETY PROCEDURE (COMPANY)
===========================
Ensure compliance with safety procedures according to the company policy and requirements.

JOB REFERENCE DETAILS
===================
Manual Name: 2F-16 UNIT TYPE PROV. REF. CHAMBER;5303.pdf
Pdf Page No: 92
Chapter: 3.inspection


DESCRIPTION
===========
1. Check it with a gas detector or soapsuds.
2. Remove the condenser cover and check the tubes.
3. Check the reduction of galvanized pieces.
4. Check of V - belt during running.",,Consumable parts replaced as per maintenance plan. Used parts stored for disposal.,f,2026-02-18 04:41:13.09197
117,COMP-1768374768533-xnq4n84q4,712.013.02,7440571a-841a-11ed-aa7c-7003bca91a86,JOB-1768375698841-71vlsv54t,MKR-IN-00059,WO-1770967515004-ey7ye6k8q,WO-712.013.02-2026-133,"Gear Pump, Routine - 3M",Servicing,2026-01-26,,3rd Engineer,,2026-01-27,Approved,"SAFETY PROCEDURE (COMPANY)
===========================
Ensure compliance with safety procedures according to the company policy and requirements.

JOB REFERENCE DETAILS
===================
Manual Name: 7M-3 INSTRUCTION MANUAL FOR GEAR PUMPS;5303.pdf
Pdf Page No: 7,8
Chapter: 11 Inspection
Section: 11.1 Periodical Inspection

DESCRIPTION
===========
1. Gland Packing:
 - Check the condition of the fitting and the amount of leakage. Renew it if there is excessive leakage.",,"Additional observations during Gear Pump, Routine - 3M - recommend follow-up at next scheduled interval.",f,2026-02-18 04:41:13.079458
116,COMP-1768374767848-yixi06ueq,651.001,7440571a-841a-11ed-aa7c-7003bca91a86,JOB-1768375697672-h1dlcsu94,MKR-IN-00014,WO-1770967515003-g4ykz42a5,WO-651.001-2026-046,"DG General, Visual Check - 1W",Servicing,2026-01-21,,3rd Engineer,,2026-01-23,Approved,"SAFETY PROCEDURE (COMPANY)
===========================
Ensure compliance with safety procedures according to the company policy and requirements.

JOB REFERENCE DETAILS
===================
Manual Name: 5M-2 OPERATION MANAUL FOR DIESEL GENERATOR ENGINE;5303.pdf
Pdf Page No: 85
Job Reference: Lub. Oil System
Chapter: 6. Maintenance Checking
Section: 6.1 Table of Routine Maintenance Checking

DESCRIPTION
===========
A. Pressure gauge Check:
 - Check for any defective on pressure gauge.
B. Thermometer:
 - Check for any defective indication.
C. Engine appearance:
 - Check on looseness of bolts and nuts.
 - Check on leaks of various parts like cooling water, fuel oil, and lube. Oil, boost air and exhaust gas.
D. Pipe System:
 - Check for any leakages.",,All equipment tested satisfactorily post-maintenance. No abnormalities detected.,f,2026-02-18 04:41:13.067072
115,COMP-1768374768546-wbsg2rfze,721.003.01,7440571a-841a-11ed-aa7c-7003bca91a86,JOB-1768375698895-78hi7zx4y,MKR-IN-00061,WO-1770967515004-8o1pvxoyt,WO-721.003.01-2026-150,"Pump General, Routine - 3M",Servicing,2026-01-24,,2nd Engineer,,2026-01-25,Approved,"SAFETY PROCEDURE (COMPANY)
===========================
Ensure compliance with safety procedures according to the company policy and requirements.

JOB REFERENCE DETAILS
===================
Manual Name: 7M-2 INSTRUCTION MANAUL FOR CENTRIFUGAL PUMP;5303.pdf
Pdf Page No: 8
Chapter: 10 Inspection
Section: 10.1 Periodical Inspection

DESCRIPTION
===========
1. Ball Bearing:
 - Add oil.
2. Gland Packing:
 - Check the condition of the fitting and the amount of leakage. Renew it if there is too much leakage.
3. Strainer:
 - Check for clogging.
4. Check for any abnormal vibrations.",,Work delayed due to weather/operational constraints. Completed during port stay.,f,2026-02-18 04:41:13.053958
114,COMP-1768374768508-68ro7cn9f,702.005.01,7440571a-841a-11ed-aa7c-7003bca91a86,JOB-1768375698505-5h32zwd3i,MKR-IN-00054,WO-1770967515003-j98aobd9j,WO-702.005.01-2026-107,"Purifier, Routine - 1W",Servicing,2026-01-27,,3rd Engineer,,2026-01-29,Approved,"SAFETY PROCEDURE (COMPANY)
===========================
Ensure compliance with safety procedures according to the company policy and requirements.

JOB REFERENCE DETAILS
===================
Manual Name: 8M-3 INSTRUCTION MANAUL FOR PURIFIER;5303.pdf
Pdf Page No: 56
Chapter: 3. Maintenance Inspection Procedures
Section: 3.1 Routine checks

DESCRIPTION
===========
Routine Checks :
1. Check the feed rate with respect to set feed rate for any changes.
2. Check the temperature with set temperature level.
3. Check the pressure of light liquid outlet is to be coincide roughly with the set pressure of the leakage.
4. Check for any increase in vibration.
5. Check for operational noise in gear pump and bearing etc. 
6. Check the rated current on daily basis.
7. Check the gear pump oil quantity. 
8. Check the safety joint of gears for any deformation.
9. Check for oil leakage in pipe joints.
10. Check & adjust pressure LED (yellow) lit or flashing for Leakage Monitor.
11. Check indicate revolution LED (green) is flashing for Discharge Monitor.",,"Minor adjustments carried out during Purifier, Routine - 1W. Performance within acceptable parameters.",f,2026-02-18 04:41:13.042383
113,COMP-1768374767802-sjje0yq3o,403.001,7440571a-841a-11ed-aa7c-7003bca91a86,JOB-1768375696892-thsj9k2p0,MKR-IN-00042,WO-1770967515003-fghli96rr,WO-403.001-2026-013,"Steering Gear Oil, Routine - 1W",Servicing,2026-01-24,,2nd Engineer,,2026-01-27,Approved,"SAFETY PROCEDURE (COMPANY)
===========================
Ensure compliance with safety procedures according to the company policy and requirements.

JOB REFERENCE DETAILS
===================
Manual Name: 2F-1 ROTARY VANE STEERING GEAR;5303.pdf
Pdf Page No: 93
Chapter: Oil Specification


DESCRIPTION
===========
1. Check the oil contamination regularly.
2. Check the Oil level & top -up if necessary.
3. Inspect the actuator external leakage, paintwork and damage etc.",,Minor adjustments made. Equipment performance within acceptable parameters.,f,2026-02-18 04:41:13.030925
112,COMP-1768374767848-yixi06ueq,651.001,7440571a-841a-11ed-aa7c-7003bca91a86,JOB-1768375697672-h1dlcsu94,MKR-IN-00014,WO-1770967515003-fzcjqckup,WO-651.001-2026-047,"DG General, Visual Check - 1W",Servicing,2026-01-28,,3rd Engineer,,2026-01-29,Approved,"SAFETY PROCEDURE (COMPANY)
===========================
Ensure compliance with safety procedures according to the company policy and requirements.

JOB REFERENCE DETAILS
===================
Manual Name: 5M-2 OPERATION MANAUL FOR DIESEL GENERATOR ENGINE;5303.pdf
Pdf Page No: 85
Job Reference: Lub. Oil System
Chapter: 6. Maintenance Checking
Section: 6.1 Table of Routine Maintenance Checking

DESCRIPTION
===========
A. Pressure gauge Check:
 - Check for any defective on pressure gauge.
B. Thermometer:
 - Check for any defective indication.
C. Engine appearance:
 - Check on looseness of bolts and nuts.
 - Check on leaks of various parts like cooling water, fuel oil, and lube. Oil, boost air and exhaust gas.
D. Pipe System:
 - Check for any leakages.",,All maintenance checks completed per OEM recommendations. Next scheduled service as per PMS.,f,2026-02-18 04:41:13.018865
111,COMP-1768374767863-71ynjfqzw,652.001,7440571a-841a-11ed-aa7c-7003bca91a86,JOB-1768375698005-1lf3yhs0u,MKR-IN-00014,WO-1770967515003-6jbk3mv3e,WO-652.001-2026-068,"DG General, Visual Check - 1W",Servicing,2026-02-23,,3rd Engineer,,2026-02-24,Approved,"SAFETY PROCEDURE (COMPANY)
===========================
Ensure compliance with safety procedures according to the company policy and requirements.

JOB REFERENCE DETAILS
===================
Manual Name: 5M-2 OPERATION MANAUL FOR DIESEL GENERATOR ENGINE;5303.pdf
Pdf Page No: 85
Job Reference: Lub. Oil System
Chapter: 6. Maintenance Checking
Section: 6.1 Table of Routine Maintenance Checking

DESCRIPTION
===========
A. Pressure gauge Check:
 - Check for any defective on pressure gauge.
B. Thermometer:
 - Check for any defective indication.
C. Engine appearance:
 - Check on looseness of bolts and nuts.
 - Check on leaks of various parts like cooling water, fuel oil, and lube. Oil, boost air and exhaust gas.
D. Pipe System:
 - Check for any leakages.",,All equipment tested satisfactorily post-maintenance. No abnormalities detected.,f,2026-02-18 04:41:13.006731
110,COMP-1768374767815-k5anrfi02,554.001,7440571a-841a-11ed-aa7c-7003bca91a86,JOB-1768375697014-n01208k56,MKR-IN-00046,WO-1770967515003-xwaajlm1n,WO-554.001-2026-022,"Provision Refrigeration Unit, Routine - 1W",Servicing,2026-01-30,,2nd Engineer,,2026-02-01,Approved,"SAFETY PROCEDURE (COMPANY)
===========================
Ensure compliance with safety procedures according to the company policy and requirements.

JOB REFERENCE DETAILS
===================
Manual Name: 2F-16 UNIT TYPE PROV. REF. CHAMBER;5303.pdf
Pdf Page No: 92
Chapter: 3.inspection


DESCRIPTION
===========
1. Check it by oil level gauge.
2. Check it by discharge pressure gauge.
3.Check it by suction pressure gauge
4.Check it by oil pressure gauge.
5.Check by thermometer
6.Ausculation with brass bar & Palpation",,Equipment tested satisfactorily after maintenance. No issues found.,f,2026-02-18 04:41:12.995264
109,COMP-1768374768511-709kv1bk1,702.005.02,7440571a-841a-11ed-aa7c-7003bca91a86,JOB-1768375698538-eaypatso8,MKR-IN-00054,WO-1770967515004-i8xo4ys9o,WO-702.005.02-2026-314,"Purifier, Routine - 1W",Servicing,2026-01-24,,3rd Engineer,,2026-01-25,Approved,"SAFETY PROCEDURE (COMPANY)
===========================
Ensure compliance with safety procedures according to the company policy and requirements.

JOB REFERENCE DETAILS
===================
Manual Name: 8M-3 INSTRUCTION MANAUL FOR PURIFIER;5303.pdf
Pdf Page No: 56
Chapter: 3. Maintenance Inspection Procedures
Section: 3.1 Routine checks

DESCRIPTION
===========
Routine Checks :
1. Check the feed rate with respect to set feed rate for any changes.
2. Check the temperature with set temperature level.
3. Check the pressure of light liquid outlet is to be coincide roughly with the set pressure of the leakage.
4. Check for any increase in vibration.
5. Check for operational noise in gear pump and bearing etc. 
6. Check the rated current on daily basis.
7. Check the gear pump oil quantity. 
8. Check the safety joint of gears for any deformation.
9. Check for oil leakage in pipe joints.
10. Check & adjust pressure LED (yellow) lit or flashing for Leakage Monitor.
11. Check indicate revolution LED (green) is flashing for Discharge Monitor.",,Spare parts replaced as listed. Old parts retained for inspection/disposal.,f,2026-02-18 04:41:12.98164
108,COMP-1768374768525-zyps62yum,712.011.02,7440571a-841a-11ed-aa7c-7003bca91a86,JOB-1768375698820-k3z72bayd,MKR-SE-00022,WO-1770967515004-4wkijbrk9,WO-712.011.02-2026-142,"Purifier Multi Monitor Pressure Sensor, Renewal/Replace - 3Y",Servicing,2026-01-31,,3rd Engineer,,2026-02-01,Approved,"SAFETY PROCEDURE (COMPANY)
===========================
Ensure compliance with safety procedures according to the company policy and requirements.

JOB REFERENCE DETAILS
===================
Manual Name: 8M-3 INSTRUCTION MANAUL FOR PURIFIER;5303.pdf
Pdf Page No: 61
Chapter: 3. Maintenance Inspection Procedures
Section: 3.4 Expendable parts replacement intervals

DESCRIPTION
===========
1. Replacement of multi monitor pressure sensor to be carried out .",,Equipment tested satisfactorily after maintenance. No issues found.,f,2026-02-18 04:41:12.968116
107,COMP-1768374768511-709kv1bk1,702.005.02,7440571a-841a-11ed-aa7c-7003bca91a86,JOB-1768375698538-eaypatso8,MKR-IN-00054,WO-1770967515004-jm1fabks6,WO-702.005.02-2026-315,"Purifier, Routine - 1W",Servicing,2026-02-01,,3rd Engineer,,2026-02-04,Approved,"SAFETY PROCEDURE (COMPANY)
===========================
Ensure compliance with safety procedures according to the company policy and requirements.

JOB REFERENCE DETAILS
===================
Manual Name: 8M-3 INSTRUCTION MANAUL FOR PURIFIER;5303.pdf
Pdf Page No: 56
Chapter: 3. Maintenance Inspection Procedures
Section: 3.1 Routine checks

DESCRIPTION
===========
Routine Checks :
1. Check the feed rate with respect to set feed rate for any changes.
2. Check the temperature with set temperature level.
3. Check the pressure of light liquid outlet is to be coincide roughly with the set pressure of the leakage.
4. Check for any increase in vibration.
5. Check for operational noise in gear pump and bearing etc. 
6. Check the rated current on daily basis.
7. Check the gear pump oil quantity. 
8. Check the safety joint of gears for any deformation.
9. Check for oil leakage in pipe joints.
10. Check & adjust pressure LED (yellow) lit or flashing for Leakage Monitor.
11. Check indicate revolution LED (green) is flashing for Discharge Monitor.",,"Work on Purifier, Routine - 1W delayed due to operational requirements. Completed during next available window.",f,2026-02-18 04:41:12.94369
106,COMP-1768374768521-2x58uv1ld,712.011.01,7440571a-841a-11ed-aa7c-7003bca91a86,JOB-1768375698754-924wtcd3n,MKR-IN-00054,WO-1770967515018-bi93lk6al,UWO-712.011.01-2026-799,LO Separators No.01 - Sensor Failure - Replacement,Servicing,2026-01-31,,3rd Engineer,,2026-02-01,Approved,Temperature/pressure sensor giving erratic readings. Replaced sensor.,,All equipment tested satisfactorily post-maintenance. No abnormalities detected.,f,2026-02-18 04:41:12.929226
105,COMP-1768374768152-1gadtd63z,601.005.03,7440571a-841a-11ed-aa7c-7003bca91a86,JOB-1768375697424-ends0g8g5,MKR-IN-00076,WO-1770967515003-rzndrocqg,WO-601.005.03-2026-031,"Main Engine – Connecting Rods, Crosshead & Guide Assemblies Inspection - 1M",Servicing,2026-02-02,,2nd Engineer,,2026-02-03,Approved,"SAFETY PROCEDURE (COMPANY)
===========================
Ensure compliance with safety procedures according to the company policy and requirements.

DESCRIPTION
===========
1. Connecting Rods

Inspect connecting rods externally for cracks, deformation, or abnormal discoloration.

Check for oil leakage from big-end bearings and oil supply pipes.

Verify securing arrangements (nuts, locking devices) are intact.

2. Crosshead Assembly

Inspect crosshead pin area for abnormal noise, vibration, or overheating.

Check crosshead bearing lubrication and oil flow.

Monitor bearing temperatures and compare with previous records.

3. Guide Shoes & Guide Rails

Inspect guide shoes for uneven wear, scoring, or overheating marks.

Check guide rail surfaces for scratches, wear, or abnormal polishing.

Verify guide shoe clearance (as per maker’s limits where measurable).

4. Lubrication System

Confirm correct oil supply to crosshead and guide shoe lubrication points.

Check oil pressure and temperature for crosshead lube system.

Inspect lube oil filters related to crosshead system.

5. Performance & Trend Monitoring

Review vibration, noise, and temperature trends.

Compare cylinder-wise data for abnormal deviation.

Review lube oil analysis results (if applicable).",,"Minor adjustments carried out during Main Engine – Connecting Rods, Crosshead & Guide Assemblies Inspection - 1M. Performance within acceptable parameters.",f,2026-02-18 04:41:12.918661
104,COMP-1768374767818-ckg4kqu6q,601.001,7440571a-841a-11ed-aa7c-7003bca91a86,JOB-1768375697064-mbfaqn8a4,MKR-IN-00074,WO-1770967515004-toyy1i47f,WO-601.001-2026-394,Main Engine General Inspection - 1M,Servicing,2026-02-01,,2nd Engineer,,2026-02-02,Approved,"SAFETY PROCEDURE (COMPANY)
===========================
Ensure compliance with safety procedures according to the company policy and requirements.

DESCRIPTION
===========
Carry out a complete monthly inspection of the main diesel engine to ensure safe, reliable, and efficient operation. The inspection includes mechanical, lubrication, cooling, fuel, air, exhaust, control, and safety systems, with emphasis on early detection of wear, leakage, abnormal vibration, or deviation from normal operating parameters.

1. General Condition

Inspect engine exterior for oil, fuel, water, or exhaust gas leakage.

Check for abnormal vibration, noise, or overheating.

Ensure foundation bolts, holding-down bolts, and chocks show no abnormal condition.

2. Lubrication System

Check sump oil level and condition.

Review lube oil pressure, temperature, and differential pressure across filters.

Inspect lube oil filters and coolers for leakage.

Verify oil mist detector operation and alarm status.

3. Fuel System

Inspect fuel pumps, injectors, and fuel lines for leakage.

Check fuel oil pressure, temperature, and viscosity (as applicable).

Drain and check fuel filters and settling system as required.

4. Cooling Water System

Check jacket water pressure, temperature, and expansion tank level.

Inspect freshwater and seawater pumps for leakage.

Verify cooler condition and seawater inlet/outlet temperatures.

5. Air & Exhaust System

Inspect turbocharger casing, air inlet filters, and ducting.

Check exhaust manifold for leakage, cracks, or insulation damage.

Monitor exhaust gas temperatures for cylinder deviation.

6. Starting & Control System

Check starting air pressure and drain receivers.

Inspect starting valves and control air system.

Verify correct operation of engine control system, telegraph, and safety interlocks.

7. Safety & Protection Devices

Test safety devices as per PMS schedule:

Overspeed trip

Low lube oil pressure alarm

High jacket water temperature alarm

Verify crankcase relief valves condition.

8. Performance Monitoring

Record engine RPM, load, and fuel consumption.

Review trends for lube oil consumption and exhaust temperatures.

Compare readings with previous records.",,All checks completed as per manufacturer guidelines. Next service due as scheduled.,f,2026-02-18 04:41:12.908287
103,COMP-1768374768239-6wbm7nkr9,651.003.01,7440571a-841a-11ed-aa7c-7003bca91a86,JOB-1768375697715-p7a1yt6pq,MKR-IN-00085,WO-1770967515004-uoqd3n2r8,WO-651.003.01-2026-352,AE Cylinder Liner Inspection - 1M,Servicing,2026-02-04,,3rd Engineer,,2026-02-07,Approved,"SAFETY PROCEDURE (COMPANY)
===========================
Ensure compliance with safety procedures according to the company policy and requirements.

DESCRIPTION
===========
1. Liner Condition (Visual / Indirect)

Check for abnormal scavenge space condition (if accessible).

Look for signs of scuffing, scoring, or polishing (based on inspection ports or trend data).

Monitor liner condition through performance parameters if direct access is not possible.

2. Lubrication

Verify cylinder lubrication rate (if applicable) is as per maker’s recommendation.

Check lube oil distribution and absence of oil starvation signs.

Review lube oil consumption trends.

3. Cooling & Sealing

Monitor jacket water temperature and pressure related to cylinder No.01.

Check for cooling water leakage into cylinder or crankcase.

Verify condition of liner sealing arrangements (indirect observation).",,All equipment tested satisfactorily post-maintenance. No abnormalities detected.,f,2026-02-18 04:41:12.899244
102,COMP-1768374768521-2x58uv1ld,712.011.01,7440571a-841a-11ed-aa7c-7003bca91a86,JOB-1768375698754-924wtcd3n,MKR-IN-00054,WO-1770967515004-80nvr5z4l,WO-712.011.01-2026-126,"Purifier, Routine - 1W",Servicing,2026-01-31,,3rd Engineer,,2026-02-02,Approved,"SAFETY PROCEDURE (COMPANY)
===========================
Ensure compliance with safety procedures according to the company policy and requirements.

JOB REFERENCE DETAILS
===================
Manual Name: 8M-3 INSTRUCTION MANAUL FOR PURIFIER;5303.pdf
Pdf Page No: 56
Chapter: 3. Maintenance Inspection Procedures
Section: 3.1 Routine checks

DESCRIPTION
===========
Routine Checks :
1. Check the feed rate with respect to set feed rate for any changes.
2. Check the temperature with set temperature level.
3. Check the pressure of light liquid outlet is to be coincide roughly with the set pressure of the leakage.
4. Check for any increase in vibration.
5. Check for operational noise in gear pump and bearing etc. 
6. Check the rated current on daily basis.
7. Check the gear pump oil quantity. 
8. Check the safety joint of gears for any deformation.
9. Check for oil leakage in pipe joints.
10. Check & adjust pressure LED (yellow) lit or flashing for Leakage Monitor.
11. Check indicate revolution LED (green) is flashing for Discharge Monitor.",,All maintenance checks completed per OEM recommendations. Next scheduled service as per PMS.,f,2026-02-18 04:41:12.87977
101,COMP-1768374768525-zyps62yum,712.011.02,7440571a-841a-11ed-aa7c-7003bca91a86,JOB-1768375698792-2d19ix5kf,MKR-IN-00054,WO-1770967515004-2t96t53t1,WO-712.011.02-2026-136,"Purifier, Routine - 1W",Servicing,2026-01-30,,3rd Engineer,,2026-01-31,Approved,"SAFETY PROCEDURE (COMPANY)
===========================
Ensure compliance with safety procedures according to the company policy and requirements.

JOB REFERENCE DETAILS
===================
Manual Name: 8M-3 INSTRUCTION MANAUL FOR PURIFIER;5303.pdf
Pdf Page No: 56
Chapter: 3. Maintenance Inspection Procedures
Section: 3.1 Routine checks

DESCRIPTION
===========
Routine Checks :
1. Check the feed rate with respect to set feed rate for any changes.
2. Check the temperature with set temperature level.
3. Check the pressure of light liquid outlet is to be coincide roughly with the set pressure of the leakage.
4. Check for any increase in vibration.
5. Check for operational noise in gear pump and bearing etc. 
6. Check the rated current on daily basis.
7. Check the gear pump oil quantity. 
8. Check the safety joint of gears for any deformation.
9. Check for oil leakage in pipe joints.
10. Check & adjust pressure LED (yellow) lit or flashing for Leakage Monitor.
11. Check indicate revolution LED (green) is flashing for Discharge Monitor.",,Minor adjustments made. Equipment performance within acceptable parameters.,f,2026-02-18 04:41:12.819828
100,COMP-1768374767848-yixi06ueq,651.001,7440571a-841a-11ed-aa7c-7003bca91a86,JOB-1768375697672-h1dlcsu94,MKR-IN-00014,WO-1770967515003-3zc5y1d4m,WO-651.001-2026-048,"DG General, Visual Check - 1W",Servicing,2026-02-05,,3rd Engineer,,2026-02-07,Approved,"SAFETY PROCEDURE (COMPANY)
===========================
Ensure compliance with safety procedures according to the company policy and requirements.

JOB REFERENCE DETAILS
===================
Manual Name: 5M-2 OPERATION MANAUL FOR DIESEL GENERATOR ENGINE;5303.pdf
Pdf Page No: 85
Job Reference: Lub. Oil System
Chapter: 6. Maintenance Checking
Section: 6.1 Table of Routine Maintenance Checking

DESCRIPTION
===========
A. Pressure gauge Check:
 - Check for any defective on pressure gauge.
B. Thermometer:
 - Check for any defective indication.
C. Engine appearance:
 - Check on looseness of bolts and nuts.
 - Check on leaks of various parts like cooling water, fuel oil, and lube. Oil, boost air and exhaust gas.
D. Pipe System:
 - Check for any leakages.",,"Required spare parts replaced during DG General, Visual Check - 1W. Old parts retained for inspection.",f,2026-02-18 04:41:12.77882
99,COMP-1768374767802-sjje0yq3o,403.001,7440571a-841a-11ed-aa7c-7003bca91a86,JOB-1768375696892-thsj9k2p0,MKR-IN-00042,WO-1770967515003-o5bb7tclm,WO-403.001-2026-014,"Steering Gear Oil, Routine - 1W",Servicing,2026-01-29,,2nd Engineer,,2026-01-31,Approved,"SAFETY PROCEDURE (COMPANY)
===========================
Ensure compliance with safety procedures according to the company policy and requirements.

JOB REFERENCE DETAILS
===================
Manual Name: 2F-1 ROTARY VANE STEERING GEAR;5303.pdf
Pdf Page No: 93
Chapter: Oil Specification


DESCRIPTION
===========
1. Check the oil contamination regularly.
2. Check the Oil level & top -up if necessary.
3. Inspect the actuator external leakage, paintwork and damage etc.",,Work delayed due to weather/operational constraints. Completed during port stay.,f,2026-02-18 04:41:12.695466
98,COMP-1768374767879-whkjy1n4i,653.001,7440571a-841a-11ed-aa7c-7003bca91a86,JOB-1768375698249-857uxmj8e,MKR-IN-00014,WO-1770967515003-svclnc815,WO-653.001-2026-088,"DG General, Visual Check - 1W",Servicing,2026-02-01,,3rd Engineer,,2026-02-03,Approved,"SAFETY PROCEDURE (COMPANY)
===========================
Ensure compliance with safety procedures according to the company policy and requirements.

JOB REFERENCE DETAILS
===================
Manual Name: 5M-2 OPERATION MANAUL FOR DIESEL GENERATOR ENGINE;5303.pdf
Pdf Page No: 85
Job Reference: Lub. Oil System
Chapter: 6. Maintenance Checking
Section: 6.1 Table of Routine Maintenance Checking

DESCRIPTION
===========
A. Pressure gauge Check:
 - Check for any defective on pressure gauge.
B. Thermometer:
 - Check for any defective indication.
C. Engine appearance:
 - Check on looseness of bolts and nuts.
 - Check on leaks of various parts like cooling water, fuel oil, and lube. Oil, boost air and exhaust gas.
D. Pipe System:
 - Check for any leakages.",,Small adjustments made to operating parameters. Equipment performance satisfactory.,f,2026-02-18 04:41:12.578491
97,COMP-1768374768345-qgstjbyia,652.003.05,7440571a-841a-11ed-aa7c-7003bca91a86,JOB-1768375698075-3qb0k6asy,MKR-IN-00085,WO-1770967515003-xfdlv31bl,WO-652.003.05-2026-083,AE Cylinder Liner Inspection - 1M,Servicing,2026-02-04,,3rd Engineer,,2026-02-07,Approved,"SAFETY PROCEDURE (COMPANY)
===========================
Ensure compliance with safety procedures according to the company policy and requirements.

DESCRIPTION
===========
1. Liner Condition (Visual / Indirect)

Check for abnormal scavenge space condition (if accessible).

Look for signs of scuffing, scoring, or polishing (based on inspection ports or trend data).

Monitor liner condition through performance parameters if direct access is not possible.

2. Lubrication

Verify cylinder lubrication rate (if applicable) is as per maker’s recommendation.

Check lube oil distribution and absence of oil starvation signs.

Review lube oil consumption trends.

3. Cooling & Sealing

Monitor jacket water temperature and pressure related to cylinder No.01.

Check for cooling water leakage into cylinder or crankcase.

Verify condition of liner sealing arrangements (indirect observation).",,Equipment tested satisfactorily after maintenance. No issues found.,f,2026-02-18 04:41:12.48226
96,COMP-1768374768328-zwpifp57r,652.002.05,7440571a-841a-11ed-aa7c-7003bca91a86,JOB-1768375698041-wutf3wqif,MKR-IN-00080,WO-1770967515003-7sk95xryb,WO-652.002.05-2026-076,AE Cylinder Covers with Valves Inspection - 1M,Servicing,2026-02-03,,3rd Engineer,,2026-02-06,Approved,"SAFETY PROCEDURE (COMPANY)
===========================
Ensure compliance with safety procedures according to the company policy and requirements.

DESCRIPTION
===========
1. Cylinder Cover Condition

Inspect cylinder covers externally for cracks, corrosion, or hot spots.

Check for leakage of combustion gas, cooling water, or lube oil.

Verify tightness condition of cover securing nuts (visual check).

2. Cooling Water Passages

Check cooling water inlet and outlet connections for leakage.

Monitor jacket water temperature and pressure for each cylinder.

Look for abnormal temperature deviation between cylinders.

3. Valves (Inlet / Exhaust / Indicator / Starting if fitted)

Inspect exhaust valve area for gas leakage or overheating.

Check inlet valve area for abnormal noise or leakage.

Inspect indicator and starting valves for tightness and free operation.

Ensure valve caps and safety devices are properly fitted.",,Checks completed as per manufacturer guidelines for AE Cylinder Covers with Valves Inspection - 1M. Next service due as scheduled.,f,2026-02-18 04:41:12.449091
95,COMP-1768374768508-68ro7cn9f,702.005.01,7440571a-841a-11ed-aa7c-7003bca91a86,JOB-1768375698533-mrxrig90l,MKR-SE-00022,WO-1770967515003-dqjnuwa70,WO-702.005.01-2026-114,"Purifier Multi Monitor Pressure Sensor, Renewal/Replace - 3Y",Servicing,2026-02-07,,3rd Engineer,,2026-02-09,Approved,"SAFETY PROCEDURE (COMPANY)
===========================
Ensure compliance with safety procedures according to the company policy and requirements.

JOB REFERENCE DETAILS
===================
Manual Name: 8M-3 INSTRUCTION MANAUL FOR PURIFIER;5303.pdf
Pdf Page No: 61
Chapter: 3. Maintenance Inspection Procedures
Section: 3.4 Expendable parts replacement intervals

DESCRIPTION
===========
1. Replacement of multi monitor pressure sensor to be carried out .",,Equipment tested satisfactorily after maintenance. No issues found.,f,2026-02-18 04:41:12.319122
94,COMP-1768374768431-fseqtvndf,653.003.02,7440571a-841a-11ed-aa7c-7003bca91a86,JOB-1768375698303-nbwctfpm8,MKR-IN-00085,WO-1770967515003-19jp52y6r,WO-653.003.02-2026-098,AE Cylinder Liner Inspection - 1M,Servicing,2026-02-04,,3rd Engineer,,2026-02-05,Approved,"SAFETY PROCEDURE (COMPANY)
===========================
Ensure compliance with safety procedures according to the company policy and requirements.

DESCRIPTION
===========
1. Liner Condition (Visual / Indirect)

Check for abnormal scavenge space condition (if accessible).

Look for signs of scuffing, scoring, or polishing (based on inspection ports or trend data).

Monitor liner condition through performance parameters if direct access is not possible.

2. Lubrication

Verify cylinder lubrication rate (if applicable) is as per maker’s recommendation.

Check lube oil distribution and absence of oil starvation signs.

Review lube oil consumption trends.

3. Cooling & Sealing

Monitor jacket water temperature and pressure related to cylinder No.01.

Check for cooling water leakage into cylinder or crankcase.

Verify condition of liner sealing arrangements (indirect observation).",,All equipment tested satisfactorily post-maintenance. No abnormalities detected.,f,2026-02-18 04:41:12.153342
93,COMP-1768374767923-n77h03k7i,285.001.02,7440571a-841a-11ed-aa7c-7003bca91a86,JOB-1768375696831-e1v3e6n7m,MKR-IN-00072,WO-1770967515003-3s7o78zw3,WO-285.001.02-2026-003,Ballast Tanks Inspection - 1M,Servicing,2026-02-01,,2nd Engineer,,2026-02-04,Approved,"SAFETY PROCEDURE (COMPANY)
===========================
Ensure compliance with safety procedures according to the company policy and requirements.

DESCRIPTION
===========
Carry out a routine monthly inspection of ballast tanks to ensure structural integrity, coating condition, corrosion protection, and operational readiness, and to identify any signs of leakage, corrosion, or contamination at an early stage.",,Completion delayed due to vessel operational schedule. Work carried out during port call.,f,2026-02-18 04:41:11.917887
92,COMP-1768374768254-nzjp2ebje,651.003.06,7440571a-841a-11ed-aa7c-7003bca91a86,JOB-1768375697741-368qu1o6c,MKR-IN-00085,WO-1770967515003-8jisb3pfr,WO-651.003.06-2026-061,AE Cylinder Liner Inspection - 1M,Servicing,2026-02-03,,3rd Engineer,,2026-02-04,Approved,"SAFETY PROCEDURE (COMPANY)
===========================
Ensure compliance with safety procedures according to the company policy and requirements.

DESCRIPTION
===========
1. Liner Condition (Visual / Indirect)

Check for abnormal scavenge space condition (if accessible).

Look for signs of scuffing, scoring, or polishing (based on inspection ports or trend data).

Monitor liner condition through performance parameters if direct access is not possible.

2. Lubrication

Verify cylinder lubrication rate (if applicable) is as per maker’s recommendation.

Check lube oil distribution and absence of oil starvation signs.

Review lube oil consumption trends.

3. Cooling & Sealing

Monitor jacket water temperature and pressure related to cylinder No.01.

Check for cooling water leakage into cylinder or crankcase.

Verify condition of liner sealing arrangements (indirect observation).",,All checks completed as per manufacturer guidelines. Next service due as scheduled.,f,2026-02-18 04:41:11.588665
91,COMP-1768374768410-eurzscqdj,653.002.01,7440571a-841a-11ed-aa7c-7003bca91a86,JOB-1768375698254-e7d6bn0wz,MKR-IN-00080,WO-1770967515018-1bmx4d3cj,UWO-653.002.01-2026-699,AE3 Cylinder Covers W/Valves No.01 - Cooling System Malfunction,Servicing,2026-02-05,,3rd Engineer,,2026-02-06,Approved,Cooling water temperature rising. Investigated and cleaned heat exchanger.,,Equipment tested satisfactorily after maintenance. No issues found.,f,2026-02-18 04:41:11.311156
90,COMP-1768374767863-71ynjfqzw,652.001,7440571a-841a-11ed-aa7c-7003bca91a86,JOB-1768375698005-1lf3yhs0u,MKR-IN-00014,WO-1770967515003-gw428yrdh,WO-652.001-2026-069,"DG General, Visual Check - 1W",Servicing,2026-02-09,,3rd Engineer,,2026-02-11,Approved,"SAFETY PROCEDURE (COMPANY)
===========================
Ensure compliance with safety procedures according to the company policy and requirements.

JOB REFERENCE DETAILS
===================
Manual Name: 5M-2 OPERATION MANAUL FOR DIESEL GENERATOR ENGINE;5303.pdf
Pdf Page No: 85
Job Reference: Lub. Oil System
Chapter: 6. Maintenance Checking
Section: 6.1 Table of Routine Maintenance Checking

DESCRIPTION
===========
A. Pressure gauge Check:
 - Check for any defective on pressure gauge.
B. Thermometer:
 - Check for any defective indication.
C. Engine appearance:
 - Check on looseness of bolts and nuts.
 - Check on leaks of various parts like cooling water, fuel oil, and lube. Oil, boost air and exhaust gas.
D. Pipe System:
 - Check for any leakages.",,Equipment tested satisfactorily after maintenance. No issues found.,f,2026-02-18 04:41:09.921012
89,COMP-1768374768336-rpo8r9jlw,652.003.02,7440571a-841a-11ed-aa7c-7003bca91a86,JOB-1768375698059-oyj92wowp,MKR-IN-00085,WO-1770967515003-a4iiigzju,WO-652.003.02-2026-079,AE Cylinder Liner Inspection - 1M,Servicing,2026-02-07,,3rd Engineer,,2026-02-09,Approved,"SAFETY PROCEDURE (COMPANY)
===========================
Ensure compliance with safety procedures according to the company policy and requirements.

DESCRIPTION
===========
1. Liner Condition (Visual / Indirect)

Check for abnormal scavenge space condition (if accessible).

Look for signs of scuffing, scoring, or polishing (based on inspection ports or trend data).

Monitor liner condition through performance parameters if direct access is not possible.

2. Lubrication

Verify cylinder lubrication rate (if applicable) is as per maker’s recommendation.

Check lube oil distribution and absence of oil starvation signs.

Review lube oil consumption trends.

3. Cooling & Sealing

Monitor jacket water temperature and pressure related to cylinder No.01.

Check for cooling water leakage into cylinder or crankcase.

Verify condition of liner sealing arrangements (indirect observation).",,Minor adjustments carried out during AE Cylinder Liner Inspection - 1M. Performance within acceptable parameters.,f,2026-02-18 04:41:09.843179
88,COMP-1768374768213-mhhjqq443,601.066.04,7440571a-841a-11ed-aa7c-7003bca91a86,JOB-1768375697647-x4f6dmknx,MKR-IN-00079,WO-1770967515003-eq9rxhosj,WO-601.066.04-2026-043,Main Engine – Indicator Valves & Indicators Inspection - 1M,Servicing,2026-02-04,,2nd Engineer,,2026-02-06,Approved,"SAFETY PROCEDURE (COMPANY)
===========================
Ensure compliance with safety procedures according to the company policy and requirements.

DESCRIPTION
===========
1. Indicator Valves

Inspect indicator valves for gas leakage, corrosion, or damage.

Check free movement of valve spindle and correct operation.

Ensure valve caps, safety chains, and blanking plugs are fitted and secure.

Confirm no leakage when valves are in closed position.

2. Indicator Cocks & Piping

Inspect indicator cocks, fittings, and connections for tightness.

Check condition of sealing surfaces and threads.

Verify no carbon build-up obstructing passages",,Equipment tested satisfactorily after maintenance. No issues found.,f,2026-02-18 04:41:09.710199
87,COMP-1768374767939-gp5co4ot0,285.001.07,7440571a-841a-11ed-aa7c-7003bca91a86,JOB-1768375696862-icyy5iffj,MKR-IN-00072,WO-1770967515018-2pjnzosn6,UWO-285.001.07-2026-662,Ballast Tanks/SW Tanks No.07 - Bearing Overheating - Emergency Maintenance,Servicing,2026-02-10,,2nd Officer,,2026-02-12,Approved,Bearing temperature rising above normal. Emergency maintenance carried out.,,Equipment tested satisfactorily after maintenance. No issues found.,f,2026-02-18 04:41:09.216715
86,COMP-1768374768419-s2tgtqdrb,653.002.04,7440571a-841a-11ed-aa7c-7003bca91a86,JOB-1768375698276-c54e3fxtf,MKR-IN-00080,WO-1770967515003-uplj5w4x9,WO-653.002.04-2026-094,AE Cylinder Covers with Valves Inspection - 1M,Servicing,2026-01-31,,3rd Engineer,,2026-02-01,Approved,"SAFETY PROCEDURE (COMPANY)
===========================
Ensure compliance with safety procedures according to the company policy and requirements.

DESCRIPTION
===========
1. Cylinder Cover Condition

Inspect cylinder covers externally for cracks, corrosion, or hot spots.

Check for leakage of combustion gas, cooling water, or lube oil.

Verify tightness condition of cover securing nuts (visual check).

2. Cooling Water Passages

Check cooling water inlet and outlet connections for leakage.

Monitor jacket water temperature and pressure for each cylinder.

Look for abnormal temperature deviation between cylinders.

3. Valves (Inlet / Exhaust / Indicator / Starting if fitted)

Inspect exhaust valve area for gas leakage or overheating.

Check inlet valve area for abnormal noise or leakage.

Inspect indicator and starting valves for tightness and free operation.

Ensure valve caps and safety devices are properly fitted.",,Additional observations during AE Cylinder Covers with Valves Inspection - 1M - recommend follow-up at next scheduled interval.,f,2026-02-18 04:41:08.688611
85,COMP-1768374767830-uxleqdvg1,601.018,7440571a-841a-11ed-aa7c-7003bca91a86,JOB-1768375697502-3ijpl6vm3,MKR-IN-00077,WO-1770967515003-2gdosmbh7,WO-601.018-2026-036,Main Engine – Crankcase Inspection - 1M,Servicing,2026-02-22,,2nd Engineer,,2026-02-24,Approved,"SAFETY PROCEDURE (COMPANY)
===========================
Ensure compliance with safety procedures according to the company policy and requirements.

DESCRIPTION
===========
1. Crankcase General Condition

Inspect crankcase internally for cleanliness, sludge accumulation, or metallic debris.

Check for oil leakage, cracks, or abnormal discoloration.

Ensure crankcase doors, inspection covers, and securing bolts are in good condition.

2. Bearings & Rotating Parts

Inspect main bearings and crankpin bearings (visual access only) for signs of overheating or wipe.

Check crankshaft webs, journals, and fillets for abnormal marks or scoring.

Inspect connecting rod big-end area for abnormal condition.

3. Lubrication & Oil Mist

Verify lube oil spray pattern and oil return passages.

Check crankcase lube oil temperature and pressure.

Inspect oil mist detector (OMD) sensors, piping, and alarm status.

4. Crankcase Ventilation & Safety

Ensure crankcase relief valves are clean, free, and properly secured.

Check flame arresters and relief valve covers for damage.

Verify no obstruction in crankcase ventilation arrangements.

5. Trend & Condition Monitoring

Review bearing temperature trends and vibration data.

Compare current observations with previous inspection records.

Review lube oil analysis reports for wear metal indication.",,All equipment tested satisfactorily post-maintenance. No abnormalities detected.,f,2026-02-18 04:41:08.504696
84,COMP-1768374768508-68ro7cn9f,702.005.01,7440571a-841a-11ed-aa7c-7003bca91a86,JOB-1768375698505-5h32zwd3i,MKR-IN-00054,WO-1770967515003-pif6wju6i,WO-702.005.01-2026-108,"Purifier, Routine - 1W",Servicing,2026-02-04,,3rd Engineer,,2026-02-07,Approved,"SAFETY PROCEDURE (COMPANY)
===========================
Ensure compliance with safety procedures according to the company policy and requirements.

JOB REFERENCE DETAILS
===================
Manual Name: 8M-3 INSTRUCTION MANAUL FOR PURIFIER;5303.pdf
Pdf Page No: 56
Chapter: 3. Maintenance Inspection Procedures
Section: 3.1 Routine checks

DESCRIPTION
===========
Routine Checks :
1. Check the feed rate with respect to set feed rate for any changes.
2. Check the temperature with set temperature level.
3. Check the pressure of light liquid outlet is to be coincide roughly with the set pressure of the leakage.
4. Check for any increase in vibration.
5. Check for operational noise in gear pump and bearing etc. 
6. Check the rated current on daily basis.
7. Check the gear pump oil quantity. 
8. Check the safety joint of gears for any deformation.
9. Check for oil leakage in pipe joints.
10. Check & adjust pressure LED (yellow) lit or flashing for Leakage Monitor.
11. Check indicate revolution LED (green) is flashing for Discharge Monitor.",,Completion delayed due to vessel operational schedule. Work carried out during port call.,f,2026-02-18 04:41:08.158315
83,COMP-1768374768334-x8vq4y9hs,652.003.01,7440571a-841a-11ed-aa7c-7003bca91a86,JOB-1768375698053-sog0kbiyi,MKR-IN-00085,WO-1770967515019-r9zrzre0l,UWO-652.003.01-2026-857,AE2 Cylinder Liners No.01 - Valve Leakage - Immediate Repair,Servicing,2026-02-05,,4th Engineer,,2026-02-06,Approved,Valve found leaking during rounds. Repacked gland and replaced gasket.,,Equipment tested satisfactorily after completion of AE2 Cylinder Liners No.01 - Valve Leakage - Immediate Repair. No issues found.,f,2026-02-18 04:41:08.028433
82,COMP-1768374767771-lut5cz1br,653.020,7440571a-841a-11ed-aa7c-7003bca91a86,JOB-1768375698410-96x42qaxx,MKR-IN-00017,WO-1770967515018-z5d9hdgs4,UWO-653.020-2026-758,AE3 Crankcase Doors W/Safety Valve - Pipe Leakage - Welding Repair,Servicing,2026-03-03,,3rd Engineer,,2026-03-05,Approved,"Pipe leakage found in engine room. Temporary repair carried out, permanent repair planned.",,All equipment tested satisfactorily post-maintenance. No abnormalities detected.,f,2026-02-18 04:41:07.78943
81,COMP-1768374767974-ma2l45pdf,554.005.02,7440571a-841a-11ed-aa7c-7003bca91a86,JOB-1768375697059-m5ot2aba6,MKR-IN-00052,WO-1770967515018-pbhfhyy4b,UWO-554.005.02-2026-633,Condensers No.02 - Pump Seal Failure - Emergency Repair,Servicing,2026-02-19,,Chief Engineer,,2026-02-21,Approved,Pump seal found leaking during routine watch. Emergency repair carried out.,,All equipment tested satisfactorily post-maintenance. No abnormalities detected.,f,2026-02-18 04:41:07.63625
80,COMP-1768374767834-dbncpiany,601.053,7440571a-841a-11ed-aa7c-7003bca91a86,JOB-1768375697585-z6leju6xr,MKR-IN-00066,WO-1770967515016-rnuhxn0l7,WO-601.053-2026-454,"ME Turbocharger Turbine, Cleaning - 500H",Servicing,2026-02-12,,2nd Engineer,,2026-02-15,Approved,"SAFETY PROCEDURE (COMPANY)
===========================
Ensure compliance with safety procedures according to the company policy and requirements.

JOB REFERENCE DETAILS
===================
Manual Name: 3M-2 DIESEL ENGINE VOL II;5303.pdf
Pdf Page No: 196, 171, 172
Job Reference: Group No. 400
Chapter: Maintenance Schedule Of Main Parts


DESCRIPTION
===========
1. Cleaning of turbine side of turbocharger to be carried out (vegetal solid cleaning).",,Completion delayed due to vessel operational schedule. Work carried out during port call.,f,2026-02-18 04:41:05.836567
79,COMP-1768374767805-z4lpo0038,411.001,7440571a-841a-11ed-aa7c-7003bca91a86,JOB-1768375696959-0c1fc1392,MKR-SE-00019,WO-1770967515003-wy3dbympn,WO-411.001-2026-017,"Radar Band Lithium Battery, Renewal/Replace - 3Y",Servicing,2026-02-11,,2nd Officer,,2026-02-12,Approved,"SAFETY PROCEDURE (COMPANY)
===========================
Ensure compliance with safety procedures according to the company policy and requirements.

JOB REFERENCE DETAILS
===================
Manual Name: 4E-6 S-BAND RADAR;5303.pdf
Pdf Page No: 294
Chapter: 8 Countermeasures For Trouble And Adjustment
Section: Replacement Of Parts Periodically

DESCRIPTION
===========
1. Replace the lithium battery.",,Work delayed due to weather/operational constraints. Completed during port stay.,f,2026-02-18 04:41:05.771027
78,COMP-1768374768505-jktu58f2h,653.020.07,7440571a-841a-11ed-aa7c-7003bca91a86,JOB-1768375698472-uptpyz4en,MKR-IN-00017,WO-1770967515017-hiulqram3,UWO-653.020.07-2026-579,AE3 Crankcase Doors W/Safety Valve No.07 - Filter Blockage - Emergency Cleaning,Servicing,2026-02-10,,2nd Engineer,,2026-02-11,Approved,Filter differential pressure high. Emergency cleaning/replacement carried out.,,Equipment tested satisfactorily after completion of AE3 Crankcase Doors W/Safety Valve No.07 - Filter Blockage - Emergency Cleaning. No issues found.,f,2026-02-18 04:41:02.648326
77,COMP-1768374768192-2i0qzo7db,601.026.03,7440571a-841a-11ed-aa7c-7003bca91a86,JOB-1768375697534-qm7gaybk8,MKR-SE-00020,WO-1770967515017-ilawjmtdm,UWO-601.026.03-2026-532,ME Hp Fuel Pumps No.03 - Valve Leakage - Immediate Repair,Servicing,2026-02-11,,2nd Engineer,,2026-02-14,Approved,Valve found leaking during rounds. Repacked gland and replaced gasket.,,All checks completed as per manufacturer guidelines. Next service due as scheduled.,f,2026-02-18 04:41:01.849524
76,COMP-1768374767848-yixi06ueq,651.001,7440571a-841a-11ed-aa7c-7003bca91a86,JOB-1768375697672-h1dlcsu94,MKR-IN-00014,WO-1770967515003-9hej2q3md,WO-651.001-2026-049,"DG General, Visual Check - 1W",Servicing,2026-02-12,,3rd Engineer,,2026-02-15,Approved,"SAFETY PROCEDURE (COMPANY)
===========================
Ensure compliance with safety procedures according to the company policy and requirements.

JOB REFERENCE DETAILS
===================
Manual Name: 5M-2 OPERATION MANAUL FOR DIESEL GENERATOR ENGINE;5303.pdf
Pdf Page No: 85
Job Reference: Lub. Oil System
Chapter: 6. Maintenance Checking
Section: 6.1 Table of Routine Maintenance Checking

DESCRIPTION
===========
A. Pressure gauge Check:
 - Check for any defective on pressure gauge.
B. Thermometer:
 - Check for any defective indication.
C. Engine appearance:
 - Check on looseness of bolts and nuts.
 - Check on leaks of various parts like cooling water, fuel oil, and lube. Oil, boost air and exhaust gas.
D. Pipe System:
 - Check for any leakages.",,"Equipment tested satisfactorily after completion of DG General, Visual Check - 1W. No issues found.",f,2026-02-18 04:41:01.648509
75,COMP-1768374767815-k5anrfi02,554.001,7440571a-841a-11ed-aa7c-7003bca91a86,JOB-1768375697014-n01208k56,MKR-IN-00046,WO-1770967515003-cfc5j8qv5,WO-554.001-2026-024,"Provision Refrigeration Unit, Routine - 1W",Servicing,2026-02-12,,2nd Engineer,,2026-02-13,Approved,"SAFETY PROCEDURE (COMPANY)
===========================
Ensure compliance with safety procedures according to the company policy and requirements.

JOB REFERENCE DETAILS
===================
Manual Name: 2F-16 UNIT TYPE PROV. REF. CHAMBER;5303.pdf
Pdf Page No: 92
Chapter: 3.inspection


DESCRIPTION
===========
1. Check it by oil level gauge.
2. Check it by discharge pressure gauge.
3.Check it by suction pressure gauge
4.Check it by oil pressure gauge.
5.Check by thermometer
6.Ausculation with brass bar & Palpation",,"Minor adjustments carried out during Provision Refrigeration Unit, Routine - 1W. Performance within acceptable parameters.",f,2026-02-18 04:41:01.611957
74,COMP-1768374768511-709kv1bk1,702.005.02,7440571a-841a-11ed-aa7c-7003bca91a86,JOB-1768375698565-t88ariy3e,MKR-SE-00022,WO-1770967515004-sb1ujg0yu,WO-702.005.02-2026-119,"Purifier Multi Monitor Pressure Sensor, Renewal/Replace - 3Y",Servicing,2026-02-14,,3rd Engineer,,2026-02-17,Approved,"SAFETY PROCEDURE (COMPANY)
===========================
Ensure compliance with safety procedures according to the company policy and requirements.

JOB REFERENCE DETAILS
===================
Manual Name: 8M-3 INSTRUCTION MANAUL FOR PURIFIER;5303.pdf
Pdf Page No: 61
Chapter: 3. Maintenance Inspection Procedures
Section: 3.4 Expendable parts replacement intervals

DESCRIPTION
===========
1. Replacement of multi monitor pressure sensor to be carried out .",,"Equipment tested satisfactorily after completion of Purifier Multi Monitor Pressure Sensor, Renewal/Replace - 3Y. No issues found.",f,2026-02-18 04:41:00.975071
73,COMP-1768374768508-68ro7cn9f,702.005.01,7440571a-841a-11ed-aa7c-7003bca91a86,JOB-1768375698505-5h32zwd3i,MKR-IN-00054,WO-1770967515003-c20gouqsq,WO-702.005.01-2026-109,"Purifier, Routine - 1W",Servicing,2026-02-11,,3rd Engineer,,2026-02-12,Approved,"SAFETY PROCEDURE (COMPANY)
===========================
Ensure compliance with safety procedures according to the company policy and requirements.

JOB REFERENCE DETAILS
===================
Manual Name: 8M-3 INSTRUCTION MANAUL FOR PURIFIER;5303.pdf
Pdf Page No: 56
Chapter: 3. Maintenance Inspection Procedures
Section: 3.1 Routine checks

DESCRIPTION
===========
Routine Checks :
1. Check the feed rate with respect to set feed rate for any changes.
2. Check the temperature with set temperature level.
3. Check the pressure of light liquid outlet is to be coincide roughly with the set pressure of the leakage.
4. Check for any increase in vibration.
5. Check for operational noise in gear pump and bearing etc. 
6. Check the rated current on daily basis.
7. Check the gear pump oil quantity. 
8. Check the safety joint of gears for any deformation.
9. Check for oil leakage in pipe joints.
10. Check & adjust pressure LED (yellow) lit or flashing for Leakage Monitor.
11. Check indicate revolution LED (green) is flashing for Discharge Monitor.",,All checks completed as per manufacturer guidelines. Next service due as scheduled.,f,2026-02-18 04:41:00.595664
72,COMP-1768374768521-2x58uv1ld,712.011.01,7440571a-841a-11ed-aa7c-7003bca91a86,JOB-1768375698786-hgol0cfcl,MKR-SE-00022,WO-1770967515004-63awfg1m7,WO-712.011.01-2026-132,"Purifier Multi Monitor Pressure Sensor, Renewal/Replace - 3Y",Servicing,2026-03-11,,3rd Engineer,,2026-03-13,Approved,"SAFETY PROCEDURE (COMPANY)
===========================
Ensure compliance with safety procedures according to the company policy and requirements.

JOB REFERENCE DETAILS
===================
Manual Name: 8M-3 INSTRUCTION MANAUL FOR PURIFIER;5303.pdf
Pdf Page No: 61
Chapter: 3. Maintenance Inspection Procedures
Section: 3.4 Expendable parts replacement intervals

DESCRIPTION
===========
1. Replacement of multi monitor pressure sensor to be carried out .",,Equipment tested satisfactorily after maintenance. No issues found.,f,2026-02-18 04:41:00.549967
51,COMP-1768374767978-76w9blhnj,601.002.01,7440571a-841a-11ed-aa7c-7003bca91a86,,,WO-1768375973049-t622z9c93,MKR-IN-00075-601.002.01-2026-001,Main Engine – Cylinder Covers with Valves Inspection - 4000H,Inspection,2026-01-08,6050.00,Unknown,Chief Engineer,2026-01-08,Approved,"SAFETY PROCEDURE (COMPANY)
===========================
Ensure compliance with safety procedures according to the company policy and requirements.

DESCRIPTION
===========
1. Cylinder Cover Condition

Inspect cylinder cover externally for cracks, corrosion, or hot spots.

Check for leakage of combustion gas, cooling water, or lube oil.

Verify tightening condition of cover studs and nuts (visual/record check).

2. Cooling Water Passages

Check cooling water inlet and outlet connections for leakage.

Monitor jacket water temperature differences across cylinders.

Inspect for signs of scaling or blockage (based on temperature trend).

3. Valves (Exhaust / Inlet / Starting / Indicator)

Inspect exhaust valve housing area for gas leakage or abnormal heating.

Check operation of:

Exhaust valve (opening/closing behavior via parameters)

Starting air valve (no leakage during normal running)

Indicator valve (tightness and free operation)

Ensure valve caps and securing devices are properly fitted.

4. Valve Actuation System

Inspect hydraulic or mechanical valve actuation components.

Check for oil leakage at pipes, flanges, and fittings.

Monitor hydraulic oil pressure and temperature (if applicable).

1. General Condition

Inspect engine exterior for oil, fuel, water, or exhaust gas leakage.

Check for abnormal vibration, noise, or overheating.

Ensure foundation bolts, holding-down bolts, and chocks show no abnormal condition.

2. Lubrication System

Check sump oil level and condition.

Review lube oil pressure, temperature, and differential pressure across filters.

Inspect lube oil filters and coolers for leakage.

Verify oil mist detector operation and alarm status.

3. Fuel System

Inspect fuel pumps, injectors, and fuel lines for leakage.

Check fuel oil pressure, temperature, and viscosity (as applicable).

Drain and check fuel filters and settling system as required.

4. Cooling Water System

Check jacket water pressure, temperature, and expansion tank level.

Inspect freshwater and seawater pumps for leakage.

Verify cooler condition and seawater inlet/outlet temperatures.

5. Air & Exhaust System

Inspect turbocharger casing, air inlet filters, and ducting.

Check exhaust manifold for leakage, cracks, or insulation damage.

Monitor exhaust gas temperatures for cylinder deviation.

6. Starting & Control System

Check starting air pressure and drain receivers.

Inspect starting valves and control air system.

Verify correct operation of engine control system, telegraph, and safety interlocks.

7. Safety & Protection Devices

Test safety devices as per PMS schedule:

Overspeed trip

Low lube oil pressure alarm

High jacket water temperature alarm

Verify crankcase relief valves condition.

8. Performance Monitoring

Record engine RPM, load, and fuel consumption.

Review trends for lube oil consumption and exhaust temperatures.

Compare readings with previous records.","""[{\""partNo\"":\""H141920\"",\""partCode\"":\""\"",\""description\"":\""Cylinder Cover Complete\"",\""quantityConsumed\"":\""1\"",\""location\"":\""AAA-BBB-CCC\"",\""locationId\"":5,\""comments\"":\""NA\""},{\""partNo\"":\""Fig. 141\\\\H1411101\"",\""partCode\"":\""\"",\""description\"":\""Cylinder Cover\"",\""quantityConsumed\"":\""1\"",\""location\"":\""AAA-BBB-CCC\"",\""locationId\"":5,\""comments\"":\""NA\""}]""",,f,2026-01-23 04:06:52.28044
48,COMP-1768374767929-zn4ptm8ru,285.001.04,7440571a-841a-11ed-aa7c-7003bca91a86,,,WO-1769063714643-ima4g6g9q,UWO-285.001.04-2026-001,Test_01_021,Unplanned Maintenance,2026-01-01,,2nd Engineer,Chief Engineer,2026-01-01,Approved,"Checked and tested, no defects observed.
Work carried out, found satisfactory.","""[]""",,f,2026-01-22 06:38:16.790915
47,COMP-1768374767984-6u9jcb7bt,601.002.03,7440571a-841a-11ed-aa7c-7003bca91a86,,,WO-1768375973073-aacxrujbd,MKR-IN-00075-601.002.03-2026-001,Main Engine – Cylinder Covers with Valves Inspection - 4000H,Inspection,2026-01-08,6050.00,Unknown,Chief Engineer,2026-01-08,Approved,"SAFETY PROCEDURE (COMPANY)
===========================
Ensure compliance with safety procedures according to the company policy and requirements.

DESCRIPTION
===========
1. Cylinder Cover Condition

Inspect cylinder cover externally for cracks, corrosion, or hot spots.

Check for leakage of combustion gas, cooling water, or lube oil.

Verify tightening condition of cover studs and nuts (visual/record check).

2. Cooling Water Passages

Check cooling water inlet and outlet connections for leakage.

Monitor jacket water temperature differences across cylinders.

Inspect for signs of scaling or blockage (based on temperature trend).

3. Valves (Exhaust / Inlet / Starting / Indicator)

Inspect exhaust valve housing area for gas leakage or abnormal heating.

Check operation of:

Exhaust valve (opening/closing behavior via parameters)

Starting air valve (no leakage during normal running)

Indicator valve (tightness and free operation)

Ensure valve caps and securing devices are properly fitted.

4. Valve Actuation System

Inspect hydraulic or mechanical valve actuation components.

Check for oil leakage at pipes, flanges, and fittings.

Monitor hydraulic oil pressure and temperature (if applicable).

1. General Condition

Inspect engine exterior for oil, fuel, water, or exhaust gas leakage.

Check for abnormal vibration, noise, or overheating.

Ensure foundation bolts, holding-down bolts, and chocks show no abnormal condition.

2. Lubrication System

Check sump oil level and condition.

Review lube oil pressure, temperature, and differential pressure across filters.

Inspect lube oil filters and coolers for leakage.

Verify oil mist detector operation and alarm status.

3. Fuel System

Inspect fuel pumps, injectors, and fuel lines for leakage.

Check fuel oil pressure, temperature, and viscosity (as applicable).

Drain and check fuel filters and settling system as required.

4. Cooling Water System

Check jacket water pressure, temperature, and expansion tank level.

Inspect freshwater and seawater pumps for leakage.

Verify cooler condition and seawater inlet/outlet temperatures.

5. Air & Exhaust System

Inspect turbocharger casing, air inlet filters, and ducting.

Check exhaust manifold for leakage, cracks, or insulation damage.

Monitor exhaust gas temperatures for cylinder deviation.

6. Starting & Control System

Check starting air pressure and drain receivers.

Inspect starting valves and control air system.

Verify correct operation of engine control system, telegraph, and safety interlocks.

7. Safety & Protection Devices

Test safety devices as per PMS schedule:

Overspeed trip

Low lube oil pressure alarm

High jacket water temperature alarm

Verify crankcase relief valves condition.

8. Performance Monitoring

Record engine RPM, load, and fuel consumption.

Review trends for lube oil consumption and exhaust temperatures.

Compare readings with previous records.","""[{\""partNo\"":\""H141920\"",\""partCode\"":\""\"",\""description\"":\""Cylinder Cover Complete\"",\""quantityConsumed\"":\""1\"",\""location\"":\""AAA-BBB-CCC\"",\""locationId\"":5,\""comments\"":\""\""},{\""partNo\"":\""Fig. 141\\\\H1411101\"",\""partCode\"":\""\"",\""description\"":\""Cylinder Cover\"",\""quantityConsumed\"":\""\"",\""location\"":\""AAA-BBB-CCC\"",\""locationId\"":5,\""comments\"":\""\""}]""",,f,2026-01-22 06:32:00.558849
41,COMP-1768374768443-sj0hmblft,653.003.06,7440571a-841a-11ed-aa7c-7003bca91a86,,,WO-1768375733669-kuddzref6,MKR-IN-00085-653.003.06-2026-001,AE Cylinder Liner Inspection - 1M,Inspection,2026-01-06,,3rd Engineer,Chief Engineer,2026-01-06,Approved,"SAFETY PROCEDURE (COMPANY)
===========================
Ensure compliance with safety procedures according to the company policy and requirements.

DESCRIPTION
===========
1. Liner Condition (Visual / Indirect)

Check for abnormal scavenge space condition (if accessible).

Look for signs of scuffing, scoring, or polishing (based on inspection ports or trend data).

Monitor liner condition through performance parameters if direct access is not possible.

2. Lubrication

Verify cylinder lubrication rate (if applicable) is as per maker’s recommendation.

Check lube oil distribution and absence of oil starvation signs.

Review lube oil consumption trends.

3. Cooling & Sealing

Monitor jacket water temperature and pressure related to cylinder No.01.

Check for cooling water leakage into cylinder or crankcase.

Verify condition of liner sealing arrangements (indirect observation).","""[]""",,f,2026-01-16 09:11:40.789875
37,COMP-1768374767962-b363j8iop,554.003.01,7440571a-841a-11ed-aa7c-7003bca91a86,,,WO-1768376512893-xowhy1m6p,MKR-IN-00051-554.003.01-2026-001,"Provision Ref. Compressors, Visual Check - 10000H",Inspection,2026-01-04,15025.00,3rd Engineer,Chief Engineer,2026-01-04,Approved,"Alarm tested, found satisfactory.","""[]""",,f,2026-01-15 05:33:16.90364
32,COMP-1768374767962-b363j8iop,554.003.01,7440571a-841a-11ed-aa7c-7003bca91a86,,,WO-1768376512875-7lgjq3ky2,MKR-IN-00050-554.003.01-2026-001,"Provision Ref. Compressors, Inspection - 15000H",Inspection,2026-01-11,15020.00,4th Engineer,Chief Engineer,2026-01-11,Approved,"SAFETY PROCEDURE (COMPANY)
===========================
Ensure compliance with safety procedures according to the company policy and requirements.

JOB REFERENCE DETAILS
===================
Manual Name: 2F-16 UNIT TYPE PROV. REF. CHAMBER;5303.pdf
Pdf Page No: 118
Chapter: Standard Working Period & Limit Of Wear For Each Part


DESCRIPTION
===========
1. Inspect the Crankshaft journal for bearing side and motor side.
2. Inspect the Crankshaft pin, main bearing and motor.
3. Inspect the Cylinder max. 
4. Replace the oil pump wen pressure drops.","""[]""",,f,2026-01-14 07:43:07.98732
31,COMP-1768374768163-l5iay97ij,601.007.01,7440571a-841a-11ed-aa7c-7003bca91a86,,,WO-1768375972946-6ujv4mlde,MKR-IN-00064-601.007.01-2026-001,"ME Main Bearing Clearance, Inspection - 6000H",Inspection,2026-01-11,6000.00,2nd Engineer,Chief Engineer,2026-01-11,Approved,"SAFETY PROCEDURE (COMPANY)
===========================
Ensure compliance with safety procedures according to the company policy and requirements.

JOB REFERENCE DETAILS
===================
Manual Name: 3M-2 DIESEL ENGINE VOL II;5303.pdf
Pdf Page No: 193,217-222
Job Reference: Group No.1140
Chapter: Maintenance Schedule Of Main Parts


DESCRIPTION
===========
1. Inspection of main bearing clearance and measurement of wear.","""[]""",,f,2026-01-14 07:38:54.770332
30,COMP-1768374768239-6wbm7nkr9,651.003.01,7440571a-841a-11ed-aa7c-7003bca91a86,,,WO-1768375733364-znhfpmlp2,MKR-IN-00085-651.003.01-2026-001,AE Cylinder Liner Inspection - 1M,Inspection,2026-01-12,,Unknown,Chief Engineer,2026-01-12,Approved,"SAFETY PROCEDURE (COMPANY)
===========================
Ensure compliance with safety procedures according to the company policy and requirements.

DESCRIPTION
===========
1. Liner Condition (Visual / Indirect)

Check for abnormal scavenge space condition (if accessible).

Look for signs of scuffing, scoring, or polishing (based on inspection ports or trend data).

Monitor liner condition through performance parameters if direct access is not possible.

2. Lubrication

Verify cylinder lubrication rate (if applicable) is as per maker’s recommendation.

Check lube oil distribution and absence of oil starvation signs.

Review lube oil consumption trends.

3. Cooling & Sealing

Monitor jacket water temperature and pressure related to cylinder No.01.

Check for cooling water leakage into cylinder or crankcase.

Verify condition of liner sealing arrangements (indirect observation).","""[]""",,f,2026-01-14 07:34:01.009226
29,COMP-1768374768511-709kv1bk1,702.005.02,7440571a-841a-11ed-aa7c-7003bca91a86,,,WO-1768375732743-4hslazo87,MKR-IN-00054-702.005.02-2026-001,"Purifier, Routine - 1W",Inspection,2026-01-13,,4th Engineer,Chief Engineer,2026-01-13,Approved,"SAFETY PROCEDURE (COMPANY)
===========================
Ensure compliance with safety procedures according to the company policy and requirements.

JOB REFERENCE DETAILS
===================
Manual Name: 8M-3 INSTRUCTION MANAUL FOR PURIFIER;5303.pdf
Pdf Page No: 56
Chapter: 3. Maintenance Inspection Procedures
Section: 3.1 Routine checks

DESCRIPTION
===========
Routine Checks :
1. Check the feed rate with respect to set feed rate for any changes.
2. Check the temperature with set temperature level.
3. Check the pressure of light liquid outlet is to be coincide roughly with the set pressure of the leakage.
4. Check for any increase in vibration.
5. Check for operational noise in gear pump and bearing etc. 
6. Check the rated current on daily basis.
7. Check the gear pump oil quantity. 
8. Check the safety joint of gears for any deformation.
9. Check for oil leakage in pipe joints.
10. Check & adjust pressure LED (yellow) lit or flashing for Leakage Monitor.
11. Check indicate revolution LED (green) is flashing for Discharge Monitor.","""[]""",,f,2026-01-14 07:31:26.631704
