id,vessel_id,section,item_id,part_code,item_name,uom,event_type,qty_change_base,qty_display,uom_display,rob_after_base,date_local,tz,timestamp_utc,place,ref,user_id,remarks
3940,7440571a-841a-11ed-aa7c-7003bca91a86,lubes,151,LU-0001,Main Engine Cylinder Oil,ltr,CONSUME,-111.50,-111.50,ltr,0.00,12-Feb-2026 07:38,UTC,2026-02-12 07:38:00,,,6084f3b8-85dc-462a-b045-111d2b2e6d0e,Daily cylinder oil consumption - 111.5 ltr
3939,7440571a-841a-11ed-aa7c-7003bca91a86,lubes,151,LU-0001,Main Engine Cylinder Oil,ltr,CONSUME,-120.00,-120.00,ltr,0.00,11-Feb-2026 07:04,UTC,2026-02-11 07:04:00,,,480b40d0-04bd-4590-a936-2f879b867977,Daily cylinder oil consumption - 120.0 ltr
4088,7440571a-841a-11ed-aa7c-7003bca91a86,chemicals,166,CH-0006,Tank Cleaning Chemical (Alkaline),ltr,CONSUME,-23.70,-23.70,ltr,4780.30,10-Feb-2026 12:05,UTC,2026-02-10 12:05:00,,,6084f3b8-85dc-462a-b045-111d2b2e6d0e,Chemical consumption - Tank Cleaning Chemical (Alkaline)
3938,7440571a-841a-11ed-aa7c-7003bca91a86,lubes,151,LU-0001,Main Engine Cylinder Oil,ltr,CONSUME,-82.30,-82.30,ltr,0.00,10-Feb-2026 07:13,UTC,2026-02-10 07:13:00,,,228b5256-5bd2-4bf3-826f-c6fe76571449,Daily cylinder oil consumption - 82.3 ltr
3937,7440571a-841a-11ed-aa7c-7003bca91a86,lubes,151,LU-0001,Main Engine Cylinder Oil,ltr,CONSUME,-69.60,-69.60,ltr,0.00,09-Feb-2026 08:20,UTC,2026-02-09 08:20:00,,,056a433e-b880-43c6-9d59-b1cfe71a4014,Daily cylinder oil consumption - 69.6 ltr
2476,7440571a-841a-11ed-aa7c-7003bca91a86,chemicals,163,CH-0003,Boiler Water Treatment Chemical,ltr,CONSUME,-1.56,-1.56,ltr,0.00,09-Feb-2026 00:00,UTC,2026-02-09 00:00:00,,,6084f3b8-85dc-462a-b045-111d2b2e6d0e,Weekly chemical consumption
2477,7440571a-841a-11ed-aa7c-7003bca91a86,chemicals,169,CH-0009,Sewage Treatment Plant Chemical,ltr,CONSUME,-1.32,-1.32,ltr,0.00,09-Feb-2026 00:00,UTC,2026-02-09 00:00:00,,,056a433e-b880-43c6-9d59-b1cfe71a4014,Weekly chemical consumption
2475,7440571a-841a-11ed-aa7c-7003bca91a86,chemicals,162,CH-0002,Lube Oil Treatment Chemical,ltr,CONSUME,-0.19,-0.19,ltr,0.00,09-Feb-2026 00:00,UTC,2026-02-09 00:00:00,,,228b5256-5bd2-4bf3-826f-c6fe76571449,Weekly chemical consumption
3936,7440571a-841a-11ed-aa7c-7003bca91a86,lubes,151,LU-0001,Main Engine Cylinder Oil,ltr,CONSUME,-120.00,-120.00,ltr,0.00,08-Feb-2026 07:44,UTC,2026-02-08 07:44:00,,,480b40d0-04bd-4590-a936-2f879b867977,Daily cylinder oil consumption - 120.0 ltr
3935,7440571a-841a-11ed-aa7c-7003bca91a86,lubes,151,LU-0001,Main Engine Cylinder Oil,ltr,CONSUME,-64.90,-64.90,ltr,0.00,07-Feb-2026 07:09,UTC,2026-02-07 07:09:00,,,6084f3b8-85dc-462a-b045-111d2b2e6d0e,Daily cylinder oil consumption - 64.9 ltr
3934,7440571a-841a-11ed-aa7c-7003bca91a86,lubes,151,LU-0001,Main Engine Cylinder Oil,ltr,CONSUME,-120.00,-120.00,ltr,0.00,06-Feb-2026 06:05,UTC,2026-02-06 06:05:00,,,6084f3b8-85dc-462a-b045-111d2b2e6d0e,Daily cylinder oil consumption - 120.0 ltr
3933,7440571a-841a-11ed-aa7c-7003bca91a86,lubes,151,LU-0001,Main Engine Cylinder Oil,ltr,CONSUME,-120.00,-120.00,ltr,0.00,05-Feb-2026 07:32,UTC,2026-02-05 07:32:00,,,228b5256-5bd2-4bf3-826f-c6fe76571449,Daily cylinder oil consumption - 120.0 ltr
3932,7440571a-841a-11ed-aa7c-7003bca91a86,lubes,151,LU-0001,Main Engine Cylinder Oil,ltr,CONSUME,-67.00,-67.00,ltr,0.00,04-Feb-2026 07:01,UTC,2026-02-04 07:01:00,,,480b40d0-04bd-4590-a936-2f879b867977,Daily cylinder oil consumption - 67.0 ltr
3931,7440571a-841a-11ed-aa7c-7003bca91a86,lubes,151,LU-0001,Main Engine Cylinder Oil,ltr,CONSUME,-82.10,-82.10,ltr,0.00,03-Feb-2026 06:14,UTC,2026-02-03 06:14:00,,,480b40d0-04bd-4590-a936-2f879b867977,Daily cylinder oil consumption - 82.1 ltr
3930,7440571a-841a-11ed-aa7c-7003bca91a86,lubes,151,LU-0001,Main Engine Cylinder Oil,ltr,CONSUME,-120.00,-120.00,ltr,0.00,02-Feb-2026 07:04,UTC,2026-02-02 07:04:00,,,228b5256-5bd2-4bf3-826f-c6fe76571449,Daily cylinder oil consumption - 120.0 ltr
2474,7440571a-841a-11ed-aa7c-7003bca91a86,chemicals,170,CH-0010,Hand Cleaning Chemical (Industrial Soap),ltr,CONSUME,-0.17,-0.17,ltr,0.00,02-Feb-2026 00:00,UTC,2026-02-02 00:00:00,,,480b40d0-04bd-4590-a936-2f879b867977,Weekly chemical consumption
2473,7440571a-841a-11ed-aa7c-7003bca91a86,chemicals,167,CH-0007,Degreasing Chemical,ltr,CONSUME,-1.59,-1.59,ltr,0.00,02-Feb-2026 00:00,UTC,2026-02-02 00:00:00,,,228b5256-5bd2-4bf3-826f-c6fe76571449,Weekly chemical consumption
2472,7440571a-841a-11ed-aa7c-7003bca91a86,chemicals,165,CH-0005,Potable Water Chlorination Chemical,ltr,CONSUME,-1.33,-1.33,ltr,0.00,02-Feb-2026 00:00,UTC,2026-02-02 00:00:00,,,056a433e-b880-43c6-9d59-b1cfe71a4014,Weekly chemical consumption
2471,7440571a-841a-11ed-aa7c-7003bca91a86,chemicals,164,CH-0004,Cooling Water Treatment Chemical,ltr,CONSUME,-1.74,-1.74,ltr,0.00,02-Feb-2026 00:00,UTC,2026-02-02 00:00:00,,,6084f3b8-85dc-462a-b045-111d2b2e6d0e,Weekly chemical consumption
3929,7440571a-841a-11ed-aa7c-7003bca91a86,lubes,151,LU-0001,Main Engine Cylinder Oil,ltr,CONSUME,-97.80,-97.80,ltr,0.00,01-Feb-2026 06:08,UTC,2026-02-01 06:08:00,,,6084f3b8-85dc-462a-b045-111d2b2e6d0e,Daily cylinder oil consumption - 97.8 ltr
2470,7440571a-841a-11ed-aa7c-7003bca91a86,stores,177,OT-0007,"Bilges, chain lockers",ltr,CONSUME,-3.50,-3.50,ltr,0.00,01-Feb-2026 00:00,UTC,2026-02-01 00:00:00,,,056a433e-b880-43c6-9d59-b1cfe71a4014,General stores consumption
1162,7440571a-841a-11ed-aa7c-7003bca91a86,chemicals,167,CH-0007,Degreasing Chemical,ltr,CONSUME,-3.00,-3.00,ltr,11.00,31-Jan-2026 21:57,UTC,2026-01-31 21:57:00,,WO-2025-012,1,Navigation equipment maintenance
1161,7440571a-841a-11ed-aa7c-7003bca91a86,stores,142,IT-0002,Jeevan,pcs,RECEIVE,15.00,15.00,pcs,32.00,31-Jan-2026 15:39,UTC,2026-01-31 15:39:00,Colombo,PO-2025-105,1,Quarterly supply order
1160,7440571a-841a-11ed-aa7c-7003bca91a86,chemicals,164,CH-0004,Cooling Water Treatment Chemical,ltr,RECEIVE,24.00,24.00,ltr,24.00,31-Jan-2026 12:18,UTC,2026-01-31 12:18:00,Jebel Ali,PO-2025-107,1,Supplier delivery on schedule
1485,7440571a-841a-11ed-aa7c-7003bca91a86,lubes,154,LU-0004,Turbocharger Lube Oil,ltr,CONSUME,-9.00,-9.00,ltr,43.00,31-Jan-2026 11:24,UTC,2026-01-31 11:24:00,,WO-2025-004,1,Engine room maintenance
1159,7440571a-841a-11ed-aa7c-7003bca91a86,others,174,OT-0004,Waterline area,ltr,CONSUME,-1.00,-1.00,ltr,54.00,31-Jan-2026 10:58,UTC,2026-01-31 10:58:00,,WO-2025-003,1,Quarterly maintenance requirement
1158,7440571a-841a-11ed-aa7c-7003bca91a86,others,179,OT-0009,Weather decks,ltr,CONSUME,-1.00,-1.00,ltr,53.00,31-Jan-2026 09:59,UTC,2026-01-31 09:59:00,,WO-2025-010,1,Accommodation maintenance
3928,7440571a-841a-11ed-aa7c-7003bca91a86,lubes,151,LU-0001,Main Engine Cylinder Oil,ltr,CONSUME,-120.00,-120.00,ltr,0.00,31-Jan-2026 08:54,UTC,2026-01-31 08:54:00,,,480b40d0-04bd-4590-a936-2f879b867977,Daily cylinder oil consumption - 120.0 ltr
1157,7440571a-841a-11ed-aa7c-7003bca91a86,stores,147,IT-0007,Ear Plugs (Disposable),pcs,CONSUME,-5.00,-5.00,pcs,11.00,30-Jan-2026 20:20,UTC,2026-01-30 20:20:00,,WO-2025-007,1,Hull maintenance work
1156,7440571a-841a-11ed-aa7c-7003bca91a86,chemicals,161,CH-0001,Fuel Oil Treatment Chemical,ltr,RECEIVE,24.00,24.00,ltr,32.00,30-Jan-2026 12:45,UTC,2026-01-30 12:45:00,Las Palmas,PO-2025-107,1,Annual stock replenishment
1484,7440571a-841a-11ed-aa7c-7003bca91a86,lubes,155,LU-0005,Hydraulic Oil,ltr,RECEIVE,39.00,39.00,ltr,47.00,30-Jan-2026 09:16,UTC,2026-01-30 09:16:00,Fujairah,PO-2025-101,1,Port supply delivery
1155,7440571a-841a-11ed-aa7c-7003bca91a86,others,178,OT-0008,"Pipes, tanks, machinery",ltr,CONSUME,-3.00,-3.00,ltr,48.00,30-Jan-2026 08:19,UTC,2026-01-30 08:19:00,,WO-2025-011,1,Monthly routine usage
3927,7440571a-841a-11ed-aa7c-7003bca91a86,lubes,151,LU-0001,Main Engine Cylinder Oil,ltr,CONSUME,-89.60,-89.60,ltr,0.00,30-Jan-2026 07:47,UTC,2026-01-30 07:47:00,,,6084f3b8-85dc-462a-b045-111d2b2e6d0e,Daily cylinder oil consumption - 89.6 ltr
1154,7440571a-841a-11ed-aa7c-7003bca91a86,stores,142,IT-0002,Jeevan,pcs,CONSUME,-2.00,-2.00,pcs,17.00,30-Jan-2026 07:41,UTC,2026-01-30 07:41:00,,WO-2025-007,1,Deck maintenance work
1153,7440571a-841a-11ed-aa7c-7003bca91a86,chemicals,169,CH-0009,Sewage Treatment Plant Chemical,ltr,CONSUME,-6.00,-6.00,ltr,5.00,29-Jan-2026 20:48,UTC,2026-01-29 20:48:00,,WO-2025-005,1,Voyage preparation consumption
1152,7440571a-841a-11ed-aa7c-7003bca91a86,stores,147,IT-0007,Ear Plugs (Disposable),pcs,RECEIVE,15.00,15.00,pcs,23.00,29-Jan-2026 16:26,UTC,2026-01-29 16:26:00,Las Palmas,PO-2025-105,1,Supply received per PO
1151,7440571a-841a-11ed-aa7c-7003bca91a86,others,177,OT-0007,"Bilges, chain lockers",ltr,RECEIVE,9.00,9.00,ltr,52.00,29-Jan-2026 16:24,UTC,2026-01-29 16:24:00,Jebel Ali,PO-2025-108,1,Supplier delivery on schedule
1150,7440571a-841a-11ed-aa7c-7003bca91a86,chemicals,165,CH-0005,Potable Water Chlorination Chemical,ltr,RECEIVE,12.00,12.00,ltr,26.00,29-Jan-2026 16:22,UTC,2026-01-29 16:22:00,Busan,PO-2025-108,1,Port supply delivery
1149,7440571a-841a-11ed-aa7c-7003bca91a86,stores,149,IT-0009,Cotton Waste / Cleaning Rags,pcs,RECEIVE,14.00,14.00,pcs,21.00,29-Jan-2026 15:52,UTC,2026-01-29 15:52:00,Mumbai,PO-2025-105,1,Port supply delivery
1148,7440571a-841a-11ed-aa7c-7003bca91a86,others,174,OT-0004,Waterline area,ltr,RECEIVE,12.00,12.00,ltr,66.00,29-Jan-2026 15:43,UTC,2026-01-29 15:43:00,Durban,PO-2025-104,1,Top-up supply received
3926,7440571a-841a-11ed-aa7c-7003bca91a86,lubes,151,LU-0001,Main Engine Cylinder Oil,ltr,CONSUME,-68.00,-68.00,ltr,0.00,29-Jan-2026 09:40,UTC,2026-01-29 09:40:00,,,228b5256-5bd2-4bf3-826f-c6fe76571449,Daily cylinder oil consumption - 68.0 ltr
1147,7440571a-841a-11ed-aa7c-7003bca91a86,chemicals,168,CH-0008,Rust Remover / Descaling Chemical,ltr,CONSUME,-5.00,-5.00,ltr,26.00,28-Jan-2026 18:47,UTC,2026-01-28 18:47:00,,WO-2025-011,1,Port state inspection preparation
1146,7440571a-841a-11ed-aa7c-7003bca91a86,chemicals,170,CH-0010,Hand Cleaning Chemical (Industrial Soap),ltr,CONSUME,-6.00,-6.00,ltr,10.00,28-Jan-2026 17:05,UTC,2026-01-28 17:05:00,,WO-2025-003,1,Scheduled overhaul requirement
1145,7440571a-841a-11ed-aa7c-7003bca91a86,stores,142,IT-0002,Jeevan,pcs,CONSUME,-1.00,-1.00,pcs,24.00,28-Jan-2026 15:56,UTC,2026-01-28 15:56:00,,WO-2025-003,1,Safety equipment replenishment
1144,7440571a-841a-11ed-aa7c-7003bca91a86,chemicals,168,CH-0008,Rust Remover / Descaling Chemical,ltr,CONSUME,-7.00,-7.00,ltr,19.00,28-Jan-2026 12:10,UTC,2026-01-28 12:10:00,,WO-2025-005,1,Hull maintenance work
1143,7440571a-841a-11ed-aa7c-7003bca91a86,stores,148,IT-0008,Dust Mask / Respirator Mask,pcs,RECEIVE,24.00,24.00,pcs,36.00,28-Jan-2026 10:47,UTC,2026-01-28 10:47:00,Singapore,PO-2025-107,1,Quarterly supply order
1142,7440571a-841a-11ed-aa7c-7003bca91a86,stores,141,IT-0001,Safety Gloves – Cotton,pcs,RECEIVE,20.00,20.00,pcs,20.00,28-Jan-2026 09:39,UTC,2026-01-28 09:39:00,Mumbai,PO-2025-106,1,Emergency supply received
3925,7440571a-841a-11ed-aa7c-7003bca91a86,lubes,151,LU-0001,Main Engine Cylinder Oil,ltr,CONSUME,-60.20,-60.20,ltr,0.00,28-Jan-2026 08:34,UTC,2026-01-28 08:34:00,,,480b40d0-04bd-4590-a936-2f879b867977,Daily cylinder oil consumption - 60.2 ltr
1141,7440571a-841a-11ed-aa7c-7003bca91a86,stores,144,IT-0004,Cutting Disc (Angle Grinder),pcs,CONSUME,-1.00,-1.00,pcs,35.00,27-Jan-2026 22:39,UTC,2026-01-27 22:39:00,,WO-2025-009,1,Voyage preparation consumption
1140,7440571a-841a-11ed-aa7c-7003bca91a86,chemicals,161,CH-0001,Fuel Oil Treatment Chemical,ltr,CONSUME,-4.00,-4.00,ltr,8.00,27-Jan-2026 19:35,UTC,2026-01-27 19:35:00,,WO-2025-010,1,Emergency repair usage
4085,7440571a-841a-11ed-aa7c-7003bca91a86,chemicals,163,CH-0003,Boiler Water Treatment Chemical,ltr,CONSUME,-38.80,-38.80,ltr,4755.10,27-Jan-2026 17:14,UTC,2026-01-27 17:14:00,,,228b5256-5bd2-4bf3-826f-c6fe76571449,Chemical consumption - Boiler Water Treatment Chemical
1139,7440571a-841a-11ed-aa7c-7003bca91a86,stores,144,IT-0004,Cutting Disc (Angle Grinder),pcs,CONSUME,-5.00,-5.00,pcs,23.00,27-Jan-2026 16:26,UTC,2026-01-27 16:26:00,,WO-2025-007,1,Machinery space maintenance
1138,7440571a-841a-11ed-aa7c-7003bca91a86,stores,145,IT-0005,Welding Electrodes (General Purpose),pcs,RECEIVE,11.00,11.00,pcs,26.00,27-Jan-2026 13:55,UTC,2026-01-27 13:55:00,Fujairah,PO-2025-101,1,Supply received per PO
1137,7440571a-841a-11ed-aa7c-7003bca91a86,stores,150,IT-0010,Emery Paper / Abrasive Sheet,pcs,CONSUME,-5.00,-5.00,pcs,4.00,27-Jan-2026 13:11,UTC,2026-01-27 13:11:00,,WO-2025-001,1,Navigation equipment maintenance
1136,7440571a-841a-11ed-aa7c-7003bca91a86,chemicals,170,CH-0010,Hand Cleaning Chemical (Industrial Soap),ltr,RECEIVE,23.00,23.00,ltr,30.00,27-Jan-2026 12:21,UTC,2026-01-27 12:21:00,Las Palmas,PO-2025-104,1,Annual stock replenishment
4086,7440571a-841a-11ed-aa7c-7003bca91a86,chemicals,170,CH-0010,Hand Cleaning Chemical (Industrial Soap),ltr,CONSUME,-7.40,-7.40,ltr,4867.40,27-Jan-2026 11:45,UTC,2026-01-27 11:45:00,,,056a433e-b880-43c6-9d59-b1cfe71a4014,Chemical consumption - Hand Cleaning Chemical (Industrial Soap)
1135,7440571a-841a-11ed-aa7c-7003bca91a86,others,173,OT-0003,Hull below waterline,ltr,RECEIVE,6.00,6.00,ltr,42.00,27-Jan-2026 08:18,UTC,2026-01-27 08:18:00,Jebel Ali,PO-2025-108,1,Emergency supply received
1134,7440571a-841a-11ed-aa7c-7003bca91a86,others,179,OT-0009,Weather decks,ltr,RECEIVE,15.00,15.00,ltr,68.00,27-Jan-2026 08:05,UTC,2026-01-27 08:05:00,Singapore,PO-2025-104,1,Quarterly supply order
3924,7440571a-841a-11ed-aa7c-7003bca91a86,lubes,151,LU-0001,Main Engine Cylinder Oil,ltr,CONSUME,-74.20,-74.20,ltr,0.00,27-Jan-2026 07:46,UTC,2026-01-27 07:46:00,,,480b40d0-04bd-4590-a936-2f879b867977,Daily cylinder oil consumption - 74.2 ltr
1133,7440571a-841a-11ed-aa7c-7003bca91a86,stores,150,IT-0010,Emery Paper / Abrasive Sheet,pcs,CONSUME,-5.00,-5.00,pcs,12.00,26-Jan-2026 22:07,UTC,2026-01-26 22:07:00,,WO-2025-010,1,Routine maintenance consumption
1132,7440571a-841a-11ed-aa7c-7003bca91a86,chemicals,165,CH-0005,Potable Water Chlorination Chemical,ltr,CONSUME,-2.00,-2.00,ltr,17.00,26-Jan-2026 22:04,UTC,2026-01-26 22:04:00,,WO-2025-011,1,Port state inspection preparation
1483,7440571a-841a-11ed-aa7c-7003bca91a86,lubes,158,LU-0008,Compressor Oil,ltr,CONSUME,-3.00,-3.00,ltr,7.00,26-Jan-2026 21:23,UTC,2026-01-26 21:23:00,,WO-2025-004,1,Routine maintenance consumption
1131,7440571a-841a-11ed-aa7c-7003bca91a86,chemicals,165,CH-0005,Potable Water Chlorination Chemical,ltr,CONSUME,-4.00,-4.00,ltr,19.00,26-Jan-2026 17:17,UTC,2026-01-26 17:17:00,,WO-2025-011,1,Routine maintenance consumption
1130,7440571a-841a-11ed-aa7c-7003bca91a86,chemicals,166,CH-0006,Tank Cleaning Chemical (Alkaline),ltr,RECEIVE,15.00,15.00,ltr,17.00,26-Jan-2026 15:57,UTC,2026-01-26 15:57:00,Rotterdam,PO-2025-103,1,Quarterly supply order
1129,7440571a-841a-11ed-aa7c-7003bca91a86,chemicals,163,CH-0003,Boiler Water Treatment Chemical,ltr,CONSUME,-4.00,-4.00,ltr,16.00,26-Jan-2026 12:06,UTC,2026-01-26 12:06:00,,WO-2025-002,1,Quarterly maintenance requirement
1128,7440571a-841a-11ed-aa7c-7003bca91a86,chemicals,163,CH-0003,Boiler Water Treatment Chemical,ltr,CONSUME,-3.00,-3.00,ltr,5.00,26-Jan-2026 10:13,UTC,2026-01-26 10:13:00,,WO-2025-007,1,Accommodation maintenance
3923,7440571a-841a-11ed-aa7c-7003bca91a86,lubes,151,LU-0001,Main Engine Cylinder Oil,ltr,CONSUME,-67.50,-67.50,ltr,0.00,26-Jan-2026 08:59,UTC,2026-01-26 08:59:00,,,056a433e-b880-43c6-9d59-b1cfe71a4014,Daily cylinder oil consumption - 67.5 ltr
2465,7440571a-841a-11ed-aa7c-7003bca91a86,chemicals,163,CH-0003,Boiler Water Treatment Chemical,ltr,CONSUME,-1.94,-1.94,ltr,0.00,26-Jan-2026 00:00,UTC,2026-01-26 00:00:00,,,480b40d0-04bd-4590-a936-2f879b867977,Weekly chemical consumption
2469,7440571a-841a-11ed-aa7c-7003bca91a86,chemicals,170,CH-0010,Hand Cleaning Chemical (Industrial Soap),ltr,CONSUME,-1.19,-1.19,ltr,0.00,26-Jan-2026 00:00,UTC,2026-01-26 00:00:00,,,480b40d0-04bd-4590-a936-2f879b867977,Weekly chemical consumption
2468,7440571a-841a-11ed-aa7c-7003bca91a86,chemicals,167,CH-0007,Degreasing Chemical,ltr,CONSUME,-0.79,-0.79,ltr,0.00,26-Jan-2026 00:00,UTC,2026-01-26 00:00:00,,,228b5256-5bd2-4bf3-826f-c6fe76571449,Weekly chemical consumption
2467,7440571a-841a-11ed-aa7c-7003bca91a86,chemicals,165,CH-0005,Potable Water Chlorination Chemical,ltr,CONSUME,-0.62,-0.62,ltr,0.00,26-Jan-2026 00:00,UTC,2026-01-26 00:00:00,,,228b5256-5bd2-4bf3-826f-c6fe76571449,Weekly chemical consumption
2466,7440571a-841a-11ed-aa7c-7003bca91a86,chemicals,164,CH-0004,Cooling Water Treatment Chemical,ltr,CONSUME,-1.12,-1.12,ltr,0.00,26-Jan-2026 00:00,UTC,2026-01-26 00:00:00,,,056a433e-b880-43c6-9d59-b1cfe71a4014,Weekly chemical consumption
2464,7440571a-841a-11ed-aa7c-7003bca91a86,chemicals,161,CH-0001,Fuel Oil Treatment Chemical,ltr,CONSUME,-1.83,-1.83,ltr,0.00,26-Jan-2026 00:00,UTC,2026-01-26 00:00:00,,,228b5256-5bd2-4bf3-826f-c6fe76571449,Weekly chemical consumption
1482,7440571a-841a-11ed-aa7c-7003bca91a86,lubes,152,LU-0002,Main Engine System Oil,ltr,CONSUME,-5.00,-5.00,ltr,60.00,25-Jan-2026 17:22,UTC,2026-01-25 17:22:00,,WO-2025-002,1,Regular operational consumption
1481,7440571a-841a-11ed-aa7c-7003bca91a86,lubes,151,LU-0001,Main Engine Cylinder Oil,ltr,RECEIVE,25.00,25.00,ltr,42.00,25-Jan-2026 16:40,UTC,2026-01-25 16:40:00,Fujairah,PO-2025-104,1,Requisition fulfilled
1127,7440571a-841a-11ed-aa7c-7003bca91a86,stores,143,IT-0003,Grinding Wheel (Grinding Disc),pcs,RECEIVE,11.00,11.00,pcs,21.00,25-Jan-2026 11:23,UTC,2026-01-25 11:23:00,Colombo,PO-2025-104,1,Port supply delivery
3922,7440571a-841a-11ed-aa7c-7003bca91a86,lubes,151,LU-0001,Main Engine Cylinder Oil,ltr,CONSUME,-70.10,-70.10,ltr,0.00,25-Jan-2026 06:59,UTC,2026-01-25 06:59:00,,,056a433e-b880-43c6-9d59-b1cfe71a4014,Daily cylinder oil consumption - 70.1 ltr
1480,7440571a-841a-11ed-aa7c-7003bca91a86,lubes,160,LU-0010,Multipurpose Grease,ltr,CONSUME,-11.00,-11.00,ltr,12.00,24-Jan-2026 19:34,UTC,2026-01-24 19:34:00,,WO-2025-001,1,Monthly routine usage
1126,7440571a-841a-11ed-aa7c-7003bca91a86,others,175,OT-0005,External structures,ltr,RECEIVE,15.00,15.00,ltr,71.00,24-Jan-2026 16:48,UTC,2026-01-24 16:48:00,Colombo,PO-2025-107,1,Quarterly supply order
1125,7440571a-841a-11ed-aa7c-7003bca91a86,chemicals,169,CH-0009,Sewage Treatment Plant Chemical,ltr,RECEIVE,24.00,24.00,ltr,24.00,24-Jan-2026 15:35,UTC,2026-01-24 15:35:00,Shanghai,PO-2025-107,1,Top-up supply received
1124,7440571a-841a-11ed-aa7c-7003bca91a86,chemicals,163,CH-0003,Boiler Water Treatment Chemical,ltr,RECEIVE,24.00,24.00,ltr,26.00,24-Jan-2026 14:58,UTC,2026-01-24 14:58:00,Shanghai,PO-2025-106,1,Top-up supply received
4087,7440571a-841a-11ed-aa7c-7003bca91a86,chemicals,162,CH-0002,Lube Oil Treatment Chemical,ltr,CONSUME,-26.30,-26.30,ltr,4809.00,24-Jan-2026 12:34,UTC,2026-01-24 12:34:00,,,056a433e-b880-43c6-9d59-b1cfe71a4014,Chemical consumption - Lube Oil Treatment Chemical
3921,7440571a-841a-11ed-aa7c-7003bca91a86,lubes,151,LU-0001,Main Engine Cylinder Oil,ltr,CONSUME,-72.90,-72.90,ltr,0.00,24-Jan-2026 07:26,UTC,2026-01-24 07:26:00,,,228b5256-5bd2-4bf3-826f-c6fe76571449,Daily cylinder oil consumption - 72.9 ltr
1123,7440571a-841a-11ed-aa7c-7003bca91a86,chemicals,167,CH-0007,Degreasing Chemical,ltr,RECEIVE,13.00,13.00,ltr,24.00,23-Jan-2026 14:31,UTC,2026-01-23 14:31:00,Durban,PO-2025-101,1,Top-up supply received
1479,7440571a-841a-11ed-aa7c-7003bca91a86,lubes,151,LU-0001,Main Engine Cylinder Oil,ltr,CONSUME,-6.00,-6.00,ltr,23.00,23-Jan-2026 14:31,UTC,2026-01-23 14:31:00,,WO-2025-005,1,Scheduled overhaul requirement
1122,7440571a-841a-11ed-aa7c-7003bca91a86,others,176,OT-0006,"Exhausts, boilers, pipelines",ltr,RECEIVE,11.00,11.00,ltr,62.00,23-Jan-2026 13:45,UTC,2026-01-23 13:45:00,Shanghai,PO-2025-103,1,Emergency supply received
1121,7440571a-841a-11ed-aa7c-7003bca91a86,stores,146,IT-0006,Safety Goggles (Clear),pcs,RECEIVE,10.00,10.00,pcs,13.00,23-Jan-2026 13:36,UTC,2026-01-23 13:36:00,Colombo,PO-2025-107,1,Emergency supply received
1120,7440571a-841a-11ed-aa7c-7003bca91a86,others,176,OT-0006,"Exhausts, boilers, pipelines",ltr,CONSUME,-4.00,-4.00,ltr,51.00,23-Jan-2026 11:00,UTC,2026-01-23 11:00:00,,WO-2025-003,1,Engine room maintenance
1119,7440571a-841a-11ed-aa7c-7003bca91a86,stores,150,IT-0010,Emery Paper / Abrasive Sheet,pcs,RECEIVE,16.00,16.00,pcs,20.00,23-Jan-2026 10:26,UTC,2026-01-23 10:26:00,Las Palmas,PO-2025-106,1,Requisition fulfilled
1118,7440571a-841a-11ed-aa7c-7003bca91a86,others,178,OT-0008,"Pipes, tanks, machinery",ltr,RECEIVE,13.00,13.00,ltr,61.00,23-Jan-2026 09:50,UTC,2026-01-23 09:50:00,Durban,PO-2025-107,1,Port supply delivery
1478,7440571a-841a-11ed-aa7c-7003bca91a86,lubes,156,LU-0006,Gear Oil,ltr,CONSUME,-7.00,-7.00,ltr,37.00,23-Jan-2026 08:53,UTC,2026-01-23 08:53:00,,WO-2025-002,1,Engine room maintenance
3920,7440571a-841a-11ed-aa7c-7003bca91a86,lubes,151,LU-0001,Main Engine Cylinder Oil,ltr,CONSUME,-110.10,-110.10,ltr,0.00,23-Jan-2026 07:06,UTC,2026-01-23 07:06:00,,,228b5256-5bd2-4bf3-826f-c6fe76571449,Daily cylinder oil consumption - 110.1 ltr
1117,7440571a-841a-11ed-aa7c-7003bca91a86,chemicals,166,CH-0006,Tank Cleaning Chemical (Alkaline),ltr,CONSUME,-8.00,-8.00,ltr,17.00,22-Jan-2026 20:35,UTC,2026-01-22 20:35:00,,WO-2025-003,1,Scheduled overhaul requirement
4129,7440571a-841a-11ed-aa7c-7003bca91a86,chemicals,166,CH-0006,Tank Cleaning Chemical (Alkaline),ltr,RECEIVE,898.40,898.40,ltr,6254.90,22-Jan-2026 17:48,UTC,2026-01-22 17:48:00,Singapore,PO-2026-6448,228b5256-5bd2-4bf3-826f-c6fe76571449,Received at Singapore
4130,7440571a-841a-11ed-aa7c-7003bca91a86,lubes,158,LU-0008,Compressor Oil,ltr,RECEIVE,1761.90,1761.90,ltr,6761.90,22-Jan-2026 17:48,UTC,2026-01-22 17:48:00,Singapore,PO-2026-6448,228b5256-5bd2-4bf3-826f-c6fe76571449,Received at Singapore
1116,7440571a-841a-11ed-aa7c-7003bca91a86,others,180,OT-0010,"Pipelines, safety markings",ltr,RECEIVE,11.00,11.00,ltr,72.00,22-Jan-2026 15:43,UTC,2026-01-22 15:43:00,Shanghai,PO-2025-104,1,Quarterly supply order
1115,7440571a-841a-11ed-aa7c-7003bca91a86,stores,146,IT-0006,Safety Goggles (Clear),pcs,CONSUME,-3.00,-3.00,pcs,3.00,22-Jan-2026 11:48,UTC,2026-01-22 11:48:00,,WO-2025-002,1,Voyage preparation consumption
1114,7440571a-841a-11ed-aa7c-7003bca91a86,others,172,OT-0002,"Ballast tanks, machinery spaces",ltr,RECEIVE,15.00,15.00,ltr,65.00,22-Jan-2026 11:24,UTC,2026-01-22 11:24:00,Shanghai,PO-2025-104,1,Supply received per PO
3919,7440571a-841a-11ed-aa7c-7003bca91a86,lubes,151,LU-0001,Main Engine Cylinder Oil,ltr,CONSUME,-88.80,-88.80,ltr,0.00,22-Jan-2026 09:14,UTC,2026-01-22 09:14:00,,,480b40d0-04bd-4590-a936-2f879b867977,Daily cylinder oil consumption - 88.8 ltr
1477,7440571a-841a-11ed-aa7c-7003bca91a86,lubes,159,LU-0009,Refrigeration Compressor Oil,ltr,CONSUME,-10.00,-10.00,ltr,33.00,21-Jan-2026 19:40,UTC,2026-01-21 19:40:00,,WO-2025-005,1,Routine maintenance consumption
1113,7440571a-841a-11ed-aa7c-7003bca91a86,stores,143,IT-0003,Grinding Wheel (Grinding Disc),pcs,CONSUME,-3.00,-3.00,pcs,10.00,21-Jan-2026 18:25,UTC,2026-01-21 18:25:00,,WO-2025-011,1,Navigation equipment maintenance
1476,7440571a-841a-11ed-aa7c-7003bca91a86,lubes,153,LU-0003,Auxiliary Engine Lube Oil,ltr,CONSUME,-3.00,-3.00,ltr,9.00,21-Jan-2026 18:18,UTC,2026-01-21 18:18:00,,WO-2025-001,1,Engine room maintenance
1475,7440571a-841a-11ed-aa7c-7003bca91a86,lubes,152,LU-0002,Main Engine System Oil,ltr,CONSUME,-11.00,-11.00,ltr,49.00,21-Jan-2026 17:04,UTC,2026-01-21 17:04:00,,WO-2025-001,1,Engine room maintenance
1112,7440571a-841a-11ed-aa7c-7003bca91a86,stores,146,IT-0006,Safety Goggles (Clear),pcs,CONSUME,-5.00,-5.00,pcs,13.00,21-Jan-2026 16:52,UTC,2026-01-21 16:52:00,,WO-2025-004,1,Scheduled overhaul requirement
1111,7440571a-841a-11ed-aa7c-7003bca91a86,chemicals,168,CH-0008,Rust Remover / Descaling Chemical,ltr,RECEIVE,17.00,17.00,ltr,31.00,21-Jan-2026 14:30,UTC,2026-01-21 14:30:00,Mumbai,PO-2025-105,1,Annual stock replenishment
1110,7440571a-841a-11ed-aa7c-7003bca91a86,chemicals,170,CH-0010,Hand Cleaning Chemical (Industrial Soap),ltr,CONSUME,-3.00,-3.00,ltr,7.00,21-Jan-2026 13:02,UTC,2026-01-21 13:02:00,,WO-2025-003,1,Engine room maintenance
1109,7440571a-841a-11ed-aa7c-7003bca91a86,others,171,OT-0001,Steel surface protection,ltr,RECEIVE,13.00,13.00,ltr,74.00,21-Jan-2026 11:29,UTC,2026-01-21 11:29:00,Singapore,PO-2025-107,1,Requisition fulfilled
1474,7440571a-841a-11ed-aa7c-7003bca91a86,lubes,156,LU-0006,Gear Oil,ltr,CONSUME,-5.00,-5.00,ltr,55.00,21-Jan-2026 08:39,UTC,2026-01-21 08:39:00,,WO-2025-001,1,Regular operational consumption
1108,7440571a-841a-11ed-aa7c-7003bca91a86,stores,144,IT-0004,Cutting Disc (Angle Grinder),pcs,RECEIVE,15.00,15.00,pcs,38.00,21-Jan-2026 08:11,UTC,2026-01-21 08:11:00,Las Palmas,PO-2025-101,1,Supply received per PO
3918,7440571a-841a-11ed-aa7c-7003bca91a86,lubes,151,LU-0001,Main Engine Cylinder Oil,ltr,CONSUME,-120.00,-120.00,ltr,0.00,21-Jan-2026 07:02,UTC,2026-01-21 07:02:00,,,056a433e-b880-43c6-9d59-b1cfe71a4014,Daily cylinder oil consumption - 120.0 ltr
1107,7440571a-841a-11ed-aa7c-7003bca91a86,chemicals,163,CH-0003,Boiler Water Treatment Chemical,ltr,CONSUME,-8.00,-8.00,ltr,8.00,20-Jan-2026 17:57,UTC,2026-01-20 17:57:00,,WO-2025-010,1,Routine maintenance consumption
1106,7440571a-841a-11ed-aa7c-7003bca91a86,stores,142,IT-0002,Jeevan,pcs,CONSUME,-4.00,-4.00,pcs,20.00,20-Jan-2026 13:47,UTC,2026-01-20 13:47:00,,WO-2025-003,1,Machinery space maintenance
1473,7440571a-841a-11ed-aa7c-7003bca91a86,lubes,152,LU-0002,Main Engine System Oil,ltr,RECEIVE,39.00,39.00,ltr,76.00,20-Jan-2026 13:13,UTC,2026-01-20 13:13:00,Busan,PO-2025-104,1,Supply received per PO
1472,7440571a-841a-11ed-aa7c-7003bca91a86,lubes,156,LU-0006,Gear Oil,ltr,RECEIVE,16.00,16.00,ltr,53.00,20-Jan-2026 12:28,UTC,2026-01-20 12:28:00,Rotterdam,PO-2025-103,1,Requisition fulfilled
1105,7440571a-841a-11ed-aa7c-7003bca91a86,chemicals,162,CH-0002,Lube Oil Treatment Chemical,ltr,RECEIVE,14.00,14.00,ltr,18.00,20-Jan-2026 10:54,UTC,2026-01-20 10:54:00,Rotterdam,PO-2025-101,1,Port supply delivery
1471,7440571a-841a-11ed-aa7c-7003bca91a86,lubes,153,LU-0003,Auxiliary Engine Lube Oil,ltr,RECEIVE,16.00,16.00,ltr,22.00,20-Jan-2026 09:39,UTC,2026-01-20 09:39:00,Shanghai,PO-2025-102,1,Requisition fulfilled
1104,7440571a-841a-11ed-aa7c-7003bca91a86,chemicals,164,CH-0004,Cooling Water Treatment Chemical,ltr,CONSUME,-7.00,-7.00,ltr,0.00,20-Jan-2026 07:00,UTC,2026-01-20 07:00:00,,WO-2025-008,1,Hull maintenance work
3917,7440571a-841a-11ed-aa7c-7003bca91a86,lubes,151,LU-0001,Main Engine Cylinder Oil,ltr,CONSUME,-116.50,-116.50,ltr,0.00,20-Jan-2026 06:23,UTC,2026-01-20 06:23:00,,,480b40d0-04bd-4590-a936-2f879b867977,Daily cylinder oil consumption - 116.5 ltr
186,7440571a-841a-11ed-aa7c-7003bca91a86,stores,145,IT-0005,Welding Electrodes (General Purpose),pcs,RECEIVE,1.00,1.00,,12.00,2025-12-28,UTC,2026-01-20 04:08:05.153,"",,1,
185,7440571a-841a-11ed-aa7c-7003bca91a86,stores,144,IT-0004,Cutting Disc (Angle Grinder),pcs,RECEIVE,1.00,1.00,,2.00,2025-12-28,UTC,2026-01-20 04:08:05.145,"",,1,
184,7440571a-841a-11ed-aa7c-7003bca91a86,stores,143,IT-0003,Grinding Wheel (Grinding Disc),pcs,CONSUME,-1.00,-1.00,,8.00,2026-01-20T04:08:05.027Z,UTC,2026-01-20 04:08:05.027,,,1,
183,7440571a-841a-11ed-aa7c-7003bca91a86,stores,142,IT-0002,Safety Gloves – Leather,pcs,CONSUME,-1.00,-1.00,,8.00,2026-01-20T04:08:05.020Z,UTC,2026-01-20 04:08:05.02,,,1,
1103,7440571a-841a-11ed-aa7c-7003bca91a86,stores,141,IT-0001,Safety Gloves – Cotton,pcs,CONSUME,-3.00,-3.00,pcs,0.00,19-Jan-2026 17:45,UTC,2026-01-19 17:45:00,,WO-2025-011,1,Quarterly maintenance requirement
4009,7440571a-841a-11ed-aa7c-7003bca91a86,lubes,152,LU-0002,Main Engine System Oil,ltr,CONSUME,-153.70,-153.70,ltr,0.00,19-Jan-2026 13:09,UTC,2026-01-19 13:09:00,,,228b5256-5bd2-4bf3-826f-c6fe76571449,Monthly ME system oil top-up - 153.7 ltr
4010,7440571a-841a-11ed-aa7c-7003bca91a86,lubes,153,LU-0003,Auxiliary Engine Lube Oil,ltr,CONSUME,-185.90,-185.90,ltr,0.00,19-Jan-2026 13:09,UTC,2026-01-19 13:09:00,,,056a433e-b880-43c6-9d59-b1cfe71a4014,Monthly AE lube oil top-up - 185.9 ltr
178,7440571a-841a-11ed-aa7c-7003bca91a86,stores,145,IT-0005,Welding Electrodes (General Purpose),pcs,RECEIVE,1.00,1.00,,11.00,2026-01-01,UTC,2026-01-19 11:59:56.16,"",,1,
177,7440571a-841a-11ed-aa7c-7003bca91a86,stores,144,IT-0004,Cutting Disc (Angle Grinder),pcs,RECEIVE,1.00,1.00,,1.00,2026-01-01,UTC,2026-01-19 11:59:56.154,"",,1,
176,7440571a-841a-11ed-aa7c-7003bca91a86,stores,143,IT-0003,Grinding Wheel (Grinding Disc),pcs,CONSUME,-1.00,-1.00,,9.00,2026-01-19T11:59:56.084Z,UTC,2026-01-19 11:59:56.084,,,1,
175,7440571a-841a-11ed-aa7c-7003bca91a86,stores,142,IT-0002,Safety Gloves – Leather,pcs,CONSUME,-1.00,-1.00,,9.00,2026-01-19T11:59:56.076Z,UTC,2026-01-19 11:59:56.076,,,1,
1470,7440571a-841a-11ed-aa7c-7003bca91a86,lubes,153,LU-0003,Auxiliary Engine Lube Oil,ltr,CONSUME,-8.00,-8.00,ltr,12.00,19-Jan-2026 11:11,UTC,2026-01-19 11:11:00,,WO-2025-006,1,Scheduled overhaul requirement
3916,7440571a-841a-11ed-aa7c-7003bca91a86,lubes,151,LU-0001,Main Engine Cylinder Oil,ltr,CONSUME,-100.30,-100.30,ltr,0.00,19-Jan-2026 07:17,UTC,2026-01-19 07:17:00,,,6084f3b8-85dc-462a-b045-111d2b2e6d0e,Daily cylinder oil consumption - 100.3 ltr
2463,7440571a-841a-11ed-aa7c-7003bca91a86,chemicals,170,CH-0010,Hand Cleaning Chemical (Industrial Soap),ltr,CONSUME,-1.67,-1.67,ltr,0.00,19-Jan-2026 00:00,UTC,2026-01-19 00:00:00,,,056a433e-b880-43c6-9d59-b1cfe71a4014,Weekly chemical consumption
2462,7440571a-841a-11ed-aa7c-7003bca91a86,chemicals,169,CH-0009,Sewage Treatment Plant Chemical,ltr,CONSUME,-1.62,-1.62,ltr,0.00,19-Jan-2026 00:00,UTC,2026-01-19 00:00:00,,,228b5256-5bd2-4bf3-826f-c6fe76571449,Weekly chemical consumption
2461,7440571a-841a-11ed-aa7c-7003bca91a86,chemicals,167,CH-0007,Degreasing Chemical,ltr,CONSUME,-1.68,-1.68,ltr,0.00,19-Jan-2026 00:00,UTC,2026-01-19 00:00:00,,,228b5256-5bd2-4bf3-826f-c6fe76571449,Weekly chemical consumption
2460,7440571a-841a-11ed-aa7c-7003bca91a86,chemicals,161,CH-0001,Fuel Oil Treatment Chemical,ltr,CONSUME,-1.77,-1.77,ltr,0.00,19-Jan-2026 00:00,UTC,2026-01-19 00:00:00,,,228b5256-5bd2-4bf3-826f-c6fe76571449,Weekly chemical consumption
1102,7440571a-841a-11ed-aa7c-7003bca91a86,stores,149,IT-0009,Cotton Waste / Cleaning Rags,pcs,CONSUME,-2.00,-2.00,pcs,12.00,18-Jan-2026 16:24,UTC,2026-01-18 16:24:00,,WO-2025-003,1,Routine maintenance consumption
1101,7440571a-841a-11ed-aa7c-7003bca91a86,stores,148,IT-0008,Dust Mask / Respirator Mask,pcs,CONSUME,-1.00,-1.00,pcs,16.00,18-Jan-2026 15:47,UTC,2026-01-18 15:47:00,,WO-2025-009,1,Engine room maintenance
1469,7440571a-841a-11ed-aa7c-7003bca91a86,lubes,151,LU-0001,Main Engine Cylinder Oil,ltr,CONSUME,-3.00,-3.00,ltr,29.00,18-Jan-2026 15:40,UTC,2026-01-18 15:40:00,,WO-2025-003,1,Regular operational consumption
1468,7440571a-841a-11ed-aa7c-7003bca91a86,lubes,154,LU-0004,Turbocharger Lube Oil,ltr,RECEIVE,32.00,32.00,ltr,75.00,18-Jan-2026 15:14,UTC,2026-01-18 15:14:00,Rotterdam,PO-2025-102,1,Requisition fulfilled
1467,7440571a-841a-11ed-aa7c-7003bca91a86,lubes,157,LU-0007,Stern Tube Oil,ltr,RECEIVE,17.00,17.00,ltr,17.00,18-Jan-2026 13:11,UTC,2026-01-18 13:11:00,Jebel Ali,PO-2025-103,1,Quarterly supply order
1100,7440571a-841a-11ed-aa7c-7003bca91a86,stores,149,IT-0009,Cotton Waste / Cleaning Rags,pcs,CONSUME,-5.00,-5.00,pcs,7.00,18-Jan-2026 10:51,UTC,2026-01-18 10:51:00,,WO-2025-006,1,Hull maintenance work
1466,7440571a-841a-11ed-aa7c-7003bca91a86,lubes,153,LU-0003,Auxiliary Engine Lube Oil,ltr,CONSUME,-3.00,-3.00,ltr,6.00,18-Jan-2026 10:30,UTC,2026-01-18 10:30:00,,WO-2025-005,1,Routine maintenance consumption
1465,7440571a-841a-11ed-aa7c-7003bca91a86,lubes,160,LU-0010,Multipurpose Grease,ltr,RECEIVE,35.00,35.00,ltr,47.00,18-Jan-2026 08:12,UTC,2026-01-18 08:12:00,Busan,PO-2025-102,1,Quarterly supply order
1464,7440571a-841a-11ed-aa7c-7003bca91a86,lubes,158,LU-0008,Compressor Oil,ltr,CONSUME,-6.00,-6.00,ltr,1.00,18-Jan-2026 07:41,UTC,2026-01-18 07:41:00,,WO-2025-003,1,Monthly routine usage
3915,7440571a-841a-11ed-aa7c-7003bca91a86,lubes,151,LU-0001,Main Engine Cylinder Oil,ltr,CONSUME,-99.80,-99.80,ltr,0.00,18-Jan-2026 06:25,UTC,2026-01-18 06:25:00,,,6084f3b8-85dc-462a-b045-111d2b2e6d0e,Daily cylinder oil consumption - 99.8 ltr
1099,7440571a-841a-11ed-aa7c-7003bca91a86,stores,141,IT-0001,Safety Gloves – Cotton,pcs,CONSUME,-4.00,-4.00,pcs,2.00,17-Jan-2026 22:14,UTC,2026-01-17 22:14:00,,WO-2025-001,1,Scheduled overhaul requirement
1098,7440571a-841a-11ed-aa7c-7003bca91a86,chemicals,169,CH-0009,Sewage Treatment Plant Chemical,ltr,CONSUME,-2.00,-2.00,ltr,14.00,17-Jan-2026 22:08,UTC,2026-01-17 22:08:00,,WO-2025-002,1,Accommodation maintenance
1463,7440571a-841a-11ed-aa7c-7003bca91a86,lubes,151,LU-0001,Main Engine Cylinder Oil,ltr,CONSUME,-6.00,-6.00,ltr,17.00,17-Jan-2026 14:13,UTC,2026-01-17 14:13:00,,WO-2025-002,1,Monthly routine usage
1462,7440571a-841a-11ed-aa7c-7003bca91a86,lubes,158,LU-0008,Compressor Oil,ltr,RECEIVE,40.00,40.00,ltr,41.00,17-Jan-2026 12:49,UTC,2026-01-17 12:49:00,Fujairah,PO-2025-104,1,Supply received per PO
1461,7440571a-841a-11ed-aa7c-7003bca91a86,lubes,155,LU-0005,Hydraulic Oil,ltr,CONSUME,-10.00,-10.00,ltr,8.00,17-Jan-2026 11:56,UTC,2026-01-17 11:56:00,,WO-2025-006,1,Engine room maintenance
3914,7440571a-841a-11ed-aa7c-7003bca91a86,lubes,151,LU-0001,Main Engine Cylinder Oil,ltr,CONSUME,-74.60,-74.60,ltr,0.00,17-Jan-2026 07:35,UTC,2026-01-17 07:35:00,,,228b5256-5bd2-4bf3-826f-c6fe76571449,Daily cylinder oil consumption - 74.6 ltr
1097,7440571a-841a-11ed-aa7c-7003bca91a86,chemicals,164,CH-0004,Cooling Water Treatment Chemical,ltr,CONSUME,-6.00,-6.00,ltr,5.00,17-Jan-2026 06:09,UTC,2026-01-17 06:09:00,,WO-2025-004,1,Deck maintenance work
1460,7440571a-841a-11ed-aa7c-7003bca91a86,lubes,159,LU-0009,Refrigeration Compressor Oil,ltr,RECEIVE,31.00,31.00,ltr,59.00,16-Jan-2026 11:50,UTC,2026-01-16 11:50:00,Singapore,PO-2025-104,1,Requisition fulfilled
151,7440571a-841a-11ed-aa7c-7003bca91a86,lubes,151,LU-0001,Main Engine Cylinder Oil,ltr,ADJUSTMENT,10.00,10.00,,20.00,2026-01-16T09:32:52.187Z,UTC,2026-01-16 09:32:52.187,,,1,"Adjustment: +10 (Location A: 6→16, Location B: 4→4)"
3913,7440571a-841a-11ed-aa7c-7003bca91a86,lubes,151,LU-0001,Main Engine Cylinder Oil,ltr,CONSUME,-120.00,-120.00,ltr,0.00,16-Jan-2026 08:35,UTC,2026-01-16 08:35:00,,,228b5256-5bd2-4bf3-826f-c6fe76571449,Daily cylinder oil consumption - 120.0 ltr
1096,7440571a-841a-11ed-aa7c-7003bca91a86,stores,141,IT-0001,Safety Gloves – Cotton,pcs,CONSUME,-4.00,-4.00,pcs,10.00,16-Jan-2026 06:21,UTC,2026-01-16 06:21:00,,WO-2025-007,1,Regular operational consumption
1095,7440571a-841a-11ed-aa7c-7003bca91a86,chemicals,162,CH-0002,Lube Oil Treatment Chemical,ltr,CONSUME,-5.00,-5.00,ltr,4.00,15-Jan-2026 17:15,UTC,2026-01-15 17:15:00,,WO-2025-006,1,Voyage preparation consumption
1094,7440571a-841a-11ed-aa7c-7003bca91a86,chemicals,167,CH-0007,Degreasing Chemical,ltr,CONSUME,-6.00,-6.00,ltr,14.00,15-Jan-2026 16:00,UTC,2026-01-15 16:00:00,,WO-2025-001,1,Accommodation maintenance
3912,7440571a-841a-11ed-aa7c-7003bca91a86,lubes,151,LU-0001,Main Engine Cylinder Oil,ltr,CONSUME,-116.90,-116.90,ltr,0.00,15-Jan-2026 08:54,UTC,2026-01-15 08:54:00,,,056a433e-b880-43c6-9d59-b1cfe71a4014,Daily cylinder oil consumption - 116.9 ltr
2459,7440571a-841a-11ed-aa7c-7003bca91a86,stores,180,OT-0010,"Pipelines, safety markings",ltr,CONSUME,-3.68,-3.68,ltr,0.00,15-Jan-2026 00:00,UTC,2026-01-15 00:00:00,,,6084f3b8-85dc-462a-b045-111d2b2e6d0e,General stores consumption
2456,7440571a-841a-11ed-aa7c-7003bca91a86,stores,148,IT-0008,Dust Mask / Respirator Mask,pcs,CONSUME,-1.72,-1.72,pcs,0.00,15-Jan-2026 00:00,UTC,2026-01-15 00:00:00,,,6084f3b8-85dc-462a-b045-111d2b2e6d0e,General stores consumption
2457,7440571a-841a-11ed-aa7c-7003bca91a86,stores,172,OT-0002,"Ballast tanks, machinery spaces",ltr,CONSUME,-1.27,-1.27,ltr,0.00,15-Jan-2026 00:00,UTC,2026-01-15 00:00:00,,,056a433e-b880-43c6-9d59-b1cfe71a4014,General stores consumption
2458,7440571a-841a-11ed-aa7c-7003bca91a86,stores,175,OT-0005,External structures,ltr,CONSUME,-3.75,-3.75,ltr,0.00,15-Jan-2026 00:00,UTC,2026-01-15 00:00:00,,,480b40d0-04bd-4590-a936-2f879b867977,General stores consumption
1093,7440571a-841a-11ed-aa7c-7003bca91a86,others,177,OT-0007,"Bilges, chain lockers",ltr,CONSUME,-4.00,-4.00,ltr,43.00,14-Jan-2026 18:05,UTC,2026-01-14 18:05:00,,WO-2025-001,1,Accommodation maintenance
112,7440571a-841a-11ed-aa7c-7003bca91a86,stores,141,IT-0001,Safety Gloves – Cotton,pcs,ADJUSTMENT,94.00,94.00,,104.00,2026-01-14T09:15:52.372Z,UTC,2026-01-14 09:15:52.372,,,1,"Adjustment: +94 (Location A: 6→100, Location B: 4→4)"
111,7440571a-841a-11ed-aa7c-7003bca91a86,others,180,OT-0010,"Pipelines, safety markings",ltr,INITIAL,10.00,10.00,,10.00,2026-01-14T09:14:38.470Z,UTC,2026-01-14 09:14:38.47,"Location A: 6, Location B: 4",,System,Initial stock on item creation
110,7440571a-841a-11ed-aa7c-7003bca91a86,others,179,OT-0009,Weather decks,ltr,INITIAL,10.00,10.00,,10.00,2026-01-14T09:14:38.466Z,UTC,2026-01-14 09:14:38.466,"Location A: 6, Location B: 4",,System,Initial stock on item creation
109,7440571a-841a-11ed-aa7c-7003bca91a86,others,178,OT-0008,"Pipes, tanks, machinery",ltr,INITIAL,10.00,10.00,,10.00,2026-01-14T09:14:38.459Z,UTC,2026-01-14 09:14:38.459,"Location A: 6, Location B: 4",,System,Initial stock on item creation
108,7440571a-841a-11ed-aa7c-7003bca91a86,others,177,OT-0007,"Bilges, chain lockers",ltr,INITIAL,10.00,10.00,,10.00,2026-01-14T09:14:38.450Z,UTC,2026-01-14 09:14:38.45,"Location A: 6, Location B: 4",,System,Initial stock on item creation
107,7440571a-841a-11ed-aa7c-7003bca91a86,others,176,OT-0006,"Exhausts, boilers, pipelines",ltr,INITIAL,10.00,10.00,,10.00,2026-01-14T09:14:38.445Z,UTC,2026-01-14 09:14:38.445,"Location A: 6, Location B: 4",,System,Initial stock on item creation
106,7440571a-841a-11ed-aa7c-7003bca91a86,others,175,OT-0005,External structures,ltr,INITIAL,10.00,10.00,,10.00,2026-01-14T09:14:38.437Z,UTC,2026-01-14 09:14:38.437,"Location A: 6, Location B: 4",,System,Initial stock on item creation
105,7440571a-841a-11ed-aa7c-7003bca91a86,others,173,OT-0003,Hull below waterline,ltr,INITIAL,10.00,10.00,,10.00,2026-01-14T09:14:38.428Z,UTC,2026-01-14 09:14:38.428,"Location A: 6, Location B: 4",,System,Initial stock on item creation
104,7440571a-841a-11ed-aa7c-7003bca91a86,others,172,OT-0002,"Ballast tanks, machinery spaces",ltr,INITIAL,10.00,10.00,,10.00,2026-01-14T09:14:38.423Z,UTC,2026-01-14 09:14:38.423,"Location A: 6, Location B: 4",,System,Initial stock on item creation
103,7440571a-841a-11ed-aa7c-7003bca91a86,others,171,OT-0001,Steel surface protection,ltr,INITIAL,10.00,10.00,,10.00,2026-01-14T09:14:38.416Z,UTC,2026-01-14 09:14:38.416,"Location A: 6, Location B: 4",,System,Initial stock on item creation
102,7440571a-841a-11ed-aa7c-7003bca91a86,chemicals,170,CH-0010,Hand Cleaning Chemical (Industrial Soap),ltr,INITIAL,10.00,10.00,,10.00,2026-01-14T09:14:21.962Z,UTC,2026-01-14 09:14:21.962,"Location A: 6, Location B: 4",,System,Initial stock on item creation
101,7440571a-841a-11ed-aa7c-7003bca91a86,chemicals,169,CH-0009,Sewage Treatment Plant Chemical,ltr,INITIAL,10.00,10.00,,10.00,2026-01-14T09:14:21.940Z,UTC,2026-01-14 09:14:21.94,"Location A: 6, Location B: 4",,System,Initial stock on item creation
100,7440571a-841a-11ed-aa7c-7003bca91a86,chemicals,168,CH-0008,Rust Remover / Descaling Chemical,ltr,INITIAL,10.00,10.00,,10.00,2026-01-14T09:14:21.933Z,UTC,2026-01-14 09:14:21.933,"Location A: 6, Location B: 4",,System,Initial stock on item creation
99,7440571a-841a-11ed-aa7c-7003bca91a86,chemicals,167,CH-0007,Degreasing Chemical,ltr,INITIAL,10.00,10.00,,10.00,2026-01-14T09:14:21.927Z,UTC,2026-01-14 09:14:21.927,"Location A: 6, Location B: 4",,System,Initial stock on item creation
98,7440571a-841a-11ed-aa7c-7003bca91a86,chemicals,166,CH-0006,Tank Cleaning Chemical (Alkaline),ltr,INITIAL,10.00,10.00,,10.00,2026-01-14T09:14:21.919Z,UTC,2026-01-14 09:14:21.919,"Location A: 6, Location B: 4",,System,Initial stock on item creation
97,7440571a-841a-11ed-aa7c-7003bca91a86,chemicals,165,CH-0005,Potable Water Chlorination Chemical,ltr,INITIAL,10.00,10.00,,10.00,2026-01-14T09:14:21.909Z,UTC,2026-01-14 09:14:21.909,"Location A: 6, Location B: 4",,System,Initial stock on item creation
96,7440571a-841a-11ed-aa7c-7003bca91a86,chemicals,163,CH-0003,Boiler Water Treatment Chemical,ltr,INITIAL,10.00,10.00,,10.00,2026-01-14T09:14:21.896Z,UTC,2026-01-14 09:14:21.896,"Location A: 6, Location B: 4",,System,Initial stock on item creation
95,7440571a-841a-11ed-aa7c-7003bca91a86,chemicals,162,CH-0002,Lube Oil Treatment Chemical,ltr,INITIAL,10.00,10.00,,10.00,2026-01-14T09:14:21.889Z,UTC,2026-01-14 09:14:21.889,"Location A: 6, Location B: 4",,System,Initial stock on item creation
94,7440571a-841a-11ed-aa7c-7003bca91a86,chemicals,161,CH-0001,Fuel Oil Treatment Chemical,ltr,INITIAL,10.00,10.00,,10.00,2026-01-14T09:14:21.881Z,UTC,2026-01-14 09:14:21.881,"Location A: 6, Location B: 4",,System,Initial stock on item creation
93,7440571a-841a-11ed-aa7c-7003bca91a86,lubes,160,LU-0010,Multipurpose Grease,ltr,INITIAL,10.00,10.00,,10.00,2026-01-14T09:14:05.833Z,UTC,2026-01-14 09:14:05.833,"Location A: 6, Location B: 4",,System,Initial stock on item creation
92,7440571a-841a-11ed-aa7c-7003bca91a86,lubes,159,LU-0009,Refrigeration Compressor Oil,ltr,INITIAL,10.00,10.00,,10.00,2026-01-14T09:14:05.826Z,UTC,2026-01-14 09:14:05.826,"Location A: 6, Location B: 4",,System,Initial stock on item creation
91,7440571a-841a-11ed-aa7c-7003bca91a86,lubes,158,LU-0008,Compressor Oil,ltr,INITIAL,10.00,10.00,,10.00,2026-01-14T09:14:05.818Z,UTC,2026-01-14 09:14:05.818,"Location A: 6, Location B: 4",,System,Initial stock on item creation
90,7440571a-841a-11ed-aa7c-7003bca91a86,lubes,157,LU-0007,Stern Tube Oil,ltr,INITIAL,10.00,10.00,,10.00,2026-01-14T09:14:05.813Z,UTC,2026-01-14 09:14:05.813,"Location A: 6, Location B: 4",,System,Initial stock on item creation
89,7440571a-841a-11ed-aa7c-7003bca91a86,lubes,156,LU-0006,Gear Oil,ltr,INITIAL,10.00,10.00,,10.00,2026-01-14T09:14:05.805Z,UTC,2026-01-14 09:14:05.805,"Location A: 6, Location B: 4",,System,Initial stock on item creation
88,7440571a-841a-11ed-aa7c-7003bca91a86,lubes,155,LU-0005,Hydraulic Oil,ltr,INITIAL,10.00,10.00,,10.00,2026-01-14T09:14:05.801Z,UTC,2026-01-14 09:14:05.801,"Location A: 6, Location B: 4",,System,Initial stock on item creation
87,7440571a-841a-11ed-aa7c-7003bca91a86,lubes,153,LU-0003,Auxiliary Engine Lube Oil,ltr,INITIAL,10.00,10.00,,10.00,2026-01-14T09:14:05.791Z,UTC,2026-01-14 09:14:05.791,"Location A: 6, Location B: 4",,System,Initial stock on item creation
86,7440571a-841a-11ed-aa7c-7003bca91a86,lubes,152,LU-0002,Main Engine System Oil,ltr,INITIAL,10.00,10.00,,10.00,2026-01-14T09:14:05.785Z,UTC,2026-01-14 09:14:05.785,"Location A: 6, Location B: 4",,System,Initial stock on item creation
85,7440571a-841a-11ed-aa7c-7003bca91a86,lubes,151,LU-0001,Main Engine Cylinder Oil,ltr,INITIAL,10.00,10.00,,10.00,2026-01-14T09:14:05.780Z,UTC,2026-01-14 09:14:05.78,"Location A: 6, Location B: 4",,System,Initial stock on item creation
84,7440571a-841a-11ed-aa7c-7003bca91a86,stores,150,IT-0010,Emery Paper / Abrasive Sheet,pcs,INITIAL,10.00,10.00,,10.00,2026-01-14T09:13:50.232Z,UTC,2026-01-14 09:13:50.232,"Location A: 6, Location B: 4",,System,Initial stock on item creation
83,7440571a-841a-11ed-aa7c-7003bca91a86,stores,149,IT-0009,Cotton Waste / Cleaning Rags,pcs,INITIAL,10.00,10.00,,10.00,2026-01-14T09:13:50.226Z,UTC,2026-01-14 09:13:50.226,"Location A: 6, Location B: 4",,System,Initial stock on item creation
82,7440571a-841a-11ed-aa7c-7003bca91a86,stores,148,IT-0008,Dust Mask / Respirator Mask,pcs,INITIAL,10.00,10.00,,10.00,2026-01-14T09:13:50.221Z,UTC,2026-01-14 09:13:50.221,"Location A: 6, Location B: 4",,System,Initial stock on item creation
81,7440571a-841a-11ed-aa7c-7003bca91a86,stores,147,IT-0007,Ear Plugs (Disposable),pcs,INITIAL,10.00,10.00,,10.00,2026-01-14T09:13:50.216Z,UTC,2026-01-14 09:13:50.216,"Location A: 6, Location B: 4",,System,Initial stock on item creation
80,7440571a-841a-11ed-aa7c-7003bca91a86,stores,146,IT-0006,Safety Goggles (Clear),pcs,INITIAL,10.00,10.00,,10.00,2026-01-14T09:13:50.210Z,UTC,2026-01-14 09:13:50.21,"Location A: 6, Location B: 4",,System,Initial stock on item creation
79,7440571a-841a-11ed-aa7c-7003bca91a86,stores,145,IT-0005,Welding Electrodes (General Purpose),pcs,INITIAL,10.00,10.00,,10.00,2026-01-14T09:13:50.205Z,UTC,2026-01-14 09:13:50.205,"Location A: 6, Location B: 4",,System,Initial stock on item creation
78,7440571a-841a-11ed-aa7c-7003bca91a86,stores,143,IT-0003,Grinding Wheel (Grinding Disc),pcs,INITIAL,10.00,10.00,,10.00,2026-01-14T09:13:50.194Z,UTC,2026-01-14 09:13:50.194,"Location A: 6, Location B: 4",,System,Initial stock on item creation
77,7440571a-841a-11ed-aa7c-7003bca91a86,stores,142,IT-0002,Safety Gloves – Leather,pcs,INITIAL,10.00,10.00,,10.00,2026-01-14T09:13:50.189Z,UTC,2026-01-14 09:13:50.189,"Location A: 6, Location B: 4",,System,Initial stock on item creation
76,7440571a-841a-11ed-aa7c-7003bca91a86,stores,141,IT-0001,Safety Gloves – Cotton,pcs,INITIAL,10.00,10.00,,10.00,2026-01-14T09:13:50.177Z,UTC,2026-01-14 09:13:50.177,"Location A: 6, Location B: 4",,System,Initial stock on item creation
1459,7440571a-841a-11ed-aa7c-7003bca91a86,lubes,159,LU-0009,Refrigeration Compressor Oil,ltr,CONSUME,-5.00,-5.00,ltr,28.00,14-Jan-2026 06:06,UTC,2026-01-14 06:06:00,,WO-2025-001,1,Monthly routine usage
1092,7440571a-841a-11ed-aa7c-7003bca91a86,stores,149,IT-0009,Cotton Waste / Cleaning Rags,pcs,CONSUME,-2.00,-2.00,pcs,14.00,14-Jan-2026 06:01,UTC,2026-01-14 06:01:00,,WO-2025-002,1,Safety equipment replenishment
3911,7440571a-841a-11ed-aa7c-7003bca91a86,lubes,151,LU-0001,Main Engine Cylinder Oil,ltr,CONSUME,-120.00,-120.00,ltr,0.00,14-Jan-2026 06:01,UTC,2026-01-14 06:01:00,,,056a433e-b880-43c6-9d59-b1cfe71a4014,Daily cylinder oil consumption - 120.0 ltr
1091,7440571a-841a-11ed-aa7c-7003bca91a86,others,175,OT-0005,External structures,ltr,CONSUME,-1.00,-1.00,ltr,56.00,13-Jan-2026 14:21,UTC,2026-01-13 14:21:00,,WO-2025-003,1,Emergency repair usage
1090,7440571a-841a-11ed-aa7c-7003bca91a86,others,180,OT-0010,"Pipelines, safety markings",ltr,CONSUME,-3.00,-3.00,ltr,61.00,13-Jan-2026 14:01,UTC,2026-01-13 14:01:00,,WO-2025-006,1,Engine room maintenance
3910,7440571a-841a-11ed-aa7c-7003bca91a86,lubes,151,LU-0001,Main Engine Cylinder Oil,ltr,CONSUME,-89.50,-89.50,ltr,0.00,13-Jan-2026 07:53,UTC,2026-01-13 07:53:00,,,056a433e-b880-43c6-9d59-b1cfe71a4014,Daily cylinder oil consumption - 89.5 ltr
1089,7440571a-841a-11ed-aa7c-7003bca91a86,stores,145,IT-0005,Welding Electrodes (General Purpose),pcs,CONSUME,-4.00,-4.00,pcs,16.00,13-Jan-2026 07:44,UTC,2026-01-13 07:44:00,,WO-2025-009,1,Hull maintenance work
1088,7440571a-841a-11ed-aa7c-7003bca91a86,chemicals,163,CH-0003,Boiler Water Treatment Chemical,ltr,CONSUME,-3.00,-3.00,ltr,2.00,12-Jan-2026 13:41,UTC,2026-01-12 13:41:00,,WO-2025-010,1,Quarterly maintenance requirement
3909,7440571a-841a-11ed-aa7c-7003bca91a86,lubes,151,LU-0001,Main Engine Cylinder Oil,ltr,CONSUME,-93.60,-93.60,ltr,0.00,12-Jan-2026 08:12,UTC,2026-01-12 08:12:00,,,056a433e-b880-43c6-9d59-b1cfe71a4014,Daily cylinder oil consumption - 93.6 ltr
1087,7440571a-841a-11ed-aa7c-7003bca91a86,chemicals,169,CH-0009,Sewage Treatment Plant Chemical,ltr,CONSUME,-3.00,-3.00,ltr,11.00,12-Jan-2026 06:44,UTC,2026-01-12 06:44:00,,WO-2025-012,1,Hull maintenance work
2454,7440571a-841a-11ed-aa7c-7003bca91a86,chemicals,164,CH-0004,Cooling Water Treatment Chemical,ltr,CONSUME,-1.00,-1.00,ltr,0.00,12-Jan-2026 00:00,UTC,2026-01-12 00:00:00,,,480b40d0-04bd-4590-a936-2f879b867977,Weekly chemical consumption
2455,7440571a-841a-11ed-aa7c-7003bca91a86,chemicals,170,CH-0010,Hand Cleaning Chemical (Industrial Soap),ltr,CONSUME,-1.03,-1.03,ltr,0.00,12-Jan-2026 00:00,UTC,2026-01-12 00:00:00,,,480b40d0-04bd-4590-a936-2f879b867977,Weekly chemical consumption
3908,7440571a-841a-11ed-aa7c-7003bca91a86,lubes,151,LU-0001,Main Engine Cylinder Oil,ltr,CONSUME,-77.10,-77.10,ltr,0.00,11-Jan-2026 07:01,UTC,2026-01-11 07:01:00,,,056a433e-b880-43c6-9d59-b1cfe71a4014,Daily cylinder oil consumption - 77.1 ltr
1086,7440571a-841a-11ed-aa7c-7003bca91a86,others,171,OT-0001,Steel surface protection,ltr,CONSUME,-2.00,-2.00,ltr,61.00,10-Jan-2026 16:03,UTC,2026-01-10 16:03:00,,WO-2025-005,1,Routine maintenance consumption
1085,7440571a-841a-11ed-aa7c-7003bca91a86,stores,142,IT-0002,Jeevan,pcs,CONSUME,-1.00,-1.00,pcs,19.00,10-Jan-2026 13:22,UTC,2026-01-10 13:22:00,,WO-2025-009,1,Machinery space maintenance
1084,7440571a-841a-11ed-aa7c-7003bca91a86,chemicals,166,CH-0006,Tank Cleaning Chemical (Alkaline),ltr,CONSUME,-8.00,-8.00,ltr,9.00,10-Jan-2026 10:58,UTC,2026-01-10 10:58:00,,WO-2025-001,1,Safety equipment replenishment
3907,7440571a-841a-11ed-aa7c-7003bca91a86,lubes,151,LU-0001,Main Engine Cylinder Oil,ltr,CONSUME,-89.00,-89.00,ltr,0.00,10-Jan-2026 09:03,UTC,2026-01-10 09:03:00,,,6084f3b8-85dc-462a-b045-111d2b2e6d0e,Daily cylinder oil consumption - 89.0 ltr
1083,7440571a-841a-11ed-aa7c-7003bca91a86,stores,145,IT-0005,Welding Electrodes (General Purpose),pcs,CONSUME,-1.00,-1.00,pcs,15.00,10-Jan-2026 07:30,UTC,2026-01-10 07:30:00,,WO-2025-003,1,Regular operational consumption
2838,7440571a-841a-11ed-aa7c-7003bca91a86,stores,146,IT-0006,Safety Goggles (Clear),pcs,RECEIVE,49.31,49.31,pcs,407.13,10-Jan-2026 00:00,UTC,2026-01-10 00:00:00,Suez,PO-2026-9546,228b5256-5bd2-4bf3-826f-c6fe76571449,Received at Suez
2844,7440571a-841a-11ed-aa7c-7003bca91a86,stores,180,OT-0010,"Pipelines, safety markings",ltr,RECEIVE,31.29,31.29,ltr,367.95,10-Jan-2026 00:00,UTC,2026-01-10 00:00:00,Suez,PO-2026-1895,228b5256-5bd2-4bf3-826f-c6fe76571449,Received at Suez
2843,7440571a-841a-11ed-aa7c-7003bca91a86,stores,179,OT-0009,Weather decks,ltr,RECEIVE,50.42,50.42,ltr,199.35,10-Jan-2026 00:00,UTC,2026-01-10 00:00:00,Suez,PO-2026-9503,228b5256-5bd2-4bf3-826f-c6fe76571449,Received at Suez
2842,7440571a-841a-11ed-aa7c-7003bca91a86,stores,177,OT-0007,"Bilges, chain lockers",ltr,RECEIVE,24.89,24.89,ltr,146.67,10-Jan-2026 00:00,UTC,2026-01-10 00:00:00,Suez,PO-2026-2511,228b5256-5bd2-4bf3-826f-c6fe76571449,Received at Suez
2841,7440571a-841a-11ed-aa7c-7003bca91a86,stores,176,OT-0006,"Exhausts, boilers, pipelines",ltr,RECEIVE,32.91,32.91,ltr,268.44,10-Jan-2026 00:00,UTC,2026-01-10 00:00:00,Suez,PO-2026-2277,228b5256-5bd2-4bf3-826f-c6fe76571449,Received at Suez
2840,7440571a-841a-11ed-aa7c-7003bca91a86,stores,152,LU-0002,Main Engine System Oil,ltr,RECEIVE,19.67,19.67,ltr,337.51,10-Jan-2026 00:00,UTC,2026-01-10 00:00:00,Suez,PO-2026-4375,228b5256-5bd2-4bf3-826f-c6fe76571449,Received at Suez
2839,7440571a-841a-11ed-aa7c-7003bca91a86,stores,150,IT-0010,Emery Paper / Abrasive Sheet,pcs,RECEIVE,14.98,14.98,pcs,251.00,10-Jan-2026 00:00,UTC,2026-01-10 00:00:00,Suez,PO-2026-7900,228b5256-5bd2-4bf3-826f-c6fe76571449,Received at Suez
1458,7440571a-841a-11ed-aa7c-7003bca91a86,lubes,157,LU-0007,Stern Tube Oil,ltr,CONSUME,-9.00,-9.00,ltr,16.00,09-Jan-2026 22:40,UTC,2026-01-09 22:40:00,,WO-2025-001,1,Scheduled overhaul requirement
1457,7440571a-841a-11ed-aa7c-7003bca91a86,lubes,152,LU-0002,Main Engine System Oil,ltr,CONSUME,-12.00,-12.00,ltr,37.00,09-Jan-2026 18:42,UTC,2026-01-09 18:42:00,,WO-2025-006,1,Engine room maintenance
1082,7440571a-841a-11ed-aa7c-7003bca91a86,stores,150,IT-0010,Emery Paper / Abrasive Sheet,pcs,CONSUME,-1.00,-1.00,pcs,11.00,09-Jan-2026 17:59,UTC,2026-01-09 17:59:00,,WO-2025-008,1,Regular operational consumption
1081,7440571a-841a-11ed-aa7c-7003bca91a86,chemicals,166,CH-0006,Tank Cleaning Chemical (Alkaline),ltr,CONSUME,-3.00,-3.00,ltr,2.00,09-Jan-2026 15:17,UTC,2026-01-09 15:17:00,,WO-2025-011,1,Port state inspection preparation
1080,7440571a-841a-11ed-aa7c-7003bca91a86,stores,146,IT-0006,Safety Goggles (Clear),pcs,CONSUME,-3.00,-3.00,pcs,6.00,09-Jan-2026 10:19,UTC,2026-01-09 10:19:00,,WO-2025-005,1,Navigation equipment maintenance
3906,7440571a-841a-11ed-aa7c-7003bca91a86,lubes,151,LU-0001,Main Engine Cylinder Oil,ltr,CONSUME,-67.00,-67.00,ltr,0.00,09-Jan-2026 07:24,UTC,2026-01-09 07:24:00,,,6084f3b8-85dc-462a-b045-111d2b2e6d0e,Daily cylinder oil consumption - 67.0 ltr
1456,7440571a-841a-11ed-aa7c-7003bca91a86,lubes,155,LU-0005,Hydraulic Oil,ltr,CONSUME,-6.00,-6.00,ltr,18.00,09-Jan-2026 06:09,UTC,2026-01-09 06:09:00,,WO-2025-004,1,Monthly routine usage
1079,7440571a-841a-11ed-aa7c-7003bca91a86,stores,147,IT-0007,Ear Plugs (Disposable),pcs,CONSUME,-3.00,-3.00,pcs,8.00,08-Jan-2026 21:50,UTC,2026-01-08 21:50:00,,WO-2025-008,1,Hull maintenance work
1455,7440571a-841a-11ed-aa7c-7003bca91a86,lubes,155,LU-0005,Hydraulic Oil,ltr,CONSUME,-5.00,-5.00,ltr,24.00,08-Jan-2026 17:28,UTC,2026-01-08 17:28:00,,WO-2025-005,1,Routine maintenance consumption
1078,7440571a-841a-11ed-aa7c-7003bca91a86,chemicals,168,CH-0008,Rust Remover / Descaling Chemical,ltr,CONSUME,-5.00,-5.00,ltr,14.00,08-Jan-2026 11:06,UTC,2026-01-08 11:06:00,,WO-2025-012,1,Emergency repair usage
1077,7440571a-841a-11ed-aa7c-7003bca91a86,chemicals,164,CH-0004,Cooling Water Treatment Chemical,ltr,CONSUME,-4.00,-4.00,ltr,0.00,08-Jan-2026 06:12,UTC,2026-01-08 06:12:00,,WO-2025-005,1,Machinery space maintenance
3905,7440571a-841a-11ed-aa7c-7003bca91a86,lubes,151,LU-0001,Main Engine Cylinder Oil,ltr,CONSUME,-61.10,-61.10,ltr,0.00,08-Jan-2026 06:05,UTC,2026-01-08 06:05:00,,,056a433e-b880-43c6-9d59-b1cfe71a4014,Daily cylinder oil consumption - 61.1 ltr
1076,7440571a-841a-11ed-aa7c-7003bca91a86,chemicals,165,CH-0005,Potable Water Chlorination Chemical,ltr,CONSUME,-3.00,-3.00,ltr,14.00,07-Jan-2026 20:53,UTC,2026-01-07 20:53:00,,WO-2025-011,1,Machinery space maintenance
1075,7440571a-841a-11ed-aa7c-7003bca91a86,stores,148,IT-0008,Dust Mask / Respirator Mask,pcs,CONSUME,-4.00,-4.00,pcs,12.00,07-Jan-2026 11:32,UTC,2026-01-07 11:32:00,,WO-2025-012,1,Deck maintenance work
1074,7440571a-841a-11ed-aa7c-7003bca91a86,chemicals,161,CH-0001,Fuel Oil Treatment Chemical,ltr,CONSUME,-8.00,-8.00,ltr,15.00,07-Jan-2026 09:41,UTC,2026-01-07 09:41:00,,WO-2025-001,1,Safety equipment replenishment
1073,7440571a-841a-11ed-aa7c-7003bca91a86,stores,146,IT-0006,Safety Goggles (Clear),pcs,CONSUME,-4.00,-4.00,pcs,9.00,07-Jan-2026 07:03,UTC,2026-01-07 07:03:00,,WO-2025-006,1,Safety equipment replenishment
3904,7440571a-841a-11ed-aa7c-7003bca91a86,lubes,151,LU-0001,Main Engine Cylinder Oil,ltr,CONSUME,-71.20,-71.20,ltr,0.00,07-Jan-2026 06:49,UTC,2026-01-07 06:49:00,,,6084f3b8-85dc-462a-b045-111d2b2e6d0e,Daily cylinder oil consumption - 71.2 ltr
1072,7440571a-841a-11ed-aa7c-7003bca91a86,stores,143,IT-0003,Grinding Wheel (Grinding Disc),pcs,CONSUME,-3.00,-3.00,pcs,17.00,07-Jan-2026 06:46,UTC,2026-01-07 06:46:00,,WO-2025-009,1,Accommodation maintenance
1454,7440571a-841a-11ed-aa7c-7003bca91a86,lubes,156,LU-0006,Gear Oil,ltr,CONSUME,-11.00,-11.00,ltr,44.00,06-Jan-2026 10:30,UTC,2026-01-06 10:30:00,,WO-2025-006,1,Regular operational consumption
3903,7440571a-841a-11ed-aa7c-7003bca91a86,lubes,151,LU-0001,Main Engine Cylinder Oil,ltr,CONSUME,-93.20,-93.20,ltr,0.00,06-Jan-2026 09:16,UTC,2026-01-06 09:16:00,,,228b5256-5bd2-4bf3-826f-c6fe76571449,Daily cylinder oil consumption - 93.2 ltr
1071,7440571a-841a-11ed-aa7c-7003bca91a86,stores,144,IT-0004,Cutting Disc (Angle Grinder),pcs,CONSUME,-2.00,-2.00,pcs,28.00,06-Jan-2026 07:49,UTC,2026-01-06 07:49:00,,WO-2025-009,1,Voyage preparation consumption
1453,7440571a-841a-11ed-aa7c-7003bca91a86,lubes,160,LU-0010,Multipurpose Grease,ltr,CONSUME,-11.00,-11.00,ltr,23.00,06-Jan-2026 06:42,UTC,2026-01-06 06:42:00,,WO-2025-004,1,Monthly routine usage
1070,7440571a-841a-11ed-aa7c-7003bca91a86,chemicals,162,CH-0002,Lube Oil Treatment Chemical,ltr,CONSUME,-5.00,-5.00,ltr,9.00,05-Jan-2026 15:56,UTC,2026-01-05 15:56:00,,WO-2025-003,1,Navigation equipment maintenance
1069,7440571a-841a-11ed-aa7c-7003bca91a86,chemicals,164,CH-0004,Cooling Water Treatment Chemical,ltr,CONSUME,-2.00,-2.00,ltr,0.00,05-Jan-2026 13:03,UTC,2026-01-05 13:03:00,,WO-2025-006,1,Hull maintenance work
1068,7440571a-841a-11ed-aa7c-7003bca91a86,stores,144,IT-0004,Cutting Disc (Angle Grinder),pcs,CONSUME,-5.00,-5.00,pcs,30.00,05-Jan-2026 10:39,UTC,2026-01-05 10:39:00,,WO-2025-001,1,Navigation equipment maintenance
3902,7440571a-841a-11ed-aa7c-7003bca91a86,lubes,151,LU-0001,Main Engine Cylinder Oil,ltr,CONSUME,-79.90,-79.90,ltr,0.00,05-Jan-2026 07:55,UTC,2026-01-05 07:55:00,,,480b40d0-04bd-4590-a936-2f879b867977,Daily cylinder oil consumption - 79.9 ltr
1067,7440571a-841a-11ed-aa7c-7003bca91a86,chemicals,166,CH-0006,Tank Cleaning Chemical (Alkaline),ltr,CONSUME,-4.00,-4.00,ltr,5.00,05-Jan-2026 07:40,UTC,2026-01-05 07:40:00,,WO-2025-010,1,Deck maintenance work
2451,7440571a-841a-11ed-aa7c-7003bca91a86,chemicals,163,CH-0003,Boiler Water Treatment Chemical,ltr,CONSUME,-0.44,-0.44,ltr,0.00,05-Jan-2026 00:00,UTC,2026-01-05 00:00:00,,,056a433e-b880-43c6-9d59-b1cfe71a4014,Weekly chemical consumption
2453,7440571a-841a-11ed-aa7c-7003bca91a86,chemicals,167,CH-0007,Degreasing Chemical,ltr,CONSUME,-1.94,-1.94,ltr,0.00,05-Jan-2026 00:00,UTC,2026-01-05 00:00:00,,,056a433e-b880-43c6-9d59-b1cfe71a4014,Weekly chemical consumption
2450,7440571a-841a-11ed-aa7c-7003bca91a86,chemicals,161,CH-0001,Fuel Oil Treatment Chemical,ltr,CONSUME,-0.43,-0.43,ltr,0.00,05-Jan-2026 00:00,UTC,2026-01-05 00:00:00,,,228b5256-5bd2-4bf3-826f-c6fe76571449,Weekly chemical consumption
2452,7440571a-841a-11ed-aa7c-7003bca91a86,chemicals,165,CH-0005,Potable Water Chlorination Chemical,ltr,CONSUME,-0.63,-0.63,ltr,0.00,05-Jan-2026 00:00,UTC,2026-01-05 00:00:00,,,228b5256-5bd2-4bf3-826f-c6fe76571449,Weekly chemical consumption
1452,7440571a-841a-11ed-aa7c-7003bca91a86,lubes,158,LU-0008,Compressor Oil,ltr,CONSUME,-8.00,-8.00,ltr,10.00,04-Jan-2026 17:55,UTC,2026-01-04 17:55:00,,WO-2025-006,1,Monthly routine usage
1451,7440571a-841a-11ed-aa7c-7003bca91a86,lubes,154,LU-0004,Turbocharger Lube Oil,ltr,CONSUME,-3.00,-3.00,ltr,52.00,04-Jan-2026 10:42,UTC,2026-01-04 10:42:00,,WO-2025-005,1,Monthly routine usage
3901,7440571a-841a-11ed-aa7c-7003bca91a86,lubes,151,LU-0001,Main Engine Cylinder Oil,ltr,CONSUME,-72.30,-72.30,ltr,0.00,04-Jan-2026 06:03,UTC,2026-01-04 06:03:00,,,228b5256-5bd2-4bf3-826f-c6fe76571449,Daily cylinder oil consumption - 72.3 ltr
1066,7440571a-841a-11ed-aa7c-7003bca91a86,stores,141,IT-0001,Safety Gloves – Cotton,pcs,CONSUME,-4.00,-4.00,pcs,6.00,03-Jan-2026 19:23,UTC,2026-01-03 19:23:00,,WO-2025-004,1,Accommodation maintenance
4082,7440571a-841a-11ed-aa7c-7003bca91a86,chemicals,163,CH-0003,Boiler Water Treatment Chemical,ltr,CONSUME,-26.40,-26.40,ltr,4793.90,03-Jan-2026 13:33,UTC,2026-01-03 13:33:00,,,056a433e-b880-43c6-9d59-b1cfe71a4014,Chemical consumption - Boiler Water Treatment Chemical
1065,7440571a-841a-11ed-aa7c-7003bca91a86,chemicals,161,CH-0001,Fuel Oil Treatment Chemical,ltr,CONSUME,-3.00,-3.00,ltr,12.00,03-Jan-2026 06:53,UTC,2026-01-03 06:53:00,,WO-2025-008,1,Safety equipment replenishment
3900,7440571a-841a-11ed-aa7c-7003bca91a86,lubes,151,LU-0001,Main Engine Cylinder Oil,ltr,CONSUME,-60.40,-60.40,ltr,0.00,03-Jan-2026 06:01,UTC,2026-01-03 06:01:00,,,056a433e-b880-43c6-9d59-b1cfe71a4014,Daily cylinder oil consumption - 60.4 ltr
1064,7440571a-841a-11ed-aa7c-7003bca91a86,chemicals,169,CH-0009,Sewage Treatment Plant Chemical,ltr,CONSUME,-7.00,-7.00,ltr,0.00,02-Jan-2026 19:35,UTC,2026-01-02 19:35:00,,WO-2025-008,1,Monthly routine usage
1450,7440571a-841a-11ed-aa7c-7003bca91a86,lubes,157,LU-0007,Stern Tube Oil,ltr,CONSUME,-10.00,-10.00,ltr,0.00,02-Jan-2026 11:22,UTC,2026-01-02 11:22:00,,WO-2025-002,1,Routine maintenance consumption
3899,7440571a-841a-11ed-aa7c-7003bca91a86,lubes,151,LU-0001,Main Engine Cylinder Oil,ltr,CONSUME,-102.70,-102.70,ltr,0.00,02-Jan-2026 08:40,UTC,2026-01-02 08:40:00,,,480b40d0-04bd-4590-a936-2f879b867977,Daily cylinder oil consumption - 102.7 ltr
1449,7440571a-841a-11ed-aa7c-7003bca91a86,lubes,157,LU-0007,Stern Tube Oil,ltr,CONSUME,-11.00,-11.00,ltr,5.00,02-Jan-2026 07:26,UTC,2026-01-02 07:26:00,,WO-2025-006,1,Routine maintenance consumption
1063,7440571a-841a-11ed-aa7c-7003bca91a86,stores,150,IT-0010,Emery Paper / Abrasive Sheet,pcs,CONSUME,-2.00,-2.00,pcs,9.00,01-Jan-2026 14:30,UTC,2026-01-01 14:30:00,,WO-2025-002,1,Routine maintenance consumption
1062,7440571a-841a-11ed-aa7c-7003bca91a86,others,172,OT-0002,"Ballast tanks, machinery spaces",ltr,CONSUME,-2.00,-2.00,ltr,50.00,01-Jan-2026 11:24,UTC,2026-01-01 11:24:00,,WO-2025-003,1,Scheduled overhaul requirement
3898,7440571a-841a-11ed-aa7c-7003bca91a86,lubes,151,LU-0001,Main Engine Cylinder Oil,ltr,CONSUME,-69.20,-69.20,ltr,0.00,01-Jan-2026 07:15,UTC,2026-01-01 07:15:00,,,480b40d0-04bd-4590-a936-2f879b867977,Daily cylinder oil consumption - 69.2 ltr
1061,7440571a-841a-11ed-aa7c-7003bca91a86,stores,143,IT-0003,Grinding Wheel (Grinding Disc),pcs,CONSUME,-4.00,-4.00,pcs,13.00,01-Jan-2026 06:08,UTC,2026-01-01 06:08:00,,WO-2025-008,1,Regular operational consumption
2447,7440571a-841a-11ed-aa7c-7003bca91a86,stores,147,IT-0007,Ear Plugs (Disposable),pcs,CONSUME,-3.51,-3.51,pcs,0.00,01-Jan-2026 00:00,UTC,2026-01-01 00:00:00,,,6084f3b8-85dc-462a-b045-111d2b2e6d0e,General stores consumption
2448,7440571a-841a-11ed-aa7c-7003bca91a86,stores,150,IT-0010,Emery Paper / Abrasive Sheet,pcs,CONSUME,-2.73,-2.73,pcs,0.00,01-Jan-2026 00:00,UTC,2026-01-01 00:00:00,,,228b5256-5bd2-4bf3-826f-c6fe76571449,General stores consumption
2449,7440571a-841a-11ed-aa7c-7003bca91a86,stores,175,OT-0005,External structures,ltr,CONSUME,-1.39,-1.39,ltr,0.00,01-Jan-2026 00:00,UTC,2026-01-01 00:00:00,,,6084f3b8-85dc-462a-b045-111d2b2e6d0e,General stores consumption
1060,7440571a-841a-11ed-aa7c-7003bca91a86,chemicals,163,CH-0003,Boiler Water Treatment Chemical,ltr,CONSUME,-8.00,-8.00,ltr,0.00,31-Dec-2025 21:32,UTC,2025-12-31 21:32:00,,WO-2025-008,1,Navigation equipment maintenance
1448,7440571a-841a-11ed-aa7c-7003bca91a86,lubes,155,LU-0005,Hydraulic Oil,ltr,CONSUME,-10.00,-10.00,ltr,38.00,31-Dec-2025 18:36,UTC,2025-12-31 18:36:00,,WO-2025-002,1,Scheduled overhaul requirement
1059,7440571a-841a-11ed-aa7c-7003bca91a86,stores,147,IT-0007,Ear Plugs (Disposable),pcs,RECEIVE,16.00,16.00,pcs,16.00,31-Dec-2025 14:48,UTC,2025-12-31 14:48:00,Rotterdam,PO-2025-102,1,Port supply delivery
3897,7440571a-841a-11ed-aa7c-7003bca91a86,lubes,151,LU-0001,Main Engine Cylinder Oil,ltr,CONSUME,-120.00,-120.00,ltr,0.00,31-Dec-2025 08:36,UTC,2025-12-31 08:36:00,,,056a433e-b880-43c6-9d59-b1cfe71a4014,Daily cylinder oil consumption - 120.0 ltr
1058,7440571a-841a-11ed-aa7c-7003bca91a86,stores,142,IT-0002,Jeevan,pcs,RECEIVE,17.00,17.00,pcs,25.00,31-Dec-2025 08:11,UTC,2025-12-31 08:11:00,Singapore,PO-2025-107,1,Annual stock replenishment
1447,7440571a-841a-11ed-aa7c-7003bca91a86,lubes,158,LU-0008,Compressor Oil,ltr,CONSUME,-10.00,-10.00,ltr,5.00,30-Dec-2025 20:34,UTC,2025-12-30 20:34:00,,WO-2025-005,1,Regular operational consumption
1057,7440571a-841a-11ed-aa7c-7003bca91a86,stores,147,IT-0007,Ear Plugs (Disposable),pcs,CONSUME,-2.00,-2.00,pcs,3.00,30-Dec-2025 10:51,UTC,2025-12-30 10:51:00,,WO-2025-012,1,Accommodation maintenance
3896,7440571a-841a-11ed-aa7c-7003bca91a86,lubes,151,LU-0001,Main Engine Cylinder Oil,ltr,CONSUME,-114.10,-114.10,ltr,0.00,30-Dec-2025 09:30,UTC,2025-12-30 09:30:00,,,228b5256-5bd2-4bf3-826f-c6fe76571449,Daily cylinder oil consumption - 114.1 ltr
1446,7440571a-841a-11ed-aa7c-7003bca91a86,lubes,160,LU-0010,Multipurpose Grease,ltr,CONSUME,-4.00,-4.00,ltr,34.00,30-Dec-2025 07:41,UTC,2025-12-30 07:41:00,,WO-2025-001,1,Monthly routine usage
1056,7440571a-841a-11ed-aa7c-7003bca91a86,chemicals,168,CH-0008,Rust Remover / Descaling Chemical,ltr,CONSUME,-2.00,-2.00,ltr,19.00,30-Dec-2025 06:08,UTC,2025-12-30 06:08:00,,WO-2025-008,1,Quarterly maintenance requirement
1445,7440571a-841a-11ed-aa7c-7003bca91a86,lubes,155,LU-0005,Hydraulic Oil,ltr,CONSUME,-3.00,-3.00,ltr,48.00,29-Dec-2025 16:45,UTC,2025-12-29 16:45:00,,WO-2025-006,1,Engine room maintenance
1444,7440571a-841a-11ed-aa7c-7003bca91a86,lubes,158,LU-0008,Compressor Oil,ltr,RECEIVE,18.00,18.00,ltr,18.00,29-Dec-2025 14:09,UTC,2025-12-29 14:09:00,Rotterdam,PO-2025-103,1,Supply received per PO
1055,7440571a-841a-11ed-aa7c-7003bca91a86,chemicals,167,CH-0007,Degreasing Chemical,ltr,CONSUME,-2.00,-2.00,ltr,0.00,29-Dec-2025 13:01,UTC,2025-12-29 13:01:00,,WO-2025-004,1,Accommodation maintenance
3895,7440571a-841a-11ed-aa7c-7003bca91a86,lubes,151,LU-0001,Main Engine Cylinder Oil,ltr,CONSUME,-76.10,-76.10,ltr,0.00,29-Dec-2025 06:29,UTC,2025-12-29 06:29:00,,,480b40d0-04bd-4590-a936-2f879b867977,Daily cylinder oil consumption - 76.1 ltr
2441,7440571a-841a-11ed-aa7c-7003bca91a86,chemicals,161,CH-0001,Fuel Oil Treatment Chemical,ltr,CONSUME,-1.91,-1.91,ltr,0.00,29-Dec-2025 00:00,UTC,2025-12-29 00:00:00,,,6084f3b8-85dc-462a-b045-111d2b2e6d0e,Weekly chemical consumption
2446,7440571a-841a-11ed-aa7c-7003bca91a86,chemicals,169,CH-0009,Sewage Treatment Plant Chemical,ltr,CONSUME,-0.39,-0.39,ltr,0.00,29-Dec-2025 00:00,UTC,2025-12-29 00:00:00,,,228b5256-5bd2-4bf3-826f-c6fe76571449,Weekly chemical consumption
2445,7440571a-841a-11ed-aa7c-7003bca91a86,chemicals,167,CH-0007,Degreasing Chemical,ltr,CONSUME,-0.38,-0.38,ltr,0.00,29-Dec-2025 00:00,UTC,2025-12-29 00:00:00,,,6084f3b8-85dc-462a-b045-111d2b2e6d0e,Weekly chemical consumption
2444,7440571a-841a-11ed-aa7c-7003bca91a86,chemicals,165,CH-0005,Potable Water Chlorination Chemical,ltr,CONSUME,-0.49,-0.49,ltr,0.00,29-Dec-2025 00:00,UTC,2025-12-29 00:00:00,,,056a433e-b880-43c6-9d59-b1cfe71a4014,Weekly chemical consumption
2443,7440571a-841a-11ed-aa7c-7003bca91a86,chemicals,163,CH-0003,Boiler Water Treatment Chemical,ltr,CONSUME,-1.36,-1.36,ltr,0.00,29-Dec-2025 00:00,UTC,2025-12-29 00:00:00,,,480b40d0-04bd-4590-a936-2f879b867977,Weekly chemical consumption
2442,7440571a-841a-11ed-aa7c-7003bca91a86,chemicals,162,CH-0002,Lube Oil Treatment Chemical,ltr,CONSUME,-0.66,-0.66,ltr,0.00,29-Dec-2025 00:00,UTC,2025-12-29 00:00:00,,,480b40d0-04bd-4590-a936-2f879b867977,Weekly chemical consumption
1054,7440571a-841a-11ed-aa7c-7003bca91a86,stores,147,IT-0007,Ear Plugs (Disposable),pcs,CONSUME,-3.00,-3.00,pcs,8.00,28-Dec-2025 09:44,UTC,2025-12-28 09:44:00,,WO-2025-005,1,Engine room maintenance
1443,7440571a-841a-11ed-aa7c-7003bca91a86,lubes,151,LU-0001,Main Engine Cylinder Oil,ltr,CONSUME,-8.00,-8.00,ltr,9.00,28-Dec-2025 09:31,UTC,2025-12-28 09:31:00,,WO-2025-004,1,Engine room maintenance
3894,7440571a-841a-11ed-aa7c-7003bca91a86,lubes,151,LU-0001,Main Engine Cylinder Oil,ltr,CONSUME,-87.00,-87.00,ltr,0.00,28-Dec-2025 09:21,UTC,2025-12-28 09:21:00,,,228b5256-5bd2-4bf3-826f-c6fe76571449,Daily cylinder oil consumption - 87.0 ltr
1053,7440571a-841a-11ed-aa7c-7003bca91a86,stores,143,IT-0003,Grinding Wheel (Grinding Disc),pcs,CONSUME,-5.00,-5.00,pcs,20.00,28-Dec-2025 06:41,UTC,2025-12-28 06:41:00,,WO-2025-005,1,Monthly routine usage
1052,7440571a-841a-11ed-aa7c-7003bca91a86,chemicals,161,CH-0001,Fuel Oil Treatment Chemical,ltr,CONSUME,-6.00,-6.00,ltr,0.00,28-Dec-2025 06:33,UTC,2025-12-28 06:33:00,,WO-2025-009,1,Emergency repair usage
1051,7440571a-841a-11ed-aa7c-7003bca91a86,chemicals,169,CH-0009,Sewage Treatment Plant Chemical,ltr,RECEIVE,10.00,10.00,ltr,16.00,27-Dec-2025 14:30,UTC,2025-12-27 14:30:00,Rotterdam,PO-2025-105,1,Supplier delivery on schedule
3893,7440571a-841a-11ed-aa7c-7003bca91a86,lubes,151,LU-0001,Main Engine Cylinder Oil,ltr,CONSUME,-86.50,-86.50,ltr,0.00,27-Dec-2025 07:57,UTC,2025-12-27 07:57:00,,,6084f3b8-85dc-462a-b045-111d2b2e6d0e,Daily cylinder oil consumption - 86.5 ltr
1050,7440571a-841a-11ed-aa7c-7003bca91a86,chemicals,163,CH-0003,Boiler Water Treatment Chemical,ltr,RECEIVE,20.00,20.00,ltr,20.00,26-Dec-2025 15:32,UTC,2025-12-26 15:32:00,Fujairah,PO-2025-105,1,Supply received per PO
1049,7440571a-841a-11ed-aa7c-7003bca91a86,chemicals,167,CH-0007,Degreasing Chemical,ltr,RECEIVE,20.00,20.00,ltr,20.00,26-Dec-2025 15:30,UTC,2025-12-26 15:30:00,Busan,PO-2025-107,1,Annual stock replenishment
1048,7440571a-841a-11ed-aa7c-7003bca91a86,stores,145,IT-0005,Welding Electrodes (General Purpose),pcs,CONSUME,-2.00,-2.00,pcs,23.00,26-Dec-2025 14:44,UTC,2025-12-26 14:44:00,,WO-2025-010,1,Navigation equipment maintenance
1047,7440571a-841a-11ed-aa7c-7003bca91a86,chemicals,164,CH-0004,Cooling Water Treatment Chemical,ltr,CONSUME,-7.00,-7.00,ltr,5.00,26-Dec-2025 14:08,UTC,2025-12-26 14:08:00,,WO-2025-010,1,Navigation equipment maintenance
1442,7440571a-841a-11ed-aa7c-7003bca91a86,lubes,151,LU-0001,Main Engine Cylinder Oil,ltr,RECEIVE,23.00,23.00,ltr,32.00,26-Dec-2025 11:05,UTC,2025-12-26 11:05:00,Fujairah,PO-2025-101,1,Quarterly supply order
3892,7440571a-841a-11ed-aa7c-7003bca91a86,lubes,151,LU-0001,Main Engine Cylinder Oil,ltr,CONSUME,-95.10,-95.10,ltr,0.00,26-Dec-2025 09:16,UTC,2025-12-26 09:16:00,,,6084f3b8-85dc-462a-b045-111d2b2e6d0e,Daily cylinder oil consumption - 95.1 ltr
1046,7440571a-841a-11ed-aa7c-7003bca91a86,stores,143,IT-0003,Grinding Wheel (Grinding Disc),pcs,CONSUME,-1.00,-1.00,pcs,25.00,25-Dec-2025 20:38,UTC,2025-12-25 20:38:00,,WO-2025-005,1,Routine maintenance consumption
1441,7440571a-841a-11ed-aa7c-7003bca91a86,lubes,158,LU-0008,Compressor Oil,ltr,CONSUME,-6.00,-6.00,ltr,0.00,25-Dec-2025 19:36,UTC,2025-12-25 19:36:00,,WO-2025-005,1,Engine room maintenance
1045,7440571a-841a-11ed-aa7c-7003bca91a86,stores,141,IT-0001,Safety Gloves – Cotton,pcs,RECEIVE,12.00,12.00,pcs,14.00,25-Dec-2025 16:28,UTC,2025-12-25 16:28:00,Mumbai,PO-2025-105,1,Supply received per PO
1044,7440571a-841a-11ed-aa7c-7003bca91a86,chemicals,165,CH-0005,Potable Water Chlorination Chemical,ltr,CONSUME,-7.00,-7.00,ltr,11.00,25-Dec-2025 15:32,UTC,2025-12-25 15:32:00,,WO-2025-010,1,Accommodation maintenance
1043,7440571a-841a-11ed-aa7c-7003bca91a86,chemicals,161,CH-0001,Fuel Oil Treatment Chemical,ltr,RECEIVE,23.00,23.00,ltr,23.00,25-Dec-2025 14:54,UTC,2025-12-25 14:54:00,Shanghai,PO-2025-108,1,Port supply delivery
1042,7440571a-841a-11ed-aa7c-7003bca91a86,others,171,OT-0001,Steel surface protection,ltr,CONSUME,-3.00,-3.00,ltr,63.00,25-Dec-2025 14:01,UTC,2025-12-25 14:01:00,,WO-2025-010,1,Navigation equipment maintenance
1041,7440571a-841a-11ed-aa7c-7003bca91a86,chemicals,163,CH-0003,Boiler Water Treatment Chemical,ltr,CONSUME,-7.00,-7.00,ltr,3.00,25-Dec-2025 12:45,UTC,2025-12-25 12:45:00,,WO-2025-011,1,Engine room maintenance
1040,7440571a-841a-11ed-aa7c-7003bca91a86,stores,149,IT-0009,Cotton Waste / Cleaning Rags,pcs,CONSUME,-3.00,-3.00,pcs,24.00,25-Dec-2025 11:59,UTC,2025-12-25 11:59:00,,WO-2025-004,1,Engine room maintenance
3891,7440571a-841a-11ed-aa7c-7003bca91a86,lubes,151,LU-0001,Main Engine Cylinder Oil,ltr,CONSUME,-79.70,-79.70,ltr,0.00,25-Dec-2025 07:40,UTC,2025-12-25 07:40:00,,,480b40d0-04bd-4590-a936-2f879b867977,Daily cylinder oil consumption - 79.7 ltr
1440,7440571a-841a-11ed-aa7c-7003bca91a86,lubes,151,LU-0001,Main Engine Cylinder Oil,ltr,CONSUME,-6.00,-6.00,ltr,17.00,25-Dec-2025 07:27,UTC,2025-12-25 07:27:00,,WO-2025-002,1,Scheduled overhaul requirement
1039,7440571a-841a-11ed-aa7c-7003bca91a86,chemicals,170,CH-0010,Hand Cleaning Chemical (Industrial Soap),ltr,CONSUME,-3.00,-3.00,ltr,0.00,24-Dec-2025 22:42,UTC,2025-12-24 22:42:00,,WO-2025-011,1,Emergency repair usage
1038,7440571a-841a-11ed-aa7c-7003bca91a86,stores,146,IT-0006,Safety Goggles (Clear),pcs,CONSUME,-3.00,-3.00,pcs,18.00,24-Dec-2025 20:39,UTC,2025-12-24 20:39:00,,WO-2025-004,1,Machinery space maintenance
4084,7440571a-841a-11ed-aa7c-7003bca91a86,chemicals,164,CH-0004,Cooling Water Treatment Chemical,ltr,CONSUME,-32.30,-32.30,ltr,4822.20,24-Dec-2025 15:56,UTC,2025-12-24 15:56:00,,,480b40d0-04bd-4590-a936-2f879b867977,Chemical consumption - Cooling Water Treatment Chemical
1037,7440571a-841a-11ed-aa7c-7003bca91a86,chemicals,168,CH-0008,Rust Remover / Descaling Chemical,ltr,RECEIVE,22.00,22.00,ltr,31.00,24-Dec-2025 13:14,UTC,2025-12-24 13:14:00,Fujairah,PO-2025-101,1,Top-up supply received
1439,7440571a-841a-11ed-aa7c-7003bca91a86,lubes,157,LU-0007,Stern Tube Oil,ltr,CONSUME,-5.00,-5.00,ltr,41.00,24-Dec-2025 12:47,UTC,2025-12-24 12:47:00,,WO-2025-006,1,Engine room maintenance
1036,7440571a-841a-11ed-aa7c-7003bca91a86,stores,142,IT-0002,Jeevan,pcs,CONSUME,-5.00,-5.00,pcs,8.00,24-Dec-2025 12:30,UTC,2025-12-24 12:30:00,,WO-2025-008,1,Machinery space maintenance
1035,7440571a-841a-11ed-aa7c-7003bca91a86,chemicals,165,CH-0005,Potable Water Chlorination Chemical,ltr,RECEIVE,20.00,20.00,ltr,23.00,24-Dec-2025 11:44,UTC,2025-12-24 11:44:00,Fujairah,PO-2025-108,1,Quarterly supply order
3890,7440571a-841a-11ed-aa7c-7003bca91a86,lubes,151,LU-0001,Main Engine Cylinder Oil,ltr,CONSUME,-82.10,-82.10,ltr,0.00,24-Dec-2025 09:29,UTC,2025-12-24 09:29:00,,,480b40d0-04bd-4590-a936-2f879b867977,Daily cylinder oil consumption - 82.1 ltr
1034,7440571a-841a-11ed-aa7c-7003bca91a86,chemicals,170,CH-0010,Hand Cleaning Chemical (Industrial Soap),ltr,RECEIVE,16.00,16.00,ltr,16.00,24-Dec-2025 09:12,UTC,2025-12-24 09:12:00,Las Palmas,PO-2025-103,1,Emergency supply received
1033,7440571a-841a-11ed-aa7c-7003bca91a86,stores,144,IT-0004,Cutting Disc (Angle Grinder),pcs,CONSUME,-1.00,-1.00,pcs,37.00,23-Dec-2025 20:45,UTC,2025-12-23 20:45:00,,WO-2025-008,1,Navigation equipment maintenance
1032,7440571a-841a-11ed-aa7c-7003bca91a86,stores,148,IT-0008,Dust Mask / Respirator Mask,pcs,CONSUME,-4.00,-4.00,pcs,21.00,23-Dec-2025 19:56,UTC,2025-12-23 19:56:00,,WO-2025-010,1,Navigation equipment maintenance
1031,7440571a-841a-11ed-aa7c-7003bca91a86,chemicals,162,CH-0002,Lube Oil Treatment Chemical,ltr,CONSUME,-4.00,-4.00,ltr,2.00,23-Dec-2025 18:18,UTC,2025-12-23 18:18:00,,WO-2025-007,1,Voyage preparation consumption
1030,7440571a-841a-11ed-aa7c-7003bca91a86,stores,150,IT-0010,Emery Paper / Abrasive Sheet,pcs,CONSUME,-5.00,-5.00,pcs,17.00,23-Dec-2025 12:07,UTC,2025-12-23 12:07:00,,WO-2025-010,1,Emergency repair usage
1029,7440571a-841a-11ed-aa7c-7003bca91a86,chemicals,164,CH-0004,Cooling Water Treatment Chemical,ltr,RECEIVE,10.00,10.00,ltr,11.00,23-Dec-2025 11:45,UTC,2025-12-23 11:45:00,Jebel Ali,PO-2025-105,1,Supply received per PO
3889,7440571a-841a-11ed-aa7c-7003bca91a86,lubes,151,LU-0001,Main Engine Cylinder Oil,ltr,CONSUME,-72.60,-72.60,ltr,0.00,23-Dec-2025 09:16,UTC,2025-12-23 09:16:00,,,6084f3b8-85dc-462a-b045-111d2b2e6d0e,Daily cylinder oil consumption - 72.6 ltr
1438,7440571a-841a-11ed-aa7c-7003bca91a86,lubes,154,LU-0004,Turbocharger Lube Oil,ltr,CONSUME,-10.00,-10.00,ltr,55.00,22-Dec-2025 18:36,UTC,2025-12-22 18:36:00,,WO-2025-001,1,Monthly routine usage
1028,7440571a-841a-11ed-aa7c-7003bca91a86,stores,146,IT-0006,Safety Goggles (Clear),pcs,CONSUME,-1.00,-1.00,pcs,22.00,22-Dec-2025 16:37,UTC,2025-12-22 16:37:00,,WO-2025-001,1,Regular operational consumption
1437,7440571a-841a-11ed-aa7c-7003bca91a86,lubes,156,LU-0006,Gear Oil,ltr,CONSUME,-7.00,-7.00,ltr,72.00,22-Dec-2025 13:42,UTC,2025-12-22 13:42:00,,WO-2025-001,1,Regular operational consumption
1027,7440571a-841a-11ed-aa7c-7003bca91a86,stores,148,IT-0008,Dust Mask / Respirator Mask,pcs,CONSUME,-1.00,-1.00,pcs,20.00,22-Dec-2025 11:21,UTC,2025-12-22 11:21:00,,WO-2025-006,1,Monthly routine usage
1026,7440571a-841a-11ed-aa7c-7003bca91a86,others,176,OT-0006,"Exhausts, boilers, pipelines",ltr,CONSUME,-4.00,-4.00,ltr,55.00,22-Dec-2025 09:31,UTC,2025-12-22 09:31:00,,WO-2025-008,1,Emergency repair usage
3888,7440571a-841a-11ed-aa7c-7003bca91a86,lubes,151,LU-0001,Main Engine Cylinder Oil,ltr,CONSUME,-107.70,-107.70,ltr,0.00,22-Dec-2025 07:11,UTC,2025-12-22 07:11:00,,,056a433e-b880-43c6-9d59-b1cfe71a4014,Daily cylinder oil consumption - 107.7 ltr
2438,7440571a-841a-11ed-aa7c-7003bca91a86,chemicals,167,CH-0007,Degreasing Chemical,ltr,CONSUME,-1.56,-1.56,ltr,0.00,22-Dec-2025 00:00,UTC,2025-12-22 00:00:00,,,480b40d0-04bd-4590-a936-2f879b867977,Weekly chemical consumption
2436,7440571a-841a-11ed-aa7c-7003bca91a86,chemicals,163,CH-0003,Boiler Water Treatment Chemical,ltr,CONSUME,-0.97,-0.97,ltr,0.00,22-Dec-2025 00:00,UTC,2025-12-22 00:00:00,,,480b40d0-04bd-4590-a936-2f879b867977,Weekly chemical consumption
2437,7440571a-841a-11ed-aa7c-7003bca91a86,chemicals,164,CH-0004,Cooling Water Treatment Chemical,ltr,CONSUME,-1.15,-1.15,ltr,0.00,22-Dec-2025 00:00,UTC,2025-12-22 00:00:00,,,6084f3b8-85dc-462a-b045-111d2b2e6d0e,Weekly chemical consumption
2439,7440571a-841a-11ed-aa7c-7003bca91a86,chemicals,169,CH-0009,Sewage Treatment Plant Chemical,ltr,CONSUME,-1.79,-1.79,ltr,0.00,22-Dec-2025 00:00,UTC,2025-12-22 00:00:00,,,6084f3b8-85dc-462a-b045-111d2b2e6d0e,Weekly chemical consumption
2440,7440571a-841a-11ed-aa7c-7003bca91a86,chemicals,170,CH-0010,Hand Cleaning Chemical (Industrial Soap),ltr,CONSUME,-2.00,-2.00,ltr,0.00,22-Dec-2025 00:00,UTC,2025-12-22 00:00:00,,,228b5256-5bd2-4bf3-826f-c6fe76571449,Weekly chemical consumption
1025,7440571a-841a-11ed-aa7c-7003bca91a86,chemicals,162,CH-0002,Lube Oil Treatment Chemical,ltr,RECEIVE,12.00,12.00,ltr,14.00,21-Dec-2025 15:17,UTC,2025-12-21 15:17:00,Mumbai,PO-2025-108,1,Supplier delivery on schedule
1436,7440571a-841a-11ed-aa7c-7003bca91a86,lubes,152,LU-0002,Main Engine System Oil,ltr,CONSUME,-5.00,-5.00,ltr,65.00,21-Dec-2025 08:48,UTC,2025-12-21 08:48:00,,WO-2025-005,1,Scheduled overhaul requirement
3887,7440571a-841a-11ed-aa7c-7003bca91a86,lubes,151,LU-0001,Main Engine Cylinder Oil,ltr,CONSUME,-120.00,-120.00,ltr,0.00,21-Dec-2025 07:46,UTC,2025-12-21 07:46:00,,,228b5256-5bd2-4bf3-826f-c6fe76571449,Daily cylinder oil consumption - 120.0 ltr
1024,7440571a-841a-11ed-aa7c-7003bca91a86,stores,148,IT-0008,Dust Mask / Respirator Mask,pcs,CONSUME,-2.00,-2.00,pcs,25.00,21-Dec-2025 06:15,UTC,2025-12-21 06:15:00,,WO-2025-007,1,Deck maintenance work
1023,7440571a-841a-11ed-aa7c-7003bca91a86,chemicals,166,CH-0006,Tank Cleaning Chemical (Alkaline),ltr,RECEIVE,25.00,25.00,ltr,25.00,20-Dec-2025 13:49,UTC,2025-12-20 13:49:00,Fujairah,PO-2025-103,1,Supply received per PO
1435,7440571a-841a-11ed-aa7c-7003bca91a86,lubes,155,LU-0005,Hydraulic Oil,ltr,CONSUME,-9.00,-9.00,ltr,29.00,20-Dec-2025 08:04,UTC,2025-12-20 08:04:00,,WO-2025-006,1,Routine maintenance consumption
3886,7440571a-841a-11ed-aa7c-7003bca91a86,lubes,151,LU-0001,Main Engine Cylinder Oil,ltr,CONSUME,-66.60,-66.60,ltr,0.00,20-Dec-2025 07:57,UTC,2025-12-20 07:57:00,,,480b40d0-04bd-4590-a936-2f879b867977,Daily cylinder oil consumption - 66.6 ltr
1022,7440571a-841a-11ed-aa7c-7003bca91a86,chemicals,168,CH-0008,Rust Remover / Descaling Chemical,ltr,CONSUME,-2.00,-2.00,ltr,12.00,20-Dec-2025 06:52,UTC,2025-12-20 06:52:00,,WO-2025-011,1,Regular operational consumption
1021,7440571a-841a-11ed-aa7c-7003bca91a86,chemicals,166,CH-0006,Tank Cleaning Chemical (Alkaline),ltr,CONSUME,-3.00,-3.00,ltr,10.00,19-Dec-2025 19:39,UTC,2025-12-19 19:39:00,,WO-2025-008,1,Navigation equipment maintenance
1020,7440571a-841a-11ed-aa7c-7003bca91a86,chemicals,169,CH-0009,Sewage Treatment Plant Chemical,ltr,CONSUME,-6.00,-6.00,ltr,6.00,19-Dec-2025 19:10,UTC,2025-12-19 19:10:00,,WO-2025-006,1,Voyage preparation consumption
1019,7440571a-841a-11ed-aa7c-7003bca91a86,others,179,OT-0009,Weather decks,ltr,CONSUME,-2.00,-2.00,ltr,54.00,19-Dec-2025 18:55,UTC,2025-12-19 18:55:00,,WO-2025-011,1,Voyage preparation consumption
1018,7440571a-841a-11ed-aa7c-7003bca91a86,stores,145,IT-0005,Welding Electrodes (General Purpose),pcs,CONSUME,-2.00,-2.00,pcs,21.00,19-Dec-2025 13:56,UTC,2025-12-19 13:56:00,,WO-2025-003,1,Monthly routine usage
3885,7440571a-841a-11ed-aa7c-7003bca91a86,lubes,151,LU-0001,Main Engine Cylinder Oil,ltr,CONSUME,-92.10,-92.10,ltr,0.00,19-Dec-2025 08:01,UTC,2025-12-19 08:01:00,,,228b5256-5bd2-4bf3-826f-c6fe76571449,Daily cylinder oil consumption - 92.1 ltr
1434,7440571a-841a-11ed-aa7c-7003bca91a86,lubes,157,LU-0007,Stern Tube Oil,ltr,CONSUME,-11.00,-11.00,ltr,25.00,18-Dec-2025 19:52,UTC,2025-12-18 19:52:00,,WO-2025-003,1,Regular operational consumption
1017,7440571a-841a-11ed-aa7c-7003bca91a86,chemicals,166,CH-0006,Tank Cleaning Chemical (Alkaline),ltr,CONSUME,-7.00,-7.00,ltr,3.00,18-Dec-2025 12:35,UTC,2025-12-18 12:35:00,,WO-2025-001,1,Monthly routine usage
3884,7440571a-841a-11ed-aa7c-7003bca91a86,lubes,151,LU-0001,Main Engine Cylinder Oil,ltr,CONSUME,-99.10,-99.10,ltr,0.00,18-Dec-2025 09:41,UTC,2025-12-18 09:41:00,,,056a433e-b880-43c6-9d59-b1cfe71a4014,Daily cylinder oil consumption - 99.1 ltr
1016,7440571a-841a-11ed-aa7c-7003bca91a86,others,172,OT-0002,"Ballast tanks, machinery spaces",ltr,CONSUME,-1.00,-1.00,ltr,52.00,18-Dec-2025 08:24,UTC,2025-12-18 08:24:00,,WO-2025-006,1,Deck maintenance work
1015,7440571a-841a-11ed-aa7c-7003bca91a86,chemicals,167,CH-0007,Degreasing Chemical,ltr,CONSUME,-6.00,-6.00,ltr,11.00,18-Dec-2025 07:56,UTC,2025-12-18 07:56:00,,WO-2025-004,1,Safety equipment replenishment
1014,7440571a-841a-11ed-aa7c-7003bca91a86,stores,146,IT-0006,Safety Goggles (Clear),pcs,CONSUME,-1.00,-1.00,pcs,21.00,17-Dec-2025 07:39,UTC,2025-12-17 07:39:00,,WO-2025-011,1,Scheduled overhaul requirement
3883,7440571a-841a-11ed-aa7c-7003bca91a86,lubes,151,LU-0001,Main Engine Cylinder Oil,ltr,CONSUME,-63.60,-63.60,ltr,0.00,17-Dec-2025 07:23,UTC,2025-12-17 07:23:00,,,056a433e-b880-43c6-9d59-b1cfe71a4014,Daily cylinder oil consumption - 63.6 ltr
1433,7440571a-841a-11ed-aa7c-7003bca91a86,lubes,158,LU-0008,Compressor Oil,ltr,CONSUME,-8.00,-8.00,ltr,15.00,16-Dec-2025 14:36,UTC,2025-12-16 14:36:00,,WO-2025-003,1,Regular operational consumption
1013,7440571a-841a-11ed-aa7c-7003bca91a86,stores,143,IT-0003,Grinding Wheel (Grinding Disc),pcs,CONSUME,-1.00,-1.00,pcs,26.00,16-Dec-2025 12:40,UTC,2025-12-16 12:40:00,,WO-2025-011,1,Port state inspection preparation
1012,7440571a-841a-11ed-aa7c-7003bca91a86,chemicals,166,CH-0006,Tank Cleaning Chemical (Alkaline),ltr,CONSUME,-6.00,-6.00,ltr,0.00,16-Dec-2025 11:18,UTC,2025-12-16 11:18:00,,WO-2025-007,1,Scheduled overhaul requirement
3882,7440571a-841a-11ed-aa7c-7003bca91a86,lubes,151,LU-0001,Main Engine Cylinder Oil,ltr,CONSUME,-120.00,-120.00,ltr,0.00,16-Dec-2025 09:45,UTC,2025-12-16 09:45:00,,,480b40d0-04bd-4590-a936-2f879b867977,Daily cylinder oil consumption - 120.0 ltr
1011,7440571a-841a-11ed-aa7c-7003bca91a86,others,177,OT-0007,"Bilges, chain lockers",ltr,CONSUME,-1.00,-1.00,ltr,47.00,15-Dec-2025 12:47,UTC,2025-12-15 12:47:00,,WO-2025-003,1,Navigation equipment maintenance
3881,7440571a-841a-11ed-aa7c-7003bca91a86,lubes,151,LU-0001,Main Engine Cylinder Oil,ltr,CONSUME,-120.00,-120.00,ltr,0.00,15-Dec-2025 07:04,UTC,2025-12-15 07:04:00,,,6084f3b8-85dc-462a-b045-111d2b2e6d0e,Daily cylinder oil consumption - 120.0 ltr
2434,7440571a-841a-11ed-aa7c-7003bca91a86,stores,176,OT-0006,"Exhausts, boilers, pipelines",ltr,CONSUME,-2.88,-2.88,ltr,0.00,15-Dec-2025 00:00,UTC,2025-12-15 00:00:00,,,228b5256-5bd2-4bf3-826f-c6fe76571449,General stores consumption
2428,7440571a-841a-11ed-aa7c-7003bca91a86,chemicals,165,CH-0005,Potable Water Chlorination Chemical,ltr,CONSUME,-1.49,-1.49,ltr,0.00,15-Dec-2025 00:00,UTC,2025-12-15 00:00:00,,,6084f3b8-85dc-462a-b045-111d2b2e6d0e,Weekly chemical consumption
2429,7440571a-841a-11ed-aa7c-7003bca91a86,chemicals,166,CH-0006,Tank Cleaning Chemical (Alkaline),ltr,CONSUME,-0.61,-0.61,ltr,0.00,15-Dec-2025 00:00,UTC,2025-12-15 00:00:00,,,6084f3b8-85dc-462a-b045-111d2b2e6d0e,Weekly chemical consumption
2430,7440571a-841a-11ed-aa7c-7003bca91a86,chemicals,168,CH-0008,Rust Remover / Descaling Chemical,ltr,CONSUME,-0.99,-0.99,ltr,0.00,15-Dec-2025 00:00,UTC,2025-12-15 00:00:00,,,056a433e-b880-43c6-9d59-b1cfe71a4014,Weekly chemical consumption
2431,7440571a-841a-11ed-aa7c-7003bca91a86,stores,146,IT-0006,Safety Goggles (Clear),pcs,CONSUME,-1.10,-1.10,pcs,0.00,15-Dec-2025 00:00,UTC,2025-12-15 00:00:00,,,6084f3b8-85dc-462a-b045-111d2b2e6d0e,General stores consumption
2432,7440571a-841a-11ed-aa7c-7003bca91a86,stores,147,IT-0007,Ear Plugs (Disposable),pcs,CONSUME,-3.96,-3.96,pcs,0.00,15-Dec-2025 00:00,UTC,2025-12-15 00:00:00,,,480b40d0-04bd-4590-a936-2f879b867977,General stores consumption
2435,7440571a-841a-11ed-aa7c-7003bca91a86,stores,178,OT-0008,"Pipes, tanks, machinery",ltr,CONSUME,-2.30,-2.30,ltr,0.00,15-Dec-2025 00:00,UTC,2025-12-15 00:00:00,,,6084f3b8-85dc-462a-b045-111d2b2e6d0e,General stores consumption
2433,7440571a-841a-11ed-aa7c-7003bca91a86,stores,148,IT-0008,Dust Mask / Respirator Mask,pcs,CONSUME,-3.11,-3.11,pcs,0.00,15-Dec-2025 00:00,UTC,2025-12-15 00:00:00,,,6084f3b8-85dc-462a-b045-111d2b2e6d0e,General stores consumption
2427,7440571a-841a-11ed-aa7c-7003bca91a86,chemicals,164,CH-0004,Cooling Water Treatment Chemical,ltr,CONSUME,-0.19,-0.19,ltr,0.00,15-Dec-2025 00:00,UTC,2025-12-15 00:00:00,,,6084f3b8-85dc-462a-b045-111d2b2e6d0e,Weekly chemical consumption
1432,7440571a-841a-11ed-aa7c-7003bca91a86,lubes,153,LU-0003,Auxiliary Engine Lube Oil,ltr,CONSUME,-4.00,-4.00,ltr,27.00,14-Dec-2025 19:59,UTC,2025-12-14 19:59:00,,WO-2025-004,1,Scheduled overhaul requirement
4083,7440571a-841a-11ed-aa7c-7003bca91a86,chemicals,168,CH-0008,Rust Remover / Descaling Chemical,ltr,CONSUME,-35.80,-35.80,ltr,4807.00,14-Dec-2025 11:51,UTC,2025-12-14 11:51:00,,,228b5256-5bd2-4bf3-826f-c6fe76571449,Chemical consumption - Rust Remover / Descaling Chemical
3880,7440571a-841a-11ed-aa7c-7003bca91a86,lubes,151,LU-0001,Main Engine Cylinder Oil,ltr,CONSUME,-93.90,-93.90,ltr,0.00,14-Dec-2025 07:29,UTC,2025-12-14 07:29:00,,,480b40d0-04bd-4590-a936-2f879b867977,Daily cylinder oil consumption - 93.9 ltr
1431,7440571a-841a-11ed-aa7c-7003bca91a86,lubes,152,LU-0002,Main Engine System Oil,ltr,CONSUME,-4.00,-4.00,ltr,70.00,14-Dec-2025 07:17,UTC,2025-12-14 07:17:00,,WO-2025-002,1,Monthly routine usage
1010,7440571a-841a-11ed-aa7c-7003bca91a86,stores,148,IT-0008,Dust Mask / Respirator Mask,pcs,CONSUME,-3.00,-3.00,pcs,17.00,13-Dec-2025 11:56,UTC,2025-12-13 11:56:00,,WO-2025-005,1,Quarterly maintenance requirement
1009,7440571a-841a-11ed-aa7c-7003bca91a86,chemicals,169,CH-0009,Sewage Treatment Plant Chemical,ltr,CONSUME,-2.00,-2.00,ltr,12.00,13-Dec-2025 10:27,UTC,2025-12-13 10:27:00,,WO-2025-002,1,Safety equipment replenishment
1008,7440571a-841a-11ed-aa7c-7003bca91a86,stores,145,IT-0005,Welding Electrodes (General Purpose),pcs,CONSUME,-1.00,-1.00,pcs,20.00,13-Dec-2025 09:38,UTC,2025-12-13 09:38:00,,WO-2025-007,1,Monthly routine usage
3879,7440571a-841a-11ed-aa7c-7003bca91a86,lubes,151,LU-0001,Main Engine Cylinder Oil,ltr,CONSUME,-86.60,-86.60,ltr,0.00,13-Dec-2025 07:19,UTC,2025-12-13 07:19:00,,,6084f3b8-85dc-462a-b045-111d2b2e6d0e,Daily cylinder oil consumption - 86.6 ltr
1007,7440571a-841a-11ed-aa7c-7003bca91a86,stores,141,IT-0001,Safety Gloves – Cotton,pcs,CONSUME,-1.00,-1.00,pcs,11.00,12-Dec-2025 20:27,UTC,2025-12-12 20:27:00,,WO-2025-011,1,Hull maintenance work
1006,7440571a-841a-11ed-aa7c-7003bca91a86,chemicals,162,CH-0002,Lube Oil Treatment Chemical,ltr,CONSUME,-6.00,-6.00,ltr,6.00,12-Dec-2025 19:26,UTC,2025-12-12 19:26:00,,WO-2025-001,1,Hull maintenance work
1005,7440571a-841a-11ed-aa7c-7003bca91a86,chemicals,167,CH-0007,Degreasing Chemical,ltr,CONSUME,-8.00,-8.00,ltr,3.00,12-Dec-2025 19:20,UTC,2025-12-12 19:20:00,,WO-2025-012,1,Port state inspection preparation
1004,7440571a-841a-11ed-aa7c-7003bca91a86,chemicals,170,CH-0010,Hand Cleaning Chemical (Industrial Soap),ltr,CONSUME,-3.00,-3.00,ltr,2.00,12-Dec-2025 14:25,UTC,2025-12-12 14:25:00,,WO-2025-008,1,Routine maintenance consumption
1430,7440571a-841a-11ed-aa7c-7003bca91a86,lubes,159,LU-0009,Refrigeration Compressor Oil,ltr,CONSUME,-9.00,-9.00,ltr,43.00,12-Dec-2025 10:20,UTC,2025-12-12 10:20:00,,WO-2025-006,1,Engine room maintenance
1003,7440571a-841a-11ed-aa7c-7003bca91a86,chemicals,163,CH-0003,Boiler Water Treatment Chemical,ltr,CONSUME,-8.00,-8.00,ltr,0.00,12-Dec-2025 10:08,UTC,2025-12-12 10:08:00,,WO-2025-011,1,Engine room maintenance
3878,7440571a-841a-11ed-aa7c-7003bca91a86,lubes,151,LU-0001,Main Engine Cylinder Oil,ltr,CONSUME,-68.60,-68.60,ltr,0.00,12-Dec-2025 08:57,UTC,2025-12-12 08:57:00,,,6084f3b8-85dc-462a-b045-111d2b2e6d0e,Daily cylinder oil consumption - 68.6 ltr
1002,7440571a-841a-11ed-aa7c-7003bca91a86,stores,149,IT-0009,Cotton Waste / Cleaning Rags,pcs,CONSUME,-3.00,-3.00,pcs,16.00,11-Dec-2025 21:22,UTC,2025-12-11 21:22:00,,WO-2025-007,1,Regular operational consumption
1429,7440571a-841a-11ed-aa7c-7003bca91a86,lubes,153,LU-0003,Auxiliary Engine Lube Oil,ltr,CONSUME,-7.00,-7.00,ltr,20.00,11-Dec-2025 19:56,UTC,2025-12-11 19:56:00,,WO-2025-005,1,Routine maintenance consumption
1001,7440571a-841a-11ed-aa7c-7003bca91a86,chemicals,168,CH-0008,Rust Remover / Descaling Chemical,ltr,CONSUME,-5.00,-5.00,ltr,14.00,11-Dec-2025 07:35,UTC,2025-12-11 07:35:00,,WO-2025-003,1,Machinery space maintenance
3877,7440571a-841a-11ed-aa7c-7003bca91a86,lubes,151,LU-0001,Main Engine Cylinder Oil,ltr,CONSUME,-96.80,-96.80,ltr,0.00,11-Dec-2025 06:35,UTC,2025-12-11 06:35:00,,,056a433e-b880-43c6-9d59-b1cfe71a4014,Daily cylinder oil consumption - 96.8 ltr
4008,7440571a-841a-11ed-aa7c-7003bca91a86,lubes,153,LU-0003,Auxiliary Engine Lube Oil,ltr,CONSUME,-196.80,-196.80,ltr,0.00,10-Dec-2025 13:37,UTC,2025-12-10 13:37:00,,,056a433e-b880-43c6-9d59-b1cfe71a4014,Monthly AE lube oil top-up - 196.8 ltr
4007,7440571a-841a-11ed-aa7c-7003bca91a86,lubes,152,LU-0002,Main Engine System Oil,ltr,CONSUME,-114.40,-114.40,ltr,0.00,10-Dec-2025 13:37,UTC,2025-12-10 13:37:00,,,228b5256-5bd2-4bf3-826f-c6fe76571449,Monthly ME system oil top-up - 114.4 ltr
1000,7440571a-841a-11ed-aa7c-7003bca91a86,stores,141,IT-0001,Safety Gloves – Cotton,pcs,CONSUME,-4.00,-4.00,pcs,2.00,10-Dec-2025 12:52,UTC,2025-12-10 12:52:00,,WO-2025-004,1,Machinery space maintenance
999,7440571a-841a-11ed-aa7c-7003bca91a86,chemicals,161,CH-0001,Fuel Oil Treatment Chemical,ltr,CONSUME,-6.00,-6.00,ltr,5.00,10-Dec-2025 11:56,UTC,2025-12-10 11:56:00,,WO-2025-005,1,Accommodation maintenance
3876,7440571a-841a-11ed-aa7c-7003bca91a86,lubes,151,LU-0001,Main Engine Cylinder Oil,ltr,CONSUME,-98.20,-98.20,ltr,0.00,10-Dec-2025 07:03,UTC,2025-12-10 07:03:00,,,056a433e-b880-43c6-9d59-b1cfe71a4014,Daily cylinder oil consumption - 98.2 ltr
998,7440571a-841a-11ed-aa7c-7003bca91a86,chemicals,164,CH-0004,Cooling Water Treatment Chemical,ltr,CONSUME,-4.00,-4.00,ltr,1.00,09-Dec-2025 20:51,UTC,2025-12-09 20:51:00,,WO-2025-001,1,Engine room maintenance
997,7440571a-841a-11ed-aa7c-7003bca91a86,others,173,OT-0003,Hull below waterline,ltr,CONSUME,-3.00,-3.00,ltr,36.00,09-Dec-2025 13:16,UTC,2025-12-09 13:16:00,,WO-2025-006,1,Scheduled overhaul requirement
996,7440571a-841a-11ed-aa7c-7003bca91a86,chemicals,170,CH-0010,Hand Cleaning Chemical (Industrial Soap),ltr,CONSUME,-6.00,-6.00,ltr,5.00,09-Dec-2025 09:43,UTC,2025-12-09 09:43:00,,WO-2025-010,1,Emergency repair usage
3875,7440571a-841a-11ed-aa7c-7003bca91a86,lubes,151,LU-0001,Main Engine Cylinder Oil,ltr,CONSUME,-107.70,-107.70,ltr,0.00,09-Dec-2025 06:03,UTC,2025-12-09 06:03:00,,,228b5256-5bd2-4bf3-826f-c6fe76571449,Daily cylinder oil consumption - 107.7 ltr
995,7440571a-841a-11ed-aa7c-7003bca91a86,chemicals,167,CH-0007,Degreasing Chemical,ltr,CONSUME,-3.00,-3.00,ltr,0.00,08-Dec-2025 15:18,UTC,2025-12-08 15:18:00,,WO-2025-002,1,Port state inspection preparation
3874,7440571a-841a-11ed-aa7c-7003bca91a86,lubes,151,LU-0001,Main Engine Cylinder Oil,ltr,CONSUME,-71.50,-71.50,ltr,0.00,08-Dec-2025 06:24,UTC,2025-12-08 06:24:00,,,480b40d0-04bd-4590-a936-2f879b867977,Daily cylinder oil consumption - 71.5 ltr
2426,7440571a-841a-11ed-aa7c-7003bca91a86,chemicals,170,CH-0010,Hand Cleaning Chemical (Industrial Soap),ltr,CONSUME,-0.82,-0.82,ltr,0.00,08-Dec-2025 00:00,UTC,2025-12-08 00:00:00,,,6084f3b8-85dc-462a-b045-111d2b2e6d0e,Weekly chemical consumption
2425,7440571a-841a-11ed-aa7c-7003bca91a86,chemicals,167,CH-0007,Degreasing Chemical,ltr,CONSUME,-1.32,-1.32,ltr,0.00,08-Dec-2025 00:00,UTC,2025-12-08 00:00:00,,,6084f3b8-85dc-462a-b045-111d2b2e6d0e,Weekly chemical consumption
2423,7440571a-841a-11ed-aa7c-7003bca91a86,chemicals,163,CH-0003,Boiler Water Treatment Chemical,ltr,CONSUME,-1.62,-1.62,ltr,0.00,08-Dec-2025 00:00,UTC,2025-12-08 00:00:00,,,6084f3b8-85dc-462a-b045-111d2b2e6d0e,Weekly chemical consumption
2424,7440571a-841a-11ed-aa7c-7003bca91a86,chemicals,164,CH-0004,Cooling Water Treatment Chemical,ltr,CONSUME,-2.05,-2.05,ltr,0.00,08-Dec-2025 00:00,UTC,2025-12-08 00:00:00,,,6084f3b8-85dc-462a-b045-111d2b2e6d0e,Weekly chemical consumption
1428,7440571a-841a-11ed-aa7c-7003bca91a86,lubes,156,LU-0006,Gear Oil,ltr,CONSUME,-12.00,-12.00,ltr,60.00,07-Dec-2025 21:28,UTC,2025-12-07 21:28:00,,WO-2025-002,1,Monthly routine usage
994,7440571a-841a-11ed-aa7c-7003bca91a86,chemicals,163,CH-0003,Boiler Water Treatment Chemical,ltr,CONSUME,-6.00,-6.00,ltr,0.00,07-Dec-2025 15:50,UTC,2025-12-07 15:50:00,,WO-2025-006,1,Emergency repair usage
1427,7440571a-841a-11ed-aa7c-7003bca91a86,lubes,157,LU-0007,Stern Tube Oil,ltr,CONSUME,-5.00,-5.00,ltr,36.00,07-Dec-2025 15:44,UTC,2025-12-07 15:44:00,,WO-2025-002,1,Routine maintenance consumption
993,7440571a-841a-11ed-aa7c-7003bca91a86,chemicals,168,CH-0008,Rust Remover / Descaling Chemical,ltr,CONSUME,-3.00,-3.00,ltr,9.00,07-Dec-2025 13:45,UTC,2025-12-07 13:45:00,,WO-2025-010,1,Quarterly maintenance requirement
3873,7440571a-841a-11ed-aa7c-7003bca91a86,lubes,151,LU-0001,Main Engine Cylinder Oil,ltr,CONSUME,-80.60,-80.60,ltr,0.00,07-Dec-2025 08:51,UTC,2025-12-07 08:51:00,,,480b40d0-04bd-4590-a936-2f879b867977,Daily cylinder oil consumption - 80.6 ltr
992,7440571a-841a-11ed-aa7c-7003bca91a86,chemicals,166,CH-0006,Tank Cleaning Chemical (Alkaline),ltr,CONSUME,-6.00,-6.00,ltr,13.00,06-Dec-2025 16:13,UTC,2025-12-06 16:13:00,,WO-2025-004,1,Machinery space maintenance
991,7440571a-841a-11ed-aa7c-7003bca91a86,stores,144,IT-0004,Cutting Disc (Angle Grinder),pcs,CONSUME,-1.00,-1.00,pcs,36.00,06-Dec-2025 15:02,UTC,2025-12-06 15:02:00,,WO-2025-006,1,Routine maintenance consumption
990,7440571a-841a-11ed-aa7c-7003bca91a86,stores,142,IT-0002,Jeevan,pcs,CONSUME,-3.00,-3.00,pcs,13.00,06-Dec-2025 11:30,UTC,2025-12-06 11:30:00,,WO-2025-003,1,Accommodation maintenance
989,7440571a-841a-11ed-aa7c-7003bca91a86,chemicals,161,CH-0001,Fuel Oil Treatment Chemical,ltr,CONSUME,-5.00,-5.00,ltr,0.00,06-Dec-2025 08:26,UTC,2025-12-06 08:26:00,,WO-2025-007,1,Engine room maintenance
3872,7440571a-841a-11ed-aa7c-7003bca91a86,lubes,151,LU-0001,Main Engine Cylinder Oil,ltr,CONSUME,-115.50,-115.50,ltr,0.00,06-Dec-2025 07:17,UTC,2025-12-06 07:17:00,,,480b40d0-04bd-4590-a936-2f879b867977,Daily cylinder oil consumption - 115.5 ltr
2835,7440571a-841a-11ed-aa7c-7003bca91a86,stores,172,OT-0002,"Ballast tanks, machinery spaces",ltr,RECEIVE,41.88,41.88,ltr,313.66,06-Dec-2025 00:00,UTC,2025-12-06 00:00:00,Colombo,PO-2025-4659,228b5256-5bd2-4bf3-826f-c6fe76571449,Received at Colombo
2836,7440571a-841a-11ed-aa7c-7003bca91a86,stores,175,OT-0005,External structures,ltr,RECEIVE,18.62,18.62,ltr,261.23,06-Dec-2025 00:00,UTC,2025-12-06 00:00:00,Colombo,PO-2025-0886,228b5256-5bd2-4bf3-826f-c6fe76571449,Received at Colombo
2837,7440571a-841a-11ed-aa7c-7003bca91a86,stores,180,OT-0010,"Pipelines, safety markings",ltr,RECEIVE,26.50,26.50,ltr,336.66,06-Dec-2025 00:00,UTC,2025-12-06 00:00:00,Colombo,PO-2025-7335,228b5256-5bd2-4bf3-826f-c6fe76571449,Received at Colombo
2823,7440571a-841a-11ed-aa7c-7003bca91a86,stores,143,IT-0003,Grinding Wheel (Grinding Disc),pcs,RECEIVE,6.39,6.39,pcs,292.85,06-Dec-2025 00:00,UTC,2025-12-06 00:00:00,Colombo,PO-2025-0441,228b5256-5bd2-4bf3-826f-c6fe76571449,Received at Colombo
2824,7440571a-841a-11ed-aa7c-7003bca91a86,stores,144,IT-0004,Cutting Disc (Angle Grinder),pcs,RECEIVE,19.34,19.34,pcs,219.70,06-Dec-2025 00:00,UTC,2025-12-06 00:00:00,Colombo,PO-2025-7027,228b5256-5bd2-4bf3-826f-c6fe76571449,Received at Colombo
2825,7440571a-841a-11ed-aa7c-7003bca91a86,stores,145,IT-0005,Welding Electrodes (General Purpose),pcs,RECEIVE,13.51,13.51,pcs,293.70,06-Dec-2025 00:00,UTC,2025-12-06 00:00:00,Colombo,PO-2025-1209,228b5256-5bd2-4bf3-826f-c6fe76571449,Received at Colombo
2834,7440571a-841a-11ed-aa7c-7003bca91a86,chemicals,170,CH-0010,Hand Cleaning Chemical (Industrial Soap),ltr,RECEIVE,34.50,34.50,ltr,301.81,06-Dec-2025 00:00,UTC,2025-12-06 00:00:00,Colombo,PO-2025-4137,228b5256-5bd2-4bf3-826f-c6fe76571449,Received at Colombo
2833,7440571a-841a-11ed-aa7c-7003bca91a86,chemicals,168,CH-0008,Rust Remover / Descaling Chemical,ltr,RECEIVE,6.21,6.21,ltr,79.91,06-Dec-2025 00:00,UTC,2025-12-06 00:00:00,Colombo,PO-2025-1555,228b5256-5bd2-4bf3-826f-c6fe76571449,Received at Colombo
2832,7440571a-841a-11ed-aa7c-7003bca91a86,chemicals,162,CH-0002,Lube Oil Treatment Chemical,ltr,RECEIVE,24.09,24.09,ltr,363.57,06-Dec-2025 00:00,UTC,2025-12-06 00:00:00,Colombo,PO-2025-6851,228b5256-5bd2-4bf3-826f-c6fe76571449,Received at Colombo
2826,7440571a-841a-11ed-aa7c-7003bca91a86,stores,147,IT-0007,Ear Plugs (Disposable),pcs,RECEIVE,31.34,31.34,pcs,229.86,06-Dec-2025 00:00,UTC,2025-12-06 00:00:00,Colombo,PO-2025-2667,228b5256-5bd2-4bf3-826f-c6fe76571449,Received at Colombo
2827,7440571a-841a-11ed-aa7c-7003bca91a86,stores,149,IT-0009,Cotton Waste / Cleaning Rags,pcs,RECEIVE,21.53,21.53,pcs,327.49,06-Dec-2025 00:00,UTC,2025-12-06 00:00:00,Colombo,PO-2025-2012,228b5256-5bd2-4bf3-826f-c6fe76571449,Received at Colombo
2828,7440571a-841a-11ed-aa7c-7003bca91a86,stores,153,LU-0003,Auxiliary Engine Lube Oil,ltr,RECEIVE,25.64,25.64,ltr,239.76,06-Dec-2025 00:00,UTC,2025-12-06 00:00:00,Colombo,PO-2025-9049,228b5256-5bd2-4bf3-826f-c6fe76571449,Received at Colombo
2830,7440571a-841a-11ed-aa7c-7003bca91a86,stores,155,LU-0005,Hydraulic Oil,ltr,RECEIVE,42.69,42.69,ltr,93.88,06-Dec-2025 00:00,UTC,2025-12-06 00:00:00,Colombo,PO-2025-4645,228b5256-5bd2-4bf3-826f-c6fe76571449,Received at Colombo
2829,7440571a-841a-11ed-aa7c-7003bca91a86,stores,154,LU-0004,Turbocharger Lube Oil,ltr,RECEIVE,54.34,54.34,ltr,406.31,06-Dec-2025 00:00,UTC,2025-12-06 00:00:00,Colombo,PO-2025-4608,228b5256-5bd2-4bf3-826f-c6fe76571449,Received at Colombo
2831,7440571a-841a-11ed-aa7c-7003bca91a86,chemicals,161,CH-0001,Fuel Oil Treatment Chemical,ltr,RECEIVE,17.14,17.14,ltr,130.72,06-Dec-2025 00:00,UTC,2025-12-06 00:00:00,Colombo,PO-2025-4964,228b5256-5bd2-4bf3-826f-c6fe76571449,Received at Colombo
988,7440571a-841a-11ed-aa7c-7003bca91a86,stores,149,IT-0009,Cotton Waste / Cleaning Rags,pcs,CONSUME,-5.00,-5.00,pcs,19.00,05-Dec-2025 11:58,UTC,2025-12-05 11:58:00,,WO-2025-008,1,Safety equipment replenishment
987,7440571a-841a-11ed-aa7c-7003bca91a86,stores,150,IT-0010,Emery Paper / Abrasive Sheet,pcs,CONSUME,-2.00,-2.00,pcs,22.00,05-Dec-2025 06:48,UTC,2025-12-05 06:48:00,,WO-2025-006,1,Accommodation maintenance
3871,7440571a-841a-11ed-aa7c-7003bca91a86,lubes,151,LU-0001,Main Engine Cylinder Oil,ltr,CONSUME,-73.90,-73.90,ltr,0.00,05-Dec-2025 06:00,UTC,2025-12-05 06:00:00,,,480b40d0-04bd-4590-a936-2f879b867977,Daily cylinder oil consumption - 73.9 ltr
986,7440571a-841a-11ed-aa7c-7003bca91a86,stores,147,IT-0007,Ear Plugs (Disposable),pcs,CONSUME,-3.00,-3.00,pcs,5.00,04-Dec-2025 22:58,UTC,2025-12-04 22:58:00,,WO-2025-008,1,Routine maintenance consumption
4127,7440571a-841a-11ed-aa7c-7003bca91a86,lubes,154,LU-0004,Turbocharger Lube Oil,ltr,RECEIVE,1888.60,1888.60,ltr,8733.30,04-Dec-2025 17:55,UTC,2025-12-04 17:55:00,Mumbai,PO-2025-7023,228b5256-5bd2-4bf3-826f-c6fe76571449,Received at Mumbai
4128,7440571a-841a-11ed-aa7c-7003bca91a86,lubes,152,LU-0002,Main Engine System Oil,ltr,RECEIVE,343.90,343.90,ltr,1166.10,04-Dec-2025 17:55,UTC,2025-12-04 17:55:00,Mumbai,PO-2025-7023,228b5256-5bd2-4bf3-826f-c6fe76571449,Received at Mumbai
985,7440571a-841a-11ed-aa7c-7003bca91a86,others,180,OT-0010,"Pipelines, safety markings",ltr,CONSUME,-4.00,-4.00,ltr,64.00,04-Dec-2025 15:36,UTC,2025-12-04 15:36:00,,WO-2025-003,1,Hull maintenance work
984,7440571a-841a-11ed-aa7c-7003bca91a86,others,174,OT-0004,Waterline area,ltr,CONSUME,-2.00,-2.00,ltr,55.00,04-Dec-2025 12:16,UTC,2025-12-04 12:16:00,,WO-2025-006,1,Routine maintenance consumption
3870,7440571a-841a-11ed-aa7c-7003bca91a86,lubes,151,LU-0001,Main Engine Cylinder Oil,ltr,CONSUME,-120.00,-120.00,ltr,0.00,04-Dec-2025 06:23,UTC,2025-12-04 06:23:00,,,228b5256-5bd2-4bf3-826f-c6fe76571449,Daily cylinder oil consumption - 120.0 ltr
1426,7440571a-841a-11ed-aa7c-7003bca91a86,lubes,152,LU-0002,Main Engine System Oil,ltr,CONSUME,-12.00,-12.00,ltr,74.00,03-Dec-2025 15:08,UTC,2025-12-03 15:08:00,,WO-2025-005,1,Monthly routine usage
3869,7440571a-841a-11ed-aa7c-7003bca91a86,lubes,151,LU-0001,Main Engine Cylinder Oil,ltr,CONSUME,-116.70,-116.70,ltr,0.00,03-Dec-2025 09:15,UTC,2025-12-03 09:15:00,,,6084f3b8-85dc-462a-b045-111d2b2e6d0e,Daily cylinder oil consumption - 116.7 ltr
983,7440571a-841a-11ed-aa7c-7003bca91a86,chemicals,165,CH-0005,Potable Water Chlorination Chemical,ltr,CONSUME,-8.00,-8.00,ltr,3.00,02-Dec-2025 09:28,UTC,2025-12-02 09:28:00,,WO-2025-004,1,Scheduled overhaul requirement
982,7440571a-841a-11ed-aa7c-7003bca91a86,stores,141,IT-0001,Safety Gloves – Cotton,pcs,CONSUME,-5.00,-5.00,pcs,6.00,02-Dec-2025 08:54,UTC,2025-12-02 08:54:00,,WO-2025-009,1,Accommodation maintenance
3868,7440571a-841a-11ed-aa7c-7003bca91a86,lubes,151,LU-0001,Main Engine Cylinder Oil,ltr,CONSUME,-78.80,-78.80,ltr,0.00,02-Dec-2025 06:42,UTC,2025-12-02 06:42:00,,,056a433e-b880-43c6-9d59-b1cfe71a4014,Daily cylinder oil consumption - 78.8 ltr
1425,7440571a-841a-11ed-aa7c-7003bca91a86,lubes,153,LU-0003,Auxiliary Engine Lube Oil,ltr,CONSUME,-4.00,-4.00,ltr,31.00,01-Dec-2025 16:24,UTC,2025-12-01 16:24:00,,WO-2025-002,1,Scheduled overhaul requirement
981,7440571a-841a-11ed-aa7c-7003bca91a86,stores,143,IT-0003,Grinding Wheel (Grinding Disc),pcs,CONSUME,-4.00,-4.00,pcs,27.00,01-Dec-2025 16:18,UTC,2025-12-01 16:18:00,,WO-2025-007,1,Routine maintenance consumption
980,7440571a-841a-11ed-aa7c-7003bca91a86,chemicals,161,CH-0001,Fuel Oil Treatment Chemical,ltr,CONSUME,-2.00,-2.00,ltr,3.00,01-Dec-2025 10:56,UTC,2025-12-01 10:56:00,,WO-2025-006,1,Deck maintenance work
3867,7440571a-841a-11ed-aa7c-7003bca91a86,lubes,151,LU-0001,Main Engine Cylinder Oil,ltr,CONSUME,-120.00,-120.00,ltr,0.00,01-Dec-2025 08:43,UTC,2025-12-01 08:43:00,,,056a433e-b880-43c6-9d59-b1cfe71a4014,Daily cylinder oil consumption - 120.0 ltr
979,7440571a-841a-11ed-aa7c-7003bca91a86,stores,147,IT-0007,Ear Plugs (Disposable),pcs,CONSUME,-3.00,-3.00,pcs,0.00,01-Dec-2025 06:18,UTC,2025-12-01 06:18:00,,WO-2025-011,1,Monthly routine usage
2413,7440571a-841a-11ed-aa7c-7003bca91a86,chemicals,165,CH-0005,Potable Water Chlorination Chemical,ltr,CONSUME,-2.04,-2.04,ltr,0.00,01-Dec-2025 00:00,UTC,2025-12-01 00:00:00,,,228b5256-5bd2-4bf3-826f-c6fe76571449,Weekly chemical consumption
2412,7440571a-841a-11ed-aa7c-7003bca91a86,chemicals,162,CH-0002,Lube Oil Treatment Chemical,ltr,CONSUME,-1.66,-1.66,ltr,0.00,01-Dec-2025 00:00,UTC,2025-12-01 00:00:00,,,056a433e-b880-43c6-9d59-b1cfe71a4014,Weekly chemical consumption
2414,7440571a-841a-11ed-aa7c-7003bca91a86,stores,143,IT-0003,Grinding Wheel (Grinding Disc),pcs,CONSUME,-2.71,-2.71,pcs,0.00,01-Dec-2025 00:00,UTC,2025-12-01 00:00:00,,,480b40d0-04bd-4590-a936-2f879b867977,General stores consumption
2415,7440571a-841a-11ed-aa7c-7003bca91a86,stores,145,IT-0005,Welding Electrodes (General Purpose),pcs,CONSUME,-3.83,-3.83,pcs,0.00,01-Dec-2025 00:00,UTC,2025-12-01 00:00:00,,,228b5256-5bd2-4bf3-826f-c6fe76571449,General stores consumption
2416,7440571a-841a-11ed-aa7c-7003bca91a86,stores,146,IT-0006,Safety Goggles (Clear),pcs,CONSUME,-2.14,-2.14,pcs,0.00,01-Dec-2025 00:00,UTC,2025-12-01 00:00:00,,,480b40d0-04bd-4590-a936-2f879b867977,General stores consumption
2417,7440571a-841a-11ed-aa7c-7003bca91a86,stores,149,IT-0009,Cotton Waste / Cleaning Rags,pcs,CONSUME,-1.97,-1.97,pcs,0.00,01-Dec-2025 00:00,UTC,2025-12-01 00:00:00,,,228b5256-5bd2-4bf3-826f-c6fe76571449,General stores consumption
2418,7440571a-841a-11ed-aa7c-7003bca91a86,stores,171,OT-0001,Steel surface protection,ltr,CONSUME,-2.20,-2.20,ltr,0.00,01-Dec-2025 00:00,UTC,2025-12-01 00:00:00,,,228b5256-5bd2-4bf3-826f-c6fe76571449,General stores consumption
2419,7440571a-841a-11ed-aa7c-7003bca91a86,stores,172,OT-0002,"Ballast tanks, machinery spaces",ltr,CONSUME,-1.23,-1.23,ltr,0.00,01-Dec-2025 00:00,UTC,2025-12-01 00:00:00,,,056a433e-b880-43c6-9d59-b1cfe71a4014,General stores consumption
2420,7440571a-841a-11ed-aa7c-7003bca91a86,stores,177,OT-0007,"Bilges, chain lockers",ltr,CONSUME,-3.67,-3.67,ltr,0.00,01-Dec-2025 00:00,UTC,2025-12-01 00:00:00,,,480b40d0-04bd-4590-a936-2f879b867977,General stores consumption
2421,7440571a-841a-11ed-aa7c-7003bca91a86,stores,178,OT-0008,"Pipes, tanks, machinery",ltr,CONSUME,-3.87,-3.87,ltr,0.00,01-Dec-2025 00:00,UTC,2025-12-01 00:00:00,,,056a433e-b880-43c6-9d59-b1cfe71a4014,General stores consumption
2422,7440571a-841a-11ed-aa7c-7003bca91a86,stores,180,OT-0010,"Pipelines, safety markings",ltr,CONSUME,-2.24,-2.24,ltr,0.00,01-Dec-2025 00:00,UTC,2025-12-01 00:00:00,,,056a433e-b880-43c6-9d59-b1cfe71a4014,General stores consumption
1424,7440571a-841a-11ed-aa7c-7003bca91a86,lubes,160,LU-0010,Multipurpose Grease,ltr,CONSUME,-6.00,-6.00,ltr,27.00,30-Nov-2025 17:34,UTC,2025-11-30 17:34:00,,WO-2025-006,1,Routine maintenance consumption
3866,7440571a-841a-11ed-aa7c-7003bca91a86,lubes,151,LU-0001,Main Engine Cylinder Oil,ltr,CONSUME,-98.60,-98.60,ltr,0.00,30-Nov-2025 07:47,UTC,2025-11-30 07:47:00,,,480b40d0-04bd-4590-a936-2f879b867977,Daily cylinder oil consumption - 98.6 ltr
1423,7440571a-841a-11ed-aa7c-7003bca91a86,lubes,159,LU-0009,Refrigeration Compressor Oil,ltr,CONSUME,-5.00,-5.00,ltr,18.00,29-Nov-2025 19:53,UTC,2025-11-29 19:53:00,,WO-2025-001,1,Regular operational consumption
978,7440571a-841a-11ed-aa7c-7003bca91a86,stores,145,IT-0005,Welding Electrodes (General Purpose),pcs,CONSUME,-2.00,-2.00,pcs,9.00,29-Nov-2025 17:46,UTC,2025-11-29 17:46:00,,WO-2025-007,1,Quarterly maintenance requirement
1422,7440571a-841a-11ed-aa7c-7003bca91a86,lubes,157,LU-0007,Stern Tube Oil,ltr,RECEIVE,23.00,23.00,ltr,46.00,29-Nov-2025 15:00,UTC,2025-11-29 15:00:00,Fujairah,PO-2025-104,1,Port supply delivery
977,7440571a-841a-11ed-aa7c-7003bca91a86,stores,142,IT-0002,Jeevan,pcs,CONSUME,-3.00,-3.00,pcs,17.00,29-Nov-2025 14:26,UTC,2025-11-29 14:26:00,,WO-2025-007,1,Voyage preparation consumption
3865,7440571a-841a-11ed-aa7c-7003bca91a86,lubes,151,LU-0001,Main Engine Cylinder Oil,ltr,CONSUME,-97.10,-97.10,ltr,0.00,29-Nov-2025 06:40,UTC,2025-11-29 06:40:00,,,228b5256-5bd2-4bf3-826f-c6fe76571449,Daily cylinder oil consumption - 97.1 ltr
976,7440571a-841a-11ed-aa7c-7003bca91a86,stores,143,IT-0003,Grinding Wheel (Grinding Disc),pcs,CONSUME,-5.00,-5.00,pcs,33.00,28-Nov-2025 20:10,UTC,2025-11-28 20:10:00,,WO-2025-005,1,Navigation equipment maintenance
975,7440571a-841a-11ed-aa7c-7003bca91a86,others,176,OT-0006,"Exhausts, boilers, pipelines",ltr,CONSUME,-1.00,-1.00,ltr,59.00,28-Nov-2025 17:36,UTC,2025-11-28 17:36:00,,WO-2025-012,1,Navigation equipment maintenance
974,7440571a-841a-11ed-aa7c-7003bca91a86,chemicals,165,CH-0005,Potable Water Chlorination Chemical,ltr,RECEIVE,10.00,10.00,ltr,18.00,28-Nov-2025 16:08,UTC,2025-11-28 16:08:00,Mumbai,PO-2025-108,1,Supply received per PO
973,7440571a-841a-11ed-aa7c-7003bca91a86,chemicals,167,CH-0007,Degreasing Chemical,ltr,RECEIVE,11.00,11.00,ltr,17.00,28-Nov-2025 15:59,UTC,2025-11-28 15:59:00,Jebel Ali,PO-2025-104,1,Quarterly supply order
972,7440571a-841a-11ed-aa7c-7003bca91a86,stores,148,IT-0008,Dust Mask / Respirator Mask,pcs,CONSUME,-2.00,-2.00,pcs,27.00,28-Nov-2025 10:10,UTC,2025-11-28 10:10:00,,WO-2025-006,1,Hull maintenance work
3864,7440571a-841a-11ed-aa7c-7003bca91a86,lubes,151,LU-0001,Main Engine Cylinder Oil,ltr,CONSUME,-120.00,-120.00,ltr,0.00,28-Nov-2025 08:00,UTC,2025-11-28 08:00:00,,,480b40d0-04bd-4590-a936-2f879b867977,Daily cylinder oil consumption - 120.0 ltr
971,7440571a-841a-11ed-aa7c-7003bca91a86,chemicals,168,CH-0008,Rust Remover / Descaling Chemical,ltr,CONSUME,-2.00,-2.00,ltr,20.00,27-Nov-2025 22:49,UTC,2025-11-27 22:49:00,,WO-2025-003,1,Engine room maintenance
970,7440571a-841a-11ed-aa7c-7003bca91a86,stores,142,IT-0002,Jeevan,pcs,CONSUME,-5.00,-5.00,pcs,20.00,27-Nov-2025 20:59,UTC,2025-11-27 20:59:00,,WO-2025-001,1,Accommodation maintenance
969,7440571a-841a-11ed-aa7c-7003bca91a86,chemicals,169,CH-0009,Sewage Treatment Plant Chemical,ltr,CONSUME,-6.00,-6.00,ltr,24.00,27-Nov-2025 18:45,UTC,2025-11-27 18:45:00,,WO-2025-010,1,Quarterly maintenance requirement
968,7440571a-841a-11ed-aa7c-7003bca91a86,chemicals,166,CH-0006,Tank Cleaning Chemical (Alkaline),ltr,CONSUME,-4.00,-4.00,ltr,7.00,27-Nov-2025 18:05,UTC,2025-11-27 18:05:00,,WO-2025-002,1,Scheduled overhaul requirement
967,7440571a-841a-11ed-aa7c-7003bca91a86,chemicals,167,CH-0007,Degreasing Chemical,ltr,CONSUME,-6.00,-6.00,ltr,14.00,27-Nov-2025 12:05,UTC,2025-11-27 12:05:00,,WO-2025-009,1,Deck maintenance work
966,7440571a-841a-11ed-aa7c-7003bca91a86,chemicals,164,CH-0004,Cooling Water Treatment Chemical,ltr,RECEIVE,12.00,12.00,ltr,12.00,27-Nov-2025 11:00,UTC,2025-11-27 11:00:00,Jebel Ali,PO-2025-102,1,Annual stock replenishment
3863,7440571a-841a-11ed-aa7c-7003bca91a86,lubes,151,LU-0001,Main Engine Cylinder Oil,ltr,CONSUME,-104.10,-104.10,ltr,0.00,27-Nov-2025 07:27,UTC,2025-11-27 07:27:00,,,480b40d0-04bd-4590-a936-2f879b867977,Daily cylinder oil consumption - 104.1 ltr
965,7440571a-841a-11ed-aa7c-7003bca91a86,stores,149,IT-0009,Cotton Waste / Cleaning Rags,pcs,CONSUME,-5.00,-5.00,pcs,27.00,26-Nov-2025 18:29,UTC,2025-11-26 18:29:00,,WO-2025-002,1,Deck maintenance work
1421,7440571a-841a-11ed-aa7c-7003bca91a86,lubes,153,LU-0003,Auxiliary Engine Lube Oil,ltr,CONSUME,-10.00,-10.00,ltr,0.00,26-Nov-2025 17:10,UTC,2025-11-26 17:10:00,,WO-2025-001,1,Routine maintenance consumption
964,7440571a-841a-11ed-aa7c-7003bca91a86,stores,144,IT-0004,Cutting Disc (Angle Grinder),pcs,CONSUME,-4.00,-4.00,pcs,42.00,26-Nov-2025 16:29,UTC,2025-11-26 16:29:00,,WO-2025-007,1,Deck maintenance work
963,7440571a-841a-11ed-aa7c-7003bca91a86,chemicals,161,CH-0001,Fuel Oil Treatment Chemical,ltr,RECEIVE,11.00,11.00,ltr,11.00,26-Nov-2025 15:58,UTC,2025-11-26 15:58:00,Fujairah,PO-2025-105,1,Top-up supply received
962,7440571a-841a-11ed-aa7c-7003bca91a86,chemicals,161,CH-0001,Fuel Oil Treatment Chemical,ltr,CONSUME,-3.00,-3.00,ltr,4.00,26-Nov-2025 10:54,UTC,2025-11-26 10:54:00,,WO-2025-004,1,Scheduled overhaul requirement
3862,7440571a-841a-11ed-aa7c-7003bca91a86,lubes,151,LU-0001,Main Engine Cylinder Oil,ltr,CONSUME,-120.00,-120.00,ltr,0.00,26-Nov-2025 09:21,UTC,2025-11-26 09:21:00,,,480b40d0-04bd-4590-a936-2f879b867977,Daily cylinder oil consumption - 120.0 ltr
961,7440571a-841a-11ed-aa7c-7003bca91a86,chemicals,168,CH-0008,Rust Remover / Descaling Chemical,ltr,RECEIVE,13.00,13.00,ltr,21.00,25-Nov-2025 16:56,UTC,2025-11-25 16:56:00,Colombo,PO-2025-103,1,Port supply delivery
960,7440571a-841a-11ed-aa7c-7003bca91a86,others,175,OT-0005,External structures,ltr,CONSUME,-1.00,-1.00,ltr,57.00,25-Nov-2025 15:09,UTC,2025-11-25 15:09:00,,WO-2025-004,1,Navigation equipment maintenance
3861,7440571a-841a-11ed-aa7c-7003bca91a86,lubes,151,LU-0001,Main Engine Cylinder Oil,ltr,CONSUME,-64.00,-64.00,ltr,0.00,25-Nov-2025 08:54,UTC,2025-11-25 08:54:00,,,480b40d0-04bd-4590-a936-2f879b867977,Daily cylinder oil consumption - 64.0 ltr
959,7440571a-841a-11ed-aa7c-7003bca91a86,stores,148,IT-0008,Dust Mask / Respirator Mask,pcs,CONSUME,-5.00,-5.00,pcs,29.00,25-Nov-2025 08:19,UTC,2025-11-25 08:19:00,,WO-2025-008,1,Monthly routine usage
958,7440571a-841a-11ed-aa7c-7003bca91a86,chemicals,164,CH-0004,Cooling Water Treatment Chemical,ltr,CONSUME,-8.00,-8.00,ltr,0.00,24-Nov-2025 19:57,UTC,2025-11-24 19:57:00,,WO-2025-008,1,Quarterly maintenance requirement
957,7440571a-841a-11ed-aa7c-7003bca91a86,chemicals,165,CH-0005,Potable Water Chlorination Chemical,ltr,CONSUME,-5.00,-5.00,ltr,16.00,24-Nov-2025 18:01,UTC,2025-11-24 18:01:00,,WO-2025-006,1,Quarterly maintenance requirement
956,7440571a-841a-11ed-aa7c-7003bca91a86,others,178,OT-0008,"Pipes, tanks, machinery",ltr,CONSUME,-3.00,-3.00,ltr,51.00,24-Nov-2025 17:28,UTC,2025-11-24 17:28:00,,WO-2025-009,1,Safety equipment replenishment
3860,7440571a-841a-11ed-aa7c-7003bca91a86,lubes,151,LU-0001,Main Engine Cylinder Oil,ltr,CONSUME,-74.80,-74.80,ltr,0.00,24-Nov-2025 09:18,UTC,2025-11-24 09:18:00,,,228b5256-5bd2-4bf3-826f-c6fe76571449,Daily cylinder oil consumption - 74.8 ltr
1420,7440571a-841a-11ed-aa7c-7003bca91a86,lubes,153,LU-0003,Auxiliary Engine Lube Oil,ltr,RECEIVE,35.00,35.00,ltr,35.00,24-Nov-2025 09:14,UTC,2025-11-24 09:14:00,Busan,PO-2025-101,1,Quarterly supply order
955,7440571a-841a-11ed-aa7c-7003bca91a86,stores,145,IT-0005,Welding Electrodes (General Purpose),pcs,RECEIVE,19.00,19.00,pcs,25.00,24-Nov-2025 08:35,UTC,2025-11-24 08:35:00,Colombo,PO-2025-106,1,Requisition fulfilled
954,7440571a-841a-11ed-aa7c-7003bca91a86,stores,150,IT-0010,Emery Paper / Abrasive Sheet,pcs,CONSUME,-4.00,-4.00,pcs,24.00,24-Nov-2025 06:30,UTC,2025-11-24 06:30:00,,WO-2025-001,1,Monthly routine usage
2410,7440571a-841a-11ed-aa7c-7003bca91a86,chemicals,167,CH-0007,Degreasing Chemical,ltr,CONSUME,-1.54,-1.54,ltr,0.00,24-Nov-2025 00:00,UTC,2025-11-24 00:00:00,,,6084f3b8-85dc-462a-b045-111d2b2e6d0e,Weekly chemical consumption
2411,7440571a-841a-11ed-aa7c-7003bca91a86,chemicals,168,CH-0008,Rust Remover / Descaling Chemical,ltr,CONSUME,-1.41,-1.41,ltr,0.00,24-Nov-2025 00:00,UTC,2025-11-24 00:00:00,,,480b40d0-04bd-4590-a936-2f879b867977,Weekly chemical consumption
2409,7440571a-841a-11ed-aa7c-7003bca91a86,chemicals,165,CH-0005,Potable Water Chlorination Chemical,ltr,CONSUME,-1.32,-1.32,ltr,0.00,24-Nov-2025 00:00,UTC,2025-11-24 00:00:00,,,480b40d0-04bd-4590-a936-2f879b867977,Weekly chemical consumption
1419,7440571a-841a-11ed-aa7c-7003bca91a86,lubes,160,LU-0010,Multipurpose Grease,ltr,RECEIVE,29.00,29.00,ltr,38.00,23-Nov-2025 14:12,UTC,2025-11-23 14:12:00,Fujairah,PO-2025-103,1,Requisition fulfilled
953,7440571a-841a-11ed-aa7c-7003bca91a86,chemicals,164,CH-0004,Cooling Water Treatment Chemical,ltr,CONSUME,-8.00,-8.00,ltr,3.00,23-Nov-2025 11:14,UTC,2025-11-23 11:14:00,,WO-2025-005,1,Engine room maintenance
3859,7440571a-841a-11ed-aa7c-7003bca91a86,lubes,151,LU-0001,Main Engine Cylinder Oil,ltr,CONSUME,-62.50,-62.50,ltr,0.00,23-Nov-2025 07:41,UTC,2025-11-23 07:41:00,,,480b40d0-04bd-4590-a936-2f879b867977,Daily cylinder oil consumption - 62.5 ltr
1418,7440571a-841a-11ed-aa7c-7003bca91a86,lubes,160,LU-0010,Multipurpose Grease,ltr,CONSUME,-12.00,-12.00,ltr,9.00,23-Nov-2025 06:35,UTC,2025-11-23 06:35:00,,WO-2025-006,1,Regular operational consumption
952,7440571a-841a-11ed-aa7c-7003bca91a86,chemicals,169,CH-0009,Sewage Treatment Plant Chemical,ltr,CONSUME,-2.00,-2.00,ltr,30.00,22-Nov-2025 13:29,UTC,2025-11-22 13:29:00,,WO-2025-008,1,Voyage preparation consumption
951,7440571a-841a-11ed-aa7c-7003bca91a86,chemicals,162,CH-0002,Lube Oil Treatment Chemical,ltr,RECEIVE,12.00,12.00,ltr,12.00,22-Nov-2025 13:13,UTC,2025-11-22 13:13:00,Busan,PO-2025-103,1,Top-up supply received
1417,7440571a-841a-11ed-aa7c-7003bca91a86,lubes,152,LU-0002,Main Engine System Oil,ltr,RECEIVE,29.00,29.00,ltr,86.00,22-Nov-2025 08:44,UTC,2025-11-22 08:44:00,Rotterdam,PO-2025-103,1,Requisition fulfilled
1416,7440571a-841a-11ed-aa7c-7003bca91a86,lubes,152,LU-0002,Main Engine System Oil,ltr,CONSUME,-7.00,-7.00,ltr,57.00,22-Nov-2025 07:53,UTC,2025-11-22 07:53:00,,WO-2025-003,1,Routine maintenance consumption
3858,7440571a-841a-11ed-aa7c-7003bca91a86,lubes,151,LU-0001,Main Engine Cylinder Oil,ltr,CONSUME,-120.00,-120.00,ltr,0.00,22-Nov-2025 06:50,UTC,2025-11-22 06:50:00,,,480b40d0-04bd-4590-a936-2f879b867977,Daily cylinder oil consumption - 120.0 ltr
950,7440571a-841a-11ed-aa7c-7003bca91a86,chemicals,162,CH-0002,Lube Oil Treatment Chemical,ltr,CONSUME,-4.00,-4.00,ltr,4.00,21-Nov-2025 19:49,UTC,2025-11-21 19:49:00,,WO-2025-012,1,Safety equipment replenishment
1415,7440571a-841a-11ed-aa7c-7003bca91a86,lubes,158,LU-0008,Compressor Oil,ltr,CONSUME,-12.00,-12.00,ltr,0.00,21-Nov-2025 15:59,UTC,2025-11-21 15:59:00,,WO-2025-002,1,Engine room maintenance
1414,7440571a-841a-11ed-aa7c-7003bca91a86,lubes,157,LU-0007,Stern Tube Oil,ltr,CONSUME,-4.00,-4.00,ltr,37.00,21-Nov-2025 15:29,UTC,2025-11-21 15:29:00,,WO-2025-002,1,Regular operational consumption
1413,7440571a-841a-11ed-aa7c-7003bca91a86,lubes,159,LU-0009,Refrigeration Compressor Oil,ltr,RECEIVE,34.00,34.00,ltr,52.00,21-Nov-2025 15:27,UTC,2025-11-21 15:27:00,Mumbai,PO-2025-104,1,Port supply delivery
949,7440571a-841a-11ed-aa7c-7003bca91a86,chemicals,166,CH-0006,Tank Cleaning Chemical (Alkaline),ltr,RECEIVE,18.00,18.00,ltr,19.00,21-Nov-2025 11:20,UTC,2025-11-21 11:20:00,Jebel Ali,PO-2025-104,1,Annual stock replenishment
948,7440571a-841a-11ed-aa7c-7003bca91a86,chemicals,170,CH-0010,Hand Cleaning Chemical (Industrial Soap),ltr,CONSUME,-4.00,-4.00,ltr,27.00,21-Nov-2025 10:48,UTC,2025-11-21 10:48:00,,WO-2025-007,1,Regular operational consumption
947,7440571a-841a-11ed-aa7c-7003bca91a86,chemicals,169,CH-0009,Sewage Treatment Plant Chemical,ltr,CONSUME,-8.00,-8.00,ltr,14.00,21-Nov-2025 08:38,UTC,2025-11-21 08:38:00,,WO-2025-006,1,Routine maintenance consumption
3857,7440571a-841a-11ed-aa7c-7003bca91a86,lubes,151,LU-0001,Main Engine Cylinder Oil,ltr,CONSUME,-100.80,-100.80,ltr,0.00,21-Nov-2025 07:28,UTC,2025-11-21 07:28:00,,,056a433e-b880-43c6-9d59-b1cfe71a4014,Daily cylinder oil consumption - 100.8 ltr
946,7440571a-841a-11ed-aa7c-7003bca91a86,stores,141,IT-0001,Safety Gloves – Cotton,pcs,CONSUME,-3.00,-3.00,pcs,16.00,20-Nov-2025 20:54,UTC,2025-11-20 20:54:00,,WO-2025-001,1,Scheduled overhaul requirement
945,7440571a-841a-11ed-aa7c-7003bca91a86,stores,143,IT-0003,Grinding Wheel (Grinding Disc),pcs,CONSUME,-2.00,-2.00,pcs,31.00,20-Nov-2025 16:39,UTC,2025-11-20 16:39:00,,WO-2025-004,1,Engine room maintenance
944,7440571a-841a-11ed-aa7c-7003bca91a86,chemicals,166,CH-0006,Tank Cleaning Chemical (Alkaline),ltr,CONSUME,-6.00,-6.00,ltr,1.00,20-Nov-2025 07:17,UTC,2025-11-20 07:17:00,,WO-2025-001,1,Deck maintenance work
3856,7440571a-841a-11ed-aa7c-7003bca91a86,lubes,151,LU-0001,Main Engine Cylinder Oil,ltr,CONSUME,-82.20,-82.20,ltr,0.00,20-Nov-2025 06:56,UTC,2025-11-20 06:56:00,,,480b40d0-04bd-4590-a936-2f879b867977,Daily cylinder oil consumption - 82.2 ltr
943,7440571a-841a-11ed-aa7c-7003bca91a86,stores,146,IT-0006,Safety Goggles (Clear),pcs,CONSUME,-2.00,-2.00,pcs,23.00,19-Nov-2025 20:53,UTC,2025-11-19 20:53:00,,WO-2025-011,1,Engine room maintenance
942,7440571a-841a-11ed-aa7c-7003bca91a86,chemicals,162,CH-0002,Lube Oil Treatment Chemical,ltr,CONSUME,-8.00,-8.00,ltr,0.00,19-Nov-2025 20:34,UTC,2025-11-19 20:34:00,,WO-2025-007,1,Monthly routine usage
1412,7440571a-841a-11ed-aa7c-7003bca91a86,lubes,155,LU-0005,Hydraulic Oil,ltr,CONSUME,-5.00,-5.00,ltr,33.00,19-Nov-2025 18:18,UTC,2025-11-19 18:18:00,,WO-2025-002,1,Scheduled overhaul requirement
941,7440571a-841a-11ed-aa7c-7003bca91a86,chemicals,170,CH-0010,Hand Cleaning Chemical (Industrial Soap),ltr,CONSUME,-8.00,-8.00,ltr,15.00,19-Nov-2025 17:18,UTC,2025-11-19 17:18:00,,WO-2025-011,1,Engine room maintenance
4005,7440571a-841a-11ed-aa7c-7003bca91a86,lubes,152,LU-0002,Main Engine System Oil,ltr,CONSUME,-284.70,-284.70,ltr,0.00,19-Nov-2025 13:55,UTC,2025-11-19 13:55:00,,,228b5256-5bd2-4bf3-826f-c6fe76571449,Monthly ME system oil top-up - 284.7 ltr
4006,7440571a-841a-11ed-aa7c-7003bca91a86,lubes,153,LU-0003,Auxiliary Engine Lube Oil,ltr,CONSUME,-178.90,-178.90,ltr,0.00,19-Nov-2025 13:55,UTC,2025-11-19 13:55:00,,,056a433e-b880-43c6-9d59-b1cfe71a4014,Monthly AE lube oil top-up - 178.9 ltr
940,7440571a-841a-11ed-aa7c-7003bca91a86,stores,145,IT-0005,Welding Electrodes (General Purpose),pcs,CONSUME,-3.00,-3.00,pcs,6.00,19-Nov-2025 12:39,UTC,2025-11-19 12:39:00,,WO-2025-010,1,Accommodation maintenance
939,7440571a-841a-11ed-aa7c-7003bca91a86,chemicals,166,CH-0006,Tank Cleaning Chemical (Alkaline),ltr,CONSUME,-3.00,-3.00,ltr,17.00,19-Nov-2025 08:50,UTC,2025-11-19 08:50:00,,WO-2025-007,1,Emergency repair usage
3855,7440571a-841a-11ed-aa7c-7003bca91a86,lubes,151,LU-0001,Main Engine Cylinder Oil,ltr,CONSUME,-69.20,-69.20,ltr,0.00,19-Nov-2025 06:46,UTC,2025-11-19 06:46:00,,,228b5256-5bd2-4bf3-826f-c6fe76571449,Daily cylinder oil consumption - 69.2 ltr
1411,7440571a-841a-11ed-aa7c-7003bca91a86,lubes,154,LU-0004,Turbocharger Lube Oil,ltr,RECEIVE,26.00,26.00,ltr,65.00,18-Nov-2025 11:14,UTC,2025-11-18 11:14:00,Rotterdam,PO-2025-102,1,Quarterly supply order
1410,7440571a-841a-11ed-aa7c-7003bca91a86,lubes,155,LU-0005,Hydraulic Oil,ltr,RECEIVE,18.00,18.00,ltr,51.00,18-Nov-2025 08:36,UTC,2025-11-18 08:36:00,Shanghai,PO-2025-101,1,Quarterly supply order
3854,7440571a-841a-11ed-aa7c-7003bca91a86,lubes,151,LU-0001,Main Engine Cylinder Oil,ltr,CONSUME,-73.30,-73.30,ltr,0.00,18-Nov-2025 06:37,UTC,2025-11-18 06:37:00,,,6084f3b8-85dc-462a-b045-111d2b2e6d0e,Daily cylinder oil consumption - 73.3 ltr
1409,7440571a-841a-11ed-aa7c-7003bca91a86,lubes,154,LU-0004,Turbocharger Lube Oil,ltr,CONSUME,-11.00,-11.00,ltr,39.00,17-Nov-2025 10:22,UTC,2025-11-17 10:22:00,,WO-2025-004,1,Engine room maintenance
3853,7440571a-841a-11ed-aa7c-7003bca91a86,lubes,151,LU-0001,Main Engine Cylinder Oil,ltr,CONSUME,-120.00,-120.00,ltr,0.00,17-Nov-2025 09:05,UTC,2025-11-17 09:05:00,,,480b40d0-04bd-4590-a936-2f879b867977,Daily cylinder oil consumption - 120.0 ltr
938,7440571a-841a-11ed-aa7c-7003bca91a86,chemicals,169,CH-0009,Sewage Treatment Plant Chemical,ltr,CONSUME,-2.00,-2.00,ltr,22.00,17-Nov-2025 07:34,UTC,2025-11-17 07:34:00,,WO-2025-009,1,Accommodation maintenance
2408,7440571a-841a-11ed-aa7c-7003bca91a86,chemicals,170,CH-0010,Hand Cleaning Chemical (Industrial Soap),ltr,CONSUME,-1.08,-1.08,ltr,0.00,17-Nov-2025 00:00,UTC,2025-11-17 00:00:00,,,056a433e-b880-43c6-9d59-b1cfe71a4014,Weekly chemical consumption
2406,7440571a-841a-11ed-aa7c-7003bca91a86,chemicals,161,CH-0001,Fuel Oil Treatment Chemical,ltr,CONSUME,-0.12,-0.12,ltr,0.00,17-Nov-2025 00:00,UTC,2025-11-17 00:00:00,,,480b40d0-04bd-4590-a936-2f879b867977,Weekly chemical consumption
2407,7440571a-841a-11ed-aa7c-7003bca91a86,chemicals,163,CH-0003,Boiler Water Treatment Chemical,ltr,CONSUME,-0.86,-0.86,ltr,0.00,17-Nov-2025 00:00,UTC,2025-11-17 00:00:00,,,6084f3b8-85dc-462a-b045-111d2b2e6d0e,Weekly chemical consumption
1408,7440571a-841a-11ed-aa7c-7003bca91a86,lubes,151,LU-0001,Main Engine Cylinder Oil,ltr,CONSUME,-10.00,-10.00,ltr,11.00,16-Nov-2025 19:55,UTC,2025-11-16 19:55:00,,WO-2025-002,1,Routine maintenance consumption
1407,7440571a-841a-11ed-aa7c-7003bca91a86,lubes,151,LU-0001,Main Engine Cylinder Oil,ltr,RECEIVE,21.00,21.00,ltr,23.00,16-Nov-2025 13:23,UTC,2025-11-16 13:23:00,Colombo,PO-2025-103,1,Quarterly supply order
1406,7440571a-841a-11ed-aa7c-7003bca91a86,lubes,151,LU-0001,Main Engine Cylinder Oil,ltr,CONSUME,-9.00,-9.00,ltr,2.00,16-Nov-2025 10:46,UTC,2025-11-16 10:46:00,,WO-2025-003,1,Regular operational consumption
3852,7440571a-841a-11ed-aa7c-7003bca91a86,lubes,151,LU-0001,Main Engine Cylinder Oil,ltr,CONSUME,-69.60,-69.60,ltr,0.00,16-Nov-2025 07:42,UTC,2025-11-16 07:42:00,,,228b5256-5bd2-4bf3-826f-c6fe76571449,Daily cylinder oil consumption - 69.6 ltr
937,7440571a-841a-11ed-aa7c-7003bca91a86,chemicals,165,CH-0005,Potable Water Chlorination Chemical,ltr,CONSUME,-7.00,-7.00,ltr,21.00,15-Nov-2025 19:29,UTC,2025-11-15 19:29:00,,WO-2025-007,1,Hull maintenance work
1405,7440571a-841a-11ed-aa7c-7003bca91a86,lubes,158,LU-0008,Compressor Oil,ltr,RECEIVE,23.00,23.00,ltr,23.00,15-Nov-2025 10:01,UTC,2025-11-15 10:01:00,Shanghai,PO-2025-102,1,Requisition fulfilled
1404,7440571a-841a-11ed-aa7c-7003bca91a86,lubes,156,LU-0006,Gear Oil,ltr,RECEIVE,38.00,38.00,ltr,79.00,15-Nov-2025 09:29,UTC,2025-11-15 09:29:00,Rotterdam,PO-2025-102,1,Quarterly supply order
936,7440571a-841a-11ed-aa7c-7003bca91a86,chemicals,167,CH-0007,Degreasing Chemical,ltr,CONSUME,-8.00,-8.00,ltr,6.00,15-Nov-2025 08:34,UTC,2025-11-15 08:34:00,,WO-2025-009,1,Safety equipment replenishment
3851,7440571a-841a-11ed-aa7c-7003bca91a86,lubes,151,LU-0001,Main Engine Cylinder Oil,ltr,CONSUME,-103.20,-103.20,ltr,0.00,15-Nov-2025 07:39,UTC,2025-11-15 07:39:00,,,480b40d0-04bd-4590-a936-2f879b867977,Daily cylinder oil consumption - 103.2 ltr
2401,7440571a-841a-11ed-aa7c-7003bca91a86,stores,147,IT-0007,Ear Plugs (Disposable),pcs,CONSUME,-2.44,-2.44,pcs,0.00,15-Nov-2025 00:00,UTC,2025-11-15 00:00:00,,,480b40d0-04bd-4590-a936-2f879b867977,General stores consumption
2402,7440571a-841a-11ed-aa7c-7003bca91a86,stores,148,IT-0008,Dust Mask / Respirator Mask,pcs,CONSUME,-3.69,-3.69,pcs,0.00,15-Nov-2025 00:00,UTC,2025-11-15 00:00:00,,,056a433e-b880-43c6-9d59-b1cfe71a4014,General stores consumption
2403,7440571a-841a-11ed-aa7c-7003bca91a86,stores,171,OT-0001,Steel surface protection,ltr,CONSUME,-2.97,-2.97,ltr,0.00,15-Nov-2025 00:00,UTC,2025-11-15 00:00:00,,,480b40d0-04bd-4590-a936-2f879b867977,General stores consumption
2404,7440571a-841a-11ed-aa7c-7003bca91a86,stores,175,OT-0005,External structures,ltr,CONSUME,-1.18,-1.18,ltr,0.00,15-Nov-2025 00:00,UTC,2025-11-15 00:00:00,,,480b40d0-04bd-4590-a936-2f879b867977,General stores consumption
2405,7440571a-841a-11ed-aa7c-7003bca91a86,stores,178,OT-0008,"Pipes, tanks, machinery",ltr,CONSUME,-3.23,-3.23,ltr,0.00,15-Nov-2025 00:00,UTC,2025-11-15 00:00:00,,,056a433e-b880-43c6-9d59-b1cfe71a4014,General stores consumption
935,7440571a-841a-11ed-aa7c-7003bca91a86,chemicals,161,CH-0001,Fuel Oil Treatment Chemical,ltr,CONSUME,-7.00,-7.00,ltr,7.00,14-Nov-2025 22:05,UTC,2025-11-14 22:05:00,,WO-2025-012,1,Engine room maintenance
1403,7440571a-841a-11ed-aa7c-7003bca91a86,lubes,160,LU-0010,Multipurpose Grease,ltr,CONSUME,-6.00,-6.00,ltr,21.00,14-Nov-2025 13:59,UTC,2025-11-14 13:59:00,,WO-2025-004,1,Monthly routine usage
934,7440571a-841a-11ed-aa7c-7003bca91a86,chemicals,162,CH-0002,Lube Oil Treatment Chemical,ltr,CONSUME,-8.00,-8.00,ltr,8.00,14-Nov-2025 11:22,UTC,2025-11-14 11:22:00,,WO-2025-006,1,Regular operational consumption
933,7440571a-841a-11ed-aa7c-7003bca91a86,chemicals,163,CH-0003,Boiler Water Treatment Chemical,ltr,CONSUME,-5.00,-5.00,ltr,17.00,14-Nov-2025 11:03,UTC,2025-11-14 11:03:00,,WO-2025-011,1,Machinery space maintenance
3850,7440571a-841a-11ed-aa7c-7003bca91a86,lubes,151,LU-0001,Main Engine Cylinder Oil,ltr,CONSUME,-61.90,-61.90,ltr,0.00,14-Nov-2025 07:45,UTC,2025-11-14 07:45:00,,,6084f3b8-85dc-462a-b045-111d2b2e6d0e,Daily cylinder oil consumption - 61.9 ltr
932,7440571a-841a-11ed-aa7c-7003bca91a86,chemicals,168,CH-0008,Rust Remover / Descaling Chemical,ltr,CONSUME,-6.00,-6.00,ltr,14.00,14-Nov-2025 06:39,UTC,2025-11-14 06:39:00,,WO-2025-001,1,Accommodation maintenance
931,7440571a-841a-11ed-aa7c-7003bca91a86,chemicals,161,CH-0001,Fuel Oil Treatment Chemical,ltr,CONSUME,-7.00,-7.00,ltr,0.00,13-Nov-2025 17:09,UTC,2025-11-13 17:09:00,,WO-2025-005,1,Monthly routine usage
930,7440571a-841a-11ed-aa7c-7003bca91a86,stores,147,IT-0007,Ear Plugs (Disposable),pcs,CONSUME,-1.00,-1.00,pcs,14.00,13-Nov-2025 07:39,UTC,2025-11-13 07:39:00,,WO-2025-001,1,Accommodation maintenance
3849,7440571a-841a-11ed-aa7c-7003bca91a86,lubes,151,LU-0001,Main Engine Cylinder Oil,ltr,CONSUME,-120.00,-120.00,ltr,0.00,13-Nov-2025 06:04,UTC,2025-11-13 06:04:00,,,056a433e-b880-43c6-9d59-b1cfe71a4014,Daily cylinder oil consumption - 120.0 ltr
1402,7440571a-841a-11ed-aa7c-7003bca91a86,lubes,153,LU-0003,Auxiliary Engine Lube Oil,ltr,CONSUME,-5.00,-5.00,ltr,19.00,12-Nov-2025 21:59,UTC,2025-11-12 21:59:00,,WO-2025-005,1,Engine room maintenance
929,7440571a-841a-11ed-aa7c-7003bca91a86,stores,147,IT-0007,Ear Plugs (Disposable),pcs,CONSUME,-3.00,-3.00,pcs,15.00,12-Nov-2025 19:07,UTC,2025-11-12 19:07:00,,WO-2025-008,1,Engine room maintenance
928,7440571a-841a-11ed-aa7c-7003bca91a86,chemicals,167,CH-0007,Degreasing Chemical,ltr,CONSUME,-2.00,-2.00,ltr,20.00,12-Nov-2025 17:47,UTC,2025-11-12 17:47:00,,WO-2025-003,1,Deck maintenance work
927,7440571a-841a-11ed-aa7c-7003bca91a86,stores,142,IT-0002,Jeevan,pcs,CONSUME,-4.00,-4.00,pcs,25.00,12-Nov-2025 16:42,UTC,2025-11-12 16:42:00,,WO-2025-007,1,Safety equipment replenishment
926,7440571a-841a-11ed-aa7c-7003bca91a86,stores,146,IT-0006,Safety Goggles (Clear),pcs,CONSUME,-3.00,-3.00,pcs,25.00,12-Nov-2025 14:48,UTC,2025-11-12 14:48:00,,WO-2025-001,1,Navigation equipment maintenance
925,7440571a-841a-11ed-aa7c-7003bca91a86,stores,148,IT-0008,Dust Mask / Respirator Mask,pcs,CONSUME,-2.00,-2.00,pcs,34.00,12-Nov-2025 08:18,UTC,2025-11-12 08:18:00,,WO-2025-004,1,Navigation equipment maintenance
924,7440571a-841a-11ed-aa7c-7003bca91a86,chemicals,163,CH-0003,Boiler Water Treatment Chemical,ltr,CONSUME,-2.00,-2.00,ltr,22.00,12-Nov-2025 07:57,UTC,2025-11-12 07:57:00,,WO-2025-008,1,Scheduled overhaul requirement
3848,7440571a-841a-11ed-aa7c-7003bca91a86,lubes,151,LU-0001,Main Engine Cylinder Oil,ltr,CONSUME,-98.30,-98.30,ltr,0.00,12-Nov-2025 07:11,UTC,2025-11-12 07:11:00,,,056a433e-b880-43c6-9d59-b1cfe71a4014,Daily cylinder oil consumption - 98.3 ltr
923,7440571a-841a-11ed-aa7c-7003bca91a86,chemicals,170,CH-0010,Hand Cleaning Chemical (Industrial Soap),ltr,CONSUME,-4.00,-4.00,ltr,11.00,11-Nov-2025 18:39,UTC,2025-11-11 18:39:00,,WO-2025-006,1,Quarterly maintenance requirement
922,7440571a-841a-11ed-aa7c-7003bca91a86,stores,145,IT-0005,Welding Electrodes (General Purpose),pcs,CONSUME,-5.00,-5.00,pcs,11.00,11-Nov-2025 15:35,UTC,2025-11-11 15:35:00,,WO-2025-003,1,Engine room maintenance
921,7440571a-841a-11ed-aa7c-7003bca91a86,chemicals,164,CH-0004,Cooling Water Treatment Chemical,ltr,CONSUME,-2.00,-2.00,ltr,0.00,11-Nov-2025 13:37,UTC,2025-11-11 13:37:00,,WO-2025-007,1,Navigation equipment maintenance
920,7440571a-841a-11ed-aa7c-7003bca91a86,stores,149,IT-0009,Cotton Waste / Cleaning Rags,pcs,CONSUME,-2.00,-2.00,pcs,32.00,11-Nov-2025 10:50,UTC,2025-11-11 10:50:00,,WO-2025-001,1,Quarterly maintenance requirement
3847,7440571a-841a-11ed-aa7c-7003bca91a86,lubes,151,LU-0001,Main Engine Cylinder Oil,ltr,CONSUME,-119.50,-119.50,ltr,0.00,11-Nov-2025 08:18,UTC,2025-11-11 08:18:00,,,056a433e-b880-43c6-9d59-b1cfe71a4014,Daily cylinder oil consumption - 119.5 ltr
919,7440571a-841a-11ed-aa7c-7003bca91a86,stores,146,IT-0006,Safety Goggles (Clear),pcs,CONSUME,-3.00,-3.00,pcs,28.00,10-Nov-2025 07:31,UTC,2025-11-10 07:31:00,,WO-2025-002,1,Safety equipment replenishment
3846,7440571a-841a-11ed-aa7c-7003bca91a86,lubes,151,LU-0001,Main Engine Cylinder Oil,ltr,CONSUME,-120.00,-120.00,ltr,0.00,10-Nov-2025 07:16,UTC,2025-11-10 07:16:00,,,228b5256-5bd2-4bf3-826f-c6fe76571449,Daily cylinder oil consumption - 120.0 ltr
918,7440571a-841a-11ed-aa7c-7003bca91a86,stores,141,IT-0001,Safety Gloves – Cotton,pcs,CONSUME,-1.00,-1.00,pcs,19.00,10-Nov-2025 06:45,UTC,2025-11-10 06:45:00,,WO-2025-011,1,Emergency repair usage
2399,7440571a-841a-11ed-aa7c-7003bca91a86,chemicals,169,CH-0009,Sewage Treatment Plant Chemical,ltr,CONSUME,-0.69,-0.69,ltr,0.00,10-Nov-2025 00:00,UTC,2025-11-10 00:00:00,,,480b40d0-04bd-4590-a936-2f879b867977,Weekly chemical consumption
2396,7440571a-841a-11ed-aa7c-7003bca91a86,chemicals,163,CH-0003,Boiler Water Treatment Chemical,ltr,CONSUME,-2.10,-2.10,ltr,0.00,10-Nov-2025 00:00,UTC,2025-11-10 00:00:00,,,6084f3b8-85dc-462a-b045-111d2b2e6d0e,Weekly chemical consumption
2397,7440571a-841a-11ed-aa7c-7003bca91a86,chemicals,167,CH-0007,Degreasing Chemical,ltr,CONSUME,-0.82,-0.82,ltr,0.00,10-Nov-2025 00:00,UTC,2025-11-10 00:00:00,,,6084f3b8-85dc-462a-b045-111d2b2e6d0e,Weekly chemical consumption
2395,7440571a-841a-11ed-aa7c-7003bca91a86,chemicals,161,CH-0001,Fuel Oil Treatment Chemical,ltr,CONSUME,-1.00,-1.00,ltr,0.00,10-Nov-2025 00:00,UTC,2025-11-10 00:00:00,,,228b5256-5bd2-4bf3-826f-c6fe76571449,Weekly chemical consumption
2400,7440571a-841a-11ed-aa7c-7003bca91a86,chemicals,170,CH-0010,Hand Cleaning Chemical (Industrial Soap),ltr,CONSUME,-1.95,-1.95,ltr,0.00,10-Nov-2025 00:00,UTC,2025-11-10 00:00:00,,,056a433e-b880-43c6-9d59-b1cfe71a4014,Weekly chemical consumption
2398,7440571a-841a-11ed-aa7c-7003bca91a86,chemicals,168,CH-0008,Rust Remover / Descaling Chemical,ltr,CONSUME,-1.61,-1.61,ltr,0.00,10-Nov-2025 00:00,UTC,2025-11-10 00:00:00,,,056a433e-b880-43c6-9d59-b1cfe71a4014,Weekly chemical consumption
1401,7440571a-841a-11ed-aa7c-7003bca91a86,lubes,158,LU-0008,Compressor Oil,ltr,CONSUME,-7.00,-7.00,ltr,12.00,09-Nov-2025 17:56,UTC,2025-11-09 17:56:00,,WO-2025-003,1,Scheduled overhaul requirement
1400,7440571a-841a-11ed-aa7c-7003bca91a86,lubes,157,LU-0007,Stern Tube Oil,ltr,CONSUME,-7.00,-7.00,ltr,23.00,09-Nov-2025 15:40,UTC,2025-11-09 15:40:00,,WO-2025-006,1,Regular operational consumption
917,7440571a-841a-11ed-aa7c-7003bca91a86,stores,145,IT-0005,Welding Electrodes (General Purpose),pcs,CONSUME,-4.00,-4.00,pcs,16.00,09-Nov-2025 10:05,UTC,2025-11-09 10:05:00,,WO-2025-004,1,Scheduled overhaul requirement
3845,7440571a-841a-11ed-aa7c-7003bca91a86,lubes,151,LU-0001,Main Engine Cylinder Oil,ltr,CONSUME,-95.40,-95.40,ltr,0.00,09-Nov-2025 08:36,UTC,2025-11-09 08:36:00,,,228b5256-5bd2-4bf3-826f-c6fe76571449,Daily cylinder oil consumption - 95.4 ltr
1399,7440571a-841a-11ed-aa7c-7003bca91a86,lubes,153,LU-0003,Auxiliary Engine Lube Oil,ltr,CONSUME,-12.00,-12.00,ltr,7.00,09-Nov-2025 08:32,UTC,2025-11-09 08:32:00,,WO-2025-003,1,Monthly routine usage
916,7440571a-841a-11ed-aa7c-7003bca91a86,chemicals,163,CH-0003,Boiler Water Treatment Chemical,ltr,CONSUME,-3.00,-3.00,ltr,24.00,09-Nov-2025 08:10,UTC,2025-11-09 08:10:00,,WO-2025-005,1,Voyage preparation consumption
3844,7440571a-841a-11ed-aa7c-7003bca91a86,lubes,151,LU-0001,Main Engine Cylinder Oil,ltr,CONSUME,-93.00,-93.00,ltr,0.00,08-Nov-2025 09:19,UTC,2025-11-08 09:19:00,,,056a433e-b880-43c6-9d59-b1cfe71a4014,Daily cylinder oil consumption - 93.0 ltr
1398,7440571a-841a-11ed-aa7c-7003bca91a86,lubes,151,LU-0001,Main Engine Cylinder Oil,ltr,CONSUME,-9.00,-9.00,ltr,21.00,08-Nov-2025 06:18,UTC,2025-11-08 06:18:00,,WO-2025-005,1,Routine maintenance consumption
915,7440571a-841a-11ed-aa7c-7003bca91a86,stores,147,IT-0007,Ear Plugs (Disposable),pcs,CONSUME,-3.00,-3.00,pcs,11.00,07-Nov-2025 22:50,UTC,2025-11-07 22:50:00,,WO-2025-005,1,Quarterly maintenance requirement
914,7440571a-841a-11ed-aa7c-7003bca91a86,stores,150,IT-0010,Emery Paper / Abrasive Sheet,pcs,CONSUME,-1.00,-1.00,pcs,28.00,07-Nov-2025 21:50,UTC,2025-11-07 21:50:00,,WO-2025-010,1,Machinery space maintenance
913,7440571a-841a-11ed-aa7c-7003bca91a86,others,179,OT-0009,Weather decks,ltr,CONSUME,-1.00,-1.00,ltr,56.00,07-Nov-2025 17:34,UTC,2025-11-07 17:34:00,,WO-2025-011,1,Machinery space maintenance
912,7440571a-841a-11ed-aa7c-7003bca91a86,chemicals,168,CH-0008,Rust Remover / Descaling Chemical,ltr,CONSUME,-6.00,-6.00,ltr,8.00,07-Nov-2025 14:05,UTC,2025-11-07 14:05:00,,WO-2025-008,1,Port state inspection preparation
911,7440571a-841a-11ed-aa7c-7003bca91a86,stores,144,IT-0004,Cutting Disc (Angle Grinder),pcs,CONSUME,-4.00,-4.00,pcs,38.00,07-Nov-2025 12:32,UTC,2025-11-07 12:32:00,,WO-2025-012,1,Port state inspection preparation
3843,7440571a-841a-11ed-aa7c-7003bca91a86,lubes,151,LU-0001,Main Engine Cylinder Oil,ltr,CONSUME,-111.20,-111.20,ltr,0.00,07-Nov-2025 07:02,UTC,2025-11-07 07:02:00,,,228b5256-5bd2-4bf3-826f-c6fe76571449,Daily cylinder oil consumption - 111.2 ltr
3842,7440571a-841a-11ed-aa7c-7003bca91a86,lubes,151,LU-0001,Main Engine Cylinder Oil,ltr,CONSUME,-116.70,-116.70,ltr,0.00,06-Nov-2025 09:31,UTC,2025-11-06 09:31:00,,,6084f3b8-85dc-462a-b045-111d2b2e6d0e,Daily cylinder oil consumption - 116.7 ltr
910,7440571a-841a-11ed-aa7c-7003bca91a86,stores,149,IT-0009,Cotton Waste / Cleaning Rags,pcs,CONSUME,-4.00,-4.00,pcs,34.00,05-Nov-2025 20:52,UTC,2025-11-05 20:52:00,,WO-2025-003,1,Port state inspection preparation
909,7440571a-841a-11ed-aa7c-7003bca91a86,stores,141,IT-0001,Safety Gloves – Cotton,pcs,CONSUME,-4.00,-4.00,pcs,12.00,05-Nov-2025 14:42,UTC,2025-11-05 14:42:00,,WO-2025-004,1,Scheduled overhaul requirement
3841,7440571a-841a-11ed-aa7c-7003bca91a86,lubes,151,LU-0001,Main Engine Cylinder Oil,ltr,CONSUME,-99.80,-99.80,ltr,0.00,05-Nov-2025 09:08,UTC,2025-11-05 09:08:00,,,6084f3b8-85dc-462a-b045-111d2b2e6d0e,Daily cylinder oil consumption - 99.8 ltr
908,7440571a-841a-11ed-aa7c-7003bca91a86,chemicals,165,CH-0005,Potable Water Chlorination Chemical,ltr,CONSUME,-8.00,-8.00,ltr,8.00,04-Nov-2025 21:51,UTC,2025-11-04 21:51:00,,WO-2025-010,1,Hull maintenance work
907,7440571a-841a-11ed-aa7c-7003bca91a86,chemicals,167,CH-0007,Degreasing Chemical,ltr,CONSUME,-3.00,-3.00,ltr,22.00,04-Nov-2025 19:51,UTC,2025-11-04 19:51:00,,WO-2025-010,1,Quarterly maintenance requirement
1397,7440571a-841a-11ed-aa7c-7003bca91a86,lubes,156,LU-0006,Gear Oil,ltr,CONSUME,-5.00,-5.00,ltr,41.00,04-Nov-2025 17:52,UTC,2025-11-04 17:52:00,,WO-2025-006,1,Routine maintenance consumption
906,7440571a-841a-11ed-aa7c-7003bca91a86,chemicals,170,CH-0010,Hand Cleaning Chemical (Industrial Soap),ltr,CONSUME,-4.00,-4.00,ltr,23.00,04-Nov-2025 11:43,UTC,2025-11-04 11:43:00,,WO-2025-012,1,Safety equipment replenishment
3840,7440571a-841a-11ed-aa7c-7003bca91a86,lubes,151,LU-0001,Main Engine Cylinder Oil,ltr,CONSUME,-74.50,-74.50,ltr,0.00,04-Nov-2025 08:03,UTC,2025-11-04 08:03:00,,,6084f3b8-85dc-462a-b045-111d2b2e6d0e,Daily cylinder oil consumption - 74.5 ltr
905,7440571a-841a-11ed-aa7c-7003bca91a86,stores,142,IT-0002,Jeevan,pcs,CONSUME,-1.00,-1.00,pcs,16.00,04-Nov-2025 06:11,UTC,2025-11-04 06:11:00,,WO-2025-006,1,Routine maintenance consumption
904,7440571a-841a-11ed-aa7c-7003bca91a86,others,174,OT-0004,Waterline area,ltr,CONSUME,-3.00,-3.00,ltr,57.00,03-Nov-2025 16:21,UTC,2025-11-03 16:21:00,,WO-2025-003,1,Deck maintenance work
903,7440571a-841a-11ed-aa7c-7003bca91a86,chemicals,163,CH-0003,Boiler Water Treatment Chemical,ltr,CONSUME,-7.00,-7.00,ltr,10.00,03-Nov-2025 12:35,UTC,2025-11-03 12:35:00,,WO-2025-007,1,Navigation equipment maintenance
3839,7440571a-841a-11ed-aa7c-7003bca91a86,lubes,151,LU-0001,Main Engine Cylinder Oil,ltr,CONSUME,-76.60,-76.60,ltr,0.00,03-Nov-2025 08:56,UTC,2025-11-03 08:56:00,,,056a433e-b880-43c6-9d59-b1cfe71a4014,Daily cylinder oil consumption - 76.6 ltr
4081,7440571a-841a-11ed-aa7c-7003bca91a86,chemicals,163,CH-0003,Boiler Water Treatment Chemical,ltr,CONSUME,-14.10,-14.10,ltr,4820.30,03-Nov-2025 08:13,UTC,2025-11-03 08:13:00,,,480b40d0-04bd-4590-a936-2f879b867977,Chemical consumption - Boiler Water Treatment Chemical
2393,7440571a-841a-11ed-aa7c-7003bca91a86,chemicals,169,CH-0009,Sewage Treatment Plant Chemical,ltr,CONSUME,-1.99,-1.99,ltr,0.00,03-Nov-2025 00:00,UTC,2025-11-03 00:00:00,,,480b40d0-04bd-4590-a936-2f879b867977,Weekly chemical consumption
2392,7440571a-841a-11ed-aa7c-7003bca91a86,chemicals,168,CH-0008,Rust Remover / Descaling Chemical,ltr,CONSUME,-1.03,-1.03,ltr,0.00,03-Nov-2025 00:00,UTC,2025-11-03 00:00:00,,,480b40d0-04bd-4590-a936-2f879b867977,Weekly chemical consumption
2391,7440571a-841a-11ed-aa7c-7003bca91a86,chemicals,165,CH-0005,Potable Water Chlorination Chemical,ltr,CONSUME,-1.13,-1.13,ltr,0.00,03-Nov-2025 00:00,UTC,2025-11-03 00:00:00,,,056a433e-b880-43c6-9d59-b1cfe71a4014,Weekly chemical consumption
2390,7440571a-841a-11ed-aa7c-7003bca91a86,chemicals,164,CH-0004,Cooling Water Treatment Chemical,ltr,CONSUME,-1.84,-1.84,ltr,0.00,03-Nov-2025 00:00,UTC,2025-11-03 00:00:00,,,056a433e-b880-43c6-9d59-b1cfe71a4014,Weekly chemical consumption
2389,7440571a-841a-11ed-aa7c-7003bca91a86,chemicals,161,CH-0001,Fuel Oil Treatment Chemical,ltr,CONSUME,-0.40,-0.40,ltr,0.00,03-Nov-2025 00:00,UTC,2025-11-03 00:00:00,,,6084f3b8-85dc-462a-b045-111d2b2e6d0e,Weekly chemical consumption
2394,7440571a-841a-11ed-aa7c-7003bca91a86,chemicals,170,CH-0010,Hand Cleaning Chemical (Industrial Soap),ltr,CONSUME,-0.22,-0.22,ltr,0.00,03-Nov-2025 00:00,UTC,2025-11-03 00:00:00,,,228b5256-5bd2-4bf3-826f-c6fe76571449,Weekly chemical consumption
1396,7440571a-841a-11ed-aa7c-7003bca91a86,lubes,158,LU-0008,Compressor Oil,ltr,CONSUME,-10.00,-10.00,ltr,0.00,02-Nov-2025 18:06,UTC,2025-11-02 18:06:00,,WO-2025-004,1,Engine room maintenance
1395,7440571a-841a-11ed-aa7c-7003bca91a86,lubes,152,LU-0002,Main Engine System Oil,ltr,CONSUME,-10.00,-10.00,ltr,64.00,02-Nov-2025 16:44,UTC,2025-11-02 16:44:00,,WO-2025-006,1,Monthly routine usage
1394,7440571a-841a-11ed-aa7c-7003bca91a86,lubes,155,LU-0005,Hydraulic Oil,ltr,CONSUME,-7.00,-7.00,ltr,38.00,02-Nov-2025 14:46,UTC,2025-11-02 14:46:00,,WO-2025-003,1,Monthly routine usage
902,7440571a-841a-11ed-aa7c-7003bca91a86,chemicals,166,CH-0006,Tank Cleaning Chemical (Alkaline),ltr,CONSUME,-6.00,-6.00,ltr,11.00,02-Nov-2025 14:30,UTC,2025-11-02 14:30:00,,WO-2025-005,1,Engine room maintenance
901,7440571a-841a-11ed-aa7c-7003bca91a86,stores,141,IT-0001,Safety Gloves – Cotton,pcs,CONSUME,-5.00,-5.00,pcs,20.00,02-Nov-2025 11:37,UTC,2025-11-02 11:37:00,,WO-2025-007,1,Regular operational consumption
3838,7440571a-841a-11ed-aa7c-7003bca91a86,lubes,151,LU-0001,Main Engine Cylinder Oil,ltr,CONSUME,-113.20,-113.20,ltr,0.00,02-Nov-2025 07:45,UTC,2025-11-02 07:45:00,,,228b5256-5bd2-4bf3-826f-c6fe76571449,Daily cylinder oil consumption - 113.2 ltr
900,7440571a-841a-11ed-aa7c-7003bca91a86,chemicals,161,CH-0001,Fuel Oil Treatment Chemical,ltr,CONSUME,-4.00,-4.00,ltr,14.00,02-Nov-2025 06:15,UTC,2025-11-02 06:15:00,,WO-2025-006,1,Machinery space maintenance
1393,7440571a-841a-11ed-aa7c-7003bca91a86,lubes,157,LU-0007,Stern Tube Oil,ltr,CONSUME,-7.00,-7.00,ltr,30.00,01-Nov-2025 19:54,UTC,2025-11-01 19:54:00,,WO-2025-005,1,Scheduled overhaul requirement
4080,7440571a-841a-11ed-aa7c-7003bca91a86,chemicals,169,CH-0009,Sewage Treatment Plant Chemical,ltr,CONSUME,-36.20,-36.20,ltr,4820.50,01-Nov-2025 13:19,UTC,2025-11-01 13:19:00,,,228b5256-5bd2-4bf3-826f-c6fe76571449,Chemical consumption - Sewage Treatment Plant Chemical
3837,7440571a-841a-11ed-aa7c-7003bca91a86,lubes,151,LU-0001,Main Engine Cylinder Oil,ltr,CONSUME,-89.00,-89.00,ltr,0.00,01-Nov-2025 07:01,UTC,2025-11-01 07:01:00,,,6084f3b8-85dc-462a-b045-111d2b2e6d0e,Daily cylinder oil consumption - 89.0 ltr
2385,7440571a-841a-11ed-aa7c-7003bca91a86,stores,145,IT-0005,Welding Electrodes (General Purpose),pcs,CONSUME,-2.52,-2.52,pcs,0.00,01-Nov-2025 00:00,UTC,2025-11-01 00:00:00,,,480b40d0-04bd-4590-a936-2f879b867977,General stores consumption
2384,7440571a-841a-11ed-aa7c-7003bca91a86,stores,144,IT-0004,Cutting Disc (Angle Grinder),pcs,CONSUME,-3.96,-3.96,pcs,0.00,01-Nov-2025 00:00,UTC,2025-11-01 00:00:00,,,056a433e-b880-43c6-9d59-b1cfe71a4014,General stores consumption
2387,7440571a-841a-11ed-aa7c-7003bca91a86,stores,172,OT-0002,"Ballast tanks, machinery spaces",ltr,CONSUME,-2.65,-2.65,ltr,0.00,01-Nov-2025 00:00,UTC,2025-11-01 00:00:00,,,056a433e-b880-43c6-9d59-b1cfe71a4014,General stores consumption
2386,7440571a-841a-11ed-aa7c-7003bca91a86,stores,149,IT-0009,Cotton Waste / Cleaning Rags,pcs,CONSUME,-1.09,-1.09,pcs,0.00,01-Nov-2025 00:00,UTC,2025-11-01 00:00:00,,,6084f3b8-85dc-462a-b045-111d2b2e6d0e,General stores consumption
2388,7440571a-841a-11ed-aa7c-7003bca91a86,stores,173,OT-0003,Hull below waterline,ltr,CONSUME,-1.90,-1.90,ltr,0.00,01-Nov-2025 00:00,UTC,2025-11-01 00:00:00,,,480b40d0-04bd-4590-a936-2f879b867977,General stores consumption
1392,7440571a-841a-11ed-aa7c-7003bca91a86,lubes,151,LU-0001,Main Engine Cylinder Oil,ltr,RECEIVE,20.00,20.00,ltr,30.00,31-Oct-2025 08:45,UTC,2025-10-31 08:45:00,Mumbai,PO-2025-102,1,Supply received per PO
3836,7440571a-841a-11ed-aa7c-7003bca91a86,lubes,151,LU-0001,Main Engine Cylinder Oil,ltr,CONSUME,-72.20,-72.20,ltr,0.00,31-Oct-2025 07:36,UTC,2025-10-31 07:36:00,,,6084f3b8-85dc-462a-b045-111d2b2e6d0e,Daily cylinder oil consumption - 72.2 ltr
899,7440571a-841a-11ed-aa7c-7003bca91a86,chemicals,169,CH-0009,Sewage Treatment Plant Chemical,ltr,RECEIVE,25.00,25.00,ltr,32.00,30-Oct-2025 11:09,UTC,2025-10-30 11:09:00,Singapore,PO-2025-105,1,Supplier delivery on schedule
898,7440571a-841a-11ed-aa7c-7003bca91a86,others,174,OT-0004,Waterline area,ltr,CONSUME,-1.00,-1.00,ltr,60.00,30-Oct-2025 10:52,UTC,2025-10-30 10:52:00,,WO-2025-011,1,Accommodation maintenance
897,7440571a-841a-11ed-aa7c-7003bca91a86,chemicals,163,CH-0003,Boiler Water Treatment Chemical,ltr,RECEIVE,20.00,20.00,ltr,27.00,30-Oct-2025 10:14,UTC,2025-10-30 10:14:00,Las Palmas,PO-2025-107,1,Top-up supply received
3835,7440571a-841a-11ed-aa7c-7003bca91a86,lubes,151,LU-0001,Main Engine Cylinder Oil,ltr,CONSUME,-107.20,-107.20,ltr,0.00,30-Oct-2025 09:43,UTC,2025-10-30 09:43:00,,,6084f3b8-85dc-462a-b045-111d2b2e6d0e,Daily cylinder oil consumption - 107.2 ltr
896,7440571a-841a-11ed-aa7c-7003bca91a86,stores,141,IT-0001,Safety Gloves – Cotton,pcs,CONSUME,-3.00,-3.00,pcs,10.00,30-Oct-2025 08:34,UTC,2025-10-30 08:34:00,,WO-2025-007,1,Machinery space maintenance
895,7440571a-841a-11ed-aa7c-7003bca91a86,chemicals,165,CH-0005,Potable Water Chlorination Chemical,ltr,CONSUME,-3.00,-3.00,ltr,13.00,29-Oct-2025 21:54,UTC,2025-10-29 21:54:00,,WO-2025-012,1,Machinery space maintenance
894,7440571a-841a-11ed-aa7c-7003bca91a86,stores,149,IT-0009,Cotton Waste / Cleaning Rags,pcs,CONSUME,-5.00,-5.00,pcs,28.00,29-Oct-2025 20:59,UTC,2025-10-29 20:59:00,,WO-2025-003,1,Navigation equipment maintenance
1391,7440571a-841a-11ed-aa7c-7003bca91a86,lubes,156,LU-0006,Gear Oil,ltr,CONSUME,-8.00,-8.00,ltr,46.00,29-Oct-2025 20:37,UTC,2025-10-29 20:37:00,,WO-2025-004,1,Engine room maintenance
893,7440571a-841a-11ed-aa7c-7003bca91a86,chemicals,169,CH-0009,Sewage Treatment Plant Chemical,ltr,CONSUME,-4.00,-4.00,ltr,7.00,29-Oct-2025 18:05,UTC,2025-10-29 18:05:00,,WO-2025-003,1,Engine room maintenance
892,7440571a-841a-11ed-aa7c-7003bca91a86,stores,142,IT-0002,Jeevan,pcs,RECEIVE,24.00,24.00,pcs,29.00,29-Oct-2025 11:36,UTC,2025-10-29 11:36:00,Las Palmas,PO-2025-102,1,Emergency supply received
891,7440571a-841a-11ed-aa7c-7003bca91a86,chemicals,166,CH-0006,Tank Cleaning Chemical (Alkaline),ltr,RECEIVE,20.00,20.00,ltr,20.00,29-Oct-2025 08:49,UTC,2025-10-29 08:49:00,Las Palmas,PO-2025-107,1,Emergency supply received
3834,7440571a-841a-11ed-aa7c-7003bca91a86,lubes,151,LU-0001,Main Engine Cylinder Oil,ltr,CONSUME,-112.10,-112.10,ltr,0.00,29-Oct-2025 08:23,UTC,2025-10-29 08:23:00,,,056a433e-b880-43c6-9d59-b1cfe71a4014,Daily cylinder oil consumption - 112.1 ltr
2814,7440571a-841a-11ed-aa7c-7003bca91a86,stores,156,LU-0006,Gear Oil,ltr,RECEIVE,21.98,21.98,ltr,352.72,29-Oct-2025 00:00,UTC,2025-10-29 00:00:00,Rotterdam,PO-2025-7039,228b5256-5bd2-4bf3-826f-c6fe76571449,Received at Rotterdam
2816,7440571a-841a-11ed-aa7c-7003bca91a86,stores,160,LU-0010,Multipurpose Grease,ltr,RECEIVE,16.27,16.27,ltr,400.98,29-Oct-2025 00:00,UTC,2025-10-29 00:00:00,Rotterdam,PO-2025-6197,228b5256-5bd2-4bf3-826f-c6fe76571449,Received at Rotterdam
2817,7440571a-841a-11ed-aa7c-7003bca91a86,chemicals,163,CH-0003,Boiler Water Treatment Chemical,ltr,RECEIVE,10.80,10.80,ltr,177.32,29-Oct-2025 00:00,UTC,2025-10-29 00:00:00,Rotterdam,PO-2025-5215,228b5256-5bd2-4bf3-826f-c6fe76571449,Received at Rotterdam
2818,7440571a-841a-11ed-aa7c-7003bca91a86,chemicals,167,CH-0007,Degreasing Chemical,ltr,RECEIVE,24.72,24.72,ltr,114.07,29-Oct-2025 00:00,UTC,2025-10-29 00:00:00,Rotterdam,PO-2025-5425,228b5256-5bd2-4bf3-826f-c6fe76571449,Received at Rotterdam
2819,7440571a-841a-11ed-aa7c-7003bca91a86,stores,172,OT-0002,"Ballast tanks, machinery spaces",ltr,RECEIVE,27.02,27.02,ltr,271.78,29-Oct-2025 00:00,UTC,2025-10-29 00:00:00,Rotterdam,PO-2025-0986,228b5256-5bd2-4bf3-826f-c6fe76571449,Received at Rotterdam
2820,7440571a-841a-11ed-aa7c-7003bca91a86,stores,176,OT-0006,"Exhausts, boilers, pipelines",ltr,RECEIVE,20.45,20.45,ltr,235.53,29-Oct-2025 00:00,UTC,2025-10-29 00:00:00,Rotterdam,PO-2025-7668,228b5256-5bd2-4bf3-826f-c6fe76571449,Received at Rotterdam
2821,7440571a-841a-11ed-aa7c-7003bca91a86,stores,180,OT-0010,"Pipelines, safety markings",ltr,RECEIVE,10.55,10.55,ltr,310.16,29-Oct-2025 00:00,UTC,2025-10-29 00:00:00,Rotterdam,PO-2025-1595,228b5256-5bd2-4bf3-826f-c6fe76571449,Received at Rotterdam
2822,7440571a-841a-11ed-aa7c-7003bca91a86,stores,151,LU-0001,Main Engine Cylinder Oil,ltr,RECEIVE,54.25,54.25,ltr,444.87,29-Oct-2025 00:00,UTC,2025-10-29 00:00:00,Rotterdam,PO-2025-8053,228b5256-5bd2-4bf3-826f-c6fe76571449,Received at Rotterdam
2813,7440571a-841a-11ed-aa7c-7003bca91a86,stores,154,LU-0004,Turbocharger Lube Oil,ltr,RECEIVE,7.88,7.88,ltr,351.97,29-Oct-2025 00:00,UTC,2025-10-29 00:00:00,Rotterdam,PO-2025-5220,228b5256-5bd2-4bf3-826f-c6fe76571449,Received at Rotterdam
2812,7440571a-841a-11ed-aa7c-7003bca91a86,stores,153,LU-0003,Auxiliary Engine Lube Oil,ltr,RECEIVE,7.65,7.65,ltr,214.12,29-Oct-2025 00:00,UTC,2025-10-29 00:00:00,Rotterdam,PO-2025-3416,228b5256-5bd2-4bf3-826f-c6fe76571449,Received at Rotterdam
2811,7440571a-841a-11ed-aa7c-7003bca91a86,stores,144,IT-0004,Cutting Disc (Angle Grinder),pcs,RECEIVE,5.44,5.44,pcs,200.36,29-Oct-2025 00:00,UTC,2025-10-29 00:00:00,Rotterdam,PO-2025-5974,228b5256-5bd2-4bf3-826f-c6fe76571449,Received at Rotterdam
2815,7440571a-841a-11ed-aa7c-7003bca91a86,stores,158,LU-0008,Compressor Oil,ltr,RECEIVE,52.70,52.70,ltr,234.73,29-Oct-2025 00:00,UTC,2025-10-29 00:00:00,Rotterdam,PO-2025-1477,228b5256-5bd2-4bf3-826f-c6fe76571449,Received at Rotterdam
890,7440571a-841a-11ed-aa7c-7003bca91a86,stores,144,IT-0004,Cutting Disc (Angle Grinder),pcs,CONSUME,-1.00,-1.00,pcs,31.00,28-Oct-2025 15:07,UTC,2025-10-28 15:07:00,,WO-2025-003,1,Navigation equipment maintenance
1390,7440571a-841a-11ed-aa7c-7003bca91a86,lubes,157,LU-0007,Stern Tube Oil,ltr,CONSUME,-9.00,-9.00,ltr,41.00,28-Oct-2025 13:12,UTC,2025-10-28 13:12:00,,WO-2025-004,1,Regular operational consumption
889,7440571a-841a-11ed-aa7c-7003bca91a86,stores,141,IT-0001,Safety Gloves – Cotton,pcs,RECEIVE,15.00,15.00,pcs,25.00,28-Oct-2025 09:42,UTC,2025-10-28 09:42:00,Durban,PO-2025-102,1,Annual stock replenishment
3833,7440571a-841a-11ed-aa7c-7003bca91a86,lubes,151,LU-0001,Main Engine Cylinder Oil,ltr,CONSUME,-117.60,-117.60,ltr,0.00,28-Oct-2025 07:55,UTC,2025-10-28 07:55:00,,,480b40d0-04bd-4590-a936-2f879b867977,Daily cylinder oil consumption - 117.6 ltr
888,7440571a-841a-11ed-aa7c-7003bca91a86,stores,149,IT-0009,Cotton Waste / Cleaning Rags,pcs,CONSUME,-2.00,-2.00,pcs,26.00,27-Oct-2025 19:06,UTC,2025-10-27 19:06:00,,WO-2025-011,1,Machinery space maintenance
1389,7440571a-841a-11ed-aa7c-7003bca91a86,lubes,154,LU-0004,Turbocharger Lube Oil,ltr,RECEIVE,40.00,40.00,ltr,50.00,27-Oct-2025 16:16,UTC,2025-10-27 16:16:00,Mumbai,PO-2025-104,1,Supply received per PO
887,7440571a-841a-11ed-aa7c-7003bca91a86,stores,146,IT-0006,Safety Goggles (Clear),pcs,RECEIVE,10.00,10.00,pcs,31.00,27-Oct-2025 12:35,UTC,2025-10-27 12:35:00,Las Palmas,PO-2025-106,1,Requisition fulfilled
1388,7440571a-841a-11ed-aa7c-7003bca91a86,lubes,155,LU-0005,Hydraulic Oil,ltr,CONSUME,-10.00,-10.00,ltr,45.00,27-Oct-2025 10:55,UTC,2025-10-27 10:55:00,,WO-2025-006,1,Engine room maintenance
886,7440571a-841a-11ed-aa7c-7003bca91a86,chemicals,165,CH-0005,Potable Water Chlorination Chemical,ltr,RECEIVE,21.00,21.00,ltr,28.00,27-Oct-2025 10:43,UTC,2025-10-27 10:43:00,Durban,PO-2025-102,1,Supplier delivery on schedule
3832,7440571a-841a-11ed-aa7c-7003bca91a86,lubes,151,LU-0001,Main Engine Cylinder Oil,ltr,CONSUME,-64.30,-64.30,ltr,0.00,27-Oct-2025 06:53,UTC,2025-10-27 06:53:00,,,056a433e-b880-43c6-9d59-b1cfe71a4014,Daily cylinder oil consumption - 64.3 ltr
2381,7440571a-841a-11ed-aa7c-7003bca91a86,chemicals,166,CH-0006,Tank Cleaning Chemical (Alkaline),ltr,CONSUME,-1.83,-1.83,ltr,0.00,27-Oct-2025 00:00,UTC,2025-10-27 00:00:00,,,480b40d0-04bd-4590-a936-2f879b867977,Weekly chemical consumption
2380,7440571a-841a-11ed-aa7c-7003bca91a86,chemicals,164,CH-0004,Cooling Water Treatment Chemical,ltr,CONSUME,-2.04,-2.04,ltr,0.00,27-Oct-2025 00:00,UTC,2025-10-27 00:00:00,,,228b5256-5bd2-4bf3-826f-c6fe76571449,Weekly chemical consumption
2379,7440571a-841a-11ed-aa7c-7003bca91a86,chemicals,162,CH-0002,Lube Oil Treatment Chemical,ltr,CONSUME,-1.36,-1.36,ltr,0.00,27-Oct-2025 00:00,UTC,2025-10-27 00:00:00,,,480b40d0-04bd-4590-a936-2f879b867977,Weekly chemical consumption
2383,7440571a-841a-11ed-aa7c-7003bca91a86,chemicals,168,CH-0008,Rust Remover / Descaling Chemical,ltr,CONSUME,-1.64,-1.64,ltr,0.00,27-Oct-2025 00:00,UTC,2025-10-27 00:00:00,,,056a433e-b880-43c6-9d59-b1cfe71a4014,Weekly chemical consumption
2382,7440571a-841a-11ed-aa7c-7003bca91a86,chemicals,167,CH-0007,Degreasing Chemical,ltr,CONSUME,-1.76,-1.76,ltr,0.00,27-Oct-2025 00:00,UTC,2025-10-27 00:00:00,,,228b5256-5bd2-4bf3-826f-c6fe76571449,Weekly chemical consumption
885,7440571a-841a-11ed-aa7c-7003bca91a86,stores,145,IT-0005,Welding Electrodes (General Purpose),pcs,RECEIVE,19.00,19.00,pcs,20.00,26-Oct-2025 13:28,UTC,2025-10-26 13:28:00,Fujairah,PO-2025-107,1,Emergency supply received
884,7440571a-841a-11ed-aa7c-7003bca91a86,stores,147,IT-0007,Ear Plugs (Disposable),pcs,RECEIVE,14.00,14.00,pcs,18.00,26-Oct-2025 10:58,UTC,2025-10-26 10:58:00,Fujairah,PO-2025-103,1,Quarterly supply order
1387,7440571a-841a-11ed-aa7c-7003bca91a86,lubes,157,LU-0007,Stern Tube Oil,ltr,CONSUME,-9.00,-9.00,ltr,50.00,26-Oct-2025 10:27,UTC,2025-10-26 10:27:00,,WO-2025-006,1,Engine room maintenance
3831,7440571a-841a-11ed-aa7c-7003bca91a86,lubes,151,LU-0001,Main Engine Cylinder Oil,ltr,CONSUME,-106.90,-106.90,ltr,0.00,26-Oct-2025 08:05,UTC,2025-10-26 08:05:00,,,6084f3b8-85dc-462a-b045-111d2b2e6d0e,Daily cylinder oil consumption - 106.9 ltr
883,7440571a-841a-11ed-aa7c-7003bca91a86,chemicals,168,CH-0008,Rust Remover / Descaling Chemical,ltr,RECEIVE,22.00,22.00,ltr,22.00,25-Oct-2025 14:59,UTC,2025-10-25 14:59:00,Jebel Ali,PO-2025-106,1,Quarterly supply order
882,7440571a-841a-11ed-aa7c-7003bca91a86,stores,144,IT-0004,Cutting Disc (Angle Grinder),pcs,RECEIVE,20.00,20.00,pcs,46.00,25-Oct-2025 12:20,UTC,2025-10-25 12:20:00,Rotterdam,PO-2025-108,1,Annual stock replenishment
881,7440571a-841a-11ed-aa7c-7003bca91a86,stores,143,IT-0003,Grinding Wheel (Grinding Disc),pcs,CONSUME,-2.00,-2.00,pcs,21.00,25-Oct-2025 11:32,UTC,2025-10-25 11:32:00,,WO-2025-011,1,Quarterly maintenance requirement
880,7440571a-841a-11ed-aa7c-7003bca91a86,stores,143,IT-0003,Grinding Wheel (Grinding Disc),pcs,RECEIVE,24.00,24.00,pcs,38.00,25-Oct-2025 10:24,UTC,2025-10-25 10:24:00,Colombo,PO-2025-105,1,Port supply delivery
879,7440571a-841a-11ed-aa7c-7003bca91a86,stores,148,IT-0008,Dust Mask / Respirator Mask,pcs,RECEIVE,17.00,17.00,pcs,36.00,25-Oct-2025 09:26,UTC,2025-10-25 09:26:00,Rotterdam,PO-2025-101,1,Quarterly supply order
3830,7440571a-841a-11ed-aa7c-7003bca91a86,lubes,151,LU-0001,Main Engine Cylinder Oil,ltr,CONSUME,-79.60,-79.60,ltr,0.00,25-Oct-2025 09:09,UTC,2025-10-25 09:09:00,,,6084f3b8-85dc-462a-b045-111d2b2e6d0e,Daily cylinder oil consumption - 79.6 ltr
878,7440571a-841a-11ed-aa7c-7003bca91a86,chemicals,164,CH-0004,Cooling Water Treatment Chemical,ltr,RECEIVE,11.00,11.00,ltr,11.00,25-Oct-2025 08:03,UTC,2025-10-25 08:03:00,Busan,PO-2025-101,1,Requisition fulfilled
877,7440571a-841a-11ed-aa7c-7003bca91a86,stores,141,IT-0001,Safety Gloves – Cotton,pcs,CONSUME,-3.00,-3.00,pcs,17.00,25-Oct-2025 07:06,UTC,2025-10-25 07:06:00,,WO-2025-007,1,Monthly routine usage
876,7440571a-841a-11ed-aa7c-7003bca91a86,chemicals,165,CH-0005,Potable Water Chlorination Chemical,ltr,CONSUME,-4.00,-4.00,ltr,9.00,25-Oct-2025 06:26,UTC,2025-10-25 06:26:00,,WO-2025-001,1,Engine room maintenance
1386,7440571a-841a-11ed-aa7c-7003bca91a86,lubes,159,LU-0009,Refrigeration Compressor Oil,ltr,CONSUME,-9.00,-9.00,ltr,23.00,24-Oct-2025 17:06,UTC,2025-10-24 17:06:00,,WO-2025-003,1,Regular operational consumption
875,7440571a-841a-11ed-aa7c-7003bca91a86,chemicals,166,CH-0006,Tank Cleaning Chemical (Alkaline),ltr,CONSUME,-8.00,-8.00,ltr,0.00,24-Oct-2025 17:03,UTC,2025-10-24 17:03:00,,WO-2025-006,1,Scheduled overhaul requirement
874,7440571a-841a-11ed-aa7c-7003bca91a86,chemicals,164,CH-0004,Cooling Water Treatment Chemical,ltr,CONSUME,-4.00,-4.00,ltr,1.00,24-Oct-2025 07:19,UTC,2025-10-24 07:19:00,,WO-2025-008,1,Emergency repair usage
3829,7440571a-841a-11ed-aa7c-7003bca91a86,lubes,151,LU-0001,Main Engine Cylinder Oil,ltr,CONSUME,-95.60,-95.60,ltr,0.00,24-Oct-2025 06:20,UTC,2025-10-24 06:20:00,,,228b5256-5bd2-4bf3-826f-c6fe76571449,Daily cylinder oil consumption - 95.6 ltr
873,7440571a-841a-11ed-aa7c-7003bca91a86,stores,142,IT-0002,Jeevan,pcs,CONSUME,-3.00,-3.00,pcs,5.00,23-Oct-2025 22:56,UTC,2025-10-23 22:56:00,,WO-2025-006,1,Monthly routine usage
872,7440571a-841a-11ed-aa7c-7003bca91a86,others,177,OT-0007,"Bilges, chain lockers",ltr,CONSUME,-4.00,-4.00,ltr,48.00,23-Oct-2025 12:24,UTC,2025-10-23 12:24:00,,WO-2025-007,1,Deck maintenance work
871,7440571a-841a-11ed-aa7c-7003bca91a86,chemicals,170,CH-0010,Hand Cleaning Chemical (Industrial Soap),ltr,RECEIVE,15.00,15.00,ltr,31.00,23-Oct-2025 08:12,UTC,2025-10-23 08:12:00,Mumbai,PO-2025-103,1,Annual stock replenishment
3828,7440571a-841a-11ed-aa7c-7003bca91a86,lubes,151,LU-0001,Main Engine Cylinder Oil,ltr,CONSUME,-72.20,-72.20,ltr,0.00,23-Oct-2025 07:36,UTC,2025-10-23 07:36:00,,,228b5256-5bd2-4bf3-826f-c6fe76571449,Daily cylinder oil consumption - 72.2 ltr
870,7440571a-841a-11ed-aa7c-7003bca91a86,chemicals,168,CH-0008,Rust Remover / Descaling Chemical,ltr,CONSUME,-4.00,-4.00,ltr,1.00,22-Oct-2025 11:57,UTC,2025-10-22 11:57:00,,WO-2025-011,1,Engine room maintenance
869,7440571a-841a-11ed-aa7c-7003bca91a86,stores,147,IT-0007,Ear Plugs (Disposable),pcs,CONSUME,-2.00,-2.00,pcs,14.00,22-Oct-2025 09:10,UTC,2025-10-22 09:10:00,,WO-2025-008,1,Navigation equipment maintenance
3827,7440571a-841a-11ed-aa7c-7003bca91a86,lubes,151,LU-0001,Main Engine Cylinder Oil,ltr,CONSUME,-114.30,-114.30,ltr,0.00,22-Oct-2025 08:31,UTC,2025-10-22 08:31:00,,,056a433e-b880-43c6-9d59-b1cfe71a4014,Daily cylinder oil consumption - 114.3 ltr
868,7440571a-841a-11ed-aa7c-7003bca91a86,stores,149,IT-0009,Cotton Waste / Cleaning Rags,pcs,RECEIVE,15.00,15.00,pcs,38.00,21-Oct-2025 15:45,UTC,2025-10-21 15:45:00,Colombo,PO-2025-106,1,Port supply delivery
867,7440571a-841a-11ed-aa7c-7003bca91a86,chemicals,162,CH-0002,Lube Oil Treatment Chemical,ltr,RECEIVE,16.00,16.00,ltr,16.00,21-Oct-2025 14:01,UTC,2025-10-21 14:01:00,Busan,PO-2025-104,1,Port supply delivery
866,7440571a-841a-11ed-aa7c-7003bca91a86,chemicals,161,CH-0001,Fuel Oil Treatment Chemical,ltr,RECEIVE,18.00,18.00,ltr,18.00,21-Oct-2025 12:17,UTC,2025-10-21 12:17:00,Durban,PO-2025-107,1,Quarterly supply order
865,7440571a-841a-11ed-aa7c-7003bca91a86,chemicals,163,CH-0003,Boiler Water Treatment Chemical,ltr,CONSUME,-6.00,-6.00,ltr,7.00,21-Oct-2025 11:26,UTC,2025-10-21 11:26:00,,WO-2025-006,1,Voyage preparation consumption
864,7440571a-841a-11ed-aa7c-7003bca91a86,stores,150,IT-0010,Emery Paper / Abrasive Sheet,pcs,RECEIVE,25.00,25.00,pcs,29.00,21-Oct-2025 10:18,UTC,2025-10-21 10:18:00,Jebel Ali,PO-2025-104,1,Top-up supply received
3826,7440571a-841a-11ed-aa7c-7003bca91a86,lubes,151,LU-0001,Main Engine Cylinder Oil,ltr,CONSUME,-80.30,-80.30,ltr,0.00,21-Oct-2025 07:22,UTC,2025-10-21 07:22:00,,,6084f3b8-85dc-462a-b045-111d2b2e6d0e,Daily cylinder oil consumption - 80.3 ltr
863,7440571a-841a-11ed-aa7c-7003bca91a86,chemicals,167,CH-0007,Degreasing Chemical,ltr,RECEIVE,25.00,25.00,ltr,25.00,20-Oct-2025 09:08,UTC,2025-10-20 09:08:00,Rotterdam,PO-2025-105,1,Top-up supply received
3825,7440571a-841a-11ed-aa7c-7003bca91a86,lubes,151,LU-0001,Main Engine Cylinder Oil,ltr,CONSUME,-70.90,-70.90,ltr,0.00,20-Oct-2025 06:45,UTC,2025-10-20 06:45:00,,,056a433e-b880-43c6-9d59-b1cfe71a4014,Daily cylinder oil consumption - 70.9 ltr
2376,7440571a-841a-11ed-aa7c-7003bca91a86,chemicals,163,CH-0003,Boiler Water Treatment Chemical,ltr,CONSUME,-0.22,-0.22,ltr,0.00,20-Oct-2025 00:00,UTC,2025-10-20 00:00:00,,,056a433e-b880-43c6-9d59-b1cfe71a4014,Weekly chemical consumption
2377,7440571a-841a-11ed-aa7c-7003bca91a86,chemicals,165,CH-0005,Potable Water Chlorination Chemical,ltr,CONSUME,-1.44,-1.44,ltr,0.00,20-Oct-2025 00:00,UTC,2025-10-20 00:00:00,,,228b5256-5bd2-4bf3-826f-c6fe76571449,Weekly chemical consumption
2378,7440571a-841a-11ed-aa7c-7003bca91a86,chemicals,168,CH-0008,Rust Remover / Descaling Chemical,ltr,CONSUME,-0.87,-0.87,ltr,0.00,20-Oct-2025 00:00,UTC,2025-10-20 00:00:00,,,056a433e-b880-43c6-9d59-b1cfe71a4014,Weekly chemical consumption
1385,7440571a-841a-11ed-aa7c-7003bca91a86,lubes,154,LU-0004,Turbocharger Lube Oil,ltr,CONSUME,-10.00,-10.00,ltr,10.00,19-Oct-2025 20:42,UTC,2025-10-19 20:42:00,,WO-2025-002,1,Monthly routine usage
862,7440571a-841a-11ed-aa7c-7003bca91a86,stores,145,IT-0005,Welding Electrodes (General Purpose),pcs,CONSUME,-5.00,-5.00,pcs,5.00,19-Oct-2025 09:55,UTC,2025-10-19 09:55:00,,WO-2025-001,1,Emergency repair usage
861,7440571a-841a-11ed-aa7c-7003bca91a86,chemicals,161,CH-0001,Fuel Oil Treatment Chemical,ltr,CONSUME,-6.00,-6.00,ltr,2.00,19-Oct-2025 08:28,UTC,2025-10-19 08:28:00,,WO-2025-012,1,Deck maintenance work
3824,7440571a-841a-11ed-aa7c-7003bca91a86,lubes,151,LU-0001,Main Engine Cylinder Oil,ltr,CONSUME,-79.60,-79.60,ltr,0.00,19-Oct-2025 06:49,UTC,2025-10-19 06:49:00,,,480b40d0-04bd-4590-a936-2f879b867977,Daily cylinder oil consumption - 79.6 ltr
1384,7440571a-841a-11ed-aa7c-7003bca91a86,lubes,158,LU-0008,Compressor Oil,ltr,CONSUME,-11.00,-11.00,ltr,33.00,18-Oct-2025 19:50,UTC,2025-10-18 19:50:00,,WO-2025-004,1,Scheduled overhaul requirement
860,7440571a-841a-11ed-aa7c-7003bca91a86,stores,149,IT-0009,Cotton Waste / Cleaning Rags,pcs,CONSUME,-3.00,-3.00,pcs,23.00,18-Oct-2025 14:07,UTC,2025-10-18 14:07:00,,WO-2025-009,1,Machinery space maintenance
859,7440571a-841a-11ed-aa7c-7003bca91a86,stores,142,IT-0002,Jeevan,pcs,CONSUME,-2.00,-2.00,pcs,8.00,18-Oct-2025 11:53,UTC,2025-10-18 11:53:00,,WO-2025-007,1,Routine maintenance consumption
858,7440571a-841a-11ed-aa7c-7003bca91a86,chemicals,169,CH-0009,Sewage Treatment Plant Chemical,ltr,CONSUME,-4.00,-4.00,ltr,16.00,18-Oct-2025 10:22,UTC,2025-10-18 10:22:00,,WO-2025-005,1,Hull maintenance work
857,7440571a-841a-11ed-aa7c-7003bca91a86,stores,141,IT-0001,Safety Gloves – Cotton,pcs,CONSUME,-4.00,-4.00,pcs,13.00,18-Oct-2025 09:33,UTC,2025-10-18 09:33:00,,WO-2025-007,1,Deck maintenance work
1383,7440571a-841a-11ed-aa7c-7003bca91a86,lubes,159,LU-0009,Refrigeration Compressor Oil,ltr,CONSUME,-7.00,-7.00,ltr,32.00,18-Oct-2025 08:44,UTC,2025-10-18 08:44:00,,WO-2025-002,1,Regular operational consumption
3823,7440571a-841a-11ed-aa7c-7003bca91a86,lubes,151,LU-0001,Main Engine Cylinder Oil,ltr,CONSUME,-82.10,-82.10,ltr,0.00,18-Oct-2025 06:24,UTC,2025-10-18 06:24:00,,,480b40d0-04bd-4590-a936-2f879b867977,Daily cylinder oil consumption - 82.1 ltr
856,7440571a-841a-11ed-aa7c-7003bca91a86,chemicals,170,CH-0010,Hand Cleaning Chemical (Industrial Soap),ltr,CONSUME,-3.00,-3.00,ltr,16.00,17-Oct-2025 10:32,UTC,2025-10-17 10:32:00,,WO-2025-007,1,Voyage preparation consumption
855,7440571a-841a-11ed-aa7c-7003bca91a86,chemicals,163,CH-0003,Boiler Water Treatment Chemical,ltr,CONSUME,-3.00,-3.00,ltr,25.00,17-Oct-2025 08:22,UTC,2025-10-17 08:22:00,,WO-2025-006,1,Deck maintenance work
3822,7440571a-841a-11ed-aa7c-7003bca91a86,lubes,151,LU-0001,Main Engine Cylinder Oil,ltr,CONSUME,-60.10,-60.10,ltr,0.00,17-Oct-2025 06:44,UTC,2025-10-17 06:44:00,,,480b40d0-04bd-4590-a936-2f879b867977,Daily cylinder oil consumption - 60.1 ltr
1382,7440571a-841a-11ed-aa7c-7003bca91a86,lubes,157,LU-0007,Stern Tube Oil,ltr,CONSUME,-11.00,-11.00,ltr,59.00,16-Oct-2025 19:36,UTC,2025-10-16 19:36:00,,WO-2025-006,1,Regular operational consumption
3821,7440571a-841a-11ed-aa7c-7003bca91a86,lubes,151,LU-0001,Main Engine Cylinder Oil,ltr,CONSUME,-60.80,-60.80,ltr,0.00,16-Oct-2025 08:41,UTC,2025-10-16 08:41:00,,,6084f3b8-85dc-462a-b045-111d2b2e6d0e,Daily cylinder oil consumption - 60.8 ltr
854,7440571a-841a-11ed-aa7c-7003bca91a86,stores,142,IT-0002,Jeevan,pcs,CONSUME,-3.00,-3.00,pcs,10.00,15-Oct-2025 14:10,UTC,2025-10-15 14:10:00,,WO-2025-003,1,Regular operational consumption
853,7440571a-841a-11ed-aa7c-7003bca91a86,chemicals,167,CH-0007,Degreasing Chemical,ltr,CONSUME,-6.00,-6.00,ltr,5.00,15-Oct-2025 13:49,UTC,2025-10-15 13:49:00,,WO-2025-010,1,Regular operational consumption
1381,7440571a-841a-11ed-aa7c-7003bca91a86,lubes,151,LU-0001,Main Engine Cylinder Oil,ltr,CONSUME,-12.00,-12.00,ltr,16.00,15-Oct-2025 11:13,UTC,2025-10-15 11:13:00,,WO-2025-003,1,Routine maintenance consumption
852,7440571a-841a-11ed-aa7c-7003bca91a86,chemicals,168,CH-0008,Rust Remover / Descaling Chemical,ltr,CONSUME,-8.00,-8.00,ltr,5.00,15-Oct-2025 08:28,UTC,2025-10-15 08:28:00,,WO-2025-008,1,Emergency repair usage
3820,7440571a-841a-11ed-aa7c-7003bca91a86,lubes,151,LU-0001,Main Engine Cylinder Oil,ltr,CONSUME,-90.30,-90.30,ltr,0.00,15-Oct-2025 06:48,UTC,2025-10-15 06:48:00,,,228b5256-5bd2-4bf3-826f-c6fe76571449,Daily cylinder oil consumption - 90.3 ltr
2373,7440571a-841a-11ed-aa7c-7003bca91a86,stores,144,IT-0004,Cutting Disc (Angle Grinder),pcs,CONSUME,-2.56,-2.56,pcs,0.00,15-Oct-2025 00:00,UTC,2025-10-15 00:00:00,,,6084f3b8-85dc-462a-b045-111d2b2e6d0e,General stores consumption
2375,7440571a-841a-11ed-aa7c-7003bca91a86,stores,178,OT-0008,"Pipes, tanks, machinery",ltr,CONSUME,-1.74,-1.74,ltr,0.00,15-Oct-2025 00:00,UTC,2025-10-15 00:00:00,,,6084f3b8-85dc-462a-b045-111d2b2e6d0e,General stores consumption
2374,7440571a-841a-11ed-aa7c-7003bca91a86,stores,150,IT-0010,Emery Paper / Abrasive Sheet,pcs,CONSUME,-1.34,-1.34,pcs,0.00,15-Oct-2025 00:00,UTC,2025-10-15 00:00:00,,,228b5256-5bd2-4bf3-826f-c6fe76571449,General stores consumption
851,7440571a-841a-11ed-aa7c-7003bca91a86,stores,144,IT-0004,Cutting Disc (Angle Grinder),pcs,CONSUME,-1.00,-1.00,pcs,32.00,14-Oct-2025 20:45,UTC,2025-10-14 20:45:00,,WO-2025-009,1,Regular operational consumption
850,7440571a-841a-11ed-aa7c-7003bca91a86,chemicals,165,CH-0005,Potable Water Chlorination Chemical,ltr,CONSUME,-2.00,-2.00,ltr,7.00,14-Oct-2025 12:06,UTC,2025-10-14 12:06:00,,WO-2025-008,1,Regular operational consumption
849,7440571a-841a-11ed-aa7c-7003bca91a86,chemicals,166,CH-0006,Tank Cleaning Chemical (Alkaline),ltr,CONSUME,-3.00,-3.00,ltr,5.00,14-Oct-2025 12:01,UTC,2025-10-14 12:01:00,,WO-2025-005,1,Engine room maintenance
848,7440571a-841a-11ed-aa7c-7003bca91a86,stores,144,IT-0004,Cutting Disc (Angle Grinder),pcs,CONSUME,-5.00,-5.00,pcs,26.00,14-Oct-2025 10:19,UTC,2025-10-14 10:19:00,,WO-2025-003,1,Accommodation maintenance
3819,7440571a-841a-11ed-aa7c-7003bca91a86,lubes,151,LU-0001,Main Engine Cylinder Oil,ltr,CONSUME,-101.10,-101.10,ltr,0.00,14-Oct-2025 09:21,UTC,2025-10-14 09:21:00,,,056a433e-b880-43c6-9d59-b1cfe71a4014,Daily cylinder oil consumption - 101.1 ltr
847,7440571a-841a-11ed-aa7c-7003bca91a86,stores,143,IT-0003,Grinding Wheel (Grinding Disc),pcs,CONSUME,-4.00,-4.00,pcs,14.00,14-Oct-2025 07:20,UTC,2025-10-14 07:20:00,,WO-2025-007,1,Navigation equipment maintenance
4126,7440571a-841a-11ed-aa7c-7003bca91a86,stores,142,IT-0002,Jeevan,pcs,RECEIVE,53.00,53.00,pcs,880.00,13-Oct-2025 17:18,UTC,2025-10-13 17:18:00,Piraeus,PO-2025-8564,228b5256-5bd2-4bf3-826f-c6fe76571449,Received at Piraeus
4125,7440571a-841a-11ed-aa7c-7003bca91a86,chemicals,163,CH-0003,Boiler Water Treatment Chemical,ltr,RECEIVE,1789.60,1789.60,ltr,8990.60,13-Oct-2025 17:18,UTC,2025-10-13 17:18:00,Piraeus,PO-2025-8564,228b5256-5bd2-4bf3-826f-c6fe76571449,Received at Piraeus
4124,7440571a-841a-11ed-aa7c-7003bca91a86,lubes,154,LU-0004,Turbocharger Lube Oil,ltr,RECEIVE,1844.70,1844.70,ltr,6844.70,13-Oct-2025 17:18,UTC,2025-10-13 17:18:00,Piraeus,PO-2025-8564,228b5256-5bd2-4bf3-826f-c6fe76571449,Received at Piraeus
846,7440571a-841a-11ed-aa7c-7003bca91a86,chemicals,163,CH-0003,Boiler Water Treatment Chemical,ltr,CONSUME,-6.00,-6.00,ltr,13.00,13-Oct-2025 11:11,UTC,2025-10-13 11:11:00,,WO-2025-005,1,Accommodation maintenance
3818,7440571a-841a-11ed-aa7c-7003bca91a86,lubes,151,LU-0001,Main Engine Cylinder Oil,ltr,CONSUME,-57.90,-57.90,ltr,0.00,13-Oct-2025 07:42,UTC,2025-10-13 07:42:00,,,228b5256-5bd2-4bf3-826f-c6fe76571449,Daily cylinder oil consumption - 57.9 ltr
845,7440571a-841a-11ed-aa7c-7003bca91a86,chemicals,167,CH-0007,Degreasing Chemical,ltr,CONSUME,-8.00,-8.00,ltr,0.00,13-Oct-2025 07:39,UTC,2025-10-13 07:39:00,,WO-2025-011,1,Regular operational consumption
2370,7440571a-841a-11ed-aa7c-7003bca91a86,chemicals,166,CH-0006,Tank Cleaning Chemical (Alkaline),ltr,CONSUME,-1.08,-1.08,ltr,0.00,13-Oct-2025 00:00,UTC,2025-10-13 00:00:00,,,480b40d0-04bd-4590-a936-2f879b867977,Weekly chemical consumption
2372,7440571a-841a-11ed-aa7c-7003bca91a86,chemicals,168,CH-0008,Rust Remover / Descaling Chemical,ltr,CONSUME,-0.98,-0.98,ltr,0.00,13-Oct-2025 00:00,UTC,2025-10-13 00:00:00,,,6084f3b8-85dc-462a-b045-111d2b2e6d0e,Weekly chemical consumption
2371,7440571a-841a-11ed-aa7c-7003bca91a86,chemicals,167,CH-0007,Degreasing Chemical,ltr,CONSUME,-0.85,-0.85,ltr,0.00,13-Oct-2025 00:00,UTC,2025-10-13 00:00:00,,,480b40d0-04bd-4590-a936-2f879b867977,Weekly chemical consumption
2368,7440571a-841a-11ed-aa7c-7003bca91a86,chemicals,162,CH-0002,Lube Oil Treatment Chemical,ltr,CONSUME,-1.37,-1.37,ltr,0.00,13-Oct-2025 00:00,UTC,2025-10-13 00:00:00,,,6084f3b8-85dc-462a-b045-111d2b2e6d0e,Weekly chemical consumption
2369,7440571a-841a-11ed-aa7c-7003bca91a86,chemicals,165,CH-0005,Potable Water Chlorination Chemical,ltr,CONSUME,-0.20,-0.20,ltr,0.00,13-Oct-2025 00:00,UTC,2025-10-13 00:00:00,,,228b5256-5bd2-4bf3-826f-c6fe76571449,Weekly chemical consumption
844,7440571a-841a-11ed-aa7c-7003bca91a86,chemicals,166,CH-0006,Tank Cleaning Chemical (Alkaline),ltr,CONSUME,-4.00,-4.00,ltr,8.00,12-Oct-2025 20:10,UTC,2025-10-12 20:10:00,,WO-2025-012,1,Accommodation maintenance
843,7440571a-841a-11ed-aa7c-7003bca91a86,stores,143,IT-0003,Grinding Wheel (Grinding Disc),pcs,CONSUME,-3.00,-3.00,pcs,18.00,12-Oct-2025 19:01,UTC,2025-10-12 19:01:00,,WO-2025-010,1,Regular operational consumption
842,7440571a-841a-11ed-aa7c-7003bca91a86,chemicals,162,CH-0002,Lube Oil Treatment Chemical,ltr,CONSUME,-6.00,-6.00,ltr,5.00,12-Oct-2025 18:01,UTC,2025-10-12 18:01:00,,WO-2025-012,1,Monthly routine usage
841,7440571a-841a-11ed-aa7c-7003bca91a86,others,178,OT-0008,"Pipes, tanks, machinery",ltr,CONSUME,-2.00,-2.00,ltr,54.00,12-Oct-2025 15:10,UTC,2025-10-12 15:10:00,,WO-2025-012,1,Port state inspection preparation
3817,7440571a-841a-11ed-aa7c-7003bca91a86,lubes,151,LU-0001,Main Engine Cylinder Oil,ltr,CONSUME,-53.60,-53.60,ltr,0.00,12-Oct-2025 07:33,UTC,2025-10-12 07:33:00,,,056a433e-b880-43c6-9d59-b1cfe71a4014,Daily cylinder oil consumption - 53.6 ltr
840,7440571a-841a-11ed-aa7c-7003bca91a86,stores,145,IT-0005,Welding Electrodes (General Purpose),pcs,CONSUME,-2.00,-2.00,pcs,10.00,12-Oct-2025 06:45,UTC,2025-10-12 06:45:00,,WO-2025-004,1,Deck maintenance work
4003,7440571a-841a-11ed-aa7c-7003bca91a86,lubes,152,LU-0002,Main Engine System Oil,ltr,CONSUME,-288.10,-288.10,ltr,0.00,11-Oct-2025 10:08,UTC,2025-10-11 10:08:00,,,228b5256-5bd2-4bf3-826f-c6fe76571449,Monthly ME system oil top-up - 288.1 ltr
4004,7440571a-841a-11ed-aa7c-7003bca91a86,lubes,153,LU-0003,Auxiliary Engine Lube Oil,ltr,CONSUME,-139.70,-139.70,ltr,0.00,11-Oct-2025 10:08,UTC,2025-10-11 10:08:00,,,056a433e-b880-43c6-9d59-b1cfe71a4014,Monthly AE lube oil top-up - 139.7 ltr
3816,7440571a-841a-11ed-aa7c-7003bca91a86,lubes,151,LU-0001,Main Engine Cylinder Oil,ltr,CONSUME,-113.80,-113.80,ltr,0.00,11-Oct-2025 07:09,UTC,2025-10-11 07:09:00,,,228b5256-5bd2-4bf3-826f-c6fe76571449,Daily cylinder oil consumption - 113.8 ltr
839,7440571a-841a-11ed-aa7c-7003bca91a86,stores,146,IT-0006,Safety Goggles (Clear),pcs,CONSUME,-1.00,-1.00,pcs,21.00,10-Oct-2025 20:04,UTC,2025-10-10 20:04:00,,WO-2025-007,1,Navigation equipment maintenance
838,7440571a-841a-11ed-aa7c-7003bca91a86,chemicals,164,CH-0004,Cooling Water Treatment Chemical,ltr,CONSUME,-3.00,-3.00,ltr,9.00,10-Oct-2025 17:00,UTC,2025-10-10 17:00:00,,WO-2025-003,1,Emergency repair usage
837,7440571a-841a-11ed-aa7c-7003bca91a86,stores,147,IT-0007,Ear Plugs (Disposable),pcs,CONSUME,-5.00,-5.00,pcs,9.00,10-Oct-2025 14:30,UTC,2025-10-10 14:30:00,,WO-2025-006,1,Routine maintenance consumption
836,7440571a-841a-11ed-aa7c-7003bca91a86,chemicals,167,CH-0007,Degreasing Chemical,ltr,CONSUME,-2.00,-2.00,ltr,0.00,10-Oct-2025 14:14,UTC,2025-10-10 14:14:00,,WO-2025-005,1,Routine maintenance consumption
1380,7440571a-841a-11ed-aa7c-7003bca91a86,lubes,153,LU-0003,Auxiliary Engine Lube Oil,ltr,CONSUME,-11.00,-11.00,ltr,24.00,10-Oct-2025 07:46,UTC,2025-10-10 07:46:00,,WO-2025-005,1,Engine room maintenance
835,7440571a-841a-11ed-aa7c-7003bca91a86,chemicals,162,CH-0002,Lube Oil Treatment Chemical,ltr,CONSUME,-5.00,-5.00,ltr,11.00,10-Oct-2025 07:36,UTC,2025-10-10 07:36:00,,WO-2025-006,1,Monthly routine usage
834,7440571a-841a-11ed-aa7c-7003bca91a86,stores,145,IT-0005,Welding Electrodes (General Purpose),pcs,CONSUME,-4.00,-4.00,pcs,1.00,10-Oct-2025 07:32,UTC,2025-10-10 07:32:00,,WO-2025-012,1,Scheduled overhaul requirement
3815,7440571a-841a-11ed-aa7c-7003bca91a86,lubes,151,LU-0001,Main Engine Cylinder Oil,ltr,CONSUME,-106.80,-106.80,ltr,0.00,10-Oct-2025 07:11,UTC,2025-10-10 07:11:00,,,480b40d0-04bd-4590-a936-2f879b867977,Daily cylinder oil consumption - 106.8 ltr
1379,7440571a-841a-11ed-aa7c-7003bca91a86,lubes,151,LU-0001,Main Engine Cylinder Oil,ltr,CONSUME,-6.00,-6.00,ltr,10.00,10-Oct-2025 06:08,UTC,2025-10-10 06:08:00,,WO-2025-002,1,Monthly routine usage
833,7440571a-841a-11ed-aa7c-7003bca91a86,chemicals,166,CH-0006,Tank Cleaning Chemical (Alkaline),ltr,CONSUME,-7.00,-7.00,ltr,12.00,09-Oct-2025 09:37,UTC,2025-10-09 09:37:00,,WO-2025-012,1,Emergency repair usage
3814,7440571a-841a-11ed-aa7c-7003bca91a86,lubes,151,LU-0001,Main Engine Cylinder Oil,ltr,CONSUME,-61.60,-61.60,ltr,0.00,09-Oct-2025 08:55,UTC,2025-10-09 08:55:00,,,480b40d0-04bd-4590-a936-2f879b867977,Daily cylinder oil consumption - 61.6 ltr
832,7440571a-841a-11ed-aa7c-7003bca91a86,chemicals,170,CH-0010,Hand Cleaning Chemical (Industrial Soap),ltr,CONSUME,-5.00,-5.00,ltr,19.00,08-Oct-2025 22:51,UTC,2025-10-08 22:51:00,,WO-2025-001,1,Regular operational consumption
831,7440571a-841a-11ed-aa7c-7003bca91a86,stores,150,IT-0010,Emery Paper / Abrasive Sheet,pcs,CONSUME,-4.00,-4.00,pcs,7.00,08-Oct-2025 19:25,UTC,2025-10-08 19:25:00,,WO-2025-007,1,Routine maintenance consumption
1378,7440571a-841a-11ed-aa7c-7003bca91a86,lubes,154,LU-0004,Turbocharger Lube Oil,ltr,CONSUME,-6.00,-6.00,ltr,20.00,08-Oct-2025 17:39,UTC,2025-10-08 17:39:00,,WO-2025-004,1,Scheduled overhaul requirement
830,7440571a-841a-11ed-aa7c-7003bca91a86,stores,149,IT-0009,Cotton Waste / Cleaning Rags,pcs,CONSUME,-3.00,-3.00,pcs,33.00,08-Oct-2025 12:18,UTC,2025-10-08 12:18:00,,WO-2025-012,1,Hull maintenance work
829,7440571a-841a-11ed-aa7c-7003bca91a86,chemicals,168,CH-0008,Rust Remover / Descaling Chemical,ltr,CONSUME,-3.00,-3.00,ltr,0.00,08-Oct-2025 11:57,UTC,2025-10-08 11:57:00,,WO-2025-003,1,Quarterly maintenance requirement
828,7440571a-841a-11ed-aa7c-7003bca91a86,chemicals,164,CH-0004,Cooling Water Treatment Chemical,ltr,CONSUME,-4.00,-4.00,ltr,5.00,08-Oct-2025 10:27,UTC,2025-10-08 10:27:00,,WO-2025-008,1,Hull maintenance work
3813,7440571a-841a-11ed-aa7c-7003bca91a86,lubes,151,LU-0001,Main Engine Cylinder Oil,ltr,CONSUME,-63.30,-63.30,ltr,0.00,08-Oct-2025 09:02,UTC,2025-10-08 09:02:00,,,228b5256-5bd2-4bf3-826f-c6fe76571449,Daily cylinder oil consumption - 63.3 ltr
3812,7440571a-841a-11ed-aa7c-7003bca91a86,lubes,151,LU-0001,Main Engine Cylinder Oil,ltr,CONSUME,-85.40,-85.40,ltr,0.00,07-Oct-2025 06:39,UTC,2025-10-07 06:39:00,,,480b40d0-04bd-4590-a936-2f879b867977,Daily cylinder oil consumption - 85.4 ltr
827,7440571a-841a-11ed-aa7c-7003bca91a86,chemicals,163,CH-0003,Boiler Water Treatment Chemical,ltr,CONSUME,-6.00,-6.00,ltr,19.00,06-Oct-2025 12:05,UTC,2025-10-06 12:05:00,,WO-2025-002,1,Routine maintenance consumption
3811,7440571a-841a-11ed-aa7c-7003bca91a86,lubes,151,LU-0001,Main Engine Cylinder Oil,ltr,CONSUME,-79.10,-79.10,ltr,0.00,06-Oct-2025 07:27,UTC,2025-10-06 07:27:00,,,480b40d0-04bd-4590-a936-2f879b867977,Daily cylinder oil consumption - 79.1 ltr
2364,7440571a-841a-11ed-aa7c-7003bca91a86,chemicals,161,CH-0001,Fuel Oil Treatment Chemical,ltr,CONSUME,-0.75,-0.75,ltr,0.00,06-Oct-2025 00:00,UTC,2025-10-06 00:00:00,,,480b40d0-04bd-4590-a936-2f879b867977,Weekly chemical consumption
2365,7440571a-841a-11ed-aa7c-7003bca91a86,chemicals,163,CH-0003,Boiler Water Treatment Chemical,ltr,CONSUME,-2.08,-2.08,ltr,0.00,06-Oct-2025 00:00,UTC,2025-10-06 00:00:00,,,6084f3b8-85dc-462a-b045-111d2b2e6d0e,Weekly chemical consumption
2366,7440571a-841a-11ed-aa7c-7003bca91a86,chemicals,165,CH-0005,Potable Water Chlorination Chemical,ltr,CONSUME,-0.79,-0.79,ltr,0.00,06-Oct-2025 00:00,UTC,2025-10-06 00:00:00,,,228b5256-5bd2-4bf3-826f-c6fe76571449,Weekly chemical consumption
2367,7440571a-841a-11ed-aa7c-7003bca91a86,chemicals,168,CH-0008,Rust Remover / Descaling Chemical,ltr,CONSUME,-1.94,-1.94,ltr,0.00,06-Oct-2025 00:00,UTC,2025-10-06 00:00:00,,,056a433e-b880-43c6-9d59-b1cfe71a4014,Weekly chemical consumption
1377,7440571a-841a-11ed-aa7c-7003bca91a86,lubes,152,LU-0002,Main Engine System Oil,ltr,CONSUME,-10.00,-10.00,ltr,74.00,05-Oct-2025 21:46,UTC,2025-10-05 21:46:00,,WO-2025-001,1,Regular operational consumption
826,7440571a-841a-11ed-aa7c-7003bca91a86,stores,146,IT-0006,Safety Goggles (Clear),pcs,CONSUME,-2.00,-2.00,pcs,22.00,05-Oct-2025 15:48,UTC,2025-10-05 15:48:00,,WO-2025-008,1,Routine maintenance consumption
825,7440571a-841a-11ed-aa7c-7003bca91a86,others,172,OT-0002,"Ballast tanks, machinery spaces",ltr,CONSUME,-1.00,-1.00,ltr,53.00,05-Oct-2025 14:30,UTC,2025-10-05 14:30:00,,WO-2025-005,1,Routine maintenance consumption
824,7440571a-841a-11ed-aa7c-7003bca91a86,chemicals,169,CH-0009,Sewage Treatment Plant Chemical,ltr,CONSUME,-5.00,-5.00,ltr,11.00,05-Oct-2025 14:16,UTC,2025-10-05 14:16:00,,WO-2025-012,1,Navigation equipment maintenance
1376,7440571a-841a-11ed-aa7c-7003bca91a86,lubes,158,LU-0008,Compressor Oil,ltr,CONSUME,-6.00,-6.00,ltr,19.00,05-Oct-2025 09:37,UTC,2025-10-05 09:37:00,,WO-2025-003,1,Engine room maintenance
3810,7440571a-841a-11ed-aa7c-7003bca91a86,lubes,151,LU-0001,Main Engine Cylinder Oil,ltr,CONSUME,-76.10,-76.10,ltr,0.00,05-Oct-2025 08:18,UTC,2025-10-05 08:18:00,,,6084f3b8-85dc-462a-b045-111d2b2e6d0e,Daily cylinder oil consumption - 76.1 ltr
823,7440571a-841a-11ed-aa7c-7003bca91a86,chemicals,164,CH-0004,Cooling Water Treatment Chemical,ltr,CONSUME,-2.00,-2.00,ltr,0.00,04-Oct-2025 12:13,UTC,2025-10-04 12:13:00,,WO-2025-008,1,Deck maintenance work
3809,7440571a-841a-11ed-aa7c-7003bca91a86,lubes,151,LU-0001,Main Engine Cylinder Oil,ltr,CONSUME,-69.10,-69.10,ltr,0.00,04-Oct-2025 09:37,UTC,2025-10-04 09:37:00,,,6084f3b8-85dc-462a-b045-111d2b2e6d0e,Daily cylinder oil consumption - 69.1 ltr
822,7440571a-841a-11ed-aa7c-7003bca91a86,stores,148,IT-0008,Dust Mask / Respirator Mask,pcs,CONSUME,-2.00,-2.00,pcs,24.00,03-Oct-2025 15:23,UTC,2025-10-03 15:23:00,,WO-2025-012,1,Port state inspection preparation
1375,7440571a-841a-11ed-aa7c-7003bca91a86,lubes,158,LU-0008,Compressor Oil,ltr,CONSUME,-8.00,-8.00,ltr,25.00,03-Oct-2025 12:59,UTC,2025-10-03 12:59:00,,WO-2025-002,1,Monthly routine usage
3808,7440571a-841a-11ed-aa7c-7003bca91a86,lubes,151,LU-0001,Main Engine Cylinder Oil,ltr,CONSUME,-108.40,-108.40,ltr,0.00,03-Oct-2025 09:54,UTC,2025-10-03 09:54:00,,,228b5256-5bd2-4bf3-826f-c6fe76571449,Daily cylinder oil consumption - 108.4 ltr
1374,7440571a-841a-11ed-aa7c-7003bca91a86,lubes,153,LU-0003,Auxiliary Engine Lube Oil,ltr,CONSUME,-9.00,-9.00,ltr,35.00,02-Oct-2025 20:48,UTC,2025-10-02 20:48:00,,WO-2025-004,1,Engine room maintenance
821,7440571a-841a-11ed-aa7c-7003bca91a86,stores,150,IT-0010,Emery Paper / Abrasive Sheet,pcs,CONSUME,-3.00,-3.00,pcs,4.00,02-Oct-2025 18:49,UTC,2025-10-02 18:49:00,,WO-2025-010,1,Hull maintenance work
820,7440571a-841a-11ed-aa7c-7003bca91a86,stores,150,IT-0010,Emery Paper / Abrasive Sheet,pcs,CONSUME,-3.00,-3.00,pcs,11.00,02-Oct-2025 07:33,UTC,2025-10-02 07:33:00,,WO-2025-003,1,Hull maintenance work
3807,7440571a-841a-11ed-aa7c-7003bca91a86,lubes,151,LU-0001,Main Engine Cylinder Oil,ltr,CONSUME,-90.90,-90.90,ltr,0.00,02-Oct-2025 07:19,UTC,2025-10-02 07:19:00,,,480b40d0-04bd-4590-a936-2f879b867977,Daily cylinder oil consumption - 90.9 ltr
819,7440571a-841a-11ed-aa7c-7003bca91a86,stores,147,IT-0007,Ear Plugs (Disposable),pcs,CONSUME,-5.00,-5.00,pcs,4.00,02-Oct-2025 06:49,UTC,2025-10-02 06:49:00,,WO-2025-005,1,Quarterly maintenance requirement
818,7440571a-841a-11ed-aa7c-7003bca91a86,chemicals,161,CH-0001,Fuel Oil Treatment Chemical,ltr,CONSUME,-5.00,-5.00,ltr,0.00,02-Oct-2025 06:10,UTC,2025-10-02 06:10:00,,WO-2025-003,1,Navigation equipment maintenance
1373,7440571a-841a-11ed-aa7c-7003bca91a86,lubes,160,LU-0010,Multipurpose Grease,ltr,CONSUME,-6.00,-6.00,ltr,33.00,01-Oct-2025 22:09,UTC,2025-10-01 22:09:00,,WO-2025-005,1,Routine maintenance consumption
817,7440571a-841a-11ed-aa7c-7003bca91a86,stores,148,IT-0008,Dust Mask / Respirator Mask,pcs,CONSUME,-5.00,-5.00,pcs,19.00,01-Oct-2025 17:20,UTC,2025-10-01 17:20:00,,WO-2025-007,1,Port state inspection preparation
816,7440571a-841a-11ed-aa7c-7003bca91a86,stores,143,IT-0003,Grinding Wheel (Grinding Disc),pcs,CONSUME,-1.00,-1.00,pcs,23.00,01-Oct-2025 10:35,UTC,2025-10-01 10:35:00,,WO-2025-008,1,Monthly routine usage
815,7440571a-841a-11ed-aa7c-7003bca91a86,chemicals,168,CH-0008,Rust Remover / Descaling Chemical,ltr,CONSUME,-4.00,-4.00,ltr,13.00,01-Oct-2025 07:15,UTC,2025-10-01 07:15:00,,WO-2025-006,1,Hull maintenance work
3806,7440571a-841a-11ed-aa7c-7003bca91a86,lubes,151,LU-0001,Main Engine Cylinder Oil,ltr,CONSUME,-57.70,-57.70,ltr,0.00,01-Oct-2025 06:43,UTC,2025-10-01 06:43:00,,,228b5256-5bd2-4bf3-826f-c6fe76571449,Daily cylinder oil consumption - 57.7 ltr
814,7440571a-841a-11ed-aa7c-7003bca91a86,chemicals,162,CH-0002,Lube Oil Treatment Chemical,ltr,CONSUME,-8.00,-8.00,ltr,0.00,01-Oct-2025 06:10,UTC,2025-10-01 06:10:00,,WO-2025-005,1,Quarterly maintenance requirement
813,7440571a-841a-11ed-aa7c-7003bca91a86,chemicals,161,CH-0001,Fuel Oil Treatment Chemical,ltr,CONSUME,-6.00,-6.00,ltr,8.00,01-Oct-2025 06:09,UTC,2025-10-01 06:09:00,,WO-2025-007,1,Navigation equipment maintenance
2362,7440571a-841a-11ed-aa7c-7003bca91a86,stores,180,OT-0010,"Pipelines, safety markings",ltr,CONSUME,-2.98,-2.98,ltr,0.00,01-Oct-2025 00:00,UTC,2025-10-01 00:00:00,,,228b5256-5bd2-4bf3-826f-c6fe76571449,General stores consumption
2361,7440571a-841a-11ed-aa7c-7003bca91a86,stores,177,OT-0007,"Bilges, chain lockers",ltr,CONSUME,-2.97,-2.97,ltr,0.00,01-Oct-2025 00:00,UTC,2025-10-01 00:00:00,,,6084f3b8-85dc-462a-b045-111d2b2e6d0e,General stores consumption
2360,7440571a-841a-11ed-aa7c-7003bca91a86,stores,174,OT-0004,Waterline area,ltr,CONSUME,-1.74,-1.74,ltr,0.00,01-Oct-2025 00:00,UTC,2025-10-01 00:00:00,,,480b40d0-04bd-4590-a936-2f879b867977,General stores consumption
2359,7440571a-841a-11ed-aa7c-7003bca91a86,stores,150,IT-0010,Emery Paper / Abrasive Sheet,pcs,CONSUME,-2.83,-2.83,pcs,0.00,01-Oct-2025 00:00,UTC,2025-10-01 00:00:00,,,228b5256-5bd2-4bf3-826f-c6fe76571449,General stores consumption
2358,7440571a-841a-11ed-aa7c-7003bca91a86,stores,148,IT-0008,Dust Mask / Respirator Mask,pcs,CONSUME,-2.01,-2.01,pcs,0.00,01-Oct-2025 00:00,UTC,2025-10-01 00:00:00,,,056a433e-b880-43c6-9d59-b1cfe71a4014,General stores consumption
2363,7440571a-841a-11ed-aa7c-7003bca91a86,stores,141,IT-0001,Safety Gloves – Cotton,pcs,CONSUME,-1.66,-1.66,pcs,64.50,01-Oct-2025 00:00,UTC,2025-10-01 00:00:00,,,480b40d0-04bd-4590-a936-2f879b867977,General stores consumption
2357,7440571a-841a-11ed-aa7c-7003bca91a86,stores,143,IT-0003,Grinding Wheel (Grinding Disc),pcs,CONSUME,-2.46,-2.46,pcs,0.00,01-Oct-2025 00:00,UTC,2025-10-01 00:00:00,,,228b5256-5bd2-4bf3-826f-c6fe76571449,General stores consumption
1372,7440571a-841a-11ed-aa7c-7003bca91a86,lubes,154,LU-0004,Turbocharger Lube Oil,ltr,CONSUME,-5.00,-5.00,ltr,9.00,30-Sep-2025 15:08,UTC,2025-09-30 15:08:00,,WO-2025-004,1,Routine maintenance consumption
812,7440571a-841a-11ed-aa7c-7003bca91a86,chemicals,170,CH-0010,Hand Cleaning Chemical (Industrial Soap),ltr,RECEIVE,24.00,24.00,ltr,24.00,30-Sep-2025 09:44,UTC,2025-09-30 09:44:00,Mumbai,PO-2025-102,1,Quarterly supply order
3805,7440571a-841a-11ed-aa7c-7003bca91a86,lubes,151,LU-0001,Main Engine Cylinder Oil,ltr,CONSUME,-108.10,-108.10,ltr,0.00,30-Sep-2025 08:46,UTC,2025-09-30 08:46:00,,,228b5256-5bd2-4bf3-826f-c6fe76571449,Daily cylinder oil consumption - 108.1 ltr
811,7440571a-841a-11ed-aa7c-7003bca91a86,stores,145,IT-0005,Welding Electrodes (General Purpose),pcs,CONSUME,-1.00,-1.00,pcs,20.00,29-Sep-2025 21:21,UTC,2025-09-29 21:21:00,,WO-2025-007,1,Hull maintenance work
810,7440571a-841a-11ed-aa7c-7003bca91a86,stores,142,IT-0002,Jeevan,pcs,CONSUME,-1.00,-1.00,pcs,19.00,29-Sep-2025 18:45,UTC,2025-09-29 18:45:00,,WO-2025-011,1,Safety equipment replenishment
809,7440571a-841a-11ed-aa7c-7003bca91a86,others,177,OT-0007,"Bilges, chain lockers",ltr,CONSUME,-2.00,-2.00,ltr,44.00,29-Sep-2025 13:47,UTC,2025-09-29 13:47:00,,WO-2025-006,1,Navigation equipment maintenance
808,7440571a-841a-11ed-aa7c-7003bca91a86,chemicals,168,CH-0008,Rust Remover / Descaling Chemical,ltr,CONSUME,-6.00,-6.00,ltr,8.00,29-Sep-2025 13:06,UTC,2025-09-29 13:06:00,,WO-2025-001,1,Regular operational consumption
807,7440571a-841a-11ed-aa7c-7003bca91a86,chemicals,162,CH-0002,Lube Oil Treatment Chemical,ltr,RECEIVE,15.00,15.00,ltr,16.00,29-Sep-2025 08:54,UTC,2025-09-29 08:54:00,Busan,PO-2025-106,1,Port supply delivery
3804,7440571a-841a-11ed-aa7c-7003bca91a86,lubes,151,LU-0001,Main Engine Cylinder Oil,ltr,CONSUME,-58.60,-58.60,ltr,0.00,29-Sep-2025 06:24,UTC,2025-09-29 06:24:00,,,056a433e-b880-43c6-9d59-b1cfe71a4014,Daily cylinder oil consumption - 58.6 ltr
2356,7440571a-841a-11ed-aa7c-7003bca91a86,chemicals,170,CH-0010,Hand Cleaning Chemical (Industrial Soap),ltr,CONSUME,-1.18,-1.18,ltr,0.00,29-Sep-2025 00:00,UTC,2025-09-29 00:00:00,,,6084f3b8-85dc-462a-b045-111d2b2e6d0e,Weekly chemical consumption
806,7440571a-841a-11ed-aa7c-7003bca91a86,chemicals,170,CH-0010,Hand Cleaning Chemical (Industrial Soap),ltr,CONSUME,-8.00,-8.00,ltr,6.00,28-Sep-2025 20:13,UTC,2025-09-28 20:13:00,,WO-2025-012,1,Monthly routine usage
805,7440571a-841a-11ed-aa7c-7003bca91a86,chemicals,168,CH-0008,Rust Remover / Descaling Chemical,ltr,RECEIVE,17.00,17.00,ltr,17.00,28-Sep-2025 16:03,UTC,2025-09-28 16:03:00,Busan,PO-2025-102,1,Quarterly supply order
804,7440571a-841a-11ed-aa7c-7003bca91a86,others,173,OT-0003,Hull below waterline,ltr,RECEIVE,6.00,6.00,ltr,39.00,28-Sep-2025 13:02,UTC,2025-09-28 13:02:00,Busan,PO-2025-106,1,Emergency supply received
1371,7440571a-841a-11ed-aa7c-7003bca91a86,lubes,155,LU-0005,Hydraulic Oil,ltr,RECEIVE,34.00,34.00,ltr,55.00,28-Sep-2025 12:20,UTC,2025-09-28 12:20:00,Fujairah,PO-2025-103,1,Quarterly supply order
803,7440571a-841a-11ed-aa7c-7003bca91a86,stores,150,IT-0010,Emery Paper / Abrasive Sheet,pcs,CONSUME,-2.00,-2.00,pcs,22.00,28-Sep-2025 10:20,UTC,2025-09-28 10:20:00,,WO-2025-006,1,Deck maintenance work
802,7440571a-841a-11ed-aa7c-7003bca91a86,stores,144,IT-0004,Cutting Disc (Angle Grinder),pcs,CONSUME,-4.00,-4.00,pcs,12.00,28-Sep-2025 08:36,UTC,2025-09-28 08:36:00,,WO-2025-005,1,Machinery space maintenance
3803,7440571a-841a-11ed-aa7c-7003bca91a86,lubes,151,LU-0001,Main Engine Cylinder Oil,ltr,CONSUME,-103.00,-103.00,ltr,0.00,28-Sep-2025 06:08,UTC,2025-09-28 06:08:00,,,228b5256-5bd2-4bf3-826f-c6fe76571449,Daily cylinder oil consumption - 103.0 ltr
801,7440571a-841a-11ed-aa7c-7003bca91a86,chemicals,161,CH-0001,Fuel Oil Treatment Chemical,ltr,CONSUME,-5.00,-5.00,ltr,23.00,27-Sep-2025 19:57,UTC,2025-09-27 19:57:00,,WO-2025-012,1,Deck maintenance work
800,7440571a-841a-11ed-aa7c-7003bca91a86,others,180,OT-0010,"Pipelines, safety markings",ltr,RECEIVE,15.00,15.00,ltr,68.00,27-Sep-2025 16:59,UTC,2025-09-27 16:59:00,Colombo,PO-2025-106,1,Quarterly supply order
799,7440571a-841a-11ed-aa7c-7003bca91a86,stores,148,IT-0008,Dust Mask / Respirator Mask,pcs,CONSUME,-2.00,-2.00,pcs,26.00,27-Sep-2025 16:58,UTC,2025-09-27 16:58:00,,WO-2025-003,1,Emergency repair usage
798,7440571a-841a-11ed-aa7c-7003bca91a86,chemicals,166,CH-0006,Tank Cleaning Chemical (Alkaline),ltr,RECEIVE,19.00,19.00,ltr,19.00,27-Sep-2025 16:43,UTC,2025-09-27 16:43:00,Colombo,PO-2025-106,1,Port supply delivery
1370,7440571a-841a-11ed-aa7c-7003bca91a86,lubes,158,LU-0008,Compressor Oil,ltr,CONSUME,-10.00,-10.00,ltr,15.00,27-Sep-2025 16:35,UTC,2025-09-27 16:35:00,,WO-2025-001,1,Regular operational consumption
1369,7440571a-841a-11ed-aa7c-7003bca91a86,lubes,158,LU-0008,Compressor Oil,ltr,RECEIVE,29.00,29.00,ltr,44.00,27-Sep-2025 13:15,UTC,2025-09-27 13:15:00,Fujairah,PO-2025-104,1,Port supply delivery
797,7440571a-841a-11ed-aa7c-7003bca91a86,others,171,OT-0001,Steel surface protection,ltr,RECEIVE,15.00,15.00,ltr,66.00,27-Sep-2025 12:42,UTC,2025-09-27 12:42:00,Shanghai,PO-2025-101,1,Port supply delivery
796,7440571a-841a-11ed-aa7c-7003bca91a86,stores,146,IT-0006,Safety Goggles (Clear),pcs,CONSUME,-5.00,-5.00,pcs,29.00,27-Sep-2025 07:54,UTC,2025-09-27 07:54:00,,WO-2025-002,1,Engine room maintenance
3802,7440571a-841a-11ed-aa7c-7003bca91a86,lubes,151,LU-0001,Main Engine Cylinder Oil,ltr,CONSUME,-91.00,-91.00,ltr,0.00,27-Sep-2025 06:02,UTC,2025-09-27 06:02:00,,,6084f3b8-85dc-462a-b045-111d2b2e6d0e,Daily cylinder oil consumption - 91.0 ltr
795,7440571a-841a-11ed-aa7c-7003bca91a86,others,172,OT-0002,"Ballast tanks, machinery spaces",ltr,CONSUME,-4.00,-4.00,ltr,47.00,26-Sep-2025 18:56,UTC,2025-09-26 18:56:00,,WO-2025-002,1,Deck maintenance work
1368,7440571a-841a-11ed-aa7c-7003bca91a86,lubes,151,LU-0001,Main Engine Cylinder Oil,ltr,CONSUME,-11.00,-11.00,ltr,5.00,26-Sep-2025 17:14,UTC,2025-09-26 17:14:00,,WO-2025-001,1,Routine maintenance consumption
1367,7440571a-841a-11ed-aa7c-7003bca91a86,lubes,155,LU-0005,Hydraulic Oil,ltr,CONSUME,-9.00,-9.00,ltr,25.00,26-Sep-2025 15:11,UTC,2025-09-26 15:11:00,,WO-2025-001,1,Monthly routine usage
794,7440571a-841a-11ed-aa7c-7003bca91a86,stores,143,IT-0003,Grinding Wheel (Grinding Disc),pcs,RECEIVE,16.00,16.00,pcs,24.00,26-Sep-2025 13:08,UTC,2025-09-26 13:08:00,Fujairah,PO-2025-104,1,Supplier delivery on schedule
1366,7440571a-841a-11ed-aa7c-7003bca91a86,lubes,156,LU-0006,Gear Oil,ltr,RECEIVE,29.00,29.00,ltr,54.00,26-Sep-2025 10:36,UTC,2025-09-26 10:36:00,Shanghai,PO-2025-104,1,Quarterly supply order
793,7440571a-841a-11ed-aa7c-7003bca91a86,chemicals,163,CH-0003,Boiler Water Treatment Chemical,ltr,RECEIVE,21.00,21.00,ltr,28.00,26-Sep-2025 10:30,UTC,2025-09-26 10:30:00,Jebel Ali,PO-2025-101,1,Port supply delivery
792,7440571a-841a-11ed-aa7c-7003bca91a86,chemicals,167,CH-0007,Degreasing Chemical,ltr,RECEIVE,11.00,11.00,ltr,11.00,26-Sep-2025 09:57,UTC,2025-09-26 09:57:00,Mumbai,PO-2025-108,1,Supply received per PO
1365,7440571a-841a-11ed-aa7c-7003bca91a86,lubes,158,LU-0008,Compressor Oil,ltr,CONSUME,-6.00,-6.00,ltr,25.00,26-Sep-2025 08:22,UTC,2025-09-26 08:22:00,,WO-2025-001,1,Routine maintenance consumption
3801,7440571a-841a-11ed-aa7c-7003bca91a86,lubes,151,LU-0001,Main Engine Cylinder Oil,ltr,CONSUME,-110.50,-110.50,ltr,0.00,26-Sep-2025 07:31,UTC,2025-09-26 07:31:00,,,480b40d0-04bd-4590-a936-2f879b867977,Daily cylinder oil consumption - 110.5 ltr
791,7440571a-841a-11ed-aa7c-7003bca91a86,others,176,OT-0006,"Exhausts, boilers, pipelines",ltr,CONSUME,-3.00,-3.00,ltr,46.00,25-Sep-2025 13:09,UTC,2025-09-25 13:09:00,,WO-2025-007,1,Engine room maintenance
3800,7440571a-841a-11ed-aa7c-7003bca91a86,lubes,151,LU-0001,Main Engine Cylinder Oil,ltr,CONSUME,-92.00,-92.00,ltr,0.00,25-Sep-2025 06:17,UTC,2025-09-25 06:17:00,,,480b40d0-04bd-4590-a936-2f879b867977,Daily cylinder oil consumption - 92.0 ltr
790,7440571a-841a-11ed-aa7c-7003bca91a86,chemicals,164,CH-0004,Cooling Water Treatment Chemical,ltr,CONSUME,-5.00,-5.00,ltr,17.00,24-Sep-2025 22:31,UTC,2025-09-24 22:31:00,,WO-2025-002,1,Deck maintenance work
789,7440571a-841a-11ed-aa7c-7003bca91a86,stores,145,IT-0005,Welding Electrodes (General Purpose),pcs,CONSUME,-5.00,-5.00,pcs,15.00,24-Sep-2025 20:33,UTC,2025-09-24 20:33:00,,WO-2025-008,1,Deck maintenance work
788,7440571a-841a-11ed-aa7c-7003bca91a86,chemicals,165,CH-0005,Potable Water Chlorination Chemical,ltr,RECEIVE,12.00,12.00,ltr,16.00,24-Sep-2025 16:25,UTC,2025-09-24 16:25:00,Colombo,PO-2025-107,1,Requisition fulfilled
1364,7440571a-841a-11ed-aa7c-7003bca91a86,lubes,160,LU-0010,Multipurpose Grease,ltr,CONSUME,-11.00,-11.00,ltr,7.00,24-Sep-2025 12:19,UTC,2025-09-24 12:19:00,,WO-2025-004,1,Monthly routine usage
3799,7440571a-841a-11ed-aa7c-7003bca91a86,lubes,151,LU-0001,Main Engine Cylinder Oil,ltr,CONSUME,-74.80,-74.80,ltr,0.00,24-Sep-2025 06:50,UTC,2025-09-24 06:50:00,,,6084f3b8-85dc-462a-b045-111d2b2e6d0e,Daily cylinder oil consumption - 74.8 ltr
1363,7440571a-841a-11ed-aa7c-7003bca91a86,lubes,152,LU-0002,Main Engine System Oil,ltr,CONSUME,-7.00,-7.00,ltr,56.00,23-Sep-2025 18:02,UTC,2025-09-23 18:02:00,,WO-2025-001,1,Engine room maintenance
1362,7440571a-841a-11ed-aa7c-7003bca91a86,lubes,151,LU-0001,Main Engine Cylinder Oil,ltr,RECEIVE,28.00,28.00,ltr,28.00,23-Sep-2025 15:56,UTC,2025-09-23 15:56:00,Shanghai,PO-2025-101,1,Port supply delivery
1361,7440571a-841a-11ed-aa7c-7003bca91a86,lubes,152,LU-0002,Main Engine System Oil,ltr,RECEIVE,40.00,40.00,ltr,84.00,23-Sep-2025 12:47,UTC,2025-09-23 12:47:00,Mumbai,PO-2025-102,1,Port supply delivery
787,7440571a-841a-11ed-aa7c-7003bca91a86,others,172,OT-0002,"Ballast tanks, machinery spaces",ltr,RECEIVE,7.00,7.00,ltr,54.00,23-Sep-2025 12:40,UTC,2025-09-23 12:40:00,Rotterdam,PO-2025-105,1,Emergency supply received
1360,7440571a-841a-11ed-aa7c-7003bca91a86,lubes,153,LU-0003,Auxiliary Engine Lube Oil,ltr,CONSUME,-4.00,-4.00,ltr,34.00,23-Sep-2025 11:27,UTC,2025-09-23 11:27:00,,WO-2025-005,1,Routine maintenance consumption
1359,7440571a-841a-11ed-aa7c-7003bca91a86,lubes,160,LU-0010,Multipurpose Grease,ltr,RECEIVE,32.00,32.00,ltr,39.00,23-Sep-2025 11:01,UTC,2025-09-23 11:01:00,Colombo,PO-2025-102,1,Supply received per PO
786,7440571a-841a-11ed-aa7c-7003bca91a86,stores,149,IT-0009,Cotton Waste / Cleaning Rags,pcs,CONSUME,-3.00,-3.00,pcs,46.00,23-Sep-2025 10:10,UTC,2025-09-23 10:10:00,,WO-2025-006,1,Hull maintenance work
1358,7440571a-841a-11ed-aa7c-7003bca91a86,lubes,152,LU-0002,Main Engine System Oil,ltr,CONSUME,-12.00,-12.00,ltr,44.00,23-Sep-2025 09:06,UTC,2025-09-23 09:06:00,,WO-2025-005,1,Engine room maintenance
785,7440571a-841a-11ed-aa7c-7003bca91a86,others,179,OT-0009,Weather decks,ltr,RECEIVE,5.00,5.00,ltr,57.00,23-Sep-2025 08:51,UTC,2025-09-23 08:51:00,Las Palmas,PO-2025-108,1,Top-up supply received
3798,7440571a-841a-11ed-aa7c-7003bca91a86,lubes,151,LU-0001,Main Engine Cylinder Oil,ltr,CONSUME,-112.60,-112.60,ltr,0.00,23-Sep-2025 07:59,UTC,2025-09-23 07:59:00,,,228b5256-5bd2-4bf3-826f-c6fe76571449,Daily cylinder oil consumption - 112.6 ltr
1357,7440571a-841a-11ed-aa7c-7003bca91a86,lubes,152,LU-0002,Main Engine System Oil,ltr,CONSUME,-11.00,-11.00,ltr,63.00,23-Sep-2025 07:22,UTC,2025-09-23 07:22:00,,WO-2025-002,1,Regular operational consumption
1356,7440571a-841a-11ed-aa7c-7003bca91a86,lubes,160,LU-0010,Multipurpose Grease,ltr,CONSUME,-11.00,-11.00,ltr,18.00,23-Sep-2025 06:27,UTC,2025-09-23 06:27:00,,WO-2025-003,1,Regular operational consumption
784,7440571a-841a-11ed-aa7c-7003bca91a86,stores,144,IT-0004,Cutting Disc (Angle Grinder),pcs,RECEIVE,25.00,25.00,pcs,33.00,22-Sep-2025 15:02,UTC,2025-09-22 15:02:00,Shanghai,PO-2025-105,1,Requisition fulfilled
783,7440571a-841a-11ed-aa7c-7003bca91a86,others,180,OT-0010,"Pipelines, safety markings",ltr,CONSUME,-3.00,-3.00,ltr,53.00,22-Sep-2025 11:38,UTC,2025-09-22 11:38:00,,WO-2025-012,1,Accommodation maintenance
782,7440571a-841a-11ed-aa7c-7003bca91a86,others,174,OT-0004,Waterline area,ltr,RECEIVE,13.00,13.00,ltr,61.00,22-Sep-2025 11:09,UTC,2025-09-22 11:09:00,Mumbai,PO-2025-108,1,Emergency supply received
781,7440571a-841a-11ed-aa7c-7003bca91a86,others,175,OT-0005,External structures,ltr,RECEIVE,6.00,6.00,ltr,58.00,22-Sep-2025 09:35,UTC,2025-09-22 09:35:00,Las Palmas,PO-2025-105,1,Quarterly supply order
3797,7440571a-841a-11ed-aa7c-7003bca91a86,lubes,151,LU-0001,Main Engine Cylinder Oil,ltr,CONSUME,-66.70,-66.70,ltr,0.00,22-Sep-2025 08:35,UTC,2025-09-22 08:35:00,,,480b40d0-04bd-4590-a936-2f879b867977,Daily cylinder oil consumption - 66.7 ltr
1355,7440571a-841a-11ed-aa7c-7003bca91a86,lubes,151,LU-0001,Main Engine Cylinder Oil,ltr,CONSUME,-7.00,-7.00,ltr,0.00,21-Sep-2025 20:13,UTC,2025-09-21 20:13:00,,WO-2025-004,1,Regular operational consumption
780,7440571a-841a-11ed-aa7c-7003bca91a86,others,178,OT-0008,"Pipes, tanks, machinery",ltr,RECEIVE,12.00,12.00,ltr,56.00,21-Sep-2025 16:04,UTC,2025-09-21 16:04:00,Singapore,PO-2025-106,1,Top-up supply received
3796,7440571a-841a-11ed-aa7c-7003bca91a86,lubes,151,LU-0001,Main Engine Cylinder Oil,ltr,CONSUME,-70.40,-70.40,ltr,0.00,21-Sep-2025 09:25,UTC,2025-09-21 09:25:00,,,228b5256-5bd2-4bf3-826f-c6fe76571449,Daily cylinder oil consumption - 70.4 ltr
1354,7440571a-841a-11ed-aa7c-7003bca91a86,lubes,157,LU-0007,Stern Tube Oil,ltr,CONSUME,-4.00,-4.00,ltr,42.00,21-Sep-2025 08:10,UTC,2025-09-21 08:10:00,,WO-2025-005,1,Engine room maintenance
779,7440571a-841a-11ed-aa7c-7003bca91a86,stores,142,IT-0002,Jeevan,pcs,CONSUME,-1.00,-1.00,pcs,13.00,20-Sep-2025 22:07,UTC,2025-09-20 22:07:00,,WO-2025-008,1,Routine maintenance consumption
778,7440571a-841a-11ed-aa7c-7003bca91a86,chemicals,170,CH-0010,Hand Cleaning Chemical (Industrial Soap),ltr,CONSUME,-7.00,-7.00,ltr,0.00,20-Sep-2025 19:46,UTC,2025-09-20 19:46:00,,WO-2025-012,1,Hull maintenance work
777,7440571a-841a-11ed-aa7c-7003bca91a86,stores,141,IT-0001,Safety Gloves – Cotton,pcs,CONSUME,-4.00,-4.00,pcs,20.00,20-Sep-2025 17:59,UTC,2025-09-20 17:59:00,,WO-2025-004,1,Emergency repair usage
776,7440571a-841a-11ed-aa7c-7003bca91a86,others,176,OT-0006,"Exhausts, boilers, pipelines",ltr,RECEIVE,14.00,14.00,ltr,60.00,20-Sep-2025 16:46,UTC,2025-09-20 16:46:00,Colombo,PO-2025-105,1,Supplier delivery on schedule
1353,7440571a-841a-11ed-aa7c-7003bca91a86,lubes,157,LU-0007,Stern Tube Oil,ltr,RECEIVE,28.00,28.00,ltr,70.00,20-Sep-2025 15:36,UTC,2025-09-20 15:36:00,Singapore,PO-2025-103,1,Supply received per PO
775,7440571a-841a-11ed-aa7c-7003bca91a86,stores,141,IT-0001,Safety Gloves – Cotton,pcs,CONSUME,-5.00,-5.00,pcs,26.00,20-Sep-2025 15:29,UTC,2025-09-20 15:29:00,,WO-2025-005,1,Deck maintenance work
1352,7440571a-841a-11ed-aa7c-7003bca91a86,lubes,153,LU-0003,Auxiliary Engine Lube Oil,ltr,RECEIVE,16.00,16.00,ltr,44.00,20-Sep-2025 14:59,UTC,2025-09-20 14:59:00,Jebel Ali,PO-2025-102,1,Quarterly supply order
774,7440571a-841a-11ed-aa7c-7003bca91a86,chemicals,162,CH-0002,Lube Oil Treatment Chemical,ltr,CONSUME,-4.00,-4.00,ltr,6.00,20-Sep-2025 12:05,UTC,2025-09-20 12:05:00,,WO-2025-010,1,Monthly routine usage
773,7440571a-841a-11ed-aa7c-7003bca91a86,others,177,OT-0007,"Bilges, chain lockers",ltr,RECEIVE,8.00,8.00,ltr,52.00,20-Sep-2025 09:28,UTC,2025-09-20 09:28:00,Mumbai,PO-2025-105,1,Supply received per PO
3795,7440571a-841a-11ed-aa7c-7003bca91a86,lubes,151,LU-0001,Main Engine Cylinder Oil,ltr,CONSUME,-64.30,-64.30,ltr,0.00,20-Sep-2025 07:35,UTC,2025-09-20 07:35:00,,,6084f3b8-85dc-462a-b045-111d2b2e6d0e,Daily cylinder oil consumption - 64.3 ltr
772,7440571a-841a-11ed-aa7c-7003bca91a86,stores,150,IT-0010,Emery Paper / Abrasive Sheet,pcs,CONSUME,-3.00,-3.00,pcs,14.00,19-Sep-2025 21:51,UTC,2025-09-19 21:51:00,,WO-2025-007,1,Regular operational consumption
771,7440571a-841a-11ed-aa7c-7003bca91a86,others,173,OT-0003,Hull below waterline,ltr,CONSUME,-2.00,-2.00,ltr,33.00,19-Sep-2025 16:21,UTC,2025-09-19 16:21:00,,WO-2025-001,1,Safety equipment replenishment
1351,7440571a-841a-11ed-aa7c-7003bca91a86,lubes,154,LU-0004,Turbocharger Lube Oil,ltr,RECEIVE,17.00,17.00,ltr,26.00,19-Sep-2025 13:43,UTC,2025-09-19 13:43:00,Fujairah,PO-2025-102,1,Quarterly supply order
770,7440571a-841a-11ed-aa7c-7003bca91a86,stores,149,IT-0009,Cotton Waste / Cleaning Rags,pcs,CONSUME,-4.00,-4.00,pcs,36.00,19-Sep-2025 10:21,UTC,2025-09-19 10:21:00,,WO-2025-011,1,Hull maintenance work
3794,7440571a-841a-11ed-aa7c-7003bca91a86,lubes,151,LU-0001,Main Engine Cylinder Oil,ltr,CONSUME,-61.00,-61.00,ltr,0.00,19-Sep-2025 08:38,UTC,2025-09-19 08:38:00,,,228b5256-5bd2-4bf3-826f-c6fe76571449,Daily cylinder oil consumption - 61.0 ltr
769,7440571a-841a-11ed-aa7c-7003bca91a86,chemicals,167,CH-0007,Degreasing Chemical,ltr,CONSUME,-3.00,-3.00,ltr,3.00,18-Sep-2025 20:29,UTC,2025-09-18 20:29:00,,WO-2025-003,1,Voyage preparation consumption
768,7440571a-841a-11ed-aa7c-7003bca91a86,stores,144,IT-0004,Cutting Disc (Angle Grinder),pcs,CONSUME,-1.00,-1.00,pcs,8.00,18-Sep-2025 17:18,UTC,2025-09-18 17:18:00,,WO-2025-006,1,Routine maintenance consumption
767,7440571a-841a-11ed-aa7c-7003bca91a86,chemicals,162,CH-0002,Lube Oil Treatment Chemical,ltr,CONSUME,-3.00,-3.00,ltr,10.00,18-Sep-2025 15:13,UTC,2025-09-18 15:13:00,,WO-2025-002,1,Scheduled overhaul requirement
766,7440571a-841a-11ed-aa7c-7003bca91a86,chemicals,164,CH-0004,Cooling Water Treatment Chemical,ltr,CONSUME,-5.00,-5.00,ltr,12.00,18-Sep-2025 11:08,UTC,2025-09-18 11:08:00,,WO-2025-002,1,Machinery space maintenance
3793,7440571a-841a-11ed-aa7c-7003bca91a86,lubes,151,LU-0001,Main Engine Cylinder Oil,ltr,CONSUME,-76.50,-76.50,ltr,0.00,18-Sep-2025 09:11,UTC,2025-09-18 09:11:00,,,056a433e-b880-43c6-9d59-b1cfe71a4014,Daily cylinder oil consumption - 76.5 ltr
765,7440571a-841a-11ed-aa7c-7003bca91a86,stores,141,IT-0001,Safety Gloves – Cotton,pcs,CONSUME,-2.00,-2.00,pcs,24.00,18-Sep-2025 08:28,UTC,2025-09-18 08:28:00,,WO-2025-009,1,Machinery space maintenance
2809,7440571a-841a-11ed-aa7c-7003bca91a86,stores,178,OT-0008,"Pipes, tanks, machinery",ltr,RECEIVE,20.71,20.71,ltr,304.40,18-Sep-2025 00:00,UTC,2025-09-18 00:00:00,Colombo,PO-2025-9212,228b5256-5bd2-4bf3-826f-c6fe76571449,Received at Colombo
2807,7440571a-841a-11ed-aa7c-7003bca91a86,stores,173,OT-0003,Hull below waterline,ltr,RECEIVE,40.41,40.41,ltr,299.73,18-Sep-2025 00:00,UTC,2025-09-18 00:00:00,Colombo,PO-2025-6615,228b5256-5bd2-4bf3-826f-c6fe76571449,Received at Colombo
2806,7440571a-841a-11ed-aa7c-7003bca91a86,stores,172,OT-0002,"Ballast tanks, machinery spaces",ltr,RECEIVE,23.81,23.81,ltr,244.76,18-Sep-2025 00:00,UTC,2025-09-18 00:00:00,Colombo,PO-2025-2077,228b5256-5bd2-4bf3-826f-c6fe76571449,Received at Colombo
2805,7440571a-841a-11ed-aa7c-7003bca91a86,stores,171,OT-0001,Steel surface protection,ltr,RECEIVE,39.62,39.62,ltr,259.09,18-Sep-2025 00:00,UTC,2025-09-18 00:00:00,Colombo,PO-2025-0562,228b5256-5bd2-4bf3-826f-c6fe76571449,Received at Colombo
2804,7440571a-841a-11ed-aa7c-7003bca91a86,chemicals,165,CH-0005,Potable Water Chlorination Chemical,ltr,RECEIVE,53.50,53.50,ltr,309.32,18-Sep-2025 00:00,UTC,2025-09-18 00:00:00,Colombo,PO-2025-3626,228b5256-5bd2-4bf3-826f-c6fe76571449,Received at Colombo
2803,7440571a-841a-11ed-aa7c-7003bca91a86,chemicals,162,CH-0002,Lube Oil Treatment Chemical,ltr,RECEIVE,31.63,31.63,ltr,339.48,18-Sep-2025 00:00,UTC,2025-09-18 00:00:00,Colombo,PO-2025-4628,228b5256-5bd2-4bf3-826f-c6fe76571449,Received at Colombo
2808,7440571a-841a-11ed-aa7c-7003bca91a86,stores,174,OT-0004,Waterline area,ltr,RECEIVE,29.05,29.05,ltr,251.35,18-Sep-2025 00:00,UTC,2025-09-18 00:00:00,Colombo,PO-2025-0116,228b5256-5bd2-4bf3-826f-c6fe76571449,Received at Colombo
2810,7440571a-841a-11ed-aa7c-7003bca91a86,stores,141,IT-0001,Safety Gloves – Cotton,pcs,RECEIVE,13.35,13.35,pcs,345.50,18-Sep-2025 00:00,UTC,2025-09-18 00:00:00,Colombo,PO-2025-2430,228b5256-5bd2-4bf3-826f-c6fe76571449,Received at Colombo
2802,7440571a-841a-11ed-aa7c-7003bca91a86,stores,159,LU-0009,Refrigeration Compressor Oil,ltr,RECEIVE,21.54,21.54,ltr,316.78,18-Sep-2025 00:00,UTC,2025-09-18 00:00:00,Colombo,PO-2025-8355,228b5256-5bd2-4bf3-826f-c6fe76571449,Received at Colombo
2801,7440571a-841a-11ed-aa7c-7003bca91a86,stores,157,LU-0007,Stern Tube Oil,ltr,RECEIVE,39.49,39.49,ltr,485.27,18-Sep-2025 00:00,UTC,2025-09-18 00:00:00,Colombo,PO-2025-9281,228b5256-5bd2-4bf3-826f-c6fe76571449,Received at Colombo
764,7440571a-841a-11ed-aa7c-7003bca91a86,stores,142,IT-0002,Jeevan,pcs,CONSUME,-3.00,-3.00,pcs,14.00,17-Sep-2025 21:43,UTC,2025-09-17 21:43:00,,WO-2025-012,1,Safety equipment replenishment
763,7440571a-841a-11ed-aa7c-7003bca91a86,stores,145,IT-0005,Welding Electrodes (General Purpose),pcs,CONSUME,-1.00,-1.00,pcs,12.00,17-Sep-2025 19:17,UTC,2025-09-17 19:17:00,,WO-2025-008,1,Routine maintenance consumption
3792,7440571a-841a-11ed-aa7c-7003bca91a86,lubes,151,LU-0001,Main Engine Cylinder Oil,ltr,CONSUME,-110.00,-110.00,ltr,0.00,17-Sep-2025 08:36,UTC,2025-09-17 08:36:00,,,6084f3b8-85dc-462a-b045-111d2b2e6d0e,Daily cylinder oil consumption - 110.0 ltr
762,7440571a-841a-11ed-aa7c-7003bca91a86,chemicals,163,CH-0003,Boiler Water Treatment Chemical,ltr,CONSUME,-2.00,-2.00,ltr,23.00,16-Sep-2025 15:11,UTC,2025-09-16 15:11:00,,WO-2025-005,1,Deck maintenance work
761,7440571a-841a-11ed-aa7c-7003bca91a86,chemicals,166,CH-0006,Tank Cleaning Chemical (Alkaline),ltr,CONSUME,-3.00,-3.00,ltr,4.00,16-Sep-2025 13:37,UTC,2025-09-16 13:37:00,,WO-2025-004,1,Port state inspection preparation
1350,7440571a-841a-11ed-aa7c-7003bca91a86,lubes,153,LU-0003,Auxiliary Engine Lube Oil,ltr,CONSUME,-3.00,-3.00,ltr,31.00,16-Sep-2025 08:04,UTC,2025-09-16 08:04:00,,WO-2025-006,1,Engine room maintenance
3791,7440571a-841a-11ed-aa7c-7003bca91a86,lubes,151,LU-0001,Main Engine Cylinder Oil,ltr,CONSUME,-109.70,-109.70,ltr,0.00,16-Sep-2025 06:38,UTC,2025-09-16 06:38:00,,,056a433e-b880-43c6-9d59-b1cfe71a4014,Daily cylinder oil consumption - 109.7 ltr
760,7440571a-841a-11ed-aa7c-7003bca91a86,stores,148,IT-0008,Dust Mask / Respirator Mask,pcs,CONSUME,-1.00,-1.00,pcs,30.00,16-Sep-2025 06:06,UTC,2025-09-16 06:06:00,,WO-2025-002,1,Quarterly maintenance requirement
759,7440571a-841a-11ed-aa7c-7003bca91a86,stores,149,IT-0009,Cotton Waste / Cleaning Rags,pcs,CONSUME,-2.00,-2.00,pcs,44.00,15-Sep-2025 19:06,UTC,2025-09-15 19:06:00,,WO-2025-003,1,Quarterly maintenance requirement
758,7440571a-841a-11ed-aa7c-7003bca91a86,stores,143,IT-0003,Grinding Wheel (Grinding Disc),pcs,CONSUME,-5.00,-5.00,pcs,8.00,15-Sep-2025 17:48,UTC,2025-09-15 17:48:00,,WO-2025-005,1,Scheduled overhaul requirement
1349,7440571a-841a-11ed-aa7c-7003bca91a86,lubes,159,LU-0009,Refrigeration Compressor Oil,ltr,RECEIVE,25.00,25.00,ltr,39.00,15-Sep-2025 15:13,UTC,2025-09-15 15:13:00,Mumbai,PO-2025-101,1,Quarterly supply order
757,7440571a-841a-11ed-aa7c-7003bca91a86,chemicals,161,CH-0001,Fuel Oil Treatment Chemical,ltr,CONSUME,-5.00,-5.00,ltr,18.00,15-Sep-2025 14:20,UTC,2025-09-15 14:20:00,,WO-2025-008,1,Regular operational consumption
756,7440571a-841a-11ed-aa7c-7003bca91a86,stores,148,IT-0008,Dust Mask / Respirator Mask,pcs,CONSUME,-2.00,-2.00,pcs,28.00,15-Sep-2025 14:17,UTC,2025-09-15 14:17:00,,WO-2025-005,1,Engine room maintenance
3790,7440571a-841a-11ed-aa7c-7003bca91a86,lubes,151,LU-0001,Main Engine Cylinder Oil,ltr,CONSUME,-76.20,-76.20,ltr,0.00,15-Sep-2025 07:43,UTC,2025-09-15 07:43:00,,,228b5256-5bd2-4bf3-826f-c6fe76571449,Daily cylinder oil consumption - 76.2 ltr
2343,7440571a-841a-11ed-aa7c-7003bca91a86,chemicals,166,CH-0006,Tank Cleaning Chemical (Alkaline),ltr,CONSUME,-1.44,-1.44,ltr,0.00,15-Sep-2025 00:00,UTC,2025-09-15 00:00:00,,,480b40d0-04bd-4590-a936-2f879b867977,Weekly chemical consumption
2340,7440571a-841a-11ed-aa7c-7003bca91a86,chemicals,163,CH-0003,Boiler Water Treatment Chemical,ltr,CONSUME,-0.55,-0.55,ltr,0.00,15-Sep-2025 00:00,UTC,2025-09-15 00:00:00,,,6084f3b8-85dc-462a-b045-111d2b2e6d0e,Weekly chemical consumption
2341,7440571a-841a-11ed-aa7c-7003bca91a86,chemicals,164,CH-0004,Cooling Water Treatment Chemical,ltr,CONSUME,-0.68,-0.68,ltr,0.00,15-Sep-2025 00:00,UTC,2025-09-15 00:00:00,,,480b40d0-04bd-4590-a936-2f879b867977,Weekly chemical consumption
2342,7440571a-841a-11ed-aa7c-7003bca91a86,chemicals,165,CH-0005,Potable Water Chlorination Chemical,ltr,CONSUME,-1.86,-1.86,ltr,0.00,15-Sep-2025 00:00,UTC,2025-09-15 00:00:00,,,056a433e-b880-43c6-9d59-b1cfe71a4014,Weekly chemical consumption
2355,7440571a-841a-11ed-aa7c-7003bca91a86,stores,178,OT-0008,"Pipes, tanks, machinery",ltr,CONSUME,-3.40,-3.40,ltr,0.00,15-Sep-2025 00:00,UTC,2025-09-15 00:00:00,,,056a433e-b880-43c6-9d59-b1cfe71a4014,General stores consumption
2354,7440571a-841a-11ed-aa7c-7003bca91a86,stores,177,OT-0007,"Bilges, chain lockers",ltr,CONSUME,-3.16,-3.16,ltr,0.00,15-Sep-2025 00:00,UTC,2025-09-15 00:00:00,,,6084f3b8-85dc-462a-b045-111d2b2e6d0e,General stores consumption
2353,7440571a-841a-11ed-aa7c-7003bca91a86,stores,172,OT-0002,"Ballast tanks, machinery spaces",ltr,CONSUME,-1.39,-1.39,ltr,0.00,15-Sep-2025 00:00,UTC,2025-09-15 00:00:00,,,228b5256-5bd2-4bf3-826f-c6fe76571449,General stores consumption
2352,7440571a-841a-11ed-aa7c-7003bca91a86,stores,171,OT-0001,Steel surface protection,ltr,CONSUME,-2.88,-2.88,ltr,0.00,15-Sep-2025 00:00,UTC,2025-09-15 00:00:00,,,056a433e-b880-43c6-9d59-b1cfe71a4014,General stores consumption
2351,7440571a-841a-11ed-aa7c-7003bca91a86,stores,150,IT-0010,Emery Paper / Abrasive Sheet,pcs,CONSUME,-2.69,-2.69,pcs,0.00,15-Sep-2025 00:00,UTC,2025-09-15 00:00:00,,,6084f3b8-85dc-462a-b045-111d2b2e6d0e,General stores consumption
2350,7440571a-841a-11ed-aa7c-7003bca91a86,stores,149,IT-0009,Cotton Waste / Cleaning Rags,pcs,CONSUME,-1.93,-1.93,pcs,0.00,15-Sep-2025 00:00,UTC,2025-09-15 00:00:00,,,056a433e-b880-43c6-9d59-b1cfe71a4014,General stores consumption
2349,7440571a-841a-11ed-aa7c-7003bca91a86,stores,148,IT-0008,Dust Mask / Respirator Mask,pcs,CONSUME,-1.50,-1.50,pcs,0.00,15-Sep-2025 00:00,UTC,2025-09-15 00:00:00,,,6084f3b8-85dc-462a-b045-111d2b2e6d0e,General stores consumption
2348,7440571a-841a-11ed-aa7c-7003bca91a86,stores,146,IT-0006,Safety Goggles (Clear),pcs,CONSUME,-2.21,-2.21,pcs,0.00,15-Sep-2025 00:00,UTC,2025-09-15 00:00:00,,,6084f3b8-85dc-462a-b045-111d2b2e6d0e,General stores consumption
2347,7440571a-841a-11ed-aa7c-7003bca91a86,stores,145,IT-0005,Welding Electrodes (General Purpose),pcs,CONSUME,-1.76,-1.76,pcs,0.00,15-Sep-2025 00:00,UTC,2025-09-15 00:00:00,,,056a433e-b880-43c6-9d59-b1cfe71a4014,General stores consumption
2346,7440571a-841a-11ed-aa7c-7003bca91a86,stores,142,IT-0002,Jeevan,pcs,CONSUME,-2.08,-2.08,pcs,0.00,15-Sep-2025 00:00,UTC,2025-09-15 00:00:00,,,056a433e-b880-43c6-9d59-b1cfe71a4014,General stores consumption
2345,7440571a-841a-11ed-aa7c-7003bca91a86,chemicals,170,CH-0010,Hand Cleaning Chemical (Industrial Soap),ltr,CONSUME,-0.27,-0.27,ltr,0.00,15-Sep-2025 00:00,UTC,2025-09-15 00:00:00,,,6084f3b8-85dc-462a-b045-111d2b2e6d0e,Weekly chemical consumption
2344,7440571a-841a-11ed-aa7c-7003bca91a86,chemicals,168,CH-0008,Rust Remover / Descaling Chemical,ltr,CONSUME,-1.75,-1.75,ltr,0.00,15-Sep-2025 00:00,UTC,2025-09-15 00:00:00,,,228b5256-5bd2-4bf3-826f-c6fe76571449,Weekly chemical consumption
755,7440571a-841a-11ed-aa7c-7003bca91a86,chemicals,166,CH-0006,Tank Cleaning Chemical (Alkaline),ltr,CONSUME,-5.00,-5.00,ltr,0.00,14-Sep-2025 22:54,UTC,2025-09-14 22:54:00,,WO-2025-003,1,Machinery space maintenance
754,7440571a-841a-11ed-aa7c-7003bca91a86,stores,147,IT-0007,Ear Plugs (Disposable),pcs,CONSUME,-1.00,-1.00,pcs,22.00,14-Sep-2025 13:34,UTC,2025-09-14 13:34:00,,WO-2025-001,1,Machinery space maintenance
753,7440571a-841a-11ed-aa7c-7003bca91a86,chemicals,168,CH-0008,Rust Remover / Descaling Chemical,ltr,CONSUME,-8.00,-8.00,ltr,0.00,14-Sep-2025 08:26,UTC,2025-09-14 08:26:00,,WO-2025-009,1,Emergency repair usage
3789,7440571a-841a-11ed-aa7c-7003bca91a86,lubes,151,LU-0001,Main Engine Cylinder Oil,ltr,CONSUME,-100.60,-100.60,ltr,0.00,14-Sep-2025 06:36,UTC,2025-09-14 06:36:00,,,056a433e-b880-43c6-9d59-b1cfe71a4014,Daily cylinder oil consumption - 100.6 ltr
1348,7440571a-841a-11ed-aa7c-7003bca91a86,lubes,159,LU-0009,Refrigeration Compressor Oil,ltr,CONSUME,-12.00,-12.00,ltr,14.00,13-Sep-2025 20:13,UTC,2025-09-13 20:13:00,,WO-2025-004,1,Engine room maintenance
752,7440571a-841a-11ed-aa7c-7003bca91a86,stores,146,IT-0006,Safety Goggles (Clear),pcs,CONSUME,-5.00,-5.00,pcs,24.00,13-Sep-2025 19:20,UTC,2025-09-13 19:20:00,,WO-2025-007,1,Machinery space maintenance
3788,7440571a-841a-11ed-aa7c-7003bca91a86,lubes,151,LU-0001,Main Engine Cylinder Oil,ltr,CONSUME,-96.60,-96.60,ltr,0.00,13-Sep-2025 09:08,UTC,2025-09-13 09:08:00,,,6084f3b8-85dc-462a-b045-111d2b2e6d0e,Daily cylinder oil consumption - 96.6 ltr
1347,7440571a-841a-11ed-aa7c-7003bca91a86,lubes,153,LU-0003,Auxiliary Engine Lube Oil,ltr,CONSUME,-3.00,-3.00,ltr,28.00,13-Sep-2025 08:22,UTC,2025-09-13 08:22:00,,WO-2025-004,1,Scheduled overhaul requirement
751,7440571a-841a-11ed-aa7c-7003bca91a86,chemicals,163,CH-0003,Boiler Water Treatment Chemical,ltr,CONSUME,-6.00,-6.00,ltr,7.00,13-Sep-2025 08:14,UTC,2025-09-13 08:14:00,,WO-2025-004,1,Routine maintenance consumption
750,7440571a-841a-11ed-aa7c-7003bca91a86,stores,147,IT-0007,Ear Plugs (Disposable),pcs,CONSUME,-3.00,-3.00,pcs,19.00,12-Sep-2025 20:09,UTC,2025-09-12 20:09:00,,WO-2025-005,1,Safety equipment replenishment
749,7440571a-841a-11ed-aa7c-7003bca91a86,chemicals,162,CH-0002,Lube Oil Treatment Chemical,ltr,CONSUME,-5.00,-5.00,ltr,1.00,12-Sep-2025 19:11,UTC,2025-09-12 19:11:00,,WO-2025-003,1,Safety equipment replenishment
748,7440571a-841a-11ed-aa7c-7003bca91a86,chemicals,163,CH-0003,Boiler Water Treatment Chemical,ltr,CONSUME,-7.00,-7.00,ltr,16.00,12-Sep-2025 16:36,UTC,2025-09-12 16:36:00,,WO-2025-001,1,Hull maintenance work
747,7440571a-841a-11ed-aa7c-7003bca91a86,stores,143,IT-0003,Grinding Wheel (Grinding Disc),pcs,CONSUME,-1.00,-1.00,pcs,13.00,12-Sep-2025 14:29,UTC,2025-09-12 14:29:00,,WO-2025-007,1,Hull maintenance work
3787,7440571a-841a-11ed-aa7c-7003bca91a86,lubes,151,LU-0001,Main Engine Cylinder Oil,ltr,CONSUME,-112.20,-112.20,ltr,0.00,12-Sep-2025 07:28,UTC,2025-09-12 07:28:00,,,056a433e-b880-43c6-9d59-b1cfe71a4014,Daily cylinder oil consumption - 112.2 ltr
746,7440571a-841a-11ed-aa7c-7003bca91a86,stores,147,IT-0007,Ear Plugs (Disposable),pcs,CONSUME,-4.00,-4.00,pcs,23.00,11-Sep-2025 22:07,UTC,2025-09-11 22:07:00,,WO-2025-010,1,Emergency repair usage
745,7440571a-841a-11ed-aa7c-7003bca91a86,chemicals,165,CH-0005,Potable Water Chlorination Chemical,ltr,CONSUME,-6.00,-6.00,ltr,11.00,11-Sep-2025 14:08,UTC,2025-09-11 14:08:00,,WO-2025-007,1,Monthly routine usage
3786,7440571a-841a-11ed-aa7c-7003bca91a86,lubes,151,LU-0001,Main Engine Cylinder Oil,ltr,CONSUME,-101.20,-101.20,ltr,0.00,11-Sep-2025 08:03,UTC,2025-09-11 08:03:00,,,228b5256-5bd2-4bf3-826f-c6fe76571449,Daily cylinder oil consumption - 101.2 ltr
744,7440571a-841a-11ed-aa7c-7003bca91a86,chemicals,167,CH-0007,Degreasing Chemical,ltr,CONSUME,-4.00,-4.00,ltr,0.00,10-Sep-2025 16:31,UTC,2025-09-10 16:31:00,,WO-2025-010,1,Engine room maintenance
743,7440571a-841a-11ed-aa7c-7003bca91a86,chemicals,165,CH-0005,Potable Water Chlorination Chemical,ltr,CONSUME,-7.00,-7.00,ltr,4.00,10-Sep-2025 15:08,UTC,2025-09-10 15:08:00,,WO-2025-001,1,Machinery space maintenance
4002,7440571a-841a-11ed-aa7c-7003bca91a86,lubes,153,LU-0003,Auxiliary Engine Lube Oil,ltr,CONSUME,-174.30,-174.30,ltr,0.00,10-Sep-2025 11:29,UTC,2025-09-10 11:29:00,,,056a433e-b880-43c6-9d59-b1cfe71a4014,Monthly AE lube oil top-up - 174.3 ltr
4001,7440571a-841a-11ed-aa7c-7003bca91a86,lubes,152,LU-0002,Main Engine System Oil,ltr,CONSUME,-142.70,-142.70,ltr,0.00,10-Sep-2025 11:29,UTC,2025-09-10 11:29:00,,,228b5256-5bd2-4bf3-826f-c6fe76571449,Monthly ME system oil top-up - 142.7 ltr
1346,7440571a-841a-11ed-aa7c-7003bca91a86,lubes,154,LU-0004,Turbocharger Lube Oil,ltr,CONSUME,-10.00,-10.00,ltr,14.00,10-Sep-2025 10:56,UTC,2025-09-10 10:56:00,,WO-2025-006,1,Scheduled overhaul requirement
3785,7440571a-841a-11ed-aa7c-7003bca91a86,lubes,151,LU-0001,Main Engine Cylinder Oil,ltr,CONSUME,-54.30,-54.30,ltr,0.00,10-Sep-2025 09:31,UTC,2025-09-10 09:31:00,,,480b40d0-04bd-4590-a936-2f879b867977,Daily cylinder oil consumption - 54.3 ltr
742,7440571a-841a-11ed-aa7c-7003bca91a86,chemicals,164,CH-0004,Cooling Water Treatment Chemical,ltr,CONSUME,-6.00,-6.00,ltr,26.00,09-Sep-2025 21:51,UTC,2025-09-09 21:51:00,,WO-2025-003,1,Voyage preparation consumption
1345,7440571a-841a-11ed-aa7c-7003bca91a86,lubes,158,LU-0008,Compressor Oil,ltr,CONSUME,-6.00,-6.00,ltr,31.00,09-Sep-2025 12:25,UTC,2025-09-09 12:25:00,,WO-2025-001,1,Engine room maintenance
3784,7440571a-841a-11ed-aa7c-7003bca91a86,lubes,151,LU-0001,Main Engine Cylinder Oil,ltr,CONSUME,-81.60,-81.60,ltr,0.00,09-Sep-2025 07:56,UTC,2025-09-09 07:56:00,,,228b5256-5bd2-4bf3-826f-c6fe76571449,Daily cylinder oil consumption - 81.6 ltr
741,7440571a-841a-11ed-aa7c-7003bca91a86,chemicals,167,CH-0007,Degreasing Chemical,ltr,CONSUME,-8.00,-8.00,ltr,6.00,08-Sep-2025 16:19,UTC,2025-09-08 16:19:00,,WO-2025-005,1,Engine room maintenance
3783,7440571a-841a-11ed-aa7c-7003bca91a86,lubes,151,LU-0001,Main Engine Cylinder Oil,ltr,CONSUME,-108.80,-108.80,ltr,0.00,08-Sep-2025 09:48,UTC,2025-09-08 09:48:00,,,056a433e-b880-43c6-9d59-b1cfe71a4014,Daily cylinder oil consumption - 108.8 ltr
2336,7440571a-841a-11ed-aa7c-7003bca91a86,chemicals,161,CH-0001,Fuel Oil Treatment Chemical,ltr,CONSUME,-1.22,-1.22,ltr,0.00,08-Sep-2025 00:00,UTC,2025-09-08 00:00:00,,,480b40d0-04bd-4590-a936-2f879b867977,Weekly chemical consumption
2337,7440571a-841a-11ed-aa7c-7003bca91a86,chemicals,164,CH-0004,Cooling Water Treatment Chemical,ltr,CONSUME,-1.93,-1.93,ltr,0.00,08-Sep-2025 00:00,UTC,2025-09-08 00:00:00,,,480b40d0-04bd-4590-a936-2f879b867977,Weekly chemical consumption
2338,7440571a-841a-11ed-aa7c-7003bca91a86,chemicals,166,CH-0006,Tank Cleaning Chemical (Alkaline),ltr,CONSUME,-0.44,-0.44,ltr,0.00,08-Sep-2025 00:00,UTC,2025-09-08 00:00:00,,,228b5256-5bd2-4bf3-826f-c6fe76571449,Weekly chemical consumption
2339,7440571a-841a-11ed-aa7c-7003bca91a86,chemicals,169,CH-0009,Sewage Treatment Plant Chemical,ltr,CONSUME,-0.18,-0.18,ltr,0.00,08-Sep-2025 00:00,UTC,2025-09-08 00:00:00,,,056a433e-b880-43c6-9d59-b1cfe71a4014,Weekly chemical consumption
740,7440571a-841a-11ed-aa7c-7003bca91a86,stores,149,IT-0009,Cotton Waste / Cleaning Rags,pcs,CONSUME,-4.00,-4.00,pcs,40.00,07-Sep-2025 20:56,UTC,2025-09-07 20:56:00,,WO-2025-010,1,Scheduled overhaul requirement
1344,7440571a-841a-11ed-aa7c-7003bca91a86,lubes,156,LU-0006,Gear Oil,ltr,CONSUME,-9.00,-9.00,ltr,25.00,07-Sep-2025 17:34,UTC,2025-09-07 17:34:00,,WO-2025-003,1,Regular operational consumption
3782,7440571a-841a-11ed-aa7c-7003bca91a86,lubes,151,LU-0001,Main Engine Cylinder Oil,ltr,CONSUME,-115.10,-115.10,ltr,0.00,07-Sep-2025 07:02,UTC,2025-09-07 07:02:00,,,228b5256-5bd2-4bf3-826f-c6fe76571449,Daily cylinder oil consumption - 115.1 ltr
739,7440571a-841a-11ed-aa7c-7003bca91a86,chemicals,164,CH-0004,Cooling Water Treatment Chemical,ltr,CONSUME,-4.00,-4.00,ltr,22.00,06-Sep-2025 19:31,UTC,2025-09-06 19:31:00,,WO-2025-010,1,Scheduled overhaul requirement
738,7440571a-841a-11ed-aa7c-7003bca91a86,chemicals,169,CH-0009,Sewage Treatment Plant Chemical,ltr,CONSUME,-5.00,-5.00,ltr,20.00,06-Sep-2025 16:41,UTC,2025-09-06 16:41:00,,WO-2025-005,1,Hull maintenance work
3781,7440571a-841a-11ed-aa7c-7003bca91a86,lubes,151,LU-0001,Main Engine Cylinder Oil,ltr,CONSUME,-77.50,-77.50,ltr,0.00,06-Sep-2025 09:47,UTC,2025-09-06 09:47:00,,,056a433e-b880-43c6-9d59-b1cfe71a4014,Daily cylinder oil consumption - 77.5 ltr
737,7440571a-841a-11ed-aa7c-7003bca91a86,chemicals,170,CH-0010,Hand Cleaning Chemical (Industrial Soap),ltr,CONSUME,-5.00,-5.00,ltr,1.00,06-Sep-2025 06:58,UTC,2025-09-06 06:58:00,,WO-2025-012,1,Port state inspection preparation
736,7440571a-841a-11ed-aa7c-7003bca91a86,chemicals,168,CH-0008,Rust Remover / Descaling Chemical,ltr,CONSUME,-3.00,-3.00,ltr,14.00,05-Sep-2025 18:55,UTC,2025-09-05 18:55:00,,WO-2025-010,1,Emergency repair usage
735,7440571a-841a-11ed-aa7c-7003bca91a86,chemicals,162,CH-0002,Lube Oil Treatment Chemical,ltr,CONSUME,-8.00,-8.00,ltr,13.00,05-Sep-2025 16:47,UTC,2025-09-05 16:47:00,,WO-2025-007,1,Deck maintenance work
3780,7440571a-841a-11ed-aa7c-7003bca91a86,lubes,151,LU-0001,Main Engine Cylinder Oil,ltr,CONSUME,-67.10,-67.10,ltr,0.00,05-Sep-2025 07:54,UTC,2025-09-05 07:54:00,,,056a433e-b880-43c6-9d59-b1cfe71a4014,Daily cylinder oil consumption - 67.1 ltr
734,7440571a-841a-11ed-aa7c-7003bca91a86,chemicals,163,CH-0003,Boiler Water Treatment Chemical,ltr,CONSUME,-3.00,-3.00,ltr,13.00,04-Sep-2025 22:41,UTC,2025-09-04 22:41:00,,WO-2025-003,1,Engine room maintenance
733,7440571a-841a-11ed-aa7c-7003bca91a86,chemicals,169,CH-0009,Sewage Treatment Plant Chemical,ltr,CONSUME,-4.00,-4.00,ltr,25.00,04-Sep-2025 21:32,UTC,2025-09-04 21:32:00,,WO-2025-003,1,Deck maintenance work
732,7440571a-841a-11ed-aa7c-7003bca91a86,chemicals,166,CH-0006,Tank Cleaning Chemical (Alkaline),ltr,CONSUME,-3.00,-3.00,ltr,7.00,04-Sep-2025 19:17,UTC,2025-09-04 19:17:00,,WO-2025-012,1,Machinery space maintenance
731,7440571a-841a-11ed-aa7c-7003bca91a86,stores,148,IT-0008,Dust Mask / Respirator Mask,pcs,CONSUME,-5.00,-5.00,pcs,31.00,04-Sep-2025 18:45,UTC,2025-09-04 18:45:00,,WO-2025-010,1,Safety equipment replenishment
730,7440571a-841a-11ed-aa7c-7003bca91a86,chemicals,161,CH-0001,Fuel Oil Treatment Chemical,ltr,CONSUME,-4.00,-4.00,ltr,14.00,04-Sep-2025 18:24,UTC,2025-09-04 18:24:00,,WO-2025-008,1,Engine room maintenance
1343,7440571a-841a-11ed-aa7c-7003bca91a86,lubes,155,LU-0005,Hydraulic Oil,ltr,CONSUME,-4.00,-4.00,ltr,21.00,04-Sep-2025 16:29,UTC,2025-09-04 16:29:00,,WO-2025-003,1,Scheduled overhaul requirement
3779,7440571a-841a-11ed-aa7c-7003bca91a86,lubes,151,LU-0001,Main Engine Cylinder Oil,ltr,CONSUME,-119.60,-119.60,ltr,0.00,04-Sep-2025 07:35,UTC,2025-09-04 07:35:00,,,6084f3b8-85dc-462a-b045-111d2b2e6d0e,Daily cylinder oil consumption - 119.6 ltr
729,7440571a-841a-11ed-aa7c-7003bca91a86,stores,144,IT-0004,Cutting Disc (Angle Grinder),pcs,CONSUME,-1.00,-1.00,pcs,16.00,04-Sep-2025 06:14,UTC,2025-09-04 06:14:00,,WO-2025-006,1,Regular operational consumption
728,7440571a-841a-11ed-aa7c-7003bca91a86,stores,150,IT-0010,Emery Paper / Abrasive Sheet,pcs,CONSUME,-3.00,-3.00,pcs,17.00,03-Sep-2025 19:57,UTC,2025-09-03 19:57:00,,WO-2025-011,1,Port state inspection preparation
4078,7440571a-841a-11ed-aa7c-7003bca91a86,chemicals,169,CH-0009,Sewage Treatment Plant Chemical,ltr,CONSUME,-14.40,-14.40,ltr,4856.70,03-Sep-2025 15:15,UTC,2025-09-03 15:15:00,,,056a433e-b880-43c6-9d59-b1cfe71a4014,Chemical consumption - Sewage Treatment Plant Chemical
1342,7440571a-841a-11ed-aa7c-7003bca91a86,lubes,154,LU-0004,Turbocharger Lube Oil,ltr,CONSUME,-6.00,-6.00,ltr,24.00,03-Sep-2025 08:53,UTC,2025-09-03 08:53:00,,WO-2025-002,1,Engine room maintenance
3778,7440571a-841a-11ed-aa7c-7003bca91a86,lubes,151,LU-0001,Main Engine Cylinder Oil,ltr,CONSUME,-67.60,-67.60,ltr,0.00,03-Sep-2025 07:28,UTC,2025-09-03 07:28:00,,,228b5256-5bd2-4bf3-826f-c6fe76571449,Daily cylinder oil consumption - 67.6 ltr
727,7440571a-841a-11ed-aa7c-7003bca91a86,stores,147,IT-0007,Ear Plugs (Disposable),pcs,CONSUME,-3.00,-3.00,pcs,16.00,02-Sep-2025 22:12,UTC,2025-09-02 22:12:00,,WO-2025-010,1,Port state inspection preparation
726,7440571a-841a-11ed-aa7c-7003bca91a86,stores,150,IT-0010,Emery Paper / Abrasive Sheet,pcs,CONSUME,-2.00,-2.00,pcs,20.00,02-Sep-2025 14:09,UTC,2025-09-02 14:09:00,,WO-2025-007,1,Accommodation maintenance
3777,7440571a-841a-11ed-aa7c-7003bca91a86,lubes,151,LU-0001,Main Engine Cylinder Oil,ltr,CONSUME,-115.70,-115.70,ltr,0.00,02-Sep-2025 08:30,UTC,2025-09-02 08:30:00,,,6084f3b8-85dc-462a-b045-111d2b2e6d0e,Daily cylinder oil consumption - 115.7 ltr
725,7440571a-841a-11ed-aa7c-7003bca91a86,stores,142,IT-0002,Jeevan,pcs,CONSUME,-2.00,-2.00,pcs,17.00,01-Sep-2025 19:58,UTC,2025-09-01 19:58:00,,WO-2025-007,1,Accommodation maintenance
724,7440571a-841a-11ed-aa7c-7003bca91a86,stores,145,IT-0005,Welding Electrodes (General Purpose),pcs,CONSUME,-2.00,-2.00,pcs,13.00,01-Sep-2025 17:30,UTC,2025-09-01 17:30:00,,WO-2025-002,1,Accommodation maintenance
723,7440571a-841a-11ed-aa7c-7003bca91a86,stores,144,IT-0004,Cutting Disc (Angle Grinder),pcs,CONSUME,-3.00,-3.00,pcs,9.00,01-Sep-2025 16:33,UTC,2025-09-01 16:33:00,,WO-2025-005,1,Engine room maintenance
3776,7440571a-841a-11ed-aa7c-7003bca91a86,lubes,151,LU-0001,Main Engine Cylinder Oil,ltr,CONSUME,-76.50,-76.50,ltr,0.00,01-Sep-2025 08:59,UTC,2025-09-01 08:59:00,,,6084f3b8-85dc-462a-b045-111d2b2e6d0e,Daily cylinder oil consumption - 76.5 ltr
1341,7440571a-841a-11ed-aa7c-7003bca91a86,lubes,151,LU-0001,Main Engine Cylinder Oil,ltr,CONSUME,-9.00,-9.00,ltr,16.00,01-Sep-2025 07:49,UTC,2025-09-01 07:49:00,,WO-2025-005,1,Scheduled overhaul requirement
2333,7440571a-841a-11ed-aa7c-7003bca91a86,chemicals,167,CH-0007,Degreasing Chemical,ltr,CONSUME,-1.90,-1.90,ltr,0.00,01-Sep-2025 00:00,UTC,2025-09-01 00:00:00,,,228b5256-5bd2-4bf3-826f-c6fe76571449,Weekly chemical consumption
2334,7440571a-841a-11ed-aa7c-7003bca91a86,chemicals,169,CH-0009,Sewage Treatment Plant Chemical,ltr,CONSUME,-1.24,-1.24,ltr,0.00,01-Sep-2025 00:00,UTC,2025-09-01 00:00:00,,,6084f3b8-85dc-462a-b045-111d2b2e6d0e,Weekly chemical consumption
2335,7440571a-841a-11ed-aa7c-7003bca91a86,stores,176,OT-0006,"Exhausts, boilers, pipelines",ltr,CONSUME,-3.05,-3.05,ltr,0.00,01-Sep-2025 00:00,UTC,2025-09-01 00:00:00,,,228b5256-5bd2-4bf3-826f-c6fe76571449,General stores consumption
4079,7440571a-841a-11ed-aa7c-7003bca91a86,chemicals,161,CH-0001,Fuel Oil Treatment Chemical,ltr,CONSUME,-24.90,-24.90,ltr,4766.00,31-Aug-2025 13:37,UTC,2025-08-31 13:37:00,,,056a433e-b880-43c6-9d59-b1cfe71a4014,Chemical consumption - Fuel Oil Treatment Chemical
3775,7440571a-841a-11ed-aa7c-7003bca91a86,lubes,151,LU-0001,Main Engine Cylinder Oil,ltr,CONSUME,-99.50,-99.50,ltr,0.00,31-Aug-2025 09:53,UTC,2025-08-31 09:53:00,,,480b40d0-04bd-4590-a936-2f879b867977,Daily cylinder oil consumption - 99.5 ltr
722,7440571a-841a-11ed-aa7c-7003bca91a86,stores,147,IT-0007,Ear Plugs (Disposable),pcs,CONSUME,-5.00,-5.00,pcs,33.00,30-Aug-2025 21:34,UTC,2025-08-30 21:34:00,,WO-2025-010,1,Navigation equipment maintenance
1340,7440571a-841a-11ed-aa7c-7003bca91a86,lubes,160,LU-0010,Multipurpose Grease,ltr,RECEIVE,16.00,16.00,ltr,29.00,30-Aug-2025 16:59,UTC,2025-08-30 16:59:00,Mumbai,PO-2025-102,1,Requisition fulfilled
3774,7440571a-841a-11ed-aa7c-7003bca91a86,lubes,151,LU-0001,Main Engine Cylinder Oil,ltr,CONSUME,-93.70,-93.70,ltr,0.00,30-Aug-2025 07:08,UTC,2025-08-30 07:08:00,,,480b40d0-04bd-4590-a936-2f879b867977,Daily cylinder oil consumption - 93.7 ltr
1339,7440571a-841a-11ed-aa7c-7003bca91a86,lubes,160,LU-0010,Multipurpose Grease,ltr,CONSUME,-8.00,-8.00,ltr,24.00,29-Aug-2025 20:41,UTC,2025-08-29 20:41:00,,WO-2025-002,1,Engine room maintenance
721,7440571a-841a-11ed-aa7c-7003bca91a86,stores,150,IT-0010,Emery Paper / Abrasive Sheet,pcs,CONSUME,-3.00,-3.00,pcs,28.00,29-Aug-2025 17:14,UTC,2025-08-29 17:14:00,,WO-2025-001,1,Safety equipment replenishment
720,7440571a-841a-11ed-aa7c-7003bca91a86,stores,149,IT-0009,Cotton Waste / Cleaning Rags,pcs,CONSUME,-1.00,-1.00,pcs,49.00,29-Aug-2025 09:40,UTC,2025-08-29 09:40:00,,WO-2025-005,1,Scheduled overhaul requirement
3773,7440571a-841a-11ed-aa7c-7003bca91a86,lubes,151,LU-0001,Main Engine Cylinder Oil,ltr,CONSUME,-79.80,-79.80,ltr,0.00,29-Aug-2025 08:04,UTC,2025-08-29 08:04:00,,,056a433e-b880-43c6-9d59-b1cfe71a4014,Daily cylinder oil consumption - 79.8 ltr
719,7440571a-841a-11ed-aa7c-7003bca91a86,others,176,OT-0006,"Exhausts, boilers, pipelines",ltr,CONSUME,-2.00,-2.00,ltr,49.00,28-Aug-2025 14:29,UTC,2025-08-28 14:29:00,,WO-2025-008,1,Engine room maintenance
718,7440571a-841a-11ed-aa7c-7003bca91a86,stores,141,IT-0001,Safety Gloves – Cotton,pcs,CONSUME,-5.00,-5.00,pcs,37.00,28-Aug-2025 14:07,UTC,2025-08-28 14:07:00,,WO-2025-002,1,Hull maintenance work
717,7440571a-841a-11ed-aa7c-7003bca91a86,chemicals,161,CH-0001,Fuel Oil Treatment Chemical,ltr,CONSUME,-8.00,-8.00,ltr,10.00,28-Aug-2025 10:12,UTC,2025-08-28 10:12:00,,WO-2025-004,1,Quarterly maintenance requirement
3772,7440571a-841a-11ed-aa7c-7003bca91a86,lubes,151,LU-0001,Main Engine Cylinder Oil,ltr,CONSUME,-91.70,-91.70,ltr,0.00,28-Aug-2025 08:40,UTC,2025-08-28 08:40:00,,,6084f3b8-85dc-462a-b045-111d2b2e6d0e,Daily cylinder oil consumption - 91.7 ltr
716,7440571a-841a-11ed-aa7c-7003bca91a86,chemicals,169,CH-0009,Sewage Treatment Plant Chemical,ltr,CONSUME,-5.00,-5.00,ltr,4.00,28-Aug-2025 07:59,UTC,2025-08-28 07:59:00,,WO-2025-007,1,Deck maintenance work
715,7440571a-841a-11ed-aa7c-7003bca91a86,others,177,OT-0007,"Bilges, chain lockers",ltr,CONSUME,-1.00,-1.00,ltr,46.00,27-Aug-2025 17:23,UTC,2025-08-27 17:23:00,,WO-2025-011,1,Voyage preparation consumption
714,7440571a-841a-11ed-aa7c-7003bca91a86,chemicals,168,CH-0008,Rust Remover / Descaling Chemical,ltr,CONSUME,-6.00,-6.00,ltr,14.00,27-Aug-2025 16:30,UTC,2025-08-27 16:30:00,,WO-2025-003,1,Quarterly maintenance requirement
713,7440571a-841a-11ed-aa7c-7003bca91a86,stores,146,IT-0006,Safety Goggles (Clear),pcs,CONSUME,-5.00,-5.00,pcs,36.00,27-Aug-2025 12:06,UTC,2025-08-27 12:06:00,,WO-2025-003,1,Scheduled overhaul requirement
1338,7440571a-841a-11ed-aa7c-7003bca91a86,lubes,156,LU-0006,Gear Oil,ltr,CONSUME,-8.00,-8.00,ltr,13.00,27-Aug-2025 09:07,UTC,2025-08-27 09:07:00,,WO-2025-002,1,Monthly routine usage
3771,7440571a-841a-11ed-aa7c-7003bca91a86,lubes,151,LU-0001,Main Engine Cylinder Oil,ltr,CONSUME,-97.40,-97.40,ltr,0.00,27-Aug-2025 08:12,UTC,2025-08-27 08:12:00,,,6084f3b8-85dc-462a-b045-111d2b2e6d0e,Daily cylinder oil consumption - 97.4 ltr
712,7440571a-841a-11ed-aa7c-7003bca91a86,chemicals,169,CH-0009,Sewage Treatment Plant Chemical,ltr,CONSUME,-2.00,-2.00,ltr,14.00,27-Aug-2025 08:06,UTC,2025-08-27 08:06:00,,WO-2025-012,1,Deck maintenance work
711,7440571a-841a-11ed-aa7c-7003bca91a86,chemicals,163,CH-0003,Boiler Water Treatment Chemical,ltr,CONSUME,-6.00,-6.00,ltr,2.00,27-Aug-2025 07:53,UTC,2025-08-27 07:53:00,,WO-2025-009,1,Monthly routine usage
710,7440571a-841a-11ed-aa7c-7003bca91a86,others,173,OT-0003,Hull below waterline,ltr,CONSUME,-3.00,-3.00,ltr,35.00,26-Aug-2025 17:42,UTC,2025-08-26 17:42:00,,WO-2025-006,1,Deck maintenance work
1337,7440571a-841a-11ed-aa7c-7003bca91a86,lubes,160,LU-0010,Multipurpose Grease,ltr,CONSUME,-11.00,-11.00,ltr,13.00,26-Aug-2025 11:12,UTC,2025-08-26 11:12:00,,WO-2025-004,1,Regular operational consumption
3770,7440571a-841a-11ed-aa7c-7003bca91a86,lubes,151,LU-0001,Main Engine Cylinder Oil,ltr,CONSUME,-56.50,-56.50,ltr,0.00,26-Aug-2025 06:54,UTC,2025-08-26 06:54:00,,,6084f3b8-85dc-462a-b045-111d2b2e6d0e,Daily cylinder oil consumption - 56.5 ltr
709,7440571a-841a-11ed-aa7c-7003bca91a86,chemicals,161,CH-0001,Fuel Oil Treatment Chemical,ltr,RECEIVE,25.00,25.00,ltr,28.00,25-Aug-2025 15:23,UTC,2025-08-25 15:23:00,Las Palmas,PO-2025-107,1,Supply received per PO
708,7440571a-841a-11ed-aa7c-7003bca91a86,stores,148,IT-0008,Dust Mask / Respirator Mask,pcs,CONSUME,-1.00,-1.00,pcs,41.00,25-Aug-2025 15:17,UTC,2025-08-25 15:17:00,,WO-2025-012,1,Safety equipment replenishment
1336,7440571a-841a-11ed-aa7c-7003bca91a86,lubes,155,LU-0005,Hydraulic Oil,ltr,CONSUME,-3.00,-3.00,ltr,34.00,25-Aug-2025 12:12,UTC,2025-08-25 12:12:00,,WO-2025-002,1,Routine maintenance consumption
707,7440571a-841a-11ed-aa7c-7003bca91a86,chemicals,163,CH-0003,Boiler Water Treatment Chemical,ltr,RECEIVE,25.00,25.00,ltr,25.00,25-Aug-2025 10:05,UTC,2025-08-25 10:05:00,Colombo,PO-2025-107,1,Supplier delivery on schedule
706,7440571a-841a-11ed-aa7c-7003bca91a86,chemicals,165,CH-0005,Potable Water Chlorination Chemical,ltr,RECEIVE,17.00,17.00,ltr,17.00,25-Aug-2025 09:07,UTC,2025-08-25 09:07:00,Durban,PO-2025-104,1,Quarterly supply order
3769,7440571a-841a-11ed-aa7c-7003bca91a86,lubes,151,LU-0001,Main Engine Cylinder Oil,ltr,CONSUME,-100.90,-100.90,ltr,0.00,25-Aug-2025 06:08,UTC,2025-08-25 06:08:00,,,056a433e-b880-43c6-9d59-b1cfe71a4014,Daily cylinder oil consumption - 100.9 ltr
2330,7440571a-841a-11ed-aa7c-7003bca91a86,chemicals,161,CH-0001,Fuel Oil Treatment Chemical,ltr,CONSUME,-1.43,-1.43,ltr,0.00,25-Aug-2025 00:00,UTC,2025-08-25 00:00:00,,,228b5256-5bd2-4bf3-826f-c6fe76571449,Weekly chemical consumption
2331,7440571a-841a-11ed-aa7c-7003bca91a86,chemicals,168,CH-0008,Rust Remover / Descaling Chemical,ltr,CONSUME,-2.07,-2.07,ltr,0.00,25-Aug-2025 00:00,UTC,2025-08-25 00:00:00,,,056a433e-b880-43c6-9d59-b1cfe71a4014,Weekly chemical consumption
2332,7440571a-841a-11ed-aa7c-7003bca91a86,chemicals,169,CH-0009,Sewage Treatment Plant Chemical,ltr,CONSUME,-1.22,-1.22,ltr,0.00,25-Aug-2025 00:00,UTC,2025-08-25 00:00:00,,,480b40d0-04bd-4590-a936-2f879b867977,Weekly chemical consumption
1335,7440571a-841a-11ed-aa7c-7003bca91a86,lubes,156,LU-0006,Gear Oil,ltr,CONSUME,-10.00,-10.00,ltr,3.00,24-Aug-2025 12:32,UTC,2025-08-24 12:32:00,,WO-2025-001,1,Scheduled overhaul requirement
705,7440571a-841a-11ed-aa7c-7003bca91a86,chemicals,168,CH-0008,Rust Remover / Descaling Chemical,ltr,RECEIVE,17.00,17.00,ltr,17.00,24-Aug-2025 11:49,UTC,2025-08-24 11:49:00,Jebel Ali,PO-2025-104,1,Quarterly supply order
704,7440571a-841a-11ed-aa7c-7003bca91a86,chemicals,170,CH-0010,Hand Cleaning Chemical (Industrial Soap),ltr,CONSUME,-6.00,-6.00,ltr,22.00,24-Aug-2025 08:10,UTC,2025-08-24 08:10:00,,WO-2025-001,1,Engine room maintenance
3768,7440571a-841a-11ed-aa7c-7003bca91a86,lubes,151,LU-0001,Main Engine Cylinder Oil,ltr,CONSUME,-78.00,-78.00,ltr,0.00,24-Aug-2025 06:55,UTC,2025-08-24 06:55:00,,,480b40d0-04bd-4590-a936-2f879b867977,Daily cylinder oil consumption - 78.0 ltr
703,7440571a-841a-11ed-aa7c-7003bca91a86,others,172,OT-0002,"Ballast tanks, machinery spaces",ltr,CONSUME,-1.00,-1.00,ltr,51.00,23-Aug-2025 16:28,UTC,2025-08-23 16:28:00,,WO-2025-006,1,Voyage preparation consumption
3767,7440571a-841a-11ed-aa7c-7003bca91a86,lubes,151,LU-0001,Main Engine Cylinder Oil,ltr,CONSUME,-50.20,-50.20,ltr,0.00,23-Aug-2025 09:16,UTC,2025-08-23 09:16:00,,,6084f3b8-85dc-462a-b045-111d2b2e6d0e,Daily cylinder oil consumption - 50.2 ltr
702,7440571a-841a-11ed-aa7c-7003bca91a86,chemicals,166,CH-0006,Tank Cleaning Chemical (Alkaline),ltr,RECEIVE,10.00,10.00,ltr,10.00,23-Aug-2025 08:59,UTC,2025-08-23 08:59:00,Durban,PO-2025-107,1,Requisition fulfilled
1334,7440571a-841a-11ed-aa7c-7003bca91a86,lubes,159,LU-0009,Refrigeration Compressor Oil,ltr,CONSUME,-12.00,-12.00,ltr,26.00,22-Aug-2025 21:57,UTC,2025-08-22 21:57:00,,WO-2025-003,1,Scheduled overhaul requirement
1333,7440571a-841a-11ed-aa7c-7003bca91a86,lubes,157,LU-0007,Stern Tube Oil,ltr,CONSUME,-4.00,-4.00,ltr,62.00,22-Aug-2025 17:52,UTC,2025-08-22 17:52:00,,WO-2025-003,1,Routine maintenance consumption
701,7440571a-841a-11ed-aa7c-7003bca91a86,chemicals,165,CH-0005,Potable Water Chlorination Chemical,ltr,CONSUME,-5.00,-5.00,ltr,10.00,22-Aug-2025 17:00,UTC,2025-08-22 17:00:00,,WO-2025-009,1,Safety equipment replenishment
700,7440571a-841a-11ed-aa7c-7003bca91a86,chemicals,164,CH-0004,Cooling Water Treatment Chemical,ltr,CONSUME,-8.00,-8.00,ltr,32.00,22-Aug-2025 16:45,UTC,2025-08-22 16:45:00,,WO-2025-009,1,Port state inspection preparation
699,7440571a-841a-11ed-aa7c-7003bca91a86,chemicals,169,CH-0009,Sewage Treatment Plant Chemical,ltr,RECEIVE,25.00,25.00,ltr,29.00,22-Aug-2025 15:23,UTC,2025-08-22 15:23:00,Las Palmas,PO-2025-108,1,Port supply delivery
1332,7440571a-841a-11ed-aa7c-7003bca91a86,lubes,156,LU-0006,Gear Oil,ltr,RECEIVE,34.00,34.00,ltr,34.00,22-Aug-2025 12:51,UTC,2025-08-22 12:51:00,Singapore,PO-2025-103,1,Port supply delivery
698,7440571a-841a-11ed-aa7c-7003bca91a86,chemicals,163,CH-0003,Boiler Water Treatment Chemical,ltr,CONSUME,-6.00,-6.00,ltr,8.00,22-Aug-2025 10:13,UTC,2025-08-22 10:13:00,,WO-2025-007,1,Quarterly maintenance requirement
3766,7440571a-841a-11ed-aa7c-7003bca91a86,lubes,151,LU-0001,Main Engine Cylinder Oil,ltr,CONSUME,-74.90,-74.90,ltr,0.00,22-Aug-2025 09:49,UTC,2025-08-22 09:49:00,,,6084f3b8-85dc-462a-b045-111d2b2e6d0e,Daily cylinder oil consumption - 74.9 ltr
1331,7440571a-841a-11ed-aa7c-7003bca91a86,lubes,157,LU-0007,Stern Tube Oil,ltr,CONSUME,-9.00,-9.00,ltr,46.00,21-Aug-2025 22:14,UTC,2025-08-21 22:14:00,,WO-2025-003,1,Engine room maintenance
697,7440571a-841a-11ed-aa7c-7003bca91a86,stores,148,IT-0008,Dust Mask / Respirator Mask,pcs,CONSUME,-3.00,-3.00,pcs,36.00,21-Aug-2025 18:04,UTC,2025-08-21 18:04:00,,WO-2025-012,1,Quarterly maintenance requirement
696,7440571a-841a-11ed-aa7c-7003bca91a86,chemicals,165,CH-0005,Potable Water Chlorination Chemical,ltr,CONSUME,-6.00,-6.00,ltr,4.00,21-Aug-2025 09:55,UTC,2025-08-21 09:55:00,,WO-2025-005,1,Regular operational consumption
3765,7440571a-841a-11ed-aa7c-7003bca91a86,lubes,151,LU-0001,Main Engine Cylinder Oil,ltr,CONSUME,-92.80,-92.80,ltr,0.00,21-Aug-2025 06:00,UTC,2025-08-21 06:00:00,,,056a433e-b880-43c6-9d59-b1cfe71a4014,Daily cylinder oil consumption - 92.8 ltr
695,7440571a-841a-11ed-aa7c-7003bca91a86,stores,144,IT-0004,Cutting Disc (Angle Grinder),pcs,CONSUME,-3.00,-3.00,pcs,22.00,20-Aug-2025 21:35,UTC,2025-08-20 21:35:00,,WO-2025-004,1,Navigation equipment maintenance
694,7440571a-841a-11ed-aa7c-7003bca91a86,stores,146,IT-0006,Safety Goggles (Clear),pcs,CONSUME,-2.00,-2.00,pcs,34.00,20-Aug-2025 18:53,UTC,2025-08-20 18:53:00,,WO-2025-005,1,Port state inspection preparation
693,7440571a-841a-11ed-aa7c-7003bca91a86,chemicals,162,CH-0002,Lube Oil Treatment Chemical,ltr,CONSUME,-5.00,-5.00,ltr,13.00,20-Aug-2025 17:07,UTC,2025-08-20 17:07:00,,WO-2025-001,1,Voyage preparation consumption
692,7440571a-841a-11ed-aa7c-7003bca91a86,stores,150,IT-0010,Emery Paper / Abrasive Sheet,pcs,CONSUME,-4.00,-4.00,pcs,24.00,20-Aug-2025 12:36,UTC,2025-08-20 12:36:00,,WO-2025-002,1,Hull maintenance work
691,7440571a-841a-11ed-aa7c-7003bca91a86,chemicals,162,CH-0002,Lube Oil Treatment Chemical,ltr,RECEIVE,16.00,16.00,ltr,21.00,20-Aug-2025 11:33,UTC,2025-08-20 11:33:00,Las Palmas,PO-2025-107,1,Supply received per PO
1330,7440571a-841a-11ed-aa7c-7003bca91a86,lubes,154,LU-0004,Turbocharger Lube Oil,ltr,CONSUME,-4.00,-4.00,ltr,46.00,20-Aug-2025 09:47,UTC,2025-08-20 09:47:00,,WO-2025-004,1,Regular operational consumption
3764,7440571a-841a-11ed-aa7c-7003bca91a86,lubes,151,LU-0001,Main Engine Cylinder Oil,ltr,CONSUME,-60.80,-60.80,ltr,0.00,20-Aug-2025 07:15,UTC,2025-08-20 07:15:00,,,480b40d0-04bd-4590-a936-2f879b867977,Daily cylinder oil consumption - 60.8 ltr
690,7440571a-841a-11ed-aa7c-7003bca91a86,chemicals,163,CH-0003,Boiler Water Treatment Chemical,ltr,CONSUME,-2.00,-2.00,ltr,0.00,19-Aug-2025 21:00,UTC,2025-08-19 21:00:00,,WO-2025-007,1,Safety equipment replenishment
689,7440571a-841a-11ed-aa7c-7003bca91a86,chemicals,161,CH-0001,Fuel Oil Treatment Chemical,ltr,CONSUME,-7.00,-7.00,ltr,3.00,19-Aug-2025 18:28,UTC,2025-08-19 18:28:00,,WO-2025-005,1,Accommodation maintenance
688,7440571a-841a-11ed-aa7c-7003bca91a86,stores,142,IT-0002,Jeevan,pcs,CONSUME,-2.00,-2.00,pcs,23.00,19-Aug-2025 11:56,UTC,2025-08-19 11:56:00,,WO-2025-001,1,Navigation equipment maintenance
687,7440571a-841a-11ed-aa7c-7003bca91a86,others,171,OT-0001,Steel surface protection,ltr,CONSUME,-4.00,-4.00,ltr,51.00,19-Aug-2025 08:57,UTC,2025-08-19 08:57:00,,WO-2025-001,1,Machinery space maintenance
3763,7440571a-841a-11ed-aa7c-7003bca91a86,lubes,151,LU-0001,Main Engine Cylinder Oil,ltr,CONSUME,-105.50,-105.50,ltr,0.00,19-Aug-2025 07:54,UTC,2025-08-19 07:54:00,,,480b40d0-04bd-4590-a936-2f879b867977,Daily cylinder oil consumption - 105.5 ltr
686,7440571a-841a-11ed-aa7c-7003bca91a86,stores,143,IT-0003,Grinding Wheel (Grinding Disc),pcs,CONSUME,-1.00,-1.00,pcs,28.00,19-Aug-2025 06:43,UTC,2025-08-19 06:43:00,,WO-2025-012,1,Routine maintenance consumption
685,7440571a-841a-11ed-aa7c-7003bca91a86,stores,143,IT-0003,Grinding Wheel (Grinding Disc),pcs,CONSUME,-5.00,-5.00,pcs,23.00,18-Aug-2025 10:32,UTC,2025-08-18 10:32:00,,WO-2025-007,1,Machinery space maintenance
3762,7440571a-841a-11ed-aa7c-7003bca91a86,lubes,151,LU-0001,Main Engine Cylinder Oil,ltr,CONSUME,-104.60,-104.60,ltr,0.00,18-Aug-2025 09:06,UTC,2025-08-18 09:06:00,,,228b5256-5bd2-4bf3-826f-c6fe76571449,Daily cylinder oil consumption - 104.6 ltr
2327,7440571a-841a-11ed-aa7c-7003bca91a86,chemicals,165,CH-0005,Potable Water Chlorination Chemical,ltr,CONSUME,-0.84,-0.84,ltr,0.00,18-Aug-2025 00:00,UTC,2025-08-18 00:00:00,,,480b40d0-04bd-4590-a936-2f879b867977,Weekly chemical consumption
2328,7440571a-841a-11ed-aa7c-7003bca91a86,chemicals,166,CH-0006,Tank Cleaning Chemical (Alkaline),ltr,CONSUME,-1.38,-1.38,ltr,0.00,18-Aug-2025 00:00,UTC,2025-08-18 00:00:00,,,480b40d0-04bd-4590-a936-2f879b867977,Weekly chemical consumption
2329,7440571a-841a-11ed-aa7c-7003bca91a86,chemicals,167,CH-0007,Degreasing Chemical,ltr,CONSUME,-1.47,-1.47,ltr,0.00,18-Aug-2025 00:00,UTC,2025-08-18 00:00:00,,,6084f3b8-85dc-462a-b045-111d2b2e6d0e,Weekly chemical consumption
684,7440571a-841a-11ed-aa7c-7003bca91a86,stores,142,IT-0002,Jeevan,pcs,CONSUME,-1.00,-1.00,pcs,25.00,17-Aug-2025 08:10,UTC,2025-08-17 08:10:00,,WO-2025-001,1,Emergency repair usage
1329,7440571a-841a-11ed-aa7c-7003bca91a86,lubes,151,LU-0001,Main Engine Cylinder Oil,ltr,CONSUME,-7.00,-7.00,ltr,33.00,17-Aug-2025 07:22,UTC,2025-08-17 07:22:00,,WO-2025-001,1,Regular operational consumption
3761,7440571a-841a-11ed-aa7c-7003bca91a86,lubes,151,LU-0001,Main Engine Cylinder Oil,ltr,CONSUME,-90.90,-90.90,ltr,0.00,17-Aug-2025 07:01,UTC,2025-08-17 07:01:00,,,056a433e-b880-43c6-9d59-b1cfe71a4014,Daily cylinder oil consumption - 90.9 ltr
3760,7440571a-841a-11ed-aa7c-7003bca91a86,lubes,151,LU-0001,Main Engine Cylinder Oil,ltr,CONSUME,-96.80,-96.80,ltr,0.00,16-Aug-2025 08:31,UTC,2025-08-16 08:31:00,,,6084f3b8-85dc-462a-b045-111d2b2e6d0e,Daily cylinder oil consumption - 96.8 ltr
1328,7440571a-841a-11ed-aa7c-7003bca91a86,lubes,154,LU-0004,Turbocharger Lube Oil,ltr,CONSUME,-11.00,-11.00,ltr,30.00,16-Aug-2025 08:00,UTC,2025-08-16 08:00:00,,WO-2025-002,1,Scheduled overhaul requirement
4123,7440571a-841a-11ed-aa7c-7003bca91a86,stores,149,IT-0009,Cotton Waste / Cleaning Rags,pcs,RECEIVE,70.00,70.00,pcs,570.00,15-Aug-2025 14:05,UTC,2025-08-15 14:05:00,Singapore,PO-2025-1436,228b5256-5bd2-4bf3-826f-c6fe76571449,Received at Singapore
3759,7440571a-841a-11ed-aa7c-7003bca91a86,lubes,151,LU-0001,Main Engine Cylinder Oil,ltr,CONSUME,-110.20,-110.20,ltr,0.00,15-Aug-2025 07:12,UTC,2025-08-15 07:12:00,,,056a433e-b880-43c6-9d59-b1cfe71a4014,Daily cylinder oil consumption - 110.2 ltr
2325,7440571a-841a-11ed-aa7c-7003bca91a86,stores,177,OT-0007,"Bilges, chain lockers",ltr,CONSUME,-3.28,-3.28,ltr,0.00,15-Aug-2025 00:00,UTC,2025-08-15 00:00:00,,,056a433e-b880-43c6-9d59-b1cfe71a4014,General stores consumption
2321,7440571a-841a-11ed-aa7c-7003bca91a86,stores,146,IT-0006,Safety Goggles (Clear),pcs,CONSUME,-3.37,-3.37,pcs,0.00,15-Aug-2025 00:00,UTC,2025-08-15 00:00:00,,,228b5256-5bd2-4bf3-826f-c6fe76571449,General stores consumption
2322,7440571a-841a-11ed-aa7c-7003bca91a86,stores,147,IT-0007,Ear Plugs (Disposable),pcs,CONSUME,-1.94,-1.94,pcs,0.00,15-Aug-2025 00:00,UTC,2025-08-15 00:00:00,,,6084f3b8-85dc-462a-b045-111d2b2e6d0e,General stores consumption
2323,7440571a-841a-11ed-aa7c-7003bca91a86,stores,150,IT-0010,Emery Paper / Abrasive Sheet,pcs,CONSUME,-3.35,-3.35,pcs,0.00,15-Aug-2025 00:00,UTC,2025-08-15 00:00:00,,,480b40d0-04bd-4590-a936-2f879b867977,General stores consumption
2324,7440571a-841a-11ed-aa7c-7003bca91a86,stores,175,OT-0005,External structures,ltr,CONSUME,-1.21,-1.21,ltr,0.00,15-Aug-2025 00:00,UTC,2025-08-15 00:00:00,,,480b40d0-04bd-4590-a936-2f879b867977,General stores consumption
2326,7440571a-841a-11ed-aa7c-7003bca91a86,stores,141,IT-0001,Safety Gloves – Cotton,pcs,CONSUME,-3.82,-3.82,pcs,66.16,15-Aug-2025 00:00,UTC,2025-08-15 00:00:00,,,228b5256-5bd2-4bf3-826f-c6fe76571449,General stores consumption
1327,7440571a-841a-11ed-aa7c-7003bca91a86,lubes,151,LU-0001,Main Engine Cylinder Oil,ltr,CONSUME,-8.00,-8.00,ltr,40.00,14-Aug-2025 20:54,UTC,2025-08-14 20:54:00,,WO-2025-003,1,Regular operational consumption
683,7440571a-841a-11ed-aa7c-7003bca91a86,chemicals,166,CH-0006,Tank Cleaning Chemical (Alkaline),ltr,CONSUME,-4.00,-4.00,ltr,0.00,14-Aug-2025 16:27,UTC,2025-08-14 16:27:00,,WO-2025-008,1,Voyage preparation consumption
682,7440571a-841a-11ed-aa7c-7003bca91a86,stores,144,IT-0004,Cutting Disc (Angle Grinder),pcs,CONSUME,-1.00,-1.00,pcs,25.00,14-Aug-2025 15:40,UTC,2025-08-14 15:40:00,,WO-2025-011,1,Quarterly maintenance requirement
3758,7440571a-841a-11ed-aa7c-7003bca91a86,lubes,151,LU-0001,Main Engine Cylinder Oil,ltr,CONSUME,-80.60,-80.60,ltr,0.00,14-Aug-2025 08:19,UTC,2025-08-14 08:19:00,,,228b5256-5bd2-4bf3-826f-c6fe76571449,Daily cylinder oil consumption - 80.6 ltr
1326,7440571a-841a-11ed-aa7c-7003bca91a86,lubes,153,LU-0003,Auxiliary Engine Lube Oil,ltr,CONSUME,-8.00,-8.00,ltr,38.00,14-Aug-2025 08:17,UTC,2025-08-14 08:17:00,,WO-2025-002,1,Regular operational consumption
681,7440571a-841a-11ed-aa7c-7003bca91a86,chemicals,164,CH-0004,Cooling Water Treatment Chemical,ltr,CONSUME,-5.00,-5.00,ltr,40.00,14-Aug-2025 08:00,UTC,2025-08-14 08:00:00,,WO-2025-011,1,Monthly routine usage
680,7440571a-841a-11ed-aa7c-7003bca91a86,others,179,OT-0009,Weather decks,ltr,CONSUME,-2.00,-2.00,ltr,52.00,13-Aug-2025 15:52,UTC,2025-08-13 15:52:00,,WO-2025-004,1,Engine room maintenance
679,7440571a-841a-11ed-aa7c-7003bca91a86,chemicals,166,CH-0006,Tank Cleaning Chemical (Alkaline),ltr,CONSUME,-5.00,-5.00,ltr,10.00,13-Aug-2025 14:56,UTC,2025-08-13 14:56:00,,WO-2025-011,1,Regular operational consumption
678,7440571a-841a-11ed-aa7c-7003bca91a86,stores,147,IT-0007,Ear Plugs (Disposable),pcs,CONSUME,-3.00,-3.00,pcs,30.00,13-Aug-2025 11:37,UTC,2025-08-13 11:37:00,,WO-2025-005,1,Monthly routine usage
3757,7440571a-841a-11ed-aa7c-7003bca91a86,lubes,151,LU-0001,Main Engine Cylinder Oil,ltr,CONSUME,-97.00,-97.00,ltr,0.00,13-Aug-2025 09:10,UTC,2025-08-13 09:10:00,,,6084f3b8-85dc-462a-b045-111d2b2e6d0e,Daily cylinder oil consumption - 97.0 ltr
677,7440571a-841a-11ed-aa7c-7003bca91a86,stores,149,IT-0009,Cotton Waste / Cleaning Rags,pcs,CONSUME,-5.00,-5.00,pcs,50.00,12-Aug-2025 14:50,UTC,2025-08-12 14:50:00,,WO-2025-006,1,Accommodation maintenance
3756,7440571a-841a-11ed-aa7c-7003bca91a86,lubes,151,LU-0001,Main Engine Cylinder Oil,ltr,CONSUME,-103.20,-103.20,ltr,0.00,12-Aug-2025 06:13,UTC,2025-08-12 06:13:00,,,6084f3b8-85dc-462a-b045-111d2b2e6d0e,Daily cylinder oil consumption - 103.2 ltr
676,7440571a-841a-11ed-aa7c-7003bca91a86,stores,145,IT-0005,Welding Electrodes (General Purpose),pcs,CONSUME,-3.00,-3.00,pcs,21.00,11-Aug-2025 15:23,UTC,2025-08-11 15:23:00,,WO-2025-012,1,Hull maintenance work
3999,7440571a-841a-11ed-aa7c-7003bca91a86,lubes,152,LU-0002,Main Engine System Oil,ltr,CONSUME,-179.00,-179.00,ltr,0.00,11-Aug-2025 13:39,UTC,2025-08-11 13:39:00,,,228b5256-5bd2-4bf3-826f-c6fe76571449,Monthly ME system oil top-up - 179.0 ltr
4000,7440571a-841a-11ed-aa7c-7003bca91a86,lubes,153,LU-0003,Auxiliary Engine Lube Oil,ltr,CONSUME,-228.60,-228.60,ltr,0.00,11-Aug-2025 13:39,UTC,2025-08-11 13:39:00,,,056a433e-b880-43c6-9d59-b1cfe71a4014,Monthly AE lube oil top-up - 228.6 ltr
3755,7440571a-841a-11ed-aa7c-7003bca91a86,lubes,151,LU-0001,Main Engine Cylinder Oil,ltr,CONSUME,-55.10,-55.10,ltr,0.00,11-Aug-2025 07:56,UTC,2025-08-11 07:56:00,,,6084f3b8-85dc-462a-b045-111d2b2e6d0e,Daily cylinder oil consumption - 55.1 ltr
675,7440571a-841a-11ed-aa7c-7003bca91a86,stores,141,IT-0001,Safety Gloves – Cotton,pcs,CONSUME,-5.00,-5.00,pcs,32.00,11-Aug-2025 07:33,UTC,2025-08-11 07:33:00,,WO-2025-010,1,Monthly routine usage
2317,7440571a-841a-11ed-aa7c-7003bca91a86,chemicals,162,CH-0002,Lube Oil Treatment Chemical,ltr,CONSUME,-1.08,-1.08,ltr,0.00,11-Aug-2025 00:00,UTC,2025-08-11 00:00:00,,,056a433e-b880-43c6-9d59-b1cfe71a4014,Weekly chemical consumption
2320,7440571a-841a-11ed-aa7c-7003bca91a86,chemicals,170,CH-0010,Hand Cleaning Chemical (Industrial Soap),ltr,CONSUME,-0.31,-0.31,ltr,0.00,11-Aug-2025 00:00,UTC,2025-08-11 00:00:00,,,228b5256-5bd2-4bf3-826f-c6fe76571449,Weekly chemical consumption
2319,7440571a-841a-11ed-aa7c-7003bca91a86,chemicals,167,CH-0007,Degreasing Chemical,ltr,CONSUME,-1.32,-1.32,ltr,0.00,11-Aug-2025 00:00,UTC,2025-08-11 00:00:00,,,056a433e-b880-43c6-9d59-b1cfe71a4014,Weekly chemical consumption
2318,7440571a-841a-11ed-aa7c-7003bca91a86,chemicals,163,CH-0003,Boiler Water Treatment Chemical,ltr,CONSUME,-2.00,-2.00,ltr,0.00,11-Aug-2025 00:00,UTC,2025-08-11 00:00:00,,,480b40d0-04bd-4590-a936-2f879b867977,Weekly chemical consumption
674,7440571a-841a-11ed-aa7c-7003bca91a86,stores,144,IT-0004,Cutting Disc (Angle Grinder),pcs,CONSUME,-3.00,-3.00,pcs,19.00,10-Aug-2025 16:13,UTC,2025-08-10 16:13:00,,WO-2025-007,1,Regular operational consumption
673,7440571a-841a-11ed-aa7c-7003bca91a86,chemicals,162,CH-0002,Lube Oil Treatment Chemical,ltr,CONSUME,-8.00,-8.00,ltr,5.00,10-Aug-2025 14:10,UTC,2025-08-10 14:10:00,,WO-2025-003,1,Port state inspection preparation
672,7440571a-841a-11ed-aa7c-7003bca91a86,chemicals,167,CH-0007,Degreasing Chemical,ltr,CONSUME,-6.00,-6.00,ltr,14.00,10-Aug-2025 11:33,UTC,2025-08-10 11:33:00,,WO-2025-008,1,Monthly routine usage
671,7440571a-841a-11ed-aa7c-7003bca91a86,stores,148,IT-0008,Dust Mask / Respirator Mask,pcs,CONSUME,-2.00,-2.00,pcs,39.00,10-Aug-2025 09:33,UTC,2025-08-10 09:33:00,,WO-2025-007,1,Monthly routine usage
3754,7440571a-841a-11ed-aa7c-7003bca91a86,lubes,151,LU-0001,Main Engine Cylinder Oil,ltr,CONSUME,-74.50,-74.50,ltr,0.00,10-Aug-2025 09:18,UTC,2025-08-10 09:18:00,,,228b5256-5bd2-4bf3-826f-c6fe76571449,Daily cylinder oil consumption - 74.5 ltr
670,7440571a-841a-11ed-aa7c-7003bca91a86,stores,143,IT-0003,Grinding Wheel (Grinding Disc),pcs,CONSUME,-5.00,-5.00,pcs,14.00,09-Aug-2025 15:11,UTC,2025-08-09 15:11:00,,WO-2025-009,1,Safety equipment replenishment
669,7440571a-841a-11ed-aa7c-7003bca91a86,chemicals,166,CH-0006,Tank Cleaning Chemical (Alkaline),ltr,CONSUME,-7.00,-7.00,ltr,3.00,09-Aug-2025 10:22,UTC,2025-08-09 10:22:00,,WO-2025-010,1,Scheduled overhaul requirement
668,7440571a-841a-11ed-aa7c-7003bca91a86,chemicals,168,CH-0008,Rust Remover / Descaling Chemical,ltr,CONSUME,-7.00,-7.00,ltr,1.00,09-Aug-2025 07:06,UTC,2025-08-09 07:06:00,,WO-2025-007,1,Accommodation maintenance
3753,7440571a-841a-11ed-aa7c-7003bca91a86,lubes,151,LU-0001,Main Engine Cylinder Oil,ltr,CONSUME,-76.30,-76.30,ltr,0.00,09-Aug-2025 06:31,UTC,2025-08-09 06:31:00,,,056a433e-b880-43c6-9d59-b1cfe71a4014,Daily cylinder oil consumption - 76.3 ltr
667,7440571a-841a-11ed-aa7c-7003bca91a86,stores,144,IT-0004,Cutting Disc (Angle Grinder),pcs,CONSUME,-2.00,-2.00,pcs,17.00,09-Aug-2025 06:22,UTC,2025-08-09 06:22:00,,WO-2025-005,1,Port state inspection preparation
2789,7440571a-841a-11ed-aa7c-7003bca91a86,stores,149,IT-0009,Cotton Waste / Cleaning Rags,pcs,RECEIVE,45.54,45.54,pcs,305.96,09-Aug-2025 00:00,UTC,2025-08-09 00:00:00,Fujairah,PO-2025-9569,228b5256-5bd2-4bf3-826f-c6fe76571449,Received at Fujairah
2790,7440571a-841a-11ed-aa7c-7003bca91a86,stores,156,LU-0006,Gear Oil,ltr,RECEIVE,16.18,16.18,ltr,330.74,09-Aug-2025 00:00,UTC,2025-08-09 00:00:00,Fujairah,PO-2025-5746,228b5256-5bd2-4bf3-826f-c6fe76571449,Received at Fujairah
2791,7440571a-841a-11ed-aa7c-7003bca91a86,stores,159,LU-0009,Refrigeration Compressor Oil,ltr,RECEIVE,40.27,40.27,ltr,295.24,09-Aug-2025 00:00,UTC,2025-08-09 00:00:00,Fujairah,PO-2025-0526,228b5256-5bd2-4bf3-826f-c6fe76571449,Received at Fujairah
2792,7440571a-841a-11ed-aa7c-7003bca91a86,stores,160,LU-0010,Multipurpose Grease,ltr,RECEIVE,46.97,46.97,ltr,384.71,09-Aug-2025 00:00,UTC,2025-08-09 00:00:00,Fujairah,PO-2025-8860,228b5256-5bd2-4bf3-826f-c6fe76571449,Received at Fujairah
2793,7440571a-841a-11ed-aa7c-7003bca91a86,chemicals,162,CH-0002,Lube Oil Treatment Chemical,ltr,RECEIVE,51.48,51.48,ltr,307.85,09-Aug-2025 00:00,UTC,2025-08-09 00:00:00,Fujairah,PO-2025-4327,228b5256-5bd2-4bf3-826f-c6fe76571449,Received at Fujairah
2798,7440571a-841a-11ed-aa7c-7003bca91a86,chemicals,170,CH-0010,Hand Cleaning Chemical (Industrial Soap),ltr,RECEIVE,43.41,43.41,ltr,267.31,09-Aug-2025 00:00,UTC,2025-08-09 00:00:00,Fujairah,PO-2025-7330,228b5256-5bd2-4bf3-826f-c6fe76571449,Received at Fujairah
2799,7440571a-841a-11ed-aa7c-7003bca91a86,stores,173,OT-0003,Hull below waterline,ltr,RECEIVE,40.88,40.88,ltr,259.32,09-Aug-2025 00:00,UTC,2025-08-09 00:00:00,Fujairah,PO-2025-6052,228b5256-5bd2-4bf3-826f-c6fe76571449,Received at Fujairah
2797,7440571a-841a-11ed-aa7c-7003bca91a86,chemicals,167,CH-0007,Degreasing Chemical,ltr,RECEIVE,10.56,10.56,ltr,89.35,09-Aug-2025 00:00,UTC,2025-08-09 00:00:00,Fujairah,PO-2025-1662,228b5256-5bd2-4bf3-826f-c6fe76571449,Received at Fujairah
2794,7440571a-841a-11ed-aa7c-7003bca91a86,chemicals,164,CH-0004,Cooling Water Treatment Chemical,ltr,RECEIVE,15.89,15.89,ltr,195.02,09-Aug-2025 00:00,UTC,2025-08-09 00:00:00,Fujairah,PO-2025-6608,228b5256-5bd2-4bf3-826f-c6fe76571449,Received at Fujairah
2795,7440571a-841a-11ed-aa7c-7003bca91a86,chemicals,165,CH-0005,Potable Water Chlorination Chemical,ltr,RECEIVE,29.22,29.22,ltr,255.82,09-Aug-2025 00:00,UTC,2025-08-09 00:00:00,Fujairah,PO-2025-6527,228b5256-5bd2-4bf3-826f-c6fe76571449,Received at Fujairah
2796,7440571a-841a-11ed-aa7c-7003bca91a86,chemicals,166,CH-0006,Tank Cleaning Chemical (Alkaline),ltr,RECEIVE,35.25,35.25,ltr,219.96,09-Aug-2025 00:00,UTC,2025-08-09 00:00:00,Fujairah,PO-2025-5290,228b5256-5bd2-4bf3-826f-c6fe76571449,Received at Fujairah
2788,7440571a-841a-11ed-aa7c-7003bca91a86,stores,147,IT-0007,Ear Plugs (Disposable),pcs,RECEIVE,8.02,8.02,pcs,198.52,09-Aug-2025 00:00,UTC,2025-08-09 00:00:00,Fujairah,PO-2025-6710,228b5256-5bd2-4bf3-826f-c6fe76571449,Received at Fujairah
2800,7440571a-841a-11ed-aa7c-7003bca91a86,stores,151,LU-0001,Main Engine Cylinder Oil,ltr,RECEIVE,30.11,30.11,ltr,390.62,09-Aug-2025 00:00,UTC,2025-08-09 00:00:00,Fujairah,PO-2025-3805,228b5256-5bd2-4bf3-826f-c6fe76571449,Received at Fujairah
666,7440571a-841a-11ed-aa7c-7003bca91a86,stores,142,IT-0002,Jeevan,pcs,CONSUME,-3.00,-3.00,pcs,20.00,08-Aug-2025 22:04,UTC,2025-08-08 22:04:00,,WO-2025-006,1,Navigation equipment maintenance
665,7440571a-841a-11ed-aa7c-7003bca91a86,chemicals,168,CH-0008,Rust Remover / Descaling Chemical,ltr,CONSUME,-2.00,-2.00,ltr,0.00,08-Aug-2025 12:27,UTC,2025-08-08 12:27:00,,WO-2025-011,1,Routine maintenance consumption
1325,7440571a-841a-11ed-aa7c-7003bca91a86,lubes,157,LU-0007,Stern Tube Oil,ltr,CONSUME,-7.00,-7.00,ltr,55.00,08-Aug-2025 10:20,UTC,2025-08-08 10:20:00,,WO-2025-002,1,Routine maintenance consumption
3752,7440571a-841a-11ed-aa7c-7003bca91a86,lubes,151,LU-0001,Main Engine Cylinder Oil,ltr,CONSUME,-100.70,-100.70,ltr,0.00,08-Aug-2025 07:48,UTC,2025-08-08 07:48:00,,,056a433e-b880-43c6-9d59-b1cfe71a4014,Daily cylinder oil consumption - 100.7 ltr
664,7440571a-841a-11ed-aa7c-7003bca91a86,chemicals,170,CH-0010,Hand Cleaning Chemical (Industrial Soap),ltr,CONSUME,-8.00,-8.00,ltr,14.00,08-Aug-2025 07:33,UTC,2025-08-08 07:33:00,,WO-2025-003,1,Hull maintenance work
663,7440571a-841a-11ed-aa7c-7003bca91a86,stores,141,IT-0001,Safety Gloves – Cotton,pcs,CONSUME,-3.00,-3.00,pcs,42.00,08-Aug-2025 07:31,UTC,2025-08-08 07:31:00,,WO-2025-009,1,Machinery space maintenance
1324,7440571a-841a-11ed-aa7c-7003bca91a86,lubes,151,LU-0001,Main Engine Cylinder Oil,ltr,CONSUME,-8.00,-8.00,ltr,25.00,07-Aug-2025 12:30,UTC,2025-08-07 12:30:00,,WO-2025-006,1,Monthly routine usage
662,7440571a-841a-11ed-aa7c-7003bca91a86,stores,148,IT-0008,Dust Mask / Respirator Mask,pcs,CONSUME,-1.00,-1.00,pcs,42.00,07-Aug-2025 11:23,UTC,2025-08-07 11:23:00,,WO-2025-008,1,Quarterly maintenance requirement
3751,7440571a-841a-11ed-aa7c-7003bca91a86,lubes,151,LU-0001,Main Engine Cylinder Oil,ltr,CONSUME,-96.50,-96.50,ltr,0.00,07-Aug-2025 09:47,UTC,2025-08-07 09:47:00,,,6084f3b8-85dc-462a-b045-111d2b2e6d0e,Daily cylinder oil consumption - 96.5 ltr
661,7440571a-841a-11ed-aa7c-7003bca91a86,others,174,OT-0004,Waterline area,ltr,CONSUME,-2.00,-2.00,ltr,48.00,07-Aug-2025 08:48,UTC,2025-08-07 08:48:00,,WO-2025-012,1,Voyage preparation consumption
1323,7440571a-841a-11ed-aa7c-7003bca91a86,lubes,158,LU-0008,Compressor Oil,ltr,CONSUME,-10.00,-10.00,ltr,37.00,07-Aug-2025 08:16,UTC,2025-08-07 08:16:00,,WO-2025-004,1,Monthly routine usage
1322,7440571a-841a-11ed-aa7c-7003bca91a86,lubes,154,LU-0004,Turbocharger Lube Oil,ltr,CONSUME,-5.00,-5.00,ltr,41.00,06-Aug-2025 22:11,UTC,2025-08-06 22:11:00,,WO-2025-006,1,Scheduled overhaul requirement
660,7440571a-841a-11ed-aa7c-7003bca91a86,chemicals,165,CH-0005,Potable Water Chlorination Chemical,ltr,CONSUME,-5.00,-5.00,ltr,0.00,06-Aug-2025 18:20,UTC,2025-08-06 18:20:00,,WO-2025-006,1,Accommodation maintenance
3750,7440571a-841a-11ed-aa7c-7003bca91a86,lubes,151,LU-0001,Main Engine Cylinder Oil,ltr,CONSUME,-108.80,-108.80,ltr,0.00,06-Aug-2025 09:04,UTC,2025-08-06 09:04:00,,,6084f3b8-85dc-462a-b045-111d2b2e6d0e,Daily cylinder oil consumption - 108.8 ltr
659,7440571a-841a-11ed-aa7c-7003bca91a86,chemicals,166,CH-0006,Tank Cleaning Chemical (Alkaline),ltr,CONSUME,-3.00,-3.00,ltr,15.00,06-Aug-2025 06:50,UTC,2025-08-06 06:50:00,,WO-2025-005,1,Emergency repair usage
658,7440571a-841a-11ed-aa7c-7003bca91a86,chemicals,170,CH-0010,Hand Cleaning Chemical (Industrial Soap),ltr,CONSUME,-7.00,-7.00,ltr,28.00,05-Aug-2025 16:27,UTC,2025-08-05 16:27:00,,WO-2025-005,1,Navigation equipment maintenance
657,7440571a-841a-11ed-aa7c-7003bca91a86,stores,147,IT-0007,Ear Plugs (Disposable),pcs,CONSUME,-3.00,-3.00,pcs,27.00,05-Aug-2025 15:39,UTC,2025-08-05 15:39:00,,WO-2025-004,1,Safety equipment replenishment
656,7440571a-841a-11ed-aa7c-7003bca91a86,others,178,OT-0008,"Pipes, tanks, machinery",ltr,CONSUME,-1.00,-1.00,ltr,44.00,05-Aug-2025 08:40,UTC,2025-08-05 08:40:00,,WO-2025-002,1,Quarterly maintenance requirement
3749,7440571a-841a-11ed-aa7c-7003bca91a86,lubes,151,LU-0001,Main Engine Cylinder Oil,ltr,CONSUME,-85.00,-85.00,ltr,0.00,05-Aug-2025 07:41,UTC,2025-08-05 07:41:00,,,6084f3b8-85dc-462a-b045-111d2b2e6d0e,Daily cylinder oil consumption - 85.0 ltr
1321,7440571a-841a-11ed-aa7c-7003bca91a86,lubes,156,LU-0006,Gear Oil,ltr,CONSUME,-10.00,-10.00,ltr,0.00,05-Aug-2025 07:32,UTC,2025-08-05 07:32:00,,WO-2025-005,1,Scheduled overhaul requirement
655,7440571a-841a-11ed-aa7c-7003bca91a86,chemicals,169,CH-0009,Sewage Treatment Plant Chemical,ltr,CONSUME,-5.00,-5.00,ltr,9.00,04-Aug-2025 21:52,UTC,2025-08-04 21:52:00,,WO-2025-008,1,Machinery space maintenance
654,7440571a-841a-11ed-aa7c-7003bca91a86,stores,143,IT-0003,Grinding Wheel (Grinding Disc),pcs,CONSUME,-4.00,-4.00,pcs,19.00,04-Aug-2025 10:36,UTC,2025-08-04 10:36:00,,WO-2025-007,1,Emergency repair usage
3748,7440571a-841a-11ed-aa7c-7003bca91a86,lubes,151,LU-0001,Main Engine Cylinder Oil,ltr,CONSUME,-92.70,-92.70,ltr,0.00,04-Aug-2025 09:00,UTC,2025-08-04 09:00:00,,,056a433e-b880-43c6-9d59-b1cfe71a4014,Daily cylinder oil consumption - 92.7 ltr
653,7440571a-841a-11ed-aa7c-7003bca91a86,stores,145,IT-0005,Welding Electrodes (General Purpose),pcs,CONSUME,-2.00,-2.00,pcs,24.00,04-Aug-2025 07:03,UTC,2025-08-04 07:03:00,,WO-2025-008,1,Accommodation maintenance
2314,7440571a-841a-11ed-aa7c-7003bca91a86,chemicals,165,CH-0005,Potable Water Chlorination Chemical,ltr,CONSUME,-0.63,-0.63,ltr,0.00,04-Aug-2025 00:00,UTC,2025-08-04 00:00:00,,,480b40d0-04bd-4590-a936-2f879b867977,Weekly chemical consumption
2315,7440571a-841a-11ed-aa7c-7003bca91a86,chemicals,166,CH-0006,Tank Cleaning Chemical (Alkaline),ltr,CONSUME,-2.00,-2.00,ltr,0.00,04-Aug-2025 00:00,UTC,2025-08-04 00:00:00,,,480b40d0-04bd-4590-a936-2f879b867977,Weekly chemical consumption
2316,7440571a-841a-11ed-aa7c-7003bca91a86,chemicals,168,CH-0008,Rust Remover / Descaling Chemical,ltr,CONSUME,-0.14,-0.14,ltr,0.00,04-Aug-2025 00:00,UTC,2025-08-04 00:00:00,,,480b40d0-04bd-4590-a936-2f879b867977,Weekly chemical consumption
2312,7440571a-841a-11ed-aa7c-7003bca91a86,chemicals,161,CH-0001,Fuel Oil Treatment Chemical,ltr,CONSUME,-0.28,-0.28,ltr,0.00,04-Aug-2025 00:00,UTC,2025-08-04 00:00:00,,,6084f3b8-85dc-462a-b045-111d2b2e6d0e,Weekly chemical consumption
2313,7440571a-841a-11ed-aa7c-7003bca91a86,chemicals,162,CH-0002,Lube Oil Treatment Chemical,ltr,CONSUME,-0.51,-0.51,ltr,0.00,04-Aug-2025 00:00,UTC,2025-08-04 00:00:00,,,056a433e-b880-43c6-9d59-b1cfe71a4014,Weekly chemical consumption
652,7440571a-841a-11ed-aa7c-7003bca91a86,chemicals,161,CH-0001,Fuel Oil Treatment Chemical,ltr,CONSUME,-8.00,-8.00,ltr,18.00,03-Aug-2025 19:00,UTC,2025-08-03 19:00:00,,WO-2025-002,1,Quarterly maintenance requirement
651,7440571a-841a-11ed-aa7c-7003bca91a86,stores,141,IT-0001,Safety Gloves – Cotton,pcs,CONSUME,-1.00,-1.00,pcs,31.00,03-Aug-2025 12:54,UTC,2025-08-03 12:54:00,,WO-2025-003,1,Monthly routine usage
650,7440571a-841a-11ed-aa7c-7003bca91a86,chemicals,161,CH-0001,Fuel Oil Treatment Chemical,ltr,CONSUME,-3.00,-3.00,ltr,26.00,03-Aug-2025 12:29,UTC,2025-08-03 12:29:00,,WO-2025-002,1,Monthly routine usage
3747,7440571a-841a-11ed-aa7c-7003bca91a86,lubes,151,LU-0001,Main Engine Cylinder Oil,ltr,CONSUME,-118.90,-118.90,ltr,0.00,03-Aug-2025 06:12,UTC,2025-08-03 06:12:00,,,056a433e-b880-43c6-9d59-b1cfe71a4014,Daily cylinder oil consumption - 118.9 ltr
649,7440571a-841a-11ed-aa7c-7003bca91a86,chemicals,168,CH-0008,Rust Remover / Descaling Chemical,ltr,CONSUME,-6.00,-6.00,ltr,8.00,02-Aug-2025 17:34,UTC,2025-08-02 17:34:00,,WO-2025-009,1,Accommodation maintenance
648,7440571a-841a-11ed-aa7c-7003bca91a86,others,180,OT-0010,"Pipelines, safety markings",ltr,CONSUME,-3.00,-3.00,ltr,56.00,02-Aug-2025 09:54,UTC,2025-08-02 09:54:00,,WO-2025-008,1,Regular operational consumption
3746,7440571a-841a-11ed-aa7c-7003bca91a86,lubes,151,LU-0001,Main Engine Cylinder Oil,ltr,CONSUME,-65.40,-65.40,ltr,0.00,02-Aug-2025 06:14,UTC,2025-08-02 06:14:00,,,228b5256-5bd2-4bf3-826f-c6fe76571449,Daily cylinder oil consumption - 65.4 ltr
647,7440571a-841a-11ed-aa7c-7003bca91a86,chemicals,165,CH-0005,Potable Water Chlorination Chemical,ltr,CONSUME,-4.00,-4.00,ltr,0.00,01-Aug-2025 20:03,UTC,2025-08-01 20:03:00,,WO-2025-007,1,Machinery space maintenance
646,7440571a-841a-11ed-aa7c-7003bca91a86,chemicals,167,CH-0007,Degreasing Chemical,ltr,CONSUME,-5.00,-5.00,ltr,20.00,01-Aug-2025 16:51,UTC,2025-08-01 16:51:00,,WO-2025-009,1,Safety equipment replenishment
1320,7440571a-841a-11ed-aa7c-7003bca91a86,lubes,152,LU-0002,Main Engine System Oil,ltr,CONSUME,-12.00,-12.00,ltr,74.00,01-Aug-2025 14:03,UTC,2025-08-01 14:03:00,,WO-2025-002,1,Routine maintenance consumption
3745,7440571a-841a-11ed-aa7c-7003bca91a86,lubes,151,LU-0001,Main Engine Cylinder Oil,ltr,CONSUME,-85.50,-85.50,ltr,0.00,01-Aug-2025 07:42,UTC,2025-08-01 07:42:00,,,056a433e-b880-43c6-9d59-b1cfe71a4014,Daily cylinder oil consumption - 85.5 ltr
2311,7440571a-841a-11ed-aa7c-7003bca91a86,stores,141,IT-0001,Safety Gloves – Cotton,pcs,CONSUME,-2.82,-2.82,pcs,69.98,01-Aug-2025 00:00,UTC,2025-08-01 00:00:00,,,228b5256-5bd2-4bf3-826f-c6fe76571449,General stores consumption
2310,7440571a-841a-11ed-aa7c-7003bca91a86,stores,180,OT-0010,"Pipelines, safety markings",ltr,CONSUME,-2.56,-2.56,ltr,0.00,01-Aug-2025 00:00,UTC,2025-08-01 00:00:00,,,228b5256-5bd2-4bf3-826f-c6fe76571449,General stores consumption
2309,7440571a-841a-11ed-aa7c-7003bca91a86,stores,147,IT-0007,Ear Plugs (Disposable),pcs,CONSUME,-1.91,-1.91,pcs,0.00,01-Aug-2025 00:00,UTC,2025-08-01 00:00:00,,,480b40d0-04bd-4590-a936-2f879b867977,General stores consumption
645,7440571a-841a-11ed-aa7c-7003bca91a86,stores,147,IT-0007,Ear Plugs (Disposable),pcs,CONSUME,-5.00,-5.00,pcs,18.00,31-Jul-2025 16:36,UTC,2025-07-31 16:36:00,,WO-2025-003,1,Navigation equipment maintenance
644,7440571a-841a-11ed-aa7c-7003bca91a86,stores,144,IT-0004,Cutting Disc (Angle Grinder),pcs,RECEIVE,11.00,11.00,pcs,26.00,31-Jul-2025 16:23,UTC,2025-07-31 16:23:00,Colombo,PO-2025-108,1,Port supply delivery
643,7440571a-841a-11ed-aa7c-7003bca91a86,chemicals,161,CH-0001,Fuel Oil Treatment Chemical,ltr,RECEIVE,22.00,22.00,ltr,29.00,31-Jul-2025 15:50,UTC,2025-07-31 15:50:00,Shanghai,PO-2025-104,1,Annual stock replenishment
642,7440571a-841a-11ed-aa7c-7003bca91a86,chemicals,165,CH-0005,Potable Water Chlorination Chemical,ltr,RECEIVE,12.00,12.00,ltr,15.00,31-Jul-2025 13:44,UTC,2025-07-31 13:44:00,Las Palmas,PO-2025-103,1,Port supply delivery
641,7440571a-841a-11ed-aa7c-7003bca91a86,stores,149,IT-0009,Cotton Waste / Cleaning Rags,pcs,RECEIVE,15.00,15.00,pcs,55.00,31-Jul-2025 12:17,UTC,2025-07-31 12:17:00,Busan,PO-2025-104,1,Supplier delivery on schedule
3744,7440571a-841a-11ed-aa7c-7003bca91a86,lubes,151,LU-0001,Main Engine Cylinder Oil,ltr,CONSUME,-109.60,-109.60,ltr,0.00,31-Jul-2025 08:11,UTC,2025-07-31 08:11:00,,,228b5256-5bd2-4bf3-826f-c6fe76571449,Daily cylinder oil consumption - 109.6 ltr
1319,7440571a-841a-11ed-aa7c-7003bca91a86,lubes,156,LU-0006,Gear Oil,ltr,CONSUME,-8.00,-8.00,ltr,1.00,31-Jul-2025 06:47,UTC,2025-07-31 06:47:00,,WO-2025-005,1,Routine maintenance consumption
640,7440571a-841a-11ed-aa7c-7003bca91a86,chemicals,170,CH-0010,Hand Cleaning Chemical (Industrial Soap),ltr,CONSUME,-4.00,-4.00,ltr,19.00,30-Jul-2025 20:10,UTC,2025-07-30 20:10:00,,WO-2025-009,1,Accommodation maintenance
639,7440571a-841a-11ed-aa7c-7003bca91a86,stores,150,IT-0010,Emery Paper / Abrasive Sheet,pcs,RECEIVE,12.00,12.00,pcs,31.00,30-Jul-2025 16:03,UTC,2025-07-30 16:03:00,Colombo,PO-2025-107,1,Quarterly supply order
638,7440571a-841a-11ed-aa7c-7003bca91a86,stores,145,IT-0005,Welding Electrodes (General Purpose),pcs,RECEIVE,24.00,24.00,pcs,26.00,30-Jul-2025 11:40,UTC,2025-07-30 11:40:00,Fujairah,PO-2025-108,1,Port supply delivery
3743,7440571a-841a-11ed-aa7c-7003bca91a86,lubes,151,LU-0001,Main Engine Cylinder Oil,ltr,CONSUME,-90.20,-90.20,ltr,0.00,30-Jul-2025 09:54,UTC,2025-07-30 09:54:00,,,6084f3b8-85dc-462a-b045-111d2b2e6d0e,Daily cylinder oil consumption - 90.2 ltr
637,7440571a-841a-11ed-aa7c-7003bca91a86,stores,148,IT-0008,Dust Mask / Respirator Mask,pcs,CONSUME,-1.00,-1.00,pcs,27.00,29-Jul-2025 21:56,UTC,2025-07-29 21:56:00,,WO-2025-007,1,Machinery space maintenance
636,7440571a-841a-11ed-aa7c-7003bca91a86,stores,148,IT-0008,Dust Mask / Respirator Mask,pcs,CONSUME,-1.00,-1.00,pcs,26.00,29-Jul-2025 16:12,UTC,2025-07-29 16:12:00,,WO-2025-001,1,Monthly routine usage
635,7440571a-841a-11ed-aa7c-7003bca91a86,stores,144,IT-0004,Cutting Disc (Angle Grinder),pcs,CONSUME,-4.00,-4.00,pcs,15.00,29-Jul-2025 16:00,UTC,2025-07-29 16:00:00,,WO-2025-007,1,Safety equipment replenishment
634,7440571a-841a-11ed-aa7c-7003bca91a86,stores,146,IT-0006,Safety Goggles (Clear),pcs,RECEIVE,23.00,23.00,pcs,41.00,29-Jul-2025 15:04,UTC,2025-07-29 15:04:00,Mumbai,PO-2025-106,1,Port supply delivery
1318,7440571a-841a-11ed-aa7c-7003bca91a86,lubes,159,LU-0009,Refrigeration Compressor Oil,ltr,RECEIVE,26.00,26.00,ltr,38.00,29-Jul-2025 14:00,UTC,2025-07-29 14:00:00,Fujairah,PO-2025-101,1,Port supply delivery
1317,7440571a-841a-11ed-aa7c-7003bca91a86,lubes,151,LU-0001,Main Engine Cylinder Oil,ltr,RECEIVE,36.00,36.00,ltr,48.00,29-Jul-2025 08:24,UTC,2025-07-29 08:24:00,Mumbai,PO-2025-102,1,Supply received per PO
3742,7440571a-841a-11ed-aa7c-7003bca91a86,lubes,151,LU-0001,Main Engine Cylinder Oil,ltr,CONSUME,-111.70,-111.70,ltr,0.00,29-Jul-2025 07:56,UTC,2025-07-29 07:56:00,,,480b40d0-04bd-4590-a936-2f879b867977,Daily cylinder oil consumption - 111.7 ltr
633,7440571a-841a-11ed-aa7c-7003bca91a86,chemicals,166,CH-0006,Tank Cleaning Chemical (Alkaline),ltr,CONSUME,-8.00,-8.00,ltr,0.00,29-Jul-2025 07:43,UTC,2025-07-29 07:43:00,,WO-2025-009,1,Regular operational consumption
632,7440571a-841a-11ed-aa7c-7003bca91a86,chemicals,168,CH-0008,Rust Remover / Descaling Chemical,ltr,CONSUME,-4.00,-4.00,ltr,10.00,28-Jul-2025 18:53,UTC,2025-07-28 18:53:00,,WO-2025-009,1,Quarterly maintenance requirement
1316,7440571a-841a-11ed-aa7c-7003bca91a86,lubes,155,LU-0005,Hydraulic Oil,ltr,RECEIVE,26.00,26.00,ltr,37.00,28-Jul-2025 16:17,UTC,2025-07-28 16:17:00,Rotterdam,PO-2025-101,1,Quarterly supply order
631,7440571a-841a-11ed-aa7c-7003bca91a86,chemicals,166,CH-0006,Tank Cleaning Chemical (Alkaline),ltr,CONSUME,-4.00,-4.00,ltr,8.00,28-Jul-2025 15:33,UTC,2025-07-28 15:33:00,,WO-2025-012,1,Scheduled overhaul requirement
1315,7440571a-841a-11ed-aa7c-7003bca91a86,lubes,156,LU-0006,Gear Oil,ltr,RECEIVE,21.00,21.00,ltr,21.00,28-Jul-2025 15:22,UTC,2025-07-28 15:22:00,Singapore,PO-2025-101,1,Quarterly supply order
3741,7440571a-841a-11ed-aa7c-7003bca91a86,lubes,151,LU-0001,Main Engine Cylinder Oil,ltr,CONSUME,-109.90,-109.90,ltr,0.00,28-Jul-2025 06:15,UTC,2025-07-28 06:15:00,,,6084f3b8-85dc-462a-b045-111d2b2e6d0e,Daily cylinder oil consumption - 109.9 ltr
2306,7440571a-841a-11ed-aa7c-7003bca91a86,chemicals,167,CH-0007,Degreasing Chemical,ltr,CONSUME,-0.76,-0.76,ltr,0.00,28-Jul-2025 00:00,UTC,2025-07-28 00:00:00,,,6084f3b8-85dc-462a-b045-111d2b2e6d0e,Weekly chemical consumption
2308,7440571a-841a-11ed-aa7c-7003bca91a86,chemicals,170,CH-0010,Hand Cleaning Chemical (Industrial Soap),ltr,CONSUME,-0.53,-0.53,ltr,0.00,28-Jul-2025 00:00,UTC,2025-07-28 00:00:00,,,480b40d0-04bd-4590-a936-2f879b867977,Weekly chemical consumption
2307,7440571a-841a-11ed-aa7c-7003bca91a86,chemicals,169,CH-0009,Sewage Treatment Plant Chemical,ltr,CONSUME,-0.65,-0.65,ltr,0.00,28-Jul-2025 00:00,UTC,2025-07-28 00:00:00,,,228b5256-5bd2-4bf3-826f-c6fe76571449,Weekly chemical consumption
2305,7440571a-841a-11ed-aa7c-7003bca91a86,chemicals,166,CH-0006,Tank Cleaning Chemical (Alkaline),ltr,CONSUME,-0.63,-0.63,ltr,0.00,28-Jul-2025 00:00,UTC,2025-07-28 00:00:00,,,6084f3b8-85dc-462a-b045-111d2b2e6d0e,Weekly chemical consumption
2304,7440571a-841a-11ed-aa7c-7003bca91a86,chemicals,165,CH-0005,Potable Water Chlorination Chemical,ltr,CONSUME,-1.79,-1.79,ltr,0.00,28-Jul-2025 00:00,UTC,2025-07-28 00:00:00,,,6084f3b8-85dc-462a-b045-111d2b2e6d0e,Weekly chemical consumption
2303,7440571a-841a-11ed-aa7c-7003bca91a86,chemicals,161,CH-0001,Fuel Oil Treatment Chemical,ltr,CONSUME,-0.22,-0.22,ltr,0.00,28-Jul-2025 00:00,UTC,2025-07-28 00:00:00,,,6084f3b8-85dc-462a-b045-111d2b2e6d0e,Weekly chemical consumption
630,7440571a-841a-11ed-aa7c-7003bca91a86,chemicals,161,CH-0001,Fuel Oil Treatment Chemical,ltr,CONSUME,-7.00,-7.00,ltr,7.00,27-Jul-2025 21:49,UTC,2025-07-27 21:49:00,,WO-2025-012,1,Deck maintenance work
629,7440571a-841a-11ed-aa7c-7003bca91a86,chemicals,169,CH-0009,Sewage Treatment Plant Chemical,ltr,RECEIVE,16.00,16.00,ltr,16.00,27-Jul-2025 14:33,UTC,2025-07-27 14:33:00,Rotterdam,PO-2025-105,1,Supply received per PO
1314,7440571a-841a-11ed-aa7c-7003bca91a86,lubes,154,LU-0004,Turbocharger Lube Oil,ltr,RECEIVE,22.00,22.00,ltr,50.00,27-Jul-2025 12:15,UTC,2025-07-27 12:15:00,Singapore,PO-2025-104,1,Requisition fulfilled
3740,7440571a-841a-11ed-aa7c-7003bca91a86,lubes,151,LU-0001,Main Engine Cylinder Oil,ltr,CONSUME,-87.00,-87.00,ltr,0.00,27-Jul-2025 07:43,UTC,2025-07-27 07:43:00,,,056a433e-b880-43c6-9d59-b1cfe71a4014,Daily cylinder oil consumption - 87.0 ltr
628,7440571a-841a-11ed-aa7c-7003bca91a86,stores,150,IT-0010,Emery Paper / Abrasive Sheet,pcs,CONSUME,-3.00,-3.00,pcs,19.00,27-Jul-2025 06:02,UTC,2025-07-27 06:02:00,,WO-2025-002,1,Port state inspection preparation
627,7440571a-841a-11ed-aa7c-7003bca91a86,stores,143,IT-0003,Grinding Wheel (Grinding Disc),pcs,CONSUME,-3.00,-3.00,pcs,19.00,26-Jul-2025 09:39,UTC,2025-07-26 09:39:00,,WO-2025-001,1,Hull maintenance work
3739,7440571a-841a-11ed-aa7c-7003bca91a86,lubes,151,LU-0001,Main Engine Cylinder Oil,ltr,CONSUME,-108.70,-108.70,ltr,0.00,26-Jul-2025 06:41,UTC,2025-07-26 06:41:00,,,228b5256-5bd2-4bf3-826f-c6fe76571449,Daily cylinder oil consumption - 108.7 ltr
626,7440571a-841a-11ed-aa7c-7003bca91a86,stores,141,IT-0001,Safety Gloves – Cotton,pcs,RECEIVE,22.00,22.00,pcs,45.00,25-Jul-2025 16:21,UTC,2025-07-25 16:21:00,Busan,PO-2025-106,1,Supplier delivery on schedule
625,7440571a-841a-11ed-aa7c-7003bca91a86,stores,143,IT-0003,Grinding Wheel (Grinding Disc),pcs,RECEIVE,10.00,10.00,pcs,29.00,25-Jul-2025 15:14,UTC,2025-07-25 15:14:00,Las Palmas,PO-2025-108,1,Port supply delivery
1313,7440571a-841a-11ed-aa7c-7003bca91a86,lubes,160,LU-0010,Multipurpose Grease,ltr,RECEIVE,24.00,24.00,ltr,32.00,25-Jul-2025 14:55,UTC,2025-07-25 14:55:00,Colombo,PO-2025-104,1,Port supply delivery
1312,7440571a-841a-11ed-aa7c-7003bca91a86,lubes,155,LU-0005,Hydraulic Oil,ltr,CONSUME,-7.00,-7.00,ltr,11.00,25-Jul-2025 14:25,UTC,2025-07-25 14:25:00,,WO-2025-002,1,Monthly routine usage
624,7440571a-841a-11ed-aa7c-7003bca91a86,others,180,OT-0010,"Pipelines, safety markings",ltr,CONSUME,-2.00,-2.00,ltr,59.00,25-Jul-2025 12:53,UTC,2025-07-25 12:53:00,,WO-2025-001,1,Engine room maintenance
623,7440571a-841a-11ed-aa7c-7003bca91a86,chemicals,170,CH-0010,Hand Cleaning Chemical (Industrial Soap),ltr,RECEIVE,19.00,19.00,ltr,35.00,25-Jul-2025 12:50,UTC,2025-07-25 12:50:00,Mumbai,PO-2025-107,1,Supplier delivery on schedule
1311,7440571a-841a-11ed-aa7c-7003bca91a86,lubes,153,LU-0003,Auxiliary Engine Lube Oil,ltr,CONSUME,-12.00,-12.00,ltr,31.00,25-Jul-2025 09:21,UTC,2025-07-25 09:21:00,,WO-2025-006,1,Engine room maintenance
622,7440571a-841a-11ed-aa7c-7003bca91a86,chemicals,163,CH-0003,Boiler Water Treatment Chemical,ltr,RECEIVE,14.00,14.00,ltr,14.00,25-Jul-2025 09:09,UTC,2025-07-25 09:09:00,Mumbai,PO-2025-103,1,Requisition fulfilled
3738,7440571a-841a-11ed-aa7c-7003bca91a86,lubes,151,LU-0001,Main Engine Cylinder Oil,ltr,CONSUME,-62.40,-62.40,ltr,0.00,25-Jul-2025 08:55,UTC,2025-07-25 08:55:00,,,480b40d0-04bd-4590-a936-2f879b867977,Daily cylinder oil consumption - 62.4 ltr
621,7440571a-841a-11ed-aa7c-7003bca91a86,chemicals,167,CH-0007,Degreasing Chemical,ltr,CONSUME,-7.00,-7.00,ltr,3.00,24-Jul-2025 21:10,UTC,2025-07-24 21:10:00,,WO-2025-009,1,Emergency repair usage
620,7440571a-841a-11ed-aa7c-7003bca91a86,chemicals,165,CH-0005,Potable Water Chlorination Chemical,ltr,CONSUME,-8.00,-8.00,ltr,3.00,24-Jul-2025 19:30,UTC,2025-07-24 19:30:00,,WO-2025-003,1,Engine room maintenance
619,7440571a-841a-11ed-aa7c-7003bca91a86,chemicals,169,CH-0009,Sewage Treatment Plant Chemical,ltr,CONSUME,-8.00,-8.00,ltr,0.00,24-Jul-2025 14:37,UTC,2025-07-24 14:37:00,,WO-2025-006,1,Quarterly maintenance requirement
618,7440571a-841a-11ed-aa7c-7003bca91a86,chemicals,167,CH-0007,Degreasing Chemical,ltr,RECEIVE,25.00,25.00,ltr,25.00,24-Jul-2025 12:19,UTC,2025-07-24 12:19:00,Fujairah,PO-2025-106,1,Port supply delivery
1310,7440571a-841a-11ed-aa7c-7003bca91a86,lubes,152,LU-0002,Main Engine System Oil,ltr,RECEIVE,19.00,19.00,ltr,86.00,24-Jul-2025 10:41,UTC,2025-07-24 10:41:00,Mumbai,PO-2025-104,1,Requisition fulfilled
617,7440571a-841a-11ed-aa7c-7003bca91a86,others,174,OT-0004,Waterline area,ltr,CONSUME,-1.00,-1.00,ltr,50.00,24-Jul-2025 09:20,UTC,2025-07-24 09:20:00,,WO-2025-011,1,Deck maintenance work
616,7440571a-841a-11ed-aa7c-7003bca91a86,chemicals,168,CH-0008,Rust Remover / Descaling Chemical,ltr,RECEIVE,15.00,15.00,ltr,20.00,24-Jul-2025 08:04,UTC,2025-07-24 08:04:00,Jebel Ali,PO-2025-107,1,Top-up supply received
3737,7440571a-841a-11ed-aa7c-7003bca91a86,lubes,151,LU-0001,Main Engine Cylinder Oil,ltr,CONSUME,-78.70,-78.70,ltr,0.00,24-Jul-2025 06:57,UTC,2025-07-24 06:57:00,,,480b40d0-04bd-4590-a936-2f879b867977,Daily cylinder oil consumption - 78.7 ltr
1309,7440571a-841a-11ed-aa7c-7003bca91a86,lubes,154,LU-0004,Turbocharger Lube Oil,ltr,CONSUME,-6.00,-6.00,ltr,28.00,23-Jul-2025 12:20,UTC,2025-07-23 12:20:00,,WO-2025-006,1,Engine room maintenance
3736,7440571a-841a-11ed-aa7c-7003bca91a86,lubes,151,LU-0001,Main Engine Cylinder Oil,ltr,CONSUME,-90.50,-90.50,ltr,0.00,23-Jul-2025 08:17,UTC,2025-07-23 08:17:00,,,480b40d0-04bd-4590-a936-2f879b867977,Daily cylinder oil consumption - 90.5 ltr
615,7440571a-841a-11ed-aa7c-7003bca91a86,stores,147,IT-0007,Ear Plugs (Disposable),pcs,RECEIVE,24.00,24.00,pcs,38.00,22-Jul-2025 13:39,UTC,2025-07-22 13:39:00,Durban,PO-2025-108,1,Supplier delivery on schedule
3735,7440571a-841a-11ed-aa7c-7003bca91a86,lubes,151,LU-0001,Main Engine Cylinder Oil,ltr,CONSUME,-74.90,-74.90,ltr,0.00,22-Jul-2025 06:43,UTC,2025-07-22 06:43:00,,,6084f3b8-85dc-462a-b045-111d2b2e6d0e,Daily cylinder oil consumption - 74.9 ltr
614,7440571a-841a-11ed-aa7c-7003bca91a86,chemicals,170,CH-0010,Hand Cleaning Chemical (Industrial Soap),ltr,CONSUME,-3.00,-3.00,ltr,16.00,21-Jul-2025 21:14,UTC,2025-07-21 21:14:00,,WO-2025-009,1,Engine room maintenance
613,7440571a-841a-11ed-aa7c-7003bca91a86,stores,142,IT-0002,Jeevan,pcs,CONSUME,-2.00,-2.00,pcs,16.00,21-Jul-2025 18:23,UTC,2025-07-21 18:23:00,,WO-2025-009,1,Safety equipment replenishment
612,7440571a-841a-11ed-aa7c-7003bca91a86,stores,148,IT-0008,Dust Mask / Respirator Mask,pcs,RECEIVE,17.00,17.00,pcs,43.00,21-Jul-2025 16:52,UTC,2025-07-21 16:52:00,Durban,PO-2025-104,1,Requisition fulfilled
1308,7440571a-841a-11ed-aa7c-7003bca91a86,lubes,156,LU-0006,Gear Oil,ltr,CONSUME,-9.00,-9.00,ltr,0.00,21-Jul-2025 14:41,UTC,2025-07-21 14:41:00,,WO-2025-001,1,Routine maintenance consumption
611,7440571a-841a-11ed-aa7c-7003bca91a86,chemicals,162,CH-0002,Lube Oil Treatment Chemical,ltr,RECEIVE,18.00,18.00,ltr,18.00,21-Jul-2025 13:43,UTC,2025-07-21 13:43:00,Busan,PO-2025-102,1,Port supply delivery
610,7440571a-841a-11ed-aa7c-7003bca91a86,chemicals,167,CH-0007,Degreasing Chemical,ltr,CONSUME,-4.00,-4.00,ltr,0.00,21-Jul-2025 12:14,UTC,2025-07-21 12:14:00,,WO-2025-005,1,Navigation equipment maintenance
609,7440571a-841a-11ed-aa7c-7003bca91a86,others,173,OT-0003,Hull below waterline,ltr,CONSUME,-3.00,-3.00,ltr,38.00,21-Jul-2025 09:37,UTC,2025-07-21 09:37:00,,WO-2025-012,1,Scheduled overhaul requirement
3734,7440571a-841a-11ed-aa7c-7003bca91a86,lubes,151,LU-0001,Main Engine Cylinder Oil,ltr,CONSUME,-77.60,-77.60,ltr,0.00,21-Jul-2025 07:33,UTC,2025-07-21 07:33:00,,,228b5256-5bd2-4bf3-826f-c6fe76571449,Daily cylinder oil consumption - 77.6 ltr
2300,7440571a-841a-11ed-aa7c-7003bca91a86,chemicals,161,CH-0001,Fuel Oil Treatment Chemical,ltr,CONSUME,-1.95,-1.95,ltr,0.00,21-Jul-2025 00:00,UTC,2025-07-21 00:00:00,,,228b5256-5bd2-4bf3-826f-c6fe76571449,Weekly chemical consumption
2301,7440571a-841a-11ed-aa7c-7003bca91a86,chemicals,166,CH-0006,Tank Cleaning Chemical (Alkaline),ltr,CONSUME,-0.77,-0.77,ltr,0.00,21-Jul-2025 00:00,UTC,2025-07-21 00:00:00,,,056a433e-b880-43c6-9d59-b1cfe71a4014,Weekly chemical consumption
2302,7440571a-841a-11ed-aa7c-7003bca91a86,chemicals,168,CH-0008,Rust Remover / Descaling Chemical,ltr,CONSUME,-0.63,-0.63,ltr,0.00,21-Jul-2025 00:00,UTC,2025-07-21 00:00:00,,,228b5256-5bd2-4bf3-826f-c6fe76571449,Weekly chemical consumption
608,7440571a-841a-11ed-aa7c-7003bca91a86,stores,145,IT-0005,Welding Electrodes (General Purpose),pcs,CONSUME,-3.00,-3.00,pcs,6.00,20-Jul-2025 18:18,UTC,2025-07-20 18:18:00,,WO-2025-007,1,Routine maintenance consumption
607,7440571a-841a-11ed-aa7c-7003bca91a86,stores,142,IT-0002,Jeevan,pcs,RECEIVE,18.00,18.00,pcs,26.00,20-Jul-2025 15:46,UTC,2025-07-20 15:46:00,Rotterdam,PO-2025-105,1,Top-up supply received
606,7440571a-841a-11ed-aa7c-7003bca91a86,others,177,OT-0007,"Bilges, chain lockers",ltr,CONSUME,-2.00,-2.00,ltr,47.00,20-Jul-2025 13:10,UTC,2025-07-20 13:10:00,,WO-2025-010,1,Accommodation maintenance
605,7440571a-841a-11ed-aa7c-7003bca91a86,chemicals,164,CH-0004,Cooling Water Treatment Chemical,ltr,RECEIVE,21.00,21.00,ltr,45.00,20-Jul-2025 10:06,UTC,2025-07-20 10:06:00,Rotterdam,PO-2025-106,1,Supplier delivery on schedule
3733,7440571a-841a-11ed-aa7c-7003bca91a86,lubes,151,LU-0001,Main Engine Cylinder Oil,ltr,CONSUME,-109.20,-109.20,ltr,0.00,20-Jul-2025 08:44,UTC,2025-07-20 08:44:00,,,228b5256-5bd2-4bf3-826f-c6fe76571449,Daily cylinder oil consumption - 109.2 ltr
604,7440571a-841a-11ed-aa7c-7003bca91a86,chemicals,166,CH-0006,Tank Cleaning Chemical (Alkaline),ltr,RECEIVE,18.00,18.00,ltr,18.00,20-Jul-2025 08:09,UTC,2025-07-20 08:09:00,Las Palmas,PO-2025-101,1,Quarterly supply order
4075,7440571a-841a-11ed-aa7c-7003bca91a86,chemicals,161,CH-0001,Fuel Oil Treatment Chemical,ltr,CONSUME,-30.40,-30.40,ltr,4790.90,19-Jul-2025 13:04,UTC,2025-07-19 13:04:00,,,056a433e-b880-43c6-9d59-b1cfe71a4014,Chemical consumption - Fuel Oil Treatment Chemical
4077,7440571a-841a-11ed-aa7c-7003bca91a86,chemicals,170,CH-0010,Hand Cleaning Chemical (Industrial Soap),ltr,CONSUME,-25.10,-25.10,ltr,4874.80,19-Jul-2025 12:33,UTC,2025-07-19 12:33:00,,,228b5256-5bd2-4bf3-826f-c6fe76571449,Chemical consumption - Hand Cleaning Chemical (Industrial Soap)
4073,7440571a-841a-11ed-aa7c-7003bca91a86,chemicals,162,CH-0002,Lube Oil Treatment Chemical,ltr,CONSUME,-34.50,-34.50,ltr,4835.30,19-Jul-2025 11:09,UTC,2025-07-19 11:09:00,,,056a433e-b880-43c6-9d59-b1cfe71a4014,Chemical consumption - Lube Oil Treatment Chemical
3732,7440571a-841a-11ed-aa7c-7003bca91a86,lubes,151,LU-0001,Main Engine Cylinder Oil,ltr,CONSUME,-64.80,-64.80,ltr,0.00,19-Jul-2025 07:49,UTC,2025-07-19 07:49:00,,,056a433e-b880-43c6-9d59-b1cfe71a4014,Daily cylinder oil consumption - 64.8 ltr
1307,7440571a-841a-11ed-aa7c-7003bca91a86,lubes,152,LU-0002,Main Engine System Oil,ltr,CONSUME,-4.00,-4.00,ltr,67.00,19-Jul-2025 06:25,UTC,2025-07-19 06:25:00,,WO-2025-001,1,Monthly routine usage
1306,7440571a-841a-11ed-aa7c-7003bca91a86,lubes,157,LU-0007,Stern Tube Oil,ltr,CONSUME,-4.00,-4.00,ltr,36.00,18-Jul-2025 21:32,UTC,2025-07-18 21:32:00,,WO-2025-004,1,Engine room maintenance
603,7440571a-841a-11ed-aa7c-7003bca91a86,stores,144,IT-0004,Cutting Disc (Angle Grinder),pcs,CONSUME,-4.00,-4.00,pcs,19.00,18-Jul-2025 20:12,UTC,2025-07-18 20:12:00,,WO-2025-012,1,Scheduled overhaul requirement
602,7440571a-841a-11ed-aa7c-7003bca91a86,stores,150,IT-0010,Emery Paper / Abrasive Sheet,pcs,CONSUME,-2.00,-2.00,pcs,27.00,18-Jul-2025 17:31,UTC,2025-07-18 17:31:00,,WO-2025-003,1,Emergency repair usage
1305,7440571a-841a-11ed-aa7c-7003bca91a86,lubes,159,LU-0009,Refrigeration Compressor Oil,ltr,CONSUME,-6.00,-6.00,ltr,24.00,18-Jul-2025 16:53,UTC,2025-07-18 16:53:00,,WO-2025-004,1,Scheduled overhaul requirement
3997,7440571a-841a-11ed-aa7c-7003bca91a86,lubes,152,LU-0002,Main Engine System Oil,ltr,CONSUME,-130.70,-130.70,ltr,0.00,18-Jul-2025 13:43,UTC,2025-07-18 13:43:00,,,228b5256-5bd2-4bf3-826f-c6fe76571449,Monthly ME system oil top-up - 130.7 ltr
3998,7440571a-841a-11ed-aa7c-7003bca91a86,lubes,153,LU-0003,Auxiliary Engine Lube Oil,ltr,CONSUME,-227.40,-227.40,ltr,36.90,18-Jul-2025 13:43,UTC,2025-07-18 13:43:00,,,056a433e-b880-43c6-9d59-b1cfe71a4014,Monthly AE lube oil top-up - 227.4 ltr
1304,7440571a-841a-11ed-aa7c-7003bca91a86,lubes,153,LU-0003,Auxiliary Engine Lube Oil,ltr,RECEIVE,15.00,15.00,ltr,46.00,18-Jul-2025 09:18,UTC,2025-07-18 09:18:00,Singapore,PO-2025-103,1,Port supply delivery
1303,7440571a-841a-11ed-aa7c-7003bca91a86,lubes,159,LU-0009,Refrigeration Compressor Oil,ltr,CONSUME,-4.00,-4.00,ltr,20.00,18-Jul-2025 07:24,UTC,2025-07-18 07:24:00,,WO-2025-001,1,Scheduled overhaul requirement
3731,7440571a-841a-11ed-aa7c-7003bca91a86,lubes,151,LU-0001,Main Engine Cylinder Oil,ltr,CONSUME,-111.00,-111.00,ltr,0.00,18-Jul-2025 07:21,UTC,2025-07-18 07:21:00,,,480b40d0-04bd-4590-a936-2f879b867977,Daily cylinder oil consumption - 111.0 ltr
601,7440571a-841a-11ed-aa7c-7003bca91a86,chemicals,162,CH-0002,Lube Oil Treatment Chemical,ltr,CONSUME,-5.00,-5.00,ltr,0.00,17-Jul-2025 21:45,UTC,2025-07-17 21:45:00,,WO-2025-010,1,Navigation equipment maintenance
1302,7440571a-841a-11ed-aa7c-7003bca91a86,lubes,160,LU-0010,Multipurpose Grease,ltr,CONSUME,-12.00,-12.00,ltr,17.00,17-Jul-2025 09:36,UTC,2025-07-17 09:36:00,,WO-2025-003,1,Routine maintenance consumption
600,7440571a-841a-11ed-aa7c-7003bca91a86,chemicals,163,CH-0003,Boiler Water Treatment Chemical,ltr,CONSUME,-6.00,-6.00,ltr,0.00,17-Jul-2025 09:33,UTC,2025-07-17 09:33:00,,WO-2025-009,1,Deck maintenance work
3730,7440571a-841a-11ed-aa7c-7003bca91a86,lubes,151,LU-0001,Main Engine Cylinder Oil,ltr,CONSUME,-82.40,-82.40,ltr,0.00,17-Jul-2025 07:02,UTC,2025-07-17 07:02:00,,,6084f3b8-85dc-462a-b045-111d2b2e6d0e,Daily cylinder oil consumption - 82.4 ltr
1301,7440571a-841a-11ed-aa7c-7003bca91a86,lubes,156,LU-0006,Gear Oil,ltr,CONSUME,-8.00,-8.00,ltr,9.00,16-Jul-2025 21:53,UTC,2025-07-16 21:53:00,,WO-2025-002,1,Engine room maintenance
599,7440571a-841a-11ed-aa7c-7003bca91a86,stores,149,IT-0009,Cotton Waste / Cleaning Rags,pcs,CONSUME,-1.00,-1.00,pcs,40.00,16-Jul-2025 20:09,UTC,2025-07-16 20:09:00,,WO-2025-001,1,Deck maintenance work
598,7440571a-841a-11ed-aa7c-7003bca91a86,stores,146,IT-0006,Safety Goggles (Clear),pcs,CONSUME,-2.00,-2.00,pcs,18.00,16-Jul-2025 18:45,UTC,2025-07-16 18:45:00,,WO-2025-004,1,Safety equipment replenishment
1300,7440571a-841a-11ed-aa7c-7003bca91a86,lubes,157,LU-0007,Stern Tube Oil,ltr,RECEIVE,33.00,33.00,ltr,66.00,16-Jul-2025 15:30,UTC,2025-07-16 15:30:00,Fujairah,PO-2025-103,1,Port supply delivery
597,7440571a-841a-11ed-aa7c-7003bca91a86,chemicals,165,CH-0005,Potable Water Chlorination Chemical,ltr,CONSUME,-2.00,-2.00,ltr,11.00,16-Jul-2025 11:29,UTC,2025-07-16 11:29:00,,WO-2025-004,1,Scheduled overhaul requirement
3729,7440571a-841a-11ed-aa7c-7003bca91a86,lubes,151,LU-0001,Main Engine Cylinder Oil,ltr,CONSUME,-86.90,-86.90,ltr,0.00,16-Jul-2025 09:56,UTC,2025-07-16 09:56:00,,,228b5256-5bd2-4bf3-826f-c6fe76571449,Daily cylinder oil consumption - 86.9 ltr
596,7440571a-841a-11ed-aa7c-7003bca91a86,stores,145,IT-0005,Welding Electrodes (General Purpose),pcs,CONSUME,-4.00,-4.00,pcs,2.00,15-Jul-2025 20:11,UTC,2025-07-15 20:11:00,,WO-2025-007,1,Engine room maintenance
1299,7440571a-841a-11ed-aa7c-7003bca91a86,lubes,158,LU-0008,Compressor Oil,ltr,RECEIVE,35.00,35.00,ltr,47.00,15-Jul-2025 15:47,UTC,2025-07-15 15:47:00,Jebel Ali,PO-2025-101,1,Quarterly supply order
595,7440571a-841a-11ed-aa7c-7003bca91a86,chemicals,164,CH-0004,Cooling Water Treatment Chemical,ltr,CONSUME,-2.00,-2.00,ltr,24.00,15-Jul-2025 13:18,UTC,2025-07-15 13:18:00,,WO-2025-003,1,Quarterly maintenance requirement
594,7440571a-841a-11ed-aa7c-7003bca91a86,stores,142,IT-0002,Jeevan,pcs,CONSUME,-4.00,-4.00,pcs,12.00,15-Jul-2025 10:54,UTC,2025-07-15 10:54:00,,WO-2025-002,1,Regular operational consumption
3728,7440571a-841a-11ed-aa7c-7003bca91a86,lubes,151,LU-0001,Main Engine Cylinder Oil,ltr,CONSUME,-90.60,-90.60,ltr,0.00,15-Jul-2025 07:49,UTC,2025-07-15 07:49:00,,,228b5256-5bd2-4bf3-826f-c6fe76571449,Daily cylinder oil consumption - 90.6 ltr
593,7440571a-841a-11ed-aa7c-7003bca91a86,stores,147,IT-0007,Ear Plugs (Disposable),pcs,CONSUME,-4.00,-4.00,pcs,14.00,15-Jul-2025 07:32,UTC,2025-07-15 07:32:00,,WO-2025-012,1,Monthly routine usage
4076,7440571a-841a-11ed-aa7c-7003bca91a86,chemicals,169,CH-0009,Sewage Treatment Plant Chemical,ltr,CONSUME,-6.00,-6.00,ltr,4871.10,14-Jul-2025 16:29,UTC,2025-07-14 16:29:00,,,6084f3b8-85dc-462a-b045-111d2b2e6d0e,Chemical consumption - Sewage Treatment Plant Chemical
1298,7440571a-841a-11ed-aa7c-7003bca91a86,lubes,159,LU-0009,Refrigeration Compressor Oil,ltr,CONSUME,-8.00,-8.00,ltr,12.00,14-Jul-2025 13:04,UTC,2025-07-14 13:04:00,,WO-2025-005,1,Monthly routine usage
1297,7440571a-841a-11ed-aa7c-7003bca91a86,lubes,157,LU-0007,Stern Tube Oil,ltr,CONSUME,-3.00,-3.00,ltr,33.00,14-Jul-2025 11:28,UTC,2025-07-14 11:28:00,,WO-2025-004,1,Scheduled overhaul requirement
592,7440571a-841a-11ed-aa7c-7003bca91a86,chemicals,162,CH-0002,Lube Oil Treatment Chemical,ltr,CONSUME,-8.00,-8.00,ltr,3.00,14-Jul-2025 08:44,UTC,2025-07-14 08:44:00,,WO-2025-009,1,Emergency repair usage
3727,7440571a-841a-11ed-aa7c-7003bca91a86,lubes,151,LU-0001,Main Engine Cylinder Oil,ltr,CONSUME,-88.40,-88.40,ltr,0.00,14-Jul-2025 06:09,UTC,2025-07-14 06:09:00,,,228b5256-5bd2-4bf3-826f-c6fe76571449,Daily cylinder oil consumption - 88.4 ltr
2297,7440571a-841a-11ed-aa7c-7003bca91a86,chemicals,162,CH-0002,Lube Oil Treatment Chemical,ltr,CONSUME,-1.86,-1.86,ltr,0.00,14-Jul-2025 00:00,UTC,2025-07-14 00:00:00,,,480b40d0-04bd-4590-a936-2f879b867977,Weekly chemical consumption
2298,7440571a-841a-11ed-aa7c-7003bca91a86,chemicals,164,CH-0004,Cooling Water Treatment Chemical,ltr,CONSUME,-0.90,-0.90,ltr,0.00,14-Jul-2025 00:00,UTC,2025-07-14 00:00:00,,,228b5256-5bd2-4bf3-826f-c6fe76571449,Weekly chemical consumption
2299,7440571a-841a-11ed-aa7c-7003bca91a86,chemicals,165,CH-0005,Potable Water Chlorination Chemical,ltr,CONSUME,-0.24,-0.24,ltr,0.00,14-Jul-2025 00:00,UTC,2025-07-14 00:00:00,,,056a433e-b880-43c6-9d59-b1cfe71a4014,Weekly chemical consumption
3726,7440571a-841a-11ed-aa7c-7003bca91a86,lubes,151,LU-0001,Main Engine Cylinder Oil,ltr,CONSUME,-86.90,-86.90,ltr,0.00,13-Jul-2025 07:04,UTC,2025-07-13 07:04:00,,,6084f3b8-85dc-462a-b045-111d2b2e6d0e,Daily cylinder oil consumption - 86.9 ltr
591,7440571a-841a-11ed-aa7c-7003bca91a86,stores,146,IT-0006,Safety Goggles (Clear),pcs,CONSUME,-1.00,-1.00,pcs,25.00,12-Jul-2025 13:34,UTC,2025-07-12 13:34:00,,WO-2025-012,1,Monthly routine usage
590,7440571a-841a-11ed-aa7c-7003bca91a86,chemicals,168,CH-0008,Rust Remover / Descaling Chemical,ltr,CONSUME,-2.00,-2.00,ltr,8.00,12-Jul-2025 09:23,UTC,2025-07-12 09:23:00,,WO-2025-010,1,Monthly routine usage
589,7440571a-841a-11ed-aa7c-7003bca91a86,chemicals,161,CH-0001,Fuel Oil Treatment Chemical,ltr,CONSUME,-6.00,-6.00,ltr,14.00,12-Jul-2025 08:12,UTC,2025-07-12 08:12:00,,WO-2025-001,1,Machinery space maintenance
3725,7440571a-841a-11ed-aa7c-7003bca91a86,lubes,151,LU-0001,Main Engine Cylinder Oil,ltr,CONSUME,-98.70,-98.70,ltr,0.00,12-Jul-2025 06:53,UTC,2025-07-12 06:53:00,,,228b5256-5bd2-4bf3-826f-c6fe76571449,Daily cylinder oil consumption - 98.7 ltr
1296,7440571a-841a-11ed-aa7c-7003bca91a86,lubes,158,LU-0008,Compressor Oil,ltr,CONSUME,-3.00,-3.00,ltr,12.00,11-Jul-2025 22:47,UTC,2025-07-11 22:47:00,,WO-2025-004,1,Regular operational consumption
3724,7440571a-841a-11ed-aa7c-7003bca91a86,lubes,151,LU-0001,Main Engine Cylinder Oil,ltr,CONSUME,-114.50,-114.50,ltr,0.00,11-Jul-2025 08:27,UTC,2025-07-11 08:27:00,,,056a433e-b880-43c6-9d59-b1cfe71a4014,Daily cylinder oil consumption - 114.5 ltr
588,7440571a-841a-11ed-aa7c-7003bca91a86,stores,142,IT-0002,Jeevan,pcs,CONSUME,-4.00,-4.00,pcs,18.00,10-Jul-2025 21:40,UTC,2025-07-10 21:40:00,,WO-2025-005,1,Deck maintenance work
4074,7440571a-841a-11ed-aa7c-7003bca91a86,chemicals,166,CH-0006,Tank Cleaning Chemical (Alkaline),ltr,CONSUME,-22.10,-22.10,ltr,4804.00,10-Jul-2025 15:05,UTC,2025-07-10 15:05:00,,,480b40d0-04bd-4590-a936-2f879b867977,Chemical consumption - Tank Cleaning Chemical (Alkaline)
587,7440571a-841a-11ed-aa7c-7003bca91a86,chemicals,164,CH-0004,Cooling Water Treatment Chemical,ltr,CONSUME,-4.00,-4.00,ltr,26.00,10-Jul-2025 14:14,UTC,2025-07-10 14:14:00,,WO-2025-001,1,Scheduled overhaul requirement
586,7440571a-841a-11ed-aa7c-7003bca91a86,stores,150,IT-0010,Emery Paper / Abrasive Sheet,pcs,CONSUME,-5.00,-5.00,pcs,22.00,10-Jul-2025 07:12,UTC,2025-07-10 07:12:00,,WO-2025-005,1,Safety equipment replenishment
3723,7440571a-841a-11ed-aa7c-7003bca91a86,lubes,151,LU-0001,Main Engine Cylinder Oil,ltr,CONSUME,-111.00,-111.00,ltr,0.00,10-Jul-2025 06:12,UTC,2025-07-10 06:12:00,,,6084f3b8-85dc-462a-b045-111d2b2e6d0e,Daily cylinder oil consumption - 111.0 ltr
585,7440571a-841a-11ed-aa7c-7003bca91a86,others,172,OT-0002,"Ballast tanks, machinery spaces",ltr,CONSUME,-2.00,-2.00,ltr,52.00,09-Jul-2025 14:04,UTC,2025-07-09 14:04:00,,WO-2025-006,1,Routine maintenance consumption
584,7440571a-841a-11ed-aa7c-7003bca91a86,chemicals,163,CH-0003,Boiler Water Treatment Chemical,ltr,CONSUME,-5.00,-5.00,ltr,4.00,09-Jul-2025 10:02,UTC,2025-07-09 10:02:00,,WO-2025-006,1,Regular operational consumption
3722,7440571a-841a-11ed-aa7c-7003bca91a86,lubes,151,LU-0001,Main Engine Cylinder Oil,ltr,CONSUME,-96.60,-96.60,ltr,0.00,09-Jul-2025 09:56,UTC,2025-07-09 09:56:00,,,228b5256-5bd2-4bf3-826f-c6fe76571449,Daily cylinder oil consumption - 96.6 ltr
1295,7440571a-841a-11ed-aa7c-7003bca91a86,lubes,151,LU-0001,Main Engine Cylinder Oil,ltr,CONSUME,-5.00,-5.00,ltr,12.00,09-Jul-2025 07:02,UTC,2025-07-09 07:02:00,,WO-2025-006,1,Monthly routine usage
583,7440571a-841a-11ed-aa7c-7003bca91a86,stores,141,IT-0001,Safety Gloves – Cotton,pcs,CONSUME,-3.00,-3.00,pcs,26.00,09-Jul-2025 06:04,UTC,2025-07-09 06:04:00,,WO-2025-002,1,Routine maintenance consumption
582,7440571a-841a-11ed-aa7c-7003bca91a86,chemicals,163,CH-0003,Boiler Water Treatment Chemical,ltr,CONSUME,-5.00,-5.00,ltr,14.00,09-Jul-2025 06:03,UTC,2025-07-09 06:03:00,,WO-2025-003,1,Deck maintenance work
581,7440571a-841a-11ed-aa7c-7003bca91a86,stores,145,IT-0005,Welding Electrodes (General Purpose),pcs,CONSUME,-5.00,-5.00,pcs,9.00,08-Jul-2025 18:35,UTC,2025-07-08 18:35:00,,WO-2025-011,1,Hull maintenance work
580,7440571a-841a-11ed-aa7c-7003bca91a86,chemicals,168,CH-0008,Rust Remover / Descaling Chemical,ltr,CONSUME,-3.00,-3.00,ltr,5.00,08-Jul-2025 14:22,UTC,2025-07-08 14:22:00,,WO-2025-007,1,Hull maintenance work
3721,7440571a-841a-11ed-aa7c-7003bca91a86,lubes,151,LU-0001,Main Engine Cylinder Oil,ltr,CONSUME,-102.00,-102.00,ltr,0.00,08-Jul-2025 07:25,UTC,2025-07-08 07:25:00,,,6084f3b8-85dc-462a-b045-111d2b2e6d0e,Daily cylinder oil consumption - 102.0 ltr
579,7440571a-841a-11ed-aa7c-7003bca91a86,stores,146,IT-0006,Safety Goggles (Clear),pcs,CONSUME,-3.00,-3.00,pcs,22.00,08-Jul-2025 06:32,UTC,2025-07-08 06:32:00,,WO-2025-005,1,Deck maintenance work
577,7440571a-841a-11ed-aa7c-7003bca91a86,stores,143,IT-0003,Grinding Wheel (Grinding Disc),pcs,CONSUME,-5.00,-5.00,pcs,22.00,07-Jul-2025 17:34,UTC,2025-07-07 17:34:00,,WO-2025-010,1,Emergency repair usage
578,7440571a-841a-11ed-aa7c-7003bca91a86,chemicals,167,CH-0007,Degreasing Chemical,ltr,CONSUME,-7.00,-7.00,ltr,0.00,07-Jul-2025 17:34,UTC,2025-07-07 17:34:00,,WO-2025-006,1,Quarterly maintenance requirement
3720,7440571a-841a-11ed-aa7c-7003bca91a86,lubes,151,LU-0001,Main Engine Cylinder Oil,ltr,CONSUME,-108.80,-108.80,ltr,0.00,07-Jul-2025 09:01,UTC,2025-07-07 09:01:00,,,6084f3b8-85dc-462a-b045-111d2b2e6d0e,Daily cylinder oil consumption - 108.8 ltr
2296,7440571a-841a-11ed-aa7c-7003bca91a86,chemicals,169,CH-0009,Sewage Treatment Plant Chemical,ltr,CONSUME,-1.55,-1.55,ltr,0.00,07-Jul-2025 00:00,UTC,2025-07-07 00:00:00,,,6084f3b8-85dc-462a-b045-111d2b2e6d0e,Weekly chemical consumption
2293,7440571a-841a-11ed-aa7c-7003bca91a86,chemicals,161,CH-0001,Fuel Oil Treatment Chemical,ltr,CONSUME,-1.92,-1.92,ltr,0.00,07-Jul-2025 00:00,UTC,2025-07-07 00:00:00,,,056a433e-b880-43c6-9d59-b1cfe71a4014,Weekly chemical consumption
2294,7440571a-841a-11ed-aa7c-7003bca91a86,chemicals,164,CH-0004,Cooling Water Treatment Chemical,ltr,CONSUME,-0.40,-0.40,ltr,0.00,07-Jul-2025 00:00,UTC,2025-07-07 00:00:00,,,6084f3b8-85dc-462a-b045-111d2b2e6d0e,Weekly chemical consumption
2295,7440571a-841a-11ed-aa7c-7003bca91a86,chemicals,168,CH-0008,Rust Remover / Descaling Chemical,ltr,CONSUME,-0.68,-0.68,ltr,0.00,07-Jul-2025 00:00,UTC,2025-07-07 00:00:00,,,056a433e-b880-43c6-9d59-b1cfe71a4014,Weekly chemical consumption
576,7440571a-841a-11ed-aa7c-7003bca91a86,stores,146,IT-0006,Safety Goggles (Clear),pcs,CONSUME,-2.00,-2.00,pcs,20.00,06-Jul-2025 22:53,UTC,2025-07-06 22:53:00,,WO-2025-004,1,Voyage preparation consumption
1294,7440571a-841a-11ed-aa7c-7003bca91a86,lubes,151,LU-0001,Main Engine Cylinder Oil,ltr,CONSUME,-6.00,-6.00,ltr,17.00,06-Jul-2025 21:33,UTC,2025-07-06 21:33:00,,WO-2025-003,1,Scheduled overhaul requirement
575,7440571a-841a-11ed-aa7c-7003bca91a86,chemicals,167,CH-0007,Degreasing Chemical,ltr,CONSUME,-2.00,-2.00,ltr,0.00,06-Jul-2025 15:38,UTC,2025-07-06 15:38:00,,WO-2025-010,1,Deck maintenance work
574,7440571a-841a-11ed-aa7c-7003bca91a86,others,171,OT-0001,Steel surface protection,ltr,CONSUME,-4.00,-4.00,ltr,55.00,06-Jul-2025 10:03,UTC,2025-07-06 10:03:00,,WO-2025-007,1,Regular operational consumption
3719,7440571a-841a-11ed-aa7c-7003bca91a86,lubes,151,LU-0001,Main Engine Cylinder Oil,ltr,CONSUME,-75.70,-75.70,ltr,0.00,06-Jul-2025 06:08,UTC,2025-07-06 06:08:00,,,056a433e-b880-43c6-9d59-b1cfe71a4014,Daily cylinder oil consumption - 75.7 ltr
573,7440571a-841a-11ed-aa7c-7003bca91a86,stores,149,IT-0009,Cotton Waste / Cleaning Rags,pcs,CONSUME,-2.00,-2.00,pcs,41.00,05-Jul-2025 10:39,UTC,2025-07-05 10:39:00,,WO-2025-005,1,Routine maintenance consumption
3718,7440571a-841a-11ed-aa7c-7003bca91a86,lubes,151,LU-0001,Main Engine Cylinder Oil,ltr,CONSUME,-60.90,-60.90,ltr,0.00,05-Jul-2025 09:35,UTC,2025-07-05 09:35:00,,,480b40d0-04bd-4590-a936-2f879b867977,Daily cylinder oil consumption - 60.9 ltr
2784,7440571a-841a-11ed-aa7c-7003bca91a86,chemicals,164,CH-0004,Cooling Water Treatment Chemical,ltr,RECEIVE,33.89,33.89,ltr,179.13,05-Jul-2025 00:00,UTC,2025-07-05 00:00:00,Singapore,PO-2025-8369,228b5256-5bd2-4bf3-826f-c6fe76571449,Received at Singapore
2772,7440571a-841a-11ed-aa7c-7003bca91a86,stores,144,IT-0004,Cutting Disc (Angle Grinder),pcs,RECEIVE,14.61,14.61,pcs,194.92,05-Jul-2025 00:00,UTC,2025-07-05 00:00:00,Singapore,PO-2025-8444,228b5256-5bd2-4bf3-826f-c6fe76571449,Received at Singapore
2773,7440571a-841a-11ed-aa7c-7003bca91a86,stores,145,IT-0005,Welding Electrodes (General Purpose),pcs,RECEIVE,42.44,42.44,pcs,280.19,05-Jul-2025 00:00,UTC,2025-07-05 00:00:00,Singapore,PO-2025-4139,228b5256-5bd2-4bf3-826f-c6fe76571449,Received at Singapore
2774,7440571a-841a-11ed-aa7c-7003bca91a86,stores,146,IT-0006,Safety Goggles (Clear),pcs,RECEIVE,8.94,8.94,pcs,357.82,05-Jul-2025 00:00,UTC,2025-07-05 00:00:00,Singapore,PO-2025-2384,228b5256-5bd2-4bf3-826f-c6fe76571449,Received at Singapore
2775,7440571a-841a-11ed-aa7c-7003bca91a86,stores,147,IT-0007,Ear Plugs (Disposable),pcs,RECEIVE,26.64,26.64,pcs,190.50,05-Jul-2025 00:00,UTC,2025-07-05 00:00:00,Singapore,PO-2025-8836,228b5256-5bd2-4bf3-826f-c6fe76571449,Received at Singapore
2776,7440571a-841a-11ed-aa7c-7003bca91a86,stores,148,IT-0008,Dust Mask / Respirator Mask,pcs,RECEIVE,31.99,31.99,pcs,323.96,05-Jul-2025 00:00,UTC,2025-07-05 00:00:00,Singapore,PO-2025-6378,228b5256-5bd2-4bf3-826f-c6fe76571449,Received at Singapore
2777,7440571a-841a-11ed-aa7c-7003bca91a86,stores,149,IT-0009,Cotton Waste / Cleaning Rags,pcs,RECEIVE,43.99,43.99,pcs,260.42,05-Jul-2025 00:00,UTC,2025-07-05 00:00:00,Singapore,PO-2025-6101,228b5256-5bd2-4bf3-826f-c6fe76571449,Received at Singapore
2778,7440571a-841a-11ed-aa7c-7003bca91a86,stores,152,LU-0002,Main Engine System Oil,ltr,RECEIVE,35.75,35.75,ltr,317.84,05-Jul-2025 00:00,UTC,2025-07-05 00:00:00,Singapore,PO-2025-8963,228b5256-5bd2-4bf3-826f-c6fe76571449,Received at Singapore
2779,7440571a-841a-11ed-aa7c-7003bca91a86,stores,153,LU-0003,Auxiliary Engine Lube Oil,ltr,RECEIVE,36.00,36.00,ltr,206.47,05-Jul-2025 00:00,UTC,2025-07-05 00:00:00,Singapore,PO-2025-3204,228b5256-5bd2-4bf3-826f-c6fe76571449,Received at Singapore
2780,7440571a-841a-11ed-aa7c-7003bca91a86,stores,154,LU-0004,Turbocharger Lube Oil,ltr,RECEIVE,49.79,49.79,ltr,344.09,05-Jul-2025 00:00,UTC,2025-07-05 00:00:00,Singapore,PO-2025-3069,228b5256-5bd2-4bf3-826f-c6fe76571449,Received at Singapore
2781,7440571a-841a-11ed-aa7c-7003bca91a86,stores,157,LU-0007,Stern Tube Oil,ltr,RECEIVE,18.25,18.25,ltr,445.78,05-Jul-2025 00:00,UTC,2025-07-05 00:00:00,Singapore,PO-2025-9834,228b5256-5bd2-4bf3-826f-c6fe76571449,Received at Singapore
2782,7440571a-841a-11ed-aa7c-7003bca91a86,stores,159,LU-0009,Refrigeration Compressor Oil,ltr,RECEIVE,43.81,43.81,ltr,254.97,05-Jul-2025 00:00,UTC,2025-07-05 00:00:00,Singapore,PO-2025-8932,228b5256-5bd2-4bf3-826f-c6fe76571449,Received at Singapore
2783,7440571a-841a-11ed-aa7c-7003bca91a86,stores,160,LU-0010,Multipurpose Grease,ltr,RECEIVE,7.94,7.94,ltr,337.74,05-Jul-2025 00:00,UTC,2025-07-05 00:00:00,Singapore,PO-2025-5881,228b5256-5bd2-4bf3-826f-c6fe76571449,Received at Singapore
2785,7440571a-841a-11ed-aa7c-7003bca91a86,stores,174,OT-0004,Waterline area,ltr,RECEIVE,5.26,5.26,ltr,222.30,05-Jul-2025 00:00,UTC,2025-07-05 00:00:00,Singapore,PO-2025-8895,228b5256-5bd2-4bf3-826f-c6fe76571449,Received at Singapore
2786,7440571a-841a-11ed-aa7c-7003bca91a86,stores,176,OT-0006,"Exhausts, boilers, pipelines",ltr,RECEIVE,10.62,10.62,ltr,215.08,05-Jul-2025 00:00,UTC,2025-07-05 00:00:00,Singapore,PO-2025-4504,228b5256-5bd2-4bf3-826f-c6fe76571449,Received at Singapore
2787,7440571a-841a-11ed-aa7c-7003bca91a86,stores,141,IT-0001,Safety Gloves – Cotton,pcs,RECEIVE,7.79,7.79,pcs,332.15,05-Jul-2025 00:00,UTC,2025-07-05 00:00:00,Singapore,PO-2025-1887,228b5256-5bd2-4bf3-826f-c6fe76571449,Received at Singapore
572,7440571a-841a-11ed-aa7c-7003bca91a86,stores,142,IT-0002,Jeevan,pcs,CONSUME,-4.00,-4.00,pcs,8.00,04-Jul-2025 14:24,UTC,2025-07-04 14:24:00,,WO-2025-003,1,Regular operational consumption
571,7440571a-841a-11ed-aa7c-7003bca91a86,chemicals,166,CH-0006,Tank Cleaning Chemical (Alkaline),ltr,CONSUME,-4.00,-4.00,ltr,4.00,04-Jul-2025 14:00,UTC,2025-07-04 14:00:00,,WO-2025-004,1,Routine maintenance consumption
1293,7440571a-841a-11ed-aa7c-7003bca91a86,lubes,160,LU-0010,Multipurpose Grease,ltr,CONSUME,-9.00,-9.00,ltr,8.00,04-Jul-2025 12:38,UTC,2025-07-04 12:38:00,,WO-2025-006,1,Monthly routine usage
3717,7440571a-841a-11ed-aa7c-7003bca91a86,lubes,151,LU-0001,Main Engine Cylinder Oil,ltr,CONSUME,-64.80,-64.80,ltr,0.00,04-Jul-2025 08:51,UTC,2025-07-04 08:51:00,,,6084f3b8-85dc-462a-b045-111d2b2e6d0e,Daily cylinder oil consumption - 64.8 ltr
570,7440571a-841a-11ed-aa7c-7003bca91a86,stores,141,IT-0001,Safety Gloves – Cotton,pcs,CONSUME,-3.00,-3.00,pcs,23.00,04-Jul-2025 07:48,UTC,2025-07-04 07:48:00,,WO-2025-008,1,Deck maintenance work
3716,7440571a-841a-11ed-aa7c-7003bca91a86,lubes,151,LU-0001,Main Engine Cylinder Oil,ltr,CONSUME,-109.50,-109.50,ltr,0.00,03-Jul-2025 09:00,UTC,2025-07-03 09:00:00,,,228b5256-5bd2-4bf3-826f-c6fe76571449,Daily cylinder oil consumption - 109.5 ltr
569,7440571a-841a-11ed-aa7c-7003bca91a86,stores,148,IT-0008,Dust Mask / Respirator Mask,pcs,CONSUME,-4.00,-4.00,pcs,28.00,03-Jul-2025 07:41,UTC,2025-07-03 07:41:00,,WO-2025-011,1,Port state inspection preparation
568,7440571a-841a-11ed-aa7c-7003bca91a86,chemicals,163,CH-0003,Boiler Water Treatment Chemical,ltr,CONSUME,-5.00,-5.00,ltr,9.00,03-Jul-2025 07:12,UTC,2025-07-03 07:12:00,,WO-2025-002,1,Machinery space maintenance
567,7440571a-841a-11ed-aa7c-7003bca91a86,chemicals,169,CH-0009,Sewage Treatment Plant Chemical,ltr,CONSUME,-7.00,-7.00,ltr,7.00,02-Jul-2025 18:35,UTC,2025-07-02 18:35:00,,WO-2025-002,1,Accommodation maintenance
566,7440571a-841a-11ed-aa7c-7003bca91a86,chemicals,162,CH-0002,Lube Oil Treatment Chemical,ltr,CONSUME,-7.00,-7.00,ltr,11.00,02-Jul-2025 12:45,UTC,2025-07-02 12:45:00,,WO-2025-010,1,Deck maintenance work
565,7440571a-841a-11ed-aa7c-7003bca91a86,others,176,OT-0006,"Exhausts, boilers, pipelines",ltr,CONSUME,-3.00,-3.00,ltr,51.00,02-Jul-2025 09:44,UTC,2025-07-02 09:44:00,,WO-2025-011,1,Safety equipment replenishment
3715,7440571a-841a-11ed-aa7c-7003bca91a86,lubes,151,LU-0001,Main Engine Cylinder Oil,ltr,CONSUME,-117.80,-117.80,ltr,0.00,02-Jul-2025 06:53,UTC,2025-07-02 06:53:00,,,480b40d0-04bd-4590-a936-2f879b867977,Daily cylinder oil consumption - 117.8 ltr
564,7440571a-841a-11ed-aa7c-7003bca91a86,chemicals,169,CH-0009,Sewage Treatment Plant Chemical,ltr,CONSUME,-2.00,-2.00,ltr,5.00,01-Jul-2025 15:06,UTC,2025-07-01 15:06:00,,WO-2025-001,1,Engine room maintenance
3714,7440571a-841a-11ed-aa7c-7003bca91a86,lubes,151,LU-0001,Main Engine Cylinder Oil,ltr,CONSUME,-73.10,-73.10,ltr,0.00,01-Jul-2025 09:03,UTC,2025-07-01 09:03:00,,,480b40d0-04bd-4590-a936-2f879b867977,Daily cylinder oil consumption - 73.1 ltr
2292,7440571a-841a-11ed-aa7c-7003bca91a86,stores,180,OT-0010,"Pipelines, safety markings",ltr,CONSUME,-1.36,-1.36,ltr,0.00,01-Jul-2025 00:00,UTC,2025-07-01 00:00:00,,,228b5256-5bd2-4bf3-826f-c6fe76571449,General stores consumption
2284,7440571a-841a-11ed-aa7c-7003bca91a86,stores,144,IT-0004,Cutting Disc (Angle Grinder),pcs,CONSUME,-1.87,-1.87,pcs,0.00,01-Jul-2025 00:00,UTC,2025-07-01 00:00:00,,,228b5256-5bd2-4bf3-826f-c6fe76571449,General stores consumption
2285,7440571a-841a-11ed-aa7c-7003bca91a86,stores,145,IT-0005,Welding Electrodes (General Purpose),pcs,CONSUME,-1.32,-1.32,pcs,0.00,01-Jul-2025 00:00,UTC,2025-07-01 00:00:00,,,6084f3b8-85dc-462a-b045-111d2b2e6d0e,General stores consumption
2286,7440571a-841a-11ed-aa7c-7003bca91a86,stores,148,IT-0008,Dust Mask / Respirator Mask,pcs,CONSUME,-1.97,-1.97,pcs,0.00,01-Jul-2025 00:00,UTC,2025-07-01 00:00:00,,,056a433e-b880-43c6-9d59-b1cfe71a4014,General stores consumption
2287,7440571a-841a-11ed-aa7c-7003bca91a86,stores,149,IT-0009,Cotton Waste / Cleaning Rags,pcs,CONSUME,-3.82,-3.82,pcs,0.00,01-Jul-2025 00:00,UTC,2025-07-01 00:00:00,,,6084f3b8-85dc-462a-b045-111d2b2e6d0e,General stores consumption
2288,7440571a-841a-11ed-aa7c-7003bca91a86,stores,171,OT-0001,Steel surface protection,ltr,CONSUME,-1.07,-1.07,ltr,0.00,01-Jul-2025 00:00,UTC,2025-07-01 00:00:00,,,056a433e-b880-43c6-9d59-b1cfe71a4014,General stores consumption
2289,7440571a-841a-11ed-aa7c-7003bca91a86,stores,175,OT-0005,External structures,ltr,CONSUME,-2.48,-2.48,ltr,0.00,01-Jul-2025 00:00,UTC,2025-07-01 00:00:00,,,228b5256-5bd2-4bf3-826f-c6fe76571449,General stores consumption
2290,7440571a-841a-11ed-aa7c-7003bca91a86,stores,177,OT-0007,"Bilges, chain lockers",ltr,CONSUME,-3.13,-3.13,ltr,0.00,01-Jul-2025 00:00,UTC,2025-07-01 00:00:00,,,056a433e-b880-43c6-9d59-b1cfe71a4014,General stores consumption
2291,7440571a-841a-11ed-aa7c-7003bca91a86,stores,178,OT-0008,"Pipes, tanks, machinery",ltr,CONSUME,-3.61,-3.61,ltr,0.00,01-Jul-2025 00:00,UTC,2025-07-01 00:00:00,,,480b40d0-04bd-4590-a936-2f879b867977,General stores consumption
1292,7440571a-841a-11ed-aa7c-7003bca91a86,lubes,160,LU-0010,Multipurpose Grease,ltr,CONSUME,-4.00,-4.00,ltr,29.00,30-Jun-2025 18:32,UTC,2025-06-30 18:32:00,,WO-2025-004,1,Engine room maintenance
563,7440571a-841a-11ed-aa7c-7003bca91a86,chemicals,162,CH-0002,Lube Oil Treatment Chemical,ltr,CONSUME,-7.00,-7.00,ltr,4.00,30-Jun-2025 17:24,UTC,2025-06-30 17:24:00,,WO-2025-010,1,Scheduled overhaul requirement
562,7440571a-841a-11ed-aa7c-7003bca91a86,stores,143,IT-0003,Grinding Wheel (Grinding Disc),pcs,CONSUME,-1.00,-1.00,pcs,11.00,30-Jun-2025 09:54,UTC,2025-06-30 09:54:00,,WO-2025-005,1,Machinery space maintenance
3713,7440571a-841a-11ed-aa7c-7003bca91a86,lubes,151,LU-0001,Main Engine Cylinder Oil,ltr,CONSUME,-76.50,-76.50,ltr,0.00,30-Jun-2025 07:30,UTC,2025-06-30 07:30:00,,,056a433e-b880-43c6-9d59-b1cfe71a4014,Daily cylinder oil consumption - 76.5 ltr
2282,7440571a-841a-11ed-aa7c-7003bca91a86,chemicals,167,CH-0007,Degreasing Chemical,ltr,CONSUME,-1.79,-1.79,ltr,0.00,30-Jun-2025 00:00,UTC,2025-06-30 00:00:00,,,228b5256-5bd2-4bf3-826f-c6fe76571449,Weekly chemical consumption
2283,7440571a-841a-11ed-aa7c-7003bca91a86,chemicals,168,CH-0008,Rust Remover / Descaling Chemical,ltr,CONSUME,-0.97,-0.97,ltr,0.00,30-Jun-2025 00:00,UTC,2025-06-30 00:00:00,,,228b5256-5bd2-4bf3-826f-c6fe76571449,Weekly chemical consumption
2281,7440571a-841a-11ed-aa7c-7003bca91a86,chemicals,166,CH-0006,Tank Cleaning Chemical (Alkaline),ltr,CONSUME,-1.47,-1.47,ltr,0.00,30-Jun-2025 00:00,UTC,2025-06-30 00:00:00,,,056a433e-b880-43c6-9d59-b1cfe71a4014,Weekly chemical consumption
561,7440571a-841a-11ed-aa7c-7003bca91a86,chemicals,165,CH-0005,Potable Water Chlorination Chemical,ltr,CONSUME,-2.00,-2.00,ltr,17.00,29-Jun-2025 18:03,UTC,2025-06-29 18:03:00,,WO-2025-004,1,Hull maintenance work
1291,7440571a-841a-11ed-aa7c-7003bca91a86,lubes,153,LU-0003,Auxiliary Engine Lube Oil,ltr,CONSUME,-6.00,-6.00,ltr,17.00,29-Jun-2025 14:26,UTC,2025-06-29 14:26:00,,WO-2025-002,1,Regular operational consumption
4122,7440571a-841a-11ed-aa7c-7003bca91a86,chemicals,163,CH-0003,Boiler Water Treatment Chemical,ltr,RECEIVE,794.50,794.50,ltr,7201.00,29-Jun-2025 14:05,UTC,2025-06-29 14:05:00,Colombo,PO-2025-1634,228b5256-5bd2-4bf3-826f-c6fe76571449,Received at Colombo
1290,7440571a-841a-11ed-aa7c-7003bca91a86,lubes,152,LU-0002,Main Engine System Oil,ltr,CONSUME,-12.00,-12.00,ltr,74.00,29-Jun-2025 13:12,UTC,2025-06-29 13:12:00,,WO-2025-004,1,Monthly routine usage
560,7440571a-841a-11ed-aa7c-7003bca91a86,stores,143,IT-0003,Grinding Wheel (Grinding Disc),pcs,CONSUME,-5.00,-5.00,pcs,6.00,29-Jun-2025 10:12,UTC,2025-06-29 10:12:00,,WO-2025-002,1,Accommodation maintenance
3712,7440571a-841a-11ed-aa7c-7003bca91a86,lubes,151,LU-0001,Main Engine Cylinder Oil,ltr,CONSUME,-72.00,-72.00,ltr,0.00,29-Jun-2025 08:19,UTC,2025-06-29 08:19:00,,,6084f3b8-85dc-462a-b045-111d2b2e6d0e,Daily cylinder oil consumption - 72.0 ltr
559,7440571a-841a-11ed-aa7c-7003bca91a86,stores,147,IT-0007,Ear Plugs (Disposable),pcs,CONSUME,-2.00,-2.00,pcs,23.00,28-Jun-2025 19:23,UTC,2025-06-28 19:23:00,,WO-2025-003,1,Deck maintenance work
558,7440571a-841a-11ed-aa7c-7003bca91a86,chemicals,161,CH-0001,Fuel Oil Treatment Chemical,ltr,CONSUME,-8.00,-8.00,ltr,2.00,28-Jun-2025 18:24,UTC,2025-06-28 18:24:00,,WO-2025-004,1,Port state inspection preparation
557,7440571a-841a-11ed-aa7c-7003bca91a86,stores,146,IT-0006,Safety Goggles (Clear),pcs,CONSUME,-4.00,-4.00,pcs,29.00,28-Jun-2025 13:47,UTC,2025-06-28 13:47:00,,WO-2025-007,1,Regular operational consumption
556,7440571a-841a-11ed-aa7c-7003bca91a86,chemicals,163,CH-0003,Boiler Water Treatment Chemical,ltr,RECEIVE,10.00,10.00,ltr,19.00,28-Jun-2025 12:01,UTC,2025-06-28 12:01:00,Rotterdam,PO-2025-104,1,Annual stock replenishment
555,7440571a-841a-11ed-aa7c-7003bca91a86,stores,144,IT-0004,Cutting Disc (Angle Grinder),pcs,CONSUME,-4.00,-4.00,pcs,23.00,28-Jun-2025 10:39,UTC,2025-06-28 10:39:00,,WO-2025-006,1,Port state inspection preparation
1289,7440571a-841a-11ed-aa7c-7003bca91a86,lubes,156,LU-0006,Gear Oil,ltr,CONSUME,-6.00,-6.00,ltr,35.00,28-Jun-2025 10:02,UTC,2025-06-28 10:02:00,,WO-2025-002,1,Monthly routine usage
3711,7440571a-841a-11ed-aa7c-7003bca91a86,lubes,151,LU-0001,Main Engine Cylinder Oil,ltr,CONSUME,-112.50,-112.50,ltr,0.00,28-Jun-2025 08:48,UTC,2025-06-28 08:48:00,,,480b40d0-04bd-4590-a936-2f879b867977,Daily cylinder oil consumption - 112.5 ltr
554,7440571a-841a-11ed-aa7c-7003bca91a86,stores,143,IT-0003,Grinding Wheel (Grinding Disc),pcs,CONSUME,-3.00,-3.00,pcs,3.00,27-Jun-2025 19:02,UTC,2025-06-27 19:02:00,,WO-2025-001,1,Port state inspection preparation
553,7440571a-841a-11ed-aa7c-7003bca91a86,others,175,OT-0005,External structures,ltr,CONSUME,-3.00,-3.00,ltr,52.00,27-Jun-2025 09:52,UTC,2025-06-27 09:52:00,,WO-2025-010,1,Scheduled overhaul requirement
3710,7440571a-841a-11ed-aa7c-7003bca91a86,lubes,151,LU-0001,Main Engine Cylinder Oil,ltr,CONSUME,-99.20,-99.20,ltr,0.00,27-Jun-2025 09:45,UTC,2025-06-27 09:45:00,,,480b40d0-04bd-4590-a936-2f879b867977,Daily cylinder oil consumption - 99.2 ltr
552,7440571a-841a-11ed-aa7c-7003bca91a86,chemicals,163,CH-0003,Boiler Water Treatment Chemical,ltr,CONSUME,-5.00,-5.00,ltr,9.00,27-Jun-2025 06:47,UTC,2025-06-27 06:47:00,,WO-2025-003,1,Routine maintenance consumption
551,7440571a-841a-11ed-aa7c-7003bca91a86,chemicals,164,CH-0004,Cooling Water Treatment Chemical,ltr,CONSUME,-4.00,-4.00,ltr,6.00,27-Jun-2025 06:44,UTC,2025-06-27 06:44:00,,WO-2025-012,1,Accommodation maintenance
550,7440571a-841a-11ed-aa7c-7003bca91a86,chemicals,170,CH-0010,Hand Cleaning Chemical (Industrial Soap),ltr,RECEIVE,23.00,23.00,ltr,23.00,26-Jun-2025 16:22,UTC,2025-06-26 16:22:00,Mumbai,PO-2025-108,1,Quarterly supply order
549,7440571a-841a-11ed-aa7c-7003bca91a86,chemicals,168,CH-0008,Rust Remover / Descaling Chemical,ltr,CONSUME,-5.00,-5.00,ltr,0.00,26-Jun-2025 15:33,UTC,2025-06-26 15:33:00,,WO-2025-004,1,Hull maintenance work
3709,7440571a-841a-11ed-aa7c-7003bca91a86,lubes,151,LU-0001,Main Engine Cylinder Oil,ltr,CONSUME,-109.90,-109.90,ltr,0.00,26-Jun-2025 07:32,UTC,2025-06-26 07:32:00,,,056a433e-b880-43c6-9d59-b1cfe71a4014,Daily cylinder oil consumption - 109.9 ltr
548,7440571a-841a-11ed-aa7c-7003bca91a86,chemicals,166,CH-0006,Tank Cleaning Chemical (Alkaline),ltr,CONSUME,-5.00,-5.00,ltr,24.00,25-Jun-2025 11:51,UTC,2025-06-25 11:51:00,,WO-2025-011,1,Monthly routine usage
547,7440571a-841a-11ed-aa7c-7003bca91a86,chemicals,164,CH-0004,Cooling Water Treatment Chemical,ltr,CONSUME,-3.00,-3.00,ltr,12.00,25-Jun-2025 11:36,UTC,2025-06-25 11:36:00,,WO-2025-004,1,Safety equipment replenishment
3708,7440571a-841a-11ed-aa7c-7003bca91a86,lubes,151,LU-0001,Main Engine Cylinder Oil,ltr,CONSUME,-89.10,-89.10,ltr,0.00,25-Jun-2025 08:18,UTC,2025-06-25 08:18:00,,,6084f3b8-85dc-462a-b045-111d2b2e6d0e,Daily cylinder oil consumption - 89.1 ltr
1288,7440571a-841a-11ed-aa7c-7003bca91a86,lubes,153,LU-0003,Auxiliary Engine Lube Oil,ltr,CONSUME,-10.00,-10.00,ltr,23.00,24-Jun-2025 21:17,UTC,2025-06-24 21:17:00,,WO-2025-001,1,Routine maintenance consumption
546,7440571a-841a-11ed-aa7c-7003bca91a86,chemicals,169,CH-0009,Sewage Treatment Plant Chemical,ltr,CONSUME,-7.00,-7.00,ltr,4.00,24-Jun-2025 17:33,UTC,2025-06-24 17:33:00,,WO-2025-005,1,Voyage preparation consumption
545,7440571a-841a-11ed-aa7c-7003bca91a86,chemicals,168,CH-0008,Rust Remover / Descaling Chemical,ltr,RECEIVE,14.00,14.00,ltr,14.00,24-Jun-2025 16:19,UTC,2025-06-24 16:19:00,Shanghai,PO-2025-103,1,Requisition fulfilled
544,7440571a-841a-11ed-aa7c-7003bca91a86,others,177,OT-0007,"Bilges, chain lockers",ltr,CONSUME,-2.00,-2.00,ltr,49.00,24-Jun-2025 15:47,UTC,2025-06-24 15:47:00,,WO-2025-006,1,Deck maintenance work
543,7440571a-841a-11ed-aa7c-7003bca91a86,stores,143,IT-0003,Grinding Wheel (Grinding Disc),pcs,RECEIVE,24.00,24.00,pcs,27.00,24-Jun-2025 15:41,UTC,2025-06-24 15:41:00,Rotterdam,PO-2025-102,1,Annual stock replenishment
542,7440571a-841a-11ed-aa7c-7003bca91a86,chemicals,167,CH-0007,Degreasing Chemical,ltr,CONSUME,-6.00,-6.00,ltr,26.00,24-Jun-2025 15:17,UTC,2025-06-24 15:17:00,,WO-2025-006,1,Deck maintenance work
541,7440571a-841a-11ed-aa7c-7003bca91a86,stores,146,IT-0006,Safety Goggles (Clear),pcs,CONSUME,-4.00,-4.00,pcs,33.00,24-Jun-2025 13:42,UTC,2025-06-24 13:42:00,,WO-2025-002,1,Quarterly maintenance requirement
3707,7440571a-841a-11ed-aa7c-7003bca91a86,lubes,151,LU-0001,Main Engine Cylinder Oil,ltr,CONSUME,-68.10,-68.10,ltr,0.00,24-Jun-2025 09:24,UTC,2025-06-24 09:24:00,,,480b40d0-04bd-4590-a936-2f879b867977,Daily cylinder oil consumption - 68.1 ltr
1287,7440571a-841a-11ed-aa7c-7003bca91a86,lubes,158,LU-0008,Compressor Oil,ltr,CONSUME,-6.00,-6.00,ltr,19.00,23-Jun-2025 22:00,UTC,2025-06-23 22:00:00,,WO-2025-002,1,Engine room maintenance
540,7440571a-841a-11ed-aa7c-7003bca91a86,chemicals,161,CH-0001,Fuel Oil Treatment Chemical,ltr,RECEIVE,20.00,20.00,ltr,20.00,23-Jun-2025 15:44,UTC,2025-06-23 15:44:00,Jebel Ali,PO-2025-105,1,Quarterly supply order
539,7440571a-841a-11ed-aa7c-7003bca91a86,stores,150,IT-0010,Emery Paper / Abrasive Sheet,pcs,CONSUME,-1.00,-1.00,pcs,31.00,23-Jun-2025 12:59,UTC,2025-06-23 12:59:00,,WO-2025-008,1,Port state inspection preparation
3706,7440571a-841a-11ed-aa7c-7003bca91a86,lubes,151,LU-0001,Main Engine Cylinder Oil,ltr,CONSUME,-98.30,-98.30,ltr,0.00,23-Jun-2025 06:17,UTC,2025-06-23 06:17:00,,,6084f3b8-85dc-462a-b045-111d2b2e6d0e,Daily cylinder oil consumption - 98.3 ltr
2280,7440571a-841a-11ed-aa7c-7003bca91a86,chemicals,168,CH-0008,Rust Remover / Descaling Chemical,ltr,CONSUME,-0.64,-0.64,ltr,0.00,23-Jun-2025 00:00,UTC,2025-06-23 00:00:00,,,480b40d0-04bd-4590-a936-2f879b867977,Weekly chemical consumption
2279,7440571a-841a-11ed-aa7c-7003bca91a86,chemicals,166,CH-0006,Tank Cleaning Chemical (Alkaline),ltr,CONSUME,-1.38,-1.38,ltr,0.00,23-Jun-2025 00:00,UTC,2025-06-23 00:00:00,,,056a433e-b880-43c6-9d59-b1cfe71a4014,Weekly chemical consumption
2278,7440571a-841a-11ed-aa7c-7003bca91a86,chemicals,165,CH-0005,Potable Water Chlorination Chemical,ltr,CONSUME,-1.57,-1.57,ltr,0.00,23-Jun-2025 00:00,UTC,2025-06-23 00:00:00,,,480b40d0-04bd-4590-a936-2f879b867977,Weekly chemical consumption
2277,7440571a-841a-11ed-aa7c-7003bca91a86,chemicals,164,CH-0004,Cooling Water Treatment Chemical,ltr,CONSUME,-1.45,-1.45,ltr,0.00,23-Jun-2025 00:00,UTC,2025-06-23 00:00:00,,,6084f3b8-85dc-462a-b045-111d2b2e6d0e,Weekly chemical consumption
2276,7440571a-841a-11ed-aa7c-7003bca91a86,chemicals,163,CH-0003,Boiler Water Treatment Chemical,ltr,CONSUME,-1.83,-1.83,ltr,0.00,23-Jun-2025 00:00,UTC,2025-06-23 00:00:00,,,056a433e-b880-43c6-9d59-b1cfe71a4014,Weekly chemical consumption
2275,7440571a-841a-11ed-aa7c-7003bca91a86,chemicals,162,CH-0002,Lube Oil Treatment Chemical,ltr,CONSUME,-0.85,-0.85,ltr,0.00,23-Jun-2025 00:00,UTC,2025-06-23 00:00:00,,,056a433e-b880-43c6-9d59-b1cfe71a4014,Weekly chemical consumption
2274,7440571a-841a-11ed-aa7c-7003bca91a86,chemicals,161,CH-0001,Fuel Oil Treatment Chemical,ltr,CONSUME,-1.71,-1.71,ltr,0.00,23-Jun-2025 00:00,UTC,2025-06-23 00:00:00,,,228b5256-5bd2-4bf3-826f-c6fe76571449,Weekly chemical consumption
538,7440571a-841a-11ed-aa7c-7003bca91a86,chemicals,170,CH-0010,Hand Cleaning Chemical (Industrial Soap),ltr,CONSUME,-6.00,-6.00,ltr,2.00,22-Jun-2025 22:38,UTC,2025-06-22 22:38:00,,WO-2025-009,1,Accommodation maintenance
1286,7440571a-841a-11ed-aa7c-7003bca91a86,lubes,151,LU-0001,Main Engine Cylinder Oil,ltr,CONSUME,-11.00,-11.00,ltr,36.00,22-Jun-2025 20:50,UTC,2025-06-22 20:50:00,,WO-2025-001,1,Monthly routine usage
537,7440571a-841a-11ed-aa7c-7003bca91a86,stores,150,IT-0010,Emery Paper / Abrasive Sheet,pcs,CONSUME,-2.00,-2.00,pcs,29.00,22-Jun-2025 17:35,UTC,2025-06-22 17:35:00,,WO-2025-009,1,Deck maintenance work
536,7440571a-841a-11ed-aa7c-7003bca91a86,chemicals,162,CH-0002,Lube Oil Treatment Chemical,ltr,RECEIVE,18.00,18.00,ltr,18.00,22-Jun-2025 12:29,UTC,2025-06-22 12:29:00,Las Palmas,PO-2025-107,1,Port supply delivery
535,7440571a-841a-11ed-aa7c-7003bca91a86,chemicals,162,CH-0002,Lube Oil Treatment Chemical,ltr,CONSUME,-5.00,-5.00,ltr,0.00,22-Jun-2025 08:55,UTC,2025-06-22 08:55:00,,WO-2025-007,1,Voyage preparation consumption
3705,7440571a-841a-11ed-aa7c-7003bca91a86,lubes,151,LU-0001,Main Engine Cylinder Oil,ltr,CONSUME,-86.40,-86.40,ltr,0.00,22-Jun-2025 08:29,UTC,2025-06-22 08:29:00,,,056a433e-b880-43c6-9d59-b1cfe71a4014,Daily cylinder oil consumption - 86.4 ltr
534,7440571a-841a-11ed-aa7c-7003bca91a86,stores,148,IT-0008,Dust Mask / Respirator Mask,pcs,CONSUME,-5.00,-5.00,pcs,43.00,21-Jun-2025 20:56,UTC,2025-06-21 20:56:00,,WO-2025-005,1,Deck maintenance work
533,7440571a-841a-11ed-aa7c-7003bca91a86,stores,149,IT-0009,Cotton Waste / Cleaning Rags,pcs,CONSUME,-2.00,-2.00,pcs,44.00,21-Jun-2025 13:25,UTC,2025-06-21 13:25:00,,WO-2025-008,1,Emergency repair usage
532,7440571a-841a-11ed-aa7c-7003bca91a86,chemicals,169,CH-0009,Sewage Treatment Plant Chemical,ltr,RECEIVE,14.00,14.00,ltr,14.00,21-Jun-2025 13:24,UTC,2025-06-21 13:24:00,Shanghai,PO-2025-105,1,Supplier delivery on schedule
531,7440571a-841a-11ed-aa7c-7003bca91a86,chemicals,169,CH-0009,Sewage Treatment Plant Chemical,ltr,CONSUME,-6.00,-6.00,ltr,0.00,21-Jun-2025 12:25,UTC,2025-06-21 12:25:00,,WO-2025-007,1,Scheduled overhaul requirement
530,7440571a-841a-11ed-aa7c-7003bca91a86,chemicals,164,CH-0004,Cooling Water Treatment Chemical,ltr,RECEIVE,24.00,24.00,ltr,30.00,21-Jun-2025 10:36,UTC,2025-06-21 10:36:00,Rotterdam,PO-2025-107,1,Supply received per PO
3704,7440571a-841a-11ed-aa7c-7003bca91a86,lubes,151,LU-0001,Main Engine Cylinder Oil,ltr,CONSUME,-106.70,-106.70,ltr,0.00,21-Jun-2025 08:52,UTC,2025-06-21 08:52:00,,,6084f3b8-85dc-462a-b045-111d2b2e6d0e,Daily cylinder oil consumption - 106.7 ltr
529,7440571a-841a-11ed-aa7c-7003bca91a86,stores,142,IT-0002,Jeevan,pcs,CONSUME,-1.00,-1.00,pcs,26.00,20-Jun-2025 22:34,UTC,2025-06-20 22:34:00,,WO-2025-003,1,Machinery space maintenance
528,7440571a-841a-11ed-aa7c-7003bca91a86,stores,148,IT-0008,Dust Mask / Respirator Mask,pcs,CONSUME,-1.00,-1.00,pcs,42.00,20-Jun-2025 21:08,UTC,2025-06-20 21:08:00,,WO-2025-007,1,Regular operational consumption
1285,7440571a-841a-11ed-aa7c-7003bca91a86,lubes,157,LU-0007,Stern Tube Oil,ltr,CONSUME,-4.00,-4.00,ltr,40.00,20-Jun-2025 20:16,UTC,2025-06-20 20:16:00,,WO-2025-003,1,Monthly routine usage
3703,7440571a-841a-11ed-aa7c-7003bca91a86,lubes,151,LU-0001,Main Engine Cylinder Oil,ltr,CONSUME,-60.70,-60.70,ltr,0.00,20-Jun-2025 07:49,UTC,2025-06-20 07:49:00,,,056a433e-b880-43c6-9d59-b1cfe71a4014,Daily cylinder oil consumption - 60.7 ltr
1284,7440571a-841a-11ed-aa7c-7003bca91a86,lubes,155,LU-0005,Hydraulic Oil,ltr,CONSUME,-8.00,-8.00,ltr,18.00,19-Jun-2025 14:33,UTC,2025-06-19 14:33:00,,WO-2025-005,1,Scheduled overhaul requirement
527,7440571a-841a-11ed-aa7c-7003bca91a86,chemicals,167,CH-0007,Degreasing Chemical,ltr,CONSUME,-8.00,-8.00,ltr,10.00,19-Jun-2025 12:26,UTC,2025-06-19 12:26:00,,WO-2025-004,1,Safety equipment replenishment
3702,7440571a-841a-11ed-aa7c-7003bca91a86,lubes,151,LU-0001,Main Engine Cylinder Oil,ltr,CONSUME,-78.50,-78.50,ltr,0.00,19-Jun-2025 09:16,UTC,2025-06-19 09:16:00,,,6084f3b8-85dc-462a-b045-111d2b2e6d0e,Daily cylinder oil consumption - 78.5 ltr
1283,7440571a-841a-11ed-aa7c-7003bca91a86,lubes,153,LU-0003,Auxiliary Engine Lube Oil,ltr,CONSUME,-9.00,-9.00,ltr,8.00,18-Jun-2025 19:14,UTC,2025-06-18 19:14:00,,WO-2025-003,1,Routine maintenance consumption
526,7440571a-841a-11ed-aa7c-7003bca91a86,stores,142,IT-0002,Jeevan,pcs,CONSUME,-4.00,-4.00,pcs,27.00,18-Jun-2025 15:53,UTC,2025-06-18 15:53:00,,WO-2025-006,1,Engine room maintenance
525,7440571a-841a-11ed-aa7c-7003bca91a86,stores,145,IT-0005,Welding Electrodes (General Purpose),pcs,CONSUME,-1.00,-1.00,pcs,14.00,18-Jun-2025 07:38,UTC,2025-06-18 07:38:00,,WO-2025-004,1,Machinery space maintenance
3701,7440571a-841a-11ed-aa7c-7003bca91a86,lubes,151,LU-0001,Main Engine Cylinder Oil,ltr,CONSUME,-74.80,-74.80,ltr,0.00,18-Jun-2025 06:09,UTC,2025-06-18 06:09:00,,,6084f3b8-85dc-462a-b045-111d2b2e6d0e,Daily cylinder oil consumption - 74.8 ltr
1282,7440571a-841a-11ed-aa7c-7003bca91a86,lubes,154,LU-0004,Turbocharger Lube Oil,ltr,CONSUME,-6.00,-6.00,ltr,34.00,17-Jun-2025 10:52,UTC,2025-06-17 10:52:00,,WO-2025-005,1,Monthly routine usage
3700,7440571a-841a-11ed-aa7c-7003bca91a86,lubes,151,LU-0001,Main Engine Cylinder Oil,ltr,CONSUME,-72.70,-72.70,ltr,0.00,17-Jun-2025 08:47,UTC,2025-06-17 08:47:00,,,480b40d0-04bd-4590-a936-2f879b867977,Daily cylinder oil consumption - 72.7 ltr
1281,7440571a-841a-11ed-aa7c-7003bca91a86,lubes,158,LU-0008,Compressor Oil,ltr,CONSUME,-4.00,-4.00,ltr,15.00,17-Jun-2025 06:26,UTC,2025-06-17 06:26:00,,WO-2025-001,1,Monthly routine usage
524,7440571a-841a-11ed-aa7c-7003bca91a86,chemicals,166,CH-0006,Tank Cleaning Chemical (Alkaline),ltr,CONSUME,-2.00,-2.00,ltr,14.00,16-Jun-2025 17:55,UTC,2025-06-16 17:55:00,,WO-2025-004,1,Voyage preparation consumption
523,7440571a-841a-11ed-aa7c-7003bca91a86,others,171,OT-0001,Steel surface protection,ltr,CONSUME,-2.00,-2.00,ltr,59.00,16-Jun-2025 16:55,UTC,2025-06-16 16:55:00,,WO-2025-012,1,Safety equipment replenishment
1280,7440571a-841a-11ed-aa7c-7003bca91a86,lubes,154,LU-0004,Turbocharger Lube Oil,ltr,CONSUME,-4.00,-4.00,ltr,40.00,16-Jun-2025 12:46,UTC,2025-06-16 12:46:00,,WO-2025-002,1,Monthly routine usage
3995,7440571a-841a-11ed-aa7c-7003bca91a86,lubes,152,LU-0002,Main Engine System Oil,ltr,CONSUME,-253.30,-253.30,ltr,0.00,16-Jun-2025 11:18,UTC,2025-06-16 11:18:00,,,228b5256-5bd2-4bf3-826f-c6fe76571449,Monthly ME system oil top-up - 253.3 ltr
3996,7440571a-841a-11ed-aa7c-7003bca91a86,lubes,153,LU-0003,Auxiliary Engine Lube Oil,ltr,CONSUME,-175.90,-175.90,ltr,264.30,16-Jun-2025 11:18,UTC,2025-06-16 11:18:00,,,056a433e-b880-43c6-9d59-b1cfe71a4014,Monthly AE lube oil top-up - 175.9 ltr
3699,7440571a-841a-11ed-aa7c-7003bca91a86,lubes,151,LU-0001,Main Engine Cylinder Oil,ltr,CONSUME,-115.50,-115.50,ltr,0.00,16-Jun-2025 07:10,UTC,2025-06-16 07:10:00,,,228b5256-5bd2-4bf3-826f-c6fe76571449,Daily cylinder oil consumption - 115.5 ltr
2273,7440571a-841a-11ed-aa7c-7003bca91a86,chemicals,169,CH-0009,Sewage Treatment Plant Chemical,ltr,CONSUME,-1.21,-1.21,ltr,0.00,16-Jun-2025 00:00,UTC,2025-06-16 00:00:00,,,6084f3b8-85dc-462a-b045-111d2b2e6d0e,Weekly chemical consumption
2272,7440571a-841a-11ed-aa7c-7003bca91a86,chemicals,163,CH-0003,Boiler Water Treatment Chemical,ltr,CONSUME,-0.39,-0.39,ltr,0.00,16-Jun-2025 00:00,UTC,2025-06-16 00:00:00,,,480b40d0-04bd-4590-a936-2f879b867977,Weekly chemical consumption
2271,7440571a-841a-11ed-aa7c-7003bca91a86,chemicals,161,CH-0001,Fuel Oil Treatment Chemical,ltr,CONSUME,-1.03,-1.03,ltr,0.00,16-Jun-2025 00:00,UTC,2025-06-16 00:00:00,,,480b40d0-04bd-4590-a936-2f879b867977,Weekly chemical consumption
522,7440571a-841a-11ed-aa7c-7003bca91a86,others,176,OT-0006,"Exhausts, boilers, pipelines",ltr,CONSUME,-4.00,-4.00,ltr,54.00,15-Jun-2025 18:40,UTC,2025-06-15 18:40:00,,WO-2025-005,1,Quarterly maintenance requirement
1279,7440571a-841a-11ed-aa7c-7003bca91a86,lubes,153,LU-0003,Auxiliary Engine Lube Oil,ltr,RECEIVE,35.00,35.00,ltr,43.00,15-Jun-2025 14:50,UTC,2025-06-15 14:50:00,Busan,PO-2025-102,1,Port supply delivery
521,7440571a-841a-11ed-aa7c-7003bca91a86,chemicals,162,CH-0002,Lube Oil Treatment Chemical,ltr,CONSUME,-3.00,-3.00,ltr,0.00,15-Jun-2025 14:50,UTC,2025-06-15 14:50:00,,WO-2025-006,1,Safety equipment replenishment
520,7440571a-841a-11ed-aa7c-7003bca91a86,chemicals,161,CH-0001,Fuel Oil Treatment Chemical,ltr,CONSUME,-5.00,-5.00,ltr,0.00,15-Jun-2025 13:14,UTC,2025-06-15 13:14:00,,WO-2025-007,1,Deck maintenance work
1278,7440571a-841a-11ed-aa7c-7003bca91a86,lubes,157,LU-0007,Stern Tube Oil,ltr,CONSUME,-4.00,-4.00,ltr,44.00,15-Jun-2025 12:46,UTC,2025-06-15 12:46:00,,WO-2025-003,1,Routine maintenance consumption
519,7440571a-841a-11ed-aa7c-7003bca91a86,chemicals,162,CH-0002,Lube Oil Treatment Chemical,ltr,CONSUME,-7.00,-7.00,ltr,0.00,15-Jun-2025 12:02,UTC,2025-06-15 12:02:00,,WO-2025-008,1,Navigation equipment maintenance
3698,7440571a-841a-11ed-aa7c-7003bca91a86,lubes,151,LU-0001,Main Engine Cylinder Oil,ltr,CONSUME,-64.80,-64.80,ltr,0.00,15-Jun-2025 09:32,UTC,2025-06-15 09:32:00,,,228b5256-5bd2-4bf3-826f-c6fe76571449,Daily cylinder oil consumption - 64.8 ltr
518,7440571a-841a-11ed-aa7c-7003bca91a86,stores,144,IT-0004,Cutting Disc (Angle Grinder),pcs,CONSUME,-2.00,-2.00,pcs,32.00,15-Jun-2025 08:23,UTC,2025-06-15 08:23:00,,WO-2025-001,1,Voyage preparation consumption
517,7440571a-841a-11ed-aa7c-7003bca91a86,stores,148,IT-0008,Dust Mask / Respirator Mask,pcs,CONSUME,-5.00,-5.00,pcs,32.00,15-Jun-2025 07:27,UTC,2025-06-15 07:27:00,,WO-2025-001,1,Emergency repair usage
2267,7440571a-841a-11ed-aa7c-7003bca91a86,stores,150,IT-0010,Emery Paper / Abrasive Sheet,pcs,CONSUME,-3.25,-3.25,pcs,0.00,15-Jun-2025 00:00,UTC,2025-06-15 00:00:00,,,6084f3b8-85dc-462a-b045-111d2b2e6d0e,General stores consumption
2264,7440571a-841a-11ed-aa7c-7003bca91a86,stores,143,IT-0003,Grinding Wheel (Grinding Disc),pcs,CONSUME,-2.03,-2.03,pcs,0.00,15-Jun-2025 00:00,UTC,2025-06-15 00:00:00,,,056a433e-b880-43c6-9d59-b1cfe71a4014,General stores consumption
2265,7440571a-841a-11ed-aa7c-7003bca91a86,stores,147,IT-0007,Ear Plugs (Disposable),pcs,CONSUME,-2.13,-2.13,pcs,0.00,15-Jun-2025 00:00,UTC,2025-06-15 00:00:00,,,480b40d0-04bd-4590-a936-2f879b867977,General stores consumption
2270,7440571a-841a-11ed-aa7c-7003bca91a86,stores,176,OT-0006,"Exhausts, boilers, pipelines",ltr,CONSUME,-1.18,-1.18,ltr,0.00,15-Jun-2025 00:00,UTC,2025-06-15 00:00:00,,,228b5256-5bd2-4bf3-826f-c6fe76571449,General stores consumption
2269,7440571a-841a-11ed-aa7c-7003bca91a86,stores,175,OT-0005,External structures,ltr,CONSUME,-3.45,-3.45,ltr,0.00,15-Jun-2025 00:00,UTC,2025-06-15 00:00:00,,,480b40d0-04bd-4590-a936-2f879b867977,General stores consumption
2268,7440571a-841a-11ed-aa7c-7003bca91a86,stores,173,OT-0003,Hull below waterline,ltr,CONSUME,-3.40,-3.40,ltr,0.00,15-Jun-2025 00:00,UTC,2025-06-15 00:00:00,,,228b5256-5bd2-4bf3-826f-c6fe76571449,General stores consumption
2266,7440571a-841a-11ed-aa7c-7003bca91a86,stores,148,IT-0008,Dust Mask / Respirator Mask,pcs,CONSUME,-3.39,-3.39,pcs,0.00,15-Jun-2025 00:00,UTC,2025-06-15 00:00:00,,,6084f3b8-85dc-462a-b045-111d2b2e6d0e,General stores consumption
516,7440571a-841a-11ed-aa7c-7003bca91a86,stores,141,IT-0001,Safety Gloves – Cotton,pcs,CONSUME,-3.00,-3.00,pcs,29.00,14-Jun-2025 18:00,UTC,2025-06-14 18:00:00,,WO-2025-012,1,Emergency repair usage
3697,7440571a-841a-11ed-aa7c-7003bca91a86,lubes,151,LU-0001,Main Engine Cylinder Oil,ltr,CONSUME,-82.80,-82.80,ltr,0.00,14-Jun-2025 06:24,UTC,2025-06-14 06:24:00,,,480b40d0-04bd-4590-a936-2f879b867977,Daily cylinder oil consumption - 82.8 ltr
515,7440571a-841a-11ed-aa7c-7003bca91a86,chemicals,163,CH-0003,Boiler Water Treatment Chemical,ltr,CONSUME,-3.00,-3.00,ltr,14.00,13-Jun-2025 17:20,UTC,2025-06-13 17:20:00,,WO-2025-004,1,Regular operational consumption
514,7440571a-841a-11ed-aa7c-7003bca91a86,stores,149,IT-0009,Cotton Waste / Cleaning Rags,pcs,CONSUME,-2.00,-2.00,pcs,46.00,13-Jun-2025 12:34,UTC,2025-06-13 12:34:00,,WO-2025-001,1,Quarterly maintenance requirement
1277,7440571a-841a-11ed-aa7c-7003bca91a86,lubes,151,LU-0001,Main Engine Cylinder Oil,ltr,CONSUME,-8.00,-8.00,ltr,23.00,13-Jun-2025 10:20,UTC,2025-06-13 10:20:00,,WO-2025-001,1,Monthly routine usage
3696,7440571a-841a-11ed-aa7c-7003bca91a86,lubes,151,LU-0001,Main Engine Cylinder Oil,ltr,CONSUME,-66.60,-66.60,ltr,0.00,13-Jun-2025 07:50,UTC,2025-06-13 07:50:00,,,056a433e-b880-43c6-9d59-b1cfe71a4014,Daily cylinder oil consumption - 66.6 ltr
513,7440571a-841a-11ed-aa7c-7003bca91a86,stores,147,IT-0007,Ear Plugs (Disposable),pcs,CONSUME,-5.00,-5.00,pcs,25.00,12-Jun-2025 18:59,UTC,2025-06-12 18:59:00,,WO-2025-009,1,Quarterly maintenance requirement
512,7440571a-841a-11ed-aa7c-7003bca91a86,stores,141,IT-0001,Safety Gloves – Cotton,pcs,CONSUME,-3.00,-3.00,pcs,35.00,12-Jun-2025 18:46,UTC,2025-06-12 18:46:00,,WO-2025-005,1,Monthly routine usage
1276,7440571a-841a-11ed-aa7c-7003bca91a86,lubes,160,LU-0010,Multipurpose Grease,ltr,CONSUME,-8.00,-8.00,ltr,33.00,12-Jun-2025 16:49,UTC,2025-06-12 16:49:00,,WO-2025-002,1,Scheduled overhaul requirement
3695,7440571a-841a-11ed-aa7c-7003bca91a86,lubes,151,LU-0001,Main Engine Cylinder Oil,ltr,CONSUME,-68.20,-68.20,ltr,0.00,12-Jun-2025 06:17,UTC,2025-06-12 06:17:00,,,6084f3b8-85dc-462a-b045-111d2b2e6d0e,Daily cylinder oil consumption - 68.2 ltr
511,7440571a-841a-11ed-aa7c-7003bca91a86,chemicals,168,CH-0008,Rust Remover / Descaling Chemical,ltr,CONSUME,-7.00,-7.00,ltr,1.00,11-Jun-2025 21:55,UTC,2025-06-11 21:55:00,,WO-2025-007,1,Port state inspection preparation
1275,7440571a-841a-11ed-aa7c-7003bca91a86,lubes,155,LU-0005,Hydraulic Oil,ltr,CONSUME,-11.00,-11.00,ltr,38.00,11-Jun-2025 16:20,UTC,2025-06-11 16:20:00,,WO-2025-006,1,Monthly routine usage
510,7440571a-841a-11ed-aa7c-7003bca91a86,stores,141,IT-0001,Safety Gloves – Cotton,pcs,CONSUME,-3.00,-3.00,pcs,32.00,11-Jun-2025 12:40,UTC,2025-06-11 12:40:00,,WO-2025-003,1,Monthly routine usage
3694,7440571a-841a-11ed-aa7c-7003bca91a86,lubes,151,LU-0001,Main Engine Cylinder Oil,ltr,CONSUME,-89.20,-89.20,ltr,0.00,11-Jun-2025 09:26,UTC,2025-06-11 09:26:00,,,480b40d0-04bd-4590-a936-2f879b867977,Daily cylinder oil consumption - 89.2 ltr
509,7440571a-841a-11ed-aa7c-7003bca91a86,stores,142,IT-0002,Jeevan,pcs,CONSUME,-2.00,-2.00,pcs,24.00,10-Jun-2025 20:26,UTC,2025-06-10 20:26:00,,WO-2025-003,1,Voyage preparation consumption
508,7440571a-841a-11ed-aa7c-7003bca91a86,others,172,OT-0002,"Ballast tanks, machinery spaces",ltr,CONSUME,-4.00,-4.00,ltr,54.00,10-Jun-2025 12:07,UTC,2025-06-10 12:07:00,,WO-2025-006,1,Navigation equipment maintenance
3693,7440571a-841a-11ed-aa7c-7003bca91a86,lubes,151,LU-0001,Main Engine Cylinder Oil,ltr,CONSUME,-60.50,-60.50,ltr,0.00,10-Jun-2025 07:37,UTC,2025-06-10 07:37:00,,,056a433e-b880-43c6-9d59-b1cfe71a4014,Daily cylinder oil consumption - 60.5 ltr
507,7440571a-841a-11ed-aa7c-7003bca91a86,stores,145,IT-0005,Welding Electrodes (General Purpose),pcs,CONSUME,-4.00,-4.00,pcs,20.00,09-Jun-2025 19:56,UTC,2025-06-09 19:56:00,,WO-2025-003,1,Emergency repair usage
1274,7440571a-841a-11ed-aa7c-7003bca91a86,lubes,159,LU-0009,Refrigeration Compressor Oil,ltr,CONSUME,-4.00,-4.00,ltr,30.00,09-Jun-2025 09:08,UTC,2025-06-09 09:08:00,,WO-2025-004,1,Monthly routine usage
3692,7440571a-841a-11ed-aa7c-7003bca91a86,lubes,151,LU-0001,Main Engine Cylinder Oil,ltr,CONSUME,-76.50,-76.50,ltr,0.00,09-Jun-2025 06:03,UTC,2025-06-09 06:03:00,,,056a433e-b880-43c6-9d59-b1cfe71a4014,Daily cylinder oil consumption - 76.5 ltr
2260,7440571a-841a-11ed-aa7c-7003bca91a86,chemicals,163,CH-0003,Boiler Water Treatment Chemical,ltr,CONSUME,-1.85,-1.85,ltr,0.00,09-Jun-2025 00:00,UTC,2025-06-09 00:00:00,,,228b5256-5bd2-4bf3-826f-c6fe76571449,Weekly chemical consumption
2261,7440571a-841a-11ed-aa7c-7003bca91a86,chemicals,165,CH-0005,Potable Water Chlorination Chemical,ltr,CONSUME,-1.40,-1.40,ltr,0.00,09-Jun-2025 00:00,UTC,2025-06-09 00:00:00,,,480b40d0-04bd-4590-a936-2f879b867977,Weekly chemical consumption
2263,7440571a-841a-11ed-aa7c-7003bca91a86,chemicals,168,CH-0008,Rust Remover / Descaling Chemical,ltr,CONSUME,-0.23,-0.23,ltr,0.00,09-Jun-2025 00:00,UTC,2025-06-09 00:00:00,,,228b5256-5bd2-4bf3-826f-c6fe76571449,Weekly chemical consumption
2262,7440571a-841a-11ed-aa7c-7003bca91a86,chemicals,166,CH-0006,Tank Cleaning Chemical (Alkaline),ltr,CONSUME,-1.17,-1.17,ltr,0.00,09-Jun-2025 00:00,UTC,2025-06-09 00:00:00,,,056a433e-b880-43c6-9d59-b1cfe71a4014,Weekly chemical consumption
506,7440571a-841a-11ed-aa7c-7003bca91a86,chemicals,166,CH-0006,Tank Cleaning Chemical (Alkaline),ltr,CONSUME,-2.00,-2.00,ltr,12.00,08-Jun-2025 15:58,UTC,2025-06-08 15:58:00,,WO-2025-008,1,Scheduled overhaul requirement
505,7440571a-841a-11ed-aa7c-7003bca91a86,others,178,OT-0008,"Pipes, tanks, machinery",ltr,CONSUME,-3.00,-3.00,ltr,45.00,08-Jun-2025 14:48,UTC,2025-06-08 14:48:00,,WO-2025-009,1,Port state inspection preparation
3691,7440571a-841a-11ed-aa7c-7003bca91a86,lubes,151,LU-0001,Main Engine Cylinder Oil,ltr,CONSUME,-53.10,-53.10,ltr,0.00,08-Jun-2025 07:18,UTC,2025-06-08 07:18:00,,,6084f3b8-85dc-462a-b045-111d2b2e6d0e,Daily cylinder oil consumption - 53.1 ltr
504,7440571a-841a-11ed-aa7c-7003bca91a86,stores,142,IT-0002,Jeevan,pcs,CONSUME,-2.00,-2.00,pcs,22.00,07-Jun-2025 20:33,UTC,2025-06-07 20:33:00,,WO-2025-007,1,Port state inspection preparation
503,7440571a-841a-11ed-aa7c-7003bca91a86,chemicals,170,CH-0010,Hand Cleaning Chemical (Industrial Soap),ltr,CONSUME,-5.00,-5.00,ltr,8.00,07-Jun-2025 18:04,UTC,2025-06-07 18:04:00,,WO-2025-008,1,Engine room maintenance
502,7440571a-841a-11ed-aa7c-7003bca91a86,stores,145,IT-0005,Welding Electrodes (General Purpose),pcs,CONSUME,-5.00,-5.00,pcs,15.00,07-Jun-2025 17:57,UTC,2025-06-07 17:57:00,,WO-2025-001,1,Machinery space maintenance
501,7440571a-841a-11ed-aa7c-7003bca91a86,others,173,OT-0003,Hull below waterline,ltr,CONSUME,-3.00,-3.00,ltr,41.00,07-Jun-2025 13:40,UTC,2025-06-07 13:40:00,,WO-2025-008,1,Voyage preparation consumption
1273,7440571a-841a-11ed-aa7c-7003bca91a86,lubes,155,LU-0005,Hydraulic Oil,ltr,CONSUME,-12.00,-12.00,ltr,26.00,07-Jun-2025 08:08,UTC,2025-06-07 08:08:00,,WO-2025-003,1,Routine maintenance consumption
500,7440571a-841a-11ed-aa7c-7003bca91a86,chemicals,165,CH-0005,Potable Water Chlorination Chemical,ltr,CONSUME,-4.00,-4.00,ltr,13.00,07-Jun-2025 07:57,UTC,2025-06-07 07:57:00,,WO-2025-005,1,Scheduled overhaul requirement
3690,7440571a-841a-11ed-aa7c-7003bca91a86,lubes,151,LU-0001,Main Engine Cylinder Oil,ltr,CONSUME,-117.00,-117.00,ltr,0.00,07-Jun-2025 07:55,UTC,2025-06-07 07:55:00,,,056a433e-b880-43c6-9d59-b1cfe71a4014,Daily cylinder oil consumption - 117.0 ltr
499,7440571a-841a-11ed-aa7c-7003bca91a86,chemicals,167,CH-0007,Degreasing Chemical,ltr,CONSUME,-8.00,-8.00,ltr,18.00,06-Jun-2025 21:35,UTC,2025-06-06 21:35:00,,WO-2025-001,1,Safety equipment replenishment
498,7440571a-841a-11ed-aa7c-7003bca91a86,chemicals,169,CH-0009,Sewage Treatment Plant Chemical,ltr,CONSUME,-7.00,-7.00,ltr,0.00,06-Jun-2025 18:47,UTC,2025-06-06 18:47:00,,WO-2025-009,1,Safety equipment replenishment
497,7440571a-841a-11ed-aa7c-7003bca91a86,chemicals,168,CH-0008,Rust Remover / Descaling Chemical,ltr,CONSUME,-5.00,-5.00,ltr,0.00,06-Jun-2025 15:52,UTC,2025-06-06 15:52:00,,WO-2025-007,1,Deck maintenance work
496,7440571a-841a-11ed-aa7c-7003bca91a86,chemicals,170,CH-0010,Hand Cleaning Chemical (Industrial Soap),ltr,CONSUME,-4.00,-4.00,ltr,0.00,06-Jun-2025 09:12,UTC,2025-06-06 09:12:00,,WO-2025-012,1,Voyage preparation consumption
3689,7440571a-841a-11ed-aa7c-7003bca91a86,lubes,151,LU-0001,Main Engine Cylinder Oil,ltr,CONSUME,-69.90,-69.90,ltr,0.00,06-Jun-2025 07:57,UTC,2025-06-06 07:57:00,,,6084f3b8-85dc-462a-b045-111d2b2e6d0e,Daily cylinder oil consumption - 69.9 ltr
495,7440571a-841a-11ed-aa7c-7003bca91a86,stores,150,IT-0010,Emery Paper / Abrasive Sheet,pcs,CONSUME,-4.00,-4.00,pcs,32.00,05-Jun-2025 16:09,UTC,2025-06-05 16:09:00,,WO-2025-007,1,Accommodation maintenance
3688,7440571a-841a-11ed-aa7c-7003bca91a86,lubes,151,LU-0001,Main Engine Cylinder Oil,ltr,CONSUME,-103.70,-103.70,ltr,0.00,05-Jun-2025 08:20,UTC,2025-06-05 08:20:00,,,056a433e-b880-43c6-9d59-b1cfe71a4014,Daily cylinder oil consumption - 103.7 ltr
494,7440571a-841a-11ed-aa7c-7003bca91a86,stores,148,IT-0008,Dust Mask / Respirator Mask,pcs,CONSUME,-5.00,-5.00,pcs,37.00,05-Jun-2025 06:34,UTC,2025-06-05 06:34:00,,WO-2025-012,1,Port state inspection preparation
493,7440571a-841a-11ed-aa7c-7003bca91a86,chemicals,166,CH-0006,Tank Cleaning Chemical (Alkaline),ltr,CONSUME,-8.00,-8.00,ltr,16.00,04-Jun-2025 15:51,UTC,2025-06-04 15:51:00,,WO-2025-001,1,Engine room maintenance
492,7440571a-841a-11ed-aa7c-7003bca91a86,chemicals,164,CH-0004,Cooling Water Treatment Chemical,ltr,CONSUME,-2.00,-2.00,ltr,10.00,04-Jun-2025 10:03,UTC,2025-06-04 10:03:00,,WO-2025-010,1,Safety equipment replenishment
3687,7440571a-841a-11ed-aa7c-7003bca91a86,lubes,151,LU-0001,Main Engine Cylinder Oil,ltr,CONSUME,-98.70,-98.70,ltr,0.00,04-Jun-2025 09:36,UTC,2025-06-04 09:36:00,,,228b5256-5bd2-4bf3-826f-c6fe76571449,Daily cylinder oil consumption - 98.7 ltr
491,7440571a-841a-11ed-aa7c-7003bca91a86,stores,149,IT-0009,Cotton Waste / Cleaning Rags,pcs,CONSUME,-1.00,-1.00,pcs,43.00,04-Jun-2025 08:00,UTC,2025-06-04 08:00:00,,WO-2025-006,1,Monthly routine usage
490,7440571a-841a-11ed-aa7c-7003bca91a86,stores,144,IT-0004,Cutting Disc (Angle Grinder),pcs,CONSUME,-5.00,-5.00,pcs,27.00,03-Jun-2025 14:52,UTC,2025-06-03 14:52:00,,WO-2025-004,1,Monthly routine usage
4069,7440571a-841a-11ed-aa7c-7003bca91a86,chemicals,161,CH-0001,Fuel Oil Treatment Chemical,ltr,CONSUME,-39.20,-39.20,ltr,4821.30,03-Jun-2025 10:33,UTC,2025-06-03 10:33:00,,,6084f3b8-85dc-462a-b045-111d2b2e6d0e,Chemical consumption - Fuel Oil Treatment Chemical
3686,7440571a-841a-11ed-aa7c-7003bca91a86,lubes,151,LU-0001,Main Engine Cylinder Oil,ltr,CONSUME,-57.80,-57.80,ltr,0.00,03-Jun-2025 06:14,UTC,2025-06-03 06:14:00,,,228b5256-5bd2-4bf3-826f-c6fe76571449,Daily cylinder oil consumption - 57.8 ltr
1272,7440571a-841a-11ed-aa7c-7003bca91a86,lubes,156,LU-0006,Gear Oil,ltr,CONSUME,-9.00,-9.00,ltr,17.00,02-Jun-2025 21:06,UTC,2025-06-02 21:06:00,,WO-2025-002,1,Engine room maintenance
1271,7440571a-841a-11ed-aa7c-7003bca91a86,lubes,160,LU-0010,Multipurpose Grease,ltr,CONSUME,-6.00,-6.00,ltr,41.00,02-Jun-2025 19:14,UTC,2025-06-02 19:14:00,,WO-2025-001,1,Routine maintenance consumption
1270,7440571a-841a-11ed-aa7c-7003bca91a86,lubes,156,LU-0006,Gear Oil,ltr,CONSUME,-9.00,-9.00,ltr,26.00,02-Jun-2025 16:00,UTC,2025-06-02 16:00:00,,WO-2025-002,1,Scheduled overhaul requirement
489,7440571a-841a-11ed-aa7c-7003bca91a86,chemicals,163,CH-0003,Boiler Water Treatment Chemical,ltr,CONSUME,-7.00,-7.00,ltr,17.00,02-Jun-2025 08:39,UTC,2025-06-02 08:39:00,,WO-2025-006,1,Voyage preparation consumption
488,7440571a-841a-11ed-aa7c-7003bca91a86,stores,146,IT-0006,Safety Goggles (Clear),pcs,CONSUME,-3.00,-3.00,pcs,26.00,02-Jun-2025 08:37,UTC,2025-06-02 08:37:00,,WO-2025-009,1,Navigation equipment maintenance
487,7440571a-841a-11ed-aa7c-7003bca91a86,chemicals,168,CH-0008,Rust Remover / Descaling Chemical,ltr,CONSUME,-4.00,-4.00,ltr,8.00,02-Jun-2025 08:17,UTC,2025-06-02 08:17:00,,WO-2025-007,1,Engine room maintenance
3685,7440571a-841a-11ed-aa7c-7003bca91a86,lubes,151,LU-0001,Main Engine Cylinder Oil,ltr,CONSUME,-62.20,-62.20,ltr,0.00,02-Jun-2025 07:03,UTC,2025-06-02 07:03:00,,,6084f3b8-85dc-462a-b045-111d2b2e6d0e,Daily cylinder oil consumption - 62.2 ltr
2257,7440571a-841a-11ed-aa7c-7003bca91a86,chemicals,168,CH-0008,Rust Remover / Descaling Chemical,ltr,CONSUME,-1.32,-1.32,ltr,0.00,02-Jun-2025 00:00,UTC,2025-06-02 00:00:00,,,056a433e-b880-43c6-9d59-b1cfe71a4014,Weekly chemical consumption
2259,7440571a-841a-11ed-aa7c-7003bca91a86,chemicals,170,CH-0010,Hand Cleaning Chemical (Industrial Soap),ltr,CONSUME,-1.25,-1.25,ltr,0.00,02-Jun-2025 00:00,UTC,2025-06-02 00:00:00,,,056a433e-b880-43c6-9d59-b1cfe71a4014,Weekly chemical consumption
2258,7440571a-841a-11ed-aa7c-7003bca91a86,chemicals,169,CH-0009,Sewage Treatment Plant Chemical,ltr,CONSUME,-1.70,-1.70,ltr,0.00,02-Jun-2025 00:00,UTC,2025-06-02 00:00:00,,,056a433e-b880-43c6-9d59-b1cfe71a4014,Weekly chemical consumption
2256,7440571a-841a-11ed-aa7c-7003bca91a86,chemicals,165,CH-0005,Potable Water Chlorination Chemical,ltr,CONSUME,-1.27,-1.27,ltr,0.00,02-Jun-2025 00:00,UTC,2025-06-02 00:00:00,,,056a433e-b880-43c6-9d59-b1cfe71a4014,Weekly chemical consumption
2255,7440571a-841a-11ed-aa7c-7003bca91a86,chemicals,163,CH-0003,Boiler Water Treatment Chemical,ltr,CONSUME,-1.61,-1.61,ltr,0.00,02-Jun-2025 00:00,UTC,2025-06-02 00:00:00,,,056a433e-b880-43c6-9d59-b1cfe71a4014,Weekly chemical consumption
2254,7440571a-841a-11ed-aa7c-7003bca91a86,chemicals,162,CH-0002,Lube Oil Treatment Chemical,ltr,CONSUME,-1.08,-1.08,ltr,0.00,02-Jun-2025 00:00,UTC,2025-06-02 00:00:00,,,480b40d0-04bd-4590-a936-2f879b867977,Weekly chemical consumption
2253,7440571a-841a-11ed-aa7c-7003bca91a86,chemicals,161,CH-0001,Fuel Oil Treatment Chemical,ltr,CONSUME,-0.59,-0.59,ltr,0.00,02-Jun-2025 00:00,UTC,2025-06-02 00:00:00,,,6084f3b8-85dc-462a-b045-111d2b2e6d0e,Weekly chemical consumption
1269,7440571a-841a-11ed-aa7c-7003bca91a86,lubes,151,LU-0001,Main Engine Cylinder Oil,ltr,CONSUME,-5.00,-5.00,ltr,31.00,01-Jun-2025 18:13,UTC,2025-06-01 18:13:00,,WO-2025-006,1,Scheduled overhaul requirement
486,7440571a-841a-11ed-aa7c-7003bca91a86,stores,147,IT-0007,Ear Plugs (Disposable),pcs,CONSUME,-2.00,-2.00,pcs,30.00,01-Jun-2025 13:31,UTC,2025-06-01 13:31:00,,WO-2025-006,1,Regular operational consumption
1268,7440571a-841a-11ed-aa7c-7003bca91a86,lubes,152,LU-0002,Main Engine System Oil,ltr,CONSUME,-3.00,-3.00,ltr,71.00,01-Jun-2025 06:42,UTC,2025-06-01 06:42:00,,WO-2025-002,1,Routine maintenance consumption
3684,7440571a-841a-11ed-aa7c-7003bca91a86,lubes,151,LU-0001,Main Engine Cylinder Oil,ltr,CONSUME,-50.50,-50.50,ltr,0.00,01-Jun-2025 06:18,UTC,2025-06-01 06:18:00,,,056a433e-b880-43c6-9d59-b1cfe71a4014,Daily cylinder oil consumption - 50.5 ltr
2252,7440571a-841a-11ed-aa7c-7003bca91a86,stores,141,IT-0001,Safety Gloves – Cotton,pcs,CONSUME,-2.09,-2.09,pcs,72.80,01-Jun-2025 00:00,UTC,2025-06-01 00:00:00,,,056a433e-b880-43c6-9d59-b1cfe71a4014,General stores consumption
2247,7440571a-841a-11ed-aa7c-7003bca91a86,stores,144,IT-0004,Cutting Disc (Angle Grinder),pcs,CONSUME,-3.22,-3.22,pcs,0.00,01-Jun-2025 00:00,UTC,2025-06-01 00:00:00,,,228b5256-5bd2-4bf3-826f-c6fe76571449,General stores consumption
2248,7440571a-841a-11ed-aa7c-7003bca91a86,stores,145,IT-0005,Welding Electrodes (General Purpose),pcs,CONSUME,-2.29,-2.29,pcs,0.00,01-Jun-2025 00:00,UTC,2025-06-01 00:00:00,,,056a433e-b880-43c6-9d59-b1cfe71a4014,General stores consumption
2249,7440571a-841a-11ed-aa7c-7003bca91a86,stores,148,IT-0008,Dust Mask / Respirator Mask,pcs,CONSUME,-1.67,-1.67,pcs,0.00,01-Jun-2025 00:00,UTC,2025-06-01 00:00:00,,,056a433e-b880-43c6-9d59-b1cfe71a4014,General stores consumption
2250,7440571a-841a-11ed-aa7c-7003bca91a86,stores,150,IT-0010,Emery Paper / Abrasive Sheet,pcs,CONSUME,-1.65,-1.65,pcs,0.00,01-Jun-2025 00:00,UTC,2025-06-01 00:00:00,,,228b5256-5bd2-4bf3-826f-c6fe76571449,General stores consumption
2251,7440571a-841a-11ed-aa7c-7003bca91a86,stores,172,OT-0002,"Ballast tanks, machinery spaces",ltr,CONSUME,-3.76,-3.76,ltr,0.00,01-Jun-2025 00:00,UTC,2025-06-01 00:00:00,,,6084f3b8-85dc-462a-b045-111d2b2e6d0e,General stores consumption
485,7440571a-841a-11ed-aa7c-7003bca91a86,others,177,OT-0007,"Bilges, chain lockers",ltr,CONSUME,-1.00,-1.00,ltr,44.00,31-May-2025 17:05,UTC,2025-05-31 17:05:00,,WO-2025-001,1,Monthly routine usage
4071,7440571a-841a-11ed-aa7c-7003bca91a86,chemicals,166,CH-0006,Tank Cleaning Chemical (Alkaline),ltr,CONSUME,-37.40,-37.40,ltr,4826.10,31-May-2025 13:56,UTC,2025-05-31 13:56:00,,,480b40d0-04bd-4590-a936-2f879b867977,Chemical consumption - Tank Cleaning Chemical (Alkaline)
484,7440571a-841a-11ed-aa7c-7003bca91a86,others,173,OT-0003,Hull below waterline,ltr,RECEIVE,5.00,5.00,ltr,44.00,31-May-2025 10:31,UTC,2025-05-31 10:31:00,Busan,PO-2025-108,1,Quarterly supply order
3683,7440571a-841a-11ed-aa7c-7003bca91a86,lubes,151,LU-0001,Main Engine Cylinder Oil,ltr,CONSUME,-117.10,-117.10,ltr,0.00,31-May-2025 09:34,UTC,2025-05-31 09:34:00,,,480b40d0-04bd-4590-a936-2f879b867977,Daily cylinder oil consumption - 117.1 ltr
1267,7440571a-841a-11ed-aa7c-7003bca91a86,lubes,155,LU-0005,Hydraulic Oil,ltr,CONSUME,-10.00,-10.00,ltr,33.00,31-May-2025 08:19,UTC,2025-05-31 08:19:00,,WO-2025-006,1,Routine maintenance consumption
483,7440571a-841a-11ed-aa7c-7003bca91a86,chemicals,162,CH-0002,Lube Oil Treatment Chemical,ltr,CONSUME,-3.00,-3.00,ltr,18.00,30-May-2025 19:16,UTC,2025-05-30 19:16:00,,WO-2025-002,1,Deck maintenance work
482,7440571a-841a-11ed-aa7c-7003bca91a86,others,178,OT-0008,"Pipes, tanks, machinery",ltr,CONSUME,-3.00,-3.00,ltr,43.00,30-May-2025 15:31,UTC,2025-05-30 15:31:00,,WO-2025-001,1,Routine maintenance consumption
481,7440571a-841a-11ed-aa7c-7003bca91a86,stores,141,IT-0001,Safety Gloves – Cotton,pcs,CONSUME,-4.00,-4.00,pcs,45.00,30-May-2025 15:13,UTC,2025-05-30 15:13:00,,WO-2025-010,1,Port state inspection preparation
480,7440571a-841a-11ed-aa7c-7003bca91a86,others,174,OT-0004,Waterline area,ltr,RECEIVE,11.00,11.00,ltr,51.00,30-May-2025 09:11,UTC,2025-05-30 09:11:00,Singapore,PO-2025-103,1,Supplier delivery on schedule
479,7440571a-841a-11ed-aa7c-7003bca91a86,stores,149,IT-0009,Cotton Waste / Cleaning Rags,pcs,CONSUME,-2.00,-2.00,pcs,48.00,30-May-2025 09:04,UTC,2025-05-30 09:04:00,,WO-2025-002,1,Navigation equipment maintenance
3682,7440571a-841a-11ed-aa7c-7003bca91a86,lubes,151,LU-0001,Main Engine Cylinder Oil,ltr,CONSUME,-98.80,-98.80,ltr,0.00,30-May-2025 06:30,UTC,2025-05-30 06:30:00,,,480b40d0-04bd-4590-a936-2f879b867977,Daily cylinder oil consumption - 98.8 ltr
478,7440571a-841a-11ed-aa7c-7003bca91a86,others,180,OT-0010,"Pipelines, safety markings",ltr,RECEIVE,12.00,12.00,ltr,61.00,29-May-2025 15:45,UTC,2025-05-29 15:45:00,Las Palmas,PO-2025-104,1,Supplier delivery on schedule
1266,7440571a-841a-11ed-aa7c-7003bca91a86,lubes,157,LU-0007,Stern Tube Oil,ltr,RECEIVE,29.00,29.00,ltr,48.00,29-May-2025 14:02,UTC,2025-05-29 14:02:00,Fujairah,PO-2025-103,1,Requisition fulfilled
477,7440571a-841a-11ed-aa7c-7003bca91a86,chemicals,167,CH-0007,Degreasing Chemical,ltr,CONSUME,-6.00,-6.00,ltr,32.00,29-May-2025 13:50,UTC,2025-05-29 13:50:00,,WO-2025-010,1,Navigation equipment maintenance
476,7440571a-841a-11ed-aa7c-7003bca91a86,others,175,OT-0005,External structures,ltr,RECEIVE,15.00,15.00,ltr,55.00,29-May-2025 12:49,UTC,2025-05-29 12:49:00,Mumbai,PO-2025-102,1,Supply received per PO
3681,7440571a-841a-11ed-aa7c-7003bca91a86,lubes,151,LU-0001,Main Engine Cylinder Oil,ltr,CONSUME,-111.00,-111.00,ltr,0.00,29-May-2025 07:26,UTC,2025-05-29 07:26:00,,,6084f3b8-85dc-462a-b045-111d2b2e6d0e,Daily cylinder oil consumption - 111.0 ltr
475,7440571a-841a-11ed-aa7c-7003bca91a86,others,178,OT-0008,"Pipes, tanks, machinery",ltr,RECEIVE,5.00,5.00,ltr,48.00,28-May-2025 16:31,UTC,2025-05-28 16:31:00,Colombo,PO-2025-108,1,Supplier delivery on schedule
474,7440571a-841a-11ed-aa7c-7003bca91a86,chemicals,169,CH-0009,Sewage Treatment Plant Chemical,ltr,CONSUME,-3.00,-3.00,ltr,25.00,28-May-2025 11:46,UTC,2025-05-28 11:46:00,,WO-2025-012,1,Deck maintenance work
1265,7440571a-841a-11ed-aa7c-7003bca91a86,lubes,156,LU-0006,Gear Oil,ltr,CONSUME,-10.00,-10.00,ltr,25.00,28-May-2025 08:48,UTC,2025-05-28 08:48:00,,WO-2025-005,1,Monthly routine usage
3680,7440571a-841a-11ed-aa7c-7003bca91a86,lubes,151,LU-0001,Main Engine Cylinder Oil,ltr,CONSUME,-92.00,-92.00,ltr,0.00,28-May-2025 06:57,UTC,2025-05-28 06:57:00,,,056a433e-b880-43c6-9d59-b1cfe71a4014,Daily cylinder oil consumption - 92.0 ltr
473,7440571a-841a-11ed-aa7c-7003bca91a86,chemicals,168,CH-0008,Rust Remover / Descaling Chemical,ltr,CONSUME,-4.00,-4.00,ltr,20.00,27-May-2025 20:12,UTC,2025-05-27 20:12:00,,WO-2025-001,1,Port state inspection preparation
472,7440571a-841a-11ed-aa7c-7003bca91a86,stores,147,IT-0007,Ear Plugs (Disposable),pcs,CONSUME,-5.00,-5.00,pcs,32.00,27-May-2025 12:40,UTC,2025-05-27 12:40:00,,WO-2025-007,1,Machinery space maintenance
1264,7440571a-841a-11ed-aa7c-7003bca91a86,lubes,155,LU-0005,Hydraulic Oil,ltr,CONSUME,-8.00,-8.00,ltr,25.00,27-May-2025 12:06,UTC,2025-05-27 12:06:00,,WO-2025-005,1,Engine room maintenance
3679,7440571a-841a-11ed-aa7c-7003bca91a86,lubes,151,LU-0001,Main Engine Cylinder Oil,ltr,CONSUME,-73.80,-73.80,ltr,0.00,27-May-2025 07:18,UTC,2025-05-27 07:18:00,,,228b5256-5bd2-4bf3-826f-c6fe76571449,Daily cylinder oil consumption - 73.8 ltr
471,7440571a-841a-11ed-aa7c-7003bca91a86,stores,145,IT-0005,Welding Electrodes (General Purpose),pcs,CONSUME,-1.00,-1.00,pcs,24.00,26-May-2025 18:33,UTC,2025-05-26 18:33:00,,WO-2025-007,1,Quarterly maintenance requirement
470,7440571a-841a-11ed-aa7c-7003bca91a86,stores,150,IT-0010,Emery Paper / Abrasive Sheet,pcs,CONSUME,-4.00,-4.00,pcs,36.00,26-May-2025 12:27,UTC,2025-05-26 12:27:00,,WO-2025-005,1,Navigation equipment maintenance
469,7440571a-841a-11ed-aa7c-7003bca91a86,stores,149,IT-0009,Cotton Waste / Cleaning Rags,pcs,CONSUME,-2.00,-2.00,pcs,50.00,26-May-2025 10:09,UTC,2025-05-26 10:09:00,,WO-2025-003,1,Machinery space maintenance
3678,7440571a-841a-11ed-aa7c-7003bca91a86,lubes,151,LU-0001,Main Engine Cylinder Oil,ltr,CONSUME,-119.90,-119.90,ltr,0.00,26-May-2025 07:44,UTC,2025-05-26 07:44:00,,,6084f3b8-85dc-462a-b045-111d2b2e6d0e,Daily cylinder oil consumption - 119.9 ltr
2755,7440571a-841a-11ed-aa7c-7003bca91a86,stores,148,IT-0008,Dust Mask / Respirator Mask,pcs,RECEIVE,11.16,11.16,pcs,291.97,26-May-2025 00:00,UTC,2025-05-26 00:00:00,Rotterdam,PO-2025-9573,228b5256-5bd2-4bf3-826f-c6fe76571449,Received at Rotterdam
2771,7440571a-841a-11ed-aa7c-7003bca91a86,stores,151,LU-0001,Main Engine Cylinder Oil,ltr,RECEIVE,8.57,8.57,ltr,360.51,26-May-2025 00:00,UTC,2025-05-26 00:00:00,Rotterdam,PO-2025-2312,228b5256-5bd2-4bf3-826f-c6fe76571449,Received at Rotterdam
2770,7440571a-841a-11ed-aa7c-7003bca91a86,stores,180,OT-0010,"Pipelines, safety markings",ltr,RECEIVE,44.48,44.48,ltr,299.61,26-May-2025 00:00,UTC,2025-05-26 00:00:00,Rotterdam,PO-2025-3342,228b5256-5bd2-4bf3-826f-c6fe76571449,Received at Rotterdam
2769,7440571a-841a-11ed-aa7c-7003bca91a86,stores,176,OT-0006,"Exhausts, boilers, pipelines",ltr,RECEIVE,51.56,51.56,ltr,204.46,26-May-2025 00:00,UTC,2025-05-26 00:00:00,Rotterdam,PO-2025-0358,228b5256-5bd2-4bf3-826f-c6fe76571449,Received at Rotterdam
2768,7440571a-841a-11ed-aa7c-7003bca91a86,stores,174,OT-0004,Waterline area,ltr,RECEIVE,51.92,51.92,ltr,217.04,26-May-2025 00:00,UTC,2025-05-26 00:00:00,Rotterdam,PO-2025-1548,228b5256-5bd2-4bf3-826f-c6fe76571449,Received at Rotterdam
2767,7440571a-841a-11ed-aa7c-7003bca91a86,stores,173,OT-0003,Hull below waterline,ltr,RECEIVE,41.67,41.67,ltr,218.44,26-May-2025 00:00,UTC,2025-05-26 00:00:00,Rotterdam,PO-2025-0900,228b5256-5bd2-4bf3-826f-c6fe76571449,Received at Rotterdam
2766,7440571a-841a-11ed-aa7c-7003bca91a86,stores,172,OT-0002,"Ballast tanks, machinery spaces",ltr,RECEIVE,13.48,13.48,ltr,220.95,26-May-2025 00:00,UTC,2025-05-26 00:00:00,Rotterdam,PO-2025-9174,228b5256-5bd2-4bf3-826f-c6fe76571449,Received at Rotterdam
2765,7440571a-841a-11ed-aa7c-7003bca91a86,stores,171,OT-0001,Steel surface protection,ltr,RECEIVE,12.02,12.02,ltr,219.47,26-May-2025 00:00,UTC,2025-05-26 00:00:00,Rotterdam,PO-2025-6586,228b5256-5bd2-4bf3-826f-c6fe76571449,Received at Rotterdam
2764,7440571a-841a-11ed-aa7c-7003bca91a86,chemicals,169,CH-0009,Sewage Treatment Plant Chemical,ltr,RECEIVE,33.88,33.88,ltr,208.77,26-May-2025 00:00,UTC,2025-05-26 00:00:00,Rotterdam,PO-2025-9930,228b5256-5bd2-4bf3-826f-c6fe76571449,Received at Rotterdam
2763,7440571a-841a-11ed-aa7c-7003bca91a86,chemicals,165,CH-0005,Potable Water Chlorination Chemical,ltr,RECEIVE,18.36,18.36,ltr,226.60,26-May-2025 00:00,UTC,2025-05-26 00:00:00,Rotterdam,PO-2025-8729,228b5256-5bd2-4bf3-826f-c6fe76571449,Received at Rotterdam
2762,7440571a-841a-11ed-aa7c-7003bca91a86,chemicals,162,CH-0002,Lube Oil Treatment Chemical,ltr,RECEIVE,18.99,18.99,ltr,256.37,26-May-2025 00:00,UTC,2025-05-26 00:00:00,Rotterdam,PO-2025-9923,228b5256-5bd2-4bf3-826f-c6fe76571449,Received at Rotterdam
2761,7440571a-841a-11ed-aa7c-7003bca91a86,stores,159,LU-0009,Refrigeration Compressor Oil,ltr,RECEIVE,41.91,41.91,ltr,211.16,26-May-2025 00:00,UTC,2025-05-26 00:00:00,Rotterdam,PO-2025-8406,228b5256-5bd2-4bf3-826f-c6fe76571449,Received at Rotterdam
2760,7440571a-841a-11ed-aa7c-7003bca91a86,stores,156,LU-0006,Gear Oil,ltr,RECEIVE,49.10,49.10,ltr,314.56,26-May-2025 00:00,UTC,2025-05-26 00:00:00,Rotterdam,PO-2025-2936,228b5256-5bd2-4bf3-826f-c6fe76571449,Received at Rotterdam
2759,7440571a-841a-11ed-aa7c-7003bca91a86,stores,154,LU-0004,Turbocharger Lube Oil,ltr,RECEIVE,31.60,31.60,ltr,294.30,26-May-2025 00:00,UTC,2025-05-26 00:00:00,Rotterdam,PO-2025-1717,228b5256-5bd2-4bf3-826f-c6fe76571449,Received at Rotterdam
2758,7440571a-841a-11ed-aa7c-7003bca91a86,stores,153,LU-0003,Auxiliary Engine Lube Oil,ltr,RECEIVE,19.81,19.81,ltr,170.47,26-May-2025 00:00,UTC,2025-05-26 00:00:00,Rotterdam,PO-2025-5980,228b5256-5bd2-4bf3-826f-c6fe76571449,Received at Rotterdam
2757,7440571a-841a-11ed-aa7c-7003bca91a86,stores,152,LU-0002,Main Engine System Oil,ltr,RECEIVE,53.56,53.56,ltr,282.09,26-May-2025 00:00,UTC,2025-05-26 00:00:00,Rotterdam,PO-2025-6765,228b5256-5bd2-4bf3-826f-c6fe76571449,Received at Rotterdam
2756,7440571a-841a-11ed-aa7c-7003bca91a86,stores,150,IT-0010,Emery Paper / Abrasive Sheet,pcs,RECEIVE,42.75,42.75,pcs,236.02,26-May-2025 00:00,UTC,2025-05-26 00:00:00,Rotterdam,PO-2025-3413,228b5256-5bd2-4bf3-826f-c6fe76571449,Received at Rotterdam
2754,7440571a-841a-11ed-aa7c-7003bca91a86,stores,146,IT-0006,Safety Goggles (Clear),pcs,RECEIVE,38.53,38.53,pcs,348.88,26-May-2025 00:00,UTC,2025-05-26 00:00:00,Rotterdam,PO-2025-1356,228b5256-5bd2-4bf3-826f-c6fe76571449,Received at Rotterdam
2753,7440571a-841a-11ed-aa7c-7003bca91a86,stores,144,IT-0004,Cutting Disc (Angle Grinder),pcs,RECEIVE,33.27,33.27,pcs,180.31,26-May-2025 00:00,UTC,2025-05-26 00:00:00,Rotterdam,PO-2025-5496,228b5256-5bd2-4bf3-826f-c6fe76571449,Received at Rotterdam
2752,7440571a-841a-11ed-aa7c-7003bca91a86,stores,143,IT-0003,Grinding Wheel (Grinding Disc),pcs,RECEIVE,17.05,17.05,pcs,286.46,26-May-2025 00:00,UTC,2025-05-26 00:00:00,Rotterdam,PO-2025-6145,228b5256-5bd2-4bf3-826f-c6fe76571449,Received at Rotterdam
2751,7440571a-841a-11ed-aa7c-7003bca91a86,stores,142,IT-0002,Jeevan,pcs,RECEIVE,31.70,31.70,pcs,270.72,26-May-2025 00:00,UTC,2025-05-26 00:00:00,Rotterdam,PO-2025-1191,228b5256-5bd2-4bf3-826f-c6fe76571449,Received at Rotterdam
2246,7440571a-841a-11ed-aa7c-7003bca91a86,chemicals,168,CH-0008,Rust Remover / Descaling Chemical,ltr,CONSUME,-1.82,-1.82,ltr,0.00,26-May-2025 00:00,UTC,2025-05-26 00:00:00,,,228b5256-5bd2-4bf3-826f-c6fe76571449,Weekly chemical consumption
2245,7440571a-841a-11ed-aa7c-7003bca91a86,chemicals,166,CH-0006,Tank Cleaning Chemical (Alkaline),ltr,CONSUME,-0.66,-0.66,ltr,0.00,26-May-2025 00:00,UTC,2025-05-26 00:00:00,,,228b5256-5bd2-4bf3-826f-c6fe76571449,Weekly chemical consumption
2244,7440571a-841a-11ed-aa7c-7003bca91a86,chemicals,165,CH-0005,Potable Water Chlorination Chemical,ltr,CONSUME,-1.51,-1.51,ltr,0.00,26-May-2025 00:00,UTC,2025-05-26 00:00:00,,,228b5256-5bd2-4bf3-826f-c6fe76571449,Weekly chemical consumption
2243,7440571a-841a-11ed-aa7c-7003bca91a86,chemicals,163,CH-0003,Boiler Water Treatment Chemical,ltr,CONSUME,-1.68,-1.68,ltr,0.00,26-May-2025 00:00,UTC,2025-05-26 00:00:00,,,480b40d0-04bd-4590-a936-2f879b867977,Weekly chemical consumption
468,7440571a-841a-11ed-aa7c-7003bca91a86,stores,147,IT-0007,Ear Plugs (Disposable),pcs,CONSUME,-4.00,-4.00,pcs,37.00,25-May-2025 19:35,UTC,2025-05-25 19:35:00,,WO-2025-003,1,Regular operational consumption
467,7440571a-841a-11ed-aa7c-7003bca91a86,chemicals,163,CH-0003,Boiler Water Treatment Chemical,ltr,CONSUME,-7.00,-7.00,ltr,5.00,25-May-2025 19:05,UTC,2025-05-25 19:05:00,,WO-2025-007,1,Voyage preparation consumption
1263,7440571a-841a-11ed-aa7c-7003bca91a86,lubes,152,LU-0002,Main Engine System Oil,ltr,RECEIVE,36.00,36.00,ltr,86.00,25-May-2025 14:05,UTC,2025-05-25 14:05:00,Jebel Ali,PO-2025-102,1,Quarterly supply order
466,7440571a-841a-11ed-aa7c-7003bca91a86,others,177,OT-0007,"Bilges, chain lockers",ltr,RECEIVE,7.00,7.00,ltr,51.00,25-May-2025 10:47,UTC,2025-05-25 10:47:00,Las Palmas,PO-2025-105,1,Requisition fulfilled
1262,7440571a-841a-11ed-aa7c-7003bca91a86,lubes,153,LU-0003,Auxiliary Engine Lube Oil,ltr,RECEIVE,33.00,33.00,ltr,33.00,25-May-2025 09:48,UTC,2025-05-25 09:48:00,Fujairah,PO-2025-102,1,Supply received per PO
465,7440571a-841a-11ed-aa7c-7003bca91a86,stores,145,IT-0005,Welding Electrodes (General Purpose),pcs,CONSUME,-4.00,-4.00,pcs,25.00,25-May-2025 09:24,UTC,2025-05-25 09:24:00,,WO-2025-004,1,Monthly routine usage
3677,7440571a-841a-11ed-aa7c-7003bca91a86,lubes,151,LU-0001,Main Engine Cylinder Oil,ltr,CONSUME,-108.90,-108.90,ltr,0.00,25-May-2025 08:28,UTC,2025-05-25 08:28:00,,,228b5256-5bd2-4bf3-826f-c6fe76571449,Daily cylinder oil consumption - 108.9 ltr
464,7440571a-841a-11ed-aa7c-7003bca91a86,chemicals,161,CH-0001,Fuel Oil Treatment Chemical,ltr,CONSUME,-5.00,-5.00,ltr,19.00,24-May-2025 22:19,UTC,2025-05-24 22:19:00,,WO-2025-003,1,Regular operational consumption
463,7440571a-841a-11ed-aa7c-7003bca91a86,stores,150,IT-0010,Emery Paper / Abrasive Sheet,pcs,CONSUME,-3.00,-3.00,pcs,44.00,24-May-2025 16:58,UTC,2025-05-24 16:58:00,,WO-2025-010,1,Accommodation maintenance
462,7440571a-841a-11ed-aa7c-7003bca91a86,chemicals,166,CH-0006,Tank Cleaning Chemical (Alkaline),ltr,RECEIVE,25.00,25.00,ltr,29.00,24-May-2025 14:43,UTC,2025-05-24 14:43:00,Jebel Ali,PO-2025-101,1,Top-up supply received
461,7440571a-841a-11ed-aa7c-7003bca91a86,others,176,OT-0006,"Exhausts, boilers, pipelines",ltr,RECEIVE,14.00,14.00,ltr,58.00,24-May-2025 14:39,UTC,2025-05-24 14:39:00,Colombo,PO-2025-105,1,Top-up supply received
460,7440571a-841a-11ed-aa7c-7003bca91a86,chemicals,165,CH-0005,Potable Water Chlorination Chemical,ltr,CONSUME,-3.00,-3.00,ltr,6.00,24-May-2025 14:00,UTC,2025-05-24 14:00:00,,WO-2025-005,1,Voyage preparation consumption
459,7440571a-841a-11ed-aa7c-7003bca91a86,stores,148,IT-0008,Dust Mask / Respirator Mask,pcs,CONSUME,-2.00,-2.00,pcs,48.00,24-May-2025 12:43,UTC,2025-05-24 12:43:00,,WO-2025-001,1,Safety equipment replenishment
458,7440571a-841a-11ed-aa7c-7003bca91a86,others,172,OT-0002,"Ballast tanks, machinery spaces",ltr,RECEIVE,11.00,11.00,ltr,58.00,24-May-2025 10:39,UTC,2025-05-24 10:39:00,Busan,PO-2025-105,1,Supply received per PO
457,7440571a-841a-11ed-aa7c-7003bca91a86,chemicals,169,CH-0009,Sewage Treatment Plant Chemical,ltr,CONSUME,-7.00,-7.00,ltr,28.00,24-May-2025 08:21,UTC,2025-05-24 08:21:00,,WO-2025-003,1,Port state inspection preparation
3676,7440571a-841a-11ed-aa7c-7003bca91a86,lubes,151,LU-0001,Main Engine Cylinder Oil,ltr,CONSUME,-60.70,-60.70,ltr,0.00,24-May-2025 06:00,UTC,2025-05-24 06:00:00,,,480b40d0-04bd-4590-a936-2f879b867977,Daily cylinder oil consumption - 60.7 ltr
456,7440571a-841a-11ed-aa7c-7003bca91a86,chemicals,165,CH-0005,Potable Water Chlorination Chemical,ltr,RECEIVE,13.00,13.00,ltr,19.00,23-May-2025 15:51,UTC,2025-05-23 15:51:00,Durban,PO-2025-107,1,Annual stock replenishment
455,7440571a-841a-11ed-aa7c-7003bca91a86,chemicals,161,CH-0001,Fuel Oil Treatment Chemical,ltr,RECEIVE,10.00,10.00,ltr,10.00,23-May-2025 13:50,UTC,2025-05-23 13:50:00,Shanghai,PO-2025-108,1,Port supply delivery
454,7440571a-841a-11ed-aa7c-7003bca91a86,chemicals,163,CH-0003,Boiler Water Treatment Chemical,ltr,CONSUME,-7.00,-7.00,ltr,18.00,23-May-2025 08:50,UTC,2025-05-23 08:50:00,,WO-2025-010,1,Navigation equipment maintenance
3675,7440571a-841a-11ed-aa7c-7003bca91a86,lubes,151,LU-0001,Main Engine Cylinder Oil,ltr,CONSUME,-58.50,-58.50,ltr,0.00,23-May-2025 08:24,UTC,2025-05-23 08:24:00,,,6084f3b8-85dc-462a-b045-111d2b2e6d0e,Daily cylinder oil consumption - 58.5 ltr
453,7440571a-841a-11ed-aa7c-7003bca91a86,stores,143,IT-0003,Grinding Wheel (Grinding Disc),pcs,CONSUME,-1.00,-1.00,pcs,13.00,23-May-2025 06:09,UTC,2025-05-23 06:09:00,,WO-2025-007,1,Accommodation maintenance
452,7440571a-841a-11ed-aa7c-7003bca91a86,stores,143,IT-0003,Grinding Wheel (Grinding Disc),pcs,CONSUME,-1.00,-1.00,pcs,12.00,23-May-2025 06:03,UTC,2025-05-23 06:03:00,,WO-2025-012,1,Navigation equipment maintenance
451,7440571a-841a-11ed-aa7c-7003bca91a86,stores,144,IT-0004,Cutting Disc (Angle Grinder),pcs,CONSUME,-2.00,-2.00,pcs,35.00,22-May-2025 22:13,UTC,2025-05-22 22:13:00,,WO-2025-010,1,Emergency repair usage
1261,7440571a-841a-11ed-aa7c-7003bca91a86,lubes,158,LU-0008,Compressor Oil,ltr,CONSUME,-6.00,-6.00,ltr,9.00,22-May-2025 18:25,UTC,2025-05-22 18:25:00,,WO-2025-004,1,Regular operational consumption
1260,7440571a-841a-11ed-aa7c-7003bca91a86,lubes,159,LU-0009,Refrigeration Compressor Oil,ltr,RECEIVE,15.00,15.00,ltr,34.00,22-May-2025 09:04,UTC,2025-05-22 09:04:00,Busan,PO-2025-103,1,Quarterly supply order
450,7440571a-841a-11ed-aa7c-7003bca91a86,others,171,OT-0001,Steel surface protection,ltr,RECEIVE,15.00,15.00,ltr,61.00,22-May-2025 08:32,UTC,2025-05-22 08:32:00,Colombo,PO-2025-101,1,Quarterly supply order
3674,7440571a-841a-11ed-aa7c-7003bca91a86,lubes,151,LU-0001,Main Engine Cylinder Oil,ltr,CONSUME,-78.40,-78.40,ltr,0.00,22-May-2025 07:55,UTC,2025-05-22 07:55:00,,,6084f3b8-85dc-462a-b045-111d2b2e6d0e,Daily cylinder oil consumption - 78.4 ltr
449,7440571a-841a-11ed-aa7c-7003bca91a86,chemicals,170,CH-0010,Hand Cleaning Chemical (Industrial Soap),ltr,CONSUME,-3.00,-3.00,ltr,13.00,22-May-2025 07:44,UTC,2025-05-22 07:44:00,,WO-2025-007,1,Routine maintenance consumption
448,7440571a-841a-11ed-aa7c-7003bca91a86,stores,146,IT-0006,Safety Goggles (Clear),pcs,CONSUME,-3.00,-3.00,pcs,37.00,22-May-2025 06:54,UTC,2025-05-22 06:54:00,,WO-2025-004,1,Quarterly maintenance requirement
447,7440571a-841a-11ed-aa7c-7003bca91a86,others,179,OT-0009,Weather decks,ltr,RECEIVE,10.00,10.00,ltr,54.00,21-May-2025 15:58,UTC,2025-05-21 15:58:00,Shanghai,PO-2025-103,1,Top-up supply received
446,7440571a-841a-11ed-aa7c-7003bca91a86,chemicals,161,CH-0001,Fuel Oil Treatment Chemical,ltr,CONSUME,-6.00,-6.00,ltr,7.00,21-May-2025 15:32,UTC,2025-05-21 15:32:00,,WO-2025-003,1,Hull maintenance work
445,7440571a-841a-11ed-aa7c-7003bca91a86,stores,142,IT-0002,Jeevan,pcs,CONSUME,-4.00,-4.00,pcs,31.00,21-May-2025 12:51,UTC,2025-05-21 12:51:00,,WO-2025-002,1,Voyage preparation consumption
1259,7440571a-841a-11ed-aa7c-7003bca91a86,lubes,158,LU-0008,Compressor Oil,ltr,RECEIVE,16.00,16.00,ltr,25.00,21-May-2025 11:39,UTC,2025-05-21 11:39:00,Jebel Ali,PO-2025-104,1,Supply received per PO
444,7440571a-841a-11ed-aa7c-7003bca91a86,chemicals,166,CH-0006,Tank Cleaning Chemical (Alkaline),ltr,CONSUME,-3.00,-3.00,ltr,12.00,21-May-2025 07:44,UTC,2025-05-21 07:44:00,,WO-2025-005,1,Routine maintenance consumption
3673,7440571a-841a-11ed-aa7c-7003bca91a86,lubes,151,LU-0001,Main Engine Cylinder Oil,ltr,CONSUME,-65.60,-65.60,ltr,0.00,21-May-2025 06:40,UTC,2025-05-21 06:40:00,,,056a433e-b880-43c6-9d59-b1cfe71a4014,Daily cylinder oil consumption - 65.6 ltr
1258,7440571a-841a-11ed-aa7c-7003bca91a86,lubes,155,LU-0005,Hydraulic Oil,ltr,RECEIVE,35.00,35.00,ltr,49.00,20-May-2025 12:06,UTC,2025-05-20 12:06:00,Shanghai,PO-2025-102,1,Quarterly supply order
443,7440571a-841a-11ed-aa7c-7003bca91a86,chemicals,163,CH-0003,Boiler Water Treatment Chemical,ltr,RECEIVE,19.00,19.00,ltr,24.00,20-May-2025 10:48,UTC,2025-05-20 10:48:00,Fujairah,PO-2025-103,1,Port supply delivery
3672,7440571a-841a-11ed-aa7c-7003bca91a86,lubes,151,LU-0001,Main Engine Cylinder Oil,ltr,CONSUME,-98.40,-98.40,ltr,0.00,20-May-2025 08:29,UTC,2025-05-20 08:29:00,,,228b5256-5bd2-4bf3-826f-c6fe76571449,Daily cylinder oil consumption - 98.4 ltr
1257,7440571a-841a-11ed-aa7c-7003bca91a86,lubes,151,LU-0001,Main Engine Cylinder Oil,ltr,RECEIVE,21.00,21.00,ltr,47.00,20-May-2025 08:18,UTC,2025-05-20 08:18:00,Colombo,PO-2025-103,1,Quarterly supply order
442,7440571a-841a-11ed-aa7c-7003bca91a86,chemicals,166,CH-0006,Tank Cleaning Chemical (Alkaline),ltr,CONSUME,-8.00,-8.00,ltr,4.00,20-May-2025 06:26,UTC,2025-05-20 06:26:00,,WO-2025-010,1,Monthly routine usage
1256,7440571a-841a-11ed-aa7c-7003bca91a86,lubes,156,LU-0006,Gear Oil,ltr,CONSUME,-9.00,-9.00,ltr,13.00,19-May-2025 18:45,UTC,2025-05-19 18:45:00,,WO-2025-005,1,Engine room maintenance
1255,7440571a-841a-11ed-aa7c-7003bca91a86,lubes,159,LU-0009,Refrigeration Compressor Oil,ltr,CONSUME,-4.00,-4.00,ltr,19.00,19-May-2025 17:20,UTC,2025-05-19 17:20:00,,WO-2025-001,1,Routine maintenance consumption
1254,7440571a-841a-11ed-aa7c-7003bca91a86,lubes,154,LU-0004,Turbocharger Lube Oil,ltr,RECEIVE,28.00,28.00,ltr,44.00,19-May-2025 16:11,UTC,2025-05-19 16:11:00,Colombo,PO-2025-101,1,Quarterly supply order
4070,7440571a-841a-11ed-aa7c-7003bca91a86,chemicals,168,CH-0008,Rust Remover / Descaling Chemical,ltr,CONSUME,-6.60,-6.60,ltr,4842.80,19-May-2025 15:54,UTC,2025-05-19 15:54:00,,,056a433e-b880-43c6-9d59-b1cfe71a4014,Chemical consumption - Rust Remover / Descaling Chemical
3671,7440571a-841a-11ed-aa7c-7003bca91a86,lubes,151,LU-0001,Main Engine Cylinder Oil,ltr,CONSUME,-78.10,-78.10,ltr,0.00,19-May-2025 08:42,UTC,2025-05-19 08:42:00,,,480b40d0-04bd-4590-a936-2f879b867977,Daily cylinder oil consumption - 78.1 ltr
2242,7440571a-841a-11ed-aa7c-7003bca91a86,chemicals,169,CH-0009,Sewage Treatment Plant Chemical,ltr,CONSUME,-1.18,-1.18,ltr,0.00,19-May-2025 00:00,UTC,2025-05-19 00:00:00,,,6084f3b8-85dc-462a-b045-111d2b2e6d0e,Weekly chemical consumption
2237,7440571a-841a-11ed-aa7c-7003bca91a86,chemicals,162,CH-0002,Lube Oil Treatment Chemical,ltr,CONSUME,-1.06,-1.06,ltr,0.00,19-May-2025 00:00,UTC,2025-05-19 00:00:00,,,480b40d0-04bd-4590-a936-2f879b867977,Weekly chemical consumption
2238,7440571a-841a-11ed-aa7c-7003bca91a86,chemicals,163,CH-0003,Boiler Water Treatment Chemical,ltr,CONSUME,-0.16,-0.16,ltr,0.00,19-May-2025 00:00,UTC,2025-05-19 00:00:00,,,480b40d0-04bd-4590-a936-2f879b867977,Weekly chemical consumption
2239,7440571a-841a-11ed-aa7c-7003bca91a86,chemicals,164,CH-0004,Cooling Water Treatment Chemical,ltr,CONSUME,-0.88,-0.88,ltr,0.00,19-May-2025 00:00,UTC,2025-05-19 00:00:00,,,228b5256-5bd2-4bf3-826f-c6fe76571449,Weekly chemical consumption
2240,7440571a-841a-11ed-aa7c-7003bca91a86,chemicals,165,CH-0005,Potable Water Chlorination Chemical,ltr,CONSUME,-1.30,-1.30,ltr,0.00,19-May-2025 00:00,UTC,2025-05-19 00:00:00,,,480b40d0-04bd-4590-a936-2f879b867977,Weekly chemical consumption
2241,7440571a-841a-11ed-aa7c-7003bca91a86,chemicals,168,CH-0008,Rust Remover / Descaling Chemical,ltr,CONSUME,-2.08,-2.08,ltr,0.00,19-May-2025 00:00,UTC,2025-05-19 00:00:00,,,056a433e-b880-43c6-9d59-b1cfe71a4014,Weekly chemical consumption
441,7440571a-841a-11ed-aa7c-7003bca91a86,chemicals,168,CH-0008,Rust Remover / Descaling Chemical,ltr,CONSUME,-8.00,-8.00,ltr,12.00,18-May-2025 17:42,UTC,2025-05-18 17:42:00,,WO-2025-008,1,Machinery space maintenance
1253,7440571a-841a-11ed-aa7c-7003bca91a86,lubes,160,LU-0010,Multipurpose Grease,ltr,RECEIVE,34.00,34.00,ltr,47.00,18-May-2025 12:45,UTC,2025-05-18 12:45:00,Colombo,PO-2025-101,1,Quarterly supply order
440,7440571a-841a-11ed-aa7c-7003bca91a86,stores,145,IT-0005,Welding Electrodes (General Purpose),pcs,CONSUME,-2.00,-2.00,pcs,29.00,18-May-2025 11:58,UTC,2025-05-18 11:58:00,,WO-2025-008,1,Quarterly maintenance requirement
3670,7440571a-841a-11ed-aa7c-7003bca91a86,lubes,151,LU-0001,Main Engine Cylinder Oil,ltr,CONSUME,-74.40,-74.40,ltr,0.00,18-May-2025 08:17,UTC,2025-05-18 08:17:00,,,6084f3b8-85dc-462a-b045-111d2b2e6d0e,Daily cylinder oil consumption - 74.4 ltr
1252,7440571a-841a-11ed-aa7c-7003bca91a86,lubes,156,LU-0006,Gear Oil,ltr,RECEIVE,28.00,28.00,ltr,41.00,18-May-2025 08:06,UTC,2025-05-18 08:06:00,Shanghai,PO-2025-101,1,Requisition fulfilled
439,7440571a-841a-11ed-aa7c-7003bca91a86,chemicals,169,CH-0009,Sewage Treatment Plant Chemical,ltr,CONSUME,-8.00,-8.00,ltr,17.00,18-May-2025 08:05,UTC,2025-05-18 08:05:00,,WO-2025-009,1,Port state inspection preparation
3669,7440571a-841a-11ed-aa7c-7003bca91a86,lubes,151,LU-0001,Main Engine Cylinder Oil,ltr,CONSUME,-89.00,-89.00,ltr,0.00,17-May-2025 06:49,UTC,2025-05-17 06:49:00,,,056a433e-b880-43c6-9d59-b1cfe71a4014,Daily cylinder oil consumption - 89.0 ltr
1251,7440571a-841a-11ed-aa7c-7003bca91a86,lubes,158,LU-0008,Compressor Oil,ltr,CONSUME,-6.00,-6.00,ltr,27.00,16-May-2025 19:37,UTC,2025-05-16 19:37:00,,WO-2025-001,1,Regular operational consumption
3668,7440571a-841a-11ed-aa7c-7003bca91a86,lubes,151,LU-0001,Main Engine Cylinder Oil,ltr,CONSUME,-50.40,-50.40,ltr,0.00,16-May-2025 09:34,UTC,2025-05-16 09:34:00,,,056a433e-b880-43c6-9d59-b1cfe71a4014,Daily cylinder oil consumption - 50.4 ltr
438,7440571a-841a-11ed-aa7c-7003bca91a86,chemicals,161,CH-0001,Fuel Oil Treatment Chemical,ltr,CONSUME,-6.00,-6.00,ltr,13.00,15-May-2025 21:32,UTC,2025-05-15 21:32:00,,WO-2025-004,1,Hull maintenance work
1250,7440571a-841a-11ed-aa7c-7003bca91a86,lubes,153,LU-0003,Auxiliary Engine Lube Oil,ltr,CONSUME,-9.00,-9.00,ltr,0.00,15-May-2025 19:19,UTC,2025-05-15 19:19:00,,WO-2025-002,1,Routine maintenance consumption
437,7440571a-841a-11ed-aa7c-7003bca91a86,stores,141,IT-0001,Safety Gloves – Cotton,pcs,CONSUME,-5.00,-5.00,pcs,49.00,15-May-2025 17:22,UTC,2025-05-15 17:22:00,,WO-2025-009,1,Machinery space maintenance
436,7440571a-841a-11ed-aa7c-7003bca91a86,chemicals,163,CH-0003,Boiler Water Treatment Chemical,ltr,CONSUME,-6.00,-6.00,ltr,12.00,15-May-2025 14:40,UTC,2025-05-15 14:40:00,,WO-2025-012,1,Safety equipment replenishment
435,7440571a-841a-11ed-aa7c-7003bca91a86,stores,141,IT-0001,Safety Gloves – Cotton,pcs,CONSUME,-4.00,-4.00,pcs,41.00,15-May-2025 14:33,UTC,2025-05-15 14:33:00,,WO-2025-001,1,Scheduled overhaul requirement
434,7440571a-841a-11ed-aa7c-7003bca91a86,chemicals,165,CH-0005,Potable Water Chlorination Chemical,ltr,CONSUME,-4.00,-4.00,ltr,17.00,15-May-2025 13:08,UTC,2025-05-15 13:08:00,,WO-2025-010,1,Safety equipment replenishment
433,7440571a-841a-11ed-aa7c-7003bca91a86,chemicals,161,CH-0001,Fuel Oil Treatment Chemical,ltr,CONSUME,-8.00,-8.00,ltr,0.00,15-May-2025 12:34,UTC,2025-05-15 12:34:00,,WO-2025-001,1,Engine room maintenance
3667,7440571a-841a-11ed-aa7c-7003bca91a86,lubes,151,LU-0001,Main Engine Cylinder Oil,ltr,CONSUME,-76.00,-76.00,ltr,0.00,15-May-2025 07:24,UTC,2025-05-15 07:24:00,,,228b5256-5bd2-4bf3-826f-c6fe76571449,Daily cylinder oil consumption - 76.0 ltr
1249,7440571a-841a-11ed-aa7c-7003bca91a86,lubes,152,LU-0002,Main Engine System Oil,ltr,CONSUME,-8.00,-8.00,ltr,50.00,15-May-2025 07:20,UTC,2025-05-15 07:20:00,,WO-2025-005,1,Engine room maintenance
2236,7440571a-841a-11ed-aa7c-7003bca91a86,stores,177,OT-0007,"Bilges, chain lockers",ltr,CONSUME,-1.45,-1.45,ltr,0.00,15-May-2025 00:00,UTC,2025-05-15 00:00:00,,,6084f3b8-85dc-462a-b045-111d2b2e6d0e,General stores consumption
2234,7440571a-841a-11ed-aa7c-7003bca91a86,stores,172,OT-0002,"Ballast tanks, machinery spaces",ltr,CONSUME,-3.99,-3.99,ltr,0.00,15-May-2025 00:00,UTC,2025-05-15 00:00:00,,,6084f3b8-85dc-462a-b045-111d2b2e6d0e,General stores consumption
2235,7440571a-841a-11ed-aa7c-7003bca91a86,stores,173,OT-0003,Hull below waterline,ltr,CONSUME,-2.86,-2.86,ltr,0.00,15-May-2025 00:00,UTC,2025-05-15 00:00:00,,,480b40d0-04bd-4590-a936-2f879b867977,General stores consumption
3666,7440571a-841a-11ed-aa7c-7003bca91a86,lubes,151,LU-0001,Main Engine Cylinder Oil,ltr,CONSUME,-57.40,-57.40,ltr,0.00,14-May-2025 09:35,UTC,2025-05-14 09:35:00,,,056a433e-b880-43c6-9d59-b1cfe71a4014,Daily cylinder oil consumption - 57.4 ltr
1248,7440571a-841a-11ed-aa7c-7003bca91a86,lubes,157,LU-0007,Stern Tube Oil,ltr,CONSUME,-6.00,-6.00,ltr,19.00,13-May-2025 22:04,UTC,2025-05-13 22:04:00,,WO-2025-004,1,Regular operational consumption
432,7440571a-841a-11ed-aa7c-7003bca91a86,others,174,OT-0004,Waterline area,ltr,CONSUME,-3.00,-3.00,ltr,40.00,13-May-2025 18:49,UTC,2025-05-13 18:49:00,,WO-2025-010,1,Safety equipment replenishment
431,7440571a-841a-11ed-aa7c-7003bca91a86,chemicals,164,CH-0004,Cooling Water Treatment Chemical,ltr,CONSUME,-3.00,-3.00,ltr,15.00,13-May-2025 16:44,UTC,2025-05-13 16:44:00,,WO-2025-011,1,Engine room maintenance
430,7440571a-841a-11ed-aa7c-7003bca91a86,stores,144,IT-0004,Cutting Disc (Angle Grinder),pcs,CONSUME,-1.00,-1.00,pcs,37.00,13-May-2025 15:06,UTC,2025-05-13 15:06:00,,WO-2025-008,1,Emergency repair usage
429,7440571a-841a-11ed-aa7c-7003bca91a86,chemicals,162,CH-0002,Lube Oil Treatment Chemical,ltr,CONSUME,-4.00,-4.00,ltr,21.00,13-May-2025 14:26,UTC,2025-05-13 14:26:00,,WO-2025-009,1,Scheduled overhaul requirement
3665,7440571a-841a-11ed-aa7c-7003bca91a86,lubes,151,LU-0001,Main Engine Cylinder Oil,ltr,CONSUME,-62.50,-62.50,ltr,0.00,13-May-2025 09:53,UTC,2025-05-13 09:53:00,,,056a433e-b880-43c6-9d59-b1cfe71a4014,Daily cylinder oil consumption - 62.5 ltr
428,7440571a-841a-11ed-aa7c-7003bca91a86,stores,150,IT-0010,Emery Paper / Abrasive Sheet,pcs,CONSUME,-2.00,-2.00,pcs,40.00,13-May-2025 09:10,UTC,2025-05-13 09:10:00,,WO-2025-009,1,Emergency repair usage
1247,7440571a-841a-11ed-aa7c-7003bca91a86,lubes,157,LU-0007,Stern Tube Oil,ltr,CONSUME,-5.00,-5.00,ltr,25.00,12-May-2025 20:20,UTC,2025-05-12 20:20:00,,WO-2025-001,1,Engine room maintenance
3994,7440571a-841a-11ed-aa7c-7003bca91a86,lubes,153,LU-0003,Auxiliary Engine Lube Oil,ltr,CONSUME,-125.20,-125.20,ltr,440.20,12-May-2025 12:02,UTC,2025-05-12 12:02:00,,,056a433e-b880-43c6-9d59-b1cfe71a4014,Monthly AE lube oil top-up - 125.2 ltr
3993,7440571a-841a-11ed-aa7c-7003bca91a86,lubes,152,LU-0002,Main Engine System Oil,ltr,CONSUME,-116.70,-116.70,ltr,0.00,12-May-2025 12:02,UTC,2025-05-12 12:02:00,,,228b5256-5bd2-4bf3-826f-c6fe76571449,Monthly ME system oil top-up - 116.7 ltr
1246,7440571a-841a-11ed-aa7c-7003bca91a86,lubes,153,LU-0003,Auxiliary Engine Lube Oil,ltr,CONSUME,-7.00,-7.00,ltr,13.00,12-May-2025 08:53,UTC,2025-05-12 08:53:00,,WO-2025-005,1,Scheduled overhaul requirement
3664,7440571a-841a-11ed-aa7c-7003bca91a86,lubes,151,LU-0001,Main Engine Cylinder Oil,ltr,CONSUME,-51.40,-51.40,ltr,0.00,12-May-2025 07:36,UTC,2025-05-12 07:36:00,,,056a433e-b880-43c6-9d59-b1cfe71a4014,Daily cylinder oil consumption - 51.4 ltr
2233,7440571a-841a-11ed-aa7c-7003bca91a86,chemicals,167,CH-0007,Degreasing Chemical,ltr,CONSUME,-1.01,-1.01,ltr,0.00,12-May-2025 00:00,UTC,2025-05-12 00:00:00,,,056a433e-b880-43c6-9d59-b1cfe71a4014,Weekly chemical consumption
2232,7440571a-841a-11ed-aa7c-7003bca91a86,chemicals,166,CH-0006,Tank Cleaning Chemical (Alkaline),ltr,CONSUME,-1.65,-1.65,ltr,0.00,12-May-2025 00:00,UTC,2025-05-12 00:00:00,,,056a433e-b880-43c6-9d59-b1cfe71a4014,Weekly chemical consumption
2231,7440571a-841a-11ed-aa7c-7003bca91a86,chemicals,163,CH-0003,Boiler Water Treatment Chemical,ltr,CONSUME,-1.10,-1.10,ltr,0.00,12-May-2025 00:00,UTC,2025-05-12 00:00:00,,,228b5256-5bd2-4bf3-826f-c6fe76571449,Weekly chemical consumption
2230,7440571a-841a-11ed-aa7c-7003bca91a86,chemicals,162,CH-0002,Lube Oil Treatment Chemical,ltr,CONSUME,-0.38,-0.38,ltr,0.00,12-May-2025 00:00,UTC,2025-05-12 00:00:00,,,228b5256-5bd2-4bf3-826f-c6fe76571449,Weekly chemical consumption
427,7440571a-841a-11ed-aa7c-7003bca91a86,others,176,OT-0006,"Exhausts, boilers, pipelines",ltr,CONSUME,-3.00,-3.00,ltr,44.00,11-May-2025 12:25,UTC,2025-05-11 12:25:00,,WO-2025-003,1,Quarterly maintenance requirement
4072,7440571a-841a-11ed-aa7c-7003bca91a86,chemicals,162,CH-0002,Lube Oil Treatment Chemical,ltr,CONSUME,-32.80,-32.80,ltr,4869.80,11-May-2025 11:34,UTC,2025-05-11 11:34:00,,,056a433e-b880-43c6-9d59-b1cfe71a4014,Chemical consumption - Lube Oil Treatment Chemical
3663,7440571a-841a-11ed-aa7c-7003bca91a86,lubes,151,LU-0001,Main Engine Cylinder Oil,ltr,CONSUME,-91.40,-91.40,ltr,0.00,11-May-2025 09:27,UTC,2025-05-11 09:27:00,,,6084f3b8-85dc-462a-b045-111d2b2e6d0e,Daily cylinder oil consumption - 91.4 ltr
1245,7440571a-841a-11ed-aa7c-7003bca91a86,lubes,155,LU-0005,Hydraulic Oil,ltr,CONSUME,-11.00,-11.00,ltr,14.00,10-May-2025 17:13,UTC,2025-05-10 17:13:00,,WO-2025-004,1,Monthly routine usage
426,7440571a-841a-11ed-aa7c-7003bca91a86,others,173,OT-0003,Hull below waterline,ltr,CONSUME,-3.00,-3.00,ltr,39.00,10-May-2025 14:59,UTC,2025-05-10 14:59:00,,WO-2025-006,1,Routine maintenance consumption
425,7440571a-841a-11ed-aa7c-7003bca91a86,stores,144,IT-0004,Cutting Disc (Angle Grinder),pcs,CONSUME,-1.00,-1.00,pcs,34.00,10-May-2025 14:31,UTC,2025-05-10 14:31:00,,WO-2025-012,1,Monthly routine usage
424,7440571a-841a-11ed-aa7c-7003bca91a86,chemicals,166,CH-0006,Tank Cleaning Chemical (Alkaline),ltr,CONSUME,-8.00,-8.00,ltr,15.00,10-May-2025 10:20,UTC,2025-05-10 10:20:00,,WO-2025-007,1,Regular operational consumption
3662,7440571a-841a-11ed-aa7c-7003bca91a86,lubes,151,LU-0001,Main Engine Cylinder Oil,ltr,CONSUME,-92.60,-92.60,ltr,0.00,10-May-2025 09:05,UTC,2025-05-10 09:05:00,,,6084f3b8-85dc-462a-b045-111d2b2e6d0e,Daily cylinder oil consumption - 92.6 ltr
423,7440571a-841a-11ed-aa7c-7003bca91a86,chemicals,165,CH-0005,Potable Water Chlorination Chemical,ltr,CONSUME,-8.00,-8.00,ltr,9.00,09-May-2025 14:13,UTC,2025-05-09 14:13:00,,WO-2025-011,1,Routine maintenance consumption
1244,7440571a-841a-11ed-aa7c-7003bca91a86,lubes,153,LU-0003,Auxiliary Engine Lube Oil,ltr,CONSUME,-10.00,-10.00,ltr,3.00,09-May-2025 09:11,UTC,2025-05-09 09:11:00,,WO-2025-006,1,Regular operational consumption
3661,7440571a-841a-11ed-aa7c-7003bca91a86,lubes,151,LU-0001,Main Engine Cylinder Oil,ltr,CONSUME,-100.40,-100.40,ltr,0.00,09-May-2025 08:14,UTC,2025-05-09 08:14:00,,,228b5256-5bd2-4bf3-826f-c6fe76571449,Daily cylinder oil consumption - 100.4 ltr
422,7440571a-841a-11ed-aa7c-7003bca91a86,chemicals,162,CH-0002,Lube Oil Treatment Chemical,ltr,CONSUME,-7.00,-7.00,ltr,11.00,08-May-2025 20:32,UTC,2025-05-08 20:32:00,,WO-2025-002,1,Hull maintenance work
1243,7440571a-841a-11ed-aa7c-7003bca91a86,lubes,151,LU-0001,Main Engine Cylinder Oil,ltr,CONSUME,-12.00,-12.00,ltr,43.00,08-May-2025 18:06,UTC,2025-05-08 18:06:00,,WO-2025-001,1,Routine maintenance consumption
1242,7440571a-841a-11ed-aa7c-7003bca91a86,lubes,151,LU-0001,Main Engine Cylinder Oil,ltr,CONSUME,-12.00,-12.00,ltr,31.00,08-May-2025 14:53,UTC,2025-05-08 14:53:00,,WO-2025-006,1,Scheduled overhaul requirement
1241,7440571a-841a-11ed-aa7c-7003bca91a86,lubes,154,LU-0004,Turbocharger Lube Oil,ltr,CONSUME,-3.00,-3.00,ltr,16.00,08-May-2025 13:29,UTC,2025-05-08 13:29:00,,WO-2025-004,1,Monthly routine usage
3660,7440571a-841a-11ed-aa7c-7003bca91a86,lubes,151,LU-0001,Main Engine Cylinder Oil,ltr,CONSUME,-110.90,-110.90,ltr,0.00,08-May-2025 08:29,UTC,2025-05-08 08:29:00,,,480b40d0-04bd-4590-a936-2f879b867977,Daily cylinder oil consumption - 110.9 ltr
421,7440571a-841a-11ed-aa7c-7003bca91a86,stores,148,IT-0008,Dust Mask / Respirator Mask,pcs,CONSUME,-3.00,-3.00,pcs,50.00,07-May-2025 15:15,UTC,2025-05-07 15:15:00,,WO-2025-006,1,Quarterly maintenance requirement
420,7440571a-841a-11ed-aa7c-7003bca91a86,others,175,OT-0005,External structures,ltr,CONSUME,-4.00,-4.00,ltr,40.00,07-May-2025 13:21,UTC,2025-05-07 13:21:00,,WO-2025-008,1,Quarterly maintenance requirement
419,7440571a-841a-11ed-aa7c-7003bca91a86,chemicals,163,CH-0003,Boiler Water Treatment Chemical,ltr,CONSUME,-5.00,-5.00,ltr,25.00,07-May-2025 12:50,UTC,2025-05-07 12:50:00,,WO-2025-011,1,Voyage preparation consumption
3659,7440571a-841a-11ed-aa7c-7003bca91a86,lubes,151,LU-0001,Main Engine Cylinder Oil,ltr,CONSUME,-58.40,-58.40,ltr,0.00,07-May-2025 08:03,UTC,2025-05-07 08:03:00,,,228b5256-5bd2-4bf3-826f-c6fe76571449,Daily cylinder oil consumption - 58.4 ltr
418,7440571a-841a-11ed-aa7c-7003bca91a86,chemicals,170,CH-0010,Hand Cleaning Chemical (Industrial Soap),ltr,CONSUME,-2.00,-2.00,ltr,21.00,07-May-2025 07:01,UTC,2025-05-07 07:01:00,,WO-2025-011,1,Machinery space maintenance
417,7440571a-841a-11ed-aa7c-7003bca91a86,stores,146,IT-0006,Safety Goggles (Clear),pcs,CONSUME,-5.00,-5.00,pcs,40.00,06-May-2025 20:07,UTC,2025-05-06 20:07:00,,WO-2025-008,1,Hull maintenance work
416,7440571a-841a-11ed-aa7c-7003bca91a86,chemicals,169,CH-0009,Sewage Treatment Plant Chemical,ltr,CONSUME,-6.00,-6.00,ltr,11.00,06-May-2025 17:39,UTC,2025-05-06 17:39:00,,WO-2025-004,1,Emergency repair usage
415,7440571a-841a-11ed-aa7c-7003bca91a86,chemicals,170,CH-0010,Hand Cleaning Chemical (Industrial Soap),ltr,CONSUME,-5.00,-5.00,ltr,16.00,06-May-2025 16:41,UTC,2025-05-06 16:41:00,,WO-2025-009,1,Navigation equipment maintenance
414,7440571a-841a-11ed-aa7c-7003bca91a86,chemicals,167,CH-0007,Degreasing Chemical,ltr,CONSUME,-3.00,-3.00,ltr,38.00,06-May-2025 14:55,UTC,2025-05-06 14:55:00,,WO-2025-004,1,Port state inspection preparation
3658,7440571a-841a-11ed-aa7c-7003bca91a86,lubes,151,LU-0001,Main Engine Cylinder Oil,ltr,CONSUME,-118.70,-118.70,ltr,0.00,06-May-2025 06:21,UTC,2025-05-06 06:21:00,,,228b5256-5bd2-4bf3-826f-c6fe76571449,Daily cylinder oil consumption - 118.7 ltr
1240,7440571a-841a-11ed-aa7c-7003bca91a86,lubes,160,LU-0010,Multipurpose Grease,ltr,CONSUME,-11.00,-11.00,ltr,13.00,06-May-2025 06:07,UTC,2025-05-06 06:07:00,,WO-2025-006,1,Regular operational consumption
1239,7440571a-841a-11ed-aa7c-7003bca91a86,lubes,151,LU-0001,Main Engine Cylinder Oil,ltr,CONSUME,-5.00,-5.00,ltr,26.00,05-May-2025 17:22,UTC,2025-05-05 17:22:00,,WO-2025-003,1,Monthly routine usage
413,7440571a-841a-11ed-aa7c-7003bca91a86,chemicals,166,CH-0006,Tank Cleaning Chemical (Alkaline),ltr,CONSUME,-2.00,-2.00,ltr,23.00,05-May-2025 15:20,UTC,2025-05-05 15:20:00,,WO-2025-007,1,Safety equipment replenishment
3657,7440571a-841a-11ed-aa7c-7003bca91a86,lubes,151,LU-0001,Main Engine Cylinder Oil,ltr,CONSUME,-88.30,-88.30,ltr,0.00,05-May-2025 07:21,UTC,2025-05-05 07:21:00,,,228b5256-5bd2-4bf3-826f-c6fe76571449,Daily cylinder oil consumption - 88.3 ltr
2229,7440571a-841a-11ed-aa7c-7003bca91a86,chemicals,170,CH-0010,Hand Cleaning Chemical (Industrial Soap),ltr,CONSUME,-1.56,-1.56,ltr,0.00,05-May-2025 00:00,UTC,2025-05-05 00:00:00,,,228b5256-5bd2-4bf3-826f-c6fe76571449,Weekly chemical consumption
2226,7440571a-841a-11ed-aa7c-7003bca91a86,chemicals,161,CH-0001,Fuel Oil Treatment Chemical,ltr,CONSUME,-0.19,-0.19,ltr,0.00,05-May-2025 00:00,UTC,2025-05-05 00:00:00,,,056a433e-b880-43c6-9d59-b1cfe71a4014,Weekly chemical consumption
2227,7440571a-841a-11ed-aa7c-7003bca91a86,chemicals,164,CH-0004,Cooling Water Treatment Chemical,ltr,CONSUME,-1.31,-1.31,ltr,0.00,05-May-2025 00:00,UTC,2025-05-05 00:00:00,,,228b5256-5bd2-4bf3-826f-c6fe76571449,Weekly chemical consumption
2228,7440571a-841a-11ed-aa7c-7003bca91a86,chemicals,165,CH-0005,Potable Water Chlorination Chemical,ltr,CONSUME,-0.94,-0.94,ltr,0.00,05-May-2025 00:00,UTC,2025-05-05 00:00:00,,,480b40d0-04bd-4590-a936-2f879b867977,Weekly chemical consumption
412,7440571a-841a-11ed-aa7c-7003bca91a86,chemicals,164,CH-0004,Cooling Water Treatment Chemical,ltr,CONSUME,-4.00,-4.00,ltr,18.00,04-May-2025 19:16,UTC,2025-05-04 19:16:00,,WO-2025-008,1,Scheduled overhaul requirement
4121,7440571a-841a-11ed-aa7c-7003bca91a86,lubes,159,LU-0009,Refrigeration Compressor Oil,ltr,RECEIVE,1845.50,1845.50,ltr,6845.50,04-May-2025 17:37,UTC,2025-05-04 17:37:00,Piraeus,PO-2025-2533,228b5256-5bd2-4bf3-826f-c6fe76571449,Received at Piraeus
411,7440571a-841a-11ed-aa7c-7003bca91a86,others,171,OT-0001,Steel surface protection,ltr,CONSUME,-2.00,-2.00,ltr,46.00,04-May-2025 13:31,UTC,2025-05-04 13:31:00,,WO-2025-005,1,Engine room maintenance
410,7440571a-841a-11ed-aa7c-7003bca91a86,stores,142,IT-0002,Jeevan,pcs,CONSUME,-2.00,-2.00,pcs,35.00,04-May-2025 11:24,UTC,2025-05-04 11:24:00,,WO-2025-012,1,Quarterly maintenance requirement
1238,7440571a-841a-11ed-aa7c-7003bca91a86,lubes,160,LU-0010,Multipurpose Grease,ltr,CONSUME,-5.00,-5.00,ltr,28.00,04-May-2025 08:52,UTC,2025-05-04 08:52:00,,WO-2025-002,1,Routine maintenance consumption
3656,7440571a-841a-11ed-aa7c-7003bca91a86,lubes,151,LU-0001,Main Engine Cylinder Oil,ltr,CONSUME,-112.80,-112.80,ltr,0.00,04-May-2025 07:30,UTC,2025-05-04 07:30:00,,,6084f3b8-85dc-462a-b045-111d2b2e6d0e,Daily cylinder oil consumption - 112.8 ltr
409,7440571a-841a-11ed-aa7c-7003bca91a86,stores,141,IT-0001,Safety Gloves – Cotton,pcs,CONSUME,-3.00,-3.00,pcs,38.00,03-May-2025 22:15,UTC,2025-05-03 22:15:00,,WO-2025-010,1,Routine maintenance consumption
3655,7440571a-841a-11ed-aa7c-7003bca91a86,lubes,151,LU-0001,Main Engine Cylinder Oil,ltr,CONSUME,-66.90,-66.90,ltr,0.00,03-May-2025 08:15,UTC,2025-05-03 08:15:00,,,056a433e-b880-43c6-9d59-b1cfe71a4014,Daily cylinder oil consumption - 66.9 ltr
1237,7440571a-841a-11ed-aa7c-7003bca91a86,lubes,158,LU-0008,Compressor Oil,ltr,CONSUME,-12.00,-12.00,ltr,15.00,02-May-2025 16:25,UTC,2025-05-02 16:25:00,,WO-2025-003,1,Engine room maintenance
408,7440571a-841a-11ed-aa7c-7003bca91a86,stores,150,IT-0010,Emery Paper / Abrasive Sheet,pcs,CONSUME,-2.00,-2.00,pcs,42.00,02-May-2025 15:13,UTC,2025-05-02 15:13:00,,WO-2025-006,1,Engine room maintenance
407,7440571a-841a-11ed-aa7c-7003bca91a86,stores,143,IT-0003,Grinding Wheel (Grinding Disc),pcs,CONSUME,-4.00,-4.00,pcs,14.00,02-May-2025 13:30,UTC,2025-05-02 13:30:00,,WO-2025-012,1,Scheduled overhaul requirement
3654,7440571a-841a-11ed-aa7c-7003bca91a86,lubes,151,LU-0001,Main Engine Cylinder Oil,ltr,CONSUME,-94.50,-94.50,ltr,0.00,02-May-2025 09:42,UTC,2025-05-02 09:42:00,,,228b5256-5bd2-4bf3-826f-c6fe76571449,Daily cylinder oil consumption - 94.5 ltr
1236,7440571a-841a-11ed-aa7c-7003bca91a86,lubes,160,LU-0010,Multipurpose Grease,ltr,CONSUME,-4.00,-4.00,ltr,24.00,02-May-2025 08:30,UTC,2025-05-02 08:30:00,,WO-2025-001,1,Routine maintenance consumption
3653,7440571a-841a-11ed-aa7c-7003bca91a86,lubes,151,LU-0001,Main Engine Cylinder Oil,ltr,CONSUME,-74.10,-74.10,ltr,0.00,01-May-2025 08:43,UTC,2025-05-01 08:43:00,,,056a433e-b880-43c6-9d59-b1cfe71a4014,Daily cylinder oil consumption - 74.1 ltr
1235,7440571a-841a-11ed-aa7c-7003bca91a86,lubes,156,LU-0006,Gear Oil,ltr,CONSUME,-3.00,-3.00,ltr,22.00,01-May-2025 08:18,UTC,2025-05-01 08:18:00,,WO-2025-001,1,Routine maintenance consumption
2223,7440571a-841a-11ed-aa7c-7003bca91a86,stores,145,IT-0005,Welding Electrodes (General Purpose),pcs,CONSUME,-2.58,-2.58,pcs,0.00,01-May-2025 00:00,UTC,2025-05-01 00:00:00,,,6084f3b8-85dc-462a-b045-111d2b2e6d0e,General stores consumption
2222,7440571a-841a-11ed-aa7c-7003bca91a86,stores,144,IT-0004,Cutting Disc (Angle Grinder),pcs,CONSUME,-1.67,-1.67,pcs,0.00,01-May-2025 00:00,UTC,2025-05-01 00:00:00,,,480b40d0-04bd-4590-a936-2f879b867977,General stores consumption
2224,7440571a-841a-11ed-aa7c-7003bca91a86,stores,175,OT-0005,External structures,ltr,CONSUME,-2.22,-2.22,ltr,0.00,01-May-2025 00:00,UTC,2025-05-01 00:00:00,,,6084f3b8-85dc-462a-b045-111d2b2e6d0e,General stores consumption
2225,7440571a-841a-11ed-aa7c-7003bca91a86,stores,178,OT-0008,"Pipes, tanks, machinery",ltr,CONSUME,-1.61,-1.61,ltr,0.00,01-May-2025 00:00,UTC,2025-05-01 00:00:00,,,480b40d0-04bd-4590-a936-2f879b867977,General stores consumption
406,7440571a-841a-11ed-aa7c-7003bca91a86,chemicals,167,CH-0007,Degreasing Chemical,ltr,CONSUME,-7.00,-7.00,ltr,18.00,30-Apr-2025 22:33,UTC,2025-04-30 22:33:00,,WO-2025-007,1,Machinery space maintenance
405,7440571a-841a-11ed-aa7c-7003bca91a86,others,177,OT-0007,"Bilges, chain lockers",ltr,CONSUME,-3.00,-3.00,ltr,45.00,30-Apr-2025 18:48,UTC,2025-04-30 18:48:00,,WO-2025-006,1,Machinery space maintenance
404,7440571a-841a-11ed-aa7c-7003bca91a86,chemicals,164,CH-0004,Cooling Water Treatment Chemical,ltr,RECEIVE,14.00,14.00,ltr,22.00,30-Apr-2025 16:20,UTC,2025-04-30 16:20:00,Colombo,PO-2025-105,1,Supply received per PO
403,7440571a-841a-11ed-aa7c-7003bca91a86,chemicals,169,CH-0009,Sewage Treatment Plant Chemical,ltr,CONSUME,-8.00,-8.00,ltr,15.00,30-Apr-2025 15:34,UTC,2025-04-30 15:34:00,,WO-2025-002,1,Engine room maintenance
1234,7440571a-841a-11ed-aa7c-7003bca91a86,lubes,158,LU-0008,Compressor Oil,ltr,RECEIVE,32.00,32.00,ltr,33.00,30-Apr-2025 14:45,UTC,2025-04-30 14:45:00,Rotterdam,PO-2025-104,1,Quarterly supply order
402,7440571a-841a-11ed-aa7c-7003bca91a86,stores,145,IT-0005,Welding Electrodes (General Purpose),pcs,CONSUME,-1.00,-1.00,pcs,17.00,30-Apr-2025 13:57,UTC,2025-04-30 13:57:00,,WO-2025-010,1,Safety equipment replenishment
401,7440571a-841a-11ed-aa7c-7003bca91a86,stores,150,IT-0010,Emery Paper / Abrasive Sheet,pcs,RECEIVE,14.00,14.00,pcs,47.00,30-Apr-2025 11:27,UTC,2025-04-30 11:27:00,Singapore,PO-2025-103,1,Quarterly supply order
1233,7440571a-841a-11ed-aa7c-7003bca91a86,lubes,155,LU-0005,Hydraulic Oil,ltr,CONSUME,-11.00,-11.00,ltr,43.00,30-Apr-2025 09:29,UTC,2025-04-30 09:29:00,,WO-2025-004,1,Monthly routine usage
400,7440571a-841a-11ed-aa7c-7003bca91a86,stores,148,IT-0008,Dust Mask / Respirator Mask,pcs,RECEIVE,25.00,25.00,pcs,53.00,30-Apr-2025 08:43,UTC,2025-04-30 08:43:00,Mumbai,PO-2025-107,1,Annual stock replenishment
399,7440571a-841a-11ed-aa7c-7003bca91a86,chemicals,165,CH-0005,Potable Water Chlorination Chemical,ltr,CONSUME,-7.00,-7.00,ltr,12.00,30-Apr-2025 07:04,UTC,2025-04-30 07:04:00,,WO-2025-009,1,Scheduled overhaul requirement
3652,7440571a-841a-11ed-aa7c-7003bca91a86,lubes,151,LU-0001,Main Engine Cylinder Oil,ltr,CONSUME,-112.20,-112.20,ltr,0.00,30-Apr-2025 06:57,UTC,2025-04-30 06:57:00,,,6084f3b8-85dc-462a-b045-111d2b2e6d0e,Daily cylinder oil consumption - 112.2 ltr
398,7440571a-841a-11ed-aa7c-7003bca91a86,chemicals,168,CH-0008,Rust Remover / Descaling Chemical,ltr,CONSUME,-6.00,-6.00,ltr,11.00,29-Apr-2025 22:43,UTC,2025-04-29 22:43:00,,WO-2025-009,1,Deck maintenance work
397,7440571a-841a-11ed-aa7c-7003bca91a86,chemicals,167,CH-0007,Degreasing Chemical,ltr,CONSUME,-3.00,-3.00,ltr,25.00,29-Apr-2025 21:28,UTC,2025-04-29 21:28:00,,WO-2025-004,1,Deck maintenance work
3651,7440571a-841a-11ed-aa7c-7003bca91a86,lubes,151,LU-0001,Main Engine Cylinder Oil,ltr,CONSUME,-63.30,-63.30,ltr,0.00,29-Apr-2025 09:17,UTC,2025-04-29 09:17:00,,,228b5256-5bd2-4bf3-826f-c6fe76571449,Daily cylinder oil consumption - 63.3 ltr
396,7440571a-841a-11ed-aa7c-7003bca91a86,chemicals,162,CH-0002,Lube Oil Treatment Chemical,ltr,RECEIVE,15.00,15.00,ltr,25.00,28-Apr-2025 09:52,UTC,2025-04-28 09:52:00,Durban,PO-2025-107,1,Quarterly supply order
3650,7440571a-841a-11ed-aa7c-7003bca91a86,lubes,151,LU-0001,Main Engine Cylinder Oil,ltr,CONSUME,-97.60,-97.60,ltr,0.00,28-Apr-2025 07:01,UTC,2025-04-28 07:01:00,,,480b40d0-04bd-4590-a936-2f879b867977,Daily cylinder oil consumption - 97.6 ltr
2219,7440571a-841a-11ed-aa7c-7003bca91a86,chemicals,162,CH-0002,Lube Oil Treatment Chemical,ltr,CONSUME,-0.29,-0.29,ltr,0.00,28-Apr-2025 00:00,UTC,2025-04-28 00:00:00,,,056a433e-b880-43c6-9d59-b1cfe71a4014,Weekly chemical consumption
2221,7440571a-841a-11ed-aa7c-7003bca91a86,chemicals,169,CH-0009,Sewage Treatment Plant Chemical,ltr,CONSUME,-1.54,-1.54,ltr,0.00,28-Apr-2025 00:00,UTC,2025-04-28 00:00:00,,,480b40d0-04bd-4590-a936-2f879b867977,Weekly chemical consumption
2220,7440571a-841a-11ed-aa7c-7003bca91a86,chemicals,164,CH-0004,Cooling Water Treatment Chemical,ltr,CONSUME,-0.13,-0.13,ltr,0.00,28-Apr-2025 00:00,UTC,2025-04-28 00:00:00,,,480b40d0-04bd-4590-a936-2f879b867977,Weekly chemical consumption
395,7440571a-841a-11ed-aa7c-7003bca91a86,stores,149,IT-0009,Cotton Waste / Cleaning Rags,pcs,CONSUME,-1.00,-1.00,pcs,41.00,27-Apr-2025 21:16,UTC,2025-04-27 21:16:00,,WO-2025-003,1,Quarterly maintenance requirement
394,7440571a-841a-11ed-aa7c-7003bca91a86,chemicals,168,CH-0008,Rust Remover / Descaling Chemical,ltr,RECEIVE,16.00,16.00,ltr,24.00,27-Apr-2025 14:36,UTC,2025-04-27 14:36:00,Fujairah,PO-2025-103,1,Top-up supply received
3649,7440571a-841a-11ed-aa7c-7003bca91a86,lubes,151,LU-0001,Main Engine Cylinder Oil,ltr,CONSUME,-119.10,-119.10,ltr,0.00,27-Apr-2025 09:16,UTC,2025-04-27 09:16:00,,,6084f3b8-85dc-462a-b045-111d2b2e6d0e,Daily cylinder oil consumption - 119.1 ltr
393,7440571a-841a-11ed-aa7c-7003bca91a86,chemicals,167,CH-0007,Degreasing Chemical,ltr,RECEIVE,23.00,23.00,ltr,41.00,26-Apr-2025 14:01,UTC,2025-04-26 14:01:00,Las Palmas,PO-2025-105,1,Top-up supply received
392,7440571a-841a-11ed-aa7c-7003bca91a86,chemicals,161,CH-0001,Fuel Oil Treatment Chemical,ltr,CONSUME,-5.00,-5.00,ltr,3.00,26-Apr-2025 11:31,UTC,2025-04-26 11:31:00,,WO-2025-006,1,Machinery space maintenance
3648,7440571a-841a-11ed-aa7c-7003bca91a86,lubes,151,LU-0001,Main Engine Cylinder Oil,ltr,CONSUME,-78.30,-78.30,ltr,0.00,26-Apr-2025 07:28,UTC,2025-04-26 07:28:00,,,480b40d0-04bd-4590-a936-2f879b867977,Daily cylinder oil consumption - 78.3 ltr
391,7440571a-841a-11ed-aa7c-7003bca91a86,chemicals,161,CH-0001,Fuel Oil Treatment Chemical,ltr,CONSUME,-8.00,-8.00,ltr,10.00,26-Apr-2025 06:08,UTC,2025-04-26 06:08:00,,WO-2025-011,1,Quarterly maintenance requirement
2743,7440571a-841a-11ed-aa7c-7003bca91a86,stores,155,LU-0005,Hydraulic Oil,ltr,RECEIVE,9.14,9.14,ltr,51.19,26-Apr-2025 00:00,UTC,2025-04-26 00:00:00,Jebel Ali,PO-2025-1111,228b5256-5bd2-4bf3-826f-c6fe76571449,Received at Jebel Ali
2745,7440571a-841a-11ed-aa7c-7003bca91a86,chemicals,165,CH-0005,Potable Water Chlorination Chemical,ltr,RECEIVE,15.68,15.68,ltr,208.24,26-Apr-2025 00:00,UTC,2025-04-26 00:00:00,Jebel Ali,PO-2025-5312,228b5256-5bd2-4bf3-826f-c6fe76571449,Received at Jebel Ali
2746,7440571a-841a-11ed-aa7c-7003bca91a86,stores,174,OT-0004,Waterline area,ltr,RECEIVE,14.05,14.05,ltr,165.12,26-Apr-2025 00:00,UTC,2025-04-26 00:00:00,Jebel Ali,PO-2025-7495,228b5256-5bd2-4bf3-826f-c6fe76571449,Received at Jebel Ali
2747,7440571a-841a-11ed-aa7c-7003bca91a86,stores,175,OT-0005,External structures,ltr,RECEIVE,46.01,46.01,ltr,242.61,26-Apr-2025 00:00,UTC,2025-04-26 00:00:00,Jebel Ali,PO-2025-8581,228b5256-5bd2-4bf3-826f-c6fe76571449,Received at Jebel Ali
2748,7440571a-841a-11ed-aa7c-7003bca91a86,stores,178,OT-0008,"Pipes, tanks, machinery",ltr,RECEIVE,11.89,11.89,ltr,283.69,26-Apr-2025 00:00,UTC,2025-04-26 00:00:00,Jebel Ali,PO-2025-0216,228b5256-5bd2-4bf3-826f-c6fe76571449,Received at Jebel Ali
2749,7440571a-841a-11ed-aa7c-7003bca91a86,stores,180,OT-0010,"Pipelines, safety markings",ltr,RECEIVE,10.46,10.46,ltr,255.13,26-Apr-2025 00:00,UTC,2025-04-26 00:00:00,Jebel Ali,PO-2025-4110,228b5256-5bd2-4bf3-826f-c6fe76571449,Received at Jebel Ali
2750,7440571a-841a-11ed-aa7c-7003bca91a86,stores,151,LU-0001,Main Engine Cylinder Oil,ltr,RECEIVE,54.84,54.84,ltr,351.94,26-Apr-2025 00:00,UTC,2025-04-26 00:00:00,Jebel Ali,PO-2025-5509,228b5256-5bd2-4bf3-826f-c6fe76571449,Received at Jebel Ali
2740,7440571a-841a-11ed-aa7c-7003bca91a86,stores,144,IT-0004,Cutting Disc (Angle Grinder),pcs,RECEIVE,44.91,44.91,pcs,147.04,26-Apr-2025 00:00,UTC,2025-04-26 00:00:00,Jebel Ali,PO-2025-2161,228b5256-5bd2-4bf3-826f-c6fe76571449,Received at Jebel Ali
2741,7440571a-841a-11ed-aa7c-7003bca91a86,stores,149,IT-0009,Cotton Waste / Cleaning Rags,pcs,RECEIVE,6.17,6.17,pcs,216.43,26-Apr-2025 00:00,UTC,2025-04-26 00:00:00,Jebel Ali,PO-2025-6698,228b5256-5bd2-4bf3-826f-c6fe76571449,Received at Jebel Ali
2742,7440571a-841a-11ed-aa7c-7003bca91a86,stores,152,LU-0002,Main Engine System Oil,ltr,RECEIVE,32.74,32.74,ltr,228.53,26-Apr-2025 00:00,UTC,2025-04-26 00:00:00,Jebel Ali,PO-2025-6868,228b5256-5bd2-4bf3-826f-c6fe76571449,Received at Jebel Ali
2744,7440571a-841a-11ed-aa7c-7003bca91a86,chemicals,161,CH-0001,Fuel Oil Treatment Chemical,ltr,RECEIVE,29.24,29.24,ltr,113.58,26-Apr-2025 00:00,UTC,2025-04-26 00:00:00,Jebel Ali,PO-2025-8325,228b5256-5bd2-4bf3-826f-c6fe76571449,Received at Jebel Ali
1232,7440571a-841a-11ed-aa7c-7003bca91a86,lubes,160,LU-0010,Multipurpose Grease,ltr,CONSUME,-3.00,-3.00,ltr,44.00,25-Apr-2025 18:51,UTC,2025-04-25 18:51:00,,WO-2025-005,1,Routine maintenance consumption
1231,7440571a-841a-11ed-aa7c-7003bca91a86,lubes,160,LU-0010,Multipurpose Grease,ltr,CONSUME,-11.00,-11.00,ltr,33.00,25-Apr-2025 18:48,UTC,2025-04-25 18:48:00,,WO-2025-006,1,Monthly routine usage
390,7440571a-841a-11ed-aa7c-7003bca91a86,chemicals,161,CH-0001,Fuel Oil Treatment Chemical,ltr,RECEIVE,23.00,23.00,ltr,24.00,25-Apr-2025 14:18,UTC,2025-04-25 14:18:00,Colombo,PO-2025-105,1,Emergency supply received
389,7440571a-841a-11ed-aa7c-7003bca91a86,stores,146,IT-0006,Safety Goggles (Clear),pcs,CONSUME,-4.00,-4.00,pcs,28.00,25-Apr-2025 13:24,UTC,2025-04-25 13:24:00,,WO-2025-007,1,Deck maintenance work
388,7440571a-841a-11ed-aa7c-7003bca91a86,stores,146,IT-0006,Safety Goggles (Clear),pcs,RECEIVE,17.00,17.00,pcs,45.00,25-Apr-2025 08:48,UTC,2025-04-25 08:48:00,Mumbai,PO-2025-107,1,Quarterly supply order
3647,7440571a-841a-11ed-aa7c-7003bca91a86,lubes,151,LU-0001,Main Engine Cylinder Oil,ltr,CONSUME,-81.90,-81.90,ltr,0.00,25-Apr-2025 06:34,UTC,2025-04-25 06:34:00,,,480b40d0-04bd-4590-a936-2f879b867977,Daily cylinder oil consumption - 81.9 ltr
387,7440571a-841a-11ed-aa7c-7003bca91a86,stores,142,IT-0002,Jeevan,pcs,RECEIVE,17.00,17.00,pcs,37.00,24-Apr-2025 15:58,UTC,2025-04-24 15:58:00,Shanghai,PO-2025-102,1,Annual stock replenishment
386,7440571a-841a-11ed-aa7c-7003bca91a86,chemicals,166,CH-0006,Tank Cleaning Chemical (Alkaline),ltr,RECEIVE,25.00,25.00,ltr,25.00,24-Apr-2025 12:44,UTC,2025-04-24 12:44:00,Colombo,PO-2025-105,1,Requisition fulfilled
385,7440571a-841a-11ed-aa7c-7003bca91a86,stores,147,IT-0007,Ear Plugs (Disposable),pcs,RECEIVE,15.00,15.00,pcs,41.00,24-Apr-2025 10:52,UTC,2025-04-24 10:52:00,Durban,PO-2025-108,1,Supplier delivery on schedule
384,7440571a-841a-11ed-aa7c-7003bca91a86,chemicals,168,CH-0008,Rust Remover / Descaling Chemical,ltr,CONSUME,-3.00,-3.00,ltr,8.00,24-Apr-2025 10:44,UTC,2025-04-24 10:44:00,,WO-2025-011,1,Scheduled overhaul requirement
383,7440571a-841a-11ed-aa7c-7003bca91a86,chemicals,165,CH-0005,Potable Water Chlorination Chemical,ltr,RECEIVE,13.00,13.00,ltr,21.00,24-Apr-2025 09:45,UTC,2025-04-24 09:45:00,Fujairah,PO-2025-102,1,Port supply delivery
382,7440571a-841a-11ed-aa7c-7003bca91a86,stores,145,IT-0005,Welding Electrodes (General Purpose),pcs,CONSUME,-1.00,-1.00,pcs,23.00,24-Apr-2025 08:48,UTC,2025-04-24 08:48:00,,WO-2025-004,1,Monthly routine usage
3646,7440571a-841a-11ed-aa7c-7003bca91a86,lubes,151,LU-0001,Main Engine Cylinder Oil,ltr,CONSUME,-103.90,-103.90,ltr,0.00,24-Apr-2025 06:17,UTC,2025-04-24 06:17:00,,,480b40d0-04bd-4590-a936-2f879b867977,Daily cylinder oil consumption - 103.9 ltr
1230,7440571a-841a-11ed-aa7c-7003bca91a86,lubes,156,LU-0006,Gear Oil,ltr,CONSUME,-7.00,-7.00,ltr,52.00,23-Apr-2025 21:48,UTC,2025-04-23 21:48:00,,WO-2025-004,1,Scheduled overhaul requirement
381,7440571a-841a-11ed-aa7c-7003bca91a86,chemicals,164,CH-0004,Cooling Water Treatment Chemical,ltr,CONSUME,-7.00,-7.00,ltr,8.00,23-Apr-2025 15:45,UTC,2025-04-23 15:45:00,,WO-2025-008,1,Scheduled overhaul requirement
1229,7440571a-841a-11ed-aa7c-7003bca91a86,lubes,156,LU-0006,Gear Oil,ltr,CONSUME,-12.00,-12.00,ltr,35.00,23-Apr-2025 15:08,UTC,2025-04-23 15:08:00,,WO-2025-005,1,Scheduled overhaul requirement
380,7440571a-841a-11ed-aa7c-7003bca91a86,stores,149,IT-0009,Cotton Waste / Cleaning Rags,pcs,RECEIVE,19.00,19.00,pcs,52.00,23-Apr-2025 11:54,UTC,2025-04-23 11:54:00,Busan,PO-2025-101,1,Supplier delivery on schedule
3645,7440571a-841a-11ed-aa7c-7003bca91a86,lubes,151,LU-0001,Main Engine Cylinder Oil,ltr,CONSUME,-85.70,-85.70,ltr,0.00,23-Apr-2025 06:29,UTC,2025-04-23 06:29:00,,,228b5256-5bd2-4bf3-826f-c6fe76571449,Daily cylinder oil consumption - 85.7 ltr
379,7440571a-841a-11ed-aa7c-7003bca91a86,chemicals,169,CH-0009,Sewage Treatment Plant Chemical,ltr,CONSUME,-5.00,-5.00,ltr,10.00,22-Apr-2025 19:56,UTC,2025-04-22 19:56:00,,WO-2025-002,1,Engine room maintenance
1228,7440571a-841a-11ed-aa7c-7003bca91a86,lubes,158,LU-0008,Compressor Oil,ltr,CONSUME,-10.00,-10.00,ltr,17.00,22-Apr-2025 17:32,UTC,2025-04-22 17:32:00,,WO-2025-004,1,Monthly routine usage
378,7440571a-841a-11ed-aa7c-7003bca91a86,stores,144,IT-0004,Cutting Disc (Angle Grinder),pcs,CONSUME,-2.00,-2.00,pcs,22.00,22-Apr-2025 11:00,UTC,2025-04-22 11:00:00,,WO-2025-005,1,Regular operational consumption
377,7440571a-841a-11ed-aa7c-7003bca91a86,chemicals,169,CH-0009,Sewage Treatment Plant Chemical,ltr,RECEIVE,25.00,25.00,ltr,35.00,22-Apr-2025 08:43,UTC,2025-04-22 08:43:00,Las Palmas,PO-2025-108,1,Quarterly supply order
3644,7440571a-841a-11ed-aa7c-7003bca91a86,lubes,151,LU-0001,Main Engine Cylinder Oil,ltr,CONSUME,-54.90,-54.90,ltr,0.00,22-Apr-2025 08:29,UTC,2025-04-22 08:29:00,,,6084f3b8-85dc-462a-b045-111d2b2e6d0e,Daily cylinder oil consumption - 54.9 ltr
1227,7440571a-841a-11ed-aa7c-7003bca91a86,lubes,158,LU-0008,Compressor Oil,ltr,CONSUME,-5.00,-5.00,ltr,1.00,21-Apr-2025 22:58,UTC,2025-04-21 22:58:00,,WO-2025-003,1,Regular operational consumption
376,7440571a-841a-11ed-aa7c-7003bca91a86,stores,145,IT-0005,Welding Electrodes (General Purpose),pcs,CONSUME,-5.00,-5.00,pcs,18.00,21-Apr-2025 22:56,UTC,2025-04-21 22:56:00,,WO-2025-008,1,Machinery space maintenance
375,7440571a-841a-11ed-aa7c-7003bca91a86,stores,142,IT-0002,Jeevan,pcs,CONSUME,-5.00,-5.00,pcs,25.00,21-Apr-2025 21:09,UTC,2025-04-21 21:09:00,,WO-2025-006,1,Navigation equipment maintenance
374,7440571a-841a-11ed-aa7c-7003bca91a86,stores,144,IT-0004,Cutting Disc (Angle Grinder),pcs,RECEIVE,16.00,16.00,pcs,38.00,21-Apr-2025 15:33,UTC,2025-04-21 15:33:00,Durban,PO-2025-101,1,Supplier delivery on schedule
373,7440571a-841a-11ed-aa7c-7003bca91a86,stores,141,IT-0001,Safety Gloves – Cotton,pcs,RECEIVE,23.00,23.00,pcs,54.00,21-Apr-2025 13:40,UTC,2025-04-21 13:40:00,Shanghai,PO-2025-104,1,Annual stock replenishment
372,7440571a-841a-11ed-aa7c-7003bca91a86,chemicals,170,CH-0010,Hand Cleaning Chemical (Industrial Soap),ltr,RECEIVE,23.00,23.00,ltr,23.00,21-Apr-2025 10:45,UTC,2025-04-21 10:45:00,Singapore,PO-2025-105,1,Requisition fulfilled
371,7440571a-841a-11ed-aa7c-7003bca91a86,stores,145,IT-0005,Welding Electrodes (General Purpose),pcs,RECEIVE,14.00,14.00,pcs,31.00,21-Apr-2025 08:16,UTC,2025-04-21 08:16:00,Jebel Ali,PO-2025-106,1,Emergency supply received
3643,7440571a-841a-11ed-aa7c-7003bca91a86,lubes,151,LU-0001,Main Engine Cylinder Oil,ltr,CONSUME,-73.80,-73.80,ltr,0.00,21-Apr-2025 08:09,UTC,2025-04-21 08:09:00,,,228b5256-5bd2-4bf3-826f-c6fe76571449,Daily cylinder oil consumption - 73.8 ltr
2218,7440571a-841a-11ed-aa7c-7003bca91a86,chemicals,170,CH-0010,Hand Cleaning Chemical (Industrial Soap),ltr,CONSUME,-1.26,-1.26,ltr,0.00,21-Apr-2025 00:00,UTC,2025-04-21 00:00:00,,,228b5256-5bd2-4bf3-826f-c6fe76571449,Weekly chemical consumption
2217,7440571a-841a-11ed-aa7c-7003bca91a86,chemicals,167,CH-0007,Degreasing Chemical,ltr,CONSUME,-0.98,-0.98,ltr,0.00,21-Apr-2025 00:00,UTC,2025-04-21 00:00:00,,,056a433e-b880-43c6-9d59-b1cfe71a4014,Weekly chemical consumption
2216,7440571a-841a-11ed-aa7c-7003bca91a86,chemicals,165,CH-0005,Potable Water Chlorination Chemical,ltr,CONSUME,-1.29,-1.29,ltr,0.00,21-Apr-2025 00:00,UTC,2025-04-21 00:00:00,,,056a433e-b880-43c6-9d59-b1cfe71a4014,Weekly chemical consumption
2215,7440571a-841a-11ed-aa7c-7003bca91a86,chemicals,162,CH-0002,Lube Oil Treatment Chemical,ltr,CONSUME,-0.23,-0.23,ltr,0.00,21-Apr-2025 00:00,UTC,2025-04-21 00:00:00,,,228b5256-5bd2-4bf3-826f-c6fe76571449,Weekly chemical consumption
370,7440571a-841a-11ed-aa7c-7003bca91a86,stores,147,IT-0007,Ear Plugs (Disposable),pcs,CONSUME,-5.00,-5.00,pcs,27.00,20-Apr-2025 19:31,UTC,2025-04-20 19:31:00,,WO-2025-001,1,Safety equipment replenishment
369,7440571a-841a-11ed-aa7c-7003bca91a86,chemicals,163,CH-0003,Boiler Water Treatment Chemical,ltr,RECEIVE,13.00,13.00,ltr,30.00,20-Apr-2025 16:55,UTC,2025-04-20 16:55:00,Mumbai,PO-2025-106,1,Top-up supply received
368,7440571a-841a-11ed-aa7c-7003bca91a86,stores,143,IT-0003,Grinding Wheel (Grinding Disc),pcs,RECEIVE,10.00,10.00,pcs,18.00,20-Apr-2025 10:10,UTC,2025-04-20 10:10:00,Shanghai,PO-2025-105,1,Supply received per PO
367,7440571a-841a-11ed-aa7c-7003bca91a86,stores,148,IT-0008,Dust Mask / Respirator Mask,pcs,CONSUME,-3.00,-3.00,pcs,29.00,20-Apr-2025 10:03,UTC,2025-04-20 10:03:00,,WO-2025-010,1,Routine maintenance consumption
3642,7440571a-841a-11ed-aa7c-7003bca91a86,lubes,151,LU-0001,Main Engine Cylinder Oil,ltr,CONSUME,-71.00,-71.00,ltr,0.00,20-Apr-2025 07:44,UTC,2025-04-20 07:44:00,,,480b40d0-04bd-4590-a936-2f879b867977,Daily cylinder oil consumption - 71.0 ltr
366,7440571a-841a-11ed-aa7c-7003bca91a86,stores,143,IT-0003,Grinding Wheel (Grinding Disc),pcs,CONSUME,-4.00,-4.00,pcs,13.00,19-Apr-2025 14:27,UTC,2025-04-19 14:27:00,,WO-2025-007,1,Voyage preparation consumption
3641,7440571a-841a-11ed-aa7c-7003bca91a86,lubes,151,LU-0001,Main Engine Cylinder Oil,ltr,CONSUME,-106.70,-106.70,ltr,0.00,19-Apr-2025 06:41,UTC,2025-04-19 06:41:00,,,228b5256-5bd2-4bf3-826f-c6fe76571449,Daily cylinder oil consumption - 106.7 ltr
365,7440571a-841a-11ed-aa7c-7003bca91a86,chemicals,163,CH-0003,Boiler Water Treatment Chemical,ltr,CONSUME,-2.00,-2.00,ltr,17.00,18-Apr-2025 15:48,UTC,2025-04-18 15:48:00,,WO-2025-010,1,Voyage preparation consumption
3640,7440571a-841a-11ed-aa7c-7003bca91a86,lubes,151,LU-0001,Main Engine Cylinder Oil,ltr,CONSUME,-88.20,-88.20,ltr,0.00,18-Apr-2025 07:46,UTC,2025-04-18 07:46:00,,,480b40d0-04bd-4590-a936-2f879b867977,Daily cylinder oil consumption - 88.2 ltr
364,7440571a-841a-11ed-aa7c-7003bca91a86,stores,148,IT-0008,Dust Mask / Respirator Mask,pcs,CONSUME,-1.00,-1.00,pcs,28.00,17-Apr-2025 22:45,UTC,2025-04-17 22:45:00,,WO-2025-002,1,Voyage preparation consumption
363,7440571a-841a-11ed-aa7c-7003bca91a86,stores,150,IT-0010,Emery Paper / Abrasive Sheet,pcs,CONSUME,-1.00,-1.00,pcs,36.00,17-Apr-2025 14:15,UTC,2025-04-17 14:15:00,,WO-2025-010,1,Accommodation maintenance
362,7440571a-841a-11ed-aa7c-7003bca91a86,chemicals,169,CH-0009,Sewage Treatment Plant Chemical,ltr,CONSUME,-2.00,-2.00,ltr,28.00,17-Apr-2025 11:57,UTC,2025-04-17 11:57:00,,WO-2025-006,1,Quarterly maintenance requirement
3639,7440571a-841a-11ed-aa7c-7003bca91a86,lubes,151,LU-0001,Main Engine Cylinder Oil,ltr,CONSUME,-81.10,-81.10,ltr,0.00,17-Apr-2025 08:18,UTC,2025-04-17 08:18:00,,,056a433e-b880-43c6-9d59-b1cfe71a4014,Daily cylinder oil consumption - 81.1 ltr
1226,7440571a-841a-11ed-aa7c-7003bca91a86,lubes,159,LU-0009,Refrigeration Compressor Oil,ltr,CONSUME,-5.00,-5.00,ltr,23.00,16-Apr-2025 19:06,UTC,2025-04-16 19:06:00,,WO-2025-001,1,Scheduled overhaul requirement
361,7440571a-841a-11ed-aa7c-7003bca91a86,chemicals,162,CH-0002,Lube Oil Treatment Chemical,ltr,CONSUME,-3.00,-3.00,ltr,19.00,16-Apr-2025 19:03,UTC,2025-04-16 19:03:00,,WO-2025-004,1,Deck maintenance work
1225,7440571a-841a-11ed-aa7c-7003bca91a86,lubes,156,LU-0006,Gear Oil,ltr,CONSUME,-5.00,-5.00,ltr,47.00,16-Apr-2025 14:52,UTC,2025-04-16 14:52:00,,WO-2025-002,1,Regular operational consumption
3992,7440571a-841a-11ed-aa7c-7003bca91a86,lubes,153,LU-0003,Auxiliary Engine Lube Oil,ltr,CONSUME,-124.60,-124.60,ltr,565.40,16-Apr-2025 10:59,UTC,2025-04-16 10:59:00,,,056a433e-b880-43c6-9d59-b1cfe71a4014,Monthly AE lube oil top-up - 124.6 ltr
3991,7440571a-841a-11ed-aa7c-7003bca91a86,lubes,152,LU-0002,Main Engine System Oil,ltr,CONSUME,-120.80,-120.80,ltr,0.00,16-Apr-2025 10:59,UTC,2025-04-16 10:59:00,,,228b5256-5bd2-4bf3-826f-c6fe76571449,Monthly ME system oil top-up - 120.8 ltr
360,7440571a-841a-11ed-aa7c-7003bca91a86,others,172,OT-0002,"Ballast tanks, machinery spaces",ltr,CONSUME,-2.00,-2.00,ltr,47.00,16-Apr-2025 10:42,UTC,2025-04-16 10:42:00,,WO-2025-005,1,Hull maintenance work
3638,7440571a-841a-11ed-aa7c-7003bca91a86,lubes,151,LU-0001,Main Engine Cylinder Oil,ltr,CONSUME,-64.30,-64.30,ltr,0.00,16-Apr-2025 07:39,UTC,2025-04-16 07:39:00,,,480b40d0-04bd-4590-a936-2f879b867977,Daily cylinder oil consumption - 64.3 ltr
359,7440571a-841a-11ed-aa7c-7003bca91a86,chemicals,162,CH-0002,Lube Oil Treatment Chemical,ltr,CONSUME,-4.00,-4.00,ltr,10.00,15-Apr-2025 20:27,UTC,2025-04-15 20:27:00,,WO-2025-003,1,Port state inspection preparation
358,7440571a-841a-11ed-aa7c-7003bca91a86,stores,149,IT-0009,Cotton Waste / Cleaning Rags,pcs,CONSUME,-4.00,-4.00,pcs,33.00,15-Apr-2025 14:09,UTC,2025-04-15 14:09:00,,WO-2025-011,1,Port state inspection preparation
357,7440571a-841a-11ed-aa7c-7003bca91a86,stores,144,IT-0004,Cutting Disc (Angle Grinder),pcs,CONSUME,-2.00,-2.00,pcs,24.00,15-Apr-2025 12:42,UTC,2025-04-15 12:42:00,,WO-2025-010,1,Hull maintenance work
1224,7440571a-841a-11ed-aa7c-7003bca91a86,lubes,152,LU-0002,Main Engine System Oil,ltr,CONSUME,-6.00,-6.00,ltr,58.00,15-Apr-2025 10:22,UTC,2025-04-15 10:22:00,,WO-2025-003,1,Regular operational consumption
3637,7440571a-841a-11ed-aa7c-7003bca91a86,lubes,151,LU-0001,Main Engine Cylinder Oil,ltr,CONSUME,-113.60,-113.60,ltr,0.00,15-Apr-2025 08:10,UTC,2025-04-15 08:10:00,,,056a433e-b880-43c6-9d59-b1cfe71a4014,Daily cylinder oil consumption - 113.6 ltr
2214,7440571a-841a-11ed-aa7c-7003bca91a86,stores,141,IT-0001,Safety Gloves – Cotton,pcs,CONSUME,-1.04,-1.04,pcs,74.89,15-Apr-2025 00:00,UTC,2025-04-15 00:00:00,,,6084f3b8-85dc-462a-b045-111d2b2e6d0e,General stores consumption
2212,7440571a-841a-11ed-aa7c-7003bca91a86,stores,146,IT-0006,Safety Goggles (Clear),pcs,CONSUME,-3.99,-3.99,pcs,0.00,15-Apr-2025 00:00,UTC,2025-04-15 00:00:00,,,228b5256-5bd2-4bf3-826f-c6fe76571449,General stores consumption
2213,7440571a-841a-11ed-aa7c-7003bca91a86,stores,149,IT-0009,Cotton Waste / Cleaning Rags,pcs,CONSUME,-1.96,-1.96,pcs,0.00,15-Apr-2025 00:00,UTC,2025-04-15 00:00:00,,,6084f3b8-85dc-462a-b045-111d2b2e6d0e,General stores consumption
356,7440571a-841a-11ed-aa7c-7003bca91a86,stores,146,IT-0006,Safety Goggles (Clear),pcs,CONSUME,-4.00,-4.00,pcs,32.00,14-Apr-2025 13:20,UTC,2025-04-14 13:20:00,,WO-2025-003,1,Emergency repair usage
3636,7440571a-841a-11ed-aa7c-7003bca91a86,lubes,151,LU-0001,Main Engine Cylinder Oil,ltr,CONSUME,-58.10,-58.10,ltr,0.00,14-Apr-2025 08:27,UTC,2025-04-14 08:27:00,,,6084f3b8-85dc-462a-b045-111d2b2e6d0e,Daily cylinder oil consumption - 58.1 ltr
2210,7440571a-841a-11ed-aa7c-7003bca91a86,chemicals,168,CH-0008,Rust Remover / Descaling Chemical,ltr,CONSUME,-0.88,-0.88,ltr,0.00,14-Apr-2025 00:00,UTC,2025-04-14 00:00:00,,,480b40d0-04bd-4590-a936-2f879b867977,Weekly chemical consumption
2211,7440571a-841a-11ed-aa7c-7003bca91a86,chemicals,169,CH-0009,Sewage Treatment Plant Chemical,ltr,CONSUME,-0.30,-0.30,ltr,0.00,14-Apr-2025 00:00,UTC,2025-04-14 00:00:00,,,228b5256-5bd2-4bf3-826f-c6fe76571449,Weekly chemical consumption
355,7440571a-841a-11ed-aa7c-7003bca91a86,chemicals,170,CH-0010,Hand Cleaning Chemical (Industrial Soap),ltr,CONSUME,-7.00,-7.00,ltr,4.00,13-Apr-2025 22:29,UTC,2025-04-13 22:29:00,,WO-2025-011,1,Navigation equipment maintenance
354,7440571a-841a-11ed-aa7c-7003bca91a86,stores,144,IT-0004,Cutting Disc (Angle Grinder),pcs,CONSUME,-5.00,-5.00,pcs,29.00,13-Apr-2025 21:28,UTC,2025-04-13 21:28:00,,WO-2025-006,1,Deck maintenance work
353,7440571a-841a-11ed-aa7c-7003bca91a86,chemicals,162,CH-0002,Lube Oil Treatment Chemical,ltr,CONSUME,-5.00,-5.00,ltr,14.00,13-Apr-2025 18:33,UTC,2025-04-13 18:33:00,,WO-2025-006,1,Machinery space maintenance
1223,7440571a-841a-11ed-aa7c-7003bca91a86,lubes,158,LU-0008,Compressor Oil,ltr,CONSUME,-11.00,-11.00,ltr,6.00,13-Apr-2025 15:39,UTC,2025-04-13 15:39:00,,WO-2025-003,1,Engine room maintenance
1222,7440571a-841a-11ed-aa7c-7003bca91a86,lubes,151,LU-0001,Main Engine Cylinder Oil,ltr,CONSUME,-9.00,-9.00,ltr,55.00,13-Apr-2025 15:31,UTC,2025-04-13 15:31:00,,WO-2025-004,1,Routine maintenance consumption
352,7440571a-841a-11ed-aa7c-7003bca91a86,chemicals,163,CH-0003,Boiler Water Treatment Chemical,ltr,CONSUME,-6.00,-6.00,ltr,19.00,13-Apr-2025 13:40,UTC,2025-04-13 13:40:00,,WO-2025-006,1,Scheduled overhaul requirement
351,7440571a-841a-11ed-aa7c-7003bca91a86,stores,145,IT-0005,Welding Electrodes (General Purpose),pcs,CONSUME,-4.00,-4.00,pcs,24.00,13-Apr-2025 10:54,UTC,2025-04-13 10:54:00,,WO-2025-006,1,Machinery space maintenance
3635,7440571a-841a-11ed-aa7c-7003bca91a86,lubes,151,LU-0001,Main Engine Cylinder Oil,ltr,CONSUME,-117.90,-117.90,ltr,0.00,13-Apr-2025 07:14,UTC,2025-04-13 07:14:00,,,228b5256-5bd2-4bf3-826f-c6fe76571449,Daily cylinder oil consumption - 117.9 ltr
1221,7440571a-841a-11ed-aa7c-7003bca91a86,lubes,154,LU-0004,Turbocharger Lube Oil,ltr,CONSUME,-7.00,-7.00,ltr,19.00,13-Apr-2025 06:10,UTC,2025-04-13 06:10:00,,WO-2025-006,1,Monthly routine usage
350,7440571a-841a-11ed-aa7c-7003bca91a86,stores,150,IT-0010,Emery Paper / Abrasive Sheet,pcs,CONSUME,-1.00,-1.00,pcs,35.00,13-Apr-2025 06:08,UTC,2025-04-13 06:08:00,,WO-2025-006,1,Machinery space maintenance
349,7440571a-841a-11ed-aa7c-7003bca91a86,stores,144,IT-0004,Cutting Disc (Angle Grinder),pcs,CONSUME,-3.00,-3.00,pcs,26.00,12-Apr-2025 22:29,UTC,2025-04-12 22:29:00,,WO-2025-003,1,Deck maintenance work
348,7440571a-841a-11ed-aa7c-7003bca91a86,stores,150,IT-0010,Emery Paper / Abrasive Sheet,pcs,CONSUME,-2.00,-2.00,pcs,33.00,12-Apr-2025 18:34,UTC,2025-04-12 18:34:00,,WO-2025-007,1,Hull maintenance work
347,7440571a-841a-11ed-aa7c-7003bca91a86,stores,149,IT-0009,Cotton Waste / Cleaning Rags,pcs,CONSUME,-4.00,-4.00,pcs,37.00,12-Apr-2025 09:48,UTC,2025-04-12 09:48:00,,WO-2025-007,1,Navigation equipment maintenance
3634,7440571a-841a-11ed-aa7c-7003bca91a86,lubes,151,LU-0001,Main Engine Cylinder Oil,ltr,CONSUME,-93.20,-93.20,ltr,0.00,12-Apr-2025 09:40,UTC,2025-04-12 09:40:00,,,6084f3b8-85dc-462a-b045-111d2b2e6d0e,Daily cylinder oil consumption - 93.2 ltr
346,7440571a-841a-11ed-aa7c-7003bca91a86,stores,147,IT-0007,Ear Plugs (Disposable),pcs,CONSUME,-1.00,-1.00,pcs,26.00,11-Apr-2025 19:43,UTC,2025-04-11 19:43:00,,WO-2025-009,1,Safety equipment replenishment
345,7440571a-841a-11ed-aa7c-7003bca91a86,stores,141,IT-0001,Safety Gloves – Cotton,pcs,CONSUME,-1.00,-1.00,pcs,31.00,11-Apr-2025 17:24,UTC,2025-04-11 17:24:00,,WO-2025-002,1,Voyage preparation consumption
344,7440571a-841a-11ed-aa7c-7003bca91a86,chemicals,165,CH-0005,Potable Water Chlorination Chemical,ltr,CONSUME,-4.00,-4.00,ltr,8.00,11-Apr-2025 10:58,UTC,2025-04-11 10:58:00,,WO-2025-007,1,Quarterly maintenance requirement
1220,7440571a-841a-11ed-aa7c-7003bca91a86,lubes,153,LU-0003,Auxiliary Engine Lube Oil,ltr,CONSUME,-8.00,-8.00,ltr,20.00,11-Apr-2025 09:54,UTC,2025-04-11 09:54:00,,WO-2025-001,1,Scheduled overhaul requirement
3633,7440571a-841a-11ed-aa7c-7003bca91a86,lubes,151,LU-0001,Main Engine Cylinder Oil,ltr,CONSUME,-69.60,-69.60,ltr,0.00,11-Apr-2025 07:03,UTC,2025-04-11 07:03:00,,,228b5256-5bd2-4bf3-826f-c6fe76571449,Daily cylinder oil consumption - 69.6 ltr
343,7440571a-841a-11ed-aa7c-7003bca91a86,others,174,OT-0004,Waterline area,ltr,CONSUME,-2.00,-2.00,ltr,43.00,10-Apr-2025 16:48,UTC,2025-04-10 16:48:00,,WO-2025-009,1,Hull maintenance work
342,7440571a-841a-11ed-aa7c-7003bca91a86,others,175,OT-0005,External structures,ltr,CONSUME,-3.00,-3.00,ltr,44.00,10-Apr-2025 14:21,UTC,2025-04-10 14:21:00,,WO-2025-006,1,Accommodation maintenance
3632,7440571a-841a-11ed-aa7c-7003bca91a86,lubes,151,LU-0001,Main Engine Cylinder Oil,ltr,CONSUME,-97.20,-97.20,ltr,0.00,10-Apr-2025 09:42,UTC,2025-04-10 09:42:00,,,228b5256-5bd2-4bf3-826f-c6fe76571449,Daily cylinder oil consumption - 97.2 ltr
341,7440571a-841a-11ed-aa7c-7003bca91a86,chemicals,166,CH-0006,Tank Cleaning Chemical (Alkaline),ltr,CONSUME,-3.00,-3.00,ltr,7.00,09-Apr-2025 09:00,UTC,2025-04-09 09:00:00,,WO-2025-010,1,Safety equipment replenishment
340,7440571a-841a-11ed-aa7c-7003bca91a86,chemicals,166,CH-0006,Tank Cleaning Chemical (Alkaline),ltr,CONSUME,-7.00,-7.00,ltr,0.00,09-Apr-2025 08:55,UTC,2025-04-09 08:55:00,,WO-2025-005,1,Voyage preparation consumption
3631,7440571a-841a-11ed-aa7c-7003bca91a86,lubes,151,LU-0001,Main Engine Cylinder Oil,ltr,CONSUME,-119.80,-119.80,ltr,0.00,09-Apr-2025 07:41,UTC,2025-04-09 07:41:00,,,228b5256-5bd2-4bf3-826f-c6fe76571449,Daily cylinder oil consumption - 119.8 ltr
339,7440571a-841a-11ed-aa7c-7003bca91a86,stores,143,IT-0003,Grinding Wheel (Grinding Disc),pcs,CONSUME,-5.00,-5.00,pcs,8.00,08-Apr-2025 20:25,UTC,2025-04-08 20:25:00,,WO-2025-005,1,Safety equipment replenishment
338,7440571a-841a-11ed-aa7c-7003bca91a86,stores,143,IT-0003,Grinding Wheel (Grinding Disc),pcs,CONSUME,-4.00,-4.00,pcs,17.00,08-Apr-2025 08:38,UTC,2025-04-08 08:38:00,,WO-2025-004,1,Routine maintenance consumption
3630,7440571a-841a-11ed-aa7c-7003bca91a86,lubes,151,LU-0001,Main Engine Cylinder Oil,ltr,CONSUME,-94.40,-94.40,ltr,0.00,08-Apr-2025 08:34,UTC,2025-04-08 08:34:00,,,228b5256-5bd2-4bf3-826f-c6fe76571449,Daily cylinder oil consumption - 94.4 ltr
337,7440571a-841a-11ed-aa7c-7003bca91a86,chemicals,161,CH-0001,Fuel Oil Treatment Chemical,ltr,CONSUME,-2.00,-2.00,ltr,1.00,07-Apr-2025 20:47,UTC,2025-04-07 20:47:00,,WO-2025-004,1,Scheduled overhaul requirement
3629,7440571a-841a-11ed-aa7c-7003bca91a86,lubes,151,LU-0001,Main Engine Cylinder Oil,ltr,CONSUME,-112.90,-112.90,ltr,0.00,07-Apr-2025 08:33,UTC,2025-04-07 08:33:00,,,228b5256-5bd2-4bf3-826f-c6fe76571449,Daily cylinder oil consumption - 112.9 ltr
2209,7440571a-841a-11ed-aa7c-7003bca91a86,chemicals,168,CH-0008,Rust Remover / Descaling Chemical,ltr,CONSUME,-0.36,-0.36,ltr,0.00,07-Apr-2025 00:00,UTC,2025-04-07 00:00:00,,,6084f3b8-85dc-462a-b045-111d2b2e6d0e,Weekly chemical consumption
2206,7440571a-841a-11ed-aa7c-7003bca91a86,chemicals,161,CH-0001,Fuel Oil Treatment Chemical,ltr,CONSUME,-0.70,-0.70,ltr,0.00,07-Apr-2025 00:00,UTC,2025-04-07 00:00:00,,,480b40d0-04bd-4590-a936-2f879b867977,Weekly chemical consumption
2208,7440571a-841a-11ed-aa7c-7003bca91a86,chemicals,167,CH-0007,Degreasing Chemical,ltr,CONSUME,-0.57,-0.57,ltr,0.00,07-Apr-2025 00:00,UTC,2025-04-07 00:00:00,,,056a433e-b880-43c6-9d59-b1cfe71a4014,Weekly chemical consumption
2207,7440571a-841a-11ed-aa7c-7003bca91a86,chemicals,163,CH-0003,Boiler Water Treatment Chemical,ltr,CONSUME,-0.28,-0.28,ltr,0.00,07-Apr-2025 00:00,UTC,2025-04-07 00:00:00,,,6084f3b8-85dc-462a-b045-111d2b2e6d0e,Weekly chemical consumption
1219,7440571a-841a-11ed-aa7c-7003bca91a86,lubes,154,LU-0004,Turbocharger Lube Oil,ltr,CONSUME,-4.00,-4.00,ltr,32.00,06-Apr-2025 15:05,UTC,2025-04-06 15:05:00,,WO-2025-005,1,Engine room maintenance
336,7440571a-841a-11ed-aa7c-7003bca91a86,chemicals,170,CH-0010,Hand Cleaning Chemical (Industrial Soap),ltr,CONSUME,-8.00,-8.00,ltr,0.00,06-Apr-2025 13:07,UTC,2025-04-06 13:07:00,,WO-2025-010,1,Deck maintenance work
4067,7440571a-841a-11ed-aa7c-7003bca91a86,chemicals,166,CH-0006,Tank Cleaning Chemical (Alkaline),ltr,CONSUME,-22.60,-22.60,ltr,4863.50,06-Apr-2025 13:01,UTC,2025-04-06 13:01:00,,,228b5256-5bd2-4bf3-826f-c6fe76571449,Chemical consumption - Tank Cleaning Chemical (Alkaline)
335,7440571a-841a-11ed-aa7c-7003bca91a86,others,173,OT-0003,Hull below waterline,ltr,CONSUME,-4.00,-4.00,ltr,42.00,06-Apr-2025 08:20,UTC,2025-04-06 08:20:00,,WO-2025-006,1,Regular operational consumption
3628,7440571a-841a-11ed-aa7c-7003bca91a86,lubes,151,LU-0001,Main Engine Cylinder Oil,ltr,CONSUME,-81.60,-81.60,ltr,0.00,06-Apr-2025 06:44,UTC,2025-04-06 06:44:00,,,056a433e-b880-43c6-9d59-b1cfe71a4014,Daily cylinder oil consumption - 81.6 ltr
334,7440571a-841a-11ed-aa7c-7003bca91a86,chemicals,161,CH-0001,Fuel Oil Treatment Chemical,ltr,CONSUME,-2.00,-2.00,ltr,8.00,05-Apr-2025 11:37,UTC,2025-04-05 11:37:00,,WO-2025-003,1,Monthly routine usage
333,7440571a-841a-11ed-aa7c-7003bca91a86,chemicals,169,CH-0009,Sewage Treatment Plant Chemical,ltr,CONSUME,-5.00,-5.00,ltr,23.00,05-Apr-2025 11:30,UTC,2025-04-05 11:30:00,,WO-2025-005,1,Routine maintenance consumption
3627,7440571a-841a-11ed-aa7c-7003bca91a86,lubes,151,LU-0001,Main Engine Cylinder Oil,ltr,CONSUME,-84.80,-84.80,ltr,0.00,05-Apr-2025 09:23,UTC,2025-04-05 09:23:00,,,480b40d0-04bd-4590-a936-2f879b867977,Daily cylinder oil consumption - 84.8 ltr
332,7440571a-841a-11ed-aa7c-7003bca91a86,stores,142,IT-0002,Jeevan,pcs,CONSUME,-3.00,-3.00,pcs,20.00,04-Apr-2025 16:19,UTC,2025-04-04 16:19:00,,WO-2025-008,1,Regular operational consumption
3626,7440571a-841a-11ed-aa7c-7003bca91a86,lubes,151,LU-0001,Main Engine Cylinder Oil,ltr,CONSUME,-50.70,-50.70,ltr,0.00,04-Apr-2025 07:33,UTC,2025-04-04 07:33:00,,,056a433e-b880-43c6-9d59-b1cfe71a4014,Daily cylinder oil consumption - 50.7 ltr
331,7440571a-841a-11ed-aa7c-7003bca91a86,stores,142,IT-0002,Jeevan,pcs,CONSUME,-3.00,-3.00,pcs,30.00,03-Apr-2025 18:33,UTC,2025-04-03 18:33:00,,WO-2025-004,1,Port state inspection preparation
1218,7440571a-841a-11ed-aa7c-7003bca91a86,lubes,154,LU-0004,Turbocharger Lube Oil,ltr,CONSUME,-6.00,-6.00,ltr,26.00,03-Apr-2025 13:42,UTC,2025-04-03 13:42:00,,WO-2025-005,1,Engine room maintenance
1217,7440571a-841a-11ed-aa7c-7003bca91a86,lubes,157,LU-0007,Stern Tube Oil,ltr,CONSUME,-8.00,-8.00,ltr,37.00,03-Apr-2025 12:22,UTC,2025-04-03 12:22:00,,WO-2025-006,1,Regular operational consumption
330,7440571a-841a-11ed-aa7c-7003bca91a86,chemicals,164,CH-0004,Cooling Water Treatment Chemical,ltr,CONSUME,-3.00,-3.00,ltr,15.00,03-Apr-2025 09:47,UTC,2025-04-03 09:47:00,,WO-2025-006,1,Port state inspection preparation
3625,7440571a-841a-11ed-aa7c-7003bca91a86,lubes,151,LU-0001,Main Engine Cylinder Oil,ltr,CONSUME,-107.30,-107.30,ltr,0.00,03-Apr-2025 09:29,UTC,2025-04-03 09:29:00,,,6084f3b8-85dc-462a-b045-111d2b2e6d0e,Daily cylinder oil consumption - 107.3 ltr
329,7440571a-841a-11ed-aa7c-7003bca91a86,chemicals,168,CH-0008,Rust Remover / Descaling Chemical,ltr,CONSUME,-4.00,-4.00,ltr,19.00,02-Apr-2025 18:05,UTC,2025-04-02 18:05:00,,WO-2025-009,1,Accommodation maintenance
328,7440571a-841a-11ed-aa7c-7003bca91a86,chemicals,165,CH-0005,Potable Water Chlorination Chemical,ltr,CONSUME,-3.00,-3.00,ltr,19.00,02-Apr-2025 17:25,UTC,2025-04-02 17:25:00,,WO-2025-004,1,Scheduled overhaul requirement
327,7440571a-841a-11ed-aa7c-7003bca91a86,chemicals,170,CH-0010,Hand Cleaning Chemical (Industrial Soap),ltr,CONSUME,-8.00,-8.00,ltr,0.00,02-Apr-2025 17:20,UTC,2025-04-02 17:20:00,,WO-2025-009,1,Monthly routine usage
326,7440571a-841a-11ed-aa7c-7003bca91a86,chemicals,167,CH-0007,Degreasing Chemical,ltr,CONSUME,-2.00,-2.00,ltr,28.00,02-Apr-2025 15:49,UTC,2025-04-02 15:49:00,,WO-2025-002,1,Navigation equipment maintenance
325,7440571a-841a-11ed-aa7c-7003bca91a86,stores,142,IT-0002,Jeevan,pcs,CONSUME,-2.00,-2.00,pcs,23.00,02-Apr-2025 12:50,UTC,2025-04-02 12:50:00,,WO-2025-004,1,Quarterly maintenance requirement
4068,7440571a-841a-11ed-aa7c-7003bca91a86,chemicals,164,CH-0004,Cooling Water Treatment Chemical,ltr,CONSUME,-30.00,-30.00,ltr,4854.50,02-Apr-2025 08:28,UTC,2025-04-02 08:28:00,,,228b5256-5bd2-4bf3-826f-c6fe76571449,Chemical consumption - Cooling Water Treatment Chemical
3624,7440571a-841a-11ed-aa7c-7003bca91a86,lubes,151,LU-0001,Main Engine Cylinder Oil,ltr,CONSUME,-86.20,-86.20,ltr,0.00,02-Apr-2025 06:49,UTC,2025-04-02 06:49:00,,,6084f3b8-85dc-462a-b045-111d2b2e6d0e,Daily cylinder oil consumption - 86.2 ltr
324,7440571a-841a-11ed-aa7c-7003bca91a86,chemicals,168,CH-0008,Rust Remover / Descaling Chemical,ltr,CONSUME,-2.00,-2.00,ltr,17.00,01-Apr-2025 17:32,UTC,2025-04-01 17:32:00,,WO-2025-005,1,Scheduled overhaul requirement
323,7440571a-841a-11ed-aa7c-7003bca91a86,stores,141,IT-0001,Safety Gloves – Cotton,pcs,CONSUME,-5.00,-5.00,pcs,32.00,01-Apr-2025 13:29,UTC,2025-04-01 13:29:00,,WO-2025-009,1,Emergency repair usage
4066,7440571a-841a-11ed-aa7c-7003bca91a86,chemicals,167,CH-0007,Degreasing Chemical,ltr,CONSUME,-29.60,-29.60,ltr,4857.00,01-Apr-2025 12:20,UTC,2025-04-01 12:20:00,,,480b40d0-04bd-4590-a936-2f879b867977,Chemical consumption - Degreasing Chemical
1216,7440571a-841a-11ed-aa7c-7003bca91a86,lubes,157,LU-0007,Stern Tube Oil,ltr,CONSUME,-7.00,-7.00,ltr,30.00,01-Apr-2025 11:53,UTC,2025-04-01 11:53:00,,WO-2025-005,1,Routine maintenance consumption
322,7440571a-841a-11ed-aa7c-7003bca91a86,chemicals,170,CH-0010,Hand Cleaning Chemical (Industrial Soap),ltr,CONSUME,-3.00,-3.00,ltr,0.00,01-Apr-2025 09:39,UTC,2025-04-01 09:39:00,,WO-2025-001,1,Navigation equipment maintenance
3623,7440571a-841a-11ed-aa7c-7003bca91a86,lubes,151,LU-0001,Main Engine Cylinder Oil,ltr,CONSUME,-105.10,-105.10,ltr,0.00,01-Apr-2025 06:21,UTC,2025-04-01 06:21:00,,,6084f3b8-85dc-462a-b045-111d2b2e6d0e,Daily cylinder oil consumption - 105.1 ltr
2201,7440571a-841a-11ed-aa7c-7003bca91a86,stores,148,IT-0008,Dust Mask / Respirator Mask,pcs,CONSUME,-3.07,-3.07,pcs,0.00,01-Apr-2025 00:00,UTC,2025-04-01 00:00:00,,,6084f3b8-85dc-462a-b045-111d2b2e6d0e,General stores consumption
2200,7440571a-841a-11ed-aa7c-7003bca91a86,stores,147,IT-0007,Ear Plugs (Disposable),pcs,CONSUME,-2.58,-2.58,pcs,0.00,01-Apr-2025 00:00,UTC,2025-04-01 00:00:00,,,6084f3b8-85dc-462a-b045-111d2b2e6d0e,General stores consumption
2205,7440571a-841a-11ed-aa7c-7003bca91a86,stores,180,OT-0010,"Pipelines, safety markings",ltr,CONSUME,-2.24,-2.24,ltr,0.00,01-Apr-2025 00:00,UTC,2025-04-01 00:00:00,,,228b5256-5bd2-4bf3-826f-c6fe76571449,General stores consumption
2204,7440571a-841a-11ed-aa7c-7003bca91a86,stores,179,OT-0009,Weather decks,ltr,CONSUME,-2.89,-2.89,ltr,0.00,01-Apr-2025 00:00,UTC,2025-04-01 00:00:00,,,6084f3b8-85dc-462a-b045-111d2b2e6d0e,General stores consumption
2203,7440571a-841a-11ed-aa7c-7003bca91a86,stores,178,OT-0008,"Pipes, tanks, machinery",ltr,CONSUME,-2.40,-2.40,ltr,0.00,01-Apr-2025 00:00,UTC,2025-04-01 00:00:00,,,056a433e-b880-43c6-9d59-b1cfe71a4014,General stores consumption
2202,7440571a-841a-11ed-aa7c-7003bca91a86,stores,149,IT-0009,Cotton Waste / Cleaning Rags,pcs,CONSUME,-2.02,-2.02,pcs,0.00,01-Apr-2025 00:00,UTC,2025-04-01 00:00:00,,,056a433e-b880-43c6-9d59-b1cfe71a4014,General stores consumption
1215,7440571a-841a-11ed-aa7c-7003bca91a86,lubes,156,LU-0006,Gear Oil,ltr,CONSUME,-4.00,-4.00,ltr,34.00,31-Mar-2025 19:35,UTC,2025-03-31 19:35:00,,WO-2025-005,1,Regular operational consumption
321,7440571a-841a-11ed-aa7c-7003bca91a86,chemicals,163,CH-0003,Boiler Water Treatment Chemical,ltr,CONSUME,-5.00,-5.00,ltr,25.00,31-Mar-2025 15:33,UTC,2025-03-31 15:33:00,,WO-2025-001,1,Navigation equipment maintenance
320,7440571a-841a-11ed-aa7c-7003bca91a86,chemicals,170,CH-0010,Hand Cleaning Chemical (Industrial Soap),ltr,CONSUME,-8.00,-8.00,ltr,15.00,31-Mar-2025 15:04,UTC,2025-03-31 15:04:00,,WO-2025-011,1,Scheduled overhaul requirement
1214,7440571a-841a-11ed-aa7c-7003bca91a86,lubes,158,LU-0008,Compressor Oil,ltr,RECEIVE,20.00,20.00,ltr,27.00,31-Mar-2025 14:37,UTC,2025-03-31 14:37:00,Jebel Ali,PO-2025-104,1,Requisition fulfilled
319,7440571a-841a-11ed-aa7c-7003bca91a86,others,174,OT-0004,Waterline area,ltr,CONSUME,-3.00,-3.00,ltr,45.00,31-Mar-2025 11:04,UTC,2025-03-31 11:04:00,,WO-2025-002,1,Emergency repair usage
318,7440571a-841a-11ed-aa7c-7003bca91a86,chemicals,167,CH-0007,Degreasing Chemical,ltr,RECEIVE,24.00,24.00,ltr,30.00,31-Mar-2025 08:56,UTC,2025-03-31 08:56:00,Colombo,PO-2025-102,1,Top-up supply received
3622,7440571a-841a-11ed-aa7c-7003bca91a86,lubes,151,LU-0001,Main Engine Cylinder Oil,ltr,CONSUME,-91.90,-91.90,ltr,0.00,31-Mar-2025 06:15,UTC,2025-03-31 06:15:00,,,480b40d0-04bd-4590-a936-2f879b867977,Daily cylinder oil consumption - 91.9 ltr
2197,7440571a-841a-11ed-aa7c-7003bca91a86,chemicals,167,CH-0007,Degreasing Chemical,ltr,CONSUME,-1.17,-1.17,ltr,0.00,31-Mar-2025 00:00,UTC,2025-03-31 00:00:00,,,6084f3b8-85dc-462a-b045-111d2b2e6d0e,Weekly chemical consumption
2199,7440571a-841a-11ed-aa7c-7003bca91a86,chemicals,170,CH-0010,Hand Cleaning Chemical (Industrial Soap),ltr,CONSUME,-2.04,-2.04,ltr,0.00,31-Mar-2025 00:00,UTC,2025-03-31 00:00:00,,,056a433e-b880-43c6-9d59-b1cfe71a4014,Weekly chemical consumption
2198,7440571a-841a-11ed-aa7c-7003bca91a86,chemicals,168,CH-0008,Rust Remover / Descaling Chemical,ltr,CONSUME,-1.91,-1.91,ltr,0.00,31-Mar-2025 00:00,UTC,2025-03-31 00:00:00,,,480b40d0-04bd-4590-a936-2f879b867977,Weekly chemical consumption
2194,7440571a-841a-11ed-aa7c-7003bca91a86,chemicals,163,CH-0003,Boiler Water Treatment Chemical,ltr,CONSUME,-1.45,-1.45,ltr,0.00,31-Mar-2025 00:00,UTC,2025-03-31 00:00:00,,,228b5256-5bd2-4bf3-826f-c6fe76571449,Weekly chemical consumption
2196,7440571a-841a-11ed-aa7c-7003bca91a86,chemicals,165,CH-0005,Potable Water Chlorination Chemical,ltr,CONSUME,-0.51,-0.51,ltr,0.00,31-Mar-2025 00:00,UTC,2025-03-31 00:00:00,,,056a433e-b880-43c6-9d59-b1cfe71a4014,Weekly chemical consumption
2195,7440571a-841a-11ed-aa7c-7003bca91a86,chemicals,164,CH-0004,Cooling Water Treatment Chemical,ltr,CONSUME,-1.55,-1.55,ltr,0.00,31-Mar-2025 00:00,UTC,2025-03-31 00:00:00,,,228b5256-5bd2-4bf3-826f-c6fe76571449,Weekly chemical consumption
1213,7440571a-841a-11ed-aa7c-7003bca91a86,lubes,154,LU-0004,Turbocharger Lube Oil,ltr,CONSUME,-10.00,-10.00,ltr,18.00,30-Mar-2025 20:12,UTC,2025-03-30 20:12:00,,WO-2025-002,1,Routine maintenance consumption
1212,7440571a-841a-11ed-aa7c-7003bca91a86,lubes,160,LU-0010,Multipurpose Grease,ltr,CONSUME,-12.00,-12.00,ltr,20.00,30-Mar-2025 18:38,UTC,2025-03-30 18:38:00,,WO-2025-005,1,Scheduled overhaul requirement
1211,7440571a-841a-11ed-aa7c-7003bca91a86,lubes,152,LU-0002,Main Engine System Oil,ltr,CONSUME,-8.00,-8.00,ltr,29.00,30-Mar-2025 14:06,UTC,2025-03-30 14:06:00,,WO-2025-004,1,Engine room maintenance
317,7440571a-841a-11ed-aa7c-7003bca91a86,stores,145,IT-0005,Welding Electrodes (General Purpose),pcs,CONSUME,-3.00,-3.00,pcs,28.00,30-Mar-2025 12:32,UTC,2025-03-30 12:32:00,,WO-2025-010,1,Machinery space maintenance
1210,7440571a-841a-11ed-aa7c-7003bca91a86,lubes,154,LU-0004,Turbocharger Lube Oil,ltr,CONSUME,-12.00,-12.00,ltr,6.00,30-Mar-2025 08:43,UTC,2025-03-30 08:43:00,,WO-2025-005,1,Routine maintenance consumption
3621,7440571a-841a-11ed-aa7c-7003bca91a86,lubes,151,LU-0001,Main Engine Cylinder Oil,ltr,CONSUME,-120.00,-120.00,ltr,0.00,30-Mar-2025 07:51,UTC,2025-03-30 07:51:00,,,6084f3b8-85dc-462a-b045-111d2b2e6d0e,Daily cylinder oil consumption - 120.0 ltr
316,7440571a-841a-11ed-aa7c-7003bca91a86,chemicals,161,CH-0001,Fuel Oil Treatment Chemical,ltr,CONSUME,-5.00,-5.00,ltr,23.00,29-Mar-2025 21:51,UTC,2025-03-29 21:51:00,,WO-2025-002,1,Safety equipment replenishment
315,7440571a-841a-11ed-aa7c-7003bca91a86,stores,141,IT-0001,Safety Gloves – Cotton,pcs,CONSUME,-3.00,-3.00,pcs,41.00,29-Mar-2025 20:17,UTC,2025-03-29 20:17:00,,WO-2025-001,1,Accommodation maintenance
314,7440571a-841a-11ed-aa7c-7003bca91a86,others,180,OT-0010,"Pipelines, safety markings",ltr,CONSUME,-1.00,-1.00,ltr,49.00,29-Mar-2025 18:24,UTC,2025-03-29 18:24:00,,WO-2025-009,1,Engine room maintenance
313,7440571a-841a-11ed-aa7c-7003bca91a86,chemicals,168,CH-0008,Rust Remover / Descaling Chemical,ltr,CONSUME,-8.00,-8.00,ltr,26.00,29-Mar-2025 17:13,UTC,2025-03-29 17:13:00,,WO-2025-002,1,Navigation equipment maintenance
1209,7440571a-841a-11ed-aa7c-7003bca91a86,lubes,153,LU-0003,Auxiliary Engine Lube Oil,ltr,CONSUME,-12.00,-12.00,ltr,10.00,29-Mar-2025 12:05,UTC,2025-03-29 12:05:00,,WO-2025-001,1,Regular operational consumption
3620,7440571a-841a-11ed-aa7c-7003bca91a86,lubes,151,LU-0001,Main Engine Cylinder Oil,ltr,CONSUME,-65.10,-65.10,ltr,0.00,29-Mar-2025 09:53,UTC,2025-03-29 09:53:00,,,480b40d0-04bd-4590-a936-2f879b867977,Daily cylinder oil consumption - 65.1 ltr
1208,7440571a-841a-11ed-aa7c-7003bca91a86,lubes,155,LU-0005,Hydraulic Oil,ltr,RECEIVE,40.00,40.00,ltr,54.00,29-Mar-2025 08:13,UTC,2025-03-29 08:13:00,Singapore,PO-2025-101,1,Quarterly supply order
312,7440571a-841a-11ed-aa7c-7003bca91a86,chemicals,169,CH-0009,Sewage Treatment Plant Chemical,ltr,CONSUME,-7.00,-7.00,ltr,32.00,29-Mar-2025 06:10,UTC,2025-03-29 06:10:00,,WO-2025-002,1,Monthly routine usage
1207,7440571a-841a-11ed-aa7c-7003bca91a86,lubes,151,LU-0001,Main Engine Cylinder Oil,ltr,CONSUME,-6.00,-6.00,ltr,28.00,28-Mar-2025 09:31,UTC,2025-03-28 09:31:00,,WO-2025-005,1,Monthly routine usage
3619,7440571a-841a-11ed-aa7c-7003bca91a86,lubes,151,LU-0001,Main Engine Cylinder Oil,ltr,CONSUME,-71.70,-71.70,ltr,0.00,28-Mar-2025 06:17,UTC,2025-03-28 06:17:00,,,056a433e-b880-43c6-9d59-b1cfe71a4014,Daily cylinder oil consumption - 71.7 ltr
1206,7440571a-841a-11ed-aa7c-7003bca91a86,lubes,155,LU-0005,Hydraulic Oil,ltr,CONSUME,-6.00,-6.00,ltr,14.00,27-Mar-2025 21:35,UTC,2025-03-27 21:35:00,,WO-2025-001,1,Scheduled overhaul requirement
3618,7440571a-841a-11ed-aa7c-7003bca91a86,lubes,151,LU-0001,Main Engine Cylinder Oil,ltr,CONSUME,-119.10,-119.10,ltr,0.00,27-Mar-2025 08:49,UTC,2025-03-27 08:49:00,,,056a433e-b880-43c6-9d59-b1cfe71a4014,Daily cylinder oil consumption - 119.1 ltr
311,7440571a-841a-11ed-aa7c-7003bca91a86,stores,150,IT-0010,Emery Paper / Abrasive Sheet,pcs,CONSUME,-1.00,-1.00,pcs,37.00,27-Mar-2025 08:40,UTC,2025-03-27 08:40:00,,WO-2025-001,1,Quarterly maintenance requirement
1205,7440571a-841a-11ed-aa7c-7003bca91a86,lubes,154,LU-0004,Turbocharger Lube Oil,ltr,CONSUME,-11.00,-11.00,ltr,28.00,27-Mar-2025 06:42,UTC,2025-03-27 06:42:00,,WO-2025-003,1,Engine room maintenance
2734,7440571a-841a-11ed-aa7c-7003bca91a86,stores,160,LU-0010,Multipurpose Grease,ltr,RECEIVE,47.12,47.12,ltr,329.80,27-Mar-2025 00:00,UTC,2025-03-27 00:00:00,Mumbai,PO-2025-9067,228b5256-5bd2-4bf3-826f-c6fe76571449,Received at Mumbai
2738,7440571a-841a-11ed-aa7c-7003bca91a86,stores,179,OT-0009,Weather decks,ltr,RECEIVE,50.04,50.04,ltr,148.93,27-Mar-2025 00:00,UTC,2025-03-27 00:00:00,Mumbai,PO-2025-6555,228b5256-5bd2-4bf3-826f-c6fe76571449,Received at Mumbai
2737,7440571a-841a-11ed-aa7c-7003bca91a86,stores,177,OT-0007,"Bilges, chain lockers",ltr,RECEIVE,8.27,8.27,ltr,121.78,27-Mar-2025 00:00,UTC,2025-03-27 00:00:00,Mumbai,PO-2025-0955,228b5256-5bd2-4bf3-826f-c6fe76571449,Received at Mumbai
2736,7440571a-841a-11ed-aa7c-7003bca91a86,stores,172,OT-0002,"Ballast tanks, machinery spaces",ltr,RECEIVE,24.09,24.09,ltr,207.47,27-Mar-2025 00:00,UTC,2025-03-27 00:00:00,Mumbai,PO-2025-8475,228b5256-5bd2-4bf3-826f-c6fe76571449,Received at Mumbai
2735,7440571a-841a-11ed-aa7c-7003bca91a86,chemicals,169,CH-0009,Sewage Treatment Plant Chemical,ltr,RECEIVE,21.42,21.42,ltr,174.89,27-Mar-2025 00:00,UTC,2025-03-27 00:00:00,Mumbai,PO-2025-6337,228b5256-5bd2-4bf3-826f-c6fe76571449,Received at Mumbai
2739,7440571a-841a-11ed-aa7c-7003bca91a86,stores,151,LU-0001,Main Engine Cylinder Oil,ltr,RECEIVE,41.63,41.63,ltr,297.10,27-Mar-2025 00:00,UTC,2025-03-27 00:00:00,Mumbai,PO-2025-7134,228b5256-5bd2-4bf3-826f-c6fe76571449,Received at Mumbai
2733,7440571a-841a-11ed-aa7c-7003bca91a86,stores,157,LU-0007,Stern Tube Oil,ltr,RECEIVE,25.04,25.04,ltr,427.53,27-Mar-2025 00:00,UTC,2025-03-27 00:00:00,Mumbai,PO-2025-2864,228b5256-5bd2-4bf3-826f-c6fe76571449,Received at Mumbai
2732,7440571a-841a-11ed-aa7c-7003bca91a86,stores,146,IT-0006,Safety Goggles (Clear),pcs,RECEIVE,41.31,41.31,pcs,310.35,27-Mar-2025 00:00,UTC,2025-03-27 00:00:00,Mumbai,PO-2025-1786,228b5256-5bd2-4bf3-826f-c6fe76571449,Received at Mumbai
2731,7440571a-841a-11ed-aa7c-7003bca91a86,stores,142,IT-0002,Jeevan,pcs,RECEIVE,31.13,31.13,pcs,239.02,27-Mar-2025 00:00,UTC,2025-03-27 00:00:00,Mumbai,PO-2025-6975,228b5256-5bd2-4bf3-826f-c6fe76571449,Received at Mumbai
310,7440571a-841a-11ed-aa7c-7003bca91a86,stores,146,IT-0006,Safety Goggles (Clear),pcs,CONSUME,-2.00,-2.00,pcs,36.00,26-Mar-2025 13:02,UTC,2025-03-26 13:02:00,,WO-2025-004,1,Emergency repair usage
1204,7440571a-841a-11ed-aa7c-7003bca91a86,lubes,156,LU-0006,Gear Oil,ltr,RECEIVE,25.00,25.00,ltr,59.00,26-Mar-2025 13:02,UTC,2025-03-26 13:02:00,Fujairah,PO-2025-102,1,Quarterly supply order
3617,7440571a-841a-11ed-aa7c-7003bca91a86,lubes,151,LU-0001,Main Engine Cylinder Oil,ltr,CONSUME,-61.50,-61.50,ltr,0.00,26-Mar-2025 08:02,UTC,2025-03-26 08:02:00,,,480b40d0-04bd-4590-a936-2f879b867977,Daily cylinder oil consumption - 61.5 ltr
309,7440571a-841a-11ed-aa7c-7003bca91a86,chemicals,168,CH-0008,Rust Remover / Descaling Chemical,ltr,CONSUME,-3.00,-3.00,ltr,34.00,25-Mar-2025 21:16,UTC,2025-03-25 21:16:00,,WO-2025-008,1,Quarterly maintenance requirement
308,7440571a-841a-11ed-aa7c-7003bca91a86,chemicals,168,CH-0008,Rust Remover / Descaling Chemical,ltr,CONSUME,-3.00,-3.00,ltr,23.00,25-Mar-2025 13:12,UTC,2025-03-25 13:12:00,,WO-2025-005,1,Deck maintenance work
1203,7440571a-841a-11ed-aa7c-7003bca91a86,lubes,160,LU-0010,Multipurpose Grease,ltr,RECEIVE,30.00,30.00,ltr,47.00,25-Mar-2025 10:04,UTC,2025-03-25 10:04:00,Colombo,PO-2025-101,1,Port supply delivery
3616,7440571a-841a-11ed-aa7c-7003bca91a86,lubes,151,LU-0001,Main Engine Cylinder Oil,ltr,CONSUME,-111.10,-111.10,ltr,0.00,25-Mar-2025 09:59,UTC,2025-03-25 09:59:00,,,056a433e-b880-43c6-9d59-b1cfe71a4014,Daily cylinder oil consumption - 111.1 ltr
307,7440571a-841a-11ed-aa7c-7003bca91a86,chemicals,170,CH-0010,Hand Cleaning Chemical (Industrial Soap),ltr,CONSUME,-4.00,-4.00,ltr,11.00,25-Mar-2025 07:03,UTC,2025-03-25 07:03:00,,WO-2025-009,1,Hull maintenance work
306,7440571a-841a-11ed-aa7c-7003bca91a86,chemicals,165,CH-0005,Potable Water Chlorination Chemical,ltr,CONSUME,-2.00,-2.00,ltr,22.00,24-Mar-2025 22:15,UTC,2025-03-24 22:15:00,,WO-2025-009,1,Navigation equipment maintenance
305,7440571a-841a-11ed-aa7c-7003bca91a86,chemicals,166,CH-0006,Tank Cleaning Chemical (Alkaline),ltr,CONSUME,-4.00,-4.00,ltr,25.00,24-Mar-2025 21:22,UTC,2025-03-24 21:22:00,,WO-2025-004,1,Engine room maintenance
304,7440571a-841a-11ed-aa7c-7003bca91a86,stores,148,IT-0008,Dust Mask / Respirator Mask,pcs,CONSUME,-4.00,-4.00,pcs,32.00,24-Mar-2025 21:18,UTC,2025-03-24 21:18:00,,WO-2025-001,1,Regular operational consumption
303,7440571a-841a-11ed-aa7c-7003bca91a86,chemicals,167,CH-0007,Degreasing Chemical,ltr,CONSUME,-5.00,-5.00,ltr,13.00,24-Mar-2025 19:17,UTC,2025-03-24 19:17:00,,WO-2025-001,1,Voyage preparation consumption
302,7440571a-841a-11ed-aa7c-7003bca91a86,others,172,OT-0002,"Ballast tanks, machinery spaces",ltr,CONSUME,-1.00,-1.00,ltr,49.00,24-Mar-2025 14:23,UTC,2025-03-24 14:23:00,,WO-2025-001,1,Accommodation maintenance
3615,7440571a-841a-11ed-aa7c-7003bca91a86,lubes,151,LU-0001,Main Engine Cylinder Oil,ltr,CONSUME,-102.50,-102.50,ltr,0.00,24-Mar-2025 08:58,UTC,2025-03-24 08:58:00,,,228b5256-5bd2-4bf3-826f-c6fe76571449,Daily cylinder oil consumption - 102.5 ltr
2192,7440571a-841a-11ed-aa7c-7003bca91a86,chemicals,169,CH-0009,Sewage Treatment Plant Chemical,ltr,CONSUME,-0.99,-0.99,ltr,0.00,24-Mar-2025 00:00,UTC,2025-03-24 00:00:00,,,480b40d0-04bd-4590-a936-2f879b867977,Weekly chemical consumption
2193,7440571a-841a-11ed-aa7c-7003bca91a86,chemicals,170,CH-0010,Hand Cleaning Chemical (Industrial Soap),ltr,CONSUME,-1.04,-1.04,ltr,0.00,24-Mar-2025 00:00,UTC,2025-03-24 00:00:00,,,056a433e-b880-43c6-9d59-b1cfe71a4014,Weekly chemical consumption
2191,7440571a-841a-11ed-aa7c-7003bca91a86,chemicals,164,CH-0004,Cooling Water Treatment Chemical,ltr,CONSUME,-1.68,-1.68,ltr,0.00,24-Mar-2025 00:00,UTC,2025-03-24 00:00:00,,,228b5256-5bd2-4bf3-826f-c6fe76571449,Weekly chemical consumption
1202,7440571a-841a-11ed-aa7c-7003bca91a86,lubes,152,LU-0002,Main Engine System Oil,ltr,RECEIVE,39.00,39.00,ltr,64.00,23-Mar-2025 16:53,UTC,2025-03-23 16:53:00,Singapore,PO-2025-104,1,Supply received per PO
1201,7440571a-841a-11ed-aa7c-7003bca91a86,lubes,156,LU-0006,Gear Oil,ltr,CONSUME,-9.00,-9.00,ltr,38.00,23-Mar-2025 16:42,UTC,2025-03-23 16:42:00,,WO-2025-005,1,Regular operational consumption
301,7440571a-841a-11ed-aa7c-7003bca91a86,chemicals,168,CH-0008,Rust Remover / Descaling Chemical,ltr,CONSUME,-4.00,-4.00,ltr,37.00,23-Mar-2025 10:40,UTC,2025-03-23 10:40:00,,WO-2025-004,1,Port state inspection preparation
1200,7440571a-841a-11ed-aa7c-7003bca91a86,lubes,154,LU-0004,Turbocharger Lube Oil,ltr,RECEIVE,30.00,30.00,ltr,36.00,23-Mar-2025 10:08,UTC,2025-03-23 10:08:00,Shanghai,PO-2025-104,1,Port supply delivery
300,7440571a-841a-11ed-aa7c-7003bca91a86,chemicals,166,CH-0006,Tank Cleaning Chemical (Alkaline),ltr,CONSUME,-2.00,-2.00,ltr,10.00,23-Mar-2025 08:33,UTC,2025-03-23 08:33:00,,WO-2025-004,1,Port state inspection preparation
3614,7440571a-841a-11ed-aa7c-7003bca91a86,lubes,151,LU-0001,Main Engine Cylinder Oil,ltr,CONSUME,-75.20,-75.20,ltr,0.00,23-Mar-2025 08:29,UTC,2025-03-23 08:29:00,,,6084f3b8-85dc-462a-b045-111d2b2e6d0e,Daily cylinder oil consumption - 75.2 ltr
299,7440571a-841a-11ed-aa7c-7003bca91a86,stores,144,IT-0004,Cutting Disc (Angle Grinder),pcs,CONSUME,-1.00,-1.00,pcs,34.00,23-Mar-2025 08:29,UTC,2025-03-23 08:29:00,,WO-2025-004,1,Hull maintenance work
298,7440571a-841a-11ed-aa7c-7003bca91a86,stores,143,IT-0003,Grinding Wheel (Grinding Disc),pcs,CONSUME,-4.00,-4.00,pcs,21.00,22-Mar-2025 20:12,UTC,2025-03-22 20:12:00,,WO-2025-010,1,Quarterly maintenance requirement
1199,7440571a-841a-11ed-aa7c-7003bca91a86,lubes,151,LU-0001,Main Engine Cylinder Oil,ltr,RECEIVE,36.00,36.00,ltr,64.00,22-Mar-2025 09:16,UTC,2025-03-22 09:16:00,Rotterdam,PO-2025-101,1,Supply received per PO
3613,7440571a-841a-11ed-aa7c-7003bca91a86,lubes,151,LU-0001,Main Engine Cylinder Oil,ltr,CONSUME,-105.00,-105.00,ltr,0.00,22-Mar-2025 08:02,UTC,2025-03-22 08:02:00,,,6084f3b8-85dc-462a-b045-111d2b2e6d0e,Daily cylinder oil consumption - 105.0 ltr
297,7440571a-841a-11ed-aa7c-7003bca91a86,chemicals,167,CH-0007,Degreasing Chemical,ltr,CONSUME,-2.00,-2.00,ltr,11.00,21-Mar-2025 22:48,UTC,2025-03-21 22:48:00,,WO-2025-005,1,Routine maintenance consumption
296,7440571a-841a-11ed-aa7c-7003bca91a86,stores,150,IT-0010,Emery Paper / Abrasive Sheet,pcs,CONSUME,-4.00,-4.00,pcs,38.00,21-Mar-2025 19:35,UTC,2025-03-21 19:35:00,,WO-2025-008,1,Engine room maintenance
3612,7440571a-841a-11ed-aa7c-7003bca91a86,lubes,151,LU-0001,Main Engine Cylinder Oil,ltr,CONSUME,-88.00,-88.00,ltr,0.00,21-Mar-2025 08:35,UTC,2025-03-21 08:35:00,,,056a433e-b880-43c6-9d59-b1cfe71a4014,Daily cylinder oil consumption - 88.0 ltr
1198,7440571a-841a-11ed-aa7c-7003bca91a86,lubes,158,LU-0008,Compressor Oil,ltr,CONSUME,-11.00,-11.00,ltr,22.00,21-Mar-2025 08:17,UTC,2025-03-21 08:17:00,,WO-2025-003,1,Monthly routine usage
295,7440571a-841a-11ed-aa7c-7003bca91a86,stores,146,IT-0006,Safety Goggles (Clear),pcs,CONSUME,-5.00,-5.00,pcs,38.00,20-Mar-2025 21:32,UTC,2025-03-20 21:32:00,,WO-2025-010,1,Routine maintenance consumption
294,7440571a-841a-11ed-aa7c-7003bca91a86,stores,148,IT-0008,Dust Mask / Respirator Mask,pcs,CONSUME,-5.00,-5.00,pcs,36.00,20-Mar-2025 20:51,UTC,2025-03-20 20:51:00,,WO-2025-001,1,Machinery space maintenance
293,7440571a-841a-11ed-aa7c-7003bca91a86,stores,142,IT-0002,Jeevan,pcs,CONSUME,-2.00,-2.00,pcs,33.00,20-Mar-2025 19:34,UTC,2025-03-20 19:34:00,,WO-2025-009,1,Safety equipment replenishment
292,7440571a-841a-11ed-aa7c-7003bca91a86,stores,147,IT-0007,Ear Plugs (Disposable),pcs,CONSUME,-3.00,-3.00,pcs,32.00,20-Mar-2025 14:21,UTC,2025-03-20 14:21:00,,WO-2025-006,1,Safety equipment replenishment
1197,7440571a-841a-11ed-aa7c-7003bca91a86,lubes,153,LU-0003,Auxiliary Engine Lube Oil,ltr,RECEIVE,28.00,28.00,ltr,28.00,20-Mar-2025 09:23,UTC,2025-03-20 09:23:00,Jebel Ali,PO-2025-103,1,Quarterly supply order
3611,7440571a-841a-11ed-aa7c-7003bca91a86,lubes,151,LU-0001,Main Engine Cylinder Oil,ltr,CONSUME,-71.30,-71.30,ltr,0.00,20-Mar-2025 06:21,UTC,2025-03-20 06:21:00,,,6084f3b8-85dc-462a-b045-111d2b2e6d0e,Daily cylinder oil consumption - 71.3 ltr
291,7440571a-841a-11ed-aa7c-7003bca91a86,chemicals,162,CH-0002,Lube Oil Treatment Chemical,ltr,CONSUME,-8.00,-8.00,ltr,26.00,19-Mar-2025 09:30,UTC,2025-03-19 09:30:00,,WO-2025-012,1,Machinery space maintenance
3610,7440571a-841a-11ed-aa7c-7003bca91a86,lubes,151,LU-0001,Main Engine Cylinder Oil,ltr,CONSUME,-95.40,-95.40,ltr,0.00,19-Mar-2025 09:07,UTC,2025-03-19 09:07:00,,,056a433e-b880-43c6-9d59-b1cfe71a4014,Daily cylinder oil consumption - 95.4 ltr
290,7440571a-841a-11ed-aa7c-7003bca91a86,chemicals,164,CH-0004,Cooling Water Treatment Chemical,ltr,CONSUME,-4.00,-4.00,ltr,37.00,18-Mar-2025 15:04,UTC,2025-03-18 15:04:00,,WO-2025-003,1,Deck maintenance work
289,7440571a-841a-11ed-aa7c-7003bca91a86,others,178,OT-0008,"Pipes, tanks, machinery",ltr,CONSUME,-4.00,-4.00,ltr,46.00,18-Mar-2025 14:27,UTC,2025-03-18 14:27:00,,WO-2025-009,1,Emergency repair usage
288,7440571a-841a-11ed-aa7c-7003bca91a86,others,173,OT-0003,Hull below waterline,ltr,CONSUME,-2.00,-2.00,ltr,46.00,18-Mar-2025 09:54,UTC,2025-03-18 09:54:00,,WO-2025-008,1,Emergency repair usage
3609,7440571a-841a-11ed-aa7c-7003bca91a86,lubes,151,LU-0001,Main Engine Cylinder Oil,ltr,CONSUME,-83.50,-83.50,ltr,0.00,18-Mar-2025 06:53,UTC,2025-03-18 06:53:00,,,056a433e-b880-43c6-9d59-b1cfe71a4014,Daily cylinder oil consumption - 83.5 ltr
287,7440571a-841a-11ed-aa7c-7003bca91a86,chemicals,170,CH-0010,Hand Cleaning Chemical (Industrial Soap),ltr,CONSUME,-2.00,-2.00,ltr,28.00,17-Mar-2025 12:45,UTC,2025-03-17 12:45:00,,WO-2025-002,1,Engine room maintenance
286,7440571a-841a-11ed-aa7c-7003bca91a86,chemicals,161,CH-0001,Fuel Oil Treatment Chemical,ltr,CONSUME,-5.00,-5.00,ltr,18.00,17-Mar-2025 12:18,UTC,2025-03-17 12:18:00,,WO-2025-011,1,Port state inspection preparation
285,7440571a-841a-11ed-aa7c-7003bca91a86,chemicals,166,CH-0006,Tank Cleaning Chemical (Alkaline),ltr,CONSUME,-7.00,-7.00,ltr,12.00,17-Mar-2025 12:05,UTC,2025-03-17 12:05:00,,WO-2025-005,1,Regular operational consumption
3608,7440571a-841a-11ed-aa7c-7003bca91a86,lubes,151,LU-0001,Main Engine Cylinder Oil,ltr,CONSUME,-65.70,-65.70,ltr,0.00,17-Mar-2025 07:28,UTC,2025-03-17 07:28:00,,,480b40d0-04bd-4590-a936-2f879b867977,Daily cylinder oil consumption - 65.7 ltr
2188,7440571a-841a-11ed-aa7c-7003bca91a86,chemicals,162,CH-0002,Lube Oil Treatment Chemical,ltr,CONSUME,-1.67,-1.67,ltr,0.00,17-Mar-2025 00:00,UTC,2025-03-17 00:00:00,,,6084f3b8-85dc-462a-b045-111d2b2e6d0e,Weekly chemical consumption
2187,7440571a-841a-11ed-aa7c-7003bca91a86,chemicals,161,CH-0001,Fuel Oil Treatment Chemical,ltr,CONSUME,-2.00,-2.00,ltr,0.00,17-Mar-2025 00:00,UTC,2025-03-17 00:00:00,,,228b5256-5bd2-4bf3-826f-c6fe76571449,Weekly chemical consumption
2190,7440571a-841a-11ed-aa7c-7003bca91a86,chemicals,168,CH-0008,Rust Remover / Descaling Chemical,ltr,CONSUME,-1.24,-1.24,ltr,0.00,17-Mar-2025 00:00,UTC,2025-03-17 00:00:00,,,6084f3b8-85dc-462a-b045-111d2b2e6d0e,Weekly chemical consumption
2189,7440571a-841a-11ed-aa7c-7003bca91a86,chemicals,163,CH-0003,Boiler Water Treatment Chemical,ltr,CONSUME,-1.25,-1.25,ltr,0.00,17-Mar-2025 00:00,UTC,2025-03-17 00:00:00,,,480b40d0-04bd-4590-a936-2f879b867977,Weekly chemical consumption
284,7440571a-841a-11ed-aa7c-7003bca91a86,stores,141,IT-0001,Safety Gloves – Cotton,pcs,CONSUME,-4.00,-4.00,pcs,37.00,16-Mar-2025 14:47,UTC,2025-03-16 14:47:00,,WO-2025-010,1,Navigation equipment maintenance
3607,7440571a-841a-11ed-aa7c-7003bca91a86,lubes,151,LU-0001,Main Engine Cylinder Oil,ltr,CONSUME,-113.90,-113.90,ltr,0.00,16-Mar-2025 08:20,UTC,2025-03-16 08:20:00,,,056a433e-b880-43c6-9d59-b1cfe71a4014,Daily cylinder oil consumption - 113.9 ltr
283,7440571a-841a-11ed-aa7c-7003bca91a86,stores,145,IT-0005,Welding Electrodes (General Purpose),pcs,CONSUME,-4.00,-4.00,pcs,31.00,15-Mar-2025 18:27,UTC,2025-03-15 18:27:00,,WO-2025-004,1,Engine room maintenance
1196,7440571a-841a-11ed-aa7c-7003bca91a86,lubes,157,LU-0007,Stern Tube Oil,ltr,RECEIVE,24.00,24.00,ltr,45.00,15-Mar-2025 13:26,UTC,2025-03-15 13:26:00,Rotterdam,PO-2025-104,1,Requisition fulfilled
1195,7440571a-841a-11ed-aa7c-7003bca91a86,lubes,159,LU-0009,Refrigeration Compressor Oil,ltr,RECEIVE,21.00,21.00,ltr,28.00,15-Mar-2025 12:22,UTC,2025-03-15 12:22:00,Colombo,PO-2025-104,1,Port supply delivery
282,7440571a-841a-11ed-aa7c-7003bca91a86,chemicals,165,CH-0005,Potable Water Chlorination Chemical,ltr,CONSUME,-6.00,-6.00,ltr,30.00,15-Mar-2025 09:32,UTC,2025-03-15 09:32:00,,WO-2025-005,1,Regular operational consumption
281,7440571a-841a-11ed-aa7c-7003bca91a86,stores,149,IT-0009,Cotton Waste / Cleaning Rags,pcs,CONSUME,-3.00,-3.00,pcs,45.00,15-Mar-2025 08:55,UTC,2025-03-15 08:55:00,,WO-2025-002,1,Quarterly maintenance requirement
280,7440571a-841a-11ed-aa7c-7003bca91a86,chemicals,167,CH-0007,Degreasing Chemical,ltr,CONSUME,-5.00,-5.00,ltr,6.00,15-Mar-2025 08:34,UTC,2025-03-15 08:34:00,,WO-2025-002,1,Port state inspection preparation
3606,7440571a-841a-11ed-aa7c-7003bca91a86,lubes,151,LU-0001,Main Engine Cylinder Oil,ltr,CONSUME,-119.60,-119.60,ltr,0.00,15-Mar-2025 06:29,UTC,2025-03-15 06:29:00,,,056a433e-b880-43c6-9d59-b1cfe71a4014,Daily cylinder oil consumption - 119.6 ltr
2183,7440571a-841a-11ed-aa7c-7003bca91a86,stores,147,IT-0007,Ear Plugs (Disposable),pcs,CONSUME,-3.45,-3.45,pcs,0.00,15-Mar-2025 00:00,UTC,2025-03-15 00:00:00,,,228b5256-5bd2-4bf3-826f-c6fe76571449,General stores consumption
2182,7440571a-841a-11ed-aa7c-7003bca91a86,stores,142,IT-0002,Jeevan,pcs,CONSUME,-2.39,-2.39,pcs,0.00,15-Mar-2025 00:00,UTC,2025-03-15 00:00:00,,,056a433e-b880-43c6-9d59-b1cfe71a4014,General stores consumption
2186,7440571a-841a-11ed-aa7c-7003bca91a86,stores,177,OT-0007,"Bilges, chain lockers",ltr,CONSUME,-3.08,-3.08,ltr,0.00,15-Mar-2025 00:00,UTC,2025-03-15 00:00:00,,,056a433e-b880-43c6-9d59-b1cfe71a4014,General stores consumption
2185,7440571a-841a-11ed-aa7c-7003bca91a86,stores,171,OT-0001,Steel surface protection,ltr,CONSUME,-3.92,-3.92,ltr,0.00,15-Mar-2025 00:00,UTC,2025-03-15 00:00:00,,,056a433e-b880-43c6-9d59-b1cfe71a4014,General stores consumption
2184,7440571a-841a-11ed-aa7c-7003bca91a86,stores,148,IT-0008,Dust Mask / Respirator Mask,pcs,CONSUME,-2.27,-2.27,pcs,0.00,15-Mar-2025 00:00,UTC,2025-03-15 00:00:00,,,228b5256-5bd2-4bf3-826f-c6fe76571449,General stores consumption
279,7440571a-841a-11ed-aa7c-7003bca91a86,stores,143,IT-0003,Grinding Wheel (Grinding Disc),pcs,CONSUME,-5.00,-5.00,pcs,30.00,14-Mar-2025 14:53,UTC,2025-03-14 14:53:00,,WO-2025-009,1,Machinery space maintenance
3989,7440571a-841a-11ed-aa7c-7003bca91a86,lubes,152,LU-0002,Main Engine System Oil,ltr,CONSUME,-267.60,-267.60,ltr,90.70,14-Mar-2025 12:13,UTC,2025-03-14 12:13:00,,,228b5256-5bd2-4bf3-826f-c6fe76571449,Monthly ME system oil top-up - 267.6 ltr
3990,7440571a-841a-11ed-aa7c-7003bca91a86,lubes,153,LU-0003,Auxiliary Engine Lube Oil,ltr,CONSUME,-229.20,-229.20,ltr,690.00,14-Mar-2025 12:13,UTC,2025-03-14 12:13:00,,,056a433e-b880-43c6-9d59-b1cfe71a4014,Monthly AE lube oil top-up - 229.2 ltr
3605,7440571a-841a-11ed-aa7c-7003bca91a86,lubes,151,LU-0001,Main Engine Cylinder Oil,ltr,CONSUME,-120.00,-120.00,ltr,0.00,14-Mar-2025 09:58,UTC,2025-03-14 09:58:00,,,228b5256-5bd2-4bf3-826f-c6fe76571449,Daily cylinder oil consumption - 120.0 ltr
1194,7440571a-841a-11ed-aa7c-7003bca91a86,lubes,158,LU-0008,Compressor Oil,ltr,CONSUME,-5.00,-5.00,ltr,7.00,14-Mar-2025 08:38,UTC,2025-03-14 08:38:00,,WO-2025-002,1,Routine maintenance consumption
1193,7440571a-841a-11ed-aa7c-7003bca91a86,lubes,155,LU-0005,Hydraulic Oil,ltr,CONSUME,-6.00,-6.00,ltr,20.00,13-Mar-2025 20:30,UTC,2025-03-13 20:30:00,,WO-2025-003,1,Scheduled overhaul requirement
4120,7440571a-841a-11ed-aa7c-7003bca91a86,stores,144,IT-0004,Cutting Disc (Angle Grinder),pcs,RECEIVE,167.00,167.00,pcs,667.00,13-Mar-2025 15:29,UTC,2025-03-13 15:29:00,Singapore,PO-2025-6999,228b5256-5bd2-4bf3-826f-c6fe76571449,Received at Singapore
4119,7440571a-841a-11ed-aa7c-7003bca91a86,chemicals,163,CH-0003,Boiler Water Treatment Chemical,ltr,RECEIVE,545.90,545.90,ltr,6406.50,13-Mar-2025 15:29,UTC,2025-03-13 15:29:00,Singapore,PO-2025-6999,228b5256-5bd2-4bf3-826f-c6fe76571449,Received at Singapore
4118,7440571a-841a-11ed-aa7c-7003bca91a86,chemicals,168,CH-0008,Rust Remover / Descaling Chemical,ltr,RECEIVE,1882.10,1882.10,ltr,8196.70,13-Mar-2025 15:29,UTC,2025-03-13 15:29:00,Singapore,PO-2025-6999,228b5256-5bd2-4bf3-826f-c6fe76571449,Received at Singapore
3604,7440571a-841a-11ed-aa7c-7003bca91a86,lubes,151,LU-0001,Main Engine Cylinder Oil,ltr,CONSUME,-119.60,-119.60,ltr,0.00,13-Mar-2025 09:02,UTC,2025-03-13 09:02:00,,,6084f3b8-85dc-462a-b045-111d2b2e6d0e,Daily cylinder oil consumption - 119.6 ltr
278,7440571a-841a-11ed-aa7c-7003bca91a86,chemicals,162,CH-0002,Lube Oil Treatment Chemical,ltr,CONSUME,-4.00,-4.00,ltr,22.00,13-Mar-2025 06:51,UTC,2025-03-13 06:51:00,,WO-2025-012,1,Emergency repair usage
277,7440571a-841a-11ed-aa7c-7003bca91a86,chemicals,169,CH-0009,Sewage Treatment Plant Chemical,ltr,CONSUME,-2.00,-2.00,ltr,30.00,13-Mar-2025 06:48,UTC,2025-03-13 06:48:00,,WO-2025-005,1,Routine maintenance consumption
276,7440571a-841a-11ed-aa7c-7003bca91a86,stores,144,IT-0004,Cutting Disc (Angle Grinder),pcs,CONSUME,-4.00,-4.00,pcs,35.00,12-Mar-2025 21:46,UTC,2025-03-12 21:46:00,,WO-2025-002,1,Accommodation maintenance
275,7440571a-841a-11ed-aa7c-7003bca91a86,stores,142,IT-0002,Jeevan,pcs,CONSUME,-5.00,-5.00,pcs,35.00,12-Mar-2025 19:57,UTC,2025-03-12 19:57:00,,WO-2025-006,1,Regular operational consumption
1192,7440571a-841a-11ed-aa7c-7003bca91a86,lubes,157,LU-0007,Stern Tube Oil,ltr,CONSUME,-11.00,-11.00,ltr,21.00,12-Mar-2025 13:27,UTC,2025-03-12 13:27:00,,WO-2025-005,1,Monthly routine usage
3603,7440571a-841a-11ed-aa7c-7003bca91a86,lubes,151,LU-0001,Main Engine Cylinder Oil,ltr,CONSUME,-115.90,-115.90,ltr,0.00,12-Mar-2025 08:15,UTC,2025-03-12 08:15:00,,,6084f3b8-85dc-462a-b045-111d2b2e6d0e,Daily cylinder oil consumption - 115.9 ltr
1191,7440571a-841a-11ed-aa7c-7003bca91a86,lubes,153,LU-0003,Auxiliary Engine Lube Oil,ltr,CONSUME,-11.00,-11.00,ltr,0.00,11-Mar-2025 14:40,UTC,2025-03-11 14:40:00,,WO-2025-006,1,Engine room maintenance
274,7440571a-841a-11ed-aa7c-7003bca91a86,chemicals,164,CH-0004,Cooling Water Treatment Chemical,ltr,CONSUME,-7.00,-7.00,ltr,18.00,11-Mar-2025 10:37,UTC,2025-03-11 10:37:00,,WO-2025-004,1,Emergency repair usage
3602,7440571a-841a-11ed-aa7c-7003bca91a86,lubes,151,LU-0001,Main Engine Cylinder Oil,ltr,CONSUME,-92.60,-92.60,ltr,0.00,11-Mar-2025 09:08,UTC,2025-03-11 09:08:00,,,480b40d0-04bd-4590-a936-2f879b867977,Daily cylinder oil consumption - 92.6 ltr
273,7440571a-841a-11ed-aa7c-7003bca91a86,stores,142,IT-0002,Jeevan,pcs,CONSUME,-1.00,-1.00,pcs,40.00,10-Mar-2025 18:12,UTC,2025-03-10 18:12:00,,WO-2025-006,1,Voyage preparation consumption
272,7440571a-841a-11ed-aa7c-7003bca91a86,chemicals,170,CH-0010,Hand Cleaning Chemical (Industrial Soap),ltr,CONSUME,-5.00,-5.00,ltr,23.00,10-Mar-2025 16:57,UTC,2025-03-10 16:57:00,,WO-2025-008,1,Scheduled overhaul requirement
3601,7440571a-841a-11ed-aa7c-7003bca91a86,lubes,151,LU-0001,Main Engine Cylinder Oil,ltr,CONSUME,-111.10,-111.10,ltr,0.00,10-Mar-2025 07:35,UTC,2025-03-10 07:35:00,,,228b5256-5bd2-4bf3-826f-c6fe76571449,Daily cylinder oil consumption - 111.1 ltr
2179,7440571a-841a-11ed-aa7c-7003bca91a86,chemicals,165,CH-0005,Potable Water Chlorination Chemical,ltr,CONSUME,-1.86,-1.86,ltr,0.00,10-Mar-2025 00:00,UTC,2025-03-10 00:00:00,,,6084f3b8-85dc-462a-b045-111d2b2e6d0e,Weekly chemical consumption
2178,7440571a-841a-11ed-aa7c-7003bca91a86,chemicals,162,CH-0002,Lube Oil Treatment Chemical,ltr,CONSUME,-1.59,-1.59,ltr,0.00,10-Mar-2025 00:00,UTC,2025-03-10 00:00:00,,,228b5256-5bd2-4bf3-826f-c6fe76571449,Weekly chemical consumption
2181,7440571a-841a-11ed-aa7c-7003bca91a86,chemicals,170,CH-0010,Hand Cleaning Chemical (Industrial Soap),ltr,CONSUME,-1.67,-1.67,ltr,0.00,10-Mar-2025 00:00,UTC,2025-03-10 00:00:00,,,6084f3b8-85dc-462a-b045-111d2b2e6d0e,Weekly chemical consumption
2180,7440571a-841a-11ed-aa7c-7003bca91a86,chemicals,167,CH-0007,Degreasing Chemical,ltr,CONSUME,-1.60,-1.60,ltr,0.00,10-Mar-2025 00:00,UTC,2025-03-10 00:00:00,,,056a433e-b880-43c6-9d59-b1cfe71a4014,Weekly chemical consumption
1190,7440571a-841a-11ed-aa7c-7003bca91a86,lubes,153,LU-0003,Auxiliary Engine Lube Oil,ltr,CONSUME,-7.00,-7.00,ltr,22.00,09-Mar-2025 17:58,UTC,2025-03-09 17:58:00,,WO-2025-006,1,Regular operational consumption
1189,7440571a-841a-11ed-aa7c-7003bca91a86,lubes,159,LU-0009,Refrigeration Compressor Oil,ltr,CONSUME,-9.00,-9.00,ltr,19.00,09-Mar-2025 15:10,UTC,2025-03-09 15:10:00,,WO-2025-004,1,Monthly routine usage
271,7440571a-841a-11ed-aa7c-7003bca91a86,chemicals,164,CH-0004,Cooling Water Treatment Chemical,ltr,CONSUME,-8.00,-8.00,ltr,29.00,09-Mar-2025 12:39,UTC,2025-03-09 12:39:00,,WO-2025-009,1,Regular operational consumption
270,7440571a-841a-11ed-aa7c-7003bca91a86,stores,143,IT-0003,Grinding Wheel (Grinding Disc),pcs,CONSUME,-5.00,-5.00,pcs,25.00,09-Mar-2025 09:02,UTC,2025-03-09 09:02:00,,WO-2025-004,1,Voyage preparation consumption
3600,7440571a-841a-11ed-aa7c-7003bca91a86,lubes,151,LU-0001,Main Engine Cylinder Oil,ltr,CONSUME,-79.40,-79.40,ltr,0.00,09-Mar-2025 08:28,UTC,2025-03-09 08:28:00,,,228b5256-5bd2-4bf3-826f-c6fe76571449,Daily cylinder oil consumption - 79.4 ltr
269,7440571a-841a-11ed-aa7c-7003bca91a86,chemicals,165,CH-0005,Potable Water Chlorination Chemical,ltr,CONSUME,-6.00,-6.00,ltr,24.00,08-Mar-2025 21:40,UTC,2025-03-08 21:40:00,,WO-2025-001,1,Voyage preparation consumption
1188,7440571a-841a-11ed-aa7c-7003bca91a86,lubes,152,LU-0002,Main Engine System Oil,ltr,CONSUME,-4.00,-4.00,ltr,25.00,08-Mar-2025 11:06,UTC,2025-03-08 11:06:00,,WO-2025-002,1,Scheduled overhaul requirement
268,7440571a-841a-11ed-aa7c-7003bca91a86,chemicals,161,CH-0001,Fuel Oil Treatment Chemical,ltr,CONSUME,-6.00,-6.00,ltr,34.00,08-Mar-2025 09:47,UTC,2025-03-08 09:47:00,,WO-2025-006,1,Scheduled overhaul requirement
3599,7440571a-841a-11ed-aa7c-7003bca91a86,lubes,151,LU-0001,Main Engine Cylinder Oil,ltr,CONSUME,-75.30,-75.30,ltr,0.00,08-Mar-2025 06:36,UTC,2025-03-08 06:36:00,,,6084f3b8-85dc-462a-b045-111d2b2e6d0e,Daily cylinder oil consumption - 75.3 ltr
267,7440571a-841a-11ed-aa7c-7003bca91a86,stores,147,IT-0007,Ear Plugs (Disposable),pcs,CONSUME,-5.00,-5.00,pcs,35.00,07-Mar-2025 20:44,UTC,2025-03-07 20:44:00,,WO-2025-004,1,Quarterly maintenance requirement
3598,7440571a-841a-11ed-aa7c-7003bca91a86,lubes,151,LU-0001,Main Engine Cylinder Oil,ltr,CONSUME,-62.50,-62.50,ltr,0.00,07-Mar-2025 09:40,UTC,2025-03-07 09:40:00,,,480b40d0-04bd-4590-a936-2f879b867977,Daily cylinder oil consumption - 62.5 ltr
1187,7440571a-841a-11ed-aa7c-7003bca91a86,lubes,158,LU-0008,Compressor Oil,ltr,CONSUME,-10.00,-10.00,ltr,12.00,06-Mar-2025 20:42,UTC,2025-03-06 20:42:00,,WO-2025-005,1,Scheduled overhaul requirement
1186,7440571a-841a-11ed-aa7c-7003bca91a86,lubes,159,LU-0009,Refrigeration Compressor Oil,ltr,CONSUME,-12.00,-12.00,ltr,7.00,06-Mar-2025 19:06,UTC,2025-03-06 19:06:00,,WO-2025-004,1,Routine maintenance consumption
266,7440571a-841a-11ed-aa7c-7003bca91a86,others,176,OT-0006,"Exhausts, boilers, pipelines",ltr,CONSUME,-1.00,-1.00,ltr,47.00,06-Mar-2025 17:59,UTC,2025-03-06 17:59:00,,WO-2025-012,1,Navigation equipment maintenance
265,7440571a-841a-11ed-aa7c-7003bca91a86,chemicals,167,CH-0007,Degreasing Chemical,ltr,CONSUME,-6.00,-6.00,ltr,18.00,06-Mar-2025 14:00,UTC,2025-03-06 14:00:00,,WO-2025-011,1,Navigation equipment maintenance
264,7440571a-841a-11ed-aa7c-7003bca91a86,chemicals,163,CH-0003,Boiler Water Treatment Chemical,ltr,CONSUME,-8.00,-8.00,ltr,35.00,06-Mar-2025 13:28,UTC,2025-03-06 13:28:00,,WO-2025-010,1,Safety equipment replenishment
3597,7440571a-841a-11ed-aa7c-7003bca91a86,lubes,151,LU-0001,Main Engine Cylinder Oil,ltr,CONSUME,-72.10,-72.10,ltr,0.00,06-Mar-2025 09:43,UTC,2025-03-06 09:43:00,,,480b40d0-04bd-4590-a936-2f879b867977,Daily cylinder oil consumption - 72.1 ltr
263,7440571a-841a-11ed-aa7c-7003bca91a86,chemicals,166,CH-0006,Tank Cleaning Chemical (Alkaline),ltr,CONSUME,-6.00,-6.00,ltr,19.00,05-Mar-2025 15:59,UTC,2025-03-05 15:59:00,,WO-2025-011,1,Port state inspection preparation
1185,7440571a-841a-11ed-aa7c-7003bca91a86,lubes,157,LU-0007,Stern Tube Oil,ltr,CONSUME,-6.00,-6.00,ltr,32.00,05-Mar-2025 14:15,UTC,2025-03-05 14:15:00,,WO-2025-001,1,Engine room maintenance
3596,7440571a-841a-11ed-aa7c-7003bca91a86,lubes,151,LU-0001,Main Engine Cylinder Oil,ltr,CONSUME,-61.30,-61.30,ltr,0.00,05-Mar-2025 06:02,UTC,2025-03-05 06:02:00,,,480b40d0-04bd-4590-a936-2f879b867977,Daily cylinder oil consumption - 61.3 ltr
262,7440571a-841a-11ed-aa7c-7003bca91a86,stores,149,IT-0009,Cotton Waste / Cleaning Rags,pcs,CONSUME,-3.00,-3.00,pcs,42.00,04-Mar-2025 18:50,UTC,2025-03-04 18:50:00,,WO-2025-012,1,Machinery space maintenance
3595,7440571a-841a-11ed-aa7c-7003bca91a86,lubes,151,LU-0001,Main Engine Cylinder Oil,ltr,CONSUME,-99.60,-99.60,ltr,0.00,04-Mar-2025 07:06,UTC,2025-03-04 07:06:00,,,056a433e-b880-43c6-9d59-b1cfe71a4014,Daily cylinder oil consumption - 99.6 ltr
261,7440571a-841a-11ed-aa7c-7003bca91a86,chemicals,164,CH-0004,Cooling Water Treatment Chemical,ltr,CONSUME,-4.00,-4.00,ltr,25.00,03-Mar-2025 14:41,UTC,2025-03-03 14:41:00,,WO-2025-010,1,Voyage preparation consumption
3594,7440571a-841a-11ed-aa7c-7003bca91a86,lubes,151,LU-0001,Main Engine Cylinder Oil,ltr,CONSUME,-120.00,-120.00,ltr,0.00,03-Mar-2025 08:10,UTC,2025-03-03 08:10:00,,,6084f3b8-85dc-462a-b045-111d2b2e6d0e,Daily cylinder oil consumption - 120.0 ltr
2175,7440571a-841a-11ed-aa7c-7003bca91a86,chemicals,165,CH-0005,Potable Water Chlorination Chemical,ltr,CONSUME,-1.50,-1.50,ltr,0.00,03-Mar-2025 00:00,UTC,2025-03-03 00:00:00,,,6084f3b8-85dc-462a-b045-111d2b2e6d0e,Weekly chemical consumption
2177,7440571a-841a-11ed-aa7c-7003bca91a86,chemicals,168,CH-0008,Rust Remover / Descaling Chemical,ltr,CONSUME,-0.90,-0.90,ltr,0.00,03-Mar-2025 00:00,UTC,2025-03-03 00:00:00,,,056a433e-b880-43c6-9d59-b1cfe71a4014,Weekly chemical consumption
2176,7440571a-841a-11ed-aa7c-7003bca91a86,chemicals,167,CH-0007,Degreasing Chemical,ltr,CONSUME,-0.30,-0.30,ltr,0.00,03-Mar-2025 00:00,UTC,2025-03-03 00:00:00,,,056a433e-b880-43c6-9d59-b1cfe71a4014,Weekly chemical consumption
260,7440571a-841a-11ed-aa7c-7003bca91a86,chemicals,161,CH-0001,Fuel Oil Treatment Chemical,ltr,CONSUME,-6.00,-6.00,ltr,28.00,02-Mar-2025 20:03,UTC,2025-03-02 20:03:00,,WO-2025-001,1,Port state inspection preparation
1184,7440571a-841a-11ed-aa7c-7003bca91a86,lubes,155,LU-0005,Hydraulic Oil,ltr,CONSUME,-8.00,-8.00,ltr,26.00,02-Mar-2025 12:15,UTC,2025-03-02 12:15:00,,WO-2025-001,1,Regular operational consumption
3593,7440571a-841a-11ed-aa7c-7003bca91a86,lubes,151,LU-0001,Main Engine Cylinder Oil,ltr,CONSUME,-100.40,-100.40,ltr,0.00,02-Mar-2025 07:51,UTC,2025-03-02 07:51:00,,,6084f3b8-85dc-462a-b045-111d2b2e6d0e,Daily cylinder oil consumption - 100.4 ltr
259,7440571a-841a-11ed-aa7c-7003bca91a86,stores,143,IT-0003,Grinding Wheel (Grinding Disc),pcs,CONSUME,-3.00,-3.00,pcs,35.00,01-Mar-2025 22:14,UTC,2025-03-01 22:14:00,,WO-2025-009,1,Emergency repair usage
1183,7440571a-841a-11ed-aa7c-7003bca91a86,lubes,160,LU-0010,Multipurpose Grease,ltr,CONSUME,-3.00,-3.00,ltr,17.00,01-Mar-2025 21:01,UTC,2025-03-01 21:01:00,,WO-2025-002,1,Scheduled overhaul requirement
258,7440571a-841a-11ed-aa7c-7003bca91a86,others,179,OT-0009,Weather decks,ltr,CONSUME,-2.00,-2.00,ltr,44.00,01-Mar-2025 15:57,UTC,2025-03-01 15:57:00,,WO-2025-012,1,Machinery space maintenance
257,7440571a-841a-11ed-aa7c-7003bca91a86,chemicals,163,CH-0003,Boiler Water Treatment Chemical,ltr,CONSUME,-5.00,-5.00,ltr,30.00,01-Mar-2025 13:21,UTC,2025-03-01 13:21:00,,WO-2025-010,1,Machinery space maintenance
3592,7440571a-841a-11ed-aa7c-7003bca91a86,lubes,151,LU-0001,Main Engine Cylinder Oil,ltr,CONSUME,-116.80,-116.80,ltr,0.00,01-Mar-2025 08:17,UTC,2025-03-01 08:17:00,,,6084f3b8-85dc-462a-b045-111d2b2e6d0e,Daily cylinder oil consumption - 116.8 ltr
2173,7440571a-841a-11ed-aa7c-7003bca91a86,stores,176,OT-0006,"Exhausts, boilers, pipelines",ltr,CONSUME,-2.39,-2.39,ltr,0.00,01-Mar-2025 00:00,UTC,2025-03-01 00:00:00,,,6084f3b8-85dc-462a-b045-111d2b2e6d0e,General stores consumption
2174,7440571a-841a-11ed-aa7c-7003bca91a86,stores,177,OT-0007,"Bilges, chain lockers",ltr,CONSUME,-1.02,-1.02,ltr,0.00,01-Mar-2025 00:00,UTC,2025-03-01 00:00:00,,,056a433e-b880-43c6-9d59-b1cfe71a4014,General stores consumption
2171,7440571a-841a-11ed-aa7c-7003bca91a86,stores,144,IT-0004,Cutting Disc (Angle Grinder),pcs,CONSUME,-3.09,-3.09,pcs,0.00,01-Mar-2025 00:00,UTC,2025-03-01 00:00:00,,,480b40d0-04bd-4590-a936-2f879b867977,General stores consumption
2172,7440571a-841a-11ed-aa7c-7003bca91a86,stores,173,OT-0003,Hull below waterline,ltr,CONSUME,-3.67,-3.67,ltr,0.00,01-Mar-2025 00:00,UTC,2025-03-01 00:00:00,,,6084f3b8-85dc-462a-b045-111d2b2e6d0e,General stores consumption
3591,7440571a-841a-11ed-aa7c-7003bca91a86,lubes,151,LU-0001,Main Engine Cylinder Oil,ltr,CONSUME,-102.60,-102.60,ltr,0.00,28-Feb-2025 09:51,UTC,2025-02-28 09:51:00,,,228b5256-5bd2-4bf3-826f-c6fe76571449,Daily cylinder oil consumption - 102.6 ltr
1182,7440571a-841a-11ed-aa7c-7003bca91a86,lubes,155,LU-0005,Hydraulic Oil,ltr,CONSUME,-9.00,-9.00,ltr,38.00,28-Feb-2025 09:12,UTC,2025-02-28 09:12:00,,WO-2025-002,1,Regular operational consumption
256,7440571a-841a-11ed-aa7c-7003bca91a86,others,177,OT-0007,"Bilges, chain lockers",ltr,CONSUME,-2.00,-2.00,ltr,48.00,27-Feb-2025 17:56,UTC,2025-02-27 17:56:00,,WO-2025-007,1,Accommodation maintenance
255,7440571a-841a-11ed-aa7c-7003bca91a86,chemicals,169,CH-0009,Sewage Treatment Plant Chemical,ltr,CONSUME,-8.00,-8.00,ltr,39.00,27-Feb-2025 16:21,UTC,2025-02-27 16:21:00,,WO-2025-006,1,Navigation equipment maintenance
3590,7440571a-841a-11ed-aa7c-7003bca91a86,lubes,151,LU-0001,Main Engine Cylinder Oil,ltr,CONSUME,-87.90,-87.90,ltr,0.00,27-Feb-2025 08:35,UTC,2025-02-27 08:35:00,,,228b5256-5bd2-4bf3-826f-c6fe76571449,Daily cylinder oil consumption - 87.9 ltr
254,7440571a-841a-11ed-aa7c-7003bca91a86,chemicals,162,CH-0002,Lube Oil Treatment Chemical,ltr,CONSUME,-4.00,-4.00,ltr,46.00,26-Feb-2025 16:52,UTC,2025-02-26 16:52:00,,WO-2025-010,1,Safety equipment replenishment
253,7440571a-841a-11ed-aa7c-7003bca91a86,chemicals,161,CH-0001,Fuel Oil Treatment Chemical,ltr,CONSUME,-5.00,-5.00,ltr,40.00,26-Feb-2025 16:10,UTC,2025-02-26 16:10:00,,WO-2025-010,1,Safety equipment replenishment
252,7440571a-841a-11ed-aa7c-7003bca91a86,chemicals,166,CH-0006,Tank Cleaning Chemical (Alkaline),ltr,CONSUME,-4.00,-4.00,ltr,41.00,26-Feb-2025 13:55,UTC,2025-02-26 13:55:00,,WO-2025-012,1,Emergency repair usage
251,7440571a-841a-11ed-aa7c-7003bca91a86,stores,141,IT-0001,Safety Gloves – Cotton,pcs,CONSUME,-3.00,-3.00,pcs,47.00,26-Feb-2025 11:25,UTC,2025-02-26 11:25:00,,WO-2025-011,1,Safety equipment replenishment
250,7440571a-841a-11ed-aa7c-7003bca91a86,others,174,OT-0004,Waterline area,ltr,CONSUME,-2.00,-2.00,ltr,48.00,26-Feb-2025 11:13,UTC,2025-02-26 11:13:00,,WO-2025-006,1,Machinery space maintenance
249,7440571a-841a-11ed-aa7c-7003bca91a86,stores,148,IT-0008,Dust Mask / Respirator Mask,pcs,CONSUME,-4.00,-4.00,pcs,44.00,26-Feb-2025 09:32,UTC,2025-02-26 09:32:00,,WO-2025-011,1,Machinery space maintenance
3589,7440571a-841a-11ed-aa7c-7003bca91a86,lubes,151,LU-0001,Main Engine Cylinder Oil,ltr,CONSUME,-93.90,-93.90,ltr,0.00,26-Feb-2025 06:34,UTC,2025-02-26 06:34:00,,,6084f3b8-85dc-462a-b045-111d2b2e6d0e,Daily cylinder oil consumption - 93.9 ltr
248,7440571a-841a-11ed-aa7c-7003bca91a86,chemicals,166,CH-0006,Tank Cleaning Chemical (Alkaline),ltr,CONSUME,-5.00,-5.00,ltr,29.00,25-Feb-2025 13:21,UTC,2025-02-25 13:21:00,,WO-2025-001,1,Monthly routine usage
1181,7440571a-841a-11ed-aa7c-7003bca91a86,lubes,160,LU-0010,Multipurpose Grease,ltr,CONSUME,-12.00,-12.00,ltr,32.00,25-Feb-2025 13:11,UTC,2025-02-25 13:11:00,,WO-2025-002,1,Scheduled overhaul requirement
3588,7440571a-841a-11ed-aa7c-7003bca91a86,lubes,151,LU-0001,Main Engine Cylinder Oil,ltr,CONSUME,-74.90,-74.90,ltr,0.00,25-Feb-2025 06:50,UTC,2025-02-25 06:50:00,,,056a433e-b880-43c6-9d59-b1cfe71a4014,Daily cylinder oil consumption - 74.9 ltr
247,7440571a-841a-11ed-aa7c-7003bca91a86,stores,146,IT-0006,Safety Goggles (Clear),pcs,CONSUME,-3.00,-3.00,pcs,47.00,25-Feb-2025 06:47,UTC,2025-02-25 06:47:00,,WO-2025-012,1,Voyage preparation consumption
1180,7440571a-841a-11ed-aa7c-7003bca91a86,lubes,153,LU-0003,Auxiliary Engine Lube Oil,ltr,CONSUME,-4.00,-4.00,ltr,29.00,24-Feb-2025 12:26,UTC,2025-02-24 12:26:00,,WO-2025-002,1,Routine maintenance consumption
3587,7440571a-841a-11ed-aa7c-7003bca91a86,lubes,151,LU-0001,Main Engine Cylinder Oil,ltr,CONSUME,-87.70,-87.70,ltr,0.00,24-Feb-2025 09:26,UTC,2025-02-24 09:26:00,,,056a433e-b880-43c6-9d59-b1cfe71a4014,Daily cylinder oil consumption - 87.7 ltr
246,7440571a-841a-11ed-aa7c-7003bca91a86,chemicals,167,CH-0007,Degreasing Chemical,ltr,CONSUME,-7.00,-7.00,ltr,32.00,24-Feb-2025 08:49,UTC,2025-02-24 08:49:00,,WO-2025-009,1,Machinery space maintenance
2169,7440571a-841a-11ed-aa7c-7003bca91a86,chemicals,169,CH-0009,Sewage Treatment Plant Chemical,ltr,CONSUME,-1.81,-1.81,ltr,0.00,24-Feb-2025 00:00,UTC,2025-02-24 00:00:00,,,6084f3b8-85dc-462a-b045-111d2b2e6d0e,Weekly chemical consumption
2170,7440571a-841a-11ed-aa7c-7003bca91a86,chemicals,170,CH-0010,Hand Cleaning Chemical (Industrial Soap),ltr,CONSUME,-0.12,-0.12,ltr,0.00,24-Feb-2025 00:00,UTC,2025-02-24 00:00:00,,,228b5256-5bd2-4bf3-826f-c6fe76571449,Weekly chemical consumption
2168,7440571a-841a-11ed-aa7c-7003bca91a86,chemicals,168,CH-0008,Rust Remover / Descaling Chemical,ltr,CONSUME,-1.99,-1.99,ltr,0.00,24-Feb-2025 00:00,UTC,2025-02-24 00:00:00,,,228b5256-5bd2-4bf3-826f-c6fe76571449,Weekly chemical consumption
2167,7440571a-841a-11ed-aa7c-7003bca91a86,chemicals,161,CH-0001,Fuel Oil Treatment Chemical,ltr,CONSUME,-0.43,-0.43,ltr,0.00,24-Feb-2025 00:00,UTC,2025-02-24 00:00:00,,,056a433e-b880-43c6-9d59-b1cfe71a4014,Weekly chemical consumption
1179,7440571a-841a-11ed-aa7c-7003bca91a86,lubes,153,LU-0003,Auxiliary Engine Lube Oil,ltr,CONSUME,-11.00,-11.00,ltr,33.00,23-Feb-2025 14:40,UTC,2025-02-23 14:40:00,,WO-2025-002,1,Engine room maintenance
245,7440571a-841a-11ed-aa7c-7003bca91a86,stores,144,IT-0004,Cutting Disc (Angle Grinder),pcs,CONSUME,-4.00,-4.00,pcs,44.00,23-Feb-2025 13:00,UTC,2025-02-23 13:00:00,,WO-2025-012,1,Port state inspection preparation
244,7440571a-841a-11ed-aa7c-7003bca91a86,stores,145,IT-0005,Welding Electrodes (General Purpose),pcs,CONSUME,-3.00,-3.00,pcs,47.00,23-Feb-2025 09:24,UTC,2025-02-23 09:24:00,,WO-2025-007,1,Voyage preparation consumption
3586,7440571a-841a-11ed-aa7c-7003bca91a86,lubes,151,LU-0001,Main Engine Cylinder Oil,ltr,CONSUME,-111.10,-111.10,ltr,0.00,23-Feb-2025 07:20,UTC,2025-02-23 07:20:00,,,6084f3b8-85dc-462a-b045-111d2b2e6d0e,Daily cylinder oil consumption - 111.1 ltr
243,7440571a-841a-11ed-aa7c-7003bca91a86,chemicals,164,CH-0004,Cooling Water Treatment Chemical,ltr,CONSUME,-3.00,-3.00,ltr,47.00,22-Feb-2025 17:33,UTC,2025-02-22 17:33:00,,WO-2025-007,1,Quarterly maintenance requirement
242,7440571a-841a-11ed-aa7c-7003bca91a86,stores,148,IT-0008,Dust Mask / Respirator Mask,pcs,CONSUME,-1.00,-1.00,pcs,49.00,22-Feb-2025 12:39,UTC,2025-02-22 12:39:00,,WO-2025-003,1,Navigation equipment maintenance
241,7440571a-841a-11ed-aa7c-7003bca91a86,others,176,OT-0006,"Exhausts, boilers, pipelines",ltr,CONSUME,-2.00,-2.00,ltr,48.00,22-Feb-2025 09:48,UTC,2025-02-22 09:48:00,,WO-2025-008,1,Engine room maintenance
3585,7440571a-841a-11ed-aa7c-7003bca91a86,lubes,151,LU-0001,Main Engine Cylinder Oil,ltr,CONSUME,-119.00,-119.00,ltr,0.00,22-Feb-2025 09:24,UTC,2025-02-22 09:24:00,,,480b40d0-04bd-4590-a936-2f879b867977,Daily cylinder oil consumption - 119.0 ltr
240,7440571a-841a-11ed-aa7c-7003bca91a86,stores,147,IT-0007,Ear Plugs (Disposable),pcs,CONSUME,-1.00,-1.00,pcs,45.00,21-Feb-2025 12:13,UTC,2025-02-21 12:13:00,,WO-2025-002,1,Deck maintenance work
3584,7440571a-841a-11ed-aa7c-7003bca91a86,lubes,151,LU-0001,Main Engine Cylinder Oil,ltr,CONSUME,-84.60,-84.60,ltr,0.00,21-Feb-2025 09:00,UTC,2025-02-21 09:00:00,,,6084f3b8-85dc-462a-b045-111d2b2e6d0e,Daily cylinder oil consumption - 84.6 ltr
1178,7440571a-841a-11ed-aa7c-7003bca91a86,lubes,153,LU-0003,Auxiliary Engine Lube Oil,ltr,CONSUME,-6.00,-6.00,ltr,44.00,20-Feb-2025 20:11,UTC,2025-02-20 20:11:00,,WO-2025-004,1,Regular operational consumption
239,7440571a-841a-11ed-aa7c-7003bca91a86,chemicals,161,CH-0001,Fuel Oil Treatment Chemical,ltr,CONSUME,-5.00,-5.00,ltr,45.00,20-Feb-2025 13:53,UTC,2025-02-20 13:53:00,,WO-2025-008,1,Accommodation maintenance
1177,7440571a-841a-11ed-aa7c-7003bca91a86,lubes,158,LU-0008,Compressor Oil,ltr,CONSUME,-10.00,-10.00,ltr,33.00,20-Feb-2025 11:35,UTC,2025-02-20 11:35:00,,WO-2025-005,1,Engine room maintenance
238,7440571a-841a-11ed-aa7c-7003bca91a86,stores,145,IT-0005,Welding Electrodes (General Purpose),pcs,CONSUME,-4.00,-4.00,pcs,43.00,20-Feb-2025 09:21,UTC,2025-02-20 09:21:00,,WO-2025-009,1,Accommodation maintenance
3583,7440571a-841a-11ed-aa7c-7003bca91a86,lubes,151,LU-0001,Main Engine Cylinder Oil,ltr,CONSUME,-113.80,-113.80,ltr,0.00,20-Feb-2025 09:20,UTC,2025-02-20 09:20:00,,,228b5256-5bd2-4bf3-826f-c6fe76571449,Daily cylinder oil consumption - 113.8 ltr
3582,7440571a-841a-11ed-aa7c-7003bca91a86,lubes,151,LU-0001,Main Engine Cylinder Oil,ltr,CONSUME,-73.60,-73.60,ltr,0.00,19-Feb-2025 09:41,UTC,2025-02-19 09:41:00,,,480b40d0-04bd-4590-a936-2f879b867977,Daily cylinder oil consumption - 73.6 ltr
1176,7440571a-841a-11ed-aa7c-7003bca91a86,lubes,151,LU-0001,Main Engine Cylinder Oil,ltr,CONSUME,-7.00,-7.00,ltr,34.00,19-Feb-2025 09:37,UTC,2025-02-19 09:37:00,,WO-2025-005,1,Engine room maintenance
1175,7440571a-841a-11ed-aa7c-7003bca91a86,lubes,159,LU-0009,Refrigeration Compressor Oil,ltr,CONSUME,-6.00,-6.00,ltr,44.00,18-Feb-2025 20:24,UTC,2025-02-18 20:24:00,,WO-2025-005,1,Monthly routine usage
3581,7440571a-841a-11ed-aa7c-7003bca91a86,lubes,151,LU-0001,Main Engine Cylinder Oil,ltr,CONSUME,-64.00,-64.00,ltr,0.00,18-Feb-2025 09:15,UTC,2025-02-18 09:15:00,,,056a433e-b880-43c6-9d59-b1cfe71a4014,Daily cylinder oil consumption - 64.0 ltr
237,7440571a-841a-11ed-aa7c-7003bca91a86,stores,147,IT-0007,Ear Plugs (Disposable),pcs,CONSUME,-5.00,-5.00,pcs,40.00,18-Feb-2025 08:23,UTC,2025-02-18 08:23:00,,WO-2025-003,1,Routine maintenance consumption
236,7440571a-841a-11ed-aa7c-7003bca91a86,stores,150,IT-0010,Emery Paper / Abrasive Sheet,pcs,CONSUME,-2.00,-2.00,pcs,48.00,18-Feb-2025 07:03,UTC,2025-02-18 07:03:00,,WO-2025-004,1,Port state inspection preparation
235,7440571a-841a-11ed-aa7c-7003bca91a86,stores,148,IT-0008,Dust Mask / Respirator Mask,pcs,CONSUME,-1.00,-1.00,pcs,48.00,17-Feb-2025 20:09,UTC,2025-02-17 20:09:00,,WO-2025-004,1,Engine room maintenance
234,7440571a-841a-11ed-aa7c-7003bca91a86,stores,143,IT-0003,Grinding Wheel (Grinding Disc),pcs,CONSUME,-2.00,-2.00,pcs,43.00,17-Feb-2025 13:48,UTC,2025-02-17 13:48:00,,WO-2025-011,1,Engine room maintenance
3580,7440571a-841a-11ed-aa7c-7003bca91a86,lubes,151,LU-0001,Main Engine Cylinder Oil,ltr,CONSUME,-99.00,-99.00,ltr,0.00,17-Feb-2025 06:31,UTC,2025-02-17 06:31:00,,,056a433e-b880-43c6-9d59-b1cfe71a4014,Daily cylinder oil consumption - 99.0 ltr
2163,7440571a-841a-11ed-aa7c-7003bca91a86,chemicals,166,CH-0006,Tank Cleaning Chemical (Alkaline),ltr,CONSUME,-1.76,-1.76,ltr,0.00,17-Feb-2025 00:00,UTC,2025-02-17 00:00:00,,,228b5256-5bd2-4bf3-826f-c6fe76571449,Weekly chemical consumption
2164,7440571a-841a-11ed-aa7c-7003bca91a86,chemicals,167,CH-0007,Degreasing Chemical,ltr,CONSUME,-2.01,-2.01,ltr,0.00,17-Feb-2025 00:00,UTC,2025-02-17 00:00:00,,,056a433e-b880-43c6-9d59-b1cfe71a4014,Weekly chemical consumption
2165,7440571a-841a-11ed-aa7c-7003bca91a86,chemicals,169,CH-0009,Sewage Treatment Plant Chemical,ltr,CONSUME,-0.31,-0.31,ltr,0.00,17-Feb-2025 00:00,UTC,2025-02-17 00:00:00,,,480b40d0-04bd-4590-a936-2f879b867977,Weekly chemical consumption
2166,7440571a-841a-11ed-aa7c-7003bca91a86,chemicals,170,CH-0010,Hand Cleaning Chemical (Industrial Soap),ltr,CONSUME,-1.85,-1.85,ltr,0.00,17-Feb-2025 00:00,UTC,2025-02-17 00:00:00,,,480b40d0-04bd-4590-a936-2f879b867977,Weekly chemical consumption
2160,7440571a-841a-11ed-aa7c-7003bca91a86,chemicals,161,CH-0001,Fuel Oil Treatment Chemical,ltr,CONSUME,-1.04,-1.04,ltr,0.00,17-Feb-2025 00:00,UTC,2025-02-17 00:00:00,,,6084f3b8-85dc-462a-b045-111d2b2e6d0e,Weekly chemical consumption
2161,7440571a-841a-11ed-aa7c-7003bca91a86,chemicals,163,CH-0003,Boiler Water Treatment Chemical,ltr,CONSUME,-0.49,-0.49,ltr,0.00,17-Feb-2025 00:00,UTC,2025-02-17 00:00:00,,,056a433e-b880-43c6-9d59-b1cfe71a4014,Weekly chemical consumption
2162,7440571a-841a-11ed-aa7c-7003bca91a86,chemicals,165,CH-0005,Potable Water Chlorination Chemical,ltr,CONSUME,-1.55,-1.55,ltr,0.00,17-Feb-2025 00:00,UTC,2025-02-17 00:00:00,,,228b5256-5bd2-4bf3-826f-c6fe76571449,Weekly chemical consumption
1174,7440571a-841a-11ed-aa7c-7003bca91a86,lubes,159,LU-0009,Refrigeration Compressor Oil,ltr,CONSUME,-5.00,-5.00,ltr,39.00,16-Feb-2025 17:57,UTC,2025-02-16 17:57:00,,WO-2025-003,1,Monthly routine usage
1173,7440571a-841a-11ed-aa7c-7003bca91a86,lubes,152,LU-0002,Main Engine System Oil,ltr,CONSUME,-3.00,-3.00,ltr,47.00,16-Feb-2025 17:07,UTC,2025-02-16 17:07:00,,WO-2025-003,1,Monthly routine usage
233,7440571a-841a-11ed-aa7c-7003bca91a86,chemicals,165,CH-0005,Potable Water Chlorination Chemical,ltr,CONSUME,-3.00,-3.00,ltr,36.00,16-Feb-2025 16:06,UTC,2025-02-16 16:06:00,,WO-2025-012,1,Quarterly maintenance requirement
1172,7440571a-841a-11ed-aa7c-7003bca91a86,lubes,155,LU-0005,Hydraulic Oil,ltr,CONSUME,-4.00,-4.00,ltr,34.00,16-Feb-2025 09:22,UTC,2025-02-16 09:22:00,,WO-2025-002,1,Routine maintenance consumption
3579,7440571a-841a-11ed-aa7c-7003bca91a86,lubes,151,LU-0001,Main Engine Cylinder Oil,ltr,CONSUME,-69.50,-69.50,ltr,0.00,16-Feb-2025 08:10,UTC,2025-02-16 08:10:00,,,228b5256-5bd2-4bf3-826f-c6fe76571449,Daily cylinder oil consumption - 69.5 ltr
232,7440571a-841a-11ed-aa7c-7003bca91a86,stores,143,IT-0003,Grinding Wheel (Grinding Disc),pcs,CONSUME,-5.00,-5.00,pcs,45.00,16-Feb-2025 06:30,UTC,2025-02-16 06:30:00,,WO-2025-005,1,Navigation equipment maintenance
3987,7440571a-841a-11ed-aa7c-7003bca91a86,lubes,152,LU-0002,Main Engine System Oil,ltr,CONSUME,-152.90,-152.90,ltr,358.30,15-Feb-2025 12:38,UTC,2025-02-15 12:38:00,,,228b5256-5bd2-4bf3-826f-c6fe76571449,Monthly ME system oil top-up - 152.9 ltr
3988,7440571a-841a-11ed-aa7c-7003bca91a86,lubes,153,LU-0003,Auxiliary Engine Lube Oil,ltr,CONSUME,-243.90,-243.90,ltr,919.20,15-Feb-2025 12:38,UTC,2025-02-15 12:38:00,,,056a433e-b880-43c6-9d59-b1cfe71a4014,Monthly AE lube oil top-up - 243.9 ltr
1171,7440571a-841a-11ed-aa7c-7003bca91a86,lubes,160,LU-0010,Multipurpose Grease,ltr,CONSUME,-6.00,-6.00,ltr,44.00,15-Feb-2025 11:19,UTC,2025-02-15 11:19:00,,WO-2025-005,1,Regular operational consumption
231,7440571a-841a-11ed-aa7c-7003bca91a86,stores,144,IT-0004,Cutting Disc (Angle Grinder),pcs,CONSUME,-2.00,-2.00,pcs,48.00,15-Feb-2025 10:19,UTC,2025-02-15 10:19:00,,WO-2025-005,1,Regular operational consumption
3578,7440571a-841a-11ed-aa7c-7003bca91a86,lubes,151,LU-0001,Main Engine Cylinder Oil,ltr,CONSUME,-74.50,-74.50,ltr,0.00,15-Feb-2025 09:03,UTC,2025-02-15 09:03:00,,,6084f3b8-85dc-462a-b045-111d2b2e6d0e,Daily cylinder oil consumption - 74.5 ltr
1170,7440571a-841a-11ed-aa7c-7003bca91a86,lubes,156,LU-0006,Gear Oil,ltr,CONSUME,-3.00,-3.00,ltr,47.00,15-Feb-2025 09:01,UTC,2025-02-15 09:01:00,,WO-2025-001,1,Routine maintenance consumption
2156,7440571a-841a-11ed-aa7c-7003bca91a86,stores,149,IT-0009,Cotton Waste / Cleaning Rags,pcs,CONSUME,-2.28,-2.28,pcs,0.00,15-Feb-2025 00:00,UTC,2025-02-15 00:00:00,,,228b5256-5bd2-4bf3-826f-c6fe76571449,General stores consumption
2154,7440571a-841a-11ed-aa7c-7003bca91a86,stores,142,IT-0002,Jeevan,pcs,CONSUME,-3.64,-3.64,pcs,0.00,15-Feb-2025 00:00,UTC,2025-02-15 00:00:00,,,6084f3b8-85dc-462a-b045-111d2b2e6d0e,General stores consumption
2155,7440571a-841a-11ed-aa7c-7003bca91a86,stores,145,IT-0005,Welding Electrodes (General Purpose),pcs,CONSUME,-1.18,-1.18,pcs,0.00,15-Feb-2025 00:00,UTC,2025-02-15 00:00:00,,,480b40d0-04bd-4590-a936-2f879b867977,General stores consumption
2157,7440571a-841a-11ed-aa7c-7003bca91a86,stores,173,OT-0003,Hull below waterline,ltr,CONSUME,-1.25,-1.25,ltr,0.00,15-Feb-2025 00:00,UTC,2025-02-15 00:00:00,,,228b5256-5bd2-4bf3-826f-c6fe76571449,General stores consumption
2158,7440571a-841a-11ed-aa7c-7003bca91a86,stores,174,OT-0004,Waterline area,ltr,CONSUME,-2.32,-2.32,ltr,0.00,15-Feb-2025 00:00,UTC,2025-02-15 00:00:00,,,228b5256-5bd2-4bf3-826f-c6fe76571449,General stores consumption
2159,7440571a-841a-11ed-aa7c-7003bca91a86,stores,176,OT-0006,"Exhausts, boilers, pipelines",ltr,CONSUME,-1.69,-1.69,ltr,0.00,15-Feb-2025 00:00,UTC,2025-02-15 00:00:00,,,6084f3b8-85dc-462a-b045-111d2b2e6d0e,General stores consumption
230,7440571a-841a-11ed-aa7c-7003bca91a86,chemicals,168,CH-0008,Rust Remover / Descaling Chemical,ltr,CONSUME,-4.00,-4.00,ltr,46.00,14-Feb-2025 19:29,UTC,2025-02-14 19:29:00,,WO-2025-001,1,Routine maintenance consumption
229,7440571a-841a-11ed-aa7c-7003bca91a86,stores,145,IT-0005,Welding Electrodes (General Purpose),pcs,CONSUME,-4.00,-4.00,pcs,35.00,14-Feb-2025 12:33,UTC,2025-02-14 12:33:00,,WO-2025-008,1,Routine maintenance consumption
3577,7440571a-841a-11ed-aa7c-7003bca91a86,lubes,151,LU-0001,Main Engine Cylinder Oil,ltr,CONSUME,-113.10,-113.10,ltr,0.00,14-Feb-2025 08:11,UTC,2025-02-14 08:11:00,,,228b5256-5bd2-4bf3-826f-c6fe76571449,Daily cylinder oil consumption - 113.1 ltr
228,7440571a-841a-11ed-aa7c-7003bca91a86,chemicals,163,CH-0003,Boiler Water Treatment Chemical,ltr,CONSUME,-2.00,-2.00,ltr,43.00,14-Feb-2025 06:43,UTC,2025-02-14 06:43:00,,WO-2025-004,1,Engine room maintenance
227,7440571a-841a-11ed-aa7c-7003bca91a86,stores,146,IT-0006,Safety Goggles (Clear),pcs,CONSUME,-4.00,-4.00,pcs,43.00,14-Feb-2025 06:15,UTC,2025-02-14 06:15:00,,WO-2025-011,1,Navigation equipment maintenance
226,7440571a-841a-11ed-aa7c-7003bca91a86,stores,148,IT-0008,Dust Mask / Respirator Mask,pcs,CONSUME,-3.00,-3.00,pcs,41.00,13-Feb-2025 20:43,UTC,2025-02-13 20:43:00,,WO-2025-011,1,Scheduled overhaul requirement
225,7440571a-841a-11ed-aa7c-7003bca91a86,chemicals,167,CH-0007,Degreasing Chemical,ltr,CONSUME,-8.00,-8.00,ltr,39.00,13-Feb-2025 19:08,UTC,2025-02-13 19:08:00,,WO-2025-001,1,Safety equipment replenishment
224,7440571a-841a-11ed-aa7c-7003bca91a86,stores,145,IT-0005,Welding Electrodes (General Purpose),pcs,CONSUME,-4.00,-4.00,pcs,39.00,13-Feb-2025 15:50,UTC,2025-02-13 15:50:00,,WO-2025-003,1,Engine room maintenance
223,7440571a-841a-11ed-aa7c-7003bca91a86,stores,142,IT-0002,Jeevan,pcs,CONSUME,-2.00,-2.00,pcs,48.00,13-Feb-2025 14:32,UTC,2025-02-13 14:32:00,,WO-2025-006,1,Voyage preparation consumption
3576,7440571a-841a-11ed-aa7c-7003bca91a86,lubes,151,LU-0001,Main Engine Cylinder Oil,ltr,CONSUME,-100.60,-100.60,ltr,0.00,13-Feb-2025 09:46,UTC,2025-02-13 09:46:00,,,6084f3b8-85dc-462a-b045-111d2b2e6d0e,Daily cylinder oil consumption - 100.6 ltr
222,7440571a-841a-11ed-aa7c-7003bca91a86,stores,150,IT-0010,Emery Paper / Abrasive Sheet,pcs,CONSUME,-1.00,-1.00,pcs,47.00,13-Feb-2025 09:42,UTC,2025-02-13 09:42:00,,WO-2025-001,1,Machinery space maintenance
221,7440571a-841a-11ed-aa7c-7003bca91a86,chemicals,162,CH-0002,Lube Oil Treatment Chemical,ltr,CONSUME,-4.00,-4.00,ltr,42.00,13-Feb-2025 08:39,UTC,2025-02-13 08:39:00,,WO-2025-004,1,Engine room maintenance
2712,7440571a-841a-11ed-aa7c-7003bca91a86,stores,142,IT-0002,Jeevan,pcs,RECEIVE,37.72,37.72,pcs,207.89,13-Feb-2025 00:00,UTC,2025-02-13 00:00:00,Fujairah,PO-2025-4518,228b5256-5bd2-4bf3-826f-c6fe76571449,Received at Fujairah
2713,7440571a-841a-11ed-aa7c-7003bca91a86,stores,143,IT-0003,Grinding Wheel (Grinding Disc),pcs,RECEIVE,22.03,22.03,pcs,269.41,13-Feb-2025 00:00,UTC,2025-02-13 00:00:00,Fujairah,PO-2025-4411,228b5256-5bd2-4bf3-826f-c6fe76571449,Received at Fujairah
2714,7440571a-841a-11ed-aa7c-7003bca91a86,stores,147,IT-0007,Ear Plugs (Disposable),pcs,RECEIVE,15.89,15.89,pcs,163.86,13-Feb-2025 00:00,UTC,2025-02-13 00:00:00,Fujairah,PO-2025-1339,228b5256-5bd2-4bf3-826f-c6fe76571449,Received at Fujairah
2715,7440571a-841a-11ed-aa7c-7003bca91a86,stores,150,IT-0010,Emery Paper / Abrasive Sheet,pcs,RECEIVE,49.43,49.43,pcs,193.27,13-Feb-2025 00:00,UTC,2025-02-13 00:00:00,Fujairah,PO-2025-7229,228b5256-5bd2-4bf3-826f-c6fe76571449,Received at Fujairah
2716,7440571a-841a-11ed-aa7c-7003bca91a86,stores,156,LU-0006,Gear Oil,ltr,RECEIVE,27.30,27.30,ltr,265.46,13-Feb-2025 00:00,UTC,2025-02-13 00:00:00,Fujairah,PO-2025-9442,228b5256-5bd2-4bf3-826f-c6fe76571449,Received at Fujairah
2717,7440571a-841a-11ed-aa7c-7003bca91a86,stores,157,LU-0007,Stern Tube Oil,ltr,RECEIVE,44.88,44.88,ltr,402.49,13-Feb-2025 00:00,UTC,2025-02-13 00:00:00,Fujairah,PO-2025-6431,228b5256-5bd2-4bf3-826f-c6fe76571449,Received at Fujairah
2718,7440571a-841a-11ed-aa7c-7003bca91a86,stores,160,LU-0010,Multipurpose Grease,ltr,RECEIVE,30.08,30.08,ltr,282.68,13-Feb-2025 00:00,UTC,2025-02-13 00:00:00,Fujairah,PO-2025-1040,228b5256-5bd2-4bf3-826f-c6fe76571449,Received at Fujairah
2719,7440571a-841a-11ed-aa7c-7003bca91a86,chemicals,161,CH-0001,Fuel Oil Treatment Chemical,ltr,RECEIVE,6.19,6.19,ltr,84.34,13-Feb-2025 00:00,UTC,2025-02-13 00:00:00,Fujairah,PO-2025-5234,228b5256-5bd2-4bf3-826f-c6fe76571449,Received at Fujairah
2720,7440571a-841a-11ed-aa7c-7003bca91a86,chemicals,162,CH-0002,Lube Oil Treatment Chemical,ltr,RECEIVE,53.73,53.73,ltr,237.38,13-Feb-2025 00:00,UTC,2025-02-13 00:00:00,Fujairah,PO-2025-4633,228b5256-5bd2-4bf3-826f-c6fe76571449,Received at Fujairah
2721,7440571a-841a-11ed-aa7c-7003bca91a86,chemicals,163,CH-0003,Boiler Water Treatment Chemical,ltr,RECEIVE,25.12,25.12,ltr,166.52,13-Feb-2025 00:00,UTC,2025-02-13 00:00:00,Fujairah,PO-2025-9522,228b5256-5bd2-4bf3-826f-c6fe76571449,Received at Fujairah
2722,7440571a-841a-11ed-aa7c-7003bca91a86,chemicals,164,CH-0004,Cooling Water Treatment Chemical,ltr,RECEIVE,47.87,47.87,ltr,145.24,13-Feb-2025 00:00,UTC,2025-02-13 00:00:00,Fujairah,PO-2025-7395,228b5256-5bd2-4bf3-826f-c6fe76571449,Received at Fujairah
2723,7440571a-841a-11ed-aa7c-7003bca91a86,chemicals,165,CH-0005,Potable Water Chlorination Chemical,ltr,RECEIVE,9.68,9.68,ltr,192.56,13-Feb-2025 00:00,UTC,2025-02-13 00:00:00,Fujairah,PO-2025-4896,228b5256-5bd2-4bf3-826f-c6fe76571449,Received at Fujairah
2724,7440571a-841a-11ed-aa7c-7003bca91a86,chemicals,170,CH-0010,Hand Cleaning Chemical (Industrial Soap),ltr,RECEIVE,5.63,5.63,ltr,223.90,13-Feb-2025 00:00,UTC,2025-02-13 00:00:00,Fujairah,PO-2025-4041,228b5256-5bd2-4bf3-826f-c6fe76571449,Received at Fujairah
2725,7440571a-841a-11ed-aa7c-7003bca91a86,stores,172,OT-0002,"Ballast tanks, machinery spaces",ltr,RECEIVE,46.63,46.63,ltr,183.38,13-Feb-2025 00:00,UTC,2025-02-13 00:00:00,Fujairah,PO-2025-0710,228b5256-5bd2-4bf3-826f-c6fe76571449,Received at Fujairah
2726,7440571a-841a-11ed-aa7c-7003bca91a86,stores,174,OT-0004,Waterline area,ltr,RECEIVE,11.40,11.40,ltr,151.07,13-Feb-2025 00:00,UTC,2025-02-13 00:00:00,Fujairah,PO-2025-9452,228b5256-5bd2-4bf3-826f-c6fe76571449,Received at Fujairah
2727,7440571a-841a-11ed-aa7c-7003bca91a86,stores,177,OT-0007,"Bilges, chain lockers",ltr,RECEIVE,50.13,50.13,ltr,113.51,13-Feb-2025 00:00,UTC,2025-02-13 00:00:00,Fujairah,PO-2025-8795,228b5256-5bd2-4bf3-826f-c6fe76571449,Received at Fujairah
2728,7440571a-841a-11ed-aa7c-7003bca91a86,stores,178,OT-0008,"Pipes, tanks, machinery",ltr,RECEIVE,43.85,43.85,ltr,271.80,13-Feb-2025 00:00,UTC,2025-02-13 00:00:00,Fujairah,PO-2025-0502,228b5256-5bd2-4bf3-826f-c6fe76571449,Received at Fujairah
2729,7440571a-841a-11ed-aa7c-7003bca91a86,stores,141,IT-0001,Safety Gloves – Cotton,pcs,RECEIVE,43.21,43.21,pcs,324.36,13-Feb-2025 00:00,UTC,2025-02-13 00:00:00,Fujairah,PO-2025-7301,228b5256-5bd2-4bf3-826f-c6fe76571449,Received at Fujairah
2730,7440571a-841a-11ed-aa7c-7003bca91a86,stores,151,LU-0001,Main Engine Cylinder Oil,ltr,RECEIVE,49.03,49.03,ltr,255.47,13-Feb-2025 00:00,UTC,2025-02-13 00:00:00,Fujairah,PO-2025-2724,228b5256-5bd2-4bf3-826f-c6fe76571449,Received at Fujairah
220,7440571a-841a-11ed-aa7c-7003bca91a86,chemicals,170,CH-0010,Hand Cleaning Chemical (Industrial Soap),ltr,CONSUME,-7.00,-7.00,ltr,30.00,12-Feb-2025 17:41,UTC,2025-02-12 17:41:00,,WO-2025-006,1,Navigation equipment maintenance
219,7440571a-841a-11ed-aa7c-7003bca91a86,chemicals,168,CH-0008,Rust Remover / Descaling Chemical,ltr,CONSUME,-5.00,-5.00,ltr,41.00,12-Feb-2025 15:12,UTC,2025-02-12 15:12:00,,WO-2025-003,1,Scheduled overhaul requirement
218,7440571a-841a-11ed-aa7c-7003bca91a86,stores,141,IT-0001,Safety Gloves – Cotton,pcs,CONSUME,-3.00,-3.00,pcs,44.00,12-Feb-2025 10:41,UTC,2025-02-12 10:41:00,,WO-2025-003,1,Emergency repair usage
217,7440571a-841a-11ed-aa7c-7003bca91a86,chemicals,170,CH-0010,Hand Cleaning Chemical (Industrial Soap),ltr,CONSUME,-7.00,-7.00,ltr,39.00,12-Feb-2025 10:37,UTC,2025-02-12 10:37:00,,WO-2025-009,1,Machinery space maintenance
216,7440571a-841a-11ed-aa7c-7003bca91a86,others,171,OT-0001,Steel surface protection,ltr,CONSUME,-2.00,-2.00,ltr,48.00,12-Feb-2025 09:39,UTC,2025-02-12 09:39:00,,WO-2025-005,1,Accommodation maintenance
3575,7440571a-841a-11ed-aa7c-7003bca91a86,lubes,151,LU-0001,Main Engine Cylinder Oil,ltr,CONSUME,-104.20,-104.20,ltr,0.00,12-Feb-2025 08:32,UTC,2025-02-12 08:32:00,,,6084f3b8-85dc-462a-b045-111d2b2e6d0e,Daily cylinder oil consumption - 104.2 ltr
215,7440571a-841a-11ed-aa7c-7003bca91a86,chemicals,169,CH-0009,Sewage Treatment Plant Chemical,ltr,CONSUME,-3.00,-3.00,ltr,47.00,12-Feb-2025 07:14,UTC,2025-02-12 07:14:00,,WO-2025-006,1,Navigation equipment maintenance
1169,7440571a-841a-11ed-aa7c-7003bca91a86,lubes,154,LU-0004,Turbocharger Lube Oil,ltr,CONSUME,-11.00,-11.00,ltr,39.00,11-Feb-2025 13:03,UTC,2025-02-11 13:03:00,,WO-2025-004,1,Routine maintenance consumption
4063,7440571a-841a-11ed-aa7c-7003bca91a86,chemicals,163,CH-0003,Boiler Water Treatment Chemical,ltr,CONSUME,-35.50,-35.50,ltr,4834.40,11-Feb-2025 12:58,UTC,2025-02-11 12:58:00,,,480b40d0-04bd-4590-a936-2f879b867977,Chemical consumption - Boiler Water Treatment Chemical
3574,7440571a-841a-11ed-aa7c-7003bca91a86,lubes,151,LU-0001,Main Engine Cylinder Oil,ltr,CONSUME,-108.40,-108.40,ltr,0.00,11-Feb-2025 06:56,UTC,2025-02-11 06:56:00,,,480b40d0-04bd-4590-a936-2f879b867977,Daily cylinder oil consumption - 108.4 ltr
1168,7440571a-841a-11ed-aa7c-7003bca91a86,lubes,157,LU-0007,Stern Tube Oil,ltr,CONSUME,-12.00,-12.00,ltr,38.00,10-Feb-2025 14:38,UTC,2025-02-10 14:38:00,,WO-2025-001,1,Monthly routine usage
214,7440571a-841a-11ed-aa7c-7003bca91a86,stores,142,IT-0002,Jeevan,pcs,CONSUME,-3.00,-3.00,pcs,42.00,10-Feb-2025 11:35,UTC,2025-02-10 11:35:00,,WO-2025-006,1,Regular operational consumption
3573,7440571a-841a-11ed-aa7c-7003bca91a86,lubes,151,LU-0001,Main Engine Cylinder Oil,ltr,CONSUME,-107.60,-107.60,ltr,0.00,10-Feb-2025 08:48,UTC,2025-02-10 08:48:00,,,6084f3b8-85dc-462a-b045-111d2b2e6d0e,Daily cylinder oil consumption - 107.6 ltr
2151,7440571a-841a-11ed-aa7c-7003bca91a86,chemicals,162,CH-0002,Lube Oil Treatment Chemical,ltr,CONSUME,-2.05,-2.05,ltr,0.00,10-Feb-2025 00:00,UTC,2025-02-10 00:00:00,,,056a433e-b880-43c6-9d59-b1cfe71a4014,Weekly chemical consumption
2150,7440571a-841a-11ed-aa7c-7003bca91a86,chemicals,161,CH-0001,Fuel Oil Treatment Chemical,ltr,CONSUME,-0.19,-0.19,ltr,0.00,10-Feb-2025 00:00,UTC,2025-02-10 00:00:00,,,056a433e-b880-43c6-9d59-b1cfe71a4014,Weekly chemical consumption
2153,7440571a-841a-11ed-aa7c-7003bca91a86,chemicals,168,CH-0008,Rust Remover / Descaling Chemical,ltr,CONSUME,-0.37,-0.37,ltr,0.00,10-Feb-2025 00:00,UTC,2025-02-10 00:00:00,,,480b40d0-04bd-4590-a936-2f879b867977,Weekly chemical consumption
2152,7440571a-841a-11ed-aa7c-7003bca91a86,chemicals,165,CH-0005,Potable Water Chlorination Chemical,ltr,CONSUME,-2.09,-2.09,ltr,0.00,10-Feb-2025 00:00,UTC,2025-02-10 00:00:00,,,056a433e-b880-43c6-9d59-b1cfe71a4014,Weekly chemical consumption
213,7440571a-841a-11ed-aa7c-7003bca91a86,chemicals,163,CH-0003,Boiler Water Treatment Chemical,ltr,CONSUME,-5.00,-5.00,ltr,45.00,09-Feb-2025 21:28,UTC,2025-02-09 21:28:00,,WO-2025-001,1,Port state inspection preparation
3572,7440571a-841a-11ed-aa7c-7003bca91a86,lubes,151,LU-0001,Main Engine Cylinder Oil,ltr,CONSUME,-87.60,-87.60,ltr,0.00,09-Feb-2025 09:25,UTC,2025-02-09 09:25:00,,,056a433e-b880-43c6-9d59-b1cfe71a4014,Daily cylinder oil consumption - 87.6 ltr
1167,7440571a-841a-11ed-aa7c-7003bca91a86,lubes,155,LU-0005,Hydraulic Oil,ltr,CONSUME,-3.00,-3.00,ltr,47.00,09-Feb-2025 09:20,UTC,2025-02-09 09:20:00,,WO-2025-004,1,Regular operational consumption
212,7440571a-841a-11ed-aa7c-7003bca91a86,stores,149,IT-0009,Cotton Waste / Cleaning Rags,pcs,CONSUME,-1.00,-1.00,pcs,49.00,09-Feb-2025 07:35,UTC,2025-02-09 07:35:00,,WO-2025-011,1,Navigation equipment maintenance
211,7440571a-841a-11ed-aa7c-7003bca91a86,others,173,OT-0003,Hull below waterline,ltr,CONSUME,-2.00,-2.00,ltr,48.00,08-Feb-2025 18:52,UTC,2025-02-08 18:52:00,,WO-2025-002,1,Monthly routine usage
210,7440571a-841a-11ed-aa7c-7003bca91a86,others,175,OT-0005,External structures,ltr,CONSUME,-3.00,-3.00,ltr,47.00,08-Feb-2025 15:58,UTC,2025-02-08 15:58:00,,WO-2025-008,1,Routine maintenance consumption
209,7440571a-841a-11ed-aa7c-7003bca91a86,chemicals,167,CH-0007,Degreasing Chemical,ltr,CONSUME,-8.00,-8.00,ltr,24.00,08-Feb-2025 15:26,UTC,2025-02-08 15:26:00,,WO-2025-008,1,Voyage preparation consumption
208,7440571a-841a-11ed-aa7c-7003bca91a86,chemicals,170,CH-0010,Hand Cleaning Chemical (Industrial Soap),ltr,CONSUME,-4.00,-4.00,ltr,46.00,08-Feb-2025 12:14,UTC,2025-02-08 12:14:00,,WO-2025-003,1,Routine maintenance consumption
207,7440571a-841a-11ed-aa7c-7003bca91a86,stores,149,IT-0009,Cotton Waste / Cleaning Rags,pcs,CONSUME,-1.00,-1.00,pcs,48.00,08-Feb-2025 12:10,UTC,2025-02-08 12:10:00,,WO-2025-011,1,Regular operational consumption
3571,7440571a-841a-11ed-aa7c-7003bca91a86,lubes,151,LU-0001,Main Engine Cylinder Oil,ltr,CONSUME,-97.70,-97.70,ltr,0.00,08-Feb-2025 07:18,UTC,2025-02-08 07:18:00,,,6084f3b8-85dc-462a-b045-111d2b2e6d0e,Daily cylinder oil consumption - 97.7 ltr
206,7440571a-841a-11ed-aa7c-7003bca91a86,stores,142,IT-0002,Jeevan,pcs,CONSUME,-1.00,-1.00,pcs,41.00,07-Feb-2025 22:42,UTC,2025-02-07 22:42:00,,WO-2025-010,1,Machinery space maintenance
3570,7440571a-841a-11ed-aa7c-7003bca91a86,lubes,151,LU-0001,Main Engine Cylinder Oil,ltr,CONSUME,-114.20,-114.20,ltr,0.00,07-Feb-2025 06:16,UTC,2025-02-07 06:16:00,,,228b5256-5bd2-4bf3-826f-c6fe76571449,Daily cylinder oil consumption - 114.2 ltr
3569,7440571a-841a-11ed-aa7c-7003bca91a86,lubes,151,LU-0001,Main Engine Cylinder Oil,ltr,CONSUME,-106.60,-106.60,ltr,0.00,06-Feb-2025 09:54,UTC,2025-02-06 09:54:00,,,6084f3b8-85dc-462a-b045-111d2b2e6d0e,Daily cylinder oil consumption - 106.6 ltr
205,7440571a-841a-11ed-aa7c-7003bca91a86,chemicals,165,CH-0005,Potable Water Chlorination Chemical,ltr,CONSUME,-8.00,-8.00,ltr,42.00,05-Feb-2025 19:26,UTC,2025-02-05 19:26:00,,WO-2025-003,1,Regular operational consumption
204,7440571a-841a-11ed-aa7c-7003bca91a86,chemicals,162,CH-0002,Lube Oil Treatment Chemical,ltr,CONSUME,-8.00,-8.00,ltr,34.00,05-Feb-2025 18:24,UTC,2025-02-05 18:24:00,,WO-2025-009,1,Regular operational consumption
1166,7440571a-841a-11ed-aa7c-7003bca91a86,lubes,159,LU-0009,Refrigeration Compressor Oil,ltr,CONSUME,-11.00,-11.00,ltr,28.00,05-Feb-2025 15:20,UTC,2025-02-05 15:20:00,,WO-2025-002,1,Engine room maintenance
203,7440571a-841a-11ed-aa7c-7003bca91a86,chemicals,166,CH-0006,Tank Cleaning Chemical (Alkaline),ltr,CONSUME,-7.00,-7.00,ltr,34.00,05-Feb-2025 12:46,UTC,2025-02-05 12:46:00,,WO-2025-011,1,Hull maintenance work
3568,7440571a-841a-11ed-aa7c-7003bca91a86,lubes,151,LU-0001,Main Engine Cylinder Oil,ltr,CONSUME,-114.60,-114.60,ltr,0.00,05-Feb-2025 06:59,UTC,2025-02-05 06:59:00,,,6084f3b8-85dc-462a-b045-111d2b2e6d0e,Daily cylinder oil consumption - 114.6 ltr
202,7440571a-841a-11ed-aa7c-7003bca91a86,chemicals,166,CH-0006,Tank Cleaning Chemical (Alkaline),ltr,CONSUME,-5.00,-5.00,ltr,45.00,04-Feb-2025 11:48,UTC,2025-02-04 11:48:00,,WO-2025-003,1,Port state inspection preparation
201,7440571a-841a-11ed-aa7c-7003bca91a86,chemicals,167,CH-0007,Degreasing Chemical,ltr,CONSUME,-3.00,-3.00,ltr,47.00,04-Feb-2025 11:04,UTC,2025-02-04 11:04:00,,WO-2025-010,1,Emergency repair usage
3567,7440571a-841a-11ed-aa7c-7003bca91a86,lubes,151,LU-0001,Main Engine Cylinder Oil,ltr,CONSUME,-85.70,-85.70,ltr,0.00,04-Feb-2025 07:39,UTC,2025-02-04 07:39:00,,,056a433e-b880-43c6-9d59-b1cfe71a4014,Daily cylinder oil consumption - 85.7 ltr
200,7440571a-841a-11ed-aa7c-7003bca91a86,chemicals,164,CH-0004,Cooling Water Treatment Chemical,ltr,CONSUME,-6.00,-6.00,ltr,41.00,04-Feb-2025 06:59,UTC,2025-02-04 06:59:00,,WO-2025-004,1,Hull maintenance work
199,7440571a-841a-11ed-aa7c-7003bca91a86,others,179,OT-0009,Weather decks,ltr,CONSUME,-4.00,-4.00,ltr,46.00,03-Feb-2025 12:43,UTC,2025-02-03 12:43:00,,WO-2025-011,1,Emergency repair usage
198,7440571a-841a-11ed-aa7c-7003bca91a86,stores,150,IT-0010,Emery Paper / Abrasive Sheet,pcs,CONSUME,-5.00,-5.00,pcs,42.00,03-Feb-2025 12:18,UTC,2025-02-03 12:18:00,,WO-2025-011,1,Navigation equipment maintenance
3566,7440571a-841a-11ed-aa7c-7003bca91a86,lubes,151,LU-0001,Main Engine Cylinder Oil,ltr,CONSUME,-77.70,-77.70,ltr,0.00,03-Feb-2025 09:39,UTC,2025-02-03 09:39:00,,,6084f3b8-85dc-462a-b045-111d2b2e6d0e,Daily cylinder oil consumption - 77.7 ltr
2149,7440571a-841a-11ed-aa7c-7003bca91a86,chemicals,164,CH-0004,Cooling Water Treatment Chemical,ltr,CONSUME,-0.14,-0.14,ltr,0.00,03-Feb-2025 00:00,UTC,2025-02-03 00:00:00,,,056a433e-b880-43c6-9d59-b1cfe71a4014,Weekly chemical consumption
2148,7440571a-841a-11ed-aa7c-7003bca91a86,chemicals,162,CH-0002,Lube Oil Treatment Chemical,ltr,CONSUME,-0.11,-0.11,ltr,0.00,03-Feb-2025 00:00,UTC,2025-02-03 00:00:00,,,480b40d0-04bd-4590-a936-2f879b867977,Weekly chemical consumption
197,7440571a-841a-11ed-aa7c-7003bca91a86,chemicals,170,CH-0010,Hand Cleaning Chemical (Industrial Soap),ltr,CONSUME,-2.00,-2.00,ltr,37.00,02-Feb-2025 20:41,UTC,2025-02-02 20:41:00,,WO-2025-004,1,Voyage preparation consumption
1165,7440571a-841a-11ed-aa7c-7003bca91a86,lubes,158,LU-0008,Compressor Oil,ltr,CONSUME,-7.00,-7.00,ltr,43.00,02-Feb-2025 15:36,UTC,2025-02-02 15:36:00,,WO-2025-004,1,Regular operational consumption
196,7440571a-841a-11ed-aa7c-7003bca91a86,stores,142,IT-0002,Jeevan,pcs,CONSUME,-3.00,-3.00,pcs,45.00,02-Feb-2025 13:14,UTC,2025-02-02 13:14:00,,WO-2025-001,1,Machinery space maintenance
1164,7440571a-841a-11ed-aa7c-7003bca91a86,lubes,151,LU-0001,Main Engine Cylinder Oil,ltr,CONSUME,-9.00,-9.00,ltr,41.00,02-Feb-2025 12:55,UTC,2025-02-02 12:55:00,,WO-2025-003,1,Monthly routine usage
195,7440571a-841a-11ed-aa7c-7003bca91a86,stores,147,IT-0007,Ear Plugs (Disposable),pcs,CONSUME,-4.00,-4.00,pcs,46.00,02-Feb-2025 08:56,UTC,2025-02-02 08:56:00,,WO-2025-005,1,Monthly routine usage
3565,7440571a-841a-11ed-aa7c-7003bca91a86,lubes,151,LU-0001,Main Engine Cylinder Oil,ltr,CONSUME,-120.00,-120.00,ltr,0.00,02-Feb-2025 06:33,UTC,2025-02-02 06:33:00,,,056a433e-b880-43c6-9d59-b1cfe71a4014,Daily cylinder oil consumption - 120.0 ltr
194,7440571a-841a-11ed-aa7c-7003bca91a86,stores,143,IT-0003,Grinding Wheel (Grinding Disc),pcs,CONSUME,-5.00,-5.00,pcs,38.00,01-Feb-2025 22:25,UTC,2025-02-01 22:25:00,,WO-2025-005,1,Monthly routine usage
193,7440571a-841a-11ed-aa7c-7003bca91a86,chemicals,165,CH-0005,Potable Water Chlorination Chemical,ltr,CONSUME,-3.00,-3.00,ltr,39.00,01-Feb-2025 19:51,UTC,2025-02-01 19:51:00,,WO-2025-011,1,Hull maintenance work
192,7440571a-841a-11ed-aa7c-7003bca91a86,stores,144,IT-0004,Cutting Disc (Angle Grinder),pcs,CONSUME,-5.00,-5.00,pcs,39.00,01-Feb-2025 18:44,UTC,2025-02-01 18:44:00,,WO-2025-009,1,Routine maintenance consumption
1163,7440571a-841a-11ed-aa7c-7003bca91a86,lubes,152,LU-0002,Main Engine System Oil,ltr,CONSUME,-10.00,-10.00,ltr,37.00,01-Feb-2025 15:04,UTC,2025-02-01 15:04:00,,WO-2025-001,1,Routine maintenance consumption
3564,7440571a-841a-11ed-aa7c-7003bca91a86,lubes,151,LU-0001,Main Engine Cylinder Oil,ltr,CONSUME,-111.70,-111.70,ltr,0.00,01-Feb-2025 08:20,UTC,2025-02-01 08:20:00,,,056a433e-b880-43c6-9d59-b1cfe71a4014,Daily cylinder oil consumption - 111.7 ltr
2147,7440571a-841a-11ed-aa7c-7003bca91a86,stores,174,OT-0004,Waterline area,ltr,CONSUME,-3.85,-3.85,ltr,0.00,01-Feb-2025 00:00,UTC,2025-02-01 00:00:00,,,6084f3b8-85dc-462a-b045-111d2b2e6d0e,General stores consumption
3563,7440571a-841a-11ed-aa7c-7003bca91a86,lubes,151,LU-0001,Main Engine Cylinder Oil,ltr,CONSUME,-120.00,-120.00,ltr,0.00,31-Jan-2025 09:56,UTC,2025-01-31 09:56:00,,,056a433e-b880-43c6-9d59-b1cfe71a4014,Daily cylinder oil consumption - 120.0 ltr
3562,7440571a-841a-11ed-aa7c-7003bca91a86,lubes,151,LU-0001,Main Engine Cylinder Oil,ltr,CONSUME,-76.50,-76.50,ltr,0.00,30-Jan-2025 09:17,UTC,2025-01-30 09:17:00,,,056a433e-b880-43c6-9d59-b1cfe71a4014,Daily cylinder oil consumption - 76.5 ltr
3561,7440571a-841a-11ed-aa7c-7003bca91a86,lubes,151,LU-0001,Main Engine Cylinder Oil,ltr,CONSUME,-77.70,-77.70,ltr,0.00,29-Jan-2025 09:57,UTC,2025-01-29 09:57:00,,,228b5256-5bd2-4bf3-826f-c6fe76571449,Daily cylinder oil consumption - 77.7 ltr
4065,7440571a-841a-11ed-aa7c-7003bca91a86,chemicals,166,CH-0006,Tank Cleaning Chemical (Alkaline),ltr,CONSUME,-21.00,-21.00,ltr,4886.10,28-Jan-2025 13:40,UTC,2025-01-28 13:40:00,,,056a433e-b880-43c6-9d59-b1cfe71a4014,Chemical consumption - Tank Cleaning Chemical (Alkaline)
3560,7440571a-841a-11ed-aa7c-7003bca91a86,lubes,151,LU-0001,Main Engine Cylinder Oil,ltr,CONSUME,-120.00,-120.00,ltr,0.00,28-Jan-2025 09:28,UTC,2025-01-28 09:28:00,,,056a433e-b880-43c6-9d59-b1cfe71a4014,Daily cylinder oil consumption - 120.0 ltr
3559,7440571a-841a-11ed-aa7c-7003bca91a86,lubes,151,LU-0001,Main Engine Cylinder Oil,ltr,CONSUME,-74.20,-74.20,ltr,0.00,27-Jan-2025 09:35,UTC,2025-01-27 09:35:00,,,056a433e-b880-43c6-9d59-b1cfe71a4014,Daily cylinder oil consumption - 74.2 ltr
2143,7440571a-841a-11ed-aa7c-7003bca91a86,chemicals,162,CH-0002,Lube Oil Treatment Chemical,ltr,CONSUME,-0.69,-0.69,ltr,0.00,27-Jan-2025 00:00,UTC,2025-01-27 00:00:00,,,056a433e-b880-43c6-9d59-b1cfe71a4014,Weekly chemical consumption
2146,7440571a-841a-11ed-aa7c-7003bca91a86,chemicals,170,CH-0010,Hand Cleaning Chemical (Industrial Soap),ltr,CONSUME,-1.79,-1.79,ltr,0.00,27-Jan-2025 00:00,UTC,2025-01-27 00:00:00,,,480b40d0-04bd-4590-a936-2f879b867977,Weekly chemical consumption
2145,7440571a-841a-11ed-aa7c-7003bca91a86,chemicals,166,CH-0006,Tank Cleaning Chemical (Alkaline),ltr,CONSUME,-0.84,-0.84,ltr,0.00,27-Jan-2025 00:00,UTC,2025-01-27 00:00:00,,,228b5256-5bd2-4bf3-826f-c6fe76571449,Weekly chemical consumption
2144,7440571a-841a-11ed-aa7c-7003bca91a86,chemicals,164,CH-0004,Cooling Water Treatment Chemical,ltr,CONSUME,-0.52,-0.52,ltr,0.00,27-Jan-2025 00:00,UTC,2025-01-27 00:00:00,,,480b40d0-04bd-4590-a936-2f879b867977,Weekly chemical consumption
4064,7440571a-841a-11ed-aa7c-7003bca91a86,chemicals,165,CH-0005,Potable Water Chlorination Chemical,ltr,CONSUME,-27.90,-27.90,ltr,4797.10,26-Jan-2025 10:09,UTC,2025-01-26 10:09:00,,,056a433e-b880-43c6-9d59-b1cfe71a4014,Chemical consumption - Potable Water Chlorination Chemical
3558,7440571a-841a-11ed-aa7c-7003bca91a86,lubes,151,LU-0001,Main Engine Cylinder Oil,ltr,CONSUME,-84.00,-84.00,ltr,0.00,26-Jan-2025 08:22,UTC,2025-01-26 08:22:00,,,228b5256-5bd2-4bf3-826f-c6fe76571449,Daily cylinder oil consumption - 84.0 ltr
4117,7440571a-841a-11ed-aa7c-7003bca91a86,stores,148,IT-0008,Dust Mask / Respirator Mask,pcs,RECEIVE,127.00,127.00,pcs,752.00,25-Jan-2025 15:46,UTC,2025-01-25 15:46:00,Colombo,PO-2025-5327,228b5256-5bd2-4bf3-826f-c6fe76571449,Received at Colombo
4116,7440571a-841a-11ed-aa7c-7003bca91a86,chemicals,161,CH-0001,Fuel Oil Treatment Chemical,ltr,RECEIVE,814.70,814.70,ltr,6120.10,25-Jan-2025 15:46,UTC,2025-01-25 15:46:00,Colombo,PO-2025-5327,228b5256-5bd2-4bf3-826f-c6fe76571449,Received at Colombo
3557,7440571a-841a-11ed-aa7c-7003bca91a86,lubes,151,LU-0001,Main Engine Cylinder Oil,ltr,CONSUME,-88.90,-88.90,ltr,0.00,25-Jan-2025 09:30,UTC,2025-01-25 09:30:00,,,6084f3b8-85dc-462a-b045-111d2b2e6d0e,Daily cylinder oil consumption - 88.9 ltr
3556,7440571a-841a-11ed-aa7c-7003bca91a86,lubes,151,LU-0001,Main Engine Cylinder Oil,ltr,CONSUME,-63.70,-63.70,ltr,0.00,24-Jan-2025 08:48,UTC,2025-01-24 08:48:00,,,480b40d0-04bd-4590-a936-2f879b867977,Daily cylinder oil consumption - 63.7 ltr
3555,7440571a-841a-11ed-aa7c-7003bca91a86,lubes,151,LU-0001,Main Engine Cylinder Oil,ltr,CONSUME,-73.80,-73.80,ltr,0.00,23-Jan-2025 07:11,UTC,2025-01-23 07:11:00,,,480b40d0-04bd-4590-a936-2f879b867977,Daily cylinder oil consumption - 73.8 ltr
3554,7440571a-841a-11ed-aa7c-7003bca91a86,lubes,151,LU-0001,Main Engine Cylinder Oil,ltr,CONSUME,-117.50,-117.50,ltr,0.00,22-Jan-2025 06:34,UTC,2025-01-22 06:34:00,,,056a433e-b880-43c6-9d59-b1cfe71a4014,Daily cylinder oil consumption - 117.5 ltr
3553,7440571a-841a-11ed-aa7c-7003bca91a86,lubes,151,LU-0001,Main Engine Cylinder Oil,ltr,CONSUME,-110.70,-110.70,ltr,0.00,21-Jan-2025 07:38,UTC,2025-01-21 07:38:00,,,6084f3b8-85dc-462a-b045-111d2b2e6d0e,Daily cylinder oil consumption - 110.7 ltr
3552,7440571a-841a-11ed-aa7c-7003bca91a86,lubes,151,LU-0001,Main Engine Cylinder Oil,ltr,CONSUME,-89.80,-89.80,ltr,0.00,20-Jan-2025 06:28,UTC,2025-01-20 06:28:00,,,056a433e-b880-43c6-9d59-b1cfe71a4014,Daily cylinder oil consumption - 89.8 ltr
2140,7440571a-841a-11ed-aa7c-7003bca91a86,chemicals,166,CH-0006,Tank Cleaning Chemical (Alkaline),ltr,CONSUME,-0.17,-0.17,ltr,0.00,20-Jan-2025 00:00,UTC,2025-01-20 00:00:00,,,228b5256-5bd2-4bf3-826f-c6fe76571449,Weekly chemical consumption
2138,7440571a-841a-11ed-aa7c-7003bca91a86,chemicals,164,CH-0004,Cooling Water Treatment Chemical,ltr,CONSUME,-1.81,-1.81,ltr,0.00,20-Jan-2025 00:00,UTC,2025-01-20 00:00:00,,,056a433e-b880-43c6-9d59-b1cfe71a4014,Weekly chemical consumption
2137,7440571a-841a-11ed-aa7c-7003bca91a86,chemicals,161,CH-0001,Fuel Oil Treatment Chemical,ltr,CONSUME,-0.88,-0.88,ltr,0.00,20-Jan-2025 00:00,UTC,2025-01-20 00:00:00,,,056a433e-b880-43c6-9d59-b1cfe71a4014,Weekly chemical consumption
2139,7440571a-841a-11ed-aa7c-7003bca91a86,chemicals,165,CH-0005,Potable Water Chlorination Chemical,ltr,CONSUME,-1.89,-1.89,ltr,0.00,20-Jan-2025 00:00,UTC,2025-01-20 00:00:00,,,056a433e-b880-43c6-9d59-b1cfe71a4014,Weekly chemical consumption
2141,7440571a-841a-11ed-aa7c-7003bca91a86,chemicals,167,CH-0007,Degreasing Chemical,ltr,CONSUME,-2.06,-2.06,ltr,0.00,20-Jan-2025 00:00,UTC,2025-01-20 00:00:00,,,480b40d0-04bd-4590-a936-2f879b867977,Weekly chemical consumption
2142,7440571a-841a-11ed-aa7c-7003bca91a86,chemicals,168,CH-0008,Rust Remover / Descaling Chemical,ltr,CONSUME,-1.11,-1.11,ltr,0.00,20-Jan-2025 00:00,UTC,2025-01-20 00:00:00,,,228b5256-5bd2-4bf3-826f-c6fe76571449,Weekly chemical consumption
3985,7440571a-841a-11ed-aa7c-7003bca91a86,lubes,152,LU-0002,Main Engine System Oil,ltr,CONSUME,-203.30,-203.30,ltr,511.20,19-Jan-2025 12:11,UTC,2025-01-19 12:11:00,,,228b5256-5bd2-4bf3-826f-c6fe76571449,Monthly ME system oil top-up - 203.3 ltr
3986,7440571a-841a-11ed-aa7c-7003bca91a86,lubes,153,LU-0003,Auxiliary Engine Lube Oil,ltr,CONSUME,-177.00,-177.00,ltr,1163.10,19-Jan-2025 12:11,UTC,2025-01-19 12:11:00,,,056a433e-b880-43c6-9d59-b1cfe71a4014,Monthly AE lube oil top-up - 177.0 ltr
3551,7440571a-841a-11ed-aa7c-7003bca91a86,lubes,151,LU-0001,Main Engine Cylinder Oil,ltr,CONSUME,-82.60,-82.60,ltr,0.00,19-Jan-2025 07:04,UTC,2025-01-19 07:04:00,,,056a433e-b880-43c6-9d59-b1cfe71a4014,Daily cylinder oil consumption - 82.6 ltr
3550,7440571a-841a-11ed-aa7c-7003bca91a86,lubes,151,LU-0001,Main Engine Cylinder Oil,ltr,CONSUME,-86.00,-86.00,ltr,0.00,18-Jan-2025 06:59,UTC,2025-01-18 06:59:00,,,6084f3b8-85dc-462a-b045-111d2b2e6d0e,Daily cylinder oil consumption - 86.0 ltr
3549,7440571a-841a-11ed-aa7c-7003bca91a86,lubes,151,LU-0001,Main Engine Cylinder Oil,ltr,CONSUME,-61.50,-61.50,ltr,0.00,17-Jan-2025 08:45,UTC,2025-01-17 08:45:00,,,056a433e-b880-43c6-9d59-b1cfe71a4014,Daily cylinder oil consumption - 61.5 ltr
3548,7440571a-841a-11ed-aa7c-7003bca91a86,lubes,151,LU-0001,Main Engine Cylinder Oil,ltr,CONSUME,-92.90,-92.90,ltr,0.00,16-Jan-2025 08:47,UTC,2025-01-16 08:47:00,,,6084f3b8-85dc-462a-b045-111d2b2e6d0e,Daily cylinder oil consumption - 92.9 ltr
3547,7440571a-841a-11ed-aa7c-7003bca91a86,lubes,151,LU-0001,Main Engine Cylinder Oil,ltr,CONSUME,-101.80,-101.80,ltr,0.00,15-Jan-2025 09:46,UTC,2025-01-15 09:46:00,,,480b40d0-04bd-4590-a936-2f879b867977,Daily cylinder oil consumption - 101.8 ltr
2136,7440571a-841a-11ed-aa7c-7003bca91a86,stores,177,OT-0007,"Bilges, chain lockers",ltr,CONSUME,-1.30,-1.30,ltr,0.00,15-Jan-2025 00:00,UTC,2025-01-15 00:00:00,,,6084f3b8-85dc-462a-b045-111d2b2e6d0e,General stores consumption
2133,7440571a-841a-11ed-aa7c-7003bca91a86,stores,149,IT-0009,Cotton Waste / Cleaning Rags,pcs,CONSUME,-2.57,-2.57,pcs,0.00,15-Jan-2025 00:00,UTC,2025-01-15 00:00:00,,,480b40d0-04bd-4590-a936-2f879b867977,General stores consumption
2134,7440571a-841a-11ed-aa7c-7003bca91a86,stores,174,OT-0004,Waterline area,ltr,CONSUME,-2.72,-2.72,ltr,0.00,15-Jan-2025 00:00,UTC,2025-01-15 00:00:00,,,056a433e-b880-43c6-9d59-b1cfe71a4014,General stores consumption
2135,7440571a-841a-11ed-aa7c-7003bca91a86,stores,176,OT-0006,"Exhausts, boilers, pipelines",ltr,CONSUME,-2.51,-2.51,ltr,0.00,15-Jan-2025 00:00,UTC,2025-01-15 00:00:00,,,6084f3b8-85dc-462a-b045-111d2b2e6d0e,General stores consumption
3546,7440571a-841a-11ed-aa7c-7003bca91a86,lubes,151,LU-0001,Main Engine Cylinder Oil,ltr,CONSUME,-66.30,-66.30,ltr,0.00,14-Jan-2025 07:13,UTC,2025-01-14 07:13:00,,,480b40d0-04bd-4590-a936-2f879b867977,Daily cylinder oil consumption - 66.3 ltr
3545,7440571a-841a-11ed-aa7c-7003bca91a86,lubes,151,LU-0001,Main Engine Cylinder Oil,ltr,CONSUME,-69.90,-69.90,ltr,0.00,13-Jan-2025 08:57,UTC,2025-01-13 08:57:00,,,6084f3b8-85dc-462a-b045-111d2b2e6d0e,Daily cylinder oil consumption - 69.9 ltr
2130,7440571a-841a-11ed-aa7c-7003bca91a86,chemicals,165,CH-0005,Potable Water Chlorination Chemical,ltr,CONSUME,-1.55,-1.55,ltr,0.00,13-Jan-2025 00:00,UTC,2025-01-13 00:00:00,,,480b40d0-04bd-4590-a936-2f879b867977,Weekly chemical consumption
2128,7440571a-841a-11ed-aa7c-7003bca91a86,chemicals,163,CH-0003,Boiler Water Treatment Chemical,ltr,CONSUME,-0.87,-0.87,ltr,0.00,13-Jan-2025 00:00,UTC,2025-01-13 00:00:00,,,228b5256-5bd2-4bf3-826f-c6fe76571449,Weekly chemical consumption
2129,7440571a-841a-11ed-aa7c-7003bca91a86,chemicals,164,CH-0004,Cooling Water Treatment Chemical,ltr,CONSUME,-1.44,-1.44,ltr,0.00,13-Jan-2025 00:00,UTC,2025-01-13 00:00:00,,,056a433e-b880-43c6-9d59-b1cfe71a4014,Weekly chemical consumption
2127,7440571a-841a-11ed-aa7c-7003bca91a86,chemicals,161,CH-0001,Fuel Oil Treatment Chemical,ltr,CONSUME,-1.58,-1.58,ltr,0.00,13-Jan-2025 00:00,UTC,2025-01-13 00:00:00,,,6084f3b8-85dc-462a-b045-111d2b2e6d0e,Weekly chemical consumption
2131,7440571a-841a-11ed-aa7c-7003bca91a86,chemicals,166,CH-0006,Tank Cleaning Chemical (Alkaline),ltr,CONSUME,-0.46,-0.46,ltr,0.00,13-Jan-2025 00:00,UTC,2025-01-13 00:00:00,,,6084f3b8-85dc-462a-b045-111d2b2e6d0e,Weekly chemical consumption
2132,7440571a-841a-11ed-aa7c-7003bca91a86,chemicals,170,CH-0010,Hand Cleaning Chemical (Industrial Soap),ltr,CONSUME,-1.42,-1.42,ltr,0.00,13-Jan-2025 00:00,UTC,2025-01-13 00:00:00,,,6084f3b8-85dc-462a-b045-111d2b2e6d0e,Weekly chemical consumption
3544,7440571a-841a-11ed-aa7c-7003bca91a86,lubes,151,LU-0001,Main Engine Cylinder Oil,ltr,CONSUME,-64.30,-64.30,ltr,0.00,12-Jan-2025 07:53,UTC,2025-01-12 07:53:00,,,228b5256-5bd2-4bf3-826f-c6fe76571449,Daily cylinder oil consumption - 64.3 ltr
3543,7440571a-841a-11ed-aa7c-7003bca91a86,lubes,151,LU-0001,Main Engine Cylinder Oil,ltr,CONSUME,-87.60,-87.60,ltr,0.00,11-Jan-2025 07:48,UTC,2025-01-11 07:48:00,,,6084f3b8-85dc-462a-b045-111d2b2e6d0e,Daily cylinder oil consumption - 87.6 ltr
3542,7440571a-841a-11ed-aa7c-7003bca91a86,lubes,151,LU-0001,Main Engine Cylinder Oil,ltr,CONSUME,-110.30,-110.30,ltr,0.00,10-Jan-2025 08:28,UTC,2025-01-10 08:28:00,,,6084f3b8-85dc-462a-b045-111d2b2e6d0e,Daily cylinder oil consumption - 110.3 ltr
2700,7440571a-841a-11ed-aa7c-7003bca91a86,stores,148,IT-0008,Dust Mask / Respirator Mask,pcs,RECEIVE,44.01,44.01,pcs,280.81,10-Jan-2025 00:00,UTC,2025-01-10 00:00:00,Singapore,PO-2025-1615,228b5256-5bd2-4bf3-826f-c6fe76571449,Received at Singapore
2697,7440571a-841a-11ed-aa7c-7003bca91a86,stores,142,IT-0002,Jeevan,pcs,RECEIVE,35.52,35.52,pcs,170.17,10-Jan-2025 00:00,UTC,2025-01-10 00:00:00,Singapore,PO-2025-8814,228b5256-5bd2-4bf3-826f-c6fe76571449,Received at Singapore
2698,7440571a-841a-11ed-aa7c-7003bca91a86,stores,143,IT-0003,Grinding Wheel (Grinding Disc),pcs,RECEIVE,54.91,54.91,pcs,247.38,10-Jan-2025 00:00,UTC,2025-01-10 00:00:00,Singapore,PO-2025-9578,228b5256-5bd2-4bf3-826f-c6fe76571449,Received at Singapore
2699,7440571a-841a-11ed-aa7c-7003bca91a86,stores,146,IT-0006,Safety Goggles (Clear),pcs,RECEIVE,34.93,34.93,pcs,269.04,10-Jan-2025 00:00,UTC,2025-01-10 00:00:00,Singapore,PO-2025-8247,228b5256-5bd2-4bf3-826f-c6fe76571449,Received at Singapore
2701,7440571a-841a-11ed-aa7c-7003bca91a86,stores,152,LU-0002,Main Engine System Oil,ltr,RECEIVE,5.88,5.88,ltr,195.79,10-Jan-2025 00:00,UTC,2025-01-10 00:00:00,Singapore,PO-2025-3637,228b5256-5bd2-4bf3-826f-c6fe76571449,Received at Singapore
2702,7440571a-841a-11ed-aa7c-7003bca91a86,stores,154,LU-0004,Turbocharger Lube Oil,ltr,RECEIVE,30.54,30.54,ltr,262.70,10-Jan-2025 00:00,UTC,2025-01-10 00:00:00,Singapore,PO-2025-0356,228b5256-5bd2-4bf3-826f-c6fe76571449,Received at Singapore
2703,7440571a-841a-11ed-aa7c-7003bca91a86,stores,156,LU-0006,Gear Oil,ltr,RECEIVE,11.64,11.64,ltr,238.16,10-Jan-2025 00:00,UTC,2025-01-10 00:00:00,Singapore,PO-2025-4594,228b5256-5bd2-4bf3-826f-c6fe76571449,Received at Singapore
2704,7440571a-841a-11ed-aa7c-7003bca91a86,stores,157,LU-0007,Stern Tube Oil,ltr,RECEIVE,14.60,14.60,ltr,357.61,10-Jan-2025 00:00,UTC,2025-01-10 00:00:00,Singapore,PO-2025-9825,228b5256-5bd2-4bf3-826f-c6fe76571449,Received at Singapore
2705,7440571a-841a-11ed-aa7c-7003bca91a86,stores,158,LU-0008,Compressor Oil,ltr,RECEIVE,24.14,24.14,ltr,182.03,10-Jan-2025 00:00,UTC,2025-01-10 00:00:00,Singapore,PO-2025-2350,228b5256-5bd2-4bf3-826f-c6fe76571449,Received at Singapore
2706,7440571a-841a-11ed-aa7c-7003bca91a86,chemicals,165,CH-0005,Potable Water Chlorination Chemical,ltr,RECEIVE,17.51,17.51,ltr,182.88,10-Jan-2025 00:00,UTC,2025-01-10 00:00:00,Singapore,PO-2025-5907,228b5256-5bd2-4bf3-826f-c6fe76571449,Received at Singapore
2707,7440571a-841a-11ed-aa7c-7003bca91a86,chemicals,166,CH-0006,Tank Cleaning Chemical (Alkaline),ltr,RECEIVE,47.73,47.73,ltr,184.71,10-Jan-2025 00:00,UTC,2025-01-10 00:00:00,Singapore,PO-2025-2333,228b5256-5bd2-4bf3-826f-c6fe76571449,Received at Singapore
2708,7440571a-841a-11ed-aa7c-7003bca91a86,chemicals,167,CH-0007,Degreasing Chemical,ltr,RECEIVE,17.28,17.28,ltr,78.79,10-Jan-2025 00:00,UTC,2025-01-10 00:00:00,Singapore,PO-2025-9135,228b5256-5bd2-4bf3-826f-c6fe76571449,Received at Singapore
2709,7440571a-841a-11ed-aa7c-7003bca91a86,stores,171,OT-0001,Steel surface protection,ltr,RECEIVE,53.91,53.91,ltr,207.45,10-Jan-2025 00:00,UTC,2025-01-10 00:00:00,Singapore,PO-2025-3557,228b5256-5bd2-4bf3-826f-c6fe76571449,Received at Singapore
2710,7440571a-841a-11ed-aa7c-7003bca91a86,stores,173,OT-0003,Hull below waterline,ltr,RECEIVE,32.66,32.66,ltr,176.77,10-Jan-2025 00:00,UTC,2025-01-10 00:00:00,Singapore,PO-2025-3013,228b5256-5bd2-4bf3-826f-c6fe76571449,Received at Singapore
2711,7440571a-841a-11ed-aa7c-7003bca91a86,stores,175,OT-0005,External structures,ltr,RECEIVE,36.49,36.49,ltr,196.60,10-Jan-2025 00:00,UTC,2025-01-10 00:00:00,Singapore,PO-2025-3399,228b5256-5bd2-4bf3-826f-c6fe76571449,Received at Singapore
3541,7440571a-841a-11ed-aa7c-7003bca91a86,lubes,151,LU-0001,Main Engine Cylinder Oil,ltr,CONSUME,-103.40,-103.40,ltr,0.00,09-Jan-2025 07:30,UTC,2025-01-09 07:30:00,,,056a433e-b880-43c6-9d59-b1cfe71a4014,Daily cylinder oil consumption - 103.4 ltr
3540,7440571a-841a-11ed-aa7c-7003bca91a86,lubes,151,LU-0001,Main Engine Cylinder Oil,ltr,CONSUME,-66.20,-66.20,ltr,0.00,08-Jan-2025 09:11,UTC,2025-01-08 09:11:00,,,480b40d0-04bd-4590-a936-2f879b867977,Daily cylinder oil consumption - 66.2 ltr
3539,7440571a-841a-11ed-aa7c-7003bca91a86,lubes,151,LU-0001,Main Engine Cylinder Oil,ltr,CONSUME,-92.40,-92.40,ltr,0.00,07-Jan-2025 09:41,UTC,2025-01-07 09:41:00,,,6084f3b8-85dc-462a-b045-111d2b2e6d0e,Daily cylinder oil consumption - 92.4 ltr
3538,7440571a-841a-11ed-aa7c-7003bca91a86,lubes,151,LU-0001,Main Engine Cylinder Oil,ltr,CONSUME,-65.20,-65.20,ltr,0.00,06-Jan-2025 08:30,UTC,2025-01-06 08:30:00,,,056a433e-b880-43c6-9d59-b1cfe71a4014,Daily cylinder oil consumption - 65.2 ltr
2124,7440571a-841a-11ed-aa7c-7003bca91a86,chemicals,164,CH-0004,Cooling Water Treatment Chemical,ltr,CONSUME,-1.12,-1.12,ltr,0.00,06-Jan-2025 00:00,UTC,2025-01-06 00:00:00,,,056a433e-b880-43c6-9d59-b1cfe71a4014,Weekly chemical consumption
2123,7440571a-841a-11ed-aa7c-7003bca91a86,chemicals,162,CH-0002,Lube Oil Treatment Chemical,ltr,CONSUME,-0.72,-0.72,ltr,0.00,06-Jan-2025 00:00,UTC,2025-01-06 00:00:00,,,056a433e-b880-43c6-9d59-b1cfe71a4014,Weekly chemical consumption
2126,7440571a-841a-11ed-aa7c-7003bca91a86,chemicals,168,CH-0008,Rust Remover / Descaling Chemical,ltr,CONSUME,-1.20,-1.20,ltr,0.00,06-Jan-2025 00:00,UTC,2025-01-06 00:00:00,,,056a433e-b880-43c6-9d59-b1cfe71a4014,Weekly chemical consumption
2125,7440571a-841a-11ed-aa7c-7003bca91a86,chemicals,167,CH-0007,Degreasing Chemical,ltr,CONSUME,-1.81,-1.81,ltr,0.00,06-Jan-2025 00:00,UTC,2025-01-06 00:00:00,,,228b5256-5bd2-4bf3-826f-c6fe76571449,Weekly chemical consumption
3537,7440571a-841a-11ed-aa7c-7003bca91a86,lubes,151,LU-0001,Main Engine Cylinder Oil,ltr,CONSUME,-73.60,-73.60,ltr,0.00,05-Jan-2025 07:21,UTC,2025-01-05 07:21:00,,,228b5256-5bd2-4bf3-826f-c6fe76571449,Daily cylinder oil consumption - 73.6 ltr
3536,7440571a-841a-11ed-aa7c-7003bca91a86,lubes,151,LU-0001,Main Engine Cylinder Oil,ltr,CONSUME,-80.40,-80.40,ltr,0.00,04-Jan-2025 09:52,UTC,2025-01-04 09:52:00,,,480b40d0-04bd-4590-a936-2f879b867977,Daily cylinder oil consumption - 80.4 ltr
3535,7440571a-841a-11ed-aa7c-7003bca91a86,lubes,151,LU-0001,Main Engine Cylinder Oil,ltr,CONSUME,-120.00,-120.00,ltr,0.00,03-Jan-2025 08:59,UTC,2025-01-03 08:59:00,,,228b5256-5bd2-4bf3-826f-c6fe76571449,Daily cylinder oil consumption - 120.0 ltr
4060,7440571a-841a-11ed-aa7c-7003bca91a86,chemicals,161,CH-0001,Fuel Oil Treatment Chemical,ltr,CONSUME,-10.90,-10.90,ltr,4860.50,02-Jan-2025 13:51,UTC,2025-01-02 13:51:00,,,480b40d0-04bd-4590-a936-2f879b867977,Chemical consumption - Fuel Oil Treatment Chemical
3534,7440571a-841a-11ed-aa7c-7003bca91a86,lubes,151,LU-0001,Main Engine Cylinder Oil,ltr,CONSUME,-95.10,-95.10,ltr,0.00,02-Jan-2025 08:32,UTC,2025-01-02 08:32:00,,,056a433e-b880-43c6-9d59-b1cfe71a4014,Daily cylinder oil consumption - 95.1 ltr
3533,7440571a-841a-11ed-aa7c-7003bca91a86,lubes,151,LU-0001,Main Engine Cylinder Oil,ltr,CONSUME,-120.00,-120.00,ltr,0.00,01-Jan-2025 07:28,UTC,2025-01-01 07:28:00,,,6084f3b8-85dc-462a-b045-111d2b2e6d0e,Daily cylinder oil consumption - 120.0 ltr
2122,7440571a-841a-11ed-aa7c-7003bca91a86,stores,177,OT-0007,"Bilges, chain lockers",ltr,CONSUME,-3.29,-3.29,ltr,0.00,01-Jan-2025 00:00,UTC,2025-01-01 00:00:00,,,056a433e-b880-43c6-9d59-b1cfe71a4014,General stores consumption
2117,7440571a-841a-11ed-aa7c-7003bca91a86,stores,144,IT-0004,Cutting Disc (Angle Grinder),pcs,CONSUME,-2.94,-2.94,pcs,0.00,01-Jan-2025 00:00,UTC,2025-01-01 00:00:00,,,480b40d0-04bd-4590-a936-2f879b867977,General stores consumption
2118,7440571a-841a-11ed-aa7c-7003bca91a86,stores,148,IT-0008,Dust Mask / Respirator Mask,pcs,CONSUME,-2.54,-2.54,pcs,0.00,01-Jan-2025 00:00,UTC,2025-01-01 00:00:00,,,480b40d0-04bd-4590-a936-2f879b867977,General stores consumption
2119,7440571a-841a-11ed-aa7c-7003bca91a86,stores,150,IT-0010,Emery Paper / Abrasive Sheet,pcs,CONSUME,-1.75,-1.75,pcs,0.00,01-Jan-2025 00:00,UTC,2025-01-01 00:00:00,,,480b40d0-04bd-4590-a936-2f879b867977,General stores consumption
2120,7440571a-841a-11ed-aa7c-7003bca91a86,stores,172,OT-0002,"Ballast tanks, machinery spaces",ltr,CONSUME,-2.10,-2.10,ltr,0.00,01-Jan-2025 00:00,UTC,2025-01-01 00:00:00,,,056a433e-b880-43c6-9d59-b1cfe71a4014,General stores consumption
2121,7440571a-841a-11ed-aa7c-7003bca91a86,stores,176,OT-0006,"Exhausts, boilers, pipelines",ltr,CONSUME,-2.36,-2.36,ltr,0.00,01-Jan-2025 00:00,UTC,2025-01-01 00:00:00,,,228b5256-5bd2-4bf3-826f-c6fe76571449,General stores consumption
3532,7440571a-841a-11ed-aa7c-7003bca91a86,lubes,151,LU-0001,Main Engine Cylinder Oil,ltr,CONSUME,-82.00,-82.00,ltr,0.00,31-Dec-2024 06:37,UTC,2024-12-31 06:37:00,,,6084f3b8-85dc-462a-b045-111d2b2e6d0e,Daily cylinder oil consumption - 82.0 ltr
3531,7440571a-841a-11ed-aa7c-7003bca91a86,lubes,151,LU-0001,Main Engine Cylinder Oil,ltr,CONSUME,-90.40,-90.40,ltr,0.00,30-Dec-2024 06:49,UTC,2024-12-30 06:49:00,,,6084f3b8-85dc-462a-b045-111d2b2e6d0e,Daily cylinder oil consumption - 90.4 ltr
2115,7440571a-841a-11ed-aa7c-7003bca91a86,chemicals,168,CH-0008,Rust Remover / Descaling Chemical,ltr,CONSUME,-0.52,-0.52,ltr,0.00,30-Dec-2024 00:00,UTC,2024-12-30 00:00:00,,,6084f3b8-85dc-462a-b045-111d2b2e6d0e,Weekly chemical consumption
2116,7440571a-841a-11ed-aa7c-7003bca91a86,chemicals,169,CH-0009,Sewage Treatment Plant Chemical,ltr,CONSUME,-2.05,-2.05,ltr,0.00,30-Dec-2024 00:00,UTC,2024-12-30 00:00:00,,,056a433e-b880-43c6-9d59-b1cfe71a4014,Weekly chemical consumption
2114,7440571a-841a-11ed-aa7c-7003bca91a86,chemicals,164,CH-0004,Cooling Water Treatment Chemical,ltr,CONSUME,-0.40,-0.40,ltr,0.00,30-Dec-2024 00:00,UTC,2024-12-30 00:00:00,,,480b40d0-04bd-4590-a936-2f879b867977,Weekly chemical consumption
3530,7440571a-841a-11ed-aa7c-7003bca91a86,lubes,151,LU-0001,Main Engine Cylinder Oil,ltr,CONSUME,-107.00,-107.00,ltr,0.00,29-Dec-2024 09:06,UTC,2024-12-29 09:06:00,,,228b5256-5bd2-4bf3-826f-c6fe76571449,Daily cylinder oil consumption - 107.0 ltr
3529,7440571a-841a-11ed-aa7c-7003bca91a86,lubes,151,LU-0001,Main Engine Cylinder Oil,ltr,CONSUME,-92.90,-92.90,ltr,0.00,28-Dec-2024 09:54,UTC,2024-12-28 09:54:00,,,228b5256-5bd2-4bf3-826f-c6fe76571449,Daily cylinder oil consumption - 92.9 ltr
4058,7440571a-841a-11ed-aa7c-7003bca91a86,chemicals,168,CH-0008,Rust Remover / Descaling Chemical,ltr,CONSUME,-11.40,-11.40,ltr,4849.40,27-Dec-2024 11:32,UTC,2024-12-27 11:32:00,,,480b40d0-04bd-4590-a936-2f879b867977,Chemical consumption - Rust Remover / Descaling Chemical
3528,7440571a-841a-11ed-aa7c-7003bca91a86,lubes,151,LU-0001,Main Engine Cylinder Oil,ltr,CONSUME,-70.90,-70.90,ltr,0.00,27-Dec-2024 06:33,UTC,2024-12-27 06:33:00,,,6084f3b8-85dc-462a-b045-111d2b2e6d0e,Daily cylinder oil consumption - 70.9 ltr
3527,7440571a-841a-11ed-aa7c-7003bca91a86,lubes,151,LU-0001,Main Engine Cylinder Oil,ltr,CONSUME,-109.40,-109.40,ltr,0.00,26-Dec-2024 09:17,UTC,2024-12-26 09:17:00,,,6084f3b8-85dc-462a-b045-111d2b2e6d0e,Daily cylinder oil consumption - 109.4 ltr
3526,7440571a-841a-11ed-aa7c-7003bca91a86,lubes,151,LU-0001,Main Engine Cylinder Oil,ltr,CONSUME,-90.30,-90.30,ltr,0.00,25-Dec-2024 06:09,UTC,2024-12-25 06:09:00,,,228b5256-5bd2-4bf3-826f-c6fe76571449,Daily cylinder oil consumption - 90.3 ltr
3525,7440571a-841a-11ed-aa7c-7003bca91a86,lubes,151,LU-0001,Main Engine Cylinder Oil,ltr,CONSUME,-120.00,-120.00,ltr,0.00,24-Dec-2024 09:02,UTC,2024-12-24 09:02:00,,,480b40d0-04bd-4590-a936-2f879b867977,Daily cylinder oil consumption - 120.0 ltr
3524,7440571a-841a-11ed-aa7c-7003bca91a86,lubes,151,LU-0001,Main Engine Cylinder Oil,ltr,CONSUME,-105.90,-105.90,ltr,0.00,23-Dec-2024 09:44,UTC,2024-12-23 09:44:00,,,480b40d0-04bd-4590-a936-2f879b867977,Daily cylinder oil consumption - 105.9 ltr
2113,7440571a-841a-11ed-aa7c-7003bca91a86,chemicals,165,CH-0005,Potable Water Chlorination Chemical,ltr,CONSUME,-1.96,-1.96,ltr,0.00,23-Dec-2024 00:00,UTC,2024-12-23 00:00:00,,,056a433e-b880-43c6-9d59-b1cfe71a4014,Weekly chemical consumption
2112,7440571a-841a-11ed-aa7c-7003bca91a86,chemicals,163,CH-0003,Boiler Water Treatment Chemical,ltr,CONSUME,-0.65,-0.65,ltr,0.00,23-Dec-2024 00:00,UTC,2024-12-23 00:00:00,,,056a433e-b880-43c6-9d59-b1cfe71a4014,Weekly chemical consumption
3523,7440571a-841a-11ed-aa7c-7003bca91a86,lubes,151,LU-0001,Main Engine Cylinder Oil,ltr,CONSUME,-120.00,-120.00,ltr,0.00,22-Dec-2024 09:00,UTC,2024-12-22 09:00:00,,,480b40d0-04bd-4590-a936-2f879b867977,Daily cylinder oil consumption - 120.0 ltr
3522,7440571a-841a-11ed-aa7c-7003bca91a86,lubes,151,LU-0001,Main Engine Cylinder Oil,ltr,CONSUME,-118.60,-118.60,ltr,0.00,21-Dec-2024 06:10,UTC,2024-12-21 06:10:00,,,6084f3b8-85dc-462a-b045-111d2b2e6d0e,Daily cylinder oil consumption - 118.6 ltr
4061,7440571a-841a-11ed-aa7c-7003bca91a86,chemicals,167,CH-0007,Degreasing Chemical,ltr,CONSUME,-25.60,-25.60,ltr,4886.60,20-Dec-2024 08:09,UTC,2024-12-20 08:09:00,,,480b40d0-04bd-4590-a936-2f879b867977,Chemical consumption - Degreasing Chemical
3521,7440571a-841a-11ed-aa7c-7003bca91a86,lubes,151,LU-0001,Main Engine Cylinder Oil,ltr,CONSUME,-112.60,-112.60,ltr,0.00,20-Dec-2024 07:48,UTC,2024-12-20 07:48:00,,,6084f3b8-85dc-462a-b045-111d2b2e6d0e,Daily cylinder oil consumption - 112.6 ltr
4059,7440571a-841a-11ed-aa7c-7003bca91a86,chemicals,170,CH-0010,Hand Cleaning Chemical (Industrial Soap),ltr,CONSUME,-28.90,-28.90,ltr,4899.90,19-Dec-2024 13:42,UTC,2024-12-19 13:42:00,,,6084f3b8-85dc-462a-b045-111d2b2e6d0e,Chemical consumption - Hand Cleaning Chemical (Industrial Soap)
3520,7440571a-841a-11ed-aa7c-7003bca91a86,lubes,151,LU-0001,Main Engine Cylinder Oil,ltr,CONSUME,-120.00,-120.00,ltr,0.00,19-Dec-2024 06:26,UTC,2024-12-19 06:26:00,,,6084f3b8-85dc-462a-b045-111d2b2e6d0e,Daily cylinder oil consumption - 120.0 ltr
3519,7440571a-841a-11ed-aa7c-7003bca91a86,lubes,151,LU-0001,Main Engine Cylinder Oil,ltr,CONSUME,-82.00,-82.00,ltr,0.00,18-Dec-2024 08:32,UTC,2024-12-18 08:32:00,,,480b40d0-04bd-4590-a936-2f879b867977,Daily cylinder oil consumption - 82.0 ltr
3518,7440571a-841a-11ed-aa7c-7003bca91a86,lubes,151,LU-0001,Main Engine Cylinder Oil,ltr,CONSUME,-108.00,-108.00,ltr,0.00,17-Dec-2024 07:22,UTC,2024-12-17 07:22:00,,,056a433e-b880-43c6-9d59-b1cfe71a4014,Daily cylinder oil consumption - 108.0 ltr
3517,7440571a-841a-11ed-aa7c-7003bca91a86,lubes,151,LU-0001,Main Engine Cylinder Oil,ltr,CONSUME,-92.70,-92.70,ltr,0.00,16-Dec-2024 09:59,UTC,2024-12-16 09:59:00,,,6084f3b8-85dc-462a-b045-111d2b2e6d0e,Daily cylinder oil consumption - 92.7 ltr
2108,7440571a-841a-11ed-aa7c-7003bca91a86,chemicals,163,CH-0003,Boiler Water Treatment Chemical,ltr,CONSUME,-1.70,-1.70,ltr,0.00,16-Dec-2024 00:00,UTC,2024-12-16 00:00:00,,,480b40d0-04bd-4590-a936-2f879b867977,Weekly chemical consumption
2111,7440571a-841a-11ed-aa7c-7003bca91a86,chemicals,168,CH-0008,Rust Remover / Descaling Chemical,ltr,CONSUME,-1.78,-1.78,ltr,0.00,16-Dec-2024 00:00,UTC,2024-12-16 00:00:00,,,6084f3b8-85dc-462a-b045-111d2b2e6d0e,Weekly chemical consumption
2110,7440571a-841a-11ed-aa7c-7003bca91a86,chemicals,166,CH-0006,Tank Cleaning Chemical (Alkaline),ltr,CONSUME,-1.99,-1.99,ltr,0.00,16-Dec-2024 00:00,UTC,2024-12-16 00:00:00,,,228b5256-5bd2-4bf3-826f-c6fe76571449,Weekly chemical consumption
2109,7440571a-841a-11ed-aa7c-7003bca91a86,chemicals,165,CH-0005,Potable Water Chlorination Chemical,ltr,CONSUME,-0.39,-0.39,ltr,0.00,16-Dec-2024 00:00,UTC,2024-12-16 00:00:00,,,228b5256-5bd2-4bf3-826f-c6fe76571449,Weekly chemical consumption
2107,7440571a-841a-11ed-aa7c-7003bca91a86,chemicals,162,CH-0002,Lube Oil Treatment Chemical,ltr,CONSUME,-0.48,-0.48,ltr,0.00,16-Dec-2024 00:00,UTC,2024-12-16 00:00:00,,,480b40d0-04bd-4590-a936-2f879b867977,Weekly chemical consumption
3984,7440571a-841a-11ed-aa7c-7003bca91a86,lubes,153,LU-0003,Auxiliary Engine Lube Oil,ltr,CONSUME,-186.20,-186.20,ltr,1340.10,15-Dec-2024 11:22,UTC,2024-12-15 11:22:00,,,056a433e-b880-43c6-9d59-b1cfe71a4014,Monthly AE lube oil top-up - 186.2 ltr
3983,7440571a-841a-11ed-aa7c-7003bca91a86,lubes,152,LU-0002,Main Engine System Oil,ltr,CONSUME,-260.10,-260.10,ltr,714.50,15-Dec-2024 11:22,UTC,2024-12-15 11:22:00,,,228b5256-5bd2-4bf3-826f-c6fe76571449,Monthly ME system oil top-up - 260.1 ltr
3516,7440571a-841a-11ed-aa7c-7003bca91a86,lubes,151,LU-0001,Main Engine Cylinder Oil,ltr,CONSUME,-65.80,-65.80,ltr,0.00,15-Dec-2024 06:49,UTC,2024-12-15 06:49:00,,,480b40d0-04bd-4590-a936-2f879b867977,Daily cylinder oil consumption - 65.8 ltr
2106,7440571a-841a-11ed-aa7c-7003bca91a86,stores,177,OT-0007,"Bilges, chain lockers",ltr,CONSUME,-1.05,-1.05,ltr,0.00,15-Dec-2024 00:00,UTC,2024-12-15 00:00:00,,,6084f3b8-85dc-462a-b045-111d2b2e6d0e,General stores consumption
2103,7440571a-841a-11ed-aa7c-7003bca91a86,stores,174,OT-0004,Waterline area,ltr,CONSUME,-2.55,-2.55,ltr,0.00,15-Dec-2024 00:00,UTC,2024-12-15 00:00:00,,,480b40d0-04bd-4590-a936-2f879b867977,General stores consumption
2104,7440571a-841a-11ed-aa7c-7003bca91a86,stores,175,OT-0005,External structures,ltr,CONSUME,-3.69,-3.69,ltr,0.00,15-Dec-2024 00:00,UTC,2024-12-15 00:00:00,,,6084f3b8-85dc-462a-b045-111d2b2e6d0e,General stores consumption
2105,7440571a-841a-11ed-aa7c-7003bca91a86,stores,176,OT-0006,"Exhausts, boilers, pipelines",ltr,CONSUME,-2.44,-2.44,ltr,0.00,15-Dec-2024 00:00,UTC,2024-12-15 00:00:00,,,480b40d0-04bd-4590-a936-2f879b867977,General stores consumption
2101,7440571a-841a-11ed-aa7c-7003bca91a86,stores,144,IT-0004,Cutting Disc (Angle Grinder),pcs,CONSUME,-2.63,-2.63,pcs,0.00,15-Dec-2024 00:00,UTC,2024-12-15 00:00:00,,,228b5256-5bd2-4bf3-826f-c6fe76571449,General stores consumption
2102,7440571a-841a-11ed-aa7c-7003bca91a86,stores,149,IT-0009,Cotton Waste / Cleaning Rags,pcs,CONSUME,-2.82,-2.82,pcs,0.00,15-Dec-2024 00:00,UTC,2024-12-15 00:00:00,,,228b5256-5bd2-4bf3-826f-c6fe76571449,General stores consumption
3515,7440571a-841a-11ed-aa7c-7003bca91a86,lubes,151,LU-0001,Main Engine Cylinder Oil,ltr,CONSUME,-119.00,-119.00,ltr,0.00,14-Dec-2024 08:43,UTC,2024-12-14 08:43:00,,,6084f3b8-85dc-462a-b045-111d2b2e6d0e,Daily cylinder oil consumption - 119.0 ltr
3514,7440571a-841a-11ed-aa7c-7003bca91a86,lubes,151,LU-0001,Main Engine Cylinder Oil,ltr,CONSUME,-101.30,-101.30,ltr,0.00,13-Dec-2024 08:10,UTC,2024-12-13 08:10:00,,,228b5256-5bd2-4bf3-826f-c6fe76571449,Daily cylinder oil consumption - 101.3 ltr
3513,7440571a-841a-11ed-aa7c-7003bca91a86,lubes,151,LU-0001,Main Engine Cylinder Oil,ltr,CONSUME,-81.30,-81.30,ltr,0.00,12-Dec-2024 09:55,UTC,2024-12-12 09:55:00,,,228b5256-5bd2-4bf3-826f-c6fe76571449,Daily cylinder oil consumption - 81.3 ltr
4062,7440571a-841a-11ed-aa7c-7003bca91a86,chemicals,162,CH-0002,Lube Oil Treatment Chemical,ltr,CONSUME,-7.20,-7.20,ltr,4902.60,11-Dec-2024 12:42,UTC,2024-12-11 12:42:00,,,056a433e-b880-43c6-9d59-b1cfe71a4014,Chemical consumption - Lube Oil Treatment Chemical
3512,7440571a-841a-11ed-aa7c-7003bca91a86,lubes,151,LU-0001,Main Engine Cylinder Oil,ltr,CONSUME,-95.30,-95.30,ltr,0.00,11-Dec-2024 08:23,UTC,2024-12-11 08:23:00,,,228b5256-5bd2-4bf3-826f-c6fe76571449,Daily cylinder oil consumption - 95.3 ltr
3511,7440571a-841a-11ed-aa7c-7003bca91a86,lubes,151,LU-0001,Main Engine Cylinder Oil,ltr,CONSUME,-62.00,-62.00,ltr,0.00,10-Dec-2024 07:16,UTC,2024-12-10 07:16:00,,,6084f3b8-85dc-462a-b045-111d2b2e6d0e,Daily cylinder oil consumption - 62.0 ltr
2691,7440571a-841a-11ed-aa7c-7003bca91a86,stores,156,LU-0006,Gear Oil,ltr,RECEIVE,32.21,32.21,ltr,226.52,10-Dec-2024 00:00,UTC,2024-12-10 00:00:00,Fujairah,PO-2024-4111,228b5256-5bd2-4bf3-826f-c6fe76571449,Received at Fujairah
2690,7440571a-841a-11ed-aa7c-7003bca91a86,stores,153,LU-0003,Auxiliary Engine Lube Oil,ltr,RECEIVE,19.10,19.10,ltr,150.66,10-Dec-2024 00:00,UTC,2024-12-10 00:00:00,Fujairah,PO-2024-1285,228b5256-5bd2-4bf3-826f-c6fe76571449,Received at Fujairah
2689,7440571a-841a-11ed-aa7c-7003bca91a86,stores,152,LU-0002,Main Engine System Oil,ltr,RECEIVE,39.80,39.80,ltr,189.91,10-Dec-2024 00:00,UTC,2024-12-10 00:00:00,Fujairah,PO-2024-2386,228b5256-5bd2-4bf3-826f-c6fe76571449,Received at Fujairah
2688,7440571a-841a-11ed-aa7c-7003bca91a86,stores,149,IT-0009,Cotton Waste / Cleaning Rags,pcs,RECEIVE,39.77,39.77,pcs,210.26,10-Dec-2024 00:00,UTC,2024-12-10 00:00:00,Fujairah,PO-2024-7563,228b5256-5bd2-4bf3-826f-c6fe76571449,Received at Fujairah
2687,7440571a-841a-11ed-aa7c-7003bca91a86,stores,148,IT-0008,Dust Mask / Respirator Mask,pcs,RECEIVE,10.54,10.54,pcs,236.80,10-Dec-2024 00:00,UTC,2024-12-10 00:00:00,Fujairah,PO-2024-4751,228b5256-5bd2-4bf3-826f-c6fe76571449,Received at Fujairah
2686,7440571a-841a-11ed-aa7c-7003bca91a86,stores,145,IT-0005,Welding Electrodes (General Purpose),pcs,RECEIVE,10.61,10.61,pcs,237.75,10-Dec-2024 00:00,UTC,2024-12-10 00:00:00,Fujairah,PO-2024-9210,228b5256-5bd2-4bf3-826f-c6fe76571449,Received at Fujairah
2685,7440571a-841a-11ed-aa7c-7003bca91a86,stores,143,IT-0003,Grinding Wheel (Grinding Disc),pcs,RECEIVE,9.38,9.38,pcs,192.47,10-Dec-2024 00:00,UTC,2024-12-10 00:00:00,Fujairah,PO-2024-3142,228b5256-5bd2-4bf3-826f-c6fe76571449,Received at Fujairah
2696,7440571a-841a-11ed-aa7c-7003bca91a86,stores,141,IT-0001,Safety Gloves – Cotton,pcs,RECEIVE,6.54,6.54,pcs,281.15,10-Dec-2024 00:00,UTC,2024-12-10 00:00:00,Fujairah,PO-2024-7234,228b5256-5bd2-4bf3-826f-c6fe76571449,Received at Fujairah
2695,7440571a-841a-11ed-aa7c-7003bca91a86,stores,180,OT-0010,"Pipelines, safety markings",ltr,RECEIVE,47.12,47.12,ltr,244.67,10-Dec-2024 00:00,UTC,2024-12-10 00:00:00,Fujairah,PO-2024-3064,228b5256-5bd2-4bf3-826f-c6fe76571449,Received at Fujairah
2694,7440571a-841a-11ed-aa7c-7003bca91a86,stores,175,OT-0005,External structures,ltr,RECEIVE,9.60,9.60,ltr,160.11,10-Dec-2024 00:00,UTC,2024-12-10 00:00:00,Fujairah,PO-2024-0548,228b5256-5bd2-4bf3-826f-c6fe76571449,Received at Fujairah
2693,7440571a-841a-11ed-aa7c-7003bca91a86,chemicals,170,CH-0010,Hand Cleaning Chemical (Industrial Soap),ltr,RECEIVE,11.84,11.84,ltr,218.27,10-Dec-2024 00:00,UTC,2024-12-10 00:00:00,Fujairah,PO-2024-6685,228b5256-5bd2-4bf3-826f-c6fe76571449,Received at Fujairah
2692,7440571a-841a-11ed-aa7c-7003bca91a86,chemicals,162,CH-0002,Lube Oil Treatment Chemical,ltr,RECEIVE,38.58,38.58,ltr,183.65,10-Dec-2024 00:00,UTC,2024-12-10 00:00:00,Fujairah,PO-2024-0138,228b5256-5bd2-4bf3-826f-c6fe76571449,Received at Fujairah
3510,7440571a-841a-11ed-aa7c-7003bca91a86,lubes,151,LU-0001,Main Engine Cylinder Oil,ltr,CONSUME,-74.00,-74.00,ltr,0.00,09-Dec-2024 07:30,UTC,2024-12-09 07:30:00,,,056a433e-b880-43c6-9d59-b1cfe71a4014,Daily cylinder oil consumption - 74.0 ltr
2100,7440571a-841a-11ed-aa7c-7003bca91a86,chemicals,165,CH-0005,Potable Water Chlorination Chemical,ltr,CONSUME,-0.77,-0.77,ltr,0.00,09-Dec-2024 00:00,UTC,2024-12-09 00:00:00,,,228b5256-5bd2-4bf3-826f-c6fe76571449,Weekly chemical consumption
3509,7440571a-841a-11ed-aa7c-7003bca91a86,lubes,151,LU-0001,Main Engine Cylinder Oil,ltr,CONSUME,-114.50,-114.50,ltr,0.00,08-Dec-2024 08:39,UTC,2024-12-08 08:39:00,,,480b40d0-04bd-4590-a936-2f879b867977,Daily cylinder oil consumption - 114.5 ltr
3508,7440571a-841a-11ed-aa7c-7003bca91a86,lubes,151,LU-0001,Main Engine Cylinder Oil,ltr,CONSUME,-120.00,-120.00,ltr,0.00,07-Dec-2024 09:57,UTC,2024-12-07 09:57:00,,,228b5256-5bd2-4bf3-826f-c6fe76571449,Daily cylinder oil consumption - 120.0 ltr
4114,7440571a-841a-11ed-aa7c-7003bca91a86,stores,145,IT-0005,Welding Electrodes (General Purpose),pcs,RECEIVE,175.00,175.00,pcs,675.00,06-Dec-2024 15:41,UTC,2024-12-06 15:41:00,Rotterdam,PO-2024-9253,228b5256-5bd2-4bf3-826f-c6fe76571449,Received at Rotterdam
4115,7440571a-841a-11ed-aa7c-7003bca91a86,chemicals,161,CH-0001,Fuel Oil Treatment Chemical,ltr,RECEIVE,539.40,539.40,ltr,5305.40,06-Dec-2024 15:41,UTC,2024-12-06 15:41:00,Rotterdam,PO-2024-9253,228b5256-5bd2-4bf3-826f-c6fe76571449,Received at Rotterdam
3507,7440571a-841a-11ed-aa7c-7003bca91a86,lubes,151,LU-0001,Main Engine Cylinder Oil,ltr,CONSUME,-118.50,-118.50,ltr,0.00,06-Dec-2024 08:53,UTC,2024-12-06 08:53:00,,,228b5256-5bd2-4bf3-826f-c6fe76571449,Daily cylinder oil consumption - 118.5 ltr
3506,7440571a-841a-11ed-aa7c-7003bca91a86,lubes,151,LU-0001,Main Engine Cylinder Oil,ltr,CONSUME,-60.20,-60.20,ltr,0.00,05-Dec-2024 09:02,UTC,2024-12-05 09:02:00,,,228b5256-5bd2-4bf3-826f-c6fe76571449,Daily cylinder oil consumption - 60.2 ltr
3505,7440571a-841a-11ed-aa7c-7003bca91a86,lubes,151,LU-0001,Main Engine Cylinder Oil,ltr,CONSUME,-73.70,-73.70,ltr,0.00,04-Dec-2024 06:51,UTC,2024-12-04 06:51:00,,,6084f3b8-85dc-462a-b045-111d2b2e6d0e,Daily cylinder oil consumption - 73.7 ltr
3504,7440571a-841a-11ed-aa7c-7003bca91a86,lubes,151,LU-0001,Main Engine Cylinder Oil,ltr,CONSUME,-80.50,-80.50,ltr,0.00,03-Dec-2024 07:00,UTC,2024-12-03 07:00:00,,,228b5256-5bd2-4bf3-826f-c6fe76571449,Daily cylinder oil consumption - 80.5 ltr
3503,7440571a-841a-11ed-aa7c-7003bca91a86,lubes,151,LU-0001,Main Engine Cylinder Oil,ltr,CONSUME,-71.70,-71.70,ltr,0.00,02-Dec-2024 07:51,UTC,2024-12-02 07:51:00,,,228b5256-5bd2-4bf3-826f-c6fe76571449,Daily cylinder oil consumption - 71.7 ltr
2095,7440571a-841a-11ed-aa7c-7003bca91a86,chemicals,163,CH-0003,Boiler Water Treatment Chemical,ltr,CONSUME,-1.09,-1.09,ltr,0.00,02-Dec-2024 00:00,UTC,2024-12-02 00:00:00,,,480b40d0-04bd-4590-a936-2f879b867977,Weekly chemical consumption
2096,7440571a-841a-11ed-aa7c-7003bca91a86,chemicals,164,CH-0004,Cooling Water Treatment Chemical,ltr,CONSUME,-1.55,-1.55,ltr,0.00,02-Dec-2024 00:00,UTC,2024-12-02 00:00:00,,,480b40d0-04bd-4590-a936-2f879b867977,Weekly chemical consumption
2097,7440571a-841a-11ed-aa7c-7003bca91a86,chemicals,165,CH-0005,Potable Water Chlorination Chemical,ltr,CONSUME,-0.39,-0.39,ltr,0.00,02-Dec-2024 00:00,UTC,2024-12-02 00:00:00,,,056a433e-b880-43c6-9d59-b1cfe71a4014,Weekly chemical consumption
2094,7440571a-841a-11ed-aa7c-7003bca91a86,chemicals,161,CH-0001,Fuel Oil Treatment Chemical,ltr,CONSUME,-0.71,-0.71,ltr,0.00,02-Dec-2024 00:00,UTC,2024-12-02 00:00:00,,,228b5256-5bd2-4bf3-826f-c6fe76571449,Weekly chemical consumption
2099,7440571a-841a-11ed-aa7c-7003bca91a86,chemicals,169,CH-0009,Sewage Treatment Plant Chemical,ltr,CONSUME,-1.29,-1.29,ltr,0.00,02-Dec-2024 00:00,UTC,2024-12-02 00:00:00,,,6084f3b8-85dc-462a-b045-111d2b2e6d0e,Weekly chemical consumption
2098,7440571a-841a-11ed-aa7c-7003bca91a86,chemicals,166,CH-0006,Tank Cleaning Chemical (Alkaline),ltr,CONSUME,-0.72,-0.72,ltr,0.00,02-Dec-2024 00:00,UTC,2024-12-02 00:00:00,,,228b5256-5bd2-4bf3-826f-c6fe76571449,Weekly chemical consumption
3502,7440571a-841a-11ed-aa7c-7003bca91a86,lubes,151,LU-0001,Main Engine Cylinder Oil,ltr,CONSUME,-113.40,-113.40,ltr,0.00,01-Dec-2024 06:39,UTC,2024-12-01 06:39:00,,,6084f3b8-85dc-462a-b045-111d2b2e6d0e,Daily cylinder oil consumption - 113.4 ltr
2091,7440571a-841a-11ed-aa7c-7003bca91a86,stores,143,IT-0003,Grinding Wheel (Grinding Disc),pcs,CONSUME,-1.46,-1.46,pcs,0.00,01-Dec-2024 00:00,UTC,2024-12-01 00:00:00,,,6084f3b8-85dc-462a-b045-111d2b2e6d0e,General stores consumption
2090,7440571a-841a-11ed-aa7c-7003bca91a86,stores,142,IT-0002,Jeevan,pcs,CONSUME,-1.11,-1.11,pcs,0.00,01-Dec-2024 00:00,UTC,2024-12-01 00:00:00,,,056a433e-b880-43c6-9d59-b1cfe71a4014,General stores consumption
2093,7440571a-841a-11ed-aa7c-7003bca91a86,stores,173,OT-0003,Hull below waterline,ltr,CONSUME,-1.77,-1.77,ltr,0.00,01-Dec-2024 00:00,UTC,2024-12-01 00:00:00,,,480b40d0-04bd-4590-a936-2f879b867977,General stores consumption
2092,7440571a-841a-11ed-aa7c-7003bca91a86,stores,149,IT-0009,Cotton Waste / Cleaning Rags,pcs,CONSUME,-2.97,-2.97,pcs,0.00,01-Dec-2024 00:00,UTC,2024-12-01 00:00:00,,,6084f3b8-85dc-462a-b045-111d2b2e6d0e,General stores consumption
3501,7440571a-841a-11ed-aa7c-7003bca91a86,lubes,151,LU-0001,Main Engine Cylinder Oil,ltr,CONSUME,-117.70,-117.70,ltr,0.00,30-Nov-2024 08:54,UTC,2024-11-30 08:54:00,,,6084f3b8-85dc-462a-b045-111d2b2e6d0e,Daily cylinder oil consumption - 117.7 ltr
3500,7440571a-841a-11ed-aa7c-7003bca91a86,lubes,151,LU-0001,Main Engine Cylinder Oil,ltr,CONSUME,-93.30,-93.30,ltr,0.00,29-Nov-2024 09:09,UTC,2024-11-29 09:09:00,,,056a433e-b880-43c6-9d59-b1cfe71a4014,Daily cylinder oil consumption - 93.3 ltr
3499,7440571a-841a-11ed-aa7c-7003bca91a86,lubes,151,LU-0001,Main Engine Cylinder Oil,ltr,CONSUME,-96.60,-96.60,ltr,0.00,28-Nov-2024 08:15,UTC,2024-11-28 08:15:00,,,056a433e-b880-43c6-9d59-b1cfe71a4014,Daily cylinder oil consumption - 96.6 ltr
3498,7440571a-841a-11ed-aa7c-7003bca91a86,lubes,151,LU-0001,Main Engine Cylinder Oil,ltr,CONSUME,-118.70,-118.70,ltr,0.00,27-Nov-2024 09:37,UTC,2024-11-27 09:37:00,,,228b5256-5bd2-4bf3-826f-c6fe76571449,Daily cylinder oil consumption - 118.7 ltr
3497,7440571a-841a-11ed-aa7c-7003bca91a86,lubes,151,LU-0001,Main Engine Cylinder Oil,ltr,CONSUME,-81.50,-81.50,ltr,0.00,26-Nov-2024 06:39,UTC,2024-11-26 06:39:00,,,228b5256-5bd2-4bf3-826f-c6fe76571449,Daily cylinder oil consumption - 81.5 ltr
3496,7440571a-841a-11ed-aa7c-7003bca91a86,lubes,151,LU-0001,Main Engine Cylinder Oil,ltr,CONSUME,-82.80,-82.80,ltr,0.00,25-Nov-2024 07:51,UTC,2024-11-25 07:51:00,,,056a433e-b880-43c6-9d59-b1cfe71a4014,Daily cylinder oil consumption - 82.8 ltr
2087,7440571a-841a-11ed-aa7c-7003bca91a86,chemicals,162,CH-0002,Lube Oil Treatment Chemical,ltr,CONSUME,-0.29,-0.29,ltr,0.00,25-Nov-2024 00:00,UTC,2024-11-25 00:00:00,,,6084f3b8-85dc-462a-b045-111d2b2e6d0e,Weekly chemical consumption
2088,7440571a-841a-11ed-aa7c-7003bca91a86,chemicals,165,CH-0005,Potable Water Chlorination Chemical,ltr,CONSUME,-0.34,-0.34,ltr,0.00,25-Nov-2024 00:00,UTC,2024-11-25 00:00:00,,,6084f3b8-85dc-462a-b045-111d2b2e6d0e,Weekly chemical consumption
2089,7440571a-841a-11ed-aa7c-7003bca91a86,chemicals,167,CH-0007,Degreasing Chemical,ltr,CONSUME,-1.38,-1.38,ltr,0.00,25-Nov-2024 00:00,UTC,2024-11-25 00:00:00,,,056a433e-b880-43c6-9d59-b1cfe71a4014,Weekly chemical consumption
3495,7440571a-841a-11ed-aa7c-7003bca91a86,lubes,151,LU-0001,Main Engine Cylinder Oil,ltr,CONSUME,-110.10,-110.10,ltr,0.00,24-Nov-2024 06:45,UTC,2024-11-24 06:45:00,,,228b5256-5bd2-4bf3-826f-c6fe76571449,Daily cylinder oil consumption - 110.1 ltr
3494,7440571a-841a-11ed-aa7c-7003bca91a86,lubes,151,LU-0001,Main Engine Cylinder Oil,ltr,CONSUME,-120.00,-120.00,ltr,0.00,23-Nov-2024 08:52,UTC,2024-11-23 08:52:00,,,056a433e-b880-43c6-9d59-b1cfe71a4014,Daily cylinder oil consumption - 120.0 ltr
3493,7440571a-841a-11ed-aa7c-7003bca91a86,lubes,151,LU-0001,Main Engine Cylinder Oil,ltr,CONSUME,-120.00,-120.00,ltr,0.00,22-Nov-2024 07:01,UTC,2024-11-22 07:01:00,,,6084f3b8-85dc-462a-b045-111d2b2e6d0e,Daily cylinder oil consumption - 120.0 ltr
3492,7440571a-841a-11ed-aa7c-7003bca91a86,lubes,151,LU-0001,Main Engine Cylinder Oil,ltr,CONSUME,-118.20,-118.20,ltr,0.00,21-Nov-2024 09:31,UTC,2024-11-21 09:31:00,,,6084f3b8-85dc-462a-b045-111d2b2e6d0e,Daily cylinder oil consumption - 118.2 ltr
3491,7440571a-841a-11ed-aa7c-7003bca91a86,lubes,151,LU-0001,Main Engine Cylinder Oil,ltr,CONSUME,-116.00,-116.00,ltr,0.00,20-Nov-2024 08:10,UTC,2024-11-20 08:10:00,,,228b5256-5bd2-4bf3-826f-c6fe76571449,Daily cylinder oil consumption - 116.0 ltr
3490,7440571a-841a-11ed-aa7c-7003bca91a86,lubes,151,LU-0001,Main Engine Cylinder Oil,ltr,CONSUME,-119.60,-119.60,ltr,0.00,19-Nov-2024 08:39,UTC,2024-11-19 08:39:00,,,6084f3b8-85dc-462a-b045-111d2b2e6d0e,Daily cylinder oil consumption - 119.6 ltr
3489,7440571a-841a-11ed-aa7c-7003bca91a86,lubes,151,LU-0001,Main Engine Cylinder Oil,ltr,CONSUME,-114.00,-114.00,ltr,0.00,18-Nov-2024 07:53,UTC,2024-11-18 07:53:00,,,228b5256-5bd2-4bf3-826f-c6fe76571449,Daily cylinder oil consumption - 114.0 ltr
2085,7440571a-841a-11ed-aa7c-7003bca91a86,chemicals,169,CH-0009,Sewage Treatment Plant Chemical,ltr,CONSUME,-1.87,-1.87,ltr,0.00,18-Nov-2024 00:00,UTC,2024-11-18 00:00:00,,,6084f3b8-85dc-462a-b045-111d2b2e6d0e,Weekly chemical consumption
2082,7440571a-841a-11ed-aa7c-7003bca91a86,chemicals,164,CH-0004,Cooling Water Treatment Chemical,ltr,CONSUME,-0.40,-0.40,ltr,0.00,18-Nov-2024 00:00,UTC,2024-11-18 00:00:00,,,228b5256-5bd2-4bf3-826f-c6fe76571449,Weekly chemical consumption
2086,7440571a-841a-11ed-aa7c-7003bca91a86,chemicals,170,CH-0010,Hand Cleaning Chemical (Industrial Soap),ltr,CONSUME,-0.27,-0.27,ltr,0.00,18-Nov-2024 00:00,UTC,2024-11-18 00:00:00,,,480b40d0-04bd-4590-a936-2f879b867977,Weekly chemical consumption
2081,7440571a-841a-11ed-aa7c-7003bca91a86,chemicals,163,CH-0003,Boiler Water Treatment Chemical,ltr,CONSUME,-1.99,-1.99,ltr,0.00,18-Nov-2024 00:00,UTC,2024-11-18 00:00:00,,,228b5256-5bd2-4bf3-826f-c6fe76571449,Weekly chemical consumption
2080,7440571a-841a-11ed-aa7c-7003bca91a86,chemicals,161,CH-0001,Fuel Oil Treatment Chemical,ltr,CONSUME,-1.97,-1.97,ltr,0.00,18-Nov-2024 00:00,UTC,2024-11-18 00:00:00,,,6084f3b8-85dc-462a-b045-111d2b2e6d0e,Weekly chemical consumption
2083,7440571a-841a-11ed-aa7c-7003bca91a86,chemicals,165,CH-0005,Potable Water Chlorination Chemical,ltr,CONSUME,-1.92,-1.92,ltr,0.00,18-Nov-2024 00:00,UTC,2024-11-18 00:00:00,,,228b5256-5bd2-4bf3-826f-c6fe76571449,Weekly chemical consumption
2084,7440571a-841a-11ed-aa7c-7003bca91a86,chemicals,167,CH-0007,Degreasing Chemical,ltr,CONSUME,-1.63,-1.63,ltr,0.00,18-Nov-2024 00:00,UTC,2024-11-18 00:00:00,,,056a433e-b880-43c6-9d59-b1cfe71a4014,Weekly chemical consumption
3981,7440571a-841a-11ed-aa7c-7003bca91a86,lubes,152,LU-0002,Main Engine System Oil,ltr,CONSUME,-285.30,-285.30,ltr,974.60,17-Nov-2024 10:04,UTC,2024-11-17 10:04:00,,,228b5256-5bd2-4bf3-826f-c6fe76571449,Monthly ME system oil top-up - 285.3 ltr
3982,7440571a-841a-11ed-aa7c-7003bca91a86,lubes,153,LU-0003,Auxiliary Engine Lube Oil,ltr,CONSUME,-145.80,-145.80,ltr,1526.30,17-Nov-2024 10:04,UTC,2024-11-17 10:04:00,,,056a433e-b880-43c6-9d59-b1cfe71a4014,Monthly AE lube oil top-up - 145.8 ltr
3488,7440571a-841a-11ed-aa7c-7003bca91a86,lubes,151,LU-0001,Main Engine Cylinder Oil,ltr,CONSUME,-86.80,-86.80,ltr,0.00,17-Nov-2024 08:19,UTC,2024-11-17 08:19:00,,,6084f3b8-85dc-462a-b045-111d2b2e6d0e,Daily cylinder oil consumption - 86.8 ltr
3487,7440571a-841a-11ed-aa7c-7003bca91a86,lubes,151,LU-0001,Main Engine Cylinder Oil,ltr,CONSUME,-110.10,-110.10,ltr,0.00,16-Nov-2024 07:30,UTC,2024-11-16 07:30:00,,,6084f3b8-85dc-462a-b045-111d2b2e6d0e,Daily cylinder oil consumption - 110.1 ltr
3486,7440571a-841a-11ed-aa7c-7003bca91a86,lubes,151,LU-0001,Main Engine Cylinder Oil,ltr,CONSUME,-107.50,-107.50,ltr,0.00,15-Nov-2024 06:53,UTC,2024-11-15 06:53:00,,,480b40d0-04bd-4590-a936-2f879b867977,Daily cylinder oil consumption - 107.5 ltr
2075,7440571a-841a-11ed-aa7c-7003bca91a86,stores,143,IT-0003,Grinding Wheel (Grinding Disc),pcs,CONSUME,-3.07,-3.07,pcs,0.00,15-Nov-2024 00:00,UTC,2024-11-15 00:00:00,,,6084f3b8-85dc-462a-b045-111d2b2e6d0e,General stores consumption
2079,7440571a-841a-11ed-aa7c-7003bca91a86,stores,177,OT-0007,"Bilges, chain lockers",ltr,CONSUME,-2.09,-2.09,ltr,0.00,15-Nov-2024 00:00,UTC,2024-11-15 00:00:00,,,6084f3b8-85dc-462a-b045-111d2b2e6d0e,General stores consumption
2078,7440571a-841a-11ed-aa7c-7003bca91a86,stores,149,IT-0009,Cotton Waste / Cleaning Rags,pcs,CONSUME,-2.97,-2.97,pcs,0.00,15-Nov-2024 00:00,UTC,2024-11-15 00:00:00,,,480b40d0-04bd-4590-a936-2f879b867977,General stores consumption
2077,7440571a-841a-11ed-aa7c-7003bca91a86,stores,147,IT-0007,Ear Plugs (Disposable),pcs,CONSUME,-1.72,-1.72,pcs,0.00,15-Nov-2024 00:00,UTC,2024-11-15 00:00:00,,,480b40d0-04bd-4590-a936-2f879b867977,General stores consumption
2076,7440571a-841a-11ed-aa7c-7003bca91a86,stores,144,IT-0004,Cutting Disc (Angle Grinder),pcs,CONSUME,-3.85,-3.85,pcs,0.00,15-Nov-2024 00:00,UTC,2024-11-15 00:00:00,,,6084f3b8-85dc-462a-b045-111d2b2e6d0e,General stores consumption
3485,7440571a-841a-11ed-aa7c-7003bca91a86,lubes,151,LU-0001,Main Engine Cylinder Oil,ltr,CONSUME,-90.90,-90.90,ltr,0.00,14-Nov-2024 06:34,UTC,2024-11-14 06:34:00,,,480b40d0-04bd-4590-a936-2f879b867977,Daily cylinder oil consumption - 90.9 ltr
3484,7440571a-841a-11ed-aa7c-7003bca91a86,lubes,151,LU-0001,Main Engine Cylinder Oil,ltr,CONSUME,-88.30,-88.30,ltr,0.00,13-Nov-2024 07:55,UTC,2024-11-13 07:55:00,,,480b40d0-04bd-4590-a936-2f879b867977,Daily cylinder oil consumption - 88.3 ltr
3483,7440571a-841a-11ed-aa7c-7003bca91a86,lubes,151,LU-0001,Main Engine Cylinder Oil,ltr,CONSUME,-113.10,-113.10,ltr,0.00,12-Nov-2024 06:51,UTC,2024-11-12 06:51:00,,,6084f3b8-85dc-462a-b045-111d2b2e6d0e,Daily cylinder oil consumption - 113.1 ltr
3482,7440571a-841a-11ed-aa7c-7003bca91a86,lubes,151,LU-0001,Main Engine Cylinder Oil,ltr,CONSUME,-68.00,-68.00,ltr,0.00,11-Nov-2024 09:58,UTC,2024-11-11 09:58:00,,,6084f3b8-85dc-462a-b045-111d2b2e6d0e,Daily cylinder oil consumption - 68.0 ltr
2070,7440571a-841a-11ed-aa7c-7003bca91a86,chemicals,164,CH-0004,Cooling Water Treatment Chemical,ltr,CONSUME,-0.40,-0.40,ltr,0.00,11-Nov-2024 00:00,UTC,2024-11-11 00:00:00,,,480b40d0-04bd-4590-a936-2f879b867977,Weekly chemical consumption
2074,7440571a-841a-11ed-aa7c-7003bca91a86,chemicals,170,CH-0010,Hand Cleaning Chemical (Industrial Soap),ltr,CONSUME,-0.38,-0.38,ltr,0.00,11-Nov-2024 00:00,UTC,2024-11-11 00:00:00,,,228b5256-5bd2-4bf3-826f-c6fe76571449,Weekly chemical consumption
2071,7440571a-841a-11ed-aa7c-7003bca91a86,chemicals,165,CH-0005,Potable Water Chlorination Chemical,ltr,CONSUME,-0.55,-0.55,ltr,0.00,11-Nov-2024 00:00,UTC,2024-11-11 00:00:00,,,6084f3b8-85dc-462a-b045-111d2b2e6d0e,Weekly chemical consumption
2072,7440571a-841a-11ed-aa7c-7003bca91a86,chemicals,167,CH-0007,Degreasing Chemical,ltr,CONSUME,-1.17,-1.17,ltr,0.00,11-Nov-2024 00:00,UTC,2024-11-11 00:00:00,,,056a433e-b880-43c6-9d59-b1cfe71a4014,Weekly chemical consumption
2073,7440571a-841a-11ed-aa7c-7003bca91a86,chemicals,169,CH-0009,Sewage Treatment Plant Chemical,ltr,CONSUME,-0.71,-0.71,ltr,0.00,11-Nov-2024 00:00,UTC,2024-11-11 00:00:00,,,056a433e-b880-43c6-9d59-b1cfe71a4014,Weekly chemical consumption
4055,7440571a-841a-11ed-aa7c-7003bca91a86,chemicals,163,CH-0003,Boiler Water Treatment Chemical,ltr,CONSUME,-7.00,-7.00,ltr,4869.90,10-Nov-2024 11:13,UTC,2024-11-10 11:13:00,,,6084f3b8-85dc-462a-b045-111d2b2e6d0e,Chemical consumption - Boiler Water Treatment Chemical
3481,7440571a-841a-11ed-aa7c-7003bca91a86,lubes,151,LU-0001,Main Engine Cylinder Oil,ltr,CONSUME,-81.60,-81.60,ltr,0.00,10-Nov-2024 08:39,UTC,2024-11-10 08:39:00,,,6084f3b8-85dc-462a-b045-111d2b2e6d0e,Daily cylinder oil consumption - 81.6 ltr
3480,7440571a-841a-11ed-aa7c-7003bca91a86,lubes,151,LU-0001,Main Engine Cylinder Oil,ltr,CONSUME,-120.00,-120.00,ltr,0.00,09-Nov-2024 06:59,UTC,2024-11-09 06:59:00,,,228b5256-5bd2-4bf3-826f-c6fe76571449,Daily cylinder oil consumption - 120.0 ltr
3479,7440571a-841a-11ed-aa7c-7003bca91a86,lubes,151,LU-0001,Main Engine Cylinder Oil,ltr,CONSUME,-90.40,-90.40,ltr,0.00,08-Nov-2024 06:56,UTC,2024-11-08 06:56:00,,,480b40d0-04bd-4590-a936-2f879b867977,Daily cylinder oil consumption - 90.4 ltr
3478,7440571a-841a-11ed-aa7c-7003bca91a86,lubes,151,LU-0001,Main Engine Cylinder Oil,ltr,CONSUME,-116.00,-116.00,ltr,0.00,07-Nov-2024 06:18,UTC,2024-11-07 06:18:00,,,480b40d0-04bd-4590-a936-2f879b867977,Daily cylinder oil consumption - 116.0 ltr
3477,7440571a-841a-11ed-aa7c-7003bca91a86,lubes,151,LU-0001,Main Engine Cylinder Oil,ltr,CONSUME,-113.40,-113.40,ltr,0.00,06-Nov-2024 09:47,UTC,2024-11-06 09:47:00,,,480b40d0-04bd-4590-a936-2f879b867977,Daily cylinder oil consumption - 113.4 ltr
3476,7440571a-841a-11ed-aa7c-7003bca91a86,lubes,151,LU-0001,Main Engine Cylinder Oil,ltr,CONSUME,-120.00,-120.00,ltr,0.00,05-Nov-2024 08:16,UTC,2024-11-05 08:16:00,,,480b40d0-04bd-4590-a936-2f879b867977,Daily cylinder oil consumption - 120.0 ltr
3475,7440571a-841a-11ed-aa7c-7003bca91a86,lubes,151,LU-0001,Main Engine Cylinder Oil,ltr,CONSUME,-62.80,-62.80,ltr,0.00,04-Nov-2024 06:12,UTC,2024-11-04 06:12:00,,,6084f3b8-85dc-462a-b045-111d2b2e6d0e,Daily cylinder oil consumption - 62.8 ltr
2069,7440571a-841a-11ed-aa7c-7003bca91a86,chemicals,170,CH-0010,Hand Cleaning Chemical (Industrial Soap),ltr,CONSUME,-0.87,-0.87,ltr,0.00,04-Nov-2024 00:00,UTC,2024-11-04 00:00:00,,,6084f3b8-85dc-462a-b045-111d2b2e6d0e,Weekly chemical consumption
2068,7440571a-841a-11ed-aa7c-7003bca91a86,chemicals,164,CH-0004,Cooling Water Treatment Chemical,ltr,CONSUME,-1.57,-1.57,ltr,0.00,04-Nov-2024 00:00,UTC,2024-11-04 00:00:00,,,056a433e-b880-43c6-9d59-b1cfe71a4014,Weekly chemical consumption
2067,7440571a-841a-11ed-aa7c-7003bca91a86,chemicals,162,CH-0002,Lube Oil Treatment Chemical,ltr,CONSUME,-0.72,-0.72,ltr,0.00,04-Nov-2024 00:00,UTC,2024-11-04 00:00:00,,,480b40d0-04bd-4590-a936-2f879b867977,Weekly chemical consumption
3474,7440571a-841a-11ed-aa7c-7003bca91a86,lubes,151,LU-0001,Main Engine Cylinder Oil,ltr,CONSUME,-109.40,-109.40,ltr,0.00,03-Nov-2024 07:41,UTC,2024-11-03 07:41:00,,,228b5256-5bd2-4bf3-826f-c6fe76571449,Daily cylinder oil consumption - 109.4 ltr
3473,7440571a-841a-11ed-aa7c-7003bca91a86,lubes,151,LU-0001,Main Engine Cylinder Oil,ltr,CONSUME,-105.80,-105.80,ltr,0.00,02-Nov-2024 06:13,UTC,2024-11-02 06:13:00,,,056a433e-b880-43c6-9d59-b1cfe71a4014,Daily cylinder oil consumption - 105.8 ltr
3472,7440571a-841a-11ed-aa7c-7003bca91a86,lubes,151,LU-0001,Main Engine Cylinder Oil,ltr,CONSUME,-120.00,-120.00,ltr,0.00,01-Nov-2024 09:48,UTC,2024-11-01 09:48:00,,,228b5256-5bd2-4bf3-826f-c6fe76571449,Daily cylinder oil consumption - 120.0 ltr
2066,7440571a-841a-11ed-aa7c-7003bca91a86,stores,141,IT-0001,Safety Gloves – Cotton,pcs,CONSUME,-2.72,-2.72,pcs,75.93,01-Nov-2024 00:00,UTC,2024-11-01 00:00:00,,,056a433e-b880-43c6-9d59-b1cfe71a4014,General stores consumption
2064,7440571a-841a-11ed-aa7c-7003bca91a86,stores,172,OT-0002,"Ballast tanks, machinery spaces",ltr,CONSUME,-1.77,-1.77,ltr,0.00,01-Nov-2024 00:00,UTC,2024-11-01 00:00:00,,,228b5256-5bd2-4bf3-826f-c6fe76571449,General stores consumption
2063,7440571a-841a-11ed-aa7c-7003bca91a86,stores,149,IT-0009,Cotton Waste / Cleaning Rags,pcs,CONSUME,-1.55,-1.55,pcs,0.00,01-Nov-2024 00:00,UTC,2024-11-01 00:00:00,,,480b40d0-04bd-4590-a936-2f879b867977,General stores consumption
2065,7440571a-841a-11ed-aa7c-7003bca91a86,stores,174,OT-0004,Waterline area,ltr,CONSUME,-3.93,-3.93,ltr,0.00,01-Nov-2024 00:00,UTC,2024-11-01 00:00:00,,,6084f3b8-85dc-462a-b045-111d2b2e6d0e,General stores consumption
3471,7440571a-841a-11ed-aa7c-7003bca91a86,lubes,151,LU-0001,Main Engine Cylinder Oil,ltr,CONSUME,-62.10,-62.10,ltr,0.00,31-Oct-2024 07:26,UTC,2024-10-31 07:26:00,,,480b40d0-04bd-4590-a936-2f879b867977,Daily cylinder oil consumption - 62.1 ltr
4056,7440571a-841a-11ed-aa7c-7003bca91a86,chemicals,170,CH-0010,Hand Cleaning Chemical (Industrial Soap),ltr,CONSUME,-18.90,-18.90,ltr,4928.80,30-Oct-2024 13:50,UTC,2024-10-30 13:50:00,,,228b5256-5bd2-4bf3-826f-c6fe76571449,Chemical consumption - Hand Cleaning Chemical (Industrial Soap)
3470,7440571a-841a-11ed-aa7c-7003bca91a86,lubes,151,LU-0001,Main Engine Cylinder Oil,ltr,CONSUME,-75.40,-75.40,ltr,0.00,30-Oct-2024 06:55,UTC,2024-10-30 06:55:00,,,056a433e-b880-43c6-9d59-b1cfe71a4014,Daily cylinder oil consumption - 75.4 ltr
4057,7440571a-841a-11ed-aa7c-7003bca91a86,chemicals,161,CH-0001,Fuel Oil Treatment Chemical,ltr,CONSUME,-34.20,-34.20,ltr,4871.40,29-Oct-2024 17:53,UTC,2024-10-29 17:53:00,,,6084f3b8-85dc-462a-b045-111d2b2e6d0e,Chemical consumption - Fuel Oil Treatment Chemical
3469,7440571a-841a-11ed-aa7c-7003bca91a86,lubes,151,LU-0001,Main Engine Cylinder Oil,ltr,CONSUME,-95.80,-95.80,ltr,0.00,29-Oct-2024 07:15,UTC,2024-10-29 07:15:00,,,056a433e-b880-43c6-9d59-b1cfe71a4014,Daily cylinder oil consumption - 95.8 ltr
3468,7440571a-841a-11ed-aa7c-7003bca91a86,lubes,151,LU-0001,Main Engine Cylinder Oil,ltr,CONSUME,-84.50,-84.50,ltr,0.00,28-Oct-2024 09:18,UTC,2024-10-28 09:18:00,,,480b40d0-04bd-4590-a936-2f879b867977,Daily cylinder oil consumption - 84.5 ltr
2060,7440571a-841a-11ed-aa7c-7003bca91a86,chemicals,162,CH-0002,Lube Oil Treatment Chemical,ltr,CONSUME,-1.34,-1.34,ltr,0.00,28-Oct-2024 00:00,UTC,2024-10-28 00:00:00,,,228b5256-5bd2-4bf3-826f-c6fe76571449,Weekly chemical consumption
2062,7440571a-841a-11ed-aa7c-7003bca91a86,chemicals,167,CH-0007,Degreasing Chemical,ltr,CONSUME,-1.30,-1.30,ltr,0.00,28-Oct-2024 00:00,UTC,2024-10-28 00:00:00,,,6084f3b8-85dc-462a-b045-111d2b2e6d0e,Weekly chemical consumption
2061,7440571a-841a-11ed-aa7c-7003bca91a86,chemicals,163,CH-0003,Boiler Water Treatment Chemical,ltr,CONSUME,-0.51,-0.51,ltr,0.00,28-Oct-2024 00:00,UTC,2024-10-28 00:00:00,,,480b40d0-04bd-4590-a936-2f879b867977,Weekly chemical consumption
3467,7440571a-841a-11ed-aa7c-7003bca91a86,lubes,151,LU-0001,Main Engine Cylinder Oil,ltr,CONSUME,-51.70,-51.70,ltr,0.00,27-Oct-2024 07:22,UTC,2024-10-27 07:22:00,,,056a433e-b880-43c6-9d59-b1cfe71a4014,Daily cylinder oil consumption - 51.7 ltr
2679,7440571a-841a-11ed-aa7c-7003bca91a86,chemicals,163,CH-0003,Boiler Water Treatment Chemical,ltr,RECEIVE,33.55,33.55,ltr,141.40,27-Oct-2024 00:00,UTC,2024-10-27 00:00:00,Mumbai,PO-2024-3981,228b5256-5bd2-4bf3-826f-c6fe76571449,Received at Mumbai
2677,7440571a-841a-11ed-aa7c-7003bca91a86,stores,153,LU-0003,Auxiliary Engine Lube Oil,ltr,RECEIVE,21.48,21.48,ltr,131.56,27-Oct-2024 00:00,UTC,2024-10-27 00:00:00,Mumbai,PO-2024-7487,228b5256-5bd2-4bf3-826f-c6fe76571449,Received at Mumbai
2684,7440571a-841a-11ed-aa7c-7003bca91a86,stores,151,LU-0001,Main Engine Cylinder Oil,ltr,RECEIVE,50.36,50.36,ltr,206.44,27-Oct-2024 00:00,UTC,2024-10-27 00:00:00,Mumbai,PO-2024-5878,228b5256-5bd2-4bf3-826f-c6fe76571449,Received at Mumbai
2683,7440571a-841a-11ed-aa7c-7003bca91a86,stores,141,IT-0001,Safety Gloves – Cotton,pcs,RECEIVE,49.77,49.77,pcs,274.61,27-Oct-2024 00:00,UTC,2024-10-27 00:00:00,Mumbai,PO-2024-9262,228b5256-5bd2-4bf3-826f-c6fe76571449,Received at Mumbai
2682,7440571a-841a-11ed-aa7c-7003bca91a86,stores,178,OT-0008,"Pipes, tanks, machinery",ltr,RECEIVE,53.00,53.00,ltr,227.95,27-Oct-2024 00:00,UTC,2024-10-27 00:00:00,Mumbai,PO-2024-6741,228b5256-5bd2-4bf3-826f-c6fe76571449,Received at Mumbai
2681,7440571a-841a-11ed-aa7c-7003bca91a86,chemicals,169,CH-0009,Sewage Treatment Plant Chemical,ltr,RECEIVE,42.12,42.12,ltr,153.47,27-Oct-2024 00:00,UTC,2024-10-27 00:00:00,Mumbai,PO-2024-6470,228b5256-5bd2-4bf3-826f-c6fe76571449,Received at Mumbai
2680,7440571a-841a-11ed-aa7c-7003bca91a86,chemicals,164,CH-0004,Cooling Water Treatment Chemical,ltr,RECEIVE,54.42,54.42,ltr,97.37,27-Oct-2024 00:00,UTC,2024-10-27 00:00:00,Mumbai,PO-2024-7689,228b5256-5bd2-4bf3-826f-c6fe76571449,Received at Mumbai
2678,7440571a-841a-11ed-aa7c-7003bca91a86,chemicals,162,CH-0002,Lube Oil Treatment Chemical,ltr,RECEIVE,5.34,5.34,ltr,145.07,27-Oct-2024 00:00,UTC,2024-10-27 00:00:00,Mumbai,PO-2024-0282,228b5256-5bd2-4bf3-826f-c6fe76571449,Received at Mumbai
2673,7440571a-841a-11ed-aa7c-7003bca91a86,stores,145,IT-0005,Welding Electrodes (General Purpose),pcs,RECEIVE,26.94,26.94,pcs,227.14,27-Oct-2024 00:00,UTC,2024-10-27 00:00:00,Mumbai,PO-2024-1375,228b5256-5bd2-4bf3-826f-c6fe76571449,Received at Mumbai
2674,7440571a-841a-11ed-aa7c-7003bca91a86,stores,146,IT-0006,Safety Goggles (Clear),pcs,RECEIVE,11.48,11.48,pcs,234.11,27-Oct-2024 00:00,UTC,2024-10-27 00:00:00,Mumbai,PO-2024-2908,228b5256-5bd2-4bf3-826f-c6fe76571449,Received at Mumbai
2675,7440571a-841a-11ed-aa7c-7003bca91a86,stores,148,IT-0008,Dust Mask / Respirator Mask,pcs,RECEIVE,17.11,17.11,pcs,226.26,27-Oct-2024 00:00,UTC,2024-10-27 00:00:00,Mumbai,PO-2024-8795,228b5256-5bd2-4bf3-826f-c6fe76571449,Received at Mumbai
2676,7440571a-841a-11ed-aa7c-7003bca91a86,stores,152,LU-0002,Main Engine System Oil,ltr,RECEIVE,30.18,30.18,ltr,150.11,27-Oct-2024 00:00,UTC,2024-10-27 00:00:00,Mumbai,PO-2024-7901,228b5256-5bd2-4bf3-826f-c6fe76571449,Received at Mumbai
2672,7440571a-841a-11ed-aa7c-7003bca91a86,stores,143,IT-0003,Grinding Wheel (Grinding Disc),pcs,RECEIVE,28.17,28.17,pcs,183.09,27-Oct-2024 00:00,UTC,2024-10-27 00:00:00,Mumbai,PO-2024-3305,228b5256-5bd2-4bf3-826f-c6fe76571449,Received at Mumbai
3466,7440571a-841a-11ed-aa7c-7003bca91a86,lubes,151,LU-0001,Main Engine Cylinder Oil,ltr,CONSUME,-57.70,-57.70,ltr,0.00,26-Oct-2024 09:44,UTC,2024-10-26 09:44:00,,,6084f3b8-85dc-462a-b045-111d2b2e6d0e,Daily cylinder oil consumption - 57.7 ltr
3465,7440571a-841a-11ed-aa7c-7003bca91a86,lubes,151,LU-0001,Main Engine Cylinder Oil,ltr,CONSUME,-56.40,-56.40,ltr,0.00,25-Oct-2024 09:54,UTC,2024-10-25 09:54:00,,,228b5256-5bd2-4bf3-826f-c6fe76571449,Daily cylinder oil consumption - 56.4 ltr
3464,7440571a-841a-11ed-aa7c-7003bca91a86,lubes,151,LU-0001,Main Engine Cylinder Oil,ltr,CONSUME,-114.60,-114.60,ltr,0.00,24-Oct-2024 08:41,UTC,2024-10-24 08:41:00,,,228b5256-5bd2-4bf3-826f-c6fe76571449,Daily cylinder oil consumption - 114.6 ltr
3463,7440571a-841a-11ed-aa7c-7003bca91a86,lubes,151,LU-0001,Main Engine Cylinder Oil,ltr,CONSUME,-116.90,-116.90,ltr,0.00,23-Oct-2024 08:13,UTC,2024-10-23 08:13:00,,,228b5256-5bd2-4bf3-826f-c6fe76571449,Daily cylinder oil consumption - 116.9 ltr
3462,7440571a-841a-11ed-aa7c-7003bca91a86,lubes,151,LU-0001,Main Engine Cylinder Oil,ltr,CONSUME,-67.80,-67.80,ltr,0.00,22-Oct-2024 09:33,UTC,2024-10-22 09:33:00,,,228b5256-5bd2-4bf3-826f-c6fe76571449,Daily cylinder oil consumption - 67.8 ltr
3461,7440571a-841a-11ed-aa7c-7003bca91a86,lubes,151,LU-0001,Main Engine Cylinder Oil,ltr,CONSUME,-99.30,-99.30,ltr,0.00,21-Oct-2024 06:40,UTC,2024-10-21 06:40:00,,,056a433e-b880-43c6-9d59-b1cfe71a4014,Daily cylinder oil consumption - 99.3 ltr
2058,7440571a-841a-11ed-aa7c-7003bca91a86,chemicals,161,CH-0001,Fuel Oil Treatment Chemical,ltr,CONSUME,-1.72,-1.72,ltr,0.00,21-Oct-2024 00:00,UTC,2024-10-21 00:00:00,,,056a433e-b880-43c6-9d59-b1cfe71a4014,Weekly chemical consumption
2059,7440571a-841a-11ed-aa7c-7003bca91a86,chemicals,164,CH-0004,Cooling Water Treatment Chemical,ltr,CONSUME,-0.86,-0.86,ltr,0.00,21-Oct-2024 00:00,UTC,2024-10-21 00:00:00,,,228b5256-5bd2-4bf3-826f-c6fe76571449,Weekly chemical consumption
3460,7440571a-841a-11ed-aa7c-7003bca91a86,lubes,151,LU-0001,Main Engine Cylinder Oil,ltr,CONSUME,-79.50,-79.50,ltr,0.00,20-Oct-2024 07:02,UTC,2024-10-20 07:02:00,,,480b40d0-04bd-4590-a936-2f879b867977,Daily cylinder oil consumption - 79.5 ltr
3459,7440571a-841a-11ed-aa7c-7003bca91a86,lubes,151,LU-0001,Main Engine Cylinder Oil,ltr,CONSUME,-79.30,-79.30,ltr,0.00,19-Oct-2024 06:34,UTC,2024-10-19 06:34:00,,,480b40d0-04bd-4590-a936-2f879b867977,Daily cylinder oil consumption - 79.3 ltr
3458,7440571a-841a-11ed-aa7c-7003bca91a86,lubes,151,LU-0001,Main Engine Cylinder Oil,ltr,CONSUME,-68.50,-68.50,ltr,0.00,18-Oct-2024 06:52,UTC,2024-10-18 06:52:00,,,056a433e-b880-43c6-9d59-b1cfe71a4014,Daily cylinder oil consumption - 68.5 ltr
3457,7440571a-841a-11ed-aa7c-7003bca91a86,lubes,151,LU-0001,Main Engine Cylinder Oil,ltr,CONSUME,-90.70,-90.70,ltr,0.00,17-Oct-2024 09:25,UTC,2024-10-17 09:25:00,,,056a433e-b880-43c6-9d59-b1cfe71a4014,Daily cylinder oil consumption - 90.7 ltr
3456,7440571a-841a-11ed-aa7c-7003bca91a86,lubes,151,LU-0001,Main Engine Cylinder Oil,ltr,CONSUME,-113.80,-113.80,ltr,0.00,16-Oct-2024 07:57,UTC,2024-10-16 07:57:00,,,228b5256-5bd2-4bf3-826f-c6fe76571449,Daily cylinder oil consumption - 113.8 ltr
3455,7440571a-841a-11ed-aa7c-7003bca91a86,lubes,151,LU-0001,Main Engine Cylinder Oil,ltr,CONSUME,-74.70,-74.70,ltr,0.00,15-Oct-2024 09:56,UTC,2024-10-15 09:56:00,,,480b40d0-04bd-4590-a936-2f879b867977,Daily cylinder oil consumption - 74.7 ltr
2056,7440571a-841a-11ed-aa7c-7003bca91a86,stores,173,OT-0003,Hull below waterline,ltr,CONSUME,-2.79,-2.79,ltr,0.00,15-Oct-2024 00:00,UTC,2024-10-15 00:00:00,,,6084f3b8-85dc-462a-b045-111d2b2e6d0e,General stores consumption
2057,7440571a-841a-11ed-aa7c-7003bca91a86,stores,180,OT-0010,"Pipelines, safety markings",ltr,CONSUME,-1.97,-1.97,ltr,0.00,15-Oct-2024 00:00,UTC,2024-10-15 00:00:00,,,6084f3b8-85dc-462a-b045-111d2b2e6d0e,General stores consumption
2054,7440571a-841a-11ed-aa7c-7003bca91a86,stores,147,IT-0007,Ear Plugs (Disposable),pcs,CONSUME,-3.41,-3.41,pcs,0.00,15-Oct-2024 00:00,UTC,2024-10-15 00:00:00,,,056a433e-b880-43c6-9d59-b1cfe71a4014,General stores consumption
2055,7440571a-841a-11ed-aa7c-7003bca91a86,stores,150,IT-0010,Emery Paper / Abrasive Sheet,pcs,CONSUME,-2.13,-2.13,pcs,0.00,15-Oct-2024 00:00,UTC,2024-10-15 00:00:00,,,228b5256-5bd2-4bf3-826f-c6fe76571449,General stores consumption
3454,7440571a-841a-11ed-aa7c-7003bca91a86,lubes,151,LU-0001,Main Engine Cylinder Oil,ltr,CONSUME,-56.30,-56.30,ltr,0.00,14-Oct-2024 08:04,UTC,2024-10-14 08:04:00,,,056a433e-b880-43c6-9d59-b1cfe71a4014,Daily cylinder oil consumption - 56.3 ltr
2050,7440571a-841a-11ed-aa7c-7003bca91a86,chemicals,164,CH-0004,Cooling Water Treatment Chemical,ltr,CONSUME,-0.92,-0.92,ltr,0.00,14-Oct-2024 00:00,UTC,2024-10-14 00:00:00,,,6084f3b8-85dc-462a-b045-111d2b2e6d0e,Weekly chemical consumption
2051,7440571a-841a-11ed-aa7c-7003bca91a86,chemicals,166,CH-0006,Tank Cleaning Chemical (Alkaline),ltr,CONSUME,-1.94,-1.94,ltr,0.00,14-Oct-2024 00:00,UTC,2024-10-14 00:00:00,,,6084f3b8-85dc-462a-b045-111d2b2e6d0e,Weekly chemical consumption
2052,7440571a-841a-11ed-aa7c-7003bca91a86,chemicals,167,CH-0007,Degreasing Chemical,ltr,CONSUME,-1.44,-1.44,ltr,0.00,14-Oct-2024 00:00,UTC,2024-10-14 00:00:00,,,056a433e-b880-43c6-9d59-b1cfe71a4014,Weekly chemical consumption
2053,7440571a-841a-11ed-aa7c-7003bca91a86,chemicals,170,CH-0010,Hand Cleaning Chemical (Industrial Soap),ltr,CONSUME,-1.45,-1.45,ltr,0.00,14-Oct-2024 00:00,UTC,2024-10-14 00:00:00,,,056a433e-b880-43c6-9d59-b1cfe71a4014,Weekly chemical consumption
2049,7440571a-841a-11ed-aa7c-7003bca91a86,chemicals,161,CH-0001,Fuel Oil Treatment Chemical,ltr,CONSUME,-0.43,-0.43,ltr,0.00,14-Oct-2024 00:00,UTC,2024-10-14 00:00:00,,,228b5256-5bd2-4bf3-826f-c6fe76571449,Weekly chemical consumption
3453,7440571a-841a-11ed-aa7c-7003bca91a86,lubes,151,LU-0001,Main Engine Cylinder Oil,ltr,CONSUME,-69.40,-69.40,ltr,0.00,13-Oct-2024 08:34,UTC,2024-10-13 08:34:00,,,480b40d0-04bd-4590-a936-2f879b867977,Daily cylinder oil consumption - 69.4 ltr
3452,7440571a-841a-11ed-aa7c-7003bca91a86,lubes,151,LU-0001,Main Engine Cylinder Oil,ltr,CONSUME,-64.80,-64.80,ltr,0.00,12-Oct-2024 08:30,UTC,2024-10-12 08:30:00,,,480b40d0-04bd-4590-a936-2f879b867977,Daily cylinder oil consumption - 64.8 ltr
4113,7440571a-841a-11ed-aa7c-7003bca91a86,stores,148,IT-0008,Dust Mask / Respirator Mask,pcs,RECEIVE,125.00,125.00,pcs,625.00,11-Oct-2024 15:33,UTC,2024-10-11 15:33:00,Rotterdam,PO-2024-7972,228b5256-5bd2-4bf3-826f-c6fe76571449,Received at Rotterdam
4112,7440571a-841a-11ed-aa7c-7003bca91a86,chemicals,166,CH-0006,Tank Cleaning Chemical (Alkaline),ltr,RECEIVE,576.20,576.20,ltr,5356.50,11-Oct-2024 15:33,UTC,2024-10-11 15:33:00,Rotterdam,PO-2024-7972,228b5256-5bd2-4bf3-826f-c6fe76571449,Received at Rotterdam
3451,7440571a-841a-11ed-aa7c-7003bca91a86,lubes,151,LU-0001,Main Engine Cylinder Oil,ltr,CONSUME,-83.10,-83.10,ltr,0.00,11-Oct-2024 08:40,UTC,2024-10-11 08:40:00,,,056a433e-b880-43c6-9d59-b1cfe71a4014,Daily cylinder oil consumption - 83.1 ltr
3980,7440571a-841a-11ed-aa7c-7003bca91a86,lubes,153,LU-0003,Auxiliary Engine Lube Oil,ltr,CONSUME,-235.30,-235.30,ltr,1672.10,10-Oct-2024 10:18,UTC,2024-10-10 10:18:00,,,056a433e-b880-43c6-9d59-b1cfe71a4014,Monthly AE lube oil top-up - 235.3 ltr
3979,7440571a-841a-11ed-aa7c-7003bca91a86,lubes,152,LU-0002,Main Engine System Oil,ltr,CONSUME,-193.80,-193.80,ltr,1259.90,10-Oct-2024 10:18,UTC,2024-10-10 10:18:00,,,228b5256-5bd2-4bf3-826f-c6fe76571449,Monthly ME system oil top-up - 193.8 ltr
3450,7440571a-841a-11ed-aa7c-7003bca91a86,lubes,151,LU-0001,Main Engine Cylinder Oil,ltr,CONSUME,-64.00,-64.00,ltr,0.00,10-Oct-2024 07:28,UTC,2024-10-10 07:28:00,,,228b5256-5bd2-4bf3-826f-c6fe76571449,Daily cylinder oil consumption - 64.0 ltr
3449,7440571a-841a-11ed-aa7c-7003bca91a86,lubes,151,LU-0001,Main Engine Cylinder Oil,ltr,CONSUME,-88.40,-88.40,ltr,0.00,09-Oct-2024 06:10,UTC,2024-10-09 06:10:00,,,6084f3b8-85dc-462a-b045-111d2b2e6d0e,Daily cylinder oil consumption - 88.4 ltr
3448,7440571a-841a-11ed-aa7c-7003bca91a86,lubes,151,LU-0001,Main Engine Cylinder Oil,ltr,CONSUME,-51.50,-51.50,ltr,0.00,08-Oct-2024 06:55,UTC,2024-10-08 06:55:00,,,6084f3b8-85dc-462a-b045-111d2b2e6d0e,Daily cylinder oil consumption - 51.5 ltr
3447,7440571a-841a-11ed-aa7c-7003bca91a86,lubes,151,LU-0001,Main Engine Cylinder Oil,ltr,CONSUME,-51.30,-51.30,ltr,0.00,07-Oct-2024 09:32,UTC,2024-10-07 09:32:00,,,228b5256-5bd2-4bf3-826f-c6fe76571449,Daily cylinder oil consumption - 51.3 ltr
2048,7440571a-841a-11ed-aa7c-7003bca91a86,chemicals,169,CH-0009,Sewage Treatment Plant Chemical,ltr,CONSUME,-0.55,-0.55,ltr,0.00,07-Oct-2024 00:00,UTC,2024-10-07 00:00:00,,,228b5256-5bd2-4bf3-826f-c6fe76571449,Weekly chemical consumption
2047,7440571a-841a-11ed-aa7c-7003bca91a86,chemicals,164,CH-0004,Cooling Water Treatment Chemical,ltr,CONSUME,-1.49,-1.49,ltr,0.00,07-Oct-2024 00:00,UTC,2024-10-07 00:00:00,,,480b40d0-04bd-4590-a936-2f879b867977,Weekly chemical consumption
2046,7440571a-841a-11ed-aa7c-7003bca91a86,chemicals,161,CH-0001,Fuel Oil Treatment Chemical,ltr,CONSUME,-0.49,-0.49,ltr,0.00,07-Oct-2024 00:00,UTC,2024-10-07 00:00:00,,,056a433e-b880-43c6-9d59-b1cfe71a4014,Weekly chemical consumption
3446,7440571a-841a-11ed-aa7c-7003bca91a86,lubes,151,LU-0001,Main Engine Cylinder Oil,ltr,CONSUME,-104.40,-104.40,ltr,0.00,06-Oct-2024 09:10,UTC,2024-10-06 09:10:00,,,228b5256-5bd2-4bf3-826f-c6fe76571449,Daily cylinder oil consumption - 104.4 ltr
3445,7440571a-841a-11ed-aa7c-7003bca91a86,lubes,151,LU-0001,Main Engine Cylinder Oil,ltr,CONSUME,-110.60,-110.60,ltr,0.00,05-Oct-2024 09:44,UTC,2024-10-05 09:44:00,,,480b40d0-04bd-4590-a936-2f879b867977,Daily cylinder oil consumption - 110.6 ltr
3444,7440571a-841a-11ed-aa7c-7003bca91a86,lubes,151,LU-0001,Main Engine Cylinder Oil,ltr,CONSUME,-75.20,-75.20,ltr,0.00,04-Oct-2024 06:24,UTC,2024-10-04 06:24:00,,,6084f3b8-85dc-462a-b045-111d2b2e6d0e,Daily cylinder oil consumption - 75.2 ltr
3443,7440571a-841a-11ed-aa7c-7003bca91a86,lubes,151,LU-0001,Main Engine Cylinder Oil,ltr,CONSUME,-50.80,-50.80,ltr,0.00,03-Oct-2024 07:18,UTC,2024-10-03 07:18:00,,,056a433e-b880-43c6-9d59-b1cfe71a4014,Daily cylinder oil consumption - 50.8 ltr
3442,7440571a-841a-11ed-aa7c-7003bca91a86,lubes,151,LU-0001,Main Engine Cylinder Oil,ltr,CONSUME,-96.20,-96.20,ltr,0.00,02-Oct-2024 06:57,UTC,2024-10-02 06:57:00,,,6084f3b8-85dc-462a-b045-111d2b2e6d0e,Daily cylinder oil consumption - 96.2 ltr
3441,7440571a-841a-11ed-aa7c-7003bca91a86,lubes,151,LU-0001,Main Engine Cylinder Oil,ltr,CONSUME,-85.30,-85.30,ltr,0.00,01-Oct-2024 06:56,UTC,2024-10-01 06:56:00,,,6084f3b8-85dc-462a-b045-111d2b2e6d0e,Daily cylinder oil consumption - 85.3 ltr
2045,7440571a-841a-11ed-aa7c-7003bca91a86,stores,180,OT-0010,"Pipelines, safety markings",ltr,CONSUME,-3.84,-3.84,ltr,0.00,01-Oct-2024 00:00,UTC,2024-10-01 00:00:00,,,228b5256-5bd2-4bf3-826f-c6fe76571449,General stores consumption
2041,7440571a-841a-11ed-aa7c-7003bca91a86,stores,146,IT-0006,Safety Goggles (Clear),pcs,CONSUME,-3.85,-3.85,pcs,0.00,01-Oct-2024 00:00,UTC,2024-10-01 00:00:00,,,6084f3b8-85dc-462a-b045-111d2b2e6d0e,General stores consumption
2042,7440571a-841a-11ed-aa7c-7003bca91a86,stores,150,IT-0010,Emery Paper / Abrasive Sheet,pcs,CONSUME,-2.91,-2.91,pcs,0.00,01-Oct-2024 00:00,UTC,2024-10-01 00:00:00,,,6084f3b8-85dc-462a-b045-111d2b2e6d0e,General stores consumption
2043,7440571a-841a-11ed-aa7c-7003bca91a86,stores,177,OT-0007,"Bilges, chain lockers",ltr,CONSUME,-2.49,-2.49,ltr,0.00,01-Oct-2024 00:00,UTC,2024-10-01 00:00:00,,,056a433e-b880-43c6-9d59-b1cfe71a4014,General stores consumption
2044,7440571a-841a-11ed-aa7c-7003bca91a86,stores,178,OT-0008,"Pipes, tanks, machinery",ltr,CONSUME,-2.61,-2.61,ltr,0.00,01-Oct-2024 00:00,UTC,2024-10-01 00:00:00,,,056a433e-b880-43c6-9d59-b1cfe71a4014,General stores consumption
3440,7440571a-841a-11ed-aa7c-7003bca91a86,lubes,151,LU-0001,Main Engine Cylinder Oil,ltr,CONSUME,-66.80,-66.80,ltr,0.00,30-Sep-2024 08:50,UTC,2024-09-30 08:50:00,,,480b40d0-04bd-4590-a936-2f879b867977,Daily cylinder oil consumption - 66.8 ltr
2040,7440571a-841a-11ed-aa7c-7003bca91a86,chemicals,168,CH-0008,Rust Remover / Descaling Chemical,ltr,CONSUME,-0.96,-0.96,ltr,0.00,30-Sep-2024 00:00,UTC,2024-09-30 00:00:00,,,228b5256-5bd2-4bf3-826f-c6fe76571449,Weekly chemical consumption
2037,7440571a-841a-11ed-aa7c-7003bca91a86,chemicals,161,CH-0001,Fuel Oil Treatment Chemical,ltr,CONSUME,-1.59,-1.59,ltr,0.00,30-Sep-2024 00:00,UTC,2024-09-30 00:00:00,,,480b40d0-04bd-4590-a936-2f879b867977,Weekly chemical consumption
2038,7440571a-841a-11ed-aa7c-7003bca91a86,chemicals,162,CH-0002,Lube Oil Treatment Chemical,ltr,CONSUME,-1.42,-1.42,ltr,0.00,30-Sep-2024 00:00,UTC,2024-09-30 00:00:00,,,228b5256-5bd2-4bf3-826f-c6fe76571449,Weekly chemical consumption
2039,7440571a-841a-11ed-aa7c-7003bca91a86,chemicals,164,CH-0004,Cooling Water Treatment Chemical,ltr,CONSUME,-1.45,-1.45,ltr,0.00,30-Sep-2024 00:00,UTC,2024-09-30 00:00:00,,,480b40d0-04bd-4590-a936-2f879b867977,Weekly chemical consumption
3439,7440571a-841a-11ed-aa7c-7003bca91a86,lubes,151,LU-0001,Main Engine Cylinder Oil,ltr,CONSUME,-88.90,-88.90,ltr,0.00,29-Sep-2024 08:05,UTC,2024-09-29 08:05:00,,,228b5256-5bd2-4bf3-826f-c6fe76571449,Daily cylinder oil consumption - 88.9 ltr
3438,7440571a-841a-11ed-aa7c-7003bca91a86,lubes,151,LU-0001,Main Engine Cylinder Oil,ltr,CONSUME,-93.00,-93.00,ltr,0.00,28-Sep-2024 09:41,UTC,2024-09-28 09:41:00,,,480b40d0-04bd-4590-a936-2f879b867977,Daily cylinder oil consumption - 93.0 ltr
3437,7440571a-841a-11ed-aa7c-7003bca91a86,lubes,151,LU-0001,Main Engine Cylinder Oil,ltr,CONSUME,-84.40,-84.40,ltr,0.00,27-Sep-2024 06:47,UTC,2024-09-27 06:47:00,,,228b5256-5bd2-4bf3-826f-c6fe76571449,Daily cylinder oil consumption - 84.4 ltr
3436,7440571a-841a-11ed-aa7c-7003bca91a86,lubes,151,LU-0001,Main Engine Cylinder Oil,ltr,CONSUME,-106.20,-106.20,ltr,0.00,26-Sep-2024 08:29,UTC,2024-09-26 08:29:00,,,228b5256-5bd2-4bf3-826f-c6fe76571449,Daily cylinder oil consumption - 106.2 ltr
3435,7440571a-841a-11ed-aa7c-7003bca91a86,lubes,151,LU-0001,Main Engine Cylinder Oil,ltr,CONSUME,-111.10,-111.10,ltr,0.00,25-Sep-2024 07:43,UTC,2024-09-25 07:43:00,,,228b5256-5bd2-4bf3-826f-c6fe76571449,Daily cylinder oil consumption - 111.1 ltr
3434,7440571a-841a-11ed-aa7c-7003bca91a86,lubes,151,LU-0001,Main Engine Cylinder Oil,ltr,CONSUME,-111.80,-111.80,ltr,0.00,24-Sep-2024 07:37,UTC,2024-09-24 07:37:00,,,056a433e-b880-43c6-9d59-b1cfe71a4014,Daily cylinder oil consumption - 111.8 ltr
2663,7440571a-841a-11ed-aa7c-7003bca91a86,stores,153,LU-0003,Auxiliary Engine Lube Oil,ltr,RECEIVE,52.00,52.00,ltr,110.08,24-Sep-2024 00:00,UTC,2024-09-24 00:00:00,Jebel Ali,PO-2024-5946,228b5256-5bd2-4bf3-826f-c6fe76571449,Received at Jebel Ali
2658,7440571a-841a-11ed-aa7c-7003bca91a86,stores,142,IT-0002,Jeevan,pcs,RECEIVE,51.85,51.85,pcs,134.65,24-Sep-2024 00:00,UTC,2024-09-24 00:00:00,Jebel Ali,PO-2024-0267,228b5256-5bd2-4bf3-826f-c6fe76571449,Received at Jebel Ali
2659,7440571a-841a-11ed-aa7c-7003bca91a86,stores,144,IT-0004,Cutting Disc (Angle Grinder),pcs,RECEIVE,23.61,23.61,pcs,102.13,24-Sep-2024 00:00,UTC,2024-09-24 00:00:00,Jebel Ali,PO-2024-5112,228b5256-5bd2-4bf3-826f-c6fe76571449,Received at Jebel Ali
2660,7440571a-841a-11ed-aa7c-7003bca91a86,stores,145,IT-0005,Welding Electrodes (General Purpose),pcs,RECEIVE,21.52,21.52,pcs,200.20,24-Sep-2024 00:00,UTC,2024-09-24 00:00:00,Jebel Ali,PO-2024-1603,228b5256-5bd2-4bf3-826f-c6fe76571449,Received at Jebel Ali
2661,7440571a-841a-11ed-aa7c-7003bca91a86,stores,146,IT-0006,Safety Goggles (Clear),pcs,RECEIVE,18.15,18.15,pcs,222.63,24-Sep-2024 00:00,UTC,2024-09-24 00:00:00,Jebel Ali,PO-2024-0733,228b5256-5bd2-4bf3-826f-c6fe76571449,Received at Jebel Ali
2662,7440571a-841a-11ed-aa7c-7003bca91a86,stores,148,IT-0008,Dust Mask / Respirator Mask,pcs,RECEIVE,6.62,6.62,pcs,209.15,24-Sep-2024 00:00,UTC,2024-09-24 00:00:00,Jebel Ali,PO-2024-0502,228b5256-5bd2-4bf3-826f-c6fe76571449,Received at Jebel Ali
2664,7440571a-841a-11ed-aa7c-7003bca91a86,stores,154,LU-0004,Turbocharger Lube Oil,ltr,RECEIVE,44.35,44.35,ltr,232.16,24-Sep-2024 00:00,UTC,2024-09-24 00:00:00,Jebel Ali,PO-2024-5977,228b5256-5bd2-4bf3-826f-c6fe76571449,Received at Jebel Ali
2665,7440571a-841a-11ed-aa7c-7003bca91a86,stores,158,LU-0008,Compressor Oil,ltr,RECEIVE,26.48,26.48,ltr,157.89,24-Sep-2024 00:00,UTC,2024-09-24 00:00:00,Jebel Ali,PO-2024-2608,228b5256-5bd2-4bf3-826f-c6fe76571449,Received at Jebel Ali
2666,7440571a-841a-11ed-aa7c-7003bca91a86,chemicals,162,CH-0002,Lube Oil Treatment Chemical,ltr,RECEIVE,25.97,25.97,ltr,139.73,24-Sep-2024 00:00,UTC,2024-09-24 00:00:00,Jebel Ali,PO-2024-0500,228b5256-5bd2-4bf3-826f-c6fe76571449,Received at Jebel Ali
2667,7440571a-841a-11ed-aa7c-7003bca91a86,chemicals,166,CH-0006,Tank Cleaning Chemical (Alkaline),ltr,RECEIVE,42.50,42.50,ltr,136.98,24-Sep-2024 00:00,UTC,2024-09-24 00:00:00,Jebel Ali,PO-2024-7442,228b5256-5bd2-4bf3-826f-c6fe76571449,Received at Jebel Ali
2668,7440571a-841a-11ed-aa7c-7003bca91a86,chemicals,169,CH-0009,Sewage Treatment Plant Chemical,ltr,RECEIVE,36.12,36.12,ltr,111.35,24-Sep-2024 00:00,UTC,2024-09-24 00:00:00,Jebel Ali,PO-2024-7732,228b5256-5bd2-4bf3-826f-c6fe76571449,Received at Jebel Ali
2669,7440571a-841a-11ed-aa7c-7003bca91a86,stores,173,OT-0003,Hull below waterline,ltr,RECEIVE,42.05,42.05,ltr,144.11,24-Sep-2024 00:00,UTC,2024-09-24 00:00:00,Jebel Ali,PO-2024-2809,228b5256-5bd2-4bf3-826f-c6fe76571449,Received at Jebel Ali
2670,7440571a-841a-11ed-aa7c-7003bca91a86,stores,174,OT-0004,Waterline area,ltr,RECEIVE,15.46,15.46,ltr,139.67,24-Sep-2024 00:00,UTC,2024-09-24 00:00:00,Jebel Ali,PO-2024-7240,228b5256-5bd2-4bf3-826f-c6fe76571449,Received at Jebel Ali
2671,7440571a-841a-11ed-aa7c-7003bca91a86,stores,175,OT-0005,External structures,ltr,RECEIVE,44.00,44.00,ltr,150.51,24-Sep-2024 00:00,UTC,2024-09-24 00:00:00,Jebel Ali,PO-2024-6247,228b5256-5bd2-4bf3-826f-c6fe76571449,Received at Jebel Ali
3433,7440571a-841a-11ed-aa7c-7003bca91a86,lubes,151,LU-0001,Main Engine Cylinder Oil,ltr,CONSUME,-91.20,-91.20,ltr,0.00,23-Sep-2024 07:00,UTC,2024-09-23 07:00:00,,,480b40d0-04bd-4590-a936-2f879b867977,Daily cylinder oil consumption - 91.2 ltr
2032,7440571a-841a-11ed-aa7c-7003bca91a86,chemicals,163,CH-0003,Boiler Water Treatment Chemical,ltr,CONSUME,-0.14,-0.14,ltr,0.00,23-Sep-2024 00:00,UTC,2024-09-23 00:00:00,,,6084f3b8-85dc-462a-b045-111d2b2e6d0e,Weekly chemical consumption
2033,7440571a-841a-11ed-aa7c-7003bca91a86,chemicals,166,CH-0006,Tank Cleaning Chemical (Alkaline),ltr,CONSUME,-1.01,-1.01,ltr,0.00,23-Sep-2024 00:00,UTC,2024-09-23 00:00:00,,,056a433e-b880-43c6-9d59-b1cfe71a4014,Weekly chemical consumption
2034,7440571a-841a-11ed-aa7c-7003bca91a86,chemicals,167,CH-0007,Degreasing Chemical,ltr,CONSUME,-1.24,-1.24,ltr,0.00,23-Sep-2024 00:00,UTC,2024-09-23 00:00:00,,,6084f3b8-85dc-462a-b045-111d2b2e6d0e,Weekly chemical consumption
2031,7440571a-841a-11ed-aa7c-7003bca91a86,chemicals,162,CH-0002,Lube Oil Treatment Chemical,ltr,CONSUME,-0.84,-0.84,ltr,0.00,23-Sep-2024 00:00,UTC,2024-09-23 00:00:00,,,056a433e-b880-43c6-9d59-b1cfe71a4014,Weekly chemical consumption
2036,7440571a-841a-11ed-aa7c-7003bca91a86,chemicals,169,CH-0009,Sewage Treatment Plant Chemical,ltr,CONSUME,-0.40,-0.40,ltr,0.00,23-Sep-2024 00:00,UTC,2024-09-23 00:00:00,,,480b40d0-04bd-4590-a936-2f879b867977,Weekly chemical consumption
2030,7440571a-841a-11ed-aa7c-7003bca91a86,chemicals,161,CH-0001,Fuel Oil Treatment Chemical,ltr,CONSUME,-0.92,-0.92,ltr,0.00,23-Sep-2024 00:00,UTC,2024-09-23 00:00:00,,,480b40d0-04bd-4590-a936-2f879b867977,Weekly chemical consumption
2035,7440571a-841a-11ed-aa7c-7003bca91a86,chemicals,168,CH-0008,Rust Remover / Descaling Chemical,ltr,CONSUME,-1.89,-1.89,ltr,0.00,23-Sep-2024 00:00,UTC,2024-09-23 00:00:00,,,480b40d0-04bd-4590-a936-2f879b867977,Weekly chemical consumption
3432,7440571a-841a-11ed-aa7c-7003bca91a86,lubes,151,LU-0001,Main Engine Cylinder Oil,ltr,CONSUME,-73.40,-73.40,ltr,0.00,22-Sep-2024 06:40,UTC,2024-09-22 06:40:00,,,056a433e-b880-43c6-9d59-b1cfe71a4014,Daily cylinder oil consumption - 73.4 ltr
3431,7440571a-841a-11ed-aa7c-7003bca91a86,lubes,151,LU-0001,Main Engine Cylinder Oil,ltr,CONSUME,-116.60,-116.60,ltr,0.00,21-Sep-2024 07:17,UTC,2024-09-21 07:17:00,,,056a433e-b880-43c6-9d59-b1cfe71a4014,Daily cylinder oil consumption - 116.6 ltr
3430,7440571a-841a-11ed-aa7c-7003bca91a86,lubes,151,LU-0001,Main Engine Cylinder Oil,ltr,CONSUME,-98.30,-98.30,ltr,0.00,20-Sep-2024 08:22,UTC,2024-09-20 08:22:00,,,480b40d0-04bd-4590-a936-2f879b867977,Daily cylinder oil consumption - 98.3 ltr
3978,7440571a-841a-11ed-aa7c-7003bca91a86,lubes,153,LU-0003,Auxiliary Engine Lube Oil,ltr,CONSUME,-215.80,-215.80,ltr,1907.40,19-Sep-2024 11:50,UTC,2024-09-19 11:50:00,,,056a433e-b880-43c6-9d59-b1cfe71a4014,Monthly AE lube oil top-up - 215.8 ltr
3977,7440571a-841a-11ed-aa7c-7003bca91a86,lubes,152,LU-0002,Main Engine System Oil,ltr,CONSUME,-190.60,-190.60,ltr,1453.70,19-Sep-2024 11:50,UTC,2024-09-19 11:50:00,,,228b5256-5bd2-4bf3-826f-c6fe76571449,Monthly ME system oil top-up - 190.6 ltr
3429,7440571a-841a-11ed-aa7c-7003bca91a86,lubes,151,LU-0001,Main Engine Cylinder Oil,ltr,CONSUME,-68.20,-68.20,ltr,0.00,19-Sep-2024 09:05,UTC,2024-09-19 09:05:00,,,228b5256-5bd2-4bf3-826f-c6fe76571449,Daily cylinder oil consumption - 68.2 ltr
3428,7440571a-841a-11ed-aa7c-7003bca91a86,lubes,151,LU-0001,Main Engine Cylinder Oil,ltr,CONSUME,-66.10,-66.10,ltr,0.00,18-Sep-2024 08:14,UTC,2024-09-18 08:14:00,,,480b40d0-04bd-4590-a936-2f879b867977,Daily cylinder oil consumption - 66.1 ltr
4051,7440571a-841a-11ed-aa7c-7003bca91a86,chemicals,166,CH-0006,Tank Cleaning Chemical (Alkaline),ltr,CONSUME,-36.10,-36.10,ltr,4907.10,17-Sep-2024 12:19,UTC,2024-09-17 12:19:00,,,6084f3b8-85dc-462a-b045-111d2b2e6d0e,Chemical consumption - Tank Cleaning Chemical (Alkaline)
3427,7440571a-841a-11ed-aa7c-7003bca91a86,lubes,151,LU-0001,Main Engine Cylinder Oil,ltr,CONSUME,-71.50,-71.50,ltr,0.00,17-Sep-2024 09:13,UTC,2024-09-17 09:13:00,,,6084f3b8-85dc-462a-b045-111d2b2e6d0e,Daily cylinder oil consumption - 71.5 ltr
3426,7440571a-841a-11ed-aa7c-7003bca91a86,lubes,151,LU-0001,Main Engine Cylinder Oil,ltr,CONSUME,-61.20,-61.20,ltr,0.00,16-Sep-2024 09:58,UTC,2024-09-16 09:58:00,,,056a433e-b880-43c6-9d59-b1cfe71a4014,Daily cylinder oil consumption - 61.2 ltr
2026,7440571a-841a-11ed-aa7c-7003bca91a86,chemicals,163,CH-0003,Boiler Water Treatment Chemical,ltr,CONSUME,-0.19,-0.19,ltr,0.00,16-Sep-2024 00:00,UTC,2024-09-16 00:00:00,,,480b40d0-04bd-4590-a936-2f879b867977,Weekly chemical consumption
2025,7440571a-841a-11ed-aa7c-7003bca91a86,chemicals,161,CH-0001,Fuel Oil Treatment Chemical,ltr,CONSUME,-2.04,-2.04,ltr,0.00,16-Sep-2024 00:00,UTC,2024-09-16 00:00:00,,,056a433e-b880-43c6-9d59-b1cfe71a4014,Weekly chemical consumption
2027,7440571a-841a-11ed-aa7c-7003bca91a86,chemicals,164,CH-0004,Cooling Water Treatment Chemical,ltr,CONSUME,-0.59,-0.59,ltr,0.00,16-Sep-2024 00:00,UTC,2024-09-16 00:00:00,,,6084f3b8-85dc-462a-b045-111d2b2e6d0e,Weekly chemical consumption
2028,7440571a-841a-11ed-aa7c-7003bca91a86,chemicals,168,CH-0008,Rust Remover / Descaling Chemical,ltr,CONSUME,-0.30,-0.30,ltr,0.00,16-Sep-2024 00:00,UTC,2024-09-16 00:00:00,,,228b5256-5bd2-4bf3-826f-c6fe76571449,Weekly chemical consumption
2029,7440571a-841a-11ed-aa7c-7003bca91a86,chemicals,170,CH-0010,Hand Cleaning Chemical (Industrial Soap),ltr,CONSUME,-1.38,-1.38,ltr,0.00,16-Sep-2024 00:00,UTC,2024-09-16 00:00:00,,,480b40d0-04bd-4590-a936-2f879b867977,Weekly chemical consumption
3425,7440571a-841a-11ed-aa7c-7003bca91a86,lubes,151,LU-0001,Main Engine Cylinder Oil,ltr,CONSUME,-84.60,-84.60,ltr,0.00,15-Sep-2024 06:45,UTC,2024-09-15 06:45:00,,,480b40d0-04bd-4590-a936-2f879b867977,Daily cylinder oil consumption - 84.6 ltr
2023,7440571a-841a-11ed-aa7c-7003bca91a86,stores,145,IT-0005,Welding Electrodes (General Purpose),pcs,CONSUME,-2.60,-2.60,pcs,0.00,15-Sep-2024 00:00,UTC,2024-09-15 00:00:00,,,056a433e-b880-43c6-9d59-b1cfe71a4014,General stores consumption
2024,7440571a-841a-11ed-aa7c-7003bca91a86,stores,148,IT-0008,Dust Mask / Respirator Mask,pcs,CONSUME,-3.34,-3.34,pcs,0.00,15-Sep-2024 00:00,UTC,2024-09-15 00:00:00,,,056a433e-b880-43c6-9d59-b1cfe71a4014,General stores consumption
3424,7440571a-841a-11ed-aa7c-7003bca91a86,lubes,151,LU-0001,Main Engine Cylinder Oil,ltr,CONSUME,-97.50,-97.50,ltr,0.00,14-Sep-2024 07:47,UTC,2024-09-14 07:47:00,,,056a433e-b880-43c6-9d59-b1cfe71a4014,Daily cylinder oil consumption - 97.5 ltr
4052,7440571a-841a-11ed-aa7c-7003bca91a86,chemicals,167,CH-0007,Degreasing Chemical,ltr,CONSUME,-18.50,-18.50,ltr,4912.20,13-Sep-2024 16:21,UTC,2024-09-13 16:21:00,,,228b5256-5bd2-4bf3-826f-c6fe76571449,Chemical consumption - Degreasing Chemical
4050,7440571a-841a-11ed-aa7c-7003bca91a86,chemicals,165,CH-0005,Potable Water Chlorination Chemical,ltr,CONSUME,-36.70,-36.70,ltr,4825.00,13-Sep-2024 14:32,UTC,2024-09-13 14:32:00,,,228b5256-5bd2-4bf3-826f-c6fe76571449,Chemical consumption - Potable Water Chlorination Chemical
4053,7440571a-841a-11ed-aa7c-7003bca91a86,chemicals,163,CH-0003,Boiler Water Treatment Chemical,ltr,CONSUME,-10.90,-10.90,ltr,4876.90,13-Sep-2024 12:45,UTC,2024-09-13 12:45:00,,,228b5256-5bd2-4bf3-826f-c6fe76571449,Chemical consumption - Boiler Water Treatment Chemical
3423,7440571a-841a-11ed-aa7c-7003bca91a86,lubes,151,LU-0001,Main Engine Cylinder Oil,ltr,CONSUME,-64.40,-64.40,ltr,0.00,13-Sep-2024 07:36,UTC,2024-09-13 07:36:00,,,056a433e-b880-43c6-9d59-b1cfe71a4014,Daily cylinder oil consumption - 64.4 ltr
3422,7440571a-841a-11ed-aa7c-7003bca91a86,lubes,151,LU-0001,Main Engine Cylinder Oil,ltr,CONSUME,-114.00,-114.00,ltr,0.00,12-Sep-2024 07:22,UTC,2024-09-12 07:22:00,,,6084f3b8-85dc-462a-b045-111d2b2e6d0e,Daily cylinder oil consumption - 114.0 ltr
3421,7440571a-841a-11ed-aa7c-7003bca91a86,lubes,151,LU-0001,Main Engine Cylinder Oil,ltr,CONSUME,-80.50,-80.50,ltr,0.00,11-Sep-2024 06:28,UTC,2024-09-11 06:28:00,,,228b5256-5bd2-4bf3-826f-c6fe76571449,Daily cylinder oil consumption - 80.5 ltr
3420,7440571a-841a-11ed-aa7c-7003bca91a86,lubes,151,LU-0001,Main Engine Cylinder Oil,ltr,CONSUME,-66.00,-66.00,ltr,0.00,10-Sep-2024 06:12,UTC,2024-09-10 06:12:00,,,056a433e-b880-43c6-9d59-b1cfe71a4014,Daily cylinder oil consumption - 66.0 ltr
3419,7440571a-841a-11ed-aa7c-7003bca91a86,lubes,151,LU-0001,Main Engine Cylinder Oil,ltr,CONSUME,-90.30,-90.30,ltr,0.00,09-Sep-2024 08:53,UTC,2024-09-09 08:53:00,,,056a433e-b880-43c6-9d59-b1cfe71a4014,Daily cylinder oil consumption - 90.3 ltr
2022,7440571a-841a-11ed-aa7c-7003bca91a86,chemicals,170,CH-0010,Hand Cleaning Chemical (Industrial Soap),ltr,CONSUME,-1.85,-1.85,ltr,0.00,09-Sep-2024 00:00,UTC,2024-09-09 00:00:00,,,228b5256-5bd2-4bf3-826f-c6fe76571449,Weekly chemical consumption
2020,7440571a-841a-11ed-aa7c-7003bca91a86,chemicals,167,CH-0007,Degreasing Chemical,ltr,CONSUME,-0.21,-0.21,ltr,0.00,09-Sep-2024 00:00,UTC,2024-09-09 00:00:00,,,056a433e-b880-43c6-9d59-b1cfe71a4014,Weekly chemical consumption
2021,7440571a-841a-11ed-aa7c-7003bca91a86,chemicals,169,CH-0009,Sewage Treatment Plant Chemical,ltr,CONSUME,-0.95,-0.95,ltr,0.00,09-Sep-2024 00:00,UTC,2024-09-09 00:00:00,,,480b40d0-04bd-4590-a936-2f879b867977,Weekly chemical consumption
2018,7440571a-841a-11ed-aa7c-7003bca91a86,chemicals,162,CH-0002,Lube Oil Treatment Chemical,ltr,CONSUME,-1.15,-1.15,ltr,0.00,09-Sep-2024 00:00,UTC,2024-09-09 00:00:00,,,056a433e-b880-43c6-9d59-b1cfe71a4014,Weekly chemical consumption
2019,7440571a-841a-11ed-aa7c-7003bca91a86,chemicals,164,CH-0004,Cooling Water Treatment Chemical,ltr,CONSUME,-0.84,-0.84,ltr,0.00,09-Sep-2024 00:00,UTC,2024-09-09 00:00:00,,,056a433e-b880-43c6-9d59-b1cfe71a4014,Weekly chemical consumption
3418,7440571a-841a-11ed-aa7c-7003bca91a86,lubes,151,LU-0001,Main Engine Cylinder Oil,ltr,CONSUME,-105.40,-105.40,ltr,0.00,08-Sep-2024 06:46,UTC,2024-09-08 06:46:00,,,6084f3b8-85dc-462a-b045-111d2b2e6d0e,Daily cylinder oil consumption - 105.4 ltr
3417,7440571a-841a-11ed-aa7c-7003bca91a86,lubes,151,LU-0001,Main Engine Cylinder Oil,ltr,CONSUME,-114.30,-114.30,ltr,0.00,07-Sep-2024 06:48,UTC,2024-09-07 06:48:00,,,056a433e-b880-43c6-9d59-b1cfe71a4014,Daily cylinder oil consumption - 114.3 ltr
3416,7440571a-841a-11ed-aa7c-7003bca91a86,lubes,151,LU-0001,Main Engine Cylinder Oil,ltr,CONSUME,-77.70,-77.70,ltr,0.00,06-Sep-2024 06:00,UTC,2024-09-06 06:00:00,,,480b40d0-04bd-4590-a936-2f879b867977,Daily cylinder oil consumption - 77.7 ltr
3415,7440571a-841a-11ed-aa7c-7003bca91a86,lubes,151,LU-0001,Main Engine Cylinder Oil,ltr,CONSUME,-52.10,-52.10,ltr,0.00,05-Sep-2024 08:16,UTC,2024-09-05 08:16:00,,,6084f3b8-85dc-462a-b045-111d2b2e6d0e,Daily cylinder oil consumption - 52.1 ltr
3414,7440571a-841a-11ed-aa7c-7003bca91a86,lubes,151,LU-0001,Main Engine Cylinder Oil,ltr,CONSUME,-70.80,-70.80,ltr,0.00,04-Sep-2024 07:34,UTC,2024-09-04 07:34:00,,,228b5256-5bd2-4bf3-826f-c6fe76571449,Daily cylinder oil consumption - 70.8 ltr
3413,7440571a-841a-11ed-aa7c-7003bca91a86,lubes,151,LU-0001,Main Engine Cylinder Oil,ltr,CONSUME,-55.60,-55.60,ltr,0.00,03-Sep-2024 08:15,UTC,2024-09-03 08:15:00,,,056a433e-b880-43c6-9d59-b1cfe71a4014,Daily cylinder oil consumption - 55.6 ltr
3412,7440571a-841a-11ed-aa7c-7003bca91a86,lubes,151,LU-0001,Main Engine Cylinder Oil,ltr,CONSUME,-98.30,-98.30,ltr,0.00,02-Sep-2024 08:46,UTC,2024-09-02 08:46:00,,,056a433e-b880-43c6-9d59-b1cfe71a4014,Daily cylinder oil consumption - 98.3 ltr
2017,7440571a-841a-11ed-aa7c-7003bca91a86,chemicals,166,CH-0006,Tank Cleaning Chemical (Alkaline),ltr,CONSUME,-0.30,-0.30,ltr,0.00,02-Sep-2024 00:00,UTC,2024-09-02 00:00:00,,,6084f3b8-85dc-462a-b045-111d2b2e6d0e,Weekly chemical consumption
2015,7440571a-841a-11ed-aa7c-7003bca91a86,chemicals,163,CH-0003,Boiler Water Treatment Chemical,ltr,CONSUME,-1.89,-1.89,ltr,0.00,02-Sep-2024 00:00,UTC,2024-09-02 00:00:00,,,480b40d0-04bd-4590-a936-2f879b867977,Weekly chemical consumption
2016,7440571a-841a-11ed-aa7c-7003bca91a86,chemicals,165,CH-0005,Potable Water Chlorination Chemical,ltr,CONSUME,-1.46,-1.46,ltr,0.00,02-Sep-2024 00:00,UTC,2024-09-02 00:00:00,,,228b5256-5bd2-4bf3-826f-c6fe76571449,Weekly chemical consumption
3411,7440571a-841a-11ed-aa7c-7003bca91a86,lubes,151,LU-0001,Main Engine Cylinder Oil,ltr,CONSUME,-65.80,-65.80,ltr,0.00,01-Sep-2024 07:54,UTC,2024-09-01 07:54:00,,,228b5256-5bd2-4bf3-826f-c6fe76571449,Daily cylinder oil consumption - 65.8 ltr
2014,7440571a-841a-11ed-aa7c-7003bca91a86,stores,180,OT-0010,"Pipelines, safety markings",ltr,CONSUME,-2.94,-2.94,ltr,0.00,01-Sep-2024 00:00,UTC,2024-09-01 00:00:00,,,056a433e-b880-43c6-9d59-b1cfe71a4014,General stores consumption
2013,7440571a-841a-11ed-aa7c-7003bca91a86,stores,177,OT-0007,"Bilges, chain lockers",ltr,CONSUME,-2.62,-2.62,ltr,0.00,01-Sep-2024 00:00,UTC,2024-09-01 00:00:00,,,480b40d0-04bd-4590-a936-2f879b867977,General stores consumption
2012,7440571a-841a-11ed-aa7c-7003bca91a86,stores,176,OT-0006,"Exhausts, boilers, pipelines",ltr,CONSUME,-3.46,-3.46,ltr,0.00,01-Sep-2024 00:00,UTC,2024-09-01 00:00:00,,,228b5256-5bd2-4bf3-826f-c6fe76571449,General stores consumption
2011,7440571a-841a-11ed-aa7c-7003bca91a86,stores,148,IT-0008,Dust Mask / Respirator Mask,pcs,CONSUME,-3.51,-3.51,pcs,0.00,01-Sep-2024 00:00,UTC,2024-09-01 00:00:00,,,480b40d0-04bd-4590-a936-2f879b867977,General stores consumption
2009,7440571a-841a-11ed-aa7c-7003bca91a86,stores,145,IT-0005,Welding Electrodes (General Purpose),pcs,CONSUME,-2.34,-2.34,pcs,0.00,01-Sep-2024 00:00,UTC,2024-09-01 00:00:00,,,228b5256-5bd2-4bf3-826f-c6fe76571449,General stores consumption
2008,7440571a-841a-11ed-aa7c-7003bca91a86,stores,142,IT-0002,Jeevan,pcs,CONSUME,-2.46,-2.46,pcs,0.00,01-Sep-2024 00:00,UTC,2024-09-01 00:00:00,,,228b5256-5bd2-4bf3-826f-c6fe76571449,General stores consumption
2010,7440571a-841a-11ed-aa7c-7003bca91a86,stores,146,IT-0006,Safety Goggles (Clear),pcs,CONSUME,-1.32,-1.32,pcs,0.00,01-Sep-2024 00:00,UTC,2024-09-01 00:00:00,,,056a433e-b880-43c6-9d59-b1cfe71a4014,General stores consumption
4054,7440571a-841a-11ed-aa7c-7003bca91a86,chemicals,164,CH-0004,Cooling Water Treatment Chemical,ltr,CONSUME,-21.70,-21.70,ltr,4884.50,31-Aug-2024 17:48,UTC,2024-08-31 17:48:00,,,6084f3b8-85dc-462a-b045-111d2b2e6d0e,Chemical consumption - Cooling Water Treatment Chemical
3410,7440571a-841a-11ed-aa7c-7003bca91a86,lubes,151,LU-0001,Main Engine Cylinder Oil,ltr,CONSUME,-53.00,-53.00,ltr,0.00,31-Aug-2024 09:59,UTC,2024-08-31 09:59:00,,,6084f3b8-85dc-462a-b045-111d2b2e6d0e,Daily cylinder oil consumption - 53.0 ltr
3409,7440571a-841a-11ed-aa7c-7003bca91a86,lubes,151,LU-0001,Main Engine Cylinder Oil,ltr,CONSUME,-106.60,-106.60,ltr,0.00,30-Aug-2024 06:12,UTC,2024-08-30 06:12:00,,,056a433e-b880-43c6-9d59-b1cfe71a4014,Daily cylinder oil consumption - 106.6 ltr
3408,7440571a-841a-11ed-aa7c-7003bca91a86,lubes,151,LU-0001,Main Engine Cylinder Oil,ltr,CONSUME,-89.70,-89.70,ltr,0.00,29-Aug-2024 09:59,UTC,2024-08-29 09:59:00,,,056a433e-b880-43c6-9d59-b1cfe71a4014,Daily cylinder oil consumption - 89.7 ltr
3407,7440571a-841a-11ed-aa7c-7003bca91a86,lubes,151,LU-0001,Main Engine Cylinder Oil,ltr,CONSUME,-114.80,-114.80,ltr,0.00,28-Aug-2024 06:45,UTC,2024-08-28 06:45:00,,,056a433e-b880-43c6-9d59-b1cfe71a4014,Daily cylinder oil consumption - 114.8 ltr
3406,7440571a-841a-11ed-aa7c-7003bca91a86,lubes,151,LU-0001,Main Engine Cylinder Oil,ltr,CONSUME,-75.70,-75.70,ltr,0.00,27-Aug-2024 08:34,UTC,2024-08-27 08:34:00,,,056a433e-b880-43c6-9d59-b1cfe71a4014,Daily cylinder oil consumption - 75.7 ltr
3405,7440571a-841a-11ed-aa7c-7003bca91a86,lubes,151,LU-0001,Main Engine Cylinder Oil,ltr,CONSUME,-74.70,-74.70,ltr,0.00,26-Aug-2024 08:35,UTC,2024-08-26 08:35:00,,,480b40d0-04bd-4590-a936-2f879b867977,Daily cylinder oil consumption - 74.7 ltr
2007,7440571a-841a-11ed-aa7c-7003bca91a86,chemicals,167,CH-0007,Degreasing Chemical,ltr,CONSUME,-0.55,-0.55,ltr,0.00,26-Aug-2024 00:00,UTC,2024-08-26 00:00:00,,,228b5256-5bd2-4bf3-826f-c6fe76571449,Weekly chemical consumption
2003,7440571a-841a-11ed-aa7c-7003bca91a86,chemicals,163,CH-0003,Boiler Water Treatment Chemical,ltr,CONSUME,-1.48,-1.48,ltr,0.00,26-Aug-2024 00:00,UTC,2024-08-26 00:00:00,,,056a433e-b880-43c6-9d59-b1cfe71a4014,Weekly chemical consumption
2004,7440571a-841a-11ed-aa7c-7003bca91a86,chemicals,164,CH-0004,Cooling Water Treatment Chemical,ltr,CONSUME,-0.89,-0.89,ltr,0.00,26-Aug-2024 00:00,UTC,2024-08-26 00:00:00,,,6084f3b8-85dc-462a-b045-111d2b2e6d0e,Weekly chemical consumption
2005,7440571a-841a-11ed-aa7c-7003bca91a86,chemicals,165,CH-0005,Potable Water Chlorination Chemical,ltr,CONSUME,-1.05,-1.05,ltr,0.00,26-Aug-2024 00:00,UTC,2024-08-26 00:00:00,,,480b40d0-04bd-4590-a936-2f879b867977,Weekly chemical consumption
2006,7440571a-841a-11ed-aa7c-7003bca91a86,chemicals,166,CH-0006,Tank Cleaning Chemical (Alkaline),ltr,CONSUME,-1.98,-1.98,ltr,0.00,26-Aug-2024 00:00,UTC,2024-08-26 00:00:00,,,480b40d0-04bd-4590-a936-2f879b867977,Weekly chemical consumption
3404,7440571a-841a-11ed-aa7c-7003bca91a86,lubes,151,LU-0001,Main Engine Cylinder Oil,ltr,CONSUME,-58.80,-58.80,ltr,0.00,25-Aug-2024 07:37,UTC,2024-08-25 07:37:00,,,6084f3b8-85dc-462a-b045-111d2b2e6d0e,Daily cylinder oil consumption - 58.8 ltr
3403,7440571a-841a-11ed-aa7c-7003bca91a86,lubes,151,LU-0001,Main Engine Cylinder Oil,ltr,CONSUME,-114.10,-114.10,ltr,0.00,24-Aug-2024 06:44,UTC,2024-08-24 06:44:00,,,228b5256-5bd2-4bf3-826f-c6fe76571449,Daily cylinder oil consumption - 114.1 ltr
3402,7440571a-841a-11ed-aa7c-7003bca91a86,lubes,151,LU-0001,Main Engine Cylinder Oil,ltr,CONSUME,-84.90,-84.90,ltr,0.00,23-Aug-2024 06:15,UTC,2024-08-23 06:15:00,,,480b40d0-04bd-4590-a936-2f879b867977,Daily cylinder oil consumption - 84.9 ltr
2647,7440571a-841a-11ed-aa7c-7003bca91a86,stores,148,IT-0008,Dust Mask / Respirator Mask,pcs,RECEIVE,53.56,53.56,pcs,202.53,23-Aug-2024 00:00,UTC,2024-08-23 00:00:00,Jebel Ali,PO-2024-3618,228b5256-5bd2-4bf3-826f-c6fe76571449,Received at Jebel Ali
2648,7440571a-841a-11ed-aa7c-7003bca91a86,stores,152,LU-0002,Main Engine System Oil,ltr,RECEIVE,38.02,38.02,ltr,119.93,23-Aug-2024 00:00,UTC,2024-08-23 00:00:00,Jebel Ali,PO-2024-2180,228b5256-5bd2-4bf3-826f-c6fe76571449,Received at Jebel Ali
2649,7440571a-841a-11ed-aa7c-7003bca91a86,stores,160,LU-0010,Multipurpose Grease,ltr,RECEIVE,47.75,47.75,ltr,252.60,23-Aug-2024 00:00,UTC,2024-08-23 00:00:00,Jebel Ali,PO-2024-0837,228b5256-5bd2-4bf3-826f-c6fe76571449,Received at Jebel Ali
2650,7440571a-841a-11ed-aa7c-7003bca91a86,chemicals,165,CH-0005,Potable Water Chlorination Chemical,ltr,RECEIVE,32.49,32.49,ltr,165.37,23-Aug-2024 00:00,UTC,2024-08-23 00:00:00,Jebel Ali,PO-2024-7418,228b5256-5bd2-4bf3-826f-c6fe76571449,Received at Jebel Ali
2651,7440571a-841a-11ed-aa7c-7003bca91a86,chemicals,166,CH-0006,Tank Cleaning Chemical (Alkaline),ltr,RECEIVE,54.71,54.71,ltr,94.48,23-Aug-2024 00:00,UTC,2024-08-23 00:00:00,Jebel Ali,PO-2024-4939,228b5256-5bd2-4bf3-826f-c6fe76571449,Received at Jebel Ali
2657,7440571a-841a-11ed-aa7c-7003bca91a86,stores,151,LU-0001,Main Engine Cylinder Oil,ltr,RECEIVE,39.58,39.58,ltr,156.08,23-Aug-2024 00:00,UTC,2024-08-23 00:00:00,Jebel Ali,PO-2024-4801,228b5256-5bd2-4bf3-826f-c6fe76571449,Received at Jebel Ali
2656,7440571a-841a-11ed-aa7c-7003bca91a86,stores,180,OT-0010,"Pipelines, safety markings",ltr,RECEIVE,30.45,30.45,ltr,197.55,23-Aug-2024 00:00,UTC,2024-08-23 00:00:00,Jebel Ali,PO-2024-5670,228b5256-5bd2-4bf3-826f-c6fe76571449,Received at Jebel Ali
2655,7440571a-841a-11ed-aa7c-7003bca91a86,stores,178,OT-0008,"Pipes, tanks, machinery",ltr,RECEIVE,50.37,50.37,ltr,174.95,23-Aug-2024 00:00,UTC,2024-08-23 00:00:00,Jebel Ali,PO-2024-1730,228b5256-5bd2-4bf3-826f-c6fe76571449,Received at Jebel Ali
2654,7440571a-841a-11ed-aa7c-7003bca91a86,stores,174,OT-0004,Waterline area,ltr,RECEIVE,32.84,32.84,ltr,124.21,23-Aug-2024 00:00,UTC,2024-08-23 00:00:00,Jebel Ali,PO-2024-5362,228b5256-5bd2-4bf3-826f-c6fe76571449,Received at Jebel Ali
2653,7440571a-841a-11ed-aa7c-7003bca91a86,stores,173,OT-0003,Hull below waterline,ltr,RECEIVE,25.39,25.39,ltr,102.06,23-Aug-2024 00:00,UTC,2024-08-23 00:00:00,Jebel Ali,PO-2024-5409,228b5256-5bd2-4bf3-826f-c6fe76571449,Received at Jebel Ali
2652,7440571a-841a-11ed-aa7c-7003bca91a86,chemicals,169,CH-0009,Sewage Treatment Plant Chemical,ltr,RECEIVE,23.32,23.32,ltr,75.23,23-Aug-2024 00:00,UTC,2024-08-23 00:00:00,Jebel Ali,PO-2024-5400,228b5256-5bd2-4bf3-826f-c6fe76571449,Received at Jebel Ali
2646,7440571a-841a-11ed-aa7c-7003bca91a86,stores,146,IT-0006,Safety Goggles (Clear),pcs,RECEIVE,54.59,54.59,pcs,204.48,23-Aug-2024 00:00,UTC,2024-08-23 00:00:00,Jebel Ali,PO-2024-2432,228b5256-5bd2-4bf3-826f-c6fe76571449,Received at Jebel Ali
3401,7440571a-841a-11ed-aa7c-7003bca91a86,lubes,151,LU-0001,Main Engine Cylinder Oil,ltr,CONSUME,-54.80,-54.80,ltr,0.00,22-Aug-2024 08:17,UTC,2024-08-22 08:17:00,,,6084f3b8-85dc-462a-b045-111d2b2e6d0e,Daily cylinder oil consumption - 54.8 ltr
3400,7440571a-841a-11ed-aa7c-7003bca91a86,lubes,151,LU-0001,Main Engine Cylinder Oil,ltr,CONSUME,-105.30,-105.30,ltr,0.00,21-Aug-2024 06:16,UTC,2024-08-21 06:16:00,,,228b5256-5bd2-4bf3-826f-c6fe76571449,Daily cylinder oil consumption - 105.3 ltr
4109,7440571a-841a-11ed-aa7c-7003bca91a86,chemicals,170,CH-0010,Hand Cleaning Chemical (Industrial Soap),ltr,RECEIVE,364.90,364.90,ltr,5232.30,20-Aug-2024 17:52,UTC,2024-08-20 17:52:00,Piraeus,PO-2024-7003,228b5256-5bd2-4bf3-826f-c6fe76571449,Received at Piraeus
4110,7440571a-841a-11ed-aa7c-7003bca91a86,stores,142,IT-0002,Jeevan,pcs,RECEIVE,122.00,122.00,pcs,827.00,20-Aug-2024 17:52,UTC,2024-08-20 17:52:00,Piraeus,PO-2024-7003,228b5256-5bd2-4bf3-826f-c6fe76571449,Received at Piraeus
4111,7440571a-841a-11ed-aa7c-7003bca91a86,stores,143,IT-0003,Grinding Wheel (Grinding Disc),pcs,RECEIVE,89.00,89.00,pcs,871.00,20-Aug-2024 17:52,UTC,2024-08-20 17:52:00,Piraeus,PO-2024-7003,228b5256-5bd2-4bf3-826f-c6fe76571449,Received at Piraeus
3399,7440571a-841a-11ed-aa7c-7003bca91a86,lubes,151,LU-0001,Main Engine Cylinder Oil,ltr,CONSUME,-83.50,-83.50,ltr,0.00,20-Aug-2024 08:34,UTC,2024-08-20 08:34:00,,,480b40d0-04bd-4590-a936-2f879b867977,Daily cylinder oil consumption - 83.5 ltr
3398,7440571a-841a-11ed-aa7c-7003bca91a86,lubes,151,LU-0001,Main Engine Cylinder Oil,ltr,CONSUME,-50.70,-50.70,ltr,0.00,19-Aug-2024 08:14,UTC,2024-08-19 08:14:00,,,228b5256-5bd2-4bf3-826f-c6fe76571449,Daily cylinder oil consumption - 50.7 ltr
1997,7440571a-841a-11ed-aa7c-7003bca91a86,chemicals,162,CH-0002,Lube Oil Treatment Chemical,ltr,CONSUME,-1.80,-1.80,ltr,0.00,19-Aug-2024 00:00,UTC,2024-08-19 00:00:00,,,6084f3b8-85dc-462a-b045-111d2b2e6d0e,Weekly chemical consumption
1998,7440571a-841a-11ed-aa7c-7003bca91a86,chemicals,164,CH-0004,Cooling Water Treatment Chemical,ltr,CONSUME,-1.51,-1.51,ltr,0.00,19-Aug-2024 00:00,UTC,2024-08-19 00:00:00,,,228b5256-5bd2-4bf3-826f-c6fe76571449,Weekly chemical consumption
1999,7440571a-841a-11ed-aa7c-7003bca91a86,chemicals,165,CH-0005,Potable Water Chlorination Chemical,ltr,CONSUME,-1.34,-1.34,ltr,0.00,19-Aug-2024 00:00,UTC,2024-08-19 00:00:00,,,056a433e-b880-43c6-9d59-b1cfe71a4014,Weekly chemical consumption
2000,7440571a-841a-11ed-aa7c-7003bca91a86,chemicals,166,CH-0006,Tank Cleaning Chemical (Alkaline),ltr,CONSUME,-2.05,-2.05,ltr,0.00,19-Aug-2024 00:00,UTC,2024-08-19 00:00:00,,,056a433e-b880-43c6-9d59-b1cfe71a4014,Weekly chemical consumption
2001,7440571a-841a-11ed-aa7c-7003bca91a86,chemicals,168,CH-0008,Rust Remover / Descaling Chemical,ltr,CONSUME,-1.55,-1.55,ltr,0.00,19-Aug-2024 00:00,UTC,2024-08-19 00:00:00,,,228b5256-5bd2-4bf3-826f-c6fe76571449,Weekly chemical consumption
2002,7440571a-841a-11ed-aa7c-7003bca91a86,chemicals,169,CH-0009,Sewage Treatment Plant Chemical,ltr,CONSUME,-0.79,-0.79,ltr,0.00,19-Aug-2024 00:00,UTC,2024-08-19 00:00:00,,,6084f3b8-85dc-462a-b045-111d2b2e6d0e,Weekly chemical consumption
3397,7440571a-841a-11ed-aa7c-7003bca91a86,lubes,151,LU-0001,Main Engine Cylinder Oil,ltr,CONSUME,-90.40,-90.40,ltr,0.00,18-Aug-2024 09:11,UTC,2024-08-18 09:11:00,,,6084f3b8-85dc-462a-b045-111d2b2e6d0e,Daily cylinder oil consumption - 90.4 ltr
3396,7440571a-841a-11ed-aa7c-7003bca91a86,lubes,151,LU-0001,Main Engine Cylinder Oil,ltr,CONSUME,-51.50,-51.50,ltr,0.00,17-Aug-2024 08:22,UTC,2024-08-17 08:22:00,,,480b40d0-04bd-4590-a936-2f879b867977,Daily cylinder oil consumption - 51.5 ltr
3976,7440571a-841a-11ed-aa7c-7003bca91a86,lubes,153,LU-0003,Auxiliary Engine Lube Oil,ltr,CONSUME,-104.80,-104.80,ltr,2123.20,16-Aug-2024 13:32,UTC,2024-08-16 13:32:00,,,056a433e-b880-43c6-9d59-b1cfe71a4014,Monthly AE lube oil top-up - 104.8 ltr
3975,7440571a-841a-11ed-aa7c-7003bca91a86,lubes,152,LU-0002,Main Engine System Oil,ltr,CONSUME,-163.90,-163.90,ltr,1644.30,16-Aug-2024 13:32,UTC,2024-08-16 13:32:00,,,228b5256-5bd2-4bf3-826f-c6fe76571449,Monthly ME system oil top-up - 163.9 ltr
3395,7440571a-841a-11ed-aa7c-7003bca91a86,lubes,151,LU-0001,Main Engine Cylinder Oil,ltr,CONSUME,-118.40,-118.40,ltr,0.00,16-Aug-2024 09:51,UTC,2024-08-16 09:51:00,,,056a433e-b880-43c6-9d59-b1cfe71a4014,Daily cylinder oil consumption - 118.4 ltr
3394,7440571a-841a-11ed-aa7c-7003bca91a86,lubes,151,LU-0001,Main Engine Cylinder Oil,ltr,CONSUME,-113.70,-113.70,ltr,0.00,15-Aug-2024 07:19,UTC,2024-08-15 07:19:00,,,6084f3b8-85dc-462a-b045-111d2b2e6d0e,Daily cylinder oil consumption - 113.7 ltr
1992,7440571a-841a-11ed-aa7c-7003bca91a86,stores,144,IT-0004,Cutting Disc (Angle Grinder),pcs,CONSUME,-3.48,-3.48,pcs,0.00,15-Aug-2024 00:00,UTC,2024-08-15 00:00:00,,,6084f3b8-85dc-462a-b045-111d2b2e6d0e,General stores consumption
1996,7440571a-841a-11ed-aa7c-7003bca91a86,stores,175,OT-0005,External structures,ltr,CONSUME,-3.50,-3.50,ltr,0.00,15-Aug-2024 00:00,UTC,2024-08-15 00:00:00,,,480b40d0-04bd-4590-a936-2f879b867977,General stores consumption
1995,7440571a-841a-11ed-aa7c-7003bca91a86,stores,173,OT-0003,Hull below waterline,ltr,CONSUME,-3.94,-3.94,ltr,0.00,15-Aug-2024 00:00,UTC,2024-08-15 00:00:00,,,228b5256-5bd2-4bf3-826f-c6fe76571449,General stores consumption
1994,7440571a-841a-11ed-aa7c-7003bca91a86,stores,172,OT-0002,"Ballast tanks, machinery spaces",ltr,CONSUME,-2.22,-2.22,ltr,0.00,15-Aug-2024 00:00,UTC,2024-08-15 00:00:00,,,480b40d0-04bd-4590-a936-2f879b867977,General stores consumption
1993,7440571a-841a-11ed-aa7c-7003bca91a86,stores,171,OT-0001,Steel surface protection,ltr,CONSUME,-2.57,-2.57,ltr,0.00,15-Aug-2024 00:00,UTC,2024-08-15 00:00:00,,,056a433e-b880-43c6-9d59-b1cfe71a4014,General stores consumption
3393,7440571a-841a-11ed-aa7c-7003bca91a86,lubes,151,LU-0001,Main Engine Cylinder Oil,ltr,CONSUME,-70.80,-70.80,ltr,0.00,14-Aug-2024 06:28,UTC,2024-08-14 06:28:00,,,228b5256-5bd2-4bf3-826f-c6fe76571449,Daily cylinder oil consumption - 70.8 ltr
3392,7440571a-841a-11ed-aa7c-7003bca91a86,lubes,151,LU-0001,Main Engine Cylinder Oil,ltr,CONSUME,-64.80,-64.80,ltr,0.00,13-Aug-2024 09:10,UTC,2024-08-13 09:10:00,,,6084f3b8-85dc-462a-b045-111d2b2e6d0e,Daily cylinder oil consumption - 64.8 ltr
3391,7440571a-841a-11ed-aa7c-7003bca91a86,lubes,151,LU-0001,Main Engine Cylinder Oil,ltr,CONSUME,-53.50,-53.50,ltr,0.00,12-Aug-2024 06:16,UTC,2024-08-12 06:16:00,,,480b40d0-04bd-4590-a936-2f879b867977,Daily cylinder oil consumption - 53.5 ltr
1990,7440571a-841a-11ed-aa7c-7003bca91a86,chemicals,161,CH-0001,Fuel Oil Treatment Chemical,ltr,CONSUME,-1.74,-1.74,ltr,0.00,12-Aug-2024 00:00,UTC,2024-08-12 00:00:00,,,056a433e-b880-43c6-9d59-b1cfe71a4014,Weekly chemical consumption
1991,7440571a-841a-11ed-aa7c-7003bca91a86,chemicals,165,CH-0005,Potable Water Chlorination Chemical,ltr,CONSUME,-0.37,-0.37,ltr,0.00,12-Aug-2024 00:00,UTC,2024-08-12 00:00:00,,,480b40d0-04bd-4590-a936-2f879b867977,Weekly chemical consumption
3390,7440571a-841a-11ed-aa7c-7003bca91a86,lubes,151,LU-0001,Main Engine Cylinder Oil,ltr,CONSUME,-74.40,-74.40,ltr,0.00,11-Aug-2024 08:16,UTC,2024-08-11 08:16:00,,,056a433e-b880-43c6-9d59-b1cfe71a4014,Daily cylinder oil consumption - 74.4 ltr
3389,7440571a-841a-11ed-aa7c-7003bca91a86,lubes,151,LU-0001,Main Engine Cylinder Oil,ltr,CONSUME,-106.90,-106.90,ltr,0.00,10-Aug-2024 09:52,UTC,2024-08-10 09:52:00,,,056a433e-b880-43c6-9d59-b1cfe71a4014,Daily cylinder oil consumption - 106.9 ltr
3388,7440571a-841a-11ed-aa7c-7003bca91a86,lubes,151,LU-0001,Main Engine Cylinder Oil,ltr,CONSUME,-112.80,-112.80,ltr,0.00,09-Aug-2024 08:33,UTC,2024-08-09 08:33:00,,,056a433e-b880-43c6-9d59-b1cfe71a4014,Daily cylinder oil consumption - 112.8 ltr
3387,7440571a-841a-11ed-aa7c-7003bca91a86,lubes,151,LU-0001,Main Engine Cylinder Oil,ltr,CONSUME,-88.60,-88.60,ltr,0.00,08-Aug-2024 08:55,UTC,2024-08-08 08:55:00,,,056a433e-b880-43c6-9d59-b1cfe71a4014,Daily cylinder oil consumption - 88.6 ltr
3386,7440571a-841a-11ed-aa7c-7003bca91a86,lubes,151,LU-0001,Main Engine Cylinder Oil,ltr,CONSUME,-77.20,-77.20,ltr,0.00,07-Aug-2024 08:18,UTC,2024-08-07 08:18:00,,,6084f3b8-85dc-462a-b045-111d2b2e6d0e,Daily cylinder oil consumption - 77.2 ltr
3385,7440571a-841a-11ed-aa7c-7003bca91a86,lubes,151,LU-0001,Main Engine Cylinder Oil,ltr,CONSUME,-83.70,-83.70,ltr,0.00,06-Aug-2024 08:59,UTC,2024-08-06 08:59:00,,,480b40d0-04bd-4590-a936-2f879b867977,Daily cylinder oil consumption - 83.7 ltr
3384,7440571a-841a-11ed-aa7c-7003bca91a86,lubes,151,LU-0001,Main Engine Cylinder Oil,ltr,CONSUME,-51.60,-51.60,ltr,0.00,05-Aug-2024 06:26,UTC,2024-08-05 06:26:00,,,480b40d0-04bd-4590-a936-2f879b867977,Daily cylinder oil consumption - 51.6 ltr
1989,7440571a-841a-11ed-aa7c-7003bca91a86,chemicals,165,CH-0005,Potable Water Chlorination Chemical,ltr,CONSUME,-0.73,-0.73,ltr,0.00,05-Aug-2024 00:00,UTC,2024-08-05 00:00:00,,,6084f3b8-85dc-462a-b045-111d2b2e6d0e,Weekly chemical consumption
3383,7440571a-841a-11ed-aa7c-7003bca91a86,lubes,151,LU-0001,Main Engine Cylinder Oil,ltr,CONSUME,-94.50,-94.50,ltr,0.00,04-Aug-2024 07:57,UTC,2024-08-04 07:57:00,,,228b5256-5bd2-4bf3-826f-c6fe76571449,Daily cylinder oil consumption - 94.5 ltr
3382,7440571a-841a-11ed-aa7c-7003bca91a86,lubes,151,LU-0001,Main Engine Cylinder Oil,ltr,CONSUME,-98.50,-98.50,ltr,0.00,03-Aug-2024 06:07,UTC,2024-08-03 06:07:00,,,480b40d0-04bd-4590-a936-2f879b867977,Daily cylinder oil consumption - 98.5 ltr
3381,7440571a-841a-11ed-aa7c-7003bca91a86,lubes,151,LU-0001,Main Engine Cylinder Oil,ltr,CONSUME,-81.10,-81.10,ltr,0.00,02-Aug-2024 07:32,UTC,2024-08-02 07:32:00,,,228b5256-5bd2-4bf3-826f-c6fe76571449,Daily cylinder oil consumption - 81.1 ltr
3380,7440571a-841a-11ed-aa7c-7003bca91a86,lubes,151,LU-0001,Main Engine Cylinder Oil,ltr,CONSUME,-52.50,-52.50,ltr,0.00,01-Aug-2024 08:39,UTC,2024-08-01 08:39:00,,,228b5256-5bd2-4bf3-826f-c6fe76571449,Daily cylinder oil consumption - 52.5 ltr
1988,7440571a-841a-11ed-aa7c-7003bca91a86,stores,180,OT-0010,"Pipelines, safety markings",ltr,CONSUME,-1.67,-1.67,ltr,0.00,01-Aug-2024 00:00,UTC,2024-08-01 00:00:00,,,228b5256-5bd2-4bf3-826f-c6fe76571449,General stores consumption
1986,7440571a-841a-11ed-aa7c-7003bca91a86,stores,177,OT-0007,"Bilges, chain lockers",ltr,CONSUME,-3.44,-3.44,ltr,0.00,01-Aug-2024 00:00,UTC,2024-08-01 00:00:00,,,480b40d0-04bd-4590-a936-2f879b867977,General stores consumption
1985,7440571a-841a-11ed-aa7c-7003bca91a86,stores,173,OT-0003,Hull below waterline,ltr,CONSUME,-2.92,-2.92,ltr,0.00,01-Aug-2024 00:00,UTC,2024-08-01 00:00:00,,,6084f3b8-85dc-462a-b045-111d2b2e6d0e,General stores consumption
1984,7440571a-841a-11ed-aa7c-7003bca91a86,stores,171,OT-0001,Steel surface protection,ltr,CONSUME,-2.90,-2.90,ltr,0.00,01-Aug-2024 00:00,UTC,2024-08-01 00:00:00,,,056a433e-b880-43c6-9d59-b1cfe71a4014,General stores consumption
1983,7440571a-841a-11ed-aa7c-7003bca91a86,stores,145,IT-0005,Welding Electrodes (General Purpose),pcs,CONSUME,-1.95,-1.95,pcs,0.00,01-Aug-2024 00:00,UTC,2024-08-01 00:00:00,,,480b40d0-04bd-4590-a936-2f879b867977,General stores consumption
1982,7440571a-841a-11ed-aa7c-7003bca91a86,stores,144,IT-0004,Cutting Disc (Angle Grinder),pcs,CONSUME,-2.63,-2.63,pcs,0.00,01-Aug-2024 00:00,UTC,2024-08-01 00:00:00,,,6084f3b8-85dc-462a-b045-111d2b2e6d0e,General stores consumption
1981,7440571a-841a-11ed-aa7c-7003bca91a86,stores,143,IT-0003,Grinding Wheel (Grinding Disc),pcs,CONSUME,-1.10,-1.10,pcs,0.00,01-Aug-2024 00:00,UTC,2024-08-01 00:00:00,,,480b40d0-04bd-4590-a936-2f879b867977,General stores consumption
1980,7440571a-841a-11ed-aa7c-7003bca91a86,stores,142,IT-0002,Jeevan,pcs,CONSUME,-1.13,-1.13,pcs,0.00,01-Aug-2024 00:00,UTC,2024-08-01 00:00:00,,,480b40d0-04bd-4590-a936-2f879b867977,General stores consumption
1987,7440571a-841a-11ed-aa7c-7003bca91a86,stores,178,OT-0008,"Pipes, tanks, machinery",ltr,CONSUME,-1.39,-1.39,ltr,0.00,01-Aug-2024 00:00,UTC,2024-08-01 00:00:00,,,6084f3b8-85dc-462a-b045-111d2b2e6d0e,General stores consumption
3379,7440571a-841a-11ed-aa7c-7003bca91a86,lubes,151,LU-0001,Main Engine Cylinder Oil,ltr,CONSUME,-64.00,-64.00,ltr,0.00,31-Jul-2024 06:57,UTC,2024-07-31 06:57:00,,,056a433e-b880-43c6-9d59-b1cfe71a4014,Daily cylinder oil consumption - 64.0 ltr
3378,7440571a-841a-11ed-aa7c-7003bca91a86,lubes,151,LU-0001,Main Engine Cylinder Oil,ltr,CONSUME,-51.60,-51.60,ltr,0.00,30-Jul-2024 09:09,UTC,2024-07-30 09:09:00,,,228b5256-5bd2-4bf3-826f-c6fe76571449,Daily cylinder oil consumption - 51.6 ltr
3377,7440571a-841a-11ed-aa7c-7003bca91a86,lubes,151,LU-0001,Main Engine Cylinder Oil,ltr,CONSUME,-98.80,-98.80,ltr,0.00,29-Jul-2024 09:32,UTC,2024-07-29 09:32:00,,,6084f3b8-85dc-462a-b045-111d2b2e6d0e,Daily cylinder oil consumption - 98.8 ltr
1979,7440571a-841a-11ed-aa7c-7003bca91a86,chemicals,170,CH-0010,Hand Cleaning Chemical (Industrial Soap),ltr,CONSUME,-0.15,-0.15,ltr,0.00,29-Jul-2024 00:00,UTC,2024-07-29 00:00:00,,,228b5256-5bd2-4bf3-826f-c6fe76571449,Weekly chemical consumption
1978,7440571a-841a-11ed-aa7c-7003bca91a86,chemicals,166,CH-0006,Tank Cleaning Chemical (Alkaline),ltr,CONSUME,-1.71,-1.71,ltr,0.00,29-Jul-2024 00:00,UTC,2024-07-29 00:00:00,,,056a433e-b880-43c6-9d59-b1cfe71a4014,Weekly chemical consumption
1977,7440571a-841a-11ed-aa7c-7003bca91a86,chemicals,165,CH-0005,Potable Water Chlorination Chemical,ltr,CONSUME,-0.17,-0.17,ltr,0.00,29-Jul-2024 00:00,UTC,2024-07-29 00:00:00,,,480b40d0-04bd-4590-a936-2f879b867977,Weekly chemical consumption
1976,7440571a-841a-11ed-aa7c-7003bca91a86,chemicals,164,CH-0004,Cooling Water Treatment Chemical,ltr,CONSUME,-0.66,-0.66,ltr,0.00,29-Jul-2024 00:00,UTC,2024-07-29 00:00:00,,,228b5256-5bd2-4bf3-826f-c6fe76571449,Weekly chemical consumption
3376,7440571a-841a-11ed-aa7c-7003bca91a86,lubes,151,LU-0001,Main Engine Cylinder Oil,ltr,CONSUME,-55.40,-55.40,ltr,0.00,28-Jul-2024 08:07,UTC,2024-07-28 08:07:00,,,6084f3b8-85dc-462a-b045-111d2b2e6d0e,Daily cylinder oil consumption - 55.4 ltr
3375,7440571a-841a-11ed-aa7c-7003bca91a86,lubes,151,LU-0001,Main Engine Cylinder Oil,ltr,CONSUME,-110.60,-110.60,ltr,0.00,27-Jul-2024 08:51,UTC,2024-07-27 08:51:00,,,480b40d0-04bd-4590-a936-2f879b867977,Daily cylinder oil consumption - 110.6 ltr
3374,7440571a-841a-11ed-aa7c-7003bca91a86,lubes,151,LU-0001,Main Engine Cylinder Oil,ltr,CONSUME,-88.20,-88.20,ltr,0.00,26-Jul-2024 08:10,UTC,2024-07-26 08:10:00,,,056a433e-b880-43c6-9d59-b1cfe71a4014,Daily cylinder oil consumption - 88.2 ltr
3373,7440571a-841a-11ed-aa7c-7003bca91a86,lubes,151,LU-0001,Main Engine Cylinder Oil,ltr,CONSUME,-53.50,-53.50,ltr,0.00,25-Jul-2024 09:42,UTC,2024-07-25 09:42:00,,,056a433e-b880-43c6-9d59-b1cfe71a4014,Daily cylinder oil consumption - 53.5 ltr
3372,7440571a-841a-11ed-aa7c-7003bca91a86,lubes,151,LU-0001,Main Engine Cylinder Oil,ltr,CONSUME,-83.70,-83.70,ltr,0.00,24-Jul-2024 06:21,UTC,2024-07-24 06:21:00,,,228b5256-5bd2-4bf3-826f-c6fe76571449,Daily cylinder oil consumption - 83.7 ltr
3371,7440571a-841a-11ed-aa7c-7003bca91a86,lubes,151,LU-0001,Main Engine Cylinder Oil,ltr,CONSUME,-89.50,-89.50,ltr,0.00,23-Jul-2024 08:18,UTC,2024-07-23 08:18:00,,,6084f3b8-85dc-462a-b045-111d2b2e6d0e,Daily cylinder oil consumption - 89.5 ltr
3370,7440571a-841a-11ed-aa7c-7003bca91a86,lubes,151,LU-0001,Main Engine Cylinder Oil,ltr,CONSUME,-63.80,-63.80,ltr,0.00,22-Jul-2024 06:59,UTC,2024-07-22 06:59:00,,,056a433e-b880-43c6-9d59-b1cfe71a4014,Daily cylinder oil consumption - 63.8 ltr
1973,7440571a-841a-11ed-aa7c-7003bca91a86,chemicals,166,CH-0006,Tank Cleaning Chemical (Alkaline),ltr,CONSUME,-0.53,-0.53,ltr,0.00,22-Jul-2024 00:00,UTC,2024-07-22 00:00:00,,,228b5256-5bd2-4bf3-826f-c6fe76571449,Weekly chemical consumption
1975,7440571a-841a-11ed-aa7c-7003bca91a86,chemicals,168,CH-0008,Rust Remover / Descaling Chemical,ltr,CONSUME,-0.50,-0.50,ltr,0.00,22-Jul-2024 00:00,UTC,2024-07-22 00:00:00,,,6084f3b8-85dc-462a-b045-111d2b2e6d0e,Weekly chemical consumption
1974,7440571a-841a-11ed-aa7c-7003bca91a86,chemicals,167,CH-0007,Degreasing Chemical,ltr,CONSUME,-1.76,-1.76,ltr,0.00,22-Jul-2024 00:00,UTC,2024-07-22 00:00:00,,,056a433e-b880-43c6-9d59-b1cfe71a4014,Weekly chemical consumption
3369,7440571a-841a-11ed-aa7c-7003bca91a86,lubes,151,LU-0001,Main Engine Cylinder Oil,ltr,CONSUME,-113.60,-113.60,ltr,0.00,21-Jul-2024 07:38,UTC,2024-07-21 07:38:00,,,6084f3b8-85dc-462a-b045-111d2b2e6d0e,Daily cylinder oil consumption - 113.6 ltr
4048,7440571a-841a-11ed-aa7c-7003bca91a86,chemicals,167,CH-0007,Degreasing Chemical,ltr,CONSUME,-12.40,-12.40,ltr,4930.70,20-Jul-2024 16:19,UTC,2024-07-20 16:19:00,,,6084f3b8-85dc-462a-b045-111d2b2e6d0e,Chemical consumption - Degreasing Chemical
3368,7440571a-841a-11ed-aa7c-7003bca91a86,lubes,151,LU-0001,Main Engine Cylinder Oil,ltr,CONSUME,-107.80,-107.80,ltr,0.00,20-Jul-2024 09:55,UTC,2024-07-20 09:55:00,,,6084f3b8-85dc-462a-b045-111d2b2e6d0e,Daily cylinder oil consumption - 107.8 ltr
3367,7440571a-841a-11ed-aa7c-7003bca91a86,lubes,151,LU-0001,Main Engine Cylinder Oil,ltr,CONSUME,-107.50,-107.50,ltr,0.00,19-Jul-2024 09:31,UTC,2024-07-19 09:31:00,,,480b40d0-04bd-4590-a936-2f879b867977,Daily cylinder oil consumption - 107.5 ltr
3366,7440571a-841a-11ed-aa7c-7003bca91a86,lubes,151,LU-0001,Main Engine Cylinder Oil,ltr,CONSUME,-114.90,-114.90,ltr,0.00,18-Jul-2024 06:50,UTC,2024-07-18 06:50:00,,,480b40d0-04bd-4590-a936-2f879b867977,Daily cylinder oil consumption - 114.9 ltr
2641,7440571a-841a-11ed-aa7c-7003bca91a86,chemicals,169,CH-0009,Sewage Treatment Plant Chemical,ltr,RECEIVE,15.72,15.72,ltr,51.91,18-Jul-2024 00:00,UTC,2024-07-18 00:00:00,Mumbai,PO-2024-6072,228b5256-5bd2-4bf3-826f-c6fe76571449,Received at Mumbai
2642,7440571a-841a-11ed-aa7c-7003bca91a86,chemicals,170,CH-0010,Hand Cleaning Chemical (Industrial Soap),ltr,RECEIVE,49.37,49.37,ltr,206.43,18-Jul-2024 00:00,UTC,2024-07-18 00:00:00,Mumbai,PO-2024-9757,228b5256-5bd2-4bf3-826f-c6fe76571449,Received at Mumbai
2643,7440571a-841a-11ed-aa7c-7003bca91a86,stores,176,OT-0006,"Exhausts, boilers, pipelines",ltr,RECEIVE,17.43,17.43,ltr,152.90,18-Jul-2024 00:00,UTC,2024-07-18 00:00:00,Mumbai,PO-2024-0904,228b5256-5bd2-4bf3-826f-c6fe76571449,Received at Mumbai
2644,7440571a-841a-11ed-aa7c-7003bca91a86,stores,177,OT-0007,"Bilges, chain lockers",ltr,RECEIVE,16.17,16.17,ltr,63.38,18-Jul-2024 00:00,UTC,2024-07-18 00:00:00,Mumbai,PO-2024-0528,228b5256-5bd2-4bf3-826f-c6fe76571449,Received at Mumbai
2645,7440571a-841a-11ed-aa7c-7003bca91a86,stores,180,OT-0010,"Pipelines, safety markings",ltr,RECEIVE,50.28,50.28,ltr,167.10,18-Jul-2024 00:00,UTC,2024-07-18 00:00:00,Mumbai,PO-2024-7829,228b5256-5bd2-4bf3-826f-c6fe76571449,Received at Mumbai
2634,7440571a-841a-11ed-aa7c-7003bca91a86,stores,144,IT-0004,Cutting Disc (Angle Grinder),pcs,RECEIVE,22.14,22.14,pcs,78.52,18-Jul-2024 00:00,UTC,2024-07-18 00:00:00,Mumbai,PO-2024-2249,228b5256-5bd2-4bf3-826f-c6fe76571449,Received at Mumbai
2635,7440571a-841a-11ed-aa7c-7003bca91a86,stores,146,IT-0006,Safety Goggles (Clear),pcs,RECEIVE,8.35,8.35,pcs,149.89,18-Jul-2024 00:00,UTC,2024-07-18 00:00:00,Mumbai,PO-2024-7557,228b5256-5bd2-4bf3-826f-c6fe76571449,Received at Mumbai
2636,7440571a-841a-11ed-aa7c-7003bca91a86,stores,149,IT-0009,Cotton Waste / Cleaning Rags,pcs,RECEIVE,7.38,7.38,pcs,170.49,18-Jul-2024 00:00,UTC,2024-07-18 00:00:00,Mumbai,PO-2024-8189,228b5256-5bd2-4bf3-826f-c6fe76571449,Received at Mumbai
2637,7440571a-841a-11ed-aa7c-7003bca91a86,stores,150,IT-0010,Emery Paper / Abrasive Sheet,pcs,RECEIVE,53.89,53.89,pcs,143.84,18-Jul-2024 00:00,UTC,2024-07-18 00:00:00,Mumbai,PO-2024-5856,228b5256-5bd2-4bf3-826f-c6fe76571449,Received at Mumbai
2638,7440571a-841a-11ed-aa7c-7003bca91a86,stores,160,LU-0010,Multipurpose Grease,ltr,RECEIVE,23.93,23.93,ltr,204.85,18-Jul-2024 00:00,UTC,2024-07-18 00:00:00,Mumbai,PO-2024-9155,228b5256-5bd2-4bf3-826f-c6fe76571449,Received at Mumbai
2639,7440571a-841a-11ed-aa7c-7003bca91a86,chemicals,162,CH-0002,Lube Oil Treatment Chemical,ltr,RECEIVE,7.52,7.52,ltr,113.76,18-Jul-2024 00:00,UTC,2024-07-18 00:00:00,Mumbai,PO-2024-2938,228b5256-5bd2-4bf3-826f-c6fe76571449,Received at Mumbai
2640,7440571a-841a-11ed-aa7c-7003bca91a86,chemicals,163,CH-0003,Boiler Water Treatment Chemical,ltr,RECEIVE,50.86,50.86,ltr,107.85,18-Jul-2024 00:00,UTC,2024-07-18 00:00:00,Mumbai,PO-2024-6802,228b5256-5bd2-4bf3-826f-c6fe76571449,Received at Mumbai
3365,7440571a-841a-11ed-aa7c-7003bca91a86,lubes,151,LU-0001,Main Engine Cylinder Oil,ltr,CONSUME,-62.70,-62.70,ltr,0.00,17-Jul-2024 07:56,UTC,2024-07-17 07:56:00,,,228b5256-5bd2-4bf3-826f-c6fe76571449,Daily cylinder oil consumption - 62.7 ltr
3364,7440571a-841a-11ed-aa7c-7003bca91a86,lubes,151,LU-0001,Main Engine Cylinder Oil,ltr,CONSUME,-109.70,-109.70,ltr,0.00,16-Jul-2024 07:31,UTC,2024-07-16 07:31:00,,,480b40d0-04bd-4590-a936-2f879b867977,Daily cylinder oil consumption - 109.7 ltr
3363,7440571a-841a-11ed-aa7c-7003bca91a86,lubes,151,LU-0001,Main Engine Cylinder Oil,ltr,CONSUME,-57.20,-57.20,ltr,0.00,15-Jul-2024 07:11,UTC,2024-07-15 07:11:00,,,6084f3b8-85dc-462a-b045-111d2b2e6d0e,Daily cylinder oil consumption - 57.2 ltr
1964,7440571a-841a-11ed-aa7c-7003bca91a86,chemicals,166,CH-0006,Tank Cleaning Chemical (Alkaline),ltr,CONSUME,-1.19,-1.19,ltr,0.00,15-Jul-2024 00:00,UTC,2024-07-15 00:00:00,,,228b5256-5bd2-4bf3-826f-c6fe76571449,Weekly chemical consumption
1965,7440571a-841a-11ed-aa7c-7003bca91a86,chemicals,167,CH-0007,Degreasing Chemical,ltr,CONSUME,-0.94,-0.94,ltr,0.00,15-Jul-2024 00:00,UTC,2024-07-15 00:00:00,,,6084f3b8-85dc-462a-b045-111d2b2e6d0e,Weekly chemical consumption
1966,7440571a-841a-11ed-aa7c-7003bca91a86,chemicals,169,CH-0009,Sewage Treatment Plant Chemical,ltr,CONSUME,-1.55,-1.55,ltr,0.00,15-Jul-2024 00:00,UTC,2024-07-15 00:00:00,,,228b5256-5bd2-4bf3-826f-c6fe76571449,Weekly chemical consumption
1967,7440571a-841a-11ed-aa7c-7003bca91a86,chemicals,170,CH-0010,Hand Cleaning Chemical (Industrial Soap),ltr,CONSUME,-0.38,-0.38,ltr,0.00,15-Jul-2024 00:00,UTC,2024-07-15 00:00:00,,,056a433e-b880-43c6-9d59-b1cfe71a4014,Weekly chemical consumption
1968,7440571a-841a-11ed-aa7c-7003bca91a86,stores,143,IT-0003,Grinding Wheel (Grinding Disc),pcs,CONSUME,-2.31,-2.31,pcs,0.00,15-Jul-2024 00:00,UTC,2024-07-15 00:00:00,,,056a433e-b880-43c6-9d59-b1cfe71a4014,General stores consumption
1969,7440571a-841a-11ed-aa7c-7003bca91a86,stores,145,IT-0005,Welding Electrodes (General Purpose),pcs,CONSUME,-2.02,-2.02,pcs,0.00,15-Jul-2024 00:00,UTC,2024-07-15 00:00:00,,,228b5256-5bd2-4bf3-826f-c6fe76571449,General stores consumption
1970,7440571a-841a-11ed-aa7c-7003bca91a86,stores,146,IT-0006,Safety Goggles (Clear),pcs,CONSUME,-2.29,-2.29,pcs,0.00,15-Jul-2024 00:00,UTC,2024-07-15 00:00:00,,,056a433e-b880-43c6-9d59-b1cfe71a4014,General stores consumption
1971,7440571a-841a-11ed-aa7c-7003bca91a86,stores,176,OT-0006,"Exhausts, boilers, pipelines",ltr,CONSUME,-1.85,-1.85,ltr,2.69,15-Jul-2024 00:00,UTC,2024-07-15 00:00:00,,,480b40d0-04bd-4590-a936-2f879b867977,General stores consumption
1972,7440571a-841a-11ed-aa7c-7003bca91a86,stores,141,IT-0001,Safety Gloves – Cotton,pcs,CONSUME,-2.26,-2.26,pcs,78.65,15-Jul-2024 00:00,UTC,2024-07-15 00:00:00,,,6084f3b8-85dc-462a-b045-111d2b2e6d0e,General stores consumption
1962,7440571a-841a-11ed-aa7c-7003bca91a86,chemicals,161,CH-0001,Fuel Oil Treatment Chemical,ltr,CONSUME,-0.55,-0.55,ltr,0.00,15-Jul-2024 00:00,UTC,2024-07-15 00:00:00,,,228b5256-5bd2-4bf3-826f-c6fe76571449,Weekly chemical consumption
1963,7440571a-841a-11ed-aa7c-7003bca91a86,chemicals,162,CH-0002,Lube Oil Treatment Chemical,ltr,CONSUME,-1.50,-1.50,ltr,0.00,15-Jul-2024 00:00,UTC,2024-07-15 00:00:00,,,6084f3b8-85dc-462a-b045-111d2b2e6d0e,Weekly chemical consumption
3974,7440571a-841a-11ed-aa7c-7003bca91a86,lubes,153,LU-0003,Auxiliary Engine Lube Oil,ltr,CONSUME,-102.50,-102.50,ltr,2228.00,14-Jul-2024 10:29,UTC,2024-07-14 10:29:00,,,056a433e-b880-43c6-9d59-b1cfe71a4014,Monthly AE lube oil top-up - 102.5 ltr
3973,7440571a-841a-11ed-aa7c-7003bca91a86,lubes,152,LU-0002,Main Engine System Oil,ltr,CONSUME,-122.50,-122.50,ltr,1808.20,14-Jul-2024 10:29,UTC,2024-07-14 10:29:00,,,228b5256-5bd2-4bf3-826f-c6fe76571449,Monthly ME system oil top-up - 122.5 ltr
3362,7440571a-841a-11ed-aa7c-7003bca91a86,lubes,151,LU-0001,Main Engine Cylinder Oil,ltr,CONSUME,-120.00,-120.00,ltr,0.00,14-Jul-2024 09:14,UTC,2024-07-14 09:14:00,,,056a433e-b880-43c6-9d59-b1cfe71a4014,Daily cylinder oil consumption - 120.0 ltr
4049,7440571a-841a-11ed-aa7c-7003bca91a86,chemicals,169,CH-0009,Sewage Treatment Plant Chemical,ltr,CONSUME,-10.80,-10.80,ltr,4877.10,13-Jul-2024 09:55,UTC,2024-07-13 09:55:00,,,228b5256-5bd2-4bf3-826f-c6fe76571449,Chemical consumption - Sewage Treatment Plant Chemical
3361,7440571a-841a-11ed-aa7c-7003bca91a86,lubes,151,LU-0001,Main Engine Cylinder Oil,ltr,CONSUME,-96.00,-96.00,ltr,0.00,13-Jul-2024 08:41,UTC,2024-07-13 08:41:00,,,480b40d0-04bd-4590-a936-2f879b867977,Daily cylinder oil consumption - 96.0 ltr
3360,7440571a-841a-11ed-aa7c-7003bca91a86,lubes,151,LU-0001,Main Engine Cylinder Oil,ltr,CONSUME,-92.50,-92.50,ltr,0.00,12-Jul-2024 09:49,UTC,2024-07-12 09:49:00,,,228b5256-5bd2-4bf3-826f-c6fe76571449,Daily cylinder oil consumption - 92.5 ltr
3359,7440571a-841a-11ed-aa7c-7003bca91a86,lubes,151,LU-0001,Main Engine Cylinder Oil,ltr,CONSUME,-111.60,-111.60,ltr,0.00,11-Jul-2024 08:59,UTC,2024-07-11 08:59:00,,,480b40d0-04bd-4590-a936-2f879b867977,Daily cylinder oil consumption - 111.6 ltr
3358,7440571a-841a-11ed-aa7c-7003bca91a86,lubes,151,LU-0001,Main Engine Cylinder Oil,ltr,CONSUME,-96.20,-96.20,ltr,0.00,10-Jul-2024 09:34,UTC,2024-07-10 09:34:00,,,480b40d0-04bd-4590-a936-2f879b867977,Daily cylinder oil consumption - 96.2 ltr
3357,7440571a-841a-11ed-aa7c-7003bca91a86,lubes,151,LU-0001,Main Engine Cylinder Oil,ltr,CONSUME,-85.50,-85.50,ltr,0.00,09-Jul-2024 07:30,UTC,2024-07-09 07:30:00,,,056a433e-b880-43c6-9d59-b1cfe71a4014,Daily cylinder oil consumption - 85.5 ltr
3356,7440571a-841a-11ed-aa7c-7003bca91a86,lubes,151,LU-0001,Main Engine Cylinder Oil,ltr,CONSUME,-52.20,-52.20,ltr,0.00,08-Jul-2024 06:54,UTC,2024-07-08 06:54:00,,,480b40d0-04bd-4590-a936-2f879b867977,Daily cylinder oil consumption - 52.2 ltr
1958,7440571a-841a-11ed-aa7c-7003bca91a86,chemicals,161,CH-0001,Fuel Oil Treatment Chemical,ltr,CONSUME,-0.39,-0.39,ltr,0.00,08-Jul-2024 00:00,UTC,2024-07-08 00:00:00,,,6084f3b8-85dc-462a-b045-111d2b2e6d0e,Weekly chemical consumption
1961,7440571a-841a-11ed-aa7c-7003bca91a86,chemicals,170,CH-0010,Hand Cleaning Chemical (Industrial Soap),ltr,CONSUME,-0.25,-0.25,ltr,0.00,08-Jul-2024 00:00,UTC,2024-07-08 00:00:00,,,228b5256-5bd2-4bf3-826f-c6fe76571449,Weekly chemical consumption
1960,7440571a-841a-11ed-aa7c-7003bca91a86,chemicals,169,CH-0009,Sewage Treatment Plant Chemical,ltr,CONSUME,-0.36,-0.36,ltr,0.00,08-Jul-2024 00:00,UTC,2024-07-08 00:00:00,,,6084f3b8-85dc-462a-b045-111d2b2e6d0e,Weekly chemical consumption
1959,7440571a-841a-11ed-aa7c-7003bca91a86,chemicals,164,CH-0004,Cooling Water Treatment Chemical,ltr,CONSUME,-1.25,-1.25,ltr,0.00,08-Jul-2024 00:00,UTC,2024-07-08 00:00:00,,,6084f3b8-85dc-462a-b045-111d2b2e6d0e,Weekly chemical consumption
3355,7440571a-841a-11ed-aa7c-7003bca91a86,lubes,151,LU-0001,Main Engine Cylinder Oil,ltr,CONSUME,-58.90,-58.90,ltr,0.00,07-Jul-2024 06:25,UTC,2024-07-07 06:25:00,,,228b5256-5bd2-4bf3-826f-c6fe76571449,Daily cylinder oil consumption - 58.9 ltr
3354,7440571a-841a-11ed-aa7c-7003bca91a86,lubes,151,LU-0001,Main Engine Cylinder Oil,ltr,CONSUME,-112.10,-112.10,ltr,0.00,06-Jul-2024 06:24,UTC,2024-07-06 06:24:00,,,480b40d0-04bd-4590-a936-2f879b867977,Daily cylinder oil consumption - 112.1 ltr
3353,7440571a-841a-11ed-aa7c-7003bca91a86,lubes,151,LU-0001,Main Engine Cylinder Oil,ltr,CONSUME,-86.20,-86.20,ltr,0.00,05-Jul-2024 07:37,UTC,2024-07-05 07:37:00,,,056a433e-b880-43c6-9d59-b1cfe71a4014,Daily cylinder oil consumption - 86.2 ltr
3352,7440571a-841a-11ed-aa7c-7003bca91a86,lubes,151,LU-0001,Main Engine Cylinder Oil,ltr,CONSUME,-84.00,-84.00,ltr,0.00,04-Jul-2024 06:48,UTC,2024-07-04 06:48:00,,,056a433e-b880-43c6-9d59-b1cfe71a4014,Daily cylinder oil consumption - 84.0 ltr
4046,7440571a-841a-11ed-aa7c-7003bca91a86,chemicals,166,CH-0006,Tank Cleaning Chemical (Alkaline),ltr,CONSUME,-12.00,-12.00,ltr,4943.20,03-Jul-2024 12:24,UTC,2024-07-03 12:24:00,,,056a433e-b880-43c6-9d59-b1cfe71a4014,Chemical consumption - Tank Cleaning Chemical (Alkaline)
3351,7440571a-841a-11ed-aa7c-7003bca91a86,lubes,151,LU-0001,Main Engine Cylinder Oil,ltr,CONSUME,-79.90,-79.90,ltr,0.00,03-Jul-2024 07:43,UTC,2024-07-03 07:43:00,,,228b5256-5bd2-4bf3-826f-c6fe76571449,Daily cylinder oil consumption - 79.9 ltr
3350,7440571a-841a-11ed-aa7c-7003bca91a86,lubes,151,LU-0001,Main Engine Cylinder Oil,ltr,CONSUME,-81.10,-81.10,ltr,0.00,02-Jul-2024 08:19,UTC,2024-07-02 08:19:00,,,6084f3b8-85dc-462a-b045-111d2b2e6d0e,Daily cylinder oil consumption - 81.1 ltr
4047,7440571a-841a-11ed-aa7c-7003bca91a86,chemicals,165,CH-0005,Potable Water Chlorination Chemical,ltr,CONSUME,-39.90,-39.90,ltr,4861.70,01-Jul-2024 14:28,UTC,2024-07-01 14:28:00,,,6084f3b8-85dc-462a-b045-111d2b2e6d0e,Chemical consumption - Potable Water Chlorination Chemical
3349,7440571a-841a-11ed-aa7c-7003bca91a86,lubes,151,LU-0001,Main Engine Cylinder Oil,ltr,CONSUME,-103.20,-103.20,ltr,0.00,01-Jul-2024 06:26,UTC,2024-07-01 06:26:00,,,056a433e-b880-43c6-9d59-b1cfe71a4014,Daily cylinder oil consumption - 103.2 ltr
1956,7440571a-841a-11ed-aa7c-7003bca91a86,stores,177,OT-0007,"Bilges, chain lockers",ltr,CONSUME,-2.94,-2.94,ltr,0.00,01-Jul-2024 00:00,UTC,2024-07-01 00:00:00,,,6084f3b8-85dc-462a-b045-111d2b2e6d0e,General stores consumption
1957,7440571a-841a-11ed-aa7c-7003bca91a86,stores,179,OT-0009,Weather decks,ltr,CONSUME,-3.68,-3.68,ltr,0.00,01-Jul-2024 00:00,UTC,2024-07-01 00:00:00,,,480b40d0-04bd-4590-a936-2f879b867977,General stores consumption
1954,7440571a-841a-11ed-aa7c-7003bca91a86,stores,146,IT-0006,Safety Goggles (Clear),pcs,CONSUME,-2.95,-2.95,pcs,0.00,01-Jul-2024 00:00,UTC,2024-07-01 00:00:00,,,056a433e-b880-43c6-9d59-b1cfe71a4014,General stores consumption
1949,7440571a-841a-11ed-aa7c-7003bca91a86,chemicals,161,CH-0001,Fuel Oil Treatment Chemical,ltr,CONSUME,-1.01,-1.01,ltr,0.00,01-Jul-2024 00:00,UTC,2024-07-01 00:00:00,,,228b5256-5bd2-4bf3-826f-c6fe76571449,Weekly chemical consumption
1950,7440571a-841a-11ed-aa7c-7003bca91a86,chemicals,162,CH-0002,Lube Oil Treatment Chemical,ltr,CONSUME,-0.57,-0.57,ltr,0.00,01-Jul-2024 00:00,UTC,2024-07-01 00:00:00,,,228b5256-5bd2-4bf3-826f-c6fe76571449,Weekly chemical consumption
1951,7440571a-841a-11ed-aa7c-7003bca91a86,chemicals,165,CH-0005,Potable Water Chlorination Chemical,ltr,CONSUME,-1.71,-1.71,ltr,0.00,01-Jul-2024 00:00,UTC,2024-07-01 00:00:00,,,228b5256-5bd2-4bf3-826f-c6fe76571449,Weekly chemical consumption
1952,7440571a-841a-11ed-aa7c-7003bca91a86,chemicals,166,CH-0006,Tank Cleaning Chemical (Alkaline),ltr,CONSUME,-0.63,-0.63,ltr,0.00,01-Jul-2024 00:00,UTC,2024-07-01 00:00:00,,,228b5256-5bd2-4bf3-826f-c6fe76571449,Weekly chemical consumption
1953,7440571a-841a-11ed-aa7c-7003bca91a86,chemicals,168,CH-0008,Rust Remover / Descaling Chemical,ltr,CONSUME,-1.91,-1.91,ltr,0.00,01-Jul-2024 00:00,UTC,2024-07-01 00:00:00,,,6084f3b8-85dc-462a-b045-111d2b2e6d0e,Weekly chemical consumption
1955,7440571a-841a-11ed-aa7c-7003bca91a86,stores,148,IT-0008,Dust Mask / Respirator Mask,pcs,CONSUME,-1.88,-1.88,pcs,0.00,01-Jul-2024 00:00,UTC,2024-07-01 00:00:00,,,056a433e-b880-43c6-9d59-b1cfe71a4014,General stores consumption
3348,7440571a-841a-11ed-aa7c-7003bca91a86,lubes,151,LU-0001,Main Engine Cylinder Oil,ltr,CONSUME,-69.90,-69.90,ltr,0.00,30-Jun-2024 07:01,UTC,2024-06-30 07:01:00,,,228b5256-5bd2-4bf3-826f-c6fe76571449,Daily cylinder oil consumption - 69.9 ltr
4107,7440571a-841a-11ed-aa7c-7003bca91a86,lubes,156,LU-0006,Gear Oil,ltr,RECEIVE,426.90,426.90,ltr,7320.40,29-Jun-2024 15:07,UTC,2024-06-29 15:07:00,Suez,PO-2024-8217,228b5256-5bd2-4bf3-826f-c6fe76571449,Received at Suez
4108,7440571a-841a-11ed-aa7c-7003bca91a86,chemicals,162,CH-0002,Lube Oil Treatment Chemical,ltr,RECEIVE,1418.60,1418.60,ltr,6227.60,29-Jun-2024 15:07,UTC,2024-06-29 15:07:00,Suez,PO-2024-8217,228b5256-5bd2-4bf3-826f-c6fe76571449,Received at Suez
3347,7440571a-841a-11ed-aa7c-7003bca91a86,lubes,151,LU-0001,Main Engine Cylinder Oil,ltr,CONSUME,-103.60,-103.60,ltr,0.00,29-Jun-2024 07:48,UTC,2024-06-29 07:48:00,,,228b5256-5bd2-4bf3-826f-c6fe76571449,Daily cylinder oil consumption - 103.6 ltr
3346,7440571a-841a-11ed-aa7c-7003bca91a86,lubes,151,LU-0001,Main Engine Cylinder Oil,ltr,CONSUME,-103.50,-103.50,ltr,0.00,28-Jun-2024 08:43,UTC,2024-06-28 08:43:00,,,056a433e-b880-43c6-9d59-b1cfe71a4014,Daily cylinder oil consumption - 103.5 ltr
3345,7440571a-841a-11ed-aa7c-7003bca91a86,lubes,151,LU-0001,Main Engine Cylinder Oil,ltr,CONSUME,-76.40,-76.40,ltr,0.00,27-Jun-2024 06:18,UTC,2024-06-27 06:18:00,,,6084f3b8-85dc-462a-b045-111d2b2e6d0e,Daily cylinder oil consumption - 76.4 ltr
3344,7440571a-841a-11ed-aa7c-7003bca91a86,lubes,151,LU-0001,Main Engine Cylinder Oil,ltr,CONSUME,-94.40,-94.40,ltr,0.00,26-Jun-2024 06:20,UTC,2024-06-26 06:20:00,,,228b5256-5bd2-4bf3-826f-c6fe76571449,Daily cylinder oil consumption - 94.4 ltr
3343,7440571a-841a-11ed-aa7c-7003bca91a86,lubes,151,LU-0001,Main Engine Cylinder Oil,ltr,CONSUME,-67.80,-67.80,ltr,0.00,25-Jun-2024 06:02,UTC,2024-06-25 06:02:00,,,6084f3b8-85dc-462a-b045-111d2b2e6d0e,Daily cylinder oil consumption - 67.8 ltr
3342,7440571a-841a-11ed-aa7c-7003bca91a86,lubes,151,LU-0001,Main Engine Cylinder Oil,ltr,CONSUME,-64.90,-64.90,ltr,0.00,24-Jun-2024 06:25,UTC,2024-06-24 06:25:00,,,480b40d0-04bd-4590-a936-2f879b867977,Daily cylinder oil consumption - 64.9 ltr
1948,7440571a-841a-11ed-aa7c-7003bca91a86,chemicals,167,CH-0007,Degreasing Chemical,ltr,CONSUME,-1.15,-1.15,ltr,0.00,24-Jun-2024 00:00,UTC,2024-06-24 00:00:00,,,056a433e-b880-43c6-9d59-b1cfe71a4014,Weekly chemical consumption
1947,7440571a-841a-11ed-aa7c-7003bca91a86,chemicals,164,CH-0004,Cooling Water Treatment Chemical,ltr,CONSUME,-1.28,-1.28,ltr,0.00,24-Jun-2024 00:00,UTC,2024-06-24 00:00:00,,,228b5256-5bd2-4bf3-826f-c6fe76571449,Weekly chemical consumption
1946,7440571a-841a-11ed-aa7c-7003bca91a86,chemicals,161,CH-0001,Fuel Oil Treatment Chemical,ltr,CONSUME,-1.61,-1.61,ltr,0.00,24-Jun-2024 00:00,UTC,2024-06-24 00:00:00,,,056a433e-b880-43c6-9d59-b1cfe71a4014,Weekly chemical consumption
3341,7440571a-841a-11ed-aa7c-7003bca91a86,lubes,151,LU-0001,Main Engine Cylinder Oil,ltr,CONSUME,-52.00,-52.00,ltr,0.00,23-Jun-2024 06:17,UTC,2024-06-23 06:17:00,,,228b5256-5bd2-4bf3-826f-c6fe76571449,Daily cylinder oil consumption - 52.0 ltr
3340,7440571a-841a-11ed-aa7c-7003bca91a86,lubes,151,LU-0001,Main Engine Cylinder Oil,ltr,CONSUME,-66.60,-66.60,ltr,0.00,22-Jun-2024 08:05,UTC,2024-06-22 08:05:00,,,480b40d0-04bd-4590-a936-2f879b867977,Daily cylinder oil consumption - 66.6 ltr
3339,7440571a-841a-11ed-aa7c-7003bca91a86,lubes,151,LU-0001,Main Engine Cylinder Oil,ltr,CONSUME,-98.70,-98.70,ltr,0.00,21-Jun-2024 06:37,UTC,2024-06-21 06:37:00,,,056a433e-b880-43c6-9d59-b1cfe71a4014,Daily cylinder oil consumption - 98.7 ltr
3338,7440571a-841a-11ed-aa7c-7003bca91a86,lubes,151,LU-0001,Main Engine Cylinder Oil,ltr,CONSUME,-91.40,-91.40,ltr,0.00,20-Jun-2024 06:54,UTC,2024-06-20 06:54:00,,,6084f3b8-85dc-462a-b045-111d2b2e6d0e,Daily cylinder oil consumption - 91.4 ltr
3337,7440571a-841a-11ed-aa7c-7003bca91a86,lubes,151,LU-0001,Main Engine Cylinder Oil,ltr,CONSUME,-97.70,-97.70,ltr,0.00,19-Jun-2024 09:41,UTC,2024-06-19 09:41:00,,,6084f3b8-85dc-462a-b045-111d2b2e6d0e,Daily cylinder oil consumption - 97.7 ltr
3336,7440571a-841a-11ed-aa7c-7003bca91a86,lubes,151,LU-0001,Main Engine Cylinder Oil,ltr,CONSUME,-90.50,-90.50,ltr,0.00,18-Jun-2024 07:09,UTC,2024-06-18 07:09:00,,,480b40d0-04bd-4590-a936-2f879b867977,Daily cylinder oil consumption - 90.5 ltr
3335,7440571a-841a-11ed-aa7c-7003bca91a86,lubes,151,LU-0001,Main Engine Cylinder Oil,ltr,CONSUME,-73.10,-73.10,ltr,0.00,17-Jun-2024 08:48,UTC,2024-06-17 08:48:00,,,056a433e-b880-43c6-9d59-b1cfe71a4014,Daily cylinder oil consumption - 73.1 ltr
1945,7440571a-841a-11ed-aa7c-7003bca91a86,chemicals,170,CH-0010,Hand Cleaning Chemical (Industrial Soap),ltr,CONSUME,-2.07,-2.07,ltr,0.00,17-Jun-2024 00:00,UTC,2024-06-17 00:00:00,,,228b5256-5bd2-4bf3-826f-c6fe76571449,Weekly chemical consumption
1944,7440571a-841a-11ed-aa7c-7003bca91a86,chemicals,168,CH-0008,Rust Remover / Descaling Chemical,ltr,CONSUME,-0.85,-0.85,ltr,0.00,17-Jun-2024 00:00,UTC,2024-06-17 00:00:00,,,056a433e-b880-43c6-9d59-b1cfe71a4014,Weekly chemical consumption
1943,7440571a-841a-11ed-aa7c-7003bca91a86,chemicals,167,CH-0007,Degreasing Chemical,ltr,CONSUME,-1.19,-1.19,ltr,0.00,17-Jun-2024 00:00,UTC,2024-06-17 00:00:00,,,056a433e-b880-43c6-9d59-b1cfe71a4014,Weekly chemical consumption
1942,7440571a-841a-11ed-aa7c-7003bca91a86,chemicals,164,CH-0004,Cooling Water Treatment Chemical,ltr,CONSUME,-0.13,-0.13,ltr,0.00,17-Jun-2024 00:00,UTC,2024-06-17 00:00:00,,,6084f3b8-85dc-462a-b045-111d2b2e6d0e,Weekly chemical consumption
1941,7440571a-841a-11ed-aa7c-7003bca91a86,chemicals,162,CH-0002,Lube Oil Treatment Chemical,ltr,CONSUME,-0.90,-0.90,ltr,0.00,17-Jun-2024 00:00,UTC,2024-06-17 00:00:00,,,228b5256-5bd2-4bf3-826f-c6fe76571449,Weekly chemical consumption
3971,7440571a-841a-11ed-aa7c-7003bca91a86,lubes,152,LU-0002,Main Engine System Oil,ltr,CONSUME,-179.10,-179.10,ltr,1930.70,16-Jun-2024 11:17,UTC,2024-06-16 11:17:00,,,228b5256-5bd2-4bf3-826f-c6fe76571449,Monthly ME system oil top-up - 179.1 ltr
3972,7440571a-841a-11ed-aa7c-7003bca91a86,lubes,153,LU-0003,Auxiliary Engine Lube Oil,ltr,CONSUME,-116.30,-116.30,ltr,2330.50,16-Jun-2024 11:17,UTC,2024-06-16 11:17:00,,,056a433e-b880-43c6-9d59-b1cfe71a4014,Monthly AE lube oil top-up - 116.3 ltr
3334,7440571a-841a-11ed-aa7c-7003bca91a86,lubes,151,LU-0001,Main Engine Cylinder Oil,ltr,CONSUME,-76.50,-76.50,ltr,0.00,16-Jun-2024 09:43,UTC,2024-06-16 09:43:00,,,6084f3b8-85dc-462a-b045-111d2b2e6d0e,Daily cylinder oil consumption - 76.5 ltr
3333,7440571a-841a-11ed-aa7c-7003bca91a86,lubes,151,LU-0001,Main Engine Cylinder Oil,ltr,CONSUME,-52.50,-52.50,ltr,0.00,15-Jun-2024 06:55,UTC,2024-06-15 06:55:00,,,6084f3b8-85dc-462a-b045-111d2b2e6d0e,Daily cylinder oil consumption - 52.5 ltr
1935,7440571a-841a-11ed-aa7c-7003bca91a86,stores,142,IT-0002,Jeevan,pcs,CONSUME,-2.37,-2.37,pcs,0.00,15-Jun-2024 00:00,UTC,2024-06-15 00:00:00,,,6084f3b8-85dc-462a-b045-111d2b2e6d0e,General stores consumption
1936,7440571a-841a-11ed-aa7c-7003bca91a86,stores,147,IT-0007,Ear Plugs (Disposable),pcs,CONSUME,-2.81,-2.81,pcs,0.00,15-Jun-2024 00:00,UTC,2024-06-15 00:00:00,,,480b40d0-04bd-4590-a936-2f879b867977,General stores consumption
1937,7440571a-841a-11ed-aa7c-7003bca91a86,stores,149,IT-0009,Cotton Waste / Cleaning Rags,pcs,CONSUME,-2.00,-2.00,pcs,0.00,15-Jun-2024 00:00,UTC,2024-06-15 00:00:00,,,056a433e-b880-43c6-9d59-b1cfe71a4014,General stores consumption
1938,7440571a-841a-11ed-aa7c-7003bca91a86,stores,171,OT-0001,Steel surface protection,ltr,CONSUME,-3.84,-3.84,ltr,0.00,15-Jun-2024 00:00,UTC,2024-06-15 00:00:00,,,6084f3b8-85dc-462a-b045-111d2b2e6d0e,General stores consumption
1939,7440571a-841a-11ed-aa7c-7003bca91a86,stores,173,OT-0003,Hull below waterline,ltr,CONSUME,-2.28,-2.28,ltr,0.00,15-Jun-2024 00:00,UTC,2024-06-15 00:00:00,,,6084f3b8-85dc-462a-b045-111d2b2e6d0e,General stores consumption
1940,7440571a-841a-11ed-aa7c-7003bca91a86,stores,179,OT-0009,Weather decks,ltr,CONSUME,-2.27,-2.27,ltr,0.00,15-Jun-2024 00:00,UTC,2024-06-15 00:00:00,,,6084f3b8-85dc-462a-b045-111d2b2e6d0e,General stores consumption
3332,7440571a-841a-11ed-aa7c-7003bca91a86,lubes,151,LU-0001,Main Engine Cylinder Oil,ltr,CONSUME,-104.20,-104.20,ltr,0.00,14-Jun-2024 07:14,UTC,2024-06-14 07:14:00,,,228b5256-5bd2-4bf3-826f-c6fe76571449,Daily cylinder oil consumption - 104.2 ltr
3331,7440571a-841a-11ed-aa7c-7003bca91a86,lubes,151,LU-0001,Main Engine Cylinder Oil,ltr,CONSUME,-67.20,-67.20,ltr,0.00,13-Jun-2024 09:18,UTC,2024-06-13 09:18:00,,,056a433e-b880-43c6-9d59-b1cfe71a4014,Daily cylinder oil consumption - 67.2 ltr
3330,7440571a-841a-11ed-aa7c-7003bca91a86,lubes,151,LU-0001,Main Engine Cylinder Oil,ltr,CONSUME,-58.90,-58.90,ltr,0.00,12-Jun-2024 06:36,UTC,2024-06-12 06:36:00,,,056a433e-b880-43c6-9d59-b1cfe71a4014,Daily cylinder oil consumption - 58.9 ltr
3329,7440571a-841a-11ed-aa7c-7003bca91a86,lubes,151,LU-0001,Main Engine Cylinder Oil,ltr,CONSUME,-111.00,-111.00,ltr,0.00,11-Jun-2024 09:39,UTC,2024-06-11 09:39:00,,,6084f3b8-85dc-462a-b045-111d2b2e6d0e,Daily cylinder oil consumption - 111.0 ltr
3328,7440571a-841a-11ed-aa7c-7003bca91a86,lubes,151,LU-0001,Main Engine Cylinder Oil,ltr,CONSUME,-52.00,-52.00,ltr,0.00,10-Jun-2024 06:33,UTC,2024-06-10 06:33:00,,,480b40d0-04bd-4590-a936-2f879b867977,Daily cylinder oil consumption - 52.0 ltr
1930,7440571a-841a-11ed-aa7c-7003bca91a86,chemicals,161,CH-0001,Fuel Oil Treatment Chemical,ltr,CONSUME,-1.70,-1.70,ltr,0.00,10-Jun-2024 00:00,UTC,2024-06-10 00:00:00,,,480b40d0-04bd-4590-a936-2f879b867977,Weekly chemical consumption
1933,7440571a-841a-11ed-aa7c-7003bca91a86,chemicals,168,CH-0008,Rust Remover / Descaling Chemical,ltr,CONSUME,-0.51,-0.51,ltr,0.00,10-Jun-2024 00:00,UTC,2024-06-10 00:00:00,,,6084f3b8-85dc-462a-b045-111d2b2e6d0e,Weekly chemical consumption
1932,7440571a-841a-11ed-aa7c-7003bca91a86,chemicals,167,CH-0007,Degreasing Chemical,ltr,CONSUME,-1.61,-1.61,ltr,0.00,10-Jun-2024 00:00,UTC,2024-06-10 00:00:00,,,6084f3b8-85dc-462a-b045-111d2b2e6d0e,Weekly chemical consumption
1931,7440571a-841a-11ed-aa7c-7003bca91a86,chemicals,165,CH-0005,Potable Water Chlorination Chemical,ltr,CONSUME,-0.22,-0.22,ltr,0.00,10-Jun-2024 00:00,UTC,2024-06-10 00:00:00,,,056a433e-b880-43c6-9d59-b1cfe71a4014,Weekly chemical consumption
1934,7440571a-841a-11ed-aa7c-7003bca91a86,chemicals,170,CH-0010,Hand Cleaning Chemical (Industrial Soap),ltr,CONSUME,-1.09,-1.09,ltr,0.00,10-Jun-2024 00:00,UTC,2024-06-10 00:00:00,,,228b5256-5bd2-4bf3-826f-c6fe76571449,Weekly chemical consumption
2631,7440571a-841a-11ed-aa7c-7003bca91a86,stores,174,OT-0004,Waterline area,ltr,RECEIVE,24.10,24.10,ltr,91.37,10-Jun-2024 00:00,UTC,2024-06-10 00:00:00,Singapore,PO-2024-8563,228b5256-5bd2-4bf3-826f-c6fe76571449,Received at Singapore
2630,7440571a-841a-11ed-aa7c-7003bca91a86,chemicals,165,CH-0005,Potable Water Chlorination Chemical,ltr,RECEIVE,36.54,36.54,ltr,132.88,10-Jun-2024 00:00,UTC,2024-06-10 00:00:00,Singapore,PO-2024-2633,228b5256-5bd2-4bf3-826f-c6fe76571449,Received at Singapore
2629,7440571a-841a-11ed-aa7c-7003bca91a86,stores,159,LU-0009,Refrigeration Compressor Oil,ltr,RECEIVE,30.17,30.17,ltr,169.25,10-Jun-2024 00:00,UTC,2024-06-10 00:00:00,Singapore,PO-2024-4206,228b5256-5bd2-4bf3-826f-c6fe76571449,Received at Singapore
2628,7440571a-841a-11ed-aa7c-7003bca91a86,stores,154,LU-0004,Turbocharger Lube Oil,ltr,RECEIVE,29.74,29.74,ltr,187.81,10-Jun-2024 00:00,UTC,2024-06-10 00:00:00,Singapore,PO-2024-1016,228b5256-5bd2-4bf3-826f-c6fe76571449,Received at Singapore
2627,7440571a-841a-11ed-aa7c-7003bca91a86,stores,152,LU-0002,Main Engine System Oil,ltr,RECEIVE,19.35,19.35,ltr,81.91,10-Jun-2024 00:00,UTC,2024-06-10 00:00:00,Singapore,PO-2024-0569,228b5256-5bd2-4bf3-826f-c6fe76571449,Received at Singapore
2626,7440571a-841a-11ed-aa7c-7003bca91a86,stores,149,IT-0009,Cotton Waste / Cleaning Rags,pcs,RECEIVE,12.58,12.58,pcs,163.11,10-Jun-2024 00:00,UTC,2024-06-10 00:00:00,Singapore,PO-2024-7044,228b5256-5bd2-4bf3-826f-c6fe76571449,Received at Singapore
2625,7440571a-841a-11ed-aa7c-7003bca91a86,stores,146,IT-0006,Safety Goggles (Clear),pcs,RECEIVE,27.77,27.77,pcs,141.54,10-Jun-2024 00:00,UTC,2024-06-10 00:00:00,Singapore,PO-2024-7101,228b5256-5bd2-4bf3-826f-c6fe76571449,Received at Singapore
2624,7440571a-841a-11ed-aa7c-7003bca91a86,stores,143,IT-0003,Grinding Wheel (Grinding Disc),pcs,RECEIVE,18.68,18.68,pcs,154.92,10-Jun-2024 00:00,UTC,2024-06-10 00:00:00,Singapore,PO-2024-4663,228b5256-5bd2-4bf3-826f-c6fe76571449,Received at Singapore
2632,7440571a-841a-11ed-aa7c-7003bca91a86,stores,175,OT-0005,External structures,ltr,RECEIVE,35.16,35.16,ltr,106.51,10-Jun-2024 00:00,UTC,2024-06-10 00:00:00,Singapore,PO-2024-8982,228b5256-5bd2-4bf3-826f-c6fe76571449,Received at Singapore
2633,7440571a-841a-11ed-aa7c-7003bca91a86,stores,151,LU-0001,Main Engine Cylinder Oil,ltr,RECEIVE,24.07,24.07,ltr,116.50,10-Jun-2024 00:00,UTC,2024-06-10 00:00:00,Singapore,PO-2024-3865,228b5256-5bd2-4bf3-826f-c6fe76571449,Received at Singapore
3327,7440571a-841a-11ed-aa7c-7003bca91a86,lubes,151,LU-0001,Main Engine Cylinder Oil,ltr,CONSUME,-84.80,-84.80,ltr,0.00,09-Jun-2024 07:32,UTC,2024-06-09 07:32:00,,,6084f3b8-85dc-462a-b045-111d2b2e6d0e,Daily cylinder oil consumption - 84.8 ltr
3326,7440571a-841a-11ed-aa7c-7003bca91a86,lubes,151,LU-0001,Main Engine Cylinder Oil,ltr,CONSUME,-115.90,-115.90,ltr,0.00,08-Jun-2024 07:00,UTC,2024-06-08 07:00:00,,,480b40d0-04bd-4590-a936-2f879b867977,Daily cylinder oil consumption - 115.9 ltr
3325,7440571a-841a-11ed-aa7c-7003bca91a86,lubes,151,LU-0001,Main Engine Cylinder Oil,ltr,CONSUME,-93.30,-93.30,ltr,0.00,07-Jun-2024 09:52,UTC,2024-06-07 09:52:00,,,056a433e-b880-43c6-9d59-b1cfe71a4014,Daily cylinder oil consumption - 93.3 ltr
3324,7440571a-841a-11ed-aa7c-7003bca91a86,lubes,151,LU-0001,Main Engine Cylinder Oil,ltr,CONSUME,-65.30,-65.30,ltr,0.00,06-Jun-2024 06:41,UTC,2024-06-06 06:41:00,,,228b5256-5bd2-4bf3-826f-c6fe76571449,Daily cylinder oil consumption - 65.3 ltr
4043,7440571a-841a-11ed-aa7c-7003bca91a86,chemicals,168,CH-0008,Rust Remover / Descaling Chemical,ltr,CONSUME,-16.50,-16.50,ltr,4860.80,05-Jun-2024 15:12,UTC,2024-06-05 15:12:00,,,480b40d0-04bd-4590-a936-2f879b867977,Chemical consumption - Rust Remover / Descaling Chemical
3323,7440571a-841a-11ed-aa7c-7003bca91a86,lubes,151,LU-0001,Main Engine Cylinder Oil,ltr,CONSUME,-77.60,-77.60,ltr,0.00,05-Jun-2024 06:01,UTC,2024-06-05 06:01:00,,,6084f3b8-85dc-462a-b045-111d2b2e6d0e,Daily cylinder oil consumption - 77.6 ltr
3322,7440571a-841a-11ed-aa7c-7003bca91a86,lubes,151,LU-0001,Main Engine Cylinder Oil,ltr,CONSUME,-65.90,-65.90,ltr,0.00,04-Jun-2024 07:31,UTC,2024-06-04 07:31:00,,,056a433e-b880-43c6-9d59-b1cfe71a4014,Daily cylinder oil consumption - 65.9 ltr
3321,7440571a-841a-11ed-aa7c-7003bca91a86,lubes,151,LU-0001,Main Engine Cylinder Oil,ltr,CONSUME,-53.80,-53.80,ltr,0.00,03-Jun-2024 09:01,UTC,2024-06-03 09:01:00,,,6084f3b8-85dc-462a-b045-111d2b2e6d0e,Daily cylinder oil consumption - 53.8 ltr
1924,7440571a-841a-11ed-aa7c-7003bca91a86,chemicals,162,CH-0002,Lube Oil Treatment Chemical,ltr,CONSUME,-1.58,-1.58,ltr,0.00,03-Jun-2024 00:00,UTC,2024-06-03 00:00:00,,,480b40d0-04bd-4590-a936-2f879b867977,Weekly chemical consumption
1929,7440571a-841a-11ed-aa7c-7003bca91a86,chemicals,169,CH-0009,Sewage Treatment Plant Chemical,ltr,CONSUME,-1.29,-1.29,ltr,0.00,03-Jun-2024 00:00,UTC,2024-06-03 00:00:00,,,228b5256-5bd2-4bf3-826f-c6fe76571449,Weekly chemical consumption
1923,7440571a-841a-11ed-aa7c-7003bca91a86,chemicals,161,CH-0001,Fuel Oil Treatment Chemical,ltr,CONSUME,-1.64,-1.64,ltr,0.00,03-Jun-2024 00:00,UTC,2024-06-03 00:00:00,,,6084f3b8-85dc-462a-b045-111d2b2e6d0e,Weekly chemical consumption
1925,7440571a-841a-11ed-aa7c-7003bca91a86,chemicals,163,CH-0003,Boiler Water Treatment Chemical,ltr,CONSUME,-1.55,-1.55,ltr,0.00,03-Jun-2024 00:00,UTC,2024-06-03 00:00:00,,,480b40d0-04bd-4590-a936-2f879b867977,Weekly chemical consumption
1926,7440571a-841a-11ed-aa7c-7003bca91a86,chemicals,165,CH-0005,Potable Water Chlorination Chemical,ltr,CONSUME,-1.18,-1.18,ltr,0.00,03-Jun-2024 00:00,UTC,2024-06-03 00:00:00,,,228b5256-5bd2-4bf3-826f-c6fe76571449,Weekly chemical consumption
1927,7440571a-841a-11ed-aa7c-7003bca91a86,chemicals,167,CH-0007,Degreasing Chemical,ltr,CONSUME,-1.36,-1.36,ltr,0.00,03-Jun-2024 00:00,UTC,2024-06-03 00:00:00,,,480b40d0-04bd-4590-a936-2f879b867977,Weekly chemical consumption
1928,7440571a-841a-11ed-aa7c-7003bca91a86,chemicals,168,CH-0008,Rust Remover / Descaling Chemical,ltr,CONSUME,-1.52,-1.52,ltr,0.00,03-Jun-2024 00:00,UTC,2024-06-03 00:00:00,,,480b40d0-04bd-4590-a936-2f879b867977,Weekly chemical consumption
3320,7440571a-841a-11ed-aa7c-7003bca91a86,lubes,151,LU-0001,Main Engine Cylinder Oil,ltr,CONSUME,-74.50,-74.50,ltr,0.00,02-Jun-2024 07:57,UTC,2024-06-02 07:57:00,,,480b40d0-04bd-4590-a936-2f879b867977,Daily cylinder oil consumption - 74.5 ltr
3319,7440571a-841a-11ed-aa7c-7003bca91a86,lubes,151,LU-0001,Main Engine Cylinder Oil,ltr,CONSUME,-91.40,-91.40,ltr,0.00,01-Jun-2024 06:49,UTC,2024-06-01 06:49:00,,,6084f3b8-85dc-462a-b045-111d2b2e6d0e,Daily cylinder oil consumption - 91.4 ltr
1919,7440571a-841a-11ed-aa7c-7003bca91a86,stores,147,IT-0007,Ear Plugs (Disposable),pcs,CONSUME,-1.64,-1.64,pcs,0.00,01-Jun-2024 00:00,UTC,2024-06-01 00:00:00,,,228b5256-5bd2-4bf3-826f-c6fe76571449,General stores consumption
1920,7440571a-841a-11ed-aa7c-7003bca91a86,stores,174,OT-0004,Waterline area,ltr,CONSUME,-2.14,-2.14,ltr,0.00,01-Jun-2024 00:00,UTC,2024-06-01 00:00:00,,,228b5256-5bd2-4bf3-826f-c6fe76571449,General stores consumption
1921,7440571a-841a-11ed-aa7c-7003bca91a86,stores,175,OT-0005,External structures,ltr,CONSUME,-3.67,-3.67,ltr,0.00,01-Jun-2024 00:00,UTC,2024-06-01 00:00:00,,,228b5256-5bd2-4bf3-826f-c6fe76571449,General stores consumption
1922,7440571a-841a-11ed-aa7c-7003bca91a86,stores,178,OT-0008,"Pipes, tanks, machinery",ltr,CONSUME,-3.07,-3.07,ltr,0.00,01-Jun-2024 00:00,UTC,2024-06-01 00:00:00,,,228b5256-5bd2-4bf3-826f-c6fe76571449,General stores consumption
1918,7440571a-841a-11ed-aa7c-7003bca91a86,stores,146,IT-0006,Safety Goggles (Clear),pcs,CONSUME,-1.71,-1.71,pcs,0.00,01-Jun-2024 00:00,UTC,2024-06-01 00:00:00,,,056a433e-b880-43c6-9d59-b1cfe71a4014,General stores consumption
1917,7440571a-841a-11ed-aa7c-7003bca91a86,stores,143,IT-0003,Grinding Wheel (Grinding Disc),pcs,CONSUME,-3.74,-3.74,pcs,0.00,01-Jun-2024 00:00,UTC,2024-06-01 00:00:00,,,480b40d0-04bd-4590-a936-2f879b867977,General stores consumption
4045,7440571a-841a-11ed-aa7c-7003bca91a86,chemicals,164,CH-0004,Cooling Water Treatment Chemical,ltr,CONSUME,-21.30,-21.30,ltr,4906.20,31-May-2024 16:58,UTC,2024-05-31 16:58:00,,,480b40d0-04bd-4590-a936-2f879b867977,Chemical consumption - Cooling Water Treatment Chemical
3318,7440571a-841a-11ed-aa7c-7003bca91a86,lubes,151,LU-0001,Main Engine Cylinder Oil,ltr,CONSUME,-111.70,-111.70,ltr,0.00,31-May-2024 06:21,UTC,2024-05-31 06:21:00,,,6084f3b8-85dc-462a-b045-111d2b2e6d0e,Daily cylinder oil consumption - 111.7 ltr
3317,7440571a-841a-11ed-aa7c-7003bca91a86,lubes,151,LU-0001,Main Engine Cylinder Oil,ltr,CONSUME,-54.50,-54.50,ltr,0.00,30-May-2024 09:24,UTC,2024-05-30 09:24:00,,,056a433e-b880-43c6-9d59-b1cfe71a4014,Daily cylinder oil consumption - 54.5 ltr
3316,7440571a-841a-11ed-aa7c-7003bca91a86,lubes,151,LU-0001,Main Engine Cylinder Oil,ltr,CONSUME,-68.10,-68.10,ltr,0.00,29-May-2024 07:51,UTC,2024-05-29 07:51:00,,,056a433e-b880-43c6-9d59-b1cfe71a4014,Daily cylinder oil consumption - 68.1 ltr
3315,7440571a-841a-11ed-aa7c-7003bca91a86,lubes,151,LU-0001,Main Engine Cylinder Oil,ltr,CONSUME,-95.20,-95.20,ltr,0.00,28-May-2024 07:31,UTC,2024-05-28 07:31:00,,,6084f3b8-85dc-462a-b045-111d2b2e6d0e,Daily cylinder oil consumption - 95.2 ltr
3314,7440571a-841a-11ed-aa7c-7003bca91a86,lubes,151,LU-0001,Main Engine Cylinder Oil,ltr,CONSUME,-104.30,-104.30,ltr,0.00,27-May-2024 07:41,UTC,2024-05-27 07:41:00,,,228b5256-5bd2-4bf3-826f-c6fe76571449,Daily cylinder oil consumption - 104.3 ltr
1915,7440571a-841a-11ed-aa7c-7003bca91a86,chemicals,164,CH-0004,Cooling Water Treatment Chemical,ltr,CONSUME,-0.52,-0.52,ltr,0.00,27-May-2024 00:00,UTC,2024-05-27 00:00:00,,,6084f3b8-85dc-462a-b045-111d2b2e6d0e,Weekly chemical consumption
1916,7440571a-841a-11ed-aa7c-7003bca91a86,chemicals,170,CH-0010,Hand Cleaning Chemical (Industrial Soap),ltr,CONSUME,-0.65,-0.65,ltr,0.00,27-May-2024 00:00,UTC,2024-05-27 00:00:00,,,480b40d0-04bd-4590-a936-2f879b867977,Weekly chemical consumption
3313,7440571a-841a-11ed-aa7c-7003bca91a86,lubes,151,LU-0001,Main Engine Cylinder Oil,ltr,CONSUME,-108.90,-108.90,ltr,0.00,26-May-2024 09:44,UTC,2024-05-26 09:44:00,,,056a433e-b880-43c6-9d59-b1cfe71a4014,Daily cylinder oil consumption - 108.9 ltr
4044,7440571a-841a-11ed-aa7c-7003bca91a86,chemicals,169,CH-0009,Sewage Treatment Plant Chemical,ltr,CONSUME,-25.70,-25.70,ltr,4887.90,25-May-2024 10:11,UTC,2024-05-25 10:11:00,,,228b5256-5bd2-4bf3-826f-c6fe76571449,Chemical consumption - Sewage Treatment Plant Chemical
3312,7440571a-841a-11ed-aa7c-7003bca91a86,lubes,151,LU-0001,Main Engine Cylinder Oil,ltr,CONSUME,-84.90,-84.90,ltr,0.00,25-May-2024 08:17,UTC,2024-05-25 08:17:00,,,056a433e-b880-43c6-9d59-b1cfe71a4014,Daily cylinder oil consumption - 84.9 ltr
3311,7440571a-841a-11ed-aa7c-7003bca91a86,lubes,151,LU-0001,Main Engine Cylinder Oil,ltr,CONSUME,-84.50,-84.50,ltr,0.00,24-May-2024 06:13,UTC,2024-05-24 06:13:00,,,6084f3b8-85dc-462a-b045-111d2b2e6d0e,Daily cylinder oil consumption - 84.5 ltr
3310,7440571a-841a-11ed-aa7c-7003bca91a86,lubes,151,LU-0001,Main Engine Cylinder Oil,ltr,CONSUME,-72.30,-72.30,ltr,0.00,23-May-2024 08:27,UTC,2024-05-23 08:27:00,,,480b40d0-04bd-4590-a936-2f879b867977,Daily cylinder oil consumption - 72.3 ltr
3309,7440571a-841a-11ed-aa7c-7003bca91a86,lubes,151,LU-0001,Main Engine Cylinder Oil,ltr,CONSUME,-86.60,-86.60,ltr,0.00,22-May-2024 07:50,UTC,2024-05-22 07:50:00,,,228b5256-5bd2-4bf3-826f-c6fe76571449,Daily cylinder oil consumption - 86.6 ltr
3308,7440571a-841a-11ed-aa7c-7003bca91a86,lubes,151,LU-0001,Main Engine Cylinder Oil,ltr,CONSUME,-97.30,-97.30,ltr,0.00,21-May-2024 06:41,UTC,2024-05-21 06:41:00,,,056a433e-b880-43c6-9d59-b1cfe71a4014,Daily cylinder oil consumption - 97.3 ltr
3307,7440571a-841a-11ed-aa7c-7003bca91a86,lubes,151,LU-0001,Main Engine Cylinder Oil,ltr,CONSUME,-97.30,-97.30,ltr,0.00,20-May-2024 09:15,UTC,2024-05-20 09:15:00,,,056a433e-b880-43c6-9d59-b1cfe71a4014,Daily cylinder oil consumption - 97.3 ltr
1913,7440571a-841a-11ed-aa7c-7003bca91a86,chemicals,163,CH-0003,Boiler Water Treatment Chemical,ltr,CONSUME,-0.43,-0.43,ltr,0.00,20-May-2024 00:00,UTC,2024-05-20 00:00:00,,,056a433e-b880-43c6-9d59-b1cfe71a4014,Weekly chemical consumption
1912,7440571a-841a-11ed-aa7c-7003bca91a86,chemicals,161,CH-0001,Fuel Oil Treatment Chemical,ltr,CONSUME,-1.11,-1.11,ltr,0.00,20-May-2024 00:00,UTC,2024-05-20 00:00:00,,,480b40d0-04bd-4590-a936-2f879b867977,Weekly chemical consumption
1914,7440571a-841a-11ed-aa7c-7003bca91a86,chemicals,166,CH-0006,Tank Cleaning Chemical (Alkaline),ltr,CONSUME,-0.48,-0.48,ltr,0.00,20-May-2024 00:00,UTC,2024-05-20 00:00:00,,,228b5256-5bd2-4bf3-826f-c6fe76571449,Weekly chemical consumption
3306,7440571a-841a-11ed-aa7c-7003bca91a86,lubes,151,LU-0001,Main Engine Cylinder Oil,ltr,CONSUME,-97.40,-97.40,ltr,0.00,19-May-2024 06:01,UTC,2024-05-19 06:01:00,,,228b5256-5bd2-4bf3-826f-c6fe76571449,Daily cylinder oil consumption - 97.4 ltr
3305,7440571a-841a-11ed-aa7c-7003bca91a86,lubes,151,LU-0001,Main Engine Cylinder Oil,ltr,CONSUME,-65.90,-65.90,ltr,0.00,18-May-2024 07:27,UTC,2024-05-18 07:27:00,,,056a433e-b880-43c6-9d59-b1cfe71a4014,Daily cylinder oil consumption - 65.9 ltr
3304,7440571a-841a-11ed-aa7c-7003bca91a86,lubes,151,LU-0001,Main Engine Cylinder Oil,ltr,CONSUME,-111.80,-111.80,ltr,0.00,17-May-2024 08:03,UTC,2024-05-17 08:03:00,,,056a433e-b880-43c6-9d59-b1cfe71a4014,Daily cylinder oil consumption - 111.8 ltr
3303,7440571a-841a-11ed-aa7c-7003bca91a86,lubes,151,LU-0001,Main Engine Cylinder Oil,ltr,CONSUME,-84.00,-84.00,ltr,0.00,16-May-2024 06:42,UTC,2024-05-16 06:42:00,,,228b5256-5bd2-4bf3-826f-c6fe76571449,Daily cylinder oil consumption - 84.0 ltr
3970,7440571a-841a-11ed-aa7c-7003bca91a86,lubes,153,LU-0003,Auxiliary Engine Lube Oil,ltr,CONSUME,-105.30,-105.30,ltr,2446.80,15-May-2024 12:59,UTC,2024-05-15 12:59:00,,,056a433e-b880-43c6-9d59-b1cfe71a4014,Monthly AE lube oil top-up - 105.3 ltr
3969,7440571a-841a-11ed-aa7c-7003bca91a86,lubes,152,LU-0002,Main Engine System Oil,ltr,CONSUME,-253.80,-253.80,ltr,2109.80,15-May-2024 12:59,UTC,2024-05-15 12:59:00,,,228b5256-5bd2-4bf3-826f-c6fe76571449,Monthly ME system oil top-up - 253.8 ltr
3302,7440571a-841a-11ed-aa7c-7003bca91a86,lubes,151,LU-0001,Main Engine Cylinder Oil,ltr,CONSUME,-64.90,-64.90,ltr,0.00,15-May-2024 09:54,UTC,2024-05-15 09:54:00,,,6084f3b8-85dc-462a-b045-111d2b2e6d0e,Daily cylinder oil consumption - 64.9 ltr
1909,7440571a-841a-11ed-aa7c-7003bca91a86,stores,175,OT-0005,External structures,ltr,CONSUME,-3.00,-3.00,ltr,0.00,15-May-2024 00:00,UTC,2024-05-15 00:00:00,,,228b5256-5bd2-4bf3-826f-c6fe76571449,General stores consumption
1910,7440571a-841a-11ed-aa7c-7003bca91a86,stores,177,OT-0007,"Bilges, chain lockers",ltr,CONSUME,-3.95,-3.95,ltr,0.00,15-May-2024 00:00,UTC,2024-05-15 00:00:00,,,228b5256-5bd2-4bf3-826f-c6fe76571449,General stores consumption
1911,7440571a-841a-11ed-aa7c-7003bca91a86,stores,179,OT-0009,Weather decks,ltr,CONSUME,-2.24,-2.24,ltr,0.00,15-May-2024 00:00,UTC,2024-05-15 00:00:00,,,228b5256-5bd2-4bf3-826f-c6fe76571449,General stores consumption
1908,7440571a-841a-11ed-aa7c-7003bca91a86,stores,171,OT-0001,Steel surface protection,ltr,CONSUME,-1.50,-1.50,ltr,0.00,15-May-2024 00:00,UTC,2024-05-15 00:00:00,,,228b5256-5bd2-4bf3-826f-c6fe76571449,General stores consumption
1907,7440571a-841a-11ed-aa7c-7003bca91a86,stores,150,IT-0010,Emery Paper / Abrasive Sheet,pcs,CONSUME,-2.13,-2.13,pcs,1.10,15-May-2024 00:00,UTC,2024-05-15 00:00:00,,,480b40d0-04bd-4590-a936-2f879b867977,General stores consumption
3301,7440571a-841a-11ed-aa7c-7003bca91a86,lubes,151,LU-0001,Main Engine Cylinder Oil,ltr,CONSUME,-79.60,-79.60,ltr,0.00,14-May-2024 07:04,UTC,2024-05-14 07:04:00,,,056a433e-b880-43c6-9d59-b1cfe71a4014,Daily cylinder oil consumption - 79.6 ltr
3300,7440571a-841a-11ed-aa7c-7003bca91a86,lubes,151,LU-0001,Main Engine Cylinder Oil,ltr,CONSUME,-84.70,-84.70,ltr,0.00,13-May-2024 07:32,UTC,2024-05-13 07:32:00,,,056a433e-b880-43c6-9d59-b1cfe71a4014,Daily cylinder oil consumption - 84.7 ltr
1905,7440571a-841a-11ed-aa7c-7003bca91a86,chemicals,163,CH-0003,Boiler Water Treatment Chemical,ltr,CONSUME,-0.86,-0.86,ltr,0.00,13-May-2024 00:00,UTC,2024-05-13 00:00:00,,,480b40d0-04bd-4590-a936-2f879b867977,Weekly chemical consumption
1906,7440571a-841a-11ed-aa7c-7003bca91a86,chemicals,169,CH-0009,Sewage Treatment Plant Chemical,ltr,CONSUME,-0.99,-0.99,ltr,0.00,13-May-2024 00:00,UTC,2024-05-13 00:00:00,,,480b40d0-04bd-4590-a936-2f879b867977,Weekly chemical consumption
1904,7440571a-841a-11ed-aa7c-7003bca91a86,chemicals,162,CH-0002,Lube Oil Treatment Chemical,ltr,CONSUME,-1.55,-1.55,ltr,0.00,13-May-2024 00:00,UTC,2024-05-13 00:00:00,,,6084f3b8-85dc-462a-b045-111d2b2e6d0e,Weekly chemical consumption
1903,7440571a-841a-11ed-aa7c-7003bca91a86,chemicals,161,CH-0001,Fuel Oil Treatment Chemical,ltr,CONSUME,-0.59,-0.59,ltr,0.00,13-May-2024 00:00,UTC,2024-05-13 00:00:00,,,480b40d0-04bd-4590-a936-2f879b867977,Weekly chemical consumption
3299,7440571a-841a-11ed-aa7c-7003bca91a86,lubes,151,LU-0001,Main Engine Cylinder Oil,ltr,CONSUME,-116.30,-116.30,ltr,0.00,12-May-2024 07:33,UTC,2024-05-12 07:33:00,,,6084f3b8-85dc-462a-b045-111d2b2e6d0e,Daily cylinder oil consumption - 116.3 ltr
3298,7440571a-841a-11ed-aa7c-7003bca91a86,lubes,151,LU-0001,Main Engine Cylinder Oil,ltr,CONSUME,-91.90,-91.90,ltr,0.00,11-May-2024 08:16,UTC,2024-05-11 08:16:00,,,228b5256-5bd2-4bf3-826f-c6fe76571449,Daily cylinder oil consumption - 91.9 ltr
3297,7440571a-841a-11ed-aa7c-7003bca91a86,lubes,151,LU-0001,Main Engine Cylinder Oil,ltr,CONSUME,-119.90,-119.90,ltr,0.00,10-May-2024 06:50,UTC,2024-05-10 06:50:00,,,228b5256-5bd2-4bf3-826f-c6fe76571449,Daily cylinder oil consumption - 119.9 ltr
3296,7440571a-841a-11ed-aa7c-7003bca91a86,lubes,151,LU-0001,Main Engine Cylinder Oil,ltr,CONSUME,-71.00,-71.00,ltr,0.00,09-May-2024 06:22,UTC,2024-05-09 06:22:00,,,480b40d0-04bd-4590-a936-2f879b867977,Daily cylinder oil consumption - 71.0 ltr
4106,7440571a-841a-11ed-aa7c-7003bca91a86,stores,147,IT-0007,Ear Plugs (Disposable),pcs,RECEIVE,89.00,89.00,pcs,589.00,08-May-2024 17:29,UTC,2024-05-08 17:29:00,Piraeus,PO-2024-9889,228b5256-5bd2-4bf3-826f-c6fe76571449,Received at Piraeus
4105,7440571a-841a-11ed-aa7c-7003bca91a86,stores,143,IT-0003,Grinding Wheel (Grinding Disc),pcs,RECEIVE,58.00,58.00,pcs,782.00,08-May-2024 17:29,UTC,2024-05-08 17:29:00,Piraeus,PO-2024-9889,228b5256-5bd2-4bf3-826f-c6fe76571449,Received at Piraeus
3295,7440571a-841a-11ed-aa7c-7003bca91a86,lubes,151,LU-0001,Main Engine Cylinder Oil,ltr,CONSUME,-117.20,-117.20,ltr,0.00,08-May-2024 07:00,UTC,2024-05-08 07:00:00,,,480b40d0-04bd-4590-a936-2f879b867977,Daily cylinder oil consumption - 117.2 ltr
3294,7440571a-841a-11ed-aa7c-7003bca91a86,lubes,151,LU-0001,Main Engine Cylinder Oil,ltr,CONSUME,-75.70,-75.70,ltr,0.00,07-May-2024 08:06,UTC,2024-05-07 08:06:00,,,056a433e-b880-43c6-9d59-b1cfe71a4014,Daily cylinder oil consumption - 75.7 ltr
3293,7440571a-841a-11ed-aa7c-7003bca91a86,lubes,151,LU-0001,Main Engine Cylinder Oil,ltr,CONSUME,-93.80,-93.80,ltr,0.00,06-May-2024 08:29,UTC,2024-05-06 08:29:00,,,228b5256-5bd2-4bf3-826f-c6fe76571449,Daily cylinder oil consumption - 93.8 ltr
1901,7440571a-841a-11ed-aa7c-7003bca91a86,chemicals,165,CH-0005,Potable Water Chlorination Chemical,ltr,CONSUME,-1.13,-1.13,ltr,0.00,06-May-2024 00:00,UTC,2024-05-06 00:00:00,,,228b5256-5bd2-4bf3-826f-c6fe76571449,Weekly chemical consumption
1902,7440571a-841a-11ed-aa7c-7003bca91a86,chemicals,167,CH-0007,Degreasing Chemical,ltr,CONSUME,-0.42,-0.42,ltr,0.00,06-May-2024 00:00,UTC,2024-05-06 00:00:00,,,6084f3b8-85dc-462a-b045-111d2b2e6d0e,Weekly chemical consumption
1900,7440571a-841a-11ed-aa7c-7003bca91a86,chemicals,164,CH-0004,Cooling Water Treatment Chemical,ltr,CONSUME,-1.92,-1.92,ltr,0.00,06-May-2024 00:00,UTC,2024-05-06 00:00:00,,,6084f3b8-85dc-462a-b045-111d2b2e6d0e,Weekly chemical consumption
1899,7440571a-841a-11ed-aa7c-7003bca91a86,chemicals,161,CH-0001,Fuel Oil Treatment Chemical,ltr,CONSUME,-0.42,-0.42,ltr,0.00,06-May-2024 00:00,UTC,2024-05-06 00:00:00,,,228b5256-5bd2-4bf3-826f-c6fe76571449,Weekly chemical consumption
3292,7440571a-841a-11ed-aa7c-7003bca91a86,lubes,151,LU-0001,Main Engine Cylinder Oil,ltr,CONSUME,-93.50,-93.50,ltr,0.00,05-May-2024 06:39,UTC,2024-05-05 06:39:00,,,6084f3b8-85dc-462a-b045-111d2b2e6d0e,Daily cylinder oil consumption - 93.5 ltr
3291,7440571a-841a-11ed-aa7c-7003bca91a86,lubes,151,LU-0001,Main Engine Cylinder Oil,ltr,CONSUME,-95.40,-95.40,ltr,0.00,04-May-2024 07:52,UTC,2024-05-04 07:52:00,,,6084f3b8-85dc-462a-b045-111d2b2e6d0e,Daily cylinder oil consumption - 95.4 ltr
3290,7440571a-841a-11ed-aa7c-7003bca91a86,lubes,151,LU-0001,Main Engine Cylinder Oil,ltr,CONSUME,-63.70,-63.70,ltr,0.00,03-May-2024 06:30,UTC,2024-05-03 06:30:00,,,480b40d0-04bd-4590-a936-2f879b867977,Daily cylinder oil consumption - 63.7 ltr
3289,7440571a-841a-11ed-aa7c-7003bca91a86,lubes,151,LU-0001,Main Engine Cylinder Oil,ltr,CONSUME,-77.90,-77.90,ltr,0.00,02-May-2024 07:02,UTC,2024-05-02 07:02:00,,,480b40d0-04bd-4590-a936-2f879b867977,Daily cylinder oil consumption - 77.9 ltr
3288,7440571a-841a-11ed-aa7c-7003bca91a86,lubes,151,LU-0001,Main Engine Cylinder Oil,ltr,CONSUME,-82.80,-82.80,ltr,0.00,01-May-2024 07:03,UTC,2024-05-01 07:03:00,,,480b40d0-04bd-4590-a936-2f879b867977,Daily cylinder oil consumption - 82.8 ltr
1898,7440571a-841a-11ed-aa7c-7003bca91a86,stores,180,OT-0010,"Pipelines, safety markings",ltr,CONSUME,-1.20,-1.20,ltr,0.00,01-May-2024 00:00,UTC,2024-05-01 00:00:00,,,056a433e-b880-43c6-9d59-b1cfe71a4014,General stores consumption
1897,7440571a-841a-11ed-aa7c-7003bca91a86,stores,179,OT-0009,Weather decks,ltr,CONSUME,-1.59,-1.59,ltr,0.00,01-May-2024 00:00,UTC,2024-05-01 00:00:00,,,228b5256-5bd2-4bf3-826f-c6fe76571449,General stores consumption
1896,7440571a-841a-11ed-aa7c-7003bca91a86,stores,175,OT-0005,External structures,ltr,CONSUME,-3.20,-3.20,ltr,0.00,01-May-2024 00:00,UTC,2024-05-01 00:00:00,,,6084f3b8-85dc-462a-b045-111d2b2e6d0e,General stores consumption
1895,7440571a-841a-11ed-aa7c-7003bca91a86,stores,173,OT-0003,Hull below waterline,ltr,CONSUME,-1.42,-1.42,ltr,0.00,01-May-2024 00:00,UTC,2024-05-01 00:00:00,,,6084f3b8-85dc-462a-b045-111d2b2e6d0e,General stores consumption
1894,7440571a-841a-11ed-aa7c-7003bca91a86,stores,150,IT-0010,Emery Paper / Abrasive Sheet,pcs,CONSUME,-1.08,-1.08,pcs,3.23,01-May-2024 00:00,UTC,2024-05-01 00:00:00,,,056a433e-b880-43c6-9d59-b1cfe71a4014,General stores consumption
1893,7440571a-841a-11ed-aa7c-7003bca91a86,stores,149,IT-0009,Cotton Waste / Cleaning Rags,pcs,CONSUME,-2.86,-2.86,pcs,0.00,01-May-2024 00:00,UTC,2024-05-01 00:00:00,,,6084f3b8-85dc-462a-b045-111d2b2e6d0e,General stores consumption
1892,7440571a-841a-11ed-aa7c-7003bca91a86,stores,148,IT-0008,Dust Mask / Respirator Mask,pcs,CONSUME,-3.23,-3.23,pcs,0.00,01-May-2024 00:00,UTC,2024-05-01 00:00:00,,,480b40d0-04bd-4590-a936-2f879b867977,General stores consumption
1891,7440571a-841a-11ed-aa7c-7003bca91a86,stores,147,IT-0007,Ear Plugs (Disposable),pcs,CONSUME,-1.56,-1.56,pcs,0.00,01-May-2024 00:00,UTC,2024-05-01 00:00:00,,,056a433e-b880-43c6-9d59-b1cfe71a4014,General stores consumption
1890,7440571a-841a-11ed-aa7c-7003bca91a86,stores,144,IT-0004,Cutting Disc (Angle Grinder),pcs,CONSUME,-3.68,-3.68,pcs,0.00,01-May-2024 00:00,UTC,2024-05-01 00:00:00,,,480b40d0-04bd-4590-a936-2f879b867977,General stores consumption
1889,7440571a-841a-11ed-aa7c-7003bca91a86,stores,142,IT-0002,Jeevan,pcs,CONSUME,-2.90,-2.90,pcs,0.00,01-May-2024 00:00,UTC,2024-05-01 00:00:00,,,480b40d0-04bd-4590-a936-2f879b867977,General stores consumption
3287,7440571a-841a-11ed-aa7c-7003bca91a86,lubes,151,LU-0001,Main Engine Cylinder Oil,ltr,CONSUME,-116.80,-116.80,ltr,0.00,30-Apr-2024 09:55,UTC,2024-04-30 09:55:00,,,6084f3b8-85dc-462a-b045-111d2b2e6d0e,Daily cylinder oil consumption - 116.8 ltr
3286,7440571a-841a-11ed-aa7c-7003bca91a86,lubes,151,LU-0001,Main Engine Cylinder Oil,ltr,CONSUME,-97.50,-97.50,ltr,0.00,29-Apr-2024 06:04,UTC,2024-04-29 06:04:00,,,6084f3b8-85dc-462a-b045-111d2b2e6d0e,Daily cylinder oil consumption - 97.5 ltr
1886,7440571a-841a-11ed-aa7c-7003bca91a86,chemicals,164,CH-0004,Cooling Water Treatment Chemical,ltr,CONSUME,-0.51,-0.51,ltr,0.00,29-Apr-2024 00:00,UTC,2024-04-29 00:00:00,,,228b5256-5bd2-4bf3-826f-c6fe76571449,Weekly chemical consumption
1888,7440571a-841a-11ed-aa7c-7003bca91a86,chemicals,167,CH-0007,Degreasing Chemical,ltr,CONSUME,-1.18,-1.18,ltr,0.00,29-Apr-2024 00:00,UTC,2024-04-29 00:00:00,,,480b40d0-04bd-4590-a936-2f879b867977,Weekly chemical consumption
1884,7440571a-841a-11ed-aa7c-7003bca91a86,chemicals,161,CH-0001,Fuel Oil Treatment Chemical,ltr,CONSUME,-1.71,-1.71,ltr,0.00,29-Apr-2024 00:00,UTC,2024-04-29 00:00:00,,,056a433e-b880-43c6-9d59-b1cfe71a4014,Weekly chemical consumption
1887,7440571a-841a-11ed-aa7c-7003bca91a86,chemicals,166,CH-0006,Tank Cleaning Chemical (Alkaline),ltr,CONSUME,-0.41,-0.41,ltr,0.00,29-Apr-2024 00:00,UTC,2024-04-29 00:00:00,,,480b40d0-04bd-4590-a936-2f879b867977,Weekly chemical consumption
1885,7440571a-841a-11ed-aa7c-7003bca91a86,chemicals,163,CH-0003,Boiler Water Treatment Chemical,ltr,CONSUME,-0.80,-0.80,ltr,0.00,29-Apr-2024 00:00,UTC,2024-04-29 00:00:00,,,6084f3b8-85dc-462a-b045-111d2b2e6d0e,Weekly chemical consumption
3285,7440571a-841a-11ed-aa7c-7003bca91a86,lubes,151,LU-0001,Main Engine Cylinder Oil,ltr,CONSUME,-114.60,-114.60,ltr,0.00,28-Apr-2024 08:08,UTC,2024-04-28 08:08:00,,,228b5256-5bd2-4bf3-826f-c6fe76571449,Daily cylinder oil consumption - 114.6 ltr
2616,7440571a-841a-11ed-aa7c-7003bca91a86,chemicals,161,CH-0001,Fuel Oil Treatment Chemical,ltr,RECEIVE,19.97,19.97,ltr,78.15,28-Apr-2024 00:00,UTC,2024-04-28 00:00:00,Suez,PO-2024-2380,228b5256-5bd2-4bf3-826f-c6fe76571449,Received at Suez
2618,7440571a-841a-11ed-aa7c-7003bca91a86,stores,171,OT-0001,Steel surface protection,ltr,RECEIVE,23.97,23.97,ltr,153.54,28-Apr-2024 00:00,UTC,2024-04-28 00:00:00,Suez,PO-2024-4260,228b5256-5bd2-4bf3-826f-c6fe76571449,Received at Suez
2619,7440571a-841a-11ed-aa7c-7003bca91a86,stores,175,OT-0005,External structures,ltr,RECEIVE,28.98,28.98,ltr,71.35,28-Apr-2024 00:00,UTC,2024-04-28 00:00:00,Suez,PO-2024-7734,228b5256-5bd2-4bf3-826f-c6fe76571449,Received at Suez
2620,7440571a-841a-11ed-aa7c-7003bca91a86,stores,176,OT-0006,"Exhausts, boilers, pipelines",ltr,RECEIVE,21.21,21.21,ltr,135.47,28-Apr-2024 00:00,UTC,2024-04-28 00:00:00,Suez,PO-2024-8308,228b5256-5bd2-4bf3-826f-c6fe76571449,Received at Suez
2621,7440571a-841a-11ed-aa7c-7003bca91a86,stores,179,OT-0009,Weather decks,ltr,RECEIVE,34.71,34.71,ltr,98.89,28-Apr-2024 00:00,UTC,2024-04-28 00:00:00,Suez,PO-2024-2458,228b5256-5bd2-4bf3-826f-c6fe76571449,Received at Suez
2622,7440571a-841a-11ed-aa7c-7003bca91a86,stores,180,OT-0010,"Pipelines, safety markings",ltr,RECEIVE,8.18,8.18,ltr,116.82,28-Apr-2024 00:00,UTC,2024-04-28 00:00:00,Suez,PO-2024-9916,228b5256-5bd2-4bf3-826f-c6fe76571449,Received at Suez
2623,7440571a-841a-11ed-aa7c-7003bca91a86,stores,141,IT-0001,Safety Gloves – Cotton,pcs,RECEIVE,43.73,43.73,pcs,224.84,28-Apr-2024 00:00,UTC,2024-04-28 00:00:00,Suez,PO-2024-9165,228b5256-5bd2-4bf3-826f-c6fe76571449,Received at Suez
2617,7440571a-841a-11ed-aa7c-7003bca91a86,chemicals,170,CH-0010,Hand Cleaning Chemical (Industrial Soap),ltr,RECEIVE,9.59,9.59,ltr,157.06,28-Apr-2024 00:00,UTC,2024-04-28 00:00:00,Suez,PO-2024-5394,228b5256-5bd2-4bf3-826f-c6fe76571449,Received at Suez
2609,7440571a-841a-11ed-aa7c-7003bca91a86,stores,143,IT-0003,Grinding Wheel (Grinding Disc),pcs,RECEIVE,45.27,45.27,pcs,136.24,28-Apr-2024 00:00,UTC,2024-04-28 00:00:00,Suez,PO-2024-9613,228b5256-5bd2-4bf3-826f-c6fe76571449,Received at Suez
2610,7440571a-841a-11ed-aa7c-7003bca91a86,stores,145,IT-0005,Welding Electrodes (General Purpose),pcs,RECEIVE,21.56,21.56,pcs,178.68,28-Apr-2024 00:00,UTC,2024-04-28 00:00:00,Suez,PO-2024-6105,228b5256-5bd2-4bf3-826f-c6fe76571449,Received at Suez
2611,7440571a-841a-11ed-aa7c-7003bca91a86,stores,148,IT-0008,Dust Mask / Respirator Mask,pcs,RECEIVE,23.32,23.32,pcs,148.97,28-Apr-2024 00:00,UTC,2024-04-28 00:00:00,Suez,PO-2024-4489,228b5256-5bd2-4bf3-826f-c6fe76571449,Received at Suez
2612,7440571a-841a-11ed-aa7c-7003bca91a86,stores,154,LU-0004,Turbocharger Lube Oil,ltr,RECEIVE,9.03,9.03,ltr,158.07,28-Apr-2024 00:00,UTC,2024-04-28 00:00:00,Suez,PO-2024-8577,228b5256-5bd2-4bf3-826f-c6fe76571449,Received at Suez
2613,7440571a-841a-11ed-aa7c-7003bca91a86,stores,156,LU-0006,Gear Oil,ltr,RECEIVE,38.63,38.63,ltr,194.31,28-Apr-2024 00:00,UTC,2024-04-28 00:00:00,Suez,PO-2024-9723,228b5256-5bd2-4bf3-826f-c6fe76571449,Received at Suez
2614,7440571a-841a-11ed-aa7c-7003bca91a86,stores,157,LU-0007,Stern Tube Oil,ltr,RECEIVE,42.85,42.85,ltr,343.01,28-Apr-2024 00:00,UTC,2024-04-28 00:00:00,Suez,PO-2024-9776,228b5256-5bd2-4bf3-826f-c6fe76571449,Received at Suez
2615,7440571a-841a-11ed-aa7c-7003bca91a86,stores,159,LU-0009,Refrigeration Compressor Oil,ltr,RECEIVE,44.53,44.53,ltr,139.08,28-Apr-2024 00:00,UTC,2024-04-28 00:00:00,Suez,PO-2024-5824,228b5256-5bd2-4bf3-826f-c6fe76571449,Received at Suez
3284,7440571a-841a-11ed-aa7c-7003bca91a86,lubes,151,LU-0001,Main Engine Cylinder Oil,ltr,CONSUME,-119.30,-119.30,ltr,0.00,27-Apr-2024 08:00,UTC,2024-04-27 08:00:00,,,6084f3b8-85dc-462a-b045-111d2b2e6d0e,Daily cylinder oil consumption - 119.3 ltr
3283,7440571a-841a-11ed-aa7c-7003bca91a86,lubes,151,LU-0001,Main Engine Cylinder Oil,ltr,CONSUME,-72.10,-72.10,ltr,0.00,26-Apr-2024 09:27,UTC,2024-04-26 09:27:00,,,480b40d0-04bd-4590-a936-2f879b867977,Daily cylinder oil consumption - 72.1 ltr
3282,7440571a-841a-11ed-aa7c-7003bca91a86,lubes,151,LU-0001,Main Engine Cylinder Oil,ltr,CONSUME,-90.30,-90.30,ltr,0.00,25-Apr-2024 08:33,UTC,2024-04-25 08:33:00,,,6084f3b8-85dc-462a-b045-111d2b2e6d0e,Daily cylinder oil consumption - 90.3 ltr
3281,7440571a-841a-11ed-aa7c-7003bca91a86,lubes,151,LU-0001,Main Engine Cylinder Oil,ltr,CONSUME,-57.40,-57.40,ltr,0.00,24-Apr-2024 07:14,UTC,2024-04-24 07:14:00,,,6084f3b8-85dc-462a-b045-111d2b2e6d0e,Daily cylinder oil consumption - 57.4 ltr
3280,7440571a-841a-11ed-aa7c-7003bca91a86,lubes,151,LU-0001,Main Engine Cylinder Oil,ltr,CONSUME,-85.70,-85.70,ltr,0.00,23-Apr-2024 06:26,UTC,2024-04-23 06:26:00,,,056a433e-b880-43c6-9d59-b1cfe71a4014,Daily cylinder oil consumption - 85.7 ltr
3279,7440571a-841a-11ed-aa7c-7003bca91a86,lubes,151,LU-0001,Main Engine Cylinder Oil,ltr,CONSUME,-51.20,-51.20,ltr,0.00,22-Apr-2024 09:46,UTC,2024-04-22 09:46:00,,,228b5256-5bd2-4bf3-826f-c6fe76571449,Daily cylinder oil consumption - 51.2 ltr
1882,7440571a-841a-11ed-aa7c-7003bca91a86,chemicals,168,CH-0008,Rust Remover / Descaling Chemical,ltr,CONSUME,-0.18,-0.18,ltr,0.00,22-Apr-2024 00:00,UTC,2024-04-22 00:00:00,,,056a433e-b880-43c6-9d59-b1cfe71a4014,Weekly chemical consumption
1883,7440571a-841a-11ed-aa7c-7003bca91a86,chemicals,169,CH-0009,Sewage Treatment Plant Chemical,ltr,CONSUME,-1.99,-1.99,ltr,0.00,22-Apr-2024 00:00,UTC,2024-04-22 00:00:00,,,6084f3b8-85dc-462a-b045-111d2b2e6d0e,Weekly chemical consumption
1880,7440571a-841a-11ed-aa7c-7003bca91a86,chemicals,166,CH-0006,Tank Cleaning Chemical (Alkaline),ltr,CONSUME,-0.14,-0.14,ltr,0.00,22-Apr-2024 00:00,UTC,2024-04-22 00:00:00,,,480b40d0-04bd-4590-a936-2f879b867977,Weekly chemical consumption
1881,7440571a-841a-11ed-aa7c-7003bca91a86,chemicals,167,CH-0007,Degreasing Chemical,ltr,CONSUME,-1.92,-1.92,ltr,0.00,22-Apr-2024 00:00,UTC,2024-04-22 00:00:00,,,6084f3b8-85dc-462a-b045-111d2b2e6d0e,Weekly chemical consumption
1878,7440571a-841a-11ed-aa7c-7003bca91a86,chemicals,161,CH-0001,Fuel Oil Treatment Chemical,ltr,CONSUME,-1.17,-1.17,ltr,0.00,22-Apr-2024 00:00,UTC,2024-04-22 00:00:00,,,056a433e-b880-43c6-9d59-b1cfe71a4014,Weekly chemical consumption
1879,7440571a-841a-11ed-aa7c-7003bca91a86,chemicals,162,CH-0002,Lube Oil Treatment Chemical,ltr,CONSUME,-1.83,-1.83,ltr,0.00,22-Apr-2024 00:00,UTC,2024-04-22 00:00:00,,,228b5256-5bd2-4bf3-826f-c6fe76571449,Weekly chemical consumption
3278,7440571a-841a-11ed-aa7c-7003bca91a86,lubes,151,LU-0001,Main Engine Cylinder Oil,ltr,CONSUME,-102.30,-102.30,ltr,0.00,21-Apr-2024 09:05,UTC,2024-04-21 09:05:00,,,228b5256-5bd2-4bf3-826f-c6fe76571449,Daily cylinder oil consumption - 102.3 ltr
3277,7440571a-841a-11ed-aa7c-7003bca91a86,lubes,151,LU-0001,Main Engine Cylinder Oil,ltr,CONSUME,-88.60,-88.60,ltr,0.00,20-Apr-2024 06:45,UTC,2024-04-20 06:45:00,,,6084f3b8-85dc-462a-b045-111d2b2e6d0e,Daily cylinder oil consumption - 88.6 ltr
3276,7440571a-841a-11ed-aa7c-7003bca91a86,lubes,151,LU-0001,Main Engine Cylinder Oil,ltr,CONSUME,-62.80,-62.80,ltr,0.00,19-Apr-2024 08:41,UTC,2024-04-19 08:41:00,,,228b5256-5bd2-4bf3-826f-c6fe76571449,Daily cylinder oil consumption - 62.8 ltr
3275,7440571a-841a-11ed-aa7c-7003bca91a86,lubes,151,LU-0001,Main Engine Cylinder Oil,ltr,CONSUME,-118.40,-118.40,ltr,0.00,18-Apr-2024 07:49,UTC,2024-04-18 07:49:00,,,480b40d0-04bd-4590-a936-2f879b867977,Daily cylinder oil consumption - 118.4 ltr
3274,7440571a-841a-11ed-aa7c-7003bca91a86,lubes,151,LU-0001,Main Engine Cylinder Oil,ltr,CONSUME,-118.60,-118.60,ltr,0.00,17-Apr-2024 06:49,UTC,2024-04-17 06:49:00,,,228b5256-5bd2-4bf3-826f-c6fe76571449,Daily cylinder oil consumption - 118.6 ltr
3273,7440571a-841a-11ed-aa7c-7003bca91a86,lubes,151,LU-0001,Main Engine Cylinder Oil,ltr,CONSUME,-56.50,-56.50,ltr,0.00,16-Apr-2024 07:46,UTC,2024-04-16 07:46:00,,,056a433e-b880-43c6-9d59-b1cfe71a4014,Daily cylinder oil consumption - 56.5 ltr
3272,7440571a-841a-11ed-aa7c-7003bca91a86,lubes,151,LU-0001,Main Engine Cylinder Oil,ltr,CONSUME,-54.30,-54.30,ltr,0.00,15-Apr-2024 09:49,UTC,2024-04-15 09:49:00,,,228b5256-5bd2-4bf3-826f-c6fe76571449,Daily cylinder oil consumption - 54.3 ltr
1875,7440571a-841a-11ed-aa7c-7003bca91a86,stores,179,OT-0009,Weather decks,ltr,CONSUME,-2.76,-2.76,ltr,0.00,15-Apr-2024 00:00,UTC,2024-04-15 00:00:00,,,480b40d0-04bd-4590-a936-2f879b867977,General stores consumption
1877,7440571a-841a-11ed-aa7c-7003bca91a86,stores,141,IT-0001,Safety Gloves – Cotton,pcs,CONSUME,-1.70,-1.70,pcs,80.91,15-Apr-2024 00:00,UTC,2024-04-15 00:00:00,,,6084f3b8-85dc-462a-b045-111d2b2e6d0e,General stores consumption
1868,7440571a-841a-11ed-aa7c-7003bca91a86,chemicals,162,CH-0002,Lube Oil Treatment Chemical,ltr,CONSUME,-1.15,-1.15,ltr,0.00,15-Apr-2024 00:00,UTC,2024-04-15 00:00:00,,,228b5256-5bd2-4bf3-826f-c6fe76571449,Weekly chemical consumption
1869,7440571a-841a-11ed-aa7c-7003bca91a86,chemicals,163,CH-0003,Boiler Water Treatment Chemical,ltr,CONSUME,-1.20,-1.20,ltr,0.00,15-Apr-2024 00:00,UTC,2024-04-15 00:00:00,,,228b5256-5bd2-4bf3-826f-c6fe76571449,Weekly chemical consumption
1870,7440571a-841a-11ed-aa7c-7003bca91a86,chemicals,169,CH-0009,Sewage Treatment Plant Chemical,ltr,CONSUME,-0.90,-0.90,ltr,0.00,15-Apr-2024 00:00,UTC,2024-04-15 00:00:00,,,228b5256-5bd2-4bf3-826f-c6fe76571449,Weekly chemical consumption
1871,7440571a-841a-11ed-aa7c-7003bca91a86,stores,144,IT-0004,Cutting Disc (Angle Grinder),pcs,CONSUME,-3.08,-3.08,pcs,0.00,15-Apr-2024 00:00,UTC,2024-04-15 00:00:00,,,228b5256-5bd2-4bf3-826f-c6fe76571449,General stores consumption
1872,7440571a-841a-11ed-aa7c-7003bca91a86,stores,146,IT-0006,Safety Goggles (Clear),pcs,CONSUME,-2.46,-2.46,pcs,0.00,15-Apr-2024 00:00,UTC,2024-04-15 00:00:00,,,056a433e-b880-43c6-9d59-b1cfe71a4014,General stores consumption
1873,7440571a-841a-11ed-aa7c-7003bca91a86,stores,150,IT-0010,Emery Paper / Abrasive Sheet,pcs,CONSUME,-2.07,-2.07,pcs,4.31,15-Apr-2024 00:00,UTC,2024-04-15 00:00:00,,,480b40d0-04bd-4590-a936-2f879b867977,General stores consumption
1874,7440571a-841a-11ed-aa7c-7003bca91a86,stores,178,OT-0008,"Pipes, tanks, machinery",ltr,CONSUME,-1.37,-1.37,ltr,0.00,15-Apr-2024 00:00,UTC,2024-04-15 00:00:00,,,6084f3b8-85dc-462a-b045-111d2b2e6d0e,General stores consumption
1876,7440571a-841a-11ed-aa7c-7003bca91a86,stores,180,OT-0010,"Pipelines, safety markings",ltr,CONSUME,-3.59,-3.59,ltr,0.00,15-Apr-2024 00:00,UTC,2024-04-15 00:00:00,,,6084f3b8-85dc-462a-b045-111d2b2e6d0e,General stores consumption
3968,7440571a-841a-11ed-aa7c-7003bca91a86,lubes,153,LU-0003,Auxiliary Engine Lube Oil,ltr,CONSUME,-146.00,-146.00,ltr,2552.10,14-Apr-2024 12:47,UTC,2024-04-14 12:47:00,,,056a433e-b880-43c6-9d59-b1cfe71a4014,Monthly AE lube oil top-up - 146.0 ltr
3967,7440571a-841a-11ed-aa7c-7003bca91a86,lubes,152,LU-0002,Main Engine System Oil,ltr,CONSUME,-129.20,-129.20,ltr,2363.60,14-Apr-2024 12:47,UTC,2024-04-14 12:47:00,,,228b5256-5bd2-4bf3-826f-c6fe76571449,Monthly ME system oil top-up - 129.2 ltr
3271,7440571a-841a-11ed-aa7c-7003bca91a86,lubes,151,LU-0001,Main Engine Cylinder Oil,ltr,CONSUME,-86.70,-86.70,ltr,0.00,14-Apr-2024 06:29,UTC,2024-04-14 06:29:00,,,6084f3b8-85dc-462a-b045-111d2b2e6d0e,Daily cylinder oil consumption - 86.7 ltr
3270,7440571a-841a-11ed-aa7c-7003bca91a86,lubes,151,LU-0001,Main Engine Cylinder Oil,ltr,CONSUME,-87.10,-87.10,ltr,0.00,13-Apr-2024 06:40,UTC,2024-04-13 06:40:00,,,056a433e-b880-43c6-9d59-b1cfe71a4014,Daily cylinder oil consumption - 87.1 ltr
3269,7440571a-841a-11ed-aa7c-7003bca91a86,lubes,151,LU-0001,Main Engine Cylinder Oil,ltr,CONSUME,-95.70,-95.70,ltr,0.00,12-Apr-2024 08:59,UTC,2024-04-12 08:59:00,,,6084f3b8-85dc-462a-b045-111d2b2e6d0e,Daily cylinder oil consumption - 95.7 ltr
3268,7440571a-841a-11ed-aa7c-7003bca91a86,lubes,151,LU-0001,Main Engine Cylinder Oil,ltr,CONSUME,-92.40,-92.40,ltr,0.00,11-Apr-2024 07:02,UTC,2024-04-11 07:02:00,,,056a433e-b880-43c6-9d59-b1cfe71a4014,Daily cylinder oil consumption - 92.4 ltr
3267,7440571a-841a-11ed-aa7c-7003bca91a86,lubes,151,LU-0001,Main Engine Cylinder Oil,ltr,CONSUME,-99.20,-99.20,ltr,0.00,10-Apr-2024 09:57,UTC,2024-04-10 09:57:00,,,228b5256-5bd2-4bf3-826f-c6fe76571449,Daily cylinder oil consumption - 99.2 ltr
3266,7440571a-841a-11ed-aa7c-7003bca91a86,lubes,151,LU-0001,Main Engine Cylinder Oil,ltr,CONSUME,-65.00,-65.00,ltr,0.00,09-Apr-2024 09:16,UTC,2024-04-09 09:16:00,,,6084f3b8-85dc-462a-b045-111d2b2e6d0e,Daily cylinder oil consumption - 65.0 ltr
3265,7440571a-841a-11ed-aa7c-7003bca91a86,lubes,151,LU-0001,Main Engine Cylinder Oil,ltr,CONSUME,-97.60,-97.60,ltr,0.00,08-Apr-2024 08:52,UTC,2024-04-08 08:52:00,,,228b5256-5bd2-4bf3-826f-c6fe76571449,Daily cylinder oil consumption - 97.6 ltr
1865,7440571a-841a-11ed-aa7c-7003bca91a86,chemicals,166,CH-0006,Tank Cleaning Chemical (Alkaline),ltr,CONSUME,-0.25,-0.25,ltr,0.00,08-Apr-2024 00:00,UTC,2024-04-08 00:00:00,,,056a433e-b880-43c6-9d59-b1cfe71a4014,Weekly chemical consumption
1867,7440571a-841a-11ed-aa7c-7003bca91a86,chemicals,170,CH-0010,Hand Cleaning Chemical (Industrial Soap),ltr,CONSUME,-1.85,-1.85,ltr,0.00,08-Apr-2024 00:00,UTC,2024-04-08 00:00:00,,,480b40d0-04bd-4590-a936-2f879b867977,Weekly chemical consumption
1866,7440571a-841a-11ed-aa7c-7003bca91a86,chemicals,167,CH-0007,Degreasing Chemical,ltr,CONSUME,-1.98,-1.98,ltr,0.00,08-Apr-2024 00:00,UTC,2024-04-08 00:00:00,,,6084f3b8-85dc-462a-b045-111d2b2e6d0e,Weekly chemical consumption
1864,7440571a-841a-11ed-aa7c-7003bca91a86,chemicals,165,CH-0005,Potable Water Chlorination Chemical,ltr,CONSUME,-1.18,-1.18,ltr,0.00,08-Apr-2024 00:00,UTC,2024-04-08 00:00:00,,,056a433e-b880-43c6-9d59-b1cfe71a4014,Weekly chemical consumption
1863,7440571a-841a-11ed-aa7c-7003bca91a86,chemicals,162,CH-0002,Lube Oil Treatment Chemical,ltr,CONSUME,-0.97,-0.97,ltr,0.00,08-Apr-2024 00:00,UTC,2024-04-08 00:00:00,,,6084f3b8-85dc-462a-b045-111d2b2e6d0e,Weekly chemical consumption
3264,7440571a-841a-11ed-aa7c-7003bca91a86,lubes,151,LU-0001,Main Engine Cylinder Oil,ltr,CONSUME,-56.80,-56.80,ltr,0.00,07-Apr-2024 07:56,UTC,2024-04-07 07:56:00,,,056a433e-b880-43c6-9d59-b1cfe71a4014,Daily cylinder oil consumption - 56.8 ltr
3263,7440571a-841a-11ed-aa7c-7003bca91a86,lubes,151,LU-0001,Main Engine Cylinder Oil,ltr,CONSUME,-106.60,-106.60,ltr,0.00,06-Apr-2024 06:03,UTC,2024-04-06 06:03:00,,,056a433e-b880-43c6-9d59-b1cfe71a4014,Daily cylinder oil consumption - 106.6 ltr
4041,7440571a-841a-11ed-aa7c-7003bca91a86,chemicals,161,CH-0001,Fuel Oil Treatment Chemical,ltr,CONSUME,-31.70,-31.70,ltr,4905.60,05-Apr-2024 15:54,UTC,2024-04-05 15:54:00,,,228b5256-5bd2-4bf3-826f-c6fe76571449,Chemical consumption - Fuel Oil Treatment Chemical
3262,7440571a-841a-11ed-aa7c-7003bca91a86,lubes,151,LU-0001,Main Engine Cylinder Oil,ltr,CONSUME,-68.80,-68.80,ltr,0.00,05-Apr-2024 08:42,UTC,2024-04-05 08:42:00,,,6084f3b8-85dc-462a-b045-111d2b2e6d0e,Daily cylinder oil consumption - 68.8 ltr
3261,7440571a-841a-11ed-aa7c-7003bca91a86,lubes,151,LU-0001,Main Engine Cylinder Oil,ltr,CONSUME,-67.10,-67.10,ltr,0.00,04-Apr-2024 09:46,UTC,2024-04-04 09:46:00,,,056a433e-b880-43c6-9d59-b1cfe71a4014,Daily cylinder oil consumption - 67.1 ltr
3260,7440571a-841a-11ed-aa7c-7003bca91a86,lubes,151,LU-0001,Main Engine Cylinder Oil,ltr,CONSUME,-100.40,-100.40,ltr,0.00,03-Apr-2024 06:43,UTC,2024-04-03 06:43:00,,,228b5256-5bd2-4bf3-826f-c6fe76571449,Daily cylinder oil consumption - 100.4 ltr
3259,7440571a-841a-11ed-aa7c-7003bca91a86,lubes,151,LU-0001,Main Engine Cylinder Oil,ltr,CONSUME,-98.70,-98.70,ltr,0.00,02-Apr-2024 08:46,UTC,2024-04-02 08:46:00,,,6084f3b8-85dc-462a-b045-111d2b2e6d0e,Daily cylinder oil consumption - 98.7 ltr
3258,7440571a-841a-11ed-aa7c-7003bca91a86,lubes,151,LU-0001,Main Engine Cylinder Oil,ltr,CONSUME,-65.10,-65.10,ltr,0.00,01-Apr-2024 07:31,UTC,2024-04-01 07:31:00,,,480b40d0-04bd-4590-a936-2f879b867977,Daily cylinder oil consumption - 65.1 ltr
1859,7440571a-841a-11ed-aa7c-7003bca91a86,stores,148,IT-0008,Dust Mask / Respirator Mask,pcs,CONSUME,-3.66,-3.66,pcs,0.00,01-Apr-2024 00:00,UTC,2024-04-01 00:00:00,,,056a433e-b880-43c6-9d59-b1cfe71a4014,General stores consumption
1855,7440571a-841a-11ed-aa7c-7003bca91a86,chemicals,164,CH-0004,Cooling Water Treatment Chemical,ltr,CONSUME,-1.39,-1.39,ltr,0.00,01-Apr-2024 00:00,UTC,2024-04-01 00:00:00,,,6084f3b8-85dc-462a-b045-111d2b2e6d0e,Weekly chemical consumption
1856,7440571a-841a-11ed-aa7c-7003bca91a86,chemicals,168,CH-0008,Rust Remover / Descaling Chemical,ltr,CONSUME,-0.66,-0.66,ltr,0.00,01-Apr-2024 00:00,UTC,2024-04-01 00:00:00,,,6084f3b8-85dc-462a-b045-111d2b2e6d0e,Weekly chemical consumption
1857,7440571a-841a-11ed-aa7c-7003bca91a86,chemicals,170,CH-0010,Hand Cleaning Chemical (Industrial Soap),ltr,CONSUME,-1.94,-1.94,ltr,0.00,01-Apr-2024 00:00,UTC,2024-04-01 00:00:00,,,6084f3b8-85dc-462a-b045-111d2b2e6d0e,Weekly chemical consumption
1862,7440571a-841a-11ed-aa7c-7003bca91a86,stores,175,OT-0005,External structures,ltr,CONSUME,-2.72,-2.72,ltr,0.00,01-Apr-2024 00:00,UTC,2024-04-01 00:00:00,,,480b40d0-04bd-4590-a936-2f879b867977,General stores consumption
1861,7440571a-841a-11ed-aa7c-7003bca91a86,stores,174,OT-0004,Waterline area,ltr,CONSUME,-4.00,-4.00,ltr,0.00,01-Apr-2024 00:00,UTC,2024-04-01 00:00:00,,,056a433e-b880-43c6-9d59-b1cfe71a4014,General stores consumption
1860,7440571a-841a-11ed-aa7c-7003bca91a86,stores,171,OT-0001,Steel surface protection,ltr,CONSUME,-1.54,-1.54,ltr,0.00,01-Apr-2024 00:00,UTC,2024-04-01 00:00:00,,,056a433e-b880-43c6-9d59-b1cfe71a4014,General stores consumption
1858,7440571a-841a-11ed-aa7c-7003bca91a86,stores,146,IT-0006,Safety Goggles (Clear),pcs,CONSUME,-3.34,-3.34,pcs,0.00,01-Apr-2024 00:00,UTC,2024-04-01 00:00:00,,,228b5256-5bd2-4bf3-826f-c6fe76571449,General stores consumption
3257,7440571a-841a-11ed-aa7c-7003bca91a86,lubes,151,LU-0001,Main Engine Cylinder Oil,ltr,CONSUME,-108.50,-108.50,ltr,0.00,31-Mar-2024 07:28,UTC,2024-03-31 07:28:00,,,6084f3b8-85dc-462a-b045-111d2b2e6d0e,Daily cylinder oil consumption - 108.5 ltr
3256,7440571a-841a-11ed-aa7c-7003bca91a86,lubes,151,LU-0001,Main Engine Cylinder Oil,ltr,CONSUME,-70.70,-70.70,ltr,0.00,30-Mar-2024 07:23,UTC,2024-03-30 07:23:00,,,056a433e-b880-43c6-9d59-b1cfe71a4014,Daily cylinder oil consumption - 70.7 ltr
3255,7440571a-841a-11ed-aa7c-7003bca91a86,lubes,151,LU-0001,Main Engine Cylinder Oil,ltr,CONSUME,-117.10,-117.10,ltr,0.00,29-Mar-2024 07:18,UTC,2024-03-29 07:18:00,,,228b5256-5bd2-4bf3-826f-c6fe76571449,Daily cylinder oil consumption - 117.1 ltr
3254,7440571a-841a-11ed-aa7c-7003bca91a86,lubes,151,LU-0001,Main Engine Cylinder Oil,ltr,CONSUME,-109.10,-109.10,ltr,0.00,28-Mar-2024 08:06,UTC,2024-03-28 08:06:00,,,6084f3b8-85dc-462a-b045-111d2b2e6d0e,Daily cylinder oil consumption - 109.1 ltr
4042,7440571a-841a-11ed-aa7c-7003bca91a86,chemicals,163,CH-0003,Boiler Water Treatment Chemical,ltr,CONSUME,-8.90,-8.90,ltr,4887.80,27-Mar-2024 15:22,UTC,2024-03-27 15:22:00,,,228b5256-5bd2-4bf3-826f-c6fe76571449,Chemical consumption - Boiler Water Treatment Chemical
3253,7440571a-841a-11ed-aa7c-7003bca91a86,lubes,151,LU-0001,Main Engine Cylinder Oil,ltr,CONSUME,-76.50,-76.50,ltr,0.00,27-Mar-2024 08:23,UTC,2024-03-27 08:23:00,,,480b40d0-04bd-4590-a936-2f879b867977,Daily cylinder oil consumption - 76.5 ltr
3252,7440571a-841a-11ed-aa7c-7003bca91a86,lubes,151,LU-0001,Main Engine Cylinder Oil,ltr,CONSUME,-108.50,-108.50,ltr,0.00,26-Mar-2024 08:45,UTC,2024-03-26 08:45:00,,,056a433e-b880-43c6-9d59-b1cfe71a4014,Daily cylinder oil consumption - 108.5 ltr
3251,7440571a-841a-11ed-aa7c-7003bca91a86,lubes,151,LU-0001,Main Engine Cylinder Oil,ltr,CONSUME,-92.40,-92.40,ltr,0.00,25-Mar-2024 07:18,UTC,2024-03-25 07:18:00,,,480b40d0-04bd-4590-a936-2f879b867977,Daily cylinder oil consumption - 92.4 ltr
1852,7440571a-841a-11ed-aa7c-7003bca91a86,chemicals,164,CH-0004,Cooling Water Treatment Chemical,ltr,CONSUME,-1.70,-1.70,ltr,0.00,25-Mar-2024 00:00,UTC,2024-03-25 00:00:00,,,6084f3b8-85dc-462a-b045-111d2b2e6d0e,Weekly chemical consumption
1853,7440571a-841a-11ed-aa7c-7003bca91a86,chemicals,167,CH-0007,Degreasing Chemical,ltr,CONSUME,-0.42,-0.42,ltr,0.00,25-Mar-2024 00:00,UTC,2024-03-25 00:00:00,,,056a433e-b880-43c6-9d59-b1cfe71a4014,Weekly chemical consumption
1851,7440571a-841a-11ed-aa7c-7003bca91a86,chemicals,163,CH-0003,Boiler Water Treatment Chemical,ltr,CONSUME,-1.96,-1.96,ltr,0.00,25-Mar-2024 00:00,UTC,2024-03-25 00:00:00,,,228b5256-5bd2-4bf3-826f-c6fe76571449,Weekly chemical consumption
1854,7440571a-841a-11ed-aa7c-7003bca91a86,chemicals,168,CH-0008,Rust Remover / Descaling Chemical,ltr,CONSUME,-0.78,-0.78,ltr,0.00,25-Mar-2024 00:00,UTC,2024-03-25 00:00:00,,,480b40d0-04bd-4590-a936-2f879b867977,Weekly chemical consumption
3250,7440571a-841a-11ed-aa7c-7003bca91a86,lubes,151,LU-0001,Main Engine Cylinder Oil,ltr,CONSUME,-103.00,-103.00,ltr,0.00,24-Mar-2024 07:50,UTC,2024-03-24 07:50:00,,,6084f3b8-85dc-462a-b045-111d2b2e6d0e,Daily cylinder oil consumption - 103.0 ltr
3249,7440571a-841a-11ed-aa7c-7003bca91a86,lubes,151,LU-0001,Main Engine Cylinder Oil,ltr,CONSUME,-111.20,-111.20,ltr,0.00,23-Mar-2024 07:19,UTC,2024-03-23 07:19:00,,,056a433e-b880-43c6-9d59-b1cfe71a4014,Daily cylinder oil consumption - 111.2 ltr
3248,7440571a-841a-11ed-aa7c-7003bca91a86,lubes,151,LU-0001,Main Engine Cylinder Oil,ltr,CONSUME,-70.60,-70.60,ltr,0.00,22-Mar-2024 07:14,UTC,2024-03-22 07:14:00,,,480b40d0-04bd-4590-a936-2f879b867977,Daily cylinder oil consumption - 70.6 ltr
2596,7440571a-841a-11ed-aa7c-7003bca91a86,stores,142,IT-0002,Jeevan,pcs,RECEIVE,53.41,53.41,pcs,82.80,22-Mar-2024 00:00,UTC,2024-03-22 00:00:00,Mumbai,PO-2024-1432,228b5256-5bd2-4bf3-826f-c6fe76571449,Received at Mumbai
2606,7440571a-841a-11ed-aa7c-7003bca91a86,stores,176,OT-0006,"Exhausts, boilers, pipelines",ltr,RECEIVE,9.34,9.34,ltr,114.26,22-Mar-2024 00:00,UTC,2024-03-22 00:00:00,Mumbai,PO-2024-8407,228b5256-5bd2-4bf3-826f-c6fe76571449,Received at Mumbai
2603,7440571a-841a-11ed-aa7c-7003bca91a86,stores,160,LU-0010,Multipurpose Grease,ltr,RECEIVE,26.26,26.26,ltr,180.92,22-Mar-2024 00:00,UTC,2024-03-22 00:00:00,Mumbai,PO-2024-1292,228b5256-5bd2-4bf3-826f-c6fe76571449,Received at Mumbai
2604,7440571a-841a-11ed-aa7c-7003bca91a86,chemicals,168,CH-0008,Rust Remover / Descaling Chemical,ltr,RECEIVE,23.63,23.63,ltr,73.70,22-Mar-2024 00:00,UTC,2024-03-22 00:00:00,Mumbai,PO-2024-9026,228b5256-5bd2-4bf3-826f-c6fe76571449,Received at Mumbai
2605,7440571a-841a-11ed-aa7c-7003bca91a86,stores,171,OT-0001,Steel surface protection,ltr,RECEIVE,22.56,22.56,ltr,129.57,22-Mar-2024 00:00,UTC,2024-03-22 00:00:00,Mumbai,PO-2024-6967,228b5256-5bd2-4bf3-826f-c6fe76571449,Received at Mumbai
2597,7440571a-841a-11ed-aa7c-7003bca91a86,stores,146,IT-0006,Safety Goggles (Clear),pcs,RECEIVE,17.10,17.10,pcs,113.77,22-Mar-2024 00:00,UTC,2024-03-22 00:00:00,Mumbai,PO-2024-8893,228b5256-5bd2-4bf3-826f-c6fe76571449,Received at Mumbai
2600,7440571a-841a-11ed-aa7c-7003bca91a86,stores,157,LU-0007,Stern Tube Oil,ltr,RECEIVE,33.08,33.08,ltr,300.16,22-Mar-2024 00:00,UTC,2024-03-22 00:00:00,Mumbai,PO-2024-6115,228b5256-5bd2-4bf3-826f-c6fe76571449,Received at Mumbai
2599,7440571a-841a-11ed-aa7c-7003bca91a86,stores,156,LU-0006,Gear Oil,ltr,RECEIVE,23.66,23.66,ltr,155.68,22-Mar-2024 00:00,UTC,2024-03-22 00:00:00,Mumbai,PO-2024-6303,228b5256-5bd2-4bf3-826f-c6fe76571449,Received at Mumbai
2607,7440571a-841a-11ed-aa7c-7003bca91a86,stores,177,OT-0007,"Bilges, chain lockers",ltr,RECEIVE,18.71,18.71,ltr,47.21,22-Mar-2024 00:00,UTC,2024-03-22 00:00:00,Mumbai,PO-2024-0642,228b5256-5bd2-4bf3-826f-c6fe76571449,Received at Mumbai
2601,7440571a-841a-11ed-aa7c-7003bca91a86,stores,158,LU-0008,Compressor Oil,ltr,RECEIVE,7.75,7.75,ltr,131.41,22-Mar-2024 00:00,UTC,2024-03-22 00:00:00,Mumbai,PO-2024-9001,228b5256-5bd2-4bf3-826f-c6fe76571449,Received at Mumbai
2602,7440571a-841a-11ed-aa7c-7003bca91a86,stores,159,LU-0009,Refrigeration Compressor Oil,ltr,RECEIVE,38.28,38.28,ltr,94.55,22-Mar-2024 00:00,UTC,2024-03-22 00:00:00,Mumbai,PO-2024-2956,228b5256-5bd2-4bf3-826f-c6fe76571449,Received at Mumbai
2608,7440571a-841a-11ed-aa7c-7003bca91a86,stores,151,LU-0001,Main Engine Cylinder Oil,ltr,RECEIVE,12.66,12.66,ltr,92.43,22-Mar-2024 00:00,UTC,2024-03-22 00:00:00,Mumbai,PO-2024-2412,228b5256-5bd2-4bf3-826f-c6fe76571449,Received at Mumbai
2598,7440571a-841a-11ed-aa7c-7003bca91a86,stores,154,LU-0004,Turbocharger Lube Oil,ltr,RECEIVE,27.70,27.70,ltr,149.04,22-Mar-2024 00:00,UTC,2024-03-22 00:00:00,Mumbai,PO-2024-6928,228b5256-5bd2-4bf3-826f-c6fe76571449,Received at Mumbai
3247,7440571a-841a-11ed-aa7c-7003bca91a86,lubes,151,LU-0001,Main Engine Cylinder Oil,ltr,CONSUME,-98.20,-98.20,ltr,0.00,21-Mar-2024 07:14,UTC,2024-03-21 07:14:00,,,480b40d0-04bd-4590-a936-2f879b867977,Daily cylinder oil consumption - 98.2 ltr
3246,7440571a-841a-11ed-aa7c-7003bca91a86,lubes,151,LU-0001,Main Engine Cylinder Oil,ltr,CONSUME,-70.10,-70.10,ltr,0.00,20-Mar-2024 07:12,UTC,2024-03-20 07:12:00,,,480b40d0-04bd-4590-a936-2f879b867977,Daily cylinder oil consumption - 70.1 ltr
3245,7440571a-841a-11ed-aa7c-7003bca91a86,lubes,151,LU-0001,Main Engine Cylinder Oil,ltr,CONSUME,-69.60,-69.60,ltr,0.00,19-Mar-2024 09:16,UTC,2024-03-19 09:16:00,,,6084f3b8-85dc-462a-b045-111d2b2e6d0e,Daily cylinder oil consumption - 69.6 ltr
3244,7440571a-841a-11ed-aa7c-7003bca91a86,lubes,151,LU-0001,Main Engine Cylinder Oil,ltr,CONSUME,-88.60,-88.60,ltr,0.00,18-Mar-2024 06:04,UTC,2024-03-18 06:04:00,,,228b5256-5bd2-4bf3-826f-c6fe76571449,Daily cylinder oil consumption - 88.6 ltr
1846,7440571a-841a-11ed-aa7c-7003bca91a86,chemicals,161,CH-0001,Fuel Oil Treatment Chemical,ltr,CONSUME,-1.03,-1.03,ltr,0.00,18-Mar-2024 00:00,UTC,2024-03-18 00:00:00,,,480b40d0-04bd-4590-a936-2f879b867977,Weekly chemical consumption
1847,7440571a-841a-11ed-aa7c-7003bca91a86,chemicals,162,CH-0002,Lube Oil Treatment Chemical,ltr,CONSUME,-0.31,-0.31,ltr,0.00,18-Mar-2024 00:00,UTC,2024-03-18 00:00:00,,,228b5256-5bd2-4bf3-826f-c6fe76571449,Weekly chemical consumption
1848,7440571a-841a-11ed-aa7c-7003bca91a86,chemicals,163,CH-0003,Boiler Water Treatment Chemical,ltr,CONSUME,-2.02,-2.02,ltr,0.00,18-Mar-2024 00:00,UTC,2024-03-18 00:00:00,,,480b40d0-04bd-4590-a936-2f879b867977,Weekly chemical consumption
1849,7440571a-841a-11ed-aa7c-7003bca91a86,chemicals,164,CH-0004,Cooling Water Treatment Chemical,ltr,CONSUME,-1.40,-1.40,ltr,0.00,18-Mar-2024 00:00,UTC,2024-03-18 00:00:00,,,480b40d0-04bd-4590-a936-2f879b867977,Weekly chemical consumption
1850,7440571a-841a-11ed-aa7c-7003bca91a86,chemicals,169,CH-0009,Sewage Treatment Plant Chemical,ltr,CONSUME,-1.06,-1.06,ltr,0.00,18-Mar-2024 00:00,UTC,2024-03-18 00:00:00,,,6084f3b8-85dc-462a-b045-111d2b2e6d0e,Weekly chemical consumption
3243,7440571a-841a-11ed-aa7c-7003bca91a86,lubes,151,LU-0001,Main Engine Cylinder Oil,ltr,CONSUME,-61.20,-61.20,ltr,0.00,17-Mar-2024 08:26,UTC,2024-03-17 08:26:00,,,056a433e-b880-43c6-9d59-b1cfe71a4014,Daily cylinder oil consumption - 61.2 ltr
3242,7440571a-841a-11ed-aa7c-7003bca91a86,lubes,151,LU-0001,Main Engine Cylinder Oil,ltr,CONSUME,-82.10,-82.10,ltr,0.00,16-Mar-2024 07:14,UTC,2024-03-16 07:14:00,,,056a433e-b880-43c6-9d59-b1cfe71a4014,Daily cylinder oil consumption - 82.1 ltr
3241,7440571a-841a-11ed-aa7c-7003bca91a86,lubes,151,LU-0001,Main Engine Cylinder Oil,ltr,CONSUME,-76.50,-76.50,ltr,0.00,15-Mar-2024 09:30,UTC,2024-03-15 09:30:00,,,6084f3b8-85dc-462a-b045-111d2b2e6d0e,Daily cylinder oil consumption - 76.5 ltr
1845,7440571a-841a-11ed-aa7c-7003bca91a86,stores,178,OT-0008,"Pipes, tanks, machinery",ltr,CONSUME,-3.04,-3.04,ltr,0.00,15-Mar-2024 00:00,UTC,2024-03-15 00:00:00,,,480b40d0-04bd-4590-a936-2f879b867977,General stores consumption
1840,7440571a-841a-11ed-aa7c-7003bca91a86,stores,142,IT-0002,Jeevan,pcs,CONSUME,-3.86,-3.86,pcs,0.00,15-Mar-2024 00:00,UTC,2024-03-15 00:00:00,,,480b40d0-04bd-4590-a936-2f879b867977,General stores consumption
1841,7440571a-841a-11ed-aa7c-7003bca91a86,stores,143,IT-0003,Grinding Wheel (Grinding Disc),pcs,CONSUME,-3.24,-3.24,pcs,0.00,15-Mar-2024 00:00,UTC,2024-03-15 00:00:00,,,056a433e-b880-43c6-9d59-b1cfe71a4014,General stores consumption
1842,7440571a-841a-11ed-aa7c-7003bca91a86,stores,149,IT-0009,Cotton Waste / Cleaning Rags,pcs,CONSUME,-2.33,-2.33,pcs,0.00,15-Mar-2024 00:00,UTC,2024-03-15 00:00:00,,,228b5256-5bd2-4bf3-826f-c6fe76571449,General stores consumption
1843,7440571a-841a-11ed-aa7c-7003bca91a86,stores,174,OT-0004,Waterline area,ltr,CONSUME,-1.69,-1.69,ltr,2.14,15-Mar-2024 00:00,UTC,2024-03-15 00:00:00,,,228b5256-5bd2-4bf3-826f-c6fe76571449,General stores consumption
1844,7440571a-841a-11ed-aa7c-7003bca91a86,stores,175,OT-0005,External structures,ltr,CONSUME,-3.08,-3.08,ltr,0.00,15-Mar-2024 00:00,UTC,2024-03-15 00:00:00,,,056a433e-b880-43c6-9d59-b1cfe71a4014,General stores consumption
3240,7440571a-841a-11ed-aa7c-7003bca91a86,lubes,151,LU-0001,Main Engine Cylinder Oil,ltr,CONSUME,-102.00,-102.00,ltr,0.00,14-Mar-2024 07:25,UTC,2024-03-14 07:25:00,,,6084f3b8-85dc-462a-b045-111d2b2e6d0e,Daily cylinder oil consumption - 102.0 ltr
4104,7440571a-841a-11ed-aa7c-7003bca91a86,chemicals,163,CH-0003,Boiler Water Treatment Chemical,ltr,RECEIVE,260.80,260.80,ltr,5860.60,13-Mar-2024 17:45,UTC,2024-03-13 17:45:00,Durban,PO-2024-0866,228b5256-5bd2-4bf3-826f-c6fe76571449,Received at Durban
3239,7440571a-841a-11ed-aa7c-7003bca91a86,lubes,151,LU-0001,Main Engine Cylinder Oil,ltr,CONSUME,-93.30,-93.30,ltr,0.00,13-Mar-2024 06:08,UTC,2024-03-13 06:08:00,,,6084f3b8-85dc-462a-b045-111d2b2e6d0e,Daily cylinder oil consumption - 93.3 ltr
3238,7440571a-841a-11ed-aa7c-7003bca91a86,lubes,151,LU-0001,Main Engine Cylinder Oil,ltr,CONSUME,-120.00,-120.00,ltr,0.00,12-Mar-2024 06:25,UTC,2024-03-12 06:25:00,,,480b40d0-04bd-4590-a936-2f879b867977,Daily cylinder oil consumption - 120.0 ltr
3237,7440571a-841a-11ed-aa7c-7003bca91a86,lubes,151,LU-0001,Main Engine Cylinder Oil,ltr,CONSUME,-89.40,-89.40,ltr,0.00,11-Mar-2024 09:28,UTC,2024-03-11 09:28:00,,,6084f3b8-85dc-462a-b045-111d2b2e6d0e,Daily cylinder oil consumption - 89.4 ltr
1839,7440571a-841a-11ed-aa7c-7003bca91a86,chemicals,164,CH-0004,Cooling Water Treatment Chemical,ltr,CONSUME,-1.30,-1.30,ltr,0.00,11-Mar-2024 00:00,UTC,2024-03-11 00:00:00,,,228b5256-5bd2-4bf3-826f-c6fe76571449,Weekly chemical consumption
3966,7440571a-841a-11ed-aa7c-7003bca91a86,lubes,153,LU-0003,Auxiliary Engine Lube Oil,ltr,CONSUME,-167.80,-167.80,ltr,2698.10,10-Mar-2024 13:36,UTC,2024-03-10 13:36:00,,,056a433e-b880-43c6-9d59-b1cfe71a4014,Monthly AE lube oil top-up - 167.8 ltr
3965,7440571a-841a-11ed-aa7c-7003bca91a86,lubes,152,LU-0002,Main Engine System Oil,ltr,CONSUME,-203.70,-203.70,ltr,2492.80,10-Mar-2024 13:36,UTC,2024-03-10 13:36:00,,,228b5256-5bd2-4bf3-826f-c6fe76571449,Monthly ME system oil top-up - 203.7 ltr
3236,7440571a-841a-11ed-aa7c-7003bca91a86,lubes,151,LU-0001,Main Engine Cylinder Oil,ltr,CONSUME,-113.20,-113.20,ltr,0.00,10-Mar-2024 06:50,UTC,2024-03-10 06:50:00,,,056a433e-b880-43c6-9d59-b1cfe71a4014,Daily cylinder oil consumption - 113.2 ltr
3235,7440571a-841a-11ed-aa7c-7003bca91a86,lubes,151,LU-0001,Main Engine Cylinder Oil,ltr,CONSUME,-78.80,-78.80,ltr,0.00,09-Mar-2024 07:40,UTC,2024-03-09 07:40:00,,,056a433e-b880-43c6-9d59-b1cfe71a4014,Daily cylinder oil consumption - 78.8 ltr
3234,7440571a-841a-11ed-aa7c-7003bca91a86,lubes,151,LU-0001,Main Engine Cylinder Oil,ltr,CONSUME,-111.50,-111.50,ltr,0.00,08-Mar-2024 09:47,UTC,2024-03-08 09:47:00,,,6084f3b8-85dc-462a-b045-111d2b2e6d0e,Daily cylinder oil consumption - 111.5 ltr
3233,7440571a-841a-11ed-aa7c-7003bca91a86,lubes,151,LU-0001,Main Engine Cylinder Oil,ltr,CONSUME,-87.70,-87.70,ltr,0.00,07-Mar-2024 08:52,UTC,2024-03-07 08:52:00,,,056a433e-b880-43c6-9d59-b1cfe71a4014,Daily cylinder oil consumption - 87.7 ltr
3232,7440571a-841a-11ed-aa7c-7003bca91a86,lubes,151,LU-0001,Main Engine Cylinder Oil,ltr,CONSUME,-103.50,-103.50,ltr,0.00,06-Mar-2024 06:47,UTC,2024-03-06 06:47:00,,,056a433e-b880-43c6-9d59-b1cfe71a4014,Daily cylinder oil consumption - 103.5 ltr
3231,7440571a-841a-11ed-aa7c-7003bca91a86,lubes,151,LU-0001,Main Engine Cylinder Oil,ltr,CONSUME,-120.00,-120.00,ltr,0.00,05-Mar-2024 08:54,UTC,2024-03-05 08:54:00,,,480b40d0-04bd-4590-a936-2f879b867977,Daily cylinder oil consumption - 120.0 ltr
3230,7440571a-841a-11ed-aa7c-7003bca91a86,lubes,151,LU-0001,Main Engine Cylinder Oil,ltr,CONSUME,-76.70,-76.70,ltr,0.00,04-Mar-2024 09:13,UTC,2024-03-04 09:13:00,,,6084f3b8-85dc-462a-b045-111d2b2e6d0e,Daily cylinder oil consumption - 76.7 ltr
1836,7440571a-841a-11ed-aa7c-7003bca91a86,chemicals,165,CH-0005,Potable Water Chlorination Chemical,ltr,CONSUME,-0.40,-0.40,ltr,0.00,04-Mar-2024 00:00,UTC,2024-03-04 00:00:00,,,228b5256-5bd2-4bf3-826f-c6fe76571449,Weekly chemical consumption
1838,7440571a-841a-11ed-aa7c-7003bca91a86,chemicals,169,CH-0009,Sewage Treatment Plant Chemical,ltr,CONSUME,-0.91,-0.91,ltr,0.00,04-Mar-2024 00:00,UTC,2024-03-04 00:00:00,,,056a433e-b880-43c6-9d59-b1cfe71a4014,Weekly chemical consumption
1837,7440571a-841a-11ed-aa7c-7003bca91a86,chemicals,167,CH-0007,Degreasing Chemical,ltr,CONSUME,-1.97,-1.97,ltr,0.00,04-Mar-2024 00:00,UTC,2024-03-04 00:00:00,,,228b5256-5bd2-4bf3-826f-c6fe76571449,Weekly chemical consumption
1835,7440571a-841a-11ed-aa7c-7003bca91a86,chemicals,163,CH-0003,Boiler Water Treatment Chemical,ltr,CONSUME,-1.81,-1.81,ltr,0.00,04-Mar-2024 00:00,UTC,2024-03-04 00:00:00,,,228b5256-5bd2-4bf3-826f-c6fe76571449,Weekly chemical consumption
3229,7440571a-841a-11ed-aa7c-7003bca91a86,lubes,151,LU-0001,Main Engine Cylinder Oil,ltr,CONSUME,-104.50,-104.50,ltr,0.00,03-Mar-2024 09:42,UTC,2024-03-03 09:42:00,,,6084f3b8-85dc-462a-b045-111d2b2e6d0e,Daily cylinder oil consumption - 104.5 ltr
3228,7440571a-841a-11ed-aa7c-7003bca91a86,lubes,151,LU-0001,Main Engine Cylinder Oil,ltr,CONSUME,-78.70,-78.70,ltr,0.00,02-Mar-2024 09:29,UTC,2024-03-02 09:29:00,,,480b40d0-04bd-4590-a936-2f879b867977,Daily cylinder oil consumption - 78.7 ltr
3227,7440571a-841a-11ed-aa7c-7003bca91a86,lubes,151,LU-0001,Main Engine Cylinder Oil,ltr,CONSUME,-81.20,-81.20,ltr,0.00,01-Mar-2024 07:06,UTC,2024-03-01 07:06:00,,,228b5256-5bd2-4bf3-826f-c6fe76571449,Daily cylinder oil consumption - 81.2 ltr
1834,7440571a-841a-11ed-aa7c-7003bca91a86,stores,180,OT-0010,"Pipelines, safety markings",ltr,CONSUME,-1.71,-1.71,ltr,0.00,01-Mar-2024 00:00,UTC,2024-03-01 00:00:00,,,480b40d0-04bd-4590-a936-2f879b867977,General stores consumption
1831,7440571a-841a-11ed-aa7c-7003bca91a86,stores,142,IT-0002,Jeevan,pcs,CONSUME,-2.12,-2.12,pcs,0.00,01-Mar-2024 00:00,UTC,2024-03-01 00:00:00,,,228b5256-5bd2-4bf3-826f-c6fe76571449,General stores consumption
1832,7440571a-841a-11ed-aa7c-7003bca91a86,stores,171,OT-0001,Steel surface protection,ltr,CONSUME,-3.54,-3.54,ltr,0.00,01-Mar-2024 00:00,UTC,2024-03-01 00:00:00,,,228b5256-5bd2-4bf3-826f-c6fe76571449,General stores consumption
1833,7440571a-841a-11ed-aa7c-7003bca91a86,stores,178,OT-0008,"Pipes, tanks, machinery",ltr,CONSUME,-2.63,-2.63,ltr,0.00,01-Mar-2024 00:00,UTC,2024-03-01 00:00:00,,,228b5256-5bd2-4bf3-826f-c6fe76571449,General stores consumption
3226,7440571a-841a-11ed-aa7c-7003bca91a86,lubes,151,LU-0001,Main Engine Cylinder Oil,ltr,CONSUME,-93.60,-93.60,ltr,0.00,29-Feb-2024 07:59,UTC,2024-02-29 07:59:00,,,480b40d0-04bd-4590-a936-2f879b867977,Daily cylinder oil consumption - 93.6 ltr
3225,7440571a-841a-11ed-aa7c-7003bca91a86,lubes,151,LU-0001,Main Engine Cylinder Oil,ltr,CONSUME,-70.90,-70.90,ltr,0.00,28-Feb-2024 09:03,UTC,2024-02-28 09:03:00,,,056a433e-b880-43c6-9d59-b1cfe71a4014,Daily cylinder oil consumption - 70.9 ltr
3224,7440571a-841a-11ed-aa7c-7003bca91a86,lubes,151,LU-0001,Main Engine Cylinder Oil,ltr,CONSUME,-120.00,-120.00,ltr,0.00,27-Feb-2024 06:12,UTC,2024-02-27 06:12:00,,,6084f3b8-85dc-462a-b045-111d2b2e6d0e,Daily cylinder oil consumption - 120.0 ltr
3223,7440571a-841a-11ed-aa7c-7003bca91a86,lubes,151,LU-0001,Main Engine Cylinder Oil,ltr,CONSUME,-115.80,-115.80,ltr,0.00,26-Feb-2024 06:49,UTC,2024-02-26 06:49:00,,,480b40d0-04bd-4590-a936-2f879b867977,Daily cylinder oil consumption - 115.8 ltr
1829,7440571a-841a-11ed-aa7c-7003bca91a86,chemicals,167,CH-0007,Degreasing Chemical,ltr,CONSUME,-0.57,-0.57,ltr,0.00,26-Feb-2024 00:00,UTC,2024-02-26 00:00:00,,,228b5256-5bd2-4bf3-826f-c6fe76571449,Weekly chemical consumption
1828,7440571a-841a-11ed-aa7c-7003bca91a86,chemicals,166,CH-0006,Tank Cleaning Chemical (Alkaline),ltr,CONSUME,-1.09,-1.09,ltr,0.00,26-Feb-2024 00:00,UTC,2024-02-26 00:00:00,,,6084f3b8-85dc-462a-b045-111d2b2e6d0e,Weekly chemical consumption
1830,7440571a-841a-11ed-aa7c-7003bca91a86,chemicals,168,CH-0008,Rust Remover / Descaling Chemical,ltr,CONSUME,-1.83,-1.83,ltr,0.00,26-Feb-2024 00:00,UTC,2024-02-26 00:00:00,,,056a433e-b880-43c6-9d59-b1cfe71a4014,Weekly chemical consumption
1825,7440571a-841a-11ed-aa7c-7003bca91a86,chemicals,161,CH-0001,Fuel Oil Treatment Chemical,ltr,CONSUME,-0.92,-0.92,ltr,0.00,26-Feb-2024 00:00,UTC,2024-02-26 00:00:00,,,228b5256-5bd2-4bf3-826f-c6fe76571449,Weekly chemical consumption
1826,7440571a-841a-11ed-aa7c-7003bca91a86,chemicals,163,CH-0003,Boiler Water Treatment Chemical,ltr,CONSUME,-1.00,-1.00,ltr,0.00,26-Feb-2024 00:00,UTC,2024-02-26 00:00:00,,,6084f3b8-85dc-462a-b045-111d2b2e6d0e,Weekly chemical consumption
1827,7440571a-841a-11ed-aa7c-7003bca91a86,chemicals,165,CH-0005,Potable Water Chlorination Chemical,ltr,CONSUME,-0.33,-0.33,ltr,0.00,26-Feb-2024 00:00,UTC,2024-02-26 00:00:00,,,6084f3b8-85dc-462a-b045-111d2b2e6d0e,Weekly chemical consumption
3222,7440571a-841a-11ed-aa7c-7003bca91a86,lubes,151,LU-0001,Main Engine Cylinder Oil,ltr,CONSUME,-96.10,-96.10,ltr,0.00,25-Feb-2024 06:18,UTC,2024-02-25 06:18:00,,,056a433e-b880-43c6-9d59-b1cfe71a4014,Daily cylinder oil consumption - 96.1 ltr
3221,7440571a-841a-11ed-aa7c-7003bca91a86,lubes,151,LU-0001,Main Engine Cylinder Oil,ltr,CONSUME,-79.40,-79.40,ltr,0.00,24-Feb-2024 08:35,UTC,2024-02-24 08:35:00,,,228b5256-5bd2-4bf3-826f-c6fe76571449,Daily cylinder oil consumption - 79.4 ltr
3220,7440571a-841a-11ed-aa7c-7003bca91a86,lubes,151,LU-0001,Main Engine Cylinder Oil,ltr,CONSUME,-98.80,-98.80,ltr,0.00,23-Feb-2024 08:43,UTC,2024-02-23 08:43:00,,,228b5256-5bd2-4bf3-826f-c6fe76571449,Daily cylinder oil consumption - 98.8 ltr
3219,7440571a-841a-11ed-aa7c-7003bca91a86,lubes,151,LU-0001,Main Engine Cylinder Oil,ltr,CONSUME,-120.00,-120.00,ltr,0.00,22-Feb-2024 07:55,UTC,2024-02-22 07:55:00,,,480b40d0-04bd-4590-a936-2f879b867977,Daily cylinder oil consumption - 120.0 ltr
3218,7440571a-841a-11ed-aa7c-7003bca91a86,lubes,151,LU-0001,Main Engine Cylinder Oil,ltr,CONSUME,-84.20,-84.20,ltr,0.00,21-Feb-2024 09:10,UTC,2024-02-21 09:10:00,,,6084f3b8-85dc-462a-b045-111d2b2e6d0e,Daily cylinder oil consumption - 84.2 ltr
3217,7440571a-841a-11ed-aa7c-7003bca91a86,lubes,151,LU-0001,Main Engine Cylinder Oil,ltr,CONSUME,-103.20,-103.20,ltr,0.00,20-Feb-2024 07:26,UTC,2024-02-20 07:26:00,,,480b40d0-04bd-4590-a936-2f879b867977,Daily cylinder oil consumption - 103.2 ltr
3216,7440571a-841a-11ed-aa7c-7003bca91a86,lubes,151,LU-0001,Main Engine Cylinder Oil,ltr,CONSUME,-98.90,-98.90,ltr,0.00,19-Feb-2024 08:52,UTC,2024-02-19 08:52:00,,,480b40d0-04bd-4590-a936-2f879b867977,Daily cylinder oil consumption - 98.9 ltr
1821,7440571a-841a-11ed-aa7c-7003bca91a86,chemicals,162,CH-0002,Lube Oil Treatment Chemical,ltr,CONSUME,-2.00,-2.00,ltr,0.00,19-Feb-2024 00:00,UTC,2024-02-19 00:00:00,,,480b40d0-04bd-4590-a936-2f879b867977,Weekly chemical consumption
1824,7440571a-841a-11ed-aa7c-7003bca91a86,chemicals,168,CH-0008,Rust Remover / Descaling Chemical,ltr,CONSUME,-0.25,-0.25,ltr,0.00,19-Feb-2024 00:00,UTC,2024-02-19 00:00:00,,,228b5256-5bd2-4bf3-826f-c6fe76571449,Weekly chemical consumption
1823,7440571a-841a-11ed-aa7c-7003bca91a86,chemicals,167,CH-0007,Degreasing Chemical,ltr,CONSUME,-0.94,-0.94,ltr,0.00,19-Feb-2024 00:00,UTC,2024-02-19 00:00:00,,,6084f3b8-85dc-462a-b045-111d2b2e6d0e,Weekly chemical consumption
1822,7440571a-841a-11ed-aa7c-7003bca91a86,chemicals,164,CH-0004,Cooling Water Treatment Chemical,ltr,CONSUME,-1.19,-1.19,ltr,0.00,19-Feb-2024 00:00,UTC,2024-02-19 00:00:00,,,6084f3b8-85dc-462a-b045-111d2b2e6d0e,Weekly chemical consumption
3963,7440571a-841a-11ed-aa7c-7003bca91a86,lubes,152,LU-0002,Main Engine System Oil,ltr,CONSUME,-192.30,-192.30,ltr,2696.50,18-Feb-2024 12:27,UTC,2024-02-18 12:27:00,,,228b5256-5bd2-4bf3-826f-c6fe76571449,Monthly ME system oil top-up - 192.3 ltr
3964,7440571a-841a-11ed-aa7c-7003bca91a86,lubes,153,LU-0003,Auxiliary Engine Lube Oil,ltr,CONSUME,-107.80,-107.80,ltr,2865.90,18-Feb-2024 12:27,UTC,2024-02-18 12:27:00,,,056a433e-b880-43c6-9d59-b1cfe71a4014,Monthly AE lube oil top-up - 107.8 ltr
3215,7440571a-841a-11ed-aa7c-7003bca91a86,lubes,151,LU-0001,Main Engine Cylinder Oil,ltr,CONSUME,-74.20,-74.20,ltr,0.00,18-Feb-2024 08:10,UTC,2024-02-18 08:10:00,,,228b5256-5bd2-4bf3-826f-c6fe76571449,Daily cylinder oil consumption - 74.2 ltr
2587,7440571a-841a-11ed-aa7c-7003bca91a86,stores,147,IT-0007,Ear Plugs (Disposable),pcs,RECEIVE,38.65,38.65,pcs,147.97,18-Feb-2024 00:00,UTC,2024-02-18 00:00:00,Rotterdam,PO-2024-1858,228b5256-5bd2-4bf3-826f-c6fe76571449,Received at Rotterdam
2588,7440571a-841a-11ed-aa7c-7003bca91a86,stores,149,IT-0009,Cotton Waste / Cleaning Rags,pcs,RECEIVE,40.43,40.43,pcs,150.53,18-Feb-2024 00:00,UTC,2024-02-18 00:00:00,Rotterdam,PO-2024-3145,228b5256-5bd2-4bf3-826f-c6fe76571449,Received at Rotterdam
2589,7440571a-841a-11ed-aa7c-7003bca91a86,stores,150,IT-0010,Emery Paper / Abrasive Sheet,pcs,RECEIVE,42.91,42.91,pcs,89.95,18-Feb-2024 00:00,UTC,2024-02-18 00:00:00,Rotterdam,PO-2024-5568,228b5256-5bd2-4bf3-826f-c6fe76571449,Received at Rotterdam
2590,7440571a-841a-11ed-aa7c-7003bca91a86,stores,153,LU-0003,Auxiliary Engine Lube Oil,ltr,RECEIVE,10.89,10.89,ltr,58.08,18-Feb-2024 00:00,UTC,2024-02-18 00:00:00,Rotterdam,PO-2024-5366,228b5256-5bd2-4bf3-826f-c6fe76571449,Received at Rotterdam
2591,7440571a-841a-11ed-aa7c-7003bca91a86,stores,154,LU-0004,Turbocharger Lube Oil,ltr,RECEIVE,10.89,10.89,ltr,121.34,18-Feb-2024 00:00,UTC,2024-02-18 00:00:00,Rotterdam,PO-2024-6605,228b5256-5bd2-4bf3-826f-c6fe76571449,Received at Rotterdam
2592,7440571a-841a-11ed-aa7c-7003bca91a86,stores,158,LU-0008,Compressor Oil,ltr,RECEIVE,12.20,12.20,ltr,123.66,18-Feb-2024 00:00,UTC,2024-02-18 00:00:00,Rotterdam,PO-2024-7578,228b5256-5bd2-4bf3-826f-c6fe76571449,Received at Rotterdam
2593,7440571a-841a-11ed-aa7c-7003bca91a86,stores,160,LU-0010,Multipurpose Grease,ltr,RECEIVE,25.17,25.17,ltr,154.66,18-Feb-2024 00:00,UTC,2024-02-18 00:00:00,Rotterdam,PO-2024-2094,228b5256-5bd2-4bf3-826f-c6fe76571449,Received at Rotterdam
2594,7440571a-841a-11ed-aa7c-7003bca91a86,chemicals,168,CH-0008,Rust Remover / Descaling Chemical,ltr,RECEIVE,6.08,6.08,ltr,50.07,18-Feb-2024 00:00,UTC,2024-02-18 00:00:00,Rotterdam,PO-2024-8565,228b5256-5bd2-4bf3-826f-c6fe76571449,Received at Rotterdam
2595,7440571a-841a-11ed-aa7c-7003bca91a86,stores,175,OT-0005,External structures,ltr,RECEIVE,42.37,42.37,ltr,42.37,18-Feb-2024 00:00,UTC,2024-02-18 00:00:00,Rotterdam,PO-2024-7868,228b5256-5bd2-4bf3-826f-c6fe76571449,Received at Rotterdam
3214,7440571a-841a-11ed-aa7c-7003bca91a86,lubes,151,LU-0001,Main Engine Cylinder Oil,ltr,CONSUME,-79.80,-79.80,ltr,0.00,17-Feb-2024 08:17,UTC,2024-02-17 08:17:00,,,480b40d0-04bd-4590-a936-2f879b867977,Daily cylinder oil consumption - 79.8 ltr
4037,7440571a-841a-11ed-aa7c-7003bca91a86,chemicals,168,CH-0008,Rust Remover / Descaling Chemical,ltr,CONSUME,-32.80,-32.80,ltr,4877.30,16-Feb-2024 17:41,UTC,2024-02-16 17:41:00,,,056a433e-b880-43c6-9d59-b1cfe71a4014,Chemical consumption - Rust Remover / Descaling Chemical
3213,7440571a-841a-11ed-aa7c-7003bca91a86,lubes,151,LU-0001,Main Engine Cylinder Oil,ltr,CONSUME,-119.40,-119.40,ltr,0.00,16-Feb-2024 09:07,UTC,2024-02-16 09:07:00,,,228b5256-5bd2-4bf3-826f-c6fe76571449,Daily cylinder oil consumption - 119.4 ltr
3212,7440571a-841a-11ed-aa7c-7003bca91a86,lubes,151,LU-0001,Main Engine Cylinder Oil,ltr,CONSUME,-74.40,-74.40,ltr,0.00,15-Feb-2024 06:34,UTC,2024-02-15 06:34:00,,,056a433e-b880-43c6-9d59-b1cfe71a4014,Daily cylinder oil consumption - 74.4 ltr
1819,7440571a-841a-11ed-aa7c-7003bca91a86,stores,177,OT-0007,"Bilges, chain lockers",ltr,CONSUME,-2.94,-2.94,ltr,0.00,15-Feb-2024 00:00,UTC,2024-02-15 00:00:00,,,056a433e-b880-43c6-9d59-b1cfe71a4014,General stores consumption
1820,7440571a-841a-11ed-aa7c-7003bca91a86,stores,178,OT-0008,"Pipes, tanks, machinery",ltr,CONSUME,-1.51,-1.51,ltr,0.00,15-Feb-2024 00:00,UTC,2024-02-15 00:00:00,,,228b5256-5bd2-4bf3-826f-c6fe76571449,General stores consumption
1817,7440571a-841a-11ed-aa7c-7003bca91a86,stores,143,IT-0003,Grinding Wheel (Grinding Disc),pcs,CONSUME,-1.33,-1.33,pcs,0.00,15-Feb-2024 00:00,UTC,2024-02-15 00:00:00,,,228b5256-5bd2-4bf3-826f-c6fe76571449,General stores consumption
1818,7440571a-841a-11ed-aa7c-7003bca91a86,stores,148,IT-0008,Dust Mask / Respirator Mask,pcs,CONSUME,-2.65,-2.65,pcs,0.00,15-Feb-2024 00:00,UTC,2024-02-15 00:00:00,,,228b5256-5bd2-4bf3-826f-c6fe76571449,General stores consumption
3211,7440571a-841a-11ed-aa7c-7003bca91a86,lubes,151,LU-0001,Main Engine Cylinder Oil,ltr,CONSUME,-101.40,-101.40,ltr,0.00,14-Feb-2024 09:00,UTC,2024-02-14 09:00:00,,,056a433e-b880-43c6-9d59-b1cfe71a4014,Daily cylinder oil consumption - 101.4 ltr
3210,7440571a-841a-11ed-aa7c-7003bca91a86,lubes,151,LU-0001,Main Engine Cylinder Oil,ltr,CONSUME,-113.80,-113.80,ltr,0.00,13-Feb-2024 06:13,UTC,2024-02-13 06:13:00,,,228b5256-5bd2-4bf3-826f-c6fe76571449,Daily cylinder oil consumption - 113.8 ltr
3209,7440571a-841a-11ed-aa7c-7003bca91a86,lubes,151,LU-0001,Main Engine Cylinder Oil,ltr,CONSUME,-115.20,-115.20,ltr,0.00,12-Feb-2024 07:31,UTC,2024-02-12 07:31:00,,,056a433e-b880-43c6-9d59-b1cfe71a4014,Daily cylinder oil consumption - 115.2 ltr
1815,7440571a-841a-11ed-aa7c-7003bca91a86,chemicals,163,CH-0003,Boiler Water Treatment Chemical,ltr,CONSUME,-0.61,-0.61,ltr,0.00,12-Feb-2024 00:00,UTC,2024-02-12 00:00:00,,,480b40d0-04bd-4590-a936-2f879b867977,Weekly chemical consumption
1814,7440571a-841a-11ed-aa7c-7003bca91a86,chemicals,162,CH-0002,Lube Oil Treatment Chemical,ltr,CONSUME,-1.89,-1.89,ltr,0.00,12-Feb-2024 00:00,UTC,2024-02-12 00:00:00,,,056a433e-b880-43c6-9d59-b1cfe71a4014,Weekly chemical consumption
1816,7440571a-841a-11ed-aa7c-7003bca91a86,chemicals,170,CH-0010,Hand Cleaning Chemical (Industrial Soap),ltr,CONSUME,-1.36,-1.36,ltr,0.00,12-Feb-2024 00:00,UTC,2024-02-12 00:00:00,,,6084f3b8-85dc-462a-b045-111d2b2e6d0e,Weekly chemical consumption
3208,7440571a-841a-11ed-aa7c-7003bca91a86,lubes,151,LU-0001,Main Engine Cylinder Oil,ltr,CONSUME,-109.10,-109.10,ltr,0.00,11-Feb-2024 06:29,UTC,2024-02-11 06:29:00,,,6084f3b8-85dc-462a-b045-111d2b2e6d0e,Daily cylinder oil consumption - 109.1 ltr
3207,7440571a-841a-11ed-aa7c-7003bca91a86,lubes,151,LU-0001,Main Engine Cylinder Oil,ltr,CONSUME,-77.20,-77.20,ltr,0.00,10-Feb-2024 07:04,UTC,2024-02-10 07:04:00,,,056a433e-b880-43c6-9d59-b1cfe71a4014,Daily cylinder oil consumption - 77.2 ltr
3206,7440571a-841a-11ed-aa7c-7003bca91a86,lubes,151,LU-0001,Main Engine Cylinder Oil,ltr,CONSUME,-82.30,-82.30,ltr,0.00,09-Feb-2024 06:02,UTC,2024-02-09 06:02:00,,,6084f3b8-85dc-462a-b045-111d2b2e6d0e,Daily cylinder oil consumption - 82.3 ltr
3205,7440571a-841a-11ed-aa7c-7003bca91a86,lubes,151,LU-0001,Main Engine Cylinder Oil,ltr,CONSUME,-69.80,-69.80,ltr,0.00,08-Feb-2024 07:58,UTC,2024-02-08 07:58:00,,,6084f3b8-85dc-462a-b045-111d2b2e6d0e,Daily cylinder oil consumption - 69.8 ltr
3204,7440571a-841a-11ed-aa7c-7003bca91a86,lubes,151,LU-0001,Main Engine Cylinder Oil,ltr,CONSUME,-62.60,-62.60,ltr,0.00,07-Feb-2024 08:25,UTC,2024-02-07 08:25:00,,,056a433e-b880-43c6-9d59-b1cfe71a4014,Daily cylinder oil consumption - 62.6 ltr
3203,7440571a-841a-11ed-aa7c-7003bca91a86,lubes,151,LU-0001,Main Engine Cylinder Oil,ltr,CONSUME,-110.80,-110.80,ltr,0.00,06-Feb-2024 09:03,UTC,2024-02-06 09:03:00,,,056a433e-b880-43c6-9d59-b1cfe71a4014,Daily cylinder oil consumption - 110.8 ltr
3202,7440571a-841a-11ed-aa7c-7003bca91a86,lubes,151,LU-0001,Main Engine Cylinder Oil,ltr,CONSUME,-98.40,-98.40,ltr,0.00,05-Feb-2024 09:08,UTC,2024-02-05 09:08:00,,,056a433e-b880-43c6-9d59-b1cfe71a4014,Daily cylinder oil consumption - 98.4 ltr
1813,7440571a-841a-11ed-aa7c-7003bca91a86,chemicals,170,CH-0010,Hand Cleaning Chemical (Industrial Soap),ltr,CONSUME,-0.30,-0.30,ltr,0.00,05-Feb-2024 00:00,UTC,2024-02-05 00:00:00,,,480b40d0-04bd-4590-a936-2f879b867977,Weekly chemical consumption
1812,7440571a-841a-11ed-aa7c-7003bca91a86,chemicals,166,CH-0006,Tank Cleaning Chemical (Alkaline),ltr,CONSUME,-1.23,-1.23,ltr,0.00,05-Feb-2024 00:00,UTC,2024-02-05 00:00:00,,,6084f3b8-85dc-462a-b045-111d2b2e6d0e,Weekly chemical consumption
1811,7440571a-841a-11ed-aa7c-7003bca91a86,chemicals,163,CH-0003,Boiler Water Treatment Chemical,ltr,CONSUME,-0.57,-0.57,ltr,0.00,05-Feb-2024 00:00,UTC,2024-02-05 00:00:00,,,6084f3b8-85dc-462a-b045-111d2b2e6d0e,Weekly chemical consumption
1810,7440571a-841a-11ed-aa7c-7003bca91a86,chemicals,161,CH-0001,Fuel Oil Treatment Chemical,ltr,CONSUME,-1.00,-1.00,ltr,0.00,05-Feb-2024 00:00,UTC,2024-02-05 00:00:00,,,228b5256-5bd2-4bf3-826f-c6fe76571449,Weekly chemical consumption
3201,7440571a-841a-11ed-aa7c-7003bca91a86,lubes,151,LU-0001,Main Engine Cylinder Oil,ltr,CONSUME,-70.80,-70.80,ltr,0.00,04-Feb-2024 08:43,UTC,2024-02-04 08:43:00,,,6084f3b8-85dc-462a-b045-111d2b2e6d0e,Daily cylinder oil consumption - 70.8 ltr
4039,7440571a-841a-11ed-aa7c-7003bca91a86,chemicals,163,CH-0003,Boiler Water Treatment Chemical,ltr,CONSUME,-28.70,-28.70,ltr,4896.70,03-Feb-2024 16:08,UTC,2024-02-03 16:08:00,,,480b40d0-04bd-4590-a936-2f879b867977,Chemical consumption - Boiler Water Treatment Chemical
3200,7440571a-841a-11ed-aa7c-7003bca91a86,lubes,151,LU-0001,Main Engine Cylinder Oil,ltr,CONSUME,-97.30,-97.30,ltr,0.00,03-Feb-2024 06:52,UTC,2024-02-03 06:52:00,,,480b40d0-04bd-4590-a936-2f879b867977,Daily cylinder oil consumption - 97.3 ltr
3199,7440571a-841a-11ed-aa7c-7003bca91a86,lubes,151,LU-0001,Main Engine Cylinder Oil,ltr,CONSUME,-117.70,-117.70,ltr,0.00,02-Feb-2024 09:23,UTC,2024-02-02 09:23:00,,,228b5256-5bd2-4bf3-826f-c6fe76571449,Daily cylinder oil consumption - 117.7 ltr
3198,7440571a-841a-11ed-aa7c-7003bca91a86,lubes,151,LU-0001,Main Engine Cylinder Oil,ltr,CONSUME,-120.00,-120.00,ltr,0.00,01-Feb-2024 06:07,UTC,2024-02-01 06:07:00,,,480b40d0-04bd-4590-a936-2f879b867977,Daily cylinder oil consumption - 120.0 ltr
1807,7440571a-841a-11ed-aa7c-7003bca91a86,stores,175,OT-0005,External structures,ltr,CONSUME,-1.16,-1.16,ltr,0.00,01-Feb-2024 00:00,UTC,2024-02-01 00:00:00,,,228b5256-5bd2-4bf3-826f-c6fe76571449,General stores consumption
1808,7440571a-841a-11ed-aa7c-7003bca91a86,stores,178,OT-0008,"Pipes, tanks, machinery",ltr,CONSUME,-2.94,-2.94,ltr,0.00,01-Feb-2024 00:00,UTC,2024-02-01 00:00:00,,,056a433e-b880-43c6-9d59-b1cfe71a4014,General stores consumption
1809,7440571a-841a-11ed-aa7c-7003bca91a86,stores,141,IT-0001,Safety Gloves – Cotton,pcs,CONSUME,-2.78,-2.78,pcs,82.61,01-Feb-2024 00:00,UTC,2024-02-01 00:00:00,,,480b40d0-04bd-4590-a936-2f879b867977,General stores consumption
1806,7440571a-841a-11ed-aa7c-7003bca91a86,stores,173,OT-0003,Hull below waterline,ltr,CONSUME,-2.13,-2.13,ltr,0.00,01-Feb-2024 00:00,UTC,2024-02-01 00:00:00,,,6084f3b8-85dc-462a-b045-111d2b2e6d0e,General stores consumption
1803,7440571a-841a-11ed-aa7c-7003bca91a86,stores,143,IT-0003,Grinding Wheel (Grinding Disc),pcs,CONSUME,-1.52,-1.52,pcs,0.00,01-Feb-2024 00:00,UTC,2024-02-01 00:00:00,,,6084f3b8-85dc-462a-b045-111d2b2e6d0e,General stores consumption
1805,7440571a-841a-11ed-aa7c-7003bca91a86,stores,171,OT-0001,Steel surface protection,ltr,CONSUME,-2.65,-2.65,ltr,0.00,01-Feb-2024 00:00,UTC,2024-02-01 00:00:00,,,228b5256-5bd2-4bf3-826f-c6fe76571449,General stores consumption
1804,7440571a-841a-11ed-aa7c-7003bca91a86,stores,149,IT-0009,Cotton Waste / Cleaning Rags,pcs,CONSUME,-3.31,-3.31,pcs,0.00,01-Feb-2024 00:00,UTC,2024-02-01 00:00:00,,,228b5256-5bd2-4bf3-826f-c6fe76571449,General stores consumption
3197,7440571a-841a-11ed-aa7c-7003bca91a86,lubes,151,LU-0001,Main Engine Cylinder Oil,ltr,CONSUME,-115.20,-115.20,ltr,0.00,31-Jan-2024 07:05,UTC,2024-01-31 07:05:00,,,6084f3b8-85dc-462a-b045-111d2b2e6d0e,Daily cylinder oil consumption - 115.2 ltr
3196,7440571a-841a-11ed-aa7c-7003bca91a86,lubes,151,LU-0001,Main Engine Cylinder Oil,ltr,CONSUME,-120.00,-120.00,ltr,0.00,30-Jan-2024 08:17,UTC,2024-01-30 08:17:00,,,228b5256-5bd2-4bf3-826f-c6fe76571449,Daily cylinder oil consumption - 120.0 ltr
4040,7440571a-841a-11ed-aa7c-7003bca91a86,chemicals,166,CH-0006,Tank Cleaning Chemical (Alkaline),ltr,CONSUME,-10.00,-10.00,ltr,4955.20,29-Jan-2024 09:23,UTC,2024-01-29 09:23:00,,,228b5256-5bd2-4bf3-826f-c6fe76571449,Chemical consumption - Tank Cleaning Chemical (Alkaline)
3195,7440571a-841a-11ed-aa7c-7003bca91a86,lubes,151,LU-0001,Main Engine Cylinder Oil,ltr,CONSUME,-120.00,-120.00,ltr,0.00,29-Jan-2024 08:24,UTC,2024-01-29 08:24:00,,,056a433e-b880-43c6-9d59-b1cfe71a4014,Daily cylinder oil consumption - 120.0 ltr
1798,7440571a-841a-11ed-aa7c-7003bca91a86,chemicals,163,CH-0003,Boiler Water Treatment Chemical,ltr,CONSUME,-1.28,-1.28,ltr,0.00,29-Jan-2024 00:00,UTC,2024-01-29 00:00:00,,,228b5256-5bd2-4bf3-826f-c6fe76571449,Weekly chemical consumption
1802,7440571a-841a-11ed-aa7c-7003bca91a86,chemicals,170,CH-0010,Hand Cleaning Chemical (Industrial Soap),ltr,CONSUME,-0.65,-0.65,ltr,0.00,29-Jan-2024 00:00,UTC,2024-01-29 00:00:00,,,480b40d0-04bd-4590-a936-2f879b867977,Weekly chemical consumption
1801,7440571a-841a-11ed-aa7c-7003bca91a86,chemicals,167,CH-0007,Degreasing Chemical,ltr,CONSUME,-1.96,-1.96,ltr,0.00,29-Jan-2024 00:00,UTC,2024-01-29 00:00:00,,,480b40d0-04bd-4590-a936-2f879b867977,Weekly chemical consumption
1800,7440571a-841a-11ed-aa7c-7003bca91a86,chemicals,165,CH-0005,Potable Water Chlorination Chemical,ltr,CONSUME,-0.99,-0.99,ltr,0.00,29-Jan-2024 00:00,UTC,2024-01-29 00:00:00,,,228b5256-5bd2-4bf3-826f-c6fe76571449,Weekly chemical consumption
1799,7440571a-841a-11ed-aa7c-7003bca91a86,chemicals,164,CH-0004,Cooling Water Treatment Chemical,ltr,CONSUME,-1.31,-1.31,ltr,0.00,29-Jan-2024 00:00,UTC,2024-01-29 00:00:00,,,480b40d0-04bd-4590-a936-2f879b867977,Weekly chemical consumption
1797,7440571a-841a-11ed-aa7c-7003bca91a86,chemicals,161,CH-0001,Fuel Oil Treatment Chemical,ltr,CONSUME,-0.13,-0.13,ltr,0.00,29-Jan-2024 00:00,UTC,2024-01-29 00:00:00,,,480b40d0-04bd-4590-a936-2f879b867977,Weekly chemical consumption
3194,7440571a-841a-11ed-aa7c-7003bca91a86,lubes,151,LU-0001,Main Engine Cylinder Oil,ltr,CONSUME,-90.60,-90.60,ltr,0.00,28-Jan-2024 09:43,UTC,2024-01-28 09:43:00,,,228b5256-5bd2-4bf3-826f-c6fe76571449,Daily cylinder oil consumption - 90.6 ltr
3193,7440571a-841a-11ed-aa7c-7003bca91a86,lubes,151,LU-0001,Main Engine Cylinder Oil,ltr,CONSUME,-105.50,-105.50,ltr,0.00,27-Jan-2024 06:50,UTC,2024-01-27 06:50:00,,,480b40d0-04bd-4590-a936-2f879b867977,Daily cylinder oil consumption - 105.5 ltr
3192,7440571a-841a-11ed-aa7c-7003bca91a86,lubes,151,LU-0001,Main Engine Cylinder Oil,ltr,CONSUME,-86.40,-86.40,ltr,0.00,26-Jan-2024 07:05,UTC,2024-01-26 07:05:00,,,056a433e-b880-43c6-9d59-b1cfe71a4014,Daily cylinder oil consumption - 86.4 ltr
3191,7440571a-841a-11ed-aa7c-7003bca91a86,lubes,151,LU-0001,Main Engine Cylinder Oil,ltr,CONSUME,-89.60,-89.60,ltr,0.00,25-Jan-2024 07:48,UTC,2024-01-25 07:48:00,,,480b40d0-04bd-4590-a936-2f879b867977,Daily cylinder oil consumption - 89.6 ltr
4038,7440571a-841a-11ed-aa7c-7003bca91a86,chemicals,164,CH-0004,Cooling Water Treatment Chemical,ltr,CONSUME,-37.50,-37.50,ltr,4927.50,24-Jan-2024 16:27,UTC,2024-01-24 16:27:00,,,228b5256-5bd2-4bf3-826f-c6fe76571449,Chemical consumption - Cooling Water Treatment Chemical
3190,7440571a-841a-11ed-aa7c-7003bca91a86,lubes,151,LU-0001,Main Engine Cylinder Oil,ltr,CONSUME,-79.80,-79.80,ltr,0.00,24-Jan-2024 07:52,UTC,2024-01-24 07:52:00,,,6084f3b8-85dc-462a-b045-111d2b2e6d0e,Daily cylinder oil consumption - 79.8 ltr
3189,7440571a-841a-11ed-aa7c-7003bca91a86,lubes,151,LU-0001,Main Engine Cylinder Oil,ltr,CONSUME,-86.90,-86.90,ltr,0.00,23-Jan-2024 07:10,UTC,2024-01-23 07:10:00,,,228b5256-5bd2-4bf3-826f-c6fe76571449,Daily cylinder oil consumption - 86.9 ltr
3188,7440571a-841a-11ed-aa7c-7003bca91a86,lubes,151,LU-0001,Main Engine Cylinder Oil,ltr,CONSUME,-89.00,-89.00,ltr,0.00,22-Jan-2024 06:39,UTC,2024-01-22 06:39:00,,,056a433e-b880-43c6-9d59-b1cfe71a4014,Daily cylinder oil consumption - 89.0 ltr
1793,7440571a-841a-11ed-aa7c-7003bca91a86,chemicals,163,CH-0003,Boiler Water Treatment Chemical,ltr,CONSUME,-1.93,-1.93,ltr,0.00,22-Jan-2024 00:00,UTC,2024-01-22 00:00:00,,,056a433e-b880-43c6-9d59-b1cfe71a4014,Weekly chemical consumption
1794,7440571a-841a-11ed-aa7c-7003bca91a86,chemicals,164,CH-0004,Cooling Water Treatment Chemical,ltr,CONSUME,-0.94,-0.94,ltr,0.00,22-Jan-2024 00:00,UTC,2024-01-22 00:00:00,,,228b5256-5bd2-4bf3-826f-c6fe76571449,Weekly chemical consumption
1795,7440571a-841a-11ed-aa7c-7003bca91a86,chemicals,165,CH-0005,Potable Water Chlorination Chemical,ltr,CONSUME,-0.93,-0.93,ltr,0.00,22-Jan-2024 00:00,UTC,2024-01-22 00:00:00,,,228b5256-5bd2-4bf3-826f-c6fe76571449,Weekly chemical consumption
1796,7440571a-841a-11ed-aa7c-7003bca91a86,chemicals,169,CH-0009,Sewage Treatment Plant Chemical,ltr,CONSUME,-0.66,-0.66,ltr,0.00,22-Jan-2024 00:00,UTC,2024-01-22 00:00:00,,,480b40d0-04bd-4590-a936-2f879b867977,Weekly chemical consumption
4103,7440571a-841a-11ed-aa7c-7003bca91a86,chemicals,164,CH-0004,Cooling Water Treatment Chemical,ltr,RECEIVE,1633.50,1633.50,ltr,6866.40,21-Jan-2024 15:15,UTC,2024-01-21 15:15:00,Singapore,PO-2024-3219,228b5256-5bd2-4bf3-826f-c6fe76571449,Received at Singapore
3187,7440571a-841a-11ed-aa7c-7003bca91a86,lubes,151,LU-0001,Main Engine Cylinder Oil,ltr,CONSUME,-98.40,-98.40,ltr,0.00,21-Jan-2024 06:18,UTC,2024-01-21 06:18:00,,,056a433e-b880-43c6-9d59-b1cfe71a4014,Daily cylinder oil consumption - 98.4 ltr
3186,7440571a-841a-11ed-aa7c-7003bca91a86,lubes,151,LU-0001,Main Engine Cylinder Oil,ltr,CONSUME,-66.30,-66.30,ltr,0.00,20-Jan-2024 06:29,UTC,2024-01-20 06:29:00,,,480b40d0-04bd-4590-a936-2f879b867977,Daily cylinder oil consumption - 66.3 ltr
3185,7440571a-841a-11ed-aa7c-7003bca91a86,lubes,151,LU-0001,Main Engine Cylinder Oil,ltr,CONSUME,-71.60,-71.60,ltr,0.00,19-Jan-2024 06:29,UTC,2024-01-19 06:29:00,,,228b5256-5bd2-4bf3-826f-c6fe76571449,Daily cylinder oil consumption - 71.6 ltr
3184,7440571a-841a-11ed-aa7c-7003bca91a86,lubes,151,LU-0001,Main Engine Cylinder Oil,ltr,CONSUME,-90.10,-90.10,ltr,0.00,18-Jan-2024 06:52,UTC,2024-01-18 06:52:00,,,480b40d0-04bd-4590-a936-2f879b867977,Daily cylinder oil consumption - 90.1 ltr
3183,7440571a-841a-11ed-aa7c-7003bca91a86,lubes,151,LU-0001,Main Engine Cylinder Oil,ltr,CONSUME,-82.10,-82.10,ltr,0.00,17-Jan-2024 06:14,UTC,2024-01-17 06:14:00,,,6084f3b8-85dc-462a-b045-111d2b2e6d0e,Daily cylinder oil consumption - 82.1 ltr
3961,7440571a-841a-11ed-aa7c-7003bca91a86,lubes,152,LU-0002,Main Engine System Oil,ltr,CONSUME,-235.80,-235.80,ltr,2888.80,16-Jan-2024 12:09,UTC,2024-01-16 12:09:00,,,228b5256-5bd2-4bf3-826f-c6fe76571449,Monthly ME system oil top-up - 235.8 ltr
3962,7440571a-841a-11ed-aa7c-7003bca91a86,lubes,153,LU-0003,Auxiliary Engine Lube Oil,ltr,CONSUME,-220.90,-220.90,ltr,2973.70,16-Jan-2024 12:09,UTC,2024-01-16 12:09:00,,,056a433e-b880-43c6-9d59-b1cfe71a4014,Monthly AE lube oil top-up - 220.9 ltr
3182,7440571a-841a-11ed-aa7c-7003bca91a86,lubes,151,LU-0001,Main Engine Cylinder Oil,ltr,CONSUME,-81.20,-81.20,ltr,0.00,16-Jan-2024 09:44,UTC,2024-01-16 09:44:00,,,056a433e-b880-43c6-9d59-b1cfe71a4014,Daily cylinder oil consumption - 81.2 ltr
3181,7440571a-841a-11ed-aa7c-7003bca91a86,lubes,151,LU-0001,Main Engine Cylinder Oil,ltr,CONSUME,-74.50,-74.50,ltr,0.00,15-Jan-2024 08:09,UTC,2024-01-15 08:09:00,,,6084f3b8-85dc-462a-b045-111d2b2e6d0e,Daily cylinder oil consumption - 74.5 ltr
1784,7440571a-841a-11ed-aa7c-7003bca91a86,chemicals,165,CH-0005,Potable Water Chlorination Chemical,ltr,CONSUME,-0.36,-0.36,ltr,0.00,15-Jan-2024 00:00,UTC,2024-01-15 00:00:00,,,228b5256-5bd2-4bf3-826f-c6fe76571449,Weekly chemical consumption
1785,7440571a-841a-11ed-aa7c-7003bca91a86,chemicals,167,CH-0007,Degreasing Chemical,ltr,CONSUME,-2.03,-2.03,ltr,0.00,15-Jan-2024 00:00,UTC,2024-01-15 00:00:00,,,480b40d0-04bd-4590-a936-2f879b867977,Weekly chemical consumption
1786,7440571a-841a-11ed-aa7c-7003bca91a86,chemicals,169,CH-0009,Sewage Treatment Plant Chemical,ltr,CONSUME,-1.91,-1.91,ltr,0.00,15-Jan-2024 00:00,UTC,2024-01-15 00:00:00,,,056a433e-b880-43c6-9d59-b1cfe71a4014,Weekly chemical consumption
1787,7440571a-841a-11ed-aa7c-7003bca91a86,chemicals,170,CH-0010,Hand Cleaning Chemical (Industrial Soap),ltr,CONSUME,-1.94,-1.94,ltr,0.00,15-Jan-2024 00:00,UTC,2024-01-15 00:00:00,,,056a433e-b880-43c6-9d59-b1cfe71a4014,Weekly chemical consumption
1788,7440571a-841a-11ed-aa7c-7003bca91a86,stores,146,IT-0006,Safety Goggles (Clear),pcs,CONSUME,-3.89,-3.89,pcs,0.00,15-Jan-2024 00:00,UTC,2024-01-15 00:00:00,,,056a433e-b880-43c6-9d59-b1cfe71a4014,General stores consumption
1789,7440571a-841a-11ed-aa7c-7003bca91a86,stores,175,OT-0005,External structures,ltr,CONSUME,-2.70,-2.70,ltr,0.00,15-Jan-2024 00:00,UTC,2024-01-15 00:00:00,,,056a433e-b880-43c6-9d59-b1cfe71a4014,General stores consumption
1792,7440571a-841a-11ed-aa7c-7003bca91a86,stores,141,IT-0001,Safety Gloves – Cotton,pcs,CONSUME,-2.90,-2.90,pcs,85.39,15-Jan-2024 00:00,UTC,2024-01-15 00:00:00,,,480b40d0-04bd-4590-a936-2f879b867977,General stores consumption
1791,7440571a-841a-11ed-aa7c-7003bca91a86,stores,180,OT-0010,"Pipelines, safety markings",ltr,CONSUME,-2.70,-2.70,ltr,0.00,15-Jan-2024 00:00,UTC,2024-01-15 00:00:00,,,056a433e-b880-43c6-9d59-b1cfe71a4014,General stores consumption
1790,7440571a-841a-11ed-aa7c-7003bca91a86,stores,177,OT-0007,"Bilges, chain lockers",ltr,CONSUME,-3.30,-3.30,ltr,0.00,15-Jan-2024 00:00,UTC,2024-01-15 00:00:00,,,480b40d0-04bd-4590-a936-2f879b867977,General stores consumption
1781,7440571a-841a-11ed-aa7c-7003bca91a86,chemicals,162,CH-0002,Lube Oil Treatment Chemical,ltr,CONSUME,-0.52,-0.52,ltr,0.00,15-Jan-2024 00:00,UTC,2024-01-15 00:00:00,,,228b5256-5bd2-4bf3-826f-c6fe76571449,Weekly chemical consumption
1782,7440571a-841a-11ed-aa7c-7003bca91a86,chemicals,163,CH-0003,Boiler Water Treatment Chemical,ltr,CONSUME,-1.08,-1.08,ltr,0.00,15-Jan-2024 00:00,UTC,2024-01-15 00:00:00,,,480b40d0-04bd-4590-a936-2f879b867977,Weekly chemical consumption
1783,7440571a-841a-11ed-aa7c-7003bca91a86,chemicals,164,CH-0004,Cooling Water Treatment Chemical,ltr,CONSUME,-1.11,-1.11,ltr,0.00,15-Jan-2024 00:00,UTC,2024-01-15 00:00:00,,,6084f3b8-85dc-462a-b045-111d2b2e6d0e,Weekly chemical consumption
3180,7440571a-841a-11ed-aa7c-7003bca91a86,lubes,151,LU-0001,Main Engine Cylinder Oil,ltr,CONSUME,-115.60,-115.60,ltr,0.00,14-Jan-2024 06:04,UTC,2024-01-14 06:04:00,,,228b5256-5bd2-4bf3-826f-c6fe76571449,Daily cylinder oil consumption - 115.6 ltr
3179,7440571a-841a-11ed-aa7c-7003bca91a86,lubes,151,LU-0001,Main Engine Cylinder Oil,ltr,CONSUME,-70.80,-70.80,ltr,0.00,13-Jan-2024 06:37,UTC,2024-01-13 06:37:00,,,056a433e-b880-43c6-9d59-b1cfe71a4014,Daily cylinder oil consumption - 70.8 ltr
3178,7440571a-841a-11ed-aa7c-7003bca91a86,lubes,151,LU-0001,Main Engine Cylinder Oil,ltr,CONSUME,-97.80,-97.80,ltr,0.00,12-Jan-2024 08:39,UTC,2024-01-12 08:39:00,,,6084f3b8-85dc-462a-b045-111d2b2e6d0e,Daily cylinder oil consumption - 97.8 ltr
3177,7440571a-841a-11ed-aa7c-7003bca91a86,lubes,151,LU-0001,Main Engine Cylinder Oil,ltr,CONSUME,-99.20,-99.20,ltr,0.00,11-Jan-2024 07:46,UTC,2024-01-11 07:46:00,,,228b5256-5bd2-4bf3-826f-c6fe76571449,Daily cylinder oil consumption - 99.2 ltr
2583,7440571a-841a-11ed-aa7c-7003bca91a86,chemicals,170,CH-0010,Hand Cleaning Chemical (Industrial Soap),ltr,RECEIVE,12.97,12.97,ltr,147.47,11-Jan-2024 00:00,UTC,2024-01-11 00:00:00,Rotterdam,PO-2024-3133,228b5256-5bd2-4bf3-826f-c6fe76571449,Received at Rotterdam
2586,7440571a-841a-11ed-aa7c-7003bca91a86,stores,178,OT-0008,"Pipes, tanks, machinery",ltr,RECEIVE,37.56,37.56,ltr,124.58,11-Jan-2024 00:00,UTC,2024-01-11 00:00:00,Rotterdam,PO-2024-9298,228b5256-5bd2-4bf3-826f-c6fe76571449,Received at Rotterdam
2585,7440571a-841a-11ed-aa7c-7003bca91a86,stores,176,OT-0006,"Exhausts, boilers, pipelines",ltr,RECEIVE,46.99,46.99,ltr,104.92,11-Jan-2024 00:00,UTC,2024-01-11 00:00:00,Rotterdam,PO-2024-3350,228b5256-5bd2-4bf3-826f-c6fe76571449,Received at Rotterdam
2574,7440571a-841a-11ed-aa7c-7003bca91a86,stores,142,IT-0002,Jeevan,pcs,RECEIVE,29.39,29.39,pcs,29.39,11-Jan-2024 00:00,UTC,2024-01-11 00:00:00,Rotterdam,PO-2024-8765,228b5256-5bd2-4bf3-826f-c6fe76571449,Received at Rotterdam
2575,7440571a-841a-11ed-aa7c-7003bca91a86,stores,146,IT-0006,Safety Goggles (Clear),pcs,RECEIVE,11.13,11.13,pcs,96.67,11-Jan-2024 00:00,UTC,2024-01-11 00:00:00,Rotterdam,PO-2024-8514,228b5256-5bd2-4bf3-826f-c6fe76571449,Received at Rotterdam
2576,7440571a-841a-11ed-aa7c-7003bca91a86,stores,153,LU-0003,Auxiliary Engine Lube Oil,ltr,RECEIVE,24.23,24.23,ltr,47.19,11-Jan-2024 00:00,UTC,2024-01-11 00:00:00,Rotterdam,PO-2024-4845,228b5256-5bd2-4bf3-826f-c6fe76571449,Received at Rotterdam
2577,7440571a-841a-11ed-aa7c-7003bca91a86,stores,154,LU-0004,Turbocharger Lube Oil,ltr,RECEIVE,39.19,39.19,ltr,110.45,11-Jan-2024 00:00,UTC,2024-01-11 00:00:00,Rotterdam,PO-2024-2515,228b5256-5bd2-4bf3-826f-c6fe76571449,Received at Rotterdam
2578,7440571a-841a-11ed-aa7c-7003bca91a86,stores,155,LU-0005,Hydraulic Oil,ltr,RECEIVE,32.05,32.05,ltr,42.05,11-Jan-2024 00:00,UTC,2024-01-11 00:00:00,Rotterdam,PO-2024-8059,228b5256-5bd2-4bf3-826f-c6fe76571449,Received at Rotterdam
2579,7440571a-841a-11ed-aa7c-7003bca91a86,stores,156,LU-0006,Gear Oil,ltr,RECEIVE,33.55,33.55,ltr,132.02,11-Jan-2024 00:00,UTC,2024-01-11 00:00:00,Rotterdam,PO-2024-7347,228b5256-5bd2-4bf3-826f-c6fe76571449,Received at Rotterdam
2580,7440571a-841a-11ed-aa7c-7003bca91a86,stores,157,LU-0007,Stern Tube Oil,ltr,RECEIVE,45.59,45.59,ltr,267.08,11-Jan-2024 00:00,UTC,2024-01-11 00:00:00,Rotterdam,PO-2024-9690,228b5256-5bd2-4bf3-826f-c6fe76571449,Received at Rotterdam
2581,7440571a-841a-11ed-aa7c-7003bca91a86,chemicals,162,CH-0002,Lube Oil Treatment Chemical,ltr,RECEIVE,14.92,14.92,ltr,106.24,11-Jan-2024 00:00,UTC,2024-01-11 00:00:00,Rotterdam,PO-2024-0298,228b5256-5bd2-4bf3-826f-c6fe76571449,Received at Rotterdam
2584,7440571a-841a-11ed-aa7c-7003bca91a86,stores,173,OT-0003,Hull below waterline,ltr,RECEIVE,48.11,48.11,ltr,76.67,11-Jan-2024 00:00,UTC,2024-01-11 00:00:00,Rotterdam,PO-2024-5825,228b5256-5bd2-4bf3-826f-c6fe76571449,Received at Rotterdam
2582,7440571a-841a-11ed-aa7c-7003bca91a86,chemicals,165,CH-0005,Potable Water Chlorination Chemical,ltr,RECEIVE,13.19,13.19,ltr,96.34,11-Jan-2024 00:00,UTC,2024-01-11 00:00:00,Rotterdam,PO-2024-4690,228b5256-5bd2-4bf3-826f-c6fe76571449,Received at Rotterdam
3176,7440571a-841a-11ed-aa7c-7003bca91a86,lubes,151,LU-0001,Main Engine Cylinder Oil,ltr,CONSUME,-89.70,-89.70,ltr,0.00,10-Jan-2024 08:37,UTC,2024-01-10 08:37:00,,,228b5256-5bd2-4bf3-826f-c6fe76571449,Daily cylinder oil consumption - 89.7 ltr
3175,7440571a-841a-11ed-aa7c-7003bca91a86,lubes,151,LU-0001,Main Engine Cylinder Oil,ltr,CONSUME,-78.20,-78.20,ltr,0.00,09-Jan-2024 08:15,UTC,2024-01-09 08:15:00,,,6084f3b8-85dc-462a-b045-111d2b2e6d0e,Daily cylinder oil consumption - 78.2 ltr
3174,7440571a-841a-11ed-aa7c-7003bca91a86,lubes,151,LU-0001,Main Engine Cylinder Oil,ltr,CONSUME,-120.00,-120.00,ltr,0.00,08-Jan-2024 06:25,UTC,2024-01-08 06:25:00,,,056a433e-b880-43c6-9d59-b1cfe71a4014,Daily cylinder oil consumption - 120.0 ltr
1778,7440571a-841a-11ed-aa7c-7003bca91a86,chemicals,164,CH-0004,Cooling Water Treatment Chemical,ltr,CONSUME,-1.98,-1.98,ltr,0.00,08-Jan-2024 00:00,UTC,2024-01-08 00:00:00,,,228b5256-5bd2-4bf3-826f-c6fe76571449,Weekly chemical consumption
1777,7440571a-841a-11ed-aa7c-7003bca91a86,chemicals,161,CH-0001,Fuel Oil Treatment Chemical,ltr,CONSUME,-1.59,-1.59,ltr,0.00,08-Jan-2024 00:00,UTC,2024-01-08 00:00:00,,,6084f3b8-85dc-462a-b045-111d2b2e6d0e,Weekly chemical consumption
1780,7440571a-841a-11ed-aa7c-7003bca91a86,chemicals,169,CH-0009,Sewage Treatment Plant Chemical,ltr,CONSUME,-1.13,-1.13,ltr,0.00,08-Jan-2024 00:00,UTC,2024-01-08 00:00:00,,,6084f3b8-85dc-462a-b045-111d2b2e6d0e,Weekly chemical consumption
1779,7440571a-841a-11ed-aa7c-7003bca91a86,chemicals,166,CH-0006,Tank Cleaning Chemical (Alkaline),ltr,CONSUME,-0.64,-0.64,ltr,0.00,08-Jan-2024 00:00,UTC,2024-01-08 00:00:00,,,056a433e-b880-43c6-9d59-b1cfe71a4014,Weekly chemical consumption
3173,7440571a-841a-11ed-aa7c-7003bca91a86,lubes,151,LU-0001,Main Engine Cylinder Oil,ltr,CONSUME,-66.10,-66.10,ltr,0.00,07-Jan-2024 09:49,UTC,2024-01-07 09:49:00,,,6084f3b8-85dc-462a-b045-111d2b2e6d0e,Daily cylinder oil consumption - 66.1 ltr
3172,7440571a-841a-11ed-aa7c-7003bca91a86,lubes,151,LU-0001,Main Engine Cylinder Oil,ltr,CONSUME,-74.00,-74.00,ltr,0.00,06-Jan-2024 09:01,UTC,2024-01-06 09:01:00,,,6084f3b8-85dc-462a-b045-111d2b2e6d0e,Daily cylinder oil consumption - 74.0 ltr
3171,7440571a-841a-11ed-aa7c-7003bca91a86,lubes,151,LU-0001,Main Engine Cylinder Oil,ltr,CONSUME,-110.80,-110.80,ltr,0.00,05-Jan-2024 08:13,UTC,2024-01-05 08:13:00,,,228b5256-5bd2-4bf3-826f-c6fe76571449,Daily cylinder oil consumption - 110.8 ltr
3170,7440571a-841a-11ed-aa7c-7003bca91a86,lubes,151,LU-0001,Main Engine Cylinder Oil,ltr,CONSUME,-77.80,-77.80,ltr,0.00,04-Jan-2024 08:49,UTC,2024-01-04 08:49:00,,,6084f3b8-85dc-462a-b045-111d2b2e6d0e,Daily cylinder oil consumption - 77.8 ltr
3169,7440571a-841a-11ed-aa7c-7003bca91a86,lubes,151,LU-0001,Main Engine Cylinder Oil,ltr,CONSUME,-108.20,-108.20,ltr,0.00,03-Jan-2024 06:30,UTC,2024-01-03 06:30:00,,,228b5256-5bd2-4bf3-826f-c6fe76571449,Daily cylinder oil consumption - 108.2 ltr
3168,7440571a-841a-11ed-aa7c-7003bca91a86,lubes,151,LU-0001,Main Engine Cylinder Oil,ltr,CONSUME,-68.20,-68.20,ltr,0.00,02-Jan-2024 07:48,UTC,2024-01-02 07:48:00,,,056a433e-b880-43c6-9d59-b1cfe71a4014,Daily cylinder oil consumption - 68.2 ltr
3167,7440571a-841a-11ed-aa7c-7003bca91a86,lubes,151,LU-0001,Main Engine Cylinder Oil,ltr,CONSUME,-92.00,-92.00,ltr,0.00,01-Jan-2024 06:55,UTC,2024-01-01 06:55:00,,,056a433e-b880-43c6-9d59-b1cfe71a4014,Daily cylinder oil consumption - 92.0 ltr
1774,7440571a-841a-11ed-aa7c-7003bca91a86,chemicals,170,CH-0010,Hand Cleaning Chemical (Industrial Soap),ltr,CONSUME,-0.42,-0.42,ltr,0.00,01-Jan-2024 00:00,UTC,2024-01-01 00:00:00,,,056a433e-b880-43c6-9d59-b1cfe71a4014,Weekly chemical consumption
1776,7440571a-841a-11ed-aa7c-7003bca91a86,stores,141,IT-0001,Safety Gloves – Cotton,pcs,CONSUME,-1.87,-1.87,pcs,88.29,01-Jan-2024 00:00,UTC,2024-01-01 00:00:00,,,6084f3b8-85dc-462a-b045-111d2b2e6d0e,General stores consumption
1775,7440571a-841a-11ed-aa7c-7003bca91a86,stores,180,OT-0010,"Pipelines, safety markings",ltr,CONSUME,-2.00,-2.00,ltr,0.00,01-Jan-2024 00:00,UTC,2024-01-01 00:00:00,,,056a433e-b880-43c6-9d59-b1cfe71a4014,General stores consumption
1770,7440571a-841a-11ed-aa7c-7003bca91a86,chemicals,161,CH-0001,Fuel Oil Treatment Chemical,ltr,CONSUME,-0.76,-0.76,ltr,0.00,01-Jan-2024 00:00,UTC,2024-01-01 00:00:00,,,6084f3b8-85dc-462a-b045-111d2b2e6d0e,Weekly chemical consumption
1771,7440571a-841a-11ed-aa7c-7003bca91a86,chemicals,162,CH-0002,Lube Oil Treatment Chemical,ltr,CONSUME,-0.57,-0.57,ltr,0.00,01-Jan-2024 00:00,UTC,2024-01-01 00:00:00,,,6084f3b8-85dc-462a-b045-111d2b2e6d0e,Weekly chemical consumption
1772,7440571a-841a-11ed-aa7c-7003bca91a86,chemicals,166,CH-0006,Tank Cleaning Chemical (Alkaline),ltr,CONSUME,-2.10,-2.10,ltr,0.00,01-Jan-2024 00:00,UTC,2024-01-01 00:00:00,,,056a433e-b880-43c6-9d59-b1cfe71a4014,Weekly chemical consumption
1773,7440571a-841a-11ed-aa7c-7003bca91a86,chemicals,167,CH-0007,Degreasing Chemical,ltr,CONSUME,-1.26,-1.26,ltr,0.00,01-Jan-2024 00:00,UTC,2024-01-01 00:00:00,,,6084f3b8-85dc-462a-b045-111d2b2e6d0e,Weekly chemical consumption
3166,7440571a-841a-11ed-aa7c-7003bca91a86,lubes,151,LU-0001,Main Engine Cylinder Oil,ltr,CONSUME,-98.10,-98.10,ltr,0.00,31-Dec-2023 09:52,UTC,2023-12-31 09:52:00,,,6084f3b8-85dc-462a-b045-111d2b2e6d0e,Daily cylinder oil consumption - 98.1 ltr
3165,7440571a-841a-11ed-aa7c-7003bca91a86,lubes,151,LU-0001,Main Engine Cylinder Oil,ltr,CONSUME,-115.60,-115.60,ltr,0.00,30-Dec-2023 09:53,UTC,2023-12-30 09:53:00,,,228b5256-5bd2-4bf3-826f-c6fe76571449,Daily cylinder oil consumption - 115.6 ltr
3164,7440571a-841a-11ed-aa7c-7003bca91a86,lubes,151,LU-0001,Main Engine Cylinder Oil,ltr,CONSUME,-77.90,-77.90,ltr,0.00,29-Dec-2023 09:44,UTC,2023-12-29 09:44:00,,,480b40d0-04bd-4590-a936-2f879b867977,Daily cylinder oil consumption - 77.9 ltr
3163,7440571a-841a-11ed-aa7c-7003bca91a86,lubes,151,LU-0001,Main Engine Cylinder Oil,ltr,CONSUME,-81.60,-81.60,ltr,0.00,28-Dec-2023 07:10,UTC,2023-12-28 07:10:00,,,228b5256-5bd2-4bf3-826f-c6fe76571449,Daily cylinder oil consumption - 81.6 ltr
3162,7440571a-841a-11ed-aa7c-7003bca91a86,lubes,151,LU-0001,Main Engine Cylinder Oil,ltr,CONSUME,-109.90,-109.90,ltr,0.00,27-Dec-2023 07:45,UTC,2023-12-27 07:45:00,,,056a433e-b880-43c6-9d59-b1cfe71a4014,Daily cylinder oil consumption - 109.9 ltr
3161,7440571a-841a-11ed-aa7c-7003bca91a86,lubes,151,LU-0001,Main Engine Cylinder Oil,ltr,CONSUME,-65.10,-65.10,ltr,0.00,26-Dec-2023 07:05,UTC,2023-12-26 07:05:00,,,480b40d0-04bd-4590-a936-2f879b867977,Daily cylinder oil consumption - 65.1 ltr
3160,7440571a-841a-11ed-aa7c-7003bca91a86,lubes,151,LU-0001,Main Engine Cylinder Oil,ltr,CONSUME,-99.90,-99.90,ltr,0.00,25-Dec-2023 06:11,UTC,2023-12-25 06:11:00,,,228b5256-5bd2-4bf3-826f-c6fe76571449,Daily cylinder oil consumption - 99.9 ltr
1769,7440571a-841a-11ed-aa7c-7003bca91a86,chemicals,170,CH-0010,Hand Cleaning Chemical (Industrial Soap),ltr,CONSUME,-1.32,-1.32,ltr,0.00,25-Dec-2023 00:00,UTC,2023-12-25 00:00:00,,,6084f3b8-85dc-462a-b045-111d2b2e6d0e,Weekly chemical consumption
1768,7440571a-841a-11ed-aa7c-7003bca91a86,chemicals,169,CH-0009,Sewage Treatment Plant Chemical,ltr,CONSUME,-0.91,-0.91,ltr,0.00,25-Dec-2023 00:00,UTC,2023-12-25 00:00:00,,,6084f3b8-85dc-462a-b045-111d2b2e6d0e,Weekly chemical consumption
1765,7440571a-841a-11ed-aa7c-7003bca91a86,chemicals,161,CH-0001,Fuel Oil Treatment Chemical,ltr,CONSUME,-0.81,-0.81,ltr,0.00,25-Dec-2023 00:00,UTC,2023-12-25 00:00:00,,,6084f3b8-85dc-462a-b045-111d2b2e6d0e,Weekly chemical consumption
1767,7440571a-841a-11ed-aa7c-7003bca91a86,chemicals,163,CH-0003,Boiler Water Treatment Chemical,ltr,CONSUME,-0.26,-0.26,ltr,0.00,25-Dec-2023 00:00,UTC,2023-12-25 00:00:00,,,228b5256-5bd2-4bf3-826f-c6fe76571449,Weekly chemical consumption
1766,7440571a-841a-11ed-aa7c-7003bca91a86,chemicals,162,CH-0002,Lube Oil Treatment Chemical,ltr,CONSUME,-1.59,-1.59,ltr,0.00,25-Dec-2023 00:00,UTC,2023-12-25 00:00:00,,,056a433e-b880-43c6-9d59-b1cfe71a4014,Weekly chemical consumption
3159,7440571a-841a-11ed-aa7c-7003bca91a86,lubes,151,LU-0001,Main Engine Cylinder Oil,ltr,CONSUME,-64.10,-64.10,ltr,0.00,24-Dec-2023 09:49,UTC,2023-12-24 09:49:00,,,056a433e-b880-43c6-9d59-b1cfe71a4014,Daily cylinder oil consumption - 64.1 ltr
3158,7440571a-841a-11ed-aa7c-7003bca91a86,lubes,151,LU-0001,Main Engine Cylinder Oil,ltr,CONSUME,-105.70,-105.70,ltr,0.00,23-Dec-2023 08:55,UTC,2023-12-23 08:55:00,,,6084f3b8-85dc-462a-b045-111d2b2e6d0e,Daily cylinder oil consumption - 105.7 ltr
3157,7440571a-841a-11ed-aa7c-7003bca91a86,lubes,151,LU-0001,Main Engine Cylinder Oil,ltr,CONSUME,-91.90,-91.90,ltr,0.00,22-Dec-2023 07:47,UTC,2023-12-22 07:47:00,,,6084f3b8-85dc-462a-b045-111d2b2e6d0e,Daily cylinder oil consumption - 91.9 ltr
3156,7440571a-841a-11ed-aa7c-7003bca91a86,lubes,151,LU-0001,Main Engine Cylinder Oil,ltr,CONSUME,-100.60,-100.60,ltr,0.00,21-Dec-2023 08:42,UTC,2023-12-21 08:42:00,,,056a433e-b880-43c6-9d59-b1cfe71a4014,Daily cylinder oil consumption - 100.6 ltr
3155,7440571a-841a-11ed-aa7c-7003bca91a86,lubes,151,LU-0001,Main Engine Cylinder Oil,ltr,CONSUME,-120.00,-120.00,ltr,0.00,20-Dec-2023 06:11,UTC,2023-12-20 06:11:00,,,056a433e-b880-43c6-9d59-b1cfe71a4014,Daily cylinder oil consumption - 120.0 ltr
3154,7440571a-841a-11ed-aa7c-7003bca91a86,lubes,151,LU-0001,Main Engine Cylinder Oil,ltr,CONSUME,-91.90,-91.90,ltr,0.00,19-Dec-2023 09:35,UTC,2023-12-19 09:35:00,,,056a433e-b880-43c6-9d59-b1cfe71a4014,Daily cylinder oil consumption - 91.9 ltr
3960,7440571a-841a-11ed-aa7c-7003bca91a86,lubes,153,LU-0003,Auxiliary Engine Lube Oil,ltr,CONSUME,-167.30,-167.30,ltr,3194.60,18-Dec-2023 11:08,UTC,2023-12-18 11:08:00,,,056a433e-b880-43c6-9d59-b1cfe71a4014,Monthly AE lube oil top-up - 167.3 ltr
3959,7440571a-841a-11ed-aa7c-7003bca91a86,lubes,152,LU-0002,Main Engine System Oil,ltr,CONSUME,-264.00,-264.00,ltr,3124.60,18-Dec-2023 11:08,UTC,2023-12-18 11:08:00,,,228b5256-5bd2-4bf3-826f-c6fe76571449,Monthly ME system oil top-up - 264.0 ltr
3153,7440571a-841a-11ed-aa7c-7003bca91a86,lubes,151,LU-0001,Main Engine Cylinder Oil,ltr,CONSUME,-93.30,-93.30,ltr,0.00,18-Dec-2023 07:09,UTC,2023-12-18 07:09:00,,,6084f3b8-85dc-462a-b045-111d2b2e6d0e,Daily cylinder oil consumption - 93.3 ltr
1762,7440571a-841a-11ed-aa7c-7003bca91a86,chemicals,168,CH-0008,Rust Remover / Descaling Chemical,ltr,CONSUME,-1.25,-1.25,ltr,0.00,18-Dec-2023 00:00,UTC,2023-12-18 00:00:00,,,056a433e-b880-43c6-9d59-b1cfe71a4014,Weekly chemical consumption
1764,7440571a-841a-11ed-aa7c-7003bca91a86,chemicals,170,CH-0010,Hand Cleaning Chemical (Industrial Soap),ltr,CONSUME,-0.95,-0.95,ltr,0.00,18-Dec-2023 00:00,UTC,2023-12-18 00:00:00,,,6084f3b8-85dc-462a-b045-111d2b2e6d0e,Weekly chemical consumption
1761,7440571a-841a-11ed-aa7c-7003bca91a86,chemicals,163,CH-0003,Boiler Water Treatment Chemical,ltr,CONSUME,-1.98,-1.98,ltr,0.00,18-Dec-2023 00:00,UTC,2023-12-18 00:00:00,,,056a433e-b880-43c6-9d59-b1cfe71a4014,Weekly chemical consumption
1763,7440571a-841a-11ed-aa7c-7003bca91a86,chemicals,169,CH-0009,Sewage Treatment Plant Chemical,ltr,CONSUME,-0.24,-0.24,ltr,0.00,18-Dec-2023 00:00,UTC,2023-12-18 00:00:00,,,6084f3b8-85dc-462a-b045-111d2b2e6d0e,Weekly chemical consumption
3152,7440571a-841a-11ed-aa7c-7003bca91a86,lubes,151,LU-0001,Main Engine Cylinder Oil,ltr,CONSUME,-110.40,-110.40,ltr,0.00,17-Dec-2023 09:08,UTC,2023-12-17 09:08:00,,,228b5256-5bd2-4bf3-826f-c6fe76571449,Daily cylinder oil consumption - 110.4 ltr
3151,7440571a-841a-11ed-aa7c-7003bca91a86,lubes,151,LU-0001,Main Engine Cylinder Oil,ltr,CONSUME,-100.60,-100.60,ltr,0.00,16-Dec-2023 08:44,UTC,2023-12-16 08:44:00,,,6084f3b8-85dc-462a-b045-111d2b2e6d0e,Daily cylinder oil consumption - 100.6 ltr
4033,7440571a-841a-11ed-aa7c-7003bca91a86,chemicals,167,CH-0007,Degreasing Chemical,ltr,CONSUME,-27.60,-27.60,ltr,4943.10,15-Dec-2023 15:51,UTC,2023-12-15 15:51:00,,,480b40d0-04bd-4590-a936-2f879b867977,Chemical consumption - Degreasing Chemical
4036,7440571a-841a-11ed-aa7c-7003bca91a86,chemicals,168,CH-0008,Rust Remover / Descaling Chemical,ltr,CONSUME,-38.60,-38.60,ltr,4910.10,15-Dec-2023 15:08,UTC,2023-12-15 15:08:00,,,228b5256-5bd2-4bf3-826f-c6fe76571449,Chemical consumption - Rust Remover / Descaling Chemical
3150,7440571a-841a-11ed-aa7c-7003bca91a86,lubes,151,LU-0001,Main Engine Cylinder Oil,ltr,CONSUME,-112.00,-112.00,ltr,0.00,15-Dec-2023 06:23,UTC,2023-12-15 06:23:00,,,480b40d0-04bd-4590-a936-2f879b867977,Daily cylinder oil consumption - 112.0 ltr
1757,7440571a-841a-11ed-aa7c-7003bca91a86,stores,148,IT-0008,Dust Mask / Respirator Mask,pcs,CONSUME,-3.36,-3.36,pcs,0.00,15-Dec-2023 00:00,UTC,2023-12-15 00:00:00,,,056a433e-b880-43c6-9d59-b1cfe71a4014,General stores consumption
1756,7440571a-841a-11ed-aa7c-7003bca91a86,stores,144,IT-0004,Cutting Disc (Angle Grinder),pcs,CONSUME,-3.01,-3.01,pcs,0.00,15-Dec-2023 00:00,UTC,2023-12-15 00:00:00,,,056a433e-b880-43c6-9d59-b1cfe71a4014,General stores consumption
1755,7440571a-841a-11ed-aa7c-7003bca91a86,stores,143,IT-0003,Grinding Wheel (Grinding Disc),pcs,CONSUME,-2.60,-2.60,pcs,0.77,15-Dec-2023 00:00,UTC,2023-12-15 00:00:00,,,228b5256-5bd2-4bf3-826f-c6fe76571449,General stores consumption
1760,7440571a-841a-11ed-aa7c-7003bca91a86,stores,179,OT-0009,Weather decks,ltr,CONSUME,-3.91,-3.91,ltr,0.00,15-Dec-2023 00:00,UTC,2023-12-15 00:00:00,,,6084f3b8-85dc-462a-b045-111d2b2e6d0e,General stores consumption
1754,7440571a-841a-11ed-aa7c-7003bca91a86,stores,142,IT-0002,Jeevan,pcs,CONSUME,-1.50,-1.50,pcs,0.00,15-Dec-2023 00:00,UTC,2023-12-15 00:00:00,,,228b5256-5bd2-4bf3-826f-c6fe76571449,General stores consumption
1759,7440571a-841a-11ed-aa7c-7003bca91a86,stores,177,OT-0007,"Bilges, chain lockers",ltr,CONSUME,-2.11,-2.11,ltr,2.92,15-Dec-2023 00:00,UTC,2023-12-15 00:00:00,,,6084f3b8-85dc-462a-b045-111d2b2e6d0e,General stores consumption
1758,7440571a-841a-11ed-aa7c-7003bca91a86,stores,173,OT-0003,Hull below waterline,ltr,CONSUME,-2.54,-2.54,ltr,0.00,15-Dec-2023 00:00,UTC,2023-12-15 00:00:00,,,228b5256-5bd2-4bf3-826f-c6fe76571449,General stores consumption
3149,7440571a-841a-11ed-aa7c-7003bca91a86,lubes,151,LU-0001,Main Engine Cylinder Oil,ltr,CONSUME,-93.80,-93.80,ltr,0.00,14-Dec-2023 09:21,UTC,2023-12-14 09:21:00,,,228b5256-5bd2-4bf3-826f-c6fe76571449,Daily cylinder oil consumption - 93.8 ltr
4035,7440571a-841a-11ed-aa7c-7003bca91a86,chemicals,170,CH-0010,Hand Cleaning Chemical (Industrial Soap),ltr,CONSUME,-25.40,-25.40,ltr,4947.70,14-Dec-2023 08:54,UTC,2023-12-14 08:54:00,,,228b5256-5bd2-4bf3-826f-c6fe76571449,Chemical consumption - Hand Cleaning Chemical (Industrial Soap)
3148,7440571a-841a-11ed-aa7c-7003bca91a86,lubes,151,LU-0001,Main Engine Cylinder Oil,ltr,CONSUME,-114.50,-114.50,ltr,0.00,13-Dec-2023 06:50,UTC,2023-12-13 06:50:00,,,056a433e-b880-43c6-9d59-b1cfe71a4014,Daily cylinder oil consumption - 114.5 ltr
3147,7440571a-841a-11ed-aa7c-7003bca91a86,lubes,151,LU-0001,Main Engine Cylinder Oil,ltr,CONSUME,-97.10,-97.10,ltr,0.00,12-Dec-2023 09:43,UTC,2023-12-12 09:43:00,,,228b5256-5bd2-4bf3-826f-c6fe76571449,Daily cylinder oil consumption - 97.1 ltr
3146,7440571a-841a-11ed-aa7c-7003bca91a86,lubes,151,LU-0001,Main Engine Cylinder Oil,ltr,CONSUME,-108.10,-108.10,ltr,0.00,11-Dec-2023 09:12,UTC,2023-12-11 09:12:00,,,228b5256-5bd2-4bf3-826f-c6fe76571449,Daily cylinder oil consumption - 108.1 ltr
1751,7440571a-841a-11ed-aa7c-7003bca91a86,chemicals,161,CH-0001,Fuel Oil Treatment Chemical,ltr,CONSUME,-0.96,-0.96,ltr,0.00,11-Dec-2023 00:00,UTC,2023-12-11 00:00:00,,,480b40d0-04bd-4590-a936-2f879b867977,Weekly chemical consumption
1752,7440571a-841a-11ed-aa7c-7003bca91a86,chemicals,162,CH-0002,Lube Oil Treatment Chemical,ltr,CONSUME,-0.92,-0.92,ltr,0.00,11-Dec-2023 00:00,UTC,2023-12-11 00:00:00,,,056a433e-b880-43c6-9d59-b1cfe71a4014,Weekly chemical consumption
1753,7440571a-841a-11ed-aa7c-7003bca91a86,chemicals,164,CH-0004,Cooling Water Treatment Chemical,ltr,CONSUME,-0.37,-0.37,ltr,0.00,11-Dec-2023 00:00,UTC,2023-12-11 00:00:00,,,480b40d0-04bd-4590-a936-2f879b867977,Weekly chemical consumption
3145,7440571a-841a-11ed-aa7c-7003bca91a86,lubes,151,LU-0001,Main Engine Cylinder Oil,ltr,CONSUME,-65.10,-65.10,ltr,0.00,10-Dec-2023 09:52,UTC,2023-12-10 09:52:00,,,480b40d0-04bd-4590-a936-2f879b867977,Daily cylinder oil consumption - 65.1 ltr
3144,7440571a-841a-11ed-aa7c-7003bca91a86,lubes,151,LU-0001,Main Engine Cylinder Oil,ltr,CONSUME,-79.80,-79.80,ltr,0.00,09-Dec-2023 06:12,UTC,2023-12-09 06:12:00,,,480b40d0-04bd-4590-a936-2f879b867977,Daily cylinder oil consumption - 79.8 ltr
4034,7440571a-841a-11ed-aa7c-7003bca91a86,chemicals,162,CH-0002,Lube Oil Treatment Chemical,ltr,CONSUME,-37.00,-37.00,ltr,4909.80,08-Dec-2023 13:08,UTC,2023-12-08 13:08:00,,,056a433e-b880-43c6-9d59-b1cfe71a4014,Chemical consumption - Lube Oil Treatment Chemical
3143,7440571a-841a-11ed-aa7c-7003bca91a86,lubes,151,LU-0001,Main Engine Cylinder Oil,ltr,CONSUME,-82.20,-82.20,ltr,0.00,08-Dec-2023 07:37,UTC,2023-12-08 07:37:00,,,480b40d0-04bd-4590-a936-2f879b867977,Daily cylinder oil consumption - 82.2 ltr
3142,7440571a-841a-11ed-aa7c-7003bca91a86,lubes,151,LU-0001,Main Engine Cylinder Oil,ltr,CONSUME,-68.80,-68.80,ltr,0.00,07-Dec-2023 09:39,UTC,2023-12-07 09:39:00,,,480b40d0-04bd-4590-a936-2f879b867977,Daily cylinder oil consumption - 68.8 ltr
4032,7440571a-841a-11ed-aa7c-7003bca91a86,chemicals,163,CH-0003,Boiler Water Treatment Chemical,ltr,CONSUME,-12.00,-12.00,ltr,4925.40,07-Dec-2023 08:47,UTC,2023-12-07 08:47:00,,,228b5256-5bd2-4bf3-826f-c6fe76571449,Chemical consumption - Boiler Water Treatment Chemical
3141,7440571a-841a-11ed-aa7c-7003bca91a86,lubes,151,LU-0001,Main Engine Cylinder Oil,ltr,CONSUME,-67.50,-67.50,ltr,0.00,06-Dec-2023 08:57,UTC,2023-12-06 08:57:00,,,228b5256-5bd2-4bf3-826f-c6fe76571449,Daily cylinder oil consumption - 67.5 ltr
3140,7440571a-841a-11ed-aa7c-7003bca91a86,lubes,151,LU-0001,Main Engine Cylinder Oil,ltr,CONSUME,-80.80,-80.80,ltr,0.00,05-Dec-2023 08:22,UTC,2023-12-05 08:22:00,,,480b40d0-04bd-4590-a936-2f879b867977,Daily cylinder oil consumption - 80.8 ltr
3139,7440571a-841a-11ed-aa7c-7003bca91a86,lubes,151,LU-0001,Main Engine Cylinder Oil,ltr,CONSUME,-78.00,-78.00,ltr,0.00,04-Dec-2023 08:47,UTC,2023-12-04 08:47:00,,,6084f3b8-85dc-462a-b045-111d2b2e6d0e,Daily cylinder oil consumption - 78.0 ltr
1746,7440571a-841a-11ed-aa7c-7003bca91a86,chemicals,162,CH-0002,Lube Oil Treatment Chemical,ltr,CONSUME,-0.49,-0.49,ltr,0.00,04-Dec-2023 00:00,UTC,2023-12-04 00:00:00,,,6084f3b8-85dc-462a-b045-111d2b2e6d0e,Weekly chemical consumption
1750,7440571a-841a-11ed-aa7c-7003bca91a86,chemicals,168,CH-0008,Rust Remover / Descaling Chemical,ltr,CONSUME,-0.52,-0.52,ltr,0.00,04-Dec-2023 00:00,UTC,2023-12-04 00:00:00,,,056a433e-b880-43c6-9d59-b1cfe71a4014,Weekly chemical consumption
1749,7440571a-841a-11ed-aa7c-7003bca91a86,chemicals,167,CH-0007,Degreasing Chemical,ltr,CONSUME,-1.83,-1.83,ltr,0.00,04-Dec-2023 00:00,UTC,2023-12-04 00:00:00,,,056a433e-b880-43c6-9d59-b1cfe71a4014,Weekly chemical consumption
1748,7440571a-841a-11ed-aa7c-7003bca91a86,chemicals,166,CH-0006,Tank Cleaning Chemical (Alkaline),ltr,CONSUME,-0.83,-0.83,ltr,0.00,04-Dec-2023 00:00,UTC,2023-12-04 00:00:00,,,056a433e-b880-43c6-9d59-b1cfe71a4014,Weekly chemical consumption
1747,7440571a-841a-11ed-aa7c-7003bca91a86,chemicals,164,CH-0004,Cooling Water Treatment Chemical,ltr,CONSUME,-0.90,-0.90,ltr,0.00,04-Dec-2023 00:00,UTC,2023-12-04 00:00:00,,,228b5256-5bd2-4bf3-826f-c6fe76571449,Weekly chemical consumption
4102,7440571a-841a-11ed-aa7c-7003bca91a86,lubes,157,LU-0007,Stern Tube Oil,ltr,RECEIVE,904.90,904.90,ltr,7704.90,03-Dec-2023 16:42,UTC,2023-12-03 16:42:00,Durban,PO-2023-4130,228b5256-5bd2-4bf3-826f-c6fe76571449,Received at Durban
4101,7440571a-841a-11ed-aa7c-7003bca91a86,stores,142,IT-0002,Jeevan,pcs,RECEIVE,177.00,177.00,pcs,705.00,03-Dec-2023 16:42,UTC,2023-12-03 16:42:00,Durban,PO-2023-4130,228b5256-5bd2-4bf3-826f-c6fe76571449,Received at Durban
3138,7440571a-841a-11ed-aa7c-7003bca91a86,lubes,151,LU-0001,Main Engine Cylinder Oil,ltr,CONSUME,-79.90,-79.90,ltr,0.00,03-Dec-2023 06:58,UTC,2023-12-03 06:58:00,,,056a433e-b880-43c6-9d59-b1cfe71a4014,Daily cylinder oil consumption - 79.9 ltr
3137,7440571a-841a-11ed-aa7c-7003bca91a86,lubes,151,LU-0001,Main Engine Cylinder Oil,ltr,CONSUME,-87.70,-87.70,ltr,0.00,02-Dec-2023 07:53,UTC,2023-12-02 07:53:00,,,056a433e-b880-43c6-9d59-b1cfe71a4014,Daily cylinder oil consumption - 87.7 ltr
3136,7440571a-841a-11ed-aa7c-7003bca91a86,lubes,151,LU-0001,Main Engine Cylinder Oil,ltr,CONSUME,-84.00,-84.00,ltr,0.00,01-Dec-2023 07:33,UTC,2023-12-01 07:33:00,,,6084f3b8-85dc-462a-b045-111d2b2e6d0e,Daily cylinder oil consumption - 84.0 ltr
1742,7440571a-841a-11ed-aa7c-7003bca91a86,stores,144,IT-0004,Cutting Disc (Angle Grinder),pcs,CONSUME,-3.53,-3.53,pcs,0.00,01-Dec-2023 00:00,UTC,2023-12-01 00:00:00,,,056a433e-b880-43c6-9d59-b1cfe71a4014,General stores consumption
1744,7440571a-841a-11ed-aa7c-7003bca91a86,stores,171,OT-0001,Steel surface protection,ltr,CONSUME,-1.59,-1.59,ltr,0.09,01-Dec-2023 00:00,UTC,2023-12-01 00:00:00,,,056a433e-b880-43c6-9d59-b1cfe71a4014,General stores consumption
1743,7440571a-841a-11ed-aa7c-7003bca91a86,stores,148,IT-0008,Dust Mask / Respirator Mask,pcs,CONSUME,-1.28,-1.28,pcs,0.00,01-Dec-2023 00:00,UTC,2023-12-01 00:00:00,,,480b40d0-04bd-4590-a936-2f879b867977,General stores consumption
1741,7440571a-841a-11ed-aa7c-7003bca91a86,stores,143,IT-0003,Grinding Wheel (Grinding Disc),pcs,CONSUME,-1.79,-1.79,pcs,3.37,01-Dec-2023 00:00,UTC,2023-12-01 00:00:00,,,480b40d0-04bd-4590-a936-2f879b867977,General stores consumption
1745,7440571a-841a-11ed-aa7c-7003bca91a86,stores,172,OT-0002,"Ballast tanks, machinery spaces",ltr,CONSUME,-2.77,-2.77,ltr,0.00,01-Dec-2023 00:00,UTC,2023-12-01 00:00:00,,,480b40d0-04bd-4590-a936-2f879b867977,General stores consumption
3135,7440571a-841a-11ed-aa7c-7003bca91a86,lubes,151,LU-0001,Main Engine Cylinder Oil,ltr,CONSUME,-83.20,-83.20,ltr,0.00,30-Nov-2023 07:45,UTC,2023-11-30 07:45:00,,,056a433e-b880-43c6-9d59-b1cfe71a4014,Daily cylinder oil consumption - 83.2 ltr
3134,7440571a-841a-11ed-aa7c-7003bca91a86,lubes,151,LU-0001,Main Engine Cylinder Oil,ltr,CONSUME,-120.00,-120.00,ltr,0.00,29-Nov-2023 08:46,UTC,2023-11-29 08:46:00,,,228b5256-5bd2-4bf3-826f-c6fe76571449,Daily cylinder oil consumption - 120.0 ltr
3133,7440571a-841a-11ed-aa7c-7003bca91a86,lubes,151,LU-0001,Main Engine Cylinder Oil,ltr,CONSUME,-86.30,-86.30,ltr,0.00,28-Nov-2023 09:47,UTC,2023-11-28 09:47:00,,,480b40d0-04bd-4590-a936-2f879b867977,Daily cylinder oil consumption - 86.3 ltr
2569,7440571a-841a-11ed-aa7c-7003bca91a86,chemicals,163,CH-0003,Boiler Water Treatment Chemical,ltr,RECEIVE,12.14,12.14,ltr,56.99,28-Nov-2023 00:00,UTC,2023-11-28 00:00:00,Jebel Ali,PO-2023-3489,228b5256-5bd2-4bf3-826f-c6fe76571449,Received at Jebel Ali
2560,7440571a-841a-11ed-aa7c-7003bca91a86,stores,143,IT-0003,Grinding Wheel (Grinding Disc),pcs,RECEIVE,9.83,9.83,pcs,90.97,28-Nov-2023 00:00,UTC,2023-11-28 00:00:00,Jebel Ali,PO-2023-5028,228b5256-5bd2-4bf3-826f-c6fe76571449,Received at Jebel Ali
2561,7440571a-841a-11ed-aa7c-7003bca91a86,stores,145,IT-0005,Welding Electrodes (General Purpose),pcs,RECEIVE,28.55,28.55,pcs,157.12,28-Nov-2023 00:00,UTC,2023-11-28 00:00:00,Jebel Ali,PO-2023-7871,228b5256-5bd2-4bf3-826f-c6fe76571449,Received at Jebel Ali
2562,7440571a-841a-11ed-aa7c-7003bca91a86,stores,150,IT-0010,Emery Paper / Abrasive Sheet,pcs,RECEIVE,47.04,47.04,pcs,47.04,28-Nov-2023 00:00,UTC,2023-11-28 00:00:00,Jebel Ali,PO-2023-0213,228b5256-5bd2-4bf3-826f-c6fe76571449,Received at Jebel Ali
2563,7440571a-841a-11ed-aa7c-7003bca91a86,stores,152,LU-0002,Main Engine System Oil,ltr,RECEIVE,8.06,8.06,ltr,62.56,28-Nov-2023 00:00,UTC,2023-11-28 00:00:00,Jebel Ali,PO-2023-6696,228b5256-5bd2-4bf3-826f-c6fe76571449,Received at Jebel Ali
2564,7440571a-841a-11ed-aa7c-7003bca91a86,stores,156,LU-0006,Gear Oil,ltr,RECEIVE,8.23,8.23,ltr,98.47,28-Nov-2023 00:00,UTC,2023-11-28 00:00:00,Jebel Ali,PO-2023-5987,228b5256-5bd2-4bf3-826f-c6fe76571449,Received at Jebel Ali
2565,7440571a-841a-11ed-aa7c-7003bca91a86,stores,157,LU-0007,Stern Tube Oil,ltr,RECEIVE,26.57,26.57,ltr,221.49,28-Nov-2023 00:00,UTC,2023-11-28 00:00:00,Jebel Ali,PO-2023-1503,228b5256-5bd2-4bf3-826f-c6fe76571449,Received at Jebel Ali
2566,7440571a-841a-11ed-aa7c-7003bca91a86,stores,158,LU-0008,Compressor Oil,ltr,RECEIVE,37.83,37.83,ltr,111.46,28-Nov-2023 00:00,UTC,2023-11-28 00:00:00,Jebel Ali,PO-2023-7645,228b5256-5bd2-4bf3-826f-c6fe76571449,Received at Jebel Ali
2567,7440571a-841a-11ed-aa7c-7003bca91a86,stores,159,LU-0009,Refrigeration Compressor Oil,ltr,RECEIVE,46.27,46.27,ltr,56.27,28-Nov-2023 00:00,UTC,2023-11-28 00:00:00,Jebel Ali,PO-2023-2642,228b5256-5bd2-4bf3-826f-c6fe76571449,Received at Jebel Ali
2568,7440571a-841a-11ed-aa7c-7003bca91a86,chemicals,161,CH-0001,Fuel Oil Treatment Chemical,ltr,RECEIVE,31.69,31.69,ltr,58.18,28-Nov-2023 00:00,UTC,2023-11-28 00:00:00,Jebel Ali,PO-2023-0976,228b5256-5bd2-4bf3-826f-c6fe76571449,Received at Jebel Ali
2570,7440571a-841a-11ed-aa7c-7003bca91a86,chemicals,167,CH-0007,Degreasing Chemical,ltr,RECEIVE,24.48,24.48,ltr,61.51,28-Nov-2023 00:00,UTC,2023-11-28 00:00:00,Jebel Ali,PO-2023-9703,228b5256-5bd2-4bf3-826f-c6fe76571449,Received at Jebel Ali
2571,7440571a-841a-11ed-aa7c-7003bca91a86,chemicals,170,CH-0010,Hand Cleaning Chemical (Industrial Soap),ltr,RECEIVE,42.10,42.10,ltr,134.50,28-Nov-2023 00:00,UTC,2023-11-28 00:00:00,Jebel Ali,PO-2023-7127,228b5256-5bd2-4bf3-826f-c6fe76571449,Received at Jebel Ali
2572,7440571a-841a-11ed-aa7c-7003bca91a86,stores,178,OT-0008,"Pipes, tanks, machinery",ltr,RECEIVE,9.31,9.31,ltr,87.02,28-Nov-2023 00:00,UTC,2023-11-28 00:00:00,Jebel Ali,PO-2023-5566,228b5256-5bd2-4bf3-826f-c6fe76571449,Received at Jebel Ali
2573,7440571a-841a-11ed-aa7c-7003bca91a86,stores,151,LU-0001,Main Engine Cylinder Oil,ltr,RECEIVE,43.73,43.73,ltr,79.77,28-Nov-2023 00:00,UTC,2023-11-28 00:00:00,Jebel Ali,PO-2023-7285,228b5256-5bd2-4bf3-826f-c6fe76571449,Received at Jebel Ali
3132,7440571a-841a-11ed-aa7c-7003bca91a86,lubes,151,LU-0001,Main Engine Cylinder Oil,ltr,CONSUME,-112.70,-112.70,ltr,0.00,27-Nov-2023 08:59,UTC,2023-11-27 08:59:00,,,6084f3b8-85dc-462a-b045-111d2b2e6d0e,Daily cylinder oil consumption - 112.7 ltr
1740,7440571a-841a-11ed-aa7c-7003bca91a86,chemicals,169,CH-0009,Sewage Treatment Plant Chemical,ltr,CONSUME,-1.93,-1.93,ltr,0.00,27-Nov-2023 00:00,UTC,2023-11-27 00:00:00,,,228b5256-5bd2-4bf3-826f-c6fe76571449,Weekly chemical consumption
1738,7440571a-841a-11ed-aa7c-7003bca91a86,chemicals,164,CH-0004,Cooling Water Treatment Chemical,ltr,CONSUME,-0.13,-0.13,ltr,0.00,27-Nov-2023 00:00,UTC,2023-11-27 00:00:00,,,6084f3b8-85dc-462a-b045-111d2b2e6d0e,Weekly chemical consumption
1739,7440571a-841a-11ed-aa7c-7003bca91a86,chemicals,166,CH-0006,Tank Cleaning Chemical (Alkaline),ltr,CONSUME,-0.78,-0.78,ltr,0.00,27-Nov-2023 00:00,UTC,2023-11-27 00:00:00,,,480b40d0-04bd-4590-a936-2f879b867977,Weekly chemical consumption
3131,7440571a-841a-11ed-aa7c-7003bca91a86,lubes,151,LU-0001,Main Engine Cylinder Oil,ltr,CONSUME,-111.90,-111.90,ltr,0.00,26-Nov-2023 08:07,UTC,2023-11-26 08:07:00,,,480b40d0-04bd-4590-a936-2f879b867977,Daily cylinder oil consumption - 111.9 ltr
3130,7440571a-841a-11ed-aa7c-7003bca91a86,lubes,151,LU-0001,Main Engine Cylinder Oil,ltr,CONSUME,-83.90,-83.90,ltr,0.00,25-Nov-2023 09:27,UTC,2023-11-25 09:27:00,,,228b5256-5bd2-4bf3-826f-c6fe76571449,Daily cylinder oil consumption - 83.9 ltr
3129,7440571a-841a-11ed-aa7c-7003bca91a86,lubes,151,LU-0001,Main Engine Cylinder Oil,ltr,CONSUME,-102.00,-102.00,ltr,0.00,24-Nov-2023 09:53,UTC,2023-11-24 09:53:00,,,480b40d0-04bd-4590-a936-2f879b867977,Daily cylinder oil consumption - 102.0 ltr
3128,7440571a-841a-11ed-aa7c-7003bca91a86,lubes,151,LU-0001,Main Engine Cylinder Oil,ltr,CONSUME,-81.70,-81.70,ltr,0.00,23-Nov-2023 08:06,UTC,2023-11-23 08:06:00,,,056a433e-b880-43c6-9d59-b1cfe71a4014,Daily cylinder oil consumption - 81.7 ltr
3127,7440571a-841a-11ed-aa7c-7003bca91a86,lubes,151,LU-0001,Main Engine Cylinder Oil,ltr,CONSUME,-120.00,-120.00,ltr,0.00,22-Nov-2023 08:29,UTC,2023-11-22 08:29:00,,,056a433e-b880-43c6-9d59-b1cfe71a4014,Daily cylinder oil consumption - 120.0 ltr
3126,7440571a-841a-11ed-aa7c-7003bca91a86,lubes,151,LU-0001,Main Engine Cylinder Oil,ltr,CONSUME,-67.10,-67.10,ltr,0.00,21-Nov-2023 09:48,UTC,2023-11-21 09:48:00,,,228b5256-5bd2-4bf3-826f-c6fe76571449,Daily cylinder oil consumption - 67.1 ltr
3125,7440571a-841a-11ed-aa7c-7003bca91a86,lubes,151,LU-0001,Main Engine Cylinder Oil,ltr,CONSUME,-99.60,-99.60,ltr,0.00,20-Nov-2023 07:58,UTC,2023-11-20 07:58:00,,,228b5256-5bd2-4bf3-826f-c6fe76571449,Daily cylinder oil consumption - 99.6 ltr
1736,7440571a-841a-11ed-aa7c-7003bca91a86,chemicals,166,CH-0006,Tank Cleaning Chemical (Alkaline),ltr,CONSUME,-0.62,-0.62,ltr,0.00,20-Nov-2023 00:00,UTC,2023-11-20 00:00:00,,,6084f3b8-85dc-462a-b045-111d2b2e6d0e,Weekly chemical consumption
1737,7440571a-841a-11ed-aa7c-7003bca91a86,chemicals,170,CH-0010,Hand Cleaning Chemical (Industrial Soap),ltr,CONSUME,-1.31,-1.31,ltr,0.63,20-Nov-2023 00:00,UTC,2023-11-20 00:00:00,,,228b5256-5bd2-4bf3-826f-c6fe76571449,Weekly chemical consumption
1735,7440571a-841a-11ed-aa7c-7003bca91a86,chemicals,164,CH-0004,Cooling Water Treatment Chemical,ltr,CONSUME,-1.04,-1.04,ltr,0.00,20-Nov-2023 00:00,UTC,2023-11-20 00:00:00,,,056a433e-b880-43c6-9d59-b1cfe71a4014,Weekly chemical consumption
3124,7440571a-841a-11ed-aa7c-7003bca91a86,lubes,151,LU-0001,Main Engine Cylinder Oil,ltr,CONSUME,-87.70,-87.70,ltr,0.00,19-Nov-2023 09:57,UTC,2023-11-19 09:57:00,,,6084f3b8-85dc-462a-b045-111d2b2e6d0e,Daily cylinder oil consumption - 87.7 ltr
3123,7440571a-841a-11ed-aa7c-7003bca91a86,lubes,151,LU-0001,Main Engine Cylinder Oil,ltr,CONSUME,-90.80,-90.80,ltr,0.00,18-Nov-2023 06:23,UTC,2023-11-18 06:23:00,,,056a433e-b880-43c6-9d59-b1cfe71a4014,Daily cylinder oil consumption - 90.8 ltr
3122,7440571a-841a-11ed-aa7c-7003bca91a86,lubes,151,LU-0001,Main Engine Cylinder Oil,ltr,CONSUME,-70.60,-70.60,ltr,0.00,17-Nov-2023 08:31,UTC,2023-11-17 08:31:00,,,056a433e-b880-43c6-9d59-b1cfe71a4014,Daily cylinder oil consumption - 70.6 ltr
3121,7440571a-841a-11ed-aa7c-7003bca91a86,lubes,151,LU-0001,Main Engine Cylinder Oil,ltr,CONSUME,-120.00,-120.00,ltr,0.00,16-Nov-2023 09:11,UTC,2023-11-16 09:11:00,,,056a433e-b880-43c6-9d59-b1cfe71a4014,Daily cylinder oil consumption - 120.0 ltr
3120,7440571a-841a-11ed-aa7c-7003bca91a86,lubes,151,LU-0001,Main Engine Cylinder Oil,ltr,CONSUME,-72.40,-72.40,ltr,0.00,15-Nov-2023 09:10,UTC,2023-11-15 09:10:00,,,228b5256-5bd2-4bf3-826f-c6fe76571449,Daily cylinder oil consumption - 72.4 ltr
1733,7440571a-841a-11ed-aa7c-7003bca91a86,stores,173,OT-0003,Hull below waterline,ltr,CONSUME,-2.89,-2.89,ltr,0.00,15-Nov-2023 00:00,UTC,2023-11-15 00:00:00,,,056a433e-b880-43c6-9d59-b1cfe71a4014,General stores consumption
1732,7440571a-841a-11ed-aa7c-7003bca91a86,stores,146,IT-0006,Safety Goggles (Clear),pcs,CONSUME,-2.17,-2.17,pcs,0.34,15-Nov-2023 00:00,UTC,2023-11-15 00:00:00,,,6084f3b8-85dc-462a-b045-111d2b2e6d0e,General stores consumption
1734,7440571a-841a-11ed-aa7c-7003bca91a86,stores,141,IT-0001,Safety Gloves – Cotton,pcs,CONSUME,-2.30,-2.30,pcs,90.16,15-Nov-2023 00:00,UTC,2023-11-15 00:00:00,,,6084f3b8-85dc-462a-b045-111d2b2e6d0e,General stores consumption
1731,7440571a-841a-11ed-aa7c-7003bca91a86,stores,145,IT-0005,Welding Electrodes (General Purpose),pcs,CONSUME,-1.56,-1.56,pcs,2.01,15-Nov-2023 00:00,UTC,2023-11-15 00:00:00,,,228b5256-5bd2-4bf3-826f-c6fe76571449,General stores consumption
3119,7440571a-841a-11ed-aa7c-7003bca91a86,lubes,151,LU-0001,Main Engine Cylinder Oil,ltr,CONSUME,-120.00,-120.00,ltr,0.00,14-Nov-2023 06:41,UTC,2023-11-14 06:41:00,,,228b5256-5bd2-4bf3-826f-c6fe76571449,Daily cylinder oil consumption - 120.0 ltr
3118,7440571a-841a-11ed-aa7c-7003bca91a86,lubes,151,LU-0001,Main Engine Cylinder Oil,ltr,CONSUME,-109.00,-109.00,ltr,0.00,13-Nov-2023 08:50,UTC,2023-11-13 08:50:00,,,228b5256-5bd2-4bf3-826f-c6fe76571449,Daily cylinder oil consumption - 109.0 ltr
1730,7440571a-841a-11ed-aa7c-7003bca91a86,chemicals,162,CH-0002,Lube Oil Treatment Chemical,ltr,CONSUME,-1.92,-1.92,ltr,0.00,13-Nov-2023 00:00,UTC,2023-11-13 00:00:00,,,228b5256-5bd2-4bf3-826f-c6fe76571449,Weekly chemical consumption
1729,7440571a-841a-11ed-aa7c-7003bca91a86,chemicals,161,CH-0001,Fuel Oil Treatment Chemical,ltr,CONSUME,-1.01,-1.01,ltr,0.00,13-Nov-2023 00:00,UTC,2023-11-13 00:00:00,,,056a433e-b880-43c6-9d59-b1cfe71a4014,Weekly chemical consumption
3117,7440571a-841a-11ed-aa7c-7003bca91a86,lubes,151,LU-0001,Main Engine Cylinder Oil,ltr,CONSUME,-63.60,-63.60,ltr,0.00,12-Nov-2023 07:25,UTC,2023-11-12 07:25:00,,,6084f3b8-85dc-462a-b045-111d2b2e6d0e,Daily cylinder oil consumption - 63.6 ltr
3957,7440571a-841a-11ed-aa7c-7003bca91a86,lubes,152,LU-0002,Main Engine System Oil,ltr,CONSUME,-230.10,-230.10,ltr,3388.60,11-Nov-2023 13:28,UTC,2023-11-11 13:28:00,,,228b5256-5bd2-4bf3-826f-c6fe76571449,Monthly ME system oil top-up - 230.1 ltr
3958,7440571a-841a-11ed-aa7c-7003bca91a86,lubes,153,LU-0003,Auxiliary Engine Lube Oil,ltr,CONSUME,-226.50,-226.50,ltr,3361.90,11-Nov-2023 13:28,UTC,2023-11-11 13:28:00,,,056a433e-b880-43c6-9d59-b1cfe71a4014,Monthly AE lube oil top-up - 226.5 ltr
3116,7440571a-841a-11ed-aa7c-7003bca91a86,lubes,151,LU-0001,Main Engine Cylinder Oil,ltr,CONSUME,-120.00,-120.00,ltr,0.00,11-Nov-2023 07:52,UTC,2023-11-11 07:52:00,,,056a433e-b880-43c6-9d59-b1cfe71a4014,Daily cylinder oil consumption - 120.0 ltr
3115,7440571a-841a-11ed-aa7c-7003bca91a86,lubes,151,LU-0001,Main Engine Cylinder Oil,ltr,CONSUME,-83.70,-83.70,ltr,0.00,10-Nov-2023 09:09,UTC,2023-11-10 09:09:00,,,6084f3b8-85dc-462a-b045-111d2b2e6d0e,Daily cylinder oil consumption - 83.7 ltr
3114,7440571a-841a-11ed-aa7c-7003bca91a86,lubes,151,LU-0001,Main Engine Cylinder Oil,ltr,CONSUME,-85.60,-85.60,ltr,0.00,09-Nov-2023 07:11,UTC,2023-11-09 07:11:00,,,056a433e-b880-43c6-9d59-b1cfe71a4014,Daily cylinder oil consumption - 85.6 ltr
3113,7440571a-841a-11ed-aa7c-7003bca91a86,lubes,151,LU-0001,Main Engine Cylinder Oil,ltr,CONSUME,-89.90,-89.90,ltr,0.00,08-Nov-2023 08:10,UTC,2023-11-08 08:10:00,,,6084f3b8-85dc-462a-b045-111d2b2e6d0e,Daily cylinder oil consumption - 89.9 ltr
4029,7440571a-841a-11ed-aa7c-7003bca91a86,chemicals,170,CH-0010,Hand Cleaning Chemical (Industrial Soap),ltr,CONSUME,-10.20,-10.20,ltr,4973.10,07-Nov-2023 14:25,UTC,2023-11-07 14:25:00,,,480b40d0-04bd-4590-a936-2f879b867977,Chemical consumption - Hand Cleaning Chemical (Industrial Soap)
3112,7440571a-841a-11ed-aa7c-7003bca91a86,lubes,151,LU-0001,Main Engine Cylinder Oil,ltr,CONSUME,-102.90,-102.90,ltr,0.00,07-Nov-2023 06:30,UTC,2023-11-07 06:30:00,,,056a433e-b880-43c6-9d59-b1cfe71a4014,Daily cylinder oil consumption - 102.9 ltr
3111,7440571a-841a-11ed-aa7c-7003bca91a86,lubes,151,LU-0001,Main Engine Cylinder Oil,ltr,CONSUME,-120.00,-120.00,ltr,0.00,06-Nov-2023 07:10,UTC,2023-11-06 07:10:00,,,228b5256-5bd2-4bf3-826f-c6fe76571449,Daily cylinder oil consumption - 120.0 ltr
1723,7440571a-841a-11ed-aa7c-7003bca91a86,chemicals,161,CH-0001,Fuel Oil Treatment Chemical,ltr,CONSUME,-0.79,-0.79,ltr,0.00,06-Nov-2023 00:00,UTC,2023-11-06 00:00:00,,,056a433e-b880-43c6-9d59-b1cfe71a4014,Weekly chemical consumption
1724,7440571a-841a-11ed-aa7c-7003bca91a86,chemicals,162,CH-0002,Lube Oil Treatment Chemical,ltr,CONSUME,-0.59,-0.59,ltr,0.00,06-Nov-2023 00:00,UTC,2023-11-06 00:00:00,,,228b5256-5bd2-4bf3-826f-c6fe76571449,Weekly chemical consumption
1725,7440571a-841a-11ed-aa7c-7003bca91a86,chemicals,163,CH-0003,Boiler Water Treatment Chemical,ltr,CONSUME,-1.38,-1.38,ltr,0.00,06-Nov-2023 00:00,UTC,2023-11-06 00:00:00,,,056a433e-b880-43c6-9d59-b1cfe71a4014,Weekly chemical consumption
1726,7440571a-841a-11ed-aa7c-7003bca91a86,chemicals,164,CH-0004,Cooling Water Treatment Chemical,ltr,CONSUME,-0.64,-0.64,ltr,0.00,06-Nov-2023 00:00,UTC,2023-11-06 00:00:00,,,228b5256-5bd2-4bf3-826f-c6fe76571449,Weekly chemical consumption
1727,7440571a-841a-11ed-aa7c-7003bca91a86,chemicals,165,CH-0005,Potable Water Chlorination Chemical,ltr,CONSUME,-1.79,-1.79,ltr,0.00,06-Nov-2023 00:00,UTC,2023-11-06 00:00:00,,,480b40d0-04bd-4590-a936-2f879b867977,Weekly chemical consumption
1728,7440571a-841a-11ed-aa7c-7003bca91a86,chemicals,166,CH-0006,Tank Cleaning Chemical (Alkaline),ltr,CONSUME,-0.66,-0.66,ltr,0.00,06-Nov-2023 00:00,UTC,2023-11-06 00:00:00,,,228b5256-5bd2-4bf3-826f-c6fe76571449,Weekly chemical consumption
3110,7440571a-841a-11ed-aa7c-7003bca91a86,lubes,151,LU-0001,Main Engine Cylinder Oil,ltr,CONSUME,-95.30,-95.30,ltr,0.00,05-Nov-2023 09:23,UTC,2023-11-05 09:23:00,,,6084f3b8-85dc-462a-b045-111d2b2e6d0e,Daily cylinder oil consumption - 95.3 ltr
3109,7440571a-841a-11ed-aa7c-7003bca91a86,lubes,151,LU-0001,Main Engine Cylinder Oil,ltr,CONSUME,-103.10,-103.10,ltr,0.00,04-Nov-2023 08:41,UTC,2023-11-04 08:41:00,,,480b40d0-04bd-4590-a936-2f879b867977,Daily cylinder oil consumption - 103.1 ltr
3108,7440571a-841a-11ed-aa7c-7003bca91a86,lubes,151,LU-0001,Main Engine Cylinder Oil,ltr,CONSUME,-81.80,-81.80,ltr,0.00,03-Nov-2023 08:55,UTC,2023-11-03 08:55:00,,,056a433e-b880-43c6-9d59-b1cfe71a4014,Daily cylinder oil consumption - 81.8 ltr
3107,7440571a-841a-11ed-aa7c-7003bca91a86,lubes,151,LU-0001,Main Engine Cylinder Oil,ltr,CONSUME,-105.00,-105.00,ltr,0.00,02-Nov-2023 07:43,UTC,2023-11-02 07:43:00,,,480b40d0-04bd-4590-a936-2f879b867977,Daily cylinder oil consumption - 105.0 ltr
3106,7440571a-841a-11ed-aa7c-7003bca91a86,lubes,151,LU-0001,Main Engine Cylinder Oil,ltr,CONSUME,-109.90,-109.90,ltr,0.00,01-Nov-2023 09:13,UTC,2023-11-01 09:13:00,,,480b40d0-04bd-4590-a936-2f879b867977,Daily cylinder oil consumption - 109.9 ltr
1722,7440571a-841a-11ed-aa7c-7003bca91a86,stores,141,IT-0001,Safety Gloves – Cotton,pcs,CONSUME,-2.63,-2.63,pcs,92.46,01-Nov-2023 00:00,UTC,2023-11-01 00:00:00,,,228b5256-5bd2-4bf3-826f-c6fe76571449,General stores consumption
1716,7440571a-841a-11ed-aa7c-7003bca91a86,stores,142,IT-0002,Jeevan,pcs,CONSUME,-3.50,-3.50,pcs,0.00,01-Nov-2023 00:00,UTC,2023-11-01 00:00:00,,,228b5256-5bd2-4bf3-826f-c6fe76571449,General stores consumption
1717,7440571a-841a-11ed-aa7c-7003bca91a86,stores,175,OT-0005,External structures,ltr,CONSUME,-3.46,-3.46,ltr,0.00,01-Nov-2023 00:00,UTC,2023-11-01 00:00:00,,,480b40d0-04bd-4590-a936-2f879b867977,General stores consumption
1718,7440571a-841a-11ed-aa7c-7003bca91a86,stores,176,OT-0006,"Exhausts, boilers, pipelines",ltr,CONSUME,-1.84,-1.84,ltr,4.54,01-Nov-2023 00:00,UTC,2023-11-01 00:00:00,,,228b5256-5bd2-4bf3-826f-c6fe76571449,General stores consumption
1719,7440571a-841a-11ed-aa7c-7003bca91a86,stores,177,OT-0007,"Bilges, chain lockers",ltr,CONSUME,-1.33,-1.33,ltr,5.03,01-Nov-2023 00:00,UTC,2023-11-01 00:00:00,,,228b5256-5bd2-4bf3-826f-c6fe76571449,General stores consumption
1720,7440571a-841a-11ed-aa7c-7003bca91a86,stores,178,OT-0008,"Pipes, tanks, machinery",ltr,CONSUME,-1.92,-1.92,ltr,0.00,01-Nov-2023 00:00,UTC,2023-11-01 00:00:00,,,6084f3b8-85dc-462a-b045-111d2b2e6d0e,General stores consumption
1721,7440571a-841a-11ed-aa7c-7003bca91a86,stores,180,OT-0010,"Pipelines, safety markings",ltr,CONSUME,-1.17,-1.17,ltr,0.00,01-Nov-2023 00:00,UTC,2023-11-01 00:00:00,,,6084f3b8-85dc-462a-b045-111d2b2e6d0e,General stores consumption
3105,7440571a-841a-11ed-aa7c-7003bca91a86,lubes,151,LU-0001,Main Engine Cylinder Oil,ltr,CONSUME,-71.20,-71.20,ltr,0.00,31-Oct-2023 06:40,UTC,2023-10-31 06:40:00,,,228b5256-5bd2-4bf3-826f-c6fe76571449,Daily cylinder oil consumption - 71.2 ltr
3104,7440571a-841a-11ed-aa7c-7003bca91a86,lubes,151,LU-0001,Main Engine Cylinder Oil,ltr,CONSUME,-95.20,-95.20,ltr,0.00,30-Oct-2023 08:13,UTC,2023-10-30 08:13:00,,,056a433e-b880-43c6-9d59-b1cfe71a4014,Daily cylinder oil consumption - 95.2 ltr
1713,7440571a-841a-11ed-aa7c-7003bca91a86,chemicals,165,CH-0005,Potable Water Chlorination Chemical,ltr,CONSUME,-0.69,-0.69,ltr,0.00,30-Oct-2023 00:00,UTC,2023-10-30 00:00:00,,,480b40d0-04bd-4590-a936-2f879b867977,Weekly chemical consumption
1714,7440571a-841a-11ed-aa7c-7003bca91a86,chemicals,168,CH-0008,Rust Remover / Descaling Chemical,ltr,CONSUME,-0.82,-0.82,ltr,0.00,30-Oct-2023 00:00,UTC,2023-10-30 00:00:00,,,056a433e-b880-43c6-9d59-b1cfe71a4014,Weekly chemical consumption
1715,7440571a-841a-11ed-aa7c-7003bca91a86,chemicals,169,CH-0009,Sewage Treatment Plant Chemical,ltr,CONSUME,-0.13,-0.13,ltr,0.00,30-Oct-2023 00:00,UTC,2023-10-30 00:00:00,,,056a433e-b880-43c6-9d59-b1cfe71a4014,Weekly chemical consumption
3103,7440571a-841a-11ed-aa7c-7003bca91a86,lubes,151,LU-0001,Main Engine Cylinder Oil,ltr,CONSUME,-92.00,-92.00,ltr,0.00,29-Oct-2023 06:14,UTC,2023-10-29 06:14:00,,,056a433e-b880-43c6-9d59-b1cfe71a4014,Daily cylinder oil consumption - 92.0 ltr
2555,7440571a-841a-11ed-aa7c-7003bca91a86,chemicals,165,CH-0005,Potable Water Chlorination Chemical,ltr,RECEIVE,33.64,33.64,ltr,83.15,29-Oct-2023 00:00,UTC,2023-10-29 00:00:00,Colombo,PO-2023-0998,228b5256-5bd2-4bf3-826f-c6fe76571449,Received at Colombo
2554,7440571a-841a-11ed-aa7c-7003bca91a86,chemicals,163,CH-0003,Boiler Water Treatment Chemical,ltr,RECEIVE,44.85,44.85,ltr,44.85,29-Oct-2023 00:00,UTC,2023-10-29 00:00:00,Colombo,PO-2023-3074,228b5256-5bd2-4bf3-826f-c6fe76571449,Received at Colombo
2553,7440571a-841a-11ed-aa7c-7003bca91a86,stores,160,LU-0010,Multipurpose Grease,ltr,RECEIVE,41.13,41.13,ltr,129.49,29-Oct-2023 00:00,UTC,2023-10-29 00:00:00,Colombo,PO-2023-2914,228b5256-5bd2-4bf3-826f-c6fe76571449,Received at Colombo
2552,7440571a-841a-11ed-aa7c-7003bca91a86,stores,157,LU-0007,Stern Tube Oil,ltr,RECEIVE,27.08,27.08,ltr,194.92,29-Oct-2023 00:00,UTC,2023-10-29 00:00:00,Colombo,PO-2023-8531,228b5256-5bd2-4bf3-826f-c6fe76571449,Received at Colombo
2551,7440571a-841a-11ed-aa7c-7003bca91a86,stores,156,LU-0006,Gear Oil,ltr,RECEIVE,41.98,41.98,ltr,90.24,29-Oct-2023 00:00,UTC,2023-10-29 00:00:00,Colombo,PO-2023-0316,228b5256-5bd2-4bf3-826f-c6fe76571449,Received at Colombo
2550,7440571a-841a-11ed-aa7c-7003bca91a86,stores,153,LU-0003,Auxiliary Engine Lube Oil,ltr,RECEIVE,12.96,12.96,ltr,22.96,29-Oct-2023 00:00,UTC,2023-10-29 00:00:00,Colombo,PO-2023-5569,228b5256-5bd2-4bf3-826f-c6fe76571449,Received at Colombo
2547,7440571a-841a-11ed-aa7c-7003bca91a86,stores,143,IT-0003,Grinding Wheel (Grinding Disc),pcs,RECEIVE,40.45,40.45,pcs,81.14,29-Oct-2023 00:00,UTC,2023-10-29 00:00:00,Colombo,PO-2023-8941,228b5256-5bd2-4bf3-826f-c6fe76571449,Received at Colombo
2548,7440571a-841a-11ed-aa7c-7003bca91a86,stores,147,IT-0007,Ear Plugs (Disposable),pcs,RECEIVE,48.48,48.48,pcs,109.32,29-Oct-2023 00:00,UTC,2023-10-29 00:00:00,Colombo,PO-2023-9464,228b5256-5bd2-4bf3-826f-c6fe76571449,Received at Colombo
2549,7440571a-841a-11ed-aa7c-7003bca91a86,stores,149,IT-0009,Cotton Waste / Cleaning Rags,pcs,RECEIVE,22.80,22.80,pcs,110.10,29-Oct-2023 00:00,UTC,2023-10-29 00:00:00,Colombo,PO-2023-7008,228b5256-5bd2-4bf3-826f-c6fe76571449,Received at Colombo
2559,7440571a-841a-11ed-aa7c-7003bca91a86,stores,141,IT-0001,Safety Gloves – Cotton,pcs,RECEIVE,34.93,34.93,pcs,181.11,29-Oct-2023 00:00,UTC,2023-10-29 00:00:00,Colombo,PO-2023-5774,228b5256-5bd2-4bf3-826f-c6fe76571449,Received at Colombo
2558,7440571a-841a-11ed-aa7c-7003bca91a86,stores,178,OT-0008,"Pipes, tanks, machinery",ltr,RECEIVE,12.36,12.36,ltr,77.71,29-Oct-2023 00:00,UTC,2023-10-29 00:00:00,Colombo,PO-2023-8127,228b5256-5bd2-4bf3-826f-c6fe76571449,Received at Colombo
2557,7440571a-841a-11ed-aa7c-7003bca91a86,stores,172,OT-0002,"Ballast tanks, machinery spaces",ltr,RECEIVE,7.67,7.67,ltr,136.75,29-Oct-2023 00:00,UTC,2023-10-29 00:00:00,Colombo,PO-2023-3413,228b5256-5bd2-4bf3-826f-c6fe76571449,Received at Colombo
2556,7440571a-841a-11ed-aa7c-7003bca91a86,chemicals,169,CH-0009,Sewage Treatment Plant Chemical,ltr,RECEIVE,36.19,36.19,ltr,36.19,29-Oct-2023 00:00,UTC,2023-10-29 00:00:00,Colombo,PO-2023-7544,228b5256-5bd2-4bf3-826f-c6fe76571449,Received at Colombo
3102,7440571a-841a-11ed-aa7c-7003bca91a86,lubes,151,LU-0001,Main Engine Cylinder Oil,ltr,CONSUME,-83.50,-83.50,ltr,0.00,28-Oct-2023 09:20,UTC,2023-10-28 09:20:00,,,480b40d0-04bd-4590-a936-2f879b867977,Daily cylinder oil consumption - 83.5 ltr
3101,7440571a-841a-11ed-aa7c-7003bca91a86,lubes,151,LU-0001,Main Engine Cylinder Oil,ltr,CONSUME,-104.30,-104.30,ltr,0.00,27-Oct-2023 08:34,UTC,2023-10-27 08:34:00,,,480b40d0-04bd-4590-a936-2f879b867977,Daily cylinder oil consumption - 104.3 ltr
3100,7440571a-841a-11ed-aa7c-7003bca91a86,lubes,151,LU-0001,Main Engine Cylinder Oil,ltr,CONSUME,-113.00,-113.00,ltr,0.00,26-Oct-2023 09:54,UTC,2023-10-26 09:54:00,,,480b40d0-04bd-4590-a936-2f879b867977,Daily cylinder oil consumption - 113.0 ltr
4031,7440571a-841a-11ed-aa7c-7003bca91a86,chemicals,162,CH-0002,Lube Oil Treatment Chemical,ltr,CONSUME,-17.50,-17.50,ltr,4946.80,25-Oct-2023 17:19,UTC,2023-10-25 17:19:00,,,6084f3b8-85dc-462a-b045-111d2b2e6d0e,Chemical consumption - Lube Oil Treatment Chemical
3099,7440571a-841a-11ed-aa7c-7003bca91a86,lubes,151,LU-0001,Main Engine Cylinder Oil,ltr,CONSUME,-110.70,-110.70,ltr,0.00,25-Oct-2023 09:18,UTC,2023-10-25 09:18:00,,,480b40d0-04bd-4590-a936-2f879b867977,Daily cylinder oil consumption - 110.7 ltr
3098,7440571a-841a-11ed-aa7c-7003bca91a86,lubes,151,LU-0001,Main Engine Cylinder Oil,ltr,CONSUME,-108.10,-108.10,ltr,0.00,24-Oct-2023 06:02,UTC,2023-10-24 06:02:00,,,480b40d0-04bd-4590-a936-2f879b867977,Daily cylinder oil consumption - 108.1 ltr
4030,7440571a-841a-11ed-aa7c-7003bca91a86,chemicals,166,CH-0006,Tank Cleaning Chemical (Alkaline),ltr,CONSUME,-19.80,-19.80,ltr,4965.20,23-Oct-2023 14:13,UTC,2023-10-23 14:13:00,,,480b40d0-04bd-4590-a936-2f879b867977,Chemical consumption - Tank Cleaning Chemical (Alkaline)
3097,7440571a-841a-11ed-aa7c-7003bca91a86,lubes,151,LU-0001,Main Engine Cylinder Oil,ltr,CONSUME,-119.80,-119.80,ltr,0.00,23-Oct-2023 09:13,UTC,2023-10-23 09:13:00,,,056a433e-b880-43c6-9d59-b1cfe71a4014,Daily cylinder oil consumption - 119.8 ltr
1712,7440571a-841a-11ed-aa7c-7003bca91a86,chemicals,170,CH-0010,Hand Cleaning Chemical (Industrial Soap),ltr,CONSUME,-0.12,-0.12,ltr,1.94,23-Oct-2023 00:00,UTC,2023-10-23 00:00:00,,,056a433e-b880-43c6-9d59-b1cfe71a4014,Weekly chemical consumption
1710,7440571a-841a-11ed-aa7c-7003bca91a86,chemicals,167,CH-0007,Degreasing Chemical,ltr,CONSUME,-1.38,-1.38,ltr,0.00,23-Oct-2023 00:00,UTC,2023-10-23 00:00:00,,,056a433e-b880-43c6-9d59-b1cfe71a4014,Weekly chemical consumption
1709,7440571a-841a-11ed-aa7c-7003bca91a86,chemicals,164,CH-0004,Cooling Water Treatment Chemical,ltr,CONSUME,-1.79,-1.79,ltr,0.00,23-Oct-2023 00:00,UTC,2023-10-23 00:00:00,,,6084f3b8-85dc-462a-b045-111d2b2e6d0e,Weekly chemical consumption
1711,7440571a-841a-11ed-aa7c-7003bca91a86,chemicals,169,CH-0009,Sewage Treatment Plant Chemical,ltr,CONSUME,-0.80,-0.80,ltr,0.00,23-Oct-2023 00:00,UTC,2023-10-23 00:00:00,,,228b5256-5bd2-4bf3-826f-c6fe76571449,Weekly chemical consumption
3096,7440571a-841a-11ed-aa7c-7003bca91a86,lubes,151,LU-0001,Main Engine Cylinder Oil,ltr,CONSUME,-89.60,-89.60,ltr,0.00,22-Oct-2023 09:07,UTC,2023-10-22 09:07:00,,,228b5256-5bd2-4bf3-826f-c6fe76571449,Daily cylinder oil consumption - 89.6 ltr
3095,7440571a-841a-11ed-aa7c-7003bca91a86,lubes,151,LU-0001,Main Engine Cylinder Oil,ltr,CONSUME,-118.60,-118.60,ltr,0.00,21-Oct-2023 07:12,UTC,2023-10-21 07:12:00,,,480b40d0-04bd-4590-a936-2f879b867977,Daily cylinder oil consumption - 118.6 ltr
3094,7440571a-841a-11ed-aa7c-7003bca91a86,lubes,151,LU-0001,Main Engine Cylinder Oil,ltr,CONSUME,-95.80,-95.80,ltr,0.00,20-Oct-2023 06:17,UTC,2023-10-20 06:17:00,,,480b40d0-04bd-4590-a936-2f879b867977,Daily cylinder oil consumption - 95.8 ltr
3093,7440571a-841a-11ed-aa7c-7003bca91a86,lubes,151,LU-0001,Main Engine Cylinder Oil,ltr,CONSUME,-59.30,-59.30,ltr,0.00,19-Oct-2023 08:33,UTC,2023-10-19 08:33:00,,,056a433e-b880-43c6-9d59-b1cfe71a4014,Daily cylinder oil consumption - 59.3 ltr
3092,7440571a-841a-11ed-aa7c-7003bca91a86,lubes,151,LU-0001,Main Engine Cylinder Oil,ltr,CONSUME,-62.20,-62.20,ltr,0.00,18-Oct-2023 09:06,UTC,2023-10-18 09:06:00,,,228b5256-5bd2-4bf3-826f-c6fe76571449,Daily cylinder oil consumption - 62.2 ltr
3955,7440571a-841a-11ed-aa7c-7003bca91a86,lubes,152,LU-0002,Main Engine System Oil,ltr,CONSUME,-119.50,-119.50,ltr,3618.70,17-Oct-2023 10:26,UTC,2023-10-17 10:26:00,,,228b5256-5bd2-4bf3-826f-c6fe76571449,Monthly ME system oil top-up - 119.5 ltr
3956,7440571a-841a-11ed-aa7c-7003bca91a86,lubes,153,LU-0003,Auxiliary Engine Lube Oil,ltr,CONSUME,-162.00,-162.00,ltr,3588.40,17-Oct-2023 10:26,UTC,2023-10-17 10:26:00,,,056a433e-b880-43c6-9d59-b1cfe71a4014,Monthly AE lube oil top-up - 162.0 ltr
3091,7440571a-841a-11ed-aa7c-7003bca91a86,lubes,151,LU-0001,Main Engine Cylinder Oil,ltr,CONSUME,-77.10,-77.10,ltr,0.00,17-Oct-2023 09:24,UTC,2023-10-17 09:24:00,,,056a433e-b880-43c6-9d59-b1cfe71a4014,Daily cylinder oil consumption - 77.1 ltr
3090,7440571a-841a-11ed-aa7c-7003bca91a86,lubes,151,LU-0001,Main Engine Cylinder Oil,ltr,CONSUME,-81.70,-81.70,ltr,0.00,16-Oct-2023 08:17,UTC,2023-10-16 08:17:00,,,228b5256-5bd2-4bf3-826f-c6fe76571449,Daily cylinder oil consumption - 81.7 ltr
1706,7440571a-841a-11ed-aa7c-7003bca91a86,chemicals,164,CH-0004,Cooling Water Treatment Chemical,ltr,CONSUME,-1.35,-1.35,ltr,0.00,16-Oct-2023 00:00,UTC,2023-10-16 00:00:00,,,056a433e-b880-43c6-9d59-b1cfe71a4014,Weekly chemical consumption
1708,7440571a-841a-11ed-aa7c-7003bca91a86,chemicals,170,CH-0010,Hand Cleaning Chemical (Industrial Soap),ltr,CONSUME,-0.94,-0.94,ltr,2.06,16-Oct-2023 00:00,UTC,2023-10-16 00:00:00,,,6084f3b8-85dc-462a-b045-111d2b2e6d0e,Weekly chemical consumption
1707,7440571a-841a-11ed-aa7c-7003bca91a86,chemicals,165,CH-0005,Potable Water Chlorination Chemical,ltr,CONSUME,-0.36,-0.36,ltr,0.00,16-Oct-2023 00:00,UTC,2023-10-16 00:00:00,,,6084f3b8-85dc-462a-b045-111d2b2e6d0e,Weekly chemical consumption
3089,7440571a-841a-11ed-aa7c-7003bca91a86,lubes,151,LU-0001,Main Engine Cylinder Oil,ltr,CONSUME,-65.20,-65.20,ltr,0.00,15-Oct-2023 07:18,UTC,2023-10-15 07:18:00,,,228b5256-5bd2-4bf3-826f-c6fe76571449,Daily cylinder oil consumption - 65.2 ltr
1704,7440571a-841a-11ed-aa7c-7003bca91a86,stores,180,OT-0010,"Pipelines, safety markings",ltr,CONSUME,-3.46,-3.46,ltr,0.00,15-Oct-2023 00:00,UTC,2023-10-15 00:00:00,,,480b40d0-04bd-4590-a936-2f879b867977,General stores consumption
1700,7440571a-841a-11ed-aa7c-7003bca91a86,stores,144,IT-0004,Cutting Disc (Angle Grinder),pcs,CONSUME,-1.66,-1.66,pcs,0.00,15-Oct-2023 00:00,UTC,2023-10-15 00:00:00,,,056a433e-b880-43c6-9d59-b1cfe71a4014,General stores consumption
1701,7440571a-841a-11ed-aa7c-7003bca91a86,stores,147,IT-0007,Ear Plugs (Disposable),pcs,CONSUME,-3.14,-3.14,pcs,0.00,15-Oct-2023 00:00,UTC,2023-10-15 00:00:00,,,228b5256-5bd2-4bf3-826f-c6fe76571449,General stores consumption
1702,7440571a-841a-11ed-aa7c-7003bca91a86,stores,148,IT-0008,Dust Mask / Respirator Mask,pcs,CONSUME,-3.13,-3.13,pcs,0.00,15-Oct-2023 00:00,UTC,2023-10-15 00:00:00,,,056a433e-b880-43c6-9d59-b1cfe71a4014,General stores consumption
1703,7440571a-841a-11ed-aa7c-7003bca91a86,stores,173,OT-0003,Hull below waterline,ltr,CONSUME,-3.27,-3.27,ltr,0.00,15-Oct-2023 00:00,UTC,2023-10-15 00:00:00,,,6084f3b8-85dc-462a-b045-111d2b2e6d0e,General stores consumption
1705,7440571a-841a-11ed-aa7c-7003bca91a86,stores,141,IT-0001,Safety Gloves – Cotton,pcs,CONSUME,-2.41,-2.41,pcs,95.09,15-Oct-2023 00:00,UTC,2023-10-15 00:00:00,,,056a433e-b880-43c6-9d59-b1cfe71a4014,General stores consumption
3088,7440571a-841a-11ed-aa7c-7003bca91a86,lubes,151,LU-0001,Main Engine Cylinder Oil,ltr,CONSUME,-101.70,-101.70,ltr,0.00,14-Oct-2023 08:47,UTC,2023-10-14 08:47:00,,,480b40d0-04bd-4590-a936-2f879b867977,Daily cylinder oil consumption - 101.7 ltr
4028,7440571a-841a-11ed-aa7c-7003bca91a86,chemicals,169,CH-0009,Sewage Treatment Plant Chemical,ltr,CONSUME,-13.40,-13.40,ltr,4913.60,13-Oct-2023 10:21,UTC,2023-10-13 10:21:00,,,056a433e-b880-43c6-9d59-b1cfe71a4014,Chemical consumption - Sewage Treatment Plant Chemical
3087,7440571a-841a-11ed-aa7c-7003bca91a86,lubes,151,LU-0001,Main Engine Cylinder Oil,ltr,CONSUME,-78.50,-78.50,ltr,0.00,13-Oct-2023 08:20,UTC,2023-10-13 08:20:00,,,6084f3b8-85dc-462a-b045-111d2b2e6d0e,Daily cylinder oil consumption - 78.5 ltr
3086,7440571a-841a-11ed-aa7c-7003bca91a86,lubes,151,LU-0001,Main Engine Cylinder Oil,ltr,CONSUME,-109.10,-109.10,ltr,0.00,12-Oct-2023 09:42,UTC,2023-10-12 09:42:00,,,228b5256-5bd2-4bf3-826f-c6fe76571449,Daily cylinder oil consumption - 109.1 ltr
4100,7440571a-841a-11ed-aa7c-7003bca91a86,stores,143,IT-0003,Grinding Wheel (Grinding Disc),pcs,RECEIVE,98.00,98.00,pcs,724.00,11-Oct-2023 17:28,UTC,2023-10-11 17:28:00,Colombo,PO-2023-3914,228b5256-5bd2-4bf3-826f-c6fe76571449,Received at Colombo
4099,7440571a-841a-11ed-aa7c-7003bca91a86,chemicals,168,CH-0008,Rust Remover / Descaling Chemical,ltr,RECEIVE,1507.60,1507.60,ltr,6314.60,11-Oct-2023 17:28,UTC,2023-10-11 17:28:00,Colombo,PO-2023-3914,228b5256-5bd2-4bf3-826f-c6fe76571449,Received at Colombo
3085,7440571a-841a-11ed-aa7c-7003bca91a86,lubes,151,LU-0001,Main Engine Cylinder Oil,ltr,CONSUME,-109.20,-109.20,ltr,0.00,11-Oct-2023 09:35,UTC,2023-10-11 09:35:00,,,056a433e-b880-43c6-9d59-b1cfe71a4014,Daily cylinder oil consumption - 109.2 ltr
3084,7440571a-841a-11ed-aa7c-7003bca91a86,lubes,151,LU-0001,Main Engine Cylinder Oil,ltr,CONSUME,-57.90,-57.90,ltr,0.00,10-Oct-2023 08:06,UTC,2023-10-10 08:06:00,,,480b40d0-04bd-4590-a936-2f879b867977,Daily cylinder oil consumption - 57.9 ltr
3083,7440571a-841a-11ed-aa7c-7003bca91a86,lubes,151,LU-0001,Main Engine Cylinder Oil,ltr,CONSUME,-99.60,-99.60,ltr,0.00,09-Oct-2023 08:59,UTC,2023-10-09 08:59:00,,,056a433e-b880-43c6-9d59-b1cfe71a4014,Daily cylinder oil consumption - 99.6 ltr
1697,7440571a-841a-11ed-aa7c-7003bca91a86,chemicals,163,CH-0003,Boiler Water Treatment Chemical,ltr,CONSUME,-0.22,-0.22,ltr,0.00,09-Oct-2023 00:00,UTC,2023-10-09 00:00:00,,,6084f3b8-85dc-462a-b045-111d2b2e6d0e,Weekly chemical consumption
1698,7440571a-841a-11ed-aa7c-7003bca91a86,chemicals,167,CH-0007,Degreasing Chemical,ltr,CONSUME,-0.94,-0.94,ltr,0.00,09-Oct-2023 00:00,UTC,2023-10-09 00:00:00,,,228b5256-5bd2-4bf3-826f-c6fe76571449,Weekly chemical consumption
1696,7440571a-841a-11ed-aa7c-7003bca91a86,chemicals,161,CH-0001,Fuel Oil Treatment Chemical,ltr,CONSUME,-0.68,-0.68,ltr,0.00,09-Oct-2023 00:00,UTC,2023-10-09 00:00:00,,,228b5256-5bd2-4bf3-826f-c6fe76571449,Weekly chemical consumption
1699,7440571a-841a-11ed-aa7c-7003bca91a86,chemicals,170,CH-0010,Hand Cleaning Chemical (Industrial Soap),ltr,CONSUME,-1.79,-1.79,ltr,3.00,09-Oct-2023 00:00,UTC,2023-10-09 00:00:00,,,228b5256-5bd2-4bf3-826f-c6fe76571449,Weekly chemical consumption
3082,7440571a-841a-11ed-aa7c-7003bca91a86,lubes,151,LU-0001,Main Engine Cylinder Oil,ltr,CONSUME,-55.90,-55.90,ltr,0.00,08-Oct-2023 06:05,UTC,2023-10-08 06:05:00,,,480b40d0-04bd-4590-a936-2f879b867977,Daily cylinder oil consumption - 55.9 ltr
3081,7440571a-841a-11ed-aa7c-7003bca91a86,lubes,151,LU-0001,Main Engine Cylinder Oil,ltr,CONSUME,-110.30,-110.30,ltr,0.00,07-Oct-2023 06:38,UTC,2023-10-07 06:38:00,,,6084f3b8-85dc-462a-b045-111d2b2e6d0e,Daily cylinder oil consumption - 110.3 ltr
3080,7440571a-841a-11ed-aa7c-7003bca91a86,lubes,151,LU-0001,Main Engine Cylinder Oil,ltr,CONSUME,-113.00,-113.00,ltr,0.00,06-Oct-2023 09:43,UTC,2023-10-06 09:43:00,,,480b40d0-04bd-4590-a936-2f879b867977,Daily cylinder oil consumption - 113.0 ltr
3079,7440571a-841a-11ed-aa7c-7003bca91a86,lubes,151,LU-0001,Main Engine Cylinder Oil,ltr,CONSUME,-53.70,-53.70,ltr,0.00,05-Oct-2023 07:39,UTC,2023-10-05 07:39:00,,,480b40d0-04bd-4590-a936-2f879b867977,Daily cylinder oil consumption - 53.7 ltr
3078,7440571a-841a-11ed-aa7c-7003bca91a86,lubes,151,LU-0001,Main Engine Cylinder Oil,ltr,CONSUME,-67.30,-67.30,ltr,0.00,04-Oct-2023 06:30,UTC,2023-10-04 06:30:00,,,480b40d0-04bd-4590-a936-2f879b867977,Daily cylinder oil consumption - 67.3 ltr
3077,7440571a-841a-11ed-aa7c-7003bca91a86,lubes,151,LU-0001,Main Engine Cylinder Oil,ltr,CONSUME,-94.40,-94.40,ltr,0.00,03-Oct-2023 09:00,UTC,2023-10-03 09:00:00,,,480b40d0-04bd-4590-a936-2f879b867977,Daily cylinder oil consumption - 94.4 ltr
3076,7440571a-841a-11ed-aa7c-7003bca91a86,lubes,151,LU-0001,Main Engine Cylinder Oil,ltr,CONSUME,-67.10,-67.10,ltr,0.00,02-Oct-2023 06:42,UTC,2023-10-02 06:42:00,,,480b40d0-04bd-4590-a936-2f879b867977,Daily cylinder oil consumption - 67.1 ltr
1693,7440571a-841a-11ed-aa7c-7003bca91a86,chemicals,163,CH-0003,Boiler Water Treatment Chemical,ltr,CONSUME,-0.68,-0.68,ltr,0.00,02-Oct-2023 00:00,UTC,2023-10-02 00:00:00,,,6084f3b8-85dc-462a-b045-111d2b2e6d0e,Weekly chemical consumption
1694,7440571a-841a-11ed-aa7c-7003bca91a86,chemicals,165,CH-0005,Potable Water Chlorination Chemical,ltr,CONSUME,-1.89,-1.89,ltr,0.00,02-Oct-2023 00:00,UTC,2023-10-02 00:00:00,,,480b40d0-04bd-4590-a936-2f879b867977,Weekly chemical consumption
1695,7440571a-841a-11ed-aa7c-7003bca91a86,chemicals,167,CH-0007,Degreasing Chemical,ltr,CONSUME,-1.65,-1.65,ltr,0.00,02-Oct-2023 00:00,UTC,2023-10-02 00:00:00,,,228b5256-5bd2-4bf3-826f-c6fe76571449,Weekly chemical consumption
3075,7440571a-841a-11ed-aa7c-7003bca91a86,lubes,151,LU-0001,Main Engine Cylinder Oil,ltr,CONSUME,-109.20,-109.20,ltr,0.00,01-Oct-2023 06:55,UTC,2023-10-01 06:55:00,,,056a433e-b880-43c6-9d59-b1cfe71a4014,Daily cylinder oil consumption - 109.2 ltr
1692,7440571a-841a-11ed-aa7c-7003bca91a86,stores,175,OT-0005,External structures,ltr,CONSUME,-2.36,-2.36,ltr,0.73,01-Oct-2023 00:00,UTC,2023-10-01 00:00:00,,,228b5256-5bd2-4bf3-826f-c6fe76571449,General stores consumption
1691,7440571a-841a-11ed-aa7c-7003bca91a86,stores,173,OT-0003,Hull below waterline,ltr,CONSUME,-2.59,-2.59,ltr,1.39,01-Oct-2023 00:00,UTC,2023-10-01 00:00:00,,,056a433e-b880-43c6-9d59-b1cfe71a4014,General stores consumption
1690,7440571a-841a-11ed-aa7c-7003bca91a86,stores,172,OT-0002,"Ballast tanks, machinery spaces",ltr,CONSUME,-1.91,-1.91,ltr,1.07,01-Oct-2023 00:00,UTC,2023-10-01 00:00:00,,,056a433e-b880-43c6-9d59-b1cfe71a4014,General stores consumption
1689,7440571a-841a-11ed-aa7c-7003bca91a86,stores,171,OT-0001,Steel surface protection,ltr,CONSUME,-2.70,-2.70,ltr,1.68,01-Oct-2023 00:00,UTC,2023-10-01 00:00:00,,,228b5256-5bd2-4bf3-826f-c6fe76571449,General stores consumption
1688,7440571a-841a-11ed-aa7c-7003bca91a86,stores,148,IT-0008,Dust Mask / Respirator Mask,pcs,CONSUME,-2.18,-2.18,pcs,0.00,01-Oct-2023 00:00,UTC,2023-10-01 00:00:00,,,480b40d0-04bd-4590-a936-2f879b867977,General stores consumption
3074,7440571a-841a-11ed-aa7c-7003bca91a86,lubes,151,LU-0001,Main Engine Cylinder Oil,ltr,CONSUME,-83.90,-83.90,ltr,0.00,30-Sep-2023 06:14,UTC,2023-09-30 06:14:00,,,480b40d0-04bd-4590-a936-2f879b867977,Daily cylinder oil consumption - 83.9 ltr
3073,7440571a-841a-11ed-aa7c-7003bca91a86,lubes,151,LU-0001,Main Engine Cylinder Oil,ltr,CONSUME,-89.90,-89.90,ltr,0.00,29-Sep-2023 08:49,UTC,2023-09-29 08:49:00,,,228b5256-5bd2-4bf3-826f-c6fe76571449,Daily cylinder oil consumption - 89.9 ltr
3072,7440571a-841a-11ed-aa7c-7003bca91a86,lubes,151,LU-0001,Main Engine Cylinder Oil,ltr,CONSUME,-62.50,-62.50,ltr,0.00,28-Sep-2023 07:31,UTC,2023-09-28 07:31:00,,,056a433e-b880-43c6-9d59-b1cfe71a4014,Daily cylinder oil consumption - 62.5 ltr
3071,7440571a-841a-11ed-aa7c-7003bca91a86,lubes,151,LU-0001,Main Engine Cylinder Oil,ltr,CONSUME,-79.10,-79.10,ltr,0.00,27-Sep-2023 07:49,UTC,2023-09-27 07:49:00,,,6084f3b8-85dc-462a-b045-111d2b2e6d0e,Daily cylinder oil consumption - 79.1 ltr
3070,7440571a-841a-11ed-aa7c-7003bca91a86,lubes,151,LU-0001,Main Engine Cylinder Oil,ltr,CONSUME,-56.80,-56.80,ltr,0.00,26-Sep-2023 07:40,UTC,2023-09-26 07:40:00,,,6084f3b8-85dc-462a-b045-111d2b2e6d0e,Daily cylinder oil consumption - 56.8 ltr
3069,7440571a-841a-11ed-aa7c-7003bca91a86,lubes,151,LU-0001,Main Engine Cylinder Oil,ltr,CONSUME,-95.60,-95.60,ltr,0.00,25-Sep-2023 08:01,UTC,2023-09-25 08:01:00,,,6084f3b8-85dc-462a-b045-111d2b2e6d0e,Daily cylinder oil consumption - 95.6 ltr
1685,7440571a-841a-11ed-aa7c-7003bca91a86,chemicals,166,CH-0006,Tank Cleaning Chemical (Alkaline),ltr,CONSUME,-0.96,-0.96,ltr,0.00,25-Sep-2023 00:00,UTC,2023-09-25 00:00:00,,,228b5256-5bd2-4bf3-826f-c6fe76571449,Weekly chemical consumption
1684,7440571a-841a-11ed-aa7c-7003bca91a86,chemicals,163,CH-0003,Boiler Water Treatment Chemical,ltr,CONSUME,-1.57,-1.57,ltr,0.01,25-Sep-2023 00:00,UTC,2023-09-25 00:00:00,,,480b40d0-04bd-4590-a936-2f879b867977,Weekly chemical consumption
1686,7440571a-841a-11ed-aa7c-7003bca91a86,chemicals,167,CH-0007,Degreasing Chemical,ltr,CONSUME,-1.06,-1.06,ltr,0.00,25-Sep-2023 00:00,UTC,2023-09-25 00:00:00,,,056a433e-b880-43c6-9d59-b1cfe71a4014,Weekly chemical consumption
1687,7440571a-841a-11ed-aa7c-7003bca91a86,chemicals,169,CH-0009,Sewage Treatment Plant Chemical,ltr,CONSUME,-0.12,-0.12,ltr,0.00,25-Sep-2023 00:00,UTC,2023-09-25 00:00:00,,,6084f3b8-85dc-462a-b045-111d2b2e6d0e,Weekly chemical consumption
3068,7440571a-841a-11ed-aa7c-7003bca91a86,lubes,151,LU-0001,Main Engine Cylinder Oil,ltr,CONSUME,-84.40,-84.40,ltr,0.00,24-Sep-2023 06:57,UTC,2023-09-24 06:57:00,,,6084f3b8-85dc-462a-b045-111d2b2e6d0e,Daily cylinder oil consumption - 84.4 ltr
3067,7440571a-841a-11ed-aa7c-7003bca91a86,lubes,151,LU-0001,Main Engine Cylinder Oil,ltr,CONSUME,-119.50,-119.50,ltr,0.00,23-Sep-2023 06:56,UTC,2023-09-23 06:56:00,,,6084f3b8-85dc-462a-b045-111d2b2e6d0e,Daily cylinder oil consumption - 119.5 ltr
3066,7440571a-841a-11ed-aa7c-7003bca91a86,lubes,151,LU-0001,Main Engine Cylinder Oil,ltr,CONSUME,-105.20,-105.20,ltr,0.00,22-Sep-2023 09:14,UTC,2023-09-22 09:14:00,,,056a433e-b880-43c6-9d59-b1cfe71a4014,Daily cylinder oil consumption - 105.2 ltr
3065,7440571a-841a-11ed-aa7c-7003bca91a86,lubes,151,LU-0001,Main Engine Cylinder Oil,ltr,CONSUME,-116.10,-116.10,ltr,0.00,21-Sep-2023 08:45,UTC,2023-09-21 08:45:00,,,056a433e-b880-43c6-9d59-b1cfe71a4014,Daily cylinder oil consumption - 116.1 ltr
3064,7440571a-841a-11ed-aa7c-7003bca91a86,lubes,151,LU-0001,Main Engine Cylinder Oil,ltr,CONSUME,-93.60,-93.60,ltr,0.00,20-Sep-2023 07:56,UTC,2023-09-20 07:56:00,,,6084f3b8-85dc-462a-b045-111d2b2e6d0e,Daily cylinder oil consumption - 93.6 ltr
2538,7440571a-841a-11ed-aa7c-7003bca91a86,stores,157,LU-0007,Stern Tube Oil,ltr,RECEIVE,45.10,45.10,ltr,167.84,20-Sep-2023 00:00,UTC,2023-09-20 00:00:00,Fujairah,PO-2023-9380,228b5256-5bd2-4bf3-826f-c6fe76571449,Received at Fujairah
2537,7440571a-841a-11ed-aa7c-7003bca91a86,stores,146,IT-0006,Safety Goggles (Clear),pcs,RECEIVE,14.91,14.91,pcs,85.54,20-Sep-2023 00:00,UTC,2023-09-20 00:00:00,Fujairah,PO-2023-3504,228b5256-5bd2-4bf3-826f-c6fe76571449,Received at Fujairah
2539,7440571a-841a-11ed-aa7c-7003bca91a86,stores,158,LU-0008,Compressor Oil,ltr,RECEIVE,44.65,44.65,ltr,73.63,20-Sep-2023 00:00,UTC,2023-09-20 00:00:00,Fujairah,PO-2023-5402,228b5256-5bd2-4bf3-826f-c6fe76571449,Received at Fujairah
2540,7440571a-841a-11ed-aa7c-7003bca91a86,stores,160,LU-0010,Multipurpose Grease,ltr,RECEIVE,52.22,52.22,ltr,88.36,20-Sep-2023 00:00,UTC,2023-09-20 00:00:00,Fujairah,PO-2023-2981,228b5256-5bd2-4bf3-826f-c6fe76571449,Received at Fujairah
2541,7440571a-841a-11ed-aa7c-7003bca91a86,chemicals,162,CH-0002,Lube Oil Treatment Chemical,ltr,RECEIVE,17.91,17.91,ltr,91.32,20-Sep-2023 00:00,UTC,2023-09-20 00:00:00,Fujairah,PO-2023-1415,228b5256-5bd2-4bf3-826f-c6fe76571449,Received at Fujairah
2542,7440571a-841a-11ed-aa7c-7003bca91a86,chemicals,170,CH-0010,Hand Cleaning Chemical (Industrial Soap),ltr,RECEIVE,44.48,44.48,ltr,92.40,20-Sep-2023 00:00,UTC,2023-09-20 00:00:00,Fujairah,PO-2023-7760,228b5256-5bd2-4bf3-826f-c6fe76571449,Received at Fujairah
2543,7440571a-841a-11ed-aa7c-7003bca91a86,stores,171,OT-0001,Steel surface protection,ltr,RECEIVE,45.45,45.45,ltr,107.01,20-Sep-2023 00:00,UTC,2023-09-20 00:00:00,Fujairah,PO-2023-8630,228b5256-5bd2-4bf3-826f-c6fe76571449,Received at Fujairah
2544,7440571a-841a-11ed-aa7c-7003bca91a86,stores,173,OT-0003,Hull below waterline,ltr,RECEIVE,28.56,28.56,ltr,28.56,20-Sep-2023 00:00,UTC,2023-09-20 00:00:00,Fujairah,PO-2023-8780,228b5256-5bd2-4bf3-826f-c6fe76571449,Received at Fujairah
2545,7440571a-841a-11ed-aa7c-7003bca91a86,stores,178,OT-0008,"Pipes, tanks, machinery",ltr,RECEIVE,34.00,34.00,ltr,65.35,20-Sep-2023 00:00,UTC,2023-09-20 00:00:00,Fujairah,PO-2023-1225,228b5256-5bd2-4bf3-826f-c6fe76571449,Received at Fujairah
2546,7440571a-841a-11ed-aa7c-7003bca91a86,stores,141,IT-0001,Safety Gloves – Cotton,pcs,RECEIVE,50.54,50.54,pcs,146.18,20-Sep-2023 00:00,UTC,2023-09-20 00:00:00,Fujairah,PO-2023-9662,228b5256-5bd2-4bf3-826f-c6fe76571449,Received at Fujairah
3954,7440571a-841a-11ed-aa7c-7003bca91a86,lubes,153,LU-0003,Auxiliary Engine Lube Oil,ltr,CONSUME,-155.30,-155.30,ltr,3750.40,19-Sep-2023 10:37,UTC,2023-09-19 10:37:00,,,056a433e-b880-43c6-9d59-b1cfe71a4014,Monthly AE lube oil top-up - 155.3 ltr
3953,7440571a-841a-11ed-aa7c-7003bca91a86,lubes,152,LU-0002,Main Engine System Oil,ltr,CONSUME,-182.00,-182.00,ltr,3738.20,19-Sep-2023 10:37,UTC,2023-09-19 10:37:00,,,228b5256-5bd2-4bf3-826f-c6fe76571449,Monthly ME system oil top-up - 182.0 ltr
3063,7440571a-841a-11ed-aa7c-7003bca91a86,lubes,151,LU-0001,Main Engine Cylinder Oil,ltr,CONSUME,-67.60,-67.60,ltr,0.00,19-Sep-2023 09:18,UTC,2023-09-19 09:18:00,,,056a433e-b880-43c6-9d59-b1cfe71a4014,Daily cylinder oil consumption - 67.6 ltr
3062,7440571a-841a-11ed-aa7c-7003bca91a86,lubes,151,LU-0001,Main Engine Cylinder Oil,ltr,CONSUME,-95.30,-95.30,ltr,0.00,18-Sep-2023 09:15,UTC,2023-09-18 09:15:00,,,480b40d0-04bd-4590-a936-2f879b867977,Daily cylinder oil consumption - 95.3 ltr
1680,7440571a-841a-11ed-aa7c-7003bca91a86,chemicals,166,CH-0006,Tank Cleaning Chemical (Alkaline),ltr,CONSUME,-0.61,-0.61,ltr,0.00,18-Sep-2023 00:00,UTC,2023-09-18 00:00:00,,,6084f3b8-85dc-462a-b045-111d2b2e6d0e,Weekly chemical consumption
1683,7440571a-841a-11ed-aa7c-7003bca91a86,chemicals,169,CH-0009,Sewage Treatment Plant Chemical,ltr,CONSUME,-2.03,-2.03,ltr,0.00,18-Sep-2023 00:00,UTC,2023-09-18 00:00:00,,,056a433e-b880-43c6-9d59-b1cfe71a4014,Weekly chemical consumption
1682,7440571a-841a-11ed-aa7c-7003bca91a86,chemicals,168,CH-0008,Rust Remover / Descaling Chemical,ltr,CONSUME,-0.14,-0.14,ltr,0.00,18-Sep-2023 00:00,UTC,2023-09-18 00:00:00,,,056a433e-b880-43c6-9d59-b1cfe71a4014,Weekly chemical consumption
1681,7440571a-841a-11ed-aa7c-7003bca91a86,chemicals,167,CH-0007,Degreasing Chemical,ltr,CONSUME,-1.11,-1.11,ltr,0.00,18-Sep-2023 00:00,UTC,2023-09-18 00:00:00,,,056a433e-b880-43c6-9d59-b1cfe71a4014,Weekly chemical consumption
1679,7440571a-841a-11ed-aa7c-7003bca91a86,chemicals,165,CH-0005,Potable Water Chlorination Chemical,ltr,CONSUME,-0.25,-0.25,ltr,0.00,18-Sep-2023 00:00,UTC,2023-09-18 00:00:00,,,056a433e-b880-43c6-9d59-b1cfe71a4014,Weekly chemical consumption
1678,7440571a-841a-11ed-aa7c-7003bca91a86,chemicals,161,CH-0001,Fuel Oil Treatment Chemical,ltr,CONSUME,-1.57,-1.57,ltr,0.00,18-Sep-2023 00:00,UTC,2023-09-18 00:00:00,,,056a433e-b880-43c6-9d59-b1cfe71a4014,Weekly chemical consumption
3061,7440571a-841a-11ed-aa7c-7003bca91a86,lubes,151,LU-0001,Main Engine Cylinder Oil,ltr,CONSUME,-112.70,-112.70,ltr,0.00,17-Sep-2023 09:21,UTC,2023-09-17 09:21:00,,,480b40d0-04bd-4590-a936-2f879b867977,Daily cylinder oil consumption - 112.7 ltr
3060,7440571a-841a-11ed-aa7c-7003bca91a86,lubes,151,LU-0001,Main Engine Cylinder Oil,ltr,CONSUME,-104.40,-104.40,ltr,0.00,16-Sep-2023 06:01,UTC,2023-09-16 06:01:00,,,480b40d0-04bd-4590-a936-2f879b867977,Daily cylinder oil consumption - 104.4 ltr
3059,7440571a-841a-11ed-aa7c-7003bca91a86,lubes,151,LU-0001,Main Engine Cylinder Oil,ltr,CONSUME,-71.40,-71.40,ltr,0.00,15-Sep-2023 09:12,UTC,2023-09-15 09:12:00,,,228b5256-5bd2-4bf3-826f-c6fe76571449,Daily cylinder oil consumption - 71.4 ltr
1675,7440571a-841a-11ed-aa7c-7003bca91a86,stores,174,OT-0004,Waterline area,ltr,CONSUME,-2.62,-2.62,ltr,3.83,15-Sep-2023 00:00,UTC,2023-09-15 00:00:00,,,6084f3b8-85dc-462a-b045-111d2b2e6d0e,General stores consumption
1673,7440571a-841a-11ed-aa7c-7003bca91a86,stores,144,IT-0004,Cutting Disc (Angle Grinder),pcs,CONSUME,-1.90,-1.90,pcs,0.00,15-Sep-2023 00:00,UTC,2023-09-15 00:00:00,,,056a433e-b880-43c6-9d59-b1cfe71a4014,General stores consumption
1674,7440571a-841a-11ed-aa7c-7003bca91a86,stores,149,IT-0009,Cotton Waste / Cleaning Rags,pcs,CONSUME,-1.58,-1.58,pcs,0.00,15-Sep-2023 00:00,UTC,2023-09-15 00:00:00,,,480b40d0-04bd-4590-a936-2f879b867977,General stores consumption
1677,7440571a-841a-11ed-aa7c-7003bca91a86,stores,178,OT-0008,"Pipes, tanks, machinery",ltr,CONSUME,-2.82,-2.82,ltr,0.00,15-Sep-2023 00:00,UTC,2023-09-15 00:00:00,,,6084f3b8-85dc-462a-b045-111d2b2e6d0e,General stores consumption
1676,7440571a-841a-11ed-aa7c-7003bca91a86,stores,176,OT-0006,"Exhausts, boilers, pipelines",ltr,CONSUME,-2.08,-2.08,ltr,6.38,15-Sep-2023 00:00,UTC,2023-09-15 00:00:00,,,228b5256-5bd2-4bf3-826f-c6fe76571449,General stores consumption
3058,7440571a-841a-11ed-aa7c-7003bca91a86,lubes,151,LU-0001,Main Engine Cylinder Oil,ltr,CONSUME,-92.70,-92.70,ltr,0.00,14-Sep-2023 07:46,UTC,2023-09-14 07:46:00,,,228b5256-5bd2-4bf3-826f-c6fe76571449,Daily cylinder oil consumption - 92.7 ltr
3057,7440571a-841a-11ed-aa7c-7003bca91a86,lubes,151,LU-0001,Main Engine Cylinder Oil,ltr,CONSUME,-93.60,-93.60,ltr,0.00,13-Sep-2023 08:50,UTC,2023-09-13 08:50:00,,,228b5256-5bd2-4bf3-826f-c6fe76571449,Daily cylinder oil consumption - 93.6 ltr
4025,7440571a-841a-11ed-aa7c-7003bca91a86,chemicals,161,CH-0001,Fuel Oil Treatment Chemical,ltr,CONSUME,-17.60,-17.60,ltr,4937.30,12-Sep-2023 15:24,UTC,2023-09-12 15:24:00,,,6084f3b8-85dc-462a-b045-111d2b2e6d0e,Chemical consumption - Fuel Oil Treatment Chemical
3056,7440571a-841a-11ed-aa7c-7003bca91a86,lubes,151,LU-0001,Main Engine Cylinder Oil,ltr,CONSUME,-56.90,-56.90,ltr,0.00,12-Sep-2023 07:39,UTC,2023-09-12 07:39:00,,,480b40d0-04bd-4590-a936-2f879b867977,Daily cylinder oil consumption - 56.9 ltr
4027,7440571a-841a-11ed-aa7c-7003bca91a86,chemicals,170,CH-0010,Hand Cleaning Chemical (Industrial Soap),ltr,CONSUME,-16.70,-16.70,ltr,4983.30,11-Sep-2023 14:26,UTC,2023-09-11 14:26:00,,,480b40d0-04bd-4590-a936-2f879b867977,Chemical consumption - Hand Cleaning Chemical (Industrial Soap)
3055,7440571a-841a-11ed-aa7c-7003bca91a86,lubes,151,LU-0001,Main Engine Cylinder Oil,ltr,CONSUME,-79.40,-79.40,ltr,0.00,11-Sep-2023 08:06,UTC,2023-09-11 08:06:00,,,480b40d0-04bd-4590-a936-2f879b867977,Daily cylinder oil consumption - 79.4 ltr
1671,7440571a-841a-11ed-aa7c-7003bca91a86,chemicals,166,CH-0006,Tank Cleaning Chemical (Alkaline),ltr,CONSUME,-1.24,-1.24,ltr,0.00,11-Sep-2023 00:00,UTC,2023-09-11 00:00:00,,,056a433e-b880-43c6-9d59-b1cfe71a4014,Weekly chemical consumption
1672,7440571a-841a-11ed-aa7c-7003bca91a86,chemicals,168,CH-0008,Rust Remover / Descaling Chemical,ltr,CONSUME,-0.13,-0.13,ltr,0.00,11-Sep-2023 00:00,UTC,2023-09-11 00:00:00,,,056a433e-b880-43c6-9d59-b1cfe71a4014,Weekly chemical consumption
1670,7440571a-841a-11ed-aa7c-7003bca91a86,chemicals,162,CH-0002,Lube Oil Treatment Chemical,ltr,CONSUME,-1.30,-1.30,ltr,0.00,11-Sep-2023 00:00,UTC,2023-09-11 00:00:00,,,480b40d0-04bd-4590-a936-2f879b867977,Weekly chemical consumption
3054,7440571a-841a-11ed-aa7c-7003bca91a86,lubes,151,LU-0001,Main Engine Cylinder Oil,ltr,CONSUME,-83.50,-83.50,ltr,0.00,10-Sep-2023 07:08,UTC,2023-09-10 07:08:00,,,6084f3b8-85dc-462a-b045-111d2b2e6d0e,Daily cylinder oil consumption - 83.5 ltr
3053,7440571a-841a-11ed-aa7c-7003bca91a86,lubes,151,LU-0001,Main Engine Cylinder Oil,ltr,CONSUME,-117.90,-117.90,ltr,0.00,09-Sep-2023 07:11,UTC,2023-09-09 07:11:00,,,480b40d0-04bd-4590-a936-2f879b867977,Daily cylinder oil consumption - 117.9 ltr
3052,7440571a-841a-11ed-aa7c-7003bca91a86,lubes,151,LU-0001,Main Engine Cylinder Oil,ltr,CONSUME,-73.40,-73.40,ltr,0.00,08-Sep-2023 06:34,UTC,2023-09-08 06:34:00,,,228b5256-5bd2-4bf3-826f-c6fe76571449,Daily cylinder oil consumption - 73.4 ltr
3051,7440571a-841a-11ed-aa7c-7003bca91a86,lubes,151,LU-0001,Main Engine Cylinder Oil,ltr,CONSUME,-79.40,-79.40,ltr,0.00,07-Sep-2023 06:11,UTC,2023-09-07 06:11:00,,,480b40d0-04bd-4590-a936-2f879b867977,Daily cylinder oil consumption - 79.4 ltr
3050,7440571a-841a-11ed-aa7c-7003bca91a86,lubes,151,LU-0001,Main Engine Cylinder Oil,ltr,CONSUME,-100.60,-100.60,ltr,0.00,06-Sep-2023 09:27,UTC,2023-09-06 09:27:00,,,480b40d0-04bd-4590-a936-2f879b867977,Daily cylinder oil consumption - 100.6 ltr
3049,7440571a-841a-11ed-aa7c-7003bca91a86,lubes,151,LU-0001,Main Engine Cylinder Oil,ltr,CONSUME,-72.60,-72.60,ltr,0.00,05-Sep-2023 09:05,UTC,2023-09-05 09:05:00,,,480b40d0-04bd-4590-a936-2f879b867977,Daily cylinder oil consumption - 72.6 ltr
3048,7440571a-841a-11ed-aa7c-7003bca91a86,lubes,151,LU-0001,Main Engine Cylinder Oil,ltr,CONSUME,-88.60,-88.60,ltr,0.00,04-Sep-2023 09:36,UTC,2023-09-04 09:36:00,,,6084f3b8-85dc-462a-b045-111d2b2e6d0e,Daily cylinder oil consumption - 88.6 ltr
1667,7440571a-841a-11ed-aa7c-7003bca91a86,chemicals,164,CH-0004,Cooling Water Treatment Chemical,ltr,CONSUME,-1.08,-1.08,ltr,0.00,04-Sep-2023 00:00,UTC,2023-09-04 00:00:00,,,228b5256-5bd2-4bf3-826f-c6fe76571449,Weekly chemical consumption
1668,7440571a-841a-11ed-aa7c-7003bca91a86,chemicals,165,CH-0005,Potable Water Chlorination Chemical,ltr,CONSUME,-0.16,-0.16,ltr,0.00,04-Sep-2023 00:00,UTC,2023-09-04 00:00:00,,,6084f3b8-85dc-462a-b045-111d2b2e6d0e,Weekly chemical consumption
1666,7440571a-841a-11ed-aa7c-7003bca91a86,chemicals,162,CH-0002,Lube Oil Treatment Chemical,ltr,CONSUME,-1.59,-1.59,ltr,0.00,04-Sep-2023 00:00,UTC,2023-09-04 00:00:00,,,6084f3b8-85dc-462a-b045-111d2b2e6d0e,Weekly chemical consumption
1669,7440571a-841a-11ed-aa7c-7003bca91a86,chemicals,167,CH-0007,Degreasing Chemical,ltr,CONSUME,-1.10,-1.10,ltr,0.00,04-Sep-2023 00:00,UTC,2023-09-04 00:00:00,,,6084f3b8-85dc-462a-b045-111d2b2e6d0e,Weekly chemical consumption
3047,7440571a-841a-11ed-aa7c-7003bca91a86,lubes,151,LU-0001,Main Engine Cylinder Oil,ltr,CONSUME,-119.70,-119.70,ltr,0.00,03-Sep-2023 09:58,UTC,2023-09-03 09:58:00,,,6084f3b8-85dc-462a-b045-111d2b2e6d0e,Daily cylinder oil consumption - 119.7 ltr
3046,7440571a-841a-11ed-aa7c-7003bca91a86,lubes,151,LU-0001,Main Engine Cylinder Oil,ltr,CONSUME,-50.90,-50.90,ltr,0.00,02-Sep-2023 07:09,UTC,2023-09-02 07:09:00,,,228b5256-5bd2-4bf3-826f-c6fe76571449,Daily cylinder oil consumption - 50.9 ltr
3045,7440571a-841a-11ed-aa7c-7003bca91a86,lubes,151,LU-0001,Main Engine Cylinder Oil,ltr,CONSUME,-89.70,-89.70,ltr,0.00,01-Sep-2023 07:46,UTC,2023-09-01 07:46:00,,,056a433e-b880-43c6-9d59-b1cfe71a4014,Daily cylinder oil consumption - 89.7 ltr
1663,7440571a-841a-11ed-aa7c-7003bca91a86,stores,175,OT-0005,External structures,ltr,CONSUME,-3.93,-3.93,ltr,3.09,01-Sep-2023 00:00,UTC,2023-09-01 00:00:00,,,480b40d0-04bd-4590-a936-2f879b867977,General stores consumption
1661,7440571a-841a-11ed-aa7c-7003bca91a86,stores,148,IT-0008,Dust Mask / Respirator Mask,pcs,CONSUME,-1.45,-1.45,pcs,0.00,01-Sep-2023 00:00,UTC,2023-09-01 00:00:00,,,056a433e-b880-43c6-9d59-b1cfe71a4014,General stores consumption
1660,7440571a-841a-11ed-aa7c-7003bca91a86,stores,145,IT-0005,Welding Electrodes (General Purpose),pcs,CONSUME,-3.26,-3.26,pcs,3.57,01-Sep-2023 00:00,UTC,2023-09-01 00:00:00,,,6084f3b8-85dc-462a-b045-111d2b2e6d0e,General stores consumption
1659,7440571a-841a-11ed-aa7c-7003bca91a86,stores,142,IT-0002,Jeevan,pcs,CONSUME,-1.43,-1.43,pcs,0.00,01-Sep-2023 00:00,UTC,2023-09-01 00:00:00,,,6084f3b8-85dc-462a-b045-111d2b2e6d0e,General stores consumption
1665,7440571a-841a-11ed-aa7c-7003bca91a86,stores,178,OT-0008,"Pipes, tanks, machinery",ltr,CONSUME,-3.00,-3.00,ltr,0.00,01-Sep-2023 00:00,UTC,2023-09-01 00:00:00,,,056a433e-b880-43c6-9d59-b1cfe71a4014,General stores consumption
1662,7440571a-841a-11ed-aa7c-7003bca91a86,stores,150,IT-0010,Emery Paper / Abrasive Sheet,pcs,CONSUME,-3.62,-3.62,pcs,6.38,01-Sep-2023 00:00,UTC,2023-09-01 00:00:00,,,228b5256-5bd2-4bf3-826f-c6fe76571449,General stores consumption
1664,7440571a-841a-11ed-aa7c-7003bca91a86,stores,177,OT-0007,"Bilges, chain lockers",ltr,CONSUME,-3.64,-3.64,ltr,6.36,01-Sep-2023 00:00,UTC,2023-09-01 00:00:00,,,480b40d0-04bd-4590-a936-2f879b867977,General stores consumption
3044,7440571a-841a-11ed-aa7c-7003bca91a86,lubes,151,LU-0001,Main Engine Cylinder Oil,ltr,CONSUME,-88.10,-88.10,ltr,0.00,31-Aug-2023 09:00,UTC,2023-08-31 09:00:00,,,228b5256-5bd2-4bf3-826f-c6fe76571449,Daily cylinder oil consumption - 88.1 ltr
3043,7440571a-841a-11ed-aa7c-7003bca91a86,lubes,151,LU-0001,Main Engine Cylinder Oil,ltr,CONSUME,-116.90,-116.90,ltr,0.00,30-Aug-2023 08:51,UTC,2023-08-30 08:51:00,,,480b40d0-04bd-4590-a936-2f879b867977,Daily cylinder oil consumption - 116.9 ltr
3042,7440571a-841a-11ed-aa7c-7003bca91a86,lubes,151,LU-0001,Main Engine Cylinder Oil,ltr,CONSUME,-56.70,-56.70,ltr,0.00,29-Aug-2023 09:16,UTC,2023-08-29 09:16:00,,,056a433e-b880-43c6-9d59-b1cfe71a4014,Daily cylinder oil consumption - 56.7 ltr
3041,7440571a-841a-11ed-aa7c-7003bca91a86,lubes,151,LU-0001,Main Engine Cylinder Oil,ltr,CONSUME,-52.60,-52.60,ltr,0.00,28-Aug-2023 06:59,UTC,2023-08-28 06:59:00,,,480b40d0-04bd-4590-a936-2f879b867977,Daily cylinder oil consumption - 52.6 ltr
1656,7440571a-841a-11ed-aa7c-7003bca91a86,chemicals,165,CH-0005,Potable Water Chlorination Chemical,ltr,CONSUME,-2.06,-2.06,ltr,0.00,28-Aug-2023 00:00,UTC,2023-08-28 00:00:00,,,056a433e-b880-43c6-9d59-b1cfe71a4014,Weekly chemical consumption
1655,7440571a-841a-11ed-aa7c-7003bca91a86,chemicals,162,CH-0002,Lube Oil Treatment Chemical,ltr,CONSUME,-1.91,-1.91,ltr,0.00,28-Aug-2023 00:00,UTC,2023-08-28 00:00:00,,,228b5256-5bd2-4bf3-826f-c6fe76571449,Weekly chemical consumption
1654,7440571a-841a-11ed-aa7c-7003bca91a86,chemicals,161,CH-0001,Fuel Oil Treatment Chemical,ltr,CONSUME,-1.96,-1.96,ltr,0.00,28-Aug-2023 00:00,UTC,2023-08-28 00:00:00,,,228b5256-5bd2-4bf3-826f-c6fe76571449,Weekly chemical consumption
1657,7440571a-841a-11ed-aa7c-7003bca91a86,chemicals,166,CH-0006,Tank Cleaning Chemical (Alkaline),ltr,CONSUME,-0.37,-0.37,ltr,0.00,28-Aug-2023 00:00,UTC,2023-08-28 00:00:00,,,056a433e-b880-43c6-9d59-b1cfe71a4014,Weekly chemical consumption
1658,7440571a-841a-11ed-aa7c-7003bca91a86,chemicals,168,CH-0008,Rust Remover / Descaling Chemical,ltr,CONSUME,-0.28,-0.28,ltr,0.00,28-Aug-2023 00:00,UTC,2023-08-28 00:00:00,,,056a433e-b880-43c6-9d59-b1cfe71a4014,Weekly chemical consumption
4026,7440571a-841a-11ed-aa7c-7003bca91a86,chemicals,165,CH-0005,Potable Water Chlorination Chemical,ltr,CONSUME,-31.70,-31.70,ltr,4901.60,27-Aug-2023 12:32,UTC,2023-08-27 12:32:00,,,480b40d0-04bd-4590-a936-2f879b867977,Chemical consumption - Potable Water Chlorination Chemical
3040,7440571a-841a-11ed-aa7c-7003bca91a86,lubes,151,LU-0001,Main Engine Cylinder Oil,ltr,CONSUME,-92.90,-92.90,ltr,0.00,27-Aug-2023 08:53,UTC,2023-08-27 08:53:00,,,228b5256-5bd2-4bf3-826f-c6fe76571449,Daily cylinder oil consumption - 92.9 ltr
3039,7440571a-841a-11ed-aa7c-7003bca91a86,lubes,151,LU-0001,Main Engine Cylinder Oil,ltr,CONSUME,-56.50,-56.50,ltr,0.00,26-Aug-2023 08:24,UTC,2023-08-26 08:24:00,,,6084f3b8-85dc-462a-b045-111d2b2e6d0e,Daily cylinder oil consumption - 56.5 ltr
4097,7440571a-841a-11ed-aa7c-7003bca91a86,stores,143,IT-0003,Grinding Wheel (Grinding Disc),pcs,RECEIVE,126.00,126.00,pcs,626.00,25-Aug-2023 14:13,UTC,2023-08-25 14:13:00,Rotterdam,PO-2023-9757,228b5256-5bd2-4bf3-826f-c6fe76571449,Received at Rotterdam
4098,7440571a-841a-11ed-aa7c-7003bca91a86,lubes,155,LU-0005,Hydraulic Oil,ltr,RECEIVE,785.50,785.50,ltr,5785.50,25-Aug-2023 14:13,UTC,2023-08-25 14:13:00,Rotterdam,PO-2023-9757,228b5256-5bd2-4bf3-826f-c6fe76571449,Received at Rotterdam
3038,7440571a-841a-11ed-aa7c-7003bca91a86,lubes,151,LU-0001,Main Engine Cylinder Oil,ltr,CONSUME,-110.60,-110.60,ltr,0.00,25-Aug-2023 07:53,UTC,2023-08-25 07:53:00,,,056a433e-b880-43c6-9d59-b1cfe71a4014,Daily cylinder oil consumption - 110.6 ltr
3037,7440571a-841a-11ed-aa7c-7003bca91a86,lubes,151,LU-0001,Main Engine Cylinder Oil,ltr,CONSUME,-104.00,-104.00,ltr,0.00,24-Aug-2023 06:44,UTC,2023-08-24 06:44:00,,,480b40d0-04bd-4590-a936-2f879b867977,Daily cylinder oil consumption - 104.0 ltr
3036,7440571a-841a-11ed-aa7c-7003bca91a86,lubes,151,LU-0001,Main Engine Cylinder Oil,ltr,CONSUME,-85.40,-85.40,ltr,0.00,23-Aug-2023 07:03,UTC,2023-08-23 07:03:00,,,480b40d0-04bd-4590-a936-2f879b867977,Daily cylinder oil consumption - 85.4 ltr
3035,7440571a-841a-11ed-aa7c-7003bca91a86,lubes,151,LU-0001,Main Engine Cylinder Oil,ltr,CONSUME,-82.00,-82.00,ltr,0.00,22-Aug-2023 08:06,UTC,2023-08-22 08:06:00,,,6084f3b8-85dc-462a-b045-111d2b2e6d0e,Daily cylinder oil consumption - 82.0 ltr
3034,7440571a-841a-11ed-aa7c-7003bca91a86,lubes,151,LU-0001,Main Engine Cylinder Oil,ltr,CONSUME,-107.90,-107.90,ltr,0.00,21-Aug-2023 09:28,UTC,2023-08-21 09:28:00,,,056a433e-b880-43c6-9d59-b1cfe71a4014,Daily cylinder oil consumption - 107.9 ltr
1652,7440571a-841a-11ed-aa7c-7003bca91a86,chemicals,166,CH-0006,Tank Cleaning Chemical (Alkaline),ltr,CONSUME,-0.51,-0.51,ltr,0.00,21-Aug-2023 00:00,UTC,2023-08-21 00:00:00,,,6084f3b8-85dc-462a-b045-111d2b2e6d0e,Weekly chemical consumption
1649,7440571a-841a-11ed-aa7c-7003bca91a86,chemicals,161,CH-0001,Fuel Oil Treatment Chemical,ltr,CONSUME,-1.34,-1.34,ltr,0.00,21-Aug-2023 00:00,UTC,2023-08-21 00:00:00,,,056a433e-b880-43c6-9d59-b1cfe71a4014,Weekly chemical consumption
1650,7440571a-841a-11ed-aa7c-7003bca91a86,chemicals,162,CH-0002,Lube Oil Treatment Chemical,ltr,CONSUME,-1.62,-1.62,ltr,0.00,21-Aug-2023 00:00,UTC,2023-08-21 00:00:00,,,056a433e-b880-43c6-9d59-b1cfe71a4014,Weekly chemical consumption
1651,7440571a-841a-11ed-aa7c-7003bca91a86,chemicals,164,CH-0004,Cooling Water Treatment Chemical,ltr,CONSUME,-1.03,-1.03,ltr,0.00,21-Aug-2023 00:00,UTC,2023-08-21 00:00:00,,,6084f3b8-85dc-462a-b045-111d2b2e6d0e,Weekly chemical consumption
1653,7440571a-841a-11ed-aa7c-7003bca91a86,chemicals,167,CH-0007,Degreasing Chemical,ltr,CONSUME,-0.42,-0.42,ltr,0.00,21-Aug-2023 00:00,UTC,2023-08-21 00:00:00,,,6084f3b8-85dc-462a-b045-111d2b2e6d0e,Weekly chemical consumption
3033,7440571a-841a-11ed-aa7c-7003bca91a86,lubes,151,LU-0001,Main Engine Cylinder Oil,ltr,CONSUME,-66.40,-66.40,ltr,0.00,20-Aug-2023 06:05,UTC,2023-08-20 06:05:00,,,6084f3b8-85dc-462a-b045-111d2b2e6d0e,Daily cylinder oil consumption - 66.4 ltr
3032,7440571a-841a-11ed-aa7c-7003bca91a86,lubes,151,LU-0001,Main Engine Cylinder Oil,ltr,CONSUME,-103.10,-103.10,ltr,0.00,19-Aug-2023 06:00,UTC,2023-08-19 06:00:00,,,056a433e-b880-43c6-9d59-b1cfe71a4014,Daily cylinder oil consumption - 103.1 ltr
3952,7440571a-841a-11ed-aa7c-7003bca91a86,lubes,153,LU-0003,Auxiliary Engine Lube Oil,ltr,CONSUME,-234.50,-234.50,ltr,3905.70,18-Aug-2023 10:20,UTC,2023-08-18 10:20:00,,,056a433e-b880-43c6-9d59-b1cfe71a4014,Monthly AE lube oil top-up - 234.5 ltr
3951,7440571a-841a-11ed-aa7c-7003bca91a86,lubes,152,LU-0002,Main Engine System Oil,ltr,CONSUME,-162.90,-162.90,ltr,3920.20,18-Aug-2023 10:20,UTC,2023-08-18 10:20:00,,,228b5256-5bd2-4bf3-826f-c6fe76571449,Monthly ME system oil top-up - 162.9 ltr
3031,7440571a-841a-11ed-aa7c-7003bca91a86,lubes,151,LU-0001,Main Engine Cylinder Oil,ltr,CONSUME,-92.90,-92.90,ltr,0.00,18-Aug-2023 07:07,UTC,2023-08-18 07:07:00,,,6084f3b8-85dc-462a-b045-111d2b2e6d0e,Daily cylinder oil consumption - 92.9 ltr
3030,7440571a-841a-11ed-aa7c-7003bca91a86,lubes,151,LU-0001,Main Engine Cylinder Oil,ltr,CONSUME,-81.20,-81.20,ltr,0.00,17-Aug-2023 09:02,UTC,2023-08-17 09:02:00,,,6084f3b8-85dc-462a-b045-111d2b2e6d0e,Daily cylinder oil consumption - 81.2 ltr
3029,7440571a-841a-11ed-aa7c-7003bca91a86,lubes,151,LU-0001,Main Engine Cylinder Oil,ltr,CONSUME,-115.60,-115.60,ltr,0.00,16-Aug-2023 06:07,UTC,2023-08-16 06:07:00,,,480b40d0-04bd-4590-a936-2f879b867977,Daily cylinder oil consumption - 115.6 ltr
3028,7440571a-841a-11ed-aa7c-7003bca91a86,lubes,151,LU-0001,Main Engine Cylinder Oil,ltr,CONSUME,-76.90,-76.90,ltr,0.00,15-Aug-2023 08:45,UTC,2023-08-15 08:45:00,,,6084f3b8-85dc-462a-b045-111d2b2e6d0e,Daily cylinder oil consumption - 76.9 ltr
1648,7440571a-841a-11ed-aa7c-7003bca91a86,stores,145,IT-0005,Welding Electrodes (General Purpose),pcs,CONSUME,-2.86,-2.86,pcs,6.83,15-Aug-2023 00:00,UTC,2023-08-15 00:00:00,,,228b5256-5bd2-4bf3-826f-c6fe76571449,General stores consumption
3027,7440571a-841a-11ed-aa7c-7003bca91a86,lubes,151,LU-0001,Main Engine Cylinder Oil,ltr,CONSUME,-60.40,-60.40,ltr,0.00,14-Aug-2023 06:18,UTC,2023-08-14 06:18:00,,,056a433e-b880-43c6-9d59-b1cfe71a4014,Daily cylinder oil consumption - 60.4 ltr
1642,7440571a-841a-11ed-aa7c-7003bca91a86,chemicals,162,CH-0002,Lube Oil Treatment Chemical,ltr,CONSUME,-0.61,-0.61,ltr,0.55,14-Aug-2023 00:00,UTC,2023-08-14 00:00:00,,,6084f3b8-85dc-462a-b045-111d2b2e6d0e,Weekly chemical consumption
1647,7440571a-841a-11ed-aa7c-7003bca91a86,chemicals,168,CH-0008,Rust Remover / Descaling Chemical,ltr,CONSUME,-1.27,-1.27,ltr,0.00,14-Aug-2023 00:00,UTC,2023-08-14 00:00:00,,,6084f3b8-85dc-462a-b045-111d2b2e6d0e,Weekly chemical consumption
1646,7440571a-841a-11ed-aa7c-7003bca91a86,chemicals,167,CH-0007,Degreasing Chemical,ltr,CONSUME,-0.85,-0.85,ltr,0.00,14-Aug-2023 00:00,UTC,2023-08-14 00:00:00,,,228b5256-5bd2-4bf3-826f-c6fe76571449,Weekly chemical consumption
1645,7440571a-841a-11ed-aa7c-7003bca91a86,chemicals,166,CH-0006,Tank Cleaning Chemical (Alkaline),ltr,CONSUME,-1.60,-1.60,ltr,0.00,14-Aug-2023 00:00,UTC,2023-08-14 00:00:00,,,056a433e-b880-43c6-9d59-b1cfe71a4014,Weekly chemical consumption
1644,7440571a-841a-11ed-aa7c-7003bca91a86,chemicals,165,CH-0005,Potable Water Chlorination Chemical,ltr,CONSUME,-1.35,-1.35,ltr,0.00,14-Aug-2023 00:00,UTC,2023-08-14 00:00:00,,,6084f3b8-85dc-462a-b045-111d2b2e6d0e,Weekly chemical consumption
1643,7440571a-841a-11ed-aa7c-7003bca91a86,chemicals,164,CH-0004,Cooling Water Treatment Chemical,ltr,CONSUME,-1.39,-1.39,ltr,0.00,14-Aug-2023 00:00,UTC,2023-08-14 00:00:00,,,056a433e-b880-43c6-9d59-b1cfe71a4014,Weekly chemical consumption
3026,7440571a-841a-11ed-aa7c-7003bca91a86,lubes,151,LU-0001,Main Engine Cylinder Oil,ltr,CONSUME,-67.10,-67.10,ltr,0.00,13-Aug-2023 07:33,UTC,2023-08-13 07:33:00,,,228b5256-5bd2-4bf3-826f-c6fe76571449,Daily cylinder oil consumption - 67.1 ltr
3025,7440571a-841a-11ed-aa7c-7003bca91a86,lubes,151,LU-0001,Main Engine Cylinder Oil,ltr,CONSUME,-65.90,-65.90,ltr,0.00,12-Aug-2023 06:20,UTC,2023-08-12 06:20:00,,,228b5256-5bd2-4bf3-826f-c6fe76571449,Daily cylinder oil consumption - 65.9 ltr
3024,7440571a-841a-11ed-aa7c-7003bca91a86,lubes,151,LU-0001,Main Engine Cylinder Oil,ltr,CONSUME,-85.90,-85.90,ltr,0.00,11-Aug-2023 08:23,UTC,2023-08-11 08:23:00,,,228b5256-5bd2-4bf3-826f-c6fe76571449,Daily cylinder oil consumption - 85.9 ltr
2534,7440571a-841a-11ed-aa7c-7003bca91a86,stores,179,OT-0009,Weather decks,ltr,RECEIVE,14.45,14.45,ltr,64.18,11-Aug-2023 00:00,UTC,2023-08-11 00:00:00,Singapore,PO-2023-8122,228b5256-5bd2-4bf3-826f-c6fe76571449,Received at Singapore
2533,7440571a-841a-11ed-aa7c-7003bca91a86,stores,174,OT-0004,Waterline area,ltr,RECEIVE,42.00,42.00,ltr,67.27,11-Aug-2023 00:00,UTC,2023-08-11 00:00:00,Singapore,PO-2023-0308,228b5256-5bd2-4bf3-826f-c6fe76571449,Received at Singapore
2525,7440571a-841a-11ed-aa7c-7003bca91a86,stores,146,IT-0006,Safety Goggles (Clear),pcs,RECEIVE,17.81,17.81,pcs,70.63,11-Aug-2023 00:00,UTC,2023-08-11 00:00:00,Singapore,PO-2023-5089,228b5256-5bd2-4bf3-826f-c6fe76571449,Received at Singapore
2526,7440571a-841a-11ed-aa7c-7003bca91a86,stores,152,LU-0002,Main Engine System Oil,ltr,RECEIVE,29.08,29.08,ltr,54.50,11-Aug-2023 00:00,UTC,2023-08-11 00:00:00,Singapore,PO-2023-4577,228b5256-5bd2-4bf3-826f-c6fe76571449,Received at Singapore
2527,7440571a-841a-11ed-aa7c-7003bca91a86,stores,156,LU-0006,Gear Oil,ltr,RECEIVE,38.26,38.26,ltr,48.26,11-Aug-2023 00:00,UTC,2023-08-11 00:00:00,Singapore,PO-2023-5687,228b5256-5bd2-4bf3-826f-c6fe76571449,Received at Singapore
2528,7440571a-841a-11ed-aa7c-7003bca91a86,stores,157,LU-0007,Stern Tube Oil,ltr,RECEIVE,32.42,32.42,ltr,122.74,11-Aug-2023 00:00,UTC,2023-08-11 00:00:00,Singapore,PO-2023-1346,228b5256-5bd2-4bf3-826f-c6fe76571449,Received at Singapore
2529,7440571a-841a-11ed-aa7c-7003bca91a86,chemicals,162,CH-0002,Lube Oil Treatment Chemical,ltr,RECEIVE,12.38,12.38,ltr,73.41,11-Aug-2023 00:00,UTC,2023-08-11 00:00:00,Singapore,PO-2023-3726,228b5256-5bd2-4bf3-826f-c6fe76571449,Received at Singapore
2531,7440571a-841a-11ed-aa7c-7003bca91a86,stores,171,OT-0001,Steel surface protection,ltr,RECEIVE,8.34,8.34,ltr,61.56,11-Aug-2023 00:00,UTC,2023-08-11 00:00:00,Singapore,PO-2023-0932,228b5256-5bd2-4bf3-826f-c6fe76571449,Received at Singapore
2536,7440571a-841a-11ed-aa7c-7003bca91a86,stores,151,LU-0001,Main Engine Cylinder Oil,ltr,RECEIVE,8.72,8.72,ltr,36.04,11-Aug-2023 00:00,UTC,2023-08-11 00:00:00,Singapore,PO-2023-4024,228b5256-5bd2-4bf3-826f-c6fe76571449,Received at Singapore
2535,7440571a-841a-11ed-aa7c-7003bca91a86,stores,180,OT-0010,"Pipelines, safety markings",ltr,RECEIVE,47.37,47.37,ltr,108.64,11-Aug-2023 00:00,UTC,2023-08-11 00:00:00,Singapore,PO-2023-1201,228b5256-5bd2-4bf3-826f-c6fe76571449,Received at Singapore
2532,7440571a-841a-11ed-aa7c-7003bca91a86,stores,172,OT-0002,"Ballast tanks, machinery spaces",ltr,RECEIVE,47.16,47.16,ltr,129.08,11-Aug-2023 00:00,UTC,2023-08-11 00:00:00,Singapore,PO-2023-0802,228b5256-5bd2-4bf3-826f-c6fe76571449,Received at Singapore
2530,7440571a-841a-11ed-aa7c-7003bca91a86,chemicals,167,CH-0007,Degreasing Chemical,ltr,RECEIVE,37.03,37.03,ltr,37.03,11-Aug-2023 00:00,UTC,2023-08-11 00:00:00,Singapore,PO-2023-2763,228b5256-5bd2-4bf3-826f-c6fe76571449,Received at Singapore
3023,7440571a-841a-11ed-aa7c-7003bca91a86,lubes,151,LU-0001,Main Engine Cylinder Oil,ltr,CONSUME,-60.90,-60.90,ltr,0.00,10-Aug-2023 09:16,UTC,2023-08-10 09:16:00,,,480b40d0-04bd-4590-a936-2f879b867977,Daily cylinder oil consumption - 60.9 ltr
3022,7440571a-841a-11ed-aa7c-7003bca91a86,lubes,151,LU-0001,Main Engine Cylinder Oil,ltr,CONSUME,-118.40,-118.40,ltr,0.00,09-Aug-2023 06:29,UTC,2023-08-09 06:29:00,,,6084f3b8-85dc-462a-b045-111d2b2e6d0e,Daily cylinder oil consumption - 118.4 ltr
3021,7440571a-841a-11ed-aa7c-7003bca91a86,lubes,151,LU-0001,Main Engine Cylinder Oil,ltr,CONSUME,-80.00,-80.00,ltr,0.00,08-Aug-2023 09:43,UTC,2023-08-08 09:43:00,,,056a433e-b880-43c6-9d59-b1cfe71a4014,Daily cylinder oil consumption - 80.0 ltr
3020,7440571a-841a-11ed-aa7c-7003bca91a86,lubes,151,LU-0001,Main Engine Cylinder Oil,ltr,CONSUME,-89.90,-89.90,ltr,0.00,07-Aug-2023 07:58,UTC,2023-08-07 07:58:00,,,228b5256-5bd2-4bf3-826f-c6fe76571449,Daily cylinder oil consumption - 89.9 ltr
1640,7440571a-841a-11ed-aa7c-7003bca91a86,chemicals,164,CH-0004,Cooling Water Treatment Chemical,ltr,CONSUME,-1.99,-1.99,ltr,0.00,07-Aug-2023 00:00,UTC,2023-08-07 00:00:00,,,228b5256-5bd2-4bf3-826f-c6fe76571449,Weekly chemical consumption
1641,7440571a-841a-11ed-aa7c-7003bca91a86,chemicals,165,CH-0005,Potable Water Chlorination Chemical,ltr,CONSUME,-1.92,-1.92,ltr,0.00,07-Aug-2023 00:00,UTC,2023-08-07 00:00:00,,,228b5256-5bd2-4bf3-826f-c6fe76571449,Weekly chemical consumption
1639,7440571a-841a-11ed-aa7c-7003bca91a86,chemicals,162,CH-0002,Lube Oil Treatment Chemical,ltr,CONSUME,-1.12,-1.12,ltr,1.16,07-Aug-2023 00:00,UTC,2023-08-07 00:00:00,,,6084f3b8-85dc-462a-b045-111d2b2e6d0e,Weekly chemical consumption
1638,7440571a-841a-11ed-aa7c-7003bca91a86,chemicals,161,CH-0001,Fuel Oil Treatment Chemical,ltr,CONSUME,-0.58,-0.58,ltr,0.00,07-Aug-2023 00:00,UTC,2023-08-07 00:00:00,,,056a433e-b880-43c6-9d59-b1cfe71a4014,Weekly chemical consumption
3019,7440571a-841a-11ed-aa7c-7003bca91a86,lubes,151,LU-0001,Main Engine Cylinder Oil,ltr,CONSUME,-78.90,-78.90,ltr,0.00,06-Aug-2023 06:10,UTC,2023-08-06 06:10:00,,,480b40d0-04bd-4590-a936-2f879b867977,Daily cylinder oil consumption - 78.9 ltr
4021,7440571a-841a-11ed-aa7c-7003bca91a86,chemicals,166,CH-0006,Tank Cleaning Chemical (Alkaline),ltr,CONSUME,-15.00,-15.00,ltr,4985.00,05-Aug-2023 17:34,UTC,2023-08-05 17:34:00,,,056a433e-b880-43c6-9d59-b1cfe71a4014,Chemical consumption - Tank Cleaning Chemical (Alkaline)
3018,7440571a-841a-11ed-aa7c-7003bca91a86,lubes,151,LU-0001,Main Engine Cylinder Oil,ltr,CONSUME,-65.10,-65.10,ltr,0.00,05-Aug-2023 08:19,UTC,2023-08-05 08:19:00,,,228b5256-5bd2-4bf3-826f-c6fe76571449,Daily cylinder oil consumption - 65.1 ltr
3017,7440571a-841a-11ed-aa7c-7003bca91a86,lubes,151,LU-0001,Main Engine Cylinder Oil,ltr,CONSUME,-100.60,-100.60,ltr,0.00,04-Aug-2023 07:45,UTC,2023-08-04 07:45:00,,,6084f3b8-85dc-462a-b045-111d2b2e6d0e,Daily cylinder oil consumption - 100.6 ltr
3016,7440571a-841a-11ed-aa7c-7003bca91a86,lubes,151,LU-0001,Main Engine Cylinder Oil,ltr,CONSUME,-74.20,-74.20,ltr,0.00,03-Aug-2023 09:41,UTC,2023-08-03 09:41:00,,,228b5256-5bd2-4bf3-826f-c6fe76571449,Daily cylinder oil consumption - 74.2 ltr
3015,7440571a-841a-11ed-aa7c-7003bca91a86,lubes,151,LU-0001,Main Engine Cylinder Oil,ltr,CONSUME,-70.50,-70.50,ltr,0.00,02-Aug-2023 06:40,UTC,2023-08-02 06:40:00,,,6084f3b8-85dc-462a-b045-111d2b2e6d0e,Daily cylinder oil consumption - 70.5 ltr
3014,7440571a-841a-11ed-aa7c-7003bca91a86,lubes,151,LU-0001,Main Engine Cylinder Oil,ltr,CONSUME,-119.90,-119.90,ltr,0.00,01-Aug-2023 09:26,UTC,2023-08-01 09:26:00,,,6084f3b8-85dc-462a-b045-111d2b2e6d0e,Daily cylinder oil consumption - 119.9 ltr
1634,7440571a-841a-11ed-aa7c-7003bca91a86,stores,142,IT-0002,Jeevan,pcs,CONSUME,-2.55,-2.55,pcs,0.00,01-Aug-2023 00:00,UTC,2023-08-01 00:00:00,,,056a433e-b880-43c6-9d59-b1cfe71a4014,General stores consumption
1635,7440571a-841a-11ed-aa7c-7003bca91a86,stores,143,IT-0003,Grinding Wheel (Grinding Disc),pcs,CONSUME,-2.84,-2.84,pcs,5.16,01-Aug-2023 00:00,UTC,2023-08-01 00:00:00,,,056a433e-b880-43c6-9d59-b1cfe71a4014,General stores consumption
1636,7440571a-841a-11ed-aa7c-7003bca91a86,stores,148,IT-0008,Dust Mask / Respirator Mask,pcs,CONSUME,-3.38,-3.38,pcs,0.00,01-Aug-2023 00:00,UTC,2023-08-01 00:00:00,,,228b5256-5bd2-4bf3-826f-c6fe76571449,General stores consumption
1637,7440571a-841a-11ed-aa7c-7003bca91a86,stores,179,OT-0009,Weather decks,ltr,CONSUME,-1.80,-1.80,ltr,0.00,01-Aug-2023 00:00,UTC,2023-08-01 00:00:00,,,6084f3b8-85dc-462a-b045-111d2b2e6d0e,General stores consumption
3013,7440571a-841a-11ed-aa7c-7003bca91a86,lubes,151,LU-0001,Main Engine Cylinder Oil,ltr,CONSUME,-51.50,-51.50,ltr,0.00,31-Jul-2023 08:50,UTC,2023-07-31 08:50:00,,,228b5256-5bd2-4bf3-826f-c6fe76571449,Daily cylinder oil consumption - 51.5 ltr
1629,7440571a-841a-11ed-aa7c-7003bca91a86,chemicals,161,CH-0001,Fuel Oil Treatment Chemical,ltr,CONSUME,-1.29,-1.29,ltr,0.00,31-Jul-2023 00:00,UTC,2023-07-31 00:00:00,,,6084f3b8-85dc-462a-b045-111d2b2e6d0e,Weekly chemical consumption
1630,7440571a-841a-11ed-aa7c-7003bca91a86,chemicals,163,CH-0003,Boiler Water Treatment Chemical,ltr,CONSUME,-0.93,-0.93,ltr,1.58,31-Jul-2023 00:00,UTC,2023-07-31 00:00:00,,,056a433e-b880-43c6-9d59-b1cfe71a4014,Weekly chemical consumption
1631,7440571a-841a-11ed-aa7c-7003bca91a86,chemicals,167,CH-0007,Degreasing Chemical,ltr,CONSUME,-0.56,-0.56,ltr,0.00,31-Jul-2023 00:00,UTC,2023-07-31 00:00:00,,,056a433e-b880-43c6-9d59-b1cfe71a4014,Weekly chemical consumption
1632,7440571a-841a-11ed-aa7c-7003bca91a86,chemicals,168,CH-0008,Rust Remover / Descaling Chemical,ltr,CONSUME,-1.51,-1.51,ltr,0.00,31-Jul-2023 00:00,UTC,2023-07-31 00:00:00,,,480b40d0-04bd-4590-a936-2f879b867977,Weekly chemical consumption
1633,7440571a-841a-11ed-aa7c-7003bca91a86,chemicals,169,CH-0009,Sewage Treatment Plant Chemical,ltr,CONSUME,-0.95,-0.95,ltr,0.61,31-Jul-2023 00:00,UTC,2023-07-31 00:00:00,,,6084f3b8-85dc-462a-b045-111d2b2e6d0e,Weekly chemical consumption
3012,7440571a-841a-11ed-aa7c-7003bca91a86,lubes,151,LU-0001,Main Engine Cylinder Oil,ltr,CONSUME,-106.50,-106.50,ltr,0.00,30-Jul-2023 07:12,UTC,2023-07-30 07:12:00,,,480b40d0-04bd-4590-a936-2f879b867977,Daily cylinder oil consumption - 106.5 ltr
3011,7440571a-841a-11ed-aa7c-7003bca91a86,lubes,151,LU-0001,Main Engine Cylinder Oil,ltr,CONSUME,-94.00,-94.00,ltr,0.00,29-Jul-2023 09:14,UTC,2023-07-29 09:14:00,,,228b5256-5bd2-4bf3-826f-c6fe76571449,Daily cylinder oil consumption - 94.0 ltr
3010,7440571a-841a-11ed-aa7c-7003bca91a86,lubes,151,LU-0001,Main Engine Cylinder Oil,ltr,CONSUME,-66.30,-66.30,ltr,0.00,28-Jul-2023 09:31,UTC,2023-07-28 09:31:00,,,6084f3b8-85dc-462a-b045-111d2b2e6d0e,Daily cylinder oil consumption - 66.3 ltr
3009,7440571a-841a-11ed-aa7c-7003bca91a86,lubes,151,LU-0001,Main Engine Cylinder Oil,ltr,CONSUME,-106.10,-106.10,ltr,0.00,27-Jul-2023 07:51,UTC,2023-07-27 07:51:00,,,6084f3b8-85dc-462a-b045-111d2b2e6d0e,Daily cylinder oil consumption - 106.1 ltr
3008,7440571a-841a-11ed-aa7c-7003bca91a86,lubes,151,LU-0001,Main Engine Cylinder Oil,ltr,CONSUME,-116.90,-116.90,ltr,0.00,26-Jul-2023 07:42,UTC,2023-07-26 07:42:00,,,056a433e-b880-43c6-9d59-b1cfe71a4014,Daily cylinder oil consumption - 116.9 ltr
3007,7440571a-841a-11ed-aa7c-7003bca91a86,lubes,151,LU-0001,Main Engine Cylinder Oil,ltr,CONSUME,-82.50,-82.50,ltr,0.00,25-Jul-2023 07:12,UTC,2023-07-25 07:12:00,,,6084f3b8-85dc-462a-b045-111d2b2e6d0e,Daily cylinder oil consumption - 82.5 ltr
3006,7440571a-841a-11ed-aa7c-7003bca91a86,lubes,151,LU-0001,Main Engine Cylinder Oil,ltr,CONSUME,-89.90,-89.90,ltr,0.00,24-Jul-2023 09:22,UTC,2023-07-24 09:22:00,,,056a433e-b880-43c6-9d59-b1cfe71a4014,Daily cylinder oil consumption - 89.9 ltr
1628,7440571a-841a-11ed-aa7c-7003bca91a86,chemicals,168,CH-0008,Rust Remover / Descaling Chemical,ltr,CONSUME,-0.94,-0.94,ltr,0.00,24-Jul-2023 00:00,UTC,2023-07-24 00:00:00,,,056a433e-b880-43c6-9d59-b1cfe71a4014,Weekly chemical consumption
1627,7440571a-841a-11ed-aa7c-7003bca91a86,chemicals,166,CH-0006,Tank Cleaning Chemical (Alkaline),ltr,CONSUME,-1.26,-1.26,ltr,0.00,24-Jul-2023 00:00,UTC,2023-07-24 00:00:00,,,228b5256-5bd2-4bf3-826f-c6fe76571449,Weekly chemical consumption
3005,7440571a-841a-11ed-aa7c-7003bca91a86,lubes,151,LU-0001,Main Engine Cylinder Oil,ltr,CONSUME,-91.90,-91.90,ltr,0.00,23-Jul-2023 09:40,UTC,2023-07-23 09:40:00,,,228b5256-5bd2-4bf3-826f-c6fe76571449,Daily cylinder oil consumption - 91.9 ltr
3004,7440571a-841a-11ed-aa7c-7003bca91a86,lubes,151,LU-0001,Main Engine Cylinder Oil,ltr,CONSUME,-82.10,-82.10,ltr,0.00,22-Jul-2023 08:26,UTC,2023-07-22 08:26:00,,,480b40d0-04bd-4590-a936-2f879b867977,Daily cylinder oil consumption - 82.1 ltr
3003,7440571a-841a-11ed-aa7c-7003bca91a86,lubes,151,LU-0001,Main Engine Cylinder Oil,ltr,CONSUME,-116.80,-116.80,ltr,0.00,21-Jul-2023 06:13,UTC,2023-07-21 06:13:00,,,6084f3b8-85dc-462a-b045-111d2b2e6d0e,Daily cylinder oil consumption - 116.8 ltr
4022,7440571a-841a-11ed-aa7c-7003bca91a86,chemicals,165,CH-0005,Potable Water Chlorination Chemical,ltr,CONSUME,-33.70,-33.70,ltr,4933.30,20-Jul-2023 15:54,UTC,2023-07-20 15:54:00,,,056a433e-b880-43c6-9d59-b1cfe71a4014,Chemical consumption - Potable Water Chlorination Chemical
3002,7440571a-841a-11ed-aa7c-7003bca91a86,lubes,151,LU-0001,Main Engine Cylinder Oil,ltr,CONSUME,-110.00,-110.00,ltr,0.00,20-Jul-2023 08:22,UTC,2023-07-20 08:22:00,,,228b5256-5bd2-4bf3-826f-c6fe76571449,Daily cylinder oil consumption - 110.0 ltr
3950,7440571a-841a-11ed-aa7c-7003bca91a86,lubes,153,LU-0003,Auxiliary Engine Lube Oil,ltr,CONSUME,-148.70,-148.70,ltr,4140.20,19-Jul-2023 13:26,UTC,2023-07-19 13:26:00,,,056a433e-b880-43c6-9d59-b1cfe71a4014,Monthly AE lube oil top-up - 148.7 ltr
3949,7440571a-841a-11ed-aa7c-7003bca91a86,lubes,152,LU-0002,Main Engine System Oil,ltr,CONSUME,-205.90,-205.90,ltr,4083.10,19-Jul-2023 13:26,UTC,2023-07-19 13:26:00,,,228b5256-5bd2-4bf3-826f-c6fe76571449,Monthly ME system oil top-up - 205.9 ltr
3001,7440571a-841a-11ed-aa7c-7003bca91a86,lubes,151,LU-0001,Main Engine Cylinder Oil,ltr,CONSUME,-98.00,-98.00,ltr,0.00,19-Jul-2023 09:50,UTC,2023-07-19 09:50:00,,,6084f3b8-85dc-462a-b045-111d2b2e6d0e,Daily cylinder oil consumption - 98.0 ltr
3000,7440571a-841a-11ed-aa7c-7003bca91a86,lubes,151,LU-0001,Main Engine Cylinder Oil,ltr,CONSUME,-77.40,-77.40,ltr,0.00,18-Jul-2023 09:34,UTC,2023-07-18 09:34:00,,,6084f3b8-85dc-462a-b045-111d2b2e6d0e,Daily cylinder oil consumption - 77.4 ltr
2999,7440571a-841a-11ed-aa7c-7003bca91a86,lubes,151,LU-0001,Main Engine Cylinder Oil,ltr,CONSUME,-59.80,-59.80,ltr,0.00,17-Jul-2023 09:43,UTC,2023-07-17 09:43:00,,,480b40d0-04bd-4590-a936-2f879b867977,Daily cylinder oil consumption - 59.8 ltr
1624,7440571a-841a-11ed-aa7c-7003bca91a86,chemicals,164,CH-0004,Cooling Water Treatment Chemical,ltr,CONSUME,-1.95,-1.95,ltr,0.11,17-Jul-2023 00:00,UTC,2023-07-17 00:00:00,,,228b5256-5bd2-4bf3-826f-c6fe76571449,Weekly chemical consumption
1626,7440571a-841a-11ed-aa7c-7003bca91a86,chemicals,170,CH-0010,Hand Cleaning Chemical (Industrial Soap),ltr,CONSUME,-0.14,-0.14,ltr,4.79,17-Jul-2023 00:00,UTC,2023-07-17 00:00:00,,,480b40d0-04bd-4590-a936-2f879b867977,Weekly chemical consumption
1625,7440571a-841a-11ed-aa7c-7003bca91a86,chemicals,169,CH-0009,Sewage Treatment Plant Chemical,ltr,CONSUME,-0.63,-0.63,ltr,1.56,17-Jul-2023 00:00,UTC,2023-07-17 00:00:00,,,228b5256-5bd2-4bf3-826f-c6fe76571449,Weekly chemical consumption
2998,7440571a-841a-11ed-aa7c-7003bca91a86,lubes,151,LU-0001,Main Engine Cylinder Oil,ltr,CONSUME,-99.70,-99.70,ltr,0.00,16-Jul-2023 08:28,UTC,2023-07-16 08:28:00,,,6084f3b8-85dc-462a-b045-111d2b2e6d0e,Daily cylinder oil consumption - 99.7 ltr
2997,7440571a-841a-11ed-aa7c-7003bca91a86,lubes,151,LU-0001,Main Engine Cylinder Oil,ltr,CONSUME,-81.60,-81.60,ltr,0.00,15-Jul-2023 08:48,UTC,2023-07-15 08:48:00,,,056a433e-b880-43c6-9d59-b1cfe71a4014,Daily cylinder oil consumption - 81.6 ltr
1623,7440571a-841a-11ed-aa7c-7003bca91a86,stores,174,OT-0004,Waterline area,ltr,CONSUME,-3.55,-3.55,ltr,6.45,15-Jul-2023 00:00,UTC,2023-07-15 00:00:00,,,480b40d0-04bd-4590-a936-2f879b867977,General stores consumption
1621,7440571a-841a-11ed-aa7c-7003bca91a86,stores,146,IT-0006,Safety Goggles (Clear),pcs,CONSUME,-1.31,-1.31,pcs,2.51,15-Jul-2023 00:00,UTC,2023-07-15 00:00:00,,,6084f3b8-85dc-462a-b045-111d2b2e6d0e,General stores consumption
1622,7440571a-841a-11ed-aa7c-7003bca91a86,stores,147,IT-0007,Ear Plugs (Disposable),pcs,CONSUME,-3.82,-3.82,pcs,2.59,15-Jul-2023 00:00,UTC,2023-07-15 00:00:00,,,228b5256-5bd2-4bf3-826f-c6fe76571449,General stores consumption
4024,7440571a-841a-11ed-aa7c-7003bca91a86,chemicals,167,CH-0007,Degreasing Chemical,ltr,CONSUME,-29.30,-29.30,ltr,4970.70,14-Jul-2023 17:56,UTC,2023-07-14 17:56:00,,,228b5256-5bd2-4bf3-826f-c6fe76571449,Chemical consumption - Degreasing Chemical
2996,7440571a-841a-11ed-aa7c-7003bca91a86,lubes,151,LU-0001,Main Engine Cylinder Oil,ltr,CONSUME,-52.60,-52.60,ltr,0.00,14-Jul-2023 09:47,UTC,2023-07-14 09:47:00,,,056a433e-b880-43c6-9d59-b1cfe71a4014,Daily cylinder oil consumption - 52.6 ltr
2995,7440571a-841a-11ed-aa7c-7003bca91a86,lubes,151,LU-0001,Main Engine Cylinder Oil,ltr,CONSUME,-76.00,-76.00,ltr,0.00,13-Jul-2023 08:22,UTC,2023-07-13 08:22:00,,,056a433e-b880-43c6-9d59-b1cfe71a4014,Daily cylinder oil consumption - 76.0 ltr
2994,7440571a-841a-11ed-aa7c-7003bca91a86,lubes,151,LU-0001,Main Engine Cylinder Oil,ltr,CONSUME,-65.50,-65.50,ltr,0.00,12-Jul-2023 07:55,UTC,2023-07-12 07:55:00,,,228b5256-5bd2-4bf3-826f-c6fe76571449,Daily cylinder oil consumption - 65.5 ltr
2993,7440571a-841a-11ed-aa7c-7003bca91a86,lubes,151,LU-0001,Main Engine Cylinder Oil,ltr,CONSUME,-117.60,-117.60,ltr,0.00,11-Jul-2023 07:22,UTC,2023-07-11 07:22:00,,,480b40d0-04bd-4590-a936-2f879b867977,Daily cylinder oil consumption - 117.6 ltr
4020,7440571a-841a-11ed-aa7c-7003bca91a86,chemicals,168,CH-0008,Rust Remover / Descaling Chemical,ltr,CONSUME,-21.60,-21.60,ltr,4948.70,10-Jul-2023 09:46,UTC,2023-07-10 09:46:00,,,228b5256-5bd2-4bf3-826f-c6fe76571449,Chemical consumption - Rust Remover / Descaling Chemical
2992,7440571a-841a-11ed-aa7c-7003bca91a86,lubes,151,LU-0001,Main Engine Cylinder Oil,ltr,CONSUME,-117.00,-117.00,ltr,0.00,10-Jul-2023 08:26,UTC,2023-07-10 08:26:00,,,228b5256-5bd2-4bf3-826f-c6fe76571449,Daily cylinder oil consumption - 117.0 ltr
1620,7440571a-841a-11ed-aa7c-7003bca91a86,chemicals,170,CH-0010,Hand Cleaning Chemical (Industrial Soap),ltr,CONSUME,-0.42,-0.42,ltr,4.93,10-Jul-2023 00:00,UTC,2023-07-10 00:00:00,,,480b40d0-04bd-4590-a936-2f879b867977,Weekly chemical consumption
1619,7440571a-841a-11ed-aa7c-7003bca91a86,chemicals,167,CH-0007,Degreasing Chemical,ltr,CONSUME,-1.55,-1.55,ltr,0.00,10-Jul-2023 00:00,UTC,2023-07-10 00:00:00,,,6084f3b8-85dc-462a-b045-111d2b2e6d0e,Weekly chemical consumption
4023,7440571a-841a-11ed-aa7c-7003bca91a86,chemicals,161,CH-0001,Fuel Oil Treatment Chemical,ltr,CONSUME,-33.70,-33.70,ltr,4954.90,09-Jul-2023 10:43,UTC,2023-07-09 10:43:00,,,056a433e-b880-43c6-9d59-b1cfe71a4014,Chemical consumption - Fuel Oil Treatment Chemical
2991,7440571a-841a-11ed-aa7c-7003bca91a86,lubes,151,LU-0001,Main Engine Cylinder Oil,ltr,CONSUME,-96.10,-96.10,ltr,0.00,09-Jul-2023 06:03,UTC,2023-07-09 06:03:00,,,6084f3b8-85dc-462a-b045-111d2b2e6d0e,Daily cylinder oil consumption - 96.1 ltr
4094,7440571a-841a-11ed-aa7c-7003bca91a86,lubes,156,LU-0006,Gear Oil,ltr,RECEIVE,1893.50,1893.50,ltr,6893.50,08-Jul-2023 14:21,UTC,2023-07-08 14:21:00,Mumbai,PO-2023-7117,228b5256-5bd2-4bf3-826f-c6fe76571449,Received at Mumbai
4096,7440571a-841a-11ed-aa7c-7003bca91a86,stores,142,IT-0002,Jeevan,pcs,RECEIVE,28.00,28.00,pcs,528.00,08-Jul-2023 14:21,UTC,2023-07-08 14:21:00,Mumbai,PO-2023-7117,228b5256-5bd2-4bf3-826f-c6fe76571449,Received at Mumbai
4095,7440571a-841a-11ed-aa7c-7003bca91a86,lubes,152,LU-0002,Main Engine System Oil,ltr,RECEIVE,822.20,822.20,ltr,822.20,08-Jul-2023 14:21,UTC,2023-07-08 14:21:00,Mumbai,PO-2023-7117,228b5256-5bd2-4bf3-826f-c6fe76571449,Received at Mumbai
2990,7440571a-841a-11ed-aa7c-7003bca91a86,lubes,151,LU-0001,Main Engine Cylinder Oil,ltr,CONSUME,-78.70,-78.70,ltr,0.00,08-Jul-2023 07:47,UTC,2023-07-08 07:47:00,,,6084f3b8-85dc-462a-b045-111d2b2e6d0e,Daily cylinder oil consumption - 78.7 ltr
2989,7440571a-841a-11ed-aa7c-7003bca91a86,lubes,151,LU-0001,Main Engine Cylinder Oil,ltr,CONSUME,-73.90,-73.90,ltr,0.00,07-Jul-2023 08:17,UTC,2023-07-07 08:17:00,,,480b40d0-04bd-4590-a936-2f879b867977,Daily cylinder oil consumption - 73.9 ltr
2988,7440571a-841a-11ed-aa7c-7003bca91a86,lubes,151,LU-0001,Main Engine Cylinder Oil,ltr,CONSUME,-62.40,-62.40,ltr,0.00,06-Jul-2023 08:30,UTC,2023-07-06 08:30:00,,,056a433e-b880-43c6-9d59-b1cfe71a4014,Daily cylinder oil consumption - 62.4 ltr
2987,7440571a-841a-11ed-aa7c-7003bca91a86,lubes,151,LU-0001,Main Engine Cylinder Oil,ltr,CONSUME,-114.70,-114.70,ltr,0.00,05-Jul-2023 08:26,UTC,2023-07-05 08:26:00,,,480b40d0-04bd-4590-a936-2f879b867977,Daily cylinder oil consumption - 114.7 ltr
2986,7440571a-841a-11ed-aa7c-7003bca91a86,lubes,151,LU-0001,Main Engine Cylinder Oil,ltr,CONSUME,-91.10,-91.10,ltr,0.00,04-Jul-2023 06:52,UTC,2023-07-04 06:52:00,,,6084f3b8-85dc-462a-b045-111d2b2e6d0e,Daily cylinder oil consumption - 91.1 ltr
2985,7440571a-841a-11ed-aa7c-7003bca91a86,lubes,151,LU-0001,Main Engine Cylinder Oil,ltr,CONSUME,-73.30,-73.30,ltr,0.00,03-Jul-2023 09:20,UTC,2023-07-03 09:20:00,,,6084f3b8-85dc-462a-b045-111d2b2e6d0e,Daily cylinder oil consumption - 73.3 ltr
1617,7440571a-841a-11ed-aa7c-7003bca91a86,chemicals,165,CH-0005,Potable Water Chlorination Chemical,ltr,CONSUME,-0.55,-0.55,ltr,0.11,03-Jul-2023 00:00,UTC,2023-07-03 00:00:00,,,6084f3b8-85dc-462a-b045-111d2b2e6d0e,Weekly chemical consumption
1615,7440571a-841a-11ed-aa7c-7003bca91a86,chemicals,162,CH-0002,Lube Oil Treatment Chemical,ltr,CONSUME,-1.25,-1.25,ltr,2.28,03-Jul-2023 00:00,UTC,2023-07-03 00:00:00,,,480b40d0-04bd-4590-a936-2f879b867977,Weekly chemical consumption
1616,7440571a-841a-11ed-aa7c-7003bca91a86,chemicals,163,CH-0003,Boiler Water Treatment Chemical,ltr,CONSUME,-1.34,-1.34,ltr,2.51,03-Jul-2023 00:00,UTC,2023-07-03 00:00:00,,,056a433e-b880-43c6-9d59-b1cfe71a4014,Weekly chemical consumption
1618,7440571a-841a-11ed-aa7c-7003bca91a86,chemicals,166,CH-0006,Tank Cleaning Chemical (Alkaline),ltr,CONSUME,-0.73,-0.73,ltr,0.00,03-Jul-2023 00:00,UTC,2023-07-03 00:00:00,,,6084f3b8-85dc-462a-b045-111d2b2e6d0e,Weekly chemical consumption
2984,7440571a-841a-11ed-aa7c-7003bca91a86,lubes,151,LU-0001,Main Engine Cylinder Oil,ltr,CONSUME,-99.70,-99.70,ltr,0.00,02-Jul-2023 07:05,UTC,2023-07-02 07:05:00,,,6084f3b8-85dc-462a-b045-111d2b2e6d0e,Daily cylinder oil consumption - 99.7 ltr
2983,7440571a-841a-11ed-aa7c-7003bca91a86,lubes,151,LU-0001,Main Engine Cylinder Oil,ltr,CONSUME,-102.50,-102.50,ltr,0.00,01-Jul-2023 06:56,UTC,2023-07-01 06:56:00,,,056a433e-b880-43c6-9d59-b1cfe71a4014,Daily cylinder oil consumption - 102.5 ltr
1613,7440571a-841a-11ed-aa7c-7003bca91a86,stores,179,OT-0009,Weather decks,ltr,CONSUME,-2.18,-2.18,ltr,0.00,01-Jul-2023 00:00,UTC,2023-07-01 00:00:00,,,228b5256-5bd2-4bf3-826f-c6fe76571449,General stores consumption
1614,7440571a-841a-11ed-aa7c-7003bca91a86,stores,180,OT-0010,"Pipelines, safety markings",ltr,CONSUME,-3.13,-3.13,ltr,1.70,01-Jul-2023 00:00,UTC,2023-07-01 00:00:00,,,228b5256-5bd2-4bf3-826f-c6fe76571449,General stores consumption
1612,7440571a-841a-11ed-aa7c-7003bca91a86,stores,178,OT-0008,"Pipes, tanks, machinery",ltr,CONSUME,-3.28,-3.28,ltr,0.00,01-Jul-2023 00:00,UTC,2023-07-01 00:00:00,,,228b5256-5bd2-4bf3-826f-c6fe76571449,General stores consumption
1611,7440571a-841a-11ed-aa7c-7003bca91a86,stores,145,IT-0005,Welding Electrodes (General Purpose),pcs,CONSUME,-2.31,-2.31,pcs,9.69,01-Jul-2023 00:00,UTC,2023-07-01 00:00:00,,,480b40d0-04bd-4590-a936-2f879b867977,General stores consumption
1610,7440571a-841a-11ed-aa7c-7003bca91a86,stores,142,IT-0002,Jeevan,pcs,CONSUME,-3.69,-3.69,pcs,0.80,01-Jul-2023 00:00,UTC,2023-07-01 00:00:00,,,056a433e-b880-43c6-9d59-b1cfe71a4014,General stores consumption
2982,7440571a-841a-11ed-aa7c-7003bca91a86,lubes,151,LU-0001,Main Engine Cylinder Oil,ltr,CONSUME,-87.20,-87.20,ltr,0.00,30-Jun-2023 07:20,UTC,2023-06-30 07:20:00,,,6084f3b8-85dc-462a-b045-111d2b2e6d0e,Daily cylinder oil consumption - 87.2 ltr
2981,7440571a-841a-11ed-aa7c-7003bca91a86,lubes,151,LU-0001,Main Engine Cylinder Oil,ltr,CONSUME,-94.20,-94.20,ltr,0.00,29-Jun-2023 06:00,UTC,2023-06-29 06:00:00,,,6084f3b8-85dc-462a-b045-111d2b2e6d0e,Daily cylinder oil consumption - 94.2 ltr
2511,7440571a-841a-11ed-aa7c-7003bca91a86,stores,144,IT-0004,Cutting Disc (Angle Grinder),pcs,RECEIVE,22.03,22.03,pcs,56.38,29-Jun-2023 00:00,UTC,2023-06-29 00:00:00,Jebel Ali,PO-2023-4589,228b5256-5bd2-4bf3-826f-c6fe76571449,Received at Jebel Ali
2510,7440571a-841a-11ed-aa7c-7003bca91a86,stores,143,IT-0003,Grinding Wheel (Grinding Disc),pcs,RECEIVE,40.69,40.69,pcs,40.69,29-Jun-2023 00:00,UTC,2023-06-29 00:00:00,Jebel Ali,PO-2023-0789,228b5256-5bd2-4bf3-826f-c6fe76571449,Received at Jebel Ali
2514,7440571a-841a-11ed-aa7c-7003bca91a86,stores,152,LU-0002,Main Engine System Oil,ltr,RECEIVE,15.42,15.42,ltr,25.42,29-Jun-2023 00:00,UTC,2023-06-29 00:00:00,Jebel Ali,PO-2023-6402,228b5256-5bd2-4bf3-826f-c6fe76571449,Received at Jebel Ali
2515,7440571a-841a-11ed-aa7c-7003bca91a86,stores,154,LU-0004,Turbocharger Lube Oil,ltr,RECEIVE,48.70,48.70,ltr,71.26,29-Jun-2023 00:00,UTC,2023-06-29 00:00:00,Jebel Ali,PO-2023-3259,228b5256-5bd2-4bf3-826f-c6fe76571449,Received at Jebel Ali
2516,7440571a-841a-11ed-aa7c-7003bca91a86,stores,157,LU-0007,Stern Tube Oil,ltr,RECEIVE,51.93,51.93,ltr,90.32,29-Jun-2023 00:00,UTC,2023-06-29 00:00:00,Jebel Ali,PO-2023-5104,228b5256-5bd2-4bf3-826f-c6fe76571449,Received at Jebel Ali
2517,7440571a-841a-11ed-aa7c-7003bca91a86,stores,160,LU-0010,Multipurpose Grease,ltr,RECEIVE,26.14,26.14,ltr,36.14,29-Jun-2023 00:00,UTC,2023-06-29 00:00:00,Jebel Ali,PO-2023-1398,228b5256-5bd2-4bf3-826f-c6fe76571449,Received at Jebel Ali
2513,7440571a-841a-11ed-aa7c-7003bca91a86,stores,149,IT-0009,Cotton Waste / Cleaning Rags,pcs,RECEIVE,44.37,44.37,pcs,87.30,29-Jun-2023 00:00,UTC,2023-06-29 00:00:00,Jebel Ali,PO-2023-6080,228b5256-5bd2-4bf3-826f-c6fe76571449,Received at Jebel Ali
2524,7440571a-841a-11ed-aa7c-7003bca91a86,stores,179,OT-0009,Weather decks,ltr,RECEIVE,49.73,49.73,ltr,49.73,29-Jun-2023 00:00,UTC,2023-06-29 00:00:00,Jebel Ali,PO-2023-3816,228b5256-5bd2-4bf3-826f-c6fe76571449,Received at Jebel Ali
2523,7440571a-841a-11ed-aa7c-7003bca91a86,stores,178,OT-0008,"Pipes, tanks, machinery",ltr,RECEIVE,9.31,9.31,ltr,31.35,29-Jun-2023 00:00,UTC,2023-06-29 00:00:00,Jebel Ali,PO-2023-8280,228b5256-5bd2-4bf3-826f-c6fe76571449,Received at Jebel Ali
2522,7440571a-841a-11ed-aa7c-7003bca91a86,stores,176,OT-0006,"Exhausts, boilers, pipelines",ltr,RECEIVE,41.95,41.95,ltr,57.93,29-Jun-2023 00:00,UTC,2023-06-29 00:00:00,Jebel Ali,PO-2023-5153,228b5256-5bd2-4bf3-826f-c6fe76571449,Received at Jebel Ali
2521,7440571a-841a-11ed-aa7c-7003bca91a86,stores,171,OT-0001,Steel surface protection,ltr,RECEIVE,53.22,53.22,ltr,53.22,29-Jun-2023 00:00,UTC,2023-06-29 00:00:00,Jebel Ali,PO-2023-2466,228b5256-5bd2-4bf3-826f-c6fe76571449,Received at Jebel Ali
2520,7440571a-841a-11ed-aa7c-7003bca91a86,chemicals,170,CH-0010,Hand Cleaning Chemical (Industrial Soap),ltr,RECEIVE,47.92,47.92,ltr,47.92,29-Jun-2023 00:00,UTC,2023-06-29 00:00:00,Jebel Ali,PO-2023-7577,228b5256-5bd2-4bf3-826f-c6fe76571449,Received at Jebel Ali
2518,7440571a-841a-11ed-aa7c-7003bca91a86,chemicals,161,CH-0001,Fuel Oil Treatment Chemical,ltr,RECEIVE,26.49,26.49,ltr,26.49,29-Jun-2023 00:00,UTC,2023-06-29 00:00:00,Jebel Ali,PO-2023-0535,228b5256-5bd2-4bf3-826f-c6fe76571449,Received at Jebel Ali
2519,7440571a-841a-11ed-aa7c-7003bca91a86,chemicals,165,CH-0005,Potable Water Chlorination Chemical,ltr,RECEIVE,27.14,27.14,ltr,49.51,29-Jun-2023 00:00,UTC,2023-06-29 00:00:00,Jebel Ali,PO-2023-2971,228b5256-5bd2-4bf3-826f-c6fe76571449,Received at Jebel Ali
2512,7440571a-841a-11ed-aa7c-7003bca91a86,stores,147,IT-0007,Ear Plugs (Disposable),pcs,RECEIVE,50.47,50.47,pcs,60.84,29-Jun-2023 00:00,UTC,2023-06-29 00:00:00,Jebel Ali,PO-2023-4002,228b5256-5bd2-4bf3-826f-c6fe76571449,Received at Jebel Ali
2980,7440571a-841a-11ed-aa7c-7003bca91a86,lubes,151,LU-0001,Main Engine Cylinder Oil,ltr,CONSUME,-50.10,-50.10,ltr,0.00,28-Jun-2023 07:15,UTC,2023-06-28 07:15:00,,,480b40d0-04bd-4590-a936-2f879b867977,Daily cylinder oil consumption - 50.1 ltr
2979,7440571a-841a-11ed-aa7c-7003bca91a86,lubes,151,LU-0001,Main Engine Cylinder Oil,ltr,CONSUME,-117.00,-117.00,ltr,0.00,27-Jun-2023 06:34,UTC,2023-06-27 06:34:00,,,228b5256-5bd2-4bf3-826f-c6fe76571449,Daily cylinder oil consumption - 117.0 ltr
2978,7440571a-841a-11ed-aa7c-7003bca91a86,lubes,151,LU-0001,Main Engine Cylinder Oil,ltr,CONSUME,-79.40,-79.40,ltr,0.00,26-Jun-2023 08:38,UTC,2023-06-26 08:38:00,,,6084f3b8-85dc-462a-b045-111d2b2e6d0e,Daily cylinder oil consumption - 79.4 ltr
1606,7440571a-841a-11ed-aa7c-7003bca91a86,chemicals,163,CH-0003,Boiler Water Treatment Chemical,ltr,CONSUME,-1.44,-1.44,ltr,3.85,26-Jun-2023 00:00,UTC,2023-06-26 00:00:00,,,056a433e-b880-43c6-9d59-b1cfe71a4014,Weekly chemical consumption
1608,7440571a-841a-11ed-aa7c-7003bca91a86,chemicals,166,CH-0006,Tank Cleaning Chemical (Alkaline),ltr,CONSUME,-0.76,-0.76,ltr,0.70,26-Jun-2023 00:00,UTC,2023-06-26 00:00:00,,,480b40d0-04bd-4590-a936-2f879b867977,Weekly chemical consumption
1607,7440571a-841a-11ed-aa7c-7003bca91a86,chemicals,165,CH-0005,Potable Water Chlorination Chemical,ltr,CONSUME,-0.62,-0.62,ltr,0.66,26-Jun-2023 00:00,UTC,2023-06-26 00:00:00,,,056a433e-b880-43c6-9d59-b1cfe71a4014,Weekly chemical consumption
1605,7440571a-841a-11ed-aa7c-7003bca91a86,chemicals,161,CH-0001,Fuel Oil Treatment Chemical,ltr,CONSUME,-1.92,-1.92,ltr,0.23,26-Jun-2023 00:00,UTC,2023-06-26 00:00:00,,,480b40d0-04bd-4590-a936-2f879b867977,Weekly chemical consumption
1609,7440571a-841a-11ed-aa7c-7003bca91a86,chemicals,170,CH-0010,Hand Cleaning Chemical (Industrial Soap),ltr,CONSUME,-0.43,-0.43,ltr,5.35,26-Jun-2023 00:00,UTC,2023-06-26 00:00:00,,,056a433e-b880-43c6-9d59-b1cfe71a4014,Weekly chemical consumption
2977,7440571a-841a-11ed-aa7c-7003bca91a86,lubes,151,LU-0001,Main Engine Cylinder Oil,ltr,CONSUME,-92.40,-92.40,ltr,0.00,25-Jun-2023 08:02,UTC,2023-06-25 08:02:00,,,056a433e-b880-43c6-9d59-b1cfe71a4014,Daily cylinder oil consumption - 92.4 ltr
2976,7440571a-841a-11ed-aa7c-7003bca91a86,lubes,151,LU-0001,Main Engine Cylinder Oil,ltr,CONSUME,-119.50,-119.50,ltr,0.00,24-Jun-2023 07:40,UTC,2023-06-24 07:40:00,,,056a433e-b880-43c6-9d59-b1cfe71a4014,Daily cylinder oil consumption - 119.5 ltr
2975,7440571a-841a-11ed-aa7c-7003bca91a86,lubes,151,LU-0001,Main Engine Cylinder Oil,ltr,CONSUME,-86.70,-86.70,ltr,0.00,23-Jun-2023 09:55,UTC,2023-06-23 09:55:00,,,6084f3b8-85dc-462a-b045-111d2b2e6d0e,Daily cylinder oil consumption - 86.7 ltr
2974,7440571a-841a-11ed-aa7c-7003bca91a86,lubes,151,LU-0001,Main Engine Cylinder Oil,ltr,CONSUME,-118.20,-118.20,ltr,0.00,22-Jun-2023 08:54,UTC,2023-06-22 08:54:00,,,480b40d0-04bd-4590-a936-2f879b867977,Daily cylinder oil consumption - 118.2 ltr
2973,7440571a-841a-11ed-aa7c-7003bca91a86,lubes,151,LU-0001,Main Engine Cylinder Oil,ltr,CONSUME,-91.40,-91.40,ltr,0.00,21-Jun-2023 07:58,UTC,2023-06-21 07:58:00,,,228b5256-5bd2-4bf3-826f-c6fe76571449,Daily cylinder oil consumption - 91.4 ltr
2972,7440571a-841a-11ed-aa7c-7003bca91a86,lubes,151,LU-0001,Main Engine Cylinder Oil,ltr,CONSUME,-90.00,-90.00,ltr,0.00,20-Jun-2023 07:46,UTC,2023-06-20 07:46:00,,,480b40d0-04bd-4590-a936-2f879b867977,Daily cylinder oil consumption - 90.0 ltr
2971,7440571a-841a-11ed-aa7c-7003bca91a86,lubes,151,LU-0001,Main Engine Cylinder Oil,ltr,CONSUME,-112.30,-112.30,ltr,0.00,19-Jun-2023 08:19,UTC,2023-06-19 08:19:00,,,228b5256-5bd2-4bf3-826f-c6fe76571449,Daily cylinder oil consumption - 112.3 ltr
1604,7440571a-841a-11ed-aa7c-7003bca91a86,chemicals,170,CH-0010,Hand Cleaning Chemical (Industrial Soap),ltr,CONSUME,-0.29,-0.29,ltr,5.78,19-Jun-2023 00:00,UTC,2023-06-19 00:00:00,,,6084f3b8-85dc-462a-b045-111d2b2e6d0e,Weekly chemical consumption
1603,7440571a-841a-11ed-aa7c-7003bca91a86,chemicals,167,CH-0007,Degreasing Chemical,ltr,CONSUME,-1.05,-1.05,ltr,0.00,19-Jun-2023 00:00,UTC,2023-06-19 00:00:00,,,480b40d0-04bd-4590-a936-2f879b867977,Weekly chemical consumption
1602,7440571a-841a-11ed-aa7c-7003bca91a86,chemicals,165,CH-0005,Potable Water Chlorination Chemical,ltr,CONSUME,-0.28,-0.28,ltr,1.28,19-Jun-2023 00:00,UTC,2023-06-19 00:00:00,,,480b40d0-04bd-4590-a936-2f879b867977,Weekly chemical consumption
1601,7440571a-841a-11ed-aa7c-7003bca91a86,chemicals,163,CH-0003,Boiler Water Treatment Chemical,ltr,CONSUME,-0.85,-0.85,ltr,5.29,19-Jun-2023 00:00,UTC,2023-06-19 00:00:00,,,480b40d0-04bd-4590-a936-2f879b867977,Weekly chemical consumption
2970,7440571a-841a-11ed-aa7c-7003bca91a86,lubes,151,LU-0001,Main Engine Cylinder Oil,ltr,CONSUME,-84.10,-84.10,ltr,0.00,18-Jun-2023 06:00,UTC,2023-06-18 06:00:00,,,480b40d0-04bd-4590-a936-2f879b867977,Daily cylinder oil consumption - 84.1 ltr
2969,7440571a-841a-11ed-aa7c-7003bca91a86,lubes,151,LU-0001,Main Engine Cylinder Oil,ltr,CONSUME,-57.10,-57.10,ltr,0.00,17-Jun-2023 09:35,UTC,2023-06-17 09:35:00,,,480b40d0-04bd-4590-a936-2f879b867977,Daily cylinder oil consumption - 57.1 ltr
4017,7440571a-841a-11ed-aa7c-7003bca91a86,chemicals,163,CH-0003,Boiler Water Treatment Chemical,ltr,CONSUME,-22.80,-22.80,ltr,4937.40,16-Jun-2023 14:10,UTC,2023-06-16 14:10:00,,,228b5256-5bd2-4bf3-826f-c6fe76571449,Chemical consumption - Boiler Water Treatment Chemical
2968,7440571a-841a-11ed-aa7c-7003bca91a86,lubes,151,LU-0001,Main Engine Cylinder Oil,ltr,CONSUME,-65.70,-65.70,ltr,0.00,16-Jun-2023 08:37,UTC,2023-06-16 08:37:00,,,480b40d0-04bd-4590-a936-2f879b867977,Daily cylinder oil consumption - 65.7 ltr
2967,7440571a-841a-11ed-aa7c-7003bca91a86,lubes,151,LU-0001,Main Engine Cylinder Oil,ltr,CONSUME,-71.80,-71.80,ltr,0.00,15-Jun-2023 06:37,UTC,2023-06-15 06:37:00,,,6084f3b8-85dc-462a-b045-111d2b2e6d0e,Daily cylinder oil consumption - 71.8 ltr
1600,7440571a-841a-11ed-aa7c-7003bca91a86,stores,173,OT-0003,Hull below waterline,ltr,CONSUME,-1.72,-1.72,ltr,3.98,15-Jun-2023 00:00,UTC,2023-06-15 00:00:00,,,228b5256-5bd2-4bf3-826f-c6fe76571449,General stores consumption
1597,7440571a-841a-11ed-aa7c-7003bca91a86,stores,146,IT-0006,Safety Goggles (Clear),pcs,CONSUME,-3.21,-3.21,pcs,3.82,15-Jun-2023 00:00,UTC,2023-06-15 00:00:00,,,6084f3b8-85dc-462a-b045-111d2b2e6d0e,General stores consumption
1598,7440571a-841a-11ed-aa7c-7003bca91a86,stores,148,IT-0008,Dust Mask / Respirator Mask,pcs,CONSUME,-2.92,-2.92,pcs,0.00,15-Jun-2023 00:00,UTC,2023-06-15 00:00:00,,,6084f3b8-85dc-462a-b045-111d2b2e6d0e,General stores consumption
1599,7440571a-841a-11ed-aa7c-7003bca91a86,stores,149,IT-0009,Cotton Waste / Cleaning Rags,pcs,CONSUME,-1.07,-1.07,pcs,0.60,15-Jun-2023 00:00,UTC,2023-06-15 00:00:00,,,6084f3b8-85dc-462a-b045-111d2b2e6d0e,General stores consumption
2966,7440571a-841a-11ed-aa7c-7003bca91a86,lubes,151,LU-0001,Main Engine Cylinder Oil,ltr,CONSUME,-116.20,-116.20,ltr,0.00,14-Jun-2023 08:43,UTC,2023-06-14 08:43:00,,,228b5256-5bd2-4bf3-826f-c6fe76571449,Daily cylinder oil consumption - 116.2 ltr
3948,7440571a-841a-11ed-aa7c-7003bca91a86,lubes,153,LU-0003,Auxiliary Engine Lube Oil,ltr,CONSUME,-219.50,-219.50,ltr,4288.90,13-Jun-2023 10:05,UTC,2023-06-13 10:05:00,,,056a433e-b880-43c6-9d59-b1cfe71a4014,Monthly AE lube oil top-up - 219.5 ltr
3947,7440571a-841a-11ed-aa7c-7003bca91a86,lubes,152,LU-0002,Main Engine System Oil,ltr,CONSUME,-165.10,-165.10,ltr,4289.00,13-Jun-2023 10:05,UTC,2023-06-13 10:05:00,,,228b5256-5bd2-4bf3-826f-c6fe76571449,Monthly ME system oil top-up - 165.1 ltr
2965,7440571a-841a-11ed-aa7c-7003bca91a86,lubes,151,LU-0001,Main Engine Cylinder Oil,ltr,CONSUME,-78.70,-78.70,ltr,0.00,13-Jun-2023 07:24,UTC,2023-06-13 07:24:00,,,6084f3b8-85dc-462a-b045-111d2b2e6d0e,Daily cylinder oil consumption - 78.7 ltr
4019,7440571a-841a-11ed-aa7c-7003bca91a86,chemicals,164,CH-0004,Cooling Water Treatment Chemical,ltr,CONSUME,-35.00,-35.00,ltr,4965.00,12-Jun-2023 08:14,UTC,2023-06-12 08:14:00,,,228b5256-5bd2-4bf3-826f-c6fe76571449,Chemical consumption - Cooling Water Treatment Chemical
2964,7440571a-841a-11ed-aa7c-7003bca91a86,lubes,151,LU-0001,Main Engine Cylinder Oil,ltr,CONSUME,-116.80,-116.80,ltr,0.00,12-Jun-2023 06:33,UTC,2023-06-12 06:33:00,,,480b40d0-04bd-4590-a936-2f879b867977,Daily cylinder oil consumption - 116.8 ltr
1596,7440571a-841a-11ed-aa7c-7003bca91a86,chemicals,168,CH-0008,Rust Remover / Descaling Chemical,ltr,CONSUME,-1.80,-1.80,ltr,0.00,12-Jun-2023 00:00,UTC,2023-06-12 00:00:00,,,056a433e-b880-43c6-9d59-b1cfe71a4014,Weekly chemical consumption
1594,7440571a-841a-11ed-aa7c-7003bca91a86,chemicals,166,CH-0006,Tank Cleaning Chemical (Alkaline),ltr,CONSUME,-0.53,-0.53,ltr,1.46,12-Jun-2023 00:00,UTC,2023-06-12 00:00:00,,,480b40d0-04bd-4590-a936-2f879b867977,Weekly chemical consumption
1591,7440571a-841a-11ed-aa7c-7003bca91a86,chemicals,162,CH-0002,Lube Oil Treatment Chemical,ltr,CONSUME,-0.42,-0.42,ltr,3.53,12-Jun-2023 00:00,UTC,2023-06-12 00:00:00,,,228b5256-5bd2-4bf3-826f-c6fe76571449,Weekly chemical consumption
1592,7440571a-841a-11ed-aa7c-7003bca91a86,chemicals,164,CH-0004,Cooling Water Treatment Chemical,ltr,CONSUME,-0.20,-0.20,ltr,2.06,12-Jun-2023 00:00,UTC,2023-06-12 00:00:00,,,480b40d0-04bd-4590-a936-2f879b867977,Weekly chemical consumption
1593,7440571a-841a-11ed-aa7c-7003bca91a86,chemicals,165,CH-0005,Potable Water Chlorination Chemical,ltr,CONSUME,-1.79,-1.79,ltr,1.56,12-Jun-2023 00:00,UTC,2023-06-12 00:00:00,,,228b5256-5bd2-4bf3-826f-c6fe76571449,Weekly chemical consumption
1595,7440571a-841a-11ed-aa7c-7003bca91a86,chemicals,167,CH-0007,Degreasing Chemical,ltr,CONSUME,-1.41,-1.41,ltr,0.00,12-Jun-2023 00:00,UTC,2023-06-12 00:00:00,,,480b40d0-04bd-4590-a936-2f879b867977,Weekly chemical consumption
2963,7440571a-841a-11ed-aa7c-7003bca91a86,lubes,151,LU-0001,Main Engine Cylinder Oil,ltr,CONSUME,-117.80,-117.80,ltr,0.00,11-Jun-2023 08:40,UTC,2023-06-11 08:40:00,,,480b40d0-04bd-4590-a936-2f879b867977,Daily cylinder oil consumption - 117.8 ltr
2962,7440571a-841a-11ed-aa7c-7003bca91a86,lubes,151,LU-0001,Main Engine Cylinder Oil,ltr,CONSUME,-89.80,-89.80,ltr,0.00,10-Jun-2023 09:00,UTC,2023-06-10 09:00:00,,,228b5256-5bd2-4bf3-826f-c6fe76571449,Daily cylinder oil consumption - 89.8 ltr
2961,7440571a-841a-11ed-aa7c-7003bca91a86,lubes,151,LU-0001,Main Engine Cylinder Oil,ltr,CONSUME,-84.90,-84.90,ltr,0.00,09-Jun-2023 07:27,UTC,2023-06-09 07:27:00,,,056a433e-b880-43c6-9d59-b1cfe71a4014,Daily cylinder oil consumption - 84.9 ltr
2960,7440571a-841a-11ed-aa7c-7003bca91a86,lubes,151,LU-0001,Main Engine Cylinder Oil,ltr,CONSUME,-82.20,-82.20,ltr,0.00,08-Jun-2023 09:46,UTC,2023-06-08 09:46:00,,,6084f3b8-85dc-462a-b045-111d2b2e6d0e,Daily cylinder oil consumption - 82.2 ltr
2959,7440571a-841a-11ed-aa7c-7003bca91a86,lubes,151,LU-0001,Main Engine Cylinder Oil,ltr,CONSUME,-118.00,-118.00,ltr,0.00,07-Jun-2023 08:40,UTC,2023-06-07 08:40:00,,,228b5256-5bd2-4bf3-826f-c6fe76571449,Daily cylinder oil consumption - 118.0 ltr
4015,7440571a-841a-11ed-aa7c-7003bca91a86,chemicals,169,CH-0009,Sewage Treatment Plant Chemical,ltr,CONSUME,-36.80,-36.80,ltr,4927.00,06-Jun-2023 09:59,UTC,2023-06-06 09:59:00,,,6084f3b8-85dc-462a-b045-111d2b2e6d0e,Chemical consumption - Sewage Treatment Plant Chemical
2958,7440571a-841a-11ed-aa7c-7003bca91a86,lubes,151,LU-0001,Main Engine Cylinder Oil,ltr,CONSUME,-53.60,-53.60,ltr,0.00,06-Jun-2023 07:40,UTC,2023-06-06 07:40:00,,,056a433e-b880-43c6-9d59-b1cfe71a4014,Daily cylinder oil consumption - 53.6 ltr
2957,7440571a-841a-11ed-aa7c-7003bca91a86,lubes,151,LU-0001,Main Engine Cylinder Oil,ltr,CONSUME,-107.40,-107.40,ltr,0.00,05-Jun-2023 08:03,UTC,2023-06-05 08:03:00,,,480b40d0-04bd-4590-a936-2f879b867977,Daily cylinder oil consumption - 107.4 ltr
1590,7440571a-841a-11ed-aa7c-7003bca91a86,chemicals,167,CH-0007,Degreasing Chemical,ltr,CONSUME,-1.85,-1.85,ltr,0.99,05-Jun-2023 00:00,UTC,2023-06-05 00:00:00,,,056a433e-b880-43c6-9d59-b1cfe71a4014,Weekly chemical consumption
1588,7440571a-841a-11ed-aa7c-7003bca91a86,chemicals,162,CH-0002,Lube Oil Treatment Chemical,ltr,CONSUME,-0.66,-0.66,ltr,3.95,05-Jun-2023 00:00,UTC,2023-06-05 00:00:00,,,480b40d0-04bd-4590-a936-2f879b867977,Weekly chemical consumption
1589,7440571a-841a-11ed-aa7c-7003bca91a86,chemicals,164,CH-0004,Cooling Water Treatment Chemical,ltr,CONSUME,-0.86,-0.86,ltr,2.26,05-Jun-2023 00:00,UTC,2023-06-05 00:00:00,,,228b5256-5bd2-4bf3-826f-c6fe76571449,Weekly chemical consumption
2956,7440571a-841a-11ed-aa7c-7003bca91a86,lubes,151,LU-0001,Main Engine Cylinder Oil,ltr,CONSUME,-55.50,-55.50,ltr,0.00,04-Jun-2023 09:35,UTC,2023-06-04 09:35:00,,,228b5256-5bd2-4bf3-826f-c6fe76571449,Daily cylinder oil consumption - 55.5 ltr
2955,7440571a-841a-11ed-aa7c-7003bca91a86,lubes,151,LU-0001,Main Engine Cylinder Oil,ltr,CONSUME,-101.30,-101.30,ltr,0.00,03-Jun-2023 07:16,UTC,2023-06-03 07:16:00,,,056a433e-b880-43c6-9d59-b1cfe71a4014,Daily cylinder oil consumption - 101.3 ltr
2954,7440571a-841a-11ed-aa7c-7003bca91a86,lubes,151,LU-0001,Main Engine Cylinder Oil,ltr,CONSUME,-65.80,-65.80,ltr,0.00,02-Jun-2023 08:06,UTC,2023-06-02 08:06:00,,,480b40d0-04bd-4590-a936-2f879b867977,Daily cylinder oil consumption - 65.8 ltr
4016,7440571a-841a-11ed-aa7c-7003bca91a86,chemicals,168,CH-0008,Rust Remover / Descaling Chemical,ltr,CONSUME,-29.70,-29.70,ltr,4970.30,01-Jun-2023 17:03,UTC,2023-06-01 17:03:00,,,228b5256-5bd2-4bf3-826f-c6fe76571449,Chemical consumption - Rust Remover / Descaling Chemical
2953,7440571a-841a-11ed-aa7c-7003bca91a86,lubes,151,LU-0001,Main Engine Cylinder Oil,ltr,CONSUME,-59.20,-59.20,ltr,0.00,01-Jun-2023 06:33,UTC,2023-06-01 06:33:00,,,480b40d0-04bd-4590-a936-2f879b867977,Daily cylinder oil consumption - 59.2 ltr
1587,7440571a-841a-11ed-aa7c-7003bca91a86,stores,141,IT-0001,Safety Gloves – Cotton,pcs,CONSUME,-1.51,-1.51,pcs,97.50,01-Jun-2023 00:00,UTC,2023-06-01 00:00:00,,,056a433e-b880-43c6-9d59-b1cfe71a4014,General stores consumption
1586,7440571a-841a-11ed-aa7c-7003bca91a86,stores,173,OT-0003,Hull below waterline,ltr,CONSUME,-1.55,-1.55,ltr,5.70,01-Jun-2023 00:00,UTC,2023-06-01 00:00:00,,,056a433e-b880-43c6-9d59-b1cfe71a4014,General stores consumption
1585,7440571a-841a-11ed-aa7c-7003bca91a86,stores,172,OT-0002,"Ballast tanks, machinery spaces",ltr,CONSUME,-3.67,-3.67,ltr,2.98,01-Jun-2023 00:00,UTC,2023-06-01 00:00:00,,,6084f3b8-85dc-462a-b045-111d2b2e6d0e,General stores consumption
1584,7440571a-841a-11ed-aa7c-7003bca91a86,stores,171,OT-0001,Steel surface protection,ltr,CONSUME,-1.08,-1.08,ltr,4.38,01-Jun-2023 00:00,UTC,2023-06-01 00:00:00,,,228b5256-5bd2-4bf3-826f-c6fe76571449,General stores consumption
1583,7440571a-841a-11ed-aa7c-7003bca91a86,stores,149,IT-0009,Cotton Waste / Cleaning Rags,pcs,CONSUME,-2.44,-2.44,pcs,1.67,01-Jun-2023 00:00,UTC,2023-06-01 00:00:00,,,480b40d0-04bd-4590-a936-2f879b867977,General stores consumption
1582,7440571a-841a-11ed-aa7c-7003bca91a86,stores,148,IT-0008,Dust Mask / Respirator Mask,pcs,CONSUME,-1.11,-1.11,pcs,0.00,01-Jun-2023 00:00,UTC,2023-06-01 00:00:00,,,228b5256-5bd2-4bf3-826f-c6fe76571449,General stores consumption
2952,7440571a-841a-11ed-aa7c-7003bca91a86,lubes,151,LU-0001,Main Engine Cylinder Oil,ltr,CONSUME,-86.50,-86.50,ltr,0.00,31-May-2023 09:36,UTC,2023-05-31 09:36:00,,,480b40d0-04bd-4590-a936-2f879b867977,Daily cylinder oil consumption - 86.5 ltr
4018,7440571a-841a-11ed-aa7c-7003bca91a86,chemicals,162,CH-0002,Lube Oil Treatment Chemical,ltr,CONSUME,-35.70,-35.70,ltr,4964.30,31-May-2023 08:07,UTC,2023-05-31 08:07:00,,,056a433e-b880-43c6-9d59-b1cfe71a4014,Chemical consumption - Lube Oil Treatment Chemical
2951,7440571a-841a-11ed-aa7c-7003bca91a86,lubes,151,LU-0001,Main Engine Cylinder Oil,ltr,CONSUME,-50.10,-50.10,ltr,0.00,30-May-2023 07:05,UTC,2023-05-30 07:05:00,,,056a433e-b880-43c6-9d59-b1cfe71a4014,Daily cylinder oil consumption - 50.1 ltr
2950,7440571a-841a-11ed-aa7c-7003bca91a86,lubes,151,LU-0001,Main Engine Cylinder Oil,ltr,CONSUME,-67.10,-67.10,ltr,0.00,29-May-2023 08:26,UTC,2023-05-29 08:26:00,,,6084f3b8-85dc-462a-b045-111d2b2e6d0e,Daily cylinder oil consumption - 67.1 ltr
1578,7440571a-841a-11ed-aa7c-7003bca91a86,chemicals,161,CH-0001,Fuel Oil Treatment Chemical,ltr,CONSUME,-0.79,-0.79,ltr,2.15,29-May-2023 00:00,UTC,2023-05-29 00:00:00,,,056a433e-b880-43c6-9d59-b1cfe71a4014,Weekly chemical consumption
1579,7440571a-841a-11ed-aa7c-7003bca91a86,chemicals,165,CH-0005,Potable Water Chlorination Chemical,ltr,CONSUME,-1.33,-1.33,ltr,3.35,29-May-2023 00:00,UTC,2023-05-29 00:00:00,,,228b5256-5bd2-4bf3-826f-c6fe76571449,Weekly chemical consumption
1580,7440571a-841a-11ed-aa7c-7003bca91a86,chemicals,167,CH-0007,Degreasing Chemical,ltr,CONSUME,-2.08,-2.08,ltr,2.84,29-May-2023 00:00,UTC,2023-05-29 00:00:00,,,056a433e-b880-43c6-9d59-b1cfe71a4014,Weekly chemical consumption
1581,7440571a-841a-11ed-aa7c-7003bca91a86,chemicals,170,CH-0010,Hand Cleaning Chemical (Industrial Soap),ltr,CONSUME,-1.41,-1.41,ltr,6.07,29-May-2023 00:00,UTC,2023-05-29 00:00:00,,,056a433e-b880-43c6-9d59-b1cfe71a4014,Weekly chemical consumption
2949,7440571a-841a-11ed-aa7c-7003bca91a86,lubes,151,LU-0001,Main Engine Cylinder Oil,ltr,CONSUME,-53.10,-53.10,ltr,0.00,28-May-2023 09:39,UTC,2023-05-28 09:39:00,,,228b5256-5bd2-4bf3-826f-c6fe76571449,Daily cylinder oil consumption - 53.1 ltr
2948,7440571a-841a-11ed-aa7c-7003bca91a86,lubes,151,LU-0001,Main Engine Cylinder Oil,ltr,CONSUME,-91.30,-91.30,ltr,0.00,27-May-2023 08:44,UTC,2023-05-27 08:44:00,,,228b5256-5bd2-4bf3-826f-c6fe76571449,Daily cylinder oil consumption - 91.3 ltr
2507,7440571a-841a-11ed-aa7c-7003bca91a86,stores,178,OT-0008,"Pipes, tanks, machinery",ltr,RECEIVE,7.86,7.86,ltr,22.04,27-May-2023 00:00,UTC,2023-05-27 00:00:00,Suez,PO-2023-3710,228b5256-5bd2-4bf3-826f-c6fe76571449,Received at Suez
2509,7440571a-841a-11ed-aa7c-7003bca91a86,stores,141,IT-0001,Safety Gloves – Cotton,pcs,RECEIVE,31.14,31.14,pcs,95.64,27-May-2023 00:00,UTC,2023-05-27 00:00:00,Suez,PO-2023-2597,228b5256-5bd2-4bf3-826f-c6fe76571449,Received at Suez
2500,7440571a-841a-11ed-aa7c-7003bca91a86,stores,144,IT-0004,Cutting Disc (Angle Grinder),pcs,RECEIVE,34.35,34.35,pcs,34.35,27-May-2023 00:00,UTC,2023-05-27 00:00:00,Suez,PO-2023-5210,228b5256-5bd2-4bf3-826f-c6fe76571449,Received at Suez
2501,7440571a-841a-11ed-aa7c-7003bca91a86,stores,145,IT-0005,Welding Electrodes (General Purpose),pcs,RECEIVE,33.72,33.72,pcs,128.57,27-May-2023 00:00,UTC,2023-05-27 00:00:00,Suez,PO-2023-4564,228b5256-5bd2-4bf3-826f-c6fe76571449,Received at Suez
2502,7440571a-841a-11ed-aa7c-7003bca91a86,stores,146,IT-0006,Safety Goggles (Clear),pcs,RECEIVE,23.73,23.73,pcs,52.82,27-May-2023 00:00,UTC,2023-05-27 00:00:00,Suez,PO-2023-1537,228b5256-5bd2-4bf3-826f-c6fe76571449,Received at Suez
2503,7440571a-841a-11ed-aa7c-7003bca91a86,stores,148,IT-0008,Dust Mask / Respirator Mask,pcs,RECEIVE,50.16,50.16,pcs,125.65,27-May-2023 00:00,UTC,2023-05-27 00:00:00,Suez,PO-2023-4232,228b5256-5bd2-4bf3-826f-c6fe76571449,Received at Suez
2504,7440571a-841a-11ed-aa7c-7003bca91a86,stores,149,IT-0009,Cotton Waste / Cleaning Rags,pcs,RECEIVE,42.93,42.93,pcs,42.93,27-May-2023 00:00,UTC,2023-05-27 00:00:00,Suez,PO-2023-3509,228b5256-5bd2-4bf3-826f-c6fe76571449,Received at Suez
2505,7440571a-841a-11ed-aa7c-7003bca91a86,stores,158,LU-0008,Compressor Oil,ltr,RECEIVE,18.98,18.98,ltr,28.98,27-May-2023 00:00,UTC,2023-05-27 00:00:00,Suez,PO-2023-4528,228b5256-5bd2-4bf3-826f-c6fe76571449,Received at Suez
2506,7440571a-841a-11ed-aa7c-7003bca91a86,chemicals,165,CH-0005,Potable Water Chlorination Chemical,ltr,RECEIVE,22.37,22.37,ltr,22.37,27-May-2023 00:00,UTC,2023-05-27 00:00:00,Suez,PO-2023-0786,228b5256-5bd2-4bf3-826f-c6fe76571449,Received at Suez
2508,7440571a-841a-11ed-aa7c-7003bca91a86,stores,180,OT-0010,"Pipelines, safety markings",ltr,RECEIVE,19.03,19.03,ltr,61.27,27-May-2023 00:00,UTC,2023-05-27 00:00:00,Suez,PO-2023-9647,228b5256-5bd2-4bf3-826f-c6fe76571449,Received at Suez
2947,7440571a-841a-11ed-aa7c-7003bca91a86,lubes,151,LU-0001,Main Engine Cylinder Oil,ltr,CONSUME,-103.90,-103.90,ltr,0.00,26-May-2023 08:23,UTC,2023-05-26 08:23:00,,,480b40d0-04bd-4590-a936-2f879b867977,Daily cylinder oil consumption - 103.9 ltr
2946,7440571a-841a-11ed-aa7c-7003bca91a86,lubes,151,LU-0001,Main Engine Cylinder Oil,ltr,CONSUME,-66.00,-66.00,ltr,0.00,25-May-2023 06:54,UTC,2023-05-25 06:54:00,,,228b5256-5bd2-4bf3-826f-c6fe76571449,Daily cylinder oil consumption - 66.0 ltr
2945,7440571a-841a-11ed-aa7c-7003bca91a86,lubes,151,LU-0001,Main Engine Cylinder Oil,ltr,CONSUME,-114.20,-114.20,ltr,0.00,24-May-2023 07:42,UTC,2023-05-24 07:42:00,,,6084f3b8-85dc-462a-b045-111d2b2e6d0e,Daily cylinder oil consumption - 114.2 ltr
2944,7440571a-841a-11ed-aa7c-7003bca91a86,lubes,151,LU-0001,Main Engine Cylinder Oil,ltr,CONSUME,-92.50,-92.50,ltr,0.00,23-May-2023 09:00,UTC,2023-05-23 09:00:00,,,056a433e-b880-43c6-9d59-b1cfe71a4014,Daily cylinder oil consumption - 92.5 ltr
2943,7440571a-841a-11ed-aa7c-7003bca91a86,lubes,151,LU-0001,Main Engine Cylinder Oil,ltr,CONSUME,-54.90,-54.90,ltr,0.00,22-May-2023 07:03,UTC,2023-05-22 07:03:00,,,480b40d0-04bd-4590-a936-2f879b867977,Daily cylinder oil consumption - 54.9 ltr
1577,7440571a-841a-11ed-aa7c-7003bca91a86,chemicals,169,CH-0009,Sewage Treatment Plant Chemical,ltr,CONSUME,-1.66,-1.66,ltr,2.19,22-May-2023 00:00,UTC,2023-05-22 00:00:00,,,056a433e-b880-43c6-9d59-b1cfe71a4014,Weekly chemical consumption
1575,7440571a-841a-11ed-aa7c-7003bca91a86,chemicals,167,CH-0007,Degreasing Chemical,ltr,CONSUME,-0.63,-0.63,ltr,4.92,22-May-2023 00:00,UTC,2023-05-22 00:00:00,,,056a433e-b880-43c6-9d59-b1cfe71a4014,Weekly chemical consumption
1574,7440571a-841a-11ed-aa7c-7003bca91a86,chemicals,166,CH-0006,Tank Cleaning Chemical (Alkaline),ltr,CONSUME,-1.10,-1.10,ltr,1.99,22-May-2023 00:00,UTC,2023-05-22 00:00:00,,,6084f3b8-85dc-462a-b045-111d2b2e6d0e,Weekly chemical consumption
1573,7440571a-841a-11ed-aa7c-7003bca91a86,chemicals,165,CH-0005,Potable Water Chlorination Chemical,ltr,CONSUME,-1.25,-1.25,ltr,4.68,22-May-2023 00:00,UTC,2023-05-22 00:00:00,,,056a433e-b880-43c6-9d59-b1cfe71a4014,Weekly chemical consumption
1576,7440571a-841a-11ed-aa7c-7003bca91a86,chemicals,168,CH-0008,Rust Remover / Descaling Chemical,ltr,CONSUME,-1.29,-1.29,ltr,0.00,22-May-2023 00:00,UTC,2023-05-22 00:00:00,,,480b40d0-04bd-4590-a936-2f879b867977,Weekly chemical consumption
4092,7440571a-841a-11ed-aa7c-7003bca91a86,stores,141,IT-0001,Safety Gloves - Cotton,pcs,RECEIVE,98.00,98.00,pcs,598.00,21-May-2023 17:43,UTC,2023-05-21 17:43:00,Fujairah,PO-2023-1178,228b5256-5bd2-4bf3-826f-c6fe76571449,Received at Fujairah
4091,7440571a-841a-11ed-aa7c-7003bca91a86,lubes,151,LU-0001,Main Engine Cylinder Oil,ltr,RECEIVE,1316.40,1316.40,ltr,1316.40,21-May-2023 17:43,UTC,2023-05-21 17:43:00,Fujairah,PO-2023-1178,228b5256-5bd2-4bf3-826f-c6fe76571449,Received at Fujairah
4093,7440571a-841a-11ed-aa7c-7003bca91a86,lubes,157,LU-0007,Stern Tube Oil,ltr,RECEIVE,1800.00,1800.00,ltr,6800.00,21-May-2023 17:43,UTC,2023-05-21 17:43:00,Fujairah,PO-2023-1178,228b5256-5bd2-4bf3-826f-c6fe76571449,Received at Fujairah
2942,7440571a-841a-11ed-aa7c-7003bca91a86,lubes,151,LU-0001,Main Engine Cylinder Oil,ltr,CONSUME,-68.60,-68.60,ltr,0.00,21-May-2023 07:27,UTC,2023-05-21 07:27:00,,,056a433e-b880-43c6-9d59-b1cfe71a4014,Daily cylinder oil consumption - 68.6 ltr
2941,7440571a-841a-11ed-aa7c-7003bca91a86,lubes,151,LU-0001,Main Engine Cylinder Oil,ltr,CONSUME,-64.90,-64.90,ltr,0.00,20-May-2023 07:53,UTC,2023-05-20 07:53:00,,,480b40d0-04bd-4590-a936-2f879b867977,Daily cylinder oil consumption - 64.9 ltr
2940,7440571a-841a-11ed-aa7c-7003bca91a86,lubes,151,LU-0001,Main Engine Cylinder Oil,ltr,CONSUME,-77.20,-77.20,ltr,0.00,19-May-2023 08:33,UTC,2023-05-19 08:33:00,,,228b5256-5bd2-4bf3-826f-c6fe76571449,Daily cylinder oil consumption - 77.2 ltr
2939,7440571a-841a-11ed-aa7c-7003bca91a86,lubes,151,LU-0001,Main Engine Cylinder Oil,ltr,CONSUME,-92.10,-92.10,ltr,0.00,18-May-2023 09:01,UTC,2023-05-18 09:01:00,,,480b40d0-04bd-4590-a936-2f879b867977,Daily cylinder oil consumption - 92.1 ltr
2938,7440571a-841a-11ed-aa7c-7003bca91a86,lubes,151,LU-0001,Main Engine Cylinder Oil,ltr,CONSUME,-74.30,-74.30,ltr,0.00,17-May-2023 08:50,UTC,2023-05-17 08:50:00,,,6084f3b8-85dc-462a-b045-111d2b2e6d0e,Daily cylinder oil consumption - 74.3 ltr
2937,7440571a-841a-11ed-aa7c-7003bca91a86,lubes,151,LU-0001,Main Engine Cylinder Oil,ltr,CONSUME,-86.20,-86.20,ltr,0.00,16-May-2023 08:33,UTC,2023-05-16 08:33:00,,,480b40d0-04bd-4590-a936-2f879b867977,Daily cylinder oil consumption - 86.2 ltr
2936,7440571a-841a-11ed-aa7c-7003bca91a86,lubes,151,LU-0001,Main Engine Cylinder Oil,ltr,CONSUME,-79.30,-79.30,ltr,0.00,15-May-2023 07:37,UTC,2023-05-15 07:37:00,,,6084f3b8-85dc-462a-b045-111d2b2e6d0e,Daily cylinder oil consumption - 79.3 ltr
1571,7440571a-841a-11ed-aa7c-7003bca91a86,stores,171,OT-0001,Steel surface protection,ltr,CONSUME,-2.44,-2.44,ltr,5.46,15-May-2023 00:00,UTC,2023-05-15 00:00:00,,,056a433e-b880-43c6-9d59-b1cfe71a4014,General stores consumption
1564,7440571a-841a-11ed-aa7c-7003bca91a86,chemicals,161,CH-0001,Fuel Oil Treatment Chemical,ltr,CONSUME,-1.03,-1.03,ltr,2.94,15-May-2023 00:00,UTC,2023-05-15 00:00:00,,,056a433e-b880-43c6-9d59-b1cfe71a4014,Weekly chemical consumption
1565,7440571a-841a-11ed-aa7c-7003bca91a86,chemicals,163,CH-0003,Boiler Water Treatment Chemical,ltr,CONSUME,-0.56,-0.56,ltr,6.14,15-May-2023 00:00,UTC,2023-05-15 00:00:00,,,480b40d0-04bd-4590-a936-2f879b867977,Weekly chemical consumption
1566,7440571a-841a-11ed-aa7c-7003bca91a86,chemicals,166,CH-0006,Tank Cleaning Chemical (Alkaline),ltr,CONSUME,-0.36,-0.36,ltr,3.09,15-May-2023 00:00,UTC,2023-05-15 00:00:00,,,228b5256-5bd2-4bf3-826f-c6fe76571449,Weekly chemical consumption
1567,7440571a-841a-11ed-aa7c-7003bca91a86,chemicals,167,CH-0007,Degreasing Chemical,ltr,CONSUME,-0.69,-0.69,ltr,5.55,15-May-2023 00:00,UTC,2023-05-15 00:00:00,,,6084f3b8-85dc-462a-b045-111d2b2e6d0e,Weekly chemical consumption
1568,7440571a-841a-11ed-aa7c-7003bca91a86,chemicals,168,CH-0008,Rust Remover / Descaling Chemical,ltr,CONSUME,-1.26,-1.26,ltr,0.60,15-May-2023 00:00,UTC,2023-05-15 00:00:00,,,056a433e-b880-43c6-9d59-b1cfe71a4014,Weekly chemical consumption
1569,7440571a-841a-11ed-aa7c-7003bca91a86,chemicals,169,CH-0009,Sewage Treatment Plant Chemical,ltr,CONSUME,-1.98,-1.98,ltr,3.85,15-May-2023 00:00,UTC,2023-05-15 00:00:00,,,480b40d0-04bd-4590-a936-2f879b867977,Weekly chemical consumption
1572,7440571a-841a-11ed-aa7c-7003bca91a86,stores,173,OT-0003,Hull below waterline,ltr,CONSUME,-2.75,-2.75,ltr,7.25,15-May-2023 00:00,UTC,2023-05-15 00:00:00,,,056a433e-b880-43c6-9d59-b1cfe71a4014,General stores consumption
1570,7440571a-841a-11ed-aa7c-7003bca91a86,stores,148,IT-0008,Dust Mask / Respirator Mask,pcs,CONSUME,-3.96,-3.96,pcs,0.85,15-May-2023 00:00,UTC,2023-05-15 00:00:00,,,228b5256-5bd2-4bf3-826f-c6fe76571449,General stores consumption
3946,7440571a-841a-11ed-aa7c-7003bca91a86,lubes,153,LU-0003,Auxiliary Engine Lube Oil,ltr,CONSUME,-168.90,-168.90,ltr,4508.40,14-May-2023 11:43,UTC,2023-05-14 11:43:00,,,056a433e-b880-43c6-9d59-b1cfe71a4014,Monthly AE lube oil top-up - 168.9 ltr
3945,7440571a-841a-11ed-aa7c-7003bca91a86,lubes,152,LU-0002,Main Engine System Oil,ltr,CONSUME,-260.20,-260.20,ltr,4454.10,14-May-2023 11:43,UTC,2023-05-14 11:43:00,,,228b5256-5bd2-4bf3-826f-c6fe76571449,Monthly ME system oil top-up - 260.2 ltr
2935,7440571a-841a-11ed-aa7c-7003bca91a86,lubes,151,LU-0001,Main Engine Cylinder Oil,ltr,CONSUME,-53.00,-53.00,ltr,0.00,14-May-2023 09:11,UTC,2023-05-14 09:11:00,,,056a433e-b880-43c6-9d59-b1cfe71a4014,Daily cylinder oil consumption - 53.0 ltr
2934,7440571a-841a-11ed-aa7c-7003bca91a86,lubes,151,LU-0001,Main Engine Cylinder Oil,ltr,CONSUME,-55.60,-55.60,ltr,0.00,13-May-2023 09:43,UTC,2023-05-13 09:43:00,,,228b5256-5bd2-4bf3-826f-c6fe76571449,Daily cylinder oil consumption - 55.6 ltr
2933,7440571a-841a-11ed-aa7c-7003bca91a86,lubes,151,LU-0001,Main Engine Cylinder Oil,ltr,CONSUME,-82.20,-82.20,ltr,0.00,12-May-2023 08:38,UTC,2023-05-12 08:38:00,,,480b40d0-04bd-4590-a936-2f879b867977,Daily cylinder oil consumption - 82.2 ltr
2932,7440571a-841a-11ed-aa7c-7003bca91a86,lubes,151,LU-0001,Main Engine Cylinder Oil,ltr,CONSUME,-62.70,-62.70,ltr,0.00,11-May-2023 09:19,UTC,2023-05-11 09:19:00,,,228b5256-5bd2-4bf3-826f-c6fe76571449,Daily cylinder oil consumption - 62.7 ltr
2931,7440571a-841a-11ed-aa7c-7003bca91a86,lubes,151,LU-0001,Main Engine Cylinder Oil,ltr,CONSUME,-55.90,-55.90,ltr,0.00,10-May-2023 09:41,UTC,2023-05-10 09:41:00,,,6084f3b8-85dc-462a-b045-111d2b2e6d0e,Daily cylinder oil consumption - 55.9 ltr
2930,7440571a-841a-11ed-aa7c-7003bca91a86,lubes,151,LU-0001,Main Engine Cylinder Oil,ltr,CONSUME,-76.80,-76.80,ltr,0.00,09-May-2023 07:53,UTC,2023-05-09 07:53:00,,,6084f3b8-85dc-462a-b045-111d2b2e6d0e,Daily cylinder oil consumption - 76.8 ltr
2929,7440571a-841a-11ed-aa7c-7003bca91a86,lubes,151,LU-0001,Main Engine Cylinder Oil,ltr,CONSUME,-74.20,-74.20,ltr,0.00,08-May-2023 08:48,UTC,2023-05-08 08:48:00,,,056a433e-b880-43c6-9d59-b1cfe71a4014,Daily cylinder oil consumption - 74.2 ltr
1563,7440571a-841a-11ed-aa7c-7003bca91a86,chemicals,170,CH-0010,Hand Cleaning Chemical (Industrial Soap),ltr,CONSUME,-0.19,-0.19,ltr,7.48,08-May-2023 00:00,UTC,2023-05-08 00:00:00,,,6084f3b8-85dc-462a-b045-111d2b2e6d0e,Weekly chemical consumption
1562,7440571a-841a-11ed-aa7c-7003bca91a86,chemicals,163,CH-0003,Boiler Water Treatment Chemical,ltr,CONSUME,-1.81,-1.81,ltr,6.70,08-May-2023 00:00,UTC,2023-05-08 00:00:00,,,056a433e-b880-43c6-9d59-b1cfe71a4014,Weekly chemical consumption
2928,7440571a-841a-11ed-aa7c-7003bca91a86,lubes,151,LU-0001,Main Engine Cylinder Oil,ltr,CONSUME,-87.30,-87.30,ltr,0.00,07-May-2023 09:18,UTC,2023-05-07 09:18:00,,,480b40d0-04bd-4590-a936-2f879b867977,Daily cylinder oil consumption - 87.3 ltr
2927,7440571a-841a-11ed-aa7c-7003bca91a86,lubes,151,LU-0001,Main Engine Cylinder Oil,ltr,CONSUME,-104.20,-104.20,ltr,0.00,06-May-2023 06:01,UTC,2023-05-06 06:01:00,,,480b40d0-04bd-4590-a936-2f879b867977,Daily cylinder oil consumption - 104.2 ltr
4012,7440571a-841a-11ed-aa7c-7003bca91a86,chemicals,169,CH-0009,Sewage Treatment Plant Chemical,ltr,CONSUME,-36.20,-36.20,ltr,4963.80,05-May-2023 15:42,UTC,2023-05-05 15:42:00,,,056a433e-b880-43c6-9d59-b1cfe71a4014,Chemical consumption - Sewage Treatment Plant Chemical
2926,7440571a-841a-11ed-aa7c-7003bca91a86,lubes,151,LU-0001,Main Engine Cylinder Oil,ltr,CONSUME,-94.70,-94.70,ltr,0.00,05-May-2023 09:43,UTC,2023-05-05 09:43:00,,,480b40d0-04bd-4590-a936-2f879b867977,Daily cylinder oil consumption - 94.7 ltr
2925,7440571a-841a-11ed-aa7c-7003bca91a86,lubes,151,LU-0001,Main Engine Cylinder Oil,ltr,CONSUME,-118.60,-118.60,ltr,0.00,04-May-2023 07:27,UTC,2023-05-04 07:27:00,,,228b5256-5bd2-4bf3-826f-c6fe76571449,Daily cylinder oil consumption - 118.6 ltr
2924,7440571a-841a-11ed-aa7c-7003bca91a86,lubes,151,LU-0001,Main Engine Cylinder Oil,ltr,CONSUME,-110.00,-110.00,ltr,0.00,03-May-2023 07:30,UTC,2023-05-03 07:30:00,,,056a433e-b880-43c6-9d59-b1cfe71a4014,Daily cylinder oil consumption - 110.0 ltr
4014,7440571a-841a-11ed-aa7c-7003bca91a86,chemicals,165,CH-0005,Potable Water Chlorination Chemical,ltr,CONSUME,-33.00,-33.00,ltr,4967.00,02-May-2023 16:15,UTC,2023-05-02 16:15:00,,,480b40d0-04bd-4590-a936-2f879b867977,Chemical consumption - Potable Water Chlorination Chemical
2923,7440571a-841a-11ed-aa7c-7003bca91a86,lubes,151,LU-0001,Main Engine Cylinder Oil,ltr,CONSUME,-58.90,-58.90,ltr,0.00,02-May-2023 09:43,UTC,2023-05-02 09:43:00,,,228b5256-5bd2-4bf3-826f-c6fe76571449,Daily cylinder oil consumption - 58.9 ltr
4011,7440571a-841a-11ed-aa7c-7003bca91a86,chemicals,163,CH-0003,Boiler Water Treatment Chemical,ltr,CONSUME,-39.80,-39.80,ltr,4960.20,01-May-2023 12:05,UTC,2023-05-01 12:05:00,,,056a433e-b880-43c6-9d59-b1cfe71a4014,Chemical consumption - Boiler Water Treatment Chemical
2922,7440571a-841a-11ed-aa7c-7003bca91a86,lubes,151,LU-0001,Main Engine Cylinder Oil,ltr,CONSUME,-63.20,-63.20,ltr,0.00,01-May-2023 09:04,UTC,2023-05-01 09:04:00,,,480b40d0-04bd-4590-a936-2f879b867977,Daily cylinder oil consumption - 63.2 ltr
1558,7440571a-841a-11ed-aa7c-7003bca91a86,stores,148,IT-0008,Dust Mask / Respirator Mask,pcs,CONSUME,-1.28,-1.28,pcs,4.81,01-May-2023 00:00,UTC,2023-05-01 00:00:00,,,056a433e-b880-43c6-9d59-b1cfe71a4014,General stores consumption
1561,7440571a-841a-11ed-aa7c-7003bca91a86,stores,179,OT-0009,Weather decks,ltr,CONSUME,-2.25,-2.25,ltr,0.00,01-May-2023 00:00,UTC,2023-05-01 00:00:00,,,6084f3b8-85dc-462a-b045-111d2b2e6d0e,General stores consumption
1560,7440571a-841a-11ed-aa7c-7003bca91a86,stores,178,OT-0008,"Pipes, tanks, machinery",ltr,CONSUME,-3.00,-3.00,ltr,3.16,01-May-2023 00:00,UTC,2023-05-01 00:00:00,,,6084f3b8-85dc-462a-b045-111d2b2e6d0e,General stores consumption
1552,7440571a-841a-11ed-aa7c-7003bca91a86,chemicals,163,CH-0003,Boiler Water Treatment Chemical,ltr,CONSUME,-0.19,-0.19,ltr,8.51,01-May-2023 00:00,UTC,2023-05-01 00:00:00,,,480b40d0-04bd-4590-a936-2f879b867977,Weekly chemical consumption
1553,7440571a-841a-11ed-aa7c-7003bca91a86,chemicals,165,CH-0005,Potable Water Chlorination Chemical,ltr,CONSUME,-0.28,-0.28,ltr,5.93,01-May-2023 00:00,UTC,2023-05-01 00:00:00,,,6084f3b8-85dc-462a-b045-111d2b2e6d0e,Weekly chemical consumption
1554,7440571a-841a-11ed-aa7c-7003bca91a86,chemicals,169,CH-0009,Sewage Treatment Plant Chemical,ltr,CONSUME,-1.60,-1.60,ltr,5.83,01-May-2023 00:00,UTC,2023-05-01 00:00:00,,,480b40d0-04bd-4590-a936-2f879b867977,Weekly chemical consumption
1555,7440571a-841a-11ed-aa7c-7003bca91a86,stores,142,IT-0002,Jeevan,pcs,CONSUME,-1.99,-1.99,pcs,4.49,01-May-2023 00:00,UTC,2023-05-01 00:00:00,,,6084f3b8-85dc-462a-b045-111d2b2e6d0e,General stores consumption
1556,7440571a-841a-11ed-aa7c-7003bca91a86,stores,144,IT-0004,Cutting Disc (Angle Grinder),pcs,CONSUME,-3.09,-3.09,pcs,0.00,01-May-2023 00:00,UTC,2023-05-01 00:00:00,,,228b5256-5bd2-4bf3-826f-c6fe76571449,General stores consumption
1557,7440571a-841a-11ed-aa7c-7003bca91a86,stores,147,IT-0007,Ear Plugs (Disposable),pcs,CONSUME,-1.31,-1.31,pcs,6.41,01-May-2023 00:00,UTC,2023-05-01 00:00:00,,,228b5256-5bd2-4bf3-826f-c6fe76571449,General stores consumption
1559,7440571a-841a-11ed-aa7c-7003bca91a86,stores,171,OT-0001,Steel surface protection,ltr,CONSUME,-2.10,-2.10,ltr,7.90,01-May-2023 00:00,UTC,2023-05-01 00:00:00,,,6084f3b8-85dc-462a-b045-111d2b2e6d0e,General stores consumption
2921,7440571a-841a-11ed-aa7c-7003bca91a86,lubes,151,LU-0001,Main Engine Cylinder Oil,ltr,CONSUME,-84.50,-84.50,ltr,0.00,30-Apr-2023 07:25,UTC,2023-04-30 07:25:00,,,6084f3b8-85dc-462a-b045-111d2b2e6d0e,Daily cylinder oil consumption - 84.5 ltr
2920,7440571a-841a-11ed-aa7c-7003bca91a86,lubes,151,LU-0001,Main Engine Cylinder Oil,ltr,CONSUME,-62.30,-62.30,ltr,0.00,29-Apr-2023 07:29,UTC,2023-04-29 07:29:00,,,6084f3b8-85dc-462a-b045-111d2b2e6d0e,Daily cylinder oil consumption - 62.3 ltr
2919,7440571a-841a-11ed-aa7c-7003bca91a86,lubes,151,LU-0001,Main Engine Cylinder Oil,ltr,CONSUME,-67.60,-67.60,ltr,0.00,28-Apr-2023 06:08,UTC,2023-04-28 06:08:00,,,228b5256-5bd2-4bf3-826f-c6fe76571449,Daily cylinder oil consumption - 67.6 ltr
2918,7440571a-841a-11ed-aa7c-7003bca91a86,lubes,151,LU-0001,Main Engine Cylinder Oil,ltr,CONSUME,-105.30,-105.30,ltr,0.00,27-Apr-2023 08:16,UTC,2023-04-27 08:16:00,,,6084f3b8-85dc-462a-b045-111d2b2e6d0e,Daily cylinder oil consumption - 105.3 ltr
2917,7440571a-841a-11ed-aa7c-7003bca91a86,lubes,151,LU-0001,Main Engine Cylinder Oil,ltr,CONSUME,-76.10,-76.10,ltr,0.00,26-Apr-2023 07:18,UTC,2023-04-26 07:18:00,,,6084f3b8-85dc-462a-b045-111d2b2e6d0e,Daily cylinder oil consumption - 76.1 ltr
2916,7440571a-841a-11ed-aa7c-7003bca91a86,lubes,151,LU-0001,Main Engine Cylinder Oil,ltr,CONSUME,-68.40,-68.40,ltr,0.00,25-Apr-2023 08:15,UTC,2023-04-25 08:15:00,,,6084f3b8-85dc-462a-b045-111d2b2e6d0e,Daily cylinder oil consumption - 68.4 ltr
2915,7440571a-841a-11ed-aa7c-7003bca91a86,lubes,151,LU-0001,Main Engine Cylinder Oil,ltr,CONSUME,-101.30,-101.30,ltr,0.00,24-Apr-2023 06:16,UTC,2023-04-24 06:16:00,,,480b40d0-04bd-4590-a936-2f879b867977,Daily cylinder oil consumption - 101.3 ltr
1550,7440571a-841a-11ed-aa7c-7003bca91a86,chemicals,168,CH-0008,Rust Remover / Descaling Chemical,ltr,CONSUME,-1.43,-1.43,ltr,1.86,24-Apr-2023 00:00,UTC,2023-04-24 00:00:00,,,228b5256-5bd2-4bf3-826f-c6fe76571449,Weekly chemical consumption
1551,7440571a-841a-11ed-aa7c-7003bca91a86,chemicals,169,CH-0009,Sewage Treatment Plant Chemical,ltr,CONSUME,-1.22,-1.22,ltr,7.43,24-Apr-2023 00:00,UTC,2023-04-24 00:00:00,,,6084f3b8-85dc-462a-b045-111d2b2e6d0e,Weekly chemical consumption
1547,7440571a-841a-11ed-aa7c-7003bca91a86,chemicals,161,CH-0001,Fuel Oil Treatment Chemical,ltr,CONSUME,-0.68,-0.68,ltr,3.97,24-Apr-2023 00:00,UTC,2023-04-24 00:00:00,,,6084f3b8-85dc-462a-b045-111d2b2e6d0e,Weekly chemical consumption
1548,7440571a-841a-11ed-aa7c-7003bca91a86,chemicals,164,CH-0004,Cooling Water Treatment Chemical,ltr,CONSUME,-1.92,-1.92,ltr,3.12,24-Apr-2023 00:00,UTC,2023-04-24 00:00:00,,,228b5256-5bd2-4bf3-826f-c6fe76571449,Weekly chemical consumption
1549,7440571a-841a-11ed-aa7c-7003bca91a86,chemicals,166,CH-0006,Tank Cleaning Chemical (Alkaline),ltr,CONSUME,-1.95,-1.95,ltr,3.45,24-Apr-2023 00:00,UTC,2023-04-24 00:00:00,,,6084f3b8-85dc-462a-b045-111d2b2e6d0e,Weekly chemical consumption
4013,7440571a-841a-11ed-aa7c-7003bca91a86,chemicals,161,CH-0001,Fuel Oil Treatment Chemical,ltr,CONSUME,-11.40,-11.40,ltr,4988.60,23-Apr-2023 12:24,UTC,2023-04-23 12:24:00,,,6084f3b8-85dc-462a-b045-111d2b2e6d0e,Chemical consumption - Fuel Oil Treatment Chemical
2914,7440571a-841a-11ed-aa7c-7003bca91a86,lubes,151,LU-0001,Main Engine Cylinder Oil,ltr,CONSUME,-52.60,-52.60,ltr,0.00,23-Apr-2023 06:13,UTC,2023-04-23 06:13:00,,,228b5256-5bd2-4bf3-826f-c6fe76571449,Daily cylinder oil consumption - 52.6 ltr
2490,7440571a-841a-11ed-aa7c-7003bca91a86,stores,145,IT-0005,Welding Electrodes (General Purpose),pcs,RECEIVE,51.71,51.71,pcs,94.85,23-Apr-2023 00:00,UTC,2023-04-23 00:00:00,Suez,PO-2023-2283,228b5256-5bd2-4bf3-826f-c6fe76571449,Received at Suez
2499,7440571a-841a-11ed-aa7c-7003bca91a86,stores,151,LU-0001,Main Engine Cylinder Oil,ltr,RECEIVE,7.32,7.32,ltr,27.32,23-Apr-2023 00:00,UTC,2023-04-23 00:00:00,Suez,PO-2023-0215,228b5256-5bd2-4bf3-826f-c6fe76571449,Received at Suez
2498,7440571a-841a-11ed-aa7c-7003bca91a86,stores,180,OT-0010,"Pipelines, safety markings",ltr,RECEIVE,42.24,42.24,ltr,42.24,23-Apr-2023 00:00,UTC,2023-04-23 00:00:00,Suez,PO-2023-8671,228b5256-5bd2-4bf3-826f-c6fe76571449,Received at Suez
2497,7440571a-841a-11ed-aa7c-7003bca91a86,stores,176,OT-0006,"Exhausts, boilers, pipelines",ltr,RECEIVE,15.98,15.98,ltr,15.98,23-Apr-2023 00:00,UTC,2023-04-23 00:00:00,Suez,PO-2023-7206,228b5256-5bd2-4bf3-826f-c6fe76571449,Received at Suez
2496,7440571a-841a-11ed-aa7c-7003bca91a86,stores,172,OT-0002,"Ballast tanks, machinery spaces",ltr,RECEIVE,46.63,46.63,ltr,81.92,23-Apr-2023 00:00,UTC,2023-04-23 00:00:00,Suez,PO-2023-8371,228b5256-5bd2-4bf3-826f-c6fe76571449,Received at Suez
2495,7440571a-841a-11ed-aa7c-7003bca91a86,chemicals,162,CH-0002,Lube Oil Treatment Chemical,ltr,RECEIVE,23.47,23.47,ltr,61.03,23-Apr-2023 00:00,UTC,2023-04-23 00:00:00,Suez,PO-2023-8974,228b5256-5bd2-4bf3-826f-c6fe76571449,Received at Suez
2494,7440571a-841a-11ed-aa7c-7003bca91a86,stores,157,LU-0007,Stern Tube Oil,ltr,RECEIVE,28.39,28.39,ltr,38.39,23-Apr-2023 00:00,UTC,2023-04-23 00:00:00,Suez,PO-2023-8975,228b5256-5bd2-4bf3-826f-c6fe76571449,Received at Suez
2493,7440571a-841a-11ed-aa7c-7003bca91a86,stores,148,IT-0008,Dust Mask / Respirator Mask,pcs,RECEIVE,50.73,50.73,pcs,75.49,23-Apr-2023 00:00,UTC,2023-04-23 00:00:00,Suez,PO-2023-8888,228b5256-5bd2-4bf3-826f-c6fe76571449,Received at Suez
2492,7440571a-841a-11ed-aa7c-7003bca91a86,stores,147,IT-0007,Ear Plugs (Disposable),pcs,RECEIVE,10.37,10.37,pcs,10.37,23-Apr-2023 00:00,UTC,2023-04-23 00:00:00,Suez,PO-2023-9317,228b5256-5bd2-4bf3-826f-c6fe76571449,Received at Suez
2491,7440571a-841a-11ed-aa7c-7003bca91a86,stores,146,IT-0006,Safety Goggles (Clear),pcs,RECEIVE,20.34,20.34,pcs,29.09,23-Apr-2023 00:00,UTC,2023-04-23 00:00:00,Suez,PO-2023-8548,228b5256-5bd2-4bf3-826f-c6fe76571449,Received at Suez
2913,7440571a-841a-11ed-aa7c-7003bca91a86,lubes,151,LU-0001,Main Engine Cylinder Oil,ltr,CONSUME,-104.30,-104.30,ltr,0.00,22-Apr-2023 09:58,UTC,2023-04-22 09:58:00,,,6084f3b8-85dc-462a-b045-111d2b2e6d0e,Daily cylinder oil consumption - 104.3 ltr
2912,7440571a-841a-11ed-aa7c-7003bca91a86,lubes,151,LU-0001,Main Engine Cylinder Oil,ltr,CONSUME,-87.70,-87.70,ltr,0.00,21-Apr-2023 07:56,UTC,2023-04-21 07:56:00,,,6084f3b8-85dc-462a-b045-111d2b2e6d0e,Daily cylinder oil consumption - 87.7 ltr
2911,7440571a-841a-11ed-aa7c-7003bca91a86,lubes,151,LU-0001,Main Engine Cylinder Oil,ltr,CONSUME,-80.90,-80.90,ltr,0.00,20-Apr-2023 09:03,UTC,2023-04-20 09:03:00,,,056a433e-b880-43c6-9d59-b1cfe71a4014,Daily cylinder oil consumption - 80.9 ltr
2910,7440571a-841a-11ed-aa7c-7003bca91a86,lubes,151,LU-0001,Main Engine Cylinder Oil,ltr,CONSUME,-88.70,-88.70,ltr,0.00,19-Apr-2023 09:18,UTC,2023-04-19 09:18:00,,,056a433e-b880-43c6-9d59-b1cfe71a4014,Daily cylinder oil consumption - 88.7 ltr
2909,7440571a-841a-11ed-aa7c-7003bca91a86,lubes,151,LU-0001,Main Engine Cylinder Oil,ltr,CONSUME,-79.40,-79.40,ltr,0.00,18-Apr-2023 08:47,UTC,2023-04-18 08:47:00,,,480b40d0-04bd-4590-a936-2f879b867977,Daily cylinder oil consumption - 79.4 ltr
3943,7440571a-841a-11ed-aa7c-7003bca91a86,lubes,152,LU-0002,Main Engine System Oil,ltr,CONSUME,-121.60,-121.60,ltr,4714.30,17-Apr-2023 11:11,UTC,2023-04-17 11:11:00,,,228b5256-5bd2-4bf3-826f-c6fe76571449,Monthly ME system oil top-up - 121.6 ltr
3944,7440571a-841a-11ed-aa7c-7003bca91a86,lubes,153,LU-0003,Auxiliary Engine Lube Oil,ltr,CONSUME,-101.80,-101.80,ltr,4677.30,17-Apr-2023 11:11,UTC,2023-04-17 11:11:00,,,056a433e-b880-43c6-9d59-b1cfe71a4014,Monthly AE lube oil top-up - 101.8 ltr
2908,7440571a-841a-11ed-aa7c-7003bca91a86,lubes,151,LU-0001,Main Engine Cylinder Oil,ltr,CONSUME,-58.90,-58.90,ltr,0.00,17-Apr-2023 09:03,UTC,2023-04-17 09:03:00,,,228b5256-5bd2-4bf3-826f-c6fe76571449,Daily cylinder oil consumption - 58.9 ltr
1544,7440571a-841a-11ed-aa7c-7003bca91a86,chemicals,162,CH-0002,Lube Oil Treatment Chemical,ltr,CONSUME,-1.11,-1.11,ltr,4.61,17-Apr-2023 00:00,UTC,2023-04-17 00:00:00,,,228b5256-5bd2-4bf3-826f-c6fe76571449,Weekly chemical consumption
1546,7440571a-841a-11ed-aa7c-7003bca91a86,chemicals,168,CH-0008,Rust Remover / Descaling Chemical,ltr,CONSUME,-1.45,-1.45,ltr,3.29,17-Apr-2023 00:00,UTC,2023-04-17 00:00:00,,,228b5256-5bd2-4bf3-826f-c6fe76571449,Weekly chemical consumption
1545,7440571a-841a-11ed-aa7c-7003bca91a86,chemicals,166,CH-0006,Tank Cleaning Chemical (Alkaline),ltr,CONSUME,-1.36,-1.36,ltr,5.40,17-Apr-2023 00:00,UTC,2023-04-17 00:00:00,,,228b5256-5bd2-4bf3-826f-c6fe76571449,Weekly chemical consumption
2907,7440571a-841a-11ed-aa7c-7003bca91a86,lubes,151,LU-0001,Main Engine Cylinder Oil,ltr,CONSUME,-113.10,-113.10,ltr,0.00,16-Apr-2023 07:46,UTC,2023-04-16 07:46:00,,,228b5256-5bd2-4bf3-826f-c6fe76571449,Daily cylinder oil consumption - 113.1 ltr
2906,7440571a-841a-11ed-aa7c-7003bca91a86,lubes,151,LU-0001,Main Engine Cylinder Oil,ltr,CONSUME,-95.40,-95.40,ltr,0.00,15-Apr-2023 09:12,UTC,2023-04-15 09:12:00,,,6084f3b8-85dc-462a-b045-111d2b2e6d0e,Daily cylinder oil consumption - 95.4 ltr
1541,7440571a-841a-11ed-aa7c-7003bca91a86,stores,176,OT-0006,"Exhausts, boilers, pipelines",ltr,CONSUME,-1.54,-1.54,ltr,8.46,15-Apr-2023 00:00,UTC,2023-04-15 00:00:00,,,228b5256-5bd2-4bf3-826f-c6fe76571449,General stores consumption
1539,7440571a-841a-11ed-aa7c-7003bca91a86,stores,149,IT-0009,Cotton Waste / Cleaning Rags,pcs,CONSUME,-3.84,-3.84,pcs,4.11,15-Apr-2023 00:00,UTC,2023-04-15 00:00:00,,,056a433e-b880-43c6-9d59-b1cfe71a4014,General stores consumption
1538,7440571a-841a-11ed-aa7c-7003bca91a86,stores,144,IT-0004,Cutting Disc (Angle Grinder),pcs,CONSUME,-3.88,-3.88,pcs,0.00,15-Apr-2023 00:00,UTC,2023-04-15 00:00:00,,,228b5256-5bd2-4bf3-826f-c6fe76571449,General stores consumption
1543,7440571a-841a-11ed-aa7c-7003bca91a86,stores,141,IT-0001,Safety Gloves – Cotton,pcs,CONSUME,-3.62,-3.62,pcs,99.01,15-Apr-2023 00:00,UTC,2023-04-15 00:00:00,,,480b40d0-04bd-4590-a936-2f879b867977,General stores consumption
1542,7440571a-841a-11ed-aa7c-7003bca91a86,stores,179,OT-0009,Weather decks,ltr,CONSUME,-3.88,-3.88,ltr,2.14,15-Apr-2023 00:00,UTC,2023-04-15 00:00:00,,,6084f3b8-85dc-462a-b045-111d2b2e6d0e,General stores consumption
1540,7440571a-841a-11ed-aa7c-7003bca91a86,stores,172,OT-0002,"Ballast tanks, machinery spaces",ltr,CONSUME,-1.98,-1.98,ltr,6.65,15-Apr-2023 00:00,UTC,2023-04-15 00:00:00,,,480b40d0-04bd-4590-a936-2f879b867977,General stores consumption
2905,7440571a-841a-11ed-aa7c-7003bca91a86,lubes,151,LU-0001,Main Engine Cylinder Oil,ltr,CONSUME,-65.90,-65.90,ltr,0.00,14-Apr-2023 09:10,UTC,2023-04-14 09:10:00,,,056a433e-b880-43c6-9d59-b1cfe71a4014,Daily cylinder oil consumption - 65.9 ltr
2904,7440571a-841a-11ed-aa7c-7003bca91a86,lubes,151,LU-0001,Main Engine Cylinder Oil,ltr,CONSUME,-73.30,-73.30,ltr,0.00,13-Apr-2023 06:36,UTC,2023-04-13 06:36:00,,,056a433e-b880-43c6-9d59-b1cfe71a4014,Daily cylinder oil consumption - 73.3 ltr
2903,7440571a-841a-11ed-aa7c-7003bca91a86,lubes,151,LU-0001,Main Engine Cylinder Oil,ltr,CONSUME,-85.50,-85.50,ltr,0.00,12-Apr-2023 08:45,UTC,2023-04-12 08:45:00,,,480b40d0-04bd-4590-a936-2f879b867977,Daily cylinder oil consumption - 85.5 ltr
2902,7440571a-841a-11ed-aa7c-7003bca91a86,lubes,151,LU-0001,Main Engine Cylinder Oil,ltr,CONSUME,-57.10,-57.10,ltr,0.00,11-Apr-2023 09:06,UTC,2023-04-11 09:06:00,,,056a433e-b880-43c6-9d59-b1cfe71a4014,Daily cylinder oil consumption - 57.1 ltr
2901,7440571a-841a-11ed-aa7c-7003bca91a86,lubes,151,LU-0001,Main Engine Cylinder Oil,ltr,CONSUME,-90.70,-90.70,ltr,0.00,10-Apr-2023 07:43,UTC,2023-04-10 07:43:00,,,6084f3b8-85dc-462a-b045-111d2b2e6d0e,Daily cylinder oil consumption - 90.7 ltr
1537,7440571a-841a-11ed-aa7c-7003bca91a86,chemicals,161,CH-0001,Fuel Oil Treatment Chemical,ltr,CONSUME,-1.17,-1.17,ltr,4.65,10-Apr-2023 00:00,UTC,2023-04-10 00:00:00,,,228b5256-5bd2-4bf3-826f-c6fe76571449,Weekly chemical consumption
2900,7440571a-841a-11ed-aa7c-7003bca91a86,lubes,151,LU-0001,Main Engine Cylinder Oil,ltr,CONSUME,-81.60,-81.60,ltr,0.00,09-Apr-2023 08:55,UTC,2023-04-09 08:55:00,,,480b40d0-04bd-4590-a936-2f879b867977,Daily cylinder oil consumption - 81.6 ltr
2899,7440571a-841a-11ed-aa7c-7003bca91a86,lubes,151,LU-0001,Main Engine Cylinder Oil,ltr,CONSUME,-109.80,-109.80,ltr,0.00,08-Apr-2023 06:33,UTC,2023-04-08 06:33:00,,,480b40d0-04bd-4590-a936-2f879b867977,Daily cylinder oil consumption - 109.8 ltr
2898,7440571a-841a-11ed-aa7c-7003bca91a86,lubes,151,LU-0001,Main Engine Cylinder Oil,ltr,CONSUME,-61.10,-61.10,ltr,0.00,07-Apr-2023 08:34,UTC,2023-04-07 08:34:00,,,228b5256-5bd2-4bf3-826f-c6fe76571449,Daily cylinder oil consumption - 61.1 ltr
2897,7440571a-841a-11ed-aa7c-7003bca91a86,lubes,151,LU-0001,Main Engine Cylinder Oil,ltr,CONSUME,-58.30,-58.30,ltr,0.00,06-Apr-2023 06:07,UTC,2023-04-06 06:07:00,,,056a433e-b880-43c6-9d59-b1cfe71a4014,Daily cylinder oil consumption - 58.3 ltr
4089,7440571a-841a-11ed-aa7c-7003bca91a86,chemicals,164,CH-0004,Cooling Water Treatment Chemical,ltr,RECEIVE,410.70,410.70,ltr,5232.90,05-Apr-2023 15:53,UTC,2023-04-05 15:53:00,Durban,PO-2023-3274,228b5256-5bd2-4bf3-826f-c6fe76571449,Received at Durban
4090,7440571a-841a-11ed-aa7c-7003bca91a86,chemicals,163,CH-0003,Boiler Water Treatment Chemical,ltr,RECEIVE,844.70,844.70,ltr,5599.80,05-Apr-2023 15:53,UTC,2023-04-05 15:53:00,Durban,PO-2023-3274,228b5256-5bd2-4bf3-826f-c6fe76571449,Received at Durban
2896,7440571a-841a-11ed-aa7c-7003bca91a86,lubes,151,LU-0001,Main Engine Cylinder Oil,ltr,CONSUME,-62.00,-62.00,ltr,30.00,05-Apr-2023 09:55,UTC,2023-04-05 09:55:00,,,480b40d0-04bd-4590-a936-2f879b867977,Daily cylinder oil consumption - 62.0 ltr
2895,7440571a-841a-11ed-aa7c-7003bca91a86,lubes,151,LU-0001,Main Engine Cylinder Oil,ltr,CONSUME,-110.80,-110.80,ltr,92.00,04-Apr-2023 08:54,UTC,2023-04-04 08:54:00,,,6084f3b8-85dc-462a-b045-111d2b2e6d0e,Daily cylinder oil consumption - 110.8 ltr
2894,7440571a-841a-11ed-aa7c-7003bca91a86,lubes,151,LU-0001,Main Engine Cylinder Oil,ltr,CONSUME,-100.50,-100.50,ltr,202.80,03-Apr-2023 08:24,UTC,2023-04-03 08:24:00,,,6084f3b8-85dc-462a-b045-111d2b2e6d0e,Daily cylinder oil consumption - 100.5 ltr
1534,7440571a-841a-11ed-aa7c-7003bca91a86,chemicals,164,CH-0004,Cooling Water Treatment Chemical,ltr,CONSUME,-0.68,-0.68,ltr,5.04,03-Apr-2023 00:00,UTC,2023-04-03 00:00:00,,,6084f3b8-85dc-462a-b045-111d2b2e6d0e,Weekly chemical consumption
1536,7440571a-841a-11ed-aa7c-7003bca91a86,chemicals,168,CH-0008,Rust Remover / Descaling Chemical,ltr,CONSUME,-1.80,-1.80,ltr,4.74,03-Apr-2023 00:00,UTC,2023-04-03 00:00:00,,,480b40d0-04bd-4590-a936-2f879b867977,Weekly chemical consumption
1533,7440571a-841a-11ed-aa7c-7003bca91a86,chemicals,162,CH-0002,Lube Oil Treatment Chemical,ltr,CONSUME,-2.09,-2.09,ltr,5.72,03-Apr-2023 00:00,UTC,2023-04-03 00:00:00,,,6084f3b8-85dc-462a-b045-111d2b2e6d0e,Weekly chemical consumption
1535,7440571a-841a-11ed-aa7c-7003bca91a86,chemicals,165,CH-0005,Potable Water Chlorination Chemical,ltr,CONSUME,-1.39,-1.39,ltr,6.21,03-Apr-2023 00:00,UTC,2023-04-03 00:00:00,,,6084f3b8-85dc-462a-b045-111d2b2e6d0e,Weekly chemical consumption
2893,7440571a-841a-11ed-aa7c-7003bca91a86,lubes,151,LU-0001,Main Engine Cylinder Oil,ltr,CONSUME,-109.30,-109.30,ltr,303.30,02-Apr-2023 08:09,UTC,2023-04-02 08:09:00,,,056a433e-b880-43c6-9d59-b1cfe71a4014,Daily cylinder oil consumption - 109.3 ltr
2892,7440571a-841a-11ed-aa7c-7003bca91a86,lubes,151,LU-0001,Main Engine Cylinder Oil,ltr,CONSUME,-83.30,-83.30,ltr,412.60,01-Apr-2023 06:14,UTC,2023-04-01 06:14:00,,,480b40d0-04bd-4590-a936-2f879b867977,Daily cylinder oil consumption - 83.3 ltr
1532,7440571a-841a-11ed-aa7c-7003bca91a86,stores,141,IT-0001,Safety Gloves – Cotton,pcs,CONSUME,-1.37,-1.37,pcs,102.63,01-Apr-2023 00:00,UTC,2023-04-01 00:00:00,,,6084f3b8-85dc-462a-b045-111d2b2e6d0e,General stores consumption
1529,7440571a-841a-11ed-aa7c-7003bca91a86,stores,172,OT-0002,"Ballast tanks, machinery spaces",ltr,CONSUME,-1.37,-1.37,ltr,8.63,01-Apr-2023 00:00,UTC,2023-04-01 00:00:00,,,6084f3b8-85dc-462a-b045-111d2b2e6d0e,General stores consumption
1530,7440571a-841a-11ed-aa7c-7003bca91a86,stores,178,OT-0008,"Pipes, tanks, machinery",ltr,CONSUME,-3.84,-3.84,ltr,6.16,01-Apr-2023 00:00,UTC,2023-04-01 00:00:00,,,056a433e-b880-43c6-9d59-b1cfe71a4014,General stores consumption
1531,7440571a-841a-11ed-aa7c-7003bca91a86,stores,179,OT-0009,Weather decks,ltr,CONSUME,-1.20,-1.20,ltr,6.02,01-Apr-2023 00:00,UTC,2023-04-01 00:00:00,,,228b5256-5bd2-4bf3-826f-c6fe76571449,General stores consumption
2891,7440571a-841a-11ed-aa7c-7003bca91a86,lubes,151,LU-0001,Main Engine Cylinder Oil,ltr,CONSUME,-66.20,-66.20,ltr,495.90,31-Mar-2023 08:42,UTC,2023-03-31 08:42:00,,,228b5256-5bd2-4bf3-826f-c6fe76571449,Daily cylinder oil consumption - 66.2 ltr
2890,7440571a-841a-11ed-aa7c-7003bca91a86,lubes,151,LU-0001,Main Engine Cylinder Oil,ltr,CONSUME,-105.90,-105.90,ltr,562.10,30-Mar-2023 06:20,UTC,2023-03-30 06:20:00,,,228b5256-5bd2-4bf3-826f-c6fe76571449,Daily cylinder oil consumption - 105.9 ltr
2889,7440571a-841a-11ed-aa7c-7003bca91a86,lubes,151,LU-0001,Main Engine Cylinder Oil,ltr,CONSUME,-109.70,-109.70,ltr,668.00,29-Mar-2023 09:40,UTC,2023-03-29 09:40:00,,,480b40d0-04bd-4590-a936-2f879b867977,Daily cylinder oil consumption - 109.7 ltr
2888,7440571a-841a-11ed-aa7c-7003bca91a86,lubes,151,LU-0001,Main Engine Cylinder Oil,ltr,CONSUME,-65.60,-65.60,ltr,777.70,28-Mar-2023 07:32,UTC,2023-03-28 07:32:00,,,480b40d0-04bd-4590-a936-2f879b867977,Daily cylinder oil consumption - 65.6 ltr
2887,7440571a-841a-11ed-aa7c-7003bca91a86,lubes,151,LU-0001,Main Engine Cylinder Oil,ltr,CONSUME,-110.10,-110.10,ltr,843.30,27-Mar-2023 08:36,UTC,2023-03-27 08:36:00,,,6084f3b8-85dc-462a-b045-111d2b2e6d0e,Daily cylinder oil consumption - 110.1 ltr
1528,7440571a-841a-11ed-aa7c-7003bca91a86,chemicals,170,CH-0010,Hand Cleaning Chemical (Industrial Soap),ltr,CONSUME,-1.05,-1.05,ltr,7.67,27-Mar-2023 00:00,UTC,2023-03-27 00:00:00,,,6084f3b8-85dc-462a-b045-111d2b2e6d0e,Weekly chemical consumption
1527,7440571a-841a-11ed-aa7c-7003bca91a86,chemicals,164,CH-0004,Cooling Water Treatment Chemical,ltr,CONSUME,-0.98,-0.98,ltr,5.72,27-Mar-2023 00:00,UTC,2023-03-27 00:00:00,,,228b5256-5bd2-4bf3-826f-c6fe76571449,Weekly chemical consumption
1526,7440571a-841a-11ed-aa7c-7003bca91a86,chemicals,162,CH-0002,Lube Oil Treatment Chemical,ltr,CONSUME,-1.84,-1.84,ltr,7.81,27-Mar-2023 00:00,UTC,2023-03-27 00:00:00,,,6084f3b8-85dc-462a-b045-111d2b2e6d0e,Weekly chemical consumption
2886,7440571a-841a-11ed-aa7c-7003bca91a86,lubes,151,LU-0001,Main Engine Cylinder Oil,ltr,CONSUME,-107.10,-107.10,ltr,953.40,26-Mar-2023 07:17,UTC,2023-03-26 07:17:00,,,480b40d0-04bd-4590-a936-2f879b867977,Daily cylinder oil consumption - 107.1 ltr
2885,7440571a-841a-11ed-aa7c-7003bca91a86,lubes,151,LU-0001,Main Engine Cylinder Oil,ltr,CONSUME,-120.00,-120.00,ltr,1060.50,25-Mar-2023 07:54,UTC,2023-03-25 07:54:00,,,056a433e-b880-43c6-9d59-b1cfe71a4014,Daily cylinder oil consumption - 120.0 ltr
2884,7440571a-841a-11ed-aa7c-7003bca91a86,lubes,151,LU-0001,Main Engine Cylinder Oil,ltr,CONSUME,-103.90,-103.90,ltr,1180.50,24-Mar-2023 09:06,UTC,2023-03-24 09:06:00,,,056a433e-b880-43c6-9d59-b1cfe71a4014,Daily cylinder oil consumption - 103.9 ltr
2883,7440571a-841a-11ed-aa7c-7003bca91a86,lubes,151,LU-0001,Main Engine Cylinder Oil,ltr,CONSUME,-118.00,-118.00,ltr,1284.40,23-Mar-2023 06:31,UTC,2023-03-23 06:31:00,,,6084f3b8-85dc-462a-b045-111d2b2e6d0e,Daily cylinder oil consumption - 118.0 ltr
2882,7440571a-841a-11ed-aa7c-7003bca91a86,lubes,151,LU-0001,Main Engine Cylinder Oil,ltr,CONSUME,-99.50,-99.50,ltr,1402.40,22-Mar-2023 09:59,UTC,2023-03-22 09:59:00,,,6084f3b8-85dc-462a-b045-111d2b2e6d0e,Daily cylinder oil consumption - 99.5 ltr
2881,7440571a-841a-11ed-aa7c-7003bca91a86,lubes,151,LU-0001,Main Engine Cylinder Oil,ltr,CONSUME,-81.90,-81.90,ltr,1501.90,21-Mar-2023 07:05,UTC,2023-03-21 07:05:00,,,056a433e-b880-43c6-9d59-b1cfe71a4014,Daily cylinder oil consumption - 81.9 ltr
2880,7440571a-841a-11ed-aa7c-7003bca91a86,lubes,151,LU-0001,Main Engine Cylinder Oil,ltr,CONSUME,-82.10,-82.10,ltr,1583.80,20-Mar-2023 07:07,UTC,2023-03-20 07:07:00,,,056a433e-b880-43c6-9d59-b1cfe71a4014,Daily cylinder oil consumption - 82.1 ltr
1524,7440571a-841a-11ed-aa7c-7003bca91a86,chemicals,167,CH-0007,Degreasing Chemical,ltr,CONSUME,-1.81,-1.81,ltr,6.24,20-Mar-2023 00:00,UTC,2023-03-20 00:00:00,,,6084f3b8-85dc-462a-b045-111d2b2e6d0e,Weekly chemical consumption
1525,7440571a-841a-11ed-aa7c-7003bca91a86,chemicals,168,CH-0008,Rust Remover / Descaling Chemical,ltr,CONSUME,-0.88,-0.88,ltr,6.54,20-Mar-2023 00:00,UTC,2023-03-20 00:00:00,,,6084f3b8-85dc-462a-b045-111d2b2e6d0e,Weekly chemical consumption
1523,7440571a-841a-11ed-aa7c-7003bca91a86,chemicals,166,CH-0006,Tank Cleaning Chemical (Alkaline),ltr,CONSUME,-1.10,-1.10,ltr,6.76,20-Mar-2023 00:00,UTC,2023-03-20 00:00:00,,,6084f3b8-85dc-462a-b045-111d2b2e6d0e,Weekly chemical consumption
1522,7440571a-841a-11ed-aa7c-7003bca91a86,chemicals,161,CH-0001,Fuel Oil Treatment Chemical,ltr,CONSUME,-1.10,-1.10,ltr,5.82,20-Mar-2023 00:00,UTC,2023-03-20 00:00:00,,,480b40d0-04bd-4590-a936-2f879b867977,Weekly chemical consumption
2879,7440571a-841a-11ed-aa7c-7003bca91a86,lubes,151,LU-0001,Main Engine Cylinder Oil,ltr,CONSUME,-110.40,-110.40,ltr,1665.90,19-Mar-2023 08:44,UTC,2023-03-19 08:44:00,,,6084f3b8-85dc-462a-b045-111d2b2e6d0e,Daily cylinder oil consumption - 110.4 ltr
2483,7440571a-841a-11ed-aa7c-7003bca91a86,chemicals,164,CH-0004,Cooling Water Treatment Chemical,ltr,RECEIVE,42.95,42.95,ltr,42.95,19-Mar-2023 00:00,UTC,2023-03-19 00:00:00,Suez,PO-2023-4716,228b5256-5bd2-4bf3-826f-c6fe76571449,Received at Suez
2482,7440571a-841a-11ed-aa7c-7003bca91a86,chemicals,162,CH-0002,Lube Oil Treatment Chemical,ltr,RECEIVE,37.56,37.56,ltr,37.56,19-Mar-2023 00:00,UTC,2023-03-19 00:00:00,Suez,PO-2023-5457,228b5256-5bd2-4bf3-826f-c6fe76571449,Received at Suez
2481,7440571a-841a-11ed-aa7c-7003bca91a86,stores,154,LU-0004,Turbocharger Lube Oil,ltr,RECEIVE,12.56,12.56,ltr,22.56,19-Mar-2023 00:00,UTC,2023-03-19 00:00:00,Suez,PO-2023-7430,228b5256-5bd2-4bf3-826f-c6fe76571449,Received at Suez
2480,7440571a-841a-11ed-aa7c-7003bca91a86,stores,148,IT-0008,Dust Mask / Respirator Mask,pcs,RECEIVE,24.76,24.76,pcs,24.76,19-Mar-2023 00:00,UTC,2023-03-19 00:00:00,Suez,PO-2023-8605,228b5256-5bd2-4bf3-826f-c6fe76571449,Received at Suez
2479,7440571a-841a-11ed-aa7c-7003bca91a86,stores,146,IT-0006,Safety Goggles (Clear),pcs,RECEIVE,8.75,8.75,pcs,8.75,19-Mar-2023 00:00,UTC,2023-03-19 00:00:00,Suez,PO-2023-7959,228b5256-5bd2-4bf3-826f-c6fe76571449,Received at Suez
2486,7440571a-841a-11ed-aa7c-7003bca91a86,stores,172,OT-0002,"Ballast tanks, machinery spaces",ltr,RECEIVE,35.29,35.29,ltr,35.29,19-Mar-2023 00:00,UTC,2023-03-19 00:00:00,Suez,PO-2023-4799,228b5256-5bd2-4bf3-826f-c6fe76571449,Received at Suez
2489,7440571a-841a-11ed-aa7c-7003bca91a86,stores,178,OT-0008,"Pipes, tanks, machinery",ltr,RECEIVE,14.18,14.18,ltr,14.18,19-Mar-2023 00:00,UTC,2023-03-19 00:00:00,Suez,PO-2023-8105,228b5256-5bd2-4bf3-826f-c6fe76571449,Received at Suez
2488,7440571a-841a-11ed-aa7c-7003bca91a86,stores,177,OT-0007,"Bilges, chain lockers",ltr,RECEIVE,28.50,28.50,ltr,28.50,19-Mar-2023 00:00,UTC,2023-03-19 00:00:00,Suez,PO-2023-8477,228b5256-5bd2-4bf3-826f-c6fe76571449,Received at Suez
2487,7440571a-841a-11ed-aa7c-7003bca91a86,stores,174,OT-0004,Waterline area,ltr,RECEIVE,25.27,25.27,ltr,25.27,19-Mar-2023 00:00,UTC,2023-03-19 00:00:00,Suez,PO-2023-7226,228b5256-5bd2-4bf3-826f-c6fe76571449,Received at Suez
2478,7440571a-841a-11ed-aa7c-7003bca91a86,stores,145,IT-0005,Welding Electrodes (General Purpose),pcs,RECEIVE,43.14,43.14,pcs,43.14,19-Mar-2023 00:00,UTC,2023-03-19 00:00:00,Suez,PO-2023-0000,228b5256-5bd2-4bf3-826f-c6fe76571449,Received at Suez
2485,7440571a-841a-11ed-aa7c-7003bca91a86,chemicals,168,CH-0008,Rust Remover / Descaling Chemical,ltr,RECEIVE,43.99,43.99,ltr,43.99,19-Mar-2023 00:00,UTC,2023-03-19 00:00:00,Suez,PO-2023-7384,228b5256-5bd2-4bf3-826f-c6fe76571449,Received at Suez
2484,7440571a-841a-11ed-aa7c-7003bca91a86,chemicals,166,CH-0006,Tank Cleaning Chemical (Alkaline),ltr,RECEIVE,39.77,39.77,ltr,39.77,19-Mar-2023 00:00,UTC,2023-03-19 00:00:00,Suez,PO-2023-2252,228b5256-5bd2-4bf3-826f-c6fe76571449,Received at Suez
2878,7440571a-841a-11ed-aa7c-7003bca91a86,lubes,151,LU-0001,Main Engine Cylinder Oil,ltr,CONSUME,-103.80,-103.80,ltr,1776.30,18-Mar-2023 09:56,UTC,2023-03-18 09:56:00,,,6084f3b8-85dc-462a-b045-111d2b2e6d0e,Daily cylinder oil consumption - 103.8 ltr
2877,7440571a-841a-11ed-aa7c-7003bca91a86,lubes,151,LU-0001,Main Engine Cylinder Oil,ltr,CONSUME,-94.30,-94.30,ltr,1880.10,17-Mar-2023 06:29,UTC,2023-03-17 06:29:00,,,6084f3b8-85dc-462a-b045-111d2b2e6d0e,Daily cylinder oil consumption - 94.3 ltr
2876,7440571a-841a-11ed-aa7c-7003bca91a86,lubes,151,LU-0001,Main Engine Cylinder Oil,ltr,CONSUME,-68.20,-68.20,ltr,1974.40,16-Mar-2023 06:56,UTC,2023-03-16 06:56:00,,,056a433e-b880-43c6-9d59-b1cfe71a4014,Daily cylinder oil consumption - 68.2 ltr
2875,7440571a-841a-11ed-aa7c-7003bca91a86,lubes,151,LU-0001,Main Engine Cylinder Oil,ltr,CONSUME,-77.70,-77.70,ltr,2042.60,15-Mar-2023 08:26,UTC,2023-03-15 08:26:00,,,228b5256-5bd2-4bf3-826f-c6fe76571449,Daily cylinder oil consumption - 77.7 ltr
1520,7440571a-841a-11ed-aa7c-7003bca91a86,stores,148,IT-0008,Dust Mask / Respirator Mask,pcs,CONSUME,-3.91,-3.91,pcs,6.09,15-Mar-2023 00:00,UTC,2023-03-15 00:00:00,,,6084f3b8-85dc-462a-b045-111d2b2e6d0e,General stores consumption
1519,7440571a-841a-11ed-aa7c-7003bca91a86,stores,147,IT-0007,Ear Plugs (Disposable),pcs,CONSUME,-2.28,-2.28,pcs,7.72,15-Mar-2023 00:00,UTC,2023-03-15 00:00:00,,,228b5256-5bd2-4bf3-826f-c6fe76571449,General stores consumption
1521,7440571a-841a-11ed-aa7c-7003bca91a86,stores,180,OT-0010,"Pipelines, safety markings",ltr,CONSUME,-2.25,-2.25,ltr,4.83,15-Mar-2023 00:00,UTC,2023-03-15 00:00:00,,,6084f3b8-85dc-462a-b045-111d2b2e6d0e,General stores consumption
2874,7440571a-841a-11ed-aa7c-7003bca91a86,lubes,151,LU-0001,Main Engine Cylinder Oil,ltr,CONSUME,-78.00,-78.00,ltr,2120.30,14-Mar-2023 08:52,UTC,2023-03-14 08:52:00,,,056a433e-b880-43c6-9d59-b1cfe71a4014,Daily cylinder oil consumption - 78.0 ltr
2873,7440571a-841a-11ed-aa7c-7003bca91a86,lubes,151,LU-0001,Main Engine Cylinder Oil,ltr,CONSUME,-78.40,-78.40,ltr,2198.30,13-Mar-2023 08:06,UTC,2023-03-13 08:06:00,,,6084f3b8-85dc-462a-b045-111d2b2e6d0e,Daily cylinder oil consumption - 78.4 ltr
1517,7440571a-841a-11ed-aa7c-7003bca91a86,chemicals,168,CH-0008,Rust Remover / Descaling Chemical,ltr,CONSUME,-1.78,-1.78,ltr,7.42,13-Mar-2023 00:00,UTC,2023-03-13 00:00:00,,,228b5256-5bd2-4bf3-826f-c6fe76571449,Weekly chemical consumption
1516,7440571a-841a-11ed-aa7c-7003bca91a86,chemicals,167,CH-0007,Degreasing Chemical,ltr,CONSUME,-1.07,-1.07,ltr,8.05,13-Mar-2023 00:00,UTC,2023-03-13 00:00:00,,,228b5256-5bd2-4bf3-826f-c6fe76571449,Weekly chemical consumption
1512,7440571a-841a-11ed-aa7c-7003bca91a86,chemicals,163,CH-0003,Boiler Water Treatment Chemical,ltr,CONSUME,-1.30,-1.30,ltr,8.70,13-Mar-2023 00:00,UTC,2023-03-13 00:00:00,,,480b40d0-04bd-4590-a936-2f879b867977,Weekly chemical consumption
1513,7440571a-841a-11ed-aa7c-7003bca91a86,chemicals,164,CH-0004,Cooling Water Treatment Chemical,ltr,CONSUME,-1.46,-1.46,ltr,6.70,13-Mar-2023 00:00,UTC,2023-03-13 00:00:00,,,228b5256-5bd2-4bf3-826f-c6fe76571449,Weekly chemical consumption
1514,7440571a-841a-11ed-aa7c-7003bca91a86,chemicals,165,CH-0005,Potable Water Chlorination Chemical,ltr,CONSUME,-1.32,-1.32,ltr,7.60,13-Mar-2023 00:00,UTC,2023-03-13 00:00:00,,,228b5256-5bd2-4bf3-826f-c6fe76571449,Weekly chemical consumption
1515,7440571a-841a-11ed-aa7c-7003bca91a86,chemicals,166,CH-0006,Tank Cleaning Chemical (Alkaline),ltr,CONSUME,-0.87,-0.87,ltr,7.86,13-Mar-2023 00:00,UTC,2023-03-13 00:00:00,,,228b5256-5bd2-4bf3-826f-c6fe76571449,Weekly chemical consumption
1518,7440571a-841a-11ed-aa7c-7003bca91a86,chemicals,169,CH-0009,Sewage Treatment Plant Chemical,ltr,CONSUME,-0.85,-0.85,ltr,8.65,13-Mar-2023 00:00,UTC,2023-03-13 00:00:00,,,056a433e-b880-43c6-9d59-b1cfe71a4014,Weekly chemical consumption
2872,7440571a-841a-11ed-aa7c-7003bca91a86,lubes,151,LU-0001,Main Engine Cylinder Oil,ltr,CONSUME,-117.70,-117.70,ltr,2276.70,12-Mar-2023 09:05,UTC,2023-03-12 09:05:00,,,6084f3b8-85dc-462a-b045-111d2b2e6d0e,Daily cylinder oil consumption - 117.7 ltr
2871,7440571a-841a-11ed-aa7c-7003bca91a86,lubes,151,LU-0001,Main Engine Cylinder Oil,ltr,CONSUME,-93.80,-93.80,ltr,2394.40,11-Mar-2023 07:32,UTC,2023-03-11 07:32:00,,,6084f3b8-85dc-462a-b045-111d2b2e6d0e,Daily cylinder oil consumption - 93.8 ltr
3942,7440571a-841a-11ed-aa7c-7003bca91a86,lubes,153,LU-0003,Auxiliary Engine Lube Oil,ltr,CONSUME,-220.90,-220.90,ltr,4779.10,10-Mar-2023 12:10,UTC,2023-03-10 12:10:00,,,056a433e-b880-43c6-9d59-b1cfe71a4014,Monthly AE lube oil top-up - 220.9 ltr
3941,7440571a-841a-11ed-aa7c-7003bca91a86,lubes,152,LU-0002,Main Engine System Oil,ltr,CONSUME,-164.10,-164.10,ltr,4835.90,10-Mar-2023 12:10,UTC,2023-03-10 12:10:00,,,228b5256-5bd2-4bf3-826f-c6fe76571449,Monthly ME system oil top-up - 164.1 ltr
2870,7440571a-841a-11ed-aa7c-7003bca91a86,lubes,151,LU-0001,Main Engine Cylinder Oil,ltr,CONSUME,-93.00,-93.00,ltr,2488.20,10-Mar-2023 09:27,UTC,2023-03-10 09:27:00,,,6084f3b8-85dc-462a-b045-111d2b2e6d0e,Daily cylinder oil consumption - 93.0 ltr
2869,7440571a-841a-11ed-aa7c-7003bca91a86,lubes,151,LU-0001,Main Engine Cylinder Oil,ltr,CONSUME,-99.50,-99.50,ltr,2581.20,09-Mar-2023 08:04,UTC,2023-03-09 08:04:00,,,6084f3b8-85dc-462a-b045-111d2b2e6d0e,Daily cylinder oil consumption - 99.5 ltr
2868,7440571a-841a-11ed-aa7c-7003bca91a86,lubes,151,LU-0001,Main Engine Cylinder Oil,ltr,CONSUME,-84.90,-84.90,ltr,2680.70,08-Mar-2023 08:55,UTC,2023-03-08 08:55:00,,,480b40d0-04bd-4590-a936-2f879b867977,Daily cylinder oil consumption - 84.9 ltr
2867,7440571a-841a-11ed-aa7c-7003bca91a86,lubes,151,LU-0001,Main Engine Cylinder Oil,ltr,CONSUME,-68.20,-68.20,ltr,2765.60,07-Mar-2023 08:26,UTC,2023-03-07 08:26:00,,,480b40d0-04bd-4590-a936-2f879b867977,Daily cylinder oil consumption - 68.2 ltr
2866,7440571a-841a-11ed-aa7c-7003bca91a86,lubes,151,LU-0001,Main Engine Cylinder Oil,ltr,CONSUME,-90.10,-90.10,ltr,2833.80,06-Mar-2023 08:00,UTC,2023-03-06 08:00:00,,,6084f3b8-85dc-462a-b045-111d2b2e6d0e,Daily cylinder oil consumption - 90.1 ltr
1511,7440571a-841a-11ed-aa7c-7003bca91a86,chemicals,161,CH-0001,Fuel Oil Treatment Chemical,ltr,CONSUME,-0.12,-0.12,ltr,6.92,06-Mar-2023 00:00,UTC,2023-03-06 00:00:00,,,6084f3b8-85dc-462a-b045-111d2b2e6d0e,Weekly chemical consumption
2865,7440571a-841a-11ed-aa7c-7003bca91a86,lubes,151,LU-0001,Main Engine Cylinder Oil,ltr,CONSUME,-66.60,-66.60,ltr,2923.90,05-Mar-2023 09:59,UTC,2023-03-05 09:59:00,,,6084f3b8-85dc-462a-b045-111d2b2e6d0e,Daily cylinder oil consumption - 66.6 ltr
2864,7440571a-841a-11ed-aa7c-7003bca91a86,lubes,151,LU-0001,Main Engine Cylinder Oil,ltr,CONSUME,-111.90,-111.90,ltr,2990.50,04-Mar-2023 08:03,UTC,2023-03-04 08:03:00,,,228b5256-5bd2-4bf3-826f-c6fe76571449,Daily cylinder oil consumption - 111.9 ltr
2863,7440571a-841a-11ed-aa7c-7003bca91a86,lubes,151,LU-0001,Main Engine Cylinder Oil,ltr,CONSUME,-120.00,-120.00,ltr,3102.40,03-Mar-2023 08:14,UTC,2023-03-03 08:14:00,,,6084f3b8-85dc-462a-b045-111d2b2e6d0e,Daily cylinder oil consumption - 120.0 ltr
2862,7440571a-841a-11ed-aa7c-7003bca91a86,lubes,151,LU-0001,Main Engine Cylinder Oil,ltr,CONSUME,-120.00,-120.00,ltr,3222.40,02-Mar-2023 08:04,UTC,2023-03-02 08:04:00,,,228b5256-5bd2-4bf3-826f-c6fe76571449,Daily cylinder oil consumption - 120.0 ltr
2861,7440571a-841a-11ed-aa7c-7003bca91a86,lubes,151,LU-0001,Main Engine Cylinder Oil,ltr,CONSUME,-74.70,-74.70,ltr,3342.40,01-Mar-2023 09:40,UTC,2023-03-01 09:40:00,,,228b5256-5bd2-4bf3-826f-c6fe76571449,Daily cylinder oil consumption - 74.7 ltr
1509,7440571a-841a-11ed-aa7c-7003bca91a86,stores,142,IT-0002,Jeevan,pcs,CONSUME,-1.52,-1.52,pcs,6.48,01-Mar-2023 00:00,UTC,2023-03-01 00:00:00,,,056a433e-b880-43c6-9d59-b1cfe71a4014,General stores consumption
1510,7440571a-841a-11ed-aa7c-7003bca91a86,stores,175,OT-0005,External structures,ltr,CONSUME,-2.98,-2.98,ltr,7.02,01-Mar-2023 00:00,UTC,2023-03-01 00:00:00,,,6084f3b8-85dc-462a-b045-111d2b2e6d0e,General stores consumption
2860,7440571a-841a-11ed-aa7c-7003bca91a86,lubes,151,LU-0001,Main Engine Cylinder Oil,ltr,CONSUME,-120.00,-120.00,ltr,3417.10,28-Feb-2023 08:47,UTC,2023-02-28 08:47:00,,,056a433e-b880-43c6-9d59-b1cfe71a4014,Daily cylinder oil consumption - 120.0 ltr
2859,7440571a-841a-11ed-aa7c-7003bca91a86,lubes,151,LU-0001,Main Engine Cylinder Oil,ltr,CONSUME,-120.00,-120.00,ltr,3537.10,27-Feb-2023 08:01,UTC,2023-02-27 08:01:00,,,228b5256-5bd2-4bf3-826f-c6fe76571449,Daily cylinder oil consumption - 120.0 ltr
1507,7440571a-841a-11ed-aa7c-7003bca91a86,chemicals,166,CH-0006,Tank Cleaning Chemical (Alkaline),ltr,CONSUME,-1.27,-1.27,ltr,8.73,27-Feb-2023 00:00,UTC,2023-02-27 00:00:00,,,6084f3b8-85dc-462a-b045-111d2b2e6d0e,Weekly chemical consumption
1504,7440571a-841a-11ed-aa7c-7003bca91a86,chemicals,161,CH-0001,Fuel Oil Treatment Chemical,ltr,CONSUME,-1.25,-1.25,ltr,7.04,27-Feb-2023 00:00,UTC,2023-02-27 00:00:00,,,056a433e-b880-43c6-9d59-b1cfe71a4014,Weekly chemical consumption
1508,7440571a-841a-11ed-aa7c-7003bca91a86,chemicals,170,CH-0010,Hand Cleaning Chemical (Industrial Soap),ltr,CONSUME,-1.16,-1.16,ltr,8.72,27-Feb-2023 00:00,UTC,2023-02-27 00:00:00,,,056a433e-b880-43c6-9d59-b1cfe71a4014,Weekly chemical consumption
1506,7440571a-841a-11ed-aa7c-7003bca91a86,chemicals,165,CH-0005,Potable Water Chlorination Chemical,ltr,CONSUME,-0.65,-0.65,ltr,8.92,27-Feb-2023 00:00,UTC,2023-02-27 00:00:00,,,480b40d0-04bd-4590-a936-2f879b867977,Weekly chemical consumption
1505,7440571a-841a-11ed-aa7c-7003bca91a86,chemicals,164,CH-0004,Cooling Water Treatment Chemical,ltr,CONSUME,-1.84,-1.84,ltr,8.16,27-Feb-2023 00:00,UTC,2023-02-27 00:00:00,,,228b5256-5bd2-4bf3-826f-c6fe76571449,Weekly chemical consumption
2858,7440571a-841a-11ed-aa7c-7003bca91a86,lubes,151,LU-0001,Main Engine Cylinder Oil,ltr,CONSUME,-83.00,-83.00,ltr,3657.10,26-Feb-2023 06:32,UTC,2023-02-26 06:32:00,,,228b5256-5bd2-4bf3-826f-c6fe76571449,Daily cylinder oil consumption - 83.0 ltr
2857,7440571a-841a-11ed-aa7c-7003bca91a86,lubes,151,LU-0001,Main Engine Cylinder Oil,ltr,CONSUME,-88.90,-88.90,ltr,3740.10,25-Feb-2023 07:48,UTC,2023-02-25 07:48:00,,,056a433e-b880-43c6-9d59-b1cfe71a4014,Daily cylinder oil consumption - 88.9 ltr
2856,7440571a-841a-11ed-aa7c-7003bca91a86,lubes,151,LU-0001,Main Engine Cylinder Oil,ltr,CONSUME,-68.50,-68.50,ltr,3829.00,24-Feb-2023 08:46,UTC,2023-02-24 08:46:00,,,056a433e-b880-43c6-9d59-b1cfe71a4014,Daily cylinder oil consumption - 68.5 ltr
2855,7440571a-841a-11ed-aa7c-7003bca91a86,lubes,151,LU-0001,Main Engine Cylinder Oil,ltr,CONSUME,-91.50,-91.50,ltr,3897.50,23-Feb-2023 09:54,UTC,2023-02-23 09:54:00,,,6084f3b8-85dc-462a-b045-111d2b2e6d0e,Daily cylinder oil consumption - 91.5 ltr
2854,7440571a-841a-11ed-aa7c-7003bca91a86,lubes,151,LU-0001,Main Engine Cylinder Oil,ltr,CONSUME,-104.80,-104.80,ltr,3989.00,22-Feb-2023 06:55,UTC,2023-02-22 06:55:00,,,056a433e-b880-43c6-9d59-b1cfe71a4014,Daily cylinder oil consumption - 104.8 ltr
2853,7440571a-841a-11ed-aa7c-7003bca91a86,lubes,151,LU-0001,Main Engine Cylinder Oil,ltr,CONSUME,-120.00,-120.00,ltr,4093.80,21-Feb-2023 06:39,UTC,2023-02-21 06:39:00,,,6084f3b8-85dc-462a-b045-111d2b2e6d0e,Daily cylinder oil consumption - 120.0 ltr
2852,7440571a-841a-11ed-aa7c-7003bca91a86,lubes,151,LU-0001,Main Engine Cylinder Oil,ltr,CONSUME,-81.70,-81.70,ltr,4213.80,20-Feb-2023 09:10,UTC,2023-02-20 09:10:00,,,480b40d0-04bd-4590-a936-2f879b867977,Daily cylinder oil consumption - 81.7 ltr
1503,7440571a-841a-11ed-aa7c-7003bca91a86,chemicals,167,CH-0007,Degreasing Chemical,ltr,CONSUME,-0.88,-0.88,ltr,9.12,20-Feb-2023 00:00,UTC,2023-02-20 00:00:00,,,480b40d0-04bd-4590-a936-2f879b867977,Weekly chemical consumption
1502,7440571a-841a-11ed-aa7c-7003bca91a86,chemicals,161,CH-0001,Fuel Oil Treatment Chemical,ltr,CONSUME,-1.71,-1.71,ltr,8.29,20-Feb-2023 00:00,UTC,2023-02-20 00:00:00,,,6084f3b8-85dc-462a-b045-111d2b2e6d0e,Weekly chemical consumption
2851,7440571a-841a-11ed-aa7c-7003bca91a86,lubes,151,LU-0001,Main Engine Cylinder Oil,ltr,CONSUME,-111.20,-111.20,ltr,4295.50,19-Feb-2023 08:22,UTC,2023-02-19 08:22:00,,,056a433e-b880-43c6-9d59-b1cfe71a4014,Daily cylinder oil consumption - 111.2 ltr
2850,7440571a-841a-11ed-aa7c-7003bca91a86,lubes,151,LU-0001,Main Engine Cylinder Oil,ltr,CONSUME,-111.60,-111.60,ltr,4406.70,18-Feb-2023 08:50,UTC,2023-02-18 08:50:00,,,056a433e-b880-43c6-9d59-b1cfe71a4014,Daily cylinder oil consumption - 111.6 ltr
2849,7440571a-841a-11ed-aa7c-7003bca91a86,lubes,151,LU-0001,Main Engine Cylinder Oil,ltr,CONSUME,-119.60,-119.60,ltr,4518.30,17-Feb-2023 09:19,UTC,2023-02-17 09:19:00,,,228b5256-5bd2-4bf3-826f-c6fe76571449,Daily cylinder oil consumption - 119.6 ltr
2848,7440571a-841a-11ed-aa7c-7003bca91a86,lubes,151,LU-0001,Main Engine Cylinder Oil,ltr,CONSUME,-89.90,-89.90,ltr,4637.90,16-Feb-2023 07:16,UTC,2023-02-16 07:16:00,,,228b5256-5bd2-4bf3-826f-c6fe76571449,Daily cylinder oil consumption - 89.9 ltr
2847,7440571a-841a-11ed-aa7c-7003bca91a86,lubes,151,LU-0001,Main Engine Cylinder Oil,ltr,CONSUME,-112.80,-112.80,ltr,4727.80,15-Feb-2023 08:54,UTC,2023-02-15 08:54:00,,,480b40d0-04bd-4590-a936-2f879b867977,Daily cylinder oil consumption - 112.8 ltr
1501,7440571a-841a-11ed-aa7c-7003bca91a86,stores,180,OT-0010,"Pipelines, safety markings",ltr,CONSUME,-2.92,-2.92,ltr,7.08,15-Feb-2023 00:00,UTC,2023-02-15 00:00:00,,,480b40d0-04bd-4590-a936-2f879b867977,General stores consumption
1499,7440571a-841a-11ed-aa7c-7003bca91a86,stores,149,IT-0009,Cotton Waste / Cleaning Rags,pcs,CONSUME,-2.05,-2.05,pcs,7.95,15-Feb-2023 00:00,UTC,2023-02-15 00:00:00,,,480b40d0-04bd-4590-a936-2f879b867977,General stores consumption
1498,7440571a-841a-11ed-aa7c-7003bca91a86,stores,146,IT-0006,Safety Goggles (Clear),pcs,CONSUME,-2.97,-2.97,pcs,7.03,15-Feb-2023 00:00,UTC,2023-02-15 00:00:00,,,056a433e-b880-43c6-9d59-b1cfe71a4014,General stores consumption
1500,7440571a-841a-11ed-aa7c-7003bca91a86,stores,179,OT-0009,Weather decks,ltr,CONSUME,-2.78,-2.78,ltr,7.22,15-Feb-2023 00:00,UTC,2023-02-15 00:00:00,,,480b40d0-04bd-4590-a936-2f879b867977,General stores consumption
2846,7440571a-841a-11ed-aa7c-7003bca91a86,lubes,151,LU-0001,Main Engine Cylinder Oil,ltr,CONSUME,-87.70,-87.70,ltr,4840.60,14-Feb-2023 08:36,UTC,2023-02-14 08:36:00,,,056a433e-b880-43c6-9d59-b1cfe71a4014,Daily cylinder oil consumption - 87.7 ltr
2845,7440571a-841a-11ed-aa7c-7003bca91a86,lubes,151,LU-0001,Main Engine Cylinder Oil,ltr,CONSUME,-71.70,-71.70,ltr,4928.30,13-Feb-2023 08:39,UTC,2023-02-13 08:39:00,,,6084f3b8-85dc-462a-b045-111d2b2e6d0e,Daily cylinder oil consumption - 71.7 ltr
1497,7440571a-841a-11ed-aa7c-7003bca91a86,chemicals,170,CH-0010,Hand Cleaning Chemical (Industrial Soap),ltr,CONSUME,-0.12,-0.12,ltr,9.88,13-Feb-2023 00:00,UTC,2023-02-13 00:00:00,,,228b5256-5bd2-4bf3-826f-c6fe76571449,Weekly chemical consumption
1496,7440571a-841a-11ed-aa7c-7003bca91a86,chemicals,169,CH-0009,Sewage Treatment Plant Chemical,ltr,CONSUME,-0.50,-0.50,ltr,9.50,13-Feb-2023 00:00,UTC,2023-02-13 00:00:00,,,056a433e-b880-43c6-9d59-b1cfe71a4014,Weekly chemical consumption
1495,7440571a-841a-11ed-aa7c-7003bca91a86,chemicals,168,CH-0008,Rust Remover / Descaling Chemical,ltr,CONSUME,-0.80,-0.80,ltr,9.20,13-Feb-2023 00:00,UTC,2023-02-13 00:00:00,,,056a433e-b880-43c6-9d59-b1cfe71a4014,Weekly chemical consumption
1493,7440571a-841a-11ed-aa7c-7003bca91a86,chemicals,162,CH-0002,Lube Oil Treatment Chemical,ltr,CONSUME,-0.35,-0.35,ltr,9.65,13-Feb-2023 00:00,UTC,2023-02-13 00:00:00,,,480b40d0-04bd-4590-a936-2f879b867977,Weekly chemical consumption
1494,7440571a-841a-11ed-aa7c-7003bca91a86,chemicals,165,CH-0005,Potable Water Chlorination Chemical,ltr,CONSUME,-0.43,-0.43,ltr,9.57,13-Feb-2023 00:00,UTC,2023-02-13 00:00:00,,,6084f3b8-85dc-462a-b045-111d2b2e6d0e,Weekly chemical consumption
