id,timestamp_utc,vessel_id,spare_id,part_code,part_name,component_id,component_code,component_name,component_spare_code,event_type,qty_change,rob_after,user_id,remarks,reference,date_local,tz,place
484,2026-03-11 00:00:00,7440571a-841a-11ed-aa7c-7003bca91a86,4505,MV0001-05049,Trunk Plate,COMP-1768374767799-zs6hrf8cm,401.005,Rudders W/Nozzle,SP-401.005-049,CONSUME,-2,2,6084f3b8-85dc-462a-b045-111d2b2e6d0e,Consumed for WO WO-712.011.01-2026-132,WO-712.011.01-2026-132,11-Mar-2026 00:00,UTC,
2523,2026-03-03 00:00:00,7440571a-841a-11ed-aa7c-7003bca91a86,4619,MV0001-05163,Manual Exp. Valve,COMP-1768374767815-k5anrfi02,554.001,Provision Cooling Compressor Aggregates,SP-554.001-163,CONSUME,-2,3,3rd Engineer,Consumed during maintenance - UWO-653.020-2026-758,UWO-653.020-2026-758,03-Mar-2026,UTC,
2522,2026-03-03 00:00:00,7440571a-841a-11ed-aa7c-7003bca91a86,5432,MV0001-05976,Cylinder Cover,COMP-1768374768525-zyps62yum,712.011.02,LO Separators No.02,SP-702.005.01-976,CONSUME,-2,1,3rd Engineer,Consumed during maintenance - UWO-653.020-2026-758,UWO-653.020-2026-758,03-Mar-2026,UTC,
483,2026-03-03 00:00:00,7440571a-841a-11ed-aa7c-7003bca91a86,4705,MV0001-05249,Bolt,COMP-1768374767837-m3bhk56ru,601.059,ME Exhaust Gas Manifolds/Pipes W/Insulation,SP-601.059-249,CONSUME,-1,0,6084f3b8-85dc-462a-b045-111d2b2e6d0e,Consumed for WO UWO-653.020-2026-758,UWO-653.020-2026-758,03-Mar-2026 00:00,UTC,
482,2026-02-23 00:00:00,7440571a-841a-11ed-aa7c-7003bca91a86,4813,MV0001-05357,Bearing Drive End,COMP-1768374767899-slkigc1i8,665.001,"Emergency Generator Aggregates, Complete",SP-665.001-357,CONSUME,-1,4,228b5256-5bd2-4bf3-826f-c6fe76571449,Consumed for WO WO-652.001-2026-068,WO-652.001-2026-068,23-Feb-2026 00:00,UTC,
2181,2026-02-22 00:00:00,7440571a-841a-11ed-aa7c-7003bca91a86,5084,MV0001-05628,O-Ring,COMP-1768374767830-uxleqdvg1,601.018,ME Crankcases,SP-601.018-628,CONSUME,-1,4,2nd Engineer,Consumed during maintenance - WO-601.018-2026-036,WO-601.018-2026-036,22-Feb-2026,UTC,
2180,2026-02-22 00:00:00,7440571a-841a-11ed-aa7c-7003bca91a86,5083,MV0001-05627,Gasket,COMP-1768374767830-uxleqdvg1,601.018,ME Crankcases,SP-601.018-627,CONSUME,-1,4,2nd Engineer,Consumed during maintenance - WO-601.018-2026-036,WO-601.018-2026-036,22-Feb-2026,UTC,
2183,2026-02-19 00:00:00,7440571a-841a-11ed-aa7c-7003bca91a86,5029,MV0001-05573,Expansion Valve,COMP-1768374767974-ma2l45pdf,554.005.02,Condensers No.02,SP-554.005.01-573,CONSUME,-2,2,Chief Engineer,Consumed during maintenance - UWO-554.005.02-2026-633,UWO-554.005.02-2026-633,19-Feb-2026,UTC,
2993,2026-02-14 00:00:00,7440571a-841a-11ed-aa7c-7003bca91a86,4814,MV0001-05358,Foot,COMP-1768374767899-slkigc1i8,665.001,"Emergency Generator Aggregates, Complete",SP-665.001-358,CONSUME,-1,4,3rd Engineer,Consumed during maintenance - WO-702.005.02-2026-119,WO-702.005.02-2026-119,14-Feb-2026,UTC,
2992,2026-02-14 00:00:00,7440571a-841a-11ed-aa7c-7003bca91a86,4983,MV0001-05527,Elbow,COMP-1768374767967-jb4k6wuji,554.003.02,Compressors W/Drive Unit No.02,SP-554.003.01-527,CONSUME,-1,3,3rd Engineer,Consumed during maintenance - WO-702.005.02-2026-119,WO-702.005.02-2026-119,14-Feb-2026,UTC,
2724,2026-02-13 00:00:00,7440571a-841a-11ed-aa7c-7003bca91a86,4994,MV0001-05538,Parallel Key,COMP-1768374767967-jb4k6wuji,554.003.02,Compressors W/Drive Unit No.02,SP-554.003.01-538,CONSUME,-1,1,3rd Engineer,Consumed during maintenance - UWO-651.020.05-2026-612,UWO-651.020.05-2026-612,13-Feb-2026,UTC,
481,2026-02-13 00:00:00,7440571a-841a-11ed-aa7c-7003bca91a86,4749,MV0001-05293,Terminal Link,COMP-1768374767899-slkigc1i8,665.001,"Emergency Generator Aggregates, Complete",SP-665.001-293,CONSUME,-1,4,977621de-77d7-4892-ae27-adaebcc27d0b,Consumed for WO UWO-651.020.05-2026-612,UWO-651.020.05-2026-612,13-Feb-2026 00:00,UTC,
3000,2026-02-12 00:00:00,7440571a-841a-11ed-aa7c-7003bca91a86,5548,MV0001-06092,Seal Cage,COMP-1768374767795-1qyq8qvkb,721.001.02,Main Sw Cooling Pumps No.02,SP-721.001.01-1092,CONSUME,-1,2,3rd Engineer,Consumed during maintenance - WO-651.001-2026-049,WO-651.001-2026-049,12-Feb-2026,UTC,
2999,2026-02-12 00:00:00,7440571a-841a-11ed-aa7c-7003bca91a86,5150,MV0001-05694,Hexagon Slotted And Castle Nut,COMP-1768374768462-uelez69lg,653.004.06,AE3 Pistons And Connecting Rod No.06,SP-651.004.01-694,CONSUME,-2,3,3rd Engineer,Consumed during maintenance - WO-651.001-2026-049,WO-651.001-2026-049,12-Feb-2026,UTC,
480,2026-02-12 00:00:00,7440571a-841a-11ed-aa7c-7003bca91a86,4617,MV0001-05161,Magnet Valve,COMP-1768374767815-k5anrfi02,554.001,Provision Cooling Compressor Aggregates,SP-554.001-161,CONSUME,-2,1,056a433e-b880-43c6-9d59-b1cfe71a4014,Consumed for WO WO-554.001-2026-024,WO-554.001-2026-024,12-Feb-2026 00:00,UTC,
479,2026-02-12 00:00:00,7440571a-841a-11ed-aa7c-7003bca91a86,4616,MV0001-05160,Stop Valve,COMP-1768374767815-k5anrfi02,554.001,Provision Cooling Compressor Aggregates,SP-554.001-160,CONSUME,-2,0,6084f3b8-85dc-462a-b045-111d2b2e6d0e,Consumed for WO WO-554.001-2026-024,WO-554.001-2026-024,12-Feb-2026 00:00,UTC,
478,2026-02-12 00:00:00,7440571a-841a-11ed-aa7c-7003bca91a86,4615,MV0001-05159,Belt Heater,COMP-1768374767815-k5anrfi02,554.001,Provision Cooling Compressor Aggregates,SP-554.001-159,CONSUME,-2,0,228b5256-5bd2-4bf3-826f-c6fe76571449,Consumed for WO WO-554.001-2026-024,WO-554.001-2026-024,12-Feb-2026 00:00,UTC,
477,2026-02-12 00:00:00,7440571a-841a-11ed-aa7c-7003bca91a86,4658,MV0001-05202,Thrust Bearing Complete,COMP-1768374767834-dbncpiany,601.053,ME Turbochargers,SP-601.053-202,CONSUME,-2,0,6084f3b8-85dc-462a-b045-111d2b2e6d0e,Consumed for WO WO-601.053-2026-454,WO-601.053-2026-454,12-Feb-2026 00:00,UTC,
476,2026-02-12 00:00:00,7440571a-841a-11ed-aa7c-7003bca91a86,4677,MV0001-05221,Gasket,COMP-1768374767834-dbncpiany,601.053,ME Turbochargers,SP-601.053-221,CONSUME,-2,0,977621de-77d7-4892-ae27-adaebcc27d0b,Consumed for WO WO-601.053-2026-454,WO-601.053-2026-454,12-Feb-2026 00:00,UTC,
475,2026-02-12 00:00:00,7440571a-841a-11ed-aa7c-7003bca91a86,4676,MV0001-05220,Bolt,COMP-1768374767834-dbncpiany,601.053,ME Turbochargers,SP-601.053-220,CONSUME,-1,0,977621de-77d7-4892-ae27-adaebcc27d0b,Consumed for WO WO-601.053-2026-454,WO-601.053-2026-454,12-Feb-2026 00:00,UTC,
2461,2026-02-11 00:00:00,7440571a-841a-11ed-aa7c-7003bca91a86,5251,MV0001-05795,O-Ring,COMP-1768374768525-zyps62yum,712.011.02,LO Separators No.02,SP-702.005.01-795,CONSUME,-2,3,2nd Engineer,Consumed during maintenance - UWO-601.026.03-2026-532,UWO-601.026.03-2026-532,11-Feb-2026,UTC,
2460,2026-02-11 00:00:00,7440571a-841a-11ed-aa7c-7003bca91a86,5307,MV0001-05851,Operating Water Chamber,COMP-1768374768525-zyps62yum,712.011.02,LO Separators No.02,SP-702.005.01-851,CONSUME,-2,3,2nd Engineer,Consumed during maintenance - UWO-601.026.03-2026-532,UWO-601.026.03-2026-532,11-Feb-2026,UTC,
474,2026-02-11 00:00:00,7440571a-841a-11ed-aa7c-7003bca91a86,4937,MV0001-05481,O-Ring,COMP-1768374767805-z4lpo0038,411.001,S-Band Radar,SP-411.001-481,CONSUME,-2,6,6084f3b8-85dc-462a-b045-111d2b2e6d0e,Consumed for WO WO-411.001-2026-017,WO-411.001-2026-017,11-Feb-2026 00:00,UTC,
473,2026-02-11 00:00:00,7440571a-841a-11ed-aa7c-7003bca91a86,4930,MV0001-05474,Anode Rods,COMP-1768374767914-980b44ij3,278.010.02,Impressed Current Systems No.02,SP-278.010.01-474,CONSUME,-2,8,228b5256-5bd2-4bf3-826f-c6fe76571449,Consumed for WO UWO-601.026.03-2026-532,UWO-601.026.03-2026-532,11-Feb-2026 00:00,UTC,
472,2026-02-11 00:00:00,7440571a-841a-11ed-aa7c-7003bca91a86,4681,MV0001-05225,Locking Wire,COMP-1768374767834-dbncpiany,601.053,ME Turbochargers,SP-601.053-225,CONSUME,-1,4,056a433e-b880-43c6-9d59-b1cfe71a4014,Consumed for WO WO-702.005.01-2026-109,WO-702.005.01-2026-109,11-Feb-2026 00:00,UTC,
2826,2026-02-10 00:00:00,7440571a-841a-11ed-aa7c-7003bca91a86,5159,MV0001-05703,"Rubber Ring, Upper",COMP-1768374768505-jktu58f2h,653.020.07,AE3 Crankcase Doors W/Safety Valve No.07,SP-651.020.01-703,CONSUME,-2,2,2nd Engineer,Consumed during maintenance - UWO-653.020.07-2026-579,UWO-653.020.07-2026-579,10-Feb-2026,UTC,
2825,2026-02-10 00:00:00,7440571a-841a-11ed-aa7c-7003bca91a86,5164,MV0001-05708,Anti-Polishing Ring,COMP-1768374768505-jktu58f2h,653.020.07,AE3 Crankcase Doors W/Safety Valve No.07,SP-651.020.01-708,CONSUME,-1,2,2nd Engineer,Consumed during maintenance - UWO-653.020.07-2026-579,UWO-653.020.07-2026-579,10-Feb-2026,UTC,
2824,2026-02-10 00:00:00,7440571a-841a-11ed-aa7c-7003bca91a86,5162,MV0001-05706,"Gasket, Cylinder Head",COMP-1768374768505-jktu58f2h,653.020.07,AE3 Crankcase Doors W/Safety Valve No.07,SP-651.020.01-706,CONSUME,-2,3,2nd Engineer,Consumed during maintenance - UWO-653.020.07-2026-579,UWO-653.020.07-2026-579,10-Feb-2026,UTC,
2682,2026-02-10 00:00:00,7440571a-841a-11ed-aa7c-7003bca91a86,5182,MV0001-05726,Sight Glass,COMP-1768374768525-zyps62yum,712.011.02,LO Separators No.02,SP-702.005.01-726,CONSUME,-2,0,2nd Officer,Consumed during maintenance - UWO-285.001.07-2026-662,UWO-285.001.07-2026-662,10-Feb-2026,UTC,
2681,2026-02-10 00:00:00,7440571a-841a-11ed-aa7c-7003bca91a86,4492,MV0001-05036,O-Ring,COMP-1768374767799-zs6hrf8cm,401.005,Rudders W/Nozzle,SP-401.005-036,CONSUME,-1,4,2nd Officer,Consumed during maintenance - UWO-285.001.07-2026-662,UWO-285.001.07-2026-662,10-Feb-2026,UTC,
471,2026-02-09 00:00:00,7440571a-841a-11ed-aa7c-7003bca91a86,4558,MV0001-05102,Cyl. Head Screw,COMP-1768374767802-sjje0yq3o,403.001,"Steering Gears, Complete",SP-403.001-102,CONSUME,-2,3,056a433e-b880-43c6-9d59-b1cfe71a4014,Consumed for WO WO-554.005.01-2026-026,WO-554.005.01-2026-026,09-Feb-2026 00:00,UTC,
470,2026-02-09 00:00:00,7440571a-841a-11ed-aa7c-7003bca91a86,4638,MV0001-05182,Fuse,COMP-1768374767815-k5anrfi02,554.001,Provision Cooling Compressor Aggregates,SP-554.001-182,CONSUME,-1,2,977621de-77d7-4892-ae27-adaebcc27d0b,Consumed for WO WO-652.001-2026-069,WO-652.001-2026-069,09-Feb-2026 00:00,UTC,
2530,2026-02-08 00:00:00,7440571a-841a-11ed-aa7c-7003bca91a86,5165,MV0001-05709,"Gasket, Cylinder Head",COMP-1768374767888-kl7yblrz6,653.046,AE3 Lo Filters,SP-651.046-709,CONSUME,-1,4,3rd Engineer,Consumed during maintenance - WO-702.005.02-2026-118,WO-702.005.02-2026-118,08-Feb-2026,UTC,
2529,2026-02-08 00:00:00,7440571a-841a-11ed-aa7c-7003bca91a86,5051,MV0001-05595,Stud Bolt And Nut,COMP-1768374767994-apqr6kc7v,601.002.06,ME Cylinder Covers W/Valves No.06,SP-601.002.01-595,CONSUME,-1,4,3rd Engineer,Consumed during maintenance - WO-702.005.02-2026-118,WO-702.005.02-2026-118,08-Feb-2026,UTC,
2528,2026-02-08 00:00:00,7440571a-841a-11ed-aa7c-7003bca91a86,4582,MV0001-05126,Main Piston,COMP-1768374767802-sjje0yq3o,403.001,"Steering Gears, Complete",SP-403.001-126,CONSUME,-1,4,3rd Engineer,Consumed during maintenance - WO-702.005.02-2026-118,WO-702.005.02-2026-118,08-Feb-2026,UTC,
2178,2026-02-08 00:00:00,7440571a-841a-11ed-aa7c-7003bca91a86,5470,MV0001-06014,Key For Coupling,COMP-1768374768533-xnq4n84q4,712.013.02,LO Separator Booster Pumps No.02,SP-712.013.01-1014,CONSUME,-2,3,3rd Engineer,Consumed during maintenance - WO-652.002.04-2026-074,WO-652.002.04-2026-074,08-Feb-2026,UTC,
2349,2026-02-07 00:00:00,7440571a-841a-11ed-aa7c-7003bca91a86,4774,MV0001-05318,End panel Drive End,COMP-1768374767899-slkigc1i8,665.001,"Emergency Generator Aggregates, Complete",SP-665.001-318,CONSUME,-2,3,3rd Engineer,Consumed during maintenance - WO-702.005.01-2026-114,WO-702.005.01-2026-114,07-Feb-2026,UTC,
469,2026-02-07 00:00:00,7440571a-841a-11ed-aa7c-7003bca91a86,4556,MV0001-05100,Hex. Screw,COMP-1768374767802-sjje0yq3o,403.001,"Steering Gears, Complete",SP-403.001-100,CONSUME,-1,4,6084f3b8-85dc-462a-b045-111d2b2e6d0e,Consumed for WO WO-652.003.02-2026-079,WO-652.003.02-2026-079,07-Feb-2026 00:00,UTC,
2780,2026-02-05 00:00:00,7440571a-841a-11ed-aa7c-7003bca91a86,5461,MV0001-06005,Valve Guide,COMP-1768374768533-xnq4n84q4,712.013.02,LO Separator Booster Pumps No.02,SP-712.013.01-1005,CONSUME,-1,4,3rd Engineer,Consumed during maintenance - UWO-653.002.01-2026-699,UWO-653.002.01-2026-699,05-Feb-2026,UTC,
2773,2026-02-05 00:00:00,7440571a-841a-11ed-aa7c-7003bca91a86,4670,MV0001-05214,Bolt With Wire Hole,COMP-1768374767834-dbncpiany,601.053,ME Turbochargers,SP-601.053-214,CONSUME,-1,1,4th Engineer,Consumed during maintenance - UWO-652.003.01-2026-857,UWO-652.003.01-2026-857,05-Feb-2026,UTC,
468,2026-02-05 00:00:00,7440571a-841a-11ed-aa7c-7003bca91a86,4921,MV0001-05465,Oil Seal,COMP-1768374767907-73hq6hda8,801.001,Clean Ballast Pumps,SP-801.001-465,CONSUME,-2,3,977621de-77d7-4892-ae27-adaebcc27d0b,Consumed for WO WO-651.001-2026-048,WO-651.001-2026-048,05-Feb-2026 00:00,UTC,
467,2026-02-05 00:00:00,7440571a-841a-11ed-aa7c-7003bca91a86,4941,MV0001-05485,Release & Lifting Gear,COMP-1768374767812-t7u0ew84e,501.002,Covered Lifeboats,SP-501.002-485,CONSUME,-1,7,228b5256-5bd2-4bf3-826f-c6fe76571449,Consumed for WO UWO-652.003.01-2026-857,UWO-652.003.01-2026-857,05-Feb-2026 00:00,UTC,
2835,2026-02-04 00:00:00,7440571a-841a-11ed-aa7c-7003bca91a86,5111,MV0001-05655,Gasket,COMP-1768374767879-whkjy1n4i,653.001,"Aux. Diesel Generator Aggregates, Complete No.03",SP-651.001-655,CONSUME,-1,5,3rd Engineer,Consumed during maintenance - WO-651.003.01-2026-352,WO-651.003.01-2026-352,04-Feb-2026,UTC,
2834,2026-02-04 00:00:00,7440571a-841a-11ed-aa7c-7003bca91a86,5172,MV0001-05716,Gasket,COMP-1768374768525-zyps62yum,712.011.02,LO Separators No.02,SP-702.005.01-716,CONSUME,-1,3,3rd Engineer,Consumed during maintenance - WO-651.003.01-2026-352,WO-651.003.01-2026-352,04-Feb-2026,UTC,
2315,2026-02-04 00:00:00,7440571a-841a-11ed-aa7c-7003bca91a86,5288,MV0001-05832,O-Ring,COMP-1768374768525-zyps62yum,712.011.02,LO Separators No.02,SP-702.005.01-832,CONSUME,-2,3,3rd Engineer,Consumed during maintenance - WO-702.005.01-2026-108,WO-702.005.01-2026-108,04-Feb-2026,UTC,
466,2026-02-04 00:00:00,7440571a-841a-11ed-aa7c-7003bca91a86,4796,MV0001-05340,PMG Exciter Rotor,COMP-1768374767899-slkigc1i8,665.001,"Emergency Generator Aggregates, Complete",SP-665.001-340,CONSUME,-1,4,6084f3b8-85dc-462a-b045-111d2b2e6d0e,Consumed for WO WO-601.066.04-2026-043,WO-601.066.04-2026-043,04-Feb-2026 00:00,UTC,
465,2026-02-04 00:00:00,7440571a-841a-11ed-aa7c-7003bca91a86,4485,MV0001-05029,Bolt,COMP-1768374767799-zs6hrf8cm,401.005,Rudders W/Nozzle,SP-401.005-029,CONSUME,-2,0,6084f3b8-85dc-462a-b045-111d2b2e6d0e,Consumed for WO WO-652.003.05-2026-083,WO-652.003.05-2026-083,04-Feb-2026 00:00,UTC,
464,2026-02-04 00:00:00,7440571a-841a-11ed-aa7c-7003bca91a86,4925,MV0001-05469,Oil Seal,COMP-1768374767907-73hq6hda8,801.001,Clean Ballast Pumps,SP-801.001-469,CONSUME,-1,1,228b5256-5bd2-4bf3-826f-c6fe76571449,Consumed for WO WO-653.003.02-2026-098,WO-653.003.02-2026-098,04-Feb-2026 00:00,UTC,
2504,2026-02-03 00:00:00,7440571a-841a-11ed-aa7c-7003bca91a86,4994,MV0001-05538,Parallel Key,COMP-1768374767967-jb4k6wuji,554.003.02,Compressors W/Drive Unit No.02,SP-554.003.01-538,CONSUME,-1,3,3rd Engineer,Consumed during maintenance - WO-651.003.06-2026-061,WO-651.003.06-2026-061,03-Feb-2026,UTC,
463,2026-02-03 00:00:00,7440571a-841a-11ed-aa7c-7003bca91a86,4528,MV0001-05072,Locking Screw,COMP-1768374767802-sjje0yq3o,403.001,"Steering Gears, Complete",SP-403.001-072,CONSUME,-2,0,977621de-77d7-4892-ae27-adaebcc27d0b,Consumed for WO WO-403.001-2026-012,WO-403.001-2026-012,03-Feb-2026 00:00,UTC,
462,2026-02-03 00:00:00,7440571a-841a-11ed-aa7c-7003bca91a86,4895,MV0001-05439,Sleeve,COMP-1768374767907-73hq6hda8,801.001,Clean Ballast Pumps,SP-801.001-439,CONSUME,-2,3,480b40d0-04bd-4590-a936-2f879b867977,Consumed for WO WO-652.002.05-2026-076,WO-652.002.05-2026-076,03-Feb-2026 00:00,UTC,
2184,2026-02-02 00:00:00,7440571a-841a-11ed-aa7c-7003bca91a86,4905,MV0001-05449,Packing Ring,COMP-1768374767907-73hq6hda8,801.001,Clean Ballast Pumps,SP-801.001-449,CONSUME,-1,4,2nd Engineer,Consumed during maintenance - WO-601.005.03-2026-031,WO-601.005.03-2026-031,02-Feb-2026,UTC,
2606,2026-02-01 00:00:00,7440571a-841a-11ed-aa7c-7003bca91a86,4675,MV0001-05219,Bolt,COMP-1768374767834-dbncpiany,601.053,ME Turbochargers,SP-601.053-219,CONSUME,-2,2,3rd Engineer,Consumed during maintenance - WO-702.005.02-2026-315,WO-702.005.02-2026-315,01-Feb-2026,UTC,
2605,2026-02-01 00:00:00,7440571a-841a-11ed-aa7c-7003bca91a86,4701,MV0001-05245,Bolt,COMP-1768374767837-m3bhk56ru,601.059,ME Exhaust Gas Manifolds/Pipes W/Insulation,SP-601.059-245,CONSUME,-1,4,3rd Engineer,Consumed during maintenance - WO-702.005.02-2026-315,WO-702.005.02-2026-315,01-Feb-2026,UTC,
2444,2026-02-01 00:00:00,7440571a-841a-11ed-aa7c-7003bca91a86,5111,MV0001-05655,Gasket,COMP-1768374767879-whkjy1n4i,653.001,"Aux. Diesel Generator Aggregates, Complete No.03",SP-651.001-655,CONSUME,-2,6,3rd Engineer,Consumed during maintenance - WO-653.001-2026-088,WO-653.001-2026-088,01-Feb-2026,UTC,
2443,2026-02-01 00:00:00,7440571a-841a-11ed-aa7c-7003bca91a86,5112,MV0001-05656,O-Ring,COMP-1768374767879-whkjy1n4i,653.001,"Aux. Diesel Generator Aggregates, Complete No.03",SP-651.001-656,CONSUME,-1,6,3rd Engineer,Consumed during maintenance - WO-653.001-2026-088,WO-653.001-2026-088,01-Feb-2026,UTC,
2442,2026-02-01 00:00:00,7440571a-841a-11ed-aa7c-7003bca91a86,4713,MV0001-05257,Packing,COMP-1768374767879-whkjy1n4i,653.001,"Aux. Diesel Generator Aggregates, Complete No.03",SP-651.001-257,CONSUME,-2,3,3rd Engineer,Consumed during maintenance - WO-653.001-2026-088,WO-653.001-2026-088,01-Feb-2026,UTC,
461,2026-02-01 00:00:00,7440571a-841a-11ed-aa7c-7003bca91a86,4646,MV0001-05190,Rubber Sheet,COMP-1768374767818-ckg4kqu6q,601.001,"Main Diesel Engine, Compl.",SP-601.001-190,CONSUME,-1,1,480b40d0-04bd-4590-a936-2f879b867977,Consumed for WO WO-601.001-2026-394,WO-601.001-2026-394,01-Feb-2026 00:00,UTC,
460,2026-02-01 00:00:00,7440571a-841a-11ed-aa7c-7003bca91a86,4645,MV0001-05189,Crinket,COMP-1768374767818-ckg4kqu6q,601.001,"Main Diesel Engine, Compl.",SP-601.001-189,CONSUME,-2,0,056a433e-b880-43c6-9d59-b1cfe71a4014,Consumed for WO WO-601.001-2026-394,WO-601.001-2026-394,01-Feb-2026 00:00,UTC,
459,2026-02-01 00:00:00,7440571a-841a-11ed-aa7c-7003bca91a86,4655,MV0001-05199,Locking Wire,COMP-1768374767827-g6k9lk4to,601.016,ME Tiebolts,SP-601.016-199,CONSUME,-1,0,977621de-77d7-4892-ae27-adaebcc27d0b,Consumed for WO WO-285.001.02-2026-003,WO-285.001.02-2026-003,01-Feb-2026 00:00,UTC,
2558,2026-01-31 00:00:00,7440571a-841a-11ed-aa7c-7003bca91a86,5327,MV0001-05871,Lock Washer,COMP-1768374768525-zyps62yum,712.011.02,LO Separators No.02,SP-702.005.01-871,CONSUME,-1,4,3rd Engineer,Consumed during maintenance - UWO-712.011.01-2026-799,UWO-712.011.01-2026-799,31-Jan-2026,UTC,
2557,2026-01-31 00:00:00,7440571a-841a-11ed-aa7c-7003bca91a86,4504,MV0001-05048,Base Plate,COMP-1768374767799-zs6hrf8cm,401.005,Rudders W/Nozzle,SP-401.005-048,CONSUME,-2,3,3rd Engineer,Consumed during maintenance - UWO-712.011.01-2026-799,UWO-712.011.01-2026-799,31-Jan-2026,UTC,
2556,2026-01-31 00:00:00,7440571a-841a-11ed-aa7c-7003bca91a86,4646,MV0001-05190,Rubber Sheet,COMP-1768374767818-ckg4kqu6q,601.001,"Main Diesel Engine, Compl.",SP-601.001-190,CONSUME,-1,2,3rd Engineer,Consumed during maintenance - UWO-712.011.01-2026-799,UWO-712.011.01-2026-799,31-Jan-2026,UTC,
2200,2026-01-31 00:00:00,7440571a-841a-11ed-aa7c-7003bca91a86,5063,MV0001-05607,Stud Bolt And Nut,COMP-1768374767994-apqr6kc7v,601.002.06,ME Cylinder Covers W/Valves No.06,SP-601.002.01-607,CONSUME,-2,3,3rd Engineer,Consumed during maintenance - WO-712.011.01-2026-126,WO-712.011.01-2026-126,31-Jan-2026,UTC,
458,2026-01-31 00:00:00,7440571a-841a-11ed-aa7c-7003bca91a86,4893,MV0001-05437,Sleeve,COMP-1768374767907-73hq6hda8,801.001,Clean Ballast Pumps,SP-801.001-437,CONSUME,-1,4,056a433e-b880-43c6-9d59-b1cfe71a4014,Consumed for WO WO-653.002.04-2026-094,WO-653.002.04-2026-094,31-Jan-2026 00:00,UTC,
457,2026-01-31 00:00:00,7440571a-841a-11ed-aa7c-7003bca91a86,4766,MV0001-05310,Drive End Bracket,COMP-1768374767899-slkigc1i8,665.001,"Emergency Generator Aggregates, Complete",SP-665.001-310,CONSUME,-2,2,056a433e-b880-43c6-9d59-b1cfe71a4014,Consumed for WO UWO-712.011.01-2026-799,UWO-712.011.01-2026-799,31-Jan-2026 00:00,UTC,
456,2026-01-31 00:00:00,7440571a-841a-11ed-aa7c-7003bca91a86,4705,MV0001-05249,Bolt,COMP-1768374767837-m3bhk56ru,601.059,ME Exhaust Gas Manifolds/Pipes W/Insulation,SP-601.059-249,CONSUME,-2,1,480b40d0-04bd-4590-a936-2f879b867977,Consumed for WO WO-712.011.02-2026-142,WO-712.011.02-2026-142,31-Jan-2026 00:00,UTC,
71,2026-01-30 05:28:53.967,7440571a-841a-11ed-aa7c-7003bca91a86,4837,MV0001-05381,Volute Casing,COMP-1768374767907-73hq6hda8,801.001,Clean Ballast Pumps,SP-801.001-381,ADJUSTMENT,195,200,1,ROB adjustment via panel,,2026-01-30,,
2771,2026-01-30 00:00:00,7440571a-841a-11ed-aa7c-7003bca91a86,5441,MV0001-05985,Side Cover,COMP-1768374768533-xnq4n84q4,712.013.02,LO Separator Booster Pumps No.02,SP-712.013.01-985,CONSUME,-1,4,3rd Engineer,Consumed during maintenance - WO-712.013.02-2026-145,WO-712.013.02-2026-145,30-Jan-2026,UTC,
2770,2026-01-30 00:00:00,7440571a-841a-11ed-aa7c-7003bca91a86,5453,MV0001-05997,Coupling Bolt Complete,COMP-1768374768533-xnq4n84q4,712.013.02,LO Separator Booster Pumps No.02,SP-712.013.01-997,CONSUME,-2,1,3rd Engineer,Consumed during maintenance - WO-712.013.02-2026-145,WO-712.013.02-2026-145,30-Jan-2026,UTC,
2728,2026-01-30 00:00:00,7440571a-841a-11ed-aa7c-7003bca91a86,5420,MV0001-05964,Valve Sheet,COMP-1768374768525-zyps62yum,712.011.02,LO Separators No.02,SP-702.005.01-964,CONSUME,-1,3,3rd Engineer,Consumed during maintenance - WO-712.011.02-2026-136,WO-712.011.02-2026-136,30-Jan-2026,UTC,
2727,2026-01-30 00:00:00,7440571a-841a-11ed-aa7c-7003bca91a86,5406,MV0001-05950,O-Ring,COMP-1768374768525-zyps62yum,712.011.02,LO Separators No.02,SP-702.005.01-950,CONSUME,-2,3,3rd Engineer,Consumed during maintenance - WO-712.011.02-2026-136,WO-712.011.02-2026-136,30-Jan-2026,UTC,
2978,2026-01-29 00:00:00,7440571a-841a-11ed-aa7c-7003bca91a86,4557,MV0001-05101,Hex. Head Screw,COMP-1768374767802-sjje0yq3o,403.001,"Steering Gears, Complete",SP-403.001-101,CONSUME,-2,3,2nd Engineer,Consumed during maintenance - WO-403.001-2026-014,WO-403.001-2026-014,29-Jan-2026,UTC,
2977,2026-01-29 00:00:00,7440571a-841a-11ed-aa7c-7003bca91a86,4604,MV0001-05148,Washer,COMP-1768374767802-sjje0yq3o,403.001,"Steering Gears, Complete",SP-403.001-148,CONSUME,-2,0,2nd Engineer,Consumed during maintenance - WO-403.001-2026-014,WO-403.001-2026-014,29-Jan-2026,UTC,
2729,2026-01-28 00:00:00,7440571a-841a-11ed-aa7c-7003bca91a86,4592,MV0001-05136,Lock Nut,COMP-1768374767802-sjje0yq3o,403.001,"Steering Gears, Complete",SP-403.001-136,CONSUME,-2,3,3rd Engineer,Consumed during maintenance - WO-651.001-2026-047,WO-651.001-2026-047,28-Jan-2026,UTC,
2258,2026-01-27 00:00:00,7440571a-841a-11ed-aa7c-7003bca91a86,5308,MV0001-05852,Bolt,COMP-1768374768525-zyps62yum,712.011.02,LO Separators No.02,SP-702.005.01-852,CONSUME,-2,3,3rd Engineer,Consumed during maintenance - WO-702.005.01-2026-107,WO-702.005.01-2026-107,27-Jan-2026,UTC,
2257,2026-01-27 00:00:00,7440571a-841a-11ed-aa7c-7003bca91a86,5430,MV0001-05974,Piston,COMP-1768374768525-zyps62yum,712.011.02,LO Separators No.02,SP-702.005.01-974,CONSUME,-2,3,3rd Engineer,Consumed during maintenance - WO-702.005.01-2026-107,WO-702.005.01-2026-107,27-Jan-2026,UTC,
2419,2026-01-26 00:00:00,7440571a-841a-11ed-aa7c-7003bca91a86,5443,MV0001-05987,Bearing Bush,COMP-1768374768533-xnq4n84q4,712.013.02,LO Separator Booster Pumps No.02,SP-712.013.01-987,CONSUME,-1,4,3rd Engineer,Consumed during maintenance - WO-712.013.02-2026-133,WO-712.013.02-2026-133,26-Jan-2026,UTC,
2502,2026-01-25 00:00:00,7440571a-841a-11ed-aa7c-7003bca91a86,5208,MV0001-05752,Impeller-1,COMP-1768374768525-zyps62yum,712.011.02,LO Separators No.02,SP-702.005.01-752,CONSUME,-2,3,3rd Engineer,Consumed during maintenance - WO-712.011.02-2026-135,WO-712.011.02-2026-135,25-Jan-2026,UTC,
2501,2026-01-25 00:00:00,7440571a-841a-11ed-aa7c-7003bca91a86,5191,MV0001-05735,Bolt,COMP-1768374768525-zyps62yum,712.011.02,LO Separators No.02,SP-702.005.01-735,CONSUME,-2,1,3rd Engineer,Consumed during maintenance - WO-712.011.02-2026-135,WO-712.011.02-2026-135,25-Jan-2026,UTC,
2500,2026-01-25 00:00:00,7440571a-841a-11ed-aa7c-7003bca91a86,5237,MV0001-05781,Knock Pin,COMP-1768374768525-zyps62yum,712.011.02,LO Separators No.02,SP-702.005.01-781,CONSUME,-1,4,3rd Engineer,Consumed during maintenance - WO-712.011.02-2026-135,WO-712.011.02-2026-135,25-Jan-2026,UTC,
455,2026-01-25 00:00:00,7440571a-841a-11ed-aa7c-7003bca91a86,4616,MV0001-05160,Stop Valve,COMP-1768374767815-k5anrfi02,554.001,Provision Cooling Compressor Aggregates,SP-554.001-160,CONSUME,-2,0,056a433e-b880-43c6-9d59-b1cfe71a4014,Consumed for WO WO-554.001-2026-025,WO-554.001-2026-025,25-Jan-2026 00:00,UTC,
454,2026-01-25 00:00:00,7440571a-841a-11ed-aa7c-7003bca91a86,4615,MV0001-05159,Belt Heater,COMP-1768374767815-k5anrfi02,554.001,Provision Cooling Compressor Aggregates,SP-554.001-159,CONSUME,-2,2,056a433e-b880-43c6-9d59-b1cfe71a4014,Consumed for WO WO-554.001-2026-025,WO-554.001-2026-025,25-Jan-2026 00:00,UTC,
453,2026-01-25 00:00:00,7440571a-841a-11ed-aa7c-7003bca91a86,4458,MV0001-05002,Gudgeon,COMP-1768374767799-zs6hrf8cm,401.005,Rudders W/Nozzle,SP-401.005-002,CONSUME,-1,4,056a433e-b880-43c6-9d59-b1cfe71a4014,Consumed for WO WO-712.011.01-2026-125,WO-712.011.01-2026-125,25-Jan-2026 00:00,UTC,
2842,2026-01-24 00:00:00,7440571a-841a-11ed-aa7c-7003bca91a86,4792,MV0001-05336,Cap Screw,COMP-1768374767899-slkigc1i8,665.001,"Emergency Generator Aggregates, Complete",SP-665.001-336,CONSUME,-1,0,2nd Engineer,Consumed during maintenance - WO-721.003.01-2026-150,WO-721.003.01-2026-150,24-Jan-2026,UTC,
2778,2026-01-24 00:00:00,7440571a-841a-11ed-aa7c-7003bca91a86,4722,MV0001-05266,Cover Non Drive End,COMP-1768374767899-slkigc1i8,665.001,"Emergency Generator Aggregates, Complete",SP-665.001-266,CONSUME,-1,2,4th Engineer,Consumed during maintenance - UWO-651.002.04-2026-587,UWO-651.002.04-2026-587,24-Jan-2026,UTC,
2777,2026-01-24 00:00:00,7440571a-841a-11ed-aa7c-7003bca91a86,4526,MV0001-05070,Grease Nipple,COMP-1768374767799-zs6hrf8cm,401.005,Rudders W/Nozzle,SP-401.005-070,CONSUME,-2,0,4th Engineer,Consumed during maintenance - UWO-651.002.04-2026-587,UWO-651.002.04-2026-587,24-Jan-2026,UTC,
2709,2026-01-24 00:00:00,7440571a-841a-11ed-aa7c-7003bca91a86,5436,MV0001-05980,O-Ring,COMP-1768374768525-zyps62yum,712.011.02,LO Separators No.02,SP-702.005.01-980,CONSUME,-2,0,3rd Engineer,Consumed during maintenance - WO-712.011.01-2026-129,WO-712.011.01-2026-129,24-Jan-2026,UTC,
2666,2026-01-24 00:00:00,7440571a-841a-11ed-aa7c-7003bca91a86,4578,MV0001-05122,Clip,COMP-1768374767802-sjje0yq3o,403.001,"Steering Gears, Complete",SP-403.001-122,CONSUME,-2,3,2nd Engineer,Consumed during maintenance - WO-403.001-2026-013,WO-403.001-2026-013,24-Jan-2026,UTC,
2665,2026-01-24 00:00:00,7440571a-841a-11ed-aa7c-7003bca91a86,4572,MV0001-05116,O-Ring,COMP-1768374767802-sjje0yq3o,403.001,"Steering Gears, Complete",SP-403.001-116,CONSUME,-2,2,2nd Engineer,Consumed during maintenance - WO-403.001-2026-013,WO-403.001-2026-013,24-Jan-2026,UTC,
2667,2026-01-24 00:00:00,7440571a-841a-11ed-aa7c-7003bca91a86,4553,MV0001-05097,Adjusting Screw,COMP-1768374767802-sjje0yq3o,403.001,"Steering Gears, Complete",SP-403.001-097,CONSUME,-1,4,2nd Engineer,Consumed during maintenance - WO-403.001-2026-013,WO-403.001-2026-013,24-Jan-2026,UTC,
2325,2026-01-24 00:00:00,7440571a-841a-11ed-aa7c-7003bca91a86,5566,MV0001-06110,Key For Coupling,COMP-1768374767795-1qyq8qvkb,721.001.02,Main Sw Cooling Pumps No.02,SP-721.001.01-1110,CONSUME,-2,2,2nd Engineer,Consumed during maintenance - WO-721.001.02-2026-148,WO-721.001.02-2026-148,24-Jan-2026,UTC,
2324,2026-01-24 00:00:00,7440571a-841a-11ed-aa7c-7003bca91a86,5516,MV0001-06060,Runner,COMP-1768374767795-1qyq8qvkb,721.001.02,Main Sw Cooling Pumps No.02,SP-721.001.01-1060,CONSUME,-1,2,2nd Engineer,Consumed during maintenance - WO-721.001.02-2026-148,WO-721.001.02-2026-148,24-Jan-2026,UTC,
452,2026-01-24 00:00:00,7440571a-841a-11ed-aa7c-7003bca91a86,4883,MV0001-05427,Gland,COMP-1768374767907-73hq6hda8,801.001,Clean Ballast Pumps,SP-801.001-427,CONSUME,-2,3,056a433e-b880-43c6-9d59-b1cfe71a4014,Consumed for WO WO-702.005.02-2026-314,WO-702.005.02-2026-314,24-Jan-2026 00:00,UTC,
451,2026-01-24 00:00:00,7440571a-841a-11ed-aa7c-7003bca91a86,4610,MV0001-05154,Adjusting Screw,COMP-1768374767802-sjje0yq3o,403.001,"Steering Gears, Complete",SP-403.001-154,CONSUME,-2,1,480b40d0-04bd-4590-a936-2f879b867977,Consumed for WO WO-721.001.02-2026-149,WO-721.001.02-2026-149,24-Jan-2026 00:00,UTC,
450,2026-01-24 00:00:00,7440571a-841a-11ed-aa7c-7003bca91a86,4713,MV0001-05257,Packing,COMP-1768374767879-whkjy1n4i,653.001,"Aux. Diesel Generator Aggregates, Complete No.03",SP-651.001-257,CONSUME,-1,0,228b5256-5bd2-4bf3-826f-c6fe76571449,Consumed for WO WO-652.001-2026-067,WO-652.001-2026-067,24-Jan-2026 00:00,UTC,
2273,2026-01-23 00:00:00,7440571a-841a-11ed-aa7c-7003bca91a86,4646,MV0001-05190,Rubber Sheet,COMP-1768374767818-ckg4kqu6q,601.001,"Main Diesel Engine, Compl.",SP-601.001-190,CONSUME,-2,3,3rd Engineer,Consumed during maintenance - WO-712.013.01-2026-144,WO-712.013.01-2026-144,23-Jan-2026,UTC,
2272,2026-01-23 00:00:00,7440571a-841a-11ed-aa7c-7003bca91a86,4901,MV0001-05445,Hub,COMP-1768374767907-73hq6hda8,801.001,Clean Ballast Pumps,SP-801.001-445,CONSUME,-1,3,3rd Engineer,Consumed during maintenance - WO-712.013.01-2026-144,WO-712.013.01-2026-144,23-Jan-2026,UTC,
2271,2026-01-23 00:00:00,7440571a-841a-11ed-aa7c-7003bca91a86,5344,MV0001-05888,Bolt,COMP-1768374768525-zyps62yum,712.011.02,LO Separators No.02,SP-702.005.01-888,CONSUME,-1,4,3rd Engineer,Consumed during maintenance - WO-712.013.01-2026-144,WO-712.013.01-2026-144,23-Jan-2026,UTC,
449,2026-01-23 00:00:00,7440571a-841a-11ed-aa7c-7003bca91a86,4693,MV0001-05237,Expansion Joint,COMP-1768374767837-m3bhk56ru,601.059,ME Exhaust Gas Manifolds/Pipes W/Insulation,SP-601.059-237,CONSUME,-1,2,480b40d0-04bd-4590-a936-2f879b867977,Consumed for WO WO-702.005.01-2026-106,WO-702.005.01-2026-106,23-Jan-2026 00:00,UTC,
1953,2026-01-22 00:00:00,7440571a-841a-11ed-aa7c-7003bca91a86,5029,MV0001-05573,Expansion Valve,COMP-1768374767974-ma2l45pdf,554.005.02,Condensers No.02,SP-554.005.01-573,CONSUME,-1,4,2nd Engineer,Consumed during maintenance - WO-554.005.02-2026-027,WO-554.005.02-2026-027,22-Jan-2026,UTC,
1952,2026-01-22 00:00:00,7440571a-841a-11ed-aa7c-7003bca91a86,5030,MV0001-05574,Tube Brush,COMP-1768374767974-ma2l45pdf,554.005.02,Condensers No.02,SP-554.005.01-574,CONSUME,-1,9,2nd Engineer,Consumed during maintenance - WO-554.005.02-2026-027,WO-554.005.02-2026-027,22-Jan-2026,UTC,
448,2026-01-22 00:00:00,7440571a-841a-11ed-aa7c-7003bca91a86,4677,MV0001-05221,Gasket,COMP-1768374767834-dbncpiany,601.053,ME Turbochargers,SP-601.053-221,CONSUME,-2,0,6084f3b8-85dc-462a-b045-111d2b2e6d0e,Consumed for WO WO-601.053-2026-037,WO-601.053-2026-037,22-Jan-2026 00:00,UTC,
447,2026-01-22 00:00:00,7440571a-841a-11ed-aa7c-7003bca91a86,4676,MV0001-05220,Bolt,COMP-1768374767834-dbncpiany,601.053,ME Turbochargers,SP-601.053-220,CONSUME,-1,0,977621de-77d7-4892-ae27-adaebcc27d0b,Consumed for WO WO-601.053-2026-037,WO-601.053-2026-037,22-Jan-2026 00:00,UTC,
2179,2026-01-21 00:00:00,7440571a-841a-11ed-aa7c-7003bca91a86,5567,MV0001-06111,O-Ring,COMP-1768374768550-hmn480hin,721.003.02,Aux. Sw Cooling Pumps No.02,SP-721.003.01-1111,CONSUME,-2,3,2nd Engineer,Consumed during maintenance - WO-721.003.02-2026-153,WO-721.003.02-2026-153,21-Jan-2026,UTC,
446,2026-01-21 00:00:00,7440571a-841a-11ed-aa7c-7003bca91a86,4713,MV0001-05257,Packing,COMP-1768374767879-whkjy1n4i,653.001,"Aux. Diesel Generator Aggregates, Complete No.03",SP-651.001-257,CONSUME,-2,0,228b5256-5bd2-4bf3-826f-c6fe76571449,Consumed for WO WO-653.001-2026-087,WO-653.001-2026-087,21-Jan-2026 00:00,UTC,
445,2026-01-21 00:00:00,7440571a-841a-11ed-aa7c-7003bca91a86,4458,MV0001-05002,Gudgeon,COMP-1768374767799-zs6hrf8cm,401.005,Rudders W/Nozzle,SP-401.005-002,CONSUME,-1,5,056a433e-b880-43c6-9d59-b1cfe71a4014,Consumed for WO WO-401.005-2026-392,WO-401.005-2026-392,21-Jan-2026 00:00,UTC,
443,2026-01-21 00:00:00,7440571a-841a-11ed-aa7c-7003bca91a86,4508,MV0001-05052,hii,COMP-1768374767799-zs6hrf8cm,401.005,Rudders W/Nozzle,SP-401.005-052,CONSUME,-1,0,228b5256-5bd2-4bf3-826f-c6fe76571449,Consumed for WO WO-401.005-2026-392,WO-401.005-2026-392,21-Jan-2026 00:00,UTC,
442,2026-01-21 00:00:00,7440571a-841a-11ed-aa7c-7003bca91a86,4526,MV0001-05070,Grease Nipple,COMP-1768374767799-zs6hrf8cm,401.005,Rudders W/Nozzle,SP-401.005-070,CONSUME,-2,3,228b5256-5bd2-4bf3-826f-c6fe76571449,Consumed for WO WO-651.001-2026-046,WO-651.001-2026-046,21-Jan-2026 00:00,UTC,
444,2026-01-21 00:00:00,7440571a-841a-11ed-aa7c-7003bca91a86,4457,MV0001-05001,Nilesh,COMP-1768374767799-zs6hrf8cm,401.005,Rudders W/Nozzle,SP-401.005-001,CONSUME,-1,7,056a433e-b880-43c6-9d59-b1cfe71a4014,Consumed for WO WO-401.005-2026-392,WO-401.005-2026-392,21-Jan-2026 00:00,UTC,
49,2026-01-20 04:07:22.492,7440571a-841a-11ed-aa7c-7003bca91a86,4676,MV0001-05220,Bolt,COMP-1768374767834-dbncpiany,601.053,ME Turbochargers,SP-601.053-220,CONSUME,-1,4,user,Test (Location A),,2025-12-28,,
48,2026-01-20 04:07:22.484,7440571a-841a-11ed-aa7c-7003bca91a86,4508,MV0001-05052,hii,COMP-1768374767799-zs6hrf8cm,401.005,Rudders W/Nozzle,SP-401.005-052,CONSUME,-1,2,user,Test (Location B),,2025-12-28,,
47,2026-01-20 04:07:22.475,7440571a-841a-11ed-aa7c-7003bca91a86,4457,MV0001-05001,Rudder Blade,COMP-1768374767799-zs6hrf8cm,401.005,Rudders W/Nozzle,SP-401.005-001,RECEIVE,1,9,user,Test (Location B) PO: Test,Test,2025-12-28,,
46,2026-01-20 04:07:22.457,7440571a-841a-11ed-aa7c-7003bca91a86,4457,MV0001-05001,Rudder Blade,COMP-1768374767799-zs6hrf8cm,401.005,Rudders W/Nozzle,SP-401.005-001,RECEIVE,1,8,user,Test (Location A) PO: Test,Test,2025-12-28,,
2664,2026-01-20 00:00:00,7440571a-841a-11ed-aa7c-7003bca91a86,5164,MV0001-05708,Anti-Polishing Ring,COMP-1768374768505-jktu58f2h,653.020.07,AE3 Crankcase Doors W/Safety Valve No.07,SP-651.020.01-708,CONSUME,-2,3,3rd Engineer,Consumed during maintenance - WO-702.005.02-2026-313,WO-702.005.02-2026-313,20-Jan-2026,UTC,
2396,2026-01-20 00:00:00,7440571a-841a-11ed-aa7c-7003bca91a86,5014,MV0001-05558,Washer,COMP-1768374767967-jb4k6wuji,554.003.02,Compressors W/Drive Unit No.02,SP-554.003.01-558,CONSUME,-2,1,4th Engineer,Consumed during maintenance - UWO-41-2026-572,UWO-41-2026-572,20-Jan-2026,UTC,
440,2026-01-20 00:00:00,7440571a-841a-11ed-aa7c-7003bca91a86,4568,MV0001-05112,Manometer Liquid Filled,COMP-1768374767802-sjje0yq3o,403.001,"Steering Gears, Complete",SP-403.001-112,CONSUME,-1,4,056a433e-b880-43c6-9d59-b1cfe71a4014,Consumed for WO UWO-41-2026-572,UWO-41-2026-572,20-Jan-2026 00:00,UTC,
441,2026-01-20 00:00:00,7440571a-841a-11ed-aa7c-7003bca91a86,4660,MV0001-05204,Thrust Bearing Support,COMP-1768374767834-dbncpiany,601.053,ME Turbochargers,SP-601.053-204,CONSUME,-2,3,056a433e-b880-43c6-9d59-b1cfe71a4014,Consumed for WO WO-653.003.03-2026-099,WO-653.003.03-2026-099,20-Jan-2026 00:00,UTC,
44,2026-01-19 12:35:05.497,7440571a-841a-11ed-aa7c-7003bca91a86,4676,MV0001-05220,Bolt,COMP-1768374767834-dbncpiany,601.053,ME Turbochargers,SP-601.053-220,CONSUME,-1,5,user,Location B,,2025-12-28,,
43,2026-01-19 12:35:05.48,7440571a-841a-11ed-aa7c-7003bca91a86,4508,MV0001-05052,hii,COMP-1768374767799-zs6hrf8cm,401.005,Rudders W/Nozzle,SP-401.005-052,CONSUME,-1,3,user,Location A,,2025-12-28,,
42,2026-01-19 12:35:05.464,7440571a-841a-11ed-aa7c-7003bca91a86,4458,MV0001-05002,Gudgeon,COMP-1768374767799-zs6hrf8cm,401.005,Rudders W/Nozzle,SP-401.005-002,RECEIVE,1,6,user,Location B,,2025-12-28,,
41,2026-01-19 12:35:05.444,7440571a-841a-11ed-aa7c-7003bca91a86,4457,MV0001-05001,Rudder Blade,COMP-1768374767799-zs6hrf8cm,401.005,Rudders W/Nozzle,SP-401.005-001,RECEIVE,1,7,user,Location A,,2025-12-28,,
37,2026-01-19 11:09:25.609,7440571a-841a-11ed-aa7c-7003bca91a86,4676,MV0001-05220,Bolt,COMP-1768374767834-dbncpiany,601.053,ME Turbochargers,SP-601.053-220,RECEIVE,1,6,user,Location A,,2026-01-01,,
36,2026-01-19 11:09:25.597,7440571a-841a-11ed-aa7c-7003bca91a86,4675,MV0001-05219,Bolt,COMP-1768374767834-dbncpiany,601.053,ME Turbochargers,SP-601.053-219,CONSUME,-1,4,user,Location B,,2026-01-01,,
35,2026-01-19 11:09:25.271,7440571a-841a-11ed-aa7c-7003bca91a86,4508,MV0001-05052,hii,COMP-1768374767799-zs6hrf8cm,401.005,Rudders W/Nozzle,SP-401.005-052,CONSUME,-1,4,user,Location A,,2026-01-01,,
34,2026-01-19 11:09:25.147,7440571a-841a-11ed-aa7c-7003bca91a86,4457,MV0001-05001,Rudder Blade,COMP-1768374767799-zs6hrf8cm,401.005,Rudders W/Nozzle,SP-401.005-001,RECEIVE,1,6,user,Location B,,2026-01-01,,
3012,2026-01-19 00:00:00,7440571a-841a-11ed-aa7c-7003bca91a86,4618,MV0001-05162,Thermo Exp. Valve,COMP-1768374767815-k5anrfi02,554.001,Provision Cooling Compressor Aggregates,SP-554.001-162,CONSUME,-2,3,2nd Engineer,Consumed during maintenance - WO-554.001-2026-021,WO-554.001-2026-021,19-Jan-2026,UTC,
3011,2026-01-19 00:00:00,7440571a-841a-11ed-aa7c-7003bca91a86,4623,MV0001-05167,W.T Type Wall Light,COMP-1768374767815-k5anrfi02,554.001,Provision Cooling Compressor Aggregates,SP-554.001-167,CONSUME,-1,3,2nd Engineer,Consumed during maintenance - WO-554.001-2026-021,WO-554.001-2026-021,19-Jan-2026,UTC,
2151,2026-01-19 00:00:00,7440571a-841a-11ed-aa7c-7003bca91a86,5269,MV0001-05813,Lock Washer,COMP-1768374768525-zyps62yum,712.011.02,LO Separators No.02,SP-702.005.01-813,CONSUME,-2,3,3rd Engineer,Consumed during maintenance - WO-651.002.05-2026-054,WO-651.002.05-2026-054,19-Jan-2026,UTC,
431,2026-01-18 00:00:00,7440571a-841a-11ed-aa7c-7003bca91a86,4686,MV0001-05230,Blank Flange,COMP-1768374767834-dbncpiany,601.053,ME Turbochargers,SP-601.053-230,CONSUME,-2,3,977621de-77d7-4892-ae27-adaebcc27d0b,Consumed for WO WO-712.011.02-2026-134,WO-712.011.02-2026-134,18-Jan-2026 00:00,UTC,
432,2026-01-18 00:00:00,7440571a-841a-11ed-aa7c-7003bca91a86,4957,MV0001-05501,Relief Valve,COMP-1768374767967-jb4k6wuji,554.003.02,Compressors W/Drive Unit No.02,SP-554.003.01-501,CONSUME,-2,3,480b40d0-04bd-4590-a936-2f879b867977,Consumed for WO WO-721.801.01-2026-154,WO-721.801.01-2026-154,18-Jan-2026 00:00,UTC,
433,2026-01-18 00:00:00,7440571a-841a-11ed-aa7c-7003bca91a86,4714,MV0001-05258,Hand Trimmer,COMP-1768374767899-slkigc1i8,665.001,"Emergency Generator Aggregates, Complete",SP-665.001-258,CONSUME,-1,3,228b5256-5bd2-4bf3-826f-c6fe76571449,Consumed for WO WO-665.001-2026-104,WO-665.001-2026-104,18-Jan-2026 00:00,UTC,
434,2026-01-18 00:00:00,7440571a-841a-11ed-aa7c-7003bca91a86,4666,MV0001-05210,Thrust Bearing Segment,COMP-1768374767834-dbncpiany,601.053,ME Turbochargers,SP-601.053-210,CONSUME,-2,3,977621de-77d7-4892-ae27-adaebcc27d0b,Consumed for WO UWO-652.007.07-2026-682,UWO-652.007.07-2026-682,18-Jan-2026 00:00,UTC,
435,2026-01-18 00:00:00,7440571a-841a-11ed-aa7c-7003bca91a86,4925,MV0001-05469,Oil Seal,COMP-1768374767907-73hq6hda8,801.001,Clean Ballast Pumps,SP-801.001-469,CONSUME,-2,2,6084f3b8-85dc-462a-b045-111d2b2e6d0e,Consumed for WO WO-601.005.04-2026-032,WO-601.005.04-2026-032,18-Jan-2026 00:00,UTC,
436,2026-01-18 00:00:00,7440571a-841a-11ed-aa7c-7003bca91a86,4528,MV0001-05072,Locking Screw,COMP-1768374767802-sjje0yq3o,403.001,"Steering Gears, Complete",SP-403.001-072,CONSUME,-1,1,480b40d0-04bd-4590-a936-2f879b867977,Consumed for WO WO-403.001-2026-016,WO-403.001-2026-016,18-Jan-2026 00:00,UTC,
437,2026-01-18 00:00:00,7440571a-841a-11ed-aa7c-7003bca91a86,4529,MV0001-05073,Square Washer,COMP-1768374767802-sjje0yq3o,403.001,"Steering Gears, Complete",SP-403.001-073,CONSUME,-1,4,228b5256-5bd2-4bf3-826f-c6fe76571449,Consumed for WO WO-403.001-2026-016,WO-403.001-2026-016,18-Jan-2026 00:00,UTC,
438,2026-01-18 00:00:00,7440571a-841a-11ed-aa7c-7003bca91a86,4530,MV0001-05074,Shackle,COMP-1768374767802-sjje0yq3o,403.001,"Steering Gears, Complete",SP-403.001-074,CONSUME,-1,4,977621de-77d7-4892-ae27-adaebcc27d0b,Consumed for WO WO-403.001-2026-016,WO-403.001-2026-016,18-Jan-2026 00:00,UTC,
439,2026-01-18 00:00:00,7440571a-841a-11ed-aa7c-7003bca91a86,4920,MV0001-05464,Snap Ring,COMP-1768374767907-73hq6hda8,801.001,Clean Ballast Pumps,SP-801.001-464,CONSUME,-2,3,977621de-77d7-4892-ae27-adaebcc27d0b,Consumed for WO WO-702.005.01-2026-113,WO-702.005.01-2026-113,18-Jan-2026 00:00,UTC,
2156,2026-01-18 00:00:00,7440571a-841a-11ed-aa7c-7003bca91a86,4952,MV0001-05496,Piston Ring,COMP-1768374767967-jb4k6wuji,554.003.02,Compressors W/Drive Unit No.02,SP-554.003.01-496,CONSUME,-1,4,Chief Engineer,Consumed during maintenance - UWO-652.007.07-2026-682,UWO-652.007.07-2026-682,18-Jan-2026,UTC,
2390,2026-01-18 00:00:00,7440571a-841a-11ed-aa7c-7003bca91a86,4526,MV0001-05070,Grease Nipple,COMP-1768374767799-zs6hrf8cm,401.005,Rudders W/Nozzle,SP-401.005-070,CONSUME,-1,2,2nd Engineer,Consumed during maintenance - WO-285.001.03-2026-004,WO-285.001.03-2026-004,18-Jan-2026,UTC,
2391,2026-01-18 00:00:00,7440571a-841a-11ed-aa7c-7003bca91a86,4561,MV0001-05105,Washer,COMP-1768374767802-sjje0yq3o,403.001,"Steering Gears, Complete",SP-403.001-105,CONSUME,-1,3,2nd Engineer,Consumed during maintenance - WO-285.001.03-2026-004,WO-285.001.03-2026-004,18-Jan-2026,UTC,
429,2026-01-17 00:00:00,7440571a-841a-11ed-aa7c-7003bca91a86,4765,MV0001-05309,Bearing Wave Washer Drive End,COMP-1768374767899-slkigc1i8,665.001,"Emergency Generator Aggregates, Complete",SP-665.001-309,CONSUME,-1,4,977621de-77d7-4892-ae27-adaebcc27d0b,Consumed for WO WO-652.003.06-2026-084,WO-652.003.06-2026-084,17-Jan-2026 00:00,UTC,
430,2026-01-17 00:00:00,7440571a-841a-11ed-aa7c-7003bca91a86,4512,MV0001-05056,"Stud Bolt, Nut",COMP-1768374767799-zs6hrf8cm,401.005,Rudders W/Nozzle,SP-401.005-056,CONSUME,-1,4,6084f3b8-85dc-462a-b045-111d2b2e6d0e,Consumed for WO WO-601.066.02-2026-040,WO-601.066.02-2026-040,17-Jan-2026 00:00,UTC,
16,2026-01-16 09:31:16.528,7440571a-841a-11ed-aa7c-7003bca91a86,4463,MV0001-05007,Eye Bolt,COMP-1768374767799-zs6hrf8cm,401.005,Rudders W/Nozzle,SP-401.005-007,RECEIVE,18,23,user,Quick adjustment via ROB panel (Location B),,2026-01-16,,
15,2026-01-16 07:37:42.683,7440571a-841a-11ed-aa7c-7003bca91a86,5110,MV0001-05654,Gasket,COMP-1768374768219-f5y8ppktt,601.066.06,ME Indicators No.06,SP-601.066.01-654,CONSUME,-1,9,user,Location B,,,,
14,2026-01-16 07:37:42.672,7440571a-841a-11ed-aa7c-7003bca91a86,5109,MV0001-05653,O-Ring,COMP-1768374768219-f5y8ppktt,601.066.06,ME Indicators No.06,SP-601.066.01-653,RECEIVE,100,210,user,Location B,,2026-01-02,,
13,2026-01-16 07:37:42.658,7440571a-841a-11ed-aa7c-7003bca91a86,4507,MV0001-05051,Edge Plate,COMP-1768374767799-zs6hrf8cm,401.005,Rudders W/Nozzle,SP-401.005-051,RECEIVE,10,15,user,Location A,,2026-01-02,,
2890,2026-01-16 00:00:00,7440571a-841a-11ed-aa7c-7003bca91a86,4938,MV0001-05482,Gasket,COMP-1768374767805-z4lpo0038,411.001,S-Band Radar,SP-411.001-482,CONSUME,-1,0,2nd Officer,Consumed during maintenance - WO-411.001-2026-389,WO-411.001-2026-389,16-Jan-2026,UTC,
426,2026-01-16 00:00:00,7440571a-841a-11ed-aa7c-7003bca91a86,4939,MV0001-05483,O-Ring,COMP-1768374767809-mr8172nux,411.002,X-Band Radar,SP-411.002-483,CONSUME,-2,2,056a433e-b880-43c6-9d59-b1cfe71a4014,Consumed for WO WO-411.002-2026-019,WO-411.002-2026-019,16-Jan-2026 00:00,UTC,
427,2026-01-16 00:00:00,7440571a-841a-11ed-aa7c-7003bca91a86,4940,MV0001-05484,Gasket,COMP-1768374767809-mr8172nux,411.002,X-Band Radar,SP-411.002-484,CONSUME,-2,5,228b5256-5bd2-4bf3-826f-c6fe76571449,Consumed for WO WO-411.002-2026-019,WO-411.002-2026-019,16-Jan-2026 00:00,UTC,
428,2026-01-16 00:00:00,7440571a-841a-11ed-aa7c-7003bca91a86,4459,MV0001-05003,Rudder Stock,COMP-1768374767799-zs6hrf8cm,401.005,Rudders W/Nozzle,SP-401.005-003,CONSUME,-1,4,6084f3b8-85dc-462a-b045-111d2b2e6d0e,Consumed for WO WO-721.003.01-2026-151,WO-721.003.01-2026-151,16-Jan-2026 00:00,UTC,
425,2026-01-15 00:00:00,7440571a-841a-11ed-aa7c-7003bca91a86,4713,MV0001-05257,Packing,COMP-1768374767879-whkjy1n4i,653.001,"Aux. Diesel Generator Aggregates, Complete No.03",SP-651.001-257,CONSUME,-2,0,480b40d0-04bd-4590-a936-2f879b867977,Consumed for WO WO-653.001-2026-086,WO-653.001-2026-086,15-Jan-2026 00:00,UTC,
4,2026-01-14 09:13:02.96,7440571a-841a-11ed-aa7c-7003bca91a86,5109,MV0001-05653,O-Ring,COMP-1768374768219-f5y8ppktt,601.066.06,ME Indicators No.06,SP-601.066.01-653,RECEIVE,100,110,user,Quick adjustment via ROB panel (Location A),,2026-01-14,,
424,2026-01-14 00:00:00,7440571a-841a-11ed-aa7c-7003bca91a86,4644,MV0001-05188,Pressure Controls,COMP-1768374767815-k5anrfi02,554.001,Provision Cooling Compressor Aggregates,SP-554.001-188,CONSUME,-1,4,977621de-77d7-4892-ae27-adaebcc27d0b,Consumed for WO WO-712.011.01-2026-124,WO-712.011.01-2026-124,14-Jan-2026 00:00,UTC,
2761,2026-01-13 00:00:00,7440571a-841a-11ed-aa7c-7003bca91a86,5567,MV0001-06111,O-Ring,COMP-1768374768550-hmn480hin,721.003.02,Aux. Sw Cooling Pumps No.02,SP-721.003.01-1111,CONSUME,-1,0,2nd Engineer,Consumed during maintenance - WO-721.003.02-2026-152,WO-721.003.02-2026-152,13-Jan-2026,UTC,
422,2026-01-13 00:00:00,7440571a-841a-11ed-aa7c-7003bca91a86,4837,MV0001-05381,Volute Casing,COMP-1768374767907-73hq6hda8,801.001,Clean Ballast Pumps,SP-801.001-381,CONSUME,-1,195,480b40d0-04bd-4590-a936-2f879b867977,Consumed for WO WO-801.001-2026-156,WO-801.001-2026-156,13-Jan-2026 00:00,UTC,
423,2026-01-13 00:00:00,7440571a-841a-11ed-aa7c-7003bca91a86,4838,MV0001-05382,Volute Cover,COMP-1768374767907-73hq6hda8,801.001,Clean Ballast Pumps,SP-801.001-382,CONSUME,-1,2,480b40d0-04bd-4590-a936-2f879b867977,Consumed for WO WO-801.001-2026-156,WO-801.001-2026-156,13-Jan-2026 00:00,UTC,
1904,2026-01-13 00:00:00,7440571a-841a-11ed-aa7c-7003bca91a86,4661,MV0001-05205,Thrust Bearing Support,COMP-1768374767834-dbncpiany,601.053,ME Turbochargers,SP-601.053-205,RECEIVE,2,16,228b5256-5bd2-4bf3-826f-c6fe76571449,Received from Nordic Maritime Supply at Suez,PO-2026-4484,13-Jan-2026 00:00,UTC,Suez
1893,2026-01-13 00:00:00,7440571a-841a-11ed-aa7c-7003bca91a86,4457,MV0001-05001,Nilesh,COMP-1768374767799-zs6hrf8cm,401.005,Rudders W/Nozzle,SP-401.005-001,RECEIVE,5,15,228b5256-5bd2-4bf3-826f-c6fe76571449,Received from Nordic Maritime Supply at Suez,PO-2026-1392,13-Jan-2026 00:00,UTC,Suez
1894,2026-01-13 00:00:00,7440571a-841a-11ed-aa7c-7003bca91a86,4470,MV0001-05014,Bolt,COMP-1768374767799-zs6hrf8cm,401.005,Rudders W/Nozzle,SP-401.005-014,RECEIVE,1,12,228b5256-5bd2-4bf3-826f-c6fe76571449,Received from Nordic Maritime Supply at Suez,PO-2026-5299,13-Jan-2026 00:00,UTC,Suez
1895,2026-01-13 00:00:00,7440571a-841a-11ed-aa7c-7003bca91a86,4512,MV0001-05056,"Stud Bolt, Nut",COMP-1768374767799-zs6hrf8cm,401.005,Rudders W/Nozzle,SP-401.005-056,RECEIVE,1,14,228b5256-5bd2-4bf3-826f-c6fe76571449,Received from Nordic Maritime Supply at Suez,PO-2026-7172,13-Jan-2026 00:00,UTC,Suez
1896,2026-01-13 00:00:00,7440571a-841a-11ed-aa7c-7003bca91a86,4513,MV0001-05057,O-Ring,COMP-1768374767799-zs6hrf8cm,401.005,Rudders W/Nozzle,SP-401.005-057,RECEIVE,2,9,228b5256-5bd2-4bf3-826f-c6fe76571449,Received from Nordic Maritime Supply at Suez,PO-2026-9498,13-Jan-2026 00:00,UTC,Suez
1897,2026-01-13 00:00:00,7440571a-841a-11ed-aa7c-7003bca91a86,4544,MV0001-05088,O-Ring,COMP-1768374767802-sjje0yq3o,403.001,"Steering Gears, Complete",SP-403.001-088,RECEIVE,4,16,228b5256-5bd2-4bf3-826f-c6fe76571449,Received from Nordic Maritime Supply at Suez,PO-2026-2495,13-Jan-2026 00:00,UTC,Suez
1898,2026-01-13 00:00:00,7440571a-841a-11ed-aa7c-7003bca91a86,4571,MV0001-05115,Bonded Seal,COMP-1768374767802-sjje0yq3o,403.001,"Steering Gears, Complete",SP-403.001-115,RECEIVE,2,17,228b5256-5bd2-4bf3-826f-c6fe76571449,Received from Nordic Maritime Supply at Suez,PO-2026-1353,13-Jan-2026 00:00,UTC,Suez
1899,2026-01-13 00:00:00,7440571a-841a-11ed-aa7c-7003bca91a86,4589,MV0001-05133,Cyl. Head Screw,COMP-1768374767802-sjje0yq3o,403.001,"Steering Gears, Complete",SP-403.001-133,RECEIVE,2,9,228b5256-5bd2-4bf3-826f-c6fe76571449,Received from Nordic Maritime Supply at Suez,PO-2026-7940,13-Jan-2026 00:00,UTC,Suez
1900,2026-01-13 00:00:00,7440571a-841a-11ed-aa7c-7003bca91a86,4598,MV0001-05142,Cable Protector,COMP-1768374767802-sjje0yq3o,403.001,"Steering Gears, Complete",SP-403.001-142,RECEIVE,3,8,228b5256-5bd2-4bf3-826f-c6fe76571449,Received from Nordic Maritime Supply at Suez,PO-2026-3540,13-Jan-2026 00:00,UTC,Suez
1901,2026-01-13 00:00:00,7440571a-841a-11ed-aa7c-7003bca91a86,4599,MV0001-05143,Adaptor Plate,COMP-1768374767802-sjje0yq3o,403.001,"Steering Gears, Complete",SP-403.001-143,RECEIVE,1,9,228b5256-5bd2-4bf3-826f-c6fe76571449,Received from Nordic Maritime Supply at Suez,PO-2026-0154,13-Jan-2026 00:00,UTC,Suez
1902,2026-01-13 00:00:00,7440571a-841a-11ed-aa7c-7003bca91a86,4613,MV0001-05157,O-Ring,COMP-1768374767802-sjje0yq3o,403.001,"Steering Gears, Complete",SP-403.001-157,RECEIVE,2,30,228b5256-5bd2-4bf3-826f-c6fe76571449,Received from Nordic Maritime Supply at Suez,PO-2026-0237,13-Jan-2026 00:00,UTC,Suez
1903,2026-01-13 00:00:00,7440571a-841a-11ed-aa7c-7003bca91a86,4619,MV0001-05163,Manual Exp. Valve,COMP-1768374767815-k5anrfi02,554.001,Provision Cooling Compressor Aggregates,SP-554.001-163,RECEIVE,3,12,228b5256-5bd2-4bf3-826f-c6fe76571449,Received from Nordic Maritime Supply at Suez,PO-2026-1648,13-Jan-2026 00:00,UTC,Suez
1905,2026-01-13 00:00:00,7440571a-841a-11ed-aa7c-7003bca91a86,4662,MV0001-05206,Thrust Bearing Support,COMP-1768374767834-dbncpiany,601.053,ME Turbochargers,SP-601.053-206,RECEIVE,2,10,228b5256-5bd2-4bf3-826f-c6fe76571449,Received from Nordic Maritime Supply at Suez,PO-2026-5838,13-Jan-2026 00:00,UTC,Suez
1906,2026-01-13 00:00:00,7440571a-841a-11ed-aa7c-7003bca91a86,4690,MV0001-05234,Exhaust Pipe,COMP-1768374767837-m3bhk56ru,601.059,ME Exhaust Gas Manifolds/Pipes W/Insulation,SP-601.059-234,RECEIVE,1,12,228b5256-5bd2-4bf3-826f-c6fe76571449,Received from Nordic Maritime Supply at Suez,PO-2026-8177,13-Jan-2026 00:00,UTC,Suez
1907,2026-01-13 00:00:00,7440571a-841a-11ed-aa7c-7003bca91a86,4696,MV0001-05240,Support,COMP-1768374767837-m3bhk56ru,601.059,ME Exhaust Gas Manifolds/Pipes W/Insulation,SP-601.059-240,RECEIVE,1,8,228b5256-5bd2-4bf3-826f-c6fe76571449,Received from Nordic Maritime Supply at Suez,PO-2026-6645,13-Jan-2026 00:00,UTC,Suez
1908,2026-01-13 00:00:00,7440571a-841a-11ed-aa7c-7003bca91a86,4699,MV0001-05243,Gasket,COMP-1768374767837-m3bhk56ru,601.059,ME Exhaust Gas Manifolds/Pipes W/Insulation,SP-601.059-243,RECEIVE,2,11,228b5256-5bd2-4bf3-826f-c6fe76571449,Received from Nordic Maritime Supply at Suez,PO-2026-5184,13-Jan-2026 00:00,UTC,Suez
1909,2026-01-13 00:00:00,7440571a-841a-11ed-aa7c-7003bca91a86,4700,MV0001-05244,Gasket,COMP-1768374767837-m3bhk56ru,601.059,ME Exhaust Gas Manifolds/Pipes W/Insulation,SP-601.059-244,RECEIVE,5,23,228b5256-5bd2-4bf3-826f-c6fe76571449,Received from Nordic Maritime Supply at Suez,PO-2026-9713,13-Jan-2026 00:00,UTC,Suez
1910,2026-01-13 00:00:00,7440571a-841a-11ed-aa7c-7003bca91a86,4733,MV0001-05277,Air Inlet Cover,COMP-1768374767899-slkigc1i8,665.001,"Emergency Generator Aggregates, Complete",SP-665.001-277,RECEIVE,1,7,228b5256-5bd2-4bf3-826f-c6fe76571449,Received from Nordic Maritime Supply at Suez,PO-2026-8670,13-Jan-2026 00:00,UTC,Suez
1911,2026-01-13 00:00:00,7440571a-841a-11ed-aa7c-7003bca91a86,4744,MV0001-05288,Diode-Reverse Polarity,COMP-1768374767899-slkigc1i8,665.001,"Emergency Generator Aggregates, Complete",SP-665.001-288,RECEIVE,5,29,228b5256-5bd2-4bf3-826f-c6fe76571449,Received from Nordic Maritime Supply at Suez,PO-2026-4557,13-Jan-2026 00:00,UTC,Suez
1912,2026-01-13 00:00:00,7440571a-841a-11ed-aa7c-7003bca91a86,4756,MV0001-05300,Auxiliary Terminal Assembly,COMP-1768374767899-slkigc1i8,665.001,"Emergency Generator Aggregates, Complete",SP-665.001-300,RECEIVE,1,10,228b5256-5bd2-4bf3-826f-c6fe76571449,Received from Nordic Maritime Supply at Suez,PO-2026-7884,13-Jan-2026 00:00,UTC,Suez
1913,2026-01-13 00:00:00,7440571a-841a-11ed-aa7c-7003bca91a86,4758,MV0001-05302,Rotor,COMP-1768374767899-slkigc1i8,665.001,"Emergency Generator Aggregates, Complete",SP-665.001-302,RECEIVE,4,14,228b5256-5bd2-4bf3-826f-c6fe76571449,Received from Nordic Maritime Supply at Suez,PO-2026-8989,13-Jan-2026 00:00,UTC,Suez
1914,2026-01-13 00:00:00,7440571a-841a-11ed-aa7c-7003bca91a86,4814,MV0001-05358,Foot,COMP-1768374767899-slkigc1i8,665.001,"Emergency Generator Aggregates, Complete",SP-665.001-358,RECEIVE,4,17,228b5256-5bd2-4bf3-826f-c6fe76571449,Received from Nordic Maritime Supply at Suez,PO-2026-8732,13-Jan-2026 00:00,UTC,Suez
1915,2026-01-13 00:00:00,7440571a-841a-11ed-aa7c-7003bca91a86,4817,MV0001-05361,Air Inlet Cover,COMP-1768374767899-slkigc1i8,665.001,"Emergency Generator Aggregates, Complete",SP-665.001-361,RECEIVE,2,14,228b5256-5bd2-4bf3-826f-c6fe76571449,Received from Nordic Maritime Supply at Suez,PO-2026-3616,13-Jan-2026 00:00,UTC,Suez
1916,2026-01-13 00:00:00,7440571a-841a-11ed-aa7c-7003bca91a86,4818,MV0001-05362,Terminal Box Lid,COMP-1768374767899-slkigc1i8,665.001,"Emergency Generator Aggregates, Complete",SP-665.001-362,RECEIVE,3,11,228b5256-5bd2-4bf3-826f-c6fe76571449,Received from Nordic Maritime Supply at Suez,PO-2026-0646,13-Jan-2026 00:00,UTC,Suez
1917,2026-01-13 00:00:00,7440571a-841a-11ed-aa7c-7003bca91a86,4833,MV0001-05377,Edging Strip,COMP-1768374767899-slkigc1i8,665.001,"Emergency Generator Aggregates, Complete",SP-665.001-377,RECEIVE,2,6,228b5256-5bd2-4bf3-826f-c6fe76571449,Received from Nordic Maritime Supply at Suez,PO-2026-0782,13-Jan-2026 00:00,UTC,Suez
1918,2026-01-13 00:00:00,7440571a-841a-11ed-aa7c-7003bca91a86,4892,MV0001-05436,Sleeve,COMP-1768374767907-73hq6hda8,801.001,Clean Ballast Pumps,SP-801.001-436,RECEIVE,2,24,228b5256-5bd2-4bf3-826f-c6fe76571449,Received from Nordic Maritime Supply at Suez,PO-2026-0856,13-Jan-2026 00:00,UTC,Suez
1919,2026-01-13 00:00:00,7440571a-841a-11ed-aa7c-7003bca91a86,4895,MV0001-05439,Sleeve,COMP-1768374767907-73hq6hda8,801.001,Clean Ballast Pumps,SP-801.001-439,RECEIVE,4,7,228b5256-5bd2-4bf3-826f-c6fe76571449,Received from Nordic Maritime Supply at Suez,PO-2026-6608,13-Jan-2026 00:00,UTC,Suez
1920,2026-01-13 00:00:00,7440571a-841a-11ed-aa7c-7003bca91a86,4897,MV0001-05441,Coupling Flange,COMP-1768374767907-73hq6hda8,801.001,Clean Ballast Pumps,SP-801.001-441,RECEIVE,4,15,228b5256-5bd2-4bf3-826f-c6fe76571449,Received from Nordic Maritime Supply at Suez,PO-2026-5732,13-Jan-2026 00:00,UTC,Suez
1921,2026-01-13 00:00:00,7440571a-841a-11ed-aa7c-7003bca91a86,4916,MV0001-05460,Doubling Plate,COMP-1768374767907-73hq6hda8,801.001,Clean Ballast Pumps,SP-801.001-460,RECEIVE,2,23,228b5256-5bd2-4bf3-826f-c6fe76571449,Received from Nordic Maritime Supply at Suez,PO-2026-7713,13-Jan-2026 00:00,UTC,Suez
1922,2026-01-13 00:00:00,7440571a-841a-11ed-aa7c-7003bca91a86,4926,MV0001-05470,Impeller Nut Spanner,COMP-1768374767907-73hq6hda8,801.001,Clean Ballast Pumps,SP-801.001-470,RECEIVE,1,9,228b5256-5bd2-4bf3-826f-c6fe76571449,Received from Nordic Maritime Supply at Suez,PO-2026-5971,13-Jan-2026 00:00,UTC,Suez
1923,2026-01-13 00:00:00,7440571a-841a-11ed-aa7c-7003bca91a86,4934,MV0001-05478,O-Ring,COMP-1768374767802-sjje0yq3o,403.001,"Steering Gears, Complete",SP-403.001-478,RECEIVE,1,15,228b5256-5bd2-4bf3-826f-c6fe76571449,Received from Nordic Maritime Supply at Suez,PO-2026-5261,13-Jan-2026 00:00,UTC,Suez
2696,2026-01-07 00:00:00,7440571a-841a-11ed-aa7c-7003bca91a86,4921,MV0001-05465,Oil Seal,COMP-1768374767907-73hq6hda8,801.001,Clean Ballast Pumps,SP-801.001-465,CONSUME,-1,3,Chief Engineer,Consumed during maintenance - MKR-IN-00075-601.002.03-2025-009,MKR-IN-00075-601.002.03-2025-009,07-Jan-2026,UTC,
2695,2026-01-07 00:00:00,7440571a-841a-11ed-aa7c-7003bca91a86,5548,MV0001-06092,Seal Cage,COMP-1768374767795-1qyq8qvkb,721.001.02,Main Sw Cooling Pumps No.02,SP-721.001.01-1092,CONSUME,-1,4,Chief Engineer,Consumed during maintenance - MKR-IN-00075-601.002.03-2025-009,MKR-IN-00075-601.002.03-2025-009,07-Jan-2026,UTC,
2818,2026-01-06 00:00:00,7440571a-841a-11ed-aa7c-7003bca91a86,5007,MV0001-05551,Suction Strainer Screen,COMP-1768374767967-jb4k6wuji,554.003.02,Compressors W/Drive Unit No.02,SP-554.003.01-551,CONSUME,-2,2,Electrican,Consumed during maintenance - MKR-IN-00079-601.066.01-2025-453,MKR-IN-00079-601.066.01-2025-453,06-Jan-2026,UTC,
2465,2026-01-06 00:00:00,7440571a-841a-11ed-aa7c-7003bca91a86,5377,MV0001-05921,Power Supply Unit,COMP-1768374768525-zyps62yum,712.011.02,LO Separators No.02,SP-702.005.01-921,CONSUME,-2,3,4th Engineer,Consumed during maintenance - MKR-IN-00080-651.002.03-2025-526,MKR-IN-00080-651.002.03-2025-526,06-Jan-2026,UTC,
2863,2026-01-03 00:00:00,7440571a-841a-11ed-aa7c-7003bca91a86,4753,MV0001-05297,Cap Screw,COMP-1768374767899-slkigc1i8,665.001,"Emergency Generator Aggregates, Complete",SP-665.001-297,CONSUME,-1,4,4th Engineer,Consumed during maintenance - MKR-IN-00080-651.002.01-2025-497,MKR-IN-00080-651.002.01-2025-497,03-Jan-2026,UTC,
2862,2026-01-03 00:00:00,7440571a-841a-11ed-aa7c-7003bca91a86,4651,MV0001-05195,Bush,COMP-1768374767827-g6k9lk4to,601.016,ME Tiebolts,SP-601.016-195,CONSUME,-2,3,4th Engineer,Consumed during maintenance - MKR-IN-00080-651.002.01-2025-497,MKR-IN-00080-651.002.01-2025-497,03-Jan-2026,UTC,
2861,2026-01-03 00:00:00,7440571a-841a-11ed-aa7c-7003bca91a86,5518,MV0001-06062,O-Ring,COMP-1768374767795-1qyq8qvkb,721.001.02,Main Sw Cooling Pumps No.02,SP-721.001.01-1062,CONSUME,-1,4,4th Engineer,Consumed during maintenance - MKR-IN-00080-651.002.01-2025-497,MKR-IN-00080-651.002.01-2025-497,03-Jan-2026,UTC,
2364,2025-12-24 00:00:00,7440571a-841a-11ed-aa7c-7003bca91a86,5552,MV0001-06096,Rigid Coupling,COMP-1768374767795-1qyq8qvkb,721.001.02,Main Sw Cooling Pumps No.02,SP-721.001.01-1096,CONSUME,-2,3,Chief Engineer,Consumed during maintenance - MKR-IN-00063-601.004.01-2025-307,MKR-IN-00063-601.004.01-2025-307,24-Dec-2025,UTC,
2463,2025-12-22 00:00:00,7440571a-841a-11ed-aa7c-7003bca91a86,5078,MV0001-05622,Gasket,COMP-1768374768183-aud8wao1d,601.007.08,"ME Main Bearings, Journals No.08",SP-601.007.01-622,CONSUME,-2,8,2nd Engineer,Consumed during maintenance - MKR-IN-00072-285.001.08-2025-233,MKR-IN-00072-285.001.08-2025-233,22-Dec-2025,UTC,
2464,2025-12-22 00:00:00,7440571a-841a-11ed-aa7c-7003bca91a86,4549,MV0001-05093,Bonded Seal,COMP-1768374767802-sjje0yq3o,403.001,"Steering Gears, Complete",SP-403.001-093,CONSUME,-1,4,2nd Engineer,Consumed during maintenance - MKR-IN-00072-285.001.08-2025-233,MKR-IN-00072-285.001.08-2025-233,22-Dec-2025,UTC,
2398,2025-12-17 00:00:00,7440571a-841a-11ed-aa7c-7003bca91a86,4860,MV0001-05404,Packing Ring,COMP-1768374767907-73hq6hda8,801.001,Clean Ballast Pumps,SP-801.001-404,CONSUME,-2,3,4th Engineer,Consumed during maintenance - MKR-IN-00085-651.003.05-2025-585,MKR-IN-00085-651.003.05-2025-585,17-Dec-2025,UTC,
2567,2025-12-13 00:00:00,7440571a-841a-11ed-aa7c-7003bca91a86,4931,MV0001-05475,Rectifier,COMP-1768374767914-980b44ij3,278.010.02,Impressed Current Systems No.02,SP-278.010.01-475,CONSUME,-2,8,4th Engineer,Consumed during maintenance - MKR-IN-00071-278.010.02-2025-172,MKR-IN-00071-278.010.02-2025-172,13-Dec-2025,UTC,
1858,2025-12-13 00:00:00,7440571a-841a-11ed-aa7c-7003bca91a86,4472,MV0001-05016,Deck Seal,COMP-1768374767799-zs6hrf8cm,401.005,Rudders W/Nozzle,SP-401.005-016,RECEIVE,3,14,228b5256-5bd2-4bf3-826f-c6fe76571449,Received from Pacific Marine Parts at Fujairah,PO-2025-3605,13-Dec-2025 00:00,UTC,Fujairah
1859,2025-12-13 00:00:00,7440571a-841a-11ed-aa7c-7003bca91a86,4482,MV0001-05026,Sleeve,COMP-1768374767799-zs6hrf8cm,401.005,Rudders W/Nozzle,SP-401.005-026,RECEIVE,4,16,228b5256-5bd2-4bf3-826f-c6fe76571449,Received from Pacific Marine Parts at Fujairah,PO-2025-2211,13-Dec-2025 00:00,UTC,Fujairah
1860,2025-12-13 00:00:00,7440571a-841a-11ed-aa7c-7003bca91a86,4484,MV0001-05028,O-Ring Clamp,COMP-1768374767799-zs6hrf8cm,401.005,Rudders W/Nozzle,SP-401.005-028,RECEIVE,3,8,228b5256-5bd2-4bf3-826f-c6fe76571449,Received from Pacific Marine Parts at Fujairah,PO-2025-8931,13-Dec-2025 00:00,UTC,Fujairah
1861,2025-12-13 00:00:00,7440571a-841a-11ed-aa7c-7003bca91a86,4491,MV0001-05035,O-Ring,COMP-1768374767799-zs6hrf8cm,401.005,Rudders W/Nozzle,SP-401.005-035,RECEIVE,3,21,228b5256-5bd2-4bf3-826f-c6fe76571449,Received from Pacific Marine Parts at Fujairah,PO-2025-2683,13-Dec-2025 00:00,UTC,Fujairah
1862,2025-12-13 00:00:00,7440571a-841a-11ed-aa7c-7003bca91a86,4506,MV0001-05050,Trunk Plate,COMP-1768374767799-zs6hrf8cm,401.005,Rudders W/Nozzle,SP-401.005-050,RECEIVE,2,7,228b5256-5bd2-4bf3-826f-c6fe76571449,Received from Pacific Marine Parts at Fujairah,PO-2025-8275,13-Dec-2025 00:00,UTC,Fujairah
1863,2025-12-13 00:00:00,7440571a-841a-11ed-aa7c-7003bca91a86,4510,MV0001-05054,DK Seal Base Plate,COMP-1768374767799-zs6hrf8cm,401.005,Rudders W/Nozzle,SP-401.005-054,RECEIVE,3,8,228b5256-5bd2-4bf3-826f-c6fe76571449,Received from Pacific Marine Parts at Fujairah,PO-2025-1691,13-Dec-2025 00:00,UTC,Fujairah
1864,2025-12-13 00:00:00,7440571a-841a-11ed-aa7c-7003bca91a86,4518,MV0001-05062,Plate,COMP-1768374767799-zs6hrf8cm,401.005,Rudders W/Nozzle,SP-401.005-062,RECEIVE,2,10,228b5256-5bd2-4bf3-826f-c6fe76571449,Received from Pacific Marine Parts at Fujairah,PO-2025-3459,13-Dec-2025 00:00,UTC,Fujairah
1865,2025-12-13 00:00:00,7440571a-841a-11ed-aa7c-7003bca91a86,4538,MV0001-05082,Pressure Valve,COMP-1768374767802-sjje0yq3o,403.001,"Steering Gears, Complete",SP-403.001-082,RECEIVE,1,7,228b5256-5bd2-4bf3-826f-c6fe76571449,Received from Pacific Marine Parts at Fujairah,PO-2025-0040,13-Dec-2025 00:00,UTC,Fujairah
1866,2025-12-13 00:00:00,7440571a-841a-11ed-aa7c-7003bca91a86,4677,MV0001-05221,Gasket,COMP-1768374767834-dbncpiany,601.053,ME Turbochargers,SP-601.053-221,RECEIVE,1,6,228b5256-5bd2-4bf3-826f-c6fe76571449,Received from Pacific Marine Parts at Fujairah,PO-2025-5152,13-Dec-2025 00:00,UTC,Fujairah
1867,2025-12-13 00:00:00,7440571a-841a-11ed-aa7c-7003bca91a86,4558,MV0001-05102,Cyl. Head Screw,COMP-1768374767802-sjje0yq3o,403.001,"Steering Gears, Complete",SP-403.001-102,RECEIVE,2,21,228b5256-5bd2-4bf3-826f-c6fe76571449,Received from Pacific Marine Parts at Fujairah,PO-2025-7954,13-Dec-2025 00:00,UTC,Fujairah
1868,2025-12-13 00:00:00,7440571a-841a-11ed-aa7c-7003bca91a86,4560,MV0001-05104,Nut,COMP-1768374767802-sjje0yq3o,403.001,"Steering Gears, Complete",SP-403.001-104,RECEIVE,3,8,228b5256-5bd2-4bf3-826f-c6fe76571449,Received from Pacific Marine Parts at Fujairah,PO-2025-4468,13-Dec-2025 00:00,UTC,Fujairah
1869,2025-12-13 00:00:00,7440571a-841a-11ed-aa7c-7003bca91a86,4562,MV0001-05106,Plug,COMP-1768374767802-sjje0yq3o,403.001,"Steering Gears, Complete",SP-403.001-106,RECEIVE,1,10,228b5256-5bd2-4bf3-826f-c6fe76571449,Received from Pacific Marine Parts at Fujairah,PO-2025-9097,13-Dec-2025 00:00,UTC,Fujairah
1870,2025-12-13 00:00:00,7440571a-841a-11ed-aa7c-7003bca91a86,4611,MV0001-05155,Adjusting Screw,COMP-1768374767802-sjje0yq3o,403.001,"Steering Gears, Complete",SP-403.001-155,RECEIVE,4,14,228b5256-5bd2-4bf3-826f-c6fe76571449,Received from Pacific Marine Parts at Fujairah,PO-2025-5914,13-Dec-2025 00:00,UTC,Fujairah
1871,2025-12-13 00:00:00,7440571a-841a-11ed-aa7c-7003bca91a86,4620,MV0001-05164,Dryer,COMP-1768374767815-k5anrfi02,554.001,Provision Cooling Compressor Aggregates,SP-554.001-164,RECEIVE,1,8,228b5256-5bd2-4bf3-826f-c6fe76571449,Received from Pacific Marine Parts at Fujairah,PO-2025-4803,13-Dec-2025 00:00,UTC,Fujairah
1872,2025-12-13 00:00:00,7440571a-841a-11ed-aa7c-7003bca91a86,4621,MV0001-05165,Stop Valve,COMP-1768374767815-k5anrfi02,554.001,Provision Cooling Compressor Aggregates,SP-554.001-165,RECEIVE,5,28,228b5256-5bd2-4bf3-826f-c6fe76571449,Received from Pacific Marine Parts at Fujairah,PO-2025-9343,13-Dec-2025 00:00,UTC,Fujairah
1873,2025-12-13 00:00:00,7440571a-841a-11ed-aa7c-7003bca91a86,4647,MV0001-05191,Tie-Rod Complete,COMP-1768374767827-g6k9lk4to,601.016,ME Tiebolts,SP-601.016-191,RECEIVE,2,17,228b5256-5bd2-4bf3-826f-c6fe76571449,Received from Pacific Marine Parts at Fujairah,PO-2025-5686,13-Dec-2025 00:00,UTC,Fujairah
1874,2025-12-13 00:00:00,7440571a-841a-11ed-aa7c-7003bca91a86,4648,MV0001-05192,Tie-Rod,COMP-1768374767827-g6k9lk4to,601.016,ME Tiebolts,SP-601.016-192,RECEIVE,1,17,228b5256-5bd2-4bf3-826f-c6fe76571449,Received from Pacific Marine Parts at Fujairah,PO-2025-9257,13-Dec-2025 00:00,UTC,Fujairah
1875,2025-12-13 00:00:00,7440571a-841a-11ed-aa7c-7003bca91a86,4687,MV0001-05231,Gasket,COMP-1768374767834-dbncpiany,601.053,ME Turbochargers,SP-601.053-231,RECEIVE,3,13,228b5256-5bd2-4bf3-826f-c6fe76571449,Received from Pacific Marine Parts at Fujairah,PO-2025-8137,13-Dec-2025 00:00,UTC,Fujairah
1876,2025-12-13 00:00:00,7440571a-841a-11ed-aa7c-7003bca91a86,4749,MV0001-05293,Terminal Link,COMP-1768374767899-slkigc1i8,665.001,"Emergency Generator Aggregates, Complete",SP-665.001-293,RECEIVE,2,15,228b5256-5bd2-4bf3-826f-c6fe76571449,Received from Pacific Marine Parts at Fujairah,PO-2025-9390,13-Dec-2025 00:00,UTC,Fujairah
1877,2025-12-13 00:00:00,7440571a-841a-11ed-aa7c-7003bca91a86,4752,MV0001-05296,Foot Mounting Spacer,COMP-1768374767899-slkigc1i8,665.001,"Emergency Generator Aggregates, Complete",SP-665.001-296,RECEIVE,5,14,228b5256-5bd2-4bf3-826f-c6fe76571449,Received from Pacific Marine Parts at Fujairah,PO-2025-6092,13-Dec-2025 00:00,UTC,Fujairah
1878,2025-12-13 00:00:00,7440571a-841a-11ed-aa7c-7003bca91a86,4754,MV0001-05298,Automatic Voltage Regulator Access Cover,COMP-1768374767899-slkigc1i8,665.001,"Emergency Generator Aggregates, Complete",SP-665.001-298,RECEIVE,3,21,228b5256-5bd2-4bf3-826f-c6fe76571449,Received from Pacific Marine Parts at Fujairah,PO-2025-6365,13-Dec-2025 00:00,UTC,Fujairah
1879,2025-12-13 00:00:00,7440571a-841a-11ed-aa7c-7003bca91a86,4763,MV0001-05307,Bearing O-Ring Non Drive End,COMP-1768374767899-slkigc1i8,665.001,"Emergency Generator Aggregates, Complete",SP-665.001-307,RECEIVE,2,8,228b5256-5bd2-4bf3-826f-c6fe76571449,Received from Pacific Marine Parts at Fujairah,PO-2025-5646,13-Dec-2025 00:00,UTC,Fujairah
1880,2025-12-13 00:00:00,7440571a-841a-11ed-aa7c-7003bca91a86,4780,MV0001-05324,Main Rectifier Assembly-Reverse,COMP-1768374767899-slkigc1i8,665.001,"Emergency Generator Aggregates, Complete",SP-665.001-324,RECEIVE,5,14,228b5256-5bd2-4bf3-826f-c6fe76571449,Received from Pacific Marine Parts at Fujairah,PO-2025-3358,13-Dec-2025 00:00,UTC,Fujairah
1881,2025-12-13 00:00:00,7440571a-841a-11ed-aa7c-7003bca91a86,4799,MV0001-05343,PMG Pillar,COMP-1768374767899-slkigc1i8,665.001,"Emergency Generator Aggregates, Complete",SP-665.001-343,RECEIVE,1,13,228b5256-5bd2-4bf3-826f-c6fe76571449,Received from Pacific Marine Parts at Fujairah,PO-2025-4367,13-Dec-2025 00:00,UTC,Fujairah
1882,2025-12-13 00:00:00,7440571a-841a-11ed-aa7c-7003bca91a86,4822,MV0001-05366,Side Panel,COMP-1768374767899-slkigc1i8,665.001,"Emergency Generator Aggregates, Complete",SP-665.001-366,RECEIVE,5,17,228b5256-5bd2-4bf3-826f-c6fe76571449,Received from Pacific Marine Parts at Fujairah,PO-2025-5584,13-Dec-2025 00:00,UTC,Fujairah
1883,2025-12-13 00:00:00,7440571a-841a-11ed-aa7c-7003bca91a86,4826,MV0001-05370,Diode-Forward Polarity,COMP-1768374767899-slkigc1i8,665.001,"Emergency Generator Aggregates, Complete",SP-665.001-370,RECEIVE,1,7,228b5256-5bd2-4bf3-826f-c6fe76571449,Received from Pacific Marine Parts at Fujairah,PO-2025-4469,13-Dec-2025 00:00,UTC,Fujairah
1884,2025-12-13 00:00:00,7440571a-841a-11ed-aa7c-7003bca91a86,4860,MV0001-05404,Packing Ring,COMP-1768374767907-73hq6hda8,801.001,Clean Ballast Pumps,SP-801.001-404,RECEIVE,3,6,228b5256-5bd2-4bf3-826f-c6fe76571449,Received from Pacific Marine Parts at Fujairah,PO-2025-2644,13-Dec-2025 00:00,UTC,Fujairah
1885,2025-12-13 00:00:00,7440571a-841a-11ed-aa7c-7003bca91a86,4866,MV0001-05410,Seal Ring,COMP-1768374767907-73hq6hda8,801.001,Clean Ballast Pumps,SP-801.001-410,RECEIVE,4,16,228b5256-5bd2-4bf3-826f-c6fe76571449,Received from Pacific Marine Parts at Fujairah,PO-2025-8491,13-Dec-2025 00:00,UTC,Fujairah
1886,2025-12-13 00:00:00,7440571a-841a-11ed-aa7c-7003bca91a86,4874,MV0001-05418,Mechanical Seal Cover,COMP-1768374767907-73hq6hda8,801.001,Clean Ballast Pumps,SP-801.001-418,RECEIVE,4,15,228b5256-5bd2-4bf3-826f-c6fe76571449,Received from Pacific Marine Parts at Fujairah,PO-2025-5966,13-Dec-2025 00:00,UTC,Fujairah
1887,2025-12-13 00:00:00,7440571a-841a-11ed-aa7c-7003bca91a86,4879,MV0001-05423,Bearing Support,COMP-1768374767907-73hq6hda8,801.001,Clean Ballast Pumps,SP-801.001-423,RECEIVE,1,20,228b5256-5bd2-4bf3-826f-c6fe76571449,Received from Pacific Marine Parts at Fujairah,PO-2025-3329,13-Dec-2025 00:00,UTC,Fujairah
1888,2025-12-13 00:00:00,7440571a-841a-11ed-aa7c-7003bca91a86,4906,MV0001-05450,Packing Ring,COMP-1768374767907-73hq6hda8,801.001,Clean Ballast Pumps,SP-801.001-450,RECEIVE,3,11,228b5256-5bd2-4bf3-826f-c6fe76571449,Received from Pacific Marine Parts at Fujairah,PO-2025-9139,13-Dec-2025 00:00,UTC,Fujairah
1889,2025-12-13 00:00:00,7440571a-841a-11ed-aa7c-7003bca91a86,4925,MV0001-05469,Oil Seal,COMP-1768374767907-73hq6hda8,801.001,Clean Ballast Pumps,SP-801.001-469,RECEIVE,5,23,228b5256-5bd2-4bf3-826f-c6fe76571449,Received from Pacific Marine Parts at Fujairah,PO-2025-3344,13-Dec-2025 00:00,UTC,Fujairah
1890,2025-12-13 00:00:00,7440571a-841a-11ed-aa7c-7003bca91a86,4949,MV0001-05493,Service Valve,COMP-1768374767967-jb4k6wuji,554.003.02,Compressors W/Drive Unit No.02,SP-554.003.01-493,RECEIVE,4,15,228b5256-5bd2-4bf3-826f-c6fe76571449,Received from Pacific Marine Parts at Fujairah,PO-2025-3648,13-Dec-2025 00:00,UTC,Fujairah
1891,2025-12-13 00:00:00,7440571a-841a-11ed-aa7c-7003bca91a86,4951,MV0001-05495,Suction Valve,COMP-1768374767967-jb4k6wuji,554.003.02,Compressors W/Drive Unit No.02,SP-554.003.01-495,RECEIVE,1,11,228b5256-5bd2-4bf3-826f-c6fe76571449,Received from Pacific Marine Parts at Fujairah,PO-2025-1683,13-Dec-2025 00:00,UTC,Fujairah
1892,2025-12-13 00:00:00,7440571a-841a-11ed-aa7c-7003bca91a86,4958,MV0001-05502,Joint,COMP-1768374767967-jb4k6wuji,554.003.02,Compressors W/Drive Unit No.02,SP-554.003.01-502,RECEIVE,3,27,228b5256-5bd2-4bf3-826f-c6fe76571449,Received from Pacific Marine Parts at Fujairah,PO-2025-3927,13-Dec-2025 00:00,UTC,Fujairah
2566,2025-12-13 00:00:00,7440571a-841a-11ed-aa7c-7003bca91a86,4930,MV0001-05474,Anode Rods,COMP-1768374767914-980b44ij3,278.010.02,Impressed Current Systems No.02,SP-278.010.01-474,CONSUME,-2,6,4th Engineer,Consumed during maintenance - MKR-IN-00071-278.010.02-2025-172,MKR-IN-00071-278.010.02-2025-172,13-Dec-2025,UTC,
2033,2025-12-11 00:00:00,7440571a-841a-11ed-aa7c-7003bca91a86,4943,MV0001-05487,O-Ring,COMP-1768374767815-k5anrfi02,554.001,Provision Cooling Compressor Aggregates,SP-554.001-487,CONSUME,-2,3,Chief Engineer,Consumed during maintenance - MKR-IN-00085-652.003.04-2025-670,MKR-IN-00085-652.003.04-2025-670,11-Dec-2025,UTC,
2870,2025-12-09 00:00:00,7440571a-841a-11ed-aa7c-7003bca91a86,5108,MV0001-05652,O-Ring,COMP-1768374767845-490ayszf9,601.064,ME Turning Gear,SP-601.064-652,CONSUME,-1,3,Chief Engineer,Consumed during maintenance - MKR-IN-00065-601.064-2025-016,MKR-IN-00065-601.064-2025-016,09-Dec-2025,UTC,
2971,2025-12-07 00:00:00,7440571a-841a-11ed-aa7c-7003bca91a86,4901,MV0001-05445,Hub,COMP-1768374767907-73hq6hda8,801.001,Clean Ballast Pumps,SP-801.001-445,CONSUME,-1,0,4th Engineer,Consumed during maintenance - MKR-IN-00080-652.002.02-2025-612,MKR-IN-00080-652.002.02-2025-612,07-Dec-2025,UTC,
421,2025-12-03 00:00:00,7440571a-841a-11ed-aa7c-7003bca91a86,4665,MV0001-05209,"Oil Scraper, In Two Parts, Complete",COMP-1768374767834-dbncpiany,601.053,ME Turbochargers,SP-601.053-209,CONSUME,-1,1,6084f3b8-85dc-462a-b045-111d2b2e6d0e,Consumed for WO UWO-278-2025-712,UWO-278-2025-712,03-Dec-2025 00:00,UTC,
2214,2025-12-03 00:00:00,7440571a-841a-11ed-aa7c-7003bca91a86,5484,MV0001-06028,Coupling Bolt Complete,COMP-1768374767795-1qyq8qvkb,721.001.02,Main Sw Cooling Pumps No.02,SP-721.001.01-1028,CONSUME,-2,3,3rd Engineer,Consumed during maintenance - UWO-278-2025-712,UWO-278-2025-712,03-Dec-2025,UTC,
2887,2025-11-28 00:00:00,7440571a-841a-11ed-aa7c-7003bca91a86,5563,MV0001-06107,O-Ring,COMP-1768374767795-1qyq8qvkb,721.001.02,Main Sw Cooling Pumps No.02,SP-721.001.01-1107,CONSUME,-1,0,4th Engineer,Consumed during maintenance - MKR-IN-00063-601.004.04-2025-351,MKR-IN-00063-601.004.04-2025-351,28-Nov-2025,UTC,
2886,2025-11-28 00:00:00,7440571a-841a-11ed-aa7c-7003bca91a86,4666,MV0001-05210,Thrust Bearing Segment,COMP-1768374767834-dbncpiany,601.053,ME Turbochargers,SP-601.053-210,CONSUME,-1,2,4th Engineer,Consumed during maintenance - MKR-IN-00063-601.004.04-2025-351,MKR-IN-00063-601.004.04-2025-351,28-Nov-2025,UTC,
2760,2025-11-19 00:00:00,7440571a-841a-11ed-aa7c-7003bca91a86,5321,MV0001-05865,Lining Boss,COMP-1768374768525-zyps62yum,712.011.02,LO Separators No.02,SP-702.005.01-865,CONSUME,-1,0,3rd Engineer,Consumed during maintenance - WO-651.003.01-2025-349,WO-651.003.01-2025-349,19-Nov-2025,UTC,
2915,2025-11-16 00:00:00,7440571a-841a-11ed-aa7c-7003bca91a86,5540,MV0001-06084,Casing,COMP-1768374767795-1qyq8qvkb,721.001.02,Main Sw Cooling Pumps No.02,SP-721.001.01-1084,CONSUME,-1,4,2nd Engineer,Consumed during maintenance - MKR-OV-00025-653.004.01-2025-110,MKR-OV-00025-653.004.01-2025-110,16-Nov-2025,UTC,
1820,2025-11-13 00:00:00,7440571a-841a-11ed-aa7c-7003bca91a86,4837,MV0001-05381,Volute Casing,COMP-1768374767907-73hq6hda8,801.001,Clean Ballast Pumps,SP-801.001-381,RECEIVE,4,213,228b5256-5bd2-4bf3-826f-c6fe76571449,Received from Ocean Trading Co. at Jebel Ali,PO-2025-3906,13-Nov-2025 00:00,UTC,Jebel Ali
1821,2025-11-13 00:00:00,7440571a-841a-11ed-aa7c-7003bca91a86,4479,MV0001-05023,Hydraulic Jack,COMP-1768374767799-zs6hrf8cm,401.005,Rudders W/Nozzle,SP-401.005-023,RECEIVE,3,23,228b5256-5bd2-4bf3-826f-c6fe76571449,Received from Ocean Trading Co. at Jebel Ali,PO-2025-8413,13-Nov-2025 00:00,UTC,Jebel Ali
1822,2025-11-13 00:00:00,7440571a-841a-11ed-aa7c-7003bca91a86,4482,MV0001-05026,Sleeve,COMP-1768374767799-zs6hrf8cm,401.005,Rudders W/Nozzle,SP-401.005-026,RECEIVE,3,12,228b5256-5bd2-4bf3-826f-c6fe76571449,Received from Ocean Trading Co. at Jebel Ali,PO-2025-8704,13-Nov-2025 00:00,UTC,Jebel Ali
1823,2025-11-13 00:00:00,7440571a-841a-11ed-aa7c-7003bca91a86,4493,MV0001-05037,Back-Up Ring,COMP-1768374767799-zs6hrf8cm,401.005,Rudders W/Nozzle,SP-401.005-037,RECEIVE,1,6,228b5256-5bd2-4bf3-826f-c6fe76571449,Received from Ocean Trading Co. at Jebel Ali,PO-2025-1846,13-Nov-2025 00:00,UTC,Jebel Ali
1824,2025-11-13 00:00:00,7440571a-841a-11ed-aa7c-7003bca91a86,4494,MV0001-05038,Back-Up Ring,COMP-1768374767799-zs6hrf8cm,401.005,Rudders W/Nozzle,SP-401.005-038,RECEIVE,3,29,228b5256-5bd2-4bf3-826f-c6fe76571449,Received from Ocean Trading Co. at Jebel Ali,PO-2025-9664,13-Nov-2025 00:00,UTC,Jebel Ali
1825,2025-11-13 00:00:00,7440571a-841a-11ed-aa7c-7003bca91a86,4526,MV0001-05070,Grease Nipple,COMP-1768374767799-zs6hrf8cm,401.005,Rudders W/Nozzle,SP-401.005-070,RECEIVE,2,6,228b5256-5bd2-4bf3-826f-c6fe76571449,Received from Ocean Trading Co. at Jebel Ali,PO-2025-6324,13-Nov-2025 00:00,UTC,Jebel Ali
1826,2025-11-13 00:00:00,7440571a-841a-11ed-aa7c-7003bca91a86,4527,MV0001-05071,Tool Bar,COMP-1768374767799-zs6hrf8cm,401.005,Rudders W/Nozzle,SP-401.005-071,RECEIVE,4,21,228b5256-5bd2-4bf3-826f-c6fe76571449,Received from Ocean Trading Co. at Jebel Ali,PO-2025-4246,13-Nov-2025 00:00,UTC,Jebel Ali
1827,2025-11-13 00:00:00,7440571a-841a-11ed-aa7c-7003bca91a86,4550,MV0001-05094,Vent. Plug ER,COMP-1768374767802-sjje0yq3o,403.001,"Steering Gears, Complete",SP-403.001-094,RECEIVE,3,8,228b5256-5bd2-4bf3-826f-c6fe76571449,Received from Ocean Trading Co. at Jebel Ali,PO-2025-6358,13-Nov-2025 00:00,UTC,Jebel Ali
1828,2025-11-13 00:00:00,7440571a-841a-11ed-aa7c-7003bca91a86,4552,MV0001-05096,Plug,COMP-1768374767802-sjje0yq3o,403.001,"Steering Gears, Complete",SP-403.001-096,RECEIVE,3,10,228b5256-5bd2-4bf3-826f-c6fe76571449,Received from Ocean Trading Co. at Jebel Ali,PO-2025-3257,13-Nov-2025 00:00,UTC,Jebel Ali
1829,2025-11-13 00:00:00,7440571a-841a-11ed-aa7c-7003bca91a86,4575,MV0001-05119,Pipe,COMP-1768374767802-sjje0yq3o,403.001,"Steering Gears, Complete",SP-403.001-119,RECEIVE,4,9,228b5256-5bd2-4bf3-826f-c6fe76571449,Received from Ocean Trading Co. at Jebel Ali,PO-2025-5751,13-Nov-2025 00:00,UTC,Jebel Ali
1830,2025-11-13 00:00:00,7440571a-841a-11ed-aa7c-7003bca91a86,4580,MV0001-05124,Connection Rod Assembly,COMP-1768374767802-sjje0yq3o,403.001,"Steering Gears, Complete",SP-403.001-124,RECEIVE,3,11,228b5256-5bd2-4bf3-826f-c6fe76571449,Received from Ocean Trading Co. at Jebel Ali,PO-2025-4753,13-Nov-2025 00:00,UTC,Jebel Ali
1831,2025-11-13 00:00:00,7440571a-841a-11ed-aa7c-7003bca91a86,4618,MV0001-05162,Thermo Exp. Valve,COMP-1768374767815-k5anrfi02,554.001,Provision Cooling Compressor Aggregates,SP-554.001-162,RECEIVE,1,9,228b5256-5bd2-4bf3-826f-c6fe76571449,Received from Ocean Trading Co. at Jebel Ali,PO-2025-8812,13-Nov-2025 00:00,UTC,Jebel Ali
1832,2025-11-13 00:00:00,7440571a-841a-11ed-aa7c-7003bca91a86,4626,MV0001-05170,W.T. Receptacle,COMP-1768374767815-k5anrfi02,554.001,Provision Cooling Compressor Aggregates,SP-554.001-170,RECEIVE,3,10,228b5256-5bd2-4bf3-826f-c6fe76571449,Received from Ocean Trading Co. at Jebel Ali,PO-2025-8980,13-Nov-2025 00:00,UTC,Jebel Ali
1833,2025-11-13 00:00:00,7440571a-841a-11ed-aa7c-7003bca91a86,4634,MV0001-05178,Gas Detector,COMP-1768374767815-k5anrfi02,554.001,Provision Cooling Compressor Aggregates,SP-554.001-178,RECEIVE,4,13,228b5256-5bd2-4bf3-826f-c6fe76571449,Received from Ocean Trading Co. at Jebel Ali,PO-2025-5982,13-Nov-2025 00:00,UTC,Jebel Ali
1834,2025-11-13 00:00:00,7440571a-841a-11ed-aa7c-7003bca91a86,4659,MV0001-05203,Upper Cover,COMP-1768374767834-dbncpiany,601.053,ME Turbochargers,SP-601.053-203,RECEIVE,1,6,228b5256-5bd2-4bf3-826f-c6fe76571449,Received from Ocean Trading Co. at Jebel Ali,PO-2025-9608,13-Nov-2025 00:00,UTC,Jebel Ali
1835,2025-11-13 00:00:00,7440571a-841a-11ed-aa7c-7003bca91a86,4669,MV0001-05213,Bolt,COMP-1768374767834-dbncpiany,601.053,ME Turbochargers,SP-601.053-213,RECEIVE,5,16,228b5256-5bd2-4bf3-826f-c6fe76571449,Received from Ocean Trading Co. at Jebel Ali,PO-2025-4005,13-Nov-2025 00:00,UTC,Jebel Ali
1836,2025-11-13 00:00:00,7440571a-841a-11ed-aa7c-7003bca91a86,4688,MV0001-05232,Bolt,COMP-1768374767834-dbncpiany,601.053,ME Turbochargers,SP-601.053-232,RECEIVE,2,13,228b5256-5bd2-4bf3-826f-c6fe76571449,Received from Ocean Trading Co. at Jebel Ali,PO-2025-1940,13-Nov-2025 00:00,UTC,Jebel Ali
1837,2025-11-13 00:00:00,7440571a-841a-11ed-aa7c-7003bca91a86,4694,MV0001-05238,Support,COMP-1768374767837-m3bhk56ru,601.059,ME Exhaust Gas Manifolds/Pipes W/Insulation,SP-601.059-238,RECEIVE,2,7,228b5256-5bd2-4bf3-826f-c6fe76571449,Received from Ocean Trading Co. at Jebel Ali,PO-2025-5675,13-Nov-2025 00:00,UTC,Jebel Ali
1838,2025-11-13 00:00:00,7440571a-841a-11ed-aa7c-7003bca91a86,4695,MV0001-05239,Support,COMP-1768374767837-m3bhk56ru,601.059,ME Exhaust Gas Manifolds/Pipes W/Insulation,SP-601.059-239,RECEIVE,1,16,228b5256-5bd2-4bf3-826f-c6fe76571449,Received from Ocean Trading Co. at Jebel Ali,PO-2025-7376,13-Nov-2025 00:00,UTC,Jebel Ali
1839,2025-11-13 00:00:00,7440571a-841a-11ed-aa7c-7003bca91a86,4703,MV0001-05247,Bolt,COMP-1768374767837-m3bhk56ru,601.059,ME Exhaust Gas Manifolds/Pipes W/Insulation,SP-601.059-247,RECEIVE,1,9,228b5256-5bd2-4bf3-826f-c6fe76571449,Received from Ocean Trading Co. at Jebel Ali,PO-2025-8609,13-Nov-2025 00:00,UTC,Jebel Ali
1840,2025-11-13 00:00:00,7440571a-841a-11ed-aa7c-7003bca91a86,4710,MV0001-05254,Nut,COMP-1768374767837-m3bhk56ru,601.059,ME Exhaust Gas Manifolds/Pipes W/Insulation,SP-601.059-254,RECEIVE,4,22,228b5256-5bd2-4bf3-826f-c6fe76571449,Received from Ocean Trading Co. at Jebel Ali,PO-2025-8782,13-Nov-2025 00:00,UTC,Jebel Ali
1841,2025-11-13 00:00:00,7440571a-841a-11ed-aa7c-7003bca91a86,4711,MV0001-05255,Plain Washer,COMP-1768374767837-m3bhk56ru,601.059,ME Exhaust Gas Manifolds/Pipes W/Insulation,SP-601.059-255,RECEIVE,3,14,228b5256-5bd2-4bf3-826f-c6fe76571449,Received from Ocean Trading Co. at Jebel Ali,PO-2025-4631,13-Nov-2025 00:00,UTC,Jebel Ali
1842,2025-11-13 00:00:00,7440571a-841a-11ed-aa7c-7003bca91a86,4712,MV0001-05256,Plain Washer,COMP-1768374767837-m3bhk56ru,601.059,ME Exhaust Gas Manifolds/Pipes W/Insulation,SP-601.059-256,RECEIVE,5,14,228b5256-5bd2-4bf3-826f-c6fe76571449,Received from Ocean Trading Co. at Jebel Ali,PO-2025-8083,13-Nov-2025 00:00,UTC,Jebel Ali
1843,2025-11-13 00:00:00,7440571a-841a-11ed-aa7c-7003bca91a86,4724,MV0001-05268,Bearing Non Drive End,COMP-1768374767899-slkigc1i8,665.001,"Emergency Generator Aggregates, Complete",SP-665.001-268,RECEIVE,2,14,228b5256-5bd2-4bf3-826f-c6fe76571449,Received from Ocean Trading Co. at Jebel Ali,PO-2025-5202,13-Nov-2025 00:00,UTC,Jebel Ali
1844,2025-11-13 00:00:00,7440571a-841a-11ed-aa7c-7003bca91a86,4744,MV0001-05288,Diode-Reverse Polarity,COMP-1768374767899-slkigc1i8,665.001,"Emergency Generator Aggregates, Complete",SP-665.001-288,RECEIVE,1,24,228b5256-5bd2-4bf3-826f-c6fe76571449,Received from Ocean Trading Co. at Jebel Ali,PO-2025-7686,13-Nov-2025 00:00,UTC,Jebel Ali
1845,2025-11-13 00:00:00,7440571a-841a-11ed-aa7c-7003bca91a86,4745,MV0001-05289,Lifting Lug-Drive End,COMP-1768374767899-slkigc1i8,665.001,"Emergency Generator Aggregates, Complete",SP-665.001-289,RECEIVE,5,24,228b5256-5bd2-4bf3-826f-c6fe76571449,Received from Ocean Trading Co. at Jebel Ali,PO-2025-6810,13-Nov-2025 00:00,UTC,Jebel Ali
1846,2025-11-13 00:00:00,7440571a-841a-11ed-aa7c-7003bca91a86,4748,MV0001-05292,Main Terminal Panel,COMP-1768374767899-slkigc1i8,665.001,"Emergency Generator Aggregates, Complete",SP-665.001-292,RECEIVE,3,15,228b5256-5bd2-4bf3-826f-c6fe76571449,Received from Ocean Trading Co. at Jebel Ali,PO-2025-5625,13-Nov-2025 00:00,UTC,Jebel Ali
1847,2025-11-13 00:00:00,7440571a-841a-11ed-aa7c-7003bca91a86,4752,MV0001-05296,Foot Mounting Spacer,COMP-1768374767899-slkigc1i8,665.001,"Emergency Generator Aggregates, Complete",SP-665.001-296,RECEIVE,2,9,228b5256-5bd2-4bf3-826f-c6fe76571449,Received from Ocean Trading Co. at Jebel Ali,PO-2025-8119,13-Nov-2025 00:00,UTC,Jebel Ali
1848,2025-11-13 00:00:00,7440571a-841a-11ed-aa7c-7003bca91a86,4753,MV0001-05297,Cap Screw,COMP-1768374767899-slkigc1i8,665.001,"Emergency Generator Aggregates, Complete",SP-665.001-297,RECEIVE,3,8,228b5256-5bd2-4bf3-826f-c6fe76571449,Received from Ocean Trading Co. at Jebel Ali,PO-2025-4639,13-Nov-2025 00:00,UTC,Jebel Ali
1849,2025-11-13 00:00:00,7440571a-841a-11ed-aa7c-7003bca91a86,4791,MV0001-05335,Foot Mounting Spacer,COMP-1768374767899-slkigc1i8,665.001,"Emergency Generator Aggregates, Complete",SP-665.001-335,RECEIVE,1,12,228b5256-5bd2-4bf3-826f-c6fe76571449,Received from Ocean Trading Co. at Jebel Ali,PO-2025-7377,13-Nov-2025 00:00,UTC,Jebel Ali
1850,2025-11-13 00:00:00,7440571a-841a-11ed-aa7c-7003bca91a86,4834,MV0001-05378,Fan,COMP-1768374767899-slkigc1i8,665.001,"Emergency Generator Aggregates, Complete",SP-665.001-378,RECEIVE,1,10,228b5256-5bd2-4bf3-826f-c6fe76571449,Received from Ocean Trading Co. at Jebel Ali,PO-2025-1236,13-Nov-2025 00:00,UTC,Jebel Ali
1851,2025-11-13 00:00:00,7440571a-841a-11ed-aa7c-7003bca91a86,4852,MV0001-05396,Ball Bearing,COMP-1768374767907-73hq6hda8,801.001,Clean Ballast Pumps,SP-801.001-396,RECEIVE,3,17,228b5256-5bd2-4bf3-826f-c6fe76571449,Received from Ocean Trading Co. at Jebel Ali,PO-2025-8703,13-Nov-2025 00:00,UTC,Jebel Ali
1852,2025-11-13 00:00:00,7440571a-841a-11ed-aa7c-7003bca91a86,4869,MV0001-05413,Stopper Ring And Set Screw,COMP-1768374767907-73hq6hda8,801.001,Clean Ballast Pumps,SP-801.001-413,RECEIVE,5,17,228b5256-5bd2-4bf3-826f-c6fe76571449,Received from Ocean Trading Co. at Jebel Ali,PO-2025-6453,13-Nov-2025 00:00,UTC,Jebel Ali
1853,2025-11-13 00:00:00,7440571a-841a-11ed-aa7c-7003bca91a86,4896,MV0001-05440,Coupling Flange,COMP-1768374767907-73hq6hda8,801.001,Clean Ballast Pumps,SP-801.001-440,RECEIVE,4,16,228b5256-5bd2-4bf3-826f-c6fe76571449,Received from Ocean Trading Co. at Jebel Ali,PO-2025-7686,13-Nov-2025 00:00,UTC,Jebel Ali
1854,2025-11-13 00:00:00,7440571a-841a-11ed-aa7c-7003bca91a86,4900,MV0001-05444,Hub,COMP-1768374767907-73hq6hda8,801.001,Clean Ballast Pumps,SP-801.001-444,RECEIVE,3,21,228b5256-5bd2-4bf3-826f-c6fe76571449,Received from Ocean Trading Co. at Jebel Ali,PO-2025-4362,13-Nov-2025 00:00,UTC,Jebel Ali
1855,2025-11-13 00:00:00,7440571a-841a-11ed-aa7c-7003bca91a86,4907,MV0001-05451,Packing Ring,COMP-1768374767907-73hq6hda8,801.001,Clean Ballast Pumps,SP-801.001-451,RECEIVE,2,11,228b5256-5bd2-4bf3-826f-c6fe76571449,Received from Ocean Trading Co. at Jebel Ali,PO-2025-6072,13-Nov-2025 00:00,UTC,Jebel Ali
1856,2025-11-13 00:00:00,7440571a-841a-11ed-aa7c-7003bca91a86,4912,MV0001-05456,Snap Ring,COMP-1768374767907-73hq6hda8,801.001,Clean Ballast Pumps,SP-801.001-456,RECEIVE,5,10,228b5256-5bd2-4bf3-826f-c6fe76571449,Received from Ocean Trading Co. at Jebel Ali,PO-2025-0789,13-Nov-2025 00:00,UTC,Jebel Ali
1857,2025-11-13 00:00:00,7440571a-841a-11ed-aa7c-7003bca91a86,4954,MV0001-05498,Piston Pin,COMP-1768374767967-jb4k6wuji,554.003.02,Compressors W/Drive Unit No.02,SP-554.003.01-498,RECEIVE,5,21,228b5256-5bd2-4bf3-826f-c6fe76571449,Received from Ocean Trading Co. at Jebel Ali,PO-2025-7730,13-Nov-2025 00:00,UTC,Jebel Ali
2048,2025-11-13 00:00:00,7440571a-841a-11ed-aa7c-7003bca91a86,5284,MV0001-05828,Bearing Cap-2,COMP-1768374768525-zyps62yum,712.011.02,LO Separators No.02,SP-702.005.01-828,CONSUME,-2,3,Chief Engineer,Consumed during maintenance - MKR-IN-00076-601.005.05-2025-415,MKR-IN-00076-601.005.05-2025-415,13-Nov-2025,UTC,
2049,2025-11-13 00:00:00,7440571a-841a-11ed-aa7c-7003bca91a86,4929,MV0001-05473,Eye Bolt,COMP-1768374767907-73hq6hda8,801.001,Clean Ballast Pumps,SP-801.001-473,CONSUME,-1,9,Chief Engineer,Consumed during maintenance - MKR-IN-00076-601.005.05-2025-415,MKR-IN-00076-601.005.05-2025-415,13-Nov-2025,UTC,
2520,2025-11-12 00:00:00,7440571a-841a-11ed-aa7c-7003bca91a86,5284,MV0001-05828,Bearing Cap-2,COMP-1768374768525-zyps62yum,712.011.02,LO Separators No.02,SP-702.005.01-828,CONSUME,-2,1,Chief Engineer,Consumed during maintenance - MKR-IN-00063-601.004.04-2025-346,MKR-IN-00063-601.004.04-2025-346,12-Nov-2025,UTC,
2521,2025-11-12 00:00:00,7440571a-841a-11ed-aa7c-7003bca91a86,4474,MV0001-05018,Bolts,COMP-1768374767799-zs6hrf8cm,401.005,Rudders W/Nozzle,SP-401.005-018,CONSUME,-2,3,Chief Engineer,Consumed during maintenance - MKR-IN-00063-601.004.04-2025-346,MKR-IN-00063-601.004.04-2025-346,12-Nov-2025,UTC,
419,2025-11-11 00:00:00,7440571a-841a-11ed-aa7c-7003bca91a86,4751,MV0001-05295,Fan,COMP-1768374767899-slkigc1i8,665.001,"Emergency Generator Aggregates, Complete",SP-665.001-295,CONSUME,-2,1,480b40d0-04bd-4590-a936-2f879b867977,Consumed for WO UWO-72-2025-756,UWO-72-2025-756,11-Nov-2025 00:00,UTC,
420,2025-11-11 00:00:00,7440571a-841a-11ed-aa7c-7003bca91a86,4547,MV0001-05091,Bonded Seal,COMP-1768374767802-sjje0yq3o,403.001,"Steering Gears, Complete",SP-403.001-091,CONSUME,-2,1,056a433e-b880-43c6-9d59-b1cfe71a4014,Consumed for WO WO-702.005.02-2025-303,WO-702.005.02-2025-303,11-Nov-2025 00:00,UTC,
2541,2025-11-11 00:00:00,7440571a-841a-11ed-aa7c-7003bca91a86,4926,MV0001-05470,Impeller Nut Spanner,COMP-1768374767907-73hq6hda8,801.001,Clean Ballast Pumps,SP-801.001-470,CONSUME,-1,4,3rd Engineer,Consumed during maintenance - UWO-72-2025-756,UWO-72-2025-756,11-Nov-2025,UTC,
2542,2025-11-11 00:00:00,7440571a-841a-11ed-aa7c-7003bca91a86,4824,MV0001-05368,Main Rectifier Assembly-Reverse,COMP-1768374767899-slkigc1i8,665.001,"Emergency Generator Aggregates, Complete",SP-665.001-368,CONSUME,-1,4,3rd Engineer,Consumed during maintenance - UWO-72-2025-756,UWO-72-2025-756,11-Nov-2025,UTC,
2950,2025-11-09 00:00:00,7440571a-841a-11ed-aa7c-7003bca91a86,5466,MV0001-06010,Adjusting Nut-Thrust,COMP-1768374768533-xnq4n84q4,712.013.02,LO Separator Booster Pumps No.02,SP-712.013.01-1010,CONSUME,-2,0,4th Engineer,Consumed during maintenance - MKR-IN-00075-601.002.03-2025-010,MKR-IN-00075-601.002.03-2025-010,09-Nov-2025,UTC,
2949,2025-11-09 00:00:00,7440571a-841a-11ed-aa7c-7003bca91a86,5171,MV0001-05715,Set Screw,COMP-1768374768525-zyps62yum,712.011.02,LO Separators No.02,SP-702.005.01-715,CONSUME,-2,3,4th Engineer,Consumed during maintenance - MKR-IN-00075-601.002.03-2025-010,MKR-IN-00075-601.002.03-2025-010,09-Nov-2025,UTC,
2948,2025-11-09 00:00:00,7440571a-841a-11ed-aa7c-7003bca91a86,5534,MV0001-06078,Auto. Valve Spring,COMP-1768374767795-1qyq8qvkb,721.001.02,Main Sw Cooling Pumps No.02,SP-721.001.01-1078,CONSUME,-2,0,4th Engineer,Consumed during maintenance - MKR-IN-00075-601.002.03-2025-010,MKR-IN-00075-601.002.03-2025-010,09-Nov-2025,UTC,
418,2025-11-09 00:00:00,7440571a-841a-11ed-aa7c-7003bca91a86,4522,MV0001-05066,Hexagon High Strength Bolt,COMP-1768374767799-zs6hrf8cm,401.005,Rudders W/Nozzle,SP-401.005-066,CONSUME,-2,0,480b40d0-04bd-4590-a936-2f879b867977,Consumed for WO UWO-601.064-2025-843,UWO-601.064-2025-843,09-Nov-2025 00:00,UTC,
2519,2025-11-09 00:00:00,7440571a-841a-11ed-aa7c-7003bca91a86,5108,MV0001-05652,O-Ring,COMP-1768374767845-490ayszf9,601.064,ME Turning Gear,SP-601.064-652,CONSUME,-1,6,3rd Engineer,Consumed during maintenance - UWO-601.064-2025-843,UWO-601.064-2025-843,09-Nov-2025,UTC,
2711,2025-11-08 00:00:00,7440571a-841a-11ed-aa7c-7003bca91a86,5361,MV0001-05905,Valve Stem,COMP-1768374768525-zyps62yum,712.011.02,LO Separators No.02,SP-702.005.01-905,CONSUME,-2,3,Chief Engineer,Consumed during maintenance - UWO-601.003.01-2025-702,UWO-601.003.01-2025-702,08-Nov-2025,UTC,
2710,2025-11-08 00:00:00,7440571a-841a-11ed-aa7c-7003bca91a86,4763,MV0001-05307,Bearing O-Ring Non Drive End,COMP-1768374767899-slkigc1i8,665.001,"Emergency Generator Aggregates, Complete",SP-665.001-307,CONSUME,-1,4,Chief Engineer,Consumed during maintenance - UWO-601.003.01-2025-702,UWO-601.003.01-2025-702,08-Nov-2025,UTC,
417,2025-11-08 00:00:00,7440571a-841a-11ed-aa7c-7003bca91a86,4945,MV0001-05489,Cylinder Cover,COMP-1768374767967-jb4k6wuji,554.003.02,Compressors W/Drive Unit No.02,SP-554.003.01-489,CONSUME,-2,1,480b40d0-04bd-4590-a936-2f879b867977,Consumed for WO WO-653.003.06-2025-385,WO-653.003.06-2025-385,08-Nov-2025 00:00,UTC,
412,2025-11-07 00:00:00,7440571a-841a-11ed-aa7c-7003bca91a86,4676,MV0001-05220,Bolt,COMP-1768374767834-dbncpiany,601.053,ME Turbochargers,SP-601.053-220,CONSUME,-2,0,480b40d0-04bd-4590-a936-2f879b867977,Consumed for WO WO-601.053-2025-451,WO-601.053-2025-451,07-Nov-2025 00:00,UTC,
413,2025-11-07 00:00:00,7440571a-841a-11ed-aa7c-7003bca91a86,4677,MV0001-05221,Gasket,COMP-1768374767834-dbncpiany,601.053,ME Turbochargers,SP-601.053-221,CONSUME,-2,0,6084f3b8-85dc-462a-b045-111d2b2e6d0e,Consumed for WO WO-601.053-2025-451,WO-601.053-2025-451,07-Nov-2025 00:00,UTC,
414,2025-11-07 00:00:00,7440571a-841a-11ed-aa7c-7003bca91a86,4658,MV0001-05202,Thrust Bearing Complete,COMP-1768374767834-dbncpiany,601.053,ME Turbochargers,SP-601.053-202,CONSUME,-1,0,480b40d0-04bd-4590-a936-2f879b867977,Consumed for WO WO-601.053-2025-451,WO-601.053-2025-451,07-Nov-2025 00:00,UTC,
415,2025-11-07 00:00:00,7440571a-841a-11ed-aa7c-7003bca91a86,4683,MV0001-05227,O-Ring,COMP-1768374767834-dbncpiany,601.053,ME Turbochargers,SP-601.053-227,CONSUME,-2,3,480b40d0-04bd-4590-a936-2f879b867977,Consumed for WO UWO-653.003-2025-522,UWO-653.003-2025-522,07-Nov-2025 00:00,UTC,
416,2025-11-07 00:00:00,7440571a-841a-11ed-aa7c-7003bca91a86,4508,MV0001-05052,hii,COMP-1768374767799-zs6hrf8cm,401.005,Rudders W/Nozzle,SP-401.005-052,CONSUME,-2,0,056a433e-b880-43c6-9d59-b1cfe71a4014,Consumed for WO UWO-601.066.06-2025-789,UWO-601.066.06-2025-789,07-Nov-2025 00:00,UTC,
2117,2025-11-07 00:00:00,7440571a-841a-11ed-aa7c-7003bca91a86,4577,MV0001-05121,Bonded Seal,COMP-1768374767802-sjje0yq3o,403.001,"Steering Gears, Complete",SP-403.001-121,CONSUME,-1,4,3rd Engineer,Consumed during maintenance - UWO-653.003-2025-522,UWO-653.003-2025-522,07-Nov-2025,UTC,
2118,2025-11-07 00:00:00,7440571a-841a-11ed-aa7c-7003bca91a86,4826,MV0001-05370,Diode-Forward Polarity,COMP-1768374767899-slkigc1i8,665.001,"Emergency Generator Aggregates, Complete",SP-665.001-370,CONSUME,-2,3,3rd Engineer,Consumed during maintenance - UWO-653.003-2025-522,UWO-653.003-2025-522,07-Nov-2025,UTC,
2307,2025-11-07 00:00:00,7440571a-841a-11ed-aa7c-7003bca91a86,5109,MV0001-05653,O-Ring,COMP-1768374768219-f5y8ppktt,601.066.06,ME Indicators No.06,SP-601.066.01-653,CONSUME,-1,208,4th Engineer,Consumed during maintenance - UWO-601.066.06-2025-789,UWO-601.066.06-2025-789,07-Nov-2025,UTC,
2308,2025-11-07 00:00:00,7440571a-841a-11ed-aa7c-7003bca91a86,5110,MV0001-05654,Gasket,COMP-1768374768219-f5y8ppktt,601.066.06,ME Indicators No.06,SP-601.066.01-654,CONSUME,-2,3,4th Engineer,Consumed during maintenance - UWO-601.066.06-2025-789,UWO-601.066.06-2025-789,07-Nov-2025,UTC,
411,2025-11-03 00:00:00,7440571a-841a-11ed-aa7c-7003bca91a86,4662,MV0001-05206,Thrust Bearing Support,COMP-1768374767834-dbncpiany,601.053,ME Turbochargers,SP-601.053-206,CONSUME,-1,0,228b5256-5bd2-4bf3-826f-c6fe76571449,Consumed for WO WO-702.005.02-2025-302,WO-702.005.02-2025-302,03-Nov-2025 00:00,UTC,
2827,2025-11-02 00:00:00,7440571a-841a-11ed-aa7c-7003bca91a86,4712,MV0001-05256,Plain Washer,COMP-1768374767837-m3bhk56ru,601.059,ME Exhaust Gas Manifolds/Pipes W/Insulation,SP-601.059-256,CONSUME,-2,3,4th Engineer,Consumed during maintenance - MKR-IN-00078-601.059-2025-450,MKR-IN-00078-601.059-2025-450,02-Nov-2025,UTC,
2423,2025-11-02 00:00:00,7440571a-841a-11ed-aa7c-7003bca91a86,5246,MV0001-05790,Disc-1,COMP-1768374768525-zyps62yum,712.011.02,LO Separators No.02,SP-702.005.01-790,CONSUME,-1,4,Chief Engineer,Consumed during maintenance - UWO-652.046-2025-558,UWO-652.046-2025-558,02-Nov-2025,UTC,
2424,2025-11-02 00:00:00,7440571a-841a-11ed-aa7c-7003bca91a86,4778,MV0001-05322,Automatic Voltage Regulator Mounting Bracket,COMP-1768374767899-slkigc1i8,665.001,"Emergency Generator Aggregates, Complete",SP-665.001-322,CONSUME,-2,3,Chief Engineer,Consumed during maintenance - UWO-652.046-2025-558,UWO-652.046-2025-558,02-Nov-2025,UTC,
2624,2025-10-30 00:00:00,7440571a-841a-11ed-aa7c-7003bca91a86,5194,MV0001-05738,O-Ring,COMP-1768374768525-zyps62yum,712.011.02,LO Separators No.02,SP-702.005.01-738,CONSUME,-1,4,Chief Engineer,Consumed during maintenance - UWO-651.003.04-2025-746,UWO-651.003.04-2025-746,30-Oct-2025,UTC,
2623,2025-10-30 00:00:00,7440571a-841a-11ed-aa7c-7003bca91a86,5566,MV0001-06110,Key For Coupling,COMP-1768374767795-1qyq8qvkb,721.001.02,Main Sw Cooling Pumps No.02,SP-721.001.01-1110,CONSUME,-2,0,Chief Engineer,Consumed during maintenance - UWO-651.003.04-2025-746,UWO-651.003.04-2025-746,30-Oct-2025,UTC,
2131,2025-10-30 00:00:00,7440571a-841a-11ed-aa7c-7003bca91a86,5113,MV0001-05657,O-Ring,COMP-1768374768425-t4r1zyc5s,653.002.06,AE3 Cylinder Covers W/Valves No.06,SP-651.002.01-657,CONSUME,-1,4,Chief Engineer,Consumed during maintenance - UWO-554-2025-611,UWO-554-2025-611,30-Oct-2025,UTC,
2132,2025-10-30 00:00:00,7440571a-841a-11ed-aa7c-7003bca91a86,5420,MV0001-05964,Valve Sheet,COMP-1768374768525-zyps62yum,712.011.02,LO Separators No.02,SP-702.005.01-964,CONSUME,-1,4,Chief Engineer,Consumed during maintenance - UWO-554-2025-611,UWO-554-2025-611,30-Oct-2025,UTC,
410,2025-10-27 00:00:00,7440571a-841a-11ed-aa7c-7003bca91a86,4592,MV0001-05136,Lock Nut,COMP-1768374767802-sjje0yq3o,403.001,"Steering Gears, Complete",SP-403.001-136,CONSUME,-1,4,977621de-77d7-4892-ae27-adaebcc27d0b,Consumed for WO WO-702.005.02-2025-301,WO-702.005.02-2025-301,27-Oct-2025 00:00,UTC,
2175,2025-10-27 00:00:00,7440571a-841a-11ed-aa7c-7003bca91a86,4921,MV0001-05465,Oil Seal,COMP-1768374767907-73hq6hda8,801.001,Clean Ballast Pumps,SP-801.001-465,CONSUME,-1,4,3rd Engineer,Consumed during maintenance - WO-702.005.02-2025-298,WO-702.005.02-2025-298,27-Oct-2025,UTC,
2176,2025-10-27 00:00:00,7440571a-841a-11ed-aa7c-7003bca91a86,4626,MV0001-05170,W.T. Receptacle,COMP-1768374767815-k5anrfi02,554.001,Provision Cooling Compressor Aggregates,SP-554.001-170,CONSUME,-1,4,3rd Engineer,Consumed during maintenance - WO-702.005.02-2025-298,WO-702.005.02-2025-298,27-Oct-2025,UTC,
2177,2025-10-27 00:00:00,7440571a-841a-11ed-aa7c-7003bca91a86,5326,MV0001-05870,Lock Nut,COMP-1768374768525-zyps62yum,712.011.02,LO Separators No.02,SP-702.005.01-870,CONSUME,-2,3,3rd Engineer,Consumed during maintenance - WO-702.005.02-2025-298,WO-702.005.02-2025-298,27-Oct-2025,UTC,
3005,2025-10-25 00:00:00,7440571a-841a-11ed-aa7c-7003bca91a86,5240,MV0001-05784,Main Cylinder,COMP-1768374768525-zyps62yum,712.011.02,LO Separators No.02,SP-702.005.01-784,CONSUME,-2,3,2nd Engineer,Consumed during maintenance - MKR-IN-00079-601.066.01-2025-457,MKR-IN-00079-601.066.01-2025-457,25-Oct-2025,UTC,
3004,2025-10-25 00:00:00,7440571a-841a-11ed-aa7c-7003bca91a86,5221,MV0001-05765,Connecting Tube-1,COMP-1768374768525-zyps62yum,712.011.02,LO Separators No.02,SP-702.005.01-765,CONSUME,-2,1,2nd Engineer,Consumed during maintenance - MKR-IN-00079-601.066.01-2025-457,MKR-IN-00079-601.066.01-2025-457,25-Oct-2025,UTC,
2609,2025-10-25 00:00:00,7440571a-841a-11ed-aa7c-7003bca91a86,5395,MV0001-05939,Valve Body,COMP-1768374768525-zyps62yum,712.011.02,LO Separators No.02,SP-702.005.01-939,CONSUME,-1,3,3rd Engineer,Consumed during maintenance - UWO-651.020-2025-624,UWO-651.020-2025-624,25-Oct-2025,UTC,
2918,2025-10-24 00:00:00,7440571a-841a-11ed-aa7c-7003bca91a86,4689,MV0001-05233,Exhaust Pipe Complete,COMP-1768374767837-m3bhk56ru,601.059,ME Exhaust Gas Manifolds/Pipes W/Insulation,SP-601.059-233,CONSUME,-2,0,4th Engineer,Consumed during maintenance - MKR-IN-00078-601.059-2025-444,MKR-IN-00078-601.059-2025-444,24-Oct-2025,UTC,
2917,2025-10-24 00:00:00,7440571a-841a-11ed-aa7c-7003bca91a86,4692,MV0001-05236,Expansion Joint,COMP-1768374767837-m3bhk56ru,601.059,ME Exhaust Gas Manifolds/Pipes W/Insulation,SP-601.059-236,CONSUME,-1,4,4th Engineer,Consumed during maintenance - MKR-IN-00078-601.059-2025-444,MKR-IN-00078-601.059-2025-444,24-Oct-2025,UTC,
2916,2025-10-24 00:00:00,7440571a-841a-11ed-aa7c-7003bca91a86,4693,MV0001-05237,Expansion Joint,COMP-1768374767837-m3bhk56ru,601.059,ME Exhaust Gas Manifolds/Pipes W/Insulation,SP-601.059-237,CONSUME,-2,2,4th Engineer,Consumed during maintenance - MKR-IN-00078-601.059-2025-444,MKR-IN-00078-601.059-2025-444,24-Oct-2025,UTC,
2823,2025-10-23 00:00:00,7440571a-841a-11ed-aa7c-7003bca91a86,4709,MV0001-05253,Nut,COMP-1768374767837-m3bhk56ru,601.059,ME Exhaust Gas Manifolds/Pipes W/Insulation,SP-601.059-253,CONSUME,-1,4,4th Engineer,Consumed during maintenance - UWO-651.020.04-2025-685,UWO-651.020.04-2025-685,23-Oct-2025,UTC,
2822,2025-10-23 00:00:00,7440571a-841a-11ed-aa7c-7003bca91a86,4775,MV0001-05319,End panel Non Drive End,COMP-1768374767899-slkigc1i8,665.001,"Emergency Generator Aggregates, Complete",SP-665.001-319,CONSUME,-2,2,4th Engineer,Consumed during maintenance - UWO-651.020.04-2025-685,UWO-651.020.04-2025-685,23-Oct-2025,UTC,
2821,2025-10-23 00:00:00,7440571a-841a-11ed-aa7c-7003bca91a86,4747,MV0001-05291,Frame To End Bracket Adaptor Ring,COMP-1768374767899-slkigc1i8,665.001,"Emergency Generator Aggregates, Complete",SP-665.001-291,CONSUME,-2,3,4th Engineer,Consumed during maintenance - UWO-651.020.04-2025-685,UWO-651.020.04-2025-685,23-Oct-2025,UTC,
2221,2025-10-23 00:00:00,7440571a-841a-11ed-aa7c-7003bca91a86,4539,MV0001-05083,Rudder Angle Scale,COMP-1768374767802-sjje0yq3o,403.001,"Steering Gears, Complete",SP-403.001-083,CONSUME,-1,4,3rd Engineer,Consumed during maintenance - UWO-702.005-2025-511,UWO-702.005-2025-511,23-Oct-2025,UTC,
2222,2025-10-23 00:00:00,7440571a-841a-11ed-aa7c-7003bca91a86,4998,MV0001-05542,Crankcase Heater,COMP-1768374767967-jb4k6wuji,554.003.02,Compressors W/Drive Unit No.02,SP-554.003.01-542,CONSUME,-2,3,3rd Engineer,Consumed during maintenance - UWO-702.005-2025-511,UWO-702.005-2025-511,23-Oct-2025,UTC,
409,2025-10-22 00:00:00,7440571a-841a-11ed-aa7c-7003bca91a86,4743,MV0001-05287,Diode-Forward Polarity,COMP-1768374767899-slkigc1i8,665.001,"Emergency Generator Aggregates, Complete",SP-665.001-287,CONSUME,-2,3,6084f3b8-85dc-462a-b045-111d2b2e6d0e,Consumed for WO UWO-651.020.04-2025-687,UWO-651.020.04-2025-687,22-Oct-2025 00:00,UTC,
2116,2025-10-22 00:00:00,7440571a-841a-11ed-aa7c-7003bca91a86,4820,MV0001-05364,End panel Non Drive End,COMP-1768374767899-slkigc1i8,665.001,"Emergency Generator Aggregates, Complete",SP-665.001-364,CONSUME,-1,4,3rd Engineer,Consumed during maintenance - UWO-651.020.04-2025-687,UWO-651.020.04-2025-687,22-Oct-2025,UTC,
2746,2025-10-20 00:00:00,7440571a-841a-11ed-aa7c-7003bca91a86,4917,MV0001-05461,Plug,COMP-1768374767907-73hq6hda8,801.001,Clean Ballast Pumps,SP-801.001-461,CONSUME,-2,1,3rd Engineer,Consumed during maintenance - UWO-652.003.05-2025-533,UWO-652.003.05-2025-533,20-Oct-2025,UTC,
2953,2025-10-19 00:00:00,7440571a-841a-11ed-aa7c-7003bca91a86,5109,MV0001-05653,O-Ring,COMP-1768374768219-f5y8ppktt,601.066.06,ME Indicators No.06,SP-601.066.01-653,CONSUME,-1,201,2nd Engineer,Consumed during maintenance - MKR-IN-00079-601.066.06-2025-494,MKR-IN-00079-601.066.06-2025-494,19-Oct-2025,UTC,
2952,2025-10-19 00:00:00,7440571a-841a-11ed-aa7c-7003bca91a86,5110,MV0001-05654,Gasket,COMP-1768374768219-f5y8ppktt,601.066.06,ME Indicators No.06,SP-601.066.01-654,CONSUME,-1,0,2nd Engineer,Consumed during maintenance - MKR-IN-00079-601.066.06-2025-494,MKR-IN-00079-601.066.06-2025-494,19-Oct-2025,UTC,
2109,2025-10-19 00:00:00,7440571a-841a-11ed-aa7c-7003bca91a86,4559,MV0001-05103,Cyl. Head Screw,COMP-1768374767802-sjje0yq3o,403.001,"Steering Gears, Complete",SP-403.001-103,CONSUME,-1,4,3rd Engineer,Consumed during maintenance - WO-702.005.02-2025-296,WO-702.005.02-2025-296,19-Oct-2025,UTC,
2110,2025-10-19 00:00:00,7440571a-841a-11ed-aa7c-7003bca91a86,5170,MV0001-05714,Spring Washer,COMP-1768374768525-zyps62yum,712.011.02,LO Separators No.02,SP-702.005.01-714,CONSUME,-1,4,3rd Engineer,Consumed during maintenance - WO-702.005.02-2025-296,WO-702.005.02-2025-296,19-Oct-2025,UTC,
2111,2025-10-19 00:00:00,7440571a-841a-11ed-aa7c-7003bca91a86,5435,MV0001-05979,O-Ring,COMP-1768374768525-zyps62yum,712.011.02,LO Separators No.02,SP-702.005.01-979,CONSUME,-1,4,3rd Engineer,Consumed during maintenance - WO-702.005.02-2025-296,WO-702.005.02-2025-296,19-Oct-2025,UTC,
2807,2025-10-18 00:00:00,7440571a-841a-11ed-aa7c-7003bca91a86,4865,MV0001-05409,Packing,COMP-1768374767907-73hq6hda8,801.001,Clean Ballast Pumps,SP-801.001-409,CONSUME,-1,4,Chief Engineer,Consumed during maintenance - UWO-801.001-2025-602,UWO-801.001-2025-602,18-Oct-2025,UTC,
2806,2025-10-18 00:00:00,7440571a-841a-11ed-aa7c-7003bca91a86,4890,MV0001-05434,Packing Ring,COMP-1768374767907-73hq6hda8,801.001,Clean Ballast Pumps,SP-801.001-434,CONSUME,-2,1,Chief Engineer,Consumed during maintenance - UWO-801.001-2025-602,UWO-801.001-2025-602,18-Oct-2025,UTC,
2805,2025-10-18 00:00:00,7440571a-841a-11ed-aa7c-7003bca91a86,5569,MV0001-06113,O-Ring,COMP-1768374767907-73hq6hda8,801.001,Clean Ballast Pumps,SP-801.001-1113,CONSUME,-1,4,Chief Engineer,Consumed during maintenance - UWO-801.001-2025-602,UWO-801.001-2025-602,18-Oct-2025,UTC,
407,2025-10-18 00:00:00,7440571a-841a-11ed-aa7c-7003bca91a86,4837,MV0001-05381,Volute Casing,COMP-1768374767907-73hq6hda8,801.001,Clean Ballast Pumps,SP-801.001-381,CONSUME,-2,196,480b40d0-04bd-4590-a936-2f879b867977,Consumed for WO UWO-801.001-2025-602,UWO-801.001-2025-602,18-Oct-2025 00:00,UTC,
408,2025-10-18 00:00:00,7440571a-841a-11ed-aa7c-7003bca91a86,4838,MV0001-05382,Volute Cover,COMP-1768374767907-73hq6hda8,801.001,Clean Ballast Pumps,SP-801.001-382,CONSUME,-2,3,977621de-77d7-4892-ae27-adaebcc27d0b,Consumed for WO UWO-801.001-2025-602,UWO-801.001-2025-602,18-Oct-2025 00:00,UTC,
2450,2025-10-18 00:00:00,7440571a-841a-11ed-aa7c-7003bca91a86,5075,MV0001-05619,O-Ring,COMP-1768374768161-fwhsrv4rs,601.005.06,"ME Connecting Rods, Crosshead, Guides No.06",SP-601.005.01-619,CONSUME,-2,3,Chief Engineer,Consumed during maintenance - MKR-IN-00076-601.005.06-2025-421,MKR-IN-00076-601.005.06-2025-421,18-Oct-2025,UTC,
2451,2025-10-18 00:00:00,7440571a-841a-11ed-aa7c-7003bca91a86,5076,MV0001-05620,Gasket,COMP-1768374768161-fwhsrv4rs,601.005.06,"ME Connecting Rods, Crosshead, Guides No.06",SP-601.005.01-620,CONSUME,-2,2,Chief Engineer,Consumed during maintenance - MKR-IN-00076-601.005.06-2025-421,MKR-IN-00076-601.005.06-2025-421,18-Oct-2025,UTC,
405,2025-10-17 00:00:00,7440571a-841a-11ed-aa7c-7003bca91a86,4747,MV0001-05291,Frame To End Bracket Adaptor Ring,COMP-1768374767899-slkigc1i8,665.001,"Emergency Generator Aggregates, Complete",SP-665.001-291,CONSUME,-2,3,056a433e-b880-43c6-9d59-b1cfe71a4014,Consumed for WO WO-702.005.02-2025-300,WO-702.005.02-2025-300,17-Oct-2025 00:00,UTC,
406,2025-10-17 00:00:00,7440571a-841a-11ed-aa7c-7003bca91a86,4799,MV0001-05343,PMG Pillar,COMP-1768374767899-slkigc1i8,665.001,"Emergency Generator Aggregates, Complete",SP-665.001-343,CONSUME,-1,3,056a433e-b880-43c6-9d59-b1cfe71a4014,Consumed for WO UWO-50-2025-696,UWO-50-2025-696,17-Oct-2025 00:00,UTC,
2112,2025-10-17 00:00:00,7440571a-841a-11ed-aa7c-7003bca91a86,4785,MV0001-05329,Lifting Lug -Non Drive End,COMP-1768374767899-slkigc1i8,665.001,"Emergency Generator Aggregates, Complete",SP-665.001-329,CONSUME,-2,3,2nd Engineer,Consumed during maintenance - UWO-50-2025-696,UWO-50-2025-696,17-Oct-2025,UTC,
404,2025-10-16 00:00:00,7440571a-841a-11ed-aa7c-7003bca91a86,4570,MV0001-05114,Nipple-G,COMP-1768374767802-sjje0yq3o,403.001,"Steering Gears, Complete",SP-403.001-114,CONSUME,-1,4,6084f3b8-85dc-462a-b045-111d2b2e6d0e,Consumed for WO UWO-721.001-2025-692,UWO-721.001-2025-692,16-Oct-2025 00:00,UTC,
2231,2025-10-16 00:00:00,7440571a-841a-11ed-aa7c-7003bca91a86,5534,MV0001-06078,Auto. Valve Spring,COMP-1768374767795-1qyq8qvkb,721.001.02,Main Sw Cooling Pumps No.02,SP-721.001.01-1078,CONSUME,-1,4,3rd Engineer,Consumed during maintenance - UWO-721.001-2025-692,UWO-721.001-2025-692,16-Oct-2025,UTC,
2232,2025-10-16 00:00:00,7440571a-841a-11ed-aa7c-7003bca91a86,5274,MV0001-05818,Spring Case,COMP-1768374768525-zyps62yum,712.011.02,LO Separators No.02,SP-702.005.01-818,CONSUME,-1,4,3rd Engineer,Consumed during maintenance - UWO-721.001-2025-692,UWO-721.001-2025-692,16-Oct-2025,UTC,
403,2025-10-15 00:00:00,7440571a-841a-11ed-aa7c-7003bca91a86,4680,MV0001-05224,Thread End Taper Pin,COMP-1768374767834-dbncpiany,601.053,ME Turbochargers,SP-601.053-224,CONSUME,-2,0,056a433e-b880-43c6-9d59-b1cfe71a4014,Consumed for WO UWO-601.007.02-2025-545,UWO-601.007.02-2025-545,15-Oct-2025 00:00,UTC,
2135,2025-10-15 00:00:00,7440571a-841a-11ed-aa7c-7003bca91a86,5039,MV0001-05583,Nut,COMP-1768374767994-apqr6kc7v,601.002.06,ME Cylinder Covers W/Valves No.06,SP-601.002.01-583,CONSUME,-1,3,4th Engineer,Consumed during maintenance - UWO-601.007.02-2025-545,UWO-601.007.02-2025-545,15-Oct-2025,UTC,
2136,2025-10-15 00:00:00,7440571a-841a-11ed-aa7c-7003bca91a86,5415,MV0001-05959,O-Ring,COMP-1768374768525-zyps62yum,712.011.02,LO Separators No.02,SP-702.005.01-959,CONSUME,-2,3,4th Engineer,Consumed during maintenance - UWO-601.007.02-2025-545,UWO-601.007.02-2025-545,15-Oct-2025,UTC,
2137,2025-10-15 00:00:00,7440571a-841a-11ed-aa7c-7003bca91a86,4881,MV0001-05425,Bearing Housing,COMP-1768374767907-73hq6hda8,801.001,Clean Ballast Pumps,SP-801.001-425,CONSUME,-2,3,4th Engineer,Consumed during maintenance - UWO-601.007.02-2025-545,UWO-601.007.02-2025-545,15-Oct-2025,UTC,
2207,2025-10-15 00:00:00,7440571a-841a-11ed-aa7c-7003bca91a86,4939,MV0001-05483,O-Ring,COMP-1768374767809-mr8172nux,411.002,X-Band Radar,SP-411.002-483,CONSUME,-1,6,2nd Officer,Consumed during maintenance - WO-411.002-2025-410,WO-411.002-2025-410,15-Oct-2025,UTC,
2208,2025-10-15 00:00:00,7440571a-841a-11ed-aa7c-7003bca91a86,4940,MV0001-05484,Gasket,COMP-1768374767809-mr8172nux,411.002,X-Band Radar,SP-411.002-484,CONSUME,-1,6,2nd Officer,Consumed during maintenance - WO-411.002-2025-410,WO-411.002-2025-410,15-Oct-2025,UTC,
1781,2025-10-13 00:00:00,7440571a-841a-11ed-aa7c-7003bca91a86,4470,MV0001-05014,Bolt,COMP-1768374767799-zs6hrf8cm,401.005,Rudders W/Nozzle,SP-401.005-014,RECEIVE,2,11,228b5256-5bd2-4bf3-826f-c6fe76571449,Received from MarineSpares Int. at Singapore,PO-2025-0992,13-Oct-2025 00:00,UTC,Singapore
1782,2025-10-13 00:00:00,7440571a-841a-11ed-aa7c-7003bca91a86,4474,MV0001-05018,Bolts,COMP-1768374767799-zs6hrf8cm,401.005,Rudders W/Nozzle,SP-401.005-018,RECEIVE,3,7,228b5256-5bd2-4bf3-826f-c6fe76571449,Received from MarineSpares Int. at Singapore,PO-2025-5906,13-Oct-2025 00:00,UTC,Singapore
1783,2025-10-13 00:00:00,7440571a-841a-11ed-aa7c-7003bca91a86,4481,MV0001-05025,Gudgeon,COMP-1768374767799-zs6hrf8cm,401.005,Rudders W/Nozzle,SP-401.005-025,RECEIVE,2,18,228b5256-5bd2-4bf3-826f-c6fe76571449,Received from MarineSpares Int. at Singapore,PO-2025-0521,13-Oct-2025 00:00,UTC,Singapore
1784,2025-10-13 00:00:00,7440571a-841a-11ed-aa7c-7003bca91a86,4496,MV0001-05040,Plug,COMP-1768374767799-zs6hrf8cm,401.005,Rudders W/Nozzle,SP-401.005-040,RECEIVE,5,28,228b5256-5bd2-4bf3-826f-c6fe76571449,Received from MarineSpares Int. at Singapore,PO-2025-4392,13-Oct-2025 00:00,UTC,Singapore
1785,2025-10-13 00:00:00,7440571a-841a-11ed-aa7c-7003bca91a86,4519,MV0001-05063,Seal Ring,COMP-1768374767799-zs6hrf8cm,401.005,Rudders W/Nozzle,SP-401.005-063,RECEIVE,3,14,228b5256-5bd2-4bf3-826f-c6fe76571449,Received from MarineSpares Int. at Singapore,PO-2025-8456,13-Oct-2025 00:00,UTC,Singapore
1786,2025-10-13 00:00:00,7440571a-841a-11ed-aa7c-7003bca91a86,4547,MV0001-05091,Bonded Seal,COMP-1768374767802-sjje0yq3o,403.001,"Steering Gears, Complete",SP-403.001-091,RECEIVE,5,7,228b5256-5bd2-4bf3-826f-c6fe76571449,Received from MarineSpares Int. at Singapore,PO-2025-7083,13-Oct-2025 00:00,UTC,Singapore
1787,2025-10-13 00:00:00,7440571a-841a-11ed-aa7c-7003bca91a86,4552,MV0001-05096,Plug,COMP-1768374767802-sjje0yq3o,403.001,"Steering Gears, Complete",SP-403.001-096,RECEIVE,1,7,228b5256-5bd2-4bf3-826f-c6fe76571449,Received from MarineSpares Int. at Singapore,PO-2025-9272,13-Oct-2025 00:00,UTC,Singapore
1788,2025-10-13 00:00:00,7440571a-841a-11ed-aa7c-7003bca91a86,4568,MV0001-05112,Manometer Liquid Filled,COMP-1768374767802-sjje0yq3o,403.001,"Steering Gears, Complete",SP-403.001-112,RECEIVE,1,16,228b5256-5bd2-4bf3-826f-c6fe76571449,Received from MarineSpares Int. at Singapore,PO-2025-2866,13-Oct-2025 00:00,UTC,Singapore
1789,2025-10-13 00:00:00,7440571a-841a-11ed-aa7c-7003bca91a86,4588,MV0001-05132,Cyl. Head Screw,COMP-1768374767802-sjje0yq3o,403.001,"Steering Gears, Complete",SP-403.001-132,RECEIVE,1,7,228b5256-5bd2-4bf3-826f-c6fe76571449,Received from MarineSpares Int. at Singapore,PO-2025-5392,13-Oct-2025 00:00,UTC,Singapore
1790,2025-10-13 00:00:00,7440571a-841a-11ed-aa7c-7003bca91a86,4590,MV0001-05134,O-Ring,COMP-1768374767802-sjje0yq3o,403.001,"Steering Gears, Complete",SP-403.001-134,RECEIVE,4,14,228b5256-5bd2-4bf3-826f-c6fe76571449,Received from MarineSpares Int. at Singapore,PO-2025-2205,13-Oct-2025 00:00,UTC,Singapore
1791,2025-10-13 00:00:00,7440571a-841a-11ed-aa7c-7003bca91a86,4591,MV0001-05135,O-Ring Angus,COMP-1768374767802-sjje0yq3o,403.001,"Steering Gears, Complete",SP-403.001-135,RECEIVE,1,11,228b5256-5bd2-4bf3-826f-c6fe76571449,Received from MarineSpares Int. at Singapore,PO-2025-5785,13-Oct-2025 00:00,UTC,Singapore
1792,2025-10-13 00:00:00,7440571a-841a-11ed-aa7c-7003bca91a86,4623,MV0001-05167,W.T Type Wall Light,COMP-1768374767815-k5anrfi02,554.001,Provision Cooling Compressor Aggregates,SP-554.001-167,RECEIVE,1,22,228b5256-5bd2-4bf3-826f-c6fe76571449,Received from MarineSpares Int. at Singapore,PO-2025-2355,13-Oct-2025 00:00,UTC,Singapore
1793,2025-10-13 00:00:00,7440571a-841a-11ed-aa7c-7003bca91a86,4627,MV0001-05171,Cable Junction Box,COMP-1768374767815-k5anrfi02,554.001,Provision Cooling Compressor Aggregates,SP-554.001-171,RECEIVE,3,7,228b5256-5bd2-4bf3-826f-c6fe76571449,Received from MarineSpares Int. at Singapore,PO-2025-2054,13-Oct-2025 00:00,UTC,Singapore
1794,2025-10-13 00:00:00,7440571a-841a-11ed-aa7c-7003bca91a86,4628,MV0001-05172,Cable Junction Box,COMP-1768374767815-k5anrfi02,554.001,Provision Cooling Compressor Aggregates,SP-554.001-172,RECEIVE,4,15,228b5256-5bd2-4bf3-826f-c6fe76571449,Received from MarineSpares Int. at Singapore,PO-2025-8656,13-Oct-2025 00:00,UTC,Singapore
1795,2025-10-13 00:00:00,7440571a-841a-11ed-aa7c-7003bca91a86,4654,MV0001-05198,Cover,COMP-1768374767827-g6k9lk4to,601.016,ME Tiebolts,SP-601.016-198,RECEIVE,5,23,228b5256-5bd2-4bf3-826f-c6fe76571449,Received from MarineSpares Int. at Singapore,PO-2025-7819,13-Oct-2025 00:00,UTC,Singapore
1796,2025-10-13 00:00:00,7440571a-841a-11ed-aa7c-7003bca91a86,4667,MV0001-05211,Pointer,COMP-1768374767834-dbncpiany,601.053,ME Turbochargers,SP-601.053-211,RECEIVE,2,10,228b5256-5bd2-4bf3-826f-c6fe76571449,Received from MarineSpares Int. at Singapore,PO-2025-4830,13-Oct-2025 00:00,UTC,Singapore
1797,2025-10-13 00:00:00,7440571a-841a-11ed-aa7c-7003bca91a86,4674,MV0001-05218,Reamer Bolt,COMP-1768374767834-dbncpiany,601.053,ME Turbochargers,SP-601.053-218,RECEIVE,1,12,228b5256-5bd2-4bf3-826f-c6fe76571449,Received from MarineSpares Int. at Singapore,PO-2025-1148,13-Oct-2025 00:00,UTC,Singapore
1798,2025-10-13 00:00:00,7440571a-841a-11ed-aa7c-7003bca91a86,4681,MV0001-05225,Locking Wire,COMP-1768374767834-dbncpiany,601.053,ME Turbochargers,SP-601.053-225,RECEIVE,5,15,228b5256-5bd2-4bf3-826f-c6fe76571449,Received from MarineSpares Int. at Singapore,PO-2025-7816,13-Oct-2025 00:00,UTC,Singapore
1799,2025-10-13 00:00:00,7440571a-841a-11ed-aa7c-7003bca91a86,4682,MV0001-05226,Locking Wire,COMP-1768374767834-dbncpiany,601.053,ME Turbochargers,SP-601.053-226,RECEIVE,3,14,228b5256-5bd2-4bf3-826f-c6fe76571449,Received from MarineSpares Int. at Singapore,PO-2025-6581,13-Oct-2025 00:00,UTC,Singapore
1800,2025-10-13 00:00:00,7440571a-841a-11ed-aa7c-7003bca91a86,4720,MV0001-05264,Exciter Stator,COMP-1768374767899-slkigc1i8,665.001,"Emergency Generator Aggregates, Complete",SP-665.001-264,RECEIVE,3,13,228b5256-5bd2-4bf3-826f-c6fe76571449,Received from MarineSpares Int. at Singapore,PO-2025-9963,13-Oct-2025 00:00,UTC,Singapore
1801,2025-10-13 00:00:00,7440571a-841a-11ed-aa7c-7003bca91a86,4745,MV0001-05289,Lifting Lug-Drive End,COMP-1768374767899-slkigc1i8,665.001,"Emergency Generator Aggregates, Complete",SP-665.001-289,RECEIVE,1,19,228b5256-5bd2-4bf3-826f-c6fe76571449,Received from MarineSpares Int. at Singapore,PO-2025-1360,13-Oct-2025 00:00,UTC,Singapore
1802,2025-10-13 00:00:00,7440571a-841a-11ed-aa7c-7003bca91a86,4747,MV0001-05291,Frame To End Bracket Adaptor Ring,COMP-1768374767899-slkigc1i8,665.001,"Emergency Generator Aggregates, Complete",SP-665.001-291,RECEIVE,4,12,228b5256-5bd2-4bf3-826f-c6fe76571449,Received from MarineSpares Int. at Singapore,PO-2025-4078,13-Oct-2025 00:00,UTC,Singapore
1803,2025-10-13 00:00:00,7440571a-841a-11ed-aa7c-7003bca91a86,4754,MV0001-05298,Automatic Voltage Regulator Access Cover,COMP-1768374767899-slkigc1i8,665.001,"Emergency Generator Aggregates, Complete",SP-665.001-298,RECEIVE,2,18,228b5256-5bd2-4bf3-826f-c6fe76571449,Received from MarineSpares Int. at Singapore,PO-2025-1185,13-Oct-2025 00:00,UTC,Singapore
1804,2025-10-13 00:00:00,7440571a-841a-11ed-aa7c-7003bca91a86,4756,MV0001-05300,Auxiliary Terminal Assembly,COMP-1768374767899-slkigc1i8,665.001,"Emergency Generator Aggregates, Complete",SP-665.001-300,RECEIVE,5,9,228b5256-5bd2-4bf3-826f-c6fe76571449,Received from MarineSpares Int. at Singapore,PO-2025-2795,13-Oct-2025 00:00,UTC,Singapore
1805,2025-10-13 00:00:00,7440571a-841a-11ed-aa7c-7003bca91a86,4764,MV0001-05308,Bearing Non Drive End,COMP-1768374767899-slkigc1i8,665.001,"Emergency Generator Aggregates, Complete",SP-665.001-308,RECEIVE,5,20,228b5256-5bd2-4bf3-826f-c6fe76571449,Received from MarineSpares Int. at Singapore,PO-2025-4393,13-Oct-2025 00:00,UTC,Singapore
1806,2025-10-13 00:00:00,7440571a-841a-11ed-aa7c-7003bca91a86,4784,MV0001-05328,Lifting Lug-Drive End,COMP-1768374767899-slkigc1i8,665.001,"Emergency Generator Aggregates, Complete",SP-665.001-328,RECEIVE,2,22,228b5256-5bd2-4bf3-826f-c6fe76571449,Received from MarineSpares Int. at Singapore,PO-2025-9372,13-Oct-2025 00:00,UTC,Singapore
1807,2025-10-13 00:00:00,7440571a-841a-11ed-aa7c-7003bca91a86,4788,MV0001-05332,Terminal Link,COMP-1768374767899-slkigc1i8,665.001,"Emergency Generator Aggregates, Complete",SP-665.001-332,RECEIVE,1,17,228b5256-5bd2-4bf3-826f-c6fe76571449,Received from MarineSpares Int. at Singapore,PO-2025-5192,13-Oct-2025 00:00,UTC,Singapore
1808,2025-10-13 00:00:00,7440571a-841a-11ed-aa7c-7003bca91a86,4790,MV0001-05334,Fan,COMP-1768374767899-slkigc1i8,665.001,"Emergency Generator Aggregates, Complete",SP-665.001-334,RECEIVE,3,23,228b5256-5bd2-4bf3-826f-c6fe76571449,Received from MarineSpares Int. at Singapore,PO-2025-5254,13-Oct-2025 00:00,UTC,Singapore
1809,2025-10-13 00:00:00,7440571a-841a-11ed-aa7c-7003bca91a86,4792,MV0001-05336,Cap Screw,COMP-1768374767899-slkigc1i8,665.001,"Emergency Generator Aggregates, Complete",SP-665.001-336,RECEIVE,5,15,228b5256-5bd2-4bf3-826f-c6fe76571449,Received from MarineSpares Int. at Singapore,PO-2025-3068,13-Oct-2025 00:00,UTC,Singapore
1810,2025-10-13 00:00:00,7440571a-841a-11ed-aa7c-7003bca91a86,4829,MV0001-05373,Lifting Lug -Non Drive End,COMP-1768374767899-slkigc1i8,665.001,"Emergency Generator Aggregates, Complete",SP-665.001-373,RECEIVE,5,11,228b5256-5bd2-4bf3-826f-c6fe76571449,Received from MarineSpares Int. at Singapore,PO-2025-6840,13-Oct-2025 00:00,UTC,Singapore
1811,2025-10-13 00:00:00,7440571a-841a-11ed-aa7c-7003bca91a86,4835,MV0001-05379,Foot Mounting Spacer,COMP-1768374767899-slkigc1i8,665.001,"Emergency Generator Aggregates, Complete",SP-665.001-379,RECEIVE,4,14,228b5256-5bd2-4bf3-826f-c6fe76571449,Received from MarineSpares Int. at Singapore,PO-2025-9245,13-Oct-2025 00:00,UTC,Singapore
1812,2025-10-13 00:00:00,7440571a-841a-11ed-aa7c-7003bca91a86,4836,MV0001-05380,Cap Screw,COMP-1768374767899-slkigc1i8,665.001,"Emergency Generator Aggregates, Complete",SP-665.001-380,RECEIVE,4,13,228b5256-5bd2-4bf3-826f-c6fe76571449,Received from MarineSpares Int. at Singapore,PO-2025-1976,13-Oct-2025 00:00,UTC,Singapore
1813,2025-10-13 00:00:00,7440571a-841a-11ed-aa7c-7003bca91a86,4847,MV0001-05391,Impeller Shaft,COMP-1768374767907-73hq6hda8,801.001,Clean Ballast Pumps,SP-801.001-391,RECEIVE,5,18,228b5256-5bd2-4bf3-826f-c6fe76571449,Received from MarineSpares Int. at Singapore,PO-2025-9784,13-Oct-2025 00:00,UTC,Singapore
1814,2025-10-13 00:00:00,7440571a-841a-11ed-aa7c-7003bca91a86,4870,MV0001-05414,Packing Ring,COMP-1768374767907-73hq6hda8,801.001,Clean Ballast Pumps,SP-801.001-414,RECEIVE,3,27,228b5256-5bd2-4bf3-826f-c6fe76571449,Received from MarineSpares Int. at Singapore,PO-2025-7874,13-Oct-2025 00:00,UTC,Singapore
1815,2025-10-13 00:00:00,7440571a-841a-11ed-aa7c-7003bca91a86,4902,MV0001-05446,Coupling Bolt Nut And Washer,COMP-1768374767907-73hq6hda8,801.001,Clean Ballast Pumps,SP-801.001-446,RECEIVE,3,22,228b5256-5bd2-4bf3-826f-c6fe76571449,Received from MarineSpares Int. at Singapore,PO-2025-4692,13-Oct-2025 00:00,UTC,Singapore
1816,2025-10-13 00:00:00,7440571a-841a-11ed-aa7c-7003bca91a86,4919,MV0001-05463,Bearing Washer,COMP-1768374767907-73hq6hda8,801.001,Clean Ballast Pumps,SP-801.001-463,RECEIVE,1,7,228b5256-5bd2-4bf3-826f-c6fe76571449,Received from MarineSpares Int. at Singapore,PO-2025-2172,13-Oct-2025 00:00,UTC,Singapore
1817,2025-10-13 00:00:00,7440571a-841a-11ed-aa7c-7003bca91a86,4929,MV0001-05473,Eye Bolt,COMP-1768374767907-73hq6hda8,801.001,Clean Ballast Pumps,SP-801.001-473,RECEIVE,4,16,228b5256-5bd2-4bf3-826f-c6fe76571449,Received from MarineSpares Int. at Singapore,PO-2025-5368,13-Oct-2025 00:00,UTC,Singapore
1818,2025-10-13 00:00:00,7440571a-841a-11ed-aa7c-7003bca91a86,4937,MV0001-05481,O-Ring,COMP-1768374767805-z4lpo0038,411.001,S-Band Radar,SP-411.001-481,RECEIVE,2,13,228b5256-5bd2-4bf3-826f-c6fe76571449,Received from MarineSpares Int. at Singapore,PO-2025-0272,13-Oct-2025 00:00,UTC,Singapore
1819,2025-10-13 00:00:00,7440571a-841a-11ed-aa7c-7003bca91a86,4946,MV0001-05490,Valve Plate,COMP-1768374767967-jb4k6wuji,554.003.02,Compressors W/Drive Unit No.02,SP-554.003.01-490,RECEIVE,3,22,228b5256-5bd2-4bf3-826f-c6fe76571449,Received from MarineSpares Int. at Singapore,PO-2025-3270,13-Oct-2025 00:00,UTC,Singapore
2713,2025-10-11 00:00:00,7440571a-841a-11ed-aa7c-7003bca91a86,4669,MV0001-05213,Bolt,COMP-1768374767834-dbncpiany,601.053,ME Turbochargers,SP-601.053-213,CONSUME,-2,2,Chief Engineer,Consumed during maintenance - UWO-601.005.01-2025-537,UWO-601.005.01-2025-537,11-Oct-2025,UTC,
402,2025-10-11 00:00:00,7440571a-841a-11ed-aa7c-7003bca91a86,4942,MV0001-05486,fuel filters,COMP-1768374767812-t7u0ew84e,501.002,Covered Lifeboats,SP-501.002-486,CONSUME,-1,9,480b40d0-04bd-4590-a936-2f879b867977,Consumed for WO UWO-601.005.01-2025-537,UWO-601.005.01-2025-537,11-Oct-2025 00:00,UTC,
2589,2025-10-10 00:00:00,7440571a-841a-11ed-aa7c-7003bca91a86,5517,MV0001-06061,O-Ring,COMP-1768374767795-1qyq8qvkb,721.001.02,Main Sw Cooling Pumps No.02,SP-721.001.01-1061,CONSUME,-2,3,2nd Engineer,Consumed during maintenance - UWO-652.020.03-2025-845,UWO-652.020.03-2025-845,10-Oct-2025,UTC,
401,2025-10-10 00:00:00,7440571a-841a-11ed-aa7c-7003bca91a86,4677,MV0001-05221,Gasket,COMP-1768374767834-dbncpiany,601.053,ME Turbochargers,SP-601.053-221,CONSUME,-2,0,6084f3b8-85dc-462a-b045-111d2b2e6d0e,Consumed for WO UWO-652.020.03-2025-845,UWO-652.020.03-2025-845,10-Oct-2025 00:00,UTC,
2124,2025-10-10 00:00:00,7440571a-841a-11ed-aa7c-7003bca91a86,4939,MV0001-05483,O-Ring,COMP-1768374767809-mr8172nux,411.002,X-Band Radar,SP-411.002-483,CONSUME,-1,9,2nd Officer,Consumed during maintenance - WO-411.002-2025-407,WO-411.002-2025-407,10-Oct-2025,UTC,
2125,2025-10-10 00:00:00,7440571a-841a-11ed-aa7c-7003bca91a86,4940,MV0001-05484,Gasket,COMP-1768374767809-mr8172nux,411.002,X-Band Radar,SP-411.002-484,CONSUME,-2,8,2nd Officer,Consumed during maintenance - WO-411.002-2025-407,WO-411.002-2025-407,10-Oct-2025,UTC,
2547,2025-10-10 00:00:00,7440571a-841a-11ed-aa7c-7003bca91a86,4679,MV0001-05223,Nut,COMP-1768374767834-dbncpiany,601.053,ME Turbochargers,SP-601.053-223,CONSUME,-1,4,3rd Engineer,Consumed during maintenance - WO-702.005.02-2025-299,WO-702.005.02-2025-299,10-Oct-2025,UTC,
2769,2025-10-09 00:00:00,7440571a-841a-11ed-aa7c-7003bca91a86,4622,MV0001-05166,Sight Glass,COMP-1768374767815-k5anrfi02,554.001,Provision Cooling Compressor Aggregates,SP-554.001-166,CONSUME,-2,3,4th Engineer,Consumed during maintenance - MKR-IN-00072-285.001.01-2025-183,MKR-IN-00072-285.001.01-2025-183,09-Oct-2025,UTC,
2768,2025-10-09 00:00:00,7440571a-841a-11ed-aa7c-7003bca91a86,5294,MV0001-05838,Bearing Case-3,COMP-1768374768525-zyps62yum,712.011.02,LO Separators No.02,SP-702.005.01-838,CONSUME,-1,4,4th Engineer,Consumed during maintenance - MKR-IN-00072-285.001.01-2025-183,MKR-IN-00072-285.001.01-2025-183,09-Oct-2025,UTC,
400,2025-10-09 00:00:00,7440571a-841a-11ed-aa7c-7003bca91a86,4522,MV0001-05066,Hexagon High Strength Bolt,COMP-1768374767799-zs6hrf8cm,401.005,Rudders W/Nozzle,SP-401.005-066,CONSUME,-2,1,977621de-77d7-4892-ae27-adaebcc27d0b,Consumed for WO WO-653.003.06-2025-384,WO-653.003.06-2025-384,09-Oct-2025 00:00,UTC,
2803,2025-10-08 00:00:00,7440571a-841a-11ed-aa7c-7003bca91a86,4608,MV0001-05152,Locking Screw F/Packing Brick,COMP-1768374767802-sjje0yq3o,403.001,"Steering Gears, Complete",SP-403.001-152,CONSUME,-1,4,Chief Engineer,Consumed during maintenance - MKR-OV-00025-652.004.06-2025-080,MKR-OV-00025-652.004.06-2025-080,08-Oct-2025,UTC,
399,2025-10-08 00:00:00,7440571a-841a-11ed-aa7c-7003bca91a86,4937,MV0001-05481,O-Ring,COMP-1768374767805-z4lpo0038,411.001,S-Band Radar,SP-411.001-481,CONSUME,-2,8,480b40d0-04bd-4590-a936-2f879b867977,Consumed for WO WO-411.001-2025-401,WO-411.001-2025-401,08-Oct-2025 00:00,UTC,
2206,2025-10-08 00:00:00,7440571a-841a-11ed-aa7c-7003bca91a86,4937,MV0001-05481,O-Ring,COMP-1768374767805-z4lpo0038,411.001,S-Band Radar,SP-411.001-481,CONSUME,-2,6,2nd Officer,Consumed during maintenance - WO-411.001-2025-399,WO-411.001-2025-399,08-Oct-2025,UTC,
2440,2025-10-08 00:00:00,7440571a-841a-11ed-aa7c-7003bca91a86,4939,MV0001-05483,O-Ring,COMP-1768374767809-mr8172nux,411.002,X-Band Radar,SP-411.002-483,CONSUME,-2,4,2nd Officer,Consumed during maintenance - WO-411.002-2025-409,WO-411.002-2025-409,08-Oct-2025,UTC,
2441,2025-10-08 00:00:00,7440571a-841a-11ed-aa7c-7003bca91a86,4940,MV0001-05484,Gasket,COMP-1768374767809-mr8172nux,411.002,X-Band Radar,SP-411.002-484,CONSUME,-1,2,2nd Officer,Consumed during maintenance - WO-411.002-2025-409,WO-411.002-2025-409,08-Oct-2025,UTC,
2507,2025-10-07 00:00:00,7440571a-841a-11ed-aa7c-7003bca91a86,4937,MV0001-05481,O-Ring,COMP-1768374767805-z4lpo0038,411.001,S-Band Radar,SP-411.001-481,CONSUME,-2,2,2nd Officer,Consumed during maintenance - WO-411.001-2025-402,WO-411.001-2025-402,07-Oct-2025,UTC,
3015,2025-10-04 00:00:00,7440571a-841a-11ed-aa7c-7003bca91a86,5115,MV0001-05659,Main Bearing Metal Assembly,COMP-1768374768443-sj0hmblft,653.003.06,AE3 Cylinder Liners No.06,SP-651.003.01-659,CONSUME,-2,0,2nd Engineer,Consumed during maintenance - UWO-652.007.05-2025-489,UWO-652.007.05-2025-489,04-Oct-2025,UTC,
397,2025-10-04 00:00:00,7440571a-841a-11ed-aa7c-7003bca91a86,4676,MV0001-05220,Bolt,COMP-1768374767834-dbncpiany,601.053,ME Turbochargers,SP-601.053-220,CONSUME,-2,0,228b5256-5bd2-4bf3-826f-c6fe76571449,Consumed for WO WO-601.053-2025-450,WO-601.053-2025-450,04-Oct-2025 00:00,UTC,
398,2025-10-04 00:00:00,7440571a-841a-11ed-aa7c-7003bca91a86,4762,MV0001-05306,Cover Non Drive End,COMP-1768374767899-slkigc1i8,665.001,"Emergency Generator Aggregates, Complete",SP-665.001-306,CONSUME,-2,3,056a433e-b880-43c6-9d59-b1cfe71a4014,Consumed for WO UWO-652.007.05-2025-489,UWO-652.007.05-2025-489,04-Oct-2025 00:00,UTC,
2532,2025-10-04 00:00:00,7440571a-841a-11ed-aa7c-7003bca91a86,4784,MV0001-05328,Lifting Lug-Drive End,COMP-1768374767899-slkigc1i8,665.001,"Emergency Generator Aggregates, Complete",SP-665.001-328,CONSUME,-2,3,2nd Engineer,Consumed during maintenance - MKR-IN-00072-285.001.01-2025-181,MKR-IN-00072-285.001.01-2025-181,04-Oct-2025,UTC,
396,2025-10-03 00:00:00,7440571a-841a-11ed-aa7c-7003bca91a86,4528,MV0001-05072,Locking Screw,COMP-1768374767802-sjje0yq3o,403.001,"Steering Gears, Complete",SP-403.001-072,CONSUME,-2,2,6084f3b8-85dc-462a-b045-111d2b2e6d0e,Consumed for WO UWO-403.001-2025-649,UWO-403.001-2025-649,03-Oct-2025 00:00,UTC,
1931,2025-10-01 00:00:00,7440571a-841a-11ed-aa7c-7003bca91a86,5436,MV0001-05980,O-Ring,COMP-1768374768525-zyps62yum,712.011.02,LO Separators No.02,SP-702.005.01-980,CONSUME,-2,3,2nd Engineer,Consumed during maintenance - MKR-IN-00017-651.020.02-2025-051,MKR-IN-00017-651.020.02-2025-051,01-Oct-2025,UTC,
2466,2025-09-30 00:00:00,7440571a-841a-11ed-aa7c-7003bca91a86,4820,MV0001-05364,End panel Non Drive End,COMP-1768374767899-slkigc1i8,665.001,"Emergency Generator Aggregates, Complete",SP-665.001-364,CONSUME,-2,1,3rd Engineer,Consumed during maintenance - WO-651.003.01-2025-348,WO-651.003.01-2025-348,30-Sep-2025,UTC,
2467,2025-09-30 00:00:00,7440571a-841a-11ed-aa7c-7003bca91a86,5010,MV0001-05554,Bolt,COMP-1768374767967-jb4k6wuji,554.003.02,Compressors W/Drive Unit No.02,SP-554.003.01-554,CONSUME,-2,3,3rd Engineer,Consumed during maintenance - WO-651.003.01-2025-348,WO-651.003.01-2025-348,30-Sep-2025,UTC,
2987,2025-09-28 00:00:00,7440571a-841a-11ed-aa7c-7003bca91a86,4490,MV0001-05034,Piston,COMP-1768374767799-zs6hrf8cm,401.005,Rudders W/Nozzle,SP-401.005-034,CONSUME,-2,3,3rd Engineer,Consumed during maintenance - WO-702.005.02-2025-297,WO-702.005.02-2025-297,28-Sep-2025,UTC,
2986,2025-09-28 00:00:00,7440571a-841a-11ed-aa7c-7003bca91a86,4880,MV0001-05424,Bearing Case,COMP-1768374767907-73hq6hda8,801.001,Clean Ballast Pumps,SP-801.001-424,CONSUME,-2,3,3rd Engineer,Consumed during maintenance - WO-702.005.02-2025-297,WO-702.005.02-2025-297,28-Sep-2025,UTC,
2841,2025-09-27 00:00:00,7440571a-841a-11ed-aa7c-7003bca91a86,5079,MV0001-05623,Gasket,COMP-1768374767824-e42vyhy7q,601.010,"ME Bedplates, Frames",SP-601.010-623,CONSUME,-1,7,2nd Engineer,Consumed during maintenance - MKR-IN-00070-601.010-2025-013,MKR-IN-00070-601.010-2025-013,27-Sep-2025,UTC,
2840,2025-09-27 00:00:00,7440571a-841a-11ed-aa7c-7003bca91a86,5080,MV0001-05624,O-Ring,COMP-1768374767824-e42vyhy7q,601.010,"ME Bedplates, Frames",SP-601.010-624,CONSUME,-1,9,2nd Engineer,Consumed during maintenance - MKR-IN-00070-601.010-2025-013,MKR-IN-00070-601.010-2025-013,27-Sep-2025,UTC,
2128,2025-09-24 00:00:00,7440571a-841a-11ed-aa7c-7003bca91a86,4520,MV0001-05064,Drive Band,COMP-1768374767799-zs6hrf8cm,401.005,Rudders W/Nozzle,SP-401.005-064,CONSUME,-1,4,2nd Officer,Consumed during maintenance - UWO-285.001.06-2025-680,UWO-285.001.06-2025-680,24-Sep-2025,UTC,
2079,2025-09-23 00:00:00,7440571a-841a-11ed-aa7c-7003bca91a86,4805,MV0001-05349,Exciter Stator,COMP-1768374767899-slkigc1i8,665.001,"Emergency Generator Aggregates, Complete",SP-665.001-349,CONSUME,-1,4,4th Engineer,Consumed during maintenance - UWO-651.003.02-2025-827,UWO-651.003.02-2025-827,23-Sep-2025,UTC,
2316,2025-09-22 00:00:00,7440571a-841a-11ed-aa7c-7003bca91a86,5557,MV0001-06101,Set Bolt-M,COMP-1768374767795-1qyq8qvkb,721.001.02,Main Sw Cooling Pumps No.02,SP-721.001.01-1101,CONSUME,-2,3,Chief Engineer,Consumed during maintenance - MKR-IN-00072-285.001.10-2025-254,MKR-IN-00072-285.001.10-2025-254,22-Sep-2025,UTC,
393,2025-09-21 00:00:00,7440571a-841a-11ed-aa7c-7003bca91a86,4676,MV0001-05220,Bolt,COMP-1768374767834-dbncpiany,601.053,ME Turbochargers,SP-601.053-220,CONSUME,-2,0,977621de-77d7-4892-ae27-adaebcc27d0b,Consumed for WO WO-601.053-2025-416,WO-601.053-2025-416,21-Sep-2025 00:00,UTC,
394,2025-09-21 00:00:00,7440571a-841a-11ed-aa7c-7003bca91a86,4677,MV0001-05221,Gasket,COMP-1768374767834-dbncpiany,601.053,ME Turbochargers,SP-601.053-221,CONSUME,-2,0,977621de-77d7-4892-ae27-adaebcc27d0b,Consumed for WO WO-601.053-2025-416,WO-601.053-2025-416,21-Sep-2025 00:00,UTC,
395,2025-09-21 00:00:00,7440571a-841a-11ed-aa7c-7003bca91a86,4658,MV0001-05202,Thrust Bearing Complete,COMP-1768374767834-dbncpiany,601.053,ME Turbochargers,SP-601.053-202,CONSUME,-2,0,480b40d0-04bd-4590-a936-2f879b867977,Consumed for WO WO-601.053-2025-416,WO-601.053-2025-416,21-Sep-2025 00:00,UTC,
2357,2025-09-21 00:00:00,7440571a-841a-11ed-aa7c-7003bca91a86,4661,MV0001-05205,Thrust Bearing Support,COMP-1768374767834-dbncpiany,601.053,ME Turbochargers,SP-601.053-205,CONSUME,-1,4,Chief Engineer,Consumed during maintenance - MKR-IN-00080-651.002.02-2025-517,MKR-IN-00080-651.002.02-2025-517,21-Sep-2025,UTC,
2730,2025-09-20 00:00:00,7440571a-841a-11ed-aa7c-7003bca91a86,5390,MV0001-05934,Noise Filter,COMP-1768374768525-zyps62yum,712.011.02,LO Separators No.02,SP-702.005.01-934,CONSUME,-1,4,2nd Engineer,Consumed during maintenance - UWO-71-2025-604,UWO-71-2025-604,20-Sep-2025,UTC,
2162,2025-09-20 00:00:00,7440571a-841a-11ed-aa7c-7003bca91a86,5110,MV0001-05654,Gasket,COMP-1768374768219-f5y8ppktt,601.066.06,ME Indicators No.06,SP-601.066.01-654,CONSUME,-2,5,4th Engineer,Consumed during maintenance - UWO-653.003.01-2025-730,UWO-653.003.01-2025-730,20-Sep-2025,UTC,
2163,2025-09-20 00:00:00,7440571a-841a-11ed-aa7c-7003bca91a86,4831,MV0001-05375,Main Terminal Panel,COMP-1768374767899-slkigc1i8,665.001,"Emergency Generator Aggregates, Complete",SP-665.001-375,CONSUME,-1,4,4th Engineer,Consumed during maintenance - UWO-653.003.01-2025-730,UWO-653.003.01-2025-730,20-Sep-2025,UTC,
2712,2025-09-18 00:00:00,7440571a-841a-11ed-aa7c-7003bca91a86,4637,MV0001-05181,Fuse,COMP-1768374767815-k5anrfi02,554.001,Provision Cooling Compressor Aggregates,SP-554.001-181,CONSUME,-1,2,4th Engineer,Consumed during maintenance - MKR-IN-00063-601.004.02-2025-310,MKR-IN-00063-601.004.02-2025-310,18-Sep-2025,UTC,
392,2025-09-17 00:00:00,7440571a-841a-11ed-aa7c-7003bca91a86,4775,MV0001-05319,End panel Non Drive End,COMP-1768374767899-slkigc1i8,665.001,"Emergency Generator Aggregates, Complete",SP-665.001-319,CONSUME,-1,3,480b40d0-04bd-4590-a936-2f879b867977,Consumed for WO UWO-601.005.06-2025-553,UWO-601.005.06-2025-553,17-Sep-2025 00:00,UTC,
1956,2025-09-17 00:00:00,7440571a-841a-11ed-aa7c-7003bca91a86,4819,MV0001-05363,End panel Drive End,COMP-1768374767899-slkigc1i8,665.001,"Emergency Generator Aggregates, Complete",SP-665.001-363,CONSUME,-2,3,2nd Engineer,Consumed during maintenance - MKR-IN-00071-278.010.01-2025-157,MKR-IN-00071-278.010.01-2025-157,17-Sep-2025,UTC,
2548,2025-09-17 00:00:00,7440571a-841a-11ed-aa7c-7003bca91a86,5075,MV0001-05619,O-Ring,COMP-1768374768161-fwhsrv4rs,601.005.06,"ME Connecting Rods, Crosshead, Guides No.06",SP-601.005.01-619,CONSUME,-2,0,Chief Engineer,Consumed during maintenance - UWO-601.005.06-2025-553,UWO-601.005.06-2025-553,17-Sep-2025,UTC,
2549,2025-09-17 00:00:00,7440571a-841a-11ed-aa7c-7003bca91a86,5076,MV0001-05620,Gasket,COMP-1768374768161-fwhsrv4rs,601.005.06,"ME Connecting Rods, Crosshead, Guides No.06",SP-601.005.01-620,CONSUME,-2,0,Chief Engineer,Consumed during maintenance - UWO-601.005.06-2025-553,UWO-601.005.06-2025-553,17-Sep-2025,UTC,
391,2025-09-16 00:00:00,7440571a-841a-11ed-aa7c-7003bca91a86,4639,MV0001-05183,Fuse,COMP-1768374767815-k5anrfi02,554.001,Provision Cooling Compressor Aggregates,SP-554.001-183,CONSUME,-2,1,056a433e-b880-43c6-9d59-b1cfe71a4014,Consumed for WO UWO-652.002.05-2025-764,UWO-652.002.05-2025-764,16-Sep-2025 00:00,UTC,
2050,2025-09-16 00:00:00,7440571a-841a-11ed-aa7c-7003bca91a86,5017,MV0001-05561,Wire,COMP-1768374767967-jb4k6wuji,554.003.02,Compressors W/Drive Unit No.02,SP-554.003.01-561,CONSUME,-1,4,3rd Engineer,Consumed during maintenance - UWO-652.002.05-2025-764,UWO-652.002.05-2025-764,16-Sep-2025,UTC,
2943,2025-09-14 00:00:00,7440571a-841a-11ed-aa7c-7003bca91a86,4477,MV0001-05021,Rudder Stock,COMP-1768374767799-zs6hrf8cm,401.005,Rudders W/Nozzle,SP-401.005-021,CONSUME,-2,0,4th Engineer,Consumed during maintenance - MKR-IN-00080-653.002.01-2025-679,MKR-IN-00080-653.002.01-2025-679,14-Sep-2025,UTC,
2102,2025-09-14 00:00:00,7440571a-841a-11ed-aa7c-7003bca91a86,4555,MV0001-05099,Cyl. Head Screw,COMP-1768374767802-sjje0yq3o,403.001,"Steering Gears, Complete",SP-403.001-099,CONSUME,-1,4,Chief Engineer,Consumed during maintenance - MKR-IN-00080-651.002.02-2025-508,MKR-IN-00080-651.002.02-2025-508,14-Sep-2025,UTC,
2103,2025-09-14 00:00:00,7440571a-841a-11ed-aa7c-7003bca91a86,4834,MV0001-05378,Fan,COMP-1768374767899-slkigc1i8,665.001,"Emergency Generator Aggregates, Complete",SP-665.001-378,CONSUME,-2,1,Chief Engineer,Consumed during maintenance - MKR-IN-00080-651.002.02-2025-508,MKR-IN-00080-651.002.02-2025-508,14-Sep-2025,UTC,
1743,2025-09-13 00:00:00,7440571a-841a-11ed-aa7c-7003bca91a86,4473,MV0001-05017,Neck Bush,COMP-1768374767799-zs6hrf8cm,401.005,Rudders W/Nozzle,SP-401.005-017,RECEIVE,2,7,228b5256-5bd2-4bf3-826f-c6fe76571449,Received from Pacific Marine Parts at Colombo,PO-2025-1169,13-Sep-2025 00:00,UTC,Colombo
1744,2025-09-13 00:00:00,7440571a-841a-11ed-aa7c-7003bca91a86,4500,MV0001-05044,Bush Case,COMP-1768374767799-zs6hrf8cm,401.005,Rudders W/Nozzle,SP-401.005-044,RECEIVE,5,15,228b5256-5bd2-4bf3-826f-c6fe76571449,Received from Pacific Marine Parts at Colombo,PO-2025-8243,13-Sep-2025 00:00,UTC,Colombo
1745,2025-09-13 00:00:00,7440571a-841a-11ed-aa7c-7003bca91a86,4505,MV0001-05049,Trunk Plate,COMP-1768374767799-zs6hrf8cm,401.005,Rudders W/Nozzle,SP-401.005-049,RECEIVE,2,9,228b5256-5bd2-4bf3-826f-c6fe76571449,Received from Pacific Marine Parts at Colombo,PO-2025-2722,13-Sep-2025 00:00,UTC,Colombo
1746,2025-09-13 00:00:00,7440571a-841a-11ed-aa7c-7003bca91a86,4525,MV0001-05069,Wire,COMP-1768374767799-zs6hrf8cm,401.005,Rudders W/Nozzle,SP-401.005-069,RECEIVE,2,10,228b5256-5bd2-4bf3-826f-c6fe76571449,Received from Pacific Marine Parts at Colombo,PO-2025-9799,13-Sep-2025 00:00,UTC,Colombo
1747,2025-09-13 00:00:00,7440571a-841a-11ed-aa7c-7003bca91a86,4545,MV0001-05089,Cover Seal,COMP-1768374767802-sjje0yq3o,403.001,"Steering Gears, Complete",SP-403.001-089,RECEIVE,1,22,228b5256-5bd2-4bf3-826f-c6fe76571449,Received from Pacific Marine Parts at Colombo,PO-2025-0177,13-Sep-2025 00:00,UTC,Colombo
1748,2025-09-13 00:00:00,7440571a-841a-11ed-aa7c-7003bca91a86,4566,MV0001-05110,Lock Plate,COMP-1768374767802-sjje0yq3o,403.001,"Steering Gears, Complete",SP-403.001-110,RECEIVE,4,14,228b5256-5bd2-4bf3-826f-c6fe76571449,Received from Pacific Marine Parts at Colombo,PO-2025-8838,13-Sep-2025 00:00,UTC,Colombo
1749,2025-09-13 00:00:00,7440571a-841a-11ed-aa7c-7003bca91a86,4572,MV0001-05116,O-Ring,COMP-1768374767802-sjje0yq3o,403.001,"Steering Gears, Complete",SP-403.001-116,RECEIVE,3,14,228b5256-5bd2-4bf3-826f-c6fe76571449,Received from Pacific Marine Parts at Colombo,PO-2025-3879,13-Sep-2025 00:00,UTC,Colombo
1750,2025-09-13 00:00:00,7440571a-841a-11ed-aa7c-7003bca91a86,4574,MV0001-05118,Bonded Seal,COMP-1768374767802-sjje0yq3o,403.001,"Steering Gears, Complete",SP-403.001-118,RECEIVE,1,4,228b5256-5bd2-4bf3-826f-c6fe76571449,Received from Pacific Marine Parts at Colombo,PO-2025-8500,13-Sep-2025 00:00,UTC,Colombo
1751,2025-09-13 00:00:00,7440571a-841a-11ed-aa7c-7003bca91a86,4580,MV0001-05124,Connection Rod Assembly,COMP-1768374767802-sjje0yq3o,403.001,"Steering Gears, Complete",SP-403.001-124,RECEIVE,3,8,228b5256-5bd2-4bf3-826f-c6fe76571449,Received from Pacific Marine Parts at Colombo,PO-2025-0051,13-Sep-2025 00:00,UTC,Colombo
1752,2025-09-13 00:00:00,7440571a-841a-11ed-aa7c-7003bca91a86,4592,MV0001-05136,Lock Nut,COMP-1768374767802-sjje0yq3o,403.001,"Steering Gears, Complete",SP-403.001-136,RECEIVE,5,9,228b5256-5bd2-4bf3-826f-c6fe76571449,Received from Pacific Marine Parts at Colombo,PO-2025-2896,13-Sep-2025 00:00,UTC,Colombo
1753,2025-09-13 00:00:00,7440571a-841a-11ed-aa7c-7003bca91a86,4602,MV0001-05146,O-Ring,COMP-1768374767802-sjje0yq3o,403.001,"Steering Gears, Complete",SP-403.001-146,RECEIVE,1,18,228b5256-5bd2-4bf3-826f-c6fe76571449,Received from Pacific Marine Parts at Colombo,PO-2025-8440,13-Sep-2025 00:00,UTC,Colombo
1754,2025-09-13 00:00:00,7440571a-841a-11ed-aa7c-7003bca91a86,4619,MV0001-05163,Manual Exp. Valve,COMP-1768374767815-k5anrfi02,554.001,Provision Cooling Compressor Aggregates,SP-554.001-163,RECEIVE,5,9,228b5256-5bd2-4bf3-826f-c6fe76571449,Received from Pacific Marine Parts at Colombo,PO-2025-4600,13-Sep-2025 00:00,UTC,Colombo
1755,2025-09-13 00:00:00,7440571a-841a-11ed-aa7c-7003bca91a86,4623,MV0001-05167,W.T Type Wall Light,COMP-1768374767815-k5anrfi02,554.001,Provision Cooling Compressor Aggregates,SP-554.001-167,RECEIVE,4,21,228b5256-5bd2-4bf3-826f-c6fe76571449,Received from Pacific Marine Parts at Colombo,PO-2025-1846,13-Sep-2025 00:00,UTC,Colombo
1756,2025-09-13 00:00:00,7440571a-841a-11ed-aa7c-7003bca91a86,4631,MV0001-05175,Dryer,COMP-1768374767815-k5anrfi02,554.001,Provision Cooling Compressor Aggregates,SP-554.001-175,RECEIVE,3,11,228b5256-5bd2-4bf3-826f-c6fe76571449,Received from Pacific Marine Parts at Colombo,PO-2025-8719,13-Sep-2025 00:00,UTC,Colombo
1757,2025-09-13 00:00:00,7440571a-841a-11ed-aa7c-7003bca91a86,4644,MV0001-05188,Pressure Controls,COMP-1768374767815-k5anrfi02,554.001,Provision Cooling Compressor Aggregates,SP-554.001-188,RECEIVE,4,11,228b5256-5bd2-4bf3-826f-c6fe76571449,Received from Pacific Marine Parts at Colombo,PO-2025-0014,13-Sep-2025 00:00,UTC,Colombo
1758,2025-09-13 00:00:00,7440571a-841a-11ed-aa7c-7003bca91a86,4645,MV0001-05189,Crinket,COMP-1768374767818-ckg4kqu6q,601.001,"Main Diesel Engine, Compl.",SP-601.001-189,RECEIVE,1,4,228b5256-5bd2-4bf3-826f-c6fe76571449,Received from Pacific Marine Parts at Colombo,PO-2025-6543,13-Sep-2025 00:00,UTC,Colombo
1759,2025-09-13 00:00:00,7440571a-841a-11ed-aa7c-7003bca91a86,4646,MV0001-05190,Rubber Sheet,COMP-1768374767818-ckg4kqu6q,601.001,"Main Diesel Engine, Compl.",SP-601.001-190,RECEIVE,3,6,228b5256-5bd2-4bf3-826f-c6fe76571449,Received from Pacific Marine Parts at Colombo,PO-2025-0270,13-Sep-2025 00:00,UTC,Colombo
1760,2025-09-13 00:00:00,7440571a-841a-11ed-aa7c-7003bca91a86,4650,MV0001-05194,Nut,COMP-1768374767827-g6k9lk4to,601.016,ME Tiebolts,SP-601.016-194,RECEIVE,4,15,228b5256-5bd2-4bf3-826f-c6fe76571449,Received from Pacific Marine Parts at Colombo,PO-2025-0029,13-Sep-2025 00:00,UTC,Colombo
1761,2025-09-13 00:00:00,7440571a-841a-11ed-aa7c-7003bca91a86,4660,MV0001-05204,Thrust Bearing Support,COMP-1768374767834-dbncpiany,601.053,ME Turbochargers,SP-601.053-204,RECEIVE,2,14,228b5256-5bd2-4bf3-826f-c6fe76571449,Received from Pacific Marine Parts at Colombo,PO-2025-8476,13-Sep-2025 00:00,UTC,Colombo
1762,2025-09-13 00:00:00,7440571a-841a-11ed-aa7c-7003bca91a86,4664,MV0001-05208,"End Cover, In Two Parts, Complete",COMP-1768374767834-dbncpiany,601.053,ME Turbochargers,SP-601.053-208,RECEIVE,1,13,228b5256-5bd2-4bf3-826f-c6fe76571449,Received from Pacific Marine Parts at Colombo,PO-2025-7033,13-Sep-2025 00:00,UTC,Colombo
1763,2025-09-13 00:00:00,7440571a-841a-11ed-aa7c-7003bca91a86,4666,MV0001-05210,Thrust Bearing Segment,COMP-1768374767834-dbncpiany,601.053,ME Turbochargers,SP-601.053-210,RECEIVE,2,5,228b5256-5bd2-4bf3-826f-c6fe76571449,Received from Pacific Marine Parts at Colombo,PO-2025-1300,13-Sep-2025 00:00,UTC,Colombo
1764,2025-09-13 00:00:00,7440571a-841a-11ed-aa7c-7003bca91a86,4710,MV0001-05254,Nut,COMP-1768374767837-m3bhk56ru,601.059,ME Exhaust Gas Manifolds/Pipes W/Insulation,SP-601.059-254,RECEIVE,4,18,228b5256-5bd2-4bf3-826f-c6fe76571449,Received from Pacific Marine Parts at Colombo,PO-2025-5600,13-Sep-2025 00:00,UTC,Colombo
1765,2025-09-13 00:00:00,7440571a-841a-11ed-aa7c-7003bca91a86,4727,MV0001-05271,Drive End Screen,COMP-1768374767899-slkigc1i8,665.001,"Emergency Generator Aggregates, Complete",SP-665.001-271,RECEIVE,4,26,228b5256-5bd2-4bf3-826f-c6fe76571449,Received from Pacific Marine Parts at Colombo,PO-2025-7931,13-Sep-2025 00:00,UTC,Colombo
1766,2025-09-13 00:00:00,7440571a-841a-11ed-aa7c-7003bca91a86,4744,MV0001-05288,Diode-Reverse Polarity,COMP-1768374767899-slkigc1i8,665.001,"Emergency Generator Aggregates, Complete",SP-665.001-288,RECEIVE,2,23,228b5256-5bd2-4bf3-826f-c6fe76571449,Received from Pacific Marine Parts at Colombo,PO-2025-2972,13-Sep-2025 00:00,UTC,Colombo
1767,2025-09-13 00:00:00,7440571a-841a-11ed-aa7c-7003bca91a86,4754,MV0001-05298,Automatic Voltage Regulator Access Cover,COMP-1768374767899-slkigc1i8,665.001,"Emergency Generator Aggregates, Complete",SP-665.001-298,RECEIVE,1,16,228b5256-5bd2-4bf3-826f-c6fe76571449,Received from Pacific Marine Parts at Colombo,PO-2025-1195,13-Sep-2025 00:00,UTC,Colombo
1768,2025-09-13 00:00:00,7440571a-841a-11ed-aa7c-7003bca91a86,4758,MV0001-05302,Rotor,COMP-1768374767899-slkigc1i8,665.001,"Emergency Generator Aggregates, Complete",SP-665.001-302,RECEIVE,2,10,228b5256-5bd2-4bf3-826f-c6fe76571449,Received from Pacific Marine Parts at Colombo,PO-2025-9494,13-Sep-2025 00:00,UTC,Colombo
1769,2025-09-13 00:00:00,7440571a-841a-11ed-aa7c-7003bca91a86,4763,MV0001-05307,Bearing O-Ring Non Drive End,COMP-1768374767899-slkigc1i8,665.001,"Emergency Generator Aggregates, Complete",SP-665.001-307,RECEIVE,1,6,228b5256-5bd2-4bf3-826f-c6fe76571449,Received from Pacific Marine Parts at Colombo,PO-2025-6514,13-Sep-2025 00:00,UTC,Colombo
1770,2025-09-13 00:00:00,7440571a-841a-11ed-aa7c-7003bca91a86,4771,MV0001-05315,Frame Cover Top,COMP-1768374767899-slkigc1i8,665.001,"Emergency Generator Aggregates, Complete",SP-665.001-315,RECEIVE,1,8,228b5256-5bd2-4bf3-826f-c6fe76571449,Received from Pacific Marine Parts at Colombo,PO-2025-8674,13-Sep-2025 00:00,UTC,Colombo
1771,2025-09-13 00:00:00,7440571a-841a-11ed-aa7c-7003bca91a86,4783,MV0001-05327,Diode-Reverse Polarity,COMP-1768374767899-slkigc1i8,665.001,"Emergency Generator Aggregates, Complete",SP-665.001-327,RECEIVE,1,14,228b5256-5bd2-4bf3-826f-c6fe76571449,Received from Pacific Marine Parts at Colombo,PO-2025-0355,13-Sep-2025 00:00,UTC,Colombo
1772,2025-09-13 00:00:00,7440571a-841a-11ed-aa7c-7003bca91a86,4785,MV0001-05329,Lifting Lug -Non Drive End,COMP-1768374767899-slkigc1i8,665.001,"Emergency Generator Aggregates, Complete",SP-665.001-329,RECEIVE,4,9,228b5256-5bd2-4bf3-826f-c6fe76571449,Received from Pacific Marine Parts at Colombo,PO-2025-8546,13-Sep-2025 00:00,UTC,Colombo
1773,2025-09-13 00:00:00,7440571a-841a-11ed-aa7c-7003bca91a86,4788,MV0001-05332,Terminal Link,COMP-1768374767899-slkigc1i8,665.001,"Emergency Generator Aggregates, Complete",SP-665.001-332,RECEIVE,2,16,228b5256-5bd2-4bf3-826f-c6fe76571449,Received from Pacific Marine Parts at Colombo,PO-2025-4345,13-Sep-2025 00:00,UTC,Colombo
1774,2025-09-13 00:00:00,7440571a-841a-11ed-aa7c-7003bca91a86,4821,MV0001-05365,Control Gear,COMP-1768374767899-slkigc1i8,665.001,"Emergency Generator Aggregates, Complete",SP-665.001-365,RECEIVE,3,20,228b5256-5bd2-4bf3-826f-c6fe76571449,Received from Pacific Marine Parts at Colombo,PO-2025-5226,13-Sep-2025 00:00,UTC,Colombo
1775,2025-09-13 00:00:00,7440571a-841a-11ed-aa7c-7003bca91a86,4844,MV0001-05388,Bearing Inner Case,COMP-1768374767907-73hq6hda8,801.001,Clean Ballast Pumps,SP-801.001-388,RECEIVE,4,12,228b5256-5bd2-4bf3-826f-c6fe76571449,Received from Pacific Marine Parts at Colombo,PO-2025-2496,13-Sep-2025 00:00,UTC,Colombo
1776,2025-09-13 00:00:00,7440571a-841a-11ed-aa7c-7003bca91a86,4872,MV0001-05416,Split Ring,COMP-1768374767907-73hq6hda8,801.001,Clean Ballast Pumps,SP-801.001-416,RECEIVE,3,14,228b5256-5bd2-4bf3-826f-c6fe76571449,Received from Pacific Marine Parts at Colombo,PO-2025-3807,13-Sep-2025 00:00,UTC,Colombo
1777,2025-09-13 00:00:00,7440571a-841a-11ed-aa7c-7003bca91a86,4878,MV0001-05422,Packing Ring,COMP-1768374767907-73hq6hda8,801.001,Clean Ballast Pumps,SP-801.001-422,RECEIVE,2,20,228b5256-5bd2-4bf3-826f-c6fe76571449,Received from Pacific Marine Parts at Colombo,PO-2025-4888,13-Sep-2025 00:00,UTC,Colombo
1778,2025-09-13 00:00:00,7440571a-841a-11ed-aa7c-7003bca91a86,4894,MV0001-05438,Sleeve,COMP-1768374767907-73hq6hda8,801.001,Clean Ballast Pumps,SP-801.001-438,RECEIVE,4,11,228b5256-5bd2-4bf3-826f-c6fe76571449,Received from Pacific Marine Parts at Colombo,PO-2025-4732,13-Sep-2025 00:00,UTC,Colombo
1779,2025-09-13 00:00:00,7440571a-841a-11ed-aa7c-7003bca91a86,4927,MV0001-05471,Bearing Nut Spanner,COMP-1768374767907-73hq6hda8,801.001,Clean Ballast Pumps,SP-801.001-471,RECEIVE,5,13,228b5256-5bd2-4bf3-826f-c6fe76571449,Received from Pacific Marine Parts at Colombo,PO-2025-6721,13-Sep-2025 00:00,UTC,Colombo
1780,2025-09-13 00:00:00,7440571a-841a-11ed-aa7c-7003bca91a86,4942,MV0001-05486,fuel filters,COMP-1768374767812-t7u0ew84e,501.002,Covered Lifeboats,SP-501.002-486,RECEIVE,5,18,228b5256-5bd2-4bf3-826f-c6fe76571449,Received from Pacific Marine Parts at Colombo,PO-2025-7581,13-Sep-2025 00:00,UTC,Colombo
390,2025-09-12 00:00:00,7440571a-841a-11ed-aa7c-7003bca91a86,4586,MV0001-05130,End Cover,COMP-1768374767802-sjje0yq3o,403.001,"Steering Gears, Complete",SP-403.001-130,CONSUME,-1,4,228b5256-5bd2-4bf3-826f-c6fe76571449,Consumed for WO WO-702.005.02-2025-295,WO-702.005.02-2025-295,12-Sep-2025 00:00,UTC,
2358,2025-09-10 00:00:00,7440571a-841a-11ed-aa7c-7003bca91a86,4899,MV0001-05443,Hub,COMP-1768374767907-73hq6hda8,801.001,Clean Ballast Pumps,SP-801.001-443,CONSUME,-1,4,Chief Engineer,Consumed during maintenance - MKR-IN-00072-285.001.09-2025-246,MKR-IN-00072-285.001.09-2025-246,10-Sep-2025,UTC,
389,2025-09-08 00:00:00,7440571a-841a-11ed-aa7c-7003bca91a86,4597,MV0001-05141,Reduction,COMP-1768374767802-sjje0yq3o,403.001,"Steering Gears, Complete",SP-403.001-141,CONSUME,-2,1,977621de-77d7-4892-ae27-adaebcc27d0b,Consumed for WO WO-653.003.06-2025-383,WO-653.003.06-2025-383,08-Sep-2025 00:00,UTC,
388,2025-09-07 00:00:00,7440571a-841a-11ed-aa7c-7003bca91a86,4797,MV0001-05341,PMG Exciter Stator,COMP-1768374767899-slkigc1i8,665.001,"Emergency Generator Aggregates, Complete",SP-665.001-341,CONSUME,-2,3,228b5256-5bd2-4bf3-826f-c6fe76571449,Consumed for WO WO-702.005.02-2025-294,WO-702.005.02-2025-294,07-Sep-2025 00:00,UTC,
2385,2025-09-06 00:00:00,7440571a-841a-11ed-aa7c-7003bca91a86,5110,MV0001-05654,Gasket,COMP-1768374768219-f5y8ppktt,601.066.06,ME Indicators No.06,SP-601.066.01-654,CONSUME,-1,2,Chief Engineer,Consumed during maintenance - MKR-IN-00079-601.066.06-2025-493,MKR-IN-00079-601.066.06-2025-493,06-Sep-2025,UTC,
385,2025-09-03 00:00:00,7440571a-841a-11ed-aa7c-7003bca91a86,4676,MV0001-05220,Bolt,COMP-1768374767834-dbncpiany,601.053,ME Turbochargers,SP-601.053-220,CONSUME,-1,0,977621de-77d7-4892-ae27-adaebcc27d0b,Consumed for WO WO-601.053-2025-449,WO-601.053-2025-449,03-Sep-2025 00:00,UTC,
386,2025-09-03 00:00:00,7440571a-841a-11ed-aa7c-7003bca91a86,4677,MV0001-05221,Gasket,COMP-1768374767834-dbncpiany,601.053,ME Turbochargers,SP-601.053-221,CONSUME,-1,0,056a433e-b880-43c6-9d59-b1cfe71a4014,Consumed for WO WO-601.053-2025-449,WO-601.053-2025-449,03-Sep-2025 00:00,UTC,
387,2025-09-03 00:00:00,7440571a-841a-11ed-aa7c-7003bca91a86,4658,MV0001-05202,Thrust Bearing Complete,COMP-1768374767834-dbncpiany,601.053,ME Turbochargers,SP-601.053-202,CONSUME,-2,0,480b40d0-04bd-4590-a936-2f879b867977,Consumed for WO WO-601.053-2025-449,WO-601.053-2025-449,03-Sep-2025 00:00,UTC,
2756,2025-09-02 00:00:00,7440571a-841a-11ed-aa7c-7003bca91a86,4735,MV0001-05279,End panel Drive End,COMP-1768374767899-slkigc1i8,665.001,"Emergency Generator Aggregates, Complete",SP-665.001-279,CONSUME,-2,3,4th Engineer,Consumed during maintenance - MKR-IN-00072-285.001.07-2025-222,MKR-IN-00072-285.001.07-2025-222,02-Sep-2025,UTC,
2755,2025-09-02 00:00:00,7440571a-841a-11ed-aa7c-7003bca91a86,4669,MV0001-05213,Bolt,COMP-1768374767834-dbncpiany,601.053,ME Turbochargers,SP-601.053-213,CONSUME,-2,0,4th Engineer,Consumed during maintenance - MKR-IN-00072-285.001.07-2025-222,MKR-IN-00072-285.001.07-2025-222,02-Sep-2025,UTC,
2455,2025-09-02 00:00:00,7440571a-841a-11ed-aa7c-7003bca91a86,5109,MV0001-05653,O-Ring,COMP-1768374768219-f5y8ppktt,601.066.06,ME Indicators No.06,SP-601.066.01-653,CONSUME,-2,206,4th Engineer,Consumed during maintenance - MKR-IN-00079-601.066.06-2025-491,MKR-IN-00079-601.066.06-2025-491,02-Sep-2025,UTC,
384,2025-08-31 00:00:00,7440571a-841a-11ed-aa7c-7003bca91a86,4855,MV0001-05399,Flinger,COMP-1768374767907-73hq6hda8,801.001,Clean Ballast Pumps,SP-801.001-399,CONSUME,-1,4,228b5256-5bd2-4bf3-826f-c6fe76571449,Consumed for WO WO-651.003.01-2025-347,WO-651.003.01-2025-347,31-Aug-2025 00:00,UTC,
2898,2025-08-26 00:00:00,7440571a-841a-11ed-aa7c-7003bca91a86,4938,MV0001-05482,Gasket,COMP-1768374767805-z4lpo0038,411.001,S-Band Radar,SP-411.001-482,CONSUME,-2,0,2nd Engineer,Consumed during maintenance - UWO-653.004.04-2025-609,UWO-653.004.04-2025-609,26-Aug-2025,UTC,
2897,2025-08-26 00:00:00,7440571a-841a-11ed-aa7c-7003bca91a86,5271,MV0001-05815,Bearing Housing-1,COMP-1768374768525-zyps62yum,712.011.02,LO Separators No.02,SP-702.005.01-815,CONSUME,-2,3,2nd Engineer,Consumed during maintenance - UWO-653.004.04-2025-609,UWO-653.004.04-2025-609,26-Aug-2025,UTC,
2896,2025-08-26 00:00:00,7440571a-841a-11ed-aa7c-7003bca91a86,5202,MV0001-05746,O-Ring,COMP-1768374768525-zyps62yum,712.011.02,LO Separators No.02,SP-702.005.01-746,CONSUME,-1,4,2nd Engineer,Consumed during maintenance - UWO-653.004.04-2025-609,UWO-653.004.04-2025-609,26-Aug-2025,UTC,
383,2025-08-25 00:00:00,7440571a-841a-11ed-aa7c-7003bca91a86,4665,MV0001-05209,"Oil Scraper, In Two Parts, Complete",COMP-1768374767834-dbncpiany,601.053,ME Turbochargers,SP-601.053-209,CONSUME,-2,2,056a433e-b880-43c6-9d59-b1cfe71a4014,Consumed for WO UWO-601.007.05-2025-666,UWO-601.007.05-2025-666,25-Aug-2025 00:00,UTC,
2405,2025-08-23 00:00:00,7440571a-841a-11ed-aa7c-7003bca91a86,4546,MV0001-05090,O-Ring,COMP-1768374767802-sjje0yq3o,403.001,"Steering Gears, Complete",SP-403.001-090,CONSUME,-2,2,3rd Engineer,Consumed during maintenance - WO-702.005.02-2025-292,WO-702.005.02-2025-292,23-Aug-2025,UTC,
2213,2025-08-22 00:00:00,7440571a-841a-11ed-aa7c-7003bca91a86,4734,MV0001-05278,Terminal Box Lid,COMP-1768374767899-slkigc1i8,665.001,"Emergency Generator Aggregates, Complete",SP-665.001-278,CONSUME,-1,4,4th Engineer,Consumed during maintenance - MKR-IN-00064-601.007.01-2025-012,MKR-IN-00064-601.007.01-2025-012,22-Aug-2025,UTC,
2554,2025-08-21 00:00:00,7440571a-841a-11ed-aa7c-7003bca91a86,4882,MV0001-05426,Bearing Cover,COMP-1768374767907-73hq6hda8,801.001,Clean Ballast Pumps,SP-801.001-426,CONSUME,-1,4,4th Engineer,Consumed during maintenance - MKR-IN-00080-651.002.06-2025-545,MKR-IN-00080-651.002.06-2025-545,21-Aug-2025,UTC,
382,2025-08-19 00:00:00,7440571a-841a-11ed-aa7c-7003bca91a86,4728,MV0001-05272,Coupling Disc,COMP-1768374767899-slkigc1i8,665.001,"Emergency Generator Aggregates, Complete",SP-665.001-272,CONSUME,-1,4,6084f3b8-85dc-462a-b045-111d2b2e6d0e,Consumed for WO WO-702.005.02-2025-291,WO-702.005.02-2025-291,19-Aug-2025 00:00,UTC,
2510,2025-08-18 00:00:00,7440571a-841a-11ed-aa7c-7003bca91a86,5438,MV0001-05982,O-Ring,COMP-1768374768518-tf49j9qlz,702.010.02,DO Separator Booster Pumps No.02,SP-702.010.01-982,CONSUME,-1,2,4th Engineer,Consumed during maintenance - UWO-702.010.02-2025-838,UWO-702.010.02-2025-838,18-Aug-2025,UTC,
1714,2025-08-13 00:00:00,7440571a-841a-11ed-aa7c-7003bca91a86,4457,MV0001-05001,Nilesh,COMP-1768374767799-zs6hrf8cm,401.005,Rudders W/Nozzle,SP-401.005-001,RECEIVE,2,10,228b5256-5bd2-4bf3-826f-c6fe76571449,Received from Ocean Trading Co. at Mumbai,PO-2025-4014,13-Aug-2025 00:00,UTC,Mumbai
1715,2025-08-13 00:00:00,7440571a-841a-11ed-aa7c-7003bca91a86,4496,MV0001-05040,Plug,COMP-1768374767799-zs6hrf8cm,401.005,Rudders W/Nozzle,SP-401.005-040,RECEIVE,1,23,228b5256-5bd2-4bf3-826f-c6fe76571449,Received from Ocean Trading Co. at Mumbai,PO-2025-3919,13-Aug-2025 00:00,UTC,Mumbai
1716,2025-08-13 00:00:00,7440571a-841a-11ed-aa7c-7003bca91a86,4500,MV0001-05044,Bush Case,COMP-1768374767799-zs6hrf8cm,401.005,Rudders W/Nozzle,SP-401.005-044,RECEIVE,1,10,228b5256-5bd2-4bf3-826f-c6fe76571449,Received from Ocean Trading Co. at Mumbai,PO-2025-6334,13-Aug-2025 00:00,UTC,Mumbai
1717,2025-08-13 00:00:00,7440571a-841a-11ed-aa7c-7003bca91a86,4504,MV0001-05048,Base Plate,COMP-1768374767799-zs6hrf8cm,401.005,Rudders W/Nozzle,SP-401.005-048,RECEIVE,3,16,228b5256-5bd2-4bf3-826f-c6fe76571449,Received from Ocean Trading Co. at Mumbai,PO-2025-4875,13-Aug-2025 00:00,UTC,Mumbai
1718,2025-08-13 00:00:00,7440571a-841a-11ed-aa7c-7003bca91a86,4516,MV0001-05060,Nut,COMP-1768374767799-zs6hrf8cm,401.005,Rudders W/Nozzle,SP-401.005-060,RECEIVE,1,15,228b5256-5bd2-4bf3-826f-c6fe76571449,Received from Ocean Trading Co. at Mumbai,PO-2025-6396,13-Aug-2025 00:00,UTC,Mumbai
1719,2025-08-13 00:00:00,7440571a-841a-11ed-aa7c-7003bca91a86,4521,MV0001-05065,O-Ring,COMP-1768374767799-zs6hrf8cm,401.005,Rudders W/Nozzle,SP-401.005-065,RECEIVE,1,26,228b5256-5bd2-4bf3-826f-c6fe76571449,Received from Ocean Trading Co. at Mumbai,PO-2025-7060,13-Aug-2025 00:00,UTC,Mumbai
1720,2025-08-13 00:00:00,7440571a-841a-11ed-aa7c-7003bca91a86,4527,MV0001-05071,Tool Bar,COMP-1768374767799-zs6hrf8cm,401.005,Rudders W/Nozzle,SP-401.005-071,RECEIVE,2,17,228b5256-5bd2-4bf3-826f-c6fe76571449,Received from Ocean Trading Co. at Mumbai,PO-2025-6630,13-Aug-2025 00:00,UTC,Mumbai
1721,2025-08-13 00:00:00,7440571a-841a-11ed-aa7c-7003bca91a86,4548,MV0001-05092,Bonded Seal,COMP-1768374767802-sjje0yq3o,403.001,"Steering Gears, Complete",SP-403.001-092,RECEIVE,3,10,228b5256-5bd2-4bf3-826f-c6fe76571449,Received from Ocean Trading Co. at Mumbai,PO-2025-6804,13-Aug-2025 00:00,UTC,Mumbai
1722,2025-08-13 00:00:00,7440571a-841a-11ed-aa7c-7003bca91a86,4557,MV0001-05101,Hex. Head Screw,COMP-1768374767802-sjje0yq3o,403.001,"Steering Gears, Complete",SP-403.001-101,RECEIVE,4,21,228b5256-5bd2-4bf3-826f-c6fe76571449,Received from Ocean Trading Co. at Mumbai,PO-2025-2270,13-Aug-2025 00:00,UTC,Mumbai
1723,2025-08-13 00:00:00,7440571a-841a-11ed-aa7c-7003bca91a86,4569,MV0001-05113,Manometer Valve,COMP-1768374767802-sjje0yq3o,403.001,"Steering Gears, Complete",SP-403.001-113,RECEIVE,3,12,228b5256-5bd2-4bf3-826f-c6fe76571449,Received from Ocean Trading Co. at Mumbai,PO-2025-7547,13-Aug-2025 00:00,UTC,Mumbai
1724,2025-08-13 00:00:00,7440571a-841a-11ed-aa7c-7003bca91a86,4582,MV0001-05126,Main Piston,COMP-1768374767802-sjje0yq3o,403.001,"Steering Gears, Complete",SP-403.001-126,RECEIVE,5,12,228b5256-5bd2-4bf3-826f-c6fe76571449,Received from Ocean Trading Co. at Mumbai,PO-2025-1385,13-Aug-2025 00:00,UTC,Mumbai
1725,2025-08-13 00:00:00,7440571a-841a-11ed-aa7c-7003bca91a86,4586,MV0001-05130,End Cover,COMP-1768374767802-sjje0yq3o,403.001,"Steering Gears, Complete",SP-403.001-130,RECEIVE,1,25,228b5256-5bd2-4bf3-826f-c6fe76571449,Received from Ocean Trading Co. at Mumbai,PO-2025-2664,13-Aug-2025 00:00,UTC,Mumbai
1726,2025-08-13 00:00:00,7440571a-841a-11ed-aa7c-7003bca91a86,4587,MV0001-05131,Flange SAE,COMP-1768374767802-sjje0yq3o,403.001,"Steering Gears, Complete",SP-403.001-131,RECEIVE,3,9,228b5256-5bd2-4bf3-826f-c6fe76571449,Received from Ocean Trading Co. at Mumbai,PO-2025-8169,13-Aug-2025 00:00,UTC,Mumbai
1727,2025-08-13 00:00:00,7440571a-841a-11ed-aa7c-7003bca91a86,4590,MV0001-05134,O-Ring,COMP-1768374767802-sjje0yq3o,403.001,"Steering Gears, Complete",SP-403.001-134,RECEIVE,2,10,228b5256-5bd2-4bf3-826f-c6fe76571449,Received from Ocean Trading Co. at Mumbai,PO-2025-4778,13-Aug-2025 00:00,UTC,Mumbai
1728,2025-08-13 00:00:00,7440571a-841a-11ed-aa7c-7003bca91a86,4612,MV0001-05156,O-Ring,COMP-1768374767802-sjje0yq3o,403.001,"Steering Gears, Complete",SP-403.001-156,RECEIVE,5,19,228b5256-5bd2-4bf3-826f-c6fe76571449,Received from Ocean Trading Co. at Mumbai,PO-2025-1865,13-Aug-2025 00:00,UTC,Mumbai
1729,2025-08-13 00:00:00,7440571a-841a-11ed-aa7c-7003bca91a86,4629,MV0001-05173,Digital Thermostat,COMP-1768374767815-k5anrfi02,554.001,Provision Cooling Compressor Aggregates,SP-554.001-173,RECEIVE,3,9,228b5256-5bd2-4bf3-826f-c6fe76571449,Received from Ocean Trading Co. at Mumbai,PO-2025-7151,13-Aug-2025 00:00,UTC,Mumbai
1730,2025-08-13 00:00:00,7440571a-841a-11ed-aa7c-7003bca91a86,4637,MV0001-05181,Fuse,COMP-1768374767815-k5anrfi02,554.001,Provision Cooling Compressor Aggregates,SP-554.001-181,RECEIVE,3,17,228b5256-5bd2-4bf3-826f-c6fe76571449,Received from Ocean Trading Co. at Mumbai,PO-2025-4201,13-Aug-2025 00:00,UTC,Mumbai
1731,2025-08-13 00:00:00,7440571a-841a-11ed-aa7c-7003bca91a86,4667,MV0001-05211,Pointer,COMP-1768374767834-dbncpiany,601.053,ME Turbochargers,SP-601.053-211,RECEIVE,4,8,228b5256-5bd2-4bf3-826f-c6fe76571449,Received from Ocean Trading Co. at Mumbai,PO-2025-4217,13-Aug-2025 00:00,UTC,Mumbai
1732,2025-08-13 00:00:00,7440571a-841a-11ed-aa7c-7003bca91a86,4669,MV0001-05213,Bolt,COMP-1768374767834-dbncpiany,601.053,ME Turbochargers,SP-601.053-213,RECEIVE,1,11,228b5256-5bd2-4bf3-826f-c6fe76571449,Received from Ocean Trading Co. at Mumbai,PO-2025-5854,13-Aug-2025 00:00,UTC,Mumbai
1733,2025-08-13 00:00:00,7440571a-841a-11ed-aa7c-7003bca91a86,4716,MV0001-05260,Space Heater,COMP-1768374767899-slkigc1i8,665.001,"Emergency Generator Aggregates, Complete",SP-665.001-260,RECEIVE,3,6,228b5256-5bd2-4bf3-826f-c6fe76571449,Received from Ocean Trading Co. at Mumbai,PO-2025-4186,13-Aug-2025 00:00,UTC,Mumbai
1734,2025-08-13 00:00:00,7440571a-841a-11ed-aa7c-7003bca91a86,4729,MV0001-05273,Coupling Bolt,COMP-1768374767899-slkigc1i8,665.001,"Emergency Generator Aggregates, Complete",SP-665.001-273,RECEIVE,2,11,228b5256-5bd2-4bf3-826f-c6fe76571449,Received from Ocean Trading Co. at Mumbai,PO-2025-8592,13-Aug-2025 00:00,UTC,Mumbai
1735,2025-08-13 00:00:00,7440571a-841a-11ed-aa7c-7003bca91a86,4784,MV0001-05328,Lifting Lug-Drive End,COMP-1768374767899-slkigc1i8,665.001,"Emergency Generator Aggregates, Complete",SP-665.001-328,RECEIVE,3,20,228b5256-5bd2-4bf3-826f-c6fe76571449,Received from Ocean Trading Co. at Mumbai,PO-2025-7413,13-Aug-2025 00:00,UTC,Mumbai
1736,2025-08-13 00:00:00,7440571a-841a-11ed-aa7c-7003bca91a86,4800,MV0001-05344,PMG Clamp,COMP-1768374767899-slkigc1i8,665.001,"Emergency Generator Aggregates, Complete",SP-665.001-344,RECEIVE,2,16,228b5256-5bd2-4bf3-826f-c6fe76571449,Received from Ocean Trading Co. at Mumbai,PO-2025-6750,13-Aug-2025 00:00,UTC,Mumbai
1737,2025-08-13 00:00:00,7440571a-841a-11ed-aa7c-7003bca91a86,4829,MV0001-05373,Lifting Lug -Non Drive End,COMP-1768374767899-slkigc1i8,665.001,"Emergency Generator Aggregates, Complete",SP-665.001-373,RECEIVE,1,6,228b5256-5bd2-4bf3-826f-c6fe76571449,Received from Ocean Trading Co. at Mumbai,PO-2025-7659,13-Aug-2025 00:00,UTC,Mumbai
1738,2025-08-13 00:00:00,7440571a-841a-11ed-aa7c-7003bca91a86,4861,MV0001-05405,Spring,COMP-1768374767907-73hq6hda8,801.001,Clean Ballast Pumps,SP-801.001-405,RECEIVE,2,7,228b5256-5bd2-4bf3-826f-c6fe76571449,Received from Ocean Trading Co. at Mumbai,PO-2025-6895,13-Aug-2025 00:00,UTC,Mumbai
1739,2025-08-13 00:00:00,7440571a-841a-11ed-aa7c-7003bca91a86,4866,MV0001-05410,Seal Ring,COMP-1768374767907-73hq6hda8,801.001,Clean Ballast Pumps,SP-801.001-410,RECEIVE,2,12,228b5256-5bd2-4bf3-826f-c6fe76571449,Received from Ocean Trading Co. at Mumbai,PO-2025-9498,13-Aug-2025 00:00,UTC,Mumbai
1740,2025-08-13 00:00:00,7440571a-841a-11ed-aa7c-7003bca91a86,4882,MV0001-05426,Bearing Cover,COMP-1768374767907-73hq6hda8,801.001,Clean Ballast Pumps,SP-801.001-426,RECEIVE,4,21,228b5256-5bd2-4bf3-826f-c6fe76571449,Received from Ocean Trading Co. at Mumbai,PO-2025-4101,13-Aug-2025 00:00,UTC,Mumbai
1741,2025-08-13 00:00:00,7440571a-841a-11ed-aa7c-7003bca91a86,4884,MV0001-05428,Flinger,COMP-1768374767907-73hq6hda8,801.001,Clean Ballast Pumps,SP-801.001-428,RECEIVE,5,16,228b5256-5bd2-4bf3-826f-c6fe76571449,Received from Ocean Trading Co. at Mumbai,PO-2025-5893,13-Aug-2025 00:00,UTC,Mumbai
1742,2025-08-13 00:00:00,7440571a-841a-11ed-aa7c-7003bca91a86,4920,MV0001-05464,Snap Ring,COMP-1768374767907-73hq6hda8,801.001,Clean Ballast Pumps,SP-801.001-464,RECEIVE,3,16,228b5256-5bd2-4bf3-826f-c6fe76571449,Received from Ocean Trading Co. at Mumbai,PO-2025-9728,13-Aug-2025 00:00,UTC,Mumbai
2004,2025-08-13 00:00:00,7440571a-841a-11ed-aa7c-7003bca91a86,4645,MV0001-05189,Crinket,COMP-1768374767818-ckg4kqu6q,601.001,"Main Diesel Engine, Compl.",SP-601.001-189,CONSUME,-1,4,3rd Engineer,Consumed during maintenance - UWO-601.001-2025-473,UWO-601.001-2025-473,13-Aug-2025,UTC,
2027,2025-08-13 00:00:00,7440571a-841a-11ed-aa7c-7003bca91a86,4645,MV0001-05189,Crinket,COMP-1768374767818-ckg4kqu6q,601.001,"Main Diesel Engine, Compl.",SP-601.001-189,CONSUME,-1,3,4th Engineer,Consumed during maintenance - UWO-601.001-2025-770,UWO-601.001-2025-770,13-Aug-2025,UTC,
2028,2025-08-13 00:00:00,7440571a-841a-11ed-aa7c-7003bca91a86,5032,MV0001-05576,Gasket,COMP-1768374767818-ckg4kqu6q,601.001,"Main Diesel Engine, Compl.",SP-601.001-576,CONSUME,-2,2,4th Engineer,Consumed during maintenance - UWO-601.001-2025-770,UWO-601.001-2025-770,13-Aug-2025,UTC,
380,2025-08-10 00:00:00,7440571a-841a-11ed-aa7c-7003bca91a86,4466,MV0001-05010,Hydraulic Oil Plug,COMP-1768374767799-zs6hrf8cm,401.005,Rudders W/Nozzle,SP-401.005-010,CONSUME,-1,4,480b40d0-04bd-4590-a936-2f879b867977,Consumed for WO UWO-651.007.05-2025-719,UWO-651.007.05-2025-719,10-Aug-2025 00:00,UTC,
381,2025-08-10 00:00:00,7440571a-841a-11ed-aa7c-7003bca91a86,4698,MV0001-05242,Bolt,COMP-1768374767837-m3bhk56ru,601.059,ME Exhaust Gas Manifolds/Pipes W/Insulation,SP-601.059-242,CONSUME,-1,4,056a433e-b880-43c6-9d59-b1cfe71a4014,Consumed for WO WO-702.005.02-2025-290,WO-702.005.02-2025-290,10-Aug-2025 00:00,UTC,
2373,2025-08-09 00:00:00,7440571a-841a-11ed-aa7c-7003bca91a86,5094,MV0001-05638,Housing,COMP-1768374768201-mvmpi8w24,601.026.06,ME Hp Fuel Pumps No.06,SP-601.026.01-638,CONSUME,-1,4,2nd Engineer,Consumed during maintenance - MKR-OV-00025-652.004.01-2025-065,MKR-OV-00025-652.004.01-2025-065,09-Aug-2025,UTC,
2374,2025-08-09 00:00:00,7440571a-841a-11ed-aa7c-7003bca91a86,4965,MV0001-05509,Pin,COMP-1768374767967-jb4k6wuji,554.003.02,Compressors W/Drive Unit No.02,SP-554.003.01-509,CONSUME,-1,3,2nd Engineer,Consumed during maintenance - MKR-OV-00025-652.004.01-2025-065,MKR-OV-00025-652.004.01-2025-065,09-Aug-2025,UTC,
3021,2025-08-05 00:00:00,7440571a-841a-11ed-aa7c-7003bca91a86,5117,MV0001-05661,Cylinder Block Assembly,COMP-1768374768443-sj0hmblft,653.003.06,AE3 Cylinder Liners No.06,SP-651.003.01-661,CONSUME,-2,3,3rd Engineer,Consumed during maintenance - WO-653.003.06-2025-382,WO-653.003.06-2025-382,05-Aug-2025,UTC,
3020,2025-08-05 00:00:00,7440571a-841a-11ed-aa7c-7003bca91a86,5122,MV0001-05666,Nut,COMP-1768374768443-sj0hmblft,653.003.06,AE3 Cylinder Liners No.06,SP-651.003.01-666,CONSUME,-1,1,3rd Engineer,Consumed during maintenance - WO-653.003.06-2025-382,WO-653.003.06-2025-382,05-Aug-2025,UTC,
3019,2025-08-05 00:00:00,7440571a-841a-11ed-aa7c-7003bca91a86,5116,MV0001-05660,"Bolt Assembly, Main Bearing",COMP-1768374768443-sj0hmblft,653.003.06,AE3 Cylinder Liners No.06,SP-651.003.01-660,CONSUME,-1,3,3rd Engineer,Consumed during maintenance - WO-653.003.06-2025-382,WO-653.003.06-2025-382,05-Aug-2025,UTC,
1938,2025-08-04 00:00:00,7440571a-841a-11ed-aa7c-7003bca91a86,5076,MV0001-05620,Gasket,COMP-1768374768161-fwhsrv4rs,601.005.06,"ME Connecting Rods, Crosshead, Guides No.06",SP-601.005.01-620,CONSUME,-1,9,4th Engineer,Consumed during maintenance - MKR-IN-00076-601.005.06-2025-417,MKR-IN-00076-601.005.06-2025-417,04-Aug-2025,UTC,
1939,2025-08-04 00:00:00,7440571a-841a-11ed-aa7c-7003bca91a86,5075,MV0001-05619,O-Ring,COMP-1768374768161-fwhsrv4rs,601.005.06,"ME Connecting Rods, Crosshead, Guides No.06",SP-601.005.01-619,CONSUME,-2,8,4th Engineer,Consumed during maintenance - MKR-IN-00076-601.005.06-2025-417,MKR-IN-00076-601.005.06-2025-417,04-Aug-2025,UTC,
2119,2025-08-04 00:00:00,7440571a-841a-11ed-aa7c-7003bca91a86,5232,MV0001-05776,Nozzle Joint,COMP-1768374768525-zyps62yum,712.011.02,LO Separators No.02,SP-702.005.01-776,CONSUME,-1,4,4th Engineer,Consumed during maintenance - MKR-IN-00064-601.007.06-2025-431,MKR-IN-00064-601.007.06-2025-431,04-Aug-2025,UTC,
2120,2025-08-04 00:00:00,7440571a-841a-11ed-aa7c-7003bca91a86,4988,MV0001-05532,Terminal Box,COMP-1768374767967-jb4k6wuji,554.003.02,Compressors W/Drive Unit No.02,SP-554.003.01-532,CONSUME,-1,4,4th Engineer,Consumed during maintenance - MKR-IN-00064-601.007.06-2025-431,MKR-IN-00064-601.007.06-2025-431,04-Aug-2025,UTC,
2121,2025-08-04 00:00:00,7440571a-841a-11ed-aa7c-7003bca91a86,5369,MV0001-05913,Multi-Monitor,COMP-1768374768525-zyps62yum,712.011.02,LO Separators No.02,SP-702.005.01-913,CONSUME,-1,4,4th Engineer,Consumed during maintenance - MKR-IN-00064-601.007.06-2025-431,MKR-IN-00064-601.007.06-2025-431,04-Aug-2025,UTC,
379,2025-08-03 00:00:00,7440571a-841a-11ed-aa7c-7003bca91a86,4798,MV0001-05342,PMG Bolt,COMP-1768374767899-slkigc1i8,665.001,"Emergency Generator Aggregates, Complete",SP-665.001-342,CONSUME,-1,4,056a433e-b880-43c6-9d59-b1cfe71a4014,Consumed for WO WO-702.005.02-2025-289,WO-702.005.02-2025-289,03-Aug-2025 00:00,UTC,
378,2025-08-02 00:00:00,7440571a-841a-11ed-aa7c-7003bca91a86,4676,MV0001-05220,Bolt,COMP-1768374767834-dbncpiany,601.053,ME Turbochargers,SP-601.053-220,CONSUME,-1,0,6084f3b8-85dc-462a-b045-111d2b2e6d0e,Consumed for WO WO-601.053-2025-448,WO-601.053-2025-448,02-Aug-2025 00:00,UTC,
377,2025-08-01 00:00:00,7440571a-841a-11ed-aa7c-7003bca91a86,4752,MV0001-05296,Foot Mounting Spacer,COMP-1768374767899-slkigc1i8,665.001,"Emergency Generator Aggregates, Complete",SP-665.001-296,CONSUME,-2,1,480b40d0-04bd-4590-a936-2f879b867977,Consumed for WO WO-651.003.01-2025-346,WO-651.003.01-2025-346,01-Aug-2025 00:00,UTC,
376,2025-07-29 00:00:00,7440571a-841a-11ed-aa7c-7003bca91a86,4853,MV0001-05397,Mouth Ring,COMP-1768374767907-73hq6hda8,801.001,Clean Ballast Pumps,SP-801.001-397,CONSUME,-1,4,228b5256-5bd2-4bf3-826f-c6fe76571449,Consumed for WO WO-702.005.02-2025-286,WO-702.005.02-2025-286,29-Jul-2025 00:00,UTC,
375,2025-07-28 00:00:00,7440571a-841a-11ed-aa7c-7003bca91a86,4646,MV0001-05190,Rubber Sheet,COMP-1768374767818-ckg4kqu6q,601.001,"Main Diesel Engine, Compl.",SP-601.001-190,CONSUME,-1,2,6084f3b8-85dc-462a-b045-111d2b2e6d0e,Consumed for WO UWO-27-2025-510,UWO-27-2025-510,28-Jul-2025 00:00,UTC,
2041,2025-07-28 00:00:00,7440571a-841a-11ed-aa7c-7003bca91a86,4637,MV0001-05181,Fuse,COMP-1768374767815-k5anrfi02,554.001,Provision Cooling Compressor Aggregates,SP-554.001-181,CONSUME,-2,3,2nd Engineer,Consumed during maintenance - UWO-27-2025-510,UWO-27-2025-510,28-Jul-2025,UTC,
2042,2025-07-28 00:00:00,7440571a-841a-11ed-aa7c-7003bca91a86,5436,MV0001-05980,O-Ring,COMP-1768374768525-zyps62yum,712.011.02,LO Separators No.02,SP-702.005.01-980,CONSUME,-1,2,2nd Engineer,Consumed during maintenance - UWO-27-2025-510,UWO-27-2025-510,28-Jul-2025,UTC,
2654,2025-07-27 00:00:00,7440571a-841a-11ed-aa7c-7003bca91a86,5405,MV0001-05949,O-Ring,COMP-1768374768525-zyps62yum,712.011.02,LO Separators No.02,SP-702.005.01-949,CONSUME,-2,3,3rd Engineer,Consumed during maintenance - UWO-601.005.03-2025-547,UWO-601.005.03-2025-547,27-Jul-2025,UTC,
1930,2025-07-25 00:00:00,7440571a-841a-11ed-aa7c-7003bca91a86,4810,MV0001-05354,Bearing Wave Washer Drive End,COMP-1768374767899-slkigc1i8,665.001,"Emergency Generator Aggregates, Complete",SP-665.001-354,CONSUME,-1,4,3rd Engineer,Consumed during maintenance - WO-702.005.02-2025-288,WO-702.005.02-2025-288,25-Jul-2025,UTC,
2802,2025-07-24 00:00:00,7440571a-841a-11ed-aa7c-7003bca91a86,4489,MV0001-05033,Jack Cylinder,COMP-1768374767799-zs6hrf8cm,401.005,Rudders W/Nozzle,SP-401.005-033,CONSUME,-1,4,4th Engineer,Consumed during maintenance - MKR-IN-00072-285.001.06-2025-215,MKR-IN-00072-285.001.06-2025-215,24-Jul-2025,UTC,
2238,2025-07-23 00:00:00,7440571a-841a-11ed-aa7c-7003bca91a86,4567,MV0001-05111,Cyl. Head Screw,COMP-1768374767802-sjje0yq3o,403.001,"Steering Gears, Complete",SP-403.001-111,CONSUME,-2,1,2nd Engineer,Consumed during maintenance - MKR-IN-00063-601.004.05-2025-362,MKR-IN-00063-601.004.05-2025-362,23-Jul-2025,UTC,
2345,2025-07-23 00:00:00,7440571a-841a-11ed-aa7c-7003bca91a86,4665,MV0001-05209,"Oil Scraper, In Two Parts, Complete",COMP-1768374767834-dbncpiany,601.053,ME Turbochargers,SP-601.053-209,CONSUME,-1,4,2nd Engineer,Consumed during maintenance - WO-601.053-2025-461,WO-601.053-2025-461,23-Jul-2025,UTC,
373,2025-07-22 00:00:00,7440571a-841a-11ed-aa7c-7003bca91a86,4929,MV0001-05473,Eye Bolt,COMP-1768374767907-73hq6hda8,801.001,Clean Ballast Pumps,SP-801.001-473,CONSUME,-2,6,480b40d0-04bd-4590-a936-2f879b867977,Consumed for WO WO-702.005.02-2025-287,WO-702.005.02-2025-287,22-Jul-2025 00:00,UTC,
374,2025-07-22 00:00:00,7440571a-841a-11ed-aa7c-7003bca91a86,4533,MV0001-05077,Cover,COMP-1768374767802-sjje0yq3o,403.001,"Steering Gears, Complete",SP-403.001-077,CONSUME,-1,4,977621de-77d7-4892-ae27-adaebcc27d0b,Consumed for WO WO-651.003.01-2025-345,WO-651.003.01-2025-345,22-Jul-2025 00:00,UTC,
2496,2025-07-22 00:00:00,7440571a-841a-11ed-aa7c-7003bca91a86,5563,MV0001-06107,O-Ring,COMP-1768374767795-1qyq8qvkb,721.001.02,Main Sw Cooling Pumps No.02,SP-721.001.01-1107,CONSUME,-1,4,Chief Engineer,Consumed during maintenance - MKR-IN-00018-651.020.06-2025-058,MKR-IN-00018-651.020.06-2025-058,22-Jul-2025,UTC,
2531,2025-07-21 00:00:00,7440571a-841a-11ed-aa7c-7003bca91a86,4930,MV0001-05474,Anode Rods,COMP-1768374767914-980b44ij3,278.010.02,Impressed Current Systems No.02,SP-278.010.01-474,CONSUME,-2,8,4th Engineer,Consumed during maintenance - MKR-IN-00080-653.002.02-2025-686,MKR-IN-00080-653.002.02-2025-686,21-Jul-2025,UTC,
2583,2025-07-18 00:00:00,7440571a-841a-11ed-aa7c-7003bca91a86,5320,MV0001-05864,Brake Lining,COMP-1768374768525-zyps62yum,712.011.02,LO Separators No.02,SP-702.005.01-864,CONSUME,-1,4,Electrican,Consumed during maintenance - MKR-IN-00080-651.002.03-2025-519,MKR-IN-00080-651.002.03-2025-519,18-Jul-2025,UTC,
2582,2025-07-18 00:00:00,7440571a-841a-11ed-aa7c-7003bca91a86,4614,MV0001-05158,Leistritz Pump Cartridge,COMP-1768374767802-sjje0yq3o,403.001,"Steering Gears, Complete",SP-403.001-158,CONSUME,-2,1,Electrican,Consumed during maintenance - MKR-IN-00080-651.002.03-2025-519,MKR-IN-00080-651.002.03-2025-519,18-Jul-2025,UTC,
371,2025-07-18 00:00:00,7440571a-841a-11ed-aa7c-7003bca91a86,4880,MV0001-05424,Bearing Case,COMP-1768374767907-73hq6hda8,801.001,Clean Ballast Pumps,SP-801.001-424,CONSUME,-2,3,056a433e-b880-43c6-9d59-b1cfe71a4014,Consumed for WO UWO-721.001.01-2025-720,UWO-721.001.01-2025-720,18-Jul-2025 00:00,UTC,
372,2025-07-18 00:00:00,7440571a-841a-11ed-aa7c-7003bca91a86,4849,MV0001-05393,Coupling Key,COMP-1768374767907-73hq6hda8,801.001,Clean Ballast Pumps,SP-801.001-393,CONSUME,-2,2,228b5256-5bd2-4bf3-826f-c6fe76571449,Consumed for WO UWO-653.007.07-2025-652,UWO-653.007.07-2025-652,18-Jul-2025 00:00,UTC,
2414,2025-07-15 00:00:00,7440571a-841a-11ed-aa7c-7003bca91a86,4803,MV0001-05347,Rotor,COMP-1768374767899-slkigc1i8,665.001,"Emergency Generator Aggregates, Complete",SP-665.001-347,CONSUME,-2,3,4th Engineer,Consumed during maintenance - MKR-OV-00025-653.004.04-2025-121,MKR-OV-00025-653.004.04-2025-121,15-Jul-2025,UTC,
2415,2025-07-15 00:00:00,7440571a-841a-11ed-aa7c-7003bca91a86,4737,MV0001-05281,Automatic Voltage Regulator,COMP-1768374767899-slkigc1i8,665.001,"Emergency Generator Aggregates, Complete",SP-665.001-281,CONSUME,-1,0,4th Engineer,Consumed during maintenance - MKR-OV-00025-653.004.04-2025-121,MKR-OV-00025-653.004.04-2025-121,15-Jul-2025,UTC,
2850,2025-07-14 00:00:00,7440571a-841a-11ed-aa7c-7003bca91a86,4870,MV0001-05414,Packing Ring,COMP-1768374767907-73hq6hda8,801.001,Clean Ballast Pumps,SP-801.001-414,CONSUME,-1,4,4th Engineer,Consumed during maintenance - MKR-IN-00018-653.020.05-2025-146,MKR-IN-00018-653.020.05-2025-146,14-Jul-2025,UTC,
2849,2025-07-14 00:00:00,7440571a-841a-11ed-aa7c-7003bca91a86,4691,MV0001-05235,Exhaust Pipe,COMP-1768374767837-m3bhk56ru,601.059,ME Exhaust Gas Manifolds/Pipes W/Insulation,SP-601.059-235,CONSUME,-1,0,4th Engineer,Consumed during maintenance - MKR-IN-00018-653.020.05-2025-146,MKR-IN-00018-653.020.05-2025-146,14-Jul-2025,UTC,
1672,2025-07-13 00:00:00,7440571a-841a-11ed-aa7c-7003bca91a86,4837,MV0001-05381,Volute Casing,COMP-1768374767907-73hq6hda8,801.001,Clean Ballast Pumps,SP-801.001-381,RECEIVE,2,209,228b5256-5bd2-4bf3-826f-c6fe76571449,Received from Atlas Marine Parts at Fujairah,PO-2025-9006,13-Jul-2025 00:00,UTC,Fujairah
1673,2025-07-13 00:00:00,7440571a-841a-11ed-aa7c-7003bca91a86,4458,MV0001-05002,Gudgeon,COMP-1768374767799-zs6hrf8cm,401.005,Rudders W/Nozzle,SP-401.005-002,RECEIVE,2,20,228b5256-5bd2-4bf3-826f-c6fe76571449,Received from Atlas Marine Parts at Fujairah,PO-2025-5730,13-Jul-2025 00:00,UTC,Fujairah
1674,2025-07-13 00:00:00,7440571a-841a-11ed-aa7c-7003bca91a86,4460,MV0001-05004,Rudder Stock Nut,COMP-1768374767799-zs6hrf8cm,401.005,Rudders W/Nozzle,SP-401.005-004,RECEIVE,5,12,228b5256-5bd2-4bf3-826f-c6fe76571449,Received from Atlas Marine Parts at Fujairah,PO-2025-6895,13-Jul-2025 00:00,UTC,Fujairah
1675,2025-07-13 00:00:00,7440571a-841a-11ed-aa7c-7003bca91a86,4468,MV0001-05012,O-Ring,COMP-1768374767799-zs6hrf8cm,401.005,Rudders W/Nozzle,SP-401.005-012,RECEIVE,2,12,228b5256-5bd2-4bf3-826f-c6fe76571449,Received from Atlas Marine Parts at Fujairah,PO-2025-1161,13-Jul-2025 00:00,UTC,Fujairah
1676,2025-07-13 00:00:00,7440571a-841a-11ed-aa7c-7003bca91a86,4480,MV0001-05024,Locking Bar,COMP-1768374767799-zs6hrf8cm,401.005,Rudders W/Nozzle,SP-401.005-024,RECEIVE,5,14,228b5256-5bd2-4bf3-826f-c6fe76571449,Received from Atlas Marine Parts at Fujairah,PO-2025-4169,13-Jul-2025 00:00,UTC,Fujairah
1677,2025-07-13 00:00:00,7440571a-841a-11ed-aa7c-7003bca91a86,4519,MV0001-05063,Seal Ring,COMP-1768374767799-zs6hrf8cm,401.005,Rudders W/Nozzle,SP-401.005-063,RECEIVE,2,11,228b5256-5bd2-4bf3-826f-c6fe76571449,Received from Atlas Marine Parts at Fujairah,PO-2025-5129,13-Jul-2025 00:00,UTC,Fujairah
1678,2025-07-13 00:00:00,7440571a-841a-11ed-aa7c-7003bca91a86,4529,MV0001-05073,Square Washer,COMP-1768374767802-sjje0yq3o,403.001,"Steering Gears, Complete",SP-403.001-073,RECEIVE,3,7,228b5256-5bd2-4bf3-826f-c6fe76571449,Received from Atlas Marine Parts at Fujairah,PO-2025-6517,13-Jul-2025 00:00,UTC,Fujairah
1679,2025-07-13 00:00:00,7440571a-841a-11ed-aa7c-7003bca91a86,4540,MV0001-05084,Pointer,COMP-1768374767802-sjje0yq3o,403.001,"Steering Gears, Complete",SP-403.001-084,RECEIVE,4,13,228b5256-5bd2-4bf3-826f-c6fe76571449,Received from Atlas Marine Parts at Fujairah,PO-2025-5827,13-Jul-2025 00:00,UTC,Fujairah
1680,2025-07-13 00:00:00,7440571a-841a-11ed-aa7c-7003bca91a86,4557,MV0001-05101,Hex. Head Screw,COMP-1768374767802-sjje0yq3o,403.001,"Steering Gears, Complete",SP-403.001-101,RECEIVE,4,17,228b5256-5bd2-4bf3-826f-c6fe76571449,Received from Atlas Marine Parts at Fujairah,PO-2025-0182,13-Jul-2025 00:00,UTC,Fujairah
1681,2025-07-13 00:00:00,7440571a-841a-11ed-aa7c-7003bca91a86,4568,MV0001-05112,Manometer Liquid Filled,COMP-1768374767802-sjje0yq3o,403.001,"Steering Gears, Complete",SP-403.001-112,RECEIVE,4,15,228b5256-5bd2-4bf3-826f-c6fe76571449,Received from Atlas Marine Parts at Fujairah,PO-2025-8709,13-Jul-2025 00:00,UTC,Fujairah
1682,2025-07-13 00:00:00,7440571a-841a-11ed-aa7c-7003bca91a86,4572,MV0001-05116,O-Ring,COMP-1768374767802-sjje0yq3o,403.001,"Steering Gears, Complete",SP-403.001-116,RECEIVE,4,11,228b5256-5bd2-4bf3-826f-c6fe76571449,Received from Atlas Marine Parts at Fujairah,PO-2025-2695,13-Jul-2025 00:00,UTC,Fujairah
1683,2025-07-13 00:00:00,7440571a-841a-11ed-aa7c-7003bca91a86,4579,MV0001-05123,Lock Plate,COMP-1768374767802-sjje0yq3o,403.001,"Steering Gears, Complete",SP-403.001-123,RECEIVE,1,9,228b5256-5bd2-4bf3-826f-c6fe76571449,Received from Atlas Marine Parts at Fujairah,PO-2025-6222,13-Jul-2025 00:00,UTC,Fujairah
1684,2025-07-13 00:00:00,7440571a-841a-11ed-aa7c-7003bca91a86,4596,MV0001-05140,Washer,COMP-1768374767802-sjje0yq3o,403.001,"Steering Gears, Complete",SP-403.001-140,RECEIVE,4,17,228b5256-5bd2-4bf3-826f-c6fe76571449,Received from Atlas Marine Parts at Fujairah,PO-2025-7773,13-Jul-2025 00:00,UTC,Fujairah
1685,2025-07-13 00:00:00,7440571a-841a-11ed-aa7c-7003bca91a86,4613,MV0001-05157,O-Ring,COMP-1768374767802-sjje0yq3o,403.001,"Steering Gears, Complete",SP-403.001-157,RECEIVE,5,28,228b5256-5bd2-4bf3-826f-c6fe76571449,Received from Atlas Marine Parts at Fujairah,PO-2025-3104,13-Jul-2025 00:00,UTC,Fujairah
1686,2025-07-13 00:00:00,7440571a-841a-11ed-aa7c-7003bca91a86,4639,MV0001-05183,Fuse,COMP-1768374767815-k5anrfi02,554.001,Provision Cooling Compressor Aggregates,SP-554.001-183,RECEIVE,4,6,228b5256-5bd2-4bf3-826f-c6fe76571449,Received from Atlas Marine Parts at Fujairah,PO-2025-0664,13-Jul-2025 00:00,UTC,Fujairah
1687,2025-07-13 00:00:00,7440571a-841a-11ed-aa7c-7003bca91a86,4655,MV0001-05199,Locking Wire,COMP-1768374767827-g6k9lk4to,601.016,ME Tiebolts,SP-601.016-199,RECEIVE,5,12,228b5256-5bd2-4bf3-826f-c6fe76571449,Received from Atlas Marine Parts at Fujairah,PO-2025-7248,13-Jul-2025 00:00,UTC,Fujairah
1688,2025-07-13 00:00:00,7440571a-841a-11ed-aa7c-7003bca91a86,4661,MV0001-05205,Thrust Bearing Support,COMP-1768374767834-dbncpiany,601.053,ME Turbochargers,SP-601.053-205,RECEIVE,2,14,228b5256-5bd2-4bf3-826f-c6fe76571449,Received from Atlas Marine Parts at Fujairah,PO-2025-4995,13-Jul-2025 00:00,UTC,Fujairah
1689,2025-07-13 00:00:00,7440571a-841a-11ed-aa7c-7003bca91a86,4664,MV0001-05208,"End Cover, In Two Parts, Complete",COMP-1768374767834-dbncpiany,601.053,ME Turbochargers,SP-601.053-208,RECEIVE,3,12,228b5256-5bd2-4bf3-826f-c6fe76571449,Received from Atlas Marine Parts at Fujairah,PO-2025-2915,13-Jul-2025 00:00,UTC,Fujairah
1690,2025-07-13 00:00:00,7440571a-841a-11ed-aa7c-7003bca91a86,4695,MV0001-05239,Support,COMP-1768374767837-m3bhk56ru,601.059,ME Exhaust Gas Manifolds/Pipes W/Insulation,SP-601.059-239,RECEIVE,4,15,228b5256-5bd2-4bf3-826f-c6fe76571449,Received from Atlas Marine Parts at Fujairah,PO-2025-3145,13-Jul-2025 00:00,UTC,Fujairah
1691,2025-07-13 00:00:00,7440571a-841a-11ed-aa7c-7003bca91a86,4704,MV0001-05248,Bolt,COMP-1768374767837-m3bhk56ru,601.059,ME Exhaust Gas Manifolds/Pipes W/Insulation,SP-601.059-248,RECEIVE,4,23,228b5256-5bd2-4bf3-826f-c6fe76571449,Received from Atlas Marine Parts at Fujairah,PO-2025-5039,13-Jul-2025 00:00,UTC,Fujairah
1692,2025-07-13 00:00:00,7440571a-841a-11ed-aa7c-7003bca91a86,4705,MV0001-05249,Bolt,COMP-1768374767837-m3bhk56ru,601.059,ME Exhaust Gas Manifolds/Pipes W/Insulation,SP-601.059-249,RECEIVE,5,8,228b5256-5bd2-4bf3-826f-c6fe76571449,Received from Atlas Marine Parts at Fujairah,PO-2025-3201,13-Jul-2025 00:00,UTC,Fujairah
1693,2025-07-13 00:00:00,7440571a-841a-11ed-aa7c-7003bca91a86,4718,MV0001-05262,Rotor,COMP-1768374767899-slkigc1i8,665.001,"Emergency Generator Aggregates, Complete",SP-665.001-262,RECEIVE,2,13,228b5256-5bd2-4bf3-826f-c6fe76571449,Received from Atlas Marine Parts at Fujairah,PO-2025-3555,13-Jul-2025 00:00,UTC,Fujairah
1694,2025-07-13 00:00:00,7440571a-841a-11ed-aa7c-7003bca91a86,4727,MV0001-05271,Drive End Screen,COMP-1768374767899-slkigc1i8,665.001,"Emergency Generator Aggregates, Complete",SP-665.001-271,RECEIVE,3,22,228b5256-5bd2-4bf3-826f-c6fe76571449,Received from Atlas Marine Parts at Fujairah,PO-2025-2021,13-Jul-2025 00:00,UTC,Fujairah
1695,2025-07-13 00:00:00,7440571a-841a-11ed-aa7c-7003bca91a86,4757,MV0001-05301,Stator,COMP-1768374767899-slkigc1i8,665.001,"Emergency Generator Aggregates, Complete",SP-665.001-301,RECEIVE,5,12,228b5256-5bd2-4bf3-826f-c6fe76571449,Received from Atlas Marine Parts at Fujairah,PO-2025-6987,13-Jul-2025 00:00,UTC,Fujairah
1696,2025-07-13 00:00:00,7440571a-841a-11ed-aa7c-7003bca91a86,4763,MV0001-05307,Bearing O-Ring Non Drive End,COMP-1768374767899-slkigc1i8,665.001,"Emergency Generator Aggregates, Complete",SP-665.001-307,RECEIVE,3,5,228b5256-5bd2-4bf3-826f-c6fe76571449,Received from Atlas Marine Parts at Fujairah,PO-2025-0520,13-Jul-2025 00:00,UTC,Fujairah
1697,2025-07-13 00:00:00,7440571a-841a-11ed-aa7c-7003bca91a86,4769,MV0001-05313,Foot,COMP-1768374767899-slkigc1i8,665.001,"Emergency Generator Aggregates, Complete",SP-665.001-313,RECEIVE,2,11,228b5256-5bd2-4bf3-826f-c6fe76571449,Received from Atlas Marine Parts at Fujairah,PO-2025-5248,13-Jul-2025 00:00,UTC,Fujairah
1698,2025-07-13 00:00:00,7440571a-841a-11ed-aa7c-7003bca91a86,4783,MV0001-05327,Diode-Reverse Polarity,COMP-1768374767899-slkigc1i8,665.001,"Emergency Generator Aggregates, Complete",SP-665.001-327,RECEIVE,5,13,228b5256-5bd2-4bf3-826f-c6fe76571449,Received from Atlas Marine Parts at Fujairah,PO-2025-7321,13-Jul-2025 00:00,UTC,Fujairah
1699,2025-07-13 00:00:00,7440571a-841a-11ed-aa7c-7003bca91a86,4790,MV0001-05334,Fan,COMP-1768374767899-slkigc1i8,665.001,"Emergency Generator Aggregates, Complete",SP-665.001-334,RECEIVE,1,20,228b5256-5bd2-4bf3-826f-c6fe76571449,Received from Atlas Marine Parts at Fujairah,PO-2025-6031,13-Jul-2025 00:00,UTC,Fujairah
1700,2025-07-13 00:00:00,7440571a-841a-11ed-aa7c-7003bca91a86,4822,MV0001-05366,Side Panel,COMP-1768374767899-slkigc1i8,665.001,"Emergency Generator Aggregates, Complete",SP-665.001-366,RECEIVE,2,12,228b5256-5bd2-4bf3-826f-c6fe76571449,Received from Atlas Marine Parts at Fujairah,PO-2025-0775,13-Jul-2025 00:00,UTC,Fujairah
1701,2025-07-13 00:00:00,7440571a-841a-11ed-aa7c-7003bca91a86,4827,MV0001-05371,Diode-Reverse Polarity,COMP-1768374767899-slkigc1i8,665.001,"Emergency Generator Aggregates, Complete",SP-665.001-371,RECEIVE,4,15,228b5256-5bd2-4bf3-826f-c6fe76571449,Received from Atlas Marine Parts at Fujairah,PO-2025-6308,13-Jul-2025 00:00,UTC,Fujairah
1702,2025-07-13 00:00:00,7440571a-841a-11ed-aa7c-7003bca91a86,4838,MV0001-05382,Volute Cover,COMP-1768374767907-73hq6hda8,801.001,Clean Ballast Pumps,SP-801.001-382,RECEIVE,1,7,228b5256-5bd2-4bf3-826f-c6fe76571449,Received from Atlas Marine Parts at Fujairah,PO-2025-9225,13-Jul-2025 00:00,UTC,Fujairah
1703,2025-07-13 00:00:00,7440571a-841a-11ed-aa7c-7003bca91a86,4875,MV0001-05419,Mechanical Seal Cover,COMP-1768374767907-73hq6hda8,801.001,Clean Ballast Pumps,SP-801.001-419,RECEIVE,4,13,228b5256-5bd2-4bf3-826f-c6fe76571449,Received from Atlas Marine Parts at Fujairah,PO-2025-8430,13-Jul-2025 00:00,UTC,Fujairah
1704,2025-07-13 00:00:00,7440571a-841a-11ed-aa7c-7003bca91a86,4888,MV0001-05432,Ball Bearing,COMP-1768374767907-73hq6hda8,801.001,Clean Ballast Pumps,SP-801.001-432,RECEIVE,4,14,228b5256-5bd2-4bf3-826f-c6fe76571449,Received from Atlas Marine Parts at Fujairah,PO-2025-1846,13-Jul-2025 00:00,UTC,Fujairah
1705,2025-07-13 00:00:00,7440571a-841a-11ed-aa7c-7003bca91a86,4891,MV0001-05435,Gland packing,COMP-1768374767907-73hq6hda8,801.001,Clean Ballast Pumps,SP-801.001-435,RECEIVE,3,15,228b5256-5bd2-4bf3-826f-c6fe76571449,Received from Atlas Marine Parts at Fujairah,PO-2025-6899,13-Jul-2025 00:00,UTC,Fujairah
1706,2025-07-13 00:00:00,7440571a-841a-11ed-aa7c-7003bca91a86,4909,MV0001-05453,Intermediate Shaft,COMP-1768374767907-73hq6hda8,801.001,Clean Ballast Pumps,SP-801.001-453,RECEIVE,1,10,228b5256-5bd2-4bf3-826f-c6fe76571449,Received from Atlas Marine Parts at Fujairah,PO-2025-1846,13-Jul-2025 00:00,UTC,Fujairah
1707,2025-07-13 00:00:00,7440571a-841a-11ed-aa7c-7003bca91a86,4913,MV0001-05457,Bellows,COMP-1768374767907-73hq6hda8,801.001,Clean Ballast Pumps,SP-801.001-457,RECEIVE,2,6,228b5256-5bd2-4bf3-826f-c6fe76571449,Received from Atlas Marine Parts at Fujairah,PO-2025-5437,13-Jul-2025 00:00,UTC,Fujairah
1708,2025-07-13 00:00:00,7440571a-841a-11ed-aa7c-7003bca91a86,4914,MV0001-05458,Seat Packing,COMP-1768374767907-73hq6hda8,801.001,Clean Ballast Pumps,SP-801.001-458,RECEIVE,4,19,228b5256-5bd2-4bf3-826f-c6fe76571449,Received from Atlas Marine Parts at Fujairah,PO-2025-4015,13-Jul-2025 00:00,UTC,Fujairah
1709,2025-07-13 00:00:00,7440571a-841a-11ed-aa7c-7003bca91a86,4923,MV0001-05467,Group Board,COMP-1768374767907-73hq6hda8,801.001,Clean Ballast Pumps,SP-801.001-467,RECEIVE,1,13,228b5256-5bd2-4bf3-826f-c6fe76571449,Received from Atlas Marine Parts at Fujairah,PO-2025-9136,13-Jul-2025 00:00,UTC,Fujairah
1710,2025-07-13 00:00:00,7440571a-841a-11ed-aa7c-7003bca91a86,4925,MV0001-05469,Oil Seal,COMP-1768374767907-73hq6hda8,801.001,Clean Ballast Pumps,SP-801.001-469,RECEIVE,2,18,228b5256-5bd2-4bf3-826f-c6fe76571449,Received from Atlas Marine Parts at Fujairah,PO-2025-1038,13-Jul-2025 00:00,UTC,Fujairah
1711,2025-07-13 00:00:00,7440571a-841a-11ed-aa7c-7003bca91a86,4928,MV0001-05472,Mechanical Seal Assembling Tool,COMP-1768374767907-73hq6hda8,801.001,Clean Ballast Pumps,SP-801.001-472,RECEIVE,3,22,228b5256-5bd2-4bf3-826f-c6fe76571449,Received from Atlas Marine Parts at Fujairah,PO-2025-7073,13-Jul-2025 00:00,UTC,Fujairah
1712,2025-07-13 00:00:00,7440571a-841a-11ed-aa7c-7003bca91a86,4932,MV0001-05476,Rudder Stock Bearings,COMP-1768374767799-zs6hrf8cm,401.005,Rudders W/Nozzle,SP-401.005-476,RECEIVE,3,15,228b5256-5bd2-4bf3-826f-c6fe76571449,Received from Atlas Marine Parts at Fujairah,PO-2025-7950,13-Jul-2025 00:00,UTC,Fujairah
1713,2025-07-13 00:00:00,7440571a-841a-11ed-aa7c-7003bca91a86,4933,MV0001-05477,Rudder Pintle Pins,COMP-1768374767799-zs6hrf8cm,401.005,Rudders W/Nozzle,SP-401.005-477,RECEIVE,5,14,228b5256-5bd2-4bf3-826f-c6fe76571449,Received from Atlas Marine Parts at Fujairah,PO-2025-9131,13-Jul-2025 00:00,UTC,Fujairah
2877,2025-07-11 00:00:00,7440571a-841a-11ed-aa7c-7003bca91a86,4914,MV0001-05458,Seat Packing,COMP-1768374767907-73hq6hda8,801.001,Clean Ballast Pumps,SP-801.001-458,CONSUME,-2,1,Chief Engineer,Consumed during maintenance - MKR-IN-00079-601.066.03-2025-469,MKR-IN-00079-601.066.03-2025-469,11-Jul-2025,UTC,
2023,2025-07-11 00:00:00,7440571a-841a-11ed-aa7c-7003bca91a86,4725,MV0001-05269,Bearing Circlip Non Drive End,COMP-1768374767899-slkigc1i8,665.001,"Emergency Generator Aggregates, Complete",SP-665.001-269,CONSUME,-2,3,Electrican,Consumed during maintenance - MKR-OV-00025-653.004.05-2025-124,MKR-OV-00025-653.004.05-2025-124,11-Jul-2025,UTC,
2024,2025-07-11 00:00:00,7440571a-841a-11ed-aa7c-7003bca91a86,4694,MV0001-05238,Support,COMP-1768374767837-m3bhk56ru,601.059,ME Exhaust Gas Manifolds/Pipes W/Insulation,SP-601.059-238,CONSUME,-2,1,Electrican,Consumed during maintenance - MKR-OV-00025-653.004.05-2025-124,MKR-OV-00025-653.004.05-2025-124,11-Jul-2025,UTC,
370,2025-07-10 00:00:00,7440571a-841a-11ed-aa7c-7003bca91a86,4662,MV0001-05206,Thrust Bearing Support,COMP-1768374767834-dbncpiany,601.053,ME Turbochargers,SP-601.053-206,CONSUME,-1,1,056a433e-b880-43c6-9d59-b1cfe71a4014,Consumed for WO UWO-601.005.02-2025-823,UWO-601.005.02-2025-823,10-Jul-2025 00:00,UTC,
2767,2025-07-09 00:00:00,7440571a-841a-11ed-aa7c-7003bca91a86,5181,MV0001-05725,Gasket,COMP-1768374768525-zyps62yum,712.011.02,LO Separators No.02,SP-702.005.01-725,CONSUME,-1,3,Chief Engineer,Consumed during maintenance - MKR-OV-00025-652.004.01-2025-067,MKR-OV-00025-652.004.01-2025-067,09-Jul-2025,UTC,
2766,2025-07-09 00:00:00,7440571a-841a-11ed-aa7c-7003bca91a86,5443,MV0001-05987,Bearing Bush,COMP-1768374768533-xnq4n84q4,712.013.02,LO Separator Booster Pumps No.02,SP-712.013.01-987,CONSUME,-1,3,Chief Engineer,Consumed during maintenance - MKR-OV-00025-652.004.01-2025-067,MKR-OV-00025-652.004.01-2025-067,09-Jul-2025,UTC,
2673,2025-07-08 00:00:00,7440571a-841a-11ed-aa7c-7003bca91a86,5113,MV0001-05657,O-Ring,COMP-1768374768425-t4r1zyc5s,653.002.06,AE3 Cylinder Covers W/Valves No.06,SP-651.002.01-657,CONSUME,-1,3,3rd Engineer,Consumed during maintenance - WO-702.005.02-2025-285,WO-702.005.02-2025-285,08-Jul-2025,UTC,
2672,2025-07-08 00:00:00,7440571a-841a-11ed-aa7c-7003bca91a86,5063,MV0001-05607,Stud Bolt And Nut,COMP-1768374767994-apqr6kc7v,601.002.06,ME Cylinder Covers W/Valves No.06,SP-601.002.01-607,CONSUME,-1,1,3rd Engineer,Consumed during maintenance - WO-702.005.02-2025-285,WO-702.005.02-2025-285,08-Jul-2025,UTC,
2067,2025-07-08 00:00:00,7440571a-841a-11ed-aa7c-7003bca91a86,5351,MV0001-05895,Retaining Ring C,COMP-1768374768525-zyps62yum,712.011.02,LO Separators No.02,SP-702.005.01-895,CONSUME,-2,3,Chief Engineer,Consumed during maintenance - MKR-IN-00072-285.001.10-2025-262,MKR-IN-00072-285.001.10-2025-262,08-Jul-2025,UTC,
2068,2025-07-08 00:00:00,7440571a-841a-11ed-aa7c-7003bca91a86,5148,MV0001-05692,Reamer Bolt,COMP-1768374768462-uelez69lg,653.004.06,AE3 Pistons And Connecting Rod No.06,SP-651.004.01-692,CONSUME,-2,8,Chief Engineer,Consumed during maintenance - MKR-IN-00072-285.001.10-2025-262,MKR-IN-00072-285.001.10-2025-262,08-Jul-2025,UTC,
2025,2025-07-06 00:00:00,7440571a-841a-11ed-aa7c-7003bca91a86,5118,MV0001-05662,Cylinder Block,COMP-1768374768443-sj0hmblft,653.003.06,AE3 Cylinder Liners No.06,SP-651.003.01-662,CONSUME,-2,2,3rd Engineer,Consumed during maintenance - WO-653.003.06-2025-381,WO-653.003.06-2025-381,06-Jul-2025,UTC,
2663,2025-07-04 00:00:00,7440571a-841a-11ed-aa7c-7003bca91a86,4646,MV0001-05190,Rubber Sheet,COMP-1768374767818-ckg4kqu6q,601.001,"Main Diesel Engine, Compl.",SP-601.001-190,CONSUME,-1,1,Chief Engineer,Consumed during maintenance - UWO-601.001-2025-793,UWO-601.001-2025-793,04-Jul-2025,UTC,
2662,2025-07-04 00:00:00,7440571a-841a-11ed-aa7c-7003bca91a86,4645,MV0001-05189,Crinket,COMP-1768374767818-ckg4kqu6q,601.001,"Main Diesel Engine, Compl.",SP-601.001-189,CONSUME,-2,1,Chief Engineer,Consumed during maintenance - UWO-601.001-2025-793,UWO-601.001-2025-793,04-Jul-2025,UTC,
2661,2025-07-04 00:00:00,7440571a-841a-11ed-aa7c-7003bca91a86,5031,MV0001-05575,O-Ring,COMP-1768374767818-ckg4kqu6q,601.001,"Main Diesel Engine, Compl.",SP-601.001-575,CONSUME,-2,0,Chief Engineer,Consumed during maintenance - UWO-601.001-2025-793,UWO-601.001-2025-793,04-Jul-2025,UTC,
367,2025-07-04 00:00:00,7440571a-841a-11ed-aa7c-7003bca91a86,4779,MV0001-05323,Main Rectifier Assembly-Forward,COMP-1768374767899-slkigc1i8,665.001,"Emergency Generator Aggregates, Complete",SP-665.001-323,CONSUME,-1,2,480b40d0-04bd-4590-a936-2f879b867977,Consumed for WO UWO-653.020.03-2025-861,UWO-653.020.03-2025-861,04-Jul-2025 00:00,UTC,
368,2025-07-04 00:00:00,7440571a-841a-11ed-aa7c-7003bca91a86,4645,MV0001-05189,Crinket,COMP-1768374767818-ckg4kqu6q,601.001,"Main Diesel Engine, Compl.",SP-601.001-189,CONSUME,-1,0,056a433e-b880-43c6-9d59-b1cfe71a4014,Consumed for WO UWO-601.001-2025-793,UWO-601.001-2025-793,04-Jul-2025 00:00,UTC,
369,2025-07-04 00:00:00,7440571a-841a-11ed-aa7c-7003bca91a86,4646,MV0001-05190,Rubber Sheet,COMP-1768374767818-ckg4kqu6q,601.001,"Main Diesel Engine, Compl.",SP-601.001-190,CONSUME,-2,3,228b5256-5bd2-4bf3-826f-c6fe76571449,Consumed for WO UWO-601.001-2025-793,UWO-601.001-2025-793,04-Jul-2025 00:00,UTC,
366,2025-07-02 00:00:00,7440571a-841a-11ed-aa7c-7003bca91a86,4524,MV0001-05068,Plug,COMP-1768374767799-zs6hrf8cm,401.005,Rudders W/Nozzle,SP-401.005-068,CONSUME,-1,4,6084f3b8-85dc-462a-b045-111d2b2e6d0e,Consumed for WO UWO-601.066.04-2025-754,UWO-601.066.04-2025-754,02-Jul-2025 00:00,UTC,
2717,2025-07-01 00:00:00,7440571a-841a-11ed-aa7c-7003bca91a86,4843,MV0001-05387,Bearing Cover,COMP-1768374767907-73hq6hda8,801.001,Clean Ballast Pumps,SP-801.001-387,CONSUME,-2,1,3rd Engineer,Consumed during maintenance - WO-702.005.02-2025-284,WO-702.005.02-2025-284,01-Jul-2025,UTC,
2716,2025-07-01 00:00:00,7440571a-841a-11ed-aa7c-7003bca91a86,4803,MV0001-05347,Rotor,COMP-1768374767899-slkigc1i8,665.001,"Emergency Generator Aggregates, Complete",SP-665.001-347,CONSUME,-2,1,3rd Engineer,Consumed during maintenance - WO-702.005.02-2025-284,WO-702.005.02-2025-284,01-Jul-2025,UTC,
2715,2025-07-01 00:00:00,7440571a-841a-11ed-aa7c-7003bca91a86,4767,MV0001-05311,Drive End Screen,COMP-1768374767899-slkigc1i8,665.001,"Emergency Generator Aggregates, Complete",SP-665.001-311,CONSUME,-1,4,3rd Engineer,Consumed during maintenance - WO-702.005.02-2025-284,WO-702.005.02-2025-284,01-Jul-2025,UTC,
1975,2025-07-01 00:00:00,7440571a-841a-11ed-aa7c-7003bca91a86,5112,MV0001-05656,O-Ring,COMP-1768374767879-whkjy1n4i,653.001,"Aux. Diesel Generator Aggregates, Complete No.03",SP-651.001-656,CONSUME,-1,9,3rd Engineer,Consumed during maintenance - UWO-651.004.02-2025-741,UWO-651.004.02-2025-741,01-Jul-2025,UTC,
363,2025-06-30 00:00:00,7440571a-841a-11ed-aa7c-7003bca91a86,4676,MV0001-05220,Bolt,COMP-1768374767834-dbncpiany,601.053,ME Turbochargers,SP-601.053-220,CONSUME,-2,0,977621de-77d7-4892-ae27-adaebcc27d0b,Consumed for WO WO-601.053-2025-447,WO-601.053-2025-447,30-Jun-2025 00:00,UTC,
364,2025-06-30 00:00:00,7440571a-841a-11ed-aa7c-7003bca91a86,4677,MV0001-05221,Gasket,COMP-1768374767834-dbncpiany,601.053,ME Turbochargers,SP-601.053-221,CONSUME,-1,0,977621de-77d7-4892-ae27-adaebcc27d0b,Consumed for WO WO-601.053-2025-447,WO-601.053-2025-447,30-Jun-2025 00:00,UTC,
365,2025-06-30 00:00:00,7440571a-841a-11ed-aa7c-7003bca91a86,4658,MV0001-05202,Thrust Bearing Complete,COMP-1768374767834-dbncpiany,601.053,ME Turbochargers,SP-601.053-202,CONSUME,-1,0,056a433e-b880-43c6-9d59-b1cfe71a4014,Consumed for WO WO-601.053-2025-447,WO-601.053-2025-447,30-Jun-2025 00:00,UTC,
2883,2025-06-28 00:00:00,7440571a-841a-11ed-aa7c-7003bca91a86,4528,MV0001-05072,Locking Screw,COMP-1768374767802-sjje0yq3o,403.001,"Steering Gears, Complete",SP-403.001-072,CONSUME,-1,2,Chief Engineer,Consumed during maintenance - MKR-OV-00025-652.004.05-2025-079,MKR-OV-00025-652.004.05-2025-079,28-Jun-2025,UTC,
2882,2025-06-28 00:00:00,7440571a-841a-11ed-aa7c-7003bca91a86,5336,MV0001-05880,Spring Washer,COMP-1768374768525-zyps62yum,712.011.02,LO Separators No.02,SP-702.005.01-880,CONSUME,-1,4,Chief Engineer,Consumed during maintenance - MKR-OV-00025-652.004.05-2025-079,MKR-OV-00025-652.004.05-2025-079,28-Jun-2025,UTC,
2881,2025-06-28 00:00:00,7440571a-841a-11ed-aa7c-7003bca91a86,4941,MV0001-05485,Release & Lifting Gear,COMP-1768374767812-t7u0ew84e,501.002,Covered Lifeboats,SP-501.002-485,CONSUME,-1,6,Chief Engineer,Consumed during maintenance - MKR-OV-00025-652.004.05-2025-079,MKR-OV-00025-652.004.05-2025-079,28-Jun-2025,UTC,
360,2025-06-26 00:00:00,7440571a-841a-11ed-aa7c-7003bca91a86,4714,MV0001-05258,Hand Trimmer,COMP-1768374767899-slkigc1i8,665.001,"Emergency Generator Aggregates, Complete",SP-665.001-258,CONSUME,-1,4,228b5256-5bd2-4bf3-826f-c6fe76571449,Consumed for WO UWO-665.001-2025-798,UWO-665.001-2025-798,26-Jun-2025 00:00,UTC,
361,2025-06-26 00:00:00,7440571a-841a-11ed-aa7c-7003bca91a86,4715,MV0001-05259,Ball Bearing,COMP-1768374767899-slkigc1i8,665.001,"Emergency Generator Aggregates, Complete",SP-665.001-259,CONSUME,-2,3,977621de-77d7-4892-ae27-adaebcc27d0b,Consumed for WO UWO-665.001-2025-798,UWO-665.001-2025-798,26-Jun-2025 00:00,UTC,
362,2025-06-26 00:00:00,7440571a-841a-11ed-aa7c-7003bca91a86,4716,MV0001-05260,Space Heater,COMP-1768374767899-slkigc1i8,665.001,"Emergency Generator Aggregates, Complete",SP-665.001-260,CONSUME,-1,3,228b5256-5bd2-4bf3-826f-c6fe76571449,Consumed for WO UWO-665.001-2025-798,UWO-665.001-2025-798,26-Jun-2025 00:00,UTC,
2428,2025-06-26 00:00:00,7440571a-841a-11ed-aa7c-7003bca91a86,4762,MV0001-05306,Cover Non Drive End,COMP-1768374767899-slkigc1i8,665.001,"Emergency Generator Aggregates, Complete",SP-665.001-306,CONSUME,-2,3,2nd Engineer,Consumed during maintenance - UWO-665.001-2025-798,UWO-665.001-2025-798,26-Jun-2025,UTC,
2429,2025-06-26 00:00:00,7440571a-841a-11ed-aa7c-7003bca91a86,4820,MV0001-05364,End panel Non Drive End,COMP-1768374767899-slkigc1i8,665.001,"Emergency Generator Aggregates, Complete",SP-665.001-364,CONSUME,-1,3,2nd Engineer,Consumed during maintenance - UWO-665.001-2025-798,UWO-665.001-2025-798,26-Jun-2025,UTC,
2430,2025-06-26 00:00:00,7440571a-841a-11ed-aa7c-7003bca91a86,4760,MV0001-05304,Exciter Stator,COMP-1768374767899-slkigc1i8,665.001,"Emergency Generator Aggregates, Complete",SP-665.001-304,CONSUME,-1,4,2nd Engineer,Consumed during maintenance - UWO-665.001-2025-798,UWO-665.001-2025-798,26-Jun-2025,UTC,
359,2025-06-24 00:00:00,7440571a-841a-11ed-aa7c-7003bca91a86,4607,MV0001-05151,Pump Cartridge,COMP-1768374767802-sjje0yq3o,403.001,"Steering Gears, Complete",SP-403.001-151,CONSUME,-1,2,6084f3b8-85dc-462a-b045-111d2b2e6d0e,Consumed for WO UWO-653-2025-826,UWO-653-2025-826,24-Jun-2025 00:00,UTC,
1964,2025-06-24 00:00:00,7440571a-841a-11ed-aa7c-7003bca91a86,5516,MV0001-06060,Runner,COMP-1768374767795-1qyq8qvkb,721.001.02,Main Sw Cooling Pumps No.02,SP-721.001.01-1060,CONSUME,-1,4,2nd Engineer,Consumed during maintenance - UWO-653-2025-826,UWO-653-2025-826,24-Jun-2025,UTC,
1965,2025-06-24 00:00:00,7440571a-841a-11ed-aa7c-7003bca91a86,4779,MV0001-05323,Main Rectifier Assembly-Forward,COMP-1768374767899-slkigc1i8,665.001,"Emergency Generator Aggregates, Complete",SP-665.001-323,CONSUME,-2,3,2nd Engineer,Consumed during maintenance - UWO-653-2025-826,UWO-653-2025-826,24-Jun-2025,UTC,
1966,2025-06-24 00:00:00,7440571a-841a-11ed-aa7c-7003bca91a86,4535,MV0001-05079,Gland,COMP-1768374767802-sjje0yq3o,403.001,"Steering Gears, Complete",SP-403.001-079,CONSUME,-2,3,2nd Engineer,Consumed during maintenance - UWO-653-2025-826,UWO-653-2025-826,24-Jun-2025,UTC,
2647,2025-06-21 00:00:00,7440571a-841a-11ed-aa7c-7003bca91a86,5163,MV0001-05707,"Gasket, Cylinder Head",COMP-1768374768505-jktu58f2h,653.020.07,AE3 Crankcase Doors W/Safety Valve No.07,SP-651.020.01-707,CONSUME,-1,3,4th Engineer,Consumed during maintenance - UWO-4-2025-490,UWO-4-2025-490,21-Jun-2025,UTC,
2216,2025-06-21 00:00:00,7440571a-841a-11ed-aa7c-7003bca91a86,5016,MV0001-05560,Screw,COMP-1768374767967-jb4k6wuji,554.003.02,Compressors W/Drive Unit No.02,SP-554.003.01-560,CONSUME,-1,4,4th Engineer,Consumed during maintenance - MKR-IN-00018-651.020.01-2025-048,MKR-IN-00018-651.020.01-2025-048,21-Jun-2025,UTC,
1986,2025-06-19 00:00:00,7440571a-841a-11ed-aa7c-7003bca91a86,4908,MV0001-05452,Cover And Packing,COMP-1768374767907-73hq6hda8,801.001,Clean Ballast Pumps,SP-801.001-452,CONSUME,-2,3,2nd Engineer,Consumed during maintenance - UWO-653.003-2025-722,UWO-653.003-2025-722,19-Jun-2025,UTC,
2578,2025-06-18 00:00:00,7440571a-841a-11ed-aa7c-7003bca91a86,4903,MV0001-05447,Packing Ring,COMP-1768374767907-73hq6hda8,801.001,Clean Ballast Pumps,SP-801.001-447,CONSUME,-2,1,3rd Engineer,Consumed during maintenance - UWO-652.002.06-2025-694,UWO-652.002.06-2025-694,18-Jun-2025,UTC,
2577,2025-06-18 00:00:00,7440571a-841a-11ed-aa7c-7003bca91a86,5360,MV0001-05904,O-Ring,COMP-1768374768525-zyps62yum,712.011.02,LO Separators No.02,SP-702.005.01-904,CONSUME,-1,4,3rd Engineer,Consumed during maintenance - UWO-652.002.06-2025-694,UWO-652.002.06-2025-694,18-Jun-2025,UTC,
358,2025-06-18 00:00:00,7440571a-841a-11ed-aa7c-7003bca91a86,4516,MV0001-05060,Nut,COMP-1768374767799-zs6hrf8cm,401.005,Rudders W/Nozzle,SP-401.005-060,CONSUME,-2,1,480b40d0-04bd-4590-a936-2f879b867977,Consumed for WO UWO-652.002.06-2025-694,UWO-652.002.06-2025-694,18-Jun-2025 00:00,UTC,
2722,2025-06-17 00:00:00,7440571a-841a-11ed-aa7c-7003bca91a86,5109,MV0001-05653,O-Ring,COMP-1768374768219-f5y8ppktt,601.066.06,ME Indicators No.06,SP-601.066.01-653,CONSUME,-2,204,Electrican,Consumed during maintenance - MKR-IN-00079-601.066.06-2025-487,MKR-IN-00079-601.066.06-2025-487,17-Jun-2025,UTC,
2721,2025-06-17 00:00:00,7440571a-841a-11ed-aa7c-7003bca91a86,5110,MV0001-05654,Gasket,COMP-1768374768219-f5y8ppktt,601.066.06,ME Indicators No.06,SP-601.066.01-654,CONSUME,-1,1,Electrican,Consumed during maintenance - MKR-IN-00079-601.066.06-2025-487,MKR-IN-00079-601.066.06-2025-487,17-Jun-2025,UTC,
357,2025-06-15 00:00:00,7440571a-841a-11ed-aa7c-7003bca91a86,4653,MV0001-05197,Special Bolt With Wire Hole,COMP-1768374767827-g6k9lk4to,601.016,ME Tiebolts,SP-601.016-197,CONSUME,-1,4,228b5256-5bd2-4bf3-826f-c6fe76571449,Consumed for WO UWO-712.013.01-2025-752,UWO-712.013.01-2025-752,15-Jun-2025 00:00,UTC,
356,2025-06-14 00:00:00,7440571a-841a-11ed-aa7c-7003bca91a86,4495,MV0001-05039,Plug,COMP-1768374767799-zs6hrf8cm,401.005,Rudders W/Nozzle,SP-401.005-039,CONSUME,-1,4,977621de-77d7-4892-ae27-adaebcc27d0b,Consumed for WO UWO-653.007.06-2025-665,UWO-653.007.06-2025-665,14-Jun-2025 00:00,UTC,
1983,2025-06-14 00:00:00,7440571a-841a-11ed-aa7c-7003bca91a86,4799,MV0001-05343,PMG Pillar,COMP-1768374767899-slkigc1i8,665.001,"Emergency Generator Aggregates, Complete",SP-665.001-343,CONSUME,-1,4,4th Engineer,Consumed during maintenance - UWO-653.007.06-2025-665,UWO-653.007.06-2025-665,14-Jun-2025,UTC,
2209,2025-06-14 00:00:00,7440571a-841a-11ed-aa7c-7003bca91a86,5014,MV0001-05558,Washer,COMP-1768374767967-jb4k6wuji,554.003.02,Compressors W/Drive Unit No.02,SP-554.003.01-558,CONSUME,-2,3,3rd Engineer,Consumed during maintenance - WO-702.005.02-2025-282,WO-702.005.02-2025-282,14-Jun-2025,UTC,
355,2025-06-13 00:00:00,7440571a-841a-11ed-aa7c-7003bca91a86,4668,MV0001-05212,LO Inlet Pipe,COMP-1768374767834-dbncpiany,601.053,ME Turbochargers,SP-601.053-212,CONSUME,-2,0,056a433e-b880-43c6-9d59-b1cfe71a4014,Consumed for WO WO-702.005.02-2025-278,WO-702.005.02-2025-278,13-Jun-2025 00:00,UTC,
1631,2025-06-13 00:00:00,7440571a-841a-11ed-aa7c-7003bca91a86,4465,MV0001-05009,Drain Plug,COMP-1768374767799-zs6hrf8cm,401.005,Rudders W/Nozzle,SP-401.005-009,RECEIVE,3,16,228b5256-5bd2-4bf3-826f-c6fe76571449,Received from Global Ship Supply at Fujairah,PO-2025-4395,13-Jun-2025 00:00,UTC,Fujairah
1632,2025-06-13 00:00:00,7440571a-841a-11ed-aa7c-7003bca91a86,4488,MV0001-05032,O-Ring,COMP-1768374767799-zs6hrf8cm,401.005,Rudders W/Nozzle,SP-401.005-032,RECEIVE,3,11,228b5256-5bd2-4bf3-826f-c6fe76571449,Received from Global Ship Supply at Fujairah,PO-2025-7453,13-Jun-2025 00:00,UTC,Fujairah
1633,2025-06-13 00:00:00,7440571a-841a-11ed-aa7c-7003bca91a86,4505,MV0001-05049,Trunk Plate,COMP-1768374767799-zs6hrf8cm,401.005,Rudders W/Nozzle,SP-401.005-049,RECEIVE,5,7,228b5256-5bd2-4bf3-826f-c6fe76571449,Received from Global Ship Supply at Fujairah,PO-2025-1697,13-Jun-2025 00:00,UTC,Fujairah
1634,2025-06-13 00:00:00,7440571a-841a-11ed-aa7c-7003bca91a86,4516,MV0001-05060,Nut,COMP-1768374767799-zs6hrf8cm,401.005,Rudders W/Nozzle,SP-401.005-060,RECEIVE,3,14,228b5256-5bd2-4bf3-826f-c6fe76571449,Received from Global Ship Supply at Fujairah,PO-2025-7083,13-Jun-2025 00:00,UTC,Fujairah
1635,2025-06-13 00:00:00,7440571a-841a-11ed-aa7c-7003bca91a86,4544,MV0001-05088,O-Ring,COMP-1768374767802-sjje0yq3o,403.001,"Steering Gears, Complete",SP-403.001-088,RECEIVE,5,12,228b5256-5bd2-4bf3-826f-c6fe76571449,Received from Global Ship Supply at Fujairah,PO-2025-5017,13-Jun-2025 00:00,UTC,Fujairah
1636,2025-06-13 00:00:00,7440571a-841a-11ed-aa7c-7003bca91a86,4554,MV0001-05098,Extracting Screw,COMP-1768374767802-sjje0yq3o,403.001,"Steering Gears, Complete",SP-403.001-098,RECEIVE,4,7,228b5256-5bd2-4bf3-826f-c6fe76571449,Received from Global Ship Supply at Fujairah,PO-2025-5505,13-Jun-2025 00:00,UTC,Fujairah
1637,2025-06-13 00:00:00,7440571a-841a-11ed-aa7c-7003bca91a86,4556,MV0001-05100,Hex. Screw,COMP-1768374767802-sjje0yq3o,403.001,"Steering Gears, Complete",SP-403.001-100,RECEIVE,3,11,228b5256-5bd2-4bf3-826f-c6fe76571449,Received from Global Ship Supply at Fujairah,PO-2025-7227,13-Jun-2025 00:00,UTC,Fujairah
1638,2025-06-13 00:00:00,7440571a-841a-11ed-aa7c-7003bca91a86,4558,MV0001-05102,Cyl. Head Screw,COMP-1768374767802-sjje0yq3o,403.001,"Steering Gears, Complete",SP-403.001-102,RECEIVE,2,19,228b5256-5bd2-4bf3-826f-c6fe76571449,Received from Global Ship Supply at Fujairah,PO-2025-9403,13-Jun-2025 00:00,UTC,Fujairah
1639,2025-06-13 00:00:00,7440571a-841a-11ed-aa7c-7003bca91a86,4570,MV0001-05114,Nipple-G,COMP-1768374767802-sjje0yq3o,403.001,"Steering Gears, Complete",SP-403.001-114,RECEIVE,5,21,228b5256-5bd2-4bf3-826f-c6fe76571449,Received from Global Ship Supply at Fujairah,PO-2025-7437,13-Jun-2025 00:00,UTC,Fujairah
1640,2025-06-13 00:00:00,7440571a-841a-11ed-aa7c-7003bca91a86,4593,MV0001-05137,Initiator,COMP-1768374767802-sjje0yq3o,403.001,"Steering Gears, Complete",SP-403.001-137,RECEIVE,3,10,228b5256-5bd2-4bf3-826f-c6fe76571449,Received from Global Ship Supply at Fujairah,PO-2025-4233,13-Jun-2025 00:00,UTC,Fujairah
1641,2025-06-13 00:00:00,7440571a-841a-11ed-aa7c-7003bca91a86,4609,MV0001-05153,Plug,COMP-1768374767802-sjje0yq3o,403.001,"Steering Gears, Complete",SP-403.001-153,RECEIVE,2,16,228b5256-5bd2-4bf3-826f-c6fe76571449,Received from Global Ship Supply at Fujairah,PO-2025-8634,13-Jun-2025 00:00,UTC,Fujairah
1642,2025-06-13 00:00:00,7440571a-841a-11ed-aa7c-7003bca91a86,4610,MV0001-05154,Adjusting Screw,COMP-1768374767802-sjje0yq3o,403.001,"Steering Gears, Complete",SP-403.001-154,RECEIVE,1,3,228b5256-5bd2-4bf3-826f-c6fe76571449,Received from Global Ship Supply at Fujairah,PO-2025-2142,13-Jun-2025 00:00,UTC,Fujairah
1643,2025-06-13 00:00:00,7440571a-841a-11ed-aa7c-7003bca91a86,4611,MV0001-05155,Adjusting Screw,COMP-1768374767802-sjje0yq3o,403.001,"Steering Gears, Complete",SP-403.001-155,RECEIVE,5,10,228b5256-5bd2-4bf3-826f-c6fe76571449,Received from Global Ship Supply at Fujairah,PO-2025-9664,13-Jun-2025 00:00,UTC,Fujairah
1644,2025-06-13 00:00:00,7440571a-841a-11ed-aa7c-7003bca91a86,4614,MV0001-05158,Leistritz Pump Cartridge,COMP-1768374767802-sjje0yq3o,403.001,"Steering Gears, Complete",SP-403.001-158,RECEIVE,2,7,228b5256-5bd2-4bf3-826f-c6fe76571449,Received from Global Ship Supply at Fujairah,PO-2025-4168,13-Jun-2025 00:00,UTC,Fujairah
1645,2025-06-13 00:00:00,7440571a-841a-11ed-aa7c-7003bca91a86,4621,MV0001-05165,Stop Valve,COMP-1768374767815-k5anrfi02,554.001,Provision Cooling Compressor Aggregates,SP-554.001-165,RECEIVE,5,23,228b5256-5bd2-4bf3-826f-c6fe76571449,Received from Global Ship Supply at Fujairah,PO-2025-8166,13-Jun-2025 00:00,UTC,Fujairah
1646,2025-06-13 00:00:00,7440571a-841a-11ed-aa7c-7003bca91a86,4633,MV0001-05177,Felt,COMP-1768374767815-k5anrfi02,554.001,Provision Cooling Compressor Aggregates,SP-554.001-177,RECEIVE,5,12,228b5256-5bd2-4bf3-826f-c6fe76571449,Received from Global Ship Supply at Fujairah,PO-2025-7018,13-Jun-2025 00:00,UTC,Fujairah
1647,2025-06-13 00:00:00,7440571a-841a-11ed-aa7c-7003bca91a86,4636,MV0001-05180,Lens,COMP-1768374767815-k5anrfi02,554.001,Provision Cooling Compressor Aggregates,SP-554.001-180,RECEIVE,3,28,228b5256-5bd2-4bf3-826f-c6fe76571449,Received from Global Ship Supply at Fujairah,PO-2025-8275,13-Jun-2025 00:00,UTC,Fujairah
1648,2025-06-13 00:00:00,7440571a-841a-11ed-aa7c-7003bca91a86,4648,MV0001-05192,Tie-Rod,COMP-1768374767827-g6k9lk4to,601.016,ME Tiebolts,SP-601.016-192,RECEIVE,1,16,228b5256-5bd2-4bf3-826f-c6fe76571449,Received from Global Ship Supply at Fujairah,PO-2025-1135,13-Jun-2025 00:00,UTC,Fujairah
1649,2025-06-13 00:00:00,7440571a-841a-11ed-aa7c-7003bca91a86,4653,MV0001-05197,Special Bolt With Wire Hole,COMP-1768374767827-g6k9lk4to,601.016,ME Tiebolts,SP-601.016-197,RECEIVE,4,13,228b5256-5bd2-4bf3-826f-c6fe76571449,Received from Global Ship Supply at Fujairah,PO-2025-6191,13-Jun-2025 00:00,UTC,Fujairah
1650,2025-06-13 00:00:00,7440571a-841a-11ed-aa7c-7003bca91a86,4660,MV0001-05204,Thrust Bearing Support,COMP-1768374767834-dbncpiany,601.053,ME Turbochargers,SP-601.053-204,RECEIVE,1,12,228b5256-5bd2-4bf3-826f-c6fe76571449,Received from Global Ship Supply at Fujairah,PO-2025-7098,13-Jun-2025 00:00,UTC,Fujairah
1651,2025-06-13 00:00:00,7440571a-841a-11ed-aa7c-7003bca91a86,4681,MV0001-05225,Locking Wire,COMP-1768374767834-dbncpiany,601.053,ME Turbochargers,SP-601.053-225,RECEIVE,2,10,228b5256-5bd2-4bf3-826f-c6fe76571449,Received from Global Ship Supply at Fujairah,PO-2025-8635,13-Jun-2025 00:00,UTC,Fujairah
1652,2025-06-13 00:00:00,7440571a-841a-11ed-aa7c-7003bca91a86,4683,MV0001-05227,O-Ring,COMP-1768374767834-dbncpiany,601.053,ME Turbochargers,SP-601.053-227,RECEIVE,3,16,228b5256-5bd2-4bf3-826f-c6fe76571449,Received from Global Ship Supply at Fujairah,PO-2025-6955,13-Jun-2025 00:00,UTC,Fujairah
1653,2025-06-13 00:00:00,7440571a-841a-11ed-aa7c-7003bca91a86,4695,MV0001-05239,Support,COMP-1768374767837-m3bhk56ru,601.059,ME Exhaust Gas Manifolds/Pipes W/Insulation,SP-601.059-239,RECEIVE,4,11,228b5256-5bd2-4bf3-826f-c6fe76571449,Received from Global Ship Supply at Fujairah,PO-2025-9448,13-Jun-2025 00:00,UTC,Fujairah
1654,2025-06-13 00:00:00,7440571a-841a-11ed-aa7c-7003bca91a86,4700,MV0001-05244,Gasket,COMP-1768374767837-m3bhk56ru,601.059,ME Exhaust Gas Manifolds/Pipes W/Insulation,SP-601.059-244,RECEIVE,3,18,228b5256-5bd2-4bf3-826f-c6fe76571449,Received from Global Ship Supply at Fujairah,PO-2025-7652,13-Jun-2025 00:00,UTC,Fujairah
1655,2025-06-13 00:00:00,7440571a-841a-11ed-aa7c-7003bca91a86,4719,MV0001-05263,Exciter Rotor,COMP-1768374767899-slkigc1i8,665.001,"Emergency Generator Aggregates, Complete",SP-665.001-263,RECEIVE,5,21,228b5256-5bd2-4bf3-826f-c6fe76571449,Received from Global Ship Supply at Fujairah,PO-2025-4959,13-Jun-2025 00:00,UTC,Fujairah
1656,2025-06-13 00:00:00,7440571a-841a-11ed-aa7c-7003bca91a86,4722,MV0001-05266,Cover Non Drive End,COMP-1768374767899-slkigc1i8,665.001,"Emergency Generator Aggregates, Complete",SP-665.001-266,RECEIVE,3,12,228b5256-5bd2-4bf3-826f-c6fe76571449,Received from Global Ship Supply at Fujairah,PO-2025-8994,13-Jun-2025 00:00,UTC,Fujairah
1657,2025-06-13 00:00:00,7440571a-841a-11ed-aa7c-7003bca91a86,4727,MV0001-05271,Drive End Screen,COMP-1768374767899-slkigc1i8,665.001,"Emergency Generator Aggregates, Complete",SP-665.001-271,RECEIVE,2,19,228b5256-5bd2-4bf3-826f-c6fe76571449,Received from Global Ship Supply at Fujairah,PO-2025-4520,13-Jun-2025 00:00,UTC,Fujairah
1658,2025-06-13 00:00:00,7440571a-841a-11ed-aa7c-7003bca91a86,4737,MV0001-05281,Automatic Voltage Regulator,COMP-1768374767899-slkigc1i8,665.001,"Emergency Generator Aggregates, Complete",SP-665.001-281,RECEIVE,2,7,228b5256-5bd2-4bf3-826f-c6fe76571449,Received from Global Ship Supply at Fujairah,PO-2025-0538,13-Jun-2025 00:00,UTC,Fujairah
1659,2025-06-13 00:00:00,7440571a-841a-11ed-aa7c-7003bca91a86,4752,MV0001-05296,Foot Mounting Spacer,COMP-1768374767899-slkigc1i8,665.001,"Emergency Generator Aggregates, Complete",SP-665.001-296,RECEIVE,1,7,228b5256-5bd2-4bf3-826f-c6fe76571449,Received from Global Ship Supply at Fujairah,PO-2025-5129,13-Jun-2025 00:00,UTC,Fujairah
1660,2025-06-13 00:00:00,7440571a-841a-11ed-aa7c-7003bca91a86,4776,MV0001-05320,Automatic Voltage Regulator,COMP-1768374767899-slkigc1i8,665.001,"Emergency Generator Aggregates, Complete",SP-665.001-320,RECEIVE,4,19,228b5256-5bd2-4bf3-826f-c6fe76571449,Received from Global Ship Supply at Fujairah,PO-2025-8313,13-Jun-2025 00:00,UTC,Fujairah
1661,2025-06-13 00:00:00,7440571a-841a-11ed-aa7c-7003bca91a86,4783,MV0001-05327,Diode-Reverse Polarity,COMP-1768374767899-slkigc1i8,665.001,"Emergency Generator Aggregates, Complete",SP-665.001-327,RECEIVE,3,8,228b5256-5bd2-4bf3-826f-c6fe76571449,Received from Global Ship Supply at Fujairah,PO-2025-2609,13-Jun-2025 00:00,UTC,Fujairah
1662,2025-06-13 00:00:00,7440571a-841a-11ed-aa7c-7003bca91a86,4794,MV0001-05338,Automatic Voltage Regulator Anti-Vibration Mount,COMP-1768374767899-slkigc1i8,665.001,"Emergency Generator Aggregates, Complete",SP-665.001-338,RECEIVE,3,8,228b5256-5bd2-4bf3-826f-c6fe76571449,Received from Global Ship Supply at Fujairah,PO-2025-1463,13-Jun-2025 00:00,UTC,Fujairah
1663,2025-06-13 00:00:00,7440571a-841a-11ed-aa7c-7003bca91a86,4796,MV0001-05340,PMG Exciter Rotor,COMP-1768374767899-slkigc1i8,665.001,"Emergency Generator Aggregates, Complete",SP-665.001-340,RECEIVE,5,16,228b5256-5bd2-4bf3-826f-c6fe76571449,Received from Global Ship Supply at Fujairah,PO-2025-1800,13-Jun-2025 00:00,UTC,Fujairah
1664,2025-06-13 00:00:00,7440571a-841a-11ed-aa7c-7003bca91a86,4811,MV0001-05355,Drive End Bracket,COMP-1768374767899-slkigc1i8,665.001,"Emergency Generator Aggregates, Complete",SP-665.001-355,RECEIVE,2,9,228b5256-5bd2-4bf3-826f-c6fe76571449,Received from Global Ship Supply at Fujairah,PO-2025-2881,13-Jun-2025 00:00,UTC,Fujairah
1665,2025-06-13 00:00:00,7440571a-841a-11ed-aa7c-7003bca91a86,4815,MV0001-05359,Frame Cover Bottom,COMP-1768374767899-slkigc1i8,665.001,"Emergency Generator Aggregates, Complete",SP-665.001-359,RECEIVE,2,16,228b5256-5bd2-4bf3-826f-c6fe76571449,Received from Global Ship Supply at Fujairah,PO-2025-8011,13-Jun-2025 00:00,UTC,Fujairah
1666,2025-06-13 00:00:00,7440571a-841a-11ed-aa7c-7003bca91a86,4847,MV0001-05391,Impeller Shaft,COMP-1768374767907-73hq6hda8,801.001,Clean Ballast Pumps,SP-801.001-391,RECEIVE,2,13,228b5256-5bd2-4bf3-826f-c6fe76571449,Received from Global Ship Supply at Fujairah,PO-2025-2434,13-Jun-2025 00:00,UTC,Fujairah
1667,2025-06-13 00:00:00,7440571a-841a-11ed-aa7c-7003bca91a86,4878,MV0001-05422,Packing Ring,COMP-1768374767907-73hq6hda8,801.001,Clean Ballast Pumps,SP-801.001-422,RECEIVE,2,18,228b5256-5bd2-4bf3-826f-c6fe76571449,Received from Global Ship Supply at Fujairah,PO-2025-9275,13-Jun-2025 00:00,UTC,Fujairah
1668,2025-06-13 00:00:00,7440571a-841a-11ed-aa7c-7003bca91a86,4885,MV0001-05429,Cover And Packing,COMP-1768374767907-73hq6hda8,801.001,Clean Ballast Pumps,SP-801.001-429,RECEIVE,2,10,228b5256-5bd2-4bf3-826f-c6fe76571449,Received from Global Ship Supply at Fujairah,PO-2025-8016,13-Jun-2025 00:00,UTC,Fujairah
1669,2025-06-13 00:00:00,7440571a-841a-11ed-aa7c-7003bca91a86,4893,MV0001-05437,Sleeve,COMP-1768374767907-73hq6hda8,801.001,Clean Ballast Pumps,SP-801.001-437,RECEIVE,2,15,228b5256-5bd2-4bf3-826f-c6fe76571449,Received from Global Ship Supply at Fujairah,PO-2025-0963,13-Jun-2025 00:00,UTC,Fujairah
1670,2025-06-13 00:00:00,7440571a-841a-11ed-aa7c-7003bca91a86,4943,MV0001-05487,O-Ring,COMP-1768374767815-k5anrfi02,554.001,Provision Cooling Compressor Aggregates,SP-554.001-487,RECEIVE,5,8,228b5256-5bd2-4bf3-826f-c6fe76571449,Received from Global Ship Supply at Fujairah,PO-2025-3492,13-Jun-2025 00:00,UTC,Fujairah
1671,2025-06-13 00:00:00,7440571a-841a-11ed-aa7c-7003bca91a86,4949,MV0001-05493,Service Valve,COMP-1768374767967-jb4k6wuji,554.003.02,Compressors W/Drive Unit No.02,SP-554.003.01-493,RECEIVE,3,11,228b5256-5bd2-4bf3-826f-c6fe76571449,Received from Global Ship Supply at Fujairah,PO-2025-8252,13-Jun-2025 00:00,UTC,Fujairah
2692,2025-06-12 00:00:00,7440571a-841a-11ed-aa7c-7003bca91a86,4801,MV0001-05345,PMG Dowel,COMP-1768374767899-slkigc1i8,665.001,"Emergency Generator Aggregates, Complete",SP-665.001-345,CONSUME,-2,3,Chief Engineer,Consumed during maintenance - MKR-IN-00072-285.001.10-2025-256,MKR-IN-00072-285.001.10-2025-256,12-Jun-2025,UTC,
2691,2025-06-12 00:00:00,7440571a-841a-11ed-aa7c-7003bca91a86,4853,MV0001-05397,Mouth Ring,COMP-1768374767907-73hq6hda8,801.001,Clean Ballast Pumps,SP-801.001-397,CONSUME,-1,4,Chief Engineer,Consumed during maintenance - MKR-IN-00072-285.001.10-2025-256,MKR-IN-00072-285.001.10-2025-256,12-Jun-2025,UTC,
354,2025-06-08 00:00:00,7440571a-841a-11ed-aa7c-7003bca91a86,4954,MV0001-05498,Piston Pin,COMP-1768374767967-jb4k6wuji,554.003.02,Compressors W/Drive Unit No.02,SP-554.003.01-498,CONSUME,-1,4,6084f3b8-85dc-462a-b045-111d2b2e6d0e,Consumed for WO WO-702.005.02-2025-281,WO-702.005.02-2025-281,08-Jun-2025 00:00,UTC,
351,2025-06-07 00:00:00,7440571a-841a-11ed-aa7c-7003bca91a86,4711,MV0001-05255,Plain Washer,COMP-1768374767837-m3bhk56ru,601.059,ME Exhaust Gas Manifolds/Pipes W/Insulation,SP-601.059-255,CONSUME,-2,1,056a433e-b880-43c6-9d59-b1cfe71a4014,Consumed for WO UWO-652.020.07-2025-748,UWO-652.020.07-2025-748,07-Jun-2025 00:00,UTC,
352,2025-06-07 00:00:00,7440571a-841a-11ed-aa7c-7003bca91a86,4562,MV0001-05106,Plug,COMP-1768374767802-sjje0yq3o,403.001,"Steering Gears, Complete",SP-403.001-106,CONSUME,-2,3,480b40d0-04bd-4590-a936-2f879b867977,Consumed for WO WO-653.003.06-2025-380,WO-653.003.06-2025-380,07-Jun-2025 00:00,UTC,
353,2025-06-07 00:00:00,7440571a-841a-11ed-aa7c-7003bca91a86,4837,MV0001-05381,Volute Casing,COMP-1768374767907-73hq6hda8,801.001,Clean Ballast Pumps,SP-801.001-381,CONSUME,-2,198,480b40d0-04bd-4590-a936-2f879b867977,Consumed for WO UWO-651.007.03-2025-540,UWO-651.007.03-2025-540,07-Jun-2025 00:00,UTC,
2063,2025-06-07 00:00:00,7440571a-841a-11ed-aa7c-7003bca91a86,4815,MV0001-05359,Frame Cover Bottom,COMP-1768374767899-slkigc1i8,665.001,"Emergency Generator Aggregates, Complete",SP-665.001-359,CONSUME,-2,3,2nd Engineer,Consumed during maintenance - UWO-652.020.07-2025-748,UWO-652.020.07-2025-748,07-Jun-2025,UTC,
2064,2025-06-07 00:00:00,7440571a-841a-11ed-aa7c-7003bca91a86,4914,MV0001-05458,Seat Packing,COMP-1768374767907-73hq6hda8,801.001,Clean Ballast Pumps,SP-801.001-458,CONSUME,-2,3,2nd Engineer,Consumed during maintenance - UWO-652.020.07-2025-748,UWO-652.020.07-2025-748,07-Jun-2025,UTC,
2065,2025-06-07 00:00:00,7440571a-841a-11ed-aa7c-7003bca91a86,5384,MV0001-05928,Terminal Block,COMP-1768374768525-zyps62yum,712.011.02,LO Separators No.02,SP-702.005.01-928,CONSUME,-1,4,2nd Engineer,Consumed during maintenance - UWO-652.020.07-2025-748,UWO-652.020.07-2025-748,07-Jun-2025,UTC,
2077,2025-06-07 00:00:00,7440571a-841a-11ed-aa7c-7003bca91a86,4857,MV0001-05401,Packing Ring,COMP-1768374767907-73hq6hda8,801.001,Clean Ballast Pumps,SP-801.001-401,CONSUME,-1,4,2nd Engineer,Consumed during maintenance - UWO-651.007.03-2025-540,UWO-651.007.03-2025-540,07-Jun-2025,UTC,
350,2025-06-04 00:00:00,7440571a-841a-11ed-aa7c-7003bca91a86,4849,MV0001-05393,Coupling Key,COMP-1768374767907-73hq6hda8,801.001,Clean Ballast Pumps,SP-801.001-393,CONSUME,-1,4,977621de-77d7-4892-ae27-adaebcc27d0b,Consumed for WO WO-651.003.01-2025-344,WO-651.003.01-2025-344,04-Jun-2025 00:00,UTC,
349,2025-06-02 00:00:00,7440571a-841a-11ed-aa7c-7003bca91a86,4775,MV0001-05319,End panel Non Drive End,COMP-1768374767899-slkigc1i8,665.001,"Emergency Generator Aggregates, Complete",SP-665.001-319,CONSUME,-1,4,480b40d0-04bd-4590-a936-2f879b867977,Consumed for WO WO-702.005.02-2025-280,WO-702.005.02-2025-280,02-Jun-2025 00:00,UTC,
348,2025-06-01 00:00:00,7440571a-841a-11ed-aa7c-7003bca91a86,4645,MV0001-05189,Crinket,COMP-1768374767818-ckg4kqu6q,601.001,"Main Diesel Engine, Compl.",SP-601.001-189,CONSUME,-1,1,228b5256-5bd2-4bf3-826f-c6fe76571449,Consumed for WO WO-651.053-2025-463,WO-651.053-2025-463,01-Jun-2025 00:00,UTC,
347,2025-05-29 00:00:00,7440571a-841a-11ed-aa7c-7003bca91a86,4515,MV0001-05059,Nut,COMP-1768374767799-zs6hrf8cm,401.005,Rudders W/Nozzle,SP-401.005-059,CONSUME,-1,0,977621de-77d7-4892-ae27-adaebcc27d0b,Consumed for WO UWO-4-2025-783,UWO-4-2025-783,29-May-2025 00:00,UTC,
346,2025-05-28 00:00:00,7440571a-841a-11ed-aa7c-7003bca91a86,4626,MV0001-05170,W.T. Receptacle,COMP-1768374767815-k5anrfi02,554.001,Provision Cooling Compressor Aggregates,SP-554.001-170,CONSUME,-2,0,056a433e-b880-43c6-9d59-b1cfe71a4014,Consumed for WO UWO-554.005.02-2025-771,UWO-554.005.02-2025-771,28-May-2025 00:00,UTC,
2018,2025-05-28 00:00:00,7440571a-841a-11ed-aa7c-7003bca91a86,5025,MV0001-05569,Packing For Front Cover,COMP-1768374767974-ma2l45pdf,554.005.02,Condensers No.02,SP-554.005.01-569,CONSUME,-2,3,4th Engineer,Consumed during maintenance - UWO-554.005.02-2025-771,UWO-554.005.02-2025-771,28-May-2025,UTC,
2019,2025-05-28 00:00:00,7440571a-841a-11ed-aa7c-7003bca91a86,5026,MV0001-05570,Packing For Rear Cover,COMP-1768374767974-ma2l45pdf,554.005.02,Condensers No.02,SP-554.005.01-570,CONSUME,-1,4,4th Engineer,Consumed during maintenance - UWO-554.005.02-2025-771,UWO-554.005.02-2025-771,28-May-2025,UTC,
345,2025-05-27 00:00:00,7440571a-841a-11ed-aa7c-7003bca91a86,4844,MV0001-05388,Bearing Inner Case,COMP-1768374767907-73hq6hda8,801.001,Clean Ballast Pumps,SP-801.001-388,CONSUME,-1,4,480b40d0-04bd-4590-a936-2f879b867977,Consumed for WO UWO-601.005.04-2025-795,UWO-601.005.04-2025-795,27-May-2025 00:00,UTC,
2195,2025-05-27 00:00:00,7440571a-841a-11ed-aa7c-7003bca91a86,4800,MV0001-05344,PMG Clamp,COMP-1768374767899-slkigc1i8,665.001,"Emergency Generator Aggregates, Complete",SP-665.001-344,CONSUME,-2,1,3rd Engineer,Consumed during maintenance - UWO-601.005.04-2025-795,UWO-601.005.04-2025-795,27-May-2025,UTC,
2196,2025-05-27 00:00:00,7440571a-841a-11ed-aa7c-7003bca91a86,5319,MV0001-05863,Brake Handle,COMP-1768374768525-zyps62yum,712.011.02,LO Separators No.02,SP-702.005.01-863,CONSUME,-1,4,3rd Engineer,Consumed during maintenance - UWO-601.005.04-2025-795,UWO-601.005.04-2025-795,27-May-2025,UTC,
3009,2025-05-26 00:00:00,7440571a-841a-11ed-aa7c-7003bca91a86,4898,MV0001-05442,Hub,COMP-1768374767907-73hq6hda8,801.001,Clean Ballast Pumps,SP-801.001-442,CONSUME,-1,4,3rd Engineer,Consumed during maintenance - UWO-66-2025-589,UWO-66-2025-589,26-May-2025,UTC,
3008,2025-05-26 00:00:00,7440571a-841a-11ed-aa7c-7003bca91a86,4500,MV0001-05044,Bush Case,COMP-1768374767799-zs6hrf8cm,401.005,Rudders W/Nozzle,SP-401.005-044,CONSUME,-1,4,3rd Engineer,Consumed during maintenance - UWO-66-2025-589,UWO-66-2025-589,26-May-2025,UTC,
2689,2025-05-26 00:00:00,7440571a-841a-11ed-aa7c-7003bca91a86,5155,MV0001-05699,Split Pin,COMP-1768374767884-8s61xigy8,653.018,AE3 Crankcases,SP-651.018-699,CONSUME,-2,0,3rd Engineer,Consumed during maintenance - UWO-653.018-2025-676,UWO-653.018-2025-676,26-May-2025,UTC,
344,2025-05-26 00:00:00,7440571a-841a-11ed-aa7c-7003bca91a86,4510,MV0001-05054,DK Seal Base Plate,COMP-1768374767799-zs6hrf8cm,401.005,Rudders W/Nozzle,SP-401.005-054,CONSUME,-2,3,480b40d0-04bd-4590-a936-2f879b867977,Consumed for WO UWO-653.018-2025-676,UWO-653.018-2025-676,26-May-2025 00:00,UTC,
2967,2025-05-25 00:00:00,7440571a-841a-11ed-aa7c-7003bca91a86,5329,MV0001-05873,Socket Set Screw,COMP-1768374768525-zyps62yum,712.011.02,LO Separators No.02,SP-702.005.01-873,CONSUME,-1,3,2nd Engineer,Consumed during maintenance - MKR-IN-00080-651.002.03-2025-528,MKR-IN-00080-651.002.03-2025-528,25-May-2025,UTC,
1992,2025-05-22 00:00:00,7440571a-841a-11ed-aa7c-7003bca91a86,4752,MV0001-05296,Foot Mounting Spacer,COMP-1768374767899-slkigc1i8,665.001,"Emergency Generator Aggregates, Complete",SP-665.001-296,CONSUME,-1,4,Chief Engineer,Consumed during maintenance - UWO-601.007.01-2025-544,UWO-601.007.01-2025-544,22-May-2025,UTC,
2317,2025-05-21 00:00:00,7440571a-841a-11ed-aa7c-7003bca91a86,5264,MV0001-05808,O-Ring,COMP-1768374768525-zyps62yum,712.011.02,LO Separators No.02,SP-702.005.01-808,CONSUME,-2,3,Chief Engineer,Consumed during maintenance - MKR-IN-00063-601.004.03-2025-336,MKR-IN-00063-601.004.03-2025-336,21-May-2025,UTC,
2611,2025-05-20 00:00:00,7440571a-841a-11ed-aa7c-7003bca91a86,5231,MV0001-05775,Elbow Connector,COMP-1768374768525-zyps62yum,712.011.02,LO Separators No.02,SP-702.005.01-775,CONSUME,-2,3,2nd Engineer,Consumed during maintenance - UWO-653.007.02-2025-494,UWO-653.007.02-2025-494,20-May-2025,UTC,
2610,2025-05-20 00:00:00,7440571a-841a-11ed-aa7c-7003bca91a86,5563,MV0001-06107,O-Ring,COMP-1768374767795-1qyq8qvkb,721.001.02,Main Sw Cooling Pumps No.02,SP-721.001.01-1107,CONSUME,-2,2,2nd Engineer,Consumed during maintenance - UWO-653.007.02-2025-494,UWO-653.007.02-2025-494,20-May-2025,UTC,
2471,2025-05-18 00:00:00,7440571a-841a-11ed-aa7c-7003bca91a86,5075,MV0001-05619,O-Ring,COMP-1768374768161-fwhsrv4rs,601.005.06,"ME Connecting Rods, Crosshead, Guides No.06",SP-601.005.01-619,CONSUME,-2,1,Electrican,Consumed during maintenance - MKR-IN-00076-601.005.06-2025-423,MKR-IN-00076-601.005.06-2025-423,18-May-2025,UTC,
2889,2025-05-16 00:00:00,7440571a-841a-11ed-aa7c-7003bca91a86,4628,MV0001-05172,Cable Junction Box,COMP-1768374767815-k5anrfi02,554.001,Provision Cooling Compressor Aggregates,SP-554.001-172,CONSUME,-1,4,2nd Engineer,Consumed during maintenance - MKR-IN-00085-651.003.04-2025-579,MKR-IN-00085-651.003.04-2025-579,16-May-2025,UTC,
2888,2025-05-16 00:00:00,7440571a-841a-11ed-aa7c-7003bca91a86,5558,MV0001-06102,Thrust Washer-P,COMP-1768374767795-1qyq8qvkb,721.001.02,Main Sw Cooling Pumps No.02,SP-721.001.01-1102,CONSUME,-1,4,2nd Engineer,Consumed during maintenance - MKR-IN-00085-651.003.04-2025-579,MKR-IN-00085-651.003.04-2025-579,16-May-2025,UTC,
343,2025-05-15 00:00:00,7440571a-841a-11ed-aa7c-7003bca91a86,4860,MV0001-05404,Packing Ring,COMP-1768374767907-73hq6hda8,801.001,Clean Ballast Pumps,SP-801.001-404,CONSUME,-2,3,480b40d0-04bd-4590-a936-2f879b867977,Consumed for WO WO-653.053-2025-465,WO-653.053-2025-465,15-May-2025 00:00,UTC,
1590,2025-05-13 00:00:00,7440571a-841a-11ed-aa7c-7003bca91a86,4458,MV0001-05002,Gudgeon,COMP-1768374767799-zs6hrf8cm,401.005,Rudders W/Nozzle,SP-401.005-002,RECEIVE,5,18,228b5256-5bd2-4bf3-826f-c6fe76571449,Received from Nordic Maritime Supply at Jebel Ali,PO-2025-0677,13-May-2025 00:00,UTC,Jebel Ali
1591,2025-05-13 00:00:00,7440571a-841a-11ed-aa7c-7003bca91a86,4469,MV0001-05013,O-Ring Clamp,COMP-1768374767799-zs6hrf8cm,401.005,Rudders W/Nozzle,SP-401.005-013,RECEIVE,1,11,228b5256-5bd2-4bf3-826f-c6fe76571449,Received from Nordic Maritime Supply at Jebel Ali,PO-2025-8054,13-May-2025 00:00,UTC,Jebel Ali
1592,2025-05-13 00:00:00,7440571a-841a-11ed-aa7c-7003bca91a86,4481,MV0001-05025,Gudgeon,COMP-1768374767799-zs6hrf8cm,401.005,Rudders W/Nozzle,SP-401.005-025,RECEIVE,4,16,228b5256-5bd2-4bf3-826f-c6fe76571449,Received from Nordic Maritime Supply at Jebel Ali,PO-2025-4431,13-May-2025 00:00,UTC,Jebel Ali
1593,2025-05-13 00:00:00,7440571a-841a-11ed-aa7c-7003bca91a86,4491,MV0001-05035,O-Ring,COMP-1768374767799-zs6hrf8cm,401.005,Rudders W/Nozzle,SP-401.005-035,RECEIVE,3,18,228b5256-5bd2-4bf3-826f-c6fe76571449,Received from Nordic Maritime Supply at Jebel Ali,PO-2025-4387,13-May-2025 00:00,UTC,Jebel Ali
1594,2025-05-13 00:00:00,7440571a-841a-11ed-aa7c-7003bca91a86,4492,MV0001-05036,O-Ring,COMP-1768374767799-zs6hrf8cm,401.005,Rudders W/Nozzle,SP-401.005-036,RECEIVE,3,12,228b5256-5bd2-4bf3-826f-c6fe76571449,Received from Nordic Maritime Supply at Jebel Ali,PO-2025-4271,13-May-2025 00:00,UTC,Jebel Ali
1595,2025-05-13 00:00:00,7440571a-841a-11ed-aa7c-7003bca91a86,4494,MV0001-05038,Back-Up Ring,COMP-1768374767799-zs6hrf8cm,401.005,Rudders W/Nozzle,SP-401.005-038,RECEIVE,4,26,228b5256-5bd2-4bf3-826f-c6fe76571449,Received from Nordic Maritime Supply at Jebel Ali,PO-2025-3280,13-May-2025 00:00,UTC,Jebel Ali
1596,2025-05-13 00:00:00,7440571a-841a-11ed-aa7c-7003bca91a86,4497,MV0001-05041,Eye Bolt,COMP-1768374767799-zs6hrf8cm,401.005,Rudders W/Nozzle,SP-401.005-041,RECEIVE,4,19,228b5256-5bd2-4bf3-826f-c6fe76571449,Received from Nordic Maritime Supply at Jebel Ali,PO-2025-3024,13-May-2025 00:00,UTC,Jebel Ali
1597,2025-05-13 00:00:00,7440571a-841a-11ed-aa7c-7003bca91a86,4503,MV0001-05047,Seat Plate,COMP-1768374767799-zs6hrf8cm,401.005,Rudders W/Nozzle,SP-401.005-047,RECEIVE,5,16,228b5256-5bd2-4bf3-826f-c6fe76571449,Received from Nordic Maritime Supply at Jebel Ali,PO-2025-4355,13-May-2025 00:00,UTC,Jebel Ali
1598,2025-05-13 00:00:00,7440571a-841a-11ed-aa7c-7003bca91a86,4515,MV0001-05059,Nut,COMP-1768374767799-zs6hrf8cm,401.005,Rudders W/Nozzle,SP-401.005-059,RECEIVE,1,23,228b5256-5bd2-4bf3-826f-c6fe76571449,Received from Nordic Maritime Supply at Jebel Ali,PO-2025-2085,13-May-2025 00:00,UTC,Jebel Ali
1599,2025-05-13 00:00:00,7440571a-841a-11ed-aa7c-7003bca91a86,4520,MV0001-05064,Drive Band,COMP-1768374767799-zs6hrf8cm,401.005,Rudders W/Nozzle,SP-401.005-064,RECEIVE,3,15,228b5256-5bd2-4bf3-826f-c6fe76571449,Received from Nordic Maritime Supply at Jebel Ali,PO-2025-4920,13-May-2025 00:00,UTC,Jebel Ali
1600,2025-05-13 00:00:00,7440571a-841a-11ed-aa7c-7003bca91a86,4531,MV0001-05075,Packing Brick-Wood,COMP-1768374767802-sjje0yq3o,403.001,"Steering Gears, Complete",SP-403.001-075,RECEIVE,5,23,228b5256-5bd2-4bf3-826f-c6fe76571449,Received from Nordic Maritime Supply at Jebel Ali,PO-2025-4498,13-May-2025 00:00,UTC,Jebel Ali
1601,2025-05-13 00:00:00,7440571a-841a-11ed-aa7c-7003bca91a86,4537,MV0001-05081,Lock Valve,COMP-1768374767802-sjje0yq3o,403.001,"Steering Gears, Complete",SP-403.001-081,RECEIVE,3,10,228b5256-5bd2-4bf3-826f-c6fe76571449,Received from Nordic Maritime Supply at Jebel Ali,PO-2025-3621,13-May-2025 00:00,UTC,Jebel Ali
1602,2025-05-13 00:00:00,7440571a-841a-11ed-aa7c-7003bca91a86,4546,MV0001-05090,O-Ring,COMP-1768374767802-sjje0yq3o,403.001,"Steering Gears, Complete",SP-403.001-090,RECEIVE,3,22,228b5256-5bd2-4bf3-826f-c6fe76571449,Received from Nordic Maritime Supply at Jebel Ali,PO-2025-7728,13-May-2025 00:00,UTC,Jebel Ali
1603,2025-05-13 00:00:00,7440571a-841a-11ed-aa7c-7003bca91a86,4567,MV0001-05111,Cyl. Head Screw,COMP-1768374767802-sjje0yq3o,403.001,"Steering Gears, Complete",SP-403.001-111,RECEIVE,1,19,228b5256-5bd2-4bf3-826f-c6fe76571449,Received from Nordic Maritime Supply at Jebel Ali,PO-2025-7375,13-May-2025 00:00,UTC,Jebel Ali
1604,2025-05-13 00:00:00,7440571a-841a-11ed-aa7c-7003bca91a86,4578,MV0001-05122,Clip,COMP-1768374767802-sjje0yq3o,403.001,"Steering Gears, Complete",SP-403.001-122,RECEIVE,4,12,228b5256-5bd2-4bf3-826f-c6fe76571449,Received from Nordic Maritime Supply at Jebel Ali,PO-2025-7923,13-May-2025 00:00,UTC,Jebel Ali
1605,2025-05-13 00:00:00,7440571a-841a-11ed-aa7c-7003bca91a86,4601,MV0001-05145,Spring,COMP-1768374767802-sjje0yq3o,403.001,"Steering Gears, Complete",SP-403.001-145,RECEIVE,5,24,228b5256-5bd2-4bf3-826f-c6fe76571449,Received from Nordic Maritime Supply at Jebel Ali,PO-2025-3869,13-May-2025 00:00,UTC,Jebel Ali
1606,2025-05-13 00:00:00,7440571a-841a-11ed-aa7c-7003bca91a86,4630,MV0001-05174,Freon Gas,COMP-1768374767815-k5anrfi02,554.001,Provision Cooling Compressor Aggregates,SP-554.001-174,RECEIVE,4,14,228b5256-5bd2-4bf3-826f-c6fe76571449,Received from Nordic Maritime Supply at Jebel Ali,PO-2025-3131,13-May-2025 00:00,UTC,Jebel Ali
1607,2025-05-13 00:00:00,7440571a-841a-11ed-aa7c-7003bca91a86,4643,MV0001-05187,Magnetic Contactor,COMP-1768374767815-k5anrfi02,554.001,Provision Cooling Compressor Aggregates,SP-554.001-187,RECEIVE,4,10,228b5256-5bd2-4bf3-826f-c6fe76571449,Received from Nordic Maritime Supply at Jebel Ali,PO-2025-0934,13-May-2025 00:00,UTC,Jebel Ali
1608,2025-05-13 00:00:00,7440571a-841a-11ed-aa7c-7003bca91a86,4648,MV0001-05192,Tie-Rod,COMP-1768374767827-g6k9lk4to,601.016,ME Tiebolts,SP-601.016-192,RECEIVE,5,15,228b5256-5bd2-4bf3-826f-c6fe76571449,Received from Nordic Maritime Supply at Jebel Ali,PO-2025-2512,13-May-2025 00:00,UTC,Jebel Ali
1609,2025-05-13 00:00:00,7440571a-841a-11ed-aa7c-7003bca91a86,4670,MV0001-05214,Bolt With Wire Hole,COMP-1768374767834-dbncpiany,601.053,ME Turbochargers,SP-601.053-214,RECEIVE,4,14,228b5256-5bd2-4bf3-826f-c6fe76571449,Received from Nordic Maritime Supply at Jebel Ali,PO-2025-8017,13-May-2025 00:00,UTC,Jebel Ali
1610,2025-05-13 00:00:00,7440571a-841a-11ed-aa7c-7003bca91a86,4724,MV0001-05268,Bearing Non Drive End,COMP-1768374767899-slkigc1i8,665.001,"Emergency Generator Aggregates, Complete",SP-665.001-268,RECEIVE,1,12,228b5256-5bd2-4bf3-826f-c6fe76571449,Received from Nordic Maritime Supply at Jebel Ali,PO-2025-7913,13-May-2025 00:00,UTC,Jebel Ali
1611,2025-05-13 00:00:00,7440571a-841a-11ed-aa7c-7003bca91a86,4727,MV0001-05271,Drive End Screen,COMP-1768374767899-slkigc1i8,665.001,"Emergency Generator Aggregates, Complete",SP-665.001-271,RECEIVE,3,17,228b5256-5bd2-4bf3-826f-c6fe76571449,Received from Nordic Maritime Supply at Jebel Ali,PO-2025-1395,13-May-2025 00:00,UTC,Jebel Ali
1612,2025-05-13 00:00:00,7440571a-841a-11ed-aa7c-7003bca91a86,4734,MV0001-05278,Terminal Box Lid,COMP-1768374767899-slkigc1i8,665.001,"Emergency Generator Aggregates, Complete",SP-665.001-278,RECEIVE,3,13,228b5256-5bd2-4bf3-826f-c6fe76571449,Received from Nordic Maritime Supply at Jebel Ali,PO-2025-7206,13-May-2025 00:00,UTC,Jebel Ali
1613,2025-05-13 00:00:00,7440571a-841a-11ed-aa7c-7003bca91a86,4775,MV0001-05319,End panel Non Drive End,COMP-1768374767899-slkigc1i8,665.001,"Emergency Generator Aggregates, Complete",SP-665.001-319,RECEIVE,3,7,228b5256-5bd2-4bf3-826f-c6fe76571449,Received from Nordic Maritime Supply at Jebel Ali,PO-2025-0531,13-May-2025 00:00,UTC,Jebel Ali
1614,2025-05-13 00:00:00,7440571a-841a-11ed-aa7c-7003bca91a86,4780,MV0001-05324,Main Rectifier Assembly-Reverse,COMP-1768374767899-slkigc1i8,665.001,"Emergency Generator Aggregates, Complete",SP-665.001-324,RECEIVE,4,9,228b5256-5bd2-4bf3-826f-c6fe76571449,Received from Nordic Maritime Supply at Jebel Ali,PO-2025-2315,13-May-2025 00:00,UTC,Jebel Ali
1615,2025-05-13 00:00:00,7440571a-841a-11ed-aa7c-7003bca91a86,4787,MV0001-05331,Main Terminal Panel,COMP-1768374767899-slkigc1i8,665.001,"Emergency Generator Aggregates, Complete",SP-665.001-331,RECEIVE,1,10,228b5256-5bd2-4bf3-826f-c6fe76571449,Received from Nordic Maritime Supply at Jebel Ali,PO-2025-5048,13-May-2025 00:00,UTC,Jebel Ali
1616,2025-05-13 00:00:00,7440571a-841a-11ed-aa7c-7003bca91a86,4798,MV0001-05342,PMG Bolt,COMP-1768374767899-slkigc1i8,665.001,"Emergency Generator Aggregates, Complete",SP-665.001-342,RECEIVE,5,31,228b5256-5bd2-4bf3-826f-c6fe76571449,Received from Nordic Maritime Supply at Jebel Ali,PO-2025-5972,13-May-2025 00:00,UTC,Jebel Ali
1617,2025-05-13 00:00:00,7440571a-841a-11ed-aa7c-7003bca91a86,4827,MV0001-05371,Diode-Reverse Polarity,COMP-1768374767899-slkigc1i8,665.001,"Emergency Generator Aggregates, Complete",SP-665.001-371,RECEIVE,4,11,228b5256-5bd2-4bf3-826f-c6fe76571449,Received from Nordic Maritime Supply at Jebel Ali,PO-2025-1996,13-May-2025 00:00,UTC,Jebel Ali
1618,2025-05-13 00:00:00,7440571a-841a-11ed-aa7c-7003bca91a86,4839,MV0001-05383,Pump Bed,COMP-1768374767907-73hq6hda8,801.001,Clean Ballast Pumps,SP-801.001-383,RECEIVE,3,21,228b5256-5bd2-4bf3-826f-c6fe76571449,Received from Nordic Maritime Supply at Jebel Ali,PO-2025-6769,13-May-2025 00:00,UTC,Jebel Ali
1619,2025-05-13 00:00:00,7440571a-841a-11ed-aa7c-7003bca91a86,4851,MV0001-05395,Ball Bearing,COMP-1768374767907-73hq6hda8,801.001,Clean Ballast Pumps,SP-801.001-395,RECEIVE,4,21,228b5256-5bd2-4bf3-826f-c6fe76571449,Received from Nordic Maritime Supply at Jebel Ali,PO-2025-8924,13-May-2025 00:00,UTC,Jebel Ali
1620,2025-05-13 00:00:00,7440571a-841a-11ed-aa7c-7003bca91a86,4869,MV0001-05413,Stopper Ring And Set Screw,COMP-1768374767907-73hq6hda8,801.001,Clean Ballast Pumps,SP-801.001-413,RECEIVE,2,12,228b5256-5bd2-4bf3-826f-c6fe76571449,Received from Nordic Maritime Supply at Jebel Ali,PO-2025-6969,13-May-2025 00:00,UTC,Jebel Ali
1621,2025-05-13 00:00:00,7440571a-841a-11ed-aa7c-7003bca91a86,4873,MV0001-05417,Snap Ring,COMP-1768374767907-73hq6hda8,801.001,Clean Ballast Pumps,SP-801.001-417,RECEIVE,5,10,228b5256-5bd2-4bf3-826f-c6fe76571449,Received from Nordic Maritime Supply at Jebel Ali,PO-2025-9232,13-May-2025 00:00,UTC,Jebel Ali
1622,2025-05-13 00:00:00,7440571a-841a-11ed-aa7c-7003bca91a86,4905,MV0001-05449,Packing Ring,COMP-1768374767907-73hq6hda8,801.001,Clean Ballast Pumps,SP-801.001-449,RECEIVE,2,12,228b5256-5bd2-4bf3-826f-c6fe76571449,Received from Nordic Maritime Supply at Jebel Ali,PO-2025-3929,13-May-2025 00:00,UTC,Jebel Ali
1623,2025-05-13 00:00:00,7440571a-841a-11ed-aa7c-7003bca91a86,4908,MV0001-05452,Cover And Packing,COMP-1768374767907-73hq6hda8,801.001,Clean Ballast Pumps,SP-801.001-452,RECEIVE,5,20,228b5256-5bd2-4bf3-826f-c6fe76571449,Received from Nordic Maritime Supply at Jebel Ali,PO-2025-2147,13-May-2025 00:00,UTC,Jebel Ali
1624,2025-05-13 00:00:00,7440571a-841a-11ed-aa7c-7003bca91a86,4921,MV0001-05465,Oil Seal,COMP-1768374767907-73hq6hda8,801.001,Clean Ballast Pumps,SP-801.001-465,RECEIVE,3,8,228b5256-5bd2-4bf3-826f-c6fe76571449,Received from Nordic Maritime Supply at Jebel Ali,PO-2025-0809,13-May-2025 00:00,UTC,Jebel Ali
1625,2025-05-13 00:00:00,7440571a-841a-11ed-aa7c-7003bca91a86,4925,MV0001-05469,Oil Seal,COMP-1768374767907-73hq6hda8,801.001,Clean Ballast Pumps,SP-801.001-469,RECEIVE,1,16,228b5256-5bd2-4bf3-826f-c6fe76571449,Received from Nordic Maritime Supply at Jebel Ali,PO-2025-3526,13-May-2025 00:00,UTC,Jebel Ali
1626,2025-05-13 00:00:00,7440571a-841a-11ed-aa7c-7003bca91a86,4926,MV0001-05470,Impeller Nut Spanner,COMP-1768374767907-73hq6hda8,801.001,Clean Ballast Pumps,SP-801.001-470,RECEIVE,3,8,228b5256-5bd2-4bf3-826f-c6fe76571449,Received from Nordic Maritime Supply at Jebel Ali,PO-2025-0055,13-May-2025 00:00,UTC,Jebel Ali
1627,2025-05-13 00:00:00,7440571a-841a-11ed-aa7c-7003bca91a86,4932,MV0001-05476,Rudder Stock Bearings,COMP-1768374767799-zs6hrf8cm,401.005,Rudders W/Nozzle,SP-401.005-476,RECEIVE,2,12,228b5256-5bd2-4bf3-826f-c6fe76571449,Received from Nordic Maritime Supply at Jebel Ali,PO-2025-1710,13-May-2025 00:00,UTC,Jebel Ali
1628,2025-05-13 00:00:00,7440571a-841a-11ed-aa7c-7003bca91a86,4945,MV0001-05489,Cylinder Cover,COMP-1768374767967-jb4k6wuji,554.003.02,Compressors W/Drive Unit No.02,SP-554.003.01-489,RECEIVE,2,12,228b5256-5bd2-4bf3-826f-c6fe76571449,Received from Nordic Maritime Supply at Jebel Ali,PO-2025-4734,13-May-2025 00:00,UTC,Jebel Ali
1629,2025-05-13 00:00:00,7440571a-841a-11ed-aa7c-7003bca91a86,4949,MV0001-05493,Service Valve,COMP-1768374767967-jb4k6wuji,554.003.02,Compressors W/Drive Unit No.02,SP-554.003.01-493,RECEIVE,1,8,228b5256-5bd2-4bf3-826f-c6fe76571449,Received from Nordic Maritime Supply at Jebel Ali,PO-2025-4684,13-May-2025 00:00,UTC,Jebel Ali
1630,2025-05-13 00:00:00,7440571a-841a-11ed-aa7c-7003bca91a86,4954,MV0001-05498,Piston Pin,COMP-1768374767967-jb4k6wuji,554.003.02,Compressors W/Drive Unit No.02,SP-554.003.01-498,RECEIVE,5,16,228b5256-5bd2-4bf3-826f-c6fe76571449,Received from Nordic Maritime Supply at Jebel Ali,PO-2025-5032,13-May-2025 00:00,UTC,Jebel Ali
1954,2025-05-07 00:00:00,7440571a-841a-11ed-aa7c-7003bca91a86,4571,MV0001-05115,Bonded Seal,COMP-1768374767802-sjje0yq3o,403.001,"Steering Gears, Complete",SP-403.001-115,CONSUME,-2,3,3rd Engineer,Consumed during maintenance - UWO-652.020.04-2025-790,UWO-652.020.04-2025-790,07-May-2025,UTC,
2166,2025-05-06 00:00:00,7440571a-841a-11ed-aa7c-7003bca91a86,5129,MV0001-05673,Parallel Pin,COMP-1768374768443-sj0hmblft,653.003.06,AE3 Cylinder Liners No.06,SP-651.003.01-673,CONSUME,-1,3,3rd Engineer,Consumed during maintenance - WO-653.003.06-2025-379,WO-653.003.06-2025-379,06-May-2025,UTC,
2167,2025-05-06 00:00:00,7440571a-841a-11ed-aa7c-7003bca91a86,5124,MV0001-05668,Main Bearing Assembly,COMP-1768374768443-sj0hmblft,653.003.06,AE3 Cylinder Liners No.06,SP-651.003.01-668,CONSUME,-1,4,3rd Engineer,Consumed during maintenance - WO-653.003.06-2025-379,WO-653.003.06-2025-379,06-May-2025,UTC,
2168,2025-05-06 00:00:00,7440571a-841a-11ed-aa7c-7003bca91a86,5128,MV0001-05672,"Thrust Bearing, Upper",COMP-1768374768443-sj0hmblft,653.003.06,AE3 Cylinder Liners No.06,SP-651.003.01-672,CONSUME,-2,3,3rd Engineer,Consumed during maintenance - WO-653.003.06-2025-379,WO-653.003.06-2025-379,06-May-2025,UTC,
1970,2025-05-04 00:00:00,7440571a-841a-11ed-aa7c-7003bca91a86,4660,MV0001-05204,Thrust Bearing Support,COMP-1768374767834-dbncpiany,601.053,ME Turbochargers,SP-601.053-204,CONSUME,-1,4,3rd Engineer,Consumed during maintenance - WO-652.053-2025-464,WO-652.053-2025-464,04-May-2025,UTC,
1971,2025-05-04 00:00:00,7440571a-841a-11ed-aa7c-7003bca91a86,4544,MV0001-05088,O-Ring,COMP-1768374767802-sjje0yq3o,403.001,"Steering Gears, Complete",SP-403.001-088,CONSUME,-1,4,3rd Engineer,Consumed during maintenance - WO-652.053-2025-464,WO-652.053-2025-464,04-May-2025,UTC,
2247,2025-05-03 00:00:00,7440571a-841a-11ed-aa7c-7003bca91a86,5527,MV0001-06071,Lock Washer,COMP-1768374767795-1qyq8qvkb,721.001.02,Main Sw Cooling Pumps No.02,SP-721.001.01-1071,CONSUME,-2,3,3rd Engineer,Consumed during maintenance - WO-702.005.02-2025-276,WO-702.005.02-2025-276,03-May-2025,UTC,
2248,2025-05-03 00:00:00,7440571a-841a-11ed-aa7c-7003bca91a86,4626,MV0001-05170,W.T. Receptacle,COMP-1768374767815-k5anrfi02,554.001,Provision Cooling Compressor Aggregates,SP-554.001-170,CONSUME,-2,2,3rd Engineer,Consumed during maintenance - WO-702.005.02-2025-276,WO-702.005.02-2025-276,03-May-2025,UTC,
2723,2025-05-02 00:00:00,7440571a-841a-11ed-aa7c-7003bca91a86,4798,MV0001-05342,PMG Bolt,COMP-1768374767899-slkigc1i8,665.001,"Emergency Generator Aggregates, Complete",SP-665.001-342,CONSUME,-1,0,2nd Engineer,Consumed during maintenance - MKR-IN-00080-652.002.03-2025-621,MKR-IN-00080-652.002.03-2025-621,02-May-2025,UTC,
342,2025-04-29 00:00:00,7440571a-841a-11ed-aa7c-7003bca91a86,4707,MV0001-05251,Stud Bolt,COMP-1768374767837-m3bhk56ru,601.059,ME Exhaust Gas Manifolds/Pipes W/Insulation,SP-601.059-251,CONSUME,-1,4,977621de-77d7-4892-ae27-adaebcc27d0b,Consumed for WO UWO-653.020.02-2025-648,UWO-653.020.02-2025-648,29-Apr-2025 00:00,UTC,
2923,2025-04-29 00:00:00,7440571a-841a-11ed-aa7c-7003bca91a86,4848,MV0001-05392,Impeller Key,COMP-1768374767907-73hq6hda8,801.001,Clean Ballast Pumps,SP-801.001-392,CONSUME,-1,2,Chief Engineer,Consumed during maintenance - UWO-653.020.02-2025-648,UWO-653.020.02-2025-648,29-Apr-2025,UTC,
2924,2025-04-29 00:00:00,7440571a-841a-11ed-aa7c-7003bca91a86,5143,MV0001-05687,Flywheel,COMP-1768374768462-uelez69lg,653.004.06,AE3 Pistons And Connecting Rod No.06,SP-651.004.01-687,CONSUME,-2,3,Chief Engineer,Consumed during maintenance - UWO-653.020.02-2025-648,UWO-653.020.02-2025-648,29-Apr-2025,UTC,
341,2025-04-27 00:00:00,7440571a-841a-11ed-aa7c-7003bca91a86,4766,MV0001-05310,Drive End Bracket,COMP-1768374767899-slkigc1i8,665.001,"Emergency Generator Aggregates, Complete",SP-665.001-310,CONSUME,-1,4,6084f3b8-85dc-462a-b045-111d2b2e6d0e,Consumed for WO UWO-653.003.03-2025-617,UWO-653.003.03-2025-617,27-Apr-2025 00:00,UTC,
2107,2025-04-27 00:00:00,7440571a-841a-11ed-aa7c-7003bca91a86,4615,MV0001-05159,Belt Heater,COMP-1768374767815-k5anrfi02,554.001,Provision Cooling Compressor Aggregates,SP-554.001-159,CONSUME,-2,3,3rd Engineer,Consumed during maintenance - WO-702.005.02-2025-275,WO-702.005.02-2025-275,27-Apr-2025,UTC,
2108,2025-04-27 00:00:00,7440571a-841a-11ed-aa7c-7003bca91a86,4817,MV0001-05361,Air Inlet Cover,COMP-1768374767899-slkigc1i8,665.001,"Emergency Generator Aggregates, Complete",SP-665.001-361,CONSUME,-1,4,3rd Engineer,Consumed during maintenance - WO-702.005.02-2025-275,WO-702.005.02-2025-275,27-Apr-2025,UTC,
340,2025-04-25 00:00:00,7440571a-841a-11ed-aa7c-7003bca91a86,4956,MV0001-05500,Thrust Bearing Metal,COMP-1768374767967-jb4k6wuji,554.003.02,Compressors W/Drive Unit No.02,SP-554.003.01-500,CONSUME,-2,3,228b5256-5bd2-4bf3-826f-c6fe76571449,Consumed for WO UWO-653.007.02-2025-738,UWO-653.007.02-2025-738,25-Apr-2025 00:00,UTC,
2013,2025-04-25 00:00:00,7440571a-841a-11ed-aa7c-7003bca91a86,5411,MV0001-05955,Body,COMP-1768374768525-zyps62yum,712.011.02,LO Separators No.02,SP-702.005.01-955,CONSUME,-2,3,2nd Engineer,Consumed during maintenance - UWO-653.007.02-2025-738,UWO-653.007.02-2025-738,25-Apr-2025,UTC,
2014,2025-04-25 00:00:00,7440571a-841a-11ed-aa7c-7003bca91a86,4656,MV0001-05200,Hexagon Socket Head Bolt,COMP-1768374767827-g6k9lk4to,601.016,ME Tiebolts,SP-601.016-200,CONSUME,-2,3,2nd Engineer,Consumed during maintenance - UWO-653.007.02-2025-738,UWO-653.007.02-2025-738,25-Apr-2025,UTC,
2459,2025-04-23 00:00:00,7440571a-841a-11ed-aa7c-7003bca91a86,4683,MV0001-05227,O-Ring,COMP-1768374767834-dbncpiany,601.053,ME Turbochargers,SP-601.053-227,CONSUME,-2,3,2nd Engineer,Consumed during maintenance - WO-601.053-2025-445,WO-601.053-2025-445,23-Apr-2025,UTC,
2634,2025-04-22 00:00:00,7440571a-841a-11ed-aa7c-7003bca91a86,4689,MV0001-05233,Exhaust Pipe Complete,COMP-1768374767837-m3bhk56ru,601.059,ME Exhaust Gas Manifolds/Pipes W/Insulation,SP-601.059-233,CONSUME,-2,0,4th Engineer,Consumed during maintenance - MKR-IN-00078-601.059-2025-449,MKR-IN-00078-601.059-2025-449,22-Apr-2025,UTC,
2985,2025-04-19 00:00:00,7440571a-841a-11ed-aa7c-7003bca91a86,4532,MV0001-05076,Rotor Housing,COMP-1768374767802-sjje0yq3o,403.001,"Steering Gears, Complete",SP-403.001-076,CONSUME,-2,1,3rd Engineer,Consumed during maintenance - WO-702.005.02-2025-274,WO-702.005.02-2025-274,19-Apr-2025,UTC,
339,2025-04-17 00:00:00,7440571a-841a-11ed-aa7c-7003bca91a86,4622,MV0001-05166,Sight Glass,COMP-1768374767815-k5anrfi02,554.001,Provision Cooling Compressor Aggregates,SP-554.001-166,CONSUME,-2,1,977621de-77d7-4892-ae27-adaebcc27d0b,Consumed for WO UWO-601.066.01-2025-867,UWO-601.066.01-2025-867,17-Apr-2025 00:00,UTC,
2203,2025-04-17 00:00:00,7440571a-841a-11ed-aa7c-7003bca91a86,4999,MV0001-05543,Bolt,COMP-1768374767967-jb4k6wuji,554.003.02,Compressors W/Drive Unit No.02,SP-554.003.01-543,CONSUME,-1,4,2nd Engineer,Consumed during maintenance - UWO-601.066.01-2025-867,UWO-601.066.01-2025-867,17-Apr-2025,UTC,
2669,2025-04-16 00:00:00,7440571a-841a-11ed-aa7c-7003bca91a86,5115,MV0001-05659,Main Bearing Metal Assembly,COMP-1768374768443-sj0hmblft,653.003.06,AE3 Cylinder Liners No.06,SP-651.003.01-659,CONSUME,-1,0,Electrican,Consumed during maintenance - MKR-IN-00072-285.001.08-2025-234,MKR-IN-00072-285.001.08-2025-234,16-Apr-2025,UTC,
2998,2025-04-15 00:00:00,7440571a-841a-11ed-aa7c-7003bca91a86,5537,MV0001-06081,Separate Tank,COMP-1768374767795-1qyq8qvkb,721.001.02,Main Sw Cooling Pumps No.02,SP-721.001.01-1081,CONSUME,-1,4,3rd Engineer,Consumed during maintenance - UWO-653.004.05-2025-654,UWO-653.004.05-2025-654,15-Apr-2025,UTC,
2786,2025-04-15 00:00:00,7440571a-841a-11ed-aa7c-7003bca91a86,4916,MV0001-05460,Doubling Plate,COMP-1768374767907-73hq6hda8,801.001,Clean Ballast Pumps,SP-801.001-460,CONSUME,-1,2,Chief Engineer,Consumed during maintenance - MKR-IN-00080-651.002.03-2025-524,MKR-IN-00080-651.002.03-2025-524,15-Apr-2025,UTC,
2997,2025-04-15 00:00:00,7440571a-841a-11ed-aa7c-7003bca91a86,5172,MV0001-05716,Gasket,COMP-1768374768525-zyps62yum,712.011.02,LO Separators No.02,SP-702.005.01-716,CONSUME,-1,2,3rd Engineer,Consumed during maintenance - UWO-653.004.05-2025-654,UWO-653.004.05-2025-654,15-Apr-2025,UTC,
1551,2025-04-13 00:00:00,7440571a-841a-11ed-aa7c-7003bca91a86,4676,MV0001-05220,Bolt,COMP-1768374767834-dbncpiany,601.053,ME Turbochargers,SP-601.053-220,RECEIVE,1,18,228b5256-5bd2-4bf3-826f-c6fe76571449,Received from Atlas Marine Parts at Houston,PO-2025-8881,13-Apr-2025 00:00,UTC,Houston
1552,2025-04-13 00:00:00,7440571a-841a-11ed-aa7c-7003bca91a86,4497,MV0001-05041,Eye Bolt,COMP-1768374767799-zs6hrf8cm,401.005,Rudders W/Nozzle,SP-401.005-041,RECEIVE,4,15,228b5256-5bd2-4bf3-826f-c6fe76571449,Received from Atlas Marine Parts at Houston,PO-2025-0986,13-Apr-2025 00:00,UTC,Houston
1553,2025-04-13 00:00:00,7440571a-841a-11ed-aa7c-7003bca91a86,4504,MV0001-05048,Base Plate,COMP-1768374767799-zs6hrf8cm,401.005,Rudders W/Nozzle,SP-401.005-048,RECEIVE,3,13,228b5256-5bd2-4bf3-826f-c6fe76571449,Received from Atlas Marine Parts at Houston,PO-2025-1515,13-Apr-2025 00:00,UTC,Houston
1554,2025-04-13 00:00:00,7440571a-841a-11ed-aa7c-7003bca91a86,4514,MV0001-05058,Reamer Bolt,COMP-1768374767799-zs6hrf8cm,401.005,Rudders W/Nozzle,SP-401.005-058,RECEIVE,4,21,228b5256-5bd2-4bf3-826f-c6fe76571449,Received from Atlas Marine Parts at Houston,PO-2025-7127,13-Apr-2025 00:00,UTC,Houston
1555,2025-04-13 00:00:00,7440571a-841a-11ed-aa7c-7003bca91a86,4518,MV0001-05062,Plate,COMP-1768374767799-zs6hrf8cm,401.005,Rudders W/Nozzle,SP-401.005-062,RECEIVE,1,8,228b5256-5bd2-4bf3-826f-c6fe76571449,Received from Atlas Marine Parts at Houston,PO-2025-9251,13-Apr-2025 00:00,UTC,Houston
1556,2025-04-13 00:00:00,7440571a-841a-11ed-aa7c-7003bca91a86,4521,MV0001-05065,O-Ring,COMP-1768374767799-zs6hrf8cm,401.005,Rudders W/Nozzle,SP-401.005-065,RECEIVE,5,25,228b5256-5bd2-4bf3-826f-c6fe76571449,Received from Atlas Marine Parts at Houston,PO-2025-1265,13-Apr-2025 00:00,UTC,Houston
1557,2025-04-13 00:00:00,7440571a-841a-11ed-aa7c-7003bca91a86,4522,MV0001-05066,Hexagon High Strength Bolt,COMP-1768374767799-zs6hrf8cm,401.005,Rudders W/Nozzle,SP-401.005-066,RECEIVE,5,21,228b5256-5bd2-4bf3-826f-c6fe76571449,Received from Atlas Marine Parts at Houston,PO-2025-1164,13-Apr-2025 00:00,UTC,Houston
1558,2025-04-13 00:00:00,7440571a-841a-11ed-aa7c-7003bca91a86,4524,MV0001-05068,Plug,COMP-1768374767799-zs6hrf8cm,401.005,Rudders W/Nozzle,SP-401.005-068,RECEIVE,5,16,228b5256-5bd2-4bf3-826f-c6fe76571449,Received from Atlas Marine Parts at Houston,PO-2025-6847,13-Apr-2025 00:00,UTC,Houston
1559,2025-04-13 00:00:00,7440571a-841a-11ed-aa7c-7003bca91a86,4527,MV0001-05071,Tool Bar,COMP-1768374767799-zs6hrf8cm,401.005,Rudders W/Nozzle,SP-401.005-071,RECEIVE,2,15,228b5256-5bd2-4bf3-826f-c6fe76571449,Received from Atlas Marine Parts at Houston,PO-2025-1445,13-Apr-2025 00:00,UTC,Houston
1560,2025-04-13 00:00:00,7440571a-841a-11ed-aa7c-7003bca91a86,4537,MV0001-05081,Lock Valve,COMP-1768374767802-sjje0yq3o,403.001,"Steering Gears, Complete",SP-403.001-081,RECEIVE,1,7,228b5256-5bd2-4bf3-826f-c6fe76571449,Received from Atlas Marine Parts at Houston,PO-2025-7037,13-Apr-2025 00:00,UTC,Houston
1561,2025-04-13 00:00:00,7440571a-841a-11ed-aa7c-7003bca91a86,4585,MV0001-05129,Spring,COMP-1768374767802-sjje0yq3o,403.001,"Steering Gears, Complete",SP-403.001-129,RECEIVE,4,12,228b5256-5bd2-4bf3-826f-c6fe76571449,Received from Atlas Marine Parts at Houston,PO-2025-5982,13-Apr-2025 00:00,UTC,Houston
1562,2025-04-13 00:00:00,7440571a-841a-11ed-aa7c-7003bca91a86,4600,MV0001-05144,Piston Bypass Valve,COMP-1768374767802-sjje0yq3o,403.001,"Steering Gears, Complete",SP-403.001-144,RECEIVE,5,18,228b5256-5bd2-4bf3-826f-c6fe76571449,Received from Atlas Marine Parts at Houston,PO-2025-3392,13-Apr-2025 00:00,UTC,Houston
1563,2025-04-13 00:00:00,7440571a-841a-11ed-aa7c-7003bca91a86,4601,MV0001-05145,Spring,COMP-1768374767802-sjje0yq3o,403.001,"Steering Gears, Complete",SP-403.001-145,RECEIVE,1,19,228b5256-5bd2-4bf3-826f-c6fe76571449,Received from Atlas Marine Parts at Houston,PO-2025-5974,13-Apr-2025 00:00,UTC,Houston
1564,2025-04-13 00:00:00,7440571a-841a-11ed-aa7c-7003bca91a86,4609,MV0001-05153,Plug,COMP-1768374767802-sjje0yq3o,403.001,"Steering Gears, Complete",SP-403.001-153,RECEIVE,2,14,228b5256-5bd2-4bf3-826f-c6fe76571449,Received from Atlas Marine Parts at Houston,PO-2025-0062,13-Apr-2025 00:00,UTC,Houston
1565,2025-04-13 00:00:00,7440571a-841a-11ed-aa7c-7003bca91a86,4632,MV0001-05176,Change Pipe And Joint,COMP-1768374767815-k5anrfi02,554.001,Provision Cooling Compressor Aggregates,SP-554.001-176,RECEIVE,1,15,228b5256-5bd2-4bf3-826f-c6fe76571449,Received from Atlas Marine Parts at Houston,PO-2025-0337,13-Apr-2025 00:00,UTC,Houston
1566,2025-04-13 00:00:00,7440571a-841a-11ed-aa7c-7003bca91a86,4637,MV0001-05181,Fuse,COMP-1768374767815-k5anrfi02,554.001,Provision Cooling Compressor Aggregates,SP-554.001-181,RECEIVE,2,14,228b5256-5bd2-4bf3-826f-c6fe76571449,Received from Atlas Marine Parts at Houston,PO-2025-6481,13-Apr-2025 00:00,UTC,Houston
1567,2025-04-13 00:00:00,7440571a-841a-11ed-aa7c-7003bca91a86,4661,MV0001-05205,Thrust Bearing Support,COMP-1768374767834-dbncpiany,601.053,ME Turbochargers,SP-601.053-205,RECEIVE,5,12,228b5256-5bd2-4bf3-826f-c6fe76571449,Received from Atlas Marine Parts at Houston,PO-2025-7463,13-Apr-2025 00:00,UTC,Houston
1568,2025-04-13 00:00:00,7440571a-841a-11ed-aa7c-7003bca91a86,4709,MV0001-05253,Nut,COMP-1768374767837-m3bhk56ru,601.059,ME Exhaust Gas Manifolds/Pipes W/Insulation,SP-601.059-253,RECEIVE,4,14,228b5256-5bd2-4bf3-826f-c6fe76571449,Received from Atlas Marine Parts at Houston,PO-2025-4149,13-Apr-2025 00:00,UTC,Houston
1569,2025-04-13 00:00:00,7440571a-841a-11ed-aa7c-7003bca91a86,4718,MV0001-05262,Rotor,COMP-1768374767899-slkigc1i8,665.001,"Emergency Generator Aggregates, Complete",SP-665.001-262,RECEIVE,5,11,228b5256-5bd2-4bf3-826f-c6fe76571449,Received from Atlas Marine Parts at Houston,PO-2025-2079,13-Apr-2025 00:00,UTC,Houston
1570,2025-04-13 00:00:00,7440571a-841a-11ed-aa7c-7003bca91a86,4732,MV0001-05276,Frame Cover Top,COMP-1768374767899-slkigc1i8,665.001,"Emergency Generator Aggregates, Complete",SP-665.001-276,RECEIVE,3,15,228b5256-5bd2-4bf3-826f-c6fe76571449,Received from Atlas Marine Parts at Houston,PO-2025-3409,13-Apr-2025 00:00,UTC,Houston
1571,2025-04-13 00:00:00,7440571a-841a-11ed-aa7c-7003bca91a86,4734,MV0001-05278,Terminal Box Lid,COMP-1768374767899-slkigc1i8,665.001,"Emergency Generator Aggregates, Complete",SP-665.001-278,RECEIVE,1,10,228b5256-5bd2-4bf3-826f-c6fe76571449,Received from Atlas Marine Parts at Houston,PO-2025-8127,13-Apr-2025 00:00,UTC,Houston
1572,2025-04-13 00:00:00,7440571a-841a-11ed-aa7c-7003bca91a86,4740,MV0001-05284,Main Rectifier Assembly-Forward,COMP-1768374767899-slkigc1i8,665.001,"Emergency Generator Aggregates, Complete",SP-665.001-284,RECEIVE,5,20,228b5256-5bd2-4bf3-826f-c6fe76571449,Received from Atlas Marine Parts at Houston,PO-2025-4007,13-Apr-2025 00:00,UTC,Houston
1573,2025-04-13 00:00:00,7440571a-841a-11ed-aa7c-7003bca91a86,4745,MV0001-05289,Lifting Lug-Drive End,COMP-1768374767899-slkigc1i8,665.001,"Emergency Generator Aggregates, Complete",SP-665.001-289,RECEIVE,5,18,228b5256-5bd2-4bf3-826f-c6fe76571449,Received from Atlas Marine Parts at Houston,PO-2025-8066,13-Apr-2025 00:00,UTC,Houston
1574,2025-04-13 00:00:00,7440571a-841a-11ed-aa7c-7003bca91a86,4766,MV0001-05310,Drive End Bracket,COMP-1768374767899-slkigc1i8,665.001,"Emergency Generator Aggregates, Complete",SP-665.001-310,RECEIVE,2,11,228b5256-5bd2-4bf3-826f-c6fe76571449,Received from Atlas Marine Parts at Houston,PO-2025-4339,13-Apr-2025 00:00,UTC,Houston
1575,2025-04-13 00:00:00,7440571a-841a-11ed-aa7c-7003bca91a86,4772,MV0001-05316,Air Inlet Cover,COMP-1768374767899-slkigc1i8,665.001,"Emergency Generator Aggregates, Complete",SP-665.001-316,RECEIVE,5,19,228b5256-5bd2-4bf3-826f-c6fe76571449,Received from Atlas Marine Parts at Houston,PO-2025-6538,13-Apr-2025 00:00,UTC,Houston
1576,2025-04-13 00:00:00,7440571a-841a-11ed-aa7c-7003bca91a86,4774,MV0001-05318,End panel Drive End,COMP-1768374767899-slkigc1i8,665.001,"Emergency Generator Aggregates, Complete",SP-665.001-318,RECEIVE,5,7,228b5256-5bd2-4bf3-826f-c6fe76571449,Received from Atlas Marine Parts at Houston,PO-2025-6083,13-Apr-2025 00:00,UTC,Houston
1577,2025-04-13 00:00:00,7440571a-841a-11ed-aa7c-7003bca91a86,4806,MV0001-05350,Non Drive End Bracket,COMP-1768374767899-slkigc1i8,665.001,"Emergency Generator Aggregates, Complete",SP-665.001-350,RECEIVE,3,15,228b5256-5bd2-4bf3-826f-c6fe76571449,Received from Atlas Marine Parts at Houston,PO-2025-2009,13-Apr-2025 00:00,UTC,Houston
1578,2025-04-13 00:00:00,7440571a-841a-11ed-aa7c-7003bca91a86,4828,MV0001-05372,Lifting Lug-Drive End,COMP-1768374767899-slkigc1i8,665.001,"Emergency Generator Aggregates, Complete",SP-665.001-372,RECEIVE,5,13,228b5256-5bd2-4bf3-826f-c6fe76571449,Received from Atlas Marine Parts at Houston,PO-2025-8068,13-Apr-2025 00:00,UTC,Houston
1579,2025-04-13 00:00:00,7440571a-841a-11ed-aa7c-7003bca91a86,4834,MV0001-05378,Fan,COMP-1768374767899-slkigc1i8,665.001,"Emergency Generator Aggregates, Complete",SP-665.001-378,RECEIVE,3,9,228b5256-5bd2-4bf3-826f-c6fe76571449,Received from Atlas Marine Parts at Houston,PO-2025-7962,13-Apr-2025 00:00,UTC,Houston
1580,2025-04-13 00:00:00,7440571a-841a-11ed-aa7c-7003bca91a86,4846,MV0001-05390,Impeller,COMP-1768374767907-73hq6hda8,801.001,Clean Ballast Pumps,SP-801.001-390,RECEIVE,2,7,228b5256-5bd2-4bf3-826f-c6fe76571449,Received from Atlas Marine Parts at Houston,PO-2025-9950,13-Apr-2025 00:00,UTC,Houston
1581,2025-04-13 00:00:00,7440571a-841a-11ed-aa7c-7003bca91a86,4849,MV0001-05393,Coupling Key,COMP-1768374767907-73hq6hda8,801.001,Clean Ballast Pumps,SP-801.001-393,RECEIVE,1,24,228b5256-5bd2-4bf3-826f-c6fe76571449,Received from Atlas Marine Parts at Houston,PO-2025-5591,13-Apr-2025 00:00,UTC,Houston
1582,2025-04-13 00:00:00,7440571a-841a-11ed-aa7c-7003bca91a86,4850,MV0001-05394,Impeller Nut,COMP-1768374767907-73hq6hda8,801.001,Clean Ballast Pumps,SP-801.001-394,RECEIVE,5,13,228b5256-5bd2-4bf3-826f-c6fe76571449,Received from Atlas Marine Parts at Houston,PO-2025-5739,13-Apr-2025 00:00,UTC,Houston
1583,2025-04-13 00:00:00,7440571a-841a-11ed-aa7c-7003bca91a86,4851,MV0001-05395,Ball Bearing,COMP-1768374767907-73hq6hda8,801.001,Clean Ballast Pumps,SP-801.001-395,RECEIVE,1,17,228b5256-5bd2-4bf3-826f-c6fe76571449,Received from Atlas Marine Parts at Houston,PO-2025-9610,13-Apr-2025 00:00,UTC,Houston
1584,2025-04-13 00:00:00,7440571a-841a-11ed-aa7c-7003bca91a86,4882,MV0001-05426,Bearing Cover,COMP-1768374767907-73hq6hda8,801.001,Clean Ballast Pumps,SP-801.001-426,RECEIVE,2,17,228b5256-5bd2-4bf3-826f-c6fe76571449,Received from Atlas Marine Parts at Houston,PO-2025-0749,13-Apr-2025 00:00,UTC,Houston
1585,2025-04-13 00:00:00,7440571a-841a-11ed-aa7c-7003bca91a86,4887,MV0001-05431,Ball Bearing,COMP-1768374767907-73hq6hda8,801.001,Clean Ballast Pumps,SP-801.001-431,RECEIVE,3,17,228b5256-5bd2-4bf3-826f-c6fe76571449,Received from Atlas Marine Parts at Houston,PO-2025-4584,13-Apr-2025 00:00,UTC,Houston
1586,2025-04-13 00:00:00,7440571a-841a-11ed-aa7c-7003bca91a86,4888,MV0001-05432,Ball Bearing,COMP-1768374767907-73hq6hda8,801.001,Clean Ballast Pumps,SP-801.001-432,RECEIVE,3,10,228b5256-5bd2-4bf3-826f-c6fe76571449,Received from Atlas Marine Parts at Houston,PO-2025-9827,13-Apr-2025 00:00,UTC,Houston
1587,2025-04-13 00:00:00,7440571a-841a-11ed-aa7c-7003bca91a86,4899,MV0001-05443,Hub,COMP-1768374767907-73hq6hda8,801.001,Clean Ballast Pumps,SP-801.001-443,RECEIVE,5,10,228b5256-5bd2-4bf3-826f-c6fe76571449,Received from Atlas Marine Parts at Houston,PO-2025-6922,13-Apr-2025 00:00,UTC,Houston
1588,2025-04-13 00:00:00,7440571a-841a-11ed-aa7c-7003bca91a86,4935,MV0001-05479,Gasket,COMP-1768374767802-sjje0yq3o,403.001,"Steering Gears, Complete",SP-403.001-479,RECEIVE,3,11,228b5256-5bd2-4bf3-826f-c6fe76571449,Received from Atlas Marine Parts at Houston,PO-2025-8300,13-Apr-2025 00:00,UTC,Houston
1589,2025-04-13 00:00:00,7440571a-841a-11ed-aa7c-7003bca91a86,4956,MV0001-05500,Thrust Bearing Metal,COMP-1768374767967-jb4k6wuji,554.003.02,Compressors W/Drive Unit No.02,SP-554.003.01-500,RECEIVE,5,8,228b5256-5bd2-4bf3-826f-c6fe76571449,Received from Atlas Marine Parts at Houston,PO-2025-4387,13-Apr-2025 00:00,UTC,Houston
2237,2025-04-13 00:00:00,7440571a-841a-11ed-aa7c-7003bca91a86,4963,MV0001-05507,Oil Pump Cover,COMP-1768374767967-jb4k6wuji,554.003.02,Compressors W/Drive Unit No.02,SP-554.003.01-507,CONSUME,-1,4,4th Engineer,Consumed during maintenance - UWO-653-2025-865,UWO-653-2025-865,13-Apr-2025,UTC,
2603,2025-04-13 00:00:00,7440571a-841a-11ed-aa7c-7003bca91a86,4564,MV0001-05108,O-Ring,COMP-1768374767802-sjje0yq3o,403.001,"Steering Gears, Complete",SP-403.001-108,CONSUME,-2,3,3rd Engineer,Consumed during maintenance - WO-702.005.02-2025-273,WO-702.005.02-2025-273,13-Apr-2025,UTC,
1950,2025-04-11 00:00:00,7440571a-841a-11ed-aa7c-7003bca91a86,5109,MV0001-05653,O-Ring,COMP-1768374768219-f5y8ppktt,601.066.06,ME Indicators No.06,SP-601.066.01-653,CONSUME,-1,209,Chief Engineer,Consumed during maintenance - MKR-IN-00079-601.066.06-2025-496,MKR-IN-00079-601.066.06-2025-496,11-Apr-2025,UTC,
1951,2025-04-11 00:00:00,7440571a-841a-11ed-aa7c-7003bca91a86,5110,MV0001-05654,Gasket,COMP-1768374768219-f5y8ppktt,601.066.06,ME Indicators No.06,SP-601.066.01-654,CONSUME,-2,7,Chief Engineer,Consumed during maintenance - MKR-IN-00079-601.066.06-2025-496,MKR-IN-00079-601.066.06-2025-496,11-Apr-2025,UTC,
338,2025-04-09 00:00:00,7440571a-841a-11ed-aa7c-7003bca91a86,4757,MV0001-05301,Stator,COMP-1768374767899-slkigc1i8,665.001,"Emergency Generator Aggregates, Complete",SP-665.001-301,CONSUME,-1,4,6084f3b8-85dc-462a-b045-111d2b2e6d0e,Consumed for WO UWO-651.001-2025-881,UWO-651.001-2025-881,09-Apr-2025 00:00,UTC,
2910,2025-04-09 00:00:00,7440571a-841a-11ed-aa7c-7003bca91a86,4933,MV0001-05477,Rudder Pintle Pins,COMP-1768374767799-zs6hrf8cm,401.005,Rudders W/Nozzle,SP-401.005-477,CONSUME,-1,7,3rd Engineer,Consumed during maintenance - UWO-651.001-2025-881,UWO-651.001-2025-881,09-Apr-2025,UTC,
1994,2025-04-07 00:00:00,7440571a-841a-11ed-aa7c-7003bca91a86,5123,MV0001-05667,Side Bolt,COMP-1768374768443-sj0hmblft,653.003.06,AE3 Cylinder Liners No.06,SP-651.003.01-667,CONSUME,-2,3,3rd Engineer,Consumed during maintenance - WO-653.003.06-2025-378,WO-653.003.06-2025-378,07-Apr-2025,UTC,
1995,2025-04-07 00:00:00,7440571a-841a-11ed-aa7c-7003bca91a86,5120,MV0001-05664,"Main-Bearing Cap, Intermediate",COMP-1768374768443-sj0hmblft,653.003.06,AE3 Cylinder Liners No.06,SP-651.003.01-664,CONSUME,-1,4,3rd Engineer,Consumed during maintenance - WO-653.003.06-2025-378,WO-653.003.06-2025-378,07-Apr-2025,UTC,
1996,2025-04-07 00:00:00,7440571a-841a-11ed-aa7c-7003bca91a86,5121,MV0001-05665,Stud,COMP-1768374768443-sj0hmblft,653.003.06,AE3 Cylinder Liners No.06,SP-651.003.01-665,CONSUME,-1,3,3rd Engineer,Consumed during maintenance - WO-653.003.06-2025-378,WO-653.003.06-2025-378,07-Apr-2025,UTC,
337,2025-04-05 00:00:00,7440571a-841a-11ed-aa7c-7003bca91a86,4923,MV0001-05467,Group Board,COMP-1768374767907-73hq6hda8,801.001,Clean Ballast Pumps,SP-801.001-467,CONSUME,-1,4,056a433e-b880-43c6-9d59-b1cfe71a4014,Consumed for WO WO-702.005.02-2025-272,WO-702.005.02-2025-272,05-Apr-2025 00:00,UTC,
336,2025-04-04 00:00:00,7440571a-841a-11ed-aa7c-7003bca91a86,4929,MV0001-05473,Eye Bolt,COMP-1768374767907-73hq6hda8,801.001,Clean Ballast Pumps,SP-801.001-473,CONSUME,-2,8,977621de-77d7-4892-ae27-adaebcc27d0b,Consumed for WO UWO-652.046-2025-616,UWO-652.046-2025-616,04-Apr-2025 00:00,UTC,
2959,2025-04-04 00:00:00,7440571a-841a-11ed-aa7c-7003bca91a86,4499,MV0001-05043,Bush,COMP-1768374767799-zs6hrf8cm,401.005,Rudders W/Nozzle,SP-401.005-043,CONSUME,-2,0,Chief Engineer,Consumed during maintenance - UWO-652.046-2025-616,UWO-652.046-2025-616,04-Apr-2025,UTC,
2960,2025-04-04 00:00:00,7440571a-841a-11ed-aa7c-7003bca91a86,4839,MV0001-05383,Pump Bed,COMP-1768374767907-73hq6hda8,801.001,Clean Ballast Pumps,SP-801.001-383,CONSUME,-2,1,Chief Engineer,Consumed during maintenance - UWO-652.046-2025-616,UWO-652.046-2025-616,04-Apr-2025,UTC,
2087,2025-03-31 00:00:00,7440571a-841a-11ed-aa7c-7003bca91a86,5559,MV0001-06103,Thrust Washer-M,COMP-1768374767795-1qyq8qvkb,721.001.02,Main Sw Cooling Pumps No.02,SP-721.001.01-1103,CONSUME,-2,3,3rd Engineer,Consumed during maintenance - WO-651.003.01-2025-342,WO-651.003.01-2025-342,31-Mar-2025,UTC,
2201,2025-03-31 00:00:00,7440571a-841a-11ed-aa7c-7003bca91a86,5350,MV0001-05894,Oil Seal,COMP-1768374768525-zyps62yum,712.011.02,LO Separators No.02,SP-702.005.01-894,CONSUME,-2,3,Chief Engineer,Consumed during maintenance - UWO-651-2025-844,UWO-651-2025-844,31-Mar-2025,UTC,
2202,2025-03-31 00:00:00,7440571a-841a-11ed-aa7c-7003bca91a86,5183,MV0001-05727,Rubber Plate,COMP-1768374768525-zyps62yum,712.011.02,LO Separators No.02,SP-702.005.01-727,CONSUME,-1,4,Chief Engineer,Consumed during maintenance - UWO-651-2025-844,UWO-651-2025-844,31-Mar-2025,UTC,
2973,2025-03-31 00:00:00,7440571a-841a-11ed-aa7c-7003bca91a86,4828,MV0001-05372,Lifting Lug-Drive End,COMP-1768374767899-slkigc1i8,665.001,"Emergency Generator Aggregates, Complete",SP-665.001-372,CONSUME,-1,4,3rd Engineer,Consumed during maintenance - WO-702.005.02-2025-271,WO-702.005.02-2025-271,31-Mar-2025,UTC,
2974,2025-03-31 00:00:00,7440571a-841a-11ed-aa7c-7003bca91a86,5393,MV0001-05937,Coil Assembly,COMP-1768374768525-zyps62yum,712.011.02,LO Separators No.02,SP-702.005.01-937,CONSUME,-2,2,3rd Engineer,Consumed during maintenance - WO-702.005.02-2025-271,WO-702.005.02-2025-271,31-Mar-2025,UTC,
2552,2025-03-29 00:00:00,7440571a-841a-11ed-aa7c-7003bca91a86,4937,MV0001-05481,O-Ring,COMP-1768374767805-z4lpo0038,411.001,S-Band Radar,SP-411.001-481,CONSUME,-1,1,2nd Officer,Consumed during maintenance - WO-411.001-2025-398,WO-411.001-2025-398,29-Mar-2025,UTC,
2553,2025-03-29 00:00:00,7440571a-841a-11ed-aa7c-7003bca91a86,4938,MV0001-05482,Gasket,COMP-1768374767805-z4lpo0038,411.001,S-Band Radar,SP-411.001-482,CONSUME,-2,1,2nd Officer,Consumed during maintenance - WO-411.001-2025-398,WO-411.001-2025-398,29-Mar-2025,UTC,
2186,2025-03-25 00:00:00,7440571a-841a-11ed-aa7c-7003bca91a86,5516,MV0001-06060,Runner,COMP-1768374767795-1qyq8qvkb,721.001.02,Main Sw Cooling Pumps No.02,SP-721.001.01-1060,CONSUME,-1,3,3rd Engineer,Consumed during maintenance - WO-702.005.02-2025-270,WO-702.005.02-2025-270,25-Mar-2025,UTC,
2187,2025-03-25 00:00:00,7440571a-841a-11ed-aa7c-7003bca91a86,5054,MV0001-05598,Main Bearing Metal,COMP-1768374767994-apqr6kc7v,601.002.06,ME Cylinder Covers W/Valves No.06,SP-601.002.01-598,CONSUME,-1,4,3rd Engineer,Consumed during maintenance - WO-702.005.02-2025-270,WO-702.005.02-2025-270,25-Mar-2025,UTC,
2397,2025-03-23 00:00:00,7440571a-841a-11ed-aa7c-7003bca91a86,5416,MV0001-05960,Spring,COMP-1768374768525-zyps62yum,712.011.02,LO Separators No.02,SP-702.005.01-960,CONSUME,-2,3,2nd Engineer,Consumed during maintenance - MKR-IN-00015-652.007.03-2025-085,MKR-IN-00015-652.007.03-2025-085,23-Mar-2025,UTC,
2543,2025-03-23 00:00:00,7440571a-841a-11ed-aa7c-7003bca91a86,4966,MV0001-05510,Bolt,COMP-1768374767967-jb4k6wuji,554.003.02,Compressors W/Drive Unit No.02,SP-554.003.01-510,CONSUME,-2,3,Chief Engineer,Consumed during maintenance - UWO-601.005.02-2025-766,UWO-601.005.02-2025-766,23-Mar-2025,UTC,
2544,2025-03-23 00:00:00,7440571a-841a-11ed-aa7c-7003bca91a86,4798,MV0001-05342,PMG Bolt,COMP-1768374767899-slkigc1i8,665.001,"Emergency Generator Aggregates, Complete",SP-665.001-342,CONSUME,-2,1,Chief Engineer,Consumed during maintenance - UWO-601.005.02-2025-766,UWO-601.005.02-2025-766,23-Mar-2025,UTC,
335,2025-03-19 00:00:00,7440571a-841a-11ed-aa7c-7003bca91a86,4690,MV0001-05234,Exhaust Pipe,COMP-1768374767837-m3bhk56ru,601.059,ME Exhaust Gas Manifolds/Pipes W/Insulation,SP-601.059-234,CONSUME,-2,3,6084f3b8-85dc-462a-b045-111d2b2e6d0e,Consumed for WO UWO-653.004.03-2025-493,UWO-653.004.03-2025-493,19-Mar-2025 00:00,UTC,
2377,2025-03-19 00:00:00,7440571a-841a-11ed-aa7c-7003bca91a86,4467,MV0001-05011,Hydraulic Oil Plug,COMP-1768374767799-zs6hrf8cm,401.005,Rudders W/Nozzle,SP-401.005-011,CONSUME,-1,4,2nd Engineer,Consumed during maintenance - UWO-653.004.03-2025-493,UWO-653.004.03-2025-493,19-Mar-2025,UTC,
2378,2025-03-19 00:00:00,7440571a-841a-11ed-aa7c-7003bca91a86,4886,MV0001-05430,Distance Ring,COMP-1768374767907-73hq6hda8,801.001,Clean Ballast Pumps,SP-801.001-430,CONSUME,-2,2,2nd Engineer,Consumed during maintenance - UWO-653.004.03-2025-493,UWO-653.004.03-2025-493,19-Mar-2025,UTC,
2687,2025-03-17 00:00:00,7440571a-841a-11ed-aa7c-7003bca91a86,5448,MV0001-05992,Pump Shaft,COMP-1768374768533-xnq4n84q4,712.013.02,LO Separator Booster Pumps No.02,SP-712.013.01-992,CONSUME,-2,1,2nd Officer,Consumed during maintenance - UWO-285.001.10-2025-650,UWO-285.001.10-2025-650,17-Mar-2025,UTC,
2690,2025-03-17 00:00:00,7440571a-841a-11ed-aa7c-7003bca91a86,5408,MV0001-05952,Pressure Gauge,COMP-1768374768525-zyps62yum,712.011.02,LO Separators No.02,SP-702.005.01-952,CONSUME,-2,1,3rd Engineer,Consumed during maintenance - UWO-7-2025-516,UWO-7-2025-516,17-Mar-2025,UTC,
2846,2025-03-17 00:00:00,7440571a-841a-11ed-aa7c-7003bca91a86,5065,MV0001-05609,Crank Pin Bearing,COMP-1768374767994-apqr6kc7v,601.002.06,ME Cylinder Covers W/Valves No.06,SP-601.002.01-609,CONSUME,-2,3,Chief Engineer,Consumed during maintenance - UWO-601.066-2025-588,UWO-601.066-2025-588,17-Mar-2025,UTC,
2847,2025-03-17 00:00:00,7440571a-841a-11ed-aa7c-7003bca91a86,4507,MV0001-05051,Edge Plate,COMP-1768374767799-zs6hrf8cm,401.005,Rudders W/Nozzle,SP-401.005-051,CONSUME,-2,13,Chief Engineer,Consumed during maintenance - UWO-601.066-2025-588,UWO-601.066-2025-588,17-Mar-2025,UTC,
2848,2025-03-17 00:00:00,7440571a-841a-11ed-aa7c-7003bca91a86,5320,MV0001-05864,Brake Lining,COMP-1768374768525-zyps62yum,712.011.02,LO Separators No.02,SP-702.005.01-864,CONSUME,-2,2,Chief Engineer,Consumed during maintenance - UWO-601.066-2025-588,UWO-601.066-2025-588,17-Mar-2025,UTC,
2191,2025-03-16 00:00:00,7440571a-841a-11ed-aa7c-7003bca91a86,4526,MV0001-05070,Grease Nipple,COMP-1768374767799-zs6hrf8cm,401.005,Rudders W/Nozzle,SP-401.005-070,CONSUME,-1,4,4th Engineer,Consumed during maintenance - MKR-IN-00017-651.020.07-2025-061,MKR-IN-00017-651.020.07-2025-061,16-Mar-2025,UTC,
2192,2025-03-16 00:00:00,7440571a-841a-11ed-aa7c-7003bca91a86,5155,MV0001-05699,Split Pin,COMP-1768374767884-8s61xigy8,653.018,AE3 Crankcases,SP-651.018-699,CONSUME,-2,1,4th Engineer,Consumed during maintenance - MKR-IN-00017-651.020.07-2025-061,MKR-IN-00017-651.020.07-2025-061,16-Mar-2025,UTC,
2193,2025-03-16 00:00:00,7440571a-841a-11ed-aa7c-7003bca91a86,4902,MV0001-05446,Coupling Bolt Nut And Washer,COMP-1768374767907-73hq6hda8,801.001,Clean Ballast Pumps,SP-801.001-446,CONSUME,-2,3,4th Engineer,Consumed during maintenance - MKR-IN-00017-651.020.07-2025-061,MKR-IN-00017-651.020.07-2025-061,16-Mar-2025,UTC,
332,2025-03-15 00:00:00,7440571a-841a-11ed-aa7c-7003bca91a86,4676,MV0001-05220,Bolt,COMP-1768374767834-dbncpiany,601.053,ME Turbochargers,SP-601.053-220,CONSUME,-1,0,056a433e-b880-43c6-9d59-b1cfe71a4014,Consumed for WO WO-601.053-2025-460,WO-601.053-2025-460,15-Mar-2025 00:00,UTC,
333,2025-03-15 00:00:00,7440571a-841a-11ed-aa7c-7003bca91a86,4677,MV0001-05221,Gasket,COMP-1768374767834-dbncpiany,601.053,ME Turbochargers,SP-601.053-221,CONSUME,-1,0,056a433e-b880-43c6-9d59-b1cfe71a4014,Consumed for WO WO-601.053-2025-460,WO-601.053-2025-460,15-Mar-2025 00:00,UTC,
334,2025-03-15 00:00:00,7440571a-841a-11ed-aa7c-7003bca91a86,4658,MV0001-05202,Thrust Bearing Complete,COMP-1768374767834-dbncpiany,601.053,ME Turbochargers,SP-601.053-202,CONSUME,-1,0,977621de-77d7-4892-ae27-adaebcc27d0b,Consumed for WO WO-601.053-2025-460,WO-601.053-2025-460,15-Mar-2025 00:00,UTC,
2082,2025-03-15 00:00:00,7440571a-841a-11ed-aa7c-7003bca91a86,4686,MV0001-05230,Blank Flange,COMP-1768374767834-dbncpiany,601.053,ME Turbochargers,SP-601.053-230,CONSUME,-2,3,2nd Engineer,Consumed during maintenance - WO-601.053-2025-419,WO-601.053-2025-419,15-Mar-2025,UTC,
2083,2025-03-15 00:00:00,7440571a-841a-11ed-aa7c-7003bca91a86,4669,MV0001-05213,Bolt,COMP-1768374767834-dbncpiany,601.053,ME Turbochargers,SP-601.053-213,CONSUME,-1,4,2nd Engineer,Consumed during maintenance - WO-601.053-2025-419,WO-601.053-2025-419,15-Mar-2025,UTC,
331,2025-03-14 00:00:00,7440571a-841a-11ed-aa7c-7003bca91a86,4469,MV0001-05013,O-Ring Clamp,COMP-1768374767799-zs6hrf8cm,401.005,Rudders W/Nozzle,SP-401.005-013,CONSUME,-2,3,6084f3b8-85dc-462a-b045-111d2b2e6d0e,Consumed for WO UWO-652.004.05-2025-594,UWO-652.004.05-2025-594,14-Mar-2025 00:00,UTC,
1508,2025-03-13 00:00:00,7440571a-841a-11ed-aa7c-7003bca91a86,4465,MV0001-05009,Drain Plug,COMP-1768374767799-zs6hrf8cm,401.005,Rudders W/Nozzle,SP-401.005-009,RECEIVE,1,13,228b5256-5bd2-4bf3-826f-c6fe76571449,Received from Pacific Marine Parts at Shanghai,PO-2025-2668,13-Mar-2025 00:00,UTC,Shanghai
1509,2025-03-13 00:00:00,7440571a-841a-11ed-aa7c-7003bca91a86,4467,MV0001-05011,Hydraulic Oil Plug,COMP-1768374767799-zs6hrf8cm,401.005,Rudders W/Nozzle,SP-401.005-011,RECEIVE,1,8,228b5256-5bd2-4bf3-826f-c6fe76571449,Received from Pacific Marine Parts at Shanghai,PO-2025-7546,13-Mar-2025 00:00,UTC,Shanghai
1510,2025-03-13 00:00:00,7440571a-841a-11ed-aa7c-7003bca91a86,4481,MV0001-05025,Gudgeon,COMP-1768374767799-zs6hrf8cm,401.005,Rudders W/Nozzle,SP-401.005-025,RECEIVE,2,12,228b5256-5bd2-4bf3-826f-c6fe76571449,Received from Pacific Marine Parts at Shanghai,PO-2025-1115,13-Mar-2025 00:00,UTC,Shanghai
1511,2025-03-13 00:00:00,7440571a-841a-11ed-aa7c-7003bca91a86,4483,MV0001-05027,O-Ring,COMP-1768374767799-zs6hrf8cm,401.005,Rudders W/Nozzle,SP-401.005-027,RECEIVE,4,11,228b5256-5bd2-4bf3-826f-c6fe76571449,Received from Pacific Marine Parts at Shanghai,PO-2025-9798,13-Mar-2025 00:00,UTC,Shanghai
1512,2025-03-13 00:00:00,7440571a-841a-11ed-aa7c-7003bca91a86,4509,MV0001-05053,Rib,COMP-1768374767799-zs6hrf8cm,401.005,Rudders W/Nozzle,SP-401.005-053,RECEIVE,2,8,228b5256-5bd2-4bf3-826f-c6fe76571449,Received from Pacific Marine Parts at Shanghai,PO-2025-2796,13-Mar-2025 00:00,UTC,Shanghai
1513,2025-03-13 00:00:00,7440571a-841a-11ed-aa7c-7003bca91a86,4519,MV0001-05063,Seal Ring,COMP-1768374767799-zs6hrf8cm,401.005,Rudders W/Nozzle,SP-401.005-063,RECEIVE,4,9,228b5256-5bd2-4bf3-826f-c6fe76571449,Received from Pacific Marine Parts at Shanghai,PO-2025-6037,13-Mar-2025 00:00,UTC,Shanghai
1514,2025-03-13 00:00:00,7440571a-841a-11ed-aa7c-7003bca91a86,4531,MV0001-05075,Packing Brick-Wood,COMP-1768374767802-sjje0yq3o,403.001,"Steering Gears, Complete",SP-403.001-075,RECEIVE,4,18,228b5256-5bd2-4bf3-826f-c6fe76571449,Received from Pacific Marine Parts at Shanghai,PO-2025-0702,13-Mar-2025 00:00,UTC,Shanghai
1515,2025-03-13 00:00:00,7440571a-841a-11ed-aa7c-7003bca91a86,4545,MV0001-05089,Cover Seal,COMP-1768374767802-sjje0yq3o,403.001,"Steering Gears, Complete",SP-403.001-089,RECEIVE,5,21,228b5256-5bd2-4bf3-826f-c6fe76571449,Received from Pacific Marine Parts at Shanghai,PO-2025-1202,13-Mar-2025 00:00,UTC,Shanghai
1516,2025-03-13 00:00:00,7440571a-841a-11ed-aa7c-7003bca91a86,4547,MV0001-05091,Bonded Seal,COMP-1768374767802-sjje0yq3o,403.001,"Steering Gears, Complete",SP-403.001-091,RECEIVE,1,2,228b5256-5bd2-4bf3-826f-c6fe76571449,Received from Pacific Marine Parts at Shanghai,PO-2025-1195,13-Mar-2025 00:00,UTC,Shanghai
1517,2025-03-13 00:00:00,7440571a-841a-11ed-aa7c-7003bca91a86,4590,MV0001-05134,O-Ring,COMP-1768374767802-sjje0yq3o,403.001,"Steering Gears, Complete",SP-403.001-134,RECEIVE,2,8,228b5256-5bd2-4bf3-826f-c6fe76571449,Received from Pacific Marine Parts at Shanghai,PO-2025-8125,13-Mar-2025 00:00,UTC,Shanghai
1518,2025-03-13 00:00:00,7440571a-841a-11ed-aa7c-7003bca91a86,4593,MV0001-05137,Initiator,COMP-1768374767802-sjje0yq3o,403.001,"Steering Gears, Complete",SP-403.001-137,RECEIVE,1,7,228b5256-5bd2-4bf3-826f-c6fe76571449,Received from Pacific Marine Parts at Shanghai,PO-2025-0681,13-Mar-2025 00:00,UTC,Shanghai
1519,2025-03-13 00:00:00,7440571a-841a-11ed-aa7c-7003bca91a86,4600,MV0001-05144,Piston Bypass Valve,COMP-1768374767802-sjje0yq3o,403.001,"Steering Gears, Complete",SP-403.001-144,RECEIVE,2,13,228b5256-5bd2-4bf3-826f-c6fe76571449,Received from Pacific Marine Parts at Shanghai,PO-2025-6291,13-Mar-2025 00:00,UTC,Shanghai
1520,2025-03-13 00:00:00,7440571a-841a-11ed-aa7c-7003bca91a86,4636,MV0001-05180,Lens,COMP-1768374767815-k5anrfi02,554.001,Provision Cooling Compressor Aggregates,SP-554.001-180,RECEIVE,4,25,228b5256-5bd2-4bf3-826f-c6fe76571449,Received from Pacific Marine Parts at Shanghai,PO-2025-8373,13-Mar-2025 00:00,UTC,Shanghai
1521,2025-03-13 00:00:00,7440571a-841a-11ed-aa7c-7003bca91a86,4641,MV0001-05185,Over Current Relay,COMP-1768374767815-k5anrfi02,554.001,Provision Cooling Compressor Aggregates,SP-554.001-185,RECEIVE,1,11,228b5256-5bd2-4bf3-826f-c6fe76571449,Received from Pacific Marine Parts at Shanghai,PO-2025-1271,13-Mar-2025 00:00,UTC,Shanghai
1522,2025-03-13 00:00:00,7440571a-841a-11ed-aa7c-7003bca91a86,4649,MV0001-05193,Nut,COMP-1768374767827-g6k9lk4to,601.016,ME Tiebolts,SP-601.016-193,RECEIVE,5,17,228b5256-5bd2-4bf3-826f-c6fe76571449,Received from Pacific Marine Parts at Shanghai,PO-2025-4246,13-Mar-2025 00:00,UTC,Shanghai
1523,2025-03-13 00:00:00,7440571a-841a-11ed-aa7c-7003bca91a86,4655,MV0001-05199,Locking Wire,COMP-1768374767827-g6k9lk4to,601.016,ME Tiebolts,SP-601.016-199,RECEIVE,5,7,228b5256-5bd2-4bf3-826f-c6fe76571449,Received from Pacific Marine Parts at Shanghai,PO-2025-3055,13-Mar-2025 00:00,UTC,Shanghai
1524,2025-03-13 00:00:00,7440571a-841a-11ed-aa7c-7003bca91a86,4657,MV0001-05201,Nut,COMP-1768374767827-g6k9lk4to,601.016,ME Tiebolts,SP-601.016-201,RECEIVE,5,9,228b5256-5bd2-4bf3-826f-c6fe76571449,Received from Pacific Marine Parts at Shanghai,PO-2025-5862,13-Mar-2025 00:00,UTC,Shanghai
1525,2025-03-13 00:00:00,7440571a-841a-11ed-aa7c-7003bca91a86,4673,MV0001-05217,Bolt,COMP-1768374767834-dbncpiany,601.053,ME Turbochargers,SP-601.053-217,RECEIVE,4,25,228b5256-5bd2-4bf3-826f-c6fe76571449,Received from Pacific Marine Parts at Shanghai,PO-2025-9594,13-Mar-2025 00:00,UTC,Shanghai
1526,2025-03-13 00:00:00,7440571a-841a-11ed-aa7c-7003bca91a86,4685,MV0001-05229,Thread End Taper Pin,COMP-1768374767834-dbncpiany,601.053,ME Turbochargers,SP-601.053-229,RECEIVE,3,18,228b5256-5bd2-4bf3-826f-c6fe76571449,Received from Pacific Marine Parts at Shanghai,PO-2025-2884,13-Mar-2025 00:00,UTC,Shanghai
1527,2025-03-13 00:00:00,7440571a-841a-11ed-aa7c-7003bca91a86,4702,MV0001-05246,Bolt,COMP-1768374767837-m3bhk56ru,601.059,ME Exhaust Gas Manifolds/Pipes W/Insulation,SP-601.059-246,RECEIVE,3,14,228b5256-5bd2-4bf3-826f-c6fe76571449,Received from Pacific Marine Parts at Shanghai,PO-2025-1333,13-Mar-2025 00:00,UTC,Shanghai
1528,2025-03-13 00:00:00,7440571a-841a-11ed-aa7c-7003bca91a86,4714,MV0001-05258,Hand Trimmer,COMP-1768374767899-slkigc1i8,665.001,"Emergency Generator Aggregates, Complete",SP-665.001-258,RECEIVE,1,8,228b5256-5bd2-4bf3-826f-c6fe76571449,Received from Pacific Marine Parts at Shanghai,PO-2025-7612,13-Mar-2025 00:00,UTC,Shanghai
1529,2025-03-13 00:00:00,7440571a-841a-11ed-aa7c-7003bca91a86,4718,MV0001-05262,Rotor,COMP-1768374767899-slkigc1i8,665.001,"Emergency Generator Aggregates, Complete",SP-665.001-262,RECEIVE,1,6,228b5256-5bd2-4bf3-826f-c6fe76571449,Received from Pacific Marine Parts at Shanghai,PO-2025-9597,13-Mar-2025 00:00,UTC,Shanghai
1530,2025-03-13 00:00:00,7440571a-841a-11ed-aa7c-7003bca91a86,4719,MV0001-05263,Exciter Rotor,COMP-1768374767899-slkigc1i8,665.001,"Emergency Generator Aggregates, Complete",SP-665.001-263,RECEIVE,3,16,228b5256-5bd2-4bf3-826f-c6fe76571449,Received from Pacific Marine Parts at Shanghai,PO-2025-1837,13-Mar-2025 00:00,UTC,Shanghai
1531,2025-03-13 00:00:00,7440571a-841a-11ed-aa7c-7003bca91a86,4744,MV0001-05288,Diode-Reverse Polarity,COMP-1768374767899-slkigc1i8,665.001,"Emergency Generator Aggregates, Complete",SP-665.001-288,RECEIVE,3,21,228b5256-5bd2-4bf3-826f-c6fe76571449,Received from Pacific Marine Parts at Shanghai,PO-2025-3250,13-Mar-2025 00:00,UTC,Shanghai
1532,2025-03-13 00:00:00,7440571a-841a-11ed-aa7c-7003bca91a86,4749,MV0001-05293,Terminal Link,COMP-1768374767899-slkigc1i8,665.001,"Emergency Generator Aggregates, Complete",SP-665.001-293,RECEIVE,3,13,228b5256-5bd2-4bf3-826f-c6fe76571449,Received from Pacific Marine Parts at Shanghai,PO-2025-6726,13-Mar-2025 00:00,UTC,Shanghai
1533,2025-03-13 00:00:00,7440571a-841a-11ed-aa7c-7003bca91a86,4755,MV0001-05299,Automatic Voltage Regulator Anti-Vibration Mounting Assembly,COMP-1768374767899-slkigc1i8,665.001,"Emergency Generator Aggregates, Complete",SP-665.001-299,RECEIVE,3,12,228b5256-5bd2-4bf3-826f-c6fe76571449,Received from Pacific Marine Parts at Shanghai,PO-2025-2170,13-Mar-2025 00:00,UTC,Shanghai
1534,2025-03-13 00:00:00,7440571a-841a-11ed-aa7c-7003bca91a86,4762,MV0001-05306,Cover Non Drive End,COMP-1768374767899-slkigc1i8,665.001,"Emergency Generator Aggregates, Complete",SP-665.001-306,RECEIVE,5,12,228b5256-5bd2-4bf3-826f-c6fe76571449,Received from Pacific Marine Parts at Shanghai,PO-2025-7746,13-Mar-2025 00:00,UTC,Shanghai
1535,2025-03-13 00:00:00,7440571a-841a-11ed-aa7c-7003bca91a86,4775,MV0001-05319,End panel Non Drive End,COMP-1768374767899-slkigc1i8,665.001,"Emergency Generator Aggregates, Complete",SP-665.001-319,RECEIVE,1,4,228b5256-5bd2-4bf3-826f-c6fe76571449,Received from Pacific Marine Parts at Shanghai,PO-2025-9754,13-Mar-2025 00:00,UTC,Shanghai
1536,2025-03-13 00:00:00,7440571a-841a-11ed-aa7c-7003bca91a86,4777,MV0001-05321,Side Panel,COMP-1768374767899-slkigc1i8,665.001,"Emergency Generator Aggregates, Complete",SP-665.001-321,RECEIVE,2,7,228b5256-5bd2-4bf3-826f-c6fe76571449,Received from Pacific Marine Parts at Shanghai,PO-2025-3118,13-Mar-2025 00:00,UTC,Shanghai
1537,2025-03-13 00:00:00,7440571a-841a-11ed-aa7c-7003bca91a86,4788,MV0001-05332,Terminal Link,COMP-1768374767899-slkigc1i8,665.001,"Emergency Generator Aggregates, Complete",SP-665.001-332,RECEIVE,2,14,228b5256-5bd2-4bf3-826f-c6fe76571449,Received from Pacific Marine Parts at Shanghai,PO-2025-7984,13-Mar-2025 00:00,UTC,Shanghai
1538,2025-03-13 00:00:00,7440571a-841a-11ed-aa7c-7003bca91a86,4792,MV0001-05336,Cap Screw,COMP-1768374767899-slkigc1i8,665.001,"Emergency Generator Aggregates, Complete",SP-665.001-336,RECEIVE,5,10,228b5256-5bd2-4bf3-826f-c6fe76571449,Received from Pacific Marine Parts at Shanghai,PO-2025-2611,13-Mar-2025 00:00,UTC,Shanghai
1539,2025-03-13 00:00:00,7440571a-841a-11ed-aa7c-7003bca91a86,4806,MV0001-05350,Non Drive End Bracket,COMP-1768374767899-slkigc1i8,665.001,"Emergency Generator Aggregates, Complete",SP-665.001-350,RECEIVE,4,12,228b5256-5bd2-4bf3-826f-c6fe76571449,Received from Pacific Marine Parts at Shanghai,PO-2025-3305,13-Mar-2025 00:00,UTC,Shanghai
1540,2025-03-13 00:00:00,7440571a-841a-11ed-aa7c-7003bca91a86,4814,MV0001-05358,Foot,COMP-1768374767899-slkigc1i8,665.001,"Emergency Generator Aggregates, Complete",SP-665.001-358,RECEIVE,2,13,228b5256-5bd2-4bf3-826f-c6fe76571449,Received from Pacific Marine Parts at Shanghai,PO-2025-7658,13-Mar-2025 00:00,UTC,Shanghai
1541,2025-03-13 00:00:00,7440571a-841a-11ed-aa7c-7003bca91a86,4839,MV0001-05383,Pump Bed,COMP-1768374767907-73hq6hda8,801.001,Clean Ballast Pumps,SP-801.001-383,RECEIVE,2,18,228b5256-5bd2-4bf3-826f-c6fe76571449,Received from Pacific Marine Parts at Shanghai,PO-2025-8392,13-Mar-2025 00:00,UTC,Shanghai
1542,2025-03-13 00:00:00,7440571a-841a-11ed-aa7c-7003bca91a86,4862,MV0001-05406,Stopper Ring And Set Screw,COMP-1768374767907-73hq6hda8,801.001,Clean Ballast Pumps,SP-801.001-406,RECEIVE,2,18,228b5256-5bd2-4bf3-826f-c6fe76571449,Received from Pacific Marine Parts at Shanghai,PO-2025-8618,13-Mar-2025 00:00,UTC,Shanghai
1543,2025-03-13 00:00:00,7440571a-841a-11ed-aa7c-7003bca91a86,4864,MV0001-05408,Packing Ring,COMP-1768374767907-73hq6hda8,801.001,Clean Ballast Pumps,SP-801.001-408,RECEIVE,1,11,228b5256-5bd2-4bf3-826f-c6fe76571449,Received from Pacific Marine Parts at Shanghai,PO-2025-8407,13-Mar-2025 00:00,UTC,Shanghai
1544,2025-03-13 00:00:00,7440571a-841a-11ed-aa7c-7003bca91a86,4865,MV0001-05409,Packing,COMP-1768374767907-73hq6hda8,801.001,Clean Ballast Pumps,SP-801.001-409,RECEIVE,1,24,228b5256-5bd2-4bf3-826f-c6fe76571449,Received from Pacific Marine Parts at Shanghai,PO-2025-9081,13-Mar-2025 00:00,UTC,Shanghai
1545,2025-03-13 00:00:00,7440571a-841a-11ed-aa7c-7003bca91a86,4870,MV0001-05414,Packing Ring,COMP-1768374767907-73hq6hda8,801.001,Clean Ballast Pumps,SP-801.001-414,RECEIVE,5,24,228b5256-5bd2-4bf3-826f-c6fe76571449,Received from Pacific Marine Parts at Shanghai,PO-2025-2129,13-Mar-2025 00:00,UTC,Shanghai
1546,2025-03-13 00:00:00,7440571a-841a-11ed-aa7c-7003bca91a86,4918,MV0001-05462,Bearing,COMP-1768374767907-73hq6hda8,801.001,Clean Ballast Pumps,SP-801.001-462,RECEIVE,5,17,228b5256-5bd2-4bf3-826f-c6fe76571449,Received from Pacific Marine Parts at Shanghai,PO-2025-0033,13-Mar-2025 00:00,UTC,Shanghai
1547,2025-03-13 00:00:00,7440571a-841a-11ed-aa7c-7003bca91a86,4920,MV0001-05464,Snap Ring,COMP-1768374767907-73hq6hda8,801.001,Clean Ballast Pumps,SP-801.001-464,RECEIVE,2,13,228b5256-5bd2-4bf3-826f-c6fe76571449,Received from Pacific Marine Parts at Shanghai,PO-2025-0006,13-Mar-2025 00:00,UTC,Shanghai
1548,2025-03-13 00:00:00,7440571a-841a-11ed-aa7c-7003bca91a86,4930,MV0001-05474,Anode Rods,COMP-1768374767914-980b44ij3,278.010.02,Impressed Current Systems No.02,SP-278.010.01-474,RECEIVE,2,15,228b5256-5bd2-4bf3-826f-c6fe76571449,Received from Pacific Marine Parts at Shanghai,PO-2025-8241,13-Mar-2025 00:00,UTC,Shanghai
1549,2025-03-13 00:00:00,7440571a-841a-11ed-aa7c-7003bca91a86,4941,MV0001-05485,Release & Lifting Gear,COMP-1768374767812-t7u0ew84e,501.002,Covered Lifeboats,SP-501.002-485,RECEIVE,1,8,228b5256-5bd2-4bf3-826f-c6fe76571449,Received from Pacific Marine Parts at Shanghai,PO-2025-0993,13-Mar-2025 00:00,UTC,Shanghai
1550,2025-03-13 00:00:00,7440571a-841a-11ed-aa7c-7003bca91a86,4953,MV0001-05497,Piston Ring,COMP-1768374767967-jb4k6wuji,554.003.02,Compressors W/Drive Unit No.02,SP-554.003.01-497,RECEIVE,2,7,228b5256-5bd2-4bf3-826f-c6fe76571449,Received from Pacific Marine Parts at Shanghai,PO-2025-8731,13-Mar-2025 00:00,UTC,Shanghai
2043,2025-03-13 00:00:00,7440571a-841a-11ed-aa7c-7003bca91a86,5106,MV0001-05650,O-Ring,COMP-1768374767841-28lhyy6ri,601.060,ME Crankshafts,SP-601.060-650,CONSUME,-1,9,3rd Engineer,Consumed during maintenance - UWO-702.005.02-2025-761,UWO-702.005.02-2025-761,13-Mar-2025,UTC,
2044,2025-03-13 00:00:00,7440571a-841a-11ed-aa7c-7003bca91a86,5500,MV0001-06044,Friction Pulley,COMP-1768374767795-1qyq8qvkb,721.001.02,Main Sw Cooling Pumps No.02,SP-721.001.01-1044,CONSUME,-2,3,3rd Engineer,Consumed during maintenance - UWO-702.005.02-2025-761,UWO-702.005.02-2025-761,13-Mar-2025,UTC,
2045,2025-03-13 00:00:00,7440571a-841a-11ed-aa7c-7003bca91a86,5385,MV0001-05929,Electric Wire,COMP-1768374768525-zyps62yum,712.011.02,LO Separators No.02,SP-702.005.01-929,CONSUME,-1,4,3rd Engineer,Consumed during maintenance - UWO-702.005.02-2025-761,UWO-702.005.02-2025-761,13-Mar-2025,UTC,
330,2025-03-12 00:00:00,7440571a-841a-11ed-aa7c-7003bca91a86,4676,MV0001-05220,Bolt,COMP-1768374767834-dbncpiany,601.053,ME Turbochargers,SP-601.053-220,CONSUME,-1,0,228b5256-5bd2-4bf3-826f-c6fe76571449,Consumed for WO WO-601.053-2025-469,WO-601.053-2025-469,12-Mar-2025 00:00,UTC,
329,2025-03-09 00:00:00,7440571a-841a-11ed-aa7c-7003bca91a86,4907,MV0001-05451,Packing Ring,COMP-1768374767907-73hq6hda8,801.001,Clean Ballast Pumps,SP-801.001-451,CONSUME,-1,4,228b5256-5bd2-4bf3-826f-c6fe76571449,Consumed for WO WO-653.003.06-2025-377,WO-653.003.06-2025-377,09-Mar-2025 00:00,UTC,
2432,2025-03-09 00:00:00,7440571a-841a-11ed-aa7c-7003bca91a86,5191,MV0001-05735,Bolt,COMP-1768374768525-zyps62yum,712.011.02,LO Separators No.02,SP-702.005.01-735,CONSUME,-2,3,4th Engineer,Consumed during maintenance - MKR-IN-00072-285.001.08-2025-241,MKR-IN-00072-285.001.08-2025-241,09-Mar-2025,UTC,
2602,2025-03-09 00:00:00,7440571a-841a-11ed-aa7c-7003bca91a86,4994,MV0001-05538,Parallel Key,COMP-1768374767967-jb4k6wuji,554.003.02,Compressors W/Drive Unit No.02,SP-554.003.01-538,CONSUME,-1,2,4th Engineer,Consumed during maintenance - MKR-IN-00072-285.001.07-2025-227,MKR-IN-00072-285.001.07-2025-227,09-Mar-2025,UTC,
328,2025-03-06 00:00:00,7440571a-841a-11ed-aa7c-7003bca91a86,4645,MV0001-05189,Crinket,COMP-1768374767818-ckg4kqu6q,601.001,"Main Diesel Engine, Compl.",SP-601.001-189,CONSUME,-1,2,977621de-77d7-4892-ae27-adaebcc27d0b,Consumed for WO UWO-651.002-2025-470,UWO-651.002-2025-470,06-Mar-2025 00:00,UTC,
2005,2025-03-06 00:00:00,7440571a-841a-11ed-aa7c-7003bca91a86,5225,MV0001-05769,Hose Band,COMP-1768374768525-zyps62yum,712.011.02,LO Separators No.02,SP-702.005.01-769,CONSUME,-1,4,2nd Engineer,Consumed during maintenance - UWO-651.002-2025-470,UWO-651.002-2025-470,06-Mar-2025,UTC,
2006,2025-03-06 00:00:00,7440571a-841a-11ed-aa7c-7003bca91a86,5180,MV0001-05724,Oil Gauge Retainer,COMP-1768374768525-zyps62yum,712.011.02,LO Separators No.02,SP-702.005.01-724,CONSUME,-1,4,2nd Engineer,Consumed during maintenance - UWO-651.002-2025-470,UWO-651.002-2025-470,06-Mar-2025,UTC,
2946,2025-03-05 00:00:00,7440571a-841a-11ed-aa7c-7003bca91a86,4684,MV0001-05228,Tongued Washer,COMP-1768374767834-dbncpiany,601.053,ME Turbochargers,SP-601.053-228,CONSUME,-1,3,2nd Engineer,Consumed during maintenance - WO-601.053-2025-443,WO-601.053-2025-443,05-Mar-2025,UTC,
2947,2025-03-05 00:00:00,7440571a-841a-11ed-aa7c-7003bca91a86,4676,MV0001-05220,Bolt,COMP-1768374767834-dbncpiany,601.053,ME Turbochargers,SP-601.053-220,CONSUME,-2,0,2nd Engineer,Consumed during maintenance - WO-601.053-2025-443,WO-601.053-2025-443,05-Mar-2025,UTC,
327,2025-03-04 00:00:00,7440571a-841a-11ed-aa7c-7003bca91a86,4515,MV0001-05059,Nut,COMP-1768374767799-zs6hrf8cm,401.005,Rudders W/Nozzle,SP-401.005-059,CONSUME,-2,0,480b40d0-04bd-4590-a936-2f879b867977,Consumed for WO UWO-652.018-2025-708,UWO-652.018-2025-708,04-Mar-2025 00:00,UTC,
2453,2025-03-04 00:00:00,7440571a-841a-11ed-aa7c-7003bca91a86,5532,MV0001-06076,Nut,COMP-1768374767795-1qyq8qvkb,721.001.02,Main Sw Cooling Pumps No.02,SP-721.001.01-1076,CONSUME,-1,4,2nd Engineer,Consumed during maintenance - UWO-652.018-2025-708,UWO-652.018-2025-708,04-Mar-2025,UTC,
2454,2025-03-04 00:00:00,7440571a-841a-11ed-aa7c-7003bca91a86,5247,MV0001-05791,Upper Disc,COMP-1768374768525-zyps62yum,712.011.02,LO Separators No.02,SP-702.005.01-791,CONSUME,-2,3,2nd Engineer,Consumed during maintenance - UWO-652.018-2025-708,UWO-652.018-2025-708,04-Mar-2025,UTC,
2219,2025-03-02 00:00:00,7440571a-841a-11ed-aa7c-7003bca91a86,5024,MV0001-05568,Piston Ring,COMP-1768374767967-jb4k6wuji,554.003.02,Compressors W/Drive Unit No.02,SP-554.003.01-568,CONSUME,-2,3,3rd Engineer,Consumed during maintenance - WO-651.003.01-2025-341,WO-651.003.01-2025-341,02-Mar-2025,UTC,
2037,2025-02-28 00:00:00,7440571a-841a-11ed-aa7c-7003bca91a86,5321,MV0001-05865,Lining Boss,COMP-1768374768525-zyps62yum,712.011.02,LO Separators No.02,SP-702.005.01-865,CONSUME,-2,3,3rd Engineer,Consumed during maintenance - WO-702.005.02-2025-267,WO-702.005.02-2025-267,28-Feb-2025,UTC,
2038,2025-02-28 00:00:00,7440571a-841a-11ed-aa7c-7003bca91a86,5341,MV0001-05885,Socket Set Screw,COMP-1768374768525-zyps62yum,712.011.02,LO Separators No.02,SP-702.005.01-885,CONSUME,-1,4,3rd Engineer,Consumed during maintenance - WO-702.005.02-2025-267,WO-702.005.02-2025-267,28-Feb-2025,UTC,
2820,2025-02-27 00:00:00,7440571a-841a-11ed-aa7c-7003bca91a86,4754,MV0001-05298,Automatic Voltage Regulator Access Cover,COMP-1768374767899-slkigc1i8,665.001,"Emergency Generator Aggregates, Complete",SP-665.001-298,CONSUME,-2,3,2nd Engineer,Consumed during maintenance - MKR-IN-00017-653.020.05-2025-147,MKR-IN-00017-653.020.05-2025-147,27-Feb-2025,UTC,
2283,2025-02-24 00:00:00,7440571a-841a-11ed-aa7c-7003bca91a86,5156,MV0001-05700,O-Ring,COMP-1768374768505-jktu58f2h,653.020.07,AE3 Crankcase Doors W/Safety Valve No.07,SP-651.020.01-700,CONSUME,-2,1,4th Engineer,Consumed during maintenance - MKR-IN-00018-653.020.07-2025-150,MKR-IN-00018-653.020.07-2025-150,24-Feb-2025,UTC,
2284,2025-02-24 00:00:00,7440571a-841a-11ed-aa7c-7003bca91a86,5159,MV0001-05703,"Rubber Ring, Upper",COMP-1768374768505-jktu58f2h,653.020.07,AE3 Crankcase Doors W/Safety Valve No.07,SP-651.020.01-703,CONSUME,-1,4,4th Engineer,Consumed during maintenance - MKR-IN-00018-653.020.07-2025-150,MKR-IN-00018-653.020.07-2025-150,24-Feb-2025,UTC,
2638,2025-02-24 00:00:00,7440571a-841a-11ed-aa7c-7003bca91a86,4761,MV0001-05305,Non Drive End Bracket,COMP-1768374767899-slkigc1i8,665.001,"Emergency Generator Aggregates, Complete",SP-665.001-305,CONSUME,-1,4,2nd Engineer,Consumed during maintenance - UWO-651.007.05-2025-485,UWO-651.007.05-2025-485,24-Feb-2025,UTC,
2106,2025-02-22 00:00:00,7440571a-841a-11ed-aa7c-7003bca91a86,4845,MV0001-05389,Bearing Inner Case,COMP-1768374767907-73hq6hda8,801.001,Clean Ballast Pumps,SP-801.001-389,CONSUME,-2,3,2nd Engineer,Consumed during maintenance - MKR-IN-00080-652.002.03-2025-625,MKR-IN-00080-652.002.03-2025-625,22-Feb-2025,UTC,
2508,2025-02-22 00:00:00,7440571a-841a-11ed-aa7c-7003bca91a86,5252,MV0001-05796,O-Ring,COMP-1768374768525-zyps62yum,712.011.02,LO Separators No.02,SP-702.005.01-796,CONSUME,-2,3,4th Engineer,Consumed during maintenance - MKR-IN-00063-601.004.01-2025-302,MKR-IN-00063-601.004.01-2025-302,22-Feb-2025,UTC,
2509,2025-02-22 00:00:00,7440571a-841a-11ed-aa7c-7003bca91a86,5055,MV0001-05599,Bolt And Nut,COMP-1768374767994-apqr6kc7v,601.002.06,ME Cylinder Covers W/Valves No.06,SP-601.002.01-599,CONSUME,-1,4,4th Engineer,Consumed during maintenance - MKR-IN-00063-601.004.01-2025-302,MKR-IN-00063-601.004.01-2025-302,22-Feb-2025,UTC,
2853,2025-02-21 00:00:00,7440571a-841a-11ed-aa7c-7003bca91a86,5131,MV0001-05675,Crank Pin Metal Assembly,COMP-1768374768462-uelez69lg,653.004.06,AE3 Pistons And Connecting Rod No.06,SP-651.004.01-675,CONSUME,-2,3,3rd Engineer,Consumed during maintenance - UWO-601.002.04-2025-751,UWO-601.002.04-2025-751,21-Feb-2025,UTC,
326,2025-02-17 00:00:00,7440571a-841a-11ed-aa7c-7003bca91a86,4763,MV0001-05307,Bearing O-Ring Non Drive End,COMP-1768374767899-slkigc1i8,665.001,"Emergency Generator Aggregates, Complete",SP-665.001-307,CONSUME,-1,1,056a433e-b880-43c6-9d59-b1cfe71a4014,Consumed for WO WO-702.005.02-2025-265,WO-702.005.02-2025-265,17-Feb-2025 00:00,UTC,
2488,2025-02-14 00:00:00,7440571a-841a-11ed-aa7c-7003bca91a86,5095,MV0001-05639,O-Ring,COMP-1768374768201-mvmpi8w24,601.026.06,ME Hp Fuel Pumps No.06,SP-601.026.01-639,CONSUME,-1,4,Chief Engineer,Consumed during maintenance - MKR-IN-00080-652.002.01-2025-605,MKR-IN-00080-652.002.01-2025-605,14-Feb-2025,UTC,
2489,2025-02-14 00:00:00,7440571a-841a-11ed-aa7c-7003bca91a86,5427,MV0001-05971,Cylinder,COMP-1768374768525-zyps62yum,712.011.02,LO Separators No.02,SP-702.005.01-971,CONSUME,-1,4,Chief Engineer,Consumed during maintenance - MKR-IN-00080-652.002.01-2025-605,MKR-IN-00080-652.002.01-2025-605,14-Feb-2025,UTC,
2490,2025-02-14 00:00:00,7440571a-841a-11ed-aa7c-7003bca91a86,5262,MV0001-05806,Pilot Valve,COMP-1768374768525-zyps62yum,712.011.02,LO Separators No.02,SP-702.005.01-806,CONSUME,-1,4,Chief Engineer,Consumed during maintenance - MKR-IN-00080-652.002.01-2025-605,MKR-IN-00080-652.002.01-2025-605,14-Feb-2025,UTC,
1471,2025-02-13 00:00:00,7440571a-841a-11ed-aa7c-7003bca91a86,4468,MV0001-05012,O-Ring,COMP-1768374767799-zs6hrf8cm,401.005,Rudders W/Nozzle,SP-401.005-012,RECEIVE,2,10,228b5256-5bd2-4bf3-826f-c6fe76571449,Received from MarineSpares Int. at Colombo,PO-2025-1660,13-Feb-2025 00:00,UTC,Colombo
1472,2025-02-13 00:00:00,7440571a-841a-11ed-aa7c-7003bca91a86,4472,MV0001-05016,Deck Seal,COMP-1768374767799-zs6hrf8cm,401.005,Rudders W/Nozzle,SP-401.005-016,RECEIVE,4,11,228b5256-5bd2-4bf3-826f-c6fe76571449,Received from MarineSpares Int. at Colombo,PO-2025-6017,13-Feb-2025 00:00,UTC,Colombo
1473,2025-02-13 00:00:00,7440571a-841a-11ed-aa7c-7003bca91a86,4475,MV0001-05019,O-Ring,COMP-1768374767799-zs6hrf8cm,401.005,Rudders W/Nozzle,SP-401.005-019,RECEIVE,3,11,228b5256-5bd2-4bf3-826f-c6fe76571449,Received from MarineSpares Int. at Colombo,PO-2025-5026,13-Feb-2025 00:00,UTC,Colombo
1474,2025-02-13 00:00:00,7440571a-841a-11ed-aa7c-7003bca91a86,4510,MV0001-05054,DK Seal Base Plate,COMP-1768374767799-zs6hrf8cm,401.005,Rudders W/Nozzle,SP-401.005-054,RECEIVE,2,5,228b5256-5bd2-4bf3-826f-c6fe76571449,Received from MarineSpares Int. at Colombo,PO-2025-8210,13-Feb-2025 00:00,UTC,Colombo
1475,2025-02-13 00:00:00,7440571a-841a-11ed-aa7c-7003bca91a86,4523,MV0001-05067,Hexagon High Strength Bolt,COMP-1768374767799-zs6hrf8cm,401.005,Rudders W/Nozzle,SP-401.005-067,RECEIVE,5,11,228b5256-5bd2-4bf3-826f-c6fe76571449,Received from MarineSpares Int. at Colombo,PO-2025-4245,13-Feb-2025 00:00,UTC,Colombo
1476,2025-02-13 00:00:00,7440571a-841a-11ed-aa7c-7003bca91a86,4539,MV0001-05083,Rudder Angle Scale,COMP-1768374767802-sjje0yq3o,403.001,"Steering Gears, Complete",SP-403.001-083,RECEIVE,4,10,228b5256-5bd2-4bf3-826f-c6fe76571449,Received from MarineSpares Int. at Colombo,PO-2025-3644,13-Feb-2025 00:00,UTC,Colombo
1477,2025-02-13 00:00:00,7440571a-841a-11ed-aa7c-7003bca91a86,4544,MV0001-05088,O-Ring,COMP-1768374767802-sjje0yq3o,403.001,"Steering Gears, Complete",SP-403.001-088,RECEIVE,2,7,228b5256-5bd2-4bf3-826f-c6fe76571449,Received from MarineSpares Int. at Colombo,PO-2025-4037,13-Feb-2025 00:00,UTC,Colombo
1478,2025-02-13 00:00:00,7440571a-841a-11ed-aa7c-7003bca91a86,4577,MV0001-05121,Bonded Seal,COMP-1768374767802-sjje0yq3o,403.001,"Steering Gears, Complete",SP-403.001-121,RECEIVE,3,28,228b5256-5bd2-4bf3-826f-c6fe76571449,Received from MarineSpares Int. at Colombo,PO-2025-7097,13-Feb-2025 00:00,UTC,Colombo
1479,2025-02-13 00:00:00,7440571a-841a-11ed-aa7c-7003bca91a86,4606,MV0001-05150,Plug,COMP-1768374767802-sjje0yq3o,403.001,"Steering Gears, Complete",SP-403.001-150,RECEIVE,2,14,228b5256-5bd2-4bf3-826f-c6fe76571449,Received from MarineSpares Int. at Colombo,PO-2025-8890,13-Feb-2025 00:00,UTC,Colombo
1480,2025-02-13 00:00:00,7440571a-841a-11ed-aa7c-7003bca91a86,4621,MV0001-05165,Stop Valve,COMP-1768374767815-k5anrfi02,554.001,Provision Cooling Compressor Aggregates,SP-554.001-165,RECEIVE,1,18,228b5256-5bd2-4bf3-826f-c6fe76571449,Received from MarineSpares Int. at Colombo,PO-2025-1479,13-Feb-2025 00:00,UTC,Colombo
1481,2025-02-13 00:00:00,7440571a-841a-11ed-aa7c-7003bca91a86,4660,MV0001-05204,Thrust Bearing Support,COMP-1768374767834-dbncpiany,601.053,ME Turbochargers,SP-601.053-204,RECEIVE,2,11,228b5256-5bd2-4bf3-826f-c6fe76571449,Received from MarineSpares Int. at Colombo,PO-2025-6891,13-Feb-2025 00:00,UTC,Colombo
1482,2025-02-13 00:00:00,7440571a-841a-11ed-aa7c-7003bca91a86,4661,MV0001-05205,Thrust Bearing Support,COMP-1768374767834-dbncpiany,601.053,ME Turbochargers,SP-601.053-205,RECEIVE,3,7,228b5256-5bd2-4bf3-826f-c6fe76571449,Received from MarineSpares Int. at Colombo,PO-2025-9660,13-Feb-2025 00:00,UTC,Colombo
1483,2025-02-13 00:00:00,7440571a-841a-11ed-aa7c-7003bca91a86,4730,MV0001-05274,Foot,COMP-1768374767899-slkigc1i8,665.001,"Emergency Generator Aggregates, Complete",SP-665.001-274,RECEIVE,2,14,228b5256-5bd2-4bf3-826f-c6fe76571449,Received from MarineSpares Int. at Colombo,PO-2025-9527,13-Feb-2025 00:00,UTC,Colombo
1484,2025-02-13 00:00:00,7440571a-841a-11ed-aa7c-7003bca91a86,4732,MV0001-05276,Frame Cover Top,COMP-1768374767899-slkigc1i8,665.001,"Emergency Generator Aggregates, Complete",SP-665.001-276,RECEIVE,3,12,228b5256-5bd2-4bf3-826f-c6fe76571449,Received from MarineSpares Int. at Colombo,PO-2025-4033,13-Feb-2025 00:00,UTC,Colombo
1485,2025-02-13 00:00:00,7440571a-841a-11ed-aa7c-7003bca91a86,4761,MV0001-05305,Non Drive End Bracket,COMP-1768374767899-slkigc1i8,665.001,"Emergency Generator Aggregates, Complete",SP-665.001-305,RECEIVE,3,22,228b5256-5bd2-4bf3-826f-c6fe76571449,Received from MarineSpares Int. at Colombo,PO-2025-3924,13-Feb-2025 00:00,UTC,Colombo
1486,2025-02-13 00:00:00,7440571a-841a-11ed-aa7c-7003bca91a86,4764,MV0001-05308,Bearing Non Drive End,COMP-1768374767899-slkigc1i8,665.001,"Emergency Generator Aggregates, Complete",SP-665.001-308,RECEIVE,3,15,228b5256-5bd2-4bf3-826f-c6fe76571449,Received from MarineSpares Int. at Colombo,PO-2025-3604,13-Feb-2025 00:00,UTC,Colombo
1487,2025-02-13 00:00:00,7440571a-841a-11ed-aa7c-7003bca91a86,4769,MV0001-05313,Foot,COMP-1768374767899-slkigc1i8,665.001,"Emergency Generator Aggregates, Complete",SP-665.001-313,RECEIVE,4,9,228b5256-5bd2-4bf3-826f-c6fe76571449,Received from MarineSpares Int. at Colombo,PO-2025-7081,13-Feb-2025 00:00,UTC,Colombo
1488,2025-02-13 00:00:00,7440571a-841a-11ed-aa7c-7003bca91a86,4776,MV0001-05320,Automatic Voltage Regulator,COMP-1768374767899-slkigc1i8,665.001,"Emergency Generator Aggregates, Complete",SP-665.001-320,RECEIVE,5,15,228b5256-5bd2-4bf3-826f-c6fe76571449,Received from MarineSpares Int. at Colombo,PO-2025-5634,13-Feb-2025 00:00,UTC,Colombo
1489,2025-02-13 00:00:00,7440571a-841a-11ed-aa7c-7003bca91a86,4778,MV0001-05322,Automatic Voltage Regulator Mounting Bracket,COMP-1768374767899-slkigc1i8,665.001,"Emergency Generator Aggregates, Complete",SP-665.001-322,RECEIVE,4,13,228b5256-5bd2-4bf3-826f-c6fe76571449,Received from MarineSpares Int. at Colombo,PO-2025-5277,13-Feb-2025 00:00,UTC,Colombo
1490,2025-02-13 00:00:00,7440571a-841a-11ed-aa7c-7003bca91a86,4790,MV0001-05334,Fan,COMP-1768374767899-slkigc1i8,665.001,"Emergency Generator Aggregates, Complete",SP-665.001-334,RECEIVE,3,19,228b5256-5bd2-4bf3-826f-c6fe76571449,Received from MarineSpares Int. at Colombo,PO-2025-9568,13-Feb-2025 00:00,UTC,Colombo
1491,2025-02-13 00:00:00,7440571a-841a-11ed-aa7c-7003bca91a86,4816,MV0001-05360,Frame Cover Top,COMP-1768374767899-slkigc1i8,665.001,"Emergency Generator Aggregates, Complete",SP-665.001-360,RECEIVE,5,13,228b5256-5bd2-4bf3-826f-c6fe76571449,Received from MarineSpares Int. at Colombo,PO-2025-4841,13-Feb-2025 00:00,UTC,Colombo
1492,2025-02-13 00:00:00,7440571a-841a-11ed-aa7c-7003bca91a86,4820,MV0001-05364,End panel Non Drive End,COMP-1768374767899-slkigc1i8,665.001,"Emergency Generator Aggregates, Complete",SP-665.001-364,RECEIVE,4,13,228b5256-5bd2-4bf3-826f-c6fe76571449,Received from MarineSpares Int. at Colombo,PO-2025-6233,13-Feb-2025 00:00,UTC,Colombo
1493,2025-02-13 00:00:00,7440571a-841a-11ed-aa7c-7003bca91a86,4823,MV0001-05367,Main Rectifier Assembly-Forward,COMP-1768374767899-slkigc1i8,665.001,"Emergency Generator Aggregates, Complete",SP-665.001-367,RECEIVE,3,13,228b5256-5bd2-4bf3-826f-c6fe76571449,Received from MarineSpares Int. at Colombo,PO-2025-6899,13-Feb-2025 00:00,UTC,Colombo
1494,2025-02-13 00:00:00,7440571a-841a-11ed-aa7c-7003bca91a86,4847,MV0001-05391,Impeller Shaft,COMP-1768374767907-73hq6hda8,801.001,Clean Ballast Pumps,SP-801.001-391,RECEIVE,5,11,228b5256-5bd2-4bf3-826f-c6fe76571449,Received from MarineSpares Int. at Colombo,PO-2025-1955,13-Feb-2025 00:00,UTC,Colombo
1495,2025-02-13 00:00:00,7440571a-841a-11ed-aa7c-7003bca91a86,4859,MV0001-05403,Seal Ring,COMP-1768374767907-73hq6hda8,801.001,Clean Ballast Pumps,SP-801.001-403,RECEIVE,4,11,228b5256-5bd2-4bf3-826f-c6fe76571449,Received from MarineSpares Int. at Colombo,PO-2025-6835,13-Feb-2025 00:00,UTC,Colombo
1496,2025-02-13 00:00:00,7440571a-841a-11ed-aa7c-7003bca91a86,4869,MV0001-05413,Stopper Ring And Set Screw,COMP-1768374767907-73hq6hda8,801.001,Clean Ballast Pumps,SP-801.001-413,RECEIVE,1,10,228b5256-5bd2-4bf3-826f-c6fe76571449,Received from MarineSpares Int. at Colombo,PO-2025-9789,13-Feb-2025 00:00,UTC,Colombo
1497,2025-02-13 00:00:00,7440571a-841a-11ed-aa7c-7003bca91a86,4887,MV0001-05431,Ball Bearing,COMP-1768374767907-73hq6hda8,801.001,Clean Ballast Pumps,SP-801.001-431,RECEIVE,5,14,228b5256-5bd2-4bf3-826f-c6fe76571449,Received from MarineSpares Int. at Colombo,PO-2025-4767,13-Feb-2025 00:00,UTC,Colombo
1498,2025-02-13 00:00:00,7440571a-841a-11ed-aa7c-7003bca91a86,4889,MV0001-05433,Lantern Ring,COMP-1768374767907-73hq6hda8,801.001,Clean Ballast Pumps,SP-801.001-433,RECEIVE,3,17,228b5256-5bd2-4bf3-826f-c6fe76571449,Received from MarineSpares Int. at Colombo,PO-2025-0632,13-Feb-2025 00:00,UTC,Colombo
1499,2025-02-13 00:00:00,7440571a-841a-11ed-aa7c-7003bca91a86,4894,MV0001-05438,Sleeve,COMP-1768374767907-73hq6hda8,801.001,Clean Ballast Pumps,SP-801.001-438,RECEIVE,2,7,228b5256-5bd2-4bf3-826f-c6fe76571449,Received from MarineSpares Int. at Colombo,PO-2025-8296,13-Feb-2025 00:00,UTC,Colombo
1500,2025-02-13 00:00:00,7440571a-841a-11ed-aa7c-7003bca91a86,4897,MV0001-05441,Coupling Flange,COMP-1768374767907-73hq6hda8,801.001,Clean Ballast Pumps,SP-801.001-441,RECEIVE,2,11,228b5256-5bd2-4bf3-826f-c6fe76571449,Received from MarineSpares Int. at Colombo,PO-2025-5637,13-Feb-2025 00:00,UTC,Colombo
1501,2025-02-13 00:00:00,7440571a-841a-11ed-aa7c-7003bca91a86,4900,MV0001-05444,Hub,COMP-1768374767907-73hq6hda8,801.001,Clean Ballast Pumps,SP-801.001-444,RECEIVE,1,18,228b5256-5bd2-4bf3-826f-c6fe76571449,Received from MarineSpares Int. at Colombo,PO-2025-1385,13-Feb-2025 00:00,UTC,Colombo
1502,2025-02-13 00:00:00,7440571a-841a-11ed-aa7c-7003bca91a86,4902,MV0001-05446,Coupling Bolt Nut And Washer,COMP-1768374767907-73hq6hda8,801.001,Clean Ballast Pumps,SP-801.001-446,RECEIVE,1,19,228b5256-5bd2-4bf3-826f-c6fe76571449,Received from MarineSpares Int. at Colombo,PO-2025-1367,13-Feb-2025 00:00,UTC,Colombo
1503,2025-02-13 00:00:00,7440571a-841a-11ed-aa7c-7003bca91a86,4916,MV0001-05460,Doubling Plate,COMP-1768374767907-73hq6hda8,801.001,Clean Ballast Pumps,SP-801.001-460,RECEIVE,4,21,228b5256-5bd2-4bf3-826f-c6fe76571449,Received from MarineSpares Int. at Colombo,PO-2025-0891,13-Feb-2025 00:00,UTC,Colombo
1504,2025-02-13 00:00:00,7440571a-841a-11ed-aa7c-7003bca91a86,4922,MV0001-05466,Oil Seal,COMP-1768374767907-73hq6hda8,801.001,Clean Ballast Pumps,SP-801.001-466,RECEIVE,1,8,228b5256-5bd2-4bf3-826f-c6fe76571449,Received from MarineSpares Int. at Colombo,PO-2025-9796,13-Feb-2025 00:00,UTC,Colombo
1505,2025-02-13 00:00:00,7440571a-841a-11ed-aa7c-7003bca91a86,4928,MV0001-05472,Mechanical Seal Assembling Tool,COMP-1768374767907-73hq6hda8,801.001,Clean Ballast Pumps,SP-801.001-472,RECEIVE,2,19,228b5256-5bd2-4bf3-826f-c6fe76571449,Received from MarineSpares Int. at Colombo,PO-2025-2376,13-Feb-2025 00:00,UTC,Colombo
1506,2025-02-13 00:00:00,7440571a-841a-11ed-aa7c-7003bca91a86,4939,MV0001-05483,O-Ring,COMP-1768374767809-mr8172nux,411.002,X-Band Radar,SP-411.002-483,RECEIVE,1,10,228b5256-5bd2-4bf3-826f-c6fe76571449,Received from MarineSpares Int. at Colombo,PO-2025-4916,13-Feb-2025 00:00,UTC,Colombo
1507,2025-02-13 00:00:00,7440571a-841a-11ed-aa7c-7003bca91a86,4948,MV0001-05492,Bearing Holder,COMP-1768374767967-jb4k6wuji,554.003.02,Compressors W/Drive Unit No.02,SP-554.003.01-492,RECEIVE,2,11,228b5256-5bd2-4bf3-826f-c6fe76571449,Received from MarineSpares Int. at Colombo,PO-2025-4048,13-Feb-2025 00:00,UTC,Colombo
2096,2025-02-11 00:00:00,7440571a-841a-11ed-aa7c-7003bca91a86,5130,MV0001-05674,Thrust Metal Assembly,COMP-1768374768462-uelez69lg,653.004.06,AE3 Pistons And Connecting Rod No.06,SP-651.004.01-674,CONSUME,-2,8,4th Engineer,Consumed during maintenance - MKR-IN-00072-285.001.05-2025-207,MKR-IN-00072-285.001.05-2025-207,11-Feb-2025,UTC,
2075,2025-02-10 00:00:00,7440571a-841a-11ed-aa7c-7003bca91a86,4973,MV0001-05517,Gasket,COMP-1768374767967-jb4k6wuji,554.003.02,Compressors W/Drive Unit No.02,SP-554.003.01-517,CONSUME,-1,4,3rd Engineer,Consumed during maintenance - WO-702.005.02-2025-264,WO-702.005.02-2025-264,10-Feb-2025,UTC,
2855,2025-02-10 00:00:00,7440571a-841a-11ed-aa7c-7003bca91a86,5247,MV0001-05791,Upper Disc,COMP-1768374768525-zyps62yum,712.011.02,LO Separators No.02,SP-702.005.01-791,CONSUME,-1,2,2nd Engineer,Consumed during maintenance - MKR-IN-00072-285.001.08-2025-236,MKR-IN-00072-285.001.08-2025-236,10-Feb-2025,UTC,
2856,2025-02-10 00:00:00,7440571a-841a-11ed-aa7c-7003bca91a86,5161,MV0001-05705,"Gasket, Cylinder Head",COMP-1768374768505-jktu58f2h,653.020.07,AE3 Crankcase Doors W/Safety Valve No.07,SP-651.020.01-705,CONSUME,-1,4,2nd Engineer,Consumed during maintenance - MKR-IN-00072-285.001.08-2025-236,MKR-IN-00072-285.001.08-2025-236,10-Feb-2025,UTC,
2318,2025-02-09 00:00:00,7440571a-841a-11ed-aa7c-7003bca91a86,5063,MV0001-05607,Stud Bolt And Nut,COMP-1768374767994-apqr6kc7v,601.002.06,ME Cylinder Covers W/Valves No.06,SP-601.002.01-607,CONSUME,-1,2,Electrican,Consumed during maintenance - MKR-IN-00085-652.003.01-2025-644,MKR-IN-00085-652.003.01-2025-644,09-Feb-2025,UTC,
325,2025-02-08 00:00:00,7440571a-841a-11ed-aa7c-7003bca91a86,4619,MV0001-05163,Manual Exp. Valve,COMP-1768374767815-k5anrfi02,554.001,Provision Cooling Compressor Aggregates,SP-554.001-163,CONSUME,-1,4,977621de-77d7-4892-ae27-adaebcc27d0b,Consumed for WO UWO-653.002.06-2025-809,UWO-653.002.06-2025-809,08-Feb-2025 00:00,UTC,
2046,2025-02-08 00:00:00,7440571a-841a-11ed-aa7c-7003bca91a86,4567,MV0001-05111,Cyl. Head Screw,COMP-1768374767802-sjje0yq3o,403.001,"Steering Gears, Complete",SP-403.001-111,CONSUME,-2,3,2nd Engineer,Consumed during maintenance - UWO-653.020.03-2025-774,UWO-653.020.03-2025-774,08-Feb-2025,UTC,
324,2025-02-07 00:00:00,7440571a-841a-11ed-aa7c-7003bca91a86,4457,MV0001-05001,Nilesh,COMP-1768374767799-zs6hrf8cm,401.005,Rudders W/Nozzle,SP-401.005-001,CONSUME,-1,8,228b5256-5bd2-4bf3-826f-c6fe76571449,Consumed for WO WO-653.003.06-2025-376,WO-653.003.06-2025-376,07-Feb-2025 00:00,UTC,
2900,2025-02-07 00:00:00,7440571a-841a-11ed-aa7c-7003bca91a86,5075,MV0001-05619,O-Ring,COMP-1768374768161-fwhsrv4rs,601.005.06,"ME Connecting Rods, Crosshead, Guides No.06",SP-601.005.01-619,CONSUME,-1,0,2nd Engineer,Consumed during maintenance - MKR-IN-00076-601.005.06-2025-418,MKR-IN-00076-601.005.06-2025-418,07-Feb-2025,UTC,
2901,2025-02-07 00:00:00,7440571a-841a-11ed-aa7c-7003bca91a86,5076,MV0001-05620,Gasket,COMP-1768374768161-fwhsrv4rs,601.005.06,"ME Connecting Rods, Crosshead, Guides No.06",SP-601.005.01-620,CONSUME,-1,0,2nd Engineer,Consumed during maintenance - MKR-IN-00076-601.005.06-2025-418,MKR-IN-00076-601.005.06-2025-418,07-Feb-2025,UTC,
323,2025-02-06 00:00:00,7440571a-841a-11ed-aa7c-7003bca91a86,4610,MV0001-05154,Adjusting Screw,COMP-1768374767802-sjje0yq3o,403.001,"Steering Gears, Complete",SP-403.001-154,CONSUME,-2,3,6084f3b8-85dc-462a-b045-111d2b2e6d0e,Consumed for WO UWO-653.004.01-2025-596,UWO-653.004.01-2025-596,06-Feb-2025 00:00,UTC,
2472,2025-02-06 00:00:00,7440571a-841a-11ed-aa7c-7003bca91a86,4860,MV0001-05404,Packing Ring,COMP-1768374767907-73hq6hda8,801.001,Clean Ballast Pumps,SP-801.001-404,CONSUME,-2,1,3rd Engineer,Consumed during maintenance - UWO-653.004.01-2025-596,UWO-653.004.01-2025-596,06-Feb-2025,UTC,
2473,2025-02-06 00:00:00,7440571a-841a-11ed-aa7c-7003bca91a86,5177,MV0001-05721,Plug,COMP-1768374768525-zyps62yum,712.011.02,LO Separators No.02,SP-702.005.01-721,CONSUME,-1,4,3rd Engineer,Consumed during maintenance - UWO-653.004.01-2025-596,UWO-653.004.01-2025-596,06-Feb-2025,UTC,
2474,2025-02-06 00:00:00,7440571a-841a-11ed-aa7c-7003bca91a86,4477,MV0001-05021,Rudder Stock,COMP-1768374767799-zs6hrf8cm,401.005,Rudders W/Nozzle,SP-401.005-021,CONSUME,-2,2,3rd Engineer,Consumed during maintenance - UWO-653.004.01-2025-596,UWO-653.004.01-2025-596,06-Feb-2025,UTC,
2828,2025-02-06 00:00:00,7440571a-841a-11ed-aa7c-7003bca91a86,5200,MV0001-05744,Upper Hood,COMP-1768374768525-zyps62yum,712.011.02,LO Separators No.02,SP-702.005.01-744,CONSUME,-1,3,3rd Engineer,Consumed during maintenance - UWO-652.002-2025-549,UWO-652.002-2025-549,06-Feb-2025,UTC,
2829,2025-02-06 00:00:00,7440571a-841a-11ed-aa7c-7003bca91a86,4556,MV0001-05100,Hex. Screw,COMP-1768374767802-sjje0yq3o,403.001,"Steering Gears, Complete",SP-403.001-100,CONSUME,-1,4,3rd Engineer,Consumed during maintenance - UWO-652.002-2025-549,UWO-652.002-2025-549,06-Feb-2025,UTC,
322,2025-02-05 00:00:00,7440571a-841a-11ed-aa7c-7003bca91a86,4955,MV0001-05499,Spring Pin,COMP-1768374767967-jb4k6wuji,554.003.02,Compressors W/Drive Unit No.02,SP-554.003.01-499,CONSUME,-1,4,480b40d0-04bd-4590-a936-2f879b867977,Consumed for WO UWO-653.003.04-2025-822,UWO-653.003.04-2025-822,05-Feb-2025 00:00,UTC,
1976,2025-02-05 00:00:00,7440571a-841a-11ed-aa7c-7003bca91a86,4694,MV0001-05238,Support,COMP-1768374767837-m3bhk56ru,601.059,ME Exhaust Gas Manifolds/Pipes W/Insulation,SP-601.059-238,CONSUME,-2,3,4th Engineer,Consumed during maintenance - UWO-653.003.04-2025-822,UWO-653.003.04-2025-822,05-Feb-2025,UTC,
1977,2025-02-05 00:00:00,7440571a-841a-11ed-aa7c-7003bca91a86,4861,MV0001-05405,Spring,COMP-1768374767907-73hq6hda8,801.001,Clean Ballast Pumps,SP-801.001-405,CONSUME,-1,4,4th Engineer,Consumed during maintenance - UWO-653.003.04-2025-822,UWO-653.003.04-2025-822,05-Feb-2025,UTC,
320,2025-02-03 00:00:00,7440571a-841a-11ed-aa7c-7003bca91a86,4958,MV0001-05502,Joint,COMP-1768374767967-jb4k6wuji,554.003.02,Compressors W/Drive Unit No.02,SP-554.003.01-502,CONSUME,-2,3,6084f3b8-85dc-462a-b045-111d2b2e6d0e,Consumed for WO UWO-601.005.04-2025-852,UWO-601.005.04-2025-852,03-Feb-2025 00:00,UTC,
321,2025-02-03 00:00:00,7440571a-841a-11ed-aa7c-7003bca91a86,4718,MV0001-05262,Rotor,COMP-1768374767899-slkigc1i8,665.001,"Emergency Generator Aggregates, Complete",SP-665.001-262,CONSUME,-2,3,977621de-77d7-4892-ae27-adaebcc27d0b,Consumed for WO UWO-27-2025-639,UWO-27-2025-639,03-Feb-2025 00:00,UTC,
2047,2025-02-03 00:00:00,7440571a-841a-11ed-aa7c-7003bca91a86,5466,MV0001-06010,Adjusting Nut-Thrust,COMP-1768374768533-xnq4n84q4,712.013.02,LO Separator Booster Pumps No.02,SP-712.013.01-1010,CONSUME,-2,3,2nd Engineer,Consumed during maintenance - UWO-27-2025-639,UWO-27-2025-639,03-Feb-2025,UTC,
2194,2025-02-03 00:00:00,7440571a-841a-11ed-aa7c-7003bca91a86,4788,MV0001-05332,Terminal Link,COMP-1768374767899-slkigc1i8,665.001,"Emergency Generator Aggregates, Complete",SP-665.001-332,CONSUME,-2,3,3rd Engineer,Consumed during maintenance - UWO-601.005.04-2025-852,UWO-601.005.04-2025-852,03-Feb-2025,UTC,
319,2025-02-02 00:00:00,7440571a-841a-11ed-aa7c-7003bca91a86,4830,MV0001-05374,Frame To End Bracket Adaptor Ring,COMP-1768374767899-slkigc1i8,665.001,"Emergency Generator Aggregates, Complete",SP-665.001-374,CONSUME,-1,4,6084f3b8-85dc-462a-b045-111d2b2e6d0e,Consumed for WO WO-651.003.01-2025-340,WO-651.003.01-2025-340,02-Feb-2025 00:00,UTC,
2343,2025-02-01 00:00:00,7440571a-841a-11ed-aa7c-7003bca91a86,5031,MV0001-05575,O-Ring,COMP-1768374767818-ckg4kqu6q,601.001,"Main Diesel Engine, Compl.",SP-601.001-575,CONSUME,-1,1,4th Engineer,Consumed during maintenance - UWO-665-2025-840,UWO-665-2025-840,01-Feb-2025,UTC,
2344,2025-02-01 00:00:00,7440571a-841a-11ed-aa7c-7003bca91a86,5291,MV0001-05835,Washer,COMP-1768374768525-zyps62yum,712.011.02,LO Separators No.02,SP-702.005.01-835,CONSUME,-2,3,4th Engineer,Consumed during maintenance - UWO-665-2025-840,UWO-665-2025-840,01-Feb-2025,UTC,
2495,2025-01-31 00:00:00,7440571a-841a-11ed-aa7c-7003bca91a86,4808,MV0001-05352,Bearing O-Ring Non Drive End,COMP-1768374767899-slkigc1i8,665.001,"Emergency Generator Aggregates, Complete",SP-665.001-352,CONSUME,-2,3,3rd Engineer,Consumed during maintenance - WO-702.005.02-2025-263,WO-702.005.02-2025-263,31-Jan-2025,UTC,
317,2025-01-29 00:00:00,7440571a-841a-11ed-aa7c-7003bca91a86,4879,MV0001-05423,Bearing Support,COMP-1768374767907-73hq6hda8,801.001,Clean Ballast Pumps,SP-801.001-423,CONSUME,-1,4,6084f3b8-85dc-462a-b045-111d2b2e6d0e,Consumed for WO WO-651.003.01-2025-339,WO-651.003.01-2025-339,29-Jan-2025 00:00,UTC,
318,2025-01-29 00:00:00,7440571a-841a-11ed-aa7c-7003bca91a86,4719,MV0001-05263,Exciter Rotor,COMP-1768374767899-slkigc1i8,665.001,"Emergency Generator Aggregates, Complete",SP-665.001-263,CONSUME,-1,4,977621de-77d7-4892-ae27-adaebcc27d0b,Consumed for WO UWO-651.004.02-2025-620,UWO-651.004.02-2025-620,29-Jan-2025 00:00,UTC,
2753,2025-01-29 00:00:00,7440571a-841a-11ed-aa7c-7003bca91a86,4744,MV0001-05288,Diode-Reverse Polarity,COMP-1768374767899-slkigc1i8,665.001,"Emergency Generator Aggregates, Complete",SP-665.001-288,CONSUME,-2,3,3rd Engineer,Consumed during maintenance - UWO-651.004.02-2025-620,UWO-651.004.02-2025-620,29-Jan-2025,UTC,
316,2025-01-28 00:00:00,7440571a-841a-11ed-aa7c-7003bca91a86,4550,MV0001-05094,Vent. Plug ER,COMP-1768374767802-sjje0yq3o,403.001,"Steering Gears, Complete",SP-403.001-094,CONSUME,-1,4,6084f3b8-85dc-462a-b045-111d2b2e6d0e,Consumed for WO UWO-653.003.01-2025-592,UWO-653.003.01-2025-592,28-Jan-2025 00:00,UTC,
2296,2025-01-28 00:00:00,7440571a-841a-11ed-aa7c-7003bca91a86,5192,MV0001-05736,Sludge Cover,COMP-1768374768525-zyps62yum,712.011.02,LO Separators No.02,SP-702.005.01-736,CONSUME,-1,4,2nd Engineer,Consumed during maintenance - UWO-653.003.01-2025-592,UWO-653.003.01-2025-592,28-Jan-2025,UTC,
2406,2025-01-28 00:00:00,7440571a-841a-11ed-aa7c-7003bca91a86,4555,MV0001-05099,Cyl. Head Screw,COMP-1768374767802-sjje0yq3o,403.001,"Steering Gears, Complete",SP-403.001-099,CONSUME,-1,3,4th Engineer,Consumed during maintenance - UWO-601.005-2025-669,UWO-601.005-2025-669,28-Jan-2025,UTC,
2407,2025-01-28 00:00:00,7440571a-841a-11ed-aa7c-7003bca91a86,5057,MV0001-05601,Thrust Pad,COMP-1768374767994-apqr6kc7v,601.002.06,ME Cylinder Covers W/Valves No.06,SP-601.002.01-601,CONSUME,-2,3,4th Engineer,Consumed during maintenance - UWO-601.005-2025-669,UWO-601.005-2025-669,28-Jan-2025,UTC,
2965,2025-01-28 00:00:00,7440571a-841a-11ed-aa7c-7003bca91a86,4709,MV0001-05253,Nut,COMP-1768374767837-m3bhk56ru,601.059,ME Exhaust Gas Manifolds/Pipes W/Insulation,SP-601.059-253,CONSUME,-1,3,4th Engineer,Consumed during maintenance - MKR-IN-00078-601.059-2025-445,MKR-IN-00078-601.059-2025-445,28-Jan-2025,UTC,
315,2025-01-26 00:00:00,7440571a-841a-11ed-aa7c-7003bca91a86,4854,MV0001-05398,Flinger,COMP-1768374767907-73hq6hda8,801.001,Clean Ballast Pumps,SP-801.001-398,CONSUME,-1,4,480b40d0-04bd-4590-a936-2f879b867977,Consumed for WO UWO-652.046-2025-552,UWO-652.046-2025-552,26-Jan-2025 00:00,UTC,
2069,2025-01-26 00:00:00,7440571a-841a-11ed-aa7c-7003bca91a86,4506,MV0001-05050,Trunk Plate,COMP-1768374767799-zs6hrf8cm,401.005,Rudders W/Nozzle,SP-401.005-050,CONSUME,-2,2,2nd Engineer,Consumed during maintenance - UWO-652.046-2025-552,UWO-652.046-2025-552,26-Jan-2025,UTC,
314,2025-01-24 00:00:00,7440571a-841a-11ed-aa7c-7003bca91a86,4637,MV0001-05181,Fuse,COMP-1768374767815-k5anrfi02,554.001,Provision Cooling Compressor Aggregates,SP-554.001-181,CONSUME,-2,3,977621de-77d7-4892-ae27-adaebcc27d0b,Consumed for WO WO-702.005.02-2025-262,WO-702.005.02-2025-262,24-Jan-2025 00:00,UTC,
2475,2025-01-22 00:00:00,7440571a-841a-11ed-aa7c-7003bca91a86,5112,MV0001-05656,O-Ring,COMP-1768374767879-whkjy1n4i,653.001,"Aux. Diesel Generator Aggregates, Complete No.03",SP-651.001-656,CONSUME,-2,4,4th Engineer,Consumed during maintenance - MKR-IN-00071-278.010.01-2025-159,MKR-IN-00071-278.010.01-2025-159,22-Jan-2025,UTC,
312,2025-01-21 00:00:00,7440571a-841a-11ed-aa7c-7003bca91a86,4514,MV0001-05058,Reamer Bolt,COMP-1768374767799-zs6hrf8cm,401.005,Rudders W/Nozzle,SP-401.005-058,CONSUME,-1,4,056a433e-b880-43c6-9d59-b1cfe71a4014,Consumed for WO UWO-652.020.01-2025-832,UWO-652.020.01-2025-832,21-Jan-2025 00:00,UTC,
313,2025-01-21 00:00:00,7440571a-841a-11ed-aa7c-7003bca91a86,4552,MV0001-05096,Plug,COMP-1768374767802-sjje0yq3o,403.001,"Steering Gears, Complete",SP-403.001-096,CONSUME,-1,4,977621de-77d7-4892-ae27-adaebcc27d0b,Consumed for WO UWO-601.007.01-2025-734,UWO-601.007.01-2025-734,21-Jan-2025 00:00,UTC,
1987,2025-01-21 00:00:00,7440571a-841a-11ed-aa7c-7003bca91a86,4544,MV0001-05088,O-Ring,COMP-1768374767802-sjje0yq3o,403.001,"Steering Gears, Complete",SP-403.001-088,CONSUME,-1,3,3rd Engineer,Consumed during maintenance - WO-702.005.02-2025-261,WO-702.005.02-2025-261,21-Jan-2025,UTC,
1988,2025-01-21 00:00:00,7440571a-841a-11ed-aa7c-7003bca91a86,4632,MV0001-05176,Change Pipe And Joint,COMP-1768374767815-k5anrfi02,554.001,Provision Cooling Compressor Aggregates,SP-554.001-176,CONSUME,-2,2,3rd Engineer,Consumed during maintenance - WO-702.005.02-2025-261,WO-702.005.02-2025-261,21-Jan-2025,UTC,
1989,2025-01-21 00:00:00,7440571a-841a-11ed-aa7c-7003bca91a86,5156,MV0001-05700,O-Ring,COMP-1768374768505-jktu58f2h,653.020.07,AE3 Crankcase Doors W/Safety Valve No.07,SP-651.020.01-700,CONSUME,-2,3,3rd Engineer,Consumed during maintenance - WO-702.005.02-2025-261,WO-702.005.02-2025-261,21-Jan-2025,UTC,
2363,2025-01-21 00:00:00,7440571a-841a-11ed-aa7c-7003bca91a86,4476,MV0001-05020,Rudder Blade,COMP-1768374767799-zs6hrf8cm,401.005,Rudders W/Nozzle,SP-401.005-020,CONSUME,-2,3,2nd Engineer,Consumed during maintenance - UWO-601.007.01-2025-734,UWO-601.007.01-2025-734,21-Jan-2025,UTC,
2857,2025-01-21 00:00:00,7440571a-841a-11ed-aa7c-7003bca91a86,4592,MV0001-05136,Lock Nut,COMP-1768374767802-sjje0yq3o,403.001,"Steering Gears, Complete",SP-403.001-136,CONSUME,-2,1,2nd Engineer,Consumed during maintenance - UWO-652.020.01-2025-832,UWO-652.020.01-2025-832,21-Jan-2025,UTC,
2858,2025-01-21 00:00:00,7440571a-841a-11ed-aa7c-7003bca91a86,5225,MV0001-05769,Hose Band,COMP-1768374768525-zyps62yum,712.011.02,LO Separators No.02,SP-702.005.01-769,CONSUME,-1,3,2nd Engineer,Consumed during maintenance - UWO-652.020.01-2025-832,UWO-652.020.01-2025-832,21-Jan-2025,UTC,
2991,2025-01-19 00:00:00,7440571a-841a-11ed-aa7c-7003bca91a86,4737,MV0001-05281,Automatic Voltage Regulator,COMP-1768374767899-slkigc1i8,665.001,"Emergency Generator Aggregates, Complete",SP-665.001-281,CONSUME,-1,0,2nd Engineer,Consumed during maintenance - MKR-IN-00080-653.002.01-2025-677,MKR-IN-00080-653.002.01-2025-677,19-Jan-2025,UTC,
2990,2025-01-19 00:00:00,7440571a-841a-11ed-aa7c-7003bca91a86,4736,MV0001-05280,End panel Non Drive End,COMP-1768374767899-slkigc1i8,665.001,"Emergency Generator Aggregates, Complete",SP-665.001-280,CONSUME,-1,4,2nd Engineer,Consumed during maintenance - MKR-IN-00080-653.002.01-2025-677,MKR-IN-00080-653.002.01-2025-677,19-Jan-2025,UTC,
2326,2025-01-19 00:00:00,7440571a-841a-11ed-aa7c-7003bca91a86,4620,MV0001-05164,Dryer,COMP-1768374767815-k5anrfi02,554.001,Provision Cooling Compressor Aggregates,SP-554.001-164,CONSUME,-2,3,2nd Engineer,Consumed during maintenance - UWO-651.002.02-2025-585,UWO-651.002.02-2025-585,19-Jan-2025,UTC,
2327,2025-01-19 00:00:00,7440571a-841a-11ed-aa7c-7003bca91a86,4597,MV0001-05141,Reduction,COMP-1768374767802-sjje0yq3o,403.001,"Steering Gears, Complete",SP-403.001-141,CONSUME,-2,3,2nd Engineer,Consumed during maintenance - UWO-651.002.02-2025-585,UWO-651.002.02-2025-585,19-Jan-2025,UTC,
309,2025-01-18 00:00:00,7440571a-841a-11ed-aa7c-7003bca91a86,4676,MV0001-05220,Bolt,COMP-1768374767834-dbncpiany,601.053,ME Turbochargers,SP-601.053-220,CONSUME,-1,0,228b5256-5bd2-4bf3-826f-c6fe76571449,Consumed for WO WO-601.053-2025-442,WO-601.053-2025-442,18-Jan-2025 00:00,UTC,
310,2025-01-18 00:00:00,7440571a-841a-11ed-aa7c-7003bca91a86,4677,MV0001-05221,Gasket,COMP-1768374767834-dbncpiany,601.053,ME Turbochargers,SP-601.053-221,CONSUME,-1,0,228b5256-5bd2-4bf3-826f-c6fe76571449,Consumed for WO WO-601.053-2025-442,WO-601.053-2025-442,18-Jan-2025 00:00,UTC,
311,2025-01-18 00:00:00,7440571a-841a-11ed-aa7c-7003bca91a86,4658,MV0001-05202,Thrust Bearing Complete,COMP-1768374767834-dbncpiany,601.053,ME Turbochargers,SP-601.053-202,CONSUME,-1,0,977621de-77d7-4892-ae27-adaebcc27d0b,Consumed for WO WO-601.053-2025-442,WO-601.053-2025-442,18-Jan-2025 00:00,UTC,
1924,2025-01-17 00:00:00,7440571a-841a-11ed-aa7c-7003bca91a86,4510,MV0001-05054,DK Seal Base Plate,COMP-1768374767799-zs6hrf8cm,401.005,Rudders W/Nozzle,SP-401.005-054,CONSUME,-2,3,Chief Engineer,Consumed during maintenance - MKR-OV-00025-652.004.02-2025-069,MKR-OV-00025-652.004.02-2025-069,17-Jan-2025,UTC,
308,2025-01-13 00:00:00,7440571a-841a-11ed-aa7c-7003bca91a86,4584,MV0001-05128,Spool,COMP-1768374767802-sjje0yq3o,403.001,"Steering Gears, Complete",SP-403.001-128,CONSUME,-1,2,977621de-77d7-4892-ae27-adaebcc27d0b,Consumed for WO WO-702.005.02-2025-260,WO-702.005.02-2025-260,13-Jan-2025 00:00,UTC,
1424,2025-01-13 00:00:00,7440571a-841a-11ed-aa7c-7003bca91a86,4461,MV0001-05005,Hydraulic Jack,COMP-1768374767799-zs6hrf8cm,401.005,Rudders W/Nozzle,SP-401.005-005,RECEIVE,2,12,228b5256-5bd2-4bf3-826f-c6fe76571449,Received from Global Ship Supply at Colombo,PO-2025-5141,13-Jan-2025 00:00,UTC,Colombo
1425,2025-01-13 00:00:00,7440571a-841a-11ed-aa7c-7003bca91a86,4470,MV0001-05014,Bolt,COMP-1768374767799-zs6hrf8cm,401.005,Rudders W/Nozzle,SP-401.005-014,RECEIVE,2,9,228b5256-5bd2-4bf3-826f-c6fe76571449,Received from Global Ship Supply at Colombo,PO-2025-9181,13-Jan-2025 00:00,UTC,Colombo
1426,2025-01-13 00:00:00,7440571a-841a-11ed-aa7c-7003bca91a86,4479,MV0001-05023,Hydraulic Jack,COMP-1768374767799-zs6hrf8cm,401.005,Rudders W/Nozzle,SP-401.005-023,RECEIVE,5,20,228b5256-5bd2-4bf3-826f-c6fe76571449,Received from Global Ship Supply at Colombo,PO-2025-9774,13-Jan-2025 00:00,UTC,Colombo
1427,2025-01-13 00:00:00,7440571a-841a-11ed-aa7c-7003bca91a86,4514,MV0001-05058,Reamer Bolt,COMP-1768374767799-zs6hrf8cm,401.005,Rudders W/Nozzle,SP-401.005-058,RECEIVE,5,17,228b5256-5bd2-4bf3-826f-c6fe76571449,Received from Global Ship Supply at Colombo,PO-2025-2577,13-Jan-2025 00:00,UTC,Colombo
1428,2025-01-13 00:00:00,7440571a-841a-11ed-aa7c-7003bca91a86,4548,MV0001-05092,Bonded Seal,COMP-1768374767802-sjje0yq3o,403.001,"Steering Gears, Complete",SP-403.001-092,RECEIVE,2,7,228b5256-5bd2-4bf3-826f-c6fe76571449,Received from Global Ship Supply at Colombo,PO-2025-5561,13-Jan-2025 00:00,UTC,Colombo
1429,2025-01-13 00:00:00,7440571a-841a-11ed-aa7c-7003bca91a86,4556,MV0001-05100,Hex. Screw,COMP-1768374767802-sjje0yq3o,403.001,"Steering Gears, Complete",SP-403.001-100,RECEIVE,1,8,228b5256-5bd2-4bf3-826f-c6fe76571449,Received from Global Ship Supply at Colombo,PO-2025-3888,13-Jan-2025 00:00,UTC,Colombo
1430,2025-01-13 00:00:00,7440571a-841a-11ed-aa7c-7003bca91a86,4558,MV0001-05102,Cyl. Head Screw,COMP-1768374767802-sjje0yq3o,403.001,"Steering Gears, Complete",SP-403.001-102,RECEIVE,1,17,228b5256-5bd2-4bf3-826f-c6fe76571449,Received from Global Ship Supply at Colombo,PO-2025-8161,13-Jan-2025 00:00,UTC,Colombo
1431,2025-01-13 00:00:00,7440571a-841a-11ed-aa7c-7003bca91a86,4561,MV0001-05105,Washer,COMP-1768374767802-sjje0yq3o,403.001,"Steering Gears, Complete",SP-403.001-105,RECEIVE,5,16,228b5256-5bd2-4bf3-826f-c6fe76571449,Received from Global Ship Supply at Colombo,PO-2025-1838,13-Jan-2025 00:00,UTC,Colombo
1432,2025-01-13 00:00:00,7440571a-841a-11ed-aa7c-7003bca91a86,4576,MV0001-05120,Fitting,COMP-1768374767802-sjje0yq3o,403.001,"Steering Gears, Complete",SP-403.001-120,RECEIVE,4,11,228b5256-5bd2-4bf3-826f-c6fe76571449,Received from Global Ship Supply at Colombo,PO-2025-1619,13-Jan-2025 00:00,UTC,Colombo
1433,2025-01-13 00:00:00,7440571a-841a-11ed-aa7c-7003bca91a86,4577,MV0001-05121,Bonded Seal,COMP-1768374767802-sjje0yq3o,403.001,"Steering Gears, Complete",SP-403.001-121,RECEIVE,3,25,228b5256-5bd2-4bf3-826f-c6fe76571449,Received from Global Ship Supply at Colombo,PO-2025-0840,13-Jan-2025 00:00,UTC,Colombo
1434,2025-01-13 00:00:00,7440571a-841a-11ed-aa7c-7003bca91a86,4594,MV0001-05138,O-Ring Angus,COMP-1768374767802-sjje0yq3o,403.001,"Steering Gears, Complete",SP-403.001-138,RECEIVE,1,8,228b5256-5bd2-4bf3-826f-c6fe76571449,Received from Global Ship Supply at Colombo,PO-2025-8437,13-Jan-2025 00:00,UTC,Colombo
1435,2025-01-13 00:00:00,7440571a-841a-11ed-aa7c-7003bca91a86,4596,MV0001-05140,Washer,COMP-1768374767802-sjje0yq3o,403.001,"Steering Gears, Complete",SP-403.001-140,RECEIVE,4,13,228b5256-5bd2-4bf3-826f-c6fe76571449,Received from Global Ship Supply at Colombo,PO-2025-5962,13-Jan-2025 00:00,UTC,Colombo
1436,2025-01-13 00:00:00,7440571a-841a-11ed-aa7c-7003bca91a86,4613,MV0001-05157,O-Ring,COMP-1768374767802-sjje0yq3o,403.001,"Steering Gears, Complete",SP-403.001-157,RECEIVE,5,23,228b5256-5bd2-4bf3-826f-c6fe76571449,Received from Global Ship Supply at Colombo,PO-2025-6022,13-Jan-2025 00:00,UTC,Colombo
1437,2025-01-13 00:00:00,7440571a-841a-11ed-aa7c-7003bca91a86,4617,MV0001-05161,Magnet Valve,COMP-1768374767815-k5anrfi02,554.001,Provision Cooling Compressor Aggregates,SP-554.001-161,RECEIVE,3,13,228b5256-5bd2-4bf3-826f-c6fe76571449,Received from Global Ship Supply at Colombo,PO-2025-0796,13-Jan-2025 00:00,UTC,Colombo
1438,2025-01-13 00:00:00,7440571a-841a-11ed-aa7c-7003bca91a86,4647,MV0001-05191,Tie-Rod Complete,COMP-1768374767827-g6k9lk4to,601.016,ME Tiebolts,SP-601.016-191,RECEIVE,5,15,228b5256-5bd2-4bf3-826f-c6fe76571449,Received from Global Ship Supply at Colombo,PO-2025-6872,13-Jan-2025 00:00,UTC,Colombo
1439,2025-01-13 00:00:00,7440571a-841a-11ed-aa7c-7003bca91a86,4648,MV0001-05192,Tie-Rod,COMP-1768374767827-g6k9lk4to,601.016,ME Tiebolts,SP-601.016-192,RECEIVE,3,10,228b5256-5bd2-4bf3-826f-c6fe76571449,Received from Global Ship Supply at Colombo,PO-2025-6004,13-Jan-2025 00:00,UTC,Colombo
1440,2025-01-13 00:00:00,7440571a-841a-11ed-aa7c-7003bca91a86,4654,MV0001-05198,Cover,COMP-1768374767827-g6k9lk4to,601.016,ME Tiebolts,SP-601.016-198,RECEIVE,5,18,228b5256-5bd2-4bf3-826f-c6fe76571449,Received from Global Ship Supply at Colombo,PO-2025-2481,13-Jan-2025 00:00,UTC,Colombo
1441,2025-01-13 00:00:00,7440571a-841a-11ed-aa7c-7003bca91a86,4686,MV0001-05230,Blank Flange,COMP-1768374767834-dbncpiany,601.053,ME Turbochargers,SP-601.053-230,RECEIVE,3,10,228b5256-5bd2-4bf3-826f-c6fe76571449,Received from Global Ship Supply at Colombo,PO-2025-1904,13-Jan-2025 00:00,UTC,Colombo
1442,2025-01-13 00:00:00,7440571a-841a-11ed-aa7c-7003bca91a86,4691,MV0001-05235,Exhaust Pipe,COMP-1768374767837-m3bhk56ru,601.059,ME Exhaust Gas Manifolds/Pipes W/Insulation,SP-601.059-235,RECEIVE,2,12,228b5256-5bd2-4bf3-826f-c6fe76571449,Received from Global Ship Supply at Colombo,PO-2025-7739,13-Jan-2025 00:00,UTC,Colombo
1443,2025-01-13 00:00:00,7440571a-841a-11ed-aa7c-7003bca91a86,4696,MV0001-05240,Support,COMP-1768374767837-m3bhk56ru,601.059,ME Exhaust Gas Manifolds/Pipes W/Insulation,SP-601.059-240,RECEIVE,2,7,228b5256-5bd2-4bf3-826f-c6fe76571449,Received from Global Ship Supply at Colombo,PO-2025-7429,13-Jan-2025 00:00,UTC,Colombo
1444,2025-01-13 00:00:00,7440571a-841a-11ed-aa7c-7003bca91a86,4700,MV0001-05244,Gasket,COMP-1768374767837-m3bhk56ru,601.059,ME Exhaust Gas Manifolds/Pipes W/Insulation,SP-601.059-244,RECEIVE,5,15,228b5256-5bd2-4bf3-826f-c6fe76571449,Received from Global Ship Supply at Colombo,PO-2025-3658,13-Jan-2025 00:00,UTC,Colombo
1445,2025-01-13 00:00:00,7440571a-841a-11ed-aa7c-7003bca91a86,4701,MV0001-05245,Bolt,COMP-1768374767837-m3bhk56ru,601.059,ME Exhaust Gas Manifolds/Pipes W/Insulation,SP-601.059-245,RECEIVE,5,23,228b5256-5bd2-4bf3-826f-c6fe76571449,Received from Global Ship Supply at Colombo,PO-2025-6049,13-Jan-2025 00:00,UTC,Colombo
1446,2025-01-13 00:00:00,7440571a-841a-11ed-aa7c-7003bca91a86,4708,MV0001-05252,Nut,COMP-1768374767837-m3bhk56ru,601.059,ME Exhaust Gas Manifolds/Pipes W/Insulation,SP-601.059-252,RECEIVE,2,7,228b5256-5bd2-4bf3-826f-c6fe76571449,Received from Global Ship Supply at Colombo,PO-2025-9084,13-Jan-2025 00:00,UTC,Colombo
1447,2025-01-13 00:00:00,7440571a-841a-11ed-aa7c-7003bca91a86,4717,MV0001-05261,Stator,COMP-1768374767899-slkigc1i8,665.001,"Emergency Generator Aggregates, Complete",SP-665.001-261,RECEIVE,5,18,228b5256-5bd2-4bf3-826f-c6fe76571449,Received from Global Ship Supply at Colombo,PO-2025-8374,13-Jan-2025 00:00,UTC,Colombo
1448,2025-01-13 00:00:00,7440571a-841a-11ed-aa7c-7003bca91a86,4743,MV0001-05287,Diode-Forward Polarity,COMP-1768374767899-slkigc1i8,665.001,"Emergency Generator Aggregates, Complete",SP-665.001-287,RECEIVE,4,16,228b5256-5bd2-4bf3-826f-c6fe76571449,Received from Global Ship Supply at Colombo,PO-2025-2544,13-Jan-2025 00:00,UTC,Colombo
1449,2025-01-13 00:00:00,7440571a-841a-11ed-aa7c-7003bca91a86,4744,MV0001-05288,Diode-Reverse Polarity,COMP-1768374767899-slkigc1i8,665.001,"Emergency Generator Aggregates, Complete",SP-665.001-288,RECEIVE,4,18,228b5256-5bd2-4bf3-826f-c6fe76571449,Received from Global Ship Supply at Colombo,PO-2025-8631,13-Jan-2025 00:00,UTC,Colombo
1450,2025-01-13 00:00:00,7440571a-841a-11ed-aa7c-7003bca91a86,4748,MV0001-05292,Main Terminal Panel,COMP-1768374767899-slkigc1i8,665.001,"Emergency Generator Aggregates, Complete",SP-665.001-292,RECEIVE,2,12,228b5256-5bd2-4bf3-826f-c6fe76571449,Received from Global Ship Supply at Colombo,PO-2025-6868,13-Jan-2025 00:00,UTC,Colombo
1451,2025-01-13 00:00:00,7440571a-841a-11ed-aa7c-7003bca91a86,4761,MV0001-05305,Non Drive End Bracket,COMP-1768374767899-slkigc1i8,665.001,"Emergency Generator Aggregates, Complete",SP-665.001-305,RECEIVE,2,19,228b5256-5bd2-4bf3-826f-c6fe76571449,Received from Global Ship Supply at Colombo,PO-2025-0809,13-Jan-2025 00:00,UTC,Colombo
1452,2025-01-13 00:00:00,7440571a-841a-11ed-aa7c-7003bca91a86,4764,MV0001-05308,Bearing Non Drive End,COMP-1768374767899-slkigc1i8,665.001,"Emergency Generator Aggregates, Complete",SP-665.001-308,RECEIVE,5,12,228b5256-5bd2-4bf3-826f-c6fe76571449,Received from Global Ship Supply at Colombo,PO-2025-7570,13-Jan-2025 00:00,UTC,Colombo
1453,2025-01-13 00:00:00,7440571a-841a-11ed-aa7c-7003bca91a86,4781,MV0001-05325,Varistor,COMP-1768374767899-slkigc1i8,665.001,"Emergency Generator Aggregates, Complete",SP-665.001-325,RECEIVE,5,15,228b5256-5bd2-4bf3-826f-c6fe76571449,Received from Global Ship Supply at Colombo,PO-2025-8026,13-Jan-2025 00:00,UTC,Colombo
1454,2025-01-13 00:00:00,7440571a-841a-11ed-aa7c-7003bca91a86,4782,MV0001-05326,Diode-Forward Polarity,COMP-1768374767899-slkigc1i8,665.001,"Emergency Generator Aggregates, Complete",SP-665.001-326,RECEIVE,2,15,228b5256-5bd2-4bf3-826f-c6fe76571449,Received from Global Ship Supply at Colombo,PO-2025-1548,13-Jan-2025 00:00,UTC,Colombo
1455,2025-01-13 00:00:00,7440571a-841a-11ed-aa7c-7003bca91a86,4806,MV0001-05350,Non Drive End Bracket,COMP-1768374767899-slkigc1i8,665.001,"Emergency Generator Aggregates, Complete",SP-665.001-350,RECEIVE,3,8,228b5256-5bd2-4bf3-826f-c6fe76571449,Received from Global Ship Supply at Colombo,PO-2025-2994,13-Jan-2025 00:00,UTC,Colombo
1456,2025-01-13 00:00:00,7440571a-841a-11ed-aa7c-7003bca91a86,4817,MV0001-05361,Air Inlet Cover,COMP-1768374767899-slkigc1i8,665.001,"Emergency Generator Aggregates, Complete",SP-665.001-361,RECEIVE,2,12,228b5256-5bd2-4bf3-826f-c6fe76571449,Received from Global Ship Supply at Colombo,PO-2025-6504,13-Jan-2025 00:00,UTC,Colombo
1457,2025-01-13 00:00:00,7440571a-841a-11ed-aa7c-7003bca91a86,4828,MV0001-05372,Lifting Lug-Drive End,COMP-1768374767899-slkigc1i8,665.001,"Emergency Generator Aggregates, Complete",SP-665.001-372,RECEIVE,3,8,228b5256-5bd2-4bf3-826f-c6fe76571449,Received from Global Ship Supply at Colombo,PO-2025-9328,13-Jan-2025 00:00,UTC,Colombo
1458,2025-01-13 00:00:00,7440571a-841a-11ed-aa7c-7003bca91a86,4836,MV0001-05380,Cap Screw,COMP-1768374767899-slkigc1i8,665.001,"Emergency Generator Aggregates, Complete",SP-665.001-380,RECEIVE,4,9,228b5256-5bd2-4bf3-826f-c6fe76571449,Received from Global Ship Supply at Colombo,PO-2025-7873,13-Jan-2025 00:00,UTC,Colombo
1459,2025-01-13 00:00:00,7440571a-841a-11ed-aa7c-7003bca91a86,4842,MV0001-05386,Bearing Cover,COMP-1768374767907-73hq6hda8,801.001,Clean Ballast Pumps,SP-801.001-386,RECEIVE,1,11,228b5256-5bd2-4bf3-826f-c6fe76571449,Received from Global Ship Supply at Colombo,PO-2025-9005,13-Jan-2025 00:00,UTC,Colombo
1460,2025-01-13 00:00:00,7440571a-841a-11ed-aa7c-7003bca91a86,4845,MV0001-05389,Bearing Inner Case,COMP-1768374767907-73hq6hda8,801.001,Clean Ballast Pumps,SP-801.001-389,RECEIVE,3,9,228b5256-5bd2-4bf3-826f-c6fe76571449,Received from Global Ship Supply at Colombo,PO-2025-3862,13-Jan-2025 00:00,UTC,Colombo
1461,2025-01-13 00:00:00,7440571a-841a-11ed-aa7c-7003bca91a86,4851,MV0001-05395,Ball Bearing,COMP-1768374767907-73hq6hda8,801.001,Clean Ballast Pumps,SP-801.001-395,RECEIVE,1,16,228b5256-5bd2-4bf3-826f-c6fe76571449,Received from Global Ship Supply at Colombo,PO-2025-9323,13-Jan-2025 00:00,UTC,Colombo
1462,2025-01-13 00:00:00,7440571a-841a-11ed-aa7c-7003bca91a86,4857,MV0001-05401,Packing Ring,COMP-1768374767907-73hq6hda8,801.001,Clean Ballast Pumps,SP-801.001-401,RECEIVE,1,10,228b5256-5bd2-4bf3-826f-c6fe76571449,Received from Global Ship Supply at Colombo,PO-2025-5783,13-Jan-2025 00:00,UTC,Colombo
1463,2025-01-13 00:00:00,7440571a-841a-11ed-aa7c-7003bca91a86,4865,MV0001-05409,Packing,COMP-1768374767907-73hq6hda8,801.001,Clean Ballast Pumps,SP-801.001-409,RECEIVE,4,23,228b5256-5bd2-4bf3-826f-c6fe76571449,Received from Global Ship Supply at Colombo,PO-2025-7136,13-Jan-2025 00:00,UTC,Colombo
1464,2025-01-13 00:00:00,7440571a-841a-11ed-aa7c-7003bca91a86,4870,MV0001-05414,Packing Ring,COMP-1768374767907-73hq6hda8,801.001,Clean Ballast Pumps,SP-801.001-414,RECEIVE,3,19,228b5256-5bd2-4bf3-826f-c6fe76571449,Received from Global Ship Supply at Colombo,PO-2025-1409,13-Jan-2025 00:00,UTC,Colombo
1465,2025-01-13 00:00:00,7440571a-841a-11ed-aa7c-7003bca91a86,4876,MV0001-05420,Bearing Nut,COMP-1768374767907-73hq6hda8,801.001,Clean Ballast Pumps,SP-801.001-420,RECEIVE,5,16,228b5256-5bd2-4bf3-826f-c6fe76571449,Received from Global Ship Supply at Colombo,PO-2025-0869,13-Jan-2025 00:00,UTC,Colombo
1466,2025-01-13 00:00:00,7440571a-841a-11ed-aa7c-7003bca91a86,4877,MV0001-05421,Bearing Washer,COMP-1768374767907-73hq6hda8,801.001,Clean Ballast Pumps,SP-801.001-421,RECEIVE,1,6,228b5256-5bd2-4bf3-826f-c6fe76571449,Received from Global Ship Supply at Colombo,PO-2025-5799,13-Jan-2025 00:00,UTC,Colombo
1467,2025-01-13 00:00:00,7440571a-841a-11ed-aa7c-7003bca91a86,4878,MV0001-05422,Packing Ring,COMP-1768374767907-73hq6hda8,801.001,Clean Ballast Pumps,SP-801.001-422,RECEIVE,3,16,228b5256-5bd2-4bf3-826f-c6fe76571449,Received from Global Ship Supply at Colombo,PO-2025-0970,13-Jan-2025 00:00,UTC,Colombo
1468,2025-01-13 00:00:00,7440571a-841a-11ed-aa7c-7003bca91a86,4888,MV0001-05432,Ball Bearing,COMP-1768374767907-73hq6hda8,801.001,Clean Ballast Pumps,SP-801.001-432,RECEIVE,2,7,228b5256-5bd2-4bf3-826f-c6fe76571449,Received from Global Ship Supply at Colombo,PO-2025-0887,13-Jan-2025 00:00,UTC,Colombo
1469,2025-01-13 00:00:00,7440571a-841a-11ed-aa7c-7003bca91a86,4899,MV0001-05443,Hub,COMP-1768374767907-73hq6hda8,801.001,Clean Ballast Pumps,SP-801.001-443,RECEIVE,2,5,228b5256-5bd2-4bf3-826f-c6fe76571449,Received from Global Ship Supply at Colombo,PO-2025-6622,13-Jan-2025 00:00,UTC,Colombo
1470,2025-01-13 00:00:00,7440571a-841a-11ed-aa7c-7003bca91a86,4909,MV0001-05453,Intermediate Shaft,COMP-1768374767907-73hq6hda8,801.001,Clean Ballast Pumps,SP-801.001-453,RECEIVE,2,9,228b5256-5bd2-4bf3-826f-c6fe76571449,Received from Global Ship Supply at Colombo,PO-2025-8444,13-Jan-2025 00:00,UTC,Colombo
2699,2025-01-12 00:00:00,7440571a-841a-11ed-aa7c-7003bca91a86,5386,MV0001-05930,Connector,COMP-1768374768525-zyps62yum,712.011.02,LO Separators No.02,SP-702.005.01-930,CONSUME,-1,3,4th Engineer,Consumed during maintenance - MKR-OV-00025-652.004.05-2025-078,MKR-OV-00025-652.004.05-2025-078,12-Jan-2025,UTC,
306,2025-01-10 00:00:00,7440571a-841a-11ed-aa7c-7003bca91a86,4693,MV0001-05237,Expansion Joint,COMP-1768374767837-m3bhk56ru,601.059,ME Exhaust Gas Manifolds/Pipes W/Insulation,SP-601.059-237,CONSUME,-2,3,228b5256-5bd2-4bf3-826f-c6fe76571449,Consumed for WO UWO-285-2025-554,UWO-285-2025-554,10-Jan-2025 00:00,UTC,
307,2025-01-10 00:00:00,7440571a-841a-11ed-aa7c-7003bca91a86,4599,MV0001-05143,Adaptor Plate,COMP-1768374767802-sjje0yq3o,403.001,"Steering Gears, Complete",SP-403.001-143,CONSUME,-1,4,228b5256-5bd2-4bf3-826f-c6fe76571449,Consumed for WO UWO-652.020-2025-871,UWO-652.020-2025-871,10-Jan-2025 00:00,UTC,
2093,2025-01-10 00:00:00,7440571a-841a-11ed-aa7c-7003bca91a86,4949,MV0001-05493,Service Valve,COMP-1768374767967-jb4k6wuji,554.003.02,Compressors W/Drive Unit No.02,SP-554.003.01-493,CONSUME,-2,3,4th Engineer,Consumed during maintenance - UWO-285-2025-554,UWO-285-2025-554,10-Jan-2025,UTC,
2094,2025-01-10 00:00:00,7440571a-841a-11ed-aa7c-7003bca91a86,4765,MV0001-05309,Bearing Wave Washer Drive End,COMP-1768374767899-slkigc1i8,665.001,"Emergency Generator Aggregates, Complete",SP-665.001-309,CONSUME,-2,3,4th Engineer,Consumed during maintenance - UWO-285-2025-554,UWO-285-2025-554,10-Jan-2025,UTC,
2095,2025-01-10 00:00:00,7440571a-841a-11ed-aa7c-7003bca91a86,4894,MV0001-05438,Sleeve,COMP-1768374767907-73hq6hda8,801.001,Clean Ballast Pumps,SP-801.001-438,CONSUME,-1,4,4th Engineer,Consumed during maintenance - UWO-285-2025-554,UWO-285-2025-554,10-Jan-2025,UTC,
305,2025-01-09 00:00:00,7440571a-841a-11ed-aa7c-7003bca91a86,4647,MV0001-05191,Tie-Rod Complete,COMP-1768374767827-g6k9lk4to,601.016,ME Tiebolts,SP-601.016-191,CONSUME,-1,4,480b40d0-04bd-4590-a936-2f879b867977,Consumed for WO UWO-601.007.05-2025-607,UWO-601.007.05-2025-607,09-Jan-2025 00:00,UTC,
2983,2025-01-09 00:00:00,7440571a-841a-11ed-aa7c-7003bca91a86,4977,MV0001-05521,Stud Bolt,COMP-1768374767967-jb4k6wuji,554.003.02,Compressors W/Drive Unit No.02,SP-554.003.01-521,CONSUME,-2,0,2nd Officer,Consumed during maintenance - UWO-285.001.08-2025-744,UWO-285.001.08-2025-744,09-Jan-2025,UTC,
2984,2025-01-09 00:00:00,7440571a-841a-11ed-aa7c-7003bca91a86,4501,MV0001-05045,Support Ring,COMP-1768374767799-zs6hrf8cm,401.005,Rudders W/Nozzle,SP-401.005-045,CONSUME,-2,3,2nd Officer,Consumed during maintenance - UWO-285.001.08-2025-744,UWO-285.001.08-2025-744,09-Jan-2025,UTC,
304,2025-01-07 00:00:00,7440571a-841a-11ed-aa7c-7003bca91a86,4884,MV0001-05428,Flinger,COMP-1768374767907-73hq6hda8,801.001,Clean Ballast Pumps,SP-801.001-428,CONSUME,-1,4,6084f3b8-85dc-462a-b045-111d2b2e6d0e,Consumed for WO WO-653.003.06-2025-375,WO-653.003.06-2025-375,07-Jan-2025 00:00,UTC,
2146,2025-01-07 00:00:00,7440571a-841a-11ed-aa7c-7003bca91a86,5333,MV0001-05877,Bearing Retainer,COMP-1768374768525-zyps62yum,712.011.02,LO Separators No.02,SP-702.005.01-877,CONSUME,-2,3,4th Engineer,Consumed during maintenance - MKR-IN-00085-651.003.02-2025-556,MKR-IN-00085-651.003.02-2025-556,07-Jan-2025,UTC,
2621,2025-01-07 00:00:00,7440571a-841a-11ed-aa7c-7003bca91a86,5531,MV0001-06075,Auto. Valve Cylinder,COMP-1768374767795-1qyq8qvkb,721.001.02,Main Sw Cooling Pumps No.02,SP-721.001.01-1075,CONSUME,-1,4,4th Engineer,Consumed during maintenance - MKR-IN-00072-285.001.07-2025-231,MKR-IN-00072-285.001.07-2025-231,07-Jan-2025,UTC,
2622,2025-01-07 00:00:00,7440571a-841a-11ed-aa7c-7003bca91a86,5495,MV0001-06039,Key For Impeller,COMP-1768374767795-1qyq8qvkb,721.001.02,Main Sw Cooling Pumps No.02,SP-721.001.01-1039,CONSUME,-1,4,4th Engineer,Consumed during maintenance - MKR-IN-00072-285.001.07-2025-231,MKR-IN-00072-285.001.07-2025-231,07-Jan-2025,UTC,
3010,2025-01-04 00:00:00,7440571a-841a-11ed-aa7c-7003bca91a86,4804,MV0001-05348,Exciter Rotor,COMP-1768374767899-slkigc1i8,665.001,"Emergency Generator Aggregates, Complete",SP-665.001-348,CONSUME,-1,3,Chief Engineer,Consumed during maintenance - MKR-IN-00072-285.001.01-2024-184,MKR-IN-00072-285.001.01-2024-184,04-Jan-2025,UTC,
303,2025-01-04 00:00:00,7440571a-841a-11ed-aa7c-7003bca91a86,4564,MV0001-05108,O-Ring,COMP-1768374767802-sjje0yq3o,403.001,"Steering Gears, Complete",SP-403.001-108,CONSUME,-2,1,480b40d0-04bd-4590-a936-2f879b867977,Consumed for WO UWO-601.003.01-2024-512,UWO-601.003.01-2024-512,04-Jan-2025 00:00,UTC,
2269,2025-01-04 00:00:00,7440571a-841a-11ed-aa7c-7003bca91a86,4852,MV0001-05396,Ball Bearing,COMP-1768374767907-73hq6hda8,801.001,Clean Ballast Pumps,SP-801.001-396,CONSUME,-2,3,3rd Engineer,Consumed during maintenance - WO-702.005.02-2025-259,WO-702.005.02-2025-259,04-Jan-2025,UTC,
2270,2025-01-04 00:00:00,7440571a-841a-11ed-aa7c-7003bca91a86,4737,MV0001-05281,Automatic Voltage Regulator,COMP-1768374767899-slkigc1i8,665.001,"Emergency Generator Aggregates, Complete",SP-665.001-281,CONSUME,-2,1,3rd Engineer,Consumed during maintenance - WO-702.005.02-2025-259,WO-702.005.02-2025-259,04-Jan-2025,UTC,
2485,2025-01-04 00:00:00,7440571a-841a-11ed-aa7c-7003bca91a86,4902,MV0001-05446,Coupling Bolt Nut And Washer,COMP-1768374767907-73hq6hda8,801.001,Clean Ballast Pumps,SP-801.001-446,CONSUME,-1,2,3rd Engineer,Consumed during maintenance - UWO-601.003.01-2024-512,UWO-601.003.01-2024-512,04-Jan-2025,UTC,
2486,2025-01-04 00:00:00,7440571a-841a-11ed-aa7c-7003bca91a86,5346,MV0001-05890,Collar,COMP-1768374768525-zyps62yum,712.011.02,LO Separators No.02,SP-702.005.01-890,CONSUME,-2,3,3rd Engineer,Consumed during maintenance - UWO-601.003.01-2024-512,UWO-601.003.01-2024-512,04-Jan-2025,UTC,
2635,2025-01-04 00:00:00,7440571a-841a-11ed-aa7c-7003bca91a86,4535,MV0001-05079,Gland,COMP-1768374767802-sjje0yq3o,403.001,"Steering Gears, Complete",SP-403.001-079,CONSUME,-1,2,Chief Engineer,Consumed during maintenance - UWO-653.007.05-2025-539,UWO-653.007.05-2025-539,04-Jan-2025,UTC,
2636,2025-01-04 00:00:00,7440571a-841a-11ed-aa7c-7003bca91a86,4484,MV0001-05028,O-Ring Clamp,COMP-1768374767799-zs6hrf8cm,401.005,Rudders W/Nozzle,SP-401.005-028,CONSUME,-1,4,Chief Engineer,Consumed during maintenance - UWO-653.007.05-2025-539,UWO-653.007.05-2025-539,04-Jan-2025,UTC,
2702,2025-01-04 00:00:00,7440571a-841a-11ed-aa7c-7003bca91a86,5059,MV0001-05603,Inner Pipe,COMP-1768374767994-apqr6kc7v,601.002.06,ME Cylinder Covers W/Valves No.06,SP-601.002.01-603,CONSUME,-2,3,2nd Engineer,Consumed during maintenance - MKR-IN-00075-601.002.06-2024-285,MKR-IN-00075-601.002.06-2024-285,04-Jan-2025,UTC,
2703,2025-01-04 00:00:00,7440571a-841a-11ed-aa7c-7003bca91a86,5068,MV0001-05612,Cylinder Cover,COMP-1768374767994-apqr6kc7v,601.002.06,ME Cylinder Covers W/Valves No.06,SP-601.002.01-612,CONSUME,-2,0,2nd Engineer,Consumed during maintenance - MKR-IN-00075-601.002.06-2024-285,MKR-IN-00075-601.002.06-2024-285,04-Jan-2025,UTC,
2640,2025-01-03 00:00:00,7440571a-841a-11ed-aa7c-7003bca91a86,5308,MV0001-05852,Bolt,COMP-1768374768525-zyps62yum,712.011.02,LO Separators No.02,SP-702.005.01-852,CONSUME,-2,1,2nd Engineer,Consumed during maintenance - UWO-601.066.02-2024-674,UWO-601.066.02-2024-674,03-Jan-2025,UTC,
2641,2025-01-03 00:00:00,7440571a-841a-11ed-aa7c-7003bca91a86,5198,MV0001-05742,Socket Cap Screw,COMP-1768374768525-zyps62yum,712.011.02,LO Separators No.02,SP-702.005.01-742,CONSUME,-1,4,2nd Engineer,Consumed during maintenance - UWO-601.066.02-2024-674,UWO-601.066.02-2024-674,03-Jan-2025,UTC,
2642,2025-01-03 00:00:00,7440571a-841a-11ed-aa7c-7003bca91a86,4573,MV0001-05117,O-Ring,COMP-1768374767802-sjje0yq3o,403.001,"Steering Gears, Complete",SP-403.001-117,CONSUME,-1,3,2nd Engineer,Consumed during maintenance - UWO-601.066.02-2024-674,UWO-601.066.02-2024-674,03-Jan-2025,UTC,
302,2024-12-30 00:00:00,7440571a-841a-11ed-aa7c-7003bca91a86,4679,MV0001-05223,Nut,COMP-1768374767834-dbncpiany,601.053,ME Turbochargers,SP-601.053-223,CONSUME,-1,2,228b5256-5bd2-4bf3-826f-c6fe76571449,Consumed for WO UWO-652.020.02-2024-765,UWO-652.020.02-2024-765,30-Dec-2024 00:00,UTC,
2051,2024-12-30 00:00:00,7440571a-841a-11ed-aa7c-7003bca91a86,4571,MV0001-05115,Bonded Seal,COMP-1768374767802-sjje0yq3o,403.001,"Steering Gears, Complete",SP-403.001-115,CONSUME,-1,2,2nd Engineer,Consumed during maintenance - UWO-652.020.02-2024-765,UWO-652.020.02-2024-765,30-Dec-2024,UTC,
2052,2024-12-30 00:00:00,7440571a-841a-11ed-aa7c-7003bca91a86,4758,MV0001-05302,Rotor,COMP-1768374767899-slkigc1i8,665.001,"Emergency Generator Aggregates, Complete",SP-665.001-302,CONSUME,-2,1,2nd Engineer,Consumed during maintenance - UWO-652.020.02-2024-765,UWO-652.020.02-2024-765,30-Dec-2024,UTC,
301,2024-12-28 00:00:00,7440571a-841a-11ed-aa7c-7003bca91a86,4763,MV0001-05307,Bearing O-Ring Non Drive End,COMP-1768374767899-slkigc1i8,665.001,"Emergency Generator Aggregates, Complete",SP-665.001-307,CONSUME,-1,2,6084f3b8-85dc-462a-b045-111d2b2e6d0e,Consumed for WO UWO-652.020.07-2024-479,UWO-652.020.07-2024-479,28-Dec-2024 00:00,UTC,
1985,2024-12-28 00:00:00,7440571a-841a-11ed-aa7c-7003bca91a86,4994,MV0001-05538,Parallel Key,COMP-1768374767967-jb4k6wuji,554.003.02,Compressors W/Drive Unit No.02,SP-554.003.01-538,CONSUME,-1,4,4th Engineer,Consumed during maintenance - UWO-652.020.07-2024-479,UWO-652.020.07-2024-479,28-Dec-2024,UTC,
300,2024-12-27 00:00:00,7440571a-841a-11ed-aa7c-7003bca91a86,4825,MV0001-05369,Varistor,COMP-1768374767899-slkigc1i8,665.001,"Emergency Generator Aggregates, Complete",SP-665.001-369,CONSUME,-1,3,977621de-77d7-4892-ae27-adaebcc27d0b,Consumed for WO UWO-554.003-2024-514,UWO-554.003-2024-514,27-Dec-2024 00:00,UTC,
2873,2024-12-27 00:00:00,7440571a-841a-11ed-aa7c-7003bca91a86,5276,MV0001-05820,Bearing Sleeve,COMP-1768374768525-zyps62yum,712.011.02,LO Separators No.02,SP-702.005.01-820,CONSUME,-2,3,4th Engineer,Consumed during maintenance - MKR-IN-00076-601.005.01-2024-390,MKR-IN-00076-601.005.01-2024-390,27-Dec-2024,UTC,
2290,2024-12-23 00:00:00,7440571a-841a-11ed-aa7c-7003bca91a86,5032,MV0001-05576,Gasket,COMP-1768374767818-ckg4kqu6q,601.001,"Main Diesel Engine, Compl.",SP-601.001-576,CONSUME,-2,0,Chief Engineer,Consumed during maintenance - MKR-IN-00063-601.004.04-2024-344,MKR-IN-00063-601.004.04-2024-344,23-Dec-2024,UTC,
2291,2024-12-23 00:00:00,7440571a-841a-11ed-aa7c-7003bca91a86,5136,MV0001-05680,Balance Weight Assembly,COMP-1768374768462-uelez69lg,653.004.06,AE3 Pistons And Connecting Rod No.06,SP-651.004.01-680,CONSUME,-2,3,Chief Engineer,Consumed during maintenance - MKR-IN-00063-601.004.04-2024-344,MKR-IN-00063-601.004.04-2024-344,23-Dec-2024,UTC,
2764,2024-12-23 00:00:00,7440571a-841a-11ed-aa7c-7003bca91a86,4899,MV0001-05443,Hub,COMP-1768374767907-73hq6hda8,801.001,Clean Ballast Pumps,SP-801.001-443,CONSUME,-2,2,4th Engineer,Consumed during maintenance - MKR-IN-00063-601.004.02-2024-314,MKR-IN-00063-601.004.02-2024-314,23-Dec-2024,UTC,
2765,2024-12-23 00:00:00,7440571a-841a-11ed-aa7c-7003bca91a86,5382,MV0001-05926,Fuse,COMP-1768374768525-zyps62yum,712.011.02,LO Separators No.02,SP-702.005.01-926,CONSUME,-2,2,4th Engineer,Consumed during maintenance - MKR-IN-00063-601.004.02-2024-314,MKR-IN-00063-601.004.02-2024-314,23-Dec-2024,UTC,
2278,2024-12-21 00:00:00,7440571a-841a-11ed-aa7c-7003bca91a86,4457,MV0001-05001,Nilesh,COMP-1768374767799-zs6hrf8cm,401.005,Rudders W/Nozzle,SP-401.005-001,CONSUME,-2,7,3rd Engineer,Consumed during maintenance - UWO-653.020.03-2024-570,UWO-653.020.03-2024-570,21-Dec-2024,UTC,
2279,2024-12-21 00:00:00,7440571a-841a-11ed-aa7c-7003bca91a86,4459,MV0001-05003,Rudder Stock,COMP-1768374767799-zs6hrf8cm,401.005,Rudders W/Nozzle,SP-401.005-003,CONSUME,-2,3,3rd Engineer,Consumed during maintenance - UWO-653.020.03-2024-570,UWO-653.020.03-2024-570,21-Dec-2024,UTC,
2280,2024-12-21 00:00:00,7440571a-841a-11ed-aa7c-7003bca91a86,5433,MV0001-05977,O-Ring,COMP-1768374768525-zyps62yum,712.011.02,LO Separators No.02,SP-702.005.01-977,CONSUME,-1,4,3rd Engineer,Consumed during maintenance - UWO-653.020.03-2024-570,UWO-653.020.03-2024-570,21-Dec-2024,UTC,
2615,2024-12-21 00:00:00,7440571a-841a-11ed-aa7c-7003bca91a86,5502,MV0001-06046,Retaining Ring,COMP-1768374767795-1qyq8qvkb,721.001.02,Main Sw Cooling Pumps No.02,SP-721.001.01-1046,CONSUME,-2,1,4th Engineer,Consumed during maintenance - MKR-IN-00063-601.004.04-2024-343,MKR-IN-00063-601.004.04-2024-343,21-Dec-2024,UTC,
2616,2024-12-21 00:00:00,7440571a-841a-11ed-aa7c-7003bca91a86,5329,MV0001-05873,Socket Set Screw,COMP-1768374768525-zyps62yum,712.011.02,LO Separators No.02,SP-702.005.01-873,CONSUME,-1,4,4th Engineer,Consumed during maintenance - MKR-IN-00063-601.004.04-2024-343,MKR-IN-00063-601.004.04-2024-343,21-Dec-2024,UTC,
2608,2024-12-20 00:00:00,7440571a-841a-11ed-aa7c-7003bca91a86,5169,MV0001-05713,Bolt,COMP-1768374768525-zyps62yum,712.011.02,LO Separators No.02,SP-702.005.01-713,CONSUME,-1,4,3rd Engineer,Consumed during maintenance - WO-702.005.02-2024-257,WO-702.005.02-2024-257,20-Dec-2024,UTC,
2039,2024-12-19 00:00:00,7440571a-841a-11ed-aa7c-7003bca91a86,4802,MV0001-05346,Stator,COMP-1768374767899-slkigc1i8,665.001,"Emergency Generator Aggregates, Complete",SP-665.001-346,CONSUME,-1,4,Chief Engineer,Consumed during maintenance - MKR-IN-00063-601.004.02-2024-315,MKR-IN-00063-601.004.02-2024-315,19-Dec-2024,UTC,
2513,2024-12-19 00:00:00,7440571a-841a-11ed-aa7c-7003bca91a86,4663,MV0001-05207,Thrust Bearing Support,COMP-1768374767834-dbncpiany,601.053,ME Turbochargers,SP-601.053-207,CONSUME,-2,2,2nd Engineer,Consumed during maintenance - WO-601.053-2024-441,WO-601.053-2024-441,19-Dec-2024,UTC,
2830,2024-12-18 00:00:00,7440571a-841a-11ed-aa7c-7003bca91a86,4942,MV0001-05486,fuel filters,COMP-1768374767812-t7u0ew84e,501.002,Covered Lifeboats,SP-501.002-486,CONSUME,-1,7,2nd Officer,Consumed during maintenance - UWO-501.002-2024-713,UWO-501.002-2024-713,18-Dec-2024,UTC,
1927,2024-12-16 00:00:00,7440571a-841a-11ed-aa7c-7003bca91a86,4758,MV0001-05302,Rotor,COMP-1768374767899-slkigc1i8,665.001,"Emergency Generator Aggregates, Complete",SP-665.001-302,CONSUME,-2,3,2nd Engineer,Consumed during maintenance - MKR-IN-00079-601.066.01-2024-458,MKR-IN-00079-601.066.01-2024-458,16-Dec-2024,UTC,
1928,2024-12-16 00:00:00,7440571a-841a-11ed-aa7c-7003bca91a86,4632,MV0001-05176,Change Pipe And Joint,COMP-1768374767815-k5anrfi02,554.001,Provision Cooling Compressor Aggregates,SP-554.001-176,CONSUME,-1,4,2nd Engineer,Consumed during maintenance - MKR-IN-00079-601.066.01-2024-458,MKR-IN-00079-601.066.01-2024-458,16-Dec-2024,UTC,
299,2024-12-15 00:00:00,7440571a-841a-11ed-aa7c-7003bca91a86,4889,MV0001-05433,Lantern Ring,COMP-1768374767907-73hq6hda8,801.001,Clean Ballast Pumps,SP-801.001-433,CONSUME,-2,3,480b40d0-04bd-4590-a936-2f879b867977,Consumed for WO UWO-554.005.01-2024-813,UWO-554.005.01-2024-813,15-Dec-2024 00:00,UTC,
298,2024-12-14 00:00:00,7440571a-841a-11ed-aa7c-7003bca91a86,4553,MV0001-05097,Adjusting Screw,COMP-1768374767802-sjje0yq3o,403.001,"Steering Gears, Complete",SP-403.001-097,CONSUME,-2,3,6084f3b8-85dc-462a-b045-111d2b2e6d0e,Consumed for WO UWO-653.007.01-2024-830,UWO-653.007.01-2024-830,14-Dec-2024 00:00,UTC,
1937,2024-12-14 00:00:00,7440571a-841a-11ed-aa7c-7003bca91a86,4515,MV0001-05059,Nut,COMP-1768374767799-zs6hrf8cm,401.005,Rudders W/Nozzle,SP-401.005-059,CONSUME,-2,3,4th Engineer,Consumed during maintenance - MKR-IN-00076-601.005.01-2024-388,MKR-IN-00076-601.005.01-2024-388,14-Dec-2024,UTC,
2387,2024-12-14 00:00:00,7440571a-841a-11ed-aa7c-7003bca91a86,4485,MV0001-05029,Bolt,COMP-1768374767799-zs6hrf8cm,401.005,Rudders W/Nozzle,SP-401.005-029,CONSUME,-2,3,3rd Engineer,Consumed during maintenance - WO-702.005.02-2024-256,WO-702.005.02-2024-256,14-Dec-2024,UTC,
2388,2024-12-14 00:00:00,7440571a-841a-11ed-aa7c-7003bca91a86,5459,MV0001-06003,Valve,COMP-1768374768533-xnq4n84q4,712.013.02,LO Separator Booster Pumps No.02,SP-712.013.01-1003,CONSUME,-2,3,3rd Engineer,Consumed during maintenance - WO-702.005.02-2024-256,WO-702.005.02-2024-256,14-Dec-2024,UTC,
2389,2024-12-14 00:00:00,7440571a-841a-11ed-aa7c-7003bca91a86,5501,MV0001-06045,Clutch Facing,COMP-1768374767795-1qyq8qvkb,721.001.02,Main Sw Cooling Pumps No.02,SP-721.001.01-1045,CONSUME,-1,4,3rd Engineer,Consumed during maintenance - WO-702.005.02-2024-256,WO-702.005.02-2024-256,14-Dec-2024,UTC,
1385,2024-12-13 00:00:00,7440571a-841a-11ed-aa7c-7003bca91a86,4458,MV0001-05002,Gudgeon,COMP-1768374767799-zs6hrf8cm,401.005,Rudders W/Nozzle,SP-401.005-002,RECEIVE,4,13,228b5256-5bd2-4bf3-826f-c6fe76571449,Received from Ocean Trading Co. at Singapore,PO-2024-8971,13-Dec-2024 00:00,UTC,Singapore
1386,2024-12-13 00:00:00,7440571a-841a-11ed-aa7c-7003bca91a86,4460,MV0001-05004,Rudder Stock Nut,COMP-1768374767799-zs6hrf8cm,401.005,Rudders W/Nozzle,SP-401.005-004,RECEIVE,1,7,228b5256-5bd2-4bf3-826f-c6fe76571449,Received from Ocean Trading Co. at Singapore,PO-2024-3368,13-Dec-2024 00:00,UTC,Singapore
1387,2024-12-13 00:00:00,7440571a-841a-11ed-aa7c-7003bca91a86,4464,MV0001-05008,Deaeration Plug,COMP-1768374767799-zs6hrf8cm,401.005,Rudders W/Nozzle,SP-401.005-008,RECEIVE,2,11,228b5256-5bd2-4bf3-826f-c6fe76571449,Received from Ocean Trading Co. at Singapore,PO-2024-7338,13-Dec-2024 00:00,UTC,Singapore
1388,2024-12-13 00:00:00,7440571a-841a-11ed-aa7c-7003bca91a86,4496,MV0001-05040,Plug,COMP-1768374767799-zs6hrf8cm,401.005,Rudders W/Nozzle,SP-401.005-040,RECEIVE,3,22,228b5256-5bd2-4bf3-826f-c6fe76571449,Received from Ocean Trading Co. at Singapore,PO-2024-8221,13-Dec-2024 00:00,UTC,Singapore
1389,2024-12-13 00:00:00,7440571a-841a-11ed-aa7c-7003bca91a86,4497,MV0001-05041,Eye Bolt,COMP-1768374767799-zs6hrf8cm,401.005,Rudders W/Nozzle,SP-401.005-041,RECEIVE,2,11,228b5256-5bd2-4bf3-826f-c6fe76571449,Received from Ocean Trading Co. at Singapore,PO-2024-6893,13-Dec-2024 00:00,UTC,Singapore
1390,2024-12-13 00:00:00,7440571a-841a-11ed-aa7c-7003bca91a86,4509,MV0001-05053,Rib,COMP-1768374767799-zs6hrf8cm,401.005,Rudders W/Nozzle,SP-401.005-053,RECEIVE,1,6,228b5256-5bd2-4bf3-826f-c6fe76571449,Received from Ocean Trading Co. at Singapore,PO-2024-2349,13-Dec-2024 00:00,UTC,Singapore
1391,2024-12-13 00:00:00,7440571a-841a-11ed-aa7c-7003bca91a86,4520,MV0001-05064,Drive Band,COMP-1768374767799-zs6hrf8cm,401.005,Rudders W/Nozzle,SP-401.005-064,RECEIVE,3,12,228b5256-5bd2-4bf3-826f-c6fe76571449,Received from Ocean Trading Co. at Singapore,PO-2024-6680,13-Dec-2024 00:00,UTC,Singapore
1392,2024-12-13 00:00:00,7440571a-841a-11ed-aa7c-7003bca91a86,4522,MV0001-05066,Hexagon High Strength Bolt,COMP-1768374767799-zs6hrf8cm,401.005,Rudders W/Nozzle,SP-401.005-066,RECEIVE,3,16,228b5256-5bd2-4bf3-826f-c6fe76571449,Received from Ocean Trading Co. at Singapore,PO-2024-2096,13-Dec-2024 00:00,UTC,Singapore
1393,2024-12-13 00:00:00,7440571a-841a-11ed-aa7c-7003bca91a86,4527,MV0001-05071,Tool Bar,COMP-1768374767799-zs6hrf8cm,401.005,Rudders W/Nozzle,SP-401.005-071,RECEIVE,5,13,228b5256-5bd2-4bf3-826f-c6fe76571449,Received from Ocean Trading Co. at Singapore,PO-2024-1540,13-Dec-2024 00:00,UTC,Singapore
1394,2024-12-13 00:00:00,7440571a-841a-11ed-aa7c-7003bca91a86,4531,MV0001-05075,Packing Brick-Wood,COMP-1768374767802-sjje0yq3o,403.001,"Steering Gears, Complete",SP-403.001-075,RECEIVE,5,14,228b5256-5bd2-4bf3-826f-c6fe76571449,Received from Ocean Trading Co. at Singapore,PO-2024-6815,13-Dec-2024 00:00,UTC,Singapore
1395,2024-12-13 00:00:00,7440571a-841a-11ed-aa7c-7003bca91a86,4536,MV0001-05080,Safety Valve,COMP-1768374767802-sjje0yq3o,403.001,"Steering Gears, Complete",SP-403.001-080,RECEIVE,3,12,228b5256-5bd2-4bf3-826f-c6fe76571449,Received from Ocean Trading Co. at Singapore,PO-2024-6379,13-Dec-2024 00:00,UTC,Singapore
1396,2024-12-13 00:00:00,7440571a-841a-11ed-aa7c-7003bca91a86,4567,MV0001-05111,Cyl. Head Screw,COMP-1768374767802-sjje0yq3o,403.001,"Steering Gears, Complete",SP-403.001-111,RECEIVE,2,18,228b5256-5bd2-4bf3-826f-c6fe76571449,Received from Ocean Trading Co. at Singapore,PO-2024-7134,13-Dec-2024 00:00,UTC,Singapore
1397,2024-12-13 00:00:00,7440571a-841a-11ed-aa7c-7003bca91a86,4577,MV0001-05121,Bonded Seal,COMP-1768374767802-sjje0yq3o,403.001,"Steering Gears, Complete",SP-403.001-121,RECEIVE,5,22,228b5256-5bd2-4bf3-826f-c6fe76571449,Received from Ocean Trading Co. at Singapore,PO-2024-8429,13-Dec-2024 00:00,UTC,Singapore
1398,2024-12-13 00:00:00,7440571a-841a-11ed-aa7c-7003bca91a86,4578,MV0001-05122,Clip,COMP-1768374767802-sjje0yq3o,403.001,"Steering Gears, Complete",SP-403.001-122,RECEIVE,1,8,228b5256-5bd2-4bf3-826f-c6fe76571449,Received from Ocean Trading Co. at Singapore,PO-2024-8440,13-Dec-2024 00:00,UTC,Singapore
1399,2024-12-13 00:00:00,7440571a-841a-11ed-aa7c-7003bca91a86,4591,MV0001-05135,O-Ring Angus,COMP-1768374767802-sjje0yq3o,403.001,"Steering Gears, Complete",SP-403.001-135,RECEIVE,2,10,228b5256-5bd2-4bf3-826f-c6fe76571449,Received from Ocean Trading Co. at Singapore,PO-2024-5876,13-Dec-2024 00:00,UTC,Singapore
1400,2024-12-13 00:00:00,7440571a-841a-11ed-aa7c-7003bca91a86,4599,MV0001-05143,Adaptor Plate,COMP-1768374767802-sjje0yq3o,403.001,"Steering Gears, Complete",SP-403.001-143,RECEIVE,4,8,228b5256-5bd2-4bf3-826f-c6fe76571449,Received from Ocean Trading Co. at Singapore,PO-2024-0140,13-Dec-2024 00:00,UTC,Singapore
1401,2024-12-13 00:00:00,7440571a-841a-11ed-aa7c-7003bca91a86,4608,MV0001-05152,Locking Screw F/Packing Brick,COMP-1768374767802-sjje0yq3o,403.001,"Steering Gears, Complete",SP-403.001-152,RECEIVE,1,6,228b5256-5bd2-4bf3-826f-c6fe76571449,Received from Ocean Trading Co. at Singapore,PO-2024-5264,13-Dec-2024 00:00,UTC,Singapore
1402,2024-12-13 00:00:00,7440571a-841a-11ed-aa7c-7003bca91a86,4617,MV0001-05161,Magnet Valve,COMP-1768374767815-k5anrfi02,554.001,Provision Cooling Compressor Aggregates,SP-554.001-161,RECEIVE,1,10,228b5256-5bd2-4bf3-826f-c6fe76571449,Received from Ocean Trading Co. at Singapore,PO-2024-8044,13-Dec-2024 00:00,UTC,Singapore
1403,2024-12-13 00:00:00,7440571a-841a-11ed-aa7c-7003bca91a86,4624,MV0001-05168,W.T Switch,COMP-1768374767815-k5anrfi02,554.001,Provision Cooling Compressor Aggregates,SP-554.001-168,RECEIVE,3,11,228b5256-5bd2-4bf3-826f-c6fe76571449,Received from Ocean Trading Co. at Singapore,PO-2024-9469,13-Dec-2024 00:00,UTC,Singapore
1404,2024-12-13 00:00:00,7440571a-841a-11ed-aa7c-7003bca91a86,4626,MV0001-05170,W.T. Receptacle,COMP-1768374767815-k5anrfi02,554.001,Provision Cooling Compressor Aggregates,SP-554.001-170,RECEIVE,1,7,228b5256-5bd2-4bf3-826f-c6fe76571449,Received from Ocean Trading Co. at Singapore,PO-2024-2192,13-Dec-2024 00:00,UTC,Singapore
1405,2024-12-13 00:00:00,7440571a-841a-11ed-aa7c-7003bca91a86,4649,MV0001-05193,Nut,COMP-1768374767827-g6k9lk4to,601.016,ME Tiebolts,SP-601.016-193,RECEIVE,2,12,228b5256-5bd2-4bf3-826f-c6fe76571449,Received from Ocean Trading Co. at Singapore,PO-2024-1490,13-Dec-2024 00:00,UTC,Singapore
1406,2024-12-13 00:00:00,7440571a-841a-11ed-aa7c-7003bca91a86,4673,MV0001-05217,Bolt,COMP-1768374767834-dbncpiany,601.053,ME Turbochargers,SP-601.053-217,RECEIVE,2,21,228b5256-5bd2-4bf3-826f-c6fe76571449,Received from Ocean Trading Co. at Singapore,PO-2024-8090,13-Dec-2024 00:00,UTC,Singapore
1407,2024-12-13 00:00:00,7440571a-841a-11ed-aa7c-7003bca91a86,4695,MV0001-05239,Support,COMP-1768374767837-m3bhk56ru,601.059,ME Exhaust Gas Manifolds/Pipes W/Insulation,SP-601.059-239,RECEIVE,2,7,228b5256-5bd2-4bf3-826f-c6fe76571449,Received from Ocean Trading Co. at Singapore,PO-2024-9595,13-Dec-2024 00:00,UTC,Singapore
1408,2024-12-13 00:00:00,7440571a-841a-11ed-aa7c-7003bca91a86,4698,MV0001-05242,Bolt,COMP-1768374767837-m3bhk56ru,601.059,ME Exhaust Gas Manifolds/Pipes W/Insulation,SP-601.059-242,RECEIVE,5,14,228b5256-5bd2-4bf3-826f-c6fe76571449,Received from Ocean Trading Co. at Singapore,PO-2024-2727,13-Dec-2024 00:00,UTC,Singapore
1409,2024-12-13 00:00:00,7440571a-841a-11ed-aa7c-7003bca91a86,4702,MV0001-05246,Bolt,COMP-1768374767837-m3bhk56ru,601.059,ME Exhaust Gas Manifolds/Pipes W/Insulation,SP-601.059-246,RECEIVE,5,11,228b5256-5bd2-4bf3-826f-c6fe76571449,Received from Ocean Trading Co. at Singapore,PO-2024-7281,13-Dec-2024 00:00,UTC,Singapore
1410,2024-12-13 00:00:00,7440571a-841a-11ed-aa7c-7003bca91a86,4739,MV0001-05283,Automatic Voltage Regulator Mounting Bracket,COMP-1768374767899-slkigc1i8,665.001,"Emergency Generator Aggregates, Complete",SP-665.001-283,RECEIVE,1,14,228b5256-5bd2-4bf3-826f-c6fe76571449,Received from Ocean Trading Co. at Singapore,PO-2024-1394,13-Dec-2024 00:00,UTC,Singapore
1411,2024-12-13 00:00:00,7440571a-841a-11ed-aa7c-7003bca91a86,4754,MV0001-05298,Automatic Voltage Regulator Access Cover,COMP-1768374767899-slkigc1i8,665.001,"Emergency Generator Aggregates, Complete",SP-665.001-298,RECEIVE,4,15,228b5256-5bd2-4bf3-826f-c6fe76571449,Received from Ocean Trading Co. at Singapore,PO-2024-9457,13-Dec-2024 00:00,UTC,Singapore
1412,2024-12-13 00:00:00,7440571a-841a-11ed-aa7c-7003bca91a86,4784,MV0001-05328,Lifting Lug-Drive End,COMP-1768374767899-slkigc1i8,665.001,"Emergency Generator Aggregates, Complete",SP-665.001-328,RECEIVE,3,17,228b5256-5bd2-4bf3-826f-c6fe76571449,Received from Ocean Trading Co. at Singapore,PO-2024-6649,13-Dec-2024 00:00,UTC,Singapore
1413,2024-12-13 00:00:00,7440571a-841a-11ed-aa7c-7003bca91a86,4787,MV0001-05331,Main Terminal Panel,COMP-1768374767899-slkigc1i8,665.001,"Emergency Generator Aggregates, Complete",SP-665.001-331,RECEIVE,1,9,228b5256-5bd2-4bf3-826f-c6fe76571449,Received from Ocean Trading Co. at Singapore,PO-2024-4148,13-Dec-2024 00:00,UTC,Singapore
1414,2024-12-13 00:00:00,7440571a-841a-11ed-aa7c-7003bca91a86,4790,MV0001-05334,Fan,COMP-1768374767899-slkigc1i8,665.001,"Emergency Generator Aggregates, Complete",SP-665.001-334,RECEIVE,3,16,228b5256-5bd2-4bf3-826f-c6fe76571449,Received from Ocean Trading Co. at Singapore,PO-2024-4430,13-Dec-2024 00:00,UTC,Singapore
1415,2024-12-13 00:00:00,7440571a-841a-11ed-aa7c-7003bca91a86,4795,MV0001-05339,Auxiliary Terminal Assembly,COMP-1768374767899-slkigc1i8,665.001,"Emergency Generator Aggregates, Complete",SP-665.001-339,RECEIVE,2,11,228b5256-5bd2-4bf3-826f-c6fe76571449,Received from Ocean Trading Co. at Singapore,PO-2024-8308,13-Dec-2024 00:00,UTC,Singapore
1416,2024-12-13 00:00:00,7440571a-841a-11ed-aa7c-7003bca91a86,4798,MV0001-05342,PMG Bolt,COMP-1768374767899-slkigc1i8,665.001,"Emergency Generator Aggregates, Complete",SP-665.001-342,RECEIVE,1,26,228b5256-5bd2-4bf3-826f-c6fe76571449,Received from Ocean Trading Co. at Singapore,PO-2024-2053,13-Dec-2024 00:00,UTC,Singapore
1417,2024-12-13 00:00:00,7440571a-841a-11ed-aa7c-7003bca91a86,4819,MV0001-05363,End panel Drive End,COMP-1768374767899-slkigc1i8,665.001,"Emergency Generator Aggregates, Complete",SP-665.001-363,RECEIVE,3,12,228b5256-5bd2-4bf3-826f-c6fe76571449,Received from Ocean Trading Co. at Singapore,PO-2024-3719,13-Dec-2024 00:00,UTC,Singapore
1418,2024-12-13 00:00:00,7440571a-841a-11ed-aa7c-7003bca91a86,4849,MV0001-05393,Coupling Key,COMP-1768374767907-73hq6hda8,801.001,Clean Ballast Pumps,SP-801.001-393,RECEIVE,1,23,228b5256-5bd2-4bf3-826f-c6fe76571449,Received from Ocean Trading Co. at Singapore,PO-2024-6998,13-Dec-2024 00:00,UTC,Singapore
1419,2024-12-13 00:00:00,7440571a-841a-11ed-aa7c-7003bca91a86,4862,MV0001-05406,Stopper Ring And Set Screw,COMP-1768374767907-73hq6hda8,801.001,Clean Ballast Pumps,SP-801.001-406,RECEIVE,4,16,228b5256-5bd2-4bf3-826f-c6fe76571449,Received from Ocean Trading Co. at Singapore,PO-2024-7017,13-Dec-2024 00:00,UTC,Singapore
1420,2024-12-13 00:00:00,7440571a-841a-11ed-aa7c-7003bca91a86,4864,MV0001-05408,Packing Ring,COMP-1768374767907-73hq6hda8,801.001,Clean Ballast Pumps,SP-801.001-408,RECEIVE,1,10,228b5256-5bd2-4bf3-826f-c6fe76571449,Received from Ocean Trading Co. at Singapore,PO-2024-6056,13-Dec-2024 00:00,UTC,Singapore
1421,2024-12-13 00:00:00,7440571a-841a-11ed-aa7c-7003bca91a86,4892,MV0001-05436,Sleeve,COMP-1768374767907-73hq6hda8,801.001,Clean Ballast Pumps,SP-801.001-436,RECEIVE,4,22,228b5256-5bd2-4bf3-826f-c6fe76571449,Received from Ocean Trading Co. at Singapore,PO-2024-4336,13-Dec-2024 00:00,UTC,Singapore
1422,2024-12-13 00:00:00,7440571a-841a-11ed-aa7c-7003bca91a86,4916,MV0001-05460,Doubling Plate,COMP-1768374767907-73hq6hda8,801.001,Clean Ballast Pumps,SP-801.001-460,RECEIVE,5,17,228b5256-5bd2-4bf3-826f-c6fe76571449,Received from Ocean Trading Co. at Singapore,PO-2024-2441,13-Dec-2024 00:00,UTC,Singapore
1423,2024-12-13 00:00:00,7440571a-841a-11ed-aa7c-7003bca91a86,4952,MV0001-05496,Piston Ring,COMP-1768374767967-jb4k6wuji,554.003.02,Compressors W/Drive Unit No.02,SP-554.003.01-496,RECEIVE,4,17,228b5256-5bd2-4bf3-826f-c6fe76571449,Received from Ocean Trading Co. at Singapore,PO-2024-6477,13-Dec-2024 00:00,UTC,Singapore
2718,2024-12-13 00:00:00,7440571a-841a-11ed-aa7c-7003bca91a86,4716,MV0001-05260,Space Heater,COMP-1768374767899-slkigc1i8,665.001,"Emergency Generator Aggregates, Complete",SP-665.001-260,CONSUME,-2,3,2nd Engineer,Consumed during maintenance - MKR-IN-00072-285.001.05-2024-199,MKR-IN-00072-285.001.05-2024-199,13-Dec-2024,UTC,
2133,2024-12-12 00:00:00,7440571a-841a-11ed-aa7c-7003bca91a86,5467,MV0001-06011,Cover,COMP-1768374768533-xnq4n84q4,712.013.02,LO Separator Booster Pumps No.02,SP-712.013.01-1011,CONSUME,-2,3,4th Engineer,Consumed during maintenance - MKR-IN-00071-278.010.01-2024-156,MKR-IN-00071-278.010.01-2024-156,12-Dec-2024,UTC,
2134,2024-12-12 00:00:00,7440571a-841a-11ed-aa7c-7003bca91a86,5311,MV0001-05855,Chamber Cover,COMP-1768374768525-zyps62yum,712.011.02,LO Separators No.02,SP-702.005.01-855,CONSUME,-1,4,4th Engineer,Consumed during maintenance - MKR-IN-00071-278.010.01-2024-156,MKR-IN-00071-278.010.01-2024-156,12-Dec-2024,UTC,
297,2024-12-11 00:00:00,7440571a-841a-11ed-aa7c-7003bca91a86,4936,MV0001-05480,O-Ring,COMP-1768374767958-93if5ek0n,403.006.02,Hydr. Oil Pumps No.02,SP-403.006.01-480,CONSUME,-2,6,056a433e-b880-43c6-9d59-b1cfe71a4014,Consumed for WO UWO-403.006.02-2024-769,UWO-403.006.02-2024-769,11-Dec-2024 00:00,UTC,
2199,2024-12-11 00:00:00,7440571a-841a-11ed-aa7c-7003bca91a86,4936,MV0001-05480,O-Ring,COMP-1768374767958-93if5ek0n,403.006.02,Hydr. Oil Pumps No.02,SP-403.006.01-480,CONSUME,-2,8,2nd Engineer,Consumed during maintenance - UWO-403.006.02-2024-769,UWO-403.006.02-2024-769,11-Dec-2024,UTC,
296,2024-12-10 00:00:00,7440571a-841a-11ed-aa7c-7003bca91a86,4509,MV0001-05053,Rib,COMP-1768374767799-zs6hrf8cm,401.005,Rudders W/Nozzle,SP-401.005-053,CONSUME,-2,2,056a433e-b880-43c6-9d59-b1cfe71a4014,Consumed for WO WO-651.003.01-2024-338,WO-651.003.01-2024-338,10-Dec-2024 00:00,UTC,
295,2024-12-09 00:00:00,7440571a-841a-11ed-aa7c-7003bca91a86,4941,MV0001-05485,Release & Lifting Gear,COMP-1768374767812-t7u0ew84e,501.002,Covered Lifeboats,SP-501.002-485,CONSUME,-2,8,480b40d0-04bd-4590-a936-2f879b867977,Consumed for WO WO-702.005.02-2024-255,WO-702.005.02-2024-255,09-Dec-2024 00:00,UTC,
2939,2024-12-09 00:00:00,7440571a-841a-11ed-aa7c-7003bca91a86,5350,MV0001-05894,Oil Seal,COMP-1768374768525-zyps62yum,712.011.02,LO Separators No.02,SP-702.005.01-894,CONSUME,-2,1,2nd Engineer,Consumed during maintenance - MKR-IN-00085-652.003.01-2024-649,MKR-IN-00085-652.003.01-2024-649,09-Dec-2024,UTC,
2940,2024-12-09 00:00:00,7440571a-841a-11ed-aa7c-7003bca91a86,4710,MV0001-05254,Nut,COMP-1768374767837-m3bhk56ru,601.059,ME Exhaust Gas Manifolds/Pipes W/Insulation,SP-601.059-254,CONSUME,-1,3,2nd Engineer,Consumed during maintenance - MKR-IN-00085-652.003.01-2024-649,MKR-IN-00085-652.003.01-2024-649,09-Dec-2024,UTC,
2962,2024-12-08 00:00:00,7440571a-841a-11ed-aa7c-7003bca91a86,5157,MV0001-05701,Cylinder Liner Assembly,COMP-1768374768505-jktu58f2h,653.020.07,AE3 Crankcase Doors W/Safety Valve No.07,SP-651.020.01-701,CONSUME,-2,2,Chief Engineer,Consumed during maintenance - MKR-IN-00085-651.003.05-2024-593,MKR-IN-00085-651.003.05-2024-593,08-Dec-2024,UTC,
294,2024-12-05 00:00:00,7440571a-841a-11ed-aa7c-7003bca91a86,4574,MV0001-05118,Bonded Seal,COMP-1768374767802-sjje0yq3o,403.001,"Steering Gears, Complete",SP-403.001-118,CONSUME,-2,3,6084f3b8-85dc-462a-b045-111d2b2e6d0e,Consumed for WO UWO-712.013-2024-638,UWO-712.013-2024-638,05-Dec-2024 00:00,UTC,
293,2024-12-03 00:00:00,7440571a-841a-11ed-aa7c-7003bca91a86,4528,MV0001-05072,Locking Screw,COMP-1768374767802-sjje0yq3o,403.001,"Steering Gears, Complete",SP-403.001-072,CONSUME,-1,4,6084f3b8-85dc-462a-b045-111d2b2e6d0e,Consumed for WO UWO-601.026.06-2024-841,UWO-601.026.06-2024-841,03-Dec-2024 00:00,UTC,
2493,2024-12-03 00:00:00,7440571a-841a-11ed-aa7c-7003bca91a86,4697,MV0001-05241,Cover,COMP-1768374767837-m3bhk56ru,601.059,ME Exhaust Gas Manifolds/Pipes W/Insulation,SP-601.059-241,CONSUME,-1,4,4th Engineer,Consumed during maintenance - MKR-IN-00085-652.003.03-2024-659,MKR-IN-00085-652.003.03-2024-659,03-Dec-2024,UTC,
2725,2024-12-02 00:00:00,7440571a-841a-11ed-aa7c-7003bca91a86,5140,MV0001-05684,Flywheel Assembly,COMP-1768374768462-uelez69lg,653.004.06,AE3 Pistons And Connecting Rod No.06,SP-651.004.01-684,CONSUME,-2,3,2nd Engineer,Consumed during maintenance - MKR-OV-00025-651.004.03-2024-028,MKR-OV-00025-651.004.03-2024-028,02-Dec-2024,UTC,
2793,2024-12-02 00:00:00,7440571a-841a-11ed-aa7c-7003bca91a86,5220,MV0001-05764,Gasket,COMP-1768374768525-zyps62yum,712.011.02,LO Separators No.02,SP-702.005.01-764,CONSUME,-2,3,Electrican,Consumed during maintenance - MKR-IN-00080-652.002.06-2024-637,MKR-IN-00080-652.002.06-2024-637,02-Dec-2024,UTC,
2808,2024-11-29 00:00:00,7440571a-841a-11ed-aa7c-7003bca91a86,5408,MV0001-05952,Pressure Gauge,COMP-1768374768525-zyps62yum,712.011.02,LO Separators No.02,SP-702.005.01-952,CONSUME,-2,0,Chief Engineer,Consumed during maintenance - MKR-IN-00072-285.001.01-2024-177,MKR-IN-00072-285.001.01-2024-177,29-Nov-2024,UTC,
2809,2024-11-29 00:00:00,7440571a-841a-11ed-aa7c-7003bca91a86,4679,MV0001-05223,Nut,COMP-1768374767834-dbncpiany,601.053,ME Turbochargers,SP-601.053-223,CONSUME,-2,2,Chief Engineer,Consumed during maintenance - MKR-IN-00072-285.001.01-2024-177,MKR-IN-00072-285.001.01-2024-177,29-Nov-2024,UTC,
2810,2024-11-29 00:00:00,7440571a-841a-11ed-aa7c-7003bca91a86,4823,MV0001-05367,Main Rectifier Assembly-Forward,COMP-1768374767899-slkigc1i8,665.001,"Emergency Generator Aggregates, Complete",SP-665.001-367,CONSUME,-2,3,Chief Engineer,Consumed during maintenance - MKR-IN-00072-285.001.01-2024-177,MKR-IN-00072-285.001.01-2024-177,29-Nov-2024,UTC,
2514,2024-11-24 00:00:00,7440571a-841a-11ed-aa7c-7003bca91a86,4721,MV0001-05265,Non Drive End Bracket,COMP-1768374767899-slkigc1i8,665.001,"Emergency Generator Aggregates, Complete",SP-665.001-265,CONSUME,-1,3,Chief Engineer,Consumed during maintenance - MKR-IN-00071-278.010.01-2024-160,MKR-IN-00071-278.010.01-2024-160,24-Nov-2024,UTC,
2515,2024-11-24 00:00:00,7440571a-841a-11ed-aa7c-7003bca91a86,4560,MV0001-05104,Nut,COMP-1768374767802-sjje0yq3o,403.001,"Steering Gears, Complete",SP-403.001-104,CONSUME,-2,3,Chief Engineer,Consumed during maintenance - MKR-IN-00071-278.010.01-2024-160,MKR-IN-00071-278.010.01-2024-160,24-Nov-2024,UTC,
2516,2024-11-24 00:00:00,7440571a-841a-11ed-aa7c-7003bca91a86,4733,MV0001-05277,Air Inlet Cover,COMP-1768374767899-slkigc1i8,665.001,"Emergency Generator Aggregates, Complete",SP-665.001-277,CONSUME,-1,4,2nd Engineer,Consumed during maintenance - MKR-IN-00018-652.020.04-2024-099,MKR-IN-00018-652.020.04-2024-099,24-Nov-2024,UTC,
2517,2024-11-24 00:00:00,7440571a-841a-11ed-aa7c-7003bca91a86,4708,MV0001-05252,Nut,COMP-1768374767837-m3bhk56ru,601.059,ME Exhaust Gas Manifolds/Pipes W/Insulation,SP-601.059-252,CONSUME,-2,3,2nd Engineer,Consumed during maintenance - MKR-IN-00018-652.020.04-2024-099,MKR-IN-00018-652.020.04-2024-099,24-Nov-2024,UTC,
2975,2024-11-24 00:00:00,7440571a-841a-11ed-aa7c-7003bca91a86,5152,MV0001-05696,"Coupling, Front",COMP-1768374768462-uelez69lg,653.004.06,AE3 Pistons And Connecting Rod No.06,SP-651.004.01-696,CONSUME,-2,2,2nd Engineer,Consumed during maintenance - MKR-IN-00085-652.003.01-2024-643,MKR-IN-00085-652.003.01-2024-643,24-Nov-2024,UTC,
2976,2024-11-24 00:00:00,7440571a-841a-11ed-aa7c-7003bca91a86,5015,MV0001-05559,Spring,COMP-1768374767967-jb4k6wuji,554.003.02,Compressors W/Drive Unit No.02,SP-554.003.01-559,CONSUME,-2,3,2nd Engineer,Consumed during maintenance - MKR-IN-00085-652.003.01-2024-643,MKR-IN-00085-652.003.01-2024-643,24-Nov-2024,UTC,
292,2024-11-22 00:00:00,7440571a-841a-11ed-aa7c-7003bca91a86,4922,MV0001-05466,Oil Seal,COMP-1768374767907-73hq6hda8,801.001,Clean Ballast Pumps,SP-801.001-466,CONSUME,-1,4,977621de-77d7-4892-ae27-adaebcc27d0b,Consumed for WO WO-702.005.02-2024-253,WO-702.005.02-2024-253,22-Nov-2024 00:00,UTC,
2865,2024-11-19 00:00:00,7440571a-841a-11ed-aa7c-7003bca91a86,5500,MV0001-06044,Friction Pulley,COMP-1768374767795-1qyq8qvkb,721.001.02,Main Sw Cooling Pumps No.02,SP-721.001.01-1044,CONSUME,-2,1,2nd Engineer,Consumed during maintenance - MKR-IN-00080-652.002.06-2024-630,MKR-IN-00080-652.002.06-2024-630,19-Nov-2024,UTC,
2020,2024-11-17 00:00:00,7440571a-841a-11ed-aa7c-7003bca91a86,4775,MV0001-05319,End panel Non Drive End,COMP-1768374767899-slkigc1i8,665.001,"Emergency Generator Aggregates, Complete",SP-665.001-319,CONSUME,-1,4,Chief Engineer,Consumed during maintenance - MKR-OV-00025-652.004.05-2024-077,MKR-OV-00025-652.004.05-2024-077,17-Nov-2024,UTC,
2021,2024-11-17 00:00:00,7440571a-841a-11ed-aa7c-7003bca91a86,4797,MV0001-05341,PMG Exciter Stator,COMP-1768374767899-slkigc1i8,665.001,"Emergency Generator Aggregates, Complete",SP-665.001-341,CONSUME,-1,4,Chief Engineer,Consumed during maintenance - MKR-OV-00025-652.004.05-2024-077,MKR-OV-00025-652.004.05-2024-077,17-Nov-2024,UTC,
288,2024-11-15 00:00:00,7440571a-841a-11ed-aa7c-7003bca91a86,4539,MV0001-05083,Rudder Angle Scale,COMP-1768374767802-sjje0yq3o,403.001,"Steering Gears, Complete",SP-403.001-083,CONSUME,-1,4,228b5256-5bd2-4bf3-826f-c6fe76571449,Consumed for WO WO-702.005.02-2024-252,WO-702.005.02-2024-252,15-Nov-2024 00:00,UTC,
289,2024-11-15 00:00:00,7440571a-841a-11ed-aa7c-7003bca91a86,4508,MV0001-05052,hii,COMP-1768374767799-zs6hrf8cm,401.005,Rudders W/Nozzle,SP-401.005-052,CONSUME,-2,0,977621de-77d7-4892-ae27-adaebcc27d0b,Consumed for WO UWO-652.007.04-2024-836,UWO-652.007.04-2024-836,15-Nov-2024 00:00,UTC,
290,2024-11-15 00:00:00,7440571a-841a-11ed-aa7c-7003bca91a86,4726,MV0001-05270,Drive End Bracket/Engine Adaptor,COMP-1768374767899-slkigc1i8,665.001,"Emergency Generator Aggregates, Complete",SP-665.001-270,CONSUME,-1,4,480b40d0-04bd-4590-a936-2f879b867977,Consumed for WO UWO-651.004.02-2024-657,UWO-651.004.02-2024-657,15-Nov-2024 00:00,UTC,
291,2024-11-15 00:00:00,7440571a-841a-11ed-aa7c-7003bca91a86,4639,MV0001-05183,Fuse,COMP-1768374767815-k5anrfi02,554.001,Provision Cooling Compressor Aggregates,SP-554.001-183,CONSUME,-2,3,6084f3b8-85dc-462a-b045-111d2b2e6d0e,Consumed for WO UWO-651.003.05-2024-663,UWO-651.003.05-2024-663,15-Nov-2024 00:00,UTC,
2526,2024-11-15 00:00:00,7440571a-841a-11ed-aa7c-7003bca91a86,5156,MV0001-05700,O-Ring,COMP-1768374768505-jktu58f2h,653.020.07,AE3 Crankcase Doors W/Safety Valve No.07,SP-651.020.01-700,CONSUME,-2,0,3rd Engineer,Consumed during maintenance - UWO-652.007.04-2024-836,UWO-652.007.04-2024-836,15-Nov-2024,UTC,
2871,2024-11-15 00:00:00,7440571a-841a-11ed-aa7c-7003bca91a86,4852,MV0001-05396,Ball Bearing,COMP-1768374767907-73hq6hda8,801.001,Clean Ballast Pumps,SP-801.001-396,CONSUME,-2,1,Chief Engineer,Consumed during maintenance - UWO-651.004.02-2024-657,UWO-651.004.02-2024-657,15-Nov-2024,UTC,
1347,2024-11-13 00:00:00,7440571a-841a-11ed-aa7c-7003bca91a86,4458,MV0001-05002,Gudgeon,COMP-1768374767799-zs6hrf8cm,401.005,Rudders W/Nozzle,SP-401.005-002,RECEIVE,1,9,228b5256-5bd2-4bf3-826f-c6fe76571449,Received from Atlas Marine Parts at Shanghai,PO-2024-0429,13-Nov-2024 00:00,UTC,Shanghai
1348,2024-11-13 00:00:00,7440571a-841a-11ed-aa7c-7003bca91a86,4488,MV0001-05032,O-Ring,COMP-1768374767799-zs6hrf8cm,401.005,Rudders W/Nozzle,SP-401.005-032,RECEIVE,2,8,228b5256-5bd2-4bf3-826f-c6fe76571449,Received from Atlas Marine Parts at Shanghai,PO-2024-2542,13-Nov-2024 00:00,UTC,Shanghai
1349,2024-11-13 00:00:00,7440571a-841a-11ed-aa7c-7003bca91a86,4494,MV0001-05038,Back-Up Ring,COMP-1768374767799-zs6hrf8cm,401.005,Rudders W/Nozzle,SP-401.005-038,RECEIVE,3,22,228b5256-5bd2-4bf3-826f-c6fe76571449,Received from Atlas Marine Parts at Shanghai,PO-2024-2456,13-Nov-2024 00:00,UTC,Shanghai
1350,2024-11-13 00:00:00,7440571a-841a-11ed-aa7c-7003bca91a86,4501,MV0001-05045,Support Ring,COMP-1768374767799-zs6hrf8cm,401.005,Rudders W/Nozzle,SP-401.005-045,RECEIVE,5,13,228b5256-5bd2-4bf3-826f-c6fe76571449,Received from Atlas Marine Parts at Shanghai,PO-2024-6205,13-Nov-2024 00:00,UTC,Shanghai
1351,2024-11-13 00:00:00,7440571a-841a-11ed-aa7c-7003bca91a86,4522,MV0001-05066,Hexagon High Strength Bolt,COMP-1768374767799-zs6hrf8cm,401.005,Rudders W/Nozzle,SP-401.005-066,RECEIVE,4,13,228b5256-5bd2-4bf3-826f-c6fe76571449,Received from Atlas Marine Parts at Shanghai,PO-2024-9789,13-Nov-2024 00:00,UTC,Shanghai
1352,2024-11-13 00:00:00,7440571a-841a-11ed-aa7c-7003bca91a86,4525,MV0001-05069,Wire,COMP-1768374767799-zs6hrf8cm,401.005,Rudders W/Nozzle,SP-401.005-069,RECEIVE,3,8,228b5256-5bd2-4bf3-826f-c6fe76571449,Received from Atlas Marine Parts at Shanghai,PO-2024-4683,13-Nov-2024 00:00,UTC,Shanghai
1353,2024-11-13 00:00:00,7440571a-841a-11ed-aa7c-7003bca91a86,4542,MV0001-05086,Internal Seals,COMP-1768374767802-sjje0yq3o,403.001,"Steering Gears, Complete",SP-403.001-086,RECEIVE,1,6,228b5256-5bd2-4bf3-826f-c6fe76571449,Received from Atlas Marine Parts at Shanghai,PO-2024-4858,13-Nov-2024 00:00,UTC,Shanghai
1354,2024-11-13 00:00:00,7440571a-841a-11ed-aa7c-7003bca91a86,4555,MV0001-05099,Cyl. Head Screw,COMP-1768374767802-sjje0yq3o,403.001,"Steering Gears, Complete",SP-403.001-099,RECEIVE,2,13,228b5256-5bd2-4bf3-826f-c6fe76571449,Received from Atlas Marine Parts at Shanghai,PO-2024-5217,13-Nov-2024 00:00,UTC,Shanghai
1355,2024-11-13 00:00:00,7440571a-841a-11ed-aa7c-7003bca91a86,4568,MV0001-05112,Manometer Liquid Filled,COMP-1768374767802-sjje0yq3o,403.001,"Steering Gears, Complete",SP-403.001-112,RECEIVE,2,11,228b5256-5bd2-4bf3-826f-c6fe76571449,Received from Atlas Marine Parts at Shanghai,PO-2024-9687,13-Nov-2024 00:00,UTC,Shanghai
1356,2024-11-13 00:00:00,7440571a-841a-11ed-aa7c-7003bca91a86,4581,MV0001-05125,Bracket For RBU,COMP-1768374767802-sjje0yq3o,403.001,"Steering Gears, Complete",SP-403.001-125,RECEIVE,5,10,228b5256-5bd2-4bf3-826f-c6fe76571449,Received from Atlas Marine Parts at Shanghai,PO-2024-6164,13-Nov-2024 00:00,UTC,Shanghai
1357,2024-11-13 00:00:00,7440571a-841a-11ed-aa7c-7003bca91a86,4585,MV0001-05129,Spring,COMP-1768374767802-sjje0yq3o,403.001,"Steering Gears, Complete",SP-403.001-129,RECEIVE,3,8,228b5256-5bd2-4bf3-826f-c6fe76571449,Received from Atlas Marine Parts at Shanghai,PO-2024-0051,13-Nov-2024 00:00,UTC,Shanghai
1358,2024-11-13 00:00:00,7440571a-841a-11ed-aa7c-7003bca91a86,4603,MV0001-05147,Hex. Screw,COMP-1768374767802-sjje0yq3o,403.001,"Steering Gears, Complete",SP-403.001-147,RECEIVE,2,9,228b5256-5bd2-4bf3-826f-c6fe76571449,Received from Atlas Marine Parts at Shanghai,PO-2024-6621,13-Nov-2024 00:00,UTC,Shanghai
1359,2024-11-13 00:00:00,7440571a-841a-11ed-aa7c-7003bca91a86,4617,MV0001-05161,Magnet Valve,COMP-1768374767815-k5anrfi02,554.001,Provision Cooling Compressor Aggregates,SP-554.001-161,RECEIVE,4,9,228b5256-5bd2-4bf3-826f-c6fe76571449,Received from Atlas Marine Parts at Shanghai,PO-2024-5766,13-Nov-2024 00:00,UTC,Shanghai
1360,2024-11-13 00:00:00,7440571a-841a-11ed-aa7c-7003bca91a86,4623,MV0001-05167,W.T Type Wall Light,COMP-1768374767815-k5anrfi02,554.001,Provision Cooling Compressor Aggregates,SP-554.001-167,RECEIVE,1,17,228b5256-5bd2-4bf3-826f-c6fe76571449,Received from Atlas Marine Parts at Shanghai,PO-2024-9486,13-Nov-2024 00:00,UTC,Shanghai
1361,2024-11-13 00:00:00,7440571a-841a-11ed-aa7c-7003bca91a86,4630,MV0001-05174,Freon Gas,COMP-1768374767815-k5anrfi02,554.001,Provision Cooling Compressor Aggregates,SP-554.001-174,RECEIVE,4,10,228b5256-5bd2-4bf3-826f-c6fe76571449,Received from Atlas Marine Parts at Shanghai,PO-2024-3355,13-Nov-2024 00:00,UTC,Shanghai
1362,2024-11-13 00:00:00,7440571a-841a-11ed-aa7c-7003bca91a86,4634,MV0001-05178,Gas Detector,COMP-1768374767815-k5anrfi02,554.001,Provision Cooling Compressor Aggregates,SP-554.001-178,RECEIVE,3,9,228b5256-5bd2-4bf3-826f-c6fe76571449,Received from Atlas Marine Parts at Shanghai,PO-2024-6914,13-Nov-2024 00:00,UTC,Shanghai
1363,2024-11-13 00:00:00,7440571a-841a-11ed-aa7c-7003bca91a86,4645,MV0001-05189,Crinket,COMP-1768374767818-ckg4kqu6q,601.001,"Main Diesel Engine, Compl.",SP-601.001-189,RECEIVE,2,3,228b5256-5bd2-4bf3-826f-c6fe76571449,Received from Atlas Marine Parts at Shanghai,PO-2024-5155,13-Nov-2024 00:00,UTC,Shanghai
1364,2024-11-13 00:00:00,7440571a-841a-11ed-aa7c-7003bca91a86,4732,MV0001-05276,Frame Cover Top,COMP-1768374767899-slkigc1i8,665.001,"Emergency Generator Aggregates, Complete",SP-665.001-276,RECEIVE,1,9,228b5256-5bd2-4bf3-826f-c6fe76571449,Received from Atlas Marine Parts at Shanghai,PO-2024-9473,13-Nov-2024 00:00,UTC,Shanghai
1365,2024-11-13 00:00:00,7440571a-841a-11ed-aa7c-7003bca91a86,4743,MV0001-05287,Diode-Forward Polarity,COMP-1768374767899-slkigc1i8,665.001,"Emergency Generator Aggregates, Complete",SP-665.001-287,RECEIVE,2,12,228b5256-5bd2-4bf3-826f-c6fe76571449,Received from Atlas Marine Parts at Shanghai,PO-2024-3209,13-Nov-2024 00:00,UTC,Shanghai
1366,2024-11-13 00:00:00,7440571a-841a-11ed-aa7c-7003bca91a86,4746,MV0001-05290,Lifting Lug -Non Drive End,COMP-1768374767899-slkigc1i8,665.001,"Emergency Generator Aggregates, Complete",SP-665.001-290,RECEIVE,3,15,228b5256-5bd2-4bf3-826f-c6fe76571449,Received from Atlas Marine Parts at Shanghai,PO-2024-3033,13-Nov-2024 00:00,UTC,Shanghai
1367,2024-11-13 00:00:00,7440571a-841a-11ed-aa7c-7003bca91a86,4754,MV0001-05298,Automatic Voltage Regulator Access Cover,COMP-1768374767899-slkigc1i8,665.001,"Emergency Generator Aggregates, Complete",SP-665.001-298,RECEIVE,5,11,228b5256-5bd2-4bf3-826f-c6fe76571449,Received from Atlas Marine Parts at Shanghai,PO-2024-9379,13-Nov-2024 00:00,UTC,Shanghai
1368,2024-11-13 00:00:00,7440571a-841a-11ed-aa7c-7003bca91a86,4776,MV0001-05320,Automatic Voltage Regulator,COMP-1768374767899-slkigc1i8,665.001,"Emergency Generator Aggregates, Complete",SP-665.001-320,RECEIVE,5,10,228b5256-5bd2-4bf3-826f-c6fe76571449,Received from Atlas Marine Parts at Shanghai,PO-2024-7634,13-Nov-2024 00:00,UTC,Shanghai
1369,2024-11-13 00:00:00,7440571a-841a-11ed-aa7c-7003bca91a86,4787,MV0001-05331,Main Terminal Panel,COMP-1768374767899-slkigc1i8,665.001,"Emergency Generator Aggregates, Complete",SP-665.001-331,RECEIVE,5,8,228b5256-5bd2-4bf3-826f-c6fe76571449,Received from Atlas Marine Parts at Shanghai,PO-2024-3305,13-Nov-2024 00:00,UTC,Shanghai
1370,2024-11-13 00:00:00,7440571a-841a-11ed-aa7c-7003bca91a86,4800,MV0001-05344,PMG Clamp,COMP-1768374767899-slkigc1i8,665.001,"Emergency Generator Aggregates, Complete",SP-665.001-344,RECEIVE,4,14,228b5256-5bd2-4bf3-826f-c6fe76571449,Received from Atlas Marine Parts at Shanghai,PO-2024-0902,13-Nov-2024 00:00,UTC,Shanghai
1371,2024-11-13 00:00:00,7440571a-841a-11ed-aa7c-7003bca91a86,4802,MV0001-05346,Stator,COMP-1768374767899-slkigc1i8,665.001,"Emergency Generator Aggregates, Complete",SP-665.001-346,RECEIVE,5,12,228b5256-5bd2-4bf3-826f-c6fe76571449,Received from Atlas Marine Parts at Shanghai,PO-2024-4644,13-Nov-2024 00:00,UTC,Shanghai
1372,2024-11-13 00:00:00,7440571a-841a-11ed-aa7c-7003bca91a86,4812,MV0001-05356,Drive End Screen,COMP-1768374767899-slkigc1i8,665.001,"Emergency Generator Aggregates, Complete",SP-665.001-356,RECEIVE,3,9,228b5256-5bd2-4bf3-826f-c6fe76571449,Received from Atlas Marine Parts at Shanghai,PO-2024-3361,13-Nov-2024 00:00,UTC,Shanghai
1373,2024-11-13 00:00:00,7440571a-841a-11ed-aa7c-7003bca91a86,4814,MV0001-05358,Foot,COMP-1768374767899-slkigc1i8,665.001,"Emergency Generator Aggregates, Complete",SP-665.001-358,RECEIVE,1,11,228b5256-5bd2-4bf3-826f-c6fe76571449,Received from Atlas Marine Parts at Shanghai,PO-2024-8219,13-Nov-2024 00:00,UTC,Shanghai
1374,2024-11-13 00:00:00,7440571a-841a-11ed-aa7c-7003bca91a86,4826,MV0001-05370,Diode-Forward Polarity,COMP-1768374767899-slkigc1i8,665.001,"Emergency Generator Aggregates, Complete",SP-665.001-370,RECEIVE,1,6,228b5256-5bd2-4bf3-826f-c6fe76571449,Received from Atlas Marine Parts at Shanghai,PO-2024-7833,13-Nov-2024 00:00,UTC,Shanghai
1375,2024-11-13 00:00:00,7440571a-841a-11ed-aa7c-7003bca91a86,4841,MV0001-05385,Bearing Housing,COMP-1768374767907-73hq6hda8,801.001,Clean Ballast Pumps,SP-801.001-385,RECEIVE,3,10,228b5256-5bd2-4bf3-826f-c6fe76571449,Received from Atlas Marine Parts at Shanghai,PO-2024-0639,13-Nov-2024 00:00,UTC,Shanghai
1376,2024-11-13 00:00:00,7440571a-841a-11ed-aa7c-7003bca91a86,4852,MV0001-05396,Ball Bearing,COMP-1768374767907-73hq6hda8,801.001,Clean Ballast Pumps,SP-801.001-396,RECEIVE,4,14,228b5256-5bd2-4bf3-826f-c6fe76571449,Received from Atlas Marine Parts at Shanghai,PO-2024-0731,13-Nov-2024 00:00,UTC,Shanghai
1377,2024-11-13 00:00:00,7440571a-841a-11ed-aa7c-7003bca91a86,4853,MV0001-05397,Mouth Ring,COMP-1768374767907-73hq6hda8,801.001,Clean Ballast Pumps,SP-801.001-397,RECEIVE,1,11,228b5256-5bd2-4bf3-826f-c6fe76571449,Received from Atlas Marine Parts at Shanghai,PO-2024-0674,13-Nov-2024 00:00,UTC,Shanghai
1378,2024-11-13 00:00:00,7440571a-841a-11ed-aa7c-7003bca91a86,4874,MV0001-05418,Mechanical Seal Cover,COMP-1768374767907-73hq6hda8,801.001,Clean Ballast Pumps,SP-801.001-418,RECEIVE,3,11,228b5256-5bd2-4bf3-826f-c6fe76571449,Received from Atlas Marine Parts at Shanghai,PO-2024-6026,13-Nov-2024 00:00,UTC,Shanghai
1379,2024-11-13 00:00:00,7440571a-841a-11ed-aa7c-7003bca91a86,4883,MV0001-05427,Gland,COMP-1768374767907-73hq6hda8,801.001,Clean Ballast Pumps,SP-801.001-427,RECEIVE,3,11,228b5256-5bd2-4bf3-826f-c6fe76571449,Received from Atlas Marine Parts at Shanghai,PO-2024-5080,13-Nov-2024 00:00,UTC,Shanghai
1380,2024-11-13 00:00:00,7440571a-841a-11ed-aa7c-7003bca91a86,4902,MV0001-05446,Coupling Bolt Nut And Washer,COMP-1768374767907-73hq6hda8,801.001,Clean Ballast Pumps,SP-801.001-446,RECEIVE,4,18,228b5256-5bd2-4bf3-826f-c6fe76571449,Received from Atlas Marine Parts at Shanghai,PO-2024-6387,13-Nov-2024 00:00,UTC,Shanghai
1381,2024-11-13 00:00:00,7440571a-841a-11ed-aa7c-7003bca91a86,4906,MV0001-05450,Packing Ring,COMP-1768374767907-73hq6hda8,801.001,Clean Ballast Pumps,SP-801.001-450,RECEIVE,3,8,228b5256-5bd2-4bf3-826f-c6fe76571449,Received from Atlas Marine Parts at Shanghai,PO-2024-0643,13-Nov-2024 00:00,UTC,Shanghai
1382,2024-11-13 00:00:00,7440571a-841a-11ed-aa7c-7003bca91a86,4917,MV0001-05461,Plug,COMP-1768374767907-73hq6hda8,801.001,Clean Ballast Pumps,SP-801.001-461,RECEIVE,5,15,228b5256-5bd2-4bf3-826f-c6fe76571449,Received from Atlas Marine Parts at Shanghai,PO-2024-4691,13-Nov-2024 00:00,UTC,Shanghai
1383,2024-11-13 00:00:00,7440571a-841a-11ed-aa7c-7003bca91a86,4922,MV0001-05466,Oil Seal,COMP-1768374767907-73hq6hda8,801.001,Clean Ballast Pumps,SP-801.001-466,RECEIVE,2,7,228b5256-5bd2-4bf3-826f-c6fe76571449,Received from Atlas Marine Parts at Shanghai,PO-2024-3157,13-Nov-2024 00:00,UTC,Shanghai
1384,2024-11-13 00:00:00,7440571a-841a-11ed-aa7c-7003bca91a86,4958,MV0001-05502,Joint,COMP-1768374767967-jb4k6wuji,554.003.02,Compressors W/Drive Unit No.02,SP-554.003.01-502,RECEIVE,2,24,228b5256-5bd2-4bf3-826f-c6fe76571449,Received from Atlas Marine Parts at Shanghai,PO-2024-1909,13-Nov-2024 00:00,UTC,Shanghai
2066,2024-11-13 00:00:00,7440571a-841a-11ed-aa7c-7003bca91a86,5007,MV0001-05551,Suction Strainer Screen,COMP-1768374767967-jb4k6wuji,554.003.02,Compressors W/Drive Unit No.02,SP-554.003.01-551,CONSUME,-1,4,2nd Engineer,Consumed during maintenance - MKR-IN-00063-601.004.03-2024-326,MKR-IN-00063-601.004.03-2024-326,13-Nov-2024,UTC,
2524,2024-11-12 00:00:00,7440571a-841a-11ed-aa7c-7003bca91a86,5418,MV0001-05962,Rokking Button,COMP-1768374768525-zyps62yum,712.011.02,LO Separators No.02,SP-702.005.01-962,CONSUME,-1,4,2nd Engineer,Consumed during maintenance - MKR-IN-00085-651.003.02-2024-559,MKR-IN-00085-651.003.02-2024-559,12-Nov-2024,UTC,
2525,2024-11-12 00:00:00,7440571a-841a-11ed-aa7c-7003bca91a86,4939,MV0001-05483,O-Ring,COMP-1768374767809-mr8172nux,411.002,X-Band Radar,SP-411.002-483,CONSUME,-2,2,2nd Engineer,Consumed during maintenance - MKR-IN-00085-651.003.02-2024-559,MKR-IN-00085-651.003.02-2024-559,12-Nov-2024,UTC,
2560,2024-11-12 00:00:00,7440571a-841a-11ed-aa7c-7003bca91a86,4661,MV0001-05205,Thrust Bearing Support,COMP-1768374767834-dbncpiany,601.053,ME Turbochargers,SP-601.053-205,CONSUME,-2,2,2nd Engineer,Consumed during maintenance - WO-601.053-2024-459,WO-601.053-2024-459,12-Nov-2024,UTC,
2852,2024-11-11 00:00:00,7440571a-841a-11ed-aa7c-7003bca91a86,5110,MV0001-05654,Gasket,COMP-1768374768219-f5y8ppktt,601.066.06,ME Indicators No.06,SP-601.066.01-654,CONSUME,-2,0,4th Engineer,Consumed during maintenance - MKR-IN-00079-601.066.06-2024-489,MKR-IN-00079-601.066.06-2024-489,11-Nov-2024,UTC,
2668,2024-11-10 00:00:00,7440571a-841a-11ed-aa7c-7003bca91a86,4499,MV0001-05043,Bush,COMP-1768374767799-zs6hrf8cm,401.005,Rudders W/Nozzle,SP-401.005-043,CONSUME,-1,2,Chief Engineer,Consumed during maintenance - MKR-IN-00080-652.002.02-2024-609,MKR-IN-00080-652.002.02-2024-609,10-Nov-2024,UTC,
2741,2024-11-10 00:00:00,7440571a-841a-11ed-aa7c-7003bca91a86,5173,MV0001-05717,Plug,COMP-1768374768525-zyps62yum,712.011.02,LO Separators No.02,SP-702.005.01-717,CONSUME,-1,4,4th Engineer,Consumed during maintenance - MKR-IN-00085-652.003.03-2024-652,MKR-IN-00085-652.003.03-2024-652,10-Nov-2024,UTC,
2742,2024-11-10 00:00:00,7440571a-841a-11ed-aa7c-7003bca91a86,4518,MV0001-05062,Plate,COMP-1768374767799-zs6hrf8cm,401.005,Rudders W/Nozzle,SP-401.005-062,CONSUME,-1,2,4th Engineer,Consumed during maintenance - MKR-IN-00085-652.003.03-2024-652,MKR-IN-00085-652.003.03-2024-652,10-Nov-2024,UTC,
2743,2024-11-10 00:00:00,7440571a-841a-11ed-aa7c-7003bca91a86,5109,MV0001-05653,O-Ring,COMP-1768374768219-f5y8ppktt,601.066.06,ME Indicators No.06,SP-601.066.01-653,CONSUME,-2,202,4th Engineer,Consumed during maintenance - MKR-IN-00085-652.003.03-2024-652,MKR-IN-00085-652.003.03-2024-652,10-Nov-2024,UTC,
2995,2024-11-09 00:00:00,7440571a-841a-11ed-aa7c-7003bca91a86,5263,MV0001-05807,Valve Sheet,COMP-1768374768525-zyps62yum,712.011.02,LO Separators No.02,SP-702.005.01-807,CONSUME,-2,2,3rd Engineer,Consumed during maintenance - UWO-651.004.06-2024-656,UWO-651.004.06-2024-656,09-Nov-2024,UTC,
2994,2024-11-09 00:00:00,7440571a-841a-11ed-aa7c-7003bca91a86,5120,MV0001-05664,"Main-Bearing Cap, Intermediate",COMP-1768374768443-sj0hmblft,653.003.06,AE3 Cylinder Liners No.06,SP-651.003.01-664,CONSUME,-1,3,3rd Engineer,Consumed during maintenance - UWO-651.004.06-2024-656,UWO-651.004.06-2024-656,09-Nov-2024,UTC,
287,2024-11-09 00:00:00,7440571a-841a-11ed-aa7c-7003bca91a86,4522,MV0001-05066,Hexagon High Strength Bolt,COMP-1768374767799-zs6hrf8cm,401.005,Rudders W/Nozzle,SP-401.005-066,CONSUME,-1,3,480b40d0-04bd-4590-a936-2f879b867977,Consumed for WO UWO-651.004.06-2024-656,UWO-651.004.06-2024-656,09-Nov-2024 00:00,UTC,
2204,2024-11-07 00:00:00,7440571a-841a-11ed-aa7c-7003bca91a86,5115,MV0001-05659,Main Bearing Metal Assembly,COMP-1768374768443-sj0hmblft,653.003.06,AE3 Cylinder Liners No.06,SP-651.003.01-659,CONSUME,-2,1,3rd Engineer,Consumed during maintenance - WO-653.003.06-2024-373,WO-653.003.06-2024-373,07-Nov-2024,UTC,
286,2024-11-05 00:00:00,7440571a-841a-11ed-aa7c-7003bca91a86,4626,MV0001-05170,W.T. Receptacle,COMP-1768374767815-k5anrfi02,554.001,Provision Cooling Compressor Aggregates,SP-554.001-170,CONSUME,-2,0,977621de-77d7-4892-ae27-adaebcc27d0b,Consumed for WO UWO-651.020.06-2024-653,UWO-651.020.06-2024-653,05-Nov-2024 00:00,UTC,
2190,2024-11-05 00:00:00,7440571a-841a-11ed-aa7c-7003bca91a86,4702,MV0001-05246,Bolt,COMP-1768374767837-m3bhk56ru,601.059,ME Exhaust Gas Manifolds/Pipes W/Insulation,SP-601.059-246,CONSUME,-2,3,4th Engineer,Consumed during maintenance - MKR-IN-00072-285.001.10-2024-260,MKR-IN-00072-285.001.10-2024-260,05-Nov-2024,UTC,
2276,2024-11-05 00:00:00,7440571a-841a-11ed-aa7c-7003bca91a86,4866,MV0001-05410,Seal Ring,COMP-1768374767907-73hq6hda8,801.001,Clean Ballast Pumps,SP-801.001-410,CONSUME,-1,4,2nd Engineer,Consumed during maintenance - UWO-651.020.06-2024-653,UWO-651.020.06-2024-653,05-Nov-2024,UTC,
2277,2024-11-05 00:00:00,7440571a-841a-11ed-aa7c-7003bca91a86,4631,MV0001-05175,Dryer,COMP-1768374767815-k5anrfi02,554.001,Provision Cooling Compressor Aggregates,SP-554.001-175,CONSUME,-1,4,2nd Engineer,Consumed during maintenance - UWO-651.020.06-2024-653,UWO-651.020.06-2024-653,05-Nov-2024,UTC,
2171,2024-11-04 00:00:00,7440571a-841a-11ed-aa7c-7003bca91a86,5075,MV0001-05619,O-Ring,COMP-1768374768161-fwhsrv4rs,601.005.06,"ME Connecting Rods, Crosshead, Guides No.06",SP-601.005.01-619,CONSUME,-2,5,Chief Engineer,Consumed during maintenance - MKR-IN-00076-601.005.06-2024-416,MKR-IN-00076-601.005.06-2024-416,04-Nov-2024,UTC,
2172,2024-11-04 00:00:00,7440571a-841a-11ed-aa7c-7003bca91a86,5076,MV0001-05620,Gasket,COMP-1768374768161-fwhsrv4rs,601.005.06,"ME Connecting Rods, Crosshead, Guides No.06",SP-601.005.01-620,CONSUME,-1,4,Chief Engineer,Consumed during maintenance - MKR-IN-00076-601.005.06-2024-416,MKR-IN-00076-601.005.06-2024-416,04-Nov-2024,UTC,
285,2024-11-03 00:00:00,7440571a-841a-11ed-aa7c-7003bca91a86,4875,MV0001-05419,Mechanical Seal Cover,COMP-1768374767907-73hq6hda8,801.001,Clean Ballast Pumps,SP-801.001-419,CONSUME,-1,0,228b5256-5bd2-4bf3-826f-c6fe76571449,Consumed for WO WO-651.003.01-2024-337,WO-651.003.01-2024-337,03-Nov-2024 00:00,UTC,
2123,2024-11-03 00:00:00,7440571a-841a-11ed-aa7c-7003bca91a86,4933,MV0001-05477,Rudder Pintle Pins,COMP-1768374767799-zs6hrf8cm,401.005,Rudders W/Nozzle,SP-401.005-477,CONSUME,-1,9,3rd Engineer,Consumed during maintenance - WO-702.005.02-2024-250,WO-702.005.02-2024-250,03-Nov-2024,UTC,
283,2024-11-01 00:00:00,7440571a-841a-11ed-aa7c-7003bca91a86,4494,MV0001-05038,Back-Up Ring,COMP-1768374767799-zs6hrf8cm,401.005,Rudders W/Nozzle,SP-401.005-038,CONSUME,-1,3,6084f3b8-85dc-462a-b045-111d2b2e6d0e,Consumed for WO UWO-285.001.01-2024-872,UWO-285.001.01-2024-872,01-Nov-2024 00:00,UTC,
284,2024-11-01 00:00:00,7440571a-841a-11ed-aa7c-7003bca91a86,4908,MV0001-05452,Cover And Packing,COMP-1768374767907-73hq6hda8,801.001,Clean Ballast Pumps,SP-801.001-452,CONSUME,-1,4,480b40d0-04bd-4590-a936-2f879b867977,Consumed for WO UWO-653.004.05-2024-557,UWO-653.004.05-2024-557,01-Nov-2024 00:00,UTC,
2113,2024-11-01 00:00:00,7440571a-841a-11ed-aa7c-7003bca91a86,5477,MV0001-06021,Impeller Washer,COMP-1768374767795-1qyq8qvkb,721.001.02,Main Sw Cooling Pumps No.02,SP-721.001.01-1021,CONSUME,-1,4,2nd Officer,Consumed during maintenance - UWO-285.001.01-2024-872,UWO-285.001.01-2024-872,01-Nov-2024,UTC,
2833,2024-10-31 00:00:00,7440571a-841a-11ed-aa7c-7003bca91a86,5182,MV0001-05726,Sight Glass,COMP-1768374768525-zyps62yum,712.011.02,LO Separators No.02,SP-702.005.01-726,CONSUME,-2,0,Chief Engineer,Consumed during maintenance - UWO-601.026.05-2024-568,UWO-601.026.05-2024-568,31-Oct-2024,UTC,
282,2024-10-28 00:00:00,7440571a-841a-11ed-aa7c-7003bca91a86,4769,MV0001-05313,Foot,COMP-1768374767899-slkigc1i8,665.001,"Emergency Generator Aggregates, Complete",SP-665.001-313,CONSUME,-2,2,056a433e-b880-43c6-9d59-b1cfe71a4014,Consumed for WO UWO-601.066-2024-877,UWO-601.066-2024-877,28-Oct-2024 00:00,UTC,
2966,2024-10-28 00:00:00,7440571a-841a-11ed-aa7c-7003bca91a86,5187,MV0001-05731,O-Ring,COMP-1768374768525-zyps62yum,712.011.02,LO Separators No.02,SP-702.005.01-731,CONSUME,-2,0,Chief Engineer,Consumed during maintenance - MKR-IN-00072-285.001.10-2024-255,MKR-IN-00072-285.001.10-2024-255,28-Oct-2024,UTC,
281,2024-10-27 00:00:00,7440571a-841a-11ed-aa7c-7003bca91a86,4590,MV0001-05134,O-Ring,COMP-1768374767802-sjje0yq3o,403.001,"Steering Gears, Complete",SP-403.001-134,CONSUME,-2,3,056a433e-b880-43c6-9d59-b1cfe71a4014,Consumed for WO UWO-601.005.03-2024-500,UWO-601.005.03-2024-500,27-Oct-2024 00:00,UTC,
2340,2024-10-27 00:00:00,7440571a-841a-11ed-aa7c-7003bca91a86,4843,MV0001-05387,Bearing Cover,COMP-1768374767907-73hq6hda8,801.001,Clean Ballast Pumps,SP-801.001-387,CONSUME,-2,3,2nd Engineer,Consumed during maintenance - UWO-601.005.03-2024-500,UWO-601.005.03-2024-500,27-Oct-2024,UTC,
3024,2024-10-26 00:00:00,7440571a-841a-11ed-aa7c-7003bca91a86,4930,MV0001-05474,Anode Rods,COMP-1768374767914-980b44ij3,278.010.02,Impressed Current Systems No.02,SP-278.010.01-474,CONSUME,-2,4,4th Engineer,Consumed during maintenance - MKR-IN-00071-278.010.02-2024-167,MKR-IN-00071-278.010.02-2024-167,26-Oct-2024,UTC,
2056,2024-10-25 00:00:00,7440571a-841a-11ed-aa7c-7003bca91a86,4653,MV0001-05197,Special Bolt With Wire Hole,COMP-1768374767827-g6k9lk4to,601.016,ME Tiebolts,SP-601.016-197,CONSUME,-2,3,3rd Engineer,Consumed during maintenance - WO-702.005.02-2024-249,WO-702.005.02-2024-249,25-Oct-2024,UTC,
280,2024-10-24 00:00:00,7440571a-841a-11ed-aa7c-7003bca91a86,4799,MV0001-05343,PMG Pillar,COMP-1768374767899-slkigc1i8,665.001,"Emergency Generator Aggregates, Complete",SP-665.001-343,CONSUME,-1,4,480b40d0-04bd-4590-a936-2f879b867977,Consumed for WO UWO-653.004.02-2024-855,UWO-653.004.02-2024-855,24-Oct-2024 00:00,UTC,
2421,2024-10-24 00:00:00,7440571a-841a-11ed-aa7c-7003bca91a86,5266,MV0001-05810,Packing,COMP-1768374768525-zyps62yum,712.011.02,LO Separators No.02,SP-702.005.01-810,CONSUME,-2,3,4th Engineer,Consumed during maintenance - UWO-653.004.02-2024-855,UWO-653.004.02-2024-855,24-Oct-2024,UTC,
2422,2024-10-24 00:00:00,7440571a-841a-11ed-aa7c-7003bca91a86,4614,MV0001-05158,Leistritz Pump Cartridge,COMP-1768374767802-sjje0yq3o,403.001,"Steering Gears, Complete",SP-403.001-158,CONSUME,-2,3,4th Engineer,Consumed during maintenance - UWO-653.004.02-2024-855,UWO-653.004.02-2024-855,24-Oct-2024,UTC,
2250,2024-10-22 00:00:00,7440571a-841a-11ed-aa7c-7003bca91a86,4794,MV0001-05338,Automatic Voltage Regulator Anti-Vibration Mount,COMP-1768374767899-slkigc1i8,665.001,"Emergency Generator Aggregates, Complete",SP-665.001-338,CONSUME,-1,4,Chief Engineer,Consumed during maintenance - MKR-IN-00086-652.018-2024-092,MKR-IN-00086-652.018-2024-092,22-Oct-2024,UTC,
2337,2024-10-21 00:00:00,7440571a-841a-11ed-aa7c-7003bca91a86,4849,MV0001-05393,Coupling Key,COMP-1768374767907-73hq6hda8,801.001,Clean Ballast Pumps,SP-801.001-393,CONSUME,-1,4,4th Engineer,Consumed during maintenance - MKR-IN-00080-651.002.01-2024-505,MKR-IN-00080-651.002.01-2024-505,21-Oct-2024,UTC,
2338,2024-10-21 00:00:00,7440571a-841a-11ed-aa7c-7003bca91a86,4815,MV0001-05359,Frame Cover Bottom,COMP-1768374767899-slkigc1i8,665.001,"Emergency Generator Aggregates, Complete",SP-665.001-359,CONSUME,-1,0,4th Engineer,Consumed during maintenance - MKR-IN-00080-651.002.01-2024-505,MKR-IN-00080-651.002.01-2024-505,21-Oct-2024,UTC,
2339,2024-10-21 00:00:00,7440571a-841a-11ed-aa7c-7003bca91a86,4781,MV0001-05325,Varistor,COMP-1768374767899-slkigc1i8,665.001,"Emergency Generator Aggregates, Complete",SP-665.001-325,CONSUME,-2,3,4th Engineer,Consumed during maintenance - MKR-IN-00080-651.002.01-2024-505,MKR-IN-00080-651.002.01-2024-505,21-Oct-2024,UTC,
278,2024-10-18 00:00:00,7440571a-841a-11ed-aa7c-7003bca91a86,4911,MV0001-05455,Coupling,COMP-1768374767907-73hq6hda8,801.001,Clean Ballast Pumps,SP-801.001-455,CONSUME,-1,4,228b5256-5bd2-4bf3-826f-c6fe76571449,Consumed for WO WO-702.005.02-2024-246,WO-702.005.02-2024-246,18-Oct-2024 00:00,UTC,
279,2024-10-18 00:00:00,7440571a-841a-11ed-aa7c-7003bca91a86,4787,MV0001-05331,Main Terminal Panel,COMP-1768374767899-slkigc1i8,665.001,"Emergency Generator Aggregates, Complete",SP-665.001-331,CONSUME,-2,3,056a433e-b880-43c6-9d59-b1cfe71a4014,Consumed for WO UWO-411-2024-757,UWO-411-2024-757,18-Oct-2024 00:00,UTC,
2017,2024-10-18 00:00:00,7440571a-841a-11ed-aa7c-7003bca91a86,5152,MV0001-05696,"Coupling, Front",COMP-1768374768462-uelez69lg,653.004.06,AE3 Pistons And Connecting Rod No.06,SP-651.004.01-696,CONSUME,-1,4,3rd Engineer,Consumed during maintenance - WO-702.005.02-2024-248,WO-702.005.02-2024-248,18-Oct-2024,UTC,
277,2024-10-16 00:00:00,7440571a-841a-11ed-aa7c-7003bca91a86,4485,MV0001-05029,Bolt,COMP-1768374767799-zs6hrf8cm,401.005,Rudders W/Nozzle,SP-401.005-029,CONSUME,-1,2,977621de-77d7-4892-ae27-adaebcc27d0b,Consumed for WO UWO-702.010.01-2024-550,UWO-702.010.01-2024-550,16-Oct-2024 00:00,UTC,
1997,2024-10-16 00:00:00,7440571a-841a-11ed-aa7c-7003bca91a86,5149,MV0001-05693,Split Pin,COMP-1768374768462-uelez69lg,653.004.06,AE3 Pistons And Connecting Rod No.06,SP-651.004.01-693,CONSUME,-2,3,3rd Engineer,Consumed during maintenance - UWO-702.010.01-2024-550,UWO-702.010.01-2024-550,16-Oct-2024,UTC,
1998,2024-10-16 00:00:00,7440571a-841a-11ed-aa7c-7003bca91a86,5244,MV0001-05788,Pin,COMP-1768374768525-zyps62yum,712.011.02,LO Separators No.02,SP-702.005.01-788,CONSUME,-1,4,3rd Engineer,Consumed during maintenance - UWO-702.010.01-2024-550,UWO-702.010.01-2024-550,16-Oct-2024,UTC,
276,2024-10-15 00:00:00,7440571a-841a-11ed-aa7c-7003bca91a86,4665,MV0001-05209,"Oil Scraper, In Two Parts, Complete",COMP-1768374767834-dbncpiany,601.053,ME Turbochargers,SP-601.053-209,CONSUME,-1,4,228b5256-5bd2-4bf3-826f-c6fe76571449,Consumed for WO UWO-651.003.02-2024-750,UWO-651.003.02-2024-750,15-Oct-2024 00:00,UTC,
2597,2024-10-15 00:00:00,7440571a-841a-11ed-aa7c-7003bca91a86,5567,MV0001-06111,O-Ring,COMP-1768374768550-hmn480hin,721.003.02,Aux. Sw Cooling Pumps No.02,SP-721.003.01-1111,CONSUME,-1,1,2nd Engineer,Consumed during maintenance - UWO-651.003.02-2024-750,UWO-651.003.02-2024-750,15-Oct-2024,UTC,
2598,2024-10-15 00:00:00,7440571a-841a-11ed-aa7c-7003bca91a86,4647,MV0001-05191,Tie-Rod Complete,COMP-1768374767827-g6k9lk4to,601.016,ME Tiebolts,SP-601.016-191,CONSUME,-1,4,2nd Engineer,Consumed during maintenance - UWO-651.003.02-2024-750,UWO-651.003.02-2024-750,15-Oct-2024,UTC,
1315,2024-10-13 00:00:00,7440571a-841a-11ed-aa7c-7003bca91a86,4676,MV0001-05220,Bolt,COMP-1768374767834-dbncpiany,601.053,ME Turbochargers,SP-601.053-220,RECEIVE,4,17,228b5256-5bd2-4bf3-826f-c6fe76571449,Received from MarineSpares Int. at Suez,PO-2024-9254,13-Oct-2024 00:00,UTC,Suez
1316,2024-10-13 00:00:00,7440571a-841a-11ed-aa7c-7003bca91a86,4514,MV0001-05058,Reamer Bolt,COMP-1768374767799-zs6hrf8cm,401.005,Rudders W/Nozzle,SP-401.005-058,RECEIVE,2,12,228b5256-5bd2-4bf3-826f-c6fe76571449,Received from MarineSpares Int. at Suez,PO-2024-0027,13-Oct-2024 00:00,UTC,Suez
1317,2024-10-13 00:00:00,7440571a-841a-11ed-aa7c-7003bca91a86,4541,MV0001-05085,Pipe Fitting,COMP-1768374767802-sjje0yq3o,403.001,"Steering Gears, Complete",SP-403.001-085,RECEIVE,5,12,228b5256-5bd2-4bf3-826f-c6fe76571449,Received from MarineSpares Int. at Suez,PO-2024-5582,13-Oct-2024 00:00,UTC,Suez
1318,2024-10-13 00:00:00,7440571a-841a-11ed-aa7c-7003bca91a86,4561,MV0001-05105,Washer,COMP-1768374767802-sjje0yq3o,403.001,"Steering Gears, Complete",SP-403.001-105,RECEIVE,5,11,228b5256-5bd2-4bf3-826f-c6fe76571449,Received from MarineSpares Int. at Suez,PO-2024-3053,13-Oct-2024 00:00,UTC,Suez
1319,2024-10-13 00:00:00,7440571a-841a-11ed-aa7c-7003bca91a86,4601,MV0001-05145,Spring,COMP-1768374767802-sjje0yq3o,403.001,"Steering Gears, Complete",SP-403.001-145,RECEIVE,2,18,228b5256-5bd2-4bf3-826f-c6fe76571449,Received from MarineSpares Int. at Suez,PO-2024-7441,13-Oct-2024 00:00,UTC,Suez
1320,2024-10-13 00:00:00,7440571a-841a-11ed-aa7c-7003bca91a86,4609,MV0001-05153,Plug,COMP-1768374767802-sjje0yq3o,403.001,"Steering Gears, Complete",SP-403.001-153,RECEIVE,5,12,228b5256-5bd2-4bf3-826f-c6fe76571449,Received from MarineSpares Int. at Suez,PO-2024-8608,13-Oct-2024 00:00,UTC,Suez
1321,2024-10-13 00:00:00,7440571a-841a-11ed-aa7c-7003bca91a86,4640,MV0001-05184,Fuse,COMP-1768374767815-k5anrfi02,554.001,Provision Cooling Compressor Aggregates,SP-554.001-184,RECEIVE,1,9,228b5256-5bd2-4bf3-826f-c6fe76571449,Received from MarineSpares Int. at Suez,PO-2024-5033,13-Oct-2024 00:00,UTC,Suez
1322,2024-10-13 00:00:00,7440571a-841a-11ed-aa7c-7003bca91a86,4648,MV0001-05192,Tie-Rod,COMP-1768374767827-g6k9lk4to,601.016,ME Tiebolts,SP-601.016-192,RECEIVE,2,7,228b5256-5bd2-4bf3-826f-c6fe76571449,Received from MarineSpares Int. at Suez,PO-2024-7591,13-Oct-2024 00:00,UTC,Suez
1323,2024-10-13 00:00:00,7440571a-841a-11ed-aa7c-7003bca91a86,4671,MV0001-05215,Bolt,COMP-1768374767834-dbncpiany,601.053,ME Turbochargers,SP-601.053-215,RECEIVE,4,8,228b5256-5bd2-4bf3-826f-c6fe76571449,Received from MarineSpares Int. at Suez,PO-2024-6310,13-Oct-2024 00:00,UTC,Suez
1324,2024-10-13 00:00:00,7440571a-841a-11ed-aa7c-7003bca91a86,4673,MV0001-05217,Bolt,COMP-1768374767834-dbncpiany,601.053,ME Turbochargers,SP-601.053-217,RECEIVE,2,19,228b5256-5bd2-4bf3-826f-c6fe76571449,Received from MarineSpares Int. at Suez,PO-2024-6822,13-Oct-2024 00:00,UTC,Suez
1325,2024-10-13 00:00:00,7440571a-841a-11ed-aa7c-7003bca91a86,4685,MV0001-05229,Thread End Taper Pin,COMP-1768374767834-dbncpiany,601.053,ME Turbochargers,SP-601.053-229,RECEIVE,2,15,228b5256-5bd2-4bf3-826f-c6fe76571449,Received from MarineSpares Int. at Suez,PO-2024-2153,13-Oct-2024 00:00,UTC,Suez
1326,2024-10-13 00:00:00,7440571a-841a-11ed-aa7c-7003bca91a86,4693,MV0001-05237,Expansion Joint,COMP-1768374767837-m3bhk56ru,601.059,ME Exhaust Gas Manifolds/Pipes W/Insulation,SP-601.059-237,RECEIVE,2,13,228b5256-5bd2-4bf3-826f-c6fe76571449,Received from MarineSpares Int. at Suez,PO-2024-5267,13-Oct-2024 00:00,UTC,Suez
1327,2024-10-13 00:00:00,7440571a-841a-11ed-aa7c-7003bca91a86,4715,MV0001-05259,Ball Bearing,COMP-1768374767899-slkigc1i8,665.001,"Emergency Generator Aggregates, Complete",SP-665.001-259,RECEIVE,5,32,228b5256-5bd2-4bf3-826f-c6fe76571449,Received from MarineSpares Int. at Suez,PO-2024-4371,13-Oct-2024 00:00,UTC,Suez
1328,2024-10-13 00:00:00,7440571a-841a-11ed-aa7c-7003bca91a86,4719,MV0001-05263,Exciter Rotor,COMP-1768374767899-slkigc1i8,665.001,"Emergency Generator Aggregates, Complete",SP-665.001-263,RECEIVE,4,13,228b5256-5bd2-4bf3-826f-c6fe76571449,Received from MarineSpares Int. at Suez,PO-2024-9127,13-Oct-2024 00:00,UTC,Suez
1329,2024-10-13 00:00:00,7440571a-841a-11ed-aa7c-7003bca91a86,4722,MV0001-05266,Cover Non Drive End,COMP-1768374767899-slkigc1i8,665.001,"Emergency Generator Aggregates, Complete",SP-665.001-266,RECEIVE,1,9,228b5256-5bd2-4bf3-826f-c6fe76571449,Received from MarineSpares Int. at Suez,PO-2024-9567,13-Oct-2024 00:00,UTC,Suez
1330,2024-10-13 00:00:00,7440571a-841a-11ed-aa7c-7003bca91a86,4727,MV0001-05271,Drive End Screen,COMP-1768374767899-slkigc1i8,665.001,"Emergency Generator Aggregates, Complete",SP-665.001-271,RECEIVE,5,14,228b5256-5bd2-4bf3-826f-c6fe76571449,Received from MarineSpares Int. at Suez,PO-2024-7292,13-Oct-2024 00:00,UTC,Suez
1331,2024-10-13 00:00:00,7440571a-841a-11ed-aa7c-7003bca91a86,4749,MV0001-05293,Terminal Link,COMP-1768374767899-slkigc1i8,665.001,"Emergency Generator Aggregates, Complete",SP-665.001-293,RECEIVE,3,10,228b5256-5bd2-4bf3-826f-c6fe76571449,Received from MarineSpares Int. at Suez,PO-2024-9518,13-Oct-2024 00:00,UTC,Suez
1332,2024-10-13 00:00:00,7440571a-841a-11ed-aa7c-7003bca91a86,4764,MV0001-05308,Bearing Non Drive End,COMP-1768374767899-slkigc1i8,665.001,"Emergency Generator Aggregates, Complete",SP-665.001-308,RECEIVE,4,7,228b5256-5bd2-4bf3-826f-c6fe76571449,Received from MarineSpares Int. at Suez,PO-2024-7012,13-Oct-2024 00:00,UTC,Suez
1333,2024-10-13 00:00:00,7440571a-841a-11ed-aa7c-7003bca91a86,4782,MV0001-05326,Diode-Forward Polarity,COMP-1768374767899-slkigc1i8,665.001,"Emergency Generator Aggregates, Complete",SP-665.001-326,RECEIVE,3,13,228b5256-5bd2-4bf3-826f-c6fe76571449,Received from MarineSpares Int. at Suez,PO-2024-1455,13-Oct-2024 00:00,UTC,Suez
1334,2024-10-13 00:00:00,7440571a-841a-11ed-aa7c-7003bca91a86,4786,MV0001-05330,Frame To End Bracket Adaptor Ring,COMP-1768374767899-slkigc1i8,665.001,"Emergency Generator Aggregates, Complete",SP-665.001-330,RECEIVE,1,11,228b5256-5bd2-4bf3-826f-c6fe76571449,Received from MarineSpares Int. at Suez,PO-2024-2588,13-Oct-2024 00:00,UTC,Suez
1335,2024-10-13 00:00:00,7440571a-841a-11ed-aa7c-7003bca91a86,4793,MV0001-05337,Automatic Voltage Regulator Access Cover,COMP-1768374767899-slkigc1i8,665.001,"Emergency Generator Aggregates, Complete",SP-665.001-337,RECEIVE,1,8,228b5256-5bd2-4bf3-826f-c6fe76571449,Received from MarineSpares Int. at Suez,PO-2024-5655,13-Oct-2024 00:00,UTC,Suez
1336,2024-10-13 00:00:00,7440571a-841a-11ed-aa7c-7003bca91a86,4796,MV0001-05340,PMG Exciter Rotor,COMP-1768374767899-slkigc1i8,665.001,"Emergency Generator Aggregates, Complete",SP-665.001-340,RECEIVE,2,11,228b5256-5bd2-4bf3-826f-c6fe76571449,Received from MarineSpares Int. at Suez,PO-2024-8125,13-Oct-2024 00:00,UTC,Suez
1337,2024-10-13 00:00:00,7440571a-841a-11ed-aa7c-7003bca91a86,4812,MV0001-05356,Drive End Screen,COMP-1768374767899-slkigc1i8,665.001,"Emergency Generator Aggregates, Complete",SP-665.001-356,RECEIVE,2,6,228b5256-5bd2-4bf3-826f-c6fe76571449,Received from MarineSpares Int. at Suez,PO-2024-7763,13-Oct-2024 00:00,UTC,Suez
1338,2024-10-13 00:00:00,7440571a-841a-11ed-aa7c-7003bca91a86,4842,MV0001-05386,Bearing Cover,COMP-1768374767907-73hq6hda8,801.001,Clean Ballast Pumps,SP-801.001-386,RECEIVE,4,10,228b5256-5bd2-4bf3-826f-c6fe76571449,Received from MarineSpares Int. at Suez,PO-2024-3866,13-Oct-2024 00:00,UTC,Suez
1339,2024-10-13 00:00:00,7440571a-841a-11ed-aa7c-7003bca91a86,4849,MV0001-05393,Coupling Key,COMP-1768374767907-73hq6hda8,801.001,Clean Ballast Pumps,SP-801.001-393,RECEIVE,4,22,228b5256-5bd2-4bf3-826f-c6fe76571449,Received from MarineSpares Int. at Suez,PO-2024-0323,13-Oct-2024 00:00,UTC,Suez
1340,2024-10-13 00:00:00,7440571a-841a-11ed-aa7c-7003bca91a86,4855,MV0001-05399,Flinger,COMP-1768374767907-73hq6hda8,801.001,Clean Ballast Pumps,SP-801.001-399,RECEIVE,1,11,228b5256-5bd2-4bf3-826f-c6fe76571449,Received from MarineSpares Int. at Suez,PO-2024-0953,13-Oct-2024 00:00,UTC,Suez
1341,2024-10-13 00:00:00,7440571a-841a-11ed-aa7c-7003bca91a86,4872,MV0001-05416,Split Ring,COMP-1768374767907-73hq6hda8,801.001,Clean Ballast Pumps,SP-801.001-416,RECEIVE,4,11,228b5256-5bd2-4bf3-826f-c6fe76571449,Received from MarineSpares Int. at Suez,PO-2024-0437,13-Oct-2024 00:00,UTC,Suez
1342,2024-10-13 00:00:00,7440571a-841a-11ed-aa7c-7003bca91a86,4892,MV0001-05436,Sleeve,COMP-1768374767907-73hq6hda8,801.001,Clean Ballast Pumps,SP-801.001-436,RECEIVE,1,18,228b5256-5bd2-4bf3-826f-c6fe76571449,Received from MarineSpares Int. at Suez,PO-2024-9797,13-Oct-2024 00:00,UTC,Suez
1343,2024-10-13 00:00:00,7440571a-841a-11ed-aa7c-7003bca91a86,4911,MV0001-05455,Coupling,COMP-1768374767907-73hq6hda8,801.001,Clean Ballast Pumps,SP-801.001-455,RECEIVE,1,13,228b5256-5bd2-4bf3-826f-c6fe76571449,Received from MarineSpares Int. at Suez,PO-2024-8730,13-Oct-2024 00:00,UTC,Suez
1344,2024-10-13 00:00:00,7440571a-841a-11ed-aa7c-7003bca91a86,4928,MV0001-05472,Mechanical Seal Assembling Tool,COMP-1768374767907-73hq6hda8,801.001,Clean Ballast Pumps,SP-801.001-472,RECEIVE,2,17,228b5256-5bd2-4bf3-826f-c6fe76571449,Received from MarineSpares Int. at Suez,PO-2024-5655,13-Oct-2024 00:00,UTC,Suez
1345,2024-10-13 00:00:00,7440571a-841a-11ed-aa7c-7003bca91a86,4930,MV0001-05474,Anode Rods,COMP-1768374767914-980b44ij3,278.010.02,Impressed Current Systems No.02,SP-278.010.01-474,RECEIVE,1,13,228b5256-5bd2-4bf3-826f-c6fe76571449,Received from MarineSpares Int. at Suez,PO-2024-0086,13-Oct-2024 00:00,UTC,Suez
1346,2024-10-13 00:00:00,7440571a-841a-11ed-aa7c-7003bca91a86,4952,MV0001-05496,Piston Ring,COMP-1768374767967-jb4k6wuji,554.003.02,Compressors W/Drive Unit No.02,SP-554.003.01-496,RECEIVE,2,13,228b5256-5bd2-4bf3-826f-c6fe76571449,Received from MarineSpares Int. at Suez,PO-2024-4552,13-Oct-2024 00:00,UTC,Suez
2073,2024-10-11 00:00:00,7440571a-841a-11ed-aa7c-7003bca91a86,5290,MV0001-05834,Spring Washer,COMP-1768374768525-zyps62yum,712.011.02,LO Separators No.02,SP-702.005.01-834,CONSUME,-2,3,3rd Engineer,Consumed during maintenance - WO-702.005.02-2024-247,WO-702.005.02-2024-247,11-Oct-2024,UTC,
275,2024-10-10 00:00:00,7440571a-841a-11ed-aa7c-7003bca91a86,4671,MV0001-05215,Bolt,COMP-1768374767834-dbncpiany,601.053,ME Turbochargers,SP-601.053-215,CONSUME,-1,4,6084f3b8-85dc-462a-b045-111d2b2e6d0e,Consumed for WO WO-702.005.02-2024-245,WO-702.005.02-2024-245,10-Oct-2024 00:00,UTC,
1973,2024-10-10 00:00:00,7440571a-841a-11ed-aa7c-7003bca91a86,5096,MV0001-05640,Non Return Valve,COMP-1768374768201-mvmpi8w24,601.026.06,ME Hp Fuel Pumps No.06,SP-601.026.01-640,CONSUME,-1,4,2nd Engineer,Consumed during maintenance - MKR-IN-00063-601.004.02-2024-312,MKR-IN-00063-601.004.02-2024-312,10-Oct-2024,UTC,
2404,2024-10-10 00:00:00,7440571a-841a-11ed-aa7c-7003bca91a86,4940,MV0001-05484,Gasket,COMP-1768374767809-mr8172nux,411.002,X-Band Radar,SP-411.002-484,CONSUME,-1,3,4th Engineer,Consumed during maintenance - MKR-OV-00025-651.004.04-2024-030,MKR-OV-00025-651.004.04-2024-030,10-Oct-2024,UTC,
2452,2024-10-10 00:00:00,7440571a-841a-11ed-aa7c-7003bca91a86,4951,MV0001-05495,Suction Valve,COMP-1768374767967-jb4k6wuji,554.003.02,Compressors W/Drive Unit No.02,SP-554.003.01-495,CONSUME,-2,1,2nd Engineer,Consumed during maintenance - MKR-IN-00079-601.066.05-2024-484,MKR-IN-00079-601.066.05-2024-484,10-Oct-2024,UTC,
2298,2024-10-07 00:00:00,7440571a-841a-11ed-aa7c-7003bca91a86,5394,MV0001-05938,Diaphragm Assembly,COMP-1768374768525-zyps62yum,712.011.02,LO Separators No.02,SP-702.005.01-938,CONSUME,-1,4,2nd Engineer,Consumed during maintenance - UWO-55-2024-476,UWO-55-2024-476,07-Oct-2024,UTC,
3018,2024-10-06 00:00:00,7440571a-841a-11ed-aa7c-7003bca91a86,5126,MV0001-05670,"Main Bearing, Upper",COMP-1768374768443-sj0hmblft,653.003.06,AE3 Cylinder Liners No.06,SP-651.003.01-670,CONSUME,-2,3,2nd Engineer,Consumed during maintenance - MKR-OV-00012-601.003.01-2024-287,MKR-OV-00012-601.003.01-2024-287,06-Oct-2024,UTC,
274,2024-10-05 00:00:00,7440571a-841a-11ed-aa7c-7003bca91a86,4918,MV0001-05462,Bearing,COMP-1768374767907-73hq6hda8,801.001,Clean Ballast Pumps,SP-801.001-462,CONSUME,-2,2,228b5256-5bd2-4bf3-826f-c6fe76571449,Consumed for WO WO-653.003.06-2024-372,WO-653.003.06-2024-372,05-Oct-2024 00:00,UTC,
2570,2024-10-05 00:00:00,7440571a-841a-11ed-aa7c-7003bca91a86,4643,MV0001-05187,Magnetic Contactor,COMP-1768374767815-k5anrfi02,554.001,Provision Cooling Compressor Aggregates,SP-554.001-187,CONSUME,-1,4,Chief Engineer,Consumed during maintenance - MKR-IN-00080-651.002.03-2024-521,MKR-IN-00080-651.002.03-2024-521,05-Oct-2024,UTC,
2571,2024-10-05 00:00:00,7440571a-841a-11ed-aa7c-7003bca91a86,4573,MV0001-05117,O-Ring,COMP-1768374767802-sjje0yq3o,403.001,"Steering Gears, Complete",SP-403.001-117,CONSUME,-1,4,Chief Engineer,Consumed during maintenance - MKR-IN-00080-651.002.03-2024-521,MKR-IN-00080-651.002.03-2024-521,05-Oct-2024,UTC,
2572,2024-10-05 00:00:00,7440571a-841a-11ed-aa7c-7003bca91a86,5338,MV0001-05882,Collar,COMP-1768374768525-zyps62yum,712.011.02,LO Separators No.02,SP-702.005.01-882,CONSUME,-2,2,Chief Engineer,Consumed during maintenance - MKR-IN-00080-651.002.03-2024-521,MKR-IN-00080-651.002.03-2024-521,05-Oct-2024,UTC,
273,2024-10-04 00:00:00,7440571a-841a-11ed-aa7c-7003bca91a86,4833,MV0001-05377,Edging Strip,COMP-1768374767899-slkigc1i8,665.001,"Emergency Generator Aggregates, Complete",SP-665.001-377,CONSUME,-2,3,480b40d0-04bd-4590-a936-2f879b867977,Consumed for WO UWO-653.007.05-2024-640,UWO-653.007.05-2024-640,04-Oct-2024 00:00,UTC,
2070,2024-10-04 00:00:00,7440571a-841a-11ed-aa7c-7003bca91a86,5395,MV0001-05939,Valve Body,COMP-1768374768525-zyps62yum,712.011.02,LO Separators No.02,SP-702.005.01-939,CONSUME,-1,4,4th Engineer,Consumed during maintenance - UWO-653.007.05-2024-640,UWO-653.007.05-2024-640,04-Oct-2024,UTC,
2071,2024-10-04 00:00:00,7440571a-841a-11ed-aa7c-7003bca91a86,4588,MV0001-05132,Cyl. Head Screw,COMP-1768374767802-sjje0yq3o,403.001,"Steering Gears, Complete",SP-403.001-132,CONSUME,-1,4,4th Engineer,Consumed during maintenance - UWO-653.007.05-2024-640,UWO-653.007.05-2024-640,04-Oct-2024,UTC,
2072,2024-10-04 00:00:00,7440571a-841a-11ed-aa7c-7003bca91a86,5476,MV0001-06020,Mouth Ring,COMP-1768374767795-1qyq8qvkb,721.001.02,Main Sw Cooling Pumps No.02,SP-721.001.01-1020,CONSUME,-1,4,4th Engineer,Consumed during maintenance - UWO-653.007.05-2024-640,UWO-653.007.05-2024-640,04-Oct-2024,UTC,
2503,2024-10-04 00:00:00,7440571a-841a-11ed-aa7c-7003bca91a86,5188,MV0001-05732,Plug,COMP-1768374768525-zyps62yum,712.011.02,LO Separators No.02,SP-702.005.01-732,CONSUME,-2,3,2nd Officer,Consumed during maintenance - UWO-285.001.07-2024-817,UWO-285.001.07-2024-817,04-Oct-2024,UTC,
2527,2024-10-03 00:00:00,7440571a-841a-11ed-aa7c-7003bca91a86,5487,MV0001-06031,Set Bolt-M,COMP-1768374767795-1qyq8qvkb,721.001.02,Main Sw Cooling Pumps No.02,SP-721.001.01-1031,CONSUME,-2,3,4th Engineer,Consumed during maintenance - MKR-IN-00063-601.004.04-2024-352,MKR-IN-00063-601.004.04-2024-352,03-Oct-2024,UTC,
272,2024-10-01 00:00:00,7440571a-841a-11ed-aa7c-7003bca91a86,4472,MV0001-05016,Deck Seal,COMP-1768374767799-zs6hrf8cm,401.005,Rudders W/Nozzle,SP-401.005-016,CONSUME,-1,4,056a433e-b880-43c6-9d59-b1cfe71a4014,Consumed for WO UWO-651.004.05-2024-474,UWO-651.004.05-2024-474,01-Oct-2024 00:00,UTC,
2816,2024-10-01 00:00:00,7440571a-841a-11ed-aa7c-7003bca91a86,4800,MV0001-05344,PMG Clamp,COMP-1768374767899-slkigc1i8,665.001,"Emergency Generator Aggregates, Complete",SP-665.001-344,CONSUME,-2,0,Chief Engineer,Consumed during maintenance - MKR-IN-00063-601.004.04-2024-345,MKR-IN-00063-601.004.04-2024-345,01-Oct-2024,UTC,
271,2024-09-30 00:00:00,7440571a-841a-11ed-aa7c-7003bca91a86,4488,MV0001-05032,O-Ring,COMP-1768374767799-zs6hrf8cm,401.005,Rudders W/Nozzle,SP-401.005-032,CONSUME,-2,2,228b5256-5bd2-4bf3-826f-c6fe76571449,Consumed for WO WO-651.003.01-2024-336,WO-651.003.01-2024-336,30-Sep-2024 00:00,UTC,
2164,2024-09-25 00:00:00,7440571a-841a-11ed-aa7c-7003bca91a86,4939,MV0001-05483,O-Ring,COMP-1768374767809-mr8172nux,411.002,X-Band Radar,SP-411.002-483,CONSUME,-2,7,2nd Officer,Consumed during maintenance - WO-411.002-2024-405,WO-411.002-2024-405,25-Sep-2024,UTC,
2165,2024-09-25 00:00:00,7440571a-841a-11ed-aa7c-7003bca91a86,4940,MV0001-05484,Gasket,COMP-1768374767809-mr8172nux,411.002,X-Band Radar,SP-411.002-484,CONSUME,-1,7,2nd Officer,Consumed during maintenance - WO-411.002-2024-405,WO-411.002-2024-405,25-Sep-2024,UTC,
2036,2024-09-24 00:00:00,7440571a-841a-11ed-aa7c-7003bca91a86,5408,MV0001-05952,Pressure Gauge,COMP-1768374768525-zyps62yum,712.011.02,LO Separators No.02,SP-702.005.01-952,CONSUME,-1,4,2nd Officer,Consumed during maintenance - UWO-285.001.08-2024-563,UWO-285.001.08-2024-563,24-Sep-2024,UTC,
2894,2024-09-22 00:00:00,7440571a-841a-11ed-aa7c-7003bca91a86,5401,MV0001-05945,Terminal Box,COMP-1768374768525-zyps62yum,712.011.02,LO Separators No.02,SP-702.005.01-945,CONSUME,-2,3,2nd Engineer,Consumed during maintenance - MKR-IN-00080-652.002.01-2024-604,MKR-IN-00080-652.002.01-2024-604,22-Sep-2024,UTC,
2153,2024-09-20 00:00:00,7440571a-841a-11ed-aa7c-7003bca91a86,5012,MV0001-05556,Discharge Valve,COMP-1768374767967-jb4k6wuji,554.003.02,Compressors W/Drive Unit No.02,SP-554.003.01-556,CONSUME,-1,4,3rd Engineer,Consumed during maintenance - WO-702.005.02-2024-244,WO-702.005.02-2024-244,20-Sep-2024,UTC,
270,2024-09-17 00:00:00,7440571a-841a-11ed-aa7c-7003bca91a86,4735,MV0001-05279,End panel Drive End,COMP-1768374767899-slkigc1i8,665.001,"Emergency Generator Aggregates, Complete",SP-665.001-279,CONSUME,-1,4,480b40d0-04bd-4590-a936-2f879b867977,Consumed for WO UWO-601.004.06-2024-659,UWO-601.004.06-2024-659,17-Sep-2024 00:00,UTC,
2001,2024-09-17 00:00:00,7440571a-841a-11ed-aa7c-7003bca91a86,5074,MV0001-05618,Gasket,COMP-1768374768143-4kulzp9vp,601.004.06,"ME Pistons, Piston Rods No.06",SP-601.004.01-618,CONSUME,-1,9,2nd Engineer,Consumed during maintenance - UWO-601.004.06-2024-659,UWO-601.004.06-2024-659,17-Sep-2024,UTC,
2002,2024-09-17 00:00:00,7440571a-841a-11ed-aa7c-7003bca91a86,5073,MV0001-05617,O-Ring,COMP-1768374768143-4kulzp9vp,601.004.06,"ME Pistons, Piston Rods No.06",SP-601.004.01-617,CONSUME,-1,8,2nd Engineer,Consumed during maintenance - UWO-601.004.06-2024-659,UWO-601.004.06-2024-659,17-Sep-2024,UTC,
3002,2024-09-15 00:00:00,7440571a-841a-11ed-aa7c-7003bca91a86,4730,MV0001-05274,Foot,COMP-1768374767899-slkigc1i8,665.001,"Emergency Generator Aggregates, Complete",SP-665.001-274,CONSUME,-1,4,3rd Engineer,Consumed during maintenance - WO-702.005.02-2024-243,WO-702.005.02-2024-243,15-Sep-2024,UTC,
3001,2024-09-15 00:00:00,7440571a-841a-11ed-aa7c-7003bca91a86,4512,MV0001-05056,"Stud Bolt, Nut",COMP-1768374767799-zs6hrf8cm,401.005,Rudders W/Nozzle,SP-401.005-056,CONSUME,-2,3,3rd Engineer,Consumed during maintenance - WO-702.005.02-2024-243,WO-702.005.02-2024-243,15-Sep-2024,UTC,
2008,2024-09-15 00:00:00,7440571a-841a-11ed-aa7c-7003bca91a86,4938,MV0001-05482,Gasket,COMP-1768374767805-z4lpo0038,411.001,S-Band Radar,SP-411.001-482,CONSUME,-2,8,2nd Officer,Consumed during maintenance - WO-411.001-2024-397,WO-411.001-2024-397,15-Sep-2024,UTC,
2009,2024-09-15 00:00:00,7440571a-841a-11ed-aa7c-7003bca91a86,4937,MV0001-05481,O-Ring,COMP-1768374767805-z4lpo0038,411.001,S-Band Radar,SP-411.001-481,CONSUME,-1,9,2nd Officer,Consumed during maintenance - WO-411.001-2024-397,WO-411.001-2024-397,15-Sep-2024,UTC,
2313,2024-09-15 00:00:00,7440571a-841a-11ed-aa7c-7003bca91a86,4606,MV0001-05150,Plug,COMP-1768374767802-sjje0yq3o,403.001,"Steering Gears, Complete",SP-403.001-150,CONSUME,-1,3,2nd Engineer,Consumed during maintenance - MKR-IN-00072-285.001.07-2024-225,MKR-IN-00072-285.001.07-2024-225,15-Sep-2024,UTC,
2314,2024-09-15 00:00:00,7440571a-841a-11ed-aa7c-7003bca91a86,5141,MV0001-05685,Flywheel Assembly,COMP-1768374768462-uelez69lg,653.004.06,AE3 Pistons And Connecting Rod No.06,SP-651.004.01-685,CONSUME,-1,4,2nd Engineer,Consumed during maintenance - MKR-IN-00072-285.001.07-2024-225,MKR-IN-00072-285.001.07-2024-225,15-Sep-2024,UTC,
269,2024-09-14 00:00:00,7440571a-841a-11ed-aa7c-7003bca91a86,4679,MV0001-05223,Nut,COMP-1768374767834-dbncpiany,601.053,ME Turbochargers,SP-601.053-223,CONSUME,-2,3,480b40d0-04bd-4590-a936-2f879b867977,Consumed for WO UWO-601.002.03-2024-543,UWO-601.002.03-2024-543,14-Sep-2024 00:00,UTC,
2057,2024-09-14 00:00:00,7440571a-841a-11ed-aa7c-7003bca91a86,5432,MV0001-05976,Cylinder Cover,COMP-1768374768525-zyps62yum,712.011.02,LO Separators No.02,SP-702.005.01-976,CONSUME,-2,3,4th Engineer,Consumed during maintenance - UWO-601.002.03-2024-543,UWO-601.002.03-2024-543,14-Sep-2024,UTC,
2058,2024-09-14 00:00:00,7440571a-841a-11ed-aa7c-7003bca91a86,5533,MV0001-06077,Adjusting Spindle,COMP-1768374767795-1qyq8qvkb,721.001.02,Main Sw Cooling Pumps No.02,SP-721.001.01-1077,CONSUME,-1,4,4th Engineer,Consumed during maintenance - UWO-601.002.03-2024-543,UWO-601.002.03-2024-543,14-Sep-2024,UTC,
2059,2024-09-14 00:00:00,7440571a-841a-11ed-aa7c-7003bca91a86,4630,MV0001-05174,Freon Gas,COMP-1768374767815-k5anrfi02,554.001,Provision Cooling Compressor Aggregates,SP-554.001-174,CONSUME,-1,4,4th Engineer,Consumed during maintenance - UWO-601.002.03-2024-543,UWO-601.002.03-2024-543,14-Sep-2024,UTC,
1266,2024-09-13 00:00:00,7440571a-841a-11ed-aa7c-7003bca91a86,4837,MV0001-05381,Volute Casing,COMP-1768374767907-73hq6hda8,801.001,Clean Ballast Pumps,SP-801.001-381,RECEIVE,1,207,228b5256-5bd2-4bf3-826f-c6fe76571449,Received from MarineSpares Int. at Colombo,PO-2024-5159,13-Sep-2024 00:00,UTC,Colombo
1267,2024-09-13 00:00:00,7440571a-841a-11ed-aa7c-7003bca91a86,4471,MV0001-05015,Securing Wire,COMP-1768374767799-zs6hrf8cm,401.005,Rudders W/Nozzle,SP-401.005-015,RECEIVE,3,9,228b5256-5bd2-4bf3-826f-c6fe76571449,Received from MarineSpares Int. at Colombo,PO-2024-5618,13-Sep-2024 00:00,UTC,Colombo
1268,2024-09-13 00:00:00,7440571a-841a-11ed-aa7c-7003bca91a86,4479,MV0001-05023,Hydraulic Jack,COMP-1768374767799-zs6hrf8cm,401.005,Rudders W/Nozzle,SP-401.005-023,RECEIVE,1,15,228b5256-5bd2-4bf3-826f-c6fe76571449,Received from MarineSpares Int. at Colombo,PO-2024-7784,13-Sep-2024 00:00,UTC,Colombo
1269,2024-09-13 00:00:00,7440571a-841a-11ed-aa7c-7003bca91a86,4482,MV0001-05026,Sleeve,COMP-1768374767799-zs6hrf8cm,401.005,Rudders W/Nozzle,SP-401.005-026,RECEIVE,1,9,228b5256-5bd2-4bf3-826f-c6fe76571449,Received from MarineSpares Int. at Colombo,PO-2024-4215,13-Sep-2024 00:00,UTC,Colombo
1270,2024-09-13 00:00:00,7440571a-841a-11ed-aa7c-7003bca91a86,4483,MV0001-05027,O-Ring,COMP-1768374767799-zs6hrf8cm,401.005,Rudders W/Nozzle,SP-401.005-027,RECEIVE,1,7,228b5256-5bd2-4bf3-826f-c6fe76571449,Received from MarineSpares Int. at Colombo,PO-2024-2406,13-Sep-2024 00:00,UTC,Colombo
1271,2024-09-13 00:00:00,7440571a-841a-11ed-aa7c-7003bca91a86,4489,MV0001-05033,Jack Cylinder,COMP-1768374767799-zs6hrf8cm,401.005,Rudders W/Nozzle,SP-401.005-033,RECEIVE,2,10,228b5256-5bd2-4bf3-826f-c6fe76571449,Received from MarineSpares Int. at Colombo,PO-2024-2825,13-Sep-2024 00:00,UTC,Colombo
1272,2024-09-13 00:00:00,7440571a-841a-11ed-aa7c-7003bca91a86,4515,MV0001-05059,Nut,COMP-1768374767799-zs6hrf8cm,401.005,Rudders W/Nozzle,SP-401.005-059,RECEIVE,2,22,228b5256-5bd2-4bf3-826f-c6fe76571449,Received from MarineSpares Int. at Colombo,PO-2024-0906,13-Sep-2024 00:00,UTC,Colombo
1273,2024-09-13 00:00:00,7440571a-841a-11ed-aa7c-7003bca91a86,4521,MV0001-05065,O-Ring,COMP-1768374767799-zs6hrf8cm,401.005,Rudders W/Nozzle,SP-401.005-065,RECEIVE,3,20,228b5256-5bd2-4bf3-826f-c6fe76571449,Received from MarineSpares Int. at Colombo,PO-2024-0765,13-Sep-2024 00:00,UTC,Colombo
1274,2024-09-13 00:00:00,7440571a-841a-11ed-aa7c-7003bca91a86,4539,MV0001-05083,Rudder Angle Scale,COMP-1768374767802-sjje0yq3o,403.001,"Steering Gears, Complete",SP-403.001-083,RECEIVE,2,6,228b5256-5bd2-4bf3-826f-c6fe76571449,Received from MarineSpares Int. at Colombo,PO-2024-4030,13-Sep-2024 00:00,UTC,Colombo
1275,2024-09-13 00:00:00,7440571a-841a-11ed-aa7c-7003bca91a86,4541,MV0001-05085,Pipe Fitting,COMP-1768374767802-sjje0yq3o,403.001,"Steering Gears, Complete",SP-403.001-085,RECEIVE,3,7,228b5256-5bd2-4bf3-826f-c6fe76571449,Received from MarineSpares Int. at Colombo,PO-2024-3573,13-Sep-2024 00:00,UTC,Colombo
1276,2024-09-13 00:00:00,7440571a-841a-11ed-aa7c-7003bca91a86,4567,MV0001-05111,Cyl. Head Screw,COMP-1768374767802-sjje0yq3o,403.001,"Steering Gears, Complete",SP-403.001-111,RECEIVE,4,16,228b5256-5bd2-4bf3-826f-c6fe76571449,Received from MarineSpares Int. at Colombo,PO-2024-7884,13-Sep-2024 00:00,UTC,Colombo
1277,2024-09-13 00:00:00,7440571a-841a-11ed-aa7c-7003bca91a86,4571,MV0001-05115,Bonded Seal,COMP-1768374767802-sjje0yq3o,403.001,"Steering Gears, Complete",SP-403.001-115,RECEIVE,3,15,228b5256-5bd2-4bf3-826f-c6fe76571449,Received from MarineSpares Int. at Colombo,PO-2024-1912,13-Sep-2024 00:00,UTC,Colombo
1278,2024-09-13 00:00:00,7440571a-841a-11ed-aa7c-7003bca91a86,4577,MV0001-05121,Bonded Seal,COMP-1768374767802-sjje0yq3o,403.001,"Steering Gears, Complete",SP-403.001-121,RECEIVE,4,17,228b5256-5bd2-4bf3-826f-c6fe76571449,Received from MarineSpares Int. at Colombo,PO-2024-4620,13-Sep-2024 00:00,UTC,Colombo
1279,2024-09-13 00:00:00,7440571a-841a-11ed-aa7c-7003bca91a86,4586,MV0001-05130,End Cover,COMP-1768374767802-sjje0yq3o,403.001,"Steering Gears, Complete",SP-403.001-130,RECEIVE,3,24,228b5256-5bd2-4bf3-826f-c6fe76571449,Received from MarineSpares Int. at Colombo,PO-2024-7062,13-Sep-2024 00:00,UTC,Colombo
1280,2024-09-13 00:00:00,7440571a-841a-11ed-aa7c-7003bca91a86,4621,MV0001-05165,Stop Valve,COMP-1768374767815-k5anrfi02,554.001,Provision Cooling Compressor Aggregates,SP-554.001-165,RECEIVE,4,17,228b5256-5bd2-4bf3-826f-c6fe76571449,Received from MarineSpares Int. at Colombo,PO-2024-9889,13-Sep-2024 00:00,UTC,Colombo
1281,2024-09-13 00:00:00,7440571a-841a-11ed-aa7c-7003bca91a86,4626,MV0001-05170,W.T. Receptacle,COMP-1768374767815-k5anrfi02,554.001,Provision Cooling Compressor Aggregates,SP-554.001-170,RECEIVE,2,6,228b5256-5bd2-4bf3-826f-c6fe76571449,Received from MarineSpares Int. at Colombo,PO-2024-3431,13-Sep-2024 00:00,UTC,Colombo
1282,2024-09-13 00:00:00,7440571a-841a-11ed-aa7c-7003bca91a86,4628,MV0001-05172,Cable Junction Box,COMP-1768374767815-k5anrfi02,554.001,Provision Cooling Compressor Aggregates,SP-554.001-172,RECEIVE,1,11,228b5256-5bd2-4bf3-826f-c6fe76571449,Received from MarineSpares Int. at Colombo,PO-2024-1444,13-Sep-2024 00:00,UTC,Colombo
1283,2024-09-13 00:00:00,7440571a-841a-11ed-aa7c-7003bca91a86,4638,MV0001-05182,Fuse,COMP-1768374767815-k5anrfi02,554.001,Provision Cooling Compressor Aggregates,SP-554.001-182,RECEIVE,2,6,228b5256-5bd2-4bf3-826f-c6fe76571449,Received from MarineSpares Int. at Colombo,PO-2024-3650,13-Sep-2024 00:00,UTC,Colombo
1284,2024-09-13 00:00:00,7440571a-841a-11ed-aa7c-7003bca91a86,4650,MV0001-05194,Nut,COMP-1768374767827-g6k9lk4to,601.016,ME Tiebolts,SP-601.016-194,RECEIVE,4,11,228b5256-5bd2-4bf3-826f-c6fe76571449,Received from MarineSpares Int. at Colombo,PO-2024-6194,13-Sep-2024 00:00,UTC,Colombo
1285,2024-09-13 00:00:00,7440571a-841a-11ed-aa7c-7003bca91a86,4660,MV0001-05204,Thrust Bearing Support,COMP-1768374767834-dbncpiany,601.053,ME Turbochargers,SP-601.053-204,RECEIVE,2,9,228b5256-5bd2-4bf3-826f-c6fe76571449,Received from MarineSpares Int. at Colombo,PO-2024-3658,13-Sep-2024 00:00,UTC,Colombo
1286,2024-09-13 00:00:00,7440571a-841a-11ed-aa7c-7003bca91a86,4718,MV0001-05262,Rotor,COMP-1768374767899-slkigc1i8,665.001,"Emergency Generator Aggregates, Complete",SP-665.001-262,RECEIVE,2,5,228b5256-5bd2-4bf3-826f-c6fe76571449,Received from MarineSpares Int. at Colombo,PO-2024-2024,13-Sep-2024 00:00,UTC,Colombo
1287,2024-09-13 00:00:00,7440571a-841a-11ed-aa7c-7003bca91a86,4720,MV0001-05264,Exciter Stator,COMP-1768374767899-slkigc1i8,665.001,"Emergency Generator Aggregates, Complete",SP-665.001-264,RECEIVE,4,10,228b5256-5bd2-4bf3-826f-c6fe76571449,Received from MarineSpares Int. at Colombo,PO-2024-4292,13-Sep-2024 00:00,UTC,Colombo
1288,2024-09-13 00:00:00,7440571a-841a-11ed-aa7c-7003bca91a86,4721,MV0001-05265,Non Drive End Bracket,COMP-1768374767899-slkigc1i8,665.001,"Emergency Generator Aggregates, Complete",SP-665.001-265,RECEIVE,4,12,228b5256-5bd2-4bf3-826f-c6fe76571449,Received from MarineSpares Int. at Colombo,PO-2024-7952,13-Sep-2024 00:00,UTC,Colombo
1289,2024-09-13 00:00:00,7440571a-841a-11ed-aa7c-7003bca91a86,4725,MV0001-05269,Bearing Circlip Non Drive End,COMP-1768374767899-slkigc1i8,665.001,"Emergency Generator Aggregates, Complete",SP-665.001-269,RECEIVE,4,9,228b5256-5bd2-4bf3-826f-c6fe76571449,Received from MarineSpares Int. at Colombo,PO-2024-6664,13-Sep-2024 00:00,UTC,Colombo
1290,2024-09-13 00:00:00,7440571a-841a-11ed-aa7c-7003bca91a86,4735,MV0001-05279,End panel Drive End,COMP-1768374767899-slkigc1i8,665.001,"Emergency Generator Aggregates, Complete",SP-665.001-279,RECEIVE,2,11,228b5256-5bd2-4bf3-826f-c6fe76571449,Received from MarineSpares Int. at Colombo,PO-2024-0365,13-Sep-2024 00:00,UTC,Colombo
1291,2024-09-13 00:00:00,7440571a-841a-11ed-aa7c-7003bca91a86,4738,MV0001-05282,Side Panel,COMP-1768374767899-slkigc1i8,665.001,"Emergency Generator Aggregates, Complete",SP-665.001-282,RECEIVE,3,18,228b5256-5bd2-4bf3-826f-c6fe76571449,Received from MarineSpares Int. at Colombo,PO-2024-4987,13-Sep-2024 00:00,UTC,Colombo
1292,2024-09-13 00:00:00,7440571a-841a-11ed-aa7c-7003bca91a86,4741,MV0001-05285,Main Rectifier Assembly-Reverse,COMP-1768374767899-slkigc1i8,665.001,"Emergency Generator Aggregates, Complete",SP-665.001-285,RECEIVE,1,8,228b5256-5bd2-4bf3-826f-c6fe76571449,Received from MarineSpares Int. at Colombo,PO-2024-3261,13-Sep-2024 00:00,UTC,Colombo
1293,2024-09-13 00:00:00,7440571a-841a-11ed-aa7c-7003bca91a86,4743,MV0001-05287,Diode-Forward Polarity,COMP-1768374767899-slkigc1i8,665.001,"Emergency Generator Aggregates, Complete",SP-665.001-287,RECEIVE,5,10,228b5256-5bd2-4bf3-826f-c6fe76571449,Received from MarineSpares Int. at Colombo,PO-2024-4080,13-Sep-2024 00:00,UTC,Colombo
1294,2024-09-13 00:00:00,7440571a-841a-11ed-aa7c-7003bca91a86,4766,MV0001-05310,Drive End Bracket,COMP-1768374767899-slkigc1i8,665.001,"Emergency Generator Aggregates, Complete",SP-665.001-310,RECEIVE,4,9,228b5256-5bd2-4bf3-826f-c6fe76571449,Received from MarineSpares Int. at Colombo,PO-2024-6268,13-Sep-2024 00:00,UTC,Colombo
1295,2024-09-13 00:00:00,7440571a-841a-11ed-aa7c-7003bca91a86,4768,MV0001-05312,Bearing Drive End,COMP-1768374767899-slkigc1i8,665.001,"Emergency Generator Aggregates, Complete",SP-665.001-312,RECEIVE,1,14,228b5256-5bd2-4bf3-826f-c6fe76571449,Received from MarineSpares Int. at Colombo,PO-2024-9209,13-Sep-2024 00:00,UTC,Colombo
1296,2024-09-13 00:00:00,7440571a-841a-11ed-aa7c-7003bca91a86,4773,MV0001-05317,Terminal Box Lid,COMP-1768374767899-slkigc1i8,665.001,"Emergency Generator Aggregates, Complete",SP-665.001-317,RECEIVE,4,23,228b5256-5bd2-4bf3-826f-c6fe76571449,Received from MarineSpares Int. at Colombo,PO-2024-6269,13-Sep-2024 00:00,UTC,Colombo
1297,2024-09-13 00:00:00,7440571a-841a-11ed-aa7c-7003bca91a86,4784,MV0001-05328,Lifting Lug-Drive End,COMP-1768374767899-slkigc1i8,665.001,"Emergency Generator Aggregates, Complete",SP-665.001-328,RECEIVE,5,14,228b5256-5bd2-4bf3-826f-c6fe76571449,Received from MarineSpares Int. at Colombo,PO-2024-6235,13-Sep-2024 00:00,UTC,Colombo
1298,2024-09-13 00:00:00,7440571a-841a-11ed-aa7c-7003bca91a86,4790,MV0001-05334,Fan,COMP-1768374767899-slkigc1i8,665.001,"Emergency Generator Aggregates, Complete",SP-665.001-334,RECEIVE,4,13,228b5256-5bd2-4bf3-826f-c6fe76571449,Received from MarineSpares Int. at Colombo,PO-2024-7446,13-Sep-2024 00:00,UTC,Colombo
1299,2024-09-13 00:00:00,7440571a-841a-11ed-aa7c-7003bca91a86,4813,MV0001-05357,Bearing Drive End,COMP-1768374767899-slkigc1i8,665.001,"Emergency Generator Aggregates, Complete",SP-665.001-357,RECEIVE,2,20,228b5256-5bd2-4bf3-826f-c6fe76571449,Received from MarineSpares Int. at Colombo,PO-2024-0920,13-Sep-2024 00:00,UTC,Colombo
1300,2024-09-13 00:00:00,7440571a-841a-11ed-aa7c-7003bca91a86,4830,MV0001-05374,Frame To End Bracket Adaptor Ring,COMP-1768374767899-slkigc1i8,665.001,"Emergency Generator Aggregates, Complete",SP-665.001-374,RECEIVE,4,9,228b5256-5bd2-4bf3-826f-c6fe76571449,Received from MarineSpares Int. at Colombo,PO-2024-8019,13-Sep-2024 00:00,UTC,Colombo
1301,2024-09-13 00:00:00,7440571a-841a-11ed-aa7c-7003bca91a86,4839,MV0001-05383,Pump Bed,COMP-1768374767907-73hq6hda8,801.001,Clean Ballast Pumps,SP-801.001-383,RECEIVE,2,16,228b5256-5bd2-4bf3-826f-c6fe76571449,Received from MarineSpares Int. at Colombo,PO-2024-8959,13-Sep-2024 00:00,UTC,Colombo
1302,2024-09-13 00:00:00,7440571a-841a-11ed-aa7c-7003bca91a86,4848,MV0001-05392,Impeller Key,COMP-1768374767907-73hq6hda8,801.001,Clean Ballast Pumps,SP-801.001-392,RECEIVE,2,12,228b5256-5bd2-4bf3-826f-c6fe76571449,Received from MarineSpares Int. at Colombo,PO-2024-3491,13-Sep-2024 00:00,UTC,Colombo
1303,2024-09-13 00:00:00,7440571a-841a-11ed-aa7c-7003bca91a86,4851,MV0001-05395,Ball Bearing,COMP-1768374767907-73hq6hda8,801.001,Clean Ballast Pumps,SP-801.001-395,RECEIVE,2,15,228b5256-5bd2-4bf3-826f-c6fe76571449,Received from MarineSpares Int. at Colombo,PO-2024-1260,13-Sep-2024 00:00,UTC,Colombo
1304,2024-09-13 00:00:00,7440571a-841a-11ed-aa7c-7003bca91a86,4859,MV0001-05403,Seal Ring,COMP-1768374767907-73hq6hda8,801.001,Clean Ballast Pumps,SP-801.001-403,RECEIVE,1,7,228b5256-5bd2-4bf3-826f-c6fe76571449,Received from MarineSpares Int. at Colombo,PO-2024-8454,13-Sep-2024 00:00,UTC,Colombo
1305,2024-09-13 00:00:00,7440571a-841a-11ed-aa7c-7003bca91a86,4864,MV0001-05408,Packing Ring,COMP-1768374767907-73hq6hda8,801.001,Clean Ballast Pumps,SP-801.001-408,RECEIVE,1,9,228b5256-5bd2-4bf3-826f-c6fe76571449,Received from MarineSpares Int. at Colombo,PO-2024-0617,13-Sep-2024 00:00,UTC,Colombo
1306,2024-09-13 00:00:00,7440571a-841a-11ed-aa7c-7003bca91a86,4865,MV0001-05409,Packing,COMP-1768374767907-73hq6hda8,801.001,Clean Ballast Pumps,SP-801.001-409,RECEIVE,3,19,228b5256-5bd2-4bf3-826f-c6fe76571449,Received from MarineSpares Int. at Colombo,PO-2024-4850,13-Sep-2024 00:00,UTC,Colombo
1307,2024-09-13 00:00:00,7440571a-841a-11ed-aa7c-7003bca91a86,4902,MV0001-05446,Coupling Bolt Nut And Washer,COMP-1768374767907-73hq6hda8,801.001,Clean Ballast Pumps,SP-801.001-446,RECEIVE,4,14,228b5256-5bd2-4bf3-826f-c6fe76571449,Received from MarineSpares Int. at Colombo,PO-2024-4705,13-Sep-2024 00:00,UTC,Colombo
1308,2024-09-13 00:00:00,7440571a-841a-11ed-aa7c-7003bca91a86,4910,MV0001-05454,Floating Shaft,COMP-1768374767907-73hq6hda8,801.001,Clean Ballast Pumps,SP-801.001-454,RECEIVE,5,12,228b5256-5bd2-4bf3-826f-c6fe76571449,Received from MarineSpares Int. at Colombo,PO-2024-2341,13-Sep-2024 00:00,UTC,Colombo
1309,2024-09-13 00:00:00,7440571a-841a-11ed-aa7c-7003bca91a86,4921,MV0001-05465,Oil Seal,COMP-1768374767907-73hq6hda8,801.001,Clean Ballast Pumps,SP-801.001-465,RECEIVE,1,5,228b5256-5bd2-4bf3-826f-c6fe76571449,Received from MarineSpares Int. at Colombo,PO-2024-6360,13-Sep-2024 00:00,UTC,Colombo
1310,2024-09-13 00:00:00,7440571a-841a-11ed-aa7c-7003bca91a86,4929,MV0001-05473,Eye Bolt,COMP-1768374767907-73hq6hda8,801.001,Clean Ballast Pumps,SP-801.001-473,RECEIVE,1,12,228b5256-5bd2-4bf3-826f-c6fe76571449,Received from MarineSpares Int. at Colombo,PO-2024-6293,13-Sep-2024 00:00,UTC,Colombo
1311,2024-09-13 00:00:00,7440571a-841a-11ed-aa7c-7003bca91a86,4934,MV0001-05478,O-Ring,COMP-1768374767802-sjje0yq3o,403.001,"Steering Gears, Complete",SP-403.001-478,RECEIVE,2,14,228b5256-5bd2-4bf3-826f-c6fe76571449,Received from MarineSpares Int. at Colombo,PO-2024-3001,13-Sep-2024 00:00,UTC,Colombo
1312,2024-09-13 00:00:00,7440571a-841a-11ed-aa7c-7003bca91a86,4946,MV0001-05490,Valve Plate,COMP-1768374767967-jb4k6wuji,554.003.02,Compressors W/Drive Unit No.02,SP-554.003.01-490,RECEIVE,4,19,228b5256-5bd2-4bf3-826f-c6fe76571449,Received from MarineSpares Int. at Colombo,PO-2024-6747,13-Sep-2024 00:00,UTC,Colombo
1313,2024-09-13 00:00:00,7440571a-841a-11ed-aa7c-7003bca91a86,4971,MV0001-05515,Gasket,COMP-1768374767967-jb4k6wuji,554.003.02,Compressors W/Drive Unit No.02,SP-554.003.01-515,RECEIVE,5,12,228b5256-5bd2-4bf3-826f-c6fe76571449,Received from MarineSpares Int. at Colombo,PO-2024-3291,13-Sep-2024 00:00,UTC,Colombo
1314,2024-09-13 00:00:00,7440571a-841a-11ed-aa7c-7003bca91a86,4958,MV0001-05502,Joint,COMP-1768374767967-jb4k6wuji,554.003.02,Compressors W/Drive Unit No.02,SP-554.003.01-502,RECEIVE,3,22,228b5256-5bd2-4bf3-826f-c6fe76571449,Received from MarineSpares Int. at Colombo,PO-2024-7793,13-Sep-2024 00:00,UTC,Colombo
2914,2024-09-12 00:00:00,7440571a-841a-11ed-aa7c-7003bca91a86,4629,MV0001-05173,Digital Thermostat,COMP-1768374767815-k5anrfi02,554.001,Provision Cooling Compressor Aggregates,SP-554.001-173,CONSUME,-2,3,2nd Engineer,Consumed during maintenance - UWO-601.026.04-2024-864,UWO-601.026.04-2024-864,12-Sep-2024,UTC,
268,2024-09-11 00:00:00,7440571a-841a-11ed-aa7c-7003bca91a86,4662,MV0001-05206,Thrust Bearing Support,COMP-1768374767834-dbncpiany,601.053,ME Turbochargers,SP-601.053-206,CONSUME,-1,2,228b5256-5bd2-4bf3-826f-c6fe76571449,Consumed for WO UWO-702.010-2024-786,UWO-702.010-2024-786,11-Sep-2024 00:00,UTC,
2080,2024-09-11 00:00:00,7440571a-841a-11ed-aa7c-7003bca91a86,5419,MV0001-05963,Body,COMP-1768374768525-zyps62yum,712.011.02,LO Separators No.02,SP-702.005.01-963,CONSUME,-1,4,2nd Engineer,Consumed during maintenance - UWO-702.010-2024-786,UWO-702.010-2024-786,11-Sep-2024,UTC,
2081,2024-09-11 00:00:00,7440571a-841a-11ed-aa7c-7003bca91a86,4950,MV0001-05494,Valve Plate Assembly,COMP-1768374767967-jb4k6wuji,554.003.02,Compressors W/Drive Unit No.02,SP-554.003.01-494,CONSUME,-2,3,2nd Engineer,Consumed during maintenance - UWO-702.010-2024-786,UWO-702.010-2024-786,11-Sep-2024,UTC,
266,2024-09-10 00:00:00,7440571a-841a-11ed-aa7c-7003bca91a86,4761,MV0001-05305,Non Drive End Bracket,COMP-1768374767899-slkigc1i8,665.001,"Emergency Generator Aggregates, Complete",SP-665.001-305,CONSUME,-1,4,056a433e-b880-43c6-9d59-b1cfe71a4014,Consumed for WO UWO-601.026-2024-597,UWO-601.026-2024-597,10-Sep-2024 00:00,UTC,
267,2024-09-10 00:00:00,7440571a-841a-11ed-aa7c-7003bca91a86,4684,MV0001-05228,Tongued Washer,COMP-1768374767834-dbncpiany,601.053,ME Turbochargers,SP-601.053-228,CONSUME,-2,3,228b5256-5bd2-4bf3-826f-c6fe76571449,Consumed for WO UWO-653.004.06-2024-820,UWO-653.004.06-2024-820,10-Sep-2024 00:00,UTC,
2312,2024-09-10 00:00:00,7440571a-841a-11ed-aa7c-7003bca91a86,5354,MV0001-05898,Cover,COMP-1768374768525-zyps62yum,712.011.02,LO Separators No.02,SP-702.005.01-898,CONSUME,-2,3,Chief Engineer,Consumed during maintenance - MKR-IN-00017-651.020.04-2024-055,MKR-IN-00017-651.020.04-2024-055,10-Sep-2024,UTC,
2321,2024-09-10 00:00:00,7440571a-841a-11ed-aa7c-7003bca91a86,5039,MV0001-05583,Nut,COMP-1768374767994-apqr6kc7v,601.002.06,ME Cylinder Covers W/Valves No.06,SP-601.002.01-583,CONSUME,-2,1,3rd Engineer,Consumed during maintenance - UWO-601.026-2024-597,UWO-601.026-2024-597,10-Sep-2024,UTC,
2322,2024-09-10 00:00:00,7440571a-841a-11ed-aa7c-7003bca91a86,4650,MV0001-05194,Nut,COMP-1768374767827-g6k9lk4to,601.016,ME Tiebolts,SP-601.016-194,CONSUME,-2,3,3rd Engineer,Consumed during maintenance - UWO-601.026-2024-597,UWO-601.026-2024-597,10-Sep-2024,UTC,
2637,2024-09-08 00:00:00,7440571a-841a-11ed-aa7c-7003bca91a86,4591,MV0001-05135,O-Ring Angus,COMP-1768374767802-sjje0yq3o,403.001,"Steering Gears, Complete",SP-403.001-135,CONSUME,-2,3,3rd Engineer,Consumed during maintenance - WO-702.005.02-2024-242,WO-702.005.02-2024-242,08-Sep-2024,UTC,
2988,2024-09-08 00:00:00,7440571a-841a-11ed-aa7c-7003bca91a86,5128,MV0001-05672,"Thrust Bearing, Upper",COMP-1768374768443-sj0hmblft,653.003.06,AE3 Cylinder Liners No.06,SP-651.003.01-672,CONSUME,-2,0,3rd Engineer,Consumed during maintenance - WO-653.003.06-2024-371,WO-653.003.06-2024-371,08-Sep-2024,UTC,
2989,2024-09-08 00:00:00,7440571a-841a-11ed-aa7c-7003bca91a86,5122,MV0001-05666,Nut,COMP-1768374768443-sj0hmblft,653.003.06,AE3 Cylinder Liners No.06,SP-651.003.01-666,CONSUME,-1,2,3rd Engineer,Consumed during maintenance - WO-653.003.06-2024-371,WO-653.003.06-2024-371,08-Sep-2024,UTC,
2319,2024-09-06 00:00:00,7440571a-841a-11ed-aa7c-7003bca91a86,4772,MV0001-05316,Air Inlet Cover,COMP-1768374767899-slkigc1i8,665.001,"Emergency Generator Aggregates, Complete",SP-665.001-316,CONSUME,-1,4,Chief Engineer,Consumed during maintenance - MKR-IN-00064-601.007.05-2024-430,MKR-IN-00064-601.007.05-2024-430,06-Sep-2024,UTC,
2320,2024-09-06 00:00:00,7440571a-841a-11ed-aa7c-7003bca91a86,4502,MV0001-05046,Support Ring,COMP-1768374767799-zs6hrf8cm,401.005,Rudders W/Nozzle,SP-401.005-046,CONSUME,-2,3,Chief Engineer,Consumed during maintenance - MKR-IN-00064-601.007.05-2024-430,MKR-IN-00064-601.007.05-2024-430,06-Sep-2024,UTC,
265,2024-09-04 00:00:00,7440571a-841a-11ed-aa7c-7003bca91a86,4521,MV0001-05065,O-Ring,COMP-1768374767799-zs6hrf8cm,401.005,Rudders W/Nozzle,SP-401.005-065,CONSUME,-2,3,6084f3b8-85dc-462a-b045-111d2b2e6d0e,Consumed for WO UWO-653.020.06-2024-565,UWO-653.020.06-2024-565,04-Sep-2024 00:00,UTC,
2704,2024-09-04 00:00:00,7440571a-841a-11ed-aa7c-7003bca91a86,4956,MV0001-05500,Thrust Bearing Metal,COMP-1768374767967-jb4k6wuji,554.003.02,Compressors W/Drive Unit No.02,SP-554.003.01-500,CONSUME,-1,4,2nd Engineer,Consumed during maintenance - UWO-653.020.06-2024-565,UWO-653.020.06-2024-565,04-Sep-2024,UTC,
3016,2024-09-03 00:00:00,7440571a-841a-11ed-aa7c-7003bca91a86,5076,MV0001-05620,Gasket,COMP-1768374768161-fwhsrv4rs,601.005.06,"ME Connecting Rods, Crosshead, Guides No.06",SP-601.005.01-620,CONSUME,-1,0,Chief Engineer,Consumed during maintenance - MKR-IN-00076-601.005.06-2024-424,MKR-IN-00076-601.005.06-2024-424,03-Sep-2024,UTC,
2267,2024-09-03 00:00:00,7440571a-841a-11ed-aa7c-7003bca91a86,4895,MV0001-05439,Sleeve,COMP-1768374767907-73hq6hda8,801.001,Clean Ballast Pumps,SP-801.001-439,CONSUME,-1,4,3rd Engineer,Consumed during maintenance - WO-702.005.02-2024-241,WO-702.005.02-2024-241,03-Sep-2024,UTC,
2371,2024-09-03 00:00:00,7440571a-841a-11ed-aa7c-7003bca91a86,4525,MV0001-05069,Wire,COMP-1768374767799-zs6hrf8cm,401.005,Rudders W/Nozzle,SP-401.005-069,CONSUME,-1,4,Chief Engineer,Consumed during maintenance - MKR-IN-00072-285.001.04-2024-190,MKR-IN-00072-285.001.04-2024-190,03-Sep-2024,UTC,
2372,2024-09-03 00:00:00,7440571a-841a-11ed-aa7c-7003bca91a86,4915,MV0001-05459,Seat Packing,COMP-1768374767907-73hq6hda8,801.001,Clean Ballast Pumps,SP-801.001-459,CONSUME,-1,1,Chief Engineer,Consumed during maintenance - MKR-IN-00072-285.001.04-2024-190,MKR-IN-00072-285.001.04-2024-190,03-Sep-2024,UTC,
2584,2024-09-03 00:00:00,7440571a-841a-11ed-aa7c-7003bca91a86,5104,MV0001-05648,O-Ring,COMP-1768374767837-m3bhk56ru,601.059,ME Exhaust Gas Manifolds/Pipes W/Insulation,SP-601.059-648,CONSUME,-2,8,2nd Engineer,Consumed during maintenance - MKR-IN-00076-601.005.05-2024-407,MKR-IN-00076-601.005.05-2024-407,03-Sep-2024,UTC,
2784,2024-08-29 00:00:00,7440571a-841a-11ed-aa7c-7003bca91a86,4685,MV0001-05229,Thread End Taper Pin,COMP-1768374767834-dbncpiany,601.053,ME Turbochargers,SP-601.053-229,CONSUME,-1,2,3rd Engineer,Consumed during maintenance - UWO-652.004-2024-866,UWO-652.004-2024-866,29-Aug-2024,UTC,
2573,2024-08-26 00:00:00,7440571a-841a-11ed-aa7c-7003bca91a86,4640,MV0001-05184,Fuse,COMP-1768374767815-k5anrfi02,554.001,Provision Cooling Compressor Aggregates,SP-554.001-184,CONSUME,-1,4,2nd Engineer,Consumed during maintenance - WO-554.001-2024-412,WO-554.001-2024-412,26-Aug-2024,UTC,
2574,2024-08-26 00:00:00,7440571a-841a-11ed-aa7c-7003bca91a86,4943,MV0001-05487,O-Ring,COMP-1768374767815-k5anrfi02,554.001,Provision Cooling Compressor Aggregates,SP-554.001-487,CONSUME,-2,0,2nd Engineer,Consumed during maintenance - WO-554.001-2024-412,WO-554.001-2024-412,26-Aug-2024,UTC,
2872,2024-08-25 00:00:00,7440571a-841a-11ed-aa7c-7003bca91a86,4531,MV0001-05075,Packing Brick-Wood,COMP-1768374767802-sjje0yq3o,403.001,"Steering Gears, Complete",SP-403.001-075,CONSUME,-2,3,2nd Engineer,Consumed during maintenance - MKR-IN-00072-285.001.06-2024-211,MKR-IN-00072-285.001.06-2024-211,25-Aug-2024,UTC,
264,2024-08-24 00:00:00,7440571a-841a-11ed-aa7c-7003bca91a86,4623,MV0001-05167,W.T Type Wall Light,COMP-1768374767815-k5anrfi02,554.001,Provision Cooling Compressor Aggregates,SP-554.001-167,CONSUME,-2,3,228b5256-5bd2-4bf3-826f-c6fe76571449,Consumed for WO UWO-601.066.04-2024-706,UWO-601.066.04-2024-706,24-Aug-2024 00:00,UTC,
2295,2024-08-24 00:00:00,7440571a-841a-11ed-aa7c-7003bca91a86,4551,MV0001-05095,Plug,COMP-1768374767802-sjje0yq3o,403.001,"Steering Gears, Complete",SP-403.001-095,CONSUME,-2,0,Chief Engineer,Consumed during maintenance - UWO-41-2024-853,UWO-41-2024-853,24-Aug-2024,UTC,
2479,2024-08-24 00:00:00,7440571a-841a-11ed-aa7c-7003bca91a86,4567,MV0001-05111,Cyl. Head Screw,COMP-1768374767802-sjje0yq3o,403.001,"Steering Gears, Complete",SP-403.001-111,CONSUME,-1,0,4th Engineer,Consumed during maintenance - MKR-IN-00085-652.003.03-2024-660,MKR-IN-00085-652.003.03-2024-660,24-Aug-2024,UTC,
2480,2024-08-24 00:00:00,7440571a-841a-11ed-aa7c-7003bca91a86,5048,MV0001-05592,Distance Piece,COMP-1768374767994-apqr6kc7v,601.002.06,ME Cylinder Covers W/Valves No.06,SP-601.002.01-592,CONSUME,-1,4,4th Engineer,Consumed during maintenance - MKR-IN-00085-652.003.03-2024-660,MKR-IN-00085-652.003.03-2024-660,24-Aug-2024,UTC,
2481,2024-08-24 00:00:00,7440571a-841a-11ed-aa7c-7003bca91a86,5128,MV0001-05672,"Thrust Bearing, Upper",COMP-1768374768443-sj0hmblft,653.003.06,AE3 Cylinder Liners No.06,SP-651.003.01-672,CONSUME,-2,1,4th Engineer,Consumed during maintenance - MKR-IN-00085-652.003.03-2024-660,MKR-IN-00085-652.003.03-2024-660,24-Aug-2024,UTC,
263,2024-08-23 00:00:00,7440571a-841a-11ed-aa7c-7003bca91a86,4505,MV0001-05049,Trunk Plate,COMP-1768374767799-zs6hrf8cm,401.005,Rudders W/Nozzle,SP-401.005-049,CONSUME,-1,4,6084f3b8-85dc-462a-b045-111d2b2e6d0e,Consumed for WO WO-702.005.02-2024-240,WO-702.005.02-2024-240,23-Aug-2024 00:00,UTC,
2436,2024-08-23 00:00:00,7440571a-841a-11ed-aa7c-7003bca91a86,4693,MV0001-05237,Expansion Joint,COMP-1768374767837-m3bhk56ru,601.059,ME Exhaust Gas Manifolds/Pipes W/Insulation,SP-601.059-237,CONSUME,-1,4,3rd Engineer,Consumed during maintenance - UWO-601.059-2024-645,UWO-601.059-2024-645,23-Aug-2024,UTC,
2437,2024-08-23 00:00:00,7440571a-841a-11ed-aa7c-7003bca91a86,4689,MV0001-05233,Exhaust Pipe Complete,COMP-1768374767837-m3bhk56ru,601.059,ME Exhaust Gas Manifolds/Pipes W/Insulation,SP-601.059-233,CONSUME,-1,2,3rd Engineer,Consumed during maintenance - UWO-601.059-2024-645,UWO-601.059-2024-645,23-Aug-2024,UTC,
2438,2024-08-23 00:00:00,7440571a-841a-11ed-aa7c-7003bca91a86,4710,MV0001-05254,Nut,COMP-1768374767837-m3bhk56ru,601.059,ME Exhaust Gas Manifolds/Pipes W/Insulation,SP-601.059-254,CONSUME,-1,4,3rd Engineer,Consumed during maintenance - UWO-601.059-2024-645,UWO-601.059-2024-645,23-Aug-2024,UTC,
262,2024-08-21 00:00:00,7440571a-841a-11ed-aa7c-7003bca91a86,4661,MV0001-05205,Thrust Bearing Support,COMP-1768374767834-dbncpiany,601.053,ME Turbochargers,SP-601.053-205,CONSUME,-1,4,228b5256-5bd2-4bf3-826f-c6fe76571449,Consumed for WO UWO-601.003.03-2024-710,UWO-601.003.03-2024-710,21-Aug-2024 00:00,UTC,
2540,2024-08-21 00:00:00,7440571a-841a-11ed-aa7c-7003bca91a86,4780,MV0001-05324,Main Rectifier Assembly-Reverse,COMP-1768374767899-slkigc1i8,665.001,"Emergency Generator Aggregates, Complete",SP-665.001-324,CONSUME,-1,4,Chief Engineer,Consumed during maintenance - UWO-601.003.03-2024-710,UWO-601.003.03-2024-710,21-Aug-2024,UTC,
2747,2024-08-21 00:00:00,7440571a-841a-11ed-aa7c-7003bca91a86,4677,MV0001-05221,Gasket,COMP-1768374767834-dbncpiany,601.053,ME Turbochargers,SP-601.053-221,CONSUME,-1,1,Chief Engineer,Consumed during maintenance - MKR-IN-00080-653.002.01-2024-678,MKR-IN-00080-653.002.01-2024-678,21-Aug-2024,UTC,
2748,2024-08-21 00:00:00,7440571a-841a-11ed-aa7c-7003bca91a86,4765,MV0001-05309,Bearing Wave Washer Drive End,COMP-1768374767899-slkigc1i8,665.001,"Emergency Generator Aggregates, Complete",SP-665.001-309,CONSUME,-1,2,Chief Engineer,Consumed during maintenance - MKR-IN-00080-653.002.01-2024-678,MKR-IN-00080-653.002.01-2024-678,21-Aug-2024,UTC,
2537,2024-08-20 00:00:00,7440571a-841a-11ed-aa7c-7003bca91a86,5486,MV0001-06030,Set Bolt-P,COMP-1768374767795-1qyq8qvkb,721.001.02,Main Sw Cooling Pumps No.02,SP-721.001.01-1030,CONSUME,-1,4,2nd Engineer,Consumed during maintenance - UWO-652.002.05-2024-742,UWO-652.002.05-2024-742,20-Aug-2024,UTC,
2538,2024-08-20 00:00:00,7440571a-841a-11ed-aa7c-7003bca91a86,5264,MV0001-05808,O-Ring,COMP-1768374768525-zyps62yum,712.011.02,LO Separators No.02,SP-702.005.01-808,CONSUME,-1,2,2nd Engineer,Consumed during maintenance - UWO-652.002.05-2024-742,UWO-652.002.05-2024-742,20-Aug-2024,UTC,
2539,2024-08-20 00:00:00,7440571a-841a-11ed-aa7c-7003bca91a86,5290,MV0001-05834,Spring Washer,COMP-1768374768525-zyps62yum,712.011.02,LO Separators No.02,SP-702.005.01-834,CONSUME,-1,2,2nd Engineer,Consumed during maintenance - UWO-652.002.05-2024-742,UWO-652.002.05-2024-742,20-Aug-2024,UTC,
260,2024-08-19 00:00:00,7440571a-841a-11ed-aa7c-7003bca91a86,4913,MV0001-05457,Bellows,COMP-1768374767907-73hq6hda8,801.001,Clean Ballast Pumps,SP-801.001-457,CONSUME,-2,3,228b5256-5bd2-4bf3-826f-c6fe76571449,Consumed for WO WO-651.003.01-2024-334,WO-651.003.01-2024-334,19-Aug-2024 00:00,UTC,
261,2024-08-19 00:00:00,7440571a-841a-11ed-aa7c-7003bca91a86,4584,MV0001-05128,Spool,COMP-1768374767802-sjje0yq3o,403.001,"Steering Gears, Complete",SP-403.001-128,CONSUME,-2,3,480b40d0-04bd-4590-a936-2f879b867977,Consumed for WO UWO-653-2024-777,UWO-653-2024-777,19-Aug-2024 00:00,UTC,
2435,2024-08-19 00:00:00,7440571a-841a-11ed-aa7c-7003bca91a86,5099,MV0001-05643,O-Ring,COMP-1768374768201-mvmpi8w24,601.026.06,ME Hp Fuel Pumps No.06,SP-601.026.01-643,CONSUME,-2,3,2nd Engineer,Consumed during maintenance - MKR-IN-00080-651.002.03-2024-523,MKR-IN-00080-651.002.03-2024-523,19-Aug-2024,UTC,
2628,2024-08-19 00:00:00,7440571a-841a-11ed-aa7c-7003bca91a86,4691,MV0001-05235,Exhaust Pipe,COMP-1768374767837-m3bhk56ru,601.059,ME Exhaust Gas Manifolds/Pipes W/Insulation,SP-601.059-235,CONSUME,-2,0,Electrican,Consumed during maintenance - MKR-IN-00078-601.059-2024-443,MKR-IN-00078-601.059-2024-443,19-Aug-2024,UTC,
2629,2024-08-19 00:00:00,7440571a-841a-11ed-aa7c-7003bca91a86,4700,MV0001-05244,Gasket,COMP-1768374767837-m3bhk56ru,601.059,ME Exhaust Gas Manifolds/Pipes W/Insulation,SP-601.059-244,CONSUME,-2,3,Electrican,Consumed during maintenance - MKR-IN-00078-601.059-2024-443,MKR-IN-00078-601.059-2024-443,19-Aug-2024,UTC,
2434,2024-08-18 00:00:00,7440571a-841a-11ed-aa7c-7003bca91a86,4919,MV0001-05463,Bearing Washer,COMP-1768374767907-73hq6hda8,801.001,Clean Ballast Pumps,SP-801.001-463,CONSUME,-2,3,Chief Engineer,Consumed during maintenance - UWO-601.026.04-2024-842,UWO-601.026.04-2024-842,18-Aug-2024,UTC,
259,2024-08-16 00:00:00,7440571a-841a-11ed-aa7c-7003bca91a86,4535,MV0001-05079,Gland,COMP-1768374767802-sjje0yq3o,403.001,"Steering Gears, Complete",SP-403.001-079,CONSUME,-2,1,6084f3b8-85dc-462a-b045-111d2b2e6d0e,Consumed for WO WO-702.005.02-2024-239,WO-702.005.02-2024-239,16-Aug-2024 00:00,UTC,
256,2024-08-13 00:00:00,7440571a-841a-11ed-aa7c-7003bca91a86,4541,MV0001-05085,Pipe Fitting,COMP-1768374767802-sjje0yq3o,403.001,"Steering Gears, Complete",SP-403.001-085,CONSUME,-2,1,480b40d0-04bd-4590-a936-2f879b867977,Consumed for WO UWO-651.003.05-2024-726,UWO-651.003.05-2024-726,13-Aug-2024 00:00,UTC,
257,2024-08-13 00:00:00,7440571a-841a-11ed-aa7c-7003bca91a86,4625,MV0001-05169,Switch With Indicator Lamp,COMP-1768374767815-k5anrfi02,554.001,Provision Cooling Compressor Aggregates,SP-554.001-169,CONSUME,-1,4,228b5256-5bd2-4bf3-826f-c6fe76571449,Consumed for WO UWO-651.003-2024-564,UWO-651.003-2024-564,13-Aug-2024 00:00,UTC,
258,2024-08-13 00:00:00,7440571a-841a-11ed-aa7c-7003bca91a86,4485,MV0001-05029,Bolt,COMP-1768374767799-zs6hrf8cm,401.005,Rudders W/Nozzle,SP-401.005-029,CONSUME,-2,3,480b40d0-04bd-4590-a936-2f879b867977,Consumed for WO UWO-712.013-2024-801,UWO-712.013-2024-801,13-Aug-2024 00:00,UTC,
1225,2024-08-13 00:00:00,7440571a-841a-11ed-aa7c-7003bca91a86,4458,MV0001-05002,Gudgeon,COMP-1768374767799-zs6hrf8cm,401.005,Rudders W/Nozzle,SP-401.005-002,RECEIVE,3,8,228b5256-5bd2-4bf3-826f-c6fe76571449,Received from Pacific Marine Parts at Suez,PO-2024-9612,13-Aug-2024 00:00,UTC,Suez
1226,2024-08-13 00:00:00,7440571a-841a-11ed-aa7c-7003bca91a86,4459,MV0001-05003,Rudder Stock,COMP-1768374767799-zs6hrf8cm,401.005,Rudders W/Nozzle,SP-401.005-003,RECEIVE,5,11,228b5256-5bd2-4bf3-826f-c6fe76571449,Received from Pacific Marine Parts at Suez,PO-2024-2397,13-Aug-2024 00:00,UTC,Suez
1227,2024-08-13 00:00:00,7440571a-841a-11ed-aa7c-7003bca91a86,4480,MV0001-05024,Locking Bar,COMP-1768374767799-zs6hrf8cm,401.005,Rudders W/Nozzle,SP-401.005-024,RECEIVE,1,9,228b5256-5bd2-4bf3-826f-c6fe76571449,Received from Pacific Marine Parts at Suez,PO-2024-9736,13-Aug-2024 00:00,UTC,Suez
1228,2024-08-13 00:00:00,7440571a-841a-11ed-aa7c-7003bca91a86,4496,MV0001-05040,Plug,COMP-1768374767799-zs6hrf8cm,401.005,Rudders W/Nozzle,SP-401.005-040,RECEIVE,4,19,228b5256-5bd2-4bf3-826f-c6fe76571449,Received from Pacific Marine Parts at Suez,PO-2024-1846,13-Aug-2024 00:00,UTC,Suez
1229,2024-08-13 00:00:00,7440571a-841a-11ed-aa7c-7003bca91a86,4521,MV0001-05065,O-Ring,COMP-1768374767799-zs6hrf8cm,401.005,Rudders W/Nozzle,SP-401.005-065,RECEIVE,5,17,228b5256-5bd2-4bf3-826f-c6fe76571449,Received from Pacific Marine Parts at Suez,PO-2024-0861,13-Aug-2024 00:00,UTC,Suez
1230,2024-08-13 00:00:00,7440571a-841a-11ed-aa7c-7003bca91a86,4528,MV0001-05072,Locking Screw,COMP-1768374767802-sjje0yq3o,403.001,"Steering Gears, Complete",SP-403.001-072,RECEIVE,5,11,228b5256-5bd2-4bf3-826f-c6fe76571449,Received from Pacific Marine Parts at Suez,PO-2024-8430,13-Aug-2024 00:00,UTC,Suez
1231,2024-08-13 00:00:00,7440571a-841a-11ed-aa7c-7003bca91a86,4531,MV0001-05075,Packing Brick-Wood,COMP-1768374767802-sjje0yq3o,403.001,"Steering Gears, Complete",SP-403.001-075,RECEIVE,2,9,228b5256-5bd2-4bf3-826f-c6fe76571449,Received from Pacific Marine Parts at Suez,PO-2024-4143,13-Aug-2024 00:00,UTC,Suez
1232,2024-08-13 00:00:00,7440571a-841a-11ed-aa7c-7003bca91a86,4533,MV0001-05077,Cover,COMP-1768374767802-sjje0yq3o,403.001,"Steering Gears, Complete",SP-403.001-077,RECEIVE,2,11,228b5256-5bd2-4bf3-826f-c6fe76571449,Received from Pacific Marine Parts at Suez,PO-2024-9081,13-Aug-2024 00:00,UTC,Suez
1233,2024-08-13 00:00:00,7440571a-841a-11ed-aa7c-7003bca91a86,4535,MV0001-05079,Gland,COMP-1768374767802-sjje0yq3o,403.001,"Steering Gears, Complete",SP-403.001-079,RECEIVE,3,4,228b5256-5bd2-4bf3-826f-c6fe76571449,Received from Pacific Marine Parts at Suez,PO-2024-2036,13-Aug-2024 00:00,UTC,Suez
1234,2024-08-13 00:00:00,7440571a-841a-11ed-aa7c-7003bca91a86,4545,MV0001-05089,Cover Seal,COMP-1768374767802-sjje0yq3o,403.001,"Steering Gears, Complete",SP-403.001-089,RECEIVE,1,16,228b5256-5bd2-4bf3-826f-c6fe76571449,Received from Pacific Marine Parts at Suez,PO-2024-7784,13-Aug-2024 00:00,UTC,Suez
1235,2024-08-13 00:00:00,7440571a-841a-11ed-aa7c-7003bca91a86,4557,MV0001-05101,Hex. Head Screw,COMP-1768374767802-sjje0yq3o,403.001,"Steering Gears, Complete",SP-403.001-101,RECEIVE,4,13,228b5256-5bd2-4bf3-826f-c6fe76571449,Received from Pacific Marine Parts at Suez,PO-2024-3840,13-Aug-2024 00:00,UTC,Suez
1236,2024-08-13 00:00:00,7440571a-841a-11ed-aa7c-7003bca91a86,4558,MV0001-05102,Cyl. Head Screw,COMP-1768374767802-sjje0yq3o,403.001,"Steering Gears, Complete",SP-403.001-102,RECEIVE,5,16,228b5256-5bd2-4bf3-826f-c6fe76571449,Received from Pacific Marine Parts at Suez,PO-2024-9874,13-Aug-2024 00:00,UTC,Suez
1237,2024-08-13 00:00:00,7440571a-841a-11ed-aa7c-7003bca91a86,4569,MV0001-05113,Manometer Valve,COMP-1768374767802-sjje0yq3o,403.001,"Steering Gears, Complete",SP-403.001-113,RECEIVE,3,9,228b5256-5bd2-4bf3-826f-c6fe76571449,Received from Pacific Marine Parts at Suez,PO-2024-3480,13-Aug-2024 00:00,UTC,Suez
1238,2024-08-13 00:00:00,7440571a-841a-11ed-aa7c-7003bca91a86,4583,MV0001-05127,Housing,COMP-1768374767802-sjje0yq3o,403.001,"Steering Gears, Complete",SP-403.001-127,RECEIVE,2,7,228b5256-5bd2-4bf3-826f-c6fe76571449,Received from Pacific Marine Parts at Suez,PO-2024-0564,13-Aug-2024 00:00,UTC,Suez
1239,2024-08-13 00:00:00,7440571a-841a-11ed-aa7c-7003bca91a86,4600,MV0001-05144,Piston Bypass Valve,COMP-1768374767802-sjje0yq3o,403.001,"Steering Gears, Complete",SP-403.001-144,RECEIVE,2,11,228b5256-5bd2-4bf3-826f-c6fe76571449,Received from Pacific Marine Parts at Suez,PO-2024-0571,13-Aug-2024 00:00,UTC,Suez
1240,2024-08-13 00:00:00,7440571a-841a-11ed-aa7c-7003bca91a86,4605,MV0001-05149,O-Ring Angus,COMP-1768374767802-sjje0yq3o,403.001,"Steering Gears, Complete",SP-403.001-149,RECEIVE,2,9,228b5256-5bd2-4bf3-826f-c6fe76571449,Received from Pacific Marine Parts at Suez,PO-2024-8721,13-Aug-2024 00:00,UTC,Suez
1241,2024-08-13 00:00:00,7440571a-841a-11ed-aa7c-7003bca91a86,4613,MV0001-05157,O-Ring,COMP-1768374767802-sjje0yq3o,403.001,"Steering Gears, Complete",SP-403.001-157,RECEIVE,4,18,228b5256-5bd2-4bf3-826f-c6fe76571449,Received from Pacific Marine Parts at Suez,PO-2024-2895,13-Aug-2024 00:00,UTC,Suez
1242,2024-08-13 00:00:00,7440571a-841a-11ed-aa7c-7003bca91a86,4618,MV0001-05162,Thermo Exp. Valve,COMP-1768374767815-k5anrfi02,554.001,Provision Cooling Compressor Aggregates,SP-554.001-162,RECEIVE,3,8,228b5256-5bd2-4bf3-826f-c6fe76571449,Received from Pacific Marine Parts at Suez,PO-2024-0880,13-Aug-2024 00:00,UTC,Suez
1243,2024-08-13 00:00:00,7440571a-841a-11ed-aa7c-7003bca91a86,4632,MV0001-05176,Change Pipe And Joint,COMP-1768374767815-k5anrfi02,554.001,Provision Cooling Compressor Aggregates,SP-554.001-176,RECEIVE,4,14,228b5256-5bd2-4bf3-826f-c6fe76571449,Received from Pacific Marine Parts at Suez,PO-2024-5960,13-Aug-2024 00:00,UTC,Suez
1244,2024-08-13 00:00:00,7440571a-841a-11ed-aa7c-7003bca91a86,4658,MV0001-05202,Thrust Bearing Complete,COMP-1768374767834-dbncpiany,601.053,ME Turbochargers,SP-601.053-202,RECEIVE,3,3,228b5256-5bd2-4bf3-826f-c6fe76571449,Received from Pacific Marine Parts at Suez,PO-2024-5124,13-Aug-2024 00:00,UTC,Suez
1245,2024-08-13 00:00:00,7440571a-841a-11ed-aa7c-7003bca91a86,4665,MV0001-05209,"Oil Scraper, In Two Parts, Complete",COMP-1768374767834-dbncpiany,601.053,ME Turbochargers,SP-601.053-209,RECEIVE,5,13,228b5256-5bd2-4bf3-826f-c6fe76571449,Received from Pacific Marine Parts at Suez,PO-2024-6350,13-Aug-2024 00:00,UTC,Suez
1246,2024-08-13 00:00:00,7440571a-841a-11ed-aa7c-7003bca91a86,4710,MV0001-05254,Nut,COMP-1768374767837-m3bhk56ru,601.059,ME Exhaust Gas Manifolds/Pipes W/Insulation,SP-601.059-254,RECEIVE,2,14,228b5256-5bd2-4bf3-826f-c6fe76571449,Received from Pacific Marine Parts at Suez,PO-2024-4549,13-Aug-2024 00:00,UTC,Suez
1247,2024-08-13 00:00:00,7440571a-841a-11ed-aa7c-7003bca91a86,4715,MV0001-05259,Ball Bearing,COMP-1768374767899-slkigc1i8,665.001,"Emergency Generator Aggregates, Complete",SP-665.001-259,RECEIVE,5,27,228b5256-5bd2-4bf3-826f-c6fe76571449,Received from Pacific Marine Parts at Suez,PO-2024-7595,13-Aug-2024 00:00,UTC,Suez
1248,2024-08-13 00:00:00,7440571a-841a-11ed-aa7c-7003bca91a86,4726,MV0001-05270,Drive End Bracket/Engine Adaptor,COMP-1768374767899-slkigc1i8,665.001,"Emergency Generator Aggregates, Complete",SP-665.001-270,RECEIVE,3,16,228b5256-5bd2-4bf3-826f-c6fe76571449,Received from Pacific Marine Parts at Suez,PO-2024-6830,13-Aug-2024 00:00,UTC,Suez
1249,2024-08-13 00:00:00,7440571a-841a-11ed-aa7c-7003bca91a86,4728,MV0001-05272,Coupling Disc,COMP-1768374767899-slkigc1i8,665.001,"Emergency Generator Aggregates, Complete",SP-665.001-272,RECEIVE,5,15,228b5256-5bd2-4bf3-826f-c6fe76571449,Received from Pacific Marine Parts at Suez,PO-2024-8958,13-Aug-2024 00:00,UTC,Suez
1250,2024-08-13 00:00:00,7440571a-841a-11ed-aa7c-7003bca91a86,4731,MV0001-05275,Frame Cover Bottom,COMP-1768374767899-slkigc1i8,665.001,"Emergency Generator Aggregates, Complete",SP-665.001-275,RECEIVE,2,14,228b5256-5bd2-4bf3-826f-c6fe76571449,Received from Pacific Marine Parts at Suez,PO-2024-7210,13-Aug-2024 00:00,UTC,Suez
1251,2024-08-13 00:00:00,7440571a-841a-11ed-aa7c-7003bca91a86,4732,MV0001-05276,Frame Cover Top,COMP-1768374767899-slkigc1i8,665.001,"Emergency Generator Aggregates, Complete",SP-665.001-276,RECEIVE,4,8,228b5256-5bd2-4bf3-826f-c6fe76571449,Received from Pacific Marine Parts at Suez,PO-2024-6627,13-Aug-2024 00:00,UTC,Suez
1252,2024-08-13 00:00:00,7440571a-841a-11ed-aa7c-7003bca91a86,4734,MV0001-05278,Terminal Box Lid,COMP-1768374767899-slkigc1i8,665.001,"Emergency Generator Aggregates, Complete",SP-665.001-278,RECEIVE,2,9,228b5256-5bd2-4bf3-826f-c6fe76571449,Received from Pacific Marine Parts at Suez,PO-2024-9836,13-Aug-2024 00:00,UTC,Suez
1253,2024-08-13 00:00:00,7440571a-841a-11ed-aa7c-7003bca91a86,4739,MV0001-05283,Automatic Voltage Regulator Mounting Bracket,COMP-1768374767899-slkigc1i8,665.001,"Emergency Generator Aggregates, Complete",SP-665.001-283,RECEIVE,4,13,228b5256-5bd2-4bf3-826f-c6fe76571449,Received from Pacific Marine Parts at Suez,PO-2024-2162,13-Aug-2024 00:00,UTC,Suez
1254,2024-08-13 00:00:00,7440571a-841a-11ed-aa7c-7003bca91a86,4798,MV0001-05342,PMG Bolt,COMP-1768374767899-slkigc1i8,665.001,"Emergency Generator Aggregates, Complete",SP-665.001-342,RECEIVE,5,25,228b5256-5bd2-4bf3-826f-c6fe76571449,Received from Pacific Marine Parts at Suez,PO-2024-8116,13-Aug-2024 00:00,UTC,Suez
1255,2024-08-13 00:00:00,7440571a-841a-11ed-aa7c-7003bca91a86,4802,MV0001-05346,Stator,COMP-1768374767899-slkigc1i8,665.001,"Emergency Generator Aggregates, Complete",SP-665.001-346,RECEIVE,2,7,228b5256-5bd2-4bf3-826f-c6fe76571449,Received from Pacific Marine Parts at Suez,PO-2024-4910,13-Aug-2024 00:00,UTC,Suez
1256,2024-08-13 00:00:00,7440571a-841a-11ed-aa7c-7003bca91a86,4813,MV0001-05357,Bearing Drive End,COMP-1768374767899-slkigc1i8,665.001,"Emergency Generator Aggregates, Complete",SP-665.001-357,RECEIVE,5,18,228b5256-5bd2-4bf3-826f-c6fe76571449,Received from Pacific Marine Parts at Suez,PO-2024-7509,13-Aug-2024 00:00,UTC,Suez
1257,2024-08-13 00:00:00,7440571a-841a-11ed-aa7c-7003bca91a86,4840,MV0001-05384,Bearing Housing,COMP-1768374767907-73hq6hda8,801.001,Clean Ballast Pumps,SP-801.001-384,RECEIVE,1,11,228b5256-5bd2-4bf3-826f-c6fe76571449,Received from Pacific Marine Parts at Suez,PO-2024-3017,13-Aug-2024 00:00,UTC,Suez
1258,2024-08-13 00:00:00,7440571a-841a-11ed-aa7c-7003bca91a86,4872,MV0001-05416,Split Ring,COMP-1768374767907-73hq6hda8,801.001,Clean Ballast Pumps,SP-801.001-416,RECEIVE,2,7,228b5256-5bd2-4bf3-826f-c6fe76571449,Received from Pacific Marine Parts at Suez,PO-2024-2935,13-Aug-2024 00:00,UTC,Suez
1259,2024-08-13 00:00:00,7440571a-841a-11ed-aa7c-7003bca91a86,4879,MV0001-05423,Bearing Support,COMP-1768374767907-73hq6hda8,801.001,Clean Ballast Pumps,SP-801.001-423,RECEIVE,3,19,228b5256-5bd2-4bf3-826f-c6fe76571449,Received from Pacific Marine Parts at Suez,PO-2024-9985,13-Aug-2024 00:00,UTC,Suez
1260,2024-08-13 00:00:00,7440571a-841a-11ed-aa7c-7003bca91a86,4881,MV0001-05425,Bearing Housing,COMP-1768374767907-73hq6hda8,801.001,Clean Ballast Pumps,SP-801.001-425,RECEIVE,3,12,228b5256-5bd2-4bf3-826f-c6fe76571449,Received from Pacific Marine Parts at Suez,PO-2024-2733,13-Aug-2024 00:00,UTC,Suez
1261,2024-08-13 00:00:00,7440571a-841a-11ed-aa7c-7003bca91a86,4893,MV0001-05437,Sleeve,COMP-1768374767907-73hq6hda8,801.001,Clean Ballast Pumps,SP-801.001-437,RECEIVE,3,13,228b5256-5bd2-4bf3-826f-c6fe76571449,Received from Pacific Marine Parts at Suez,PO-2024-0220,13-Aug-2024 00:00,UTC,Suez
1262,2024-08-13 00:00:00,7440571a-841a-11ed-aa7c-7003bca91a86,4900,MV0001-05444,Hub,COMP-1768374767907-73hq6hda8,801.001,Clean Ballast Pumps,SP-801.001-444,RECEIVE,4,17,228b5256-5bd2-4bf3-826f-c6fe76571449,Received from Pacific Marine Parts at Suez,PO-2024-9352,13-Aug-2024 00:00,UTC,Suez
1263,2024-08-13 00:00:00,7440571a-841a-11ed-aa7c-7003bca91a86,4913,MV0001-05457,Bellows,COMP-1768374767907-73hq6hda8,801.001,Clean Ballast Pumps,SP-801.001-457,RECEIVE,1,4,228b5256-5bd2-4bf3-826f-c6fe76571449,Received from Pacific Marine Parts at Suez,PO-2024-0962,13-Aug-2024 00:00,UTC,Suez
1264,2024-08-13 00:00:00,7440571a-841a-11ed-aa7c-7003bca91a86,4917,MV0001-05461,Plug,COMP-1768374767907-73hq6hda8,801.001,Clean Ballast Pumps,SP-801.001-461,RECEIVE,1,10,228b5256-5bd2-4bf3-826f-c6fe76571449,Received from Pacific Marine Parts at Suez,PO-2024-6810,13-Aug-2024 00:00,UTC,Suez
1265,2024-08-13 00:00:00,7440571a-841a-11ed-aa7c-7003bca91a86,4945,MV0001-05489,Cylinder Cover,COMP-1768374767967-jb4k6wuji,554.003.02,Compressors W/Drive Unit No.02,SP-554.003.01-489,RECEIVE,4,10,228b5256-5bd2-4bf3-826f-c6fe76571449,Received from Pacific Marine Parts at Suez,PO-2024-6468,13-Aug-2024 00:00,UTC,Suez
2568,2024-08-13 00:00:00,7440571a-841a-11ed-aa7c-7003bca91a86,5342,MV0001-05886,Friction Clutch,COMP-1768374768525-zyps62yum,712.011.02,LO Separators No.02,SP-702.005.01-886,CONSUME,-2,3,4th Engineer,Consumed during maintenance - UWO-651.003-2024-564,UWO-651.003-2024-564,13-Aug-2024,UTC,
2569,2024-08-13 00:00:00,7440571a-841a-11ed-aa7c-7003bca91a86,4976,MV0001-05520,Gasket,COMP-1768374767967-jb4k6wuji,554.003.02,Compressors W/Drive Unit No.02,SP-554.003.01-520,CONSUME,-2,1,4th Engineer,Consumed during maintenance - UWO-651.003-2024-564,UWO-651.003-2024-564,13-Aug-2024,UTC,
2895,2024-08-13 00:00:00,7440571a-841a-11ed-aa7c-7003bca91a86,5211,MV0001-05755,Gasket,COMP-1768374768525-zyps62yum,712.011.02,LO Separators No.02,SP-702.005.01-755,CONSUME,-2,3,3rd Engineer,Consumed during maintenance - UWO-651.003.05-2024-726,UWO-651.003.05-2024-726,13-Aug-2024,UTC,
2382,2024-08-11 00:00:00,7440571a-841a-11ed-aa7c-7003bca91a86,5145,MV0001-05689,Flywheel,COMP-1768374768462-uelez69lg,653.004.06,AE3 Pistons And Connecting Rod No.06,SP-651.004.01-689,CONSUME,-2,3,3rd Engineer,Consumed during maintenance - WO-702.005.02-2024-238,WO-702.005.02-2024-238,11-Aug-2024,UTC,
2693,2024-08-09 00:00:00,7440571a-841a-11ed-aa7c-7003bca91a86,4800,MV0001-05344,PMG Clamp,COMP-1768374767899-slkigc1i8,665.001,"Emergency Generator Aggregates, Complete",SP-665.001-344,CONSUME,-1,0,2nd Engineer,Consumed during maintenance - MKR-IN-00080-651.002.01-2024-502,MKR-IN-00080-651.002.01-2024-502,09-Aug-2024,UTC,
2694,2024-08-09 00:00:00,7440571a-841a-11ed-aa7c-7003bca91a86,5333,MV0001-05877,Bearing Retainer,COMP-1768374768525-zyps62yum,712.011.02,LO Separators No.02,SP-702.005.01-877,CONSUME,-1,2,2nd Engineer,Consumed during maintenance - MKR-IN-00080-651.002.01-2024-502,MKR-IN-00080-651.002.01-2024-502,09-Aug-2024,UTC,
1940,2024-08-08 00:00:00,7440571a-841a-11ed-aa7c-7003bca91a86,5129,MV0001-05673,Parallel Pin,COMP-1768374768443-sj0hmblft,653.003.06,AE3 Cylinder Liners No.06,SP-651.003.01-673,CONSUME,-1,4,3rd Engineer,Consumed during maintenance - WO-653.003.06-2024-370,WO-653.003.06-2024-370,08-Aug-2024,UTC,
1941,2024-08-08 00:00:00,7440571a-841a-11ed-aa7c-7003bca91a86,5122,MV0001-05666,Nut,COMP-1768374768443-sj0hmblft,653.003.06,AE3 Cylinder Liners No.06,SP-651.003.01-666,CONSUME,-1,4,3rd Engineer,Consumed during maintenance - WO-653.003.06-2024-370,WO-653.003.06-2024-370,08-Aug-2024,UTC,
1942,2024-08-08 00:00:00,7440571a-841a-11ed-aa7c-7003bca91a86,5121,MV0001-05665,Stud,COMP-1768374768443-sj0hmblft,653.003.06,AE3 Cylinder Liners No.06,SP-651.003.01-665,CONSUME,-1,4,3rd Engineer,Consumed during maintenance - WO-653.003.06-2024-370,WO-653.003.06-2024-370,08-Aug-2024,UTC,
2236,2024-08-08 00:00:00,7440571a-841a-11ed-aa7c-7003bca91a86,4872,MV0001-05416,Split Ring,COMP-1768374767907-73hq6hda8,801.001,Clean Ballast Pumps,SP-801.001-416,CONSUME,-1,3,Electrican,Consumed during maintenance - MKR-IN-00085-652.003.04-2024-672,MKR-IN-00085-652.003.04-2024-672,08-Aug-2024,UTC,
2779,2024-08-06 00:00:00,7440571a-841a-11ed-aa7c-7003bca91a86,5155,MV0001-05699,Split Pin,COMP-1768374767884-8s61xigy8,653.018,AE3 Crankcases,SP-651.018-699,CONSUME,-1,0,4th Engineer,Consumed during maintenance - UWO-653.018-2024-646,UWO-653.018-2024-646,06-Aug-2024,UTC,
2880,2024-08-06 00:00:00,7440571a-841a-11ed-aa7c-7003bca91a86,4826,MV0001-05370,Diode-Forward Polarity,COMP-1768374767899-slkigc1i8,665.001,"Emergency Generator Aggregates, Complete",SP-665.001-370,CONSUME,-2,1,2nd Engineer,Consumed during maintenance - MKR-OV-00025-652.004.01-2024-066,MKR-OV-00025-652.004.01-2024-066,06-Aug-2024,UTC,
2101,2024-08-05 00:00:00,7440571a-841a-11ed-aa7c-7003bca91a86,5108,MV0001-05652,O-Ring,COMP-1768374767845-490ayszf9,601.064,ME Turning Gear,SP-601.064-652,CONSUME,-1,9,2nd Engineer,Consumed during maintenance - UWO-601.064-2024-876,UWO-601.064-2024-876,05-Aug-2024,UTC,
2604,2024-08-05 00:00:00,7440571a-841a-11ed-aa7c-7003bca91a86,5187,MV0001-05731,O-Ring,COMP-1768374768525-zyps62yum,712.011.02,LO Separators No.02,SP-702.005.01-731,CONSUME,-1,2,4th Engineer,Consumed during maintenance - MKR-IN-00085-651.003.03-2024-566,MKR-IN-00085-651.003.03-2024-566,05-Aug-2024,UTC,
2674,2024-08-04 00:00:00,7440571a-841a-11ed-aa7c-7003bca91a86,5343,MV0001-05887,Bearing Housing-4,COMP-1768374768525-zyps62yum,712.011.02,LO Separators No.02,SP-702.005.01-887,CONSUME,-2,3,Electrican,Consumed during maintenance - MKR-IN-00063-601.004.01-2024-299,MKR-IN-00063-601.004.01-2024-299,04-Aug-2024,UTC,
255,2024-07-26 00:00:00,7440571a-841a-11ed-aa7c-7003bca91a86,4899,MV0001-05443,Hub,COMP-1768374767907-73hq6hda8,801.001,Clean Ballast Pumps,SP-801.001-443,CONSUME,-2,3,228b5256-5bd2-4bf3-826f-c6fe76571449,Consumed for WO WO-702.005.02-2024-236,WO-702.005.02-2024-236,26-Jul-2024 00:00,UTC,
2884,2024-07-25 00:00:00,7440571a-841a-11ed-aa7c-7003bca91a86,5314,MV0001-05858,Brake Boss,COMP-1768374768525-zyps62yum,712.011.02,LO Separators No.02,SP-702.005.01-858,CONSUME,-1,4,2nd Engineer,Consumed during maintenance - UWO-7-2024-759,UWO-7-2024-759,25-Jul-2024,UTC,
2885,2024-07-25 00:00:00,7440571a-841a-11ed-aa7c-7003bca91a86,4638,MV0001-05182,Fuse,COMP-1768374767815-k5anrfi02,554.001,Provision Cooling Compressor Aggregates,SP-554.001-182,CONSUME,-2,2,2nd Engineer,Consumed during maintenance - UWO-7-2024-759,UWO-7-2024-759,25-Jul-2024,UTC,
253,2024-07-20 00:00:00,7440571a-841a-11ed-aa7c-7003bca91a86,4952,MV0001-05496,Piston Ring,COMP-1768374767967-jb4k6wuji,554.003.02,Compressors W/Drive Unit No.02,SP-554.003.01-496,CONSUME,-1,3,228b5256-5bd2-4bf3-826f-c6fe76571449,Consumed for WO UWO-652.004.01-2024-644,UWO-652.004.01-2024-644,20-Jul-2024 00:00,UTC,
254,2024-07-20 00:00:00,7440571a-841a-11ed-aa7c-7003bca91a86,4751,MV0001-05295,Fan,COMP-1768374767899-slkigc1i8,665.001,"Emergency Generator Aggregates, Complete",SP-665.001-295,CONSUME,-2,3,228b5256-5bd2-4bf3-826f-c6fe76571449,Consumed for WO UWO-651.004.03-2024-519,UWO-651.004.03-2024-519,20-Jul-2024 00:00,UTC,
2354,2024-07-20 00:00:00,7440571a-841a-11ed-aa7c-7003bca91a86,4546,MV0001-05090,O-Ring,COMP-1768374767802-sjje0yq3o,403.001,"Steering Gears, Complete",SP-403.001-090,CONSUME,-1,4,Chief Engineer,Consumed during maintenance - UWO-652.004.01-2024-644,UWO-652.004.01-2024-644,20-Jul-2024,UTC,
2355,2024-07-20 00:00:00,7440571a-841a-11ed-aa7c-7003bca91a86,4633,MV0001-05177,Felt,COMP-1768374767815-k5anrfi02,554.001,Provision Cooling Compressor Aggregates,SP-554.001-177,CONSUME,-1,4,Chief Engineer,Consumed during maintenance - UWO-652.004.01-2024-644,UWO-652.004.01-2024-644,20-Jul-2024,UTC,
2356,2024-07-20 00:00:00,7440571a-841a-11ed-aa7c-7003bca91a86,4558,MV0001-05102,Cyl. Head Screw,COMP-1768374767802-sjje0yq3o,403.001,"Steering Gears, Complete",SP-403.001-102,CONSUME,-2,3,Chief Engineer,Consumed during maintenance - UWO-652.004.01-2024-644,UWO-652.004.01-2024-644,20-Jul-2024,UTC,
2410,2024-07-20 00:00:00,7440571a-841a-11ed-aa7c-7003bca91a86,5458,MV0001-06002,Relief Valve Cap,COMP-1768374768533-xnq4n84q4,712.013.02,LO Separator Booster Pumps No.02,SP-712.013.01-1002,CONSUME,-2,3,3rd Engineer,Consumed during maintenance - UWO-651.004.03-2024-519,UWO-651.004.03-2024-519,20-Jul-2024,UTC,
2411,2024-07-20 00:00:00,7440571a-841a-11ed-aa7c-7003bca91a86,5022,MV0001-05566,Piston Pin,COMP-1768374767967-jb4k6wuji,554.003.02,Compressors W/Drive Unit No.02,SP-554.003.01-566,CONSUME,-2,3,3rd Engineer,Consumed during maintenance - UWO-651.004.03-2024-519,UWO-651.004.03-2024-519,20-Jul-2024,UTC,
2084,2024-07-19 00:00:00,7440571a-841a-11ed-aa7c-7003bca91a86,5068,MV0001-05612,Cylinder Cover,COMP-1768374767994-apqr6kc7v,601.002.06,ME Cylinder Covers W/Valves No.06,SP-601.002.01-612,CONSUME,-2,3,2nd Engineer,Consumed during maintenance - UWO-651.003.03-2024-860,UWO-651.003.03-2024-860,19-Jul-2024,UTC,
1967,2024-07-18 00:00:00,7440571a-841a-11ed-aa7c-7003bca91a86,4704,MV0001-05248,Bolt,COMP-1768374767837-m3bhk56ru,601.059,ME Exhaust Gas Manifolds/Pipes W/Insulation,SP-601.059-248,CONSUME,-1,4,2nd Engineer,Consumed during maintenance - MKR-IN-00072-285.001.05-2024-203,MKR-IN-00072-285.001.05-2024-203,18-Jul-2024,UTC,
1968,2024-07-18 00:00:00,7440571a-841a-11ed-aa7c-7003bca91a86,4518,MV0001-05062,Plate,COMP-1768374767799-zs6hrf8cm,401.005,Rudders W/Nozzle,SP-401.005-062,CONSUME,-2,3,2nd Engineer,Consumed during maintenance - MKR-IN-00072-285.001.05-2024-203,MKR-IN-00072-285.001.05-2024-203,18-Jul-2024,UTC,
1969,2024-07-18 00:00:00,7440571a-841a-11ed-aa7c-7003bca91a86,4800,MV0001-05344,PMG Clamp,COMP-1768374767899-slkigc1i8,665.001,"Emergency Generator Aggregates, Complete",SP-665.001-344,CONSUME,-2,3,2nd Engineer,Consumed during maintenance - MKR-IN-00072-285.001.05-2024-203,MKR-IN-00072-285.001.05-2024-203,18-Jul-2024,UTC,
252,2024-07-17 00:00:00,7440571a-841a-11ed-aa7c-7003bca91a86,4481,MV0001-05025,Gudgeon,COMP-1768374767799-zs6hrf8cm,401.005,Rudders W/Nozzle,SP-401.005-025,CONSUME,-1,4,056a433e-b880-43c6-9d59-b1cfe71a4014,Consumed for WO UWO-27-2024-521,UWO-27-2024-521,17-Jul-2024 00:00,UTC,
2555,2024-07-17 00:00:00,7440571a-841a-11ed-aa7c-7003bca91a86,5511,MV0001-06055,Spacer,COMP-1768374767795-1qyq8qvkb,721.001.02,Main Sw Cooling Pumps No.02,SP-721.001.01-1055,CONSUME,-2,3,2nd Engineer,Consumed during maintenance - MKR-IN-00063-601.004.02-2024-321,MKR-IN-00063-601.004.02-2024-321,17-Jul-2024,UTC,
2796,2024-07-14 00:00:00,7440571a-841a-11ed-aa7c-7003bca91a86,5423,MV0001-05967,Valve Disk,COMP-1768374768525-zyps62yum,712.011.02,LO Separators No.02,SP-702.005.01-967,CONSUME,-2,2,4th Engineer,Consumed during maintenance - MKR-IN-00085-652.003.04-2024-673,MKR-IN-00085-652.003.04-2024-673,14-Jul-2024,UTC,
2797,2024-07-14 00:00:00,7440571a-841a-11ed-aa7c-7003bca91a86,4873,MV0001-05417,Snap Ring,COMP-1768374767907-73hq6hda8,801.001,Clean Ballast Pumps,SP-801.001-417,CONSUME,-2,2,4th Engineer,Consumed during maintenance - MKR-IN-00085-652.003.04-2024-673,MKR-IN-00085-652.003.04-2024-673,14-Jul-2024,UTC,
2814,2024-07-14 00:00:00,7440571a-841a-11ed-aa7c-7003bca91a86,4845,MV0001-05389,Bearing Inner Case,COMP-1768374767907-73hq6hda8,801.001,Clean Ballast Pumps,SP-801.001-389,CONSUME,-2,1,3rd Engineer,Consumed during maintenance - WO-702.005.02-2024-234,WO-702.005.02-2024-234,14-Jul-2024,UTC,
1184,2024-07-13 00:00:00,7440571a-841a-11ed-aa7c-7003bca91a86,4461,MV0001-05005,Hydraulic Jack,COMP-1768374767799-zs6hrf8cm,401.005,Rudders W/Nozzle,SP-401.005-005,RECEIVE,1,10,228b5256-5bd2-4bf3-826f-c6fe76571449,Received from Ocean Trading Co. at Shanghai,PO-2024-7386,13-Jul-2024 00:00,UTC,Shanghai
1185,2024-07-13 00:00:00,7440571a-841a-11ed-aa7c-7003bca91a86,4465,MV0001-05009,Drain Plug,COMP-1768374767799-zs6hrf8cm,401.005,Rudders W/Nozzle,SP-401.005-009,RECEIVE,4,12,228b5256-5bd2-4bf3-826f-c6fe76571449,Received from Ocean Trading Co. at Shanghai,PO-2024-6608,13-Jul-2024 00:00,UTC,Shanghai
1186,2024-07-13 00:00:00,7440571a-841a-11ed-aa7c-7003bca91a86,4469,MV0001-05013,O-Ring Clamp,COMP-1768374767799-zs6hrf8cm,401.005,Rudders W/Nozzle,SP-401.005-013,RECEIVE,1,10,228b5256-5bd2-4bf3-826f-c6fe76571449,Received from Ocean Trading Co. at Shanghai,PO-2024-8805,13-Jul-2024 00:00,UTC,Shanghai
1187,2024-07-13 00:00:00,7440571a-841a-11ed-aa7c-7003bca91a86,4494,MV0001-05038,Back-Up Ring,COMP-1768374767799-zs6hrf8cm,401.005,Rudders W/Nozzle,SP-401.005-038,RECEIVE,3,19,228b5256-5bd2-4bf3-826f-c6fe76571449,Received from Ocean Trading Co. at Shanghai,PO-2024-0090,13-Jul-2024 00:00,UTC,Shanghai
1188,2024-07-13 00:00:00,7440571a-841a-11ed-aa7c-7003bca91a86,4553,MV0001-05097,Adjusting Screw,COMP-1768374767802-sjje0yq3o,403.001,"Steering Gears, Complete",SP-403.001-097,RECEIVE,1,9,228b5256-5bd2-4bf3-826f-c6fe76571449,Received from Ocean Trading Co. at Shanghai,PO-2024-2591,13-Jul-2024 00:00,UTC,Shanghai
1189,2024-07-13 00:00:00,7440571a-841a-11ed-aa7c-7003bca91a86,4559,MV0001-05103,Cyl. Head Screw,COMP-1768374767802-sjje0yq3o,403.001,"Steering Gears, Complete",SP-403.001-103,RECEIVE,1,6,228b5256-5bd2-4bf3-826f-c6fe76571449,Received from Ocean Trading Co. at Shanghai,PO-2024-5056,13-Jul-2024 00:00,UTC,Shanghai
1190,2024-07-13 00:00:00,7440571a-841a-11ed-aa7c-7003bca91a86,4570,MV0001-05114,Nipple-G,COMP-1768374767802-sjje0yq3o,403.001,"Steering Gears, Complete",SP-403.001-114,RECEIVE,2,16,228b5256-5bd2-4bf3-826f-c6fe76571449,Received from Ocean Trading Co. at Shanghai,PO-2024-8008,13-Jul-2024 00:00,UTC,Shanghai
1191,2024-07-13 00:00:00,7440571a-841a-11ed-aa7c-7003bca91a86,4578,MV0001-05122,Clip,COMP-1768374767802-sjje0yq3o,403.001,"Steering Gears, Complete",SP-403.001-122,RECEIVE,2,7,228b5256-5bd2-4bf3-826f-c6fe76571449,Received from Ocean Trading Co. at Shanghai,PO-2024-0559,13-Jul-2024 00:00,UTC,Shanghai
1192,2024-07-13 00:00:00,7440571a-841a-11ed-aa7c-7003bca91a86,4586,MV0001-05130,End Cover,COMP-1768374767802-sjje0yq3o,403.001,"Steering Gears, Complete",SP-403.001-130,RECEIVE,3,21,228b5256-5bd2-4bf3-826f-c6fe76571449,Received from Ocean Trading Co. at Shanghai,PO-2024-9595,13-Jul-2024 00:00,UTC,Shanghai
1193,2024-07-13 00:00:00,7440571a-841a-11ed-aa7c-7003bca91a86,4604,MV0001-05148,Washer,COMP-1768374767802-sjje0yq3o,403.001,"Steering Gears, Complete",SP-403.001-148,RECEIVE,3,16,228b5256-5bd2-4bf3-826f-c6fe76571449,Received from Ocean Trading Co. at Shanghai,PO-2024-6706,13-Jul-2024 00:00,UTC,Shanghai
1194,2024-07-13 00:00:00,7440571a-841a-11ed-aa7c-7003bca91a86,4609,MV0001-05153,Plug,COMP-1768374767802-sjje0yq3o,403.001,"Steering Gears, Complete",SP-403.001-153,RECEIVE,2,7,228b5256-5bd2-4bf3-826f-c6fe76571449,Received from Ocean Trading Co. at Shanghai,PO-2024-4027,13-Jul-2024 00:00,UTC,Shanghai
1195,2024-07-13 00:00:00,7440571a-841a-11ed-aa7c-7003bca91a86,4615,MV0001-05159,Belt Heater,COMP-1768374767815-k5anrfi02,554.001,Provision Cooling Compressor Aggregates,SP-554.001-159,RECEIVE,5,7,228b5256-5bd2-4bf3-826f-c6fe76571449,Received from Ocean Trading Co. at Shanghai,PO-2024-2854,13-Jul-2024 00:00,UTC,Shanghai
1196,2024-07-13 00:00:00,7440571a-841a-11ed-aa7c-7003bca91a86,4617,MV0001-05161,Magnet Valve,COMP-1768374767815-k5anrfi02,554.001,Provision Cooling Compressor Aggregates,SP-554.001-161,RECEIVE,1,5,228b5256-5bd2-4bf3-826f-c6fe76571449,Received from Ocean Trading Co. at Shanghai,PO-2024-4208,13-Jul-2024 00:00,UTC,Shanghai
1197,2024-07-13 00:00:00,7440571a-841a-11ed-aa7c-7003bca91a86,4621,MV0001-05165,Stop Valve,COMP-1768374767815-k5anrfi02,554.001,Provision Cooling Compressor Aggregates,SP-554.001-165,RECEIVE,5,13,228b5256-5bd2-4bf3-826f-c6fe76571449,Received from Ocean Trading Co. at Shanghai,PO-2024-7853,13-Jul-2024 00:00,UTC,Shanghai
1198,2024-07-13 00:00:00,7440571a-841a-11ed-aa7c-7003bca91a86,4636,MV0001-05180,Lens,COMP-1768374767815-k5anrfi02,554.001,Provision Cooling Compressor Aggregates,SP-554.001-180,RECEIVE,5,21,228b5256-5bd2-4bf3-826f-c6fe76571449,Received from Ocean Trading Co. at Shanghai,PO-2024-2506,13-Jul-2024 00:00,UTC,Shanghai
1199,2024-07-13 00:00:00,7440571a-841a-11ed-aa7c-7003bca91a86,4638,MV0001-05182,Fuse,COMP-1768374767815-k5anrfi02,554.001,Provision Cooling Compressor Aggregates,SP-554.001-182,RECEIVE,2,4,228b5256-5bd2-4bf3-826f-c6fe76571449,Received from Ocean Trading Co. at Shanghai,PO-2024-8897,13-Jul-2024 00:00,UTC,Shanghai
1200,2024-07-13 00:00:00,7440571a-841a-11ed-aa7c-7003bca91a86,4641,MV0001-05185,Over Current Relay,COMP-1768374767815-k5anrfi02,554.001,Provision Cooling Compressor Aggregates,SP-554.001-185,RECEIVE,4,10,228b5256-5bd2-4bf3-826f-c6fe76571449,Received from Ocean Trading Co. at Shanghai,PO-2024-0230,13-Jul-2024 00:00,UTC,Shanghai
1201,2024-07-13 00:00:00,7440571a-841a-11ed-aa7c-7003bca91a86,4660,MV0001-05204,Thrust Bearing Support,COMP-1768374767834-dbncpiany,601.053,ME Turbochargers,SP-601.053-204,RECEIVE,3,7,228b5256-5bd2-4bf3-826f-c6fe76571449,Received from Ocean Trading Co. at Shanghai,PO-2024-3905,13-Jul-2024 00:00,UTC,Shanghai
1202,2024-07-13 00:00:00,7440571a-841a-11ed-aa7c-7003bca91a86,4663,MV0001-05207,Thrust Bearing Support,COMP-1768374767834-dbncpiany,601.053,ME Turbochargers,SP-601.053-207,RECEIVE,4,10,228b5256-5bd2-4bf3-826f-c6fe76571449,Received from Ocean Trading Co. at Shanghai,PO-2024-8309,13-Jul-2024 00:00,UTC,Shanghai
1203,2024-07-13 00:00:00,7440571a-841a-11ed-aa7c-7003bca91a86,4673,MV0001-05217,Bolt,COMP-1768374767834-dbncpiany,601.053,ME Turbochargers,SP-601.053-217,RECEIVE,2,17,228b5256-5bd2-4bf3-826f-c6fe76571449,Received from Ocean Trading Co. at Shanghai,PO-2024-8613,13-Jul-2024 00:00,UTC,Shanghai
1204,2024-07-13 00:00:00,7440571a-841a-11ed-aa7c-7003bca91a86,4698,MV0001-05242,Bolt,COMP-1768374767837-m3bhk56ru,601.059,ME Exhaust Gas Manifolds/Pipes W/Insulation,SP-601.059-242,RECEIVE,4,9,228b5256-5bd2-4bf3-826f-c6fe76571449,Received from Ocean Trading Co. at Shanghai,PO-2024-5475,13-Jul-2024 00:00,UTC,Shanghai
1205,2024-07-13 00:00:00,7440571a-841a-11ed-aa7c-7003bca91a86,4703,MV0001-05247,Bolt,COMP-1768374767837-m3bhk56ru,601.059,ME Exhaust Gas Manifolds/Pipes W/Insulation,SP-601.059-247,RECEIVE,3,8,228b5256-5bd2-4bf3-826f-c6fe76571449,Received from Ocean Trading Co. at Shanghai,PO-2024-5528,13-Jul-2024 00:00,UTC,Shanghai
1206,2024-07-13 00:00:00,7440571a-841a-11ed-aa7c-7003bca91a86,4711,MV0001-05255,Plain Washer,COMP-1768374767837-m3bhk56ru,601.059,ME Exhaust Gas Manifolds/Pipes W/Insulation,SP-601.059-255,RECEIVE,2,11,228b5256-5bd2-4bf3-826f-c6fe76571449,Received from Ocean Trading Co. at Shanghai,PO-2024-4670,13-Jul-2024 00:00,UTC,Shanghai
1207,2024-07-13 00:00:00,7440571a-841a-11ed-aa7c-7003bca91a86,4730,MV0001-05274,Foot,COMP-1768374767899-slkigc1i8,665.001,"Emergency Generator Aggregates, Complete",SP-665.001-274,RECEIVE,2,12,228b5256-5bd2-4bf3-826f-c6fe76571449,Received from Ocean Trading Co. at Shanghai,PO-2024-6520,13-Jul-2024 00:00,UTC,Shanghai
1208,2024-07-13 00:00:00,7440571a-841a-11ed-aa7c-7003bca91a86,4769,MV0001-05313,Foot,COMP-1768374767899-slkigc1i8,665.001,"Emergency Generator Aggregates, Complete",SP-665.001-313,RECEIVE,1,5,228b5256-5bd2-4bf3-826f-c6fe76571449,Received from Ocean Trading Co. at Shanghai,PO-2024-0703,13-Jul-2024 00:00,UTC,Shanghai
1209,2024-07-13 00:00:00,7440571a-841a-11ed-aa7c-7003bca91a86,4771,MV0001-05315,Frame Cover Top,COMP-1768374767899-slkigc1i8,665.001,"Emergency Generator Aggregates, Complete",SP-665.001-315,RECEIVE,3,7,228b5256-5bd2-4bf3-826f-c6fe76571449,Received from Ocean Trading Co. at Shanghai,PO-2024-1179,13-Jul-2024 00:00,UTC,Shanghai
1210,2024-07-13 00:00:00,7440571a-841a-11ed-aa7c-7003bca91a86,4801,MV0001-05345,PMG Dowel,COMP-1768374767899-slkigc1i8,665.001,"Emergency Generator Aggregates, Complete",SP-665.001-345,RECEIVE,5,16,228b5256-5bd2-4bf3-826f-c6fe76571449,Received from Ocean Trading Co. at Shanghai,PO-2024-7531,13-Jul-2024 00:00,UTC,Shanghai
1211,2024-07-13 00:00:00,7440571a-841a-11ed-aa7c-7003bca91a86,4803,MV0001-05347,Rotor,COMP-1768374767899-slkigc1i8,665.001,"Emergency Generator Aggregates, Complete",SP-665.001-347,RECEIVE,3,17,228b5256-5bd2-4bf3-826f-c6fe76571449,Received from Ocean Trading Co. at Shanghai,PO-2024-3322,13-Jul-2024 00:00,UTC,Shanghai
1212,2024-07-13 00:00:00,7440571a-841a-11ed-aa7c-7003bca91a86,4805,MV0001-05349,Exciter Stator,COMP-1768374767899-slkigc1i8,665.001,"Emergency Generator Aggregates, Complete",SP-665.001-349,RECEIVE,3,12,228b5256-5bd2-4bf3-826f-c6fe76571449,Received from Ocean Trading Co. at Shanghai,PO-2024-9042,13-Jul-2024 00:00,UTC,Shanghai
1213,2024-07-13 00:00:00,7440571a-841a-11ed-aa7c-7003bca91a86,4808,MV0001-05352,Bearing O-Ring Non Drive End,COMP-1768374767899-slkigc1i8,665.001,"Emergency Generator Aggregates, Complete",SP-665.001-352,RECEIVE,1,14,228b5256-5bd2-4bf3-826f-c6fe76571449,Received from Ocean Trading Co. at Shanghai,PO-2024-9850,13-Jul-2024 00:00,UTC,Shanghai
1214,2024-07-13 00:00:00,7440571a-841a-11ed-aa7c-7003bca91a86,4827,MV0001-05371,Diode-Reverse Polarity,COMP-1768374767899-slkigc1i8,665.001,"Emergency Generator Aggregates, Complete",SP-665.001-371,RECEIVE,2,7,228b5256-5bd2-4bf3-826f-c6fe76571449,Received from Ocean Trading Co. at Shanghai,PO-2024-6885,13-Jul-2024 00:00,UTC,Shanghai
1215,2024-07-13 00:00:00,7440571a-841a-11ed-aa7c-7003bca91a86,4832,MV0001-05376,Terminal Link,COMP-1768374767899-slkigc1i8,665.001,"Emergency Generator Aggregates, Complete",SP-665.001-376,RECEIVE,3,10,228b5256-5bd2-4bf3-826f-c6fe76571449,Received from Ocean Trading Co. at Shanghai,PO-2024-2275,13-Jul-2024 00:00,UTC,Shanghai
1216,2024-07-13 00:00:00,7440571a-841a-11ed-aa7c-7003bca91a86,4841,MV0001-05385,Bearing Housing,COMP-1768374767907-73hq6hda8,801.001,Clean Ballast Pumps,SP-801.001-385,RECEIVE,4,7,228b5256-5bd2-4bf3-826f-c6fe76571449,Received from Ocean Trading Co. at Shanghai,PO-2024-7410,13-Jul-2024 00:00,UTC,Shanghai
1217,2024-07-13 00:00:00,7440571a-841a-11ed-aa7c-7003bca91a86,4874,MV0001-05418,Mechanical Seal Cover,COMP-1768374767907-73hq6hda8,801.001,Clean Ballast Pumps,SP-801.001-418,RECEIVE,2,8,228b5256-5bd2-4bf3-826f-c6fe76571449,Received from Ocean Trading Co. at Shanghai,PO-2024-0494,13-Jul-2024 00:00,UTC,Shanghai
1218,2024-07-13 00:00:00,7440571a-841a-11ed-aa7c-7003bca91a86,4881,MV0001-05425,Bearing Housing,COMP-1768374767907-73hq6hda8,801.001,Clean Ballast Pumps,SP-801.001-425,RECEIVE,4,9,228b5256-5bd2-4bf3-826f-c6fe76571449,Received from Ocean Trading Co. at Shanghai,PO-2024-4929,13-Jul-2024 00:00,UTC,Shanghai
1219,2024-07-13 00:00:00,7440571a-841a-11ed-aa7c-7003bca91a86,4883,MV0001-05427,Gland,COMP-1768374767907-73hq6hda8,801.001,Clean Ballast Pumps,SP-801.001-427,RECEIVE,3,8,228b5256-5bd2-4bf3-826f-c6fe76571449,Received from Ocean Trading Co. at Shanghai,PO-2024-0215,13-Jul-2024 00:00,UTC,Shanghai
1220,2024-07-13 00:00:00,7440571a-841a-11ed-aa7c-7003bca91a86,4887,MV0001-05431,Ball Bearing,COMP-1768374767907-73hq6hda8,801.001,Clean Ballast Pumps,SP-801.001-431,RECEIVE,4,9,228b5256-5bd2-4bf3-826f-c6fe76571449,Received from Ocean Trading Co. at Shanghai,PO-2024-4618,13-Jul-2024 00:00,UTC,Shanghai
1221,2024-07-13 00:00:00,7440571a-841a-11ed-aa7c-7003bca91a86,4893,MV0001-05437,Sleeve,COMP-1768374767907-73hq6hda8,801.001,Clean Ballast Pumps,SP-801.001-437,RECEIVE,1,10,228b5256-5bd2-4bf3-826f-c6fe76571449,Received from Ocean Trading Co. at Shanghai,PO-2024-3009,13-Jul-2024 00:00,UTC,Shanghai
1222,2024-07-13 00:00:00,7440571a-841a-11ed-aa7c-7003bca91a86,4919,MV0001-05463,Bearing Washer,COMP-1768374767907-73hq6hda8,801.001,Clean Ballast Pumps,SP-801.001-463,RECEIVE,2,6,228b5256-5bd2-4bf3-826f-c6fe76571449,Received from Ocean Trading Co. at Shanghai,PO-2024-3976,13-Jul-2024 00:00,UTC,Shanghai
1223,2024-07-13 00:00:00,7440571a-841a-11ed-aa7c-7003bca91a86,4925,MV0001-05469,Oil Seal,COMP-1768374767907-73hq6hda8,801.001,Clean Ballast Pumps,SP-801.001-469,RECEIVE,3,15,228b5256-5bd2-4bf3-826f-c6fe76571449,Received from Ocean Trading Co. at Shanghai,PO-2024-2881,13-Jul-2024 00:00,UTC,Shanghai
1224,2024-07-13 00:00:00,7440571a-841a-11ed-aa7c-7003bca91a86,4950,MV0001-05494,Valve Plate Assembly,COMP-1768374767967-jb4k6wuji,554.003.02,Compressors W/Drive Unit No.02,SP-554.003.01-494,RECEIVE,2,21,228b5256-5bd2-4bf3-826f-c6fe76571449,Received from Ocean Trading Co. at Shanghai,PO-2024-4602,13-Jul-2024 00:00,UTC,Shanghai
2188,2024-07-13 00:00:00,7440571a-841a-11ed-aa7c-7003bca91a86,5096,MV0001-05640,Non Return Valve,COMP-1768374768201-mvmpi8w24,601.026.06,ME Hp Fuel Pumps No.06,SP-601.026.01-640,CONSUME,-1,3,4th Engineer,Consumed during maintenance - MKR-OV-00025-651.004.01-2024-020,MKR-OV-00025-651.004.01-2024-020,13-Jul-2024,UTC,
2189,2024-07-13 00:00:00,7440571a-841a-11ed-aa7c-7003bca91a86,4872,MV0001-05416,Split Ring,COMP-1768374767907-73hq6hda8,801.001,Clean Ballast Pumps,SP-801.001-416,CONSUME,-1,4,4th Engineer,Consumed during maintenance - MKR-OV-00025-651.004.01-2024-020,MKR-OV-00025-651.004.01-2024-020,13-Jul-2024,UTC,
251,2024-07-12 00:00:00,7440571a-841a-11ed-aa7c-7003bca91a86,4488,MV0001-05032,O-Ring,COMP-1768374767799-zs6hrf8cm,401.005,Rudders W/Nozzle,SP-401.005-032,CONSUME,-1,4,228b5256-5bd2-4bf3-826f-c6fe76571449,Consumed for WO UWO-80-2024-824,UWO-80-2024-824,12-Jul-2024 00:00,UTC,
1961,2024-07-10 00:00:00,7440571a-841a-11ed-aa7c-7003bca91a86,4920,MV0001-05464,Snap Ring,COMP-1768374767907-73hq6hda8,801.001,Clean Ballast Pumps,SP-801.001-464,CONSUME,-1,4,Electrican,Consumed during maintenance - MKR-IN-00079-601.066.01-2024-462,MKR-IN-00079-601.066.01-2024-462,10-Jul-2024,UTC,
1962,2024-07-10 00:00:00,7440571a-841a-11ed-aa7c-7003bca91a86,5002,MV0001-05546,Gasket,COMP-1768374767967-jb4k6wuji,554.003.02,Compressors W/Drive Unit No.02,SP-554.003.01-546,CONSUME,-1,4,Electrican,Consumed during maintenance - MKR-IN-00079-601.066.01-2024-462,MKR-IN-00079-601.066.01-2024-462,10-Jul-2024,UTC,
1963,2024-07-10 00:00:00,7440571a-841a-11ed-aa7c-7003bca91a86,5338,MV0001-05882,Collar,COMP-1768374768525-zyps62yum,712.011.02,LO Separators No.02,SP-702.005.01-882,CONSUME,-1,4,Electrican,Consumed during maintenance - MKR-IN-00079-601.066.01-2024-462,MKR-IN-00079-601.066.01-2024-462,10-Jul-2024,UTC,
250,2024-07-09 00:00:00,7440571a-841a-11ed-aa7c-7003bca91a86,4467,MV0001-05011,Hydraulic Oil Plug,COMP-1768374767799-zs6hrf8cm,401.005,Rudders W/Nozzle,SP-401.005-011,CONSUME,-2,3,056a433e-b880-43c6-9d59-b1cfe71a4014,Consumed for WO WO-702.005.02-2024-233,WO-702.005.02-2024-233,09-Jul-2024 00:00,UTC,
2259,2024-07-09 00:00:00,7440571a-841a-11ed-aa7c-7003bca91a86,4797,MV0001-05341,PMG Exciter Stator,COMP-1768374767899-slkigc1i8,665.001,"Emergency Generator Aggregates, Complete",SP-665.001-341,CONSUME,-1,3,2nd Engineer,Consumed during maintenance - UWO-653.002.02-2024-660,UWO-653.002.02-2024-660,09-Jul-2024,UTC,
3007,2024-07-08 00:00:00,7440571a-841a-11ed-aa7c-7003bca91a86,5551,MV0001-06095,Motor Frame,COMP-1768374767795-1qyq8qvkb,721.001.02,Main Sw Cooling Pumps No.02,SP-721.001.01-1095,CONSUME,-2,3,4th Engineer,Consumed during maintenance - MKR-IN-00080-651.002.02-2024-510,MKR-IN-00080-651.002.02-2024-510,08-Jul-2024,UTC,
3006,2024-07-08 00:00:00,7440571a-841a-11ed-aa7c-7003bca91a86,4708,MV0001-05252,Nut,COMP-1768374767837-m3bhk56ru,601.059,ME Exhaust Gas Manifolds/Pipes W/Insulation,SP-601.059-252,CONSUME,-1,2,4th Engineer,Consumed during maintenance - MKR-IN-00080-651.002.02-2024-510,MKR-IN-00080-651.002.02-2024-510,08-Jul-2024,UTC,
249,2024-07-08 00:00:00,7440571a-841a-11ed-aa7c-7003bca91a86,4645,MV0001-05189,Crinket,COMP-1768374767818-ckg4kqu6q,601.001,"Main Diesel Engine, Compl.",SP-601.001-189,CONSUME,-2,3,977621de-77d7-4892-ae27-adaebcc27d0b,Consumed for WO UWO-601.001-2024-634,UWO-601.001-2024-634,08-Jul-2024 00:00,UTC,
2011,2024-07-08 00:00:00,7440571a-841a-11ed-aa7c-7003bca91a86,5032,MV0001-05576,Gasket,COMP-1768374767818-ckg4kqu6q,601.001,"Main Diesel Engine, Compl.",SP-601.001-576,CONSUME,-1,4,3rd Engineer,Consumed during maintenance - UWO-601.001-2024-634,UWO-601.001-2024-634,08-Jul-2024,UTC,
2012,2024-07-08 00:00:00,7440571a-841a-11ed-aa7c-7003bca91a86,5031,MV0001-05575,O-Ring,COMP-1768374767818-ckg4kqu6q,601.001,"Main Diesel Engine, Compl.",SP-601.001-575,CONSUME,-1,4,3rd Engineer,Consumed during maintenance - UWO-601.001-2024-634,UWO-601.001-2024-634,08-Jul-2024,UTC,
243,2024-07-07 00:00:00,7440571a-841a-11ed-aa7c-7003bca91a86,4857,MV0001-05401,Packing Ring,COMP-1768374767907-73hq6hda8,801.001,Clean Ballast Pumps,SP-801.001-401,CONSUME,-2,3,056a433e-b880-43c6-9d59-b1cfe71a4014,Consumed for WO WO-653.003.06-2024-369,WO-653.003.06-2024-369,07-Jul-2024 00:00,UTC,
244,2024-07-07 00:00:00,7440571a-841a-11ed-aa7c-7003bca91a86,4676,MV0001-05220,Bolt,COMP-1768374767834-dbncpiany,601.053,ME Turbochargers,SP-601.053-220,CONSUME,-2,0,228b5256-5bd2-4bf3-826f-c6fe76571449,Consumed for WO WO-601.053-2024-418,WO-601.053-2024-418,07-Jul-2024 00:00,UTC,
245,2024-07-07 00:00:00,7440571a-841a-11ed-aa7c-7003bca91a86,4677,MV0001-05221,Gasket,COMP-1768374767834-dbncpiany,601.053,ME Turbochargers,SP-601.053-221,CONSUME,-1,0,977621de-77d7-4892-ae27-adaebcc27d0b,Consumed for WO WO-601.053-2024-418,WO-601.053-2024-418,07-Jul-2024 00:00,UTC,
246,2024-07-07 00:00:00,7440571a-841a-11ed-aa7c-7003bca91a86,4658,MV0001-05202,Thrust Bearing Complete,COMP-1768374767834-dbncpiany,601.053,ME Turbochargers,SP-601.053-202,CONSUME,-2,0,056a433e-b880-43c6-9d59-b1cfe71a4014,Consumed for WO WO-601.053-2024-418,WO-601.053-2024-418,07-Jul-2024 00:00,UTC,
247,2024-07-07 00:00:00,7440571a-841a-11ed-aa7c-7003bca91a86,4939,MV0001-05483,O-Ring,COMP-1768374767809-mr8172nux,411.002,X-Band Radar,SP-411.002-483,CONSUME,-2,4,6084f3b8-85dc-462a-b045-111d2b2e6d0e,Consumed for WO WO-411.002-2024-408,WO-411.002-2024-408,07-Jul-2024 00:00,UTC,
248,2024-07-07 00:00:00,7440571a-841a-11ed-aa7c-7003bca91a86,4940,MV0001-05484,Gasket,COMP-1768374767809-mr8172nux,411.002,X-Band Radar,SP-411.002-484,CONSUME,-1,7,6084f3b8-85dc-462a-b045-111d2b2e6d0e,Consumed for WO WO-411.002-2024-408,WO-411.002-2024-408,07-Jul-2024 00:00,UTC,
2233,2024-07-07 00:00:00,7440571a-841a-11ed-aa7c-7003bca91a86,5058,MV0001-05602,Piston Complete,COMP-1768374767994-apqr6kc7v,601.002.06,ME Cylinder Covers W/Valves No.06,SP-601.002.01-602,CONSUME,-2,3,Chief Engineer,Consumed during maintenance - MKR-IN-00075-601.002.06-2024-286,MKR-IN-00075-601.002.06-2024-286,07-Jul-2024,UTC,
2234,2024-07-07 00:00:00,7440571a-841a-11ed-aa7c-7003bca91a86,5066,MV0001-05610,Crank Pin Bearing,COMP-1768374767994-apqr6kc7v,601.002.06,ME Cylinder Covers W/Valves No.06,SP-601.002.01-610,CONSUME,-1,4,Chief Engineer,Consumed during maintenance - MKR-IN-00075-601.002.06-2024-286,MKR-IN-00075-601.002.06-2024-286,07-Jul-2024,UTC,
2235,2024-07-07 00:00:00,7440571a-841a-11ed-aa7c-7003bca91a86,5047,MV0001-05591,Parallel Pin,COMP-1768374767994-apqr6kc7v,601.002.06,ME Cylinder Covers W/Valves No.06,SP-601.002.01-591,CONSUME,-1,4,Chief Engineer,Consumed during maintenance - MKR-IN-00075-601.002.06-2024-286,MKR-IN-00075-601.002.06-2024-286,07-Jul-2024,UTC,
2260,2024-07-07 00:00:00,7440571a-841a-11ed-aa7c-7003bca91a86,5069,MV0001-05613,Water Guide Jacket Of Cylinder Cover,COMP-1768374767994-apqr6kc7v,601.002.06,ME Cylinder Covers W/Valves No.06,SP-601.002.01-613,CONSUME,-1,4,4th Engineer,Consumed during maintenance - MKR-IN-00017-652.020.07-2024-105,MKR-IN-00017-652.020.07-2024-105,07-Jul-2024,UTC,
2961,2024-07-06 00:00:00,7440571a-841a-11ed-aa7c-7003bca91a86,4521,MV0001-05065,O-Ring,COMP-1768374767799-zs6hrf8cm,401.005,Rudders W/Nozzle,SP-401.005-065,CONSUME,-1,4,4th Engineer,Consumed during maintenance - MKR-IN-00080-652.002.02-2024-617,MKR-IN-00080-652.002.02-2024-617,06-Jul-2024,UTC,
1990,2024-07-05 00:00:00,7440571a-841a-11ed-aa7c-7003bca91a86,5073,MV0001-05617,O-Ring,COMP-1768374768143-4kulzp9vp,601.004.06,"ME Pistons, Piston Rods No.06",SP-601.004.01-617,CONSUME,-1,9,Chief Engineer,Consumed during maintenance - MKR-IN-00063-601.004.06-2024-382,MKR-IN-00063-601.004.06-2024-382,05-Jul-2024,UTC,
2097,2024-07-04 00:00:00,7440571a-841a-11ed-aa7c-7003bca91a86,4659,MV0001-05203,Upper Cover,COMP-1768374767834-dbncpiany,601.053,ME Turbochargers,SP-601.053-203,CONSUME,-2,3,2nd Engineer,Consumed during maintenance - WO-601.053-2024-458,WO-601.053-2024-458,04-Jul-2024,UTC,
2370,2024-07-04 00:00:00,7440571a-841a-11ed-aa7c-7003bca91a86,5085,MV0001-05629,PT Sensor Type,COMP-1768374768201-mvmpi8w24,601.026.06,ME Hp Fuel Pumps No.06,SP-601.026.01-629,CONSUME,-1,4,2nd Engineer,Consumed during maintenance - MKR-IN-00085-651.003.04-2024-578,MKR-IN-00085-651.003.04-2024-578,04-Jul-2024,UTC,
2714,2024-07-03 00:00:00,7440571a-841a-11ed-aa7c-7003bca91a86,4625,MV0001-05169,Switch With Indicator Lamp,COMP-1768374767815-k5anrfi02,554.001,Provision Cooling Compressor Aggregates,SP-554.001-169,CONSUME,-1,2,4th Engineer,Consumed during maintenance - MKR-IN-00085-651.003.02-2024-561,MKR-IN-00085-651.003.02-2024-561,03-Jul-2024,UTC,
2800,2024-07-03 00:00:00,7440571a-841a-11ed-aa7c-7003bca91a86,4464,MV0001-05008,Deaeration Plug,COMP-1768374767799-zs6hrf8cm,401.005,Rudders W/Nozzle,SP-401.005-008,CONSUME,-2,2,3rd Engineer,Consumed during maintenance - WO-651.003.01-2024-333,WO-651.003.01-2024-333,03-Jul-2024,UTC,
2801,2024-07-03 00:00:00,7440571a-841a-11ed-aa7c-7003bca91a86,4951,MV0001-05495,Suction Valve,COMP-1768374767967-jb4k6wuji,554.003.02,Compressors W/Drive Unit No.02,SP-554.003.01-495,CONSUME,-2,0,3rd Engineer,Consumed during maintenance - WO-651.003.01-2024-333,WO-651.003.01-2024-333,03-Jul-2024,UTC,
242,2024-06-29 00:00:00,7440571a-841a-11ed-aa7c-7003bca91a86,4515,MV0001-05059,Nut,COMP-1768374767799-zs6hrf8cm,401.005,Rudders W/Nozzle,SP-401.005-059,CONSUME,-2,1,977621de-77d7-4892-ae27-adaebcc27d0b,Consumed for WO WO-653.003.06-2024-368,WO-653.003.06-2024-368,29-Jun-2024 00:00,UTC,
241,2024-06-28 00:00:00,7440571a-841a-11ed-aa7c-7003bca91a86,4778,MV0001-05322,Automatic Voltage Regulator Mounting Bracket,COMP-1768374767899-slkigc1i8,665.001,"Emergency Generator Aggregates, Complete",SP-665.001-322,CONSUME,-1,4,6084f3b8-85dc-462a-b045-111d2b2e6d0e,Consumed for WO UWO-601.007.06-2024-667,UWO-601.007.06-2024-667,28-Jun-2024 00:00,UTC,
240,2024-06-27 00:00:00,7440571a-841a-11ed-aa7c-7003bca91a86,4626,MV0001-05170,W.T. Receptacle,COMP-1768374767815-k5anrfi02,554.001,Provision Cooling Compressor Aggregates,SP-554.001-170,CONSUME,-1,2,056a433e-b880-43c6-9d59-b1cfe71a4014,Consumed for WO UWO-652.004.03-2024-808,UWO-652.004.03-2024-808,27-Jun-2024 00:00,UTC,
2533,2024-06-27 00:00:00,7440571a-841a-11ed-aa7c-7003bca91a86,5163,MV0001-05707,"Gasket, Cylinder Head",COMP-1768374768505-jktu58f2h,653.020.07,AE3 Crankcase Doors W/Safety Valve No.07,SP-651.020.01-707,CONSUME,-1,4,3rd Engineer,Consumed during maintenance - UWO-652.004.03-2024-808,UWO-652.004.03-2024-808,27-Jun-2024,UTC,
2534,2024-06-27 00:00:00,7440571a-841a-11ed-aa7c-7003bca91a86,5474,MV0001-06018,Pump Shaft,COMP-1768374767795-1qyq8qvkb,721.001.02,Main Sw Cooling Pumps No.02,SP-721.001.01-1018,CONSUME,-2,3,3rd Engineer,Consumed during maintenance - UWO-652.004.03-2024-808,UWO-652.004.03-2024-808,27-Jun-2024,UTC,
2845,2024-06-27 00:00:00,7440571a-841a-11ed-aa7c-7003bca91a86,5111,MV0001-05655,Gasket,COMP-1768374767879-whkjy1n4i,653.001,"Aux. Diesel Generator Aggregates, Complete No.03",SP-651.001-655,CONSUME,-1,4,4th Engineer,Consumed during maintenance - MKR-IN-00072-285.001.04-2024-195,MKR-IN-00072-285.001.04-2024-195,27-Jun-2024,UTC,
2925,2024-06-27 00:00:00,7440571a-841a-11ed-aa7c-7003bca91a86,5304,MV0001-05848,Socket Cap Screw,COMP-1768374768525-zyps62yum,712.011.02,LO Separators No.02,SP-702.005.01-848,CONSUME,-1,4,4th Engineer,Consumed during maintenance - MKR-OV-00013-601.026.05-2024-439,MKR-OV-00013-601.026.05-2024-439,27-Jun-2024,UTC,
2926,2024-06-27 00:00:00,7440571a-841a-11ed-aa7c-7003bca91a86,5221,MV0001-05765,Connecting Tube-1,COMP-1768374768525-zyps62yum,712.011.02,LO Separators No.02,SP-702.005.01-765,CONSUME,-2,3,4th Engineer,Consumed during maintenance - MKR-OV-00013-601.026.05-2024-439,MKR-OV-00013-601.026.05-2024-439,27-Jun-2024,UTC,
2927,2024-06-27 00:00:00,7440571a-841a-11ed-aa7c-7003bca91a86,5261,MV0001-05805,O-Ring,COMP-1768374768525-zyps62yum,712.011.02,LO Separators No.02,SP-702.005.01-805,CONSUME,-2,3,4th Engineer,Consumed during maintenance - MKR-OV-00013-601.026.05-2024-439,MKR-OV-00013-601.026.05-2024-439,27-Jun-2024,UTC,
238,2024-06-26 00:00:00,7440571a-841a-11ed-aa7c-7003bca91a86,4875,MV0001-05419,Mechanical Seal Cover,COMP-1768374767907-73hq6hda8,801.001,Clean Ballast Pumps,SP-801.001-419,CONSUME,-2,1,480b40d0-04bd-4590-a936-2f879b867977,Consumed for WO UWO-653.007.07-2024-689,UWO-653.007.07-2024-689,26-Jun-2024 00:00,UTC,
239,2024-06-26 00:00:00,7440571a-841a-11ed-aa7c-7003bca91a86,4680,MV0001-05224,Thread End Taper Pin,COMP-1768374767834-dbncpiany,601.053,ME Turbochargers,SP-601.053-224,CONSUME,-1,0,228b5256-5bd2-4bf3-826f-c6fe76571449,Consumed for WO UWO-652.002.01-2024-721,UWO-652.002.01-2024-721,26-Jun-2024 00:00,UTC,
2906,2024-06-26 00:00:00,7440571a-841a-11ed-aa7c-7003bca91a86,5398,MV0001-05942,Plunger Spring,COMP-1768374768525-zyps62yum,712.011.02,LO Separators No.02,SP-702.005.01-942,CONSUME,-1,2,2nd Engineer,Consumed during maintenance - UWO-652.002.01-2024-721,UWO-652.002.01-2024-721,26-Jun-2024,UTC,
2907,2024-06-26 00:00:00,7440571a-841a-11ed-aa7c-7003bca91a86,5127,MV0001-05671,"Thrust Bearing, Lower",COMP-1768374768443-sj0hmblft,653.003.06,AE3 Cylinder Liners No.06,SP-651.003.01-671,CONSUME,-1,4,2nd Engineer,Consumed during maintenance - UWO-652.002.01-2024-721,UWO-652.002.01-2024-721,26-Jun-2024,UTC,
2908,2024-06-26 00:00:00,7440571a-841a-11ed-aa7c-7003bca91a86,4479,MV0001-05023,Hydraulic Jack,COMP-1768374767799-zs6hrf8cm,401.005,Rudders W/Nozzle,SP-401.005-023,CONSUME,-1,4,2nd Engineer,Consumed during maintenance - UWO-652.002.01-2024-721,UWO-652.002.01-2024-721,26-Jun-2024,UTC,
2242,2024-06-23 00:00:00,7440571a-841a-11ed-aa7c-7003bca91a86,4947,MV0001-05491,Bottom Cover,COMP-1768374767967-jb4k6wuji,554.003.02,Compressors W/Drive Unit No.02,SP-554.003.01-491,CONSUME,-2,3,4th Engineer,Consumed during maintenance - UWO-554.003.02-2024-629,UWO-554.003.02-2024-629,23-Jun-2024,UTC,
2243,2024-06-23 00:00:00,7440571a-841a-11ed-aa7c-7003bca91a86,4957,MV0001-05501,Relief Valve,COMP-1768374767967-jb4k6wuji,554.003.02,Compressors W/Drive Unit No.02,SP-554.003.01-501,CONSUME,-1,4,4th Engineer,Consumed during maintenance - UWO-554.003.02-2024-629,UWO-554.003.02-2024-629,23-Jun-2024,UTC,
2244,2024-06-23 00:00:00,7440571a-841a-11ed-aa7c-7003bca91a86,4951,MV0001-05495,Suction Valve,COMP-1768374767967-jb4k6wuji,554.003.02,Compressors W/Drive Unit No.02,SP-554.003.01-495,CONSUME,-2,3,4th Engineer,Consumed during maintenance - UWO-554.003.02-2024-629,UWO-554.003.02-2024-629,23-Jun-2024,UTC,
2268,2024-06-23 00:00:00,7440571a-841a-11ed-aa7c-7003bca91a86,5072,MV0001-05616,Gasket,COMP-1768374768022-1676057de,601.003.06,ME Cylinder Liners No.06,SP-601.003.01-616,CONSUME,-1,7,2nd Engineer,Consumed during maintenance - UWO-601.003.06-2024-574,UWO-601.003.06-2024-574,23-Jun-2024,UTC,
2781,2024-06-23 00:00:00,7440571a-841a-11ed-aa7c-7003bca91a86,4811,MV0001-05355,Drive End Bracket,COMP-1768374767899-slkigc1i8,665.001,"Emergency Generator Aggregates, Complete",SP-665.001-355,CONSUME,-2,2,4th Engineer,Consumed during maintenance - MKR-IN-00063-601.004.01-2024-306,MKR-IN-00063-601.004.01-2024-306,23-Jun-2024,UTC,
237,2024-06-22 00:00:00,7440571a-841a-11ed-aa7c-7003bca91a86,4638,MV0001-05182,Fuse,COMP-1768374767815-k5anrfi02,554.001,Provision Cooling Compressor Aggregates,SP-554.001-182,CONSUME,-2,3,977621de-77d7-4892-ae27-adaebcc27d0b,Consumed for WO UWO-653.007.05-2024-595,UWO-653.007.05-2024-595,22-Jun-2024 00:00,UTC,
2034,2024-06-22 00:00:00,7440571a-841a-11ed-aa7c-7003bca91a86,5025,MV0001-05569,Packing For Front Cover,COMP-1768374767974-ma2l45pdf,554.005.02,Condensers No.02,SP-554.005.01-569,CONSUME,-1,2,3rd Engineer,Consumed during maintenance - UWO-653.007.05-2024-595,UWO-653.007.05-2024-595,22-Jun-2024,UTC,
2035,2024-06-22 00:00:00,7440571a-841a-11ed-aa7c-7003bca91a86,5414,MV0001-05958,Spool,COMP-1768374768525-zyps62yum,712.011.02,LO Separators No.02,SP-702.005.01-958,CONSUME,-2,2,3rd Engineer,Consumed during maintenance - UWO-653.007.05-2024-595,UWO-653.007.05-2024-595,22-Jun-2024,UTC,
2592,2024-06-21 00:00:00,7440571a-841a-11ed-aa7c-7003bca91a86,5124,MV0001-05668,Main Bearing Assembly,COMP-1768374768443-sj0hmblft,653.003.06,AE3 Cylinder Liners No.06,SP-651.003.01-668,CONSUME,-1,3,2nd Engineer,Consumed during maintenance - MKR-OV-00025-651.004.04-2024-029,MKR-OV-00025-651.004.04-2024-029,21-Jun-2024,UTC,
2494,2024-06-18 00:00:00,7440571a-841a-11ed-aa7c-7003bca91a86,5068,MV0001-05612,Cylinder Cover,COMP-1768374767994-apqr6kc7v,601.002.06,ME Cylinder Covers W/Valves No.06,SP-601.002.01-612,CONSUME,-2,1,4th Engineer,Consumed during maintenance - UWO-651.020.01-2024-528,UWO-651.020.01-2024-528,18-Jun-2024,UTC,
2145,2024-06-17 00:00:00,7440571a-841a-11ed-aa7c-7003bca91a86,5139,MV0001-05683,Parallel Pin,COMP-1768374768462-uelez69lg,653.004.06,AE3 Pistons And Connecting Rod No.06,SP-651.004.01-683,CONSUME,-2,3,2nd Engineer,Consumed during maintenance - MKR-IN-00080-651.002.02-2024-514,MKR-IN-00080-651.002.02-2024-514,17-Jun-2024,UTC,
236,2024-06-16 00:00:00,7440571a-841a-11ed-aa7c-7003bca91a86,4613,MV0001-05157,O-Ring,COMP-1768374767802-sjje0yq3o,403.001,"Steering Gears, Complete",SP-403.001-157,CONSUME,-1,4,480b40d0-04bd-4590-a936-2f879b867977,Consumed for WO WO-702.005.02-2024-230,WO-702.005.02-2024-230,16-Jun-2024 00:00,UTC,
2062,2024-06-16 00:00:00,7440571a-841a-11ed-aa7c-7003bca91a86,5087,MV0001-05631,Measuring Insert,COMP-1768374768201-mvmpi8w24,601.026.06,ME Hp Fuel Pumps No.06,SP-601.026.01-631,CONSUME,-1,4,2nd Engineer,Consumed during maintenance - UWO-7-2024-698,UWO-7-2024-698,16-Jun-2024,UTC,
2774,2024-06-14 00:00:00,7440571a-841a-11ed-aa7c-7003bca91a86,4602,MV0001-05146,O-Ring,COMP-1768374767802-sjje0yq3o,403.001,"Steering Gears, Complete",SP-403.001-146,CONSUME,-2,3,2nd Engineer,Consumed during maintenance - UWO-601.066.05-2024-688,UWO-601.066.05-2024-688,14-Jun-2024,UTC,
2775,2024-06-14 00:00:00,7440571a-841a-11ed-aa7c-7003bca91a86,4982,MV0001-05526,Joint,COMP-1768374767967-jb4k6wuji,554.003.02,Compressors W/Drive Unit No.02,SP-554.003.01-526,CONSUME,-2,3,2nd Engineer,Consumed during maintenance - UWO-601.066.05-2024-688,UWO-601.066.05-2024-688,14-Jun-2024,UTC,
1149,2024-06-13 00:00:00,7440571a-841a-11ed-aa7c-7003bca91a86,4527,MV0001-05071,Tool Bar,COMP-1768374767799-zs6hrf8cm,401.005,Rudders W/Nozzle,SP-401.005-071,RECEIVE,3,8,228b5256-5bd2-4bf3-826f-c6fe76571449,Received from Ocean Trading Co. at Houston,PO-2024-5958,13-Jun-2024 00:00,UTC,Houston
1141,2024-06-13 00:00:00,7440571a-841a-11ed-aa7c-7003bca91a86,4460,MV0001-05004,Rudder Stock Nut,COMP-1768374767799-zs6hrf8cm,401.005,Rudders W/Nozzle,SP-401.005-004,RECEIVE,1,6,228b5256-5bd2-4bf3-826f-c6fe76571449,Received from Ocean Trading Co. at Houston,PO-2024-7465,13-Jun-2024 00:00,UTC,Houston
1142,2024-06-13 00:00:00,7440571a-841a-11ed-aa7c-7003bca91a86,4475,MV0001-05019,O-Ring,COMP-1768374767799-zs6hrf8cm,401.005,Rudders W/Nozzle,SP-401.005-019,RECEIVE,2,8,228b5256-5bd2-4bf3-826f-c6fe76571449,Received from Ocean Trading Co. at Houston,PO-2024-6165,13-Jun-2024 00:00,UTC,Houston
1143,2024-06-13 00:00:00,7440571a-841a-11ed-aa7c-7003bca91a86,4509,MV0001-05053,Rib,COMP-1768374767799-zs6hrf8cm,401.005,Rudders W/Nozzle,SP-401.005-053,RECEIVE,3,5,228b5256-5bd2-4bf3-826f-c6fe76571449,Received from Ocean Trading Co. at Houston,PO-2024-0117,13-Jun-2024 00:00,UTC,Houston
1144,2024-06-13 00:00:00,7440571a-841a-11ed-aa7c-7003bca91a86,4512,MV0001-05056,"Stud Bolt, Nut",COMP-1768374767799-zs6hrf8cm,401.005,Rudders W/Nozzle,SP-401.005-056,RECEIVE,5,13,228b5256-5bd2-4bf3-826f-c6fe76571449,Received from Ocean Trading Co. at Houston,PO-2024-1982,13-Jun-2024 00:00,UTC,Houston
1145,2024-06-13 00:00:00,7440571a-841a-11ed-aa7c-7003bca91a86,4515,MV0001-05059,Nut,COMP-1768374767799-zs6hrf8cm,401.005,Rudders W/Nozzle,SP-401.005-059,RECEIVE,5,20,228b5256-5bd2-4bf3-826f-c6fe76571449,Received from Ocean Trading Co. at Houston,PO-2024-3314,13-Jun-2024 00:00,UTC,Houston
1146,2024-06-13 00:00:00,7440571a-841a-11ed-aa7c-7003bca91a86,4516,MV0001-05060,Nut,COMP-1768374767799-zs6hrf8cm,401.005,Rudders W/Nozzle,SP-401.005-060,RECEIVE,3,11,228b5256-5bd2-4bf3-826f-c6fe76571449,Received from Ocean Trading Co. at Houston,PO-2024-4818,13-Jun-2024 00:00,UTC,Houston
1147,2024-06-13 00:00:00,7440571a-841a-11ed-aa7c-7003bca91a86,4522,MV0001-05066,Hexagon High Strength Bolt,COMP-1768374767799-zs6hrf8cm,401.005,Rudders W/Nozzle,SP-401.005-066,RECEIVE,5,9,228b5256-5bd2-4bf3-826f-c6fe76571449,Received from Ocean Trading Co. at Houston,PO-2024-9570,13-Jun-2024 00:00,UTC,Houston
1148,2024-06-13 00:00:00,7440571a-841a-11ed-aa7c-7003bca91a86,4526,MV0001-05070,Grease Nipple,COMP-1768374767799-zs6hrf8cm,401.005,Rudders W/Nozzle,SP-401.005-070,RECEIVE,1,4,228b5256-5bd2-4bf3-826f-c6fe76571449,Received from Ocean Trading Co. at Houston,PO-2024-1191,13-Jun-2024 00:00,UTC,Houston
1150,2024-06-13 00:00:00,7440571a-841a-11ed-aa7c-7003bca91a86,4541,MV0001-05085,Pipe Fitting,COMP-1768374767802-sjje0yq3o,403.001,"Steering Gears, Complete",SP-403.001-085,RECEIVE,3,4,228b5256-5bd2-4bf3-826f-c6fe76571449,Received from Ocean Trading Co. at Houston,PO-2024-8267,13-Jun-2024 00:00,UTC,Houston
1151,2024-06-13 00:00:00,7440571a-841a-11ed-aa7c-7003bca91a86,4677,MV0001-05221,Gasket,COMP-1768374767834-dbncpiany,601.053,ME Turbochargers,SP-601.053-221,RECEIVE,1,5,228b5256-5bd2-4bf3-826f-c6fe76571449,Received from Ocean Trading Co. at Houston,PO-2024-1095,13-Jun-2024 00:00,UTC,Houston
1152,2024-06-13 00:00:00,7440571a-841a-11ed-aa7c-7003bca91a86,4586,MV0001-05130,End Cover,COMP-1768374767802-sjje0yq3o,403.001,"Steering Gears, Complete",SP-403.001-130,RECEIVE,4,18,228b5256-5bd2-4bf3-826f-c6fe76571449,Received from Ocean Trading Co. at Houston,PO-2024-6867,13-Jun-2024 00:00,UTC,Houston
1153,2024-06-13 00:00:00,7440571a-841a-11ed-aa7c-7003bca91a86,4595,MV0001-05139,Sleeve,COMP-1768374767802-sjje0yq3o,403.001,"Steering Gears, Complete",SP-403.001-139,RECEIVE,1,5,228b5256-5bd2-4bf3-826f-c6fe76571449,Received from Ocean Trading Co. at Houston,PO-2024-2246,13-Jun-2024 00:00,UTC,Houston
1154,2024-06-13 00:00:00,7440571a-841a-11ed-aa7c-7003bca91a86,4613,MV0001-05157,O-Ring,COMP-1768374767802-sjje0yq3o,403.001,"Steering Gears, Complete",SP-403.001-157,RECEIVE,5,14,228b5256-5bd2-4bf3-826f-c6fe76571449,Received from Ocean Trading Co. at Houston,PO-2024-3068,13-Jun-2024 00:00,UTC,Houston
1155,2024-06-13 00:00:00,7440571a-841a-11ed-aa7c-7003bca91a86,4649,MV0001-05193,Nut,COMP-1768374767827-g6k9lk4to,601.016,ME Tiebolts,SP-601.016-193,RECEIVE,2,10,228b5256-5bd2-4bf3-826f-c6fe76571449,Received from Ocean Trading Co. at Houston,PO-2024-4485,13-Jun-2024 00:00,UTC,Houston
1156,2024-06-13 00:00:00,7440571a-841a-11ed-aa7c-7003bca91a86,4651,MV0001-05195,Bush,COMP-1768374767827-g6k9lk4to,601.016,ME Tiebolts,SP-601.016-195,RECEIVE,5,16,228b5256-5bd2-4bf3-826f-c6fe76571449,Received from Ocean Trading Co. at Houston,PO-2024-4293,13-Jun-2024 00:00,UTC,Houston
1157,2024-06-13 00:00:00,7440571a-841a-11ed-aa7c-7003bca91a86,4678,MV0001-05222,Bolt With Wire Hole,COMP-1768374767834-dbncpiany,601.053,ME Turbochargers,SP-601.053-222,RECEIVE,2,9,228b5256-5bd2-4bf3-826f-c6fe76571449,Received from Ocean Trading Co. at Houston,PO-2024-3831,13-Jun-2024 00:00,UTC,Houston
1158,2024-06-13 00:00:00,7440571a-841a-11ed-aa7c-7003bca91a86,4681,MV0001-05225,Locking Wire,COMP-1768374767834-dbncpiany,601.053,ME Turbochargers,SP-601.053-225,RECEIVE,4,8,228b5256-5bd2-4bf3-826f-c6fe76571449,Received from Ocean Trading Co. at Houston,PO-2024-7357,13-Jun-2024 00:00,UTC,Houston
1159,2024-06-13 00:00:00,7440571a-841a-11ed-aa7c-7003bca91a86,4682,MV0001-05226,Locking Wire,COMP-1768374767834-dbncpiany,601.053,ME Turbochargers,SP-601.053-226,RECEIVE,3,11,228b5256-5bd2-4bf3-826f-c6fe76571449,Received from Ocean Trading Co. at Houston,PO-2024-6841,13-Jun-2024 00:00,UTC,Houston
1160,2024-06-13 00:00:00,7440571a-841a-11ed-aa7c-7003bca91a86,4683,MV0001-05227,O-Ring,COMP-1768374767834-dbncpiany,601.053,ME Turbochargers,SP-601.053-227,RECEIVE,4,13,228b5256-5bd2-4bf3-826f-c6fe76571449,Received from Ocean Trading Co. at Houston,PO-2024-6111,13-Jun-2024 00:00,UTC,Houston
1161,2024-06-13 00:00:00,7440571a-841a-11ed-aa7c-7003bca91a86,4726,MV0001-05270,Drive End Bracket/Engine Adaptor,COMP-1768374767899-slkigc1i8,665.001,"Emergency Generator Aggregates, Complete",SP-665.001-270,RECEIVE,3,13,228b5256-5bd2-4bf3-826f-c6fe76571449,Received from Ocean Trading Co. at Houston,PO-2024-5509,13-Jun-2024 00:00,UTC,Houston
1162,2024-06-13 00:00:00,7440571a-841a-11ed-aa7c-7003bca91a86,4759,MV0001-05303,Exciter Rotor,COMP-1768374767899-slkigc1i8,665.001,"Emergency Generator Aggregates, Complete",SP-665.001-303,RECEIVE,1,6,228b5256-5bd2-4bf3-826f-c6fe76571449,Received from Ocean Trading Co. at Houston,PO-2024-6063,13-Jun-2024 00:00,UTC,Houston
1163,2024-06-13 00:00:00,7440571a-841a-11ed-aa7c-7003bca91a86,4761,MV0001-05305,Non Drive End Bracket,COMP-1768374767899-slkigc1i8,665.001,"Emergency Generator Aggregates, Complete",SP-665.001-305,RECEIVE,2,17,228b5256-5bd2-4bf3-826f-c6fe76571449,Received from Ocean Trading Co. at Houston,PO-2024-4804,13-Jun-2024 00:00,UTC,Houston
1164,2024-06-13 00:00:00,7440571a-841a-11ed-aa7c-7003bca91a86,4769,MV0001-05313,Foot,COMP-1768374767899-slkigc1i8,665.001,"Emergency Generator Aggregates, Complete",SP-665.001-313,RECEIVE,2,4,228b5256-5bd2-4bf3-826f-c6fe76571449,Received from Ocean Trading Co. at Houston,PO-2024-7649,13-Jun-2024 00:00,UTC,Houston
1165,2024-06-13 00:00:00,7440571a-841a-11ed-aa7c-7003bca91a86,4799,MV0001-05343,PMG Pillar,COMP-1768374767899-slkigc1i8,665.001,"Emergency Generator Aggregates, Complete",SP-665.001-343,RECEIVE,1,12,228b5256-5bd2-4bf3-826f-c6fe76571449,Received from Ocean Trading Co. at Houston,PO-2024-6563,13-Jun-2024 00:00,UTC,Houston
1166,2024-06-13 00:00:00,7440571a-841a-11ed-aa7c-7003bca91a86,4807,MV0001-05351,Cover Non Drive End,COMP-1768374767899-slkigc1i8,665.001,"Emergency Generator Aggregates, Complete",SP-665.001-351,RECEIVE,3,16,228b5256-5bd2-4bf3-826f-c6fe76571449,Received from Ocean Trading Co. at Houston,PO-2024-2671,13-Jun-2024 00:00,UTC,Houston
1167,2024-06-13 00:00:00,7440571a-841a-11ed-aa7c-7003bca91a86,4808,MV0001-05352,Bearing O-Ring Non Drive End,COMP-1768374767899-slkigc1i8,665.001,"Emergency Generator Aggregates, Complete",SP-665.001-352,RECEIVE,2,13,228b5256-5bd2-4bf3-826f-c6fe76571449,Received from Ocean Trading Co. at Houston,PO-2024-4026,13-Jun-2024 00:00,UTC,Houston
1168,2024-06-13 00:00:00,7440571a-841a-11ed-aa7c-7003bca91a86,4815,MV0001-05359,Frame Cover Bottom,COMP-1768374767899-slkigc1i8,665.001,"Emergency Generator Aggregates, Complete",SP-665.001-359,RECEIVE,2,14,228b5256-5bd2-4bf3-826f-c6fe76571449,Received from Ocean Trading Co. at Houston,PO-2024-8441,13-Jun-2024 00:00,UTC,Houston
1169,2024-06-13 00:00:00,7440571a-841a-11ed-aa7c-7003bca91a86,4821,MV0001-05365,Control Gear,COMP-1768374767899-slkigc1i8,665.001,"Emergency Generator Aggregates, Complete",SP-665.001-365,RECEIVE,3,17,228b5256-5bd2-4bf3-826f-c6fe76571449,Received from Ocean Trading Co. at Houston,PO-2024-9187,13-Jun-2024 00:00,UTC,Houston
1170,2024-06-13 00:00:00,7440571a-841a-11ed-aa7c-7003bca91a86,4823,MV0001-05367,Main Rectifier Assembly-Forward,COMP-1768374767899-slkigc1i8,665.001,"Emergency Generator Aggregates, Complete",SP-665.001-367,RECEIVE,5,10,228b5256-5bd2-4bf3-826f-c6fe76571449,Received from Ocean Trading Co. at Houston,PO-2024-0568,13-Jun-2024 00:00,UTC,Houston
1171,2024-06-13 00:00:00,7440571a-841a-11ed-aa7c-7003bca91a86,4840,MV0001-05384,Bearing Housing,COMP-1768374767907-73hq6hda8,801.001,Clean Ballast Pumps,SP-801.001-384,RECEIVE,5,10,228b5256-5bd2-4bf3-826f-c6fe76571449,Received from Ocean Trading Co. at Houston,PO-2024-4933,13-Jun-2024 00:00,UTC,Houston
1172,2024-06-13 00:00:00,7440571a-841a-11ed-aa7c-7003bca91a86,4852,MV0001-05396,Ball Bearing,COMP-1768374767907-73hq6hda8,801.001,Clean Ballast Pumps,SP-801.001-396,RECEIVE,2,10,228b5256-5bd2-4bf3-826f-c6fe76571449,Received from Ocean Trading Co. at Houston,PO-2024-3729,13-Jun-2024 00:00,UTC,Houston
1173,2024-06-13 00:00:00,7440571a-841a-11ed-aa7c-7003bca91a86,4879,MV0001-05423,Bearing Support,COMP-1768374767907-73hq6hda8,801.001,Clean Ballast Pumps,SP-801.001-423,RECEIVE,4,16,228b5256-5bd2-4bf3-826f-c6fe76571449,Received from Ocean Trading Co. at Houston,PO-2024-9051,13-Jun-2024 00:00,UTC,Houston
1174,2024-06-13 00:00:00,7440571a-841a-11ed-aa7c-7003bca91a86,4901,MV0001-05445,Hub,COMP-1768374767907-73hq6hda8,801.001,Clean Ballast Pumps,SP-801.001-445,RECEIVE,1,9,228b5256-5bd2-4bf3-826f-c6fe76571449,Received from Ocean Trading Co. at Houston,PO-2024-6336,13-Jun-2024 00:00,UTC,Houston
1175,2024-06-13 00:00:00,7440571a-841a-11ed-aa7c-7003bca91a86,4909,MV0001-05453,Intermediate Shaft,COMP-1768374767907-73hq6hda8,801.001,Clean Ballast Pumps,SP-801.001-453,RECEIVE,4,7,228b5256-5bd2-4bf3-826f-c6fe76571449,Received from Ocean Trading Co. at Houston,PO-2024-8121,13-Jun-2024 00:00,UTC,Houston
1176,2024-06-13 00:00:00,7440571a-841a-11ed-aa7c-7003bca91a86,4914,MV0001-05458,Seat Packing,COMP-1768374767907-73hq6hda8,801.001,Clean Ballast Pumps,SP-801.001-458,RECEIVE,5,15,228b5256-5bd2-4bf3-826f-c6fe76571449,Received from Ocean Trading Co. at Houston,PO-2024-5351,13-Jun-2024 00:00,UTC,Houston
1177,2024-06-13 00:00:00,7440571a-841a-11ed-aa7c-7003bca91a86,4920,MV0001-05464,Snap Ring,COMP-1768374767907-73hq6hda8,801.001,Clean Ballast Pumps,SP-801.001-464,RECEIVE,4,11,228b5256-5bd2-4bf3-826f-c6fe76571449,Received from Ocean Trading Co. at Houston,PO-2024-3015,13-Jun-2024 00:00,UTC,Houston
1178,2024-06-13 00:00:00,7440571a-841a-11ed-aa7c-7003bca91a86,4927,MV0001-05471,Bearing Nut Spanner,COMP-1768374767907-73hq6hda8,801.001,Clean Ballast Pumps,SP-801.001-471,RECEIVE,2,8,228b5256-5bd2-4bf3-826f-c6fe76571449,Received from Ocean Trading Co. at Houston,PO-2024-7012,13-Jun-2024 00:00,UTC,Houston
1179,2024-06-13 00:00:00,7440571a-841a-11ed-aa7c-7003bca91a86,4930,MV0001-05474,Anode Rods,COMP-1768374767914-980b44ij3,278.010.02,Impressed Current Systems No.02,SP-278.010.01-474,RECEIVE,1,12,228b5256-5bd2-4bf3-826f-c6fe76571449,Received from Ocean Trading Co. at Houston,PO-2024-7014,13-Jun-2024 00:00,UTC,Houston
1180,2024-06-13 00:00:00,7440571a-841a-11ed-aa7c-7003bca91a86,4936,MV0001-05480,O-Ring,COMP-1768374767958-93if5ek0n,403.006.02,Hydr. Oil Pumps No.02,SP-403.006.01-480,RECEIVE,2,8,228b5256-5bd2-4bf3-826f-c6fe76571449,Received from Ocean Trading Co. at Houston,PO-2024-4895,13-Jun-2024 00:00,UTC,Houston
1181,2024-06-13 00:00:00,7440571a-841a-11ed-aa7c-7003bca91a86,4948,MV0001-05492,Bearing Holder,COMP-1768374767967-jb4k6wuji,554.003.02,Compressors W/Drive Unit No.02,SP-554.003.01-492,RECEIVE,1,9,228b5256-5bd2-4bf3-826f-c6fe76571449,Received from Ocean Trading Co. at Houston,PO-2024-7536,13-Jun-2024 00:00,UTC,Houston
1182,2024-06-13 00:00:00,7440571a-841a-11ed-aa7c-7003bca91a86,4950,MV0001-05494,Valve Plate Assembly,COMP-1768374767967-jb4k6wuji,554.003.02,Compressors W/Drive Unit No.02,SP-554.003.01-494,RECEIVE,4,19,228b5256-5bd2-4bf3-826f-c6fe76571449,Received from Ocean Trading Co. at Houston,PO-2024-1991,13-Jun-2024 00:00,UTC,Houston
1183,2024-06-13 00:00:00,7440571a-841a-11ed-aa7c-7003bca91a86,4955,MV0001-05499,Spring Pin,COMP-1768374767967-jb4k6wuji,554.003.02,Compressors W/Drive Unit No.02,SP-554.003.01-499,RECEIVE,4,13,228b5256-5bd2-4bf3-826f-c6fe76571449,Received from Ocean Trading Co. at Houston,PO-2024-9352,13-Jun-2024 00:00,UTC,Houston
2060,2024-06-13 00:00:00,7440571a-841a-11ed-aa7c-7003bca91a86,4937,MV0001-05481,O-Ring,COMP-1768374767805-z4lpo0038,411.001,S-Band Radar,SP-411.001-481,CONSUME,-1,8,2nd Officer,Consumed during maintenance - WO-411.001-2024-400,WO-411.001-2024-400,13-Jun-2024,UTC,
2061,2024-06-13 00:00:00,7440571a-841a-11ed-aa7c-7003bca91a86,4938,MV0001-05482,Gasket,COMP-1768374767805-z4lpo0038,411.001,S-Band Radar,SP-411.001-482,CONSUME,-2,6,2nd Officer,Consumed during maintenance - WO-411.001-2024-400,WO-411.001-2024-400,13-Jun-2024,UTC,
2511,2024-06-12 00:00:00,7440571a-841a-11ed-aa7c-7003bca91a86,4873,MV0001-05417,Snap Ring,COMP-1768374767907-73hq6hda8,801.001,Clean Ballast Pumps,SP-801.001-417,CONSUME,-1,4,2nd Engineer,Consumed during maintenance - MKR-IN-00076-601.005.02-2024-403,MKR-IN-00076-601.005.02-2024-403,12-Jun-2024,UTC,
2512,2024-06-12 00:00:00,7440571a-841a-11ed-aa7c-7003bca91a86,4782,MV0001-05326,Diode-Forward Polarity,COMP-1768374767899-slkigc1i8,665.001,"Emergency Generator Aggregates, Complete",SP-665.001-326,CONSUME,-1,2,2nd Engineer,Consumed during maintenance - MKR-IN-00076-601.005.02-2024-403,MKR-IN-00076-601.005.02-2024-403,12-Jun-2024,UTC,
2114,2024-06-11 00:00:00,7440571a-841a-11ed-aa7c-7003bca91a86,5212,MV0001-05756,Union Nut,COMP-1768374768525-zyps62yum,712.011.02,LO Separators No.02,SP-702.005.01-756,CONSUME,-2,1,Chief Engineer,Consumed during maintenance - MKR-IN-00080-652.002.06-2024-639,MKR-IN-00080-652.002.06-2024-639,11-Jun-2024,UTC,
2115,2024-06-11 00:00:00,7440571a-841a-11ed-aa7c-7003bca91a86,4973,MV0001-05517,Gasket,COMP-1768374767967-jb4k6wuji,554.003.02,Compressors W/Drive Unit No.02,SP-554.003.01-517,CONSUME,-1,3,Chief Engineer,Consumed during maintenance - MKR-IN-00080-652.002.06-2024-639,MKR-IN-00080-652.002.06-2024-639,11-Jun-2024,UTC,
235,2024-06-09 00:00:00,7440571a-841a-11ed-aa7c-7003bca91a86,4779,MV0001-05323,Main Rectifier Assembly-Forward,COMP-1768374767899-slkigc1i8,665.001,"Emergency Generator Aggregates, Complete",SP-665.001-323,CONSUME,-2,3,480b40d0-04bd-4590-a936-2f879b867977,Consumed for WO UWO-653.002.04-2024-782,UWO-653.002.04-2024-782,09-Jun-2024 00:00,UTC,
1948,2024-06-09 00:00:00,7440571a-841a-11ed-aa7c-7003bca91a86,5250,MV0001-05794,Bowl Hood,COMP-1768374768525-zyps62yum,712.011.02,LO Separators No.02,SP-702.005.01-794,CONSUME,-2,3,3rd Engineer,Consumed during maintenance - WO-702.005.02-2024-229,WO-702.005.02-2024-229,09-Jun-2024,UTC,
1949,2024-06-09 00:00:00,7440571a-841a-11ed-aa7c-7003bca91a86,4670,MV0001-05214,Bolt With Wire Hole,COMP-1768374767834-dbncpiany,601.053,ME Turbochargers,SP-601.053-214,CONSUME,-1,4,3rd Engineer,Consumed during maintenance - WO-702.005.02-2024-229,WO-702.005.02-2024-229,09-Jun-2024,UTC,
234,2024-06-07 00:00:00,7440571a-841a-11ed-aa7c-7003bca91a86,4916,MV0001-05460,Doubling Plate,COMP-1768374767907-73hq6hda8,801.001,Clean Ballast Pumps,SP-801.001-460,CONSUME,-2,3,6084f3b8-85dc-462a-b045-111d2b2e6d0e,Consumed for WO UWO-651.020.05-2024-677,UWO-651.020.05-2024-677,07-Jun-2024 00:00,UTC,
2403,2024-06-07 00:00:00,7440571a-841a-11ed-aa7c-7003bca91a86,4623,MV0001-05167,W.T Type Wall Light,COMP-1768374767815-k5anrfi02,554.001,Provision Cooling Compressor Aggregates,SP-554.001-167,CONSUME,-1,4,4th Engineer,Consumed during maintenance - UWO-651.020.05-2024-677,UWO-651.020.05-2024-677,07-Jun-2024,UTC,
231,2024-06-06 00:00:00,7440571a-841a-11ed-aa7c-7003bca91a86,4676,MV0001-05220,Bolt,COMP-1768374767834-dbncpiany,601.053,ME Turbochargers,SP-601.053-220,CONSUME,-2,0,6084f3b8-85dc-462a-b045-111d2b2e6d0e,Consumed for WO WO-601.053-2024-435,WO-601.053-2024-435,06-Jun-2024 00:00,UTC,
232,2024-06-06 00:00:00,7440571a-841a-11ed-aa7c-7003bca91a86,4677,MV0001-05221,Gasket,COMP-1768374767834-dbncpiany,601.053,ME Turbochargers,SP-601.053-221,CONSUME,-2,0,977621de-77d7-4892-ae27-adaebcc27d0b,Consumed for WO WO-601.053-2024-435,WO-601.053-2024-435,06-Jun-2024 00:00,UTC,
233,2024-06-06 00:00:00,7440571a-841a-11ed-aa7c-7003bca91a86,4658,MV0001-05202,Thrust Bearing Complete,COMP-1768374767834-dbncpiany,601.053,ME Turbochargers,SP-601.053-202,CONSUME,-2,0,977621de-77d7-4892-ae27-adaebcc27d0b,Consumed for WO WO-601.053-2024-435,WO-601.053-2024-435,06-Jun-2024 00:00,UTC,
2655,2024-06-04 00:00:00,7440571a-841a-11ed-aa7c-7003bca91a86,5165,MV0001-05709,"Gasket, Cylinder Head",COMP-1768374767888-kl7yblrz6,653.046,AE3 Lo Filters,SP-651.046-709,CONSUME,-2,2,4th Engineer,Consumed during maintenance - MKR-OV-00026-653.046-2024-153,MKR-OV-00026-653.046-2024-153,04-Jun-2024,UTC,
230,2024-06-01 00:00:00,7440571a-841a-11ed-aa7c-7003bca91a86,4945,MV0001-05489,Cylinder Cover,COMP-1768374767967-jb4k6wuji,554.003.02,Compressors W/Drive Unit No.02,SP-554.003.01-489,CONSUME,-2,3,480b40d0-04bd-4590-a936-2f879b867977,Consumed for WO WO-651.003.01-2024-332,WO-651.003.01-2024-332,01-Jun-2024 00:00,UTC,
2550,2024-06-01 00:00:00,7440571a-841a-11ed-aa7c-7003bca91a86,4862,MV0001-05406,Stopper Ring And Set Screw,COMP-1768374767907-73hq6hda8,801.001,Clean Ballast Pumps,SP-801.001-406,CONSUME,-2,2,3rd Engineer,Consumed during maintenance - WO-702.005.02-2024-228,WO-702.005.02-2024-228,01-Jun-2024,UTC,
2551,2024-06-01 00:00:00,7440571a-841a-11ed-aa7c-7003bca91a86,4670,MV0001-05214,Bolt With Wire Hole,COMP-1768374767834-dbncpiany,601.053,ME Turbochargers,SP-601.053-214,CONSUME,-2,2,3rd Engineer,Consumed during maintenance - WO-702.005.02-2024-228,WO-702.005.02-2024-228,01-Jun-2024,UTC,
229,2024-05-30 00:00:00,7440571a-841a-11ed-aa7c-7003bca91a86,4676,MV0001-05220,Bolt,COMP-1768374767834-dbncpiany,601.053,ME Turbochargers,SP-601.053-220,CONSUME,-2,0,6084f3b8-85dc-462a-b045-111d2b2e6d0e,Consumed for WO WO-601.053-2024-434,WO-601.053-2024-434,30-May-2024 00:00,UTC,
2546,2024-05-26 00:00:00,7440571a-841a-11ed-aa7c-7003bca91a86,5496,MV0001-06040,Key For Coupling,COMP-1768374767795-1qyq8qvkb,721.001.02,Main Sw Cooling Pumps No.02,SP-721.001.01-1040,CONSUME,-2,3,3rd Engineer,Consumed during maintenance - WO-702.005.02-2024-227,WO-702.005.02-2024-227,26-May-2024,UTC,
2956,2024-05-26 00:00:00,7440571a-841a-11ed-aa7c-7003bca91a86,5099,MV0001-05643,O-Ring,COMP-1768374768201-mvmpi8w24,601.026.06,ME Hp Fuel Pumps No.06,SP-601.026.01-643,CONSUME,-2,1,4th Engineer,Consumed during maintenance - MKR-IN-00071-278.010.01-2024-161,MKR-IN-00071-278.010.01-2024-161,26-May-2024,UTC,
228,2024-05-25 00:00:00,7440571a-841a-11ed-aa7c-7003bca91a86,4816,MV0001-05360,Frame Cover Top,COMP-1768374767899-slkigc1i8,665.001,"Emergency Generator Aggregates, Complete",SP-665.001-360,CONSUME,-1,4,056a433e-b880-43c6-9d59-b1cfe71a4014,Consumed for WO UWO-653.020.04-2024-615,UWO-653.020.04-2024-615,25-May-2024 00:00,UTC,
2368,2024-05-25 00:00:00,7440571a-841a-11ed-aa7c-7003bca91a86,4616,MV0001-05160,Stop Valve,COMP-1768374767815-k5anrfi02,554.001,Provision Cooling Compressor Aggregates,SP-554.001-160,CONSUME,-1,4,Chief Engineer,Consumed during maintenance - UWO-653.020.04-2024-615,UWO-653.020.04-2024-615,25-May-2024,UTC,
227,2024-05-24 00:00:00,7440571a-841a-11ed-aa7c-7003bca91a86,4632,MV0001-05176,Change Pipe And Joint,COMP-1768374767815-k5anrfi02,554.001,Provision Cooling Compressor Aggregates,SP-554.001-176,CONSUME,-1,4,056a433e-b880-43c6-9d59-b1cfe71a4014,Consumed for WO UWO-601.003-2024-753,UWO-601.003-2024-753,24-May-2024 00:00,UTC,
1999,2024-05-24 00:00:00,7440571a-841a-11ed-aa7c-7003bca91a86,4561,MV0001-05105,Washer,COMP-1768374767802-sjje0yq3o,403.001,"Steering Gears, Complete",SP-403.001-105,CONSUME,-1,4,Chief Engineer,Consumed during maintenance - UWO-601.003-2024-753,UWO-601.003-2024-753,24-May-2024,UTC,
2000,2024-05-24 00:00:00,7440571a-841a-11ed-aa7c-7003bca91a86,5212,MV0001-05756,Union Nut,COMP-1768374768525-zyps62yum,712.011.02,LO Separators No.02,SP-702.005.01-756,CONSUME,-2,3,Chief Engineer,Consumed during maintenance - UWO-601.003-2024-753,UWO-601.003-2024-753,24-May-2024,UTC,
2757,2024-05-24 00:00:00,7440571a-841a-11ed-aa7c-7003bca91a86,5076,MV0001-05620,Gasket,COMP-1768374768161-fwhsrv4rs,601.005.06,"ME Connecting Rods, Crosshead, Guides No.06",SP-601.005.01-620,CONSUME,-2,0,3rd Engineer,Consumed during maintenance - UWO-601.005.06-2024-541,UWO-601.005.06-2024-541,24-May-2024,UTC,
2758,2024-05-24 00:00:00,7440571a-841a-11ed-aa7c-7003bca91a86,5075,MV0001-05619,O-Ring,COMP-1768374768161-fwhsrv4rs,601.005.06,"ME Connecting Rods, Crosshead, Guides No.06",SP-601.005.01-619,CONSUME,-2,0,3rd Engineer,Consumed during maintenance - UWO-601.005.06-2024-541,UWO-601.005.06-2024-541,24-May-2024,UTC,
2210,2024-05-23 00:00:00,7440571a-841a-11ed-aa7c-7003bca91a86,4625,MV0001-05169,Switch With Indicator Lamp,COMP-1768374767815-k5anrfi02,554.001,Provision Cooling Compressor Aggregates,SP-554.001-169,CONSUME,-1,3,2nd Engineer,Consumed during maintenance - MKR-OV-00025-653.004.03-2024-117,MKR-OV-00025-653.004.03-2024-117,23-May-2024,UTC,
2211,2024-05-23 00:00:00,7440571a-841a-11ed-aa7c-7003bca91a86,4551,MV0001-05095,Plug,COMP-1768374767802-sjje0yq3o,403.001,"Steering Gears, Complete",SP-403.001-095,CONSUME,-1,2,2nd Engineer,Consumed during maintenance - MKR-OV-00025-653.004.03-2024-117,MKR-OV-00025-653.004.03-2024-117,23-May-2024,UTC,
2212,2024-05-23 00:00:00,7440571a-841a-11ed-aa7c-7003bca91a86,4652,MV0001-05196,Bush,COMP-1768374767827-g6k9lk4to,601.016,ME Tiebolts,SP-601.016-196,CONSUME,-2,3,2nd Engineer,Consumed during maintenance - MKR-OV-00025-653.004.03-2024-117,MKR-OV-00025-653.004.03-2024-117,23-May-2024,UTC,
1984,2024-05-22 00:00:00,7440571a-841a-11ed-aa7c-7003bca91a86,5526,MV0001-06070,Auto. Valve Cover,COMP-1768374767795-1qyq8qvkb,721.001.02,Main Sw Cooling Pumps No.02,SP-721.001.01-1070,CONSUME,-1,4,4th Engineer,Consumed during maintenance - UWO-652.002.06-2024-610,UWO-652.002.06-2024-610,22-May-2024,UTC,
1978,2024-05-21 00:00:00,7440571a-841a-11ed-aa7c-7003bca91a86,5535,MV0001-06079,Auto. Air Valve Complete,COMP-1768374767795-1qyq8qvkb,721.001.02,Main Sw Cooling Pumps No.02,SP-721.001.01-1079,CONSUME,-1,4,3rd Engineer,Consumed during maintenance - WO-702.005.02-2024-226,WO-702.005.02-2024-226,21-May-2024,UTC,
1979,2024-05-21 00:00:00,7440571a-841a-11ed-aa7c-7003bca91a86,5392,MV0001-05936,Terminal Unit,COMP-1768374768525-zyps62yum,712.011.02,LO Separators No.02,SP-702.005.01-936,CONSUME,-2,3,3rd Engineer,Consumed during maintenance - WO-702.005.02-2024-226,WO-702.005.02-2024-226,21-May-2024,UTC,
225,2024-05-19 00:00:00,7440571a-841a-11ed-aa7c-7003bca91a86,4616,MV0001-05160,Stop Valve,COMP-1768374767815-k5anrfi02,554.001,Provision Cooling Compressor Aggregates,SP-554.001-160,CONSUME,-2,1,480b40d0-04bd-4590-a936-2f879b867977,Consumed for WO UWO-601.004.01-2024-773,UWO-601.004.01-2024-773,19-May-2024 00:00,UTC,
226,2024-05-19 00:00:00,7440571a-841a-11ed-aa7c-7003bca91a86,4939,MV0001-05483,O-Ring,COMP-1768374767809-mr8172nux,411.002,X-Band Radar,SP-411.002-483,CONSUME,-1,6,228b5256-5bd2-4bf3-826f-c6fe76571449,Consumed for WO UWO-653.007.03-2024-575,UWO-653.007.03-2024-575,19-May-2024 00:00,UTC,
2032,2024-05-19 00:00:00,7440571a-841a-11ed-aa7c-7003bca91a86,5359,MV0001-05903,Valve Case,COMP-1768374768525-zyps62yum,712.011.02,LO Separators No.02,SP-702.005.01-903,CONSUME,-1,4,Chief Engineer,Consumed during maintenance - UWO-653.007.03-2024-575,UWO-653.007.03-2024-575,19-May-2024,UTC,
2076,2024-05-19 00:00:00,7440571a-841a-11ed-aa7c-7003bca91a86,5541,MV0001-06085,Casing Cover,COMP-1768374767795-1qyq8qvkb,721.001.02,Main Sw Cooling Pumps No.02,SP-721.001.01-1085,CONSUME,-1,4,2nd Engineer,Consumed during maintenance - UWO-601.004.01-2024-773,UWO-601.004.01-2024-773,19-May-2024,UTC,
2545,2024-05-18 00:00:00,7440571a-841a-11ed-aa7c-7003bca91a86,4903,MV0001-05447,Packing Ring,COMP-1768374767907-73hq6hda8,801.001,Clean Ballast Pumps,SP-801.001-447,CONSUME,-2,3,4th Engineer,Consumed during maintenance - MKR-IN-00080-651.002.06-2024-547,MKR-IN-00080-651.002.06-2024-547,18-May-2024,UTC,
2157,2024-05-17 00:00:00,7440571a-841a-11ed-aa7c-7003bca91a86,5076,MV0001-05620,Gasket,COMP-1768374768161-fwhsrv4rs,601.005.06,"ME Connecting Rods, Crosshead, Guides No.06",SP-601.005.01-620,CONSUME,-2,5,Electrican,Consumed during maintenance - MKR-IN-00076-601.005.06-2024-422,MKR-IN-00076-601.005.06-2024-422,17-May-2024,UTC,
2158,2024-05-17 00:00:00,7440571a-841a-11ed-aa7c-7003bca91a86,5075,MV0001-05619,O-Ring,COMP-1768374768161-fwhsrv4rs,601.005.06,"ME Connecting Rods, Crosshead, Guides No.06",SP-601.005.01-619,CONSUME,-1,7,Electrican,Consumed during maintenance - MKR-IN-00076-601.005.06-2024-422,MKR-IN-00076-601.005.06-2024-422,17-May-2024,UTC,
2365,2024-05-17 00:00:00,7440571a-841a-11ed-aa7c-7003bca91a86,4933,MV0001-05477,Rudder Pintle Pins,COMP-1768374767799-zs6hrf8cm,401.005,Rudders W/Nozzle,SP-401.005-477,CONSUME,-1,8,Chief Engineer,Consumed during maintenance - MKR-IN-00080-651.002.06-2024-542,MKR-IN-00080-651.002.06-2024-542,17-May-2024,UTC,
224,2024-05-15 00:00:00,7440571a-841a-11ed-aa7c-7003bca91a86,4723,MV0001-05267,Bearing O-Ring Non Drive End,COMP-1768374767899-slkigc1i8,665.001,"Emergency Generator Aggregates, Complete",SP-665.001-267,CONSUME,-1,4,228b5256-5bd2-4bf3-826f-c6fe76571449,Consumed for WO UWO-601.007.01-2024-627,UWO-601.007.01-2024-627,15-May-2024 00:00,UTC,
2619,2024-05-15 00:00:00,7440571a-841a-11ed-aa7c-7003bca91a86,5154,MV0001-05698,Split Pin,COMP-1768374768482-7j8q5rba6,653.007.07,"AE3 Main Bearings, Journals No.07",SP-651.007.01-698,CONSUME,-1,4,2nd Engineer,Consumed during maintenance - UWO-601.007.01-2024-627,UWO-601.007.01-2024-627,15-May-2024,UTC,
2620,2024-05-15 00:00:00,7440571a-841a-11ed-aa7c-7003bca91a86,4786,MV0001-05330,Frame To End Bracket Adaptor Ring,COMP-1768374767899-slkigc1i8,665.001,"Emergency Generator Aggregates, Complete",SP-665.001-330,CONSUME,-1,4,2nd Engineer,Consumed during maintenance - UWO-601.007.01-2024-627,UWO-601.007.01-2024-627,15-May-2024,UTC,
223,2024-05-14 00:00:00,7440571a-841a-11ed-aa7c-7003bca91a86,4783,MV0001-05327,Diode-Reverse Polarity,COMP-1768374767899-slkigc1i8,665.001,"Emergency Generator Aggregates, Complete",SP-665.001-327,CONSUME,-1,4,6084f3b8-85dc-462a-b045-111d2b2e6d0e,Consumed for WO UWO-653.002.04-2024-800,UWO-653.002.04-2024-800,14-May-2024 00:00,UTC,
1957,2024-05-14 00:00:00,7440571a-841a-11ed-aa7c-7003bca91a86,4889,MV0001-05433,Lantern Ring,COMP-1768374767907-73hq6hda8,801.001,Clean Ballast Pumps,SP-801.001-433,CONSUME,-1,4,2nd Engineer,Consumed during maintenance - UWO-653.002.04-2024-800,UWO-653.002.04-2024-800,14-May-2024,UTC,
1958,2024-05-14 00:00:00,7440571a-841a-11ed-aa7c-7003bca91a86,4677,MV0001-05221,Gasket,COMP-1768374767834-dbncpiany,601.053,ME Turbochargers,SP-601.053-221,CONSUME,-2,3,2nd Engineer,Consumed during maintenance - UWO-653.002.04-2024-800,UWO-653.002.04-2024-800,14-May-2024,UTC,
1108,2024-05-13 00:00:00,7440571a-841a-11ed-aa7c-7003bca91a86,4676,MV0001-05220,Bolt,COMP-1768374767834-dbncpiany,601.053,ME Turbochargers,SP-601.053-220,RECEIVE,5,13,228b5256-5bd2-4bf3-826f-c6fe76571449,Received from Atlas Marine Parts at Colombo,PO-2024-5234,13-May-2024 00:00,UTC,Colombo
1109,2024-05-13 00:00:00,7440571a-841a-11ed-aa7c-7003bca91a86,4491,MV0001-05035,O-Ring,COMP-1768374767799-zs6hrf8cm,401.005,Rudders W/Nozzle,SP-401.005-035,RECEIVE,1,15,228b5256-5bd2-4bf3-826f-c6fe76571449,Received from Atlas Marine Parts at Colombo,PO-2024-1241,13-May-2024 00:00,UTC,Colombo
1110,2024-05-13 00:00:00,7440571a-841a-11ed-aa7c-7003bca91a86,4494,MV0001-05038,Back-Up Ring,COMP-1768374767799-zs6hrf8cm,401.005,Rudders W/Nozzle,SP-401.005-038,RECEIVE,4,16,228b5256-5bd2-4bf3-826f-c6fe76571449,Received from Atlas Marine Parts at Colombo,PO-2024-5554,13-May-2024 00:00,UTC,Colombo
1111,2024-05-13 00:00:00,7440571a-841a-11ed-aa7c-7003bca91a86,4518,MV0001-05062,Plate,COMP-1768374767799-zs6hrf8cm,401.005,Rudders W/Nozzle,SP-401.005-062,RECEIVE,2,7,228b5256-5bd2-4bf3-826f-c6fe76571449,Received from Atlas Marine Parts at Colombo,PO-2024-7142,13-May-2024 00:00,UTC,Colombo
1112,2024-05-13 00:00:00,7440571a-841a-11ed-aa7c-7003bca91a86,4520,MV0001-05064,Drive Band,COMP-1768374767799-zs6hrf8cm,401.005,Rudders W/Nozzle,SP-401.005-064,RECEIVE,1,9,228b5256-5bd2-4bf3-826f-c6fe76571449,Received from Atlas Marine Parts at Colombo,PO-2024-8698,13-May-2024 00:00,UTC,Colombo
1113,2024-05-13 00:00:00,7440571a-841a-11ed-aa7c-7003bca91a86,4522,MV0001-05066,Hexagon High Strength Bolt,COMP-1768374767799-zs6hrf8cm,401.005,Rudders W/Nozzle,SP-401.005-066,RECEIVE,3,4,228b5256-5bd2-4bf3-826f-c6fe76571449,Received from Atlas Marine Parts at Colombo,PO-2024-0283,13-May-2024 00:00,UTC,Colombo
1114,2024-05-13 00:00:00,7440571a-841a-11ed-aa7c-7003bca91a86,4597,MV0001-05141,Reduction,COMP-1768374767802-sjje0yq3o,403.001,"Steering Gears, Complete",SP-403.001-141,RECEIVE,2,7,228b5256-5bd2-4bf3-826f-c6fe76571449,Received from Atlas Marine Parts at Colombo,PO-2024-9044,13-May-2024 00:00,UTC,Colombo
1115,2024-05-13 00:00:00,7440571a-841a-11ed-aa7c-7003bca91a86,4631,MV0001-05175,Dryer,COMP-1768374767815-k5anrfi02,554.001,Provision Cooling Compressor Aggregates,SP-554.001-175,RECEIVE,1,8,228b5256-5bd2-4bf3-826f-c6fe76571449,Received from Atlas Marine Parts at Colombo,PO-2024-1522,13-May-2024 00:00,UTC,Colombo
1116,2024-05-13 00:00:00,7440571a-841a-11ed-aa7c-7003bca91a86,4640,MV0001-05184,Fuse,COMP-1768374767815-k5anrfi02,554.001,Provision Cooling Compressor Aggregates,SP-554.001-184,RECEIVE,3,8,228b5256-5bd2-4bf3-826f-c6fe76571449,Received from Atlas Marine Parts at Colombo,PO-2024-0554,13-May-2024 00:00,UTC,Colombo
1117,2024-05-13 00:00:00,7440571a-841a-11ed-aa7c-7003bca91a86,4652,MV0001-05196,Bush,COMP-1768374767827-g6k9lk4to,601.016,ME Tiebolts,SP-601.016-196,RECEIVE,3,7,228b5256-5bd2-4bf3-826f-c6fe76571449,Received from Atlas Marine Parts at Colombo,PO-2024-1250,13-May-2024 00:00,UTC,Colombo
1118,2024-05-13 00:00:00,7440571a-841a-11ed-aa7c-7003bca91a86,4656,MV0001-05200,Hexagon Socket Head Bolt,COMP-1768374767827-g6k9lk4to,601.016,ME Tiebolts,SP-601.016-200,RECEIVE,1,11,228b5256-5bd2-4bf3-826f-c6fe76571449,Received from Atlas Marine Parts at Colombo,PO-2024-6413,13-May-2024 00:00,UTC,Colombo
1119,2024-05-13 00:00:00,7440571a-841a-11ed-aa7c-7003bca91a86,4670,MV0001-05214,Bolt With Wire Hole,COMP-1768374767834-dbncpiany,601.053,ME Turbochargers,SP-601.053-214,RECEIVE,3,10,228b5256-5bd2-4bf3-826f-c6fe76571449,Received from Atlas Marine Parts at Colombo,PO-2024-8041,13-May-2024 00:00,UTC,Colombo
1120,2024-05-13 00:00:00,7440571a-841a-11ed-aa7c-7003bca91a86,4683,MV0001-05227,O-Ring,COMP-1768374767834-dbncpiany,601.053,ME Turbochargers,SP-601.053-227,RECEIVE,3,9,228b5256-5bd2-4bf3-826f-c6fe76571449,Received from Atlas Marine Parts at Colombo,PO-2024-3870,13-May-2024 00:00,UTC,Colombo
1121,2024-05-13 00:00:00,7440571a-841a-11ed-aa7c-7003bca91a86,4701,MV0001-05245,Bolt,COMP-1768374767837-m3bhk56ru,601.059,ME Exhaust Gas Manifolds/Pipes W/Insulation,SP-601.059-245,RECEIVE,4,18,228b5256-5bd2-4bf3-826f-c6fe76571449,Received from Atlas Marine Parts at Colombo,PO-2024-2342,13-May-2024 00:00,UTC,Colombo
1122,2024-05-13 00:00:00,7440571a-841a-11ed-aa7c-7003bca91a86,4712,MV0001-05256,Plain Washer,COMP-1768374767837-m3bhk56ru,601.059,ME Exhaust Gas Manifolds/Pipes W/Insulation,SP-601.059-256,RECEIVE,4,9,228b5256-5bd2-4bf3-826f-c6fe76571449,Received from Atlas Marine Parts at Colombo,PO-2024-3773,13-May-2024 00:00,UTC,Colombo
1123,2024-05-13 00:00:00,7440571a-841a-11ed-aa7c-7003bca91a86,4720,MV0001-05264,Exciter Stator,COMP-1768374767899-slkigc1i8,665.001,"Emergency Generator Aggregates, Complete",SP-665.001-264,RECEIVE,3,6,228b5256-5bd2-4bf3-826f-c6fe76571449,Received from Atlas Marine Parts at Colombo,PO-2024-3777,13-May-2024 00:00,UTC,Colombo
1124,2024-05-13 00:00:00,7440571a-841a-11ed-aa7c-7003bca91a86,4744,MV0001-05288,Diode-Reverse Polarity,COMP-1768374767899-slkigc1i8,665.001,"Emergency Generator Aggregates, Complete",SP-665.001-288,RECEIVE,4,14,228b5256-5bd2-4bf3-826f-c6fe76571449,Received from Atlas Marine Parts at Colombo,PO-2024-6682,13-May-2024 00:00,UTC,Colombo
1125,2024-05-13 00:00:00,7440571a-841a-11ed-aa7c-7003bca91a86,4750,MV0001-05294,Edging Strip,COMP-1768374767899-slkigc1i8,665.001,"Emergency Generator Aggregates, Complete",SP-665.001-294,RECEIVE,2,13,228b5256-5bd2-4bf3-826f-c6fe76571449,Received from Atlas Marine Parts at Colombo,PO-2024-7414,13-May-2024 00:00,UTC,Colombo
1126,2024-05-13 00:00:00,7440571a-841a-11ed-aa7c-7003bca91a86,4763,MV0001-05307,Bearing O-Ring Non Drive End,COMP-1768374767899-slkigc1i8,665.001,"Emergency Generator Aggregates, Complete",SP-665.001-307,RECEIVE,1,2,228b5256-5bd2-4bf3-826f-c6fe76571449,Received from Atlas Marine Parts at Colombo,PO-2024-6365,13-May-2024 00:00,UTC,Colombo
1127,2024-05-13 00:00:00,7440571a-841a-11ed-aa7c-7003bca91a86,4786,MV0001-05330,Frame To End Bracket Adaptor Ring,COMP-1768374767899-slkigc1i8,665.001,"Emergency Generator Aggregates, Complete",SP-665.001-330,RECEIVE,2,10,228b5256-5bd2-4bf3-826f-c6fe76571449,Received from Atlas Marine Parts at Colombo,PO-2024-9179,13-May-2024 00:00,UTC,Colombo
1128,2024-05-13 00:00:00,7440571a-841a-11ed-aa7c-7003bca91a86,4801,MV0001-05345,PMG Dowel,COMP-1768374767899-slkigc1i8,665.001,"Emergency Generator Aggregates, Complete",SP-665.001-345,RECEIVE,4,11,228b5256-5bd2-4bf3-826f-c6fe76571449,Received from Atlas Marine Parts at Colombo,PO-2024-7134,13-May-2024 00:00,UTC,Colombo
1129,2024-05-13 00:00:00,7440571a-841a-11ed-aa7c-7003bca91a86,4805,MV0001-05349,Exciter Stator,COMP-1768374767899-slkigc1i8,665.001,"Emergency Generator Aggregates, Complete",SP-665.001-349,RECEIVE,2,9,228b5256-5bd2-4bf3-826f-c6fe76571449,Received from Atlas Marine Parts at Colombo,PO-2024-6692,13-May-2024 00:00,UTC,Colombo
1130,2024-05-13 00:00:00,7440571a-841a-11ed-aa7c-7003bca91a86,4834,MV0001-05378,Fan,COMP-1768374767899-slkigc1i8,665.001,"Emergency Generator Aggregates, Complete",SP-665.001-378,RECEIVE,3,6,228b5256-5bd2-4bf3-826f-c6fe76571449,Received from Atlas Marine Parts at Colombo,PO-2024-0408,13-May-2024 00:00,UTC,Colombo
1131,2024-05-13 00:00:00,7440571a-841a-11ed-aa7c-7003bca91a86,4853,MV0001-05397,Mouth Ring,COMP-1768374767907-73hq6hda8,801.001,Clean Ballast Pumps,SP-801.001-397,RECEIVE,2,10,228b5256-5bd2-4bf3-826f-c6fe76571449,Received from Atlas Marine Parts at Colombo,PO-2024-1926,13-May-2024 00:00,UTC,Colombo
1132,2024-05-13 00:00:00,7440571a-841a-11ed-aa7c-7003bca91a86,4857,MV0001-05401,Packing Ring,COMP-1768374767907-73hq6hda8,801.001,Clean Ballast Pumps,SP-801.001-401,RECEIVE,3,9,228b5256-5bd2-4bf3-826f-c6fe76571449,Received from Atlas Marine Parts at Colombo,PO-2024-9151,13-May-2024 00:00,UTC,Colombo
1133,2024-05-13 00:00:00,7440571a-841a-11ed-aa7c-7003bca91a86,4882,MV0001-05426,Bearing Cover,COMP-1768374767907-73hq6hda8,801.001,Clean Ballast Pumps,SP-801.001-426,RECEIVE,1,15,228b5256-5bd2-4bf3-826f-c6fe76571449,Received from Atlas Marine Parts at Colombo,PO-2024-6618,13-May-2024 00:00,UTC,Colombo
1134,2024-05-13 00:00:00,7440571a-841a-11ed-aa7c-7003bca91a86,4885,MV0001-05429,Cover And Packing,COMP-1768374767907-73hq6hda8,801.001,Clean Ballast Pumps,SP-801.001-429,RECEIVE,3,8,228b5256-5bd2-4bf3-826f-c6fe76571449,Received from Atlas Marine Parts at Colombo,PO-2024-8024,13-May-2024 00:00,UTC,Colombo
1135,2024-05-13 00:00:00,7440571a-841a-11ed-aa7c-7003bca91a86,4889,MV0001-05433,Lantern Ring,COMP-1768374767907-73hq6hda8,801.001,Clean Ballast Pumps,SP-801.001-433,RECEIVE,4,14,228b5256-5bd2-4bf3-826f-c6fe76571449,Received from Atlas Marine Parts at Colombo,PO-2024-3785,13-May-2024 00:00,UTC,Colombo
1136,2024-05-13 00:00:00,7440571a-841a-11ed-aa7c-7003bca91a86,4908,MV0001-05452,Cover And Packing,COMP-1768374767907-73hq6hda8,801.001,Clean Ballast Pumps,SP-801.001-452,RECEIVE,3,15,228b5256-5bd2-4bf3-826f-c6fe76571449,Received from Atlas Marine Parts at Colombo,PO-2024-7591,13-May-2024 00:00,UTC,Colombo
1137,2024-05-13 00:00:00,7440571a-841a-11ed-aa7c-7003bca91a86,4914,MV0001-05458,Seat Packing,COMP-1768374767907-73hq6hda8,801.001,Clean Ballast Pumps,SP-801.001-458,RECEIVE,4,10,228b5256-5bd2-4bf3-826f-c6fe76571449,Received from Atlas Marine Parts at Colombo,PO-2024-9947,13-May-2024 00:00,UTC,Colombo
1138,2024-05-13 00:00:00,7440571a-841a-11ed-aa7c-7003bca91a86,4917,MV0001-05461,Plug,COMP-1768374767907-73hq6hda8,801.001,Clean Ballast Pumps,SP-801.001-461,RECEIVE,3,9,228b5256-5bd2-4bf3-826f-c6fe76571449,Received from Atlas Marine Parts at Colombo,PO-2024-4737,13-May-2024 00:00,UTC,Colombo
1139,2024-05-13 00:00:00,7440571a-841a-11ed-aa7c-7003bca91a86,4928,MV0001-05472,Mechanical Seal Assembling Tool,COMP-1768374767907-73hq6hda8,801.001,Clean Ballast Pumps,SP-801.001-472,RECEIVE,5,15,228b5256-5bd2-4bf3-826f-c6fe76571449,Received from Atlas Marine Parts at Colombo,PO-2024-4902,13-May-2024 00:00,UTC,Colombo
1140,2024-05-13 00:00:00,7440571a-841a-11ed-aa7c-7003bca91a86,4952,MV0001-05496,Piston Ring,COMP-1768374767967-jb4k6wuji,554.003.02,Compressors W/Drive Unit No.02,SP-554.003.01-496,RECEIVE,5,11,228b5256-5bd2-4bf3-826f-c6fe76571449,Received from Atlas Marine Parts at Colombo,PO-2024-8733,13-May-2024 00:00,UTC,Colombo
2300,2024-05-12 00:00:00,7440571a-841a-11ed-aa7c-7003bca91a86,5453,MV0001-05997,Coupling Bolt Complete,COMP-1768374768533-xnq4n84q4,712.013.02,LO Separator Booster Pumps No.02,SP-712.013.01-997,CONSUME,-2,3,3rd Engineer,Consumed during maintenance - WO-702.005.02-2024-223,WO-702.005.02-2024-223,12-May-2024,UTC,
222,2024-05-11 00:00:00,7440571a-841a-11ed-aa7c-7003bca91a86,4713,MV0001-05257,Packing,COMP-1768374767879-whkjy1n4i,653.001,"Aux. Diesel Generator Aggregates, Complete No.03",SP-651.001-257,CONSUME,-2,0,228b5256-5bd2-4bf3-826f-c6fe76571449,Consumed for WO UWO-652.002.05-2024-681,UWO-652.002.05-2024-681,11-May-2024 00:00,UTC,
2138,2024-05-11 00:00:00,7440571a-841a-11ed-aa7c-7003bca91a86,4793,MV0001-05337,Automatic Voltage Regulator Access Cover,COMP-1768374767899-slkigc1i8,665.001,"Emergency Generator Aggregates, Complete",SP-665.001-337,CONSUME,-1,4,3rd Engineer,Consumed during maintenance - UWO-601.003-2024-705,UWO-601.003-2024-705,11-May-2024,UTC,
2139,2024-05-11 00:00:00,7440571a-841a-11ed-aa7c-7003bca91a86,5502,MV0001-06046,Retaining Ring,COMP-1768374767795-1qyq8qvkb,721.001.02,Main Sw Cooling Pumps No.02,SP-721.001.01-1046,CONSUME,-2,3,3rd Engineer,Consumed during maintenance - UWO-601.003-2024-705,UWO-601.003-2024-705,11-May-2024,UTC,
2342,2024-05-11 00:00:00,7440571a-841a-11ed-aa7c-7003bca91a86,4656,MV0001-05200,Hexagon Socket Head Bolt,COMP-1768374767827-g6k9lk4to,601.016,ME Tiebolts,SP-601.016-200,CONSUME,-1,2,3rd Engineer,Consumed during maintenance - WO-702.005.02-2024-225,WO-702.005.02-2024-225,11-May-2024,UTC,
2360,2024-05-11 00:00:00,7440571a-841a-11ed-aa7c-7003bca91a86,5506,MV0001-06050,Pin,COMP-1768374767795-1qyq8qvkb,721.001.02,Main Sw Cooling Pumps No.02,SP-721.001.01-1050,CONSUME,-1,4,3rd Engineer,Consumed during maintenance - UWO-652.002.05-2024-681,UWO-652.002.05-2024-681,11-May-2024,UTC,
2361,2024-05-11 00:00:00,7440571a-841a-11ed-aa7c-7003bca91a86,5386,MV0001-05930,Connector,COMP-1768374768525-zyps62yum,712.011.02,LO Separators No.02,SP-702.005.01-930,CONSUME,-1,4,3rd Engineer,Consumed during maintenance - UWO-652.002.05-2024-681,UWO-652.002.05-2024-681,11-May-2024,UTC,
2362,2024-05-11 00:00:00,7440571a-841a-11ed-aa7c-7003bca91a86,4800,MV0001-05344,PMG Clamp,COMP-1768374767899-slkigc1i8,665.001,"Emergency Generator Aggregates, Complete",SP-665.001-344,CONSUME,-1,0,3rd Engineer,Consumed during maintenance - UWO-652.002.05-2024-681,UWO-652.002.05-2024-681,11-May-2024,UTC,
221,2024-05-09 00:00:00,7440571a-841a-11ed-aa7c-7003bca91a86,4732,MV0001-05276,Frame Cover Top,COMP-1768374767899-slkigc1i8,665.001,"Emergency Generator Aggregates, Complete",SP-665.001-276,CONSUME,-1,2,480b40d0-04bd-4590-a936-2f879b867977,Consumed for WO UWO-652.007.03-2024-600,UWO-652.007.03-2024-600,09-May-2024 00:00,UTC,
1980,2024-05-09 00:00:00,7440571a-841a-11ed-aa7c-7003bca91a86,5204,MV0001-05748,O-Ring,COMP-1768374768525-zyps62yum,712.011.02,LO Separators No.02,SP-702.005.01-748,CONSUME,-1,4,2nd Engineer,Consumed during maintenance - UWO-652.007.03-2024-600,UWO-652.007.03-2024-600,09-May-2024,UTC,
1981,2024-05-09 00:00:00,7440571a-841a-11ed-aa7c-7003bca91a86,5300,MV0001-05844,Bearing Cover-2,COMP-1768374768525-zyps62yum,712.011.02,LO Separators No.02,SP-702.005.01-844,CONSUME,-2,3,2nd Engineer,Consumed during maintenance - UWO-652.007.03-2024-600,UWO-652.007.03-2024-600,09-May-2024,UTC,
1982,2024-05-09 00:00:00,7440571a-841a-11ed-aa7c-7003bca91a86,4834,MV0001-05378,Fan,COMP-1768374767899-slkigc1i8,665.001,"Emergency Generator Aggregates, Complete",SP-665.001-378,CONSUME,-2,3,2nd Engineer,Consumed during maintenance - UWO-652.007.03-2024-600,UWO-652.007.03-2024-600,09-May-2024,UTC,
2197,2024-05-09 00:00:00,7440571a-841a-11ed-aa7c-7003bca91a86,4810,MV0001-05354,Bearing Wave Washer Drive End,COMP-1768374767899-slkigc1i8,665.001,"Emergency Generator Aggregates, Complete",SP-665.001-354,CONSUME,-2,2,3rd Engineer,Consumed during maintenance - UWO-72-2024-509,UWO-72-2024-509,09-May-2024,UTC,
2198,2024-05-09 00:00:00,7440571a-841a-11ed-aa7c-7003bca91a86,5259,MV0001-05803,Valve Guide,COMP-1768374768525-zyps62yum,712.011.02,LO Separators No.02,SP-702.005.01-803,CONSUME,-2,3,3rd Engineer,Consumed during maintenance - UWO-72-2024-509,UWO-72-2024-509,09-May-2024,UTC,
2639,2024-05-08 00:00:00,7440571a-841a-11ed-aa7c-7003bca91a86,5022,MV0001-05566,Piston Pin,COMP-1768374767967-jb4k6wuji,554.003.02,Compressors W/Drive Unit No.02,SP-554.003.01-566,CONSUME,-2,1,Chief Engineer,Consumed during maintenance - MKR-IN-00063-601.004.05-2024-356,MKR-IN-00063-601.004.05-2024-356,08-May-2024,UTC,
2749,2024-05-08 00:00:00,7440571a-841a-11ed-aa7c-7003bca91a86,5563,MV0001-06107,O-Ring,COMP-1768374767795-1qyq8qvkb,721.001.02,Main Sw Cooling Pumps No.02,SP-721.001.01-1107,CONSUME,-2,0,4th Engineer,Consumed during maintenance - MKR-IN-00080-651.002.04-2024-539,MKR-IN-00080-651.002.04-2024-539,08-May-2024,UTC,
220,2024-05-07 00:00:00,7440571a-841a-11ed-aa7c-7003bca91a86,4919,MV0001-05463,Bearing Washer,COMP-1768374767907-73hq6hda8,801.001,Clean Ballast Pumps,SP-801.001-463,CONSUME,-1,4,228b5256-5bd2-4bf3-826f-c6fe76571449,Consumed for WO WO-653.003.06-2024-367,WO-653.003.06-2024-367,07-May-2024 00:00,UTC,
219,2024-05-06 00:00:00,7440571a-841a-11ed-aa7c-7003bca91a86,4934,MV0001-05478,O-Ring,COMP-1768374767802-sjje0yq3o,403.001,"Steering Gears, Complete",SP-403.001-478,CONSUME,-1,9,228b5256-5bd2-4bf3-826f-c6fe76571449,Consumed for WO UWO-652.002-2024-839,UWO-652.002-2024-839,06-May-2024 00:00,UTC,
1993,2024-05-06 00:00:00,7440571a-841a-11ed-aa7c-7003bca91a86,5296,MV0001-05840,Pin,COMP-1768374768525-zyps62yum,712.011.02,LO Separators No.02,SP-702.005.01-840,CONSUME,-1,4,4th Engineer,Consumed during maintenance - UWO-652.002-2024-839,UWO-652.002-2024-839,06-May-2024,UTC,
2675,2024-05-05 00:00:00,7440571a-841a-11ed-aa7c-7003bca91a86,4943,MV0001-05487,O-Ring,COMP-1768374767815-k5anrfi02,554.001,Provision Cooling Compressor Aggregates,SP-554.001-487,CONSUME,-1,0,2nd Engineer,Consumed during maintenance - WO-554.001-2024-414,WO-554.001-2024-414,05-May-2024,UTC,
2676,2024-05-05 00:00:00,7440571a-841a-11ed-aa7c-7003bca91a86,4620,MV0001-05164,Dryer,COMP-1768374767815-k5anrfi02,554.001,Provision Cooling Compressor Aggregates,SP-554.001-164,CONSUME,-1,2,2nd Engineer,Consumed during maintenance - WO-554.001-2024-414,WO-554.001-2024-414,05-May-2024,UTC,
2911,2024-05-04 00:00:00,7440571a-841a-11ed-aa7c-7003bca91a86,5258,MV0001-05802,Cap Nut,COMP-1768374768525-zyps62yum,712.011.02,LO Separators No.02,SP-702.005.01-802,CONSUME,-2,3,3rd Engineer,Consumed during maintenance - WO-702.005.02-2024-224,WO-702.005.02-2024-224,04-May-2024,UTC,
2697,2024-05-03 00:00:00,7440571a-841a-11ed-aa7c-7003bca91a86,4772,MV0001-05316,Air Inlet Cover,COMP-1768374767899-slkigc1i8,665.001,"Emergency Generator Aggregates, Complete",SP-665.001-316,CONSUME,-1,3,2nd Engineer,Consumed during maintenance - UWO-651.001-2024-725,UWO-651.001-2024-725,03-May-2024,UTC,
2698,2024-05-03 00:00:00,7440571a-841a-11ed-aa7c-7003bca91a86,4919,MV0001-05463,Bearing Washer,COMP-1768374767907-73hq6hda8,801.001,Clean Ballast Pumps,SP-801.001-463,CONSUME,-1,2,2nd Engineer,Consumed during maintenance - UWO-651.001-2024-725,UWO-651.001-2024-725,03-May-2024,UTC,
2933,2024-05-03 00:00:00,7440571a-841a-11ed-aa7c-7003bca91a86,4660,MV0001-05204,Thrust Bearing Support,COMP-1768374767834-dbncpiany,601.053,ME Turbochargers,SP-601.053-204,CONSUME,-1,3,3rd Engineer,Consumed during maintenance - WO-651.003.01-2024-331,WO-651.003.01-2024-331,03-May-2024,UTC,
2934,2024-05-03 00:00:00,7440571a-841a-11ed-aa7c-7003bca91a86,5248,MV0001-05792,Top Disc,COMP-1768374768525-zyps62yum,712.011.02,LO Separators No.02,SP-702.005.01-792,CONSUME,-1,4,3rd Engineer,Consumed during maintenance - WO-651.003.01-2024-331,WO-651.003.01-2024-331,03-May-2024,UTC,
2935,2024-05-03 00:00:00,7440571a-841a-11ed-aa7c-7003bca91a86,4918,MV0001-05462,Bearing,COMP-1768374767907-73hq6hda8,801.001,Clean Ballast Pumps,SP-801.001-462,CONSUME,-2,3,3rd Engineer,Consumed during maintenance - WO-651.003.01-2024-331,WO-651.003.01-2024-331,03-May-2024,UTC,
218,2024-05-02 00:00:00,7440571a-841a-11ed-aa7c-7003bca91a86,4935,MV0001-05479,Gasket,COMP-1768374767802-sjje0yq3o,403.001,"Steering Gears, Complete",SP-403.001-479,CONSUME,-2,8,6084f3b8-85dc-462a-b045-111d2b2e6d0e,Consumed for WO UWO-651.007.04-2024-859,UWO-651.007.04-2024-859,02-May-2024 00:00,UTC,
2288,2024-05-01 00:00:00,7440571a-841a-11ed-aa7c-7003bca91a86,4940,MV0001-05484,Gasket,COMP-1768374767809-mr8172nux,411.002,X-Band Radar,SP-411.002-484,CONSUME,-2,4,4th Engineer,Consumed during maintenance - MKR-OV-00025-652.004.04-2024-076,MKR-OV-00025-652.004.04-2024-076,01-May-2024,UTC,
2289,2024-05-01 00:00:00,7440571a-841a-11ed-aa7c-7003bca91a86,4943,MV0001-05487,O-Ring,COMP-1768374767815-k5anrfi02,554.001,Provision Cooling Compressor Aggregates,SP-554.001-487,CONSUME,-2,1,4th Engineer,Consumed during maintenance - MKR-OV-00025-652.004.04-2024-076,MKR-OV-00025-652.004.04-2024-076,01-May-2024,UTC,
2798,2024-05-01 00:00:00,7440571a-841a-11ed-aa7c-7003bca91a86,5449,MV0001-05993,Gear Nut,COMP-1768374768533-xnq4n84q4,712.013.02,LO Separator Booster Pumps No.02,SP-712.013.01-993,CONSUME,-2,3,4th Engineer,Consumed during maintenance - MKR-IN-00085-652.003.01-2024-650,MKR-IN-00085-652.003.01-2024-650,01-May-2024,UTC,
2719,2024-04-30 00:00:00,7440571a-841a-11ed-aa7c-7003bca91a86,5025,MV0001-05569,Packing For Front Cover,COMP-1768374767974-ma2l45pdf,554.005.02,Condensers No.02,SP-554.005.01-569,CONSUME,-1,1,3rd Engineer,Consumed during maintenance - UWO-554.005.02-2024-578,UWO-554.005.02-2024-578,30-Apr-2024,UTC,
2720,2024-04-30 00:00:00,7440571a-841a-11ed-aa7c-7003bca91a86,5026,MV0001-05570,Packing For Rear Cover,COMP-1768374767974-ma2l45pdf,554.005.02,Condensers No.02,SP-554.005.01-570,CONSUME,-2,2,3rd Engineer,Consumed during maintenance - UWO-554.005.02-2024-578,UWO-554.005.02-2024-578,30-Apr-2024,UTC,
215,2024-04-28 00:00:00,7440571a-841a-11ed-aa7c-7003bca91a86,4801,MV0001-05345,PMG Dowel,COMP-1768374767899-slkigc1i8,665.001,"Emergency Generator Aggregates, Complete",SP-665.001-345,CONSUME,-1,4,977621de-77d7-4892-ae27-adaebcc27d0b,Consumed for WO UWO-652.020.05-2024-880,UWO-652.020.05-2024-880,28-Apr-2024 00:00,UTC,
216,2024-04-28 00:00:00,7440571a-841a-11ed-aa7c-7003bca91a86,4875,MV0001-05419,Mechanical Seal Cover,COMP-1768374767907-73hq6hda8,801.001,Clean Ballast Pumps,SP-801.001-419,CONSUME,-2,3,6084f3b8-85dc-462a-b045-111d2b2e6d0e,Consumed for WO UWO-652.007.05-2024-776,UWO-652.007.05-2024-776,28-Apr-2024 00:00,UTC,
217,2024-04-28 00:00:00,7440571a-841a-11ed-aa7c-7003bca91a86,4897,MV0001-05441,Coupling Flange,COMP-1768374767907-73hq6hda8,801.001,Clean Ballast Pumps,SP-801.001-441,CONSUME,-2,3,228b5256-5bd2-4bf3-826f-c6fe76571449,Consumed for WO UWO-601.002.03-2024-626,UWO-601.002.03-2024-626,28-Apr-2024 00:00,UTC,
2632,2024-04-28 00:00:00,7440571a-841a-11ed-aa7c-7003bca91a86,4655,MV0001-05199,Locking Wire,COMP-1768374767827-g6k9lk4to,601.016,ME Tiebolts,SP-601.016-199,CONSUME,-1,4,Chief Engineer,Consumed during maintenance - UWO-601.002.03-2024-626,UWO-601.002.03-2024-626,28-Apr-2024,UTC,
2633,2024-04-28 00:00:00,7440571a-841a-11ed-aa7c-7003bca91a86,4952,MV0001-05496,Piston Ring,COMP-1768374767967-jb4k6wuji,554.003.02,Compressors W/Drive Unit No.02,SP-554.003.01-496,CONSUME,-1,0,Chief Engineer,Consumed during maintenance - UWO-601.002.03-2024-626,UWO-601.002.03-2024-626,28-Apr-2024,UTC,
2921,2024-04-28 00:00:00,7440571a-841a-11ed-aa7c-7003bca91a86,4589,MV0001-05133,Cyl. Head Screw,COMP-1768374767802-sjje0yq3o,403.001,"Steering Gears, Complete",SP-403.001-133,CONSUME,-1,4,Chief Engineer,Consumed during maintenance - UWO-652.007.05-2024-776,UWO-652.007.05-2024-776,28-Apr-2024,UTC,
2922,2024-04-28 00:00:00,7440571a-841a-11ed-aa7c-7003bca91a86,5469,MV0001-06013,Key For Counter Gear,COMP-1768374768533-xnq4n84q4,712.013.02,LO Separator Booster Pumps No.02,SP-712.013.01-1013,CONSUME,-1,4,Chief Engineer,Consumed during maintenance - UWO-652.007.05-2024-776,UWO-652.007.05-2024-776,28-Apr-2024,UTC,
2928,2024-04-27 00:00:00,7440571a-841a-11ed-aa7c-7003bca91a86,4960,MV0001-05504,Retainer,COMP-1768374767967-jb4k6wuji,554.003.02,Compressors W/Drive Unit No.02,SP-554.003.01-504,CONSUME,-1,4,4th Engineer,Consumed during maintenance - MKR-IN-00063-601.004.02-2024-316,MKR-IN-00063-601.004.02-2024-316,27-Apr-2024,UTC,
2838,2024-04-26 00:00:00,7440571a-841a-11ed-aa7c-7003bca91a86,5455,MV0001-05999,Thrust Ball Bearing,COMP-1768374768533-xnq4n84q4,712.013.02,LO Separator Booster Pumps No.02,SP-712.013.01-999,CONSUME,-2,2,Chief Engineer,Consumed during maintenance - MKR-IN-00076-601.005.01-2024-393,MKR-IN-00076-601.005.01-2024-393,26-Apr-2024,UTC,
2839,2024-04-26 00:00:00,7440571a-841a-11ed-aa7c-7003bca91a86,5328,MV0001-05872,Retaining Ring C,COMP-1768374768525-zyps62yum,712.011.02,LO Separators No.02,SP-702.005.01-872,CONSUME,-2,3,Chief Engineer,Consumed during maintenance - MKR-IN-00076-601.005.01-2024-393,MKR-IN-00076-601.005.01-2024-393,26-Apr-2024,UTC,
214,2024-04-23 00:00:00,7440571a-841a-11ed-aa7c-7003bca91a86,4716,MV0001-05260,Space Heater,COMP-1768374767899-slkigc1i8,665.001,"Emergency Generator Aggregates, Complete",SP-665.001-260,CONSUME,-1,4,6084f3b8-85dc-462a-b045-111d2b2e6d0e,Consumed for WO WO-702.005.02-2024-222,WO-702.005.02-2024-222,23-Apr-2024 00:00,UTC,
2292,2024-04-23 00:00:00,7440571a-841a-11ed-aa7c-7003bca91a86,4910,MV0001-05454,Floating Shaft,COMP-1768374767907-73hq6hda8,801.001,Clean Ballast Pumps,SP-801.001-454,CONSUME,-1,4,4th Engineer,Consumed during maintenance - MKR-IN-00072-285.001.05-2024-204,MKR-IN-00072-285.001.05-2024-204,23-Apr-2024,UTC,
2293,2024-04-23 00:00:00,7440571a-841a-11ed-aa7c-7003bca91a86,4464,MV0001-05008,Deaeration Plug,COMP-1768374767799-zs6hrf8cm,401.005,Rudders W/Nozzle,SP-401.005-008,CONSUME,-1,4,4th Engineer,Consumed during maintenance - MKR-IN-00072-285.001.05-2024-204,MKR-IN-00072-285.001.05-2024-204,23-Apr-2024,UTC,
213,2024-04-20 00:00:00,7440571a-841a-11ed-aa7c-7003bca91a86,4936,MV0001-05480,O-Ring,COMP-1768374767958-93if5ek0n,403.006.02,Hydr. Oil Pumps No.02,SP-403.006.01-480,CONSUME,-1,8,6084f3b8-85dc-462a-b045-111d2b2e6d0e,Consumed for WO UWO-403.006.02-2024-535,UWO-403.006.02-2024-535,20-Apr-2024 00:00,UTC,
212,2024-04-18 00:00:00,7440571a-841a-11ed-aa7c-7003bca91a86,4535,MV0001-05079,Gland,COMP-1768374767802-sjje0yq3o,403.001,"Steering Gears, Complete",SP-403.001-079,CONSUME,-1,3,480b40d0-04bd-4590-a936-2f879b867977,Consumed for WO UWO-653.046-2024-745,UWO-653.046-2024-745,18-Apr-2024 00:00,UTC,
2686,2024-04-18 00:00:00,7440571a-841a-11ed-aa7c-7003bca91a86,5165,MV0001-05709,"Gasket, Cylinder Head",COMP-1768374767888-kl7yblrz6,653.046,AE3 Lo Filters,SP-651.046-709,CONSUME,-2,0,4th Engineer,Consumed during maintenance - UWO-653.046-2024-745,UWO-653.046-2024-745,18-Apr-2024,UTC,
2970,2024-04-16 00:00:00,7440571a-841a-11ed-aa7c-7003bca91a86,4928,MV0001-05472,Mechanical Seal Assembling Tool,COMP-1768374767907-73hq6hda8,801.001,Clean Ballast Pumps,SP-801.001-472,CONSUME,-1,9,3rd Engineer,Consumed during maintenance - UWO-601-2024-781,UWO-601-2024-781,16-Apr-2024,UTC,
210,2024-04-16 00:00:00,7440571a-841a-11ed-aa7c-7003bca91a86,4806,MV0001-05350,Non Drive End Bracket,COMP-1768374767899-slkigc1i8,665.001,"Emergency Generator Aggregates, Complete",SP-665.001-350,CONSUME,-2,3,977621de-77d7-4892-ae27-adaebcc27d0b,Consumed for WO UWO-651.020.05-2024-879,UWO-651.020.05-2024-879,16-Apr-2024 00:00,UTC,
211,2024-04-16 00:00:00,7440571a-841a-11ed-aa7c-7003bca91a86,4740,MV0001-05284,Main Rectifier Assembly-Forward,COMP-1768374767899-slkigc1i8,665.001,"Emergency Generator Aggregates, Complete",SP-665.001-284,CONSUME,-2,2,056a433e-b880-43c6-9d59-b1cfe71a4014,Consumed for WO UWO-601-2024-781,UWO-601-2024-781,16-Apr-2024 00:00,UTC,
2593,2024-04-14 00:00:00,7440571a-841a-11ed-aa7c-7003bca91a86,4800,MV0001-05344,PMG Clamp,COMP-1768374767899-slkigc1i8,665.001,"Emergency Generator Aggregates, Complete",SP-665.001-344,CONSUME,-2,0,2nd Officer,Consumed during maintenance - UWO-285.001.02-2024-608,UWO-285.001.02-2024-608,14-Apr-2024,UTC,
209,2024-04-13 00:00:00,7440571a-841a-11ed-aa7c-7003bca91a86,4825,MV0001-05369,Varistor,COMP-1768374767899-slkigc1i8,665.001,"Emergency Generator Aggregates, Complete",SP-665.001-369,CONSUME,-1,4,228b5256-5bd2-4bf3-826f-c6fe76571449,Consumed for WO WO-702.005.02-2024-221,WO-702.005.02-2024-221,13-Apr-2024 00:00,UTC,
1074,2024-04-13 00:00:00,7440571a-841a-11ed-aa7c-7003bca91a86,4676,MV0001-05220,Bolt,COMP-1768374767834-dbncpiany,601.053,ME Turbochargers,SP-601.053-220,RECEIVE,4,8,228b5256-5bd2-4bf3-826f-c6fe76571449,Received from Nordic Maritime Supply at Rotterdam,PO-2024-9900,13-Apr-2024 00:00,UTC,Rotterdam
1075,2024-04-13 00:00:00,7440571a-841a-11ed-aa7c-7003bca91a86,4477,MV0001-05021,Rudder Stock,COMP-1768374767799-zs6hrf8cm,401.005,Rudders W/Nozzle,SP-401.005-021,RECEIVE,2,12,228b5256-5bd2-4bf3-826f-c6fe76571449,Received from Nordic Maritime Supply at Rotterdam,PO-2024-3469,13-Apr-2024 00:00,UTC,Rotterdam
1076,2024-04-13 00:00:00,7440571a-841a-11ed-aa7c-7003bca91a86,4515,MV0001-05059,Nut,COMP-1768374767799-zs6hrf8cm,401.005,Rudders W/Nozzle,SP-401.005-059,RECEIVE,4,15,228b5256-5bd2-4bf3-826f-c6fe76571449,Received from Nordic Maritime Supply at Rotterdam,PO-2024-4501,13-Apr-2024 00:00,UTC,Rotterdam
1077,2024-04-13 00:00:00,7440571a-841a-11ed-aa7c-7003bca91a86,4522,MV0001-05066,Hexagon High Strength Bolt,COMP-1768374767799-zs6hrf8cm,401.005,Rudders W/Nozzle,SP-401.005-066,RECEIVE,1,1,228b5256-5bd2-4bf3-826f-c6fe76571449,Received from Nordic Maritime Supply at Rotterdam,PO-2024-6863,13-Apr-2024 00:00,UTC,Rotterdam
1078,2024-04-13 00:00:00,7440571a-841a-11ed-aa7c-7003bca91a86,4534,MV0001-05078,Rotor,COMP-1768374767802-sjje0yq3o,403.001,"Steering Gears, Complete",SP-403.001-078,RECEIVE,4,17,228b5256-5bd2-4bf3-826f-c6fe76571449,Received from Nordic Maritime Supply at Rotterdam,PO-2024-3894,13-Apr-2024 00:00,UTC,Rotterdam
1079,2024-04-13 00:00:00,7440571a-841a-11ed-aa7c-7003bca91a86,4586,MV0001-05130,End Cover,COMP-1768374767802-sjje0yq3o,403.001,"Steering Gears, Complete",SP-403.001-130,RECEIVE,4,14,228b5256-5bd2-4bf3-826f-c6fe76571449,Received from Nordic Maritime Supply at Rotterdam,PO-2024-6336,13-Apr-2024 00:00,UTC,Rotterdam
1080,2024-04-13 00:00:00,7440571a-841a-11ed-aa7c-7003bca91a86,4654,MV0001-05198,Cover,COMP-1768374767827-g6k9lk4to,601.016,ME Tiebolts,SP-601.016-198,RECEIVE,5,13,228b5256-5bd2-4bf3-826f-c6fe76571449,Received from Nordic Maritime Supply at Rotterdam,PO-2024-9244,13-Apr-2024 00:00,UTC,Rotterdam
1081,2024-04-13 00:00:00,7440571a-841a-11ed-aa7c-7003bca91a86,4680,MV0001-05224,Thread End Taper Pin,COMP-1768374767834-dbncpiany,601.053,ME Turbochargers,SP-601.053-224,RECEIVE,4,6,228b5256-5bd2-4bf3-826f-c6fe76571449,Received from Nordic Maritime Supply at Rotterdam,PO-2024-8917,13-Apr-2024 00:00,UTC,Rotterdam
1082,2024-04-13 00:00:00,7440571a-841a-11ed-aa7c-7003bca91a86,4687,MV0001-05231,Gasket,COMP-1768374767834-dbncpiany,601.053,ME Turbochargers,SP-601.053-231,RECEIVE,3,10,228b5256-5bd2-4bf3-826f-c6fe76571449,Received from Nordic Maritime Supply at Rotterdam,PO-2024-8830,13-Apr-2024 00:00,UTC,Rotterdam
1083,2024-04-13 00:00:00,7440571a-841a-11ed-aa7c-7003bca91a86,4688,MV0001-05232,Bolt,COMP-1768374767834-dbncpiany,601.053,ME Turbochargers,SP-601.053-232,RECEIVE,5,11,228b5256-5bd2-4bf3-826f-c6fe76571449,Received from Nordic Maritime Supply at Rotterdam,PO-2024-9966,13-Apr-2024 00:00,UTC,Rotterdam
1084,2024-04-13 00:00:00,7440571a-841a-11ed-aa7c-7003bca91a86,4690,MV0001-05234,Exhaust Pipe,COMP-1768374767837-m3bhk56ru,601.059,ME Exhaust Gas Manifolds/Pipes W/Insulation,SP-601.059-234,RECEIVE,5,11,228b5256-5bd2-4bf3-826f-c6fe76571449,Received from Nordic Maritime Supply at Rotterdam,PO-2024-6671,13-Apr-2024 00:00,UTC,Rotterdam
1085,2024-04-13 00:00:00,7440571a-841a-11ed-aa7c-7003bca91a86,4704,MV0001-05248,Bolt,COMP-1768374767837-m3bhk56ru,601.059,ME Exhaust Gas Manifolds/Pipes W/Insulation,SP-601.059-248,RECEIVE,3,19,228b5256-5bd2-4bf3-826f-c6fe76571449,Received from Nordic Maritime Supply at Rotterdam,PO-2024-0132,13-Apr-2024 00:00,UTC,Rotterdam
1086,2024-04-13 00:00:00,7440571a-841a-11ed-aa7c-7003bca91a86,4715,MV0001-05259,Ball Bearing,COMP-1768374767899-slkigc1i8,665.001,"Emergency Generator Aggregates, Complete",SP-665.001-259,RECEIVE,2,22,228b5256-5bd2-4bf3-826f-c6fe76571449,Received from Nordic Maritime Supply at Rotterdam,PO-2024-4889,13-Apr-2024 00:00,UTC,Rotterdam
1087,2024-04-13 00:00:00,7440571a-841a-11ed-aa7c-7003bca91a86,4721,MV0001-05265,Non Drive End Bracket,COMP-1768374767899-slkigc1i8,665.001,"Emergency Generator Aggregates, Complete",SP-665.001-265,RECEIVE,3,8,228b5256-5bd2-4bf3-826f-c6fe76571449,Received from Nordic Maritime Supply at Rotterdam,PO-2024-8917,13-Apr-2024 00:00,UTC,Rotterdam
1088,2024-04-13 00:00:00,7440571a-841a-11ed-aa7c-7003bca91a86,4728,MV0001-05272,Coupling Disc,COMP-1768374767899-slkigc1i8,665.001,"Emergency Generator Aggregates, Complete",SP-665.001-272,RECEIVE,3,10,228b5256-5bd2-4bf3-826f-c6fe76571449,Received from Nordic Maritime Supply at Rotterdam,PO-2024-0134,13-Apr-2024 00:00,UTC,Rotterdam
1089,2024-04-13 00:00:00,7440571a-841a-11ed-aa7c-7003bca91a86,4737,MV0001-05281,Automatic Voltage Regulator,COMP-1768374767899-slkigc1i8,665.001,"Emergency Generator Aggregates, Complete",SP-665.001-281,RECEIVE,2,5,228b5256-5bd2-4bf3-826f-c6fe76571449,Received from Nordic Maritime Supply at Rotterdam,PO-2024-3201,13-Apr-2024 00:00,UTC,Rotterdam
1090,2024-04-13 00:00:00,7440571a-841a-11ed-aa7c-7003bca91a86,4748,MV0001-05292,Main Terminal Panel,COMP-1768374767899-slkigc1i8,665.001,"Emergency Generator Aggregates, Complete",SP-665.001-292,RECEIVE,5,10,228b5256-5bd2-4bf3-826f-c6fe76571449,Received from Nordic Maritime Supply at Rotterdam,PO-2024-8305,13-Apr-2024 00:00,UTC,Rotterdam
1091,2024-04-13 00:00:00,7440571a-841a-11ed-aa7c-7003bca91a86,4751,MV0001-05295,Fan,COMP-1768374767899-slkigc1i8,665.001,"Emergency Generator Aggregates, Complete",SP-665.001-295,RECEIVE,3,9,228b5256-5bd2-4bf3-826f-c6fe76571449,Received from Nordic Maritime Supply at Rotterdam,PO-2024-5206,13-Apr-2024 00:00,UTC,Rotterdam
1092,2024-04-13 00:00:00,7440571a-841a-11ed-aa7c-7003bca91a86,4752,MV0001-05296,Foot Mounting Spacer,COMP-1768374767899-slkigc1i8,665.001,"Emergency Generator Aggregates, Complete",SP-665.001-296,RECEIVE,5,6,228b5256-5bd2-4bf3-826f-c6fe76571449,Received from Nordic Maritime Supply at Rotterdam,PO-2024-7764,13-Apr-2024 00:00,UTC,Rotterdam
1093,2024-04-13 00:00:00,7440571a-841a-11ed-aa7c-7003bca91a86,4773,MV0001-05317,Terminal Box Lid,COMP-1768374767899-slkigc1i8,665.001,"Emergency Generator Aggregates, Complete",SP-665.001-317,RECEIVE,4,19,228b5256-5bd2-4bf3-826f-c6fe76571449,Received from Nordic Maritime Supply at Rotterdam,PO-2024-9859,13-Apr-2024 00:00,UTC,Rotterdam
1094,2024-04-13 00:00:00,7440571a-841a-11ed-aa7c-7003bca91a86,4798,MV0001-05342,PMG Bolt,COMP-1768374767899-slkigc1i8,665.001,"Emergency Generator Aggregates, Complete",SP-665.001-342,RECEIVE,2,20,228b5256-5bd2-4bf3-826f-c6fe76571449,Received from Nordic Maritime Supply at Rotterdam,PO-2024-7729,13-Apr-2024 00:00,UTC,Rotterdam
1095,2024-04-13 00:00:00,7440571a-841a-11ed-aa7c-7003bca91a86,4801,MV0001-05345,PMG Dowel,COMP-1768374767899-slkigc1i8,665.001,"Emergency Generator Aggregates, Complete",SP-665.001-345,RECEIVE,3,7,228b5256-5bd2-4bf3-826f-c6fe76571449,Received from Nordic Maritime Supply at Rotterdam,PO-2024-3369,13-Apr-2024 00:00,UTC,Rotterdam
1096,2024-04-13 00:00:00,7440571a-841a-11ed-aa7c-7003bca91a86,4814,MV0001-05358,Foot,COMP-1768374767899-slkigc1i8,665.001,"Emergency Generator Aggregates, Complete",SP-665.001-358,RECEIVE,3,10,228b5256-5bd2-4bf3-826f-c6fe76571449,Received from Nordic Maritime Supply at Rotterdam,PO-2024-6159,13-Apr-2024 00:00,UTC,Rotterdam
1097,2024-04-13 00:00:00,7440571a-841a-11ed-aa7c-7003bca91a86,4825,MV0001-05369,Varistor,COMP-1768374767899-slkigc1i8,665.001,"Emergency Generator Aggregates, Complete",SP-665.001-369,RECEIVE,1,14,228b5256-5bd2-4bf3-826f-c6fe76571449,Received from Nordic Maritime Supply at Rotterdam,PO-2024-2823,13-Apr-2024 00:00,UTC,Rotterdam
1098,2024-04-13 00:00:00,7440571a-841a-11ed-aa7c-7003bca91a86,4839,MV0001-05383,Pump Bed,COMP-1768374767907-73hq6hda8,801.001,Clean Ballast Pumps,SP-801.001-383,RECEIVE,1,14,228b5256-5bd2-4bf3-826f-c6fe76571449,Received from Nordic Maritime Supply at Rotterdam,PO-2024-6011,13-Apr-2024 00:00,UTC,Rotterdam
1099,2024-04-13 00:00:00,7440571a-841a-11ed-aa7c-7003bca91a86,4842,MV0001-05386,Bearing Cover,COMP-1768374767907-73hq6hda8,801.001,Clean Ballast Pumps,SP-801.001-386,RECEIVE,1,6,228b5256-5bd2-4bf3-826f-c6fe76571449,Received from Nordic Maritime Supply at Rotterdam,PO-2024-1162,13-Apr-2024 00:00,UTC,Rotterdam
1100,2024-04-13 00:00:00,7440571a-841a-11ed-aa7c-7003bca91a86,4845,MV0001-05389,Bearing Inner Case,COMP-1768374767907-73hq6hda8,801.001,Clean Ballast Pumps,SP-801.001-389,RECEIVE,1,6,228b5256-5bd2-4bf3-826f-c6fe76571449,Received from Nordic Maritime Supply at Rotterdam,PO-2024-6898,13-Apr-2024 00:00,UTC,Rotterdam
1101,2024-04-13 00:00:00,7440571a-841a-11ed-aa7c-7003bca91a86,4857,MV0001-05401,Packing Ring,COMP-1768374767907-73hq6hda8,801.001,Clean Ballast Pumps,SP-801.001-401,RECEIVE,2,6,228b5256-5bd2-4bf3-826f-c6fe76571449,Received from Nordic Maritime Supply at Rotterdam,PO-2024-8690,13-Apr-2024 00:00,UTC,Rotterdam
1102,2024-04-13 00:00:00,7440571a-841a-11ed-aa7c-7003bca91a86,4869,MV0001-05413,Stopper Ring And Set Screw,COMP-1768374767907-73hq6hda8,801.001,Clean Ballast Pumps,SP-801.001-413,RECEIVE,5,9,228b5256-5bd2-4bf3-826f-c6fe76571449,Received from Nordic Maritime Supply at Rotterdam,PO-2024-1647,13-Apr-2024 00:00,UTC,Rotterdam
1103,2024-04-13 00:00:00,7440571a-841a-11ed-aa7c-7003bca91a86,4876,MV0001-05420,Bearing Nut,COMP-1768374767907-73hq6hda8,801.001,Clean Ballast Pumps,SP-801.001-420,RECEIVE,4,11,228b5256-5bd2-4bf3-826f-c6fe76571449,Received from Nordic Maritime Supply at Rotterdam,PO-2024-9050,13-Apr-2024 00:00,UTC,Rotterdam
1104,2024-04-13 00:00:00,7440571a-841a-11ed-aa7c-7003bca91a86,4892,MV0001-05436,Sleeve,COMP-1768374767907-73hq6hda8,801.001,Clean Ballast Pumps,SP-801.001-436,RECEIVE,4,17,228b5256-5bd2-4bf3-826f-c6fe76571449,Received from Nordic Maritime Supply at Rotterdam,PO-2024-3096,13-Apr-2024 00:00,UTC,Rotterdam
1105,2024-04-13 00:00:00,7440571a-841a-11ed-aa7c-7003bca91a86,4911,MV0001-05455,Coupling,COMP-1768374767907-73hq6hda8,801.001,Clean Ballast Pumps,SP-801.001-455,RECEIVE,5,12,228b5256-5bd2-4bf3-826f-c6fe76571449,Received from Nordic Maritime Supply at Rotterdam,PO-2024-1694,13-Apr-2024 00:00,UTC,Rotterdam
1106,2024-04-13 00:00:00,7440571a-841a-11ed-aa7c-7003bca91a86,4924,MV0001-05468,Thermo Switch,COMP-1768374767907-73hq6hda8,801.001,Clean Ballast Pumps,SP-801.001-468,RECEIVE,4,12,228b5256-5bd2-4bf3-826f-c6fe76571449,Received from Nordic Maritime Supply at Rotterdam,PO-2024-2294,13-Apr-2024 00:00,UTC,Rotterdam
1107,2024-04-13 00:00:00,7440571a-841a-11ed-aa7c-7003bca91a86,4949,MV0001-05493,Service Valve,COMP-1768374767967-jb4k6wuji,554.003.02,Compressors W/Drive Unit No.02,SP-554.003.01-493,RECEIVE,2,7,228b5256-5bd2-4bf3-826f-c6fe76571449,Received from Nordic Maritime Supply at Rotterdam,PO-2024-9119,13-Apr-2024 00:00,UTC,Rotterdam
2951,2024-04-12 00:00:00,7440571a-841a-11ed-aa7c-7003bca91a86,5030,MV0001-05574,Tube Brush,COMP-1768374767974-ma2l45pdf,554.005.02,Condensers No.02,SP-554.005.01-574,CONSUME,-1,6,Electrican,Consumed during maintenance - MKR-IN-00072-285.001.07-2024-223,MKR-IN-00072-285.001.07-2024-223,12-Apr-2024,UTC,
2812,2024-04-11 00:00:00,7440571a-841a-11ed-aa7c-7003bca91a86,4528,MV0001-05072,Locking Screw,COMP-1768374767802-sjje0yq3o,403.001,"Steering Gears, Complete",SP-403.001-072,CONSUME,-2,3,Chief Engineer,Consumed during maintenance - UWO-651.003.03-2024-628,UWO-651.003.03-2024-628,11-Apr-2024,UTC,
2813,2024-04-11 00:00:00,7440571a-841a-11ed-aa7c-7003bca91a86,4768,MV0001-05312,Bearing Drive End,COMP-1768374767899-slkigc1i8,665.001,"Emergency Generator Aggregates, Complete",SP-665.001-312,CONSUME,-1,3,Chief Engineer,Consumed during maintenance - UWO-651.003.03-2024-628,UWO-651.003.03-2024-628,11-Apr-2024,UTC,
2776,2024-04-10 00:00:00,7440571a-841a-11ed-aa7c-7003bca91a86,5088,MV0001-05632,Non Return Valve,COMP-1768374768201-mvmpi8w24,601.026.06,ME Hp Fuel Pumps No.06,SP-601.026.01-632,CONSUME,-2,2,2nd Engineer,Consumed during maintenance - UWO-601.026.06-2024-603,UWO-601.026.06-2024-603,10-Apr-2024,UTC,
2836,2024-04-10 00:00:00,7440571a-841a-11ed-aa7c-7003bca91a86,5083,MV0001-05627,Gasket,COMP-1768374767830-uxleqdvg1,601.018,ME Crankcases,SP-601.018-627,CONSUME,-1,3,4th Engineer,Consumed during maintenance - UWO-601.018-2024-849,UWO-601.018-2024-849,10-Apr-2024,UTC,
2837,2024-04-10 00:00:00,7440571a-841a-11ed-aa7c-7003bca91a86,5084,MV0001-05628,O-Ring,COMP-1768374767830-uxleqdvg1,601.018,ME Crankcases,SP-601.018-628,CONSUME,-2,0,4th Engineer,Consumed during maintenance - UWO-601.018-2024-849,UWO-601.018-2024-849,10-Apr-2024,UTC,
208,2024-04-09 00:00:00,7440571a-841a-11ed-aa7c-7003bca91a86,4598,MV0001-05142,Cable Protector,COMP-1768374767802-sjje0yq3o,403.001,"Steering Gears, Complete",SP-403.001-142,CONSUME,-1,2,480b40d0-04bd-4590-a936-2f879b867977,Consumed for WO WO-653.003.06-2024-366,WO-653.003.06-2024-366,09-Apr-2024 00:00,UTC,
207,2024-04-08 00:00:00,7440571a-841a-11ed-aa7c-7003bca91a86,4677,MV0001-05221,Gasket,COMP-1768374767834-dbncpiany,601.053,ME Turbochargers,SP-601.053-221,CONSUME,-1,0,228b5256-5bd2-4bf3-826f-c6fe76571449,Consumed for WO UWO-653.002.03-2024-740,UWO-653.002.03-2024-740,08-Apr-2024 00:00,UTC,
2561,2024-04-08 00:00:00,7440571a-841a-11ed-aa7c-7003bca91a86,5553,MV0001-06097,Rigid Coupling,COMP-1768374767795-1qyq8qvkb,721.001.02,Main Sw Cooling Pumps No.02,SP-721.001.01-1097,CONSUME,-1,4,4th Engineer,Consumed during maintenance - MKR-IN-00072-285.001.08-2024-237,MKR-IN-00072-285.001.08-2024-237,08-Apr-2024,UTC,
206,2024-04-07 00:00:00,7440571a-841a-11ed-aa7c-7003bca91a86,4576,MV0001-05120,Fitting,COMP-1768374767802-sjje0yq3o,403.001,"Steering Gears, Complete",SP-403.001-120,CONSUME,-1,4,6084f3b8-85dc-462a-b045-111d2b2e6d0e,Consumed for WO UWO-653.018-2024-529,UWO-653.018-2024-529,07-Apr-2024 00:00,UTC,
2859,2024-04-06 00:00:00,7440571a-841a-11ed-aa7c-7003bca91a86,4766,MV0001-05310,Drive End Bracket,COMP-1768374767899-slkigc1i8,665.001,"Emergency Generator Aggregates, Complete",SP-665.001-310,CONSUME,-2,2,2nd Engineer,Consumed during maintenance - MKR-OV-00012-601.003.03-2024-289,MKR-OV-00012-601.003.03-2024-289,06-Apr-2024,UTC,
2815,2024-04-05 00:00:00,7440571a-841a-11ed-aa7c-7003bca91a86,4681,MV0001-05225,Locking Wire,COMP-1768374767834-dbncpiany,601.053,ME Turbochargers,SP-601.053-225,CONSUME,-1,4,2nd Engineer,Consumed during maintenance - WO-601.053-2024-433,WO-601.053-2024-433,05-Apr-2024,UTC,
1946,2024-04-04 00:00:00,7440571a-841a-11ed-aa7c-7003bca91a86,4495,MV0001-05039,Plug,COMP-1768374767799-zs6hrf8cm,401.005,Rudders W/Nozzle,SP-401.005-039,CONSUME,-2,3,4th Engineer,Consumed during maintenance - MKR-IN-00085-651.003.03-2024-569,MKR-IN-00085-651.003.03-2024-569,04-Apr-2024,UTC,
1947,2024-04-04 00:00:00,7440571a-841a-11ed-aa7c-7003bca91a86,5115,MV0001-05659,Main Bearing Metal Assembly,COMP-1768374768443-sj0hmblft,653.003.06,AE3 Cylinder Liners No.06,SP-651.003.01-659,CONSUME,-2,3,4th Engineer,Consumed during maintenance - MKR-IN-00085-651.003.03-2024-569,MKR-IN-00085-651.003.03-2024-569,04-Apr-2024,UTC,
2736,2024-04-04 00:00:00,7440571a-841a-11ed-aa7c-7003bca91a86,4737,MV0001-05281,Automatic Voltage Regulator,COMP-1768374767899-slkigc1i8,665.001,"Emergency Generator Aggregates, Complete",SP-665.001-281,CONSUME,-2,0,3rd Engineer,Consumed during maintenance - WO-651.003.01-2024-330,WO-651.003.01-2024-330,04-Apr-2024,UTC,
2737,2024-04-04 00:00:00,7440571a-841a-11ed-aa7c-7003bca91a86,4977,MV0001-05521,Stud Bolt,COMP-1768374767967-jb4k6wuji,554.003.02,Compressors W/Drive Unit No.02,SP-554.003.01-521,CONSUME,-2,2,3rd Engineer,Consumed during maintenance - WO-651.003.01-2024-330,WO-651.003.01-2024-330,04-Apr-2024,UTC,
2738,2024-04-04 00:00:00,7440571a-841a-11ed-aa7c-7003bca91a86,4844,MV0001-05388,Bearing Inner Case,COMP-1768374767907-73hq6hda8,801.001,Clean Ballast Pumps,SP-801.001-388,CONSUME,-1,4,3rd Engineer,Consumed during maintenance - WO-651.003.01-2024-330,WO-651.003.01-2024-330,04-Apr-2024,UTC,
205,2024-04-03 00:00:00,7440571a-841a-11ed-aa7c-7003bca91a86,4696,MV0001-05240,Support,COMP-1768374767837-m3bhk56ru,601.059,ME Exhaust Gas Manifolds/Pipes W/Insulation,SP-601.059-240,CONSUME,-1,2,977621de-77d7-4892-ae27-adaebcc27d0b,Consumed for WO UWO-601.003.05-2024-625,UWO-601.003.05-2024-625,03-Apr-2024 00:00,UTC,
204,2024-03-29 00:00:00,7440571a-841a-11ed-aa7c-7003bca91a86,4535,MV0001-05079,Gland,COMP-1768374767802-sjje0yq3o,403.001,"Steering Gears, Complete",SP-403.001-079,CONSUME,-1,4,977621de-77d7-4892-ae27-adaebcc27d0b,Consumed for WO WO-702.005.02-2024-219,WO-702.005.02-2024-219,29-Mar-2024 00:00,UTC,
3003,2024-03-26 00:00:00,7440571a-841a-11ed-aa7c-7003bca91a86,5025,MV0001-05569,Packing For Front Cover,COMP-1768374767974-ma2l45pdf,554.005.02,Condensers No.02,SP-554.005.01-569,CONSUME,-1,0,2nd Engineer,Consumed during maintenance - MKR-IN-00086-652.018-2024-091,MKR-IN-00086-652.018-2024-091,26-Mar-2024,UTC,
203,2024-03-25 00:00:00,7440571a-841a-11ed-aa7c-7003bca91a86,4812,MV0001-05356,Drive End Screen,COMP-1768374767899-slkigc1i8,665.001,"Emergency Generator Aggregates, Complete",SP-665.001-356,CONSUME,-1,4,6084f3b8-85dc-462a-b045-111d2b2e6d0e,Consumed for WO WO-702.005.02-2024-218,WO-702.005.02-2024-218,25-Mar-2024 00:00,UTC,
202,2024-03-24 00:00:00,7440571a-841a-11ed-aa7c-7003bca91a86,4936,MV0001-05480,O-Ring,COMP-1768374767958-93if5ek0n,403.006.02,Hydr. Oil Pumps No.02,SP-403.006.01-480,CONSUME,-1,9,228b5256-5bd2-4bf3-826f-c6fe76571449,Consumed for WO UWO-403.006.02-2024-661,UWO-403.006.02-2024-661,24-Mar-2024 00:00,UTC,
2754,2024-03-24 00:00:00,7440571a-841a-11ed-aa7c-7003bca91a86,4936,MV0001-05480,O-Ring,COMP-1768374767958-93if5ek0n,403.006.02,Hydr. Oil Pumps No.02,SP-403.006.01-480,CONSUME,-2,4,4th Engineer,Consumed during maintenance - UWO-403.006.02-2024-661,UWO-403.006.02-2024-661,24-Mar-2024,UTC,
2891,2024-03-22 00:00:00,7440571a-841a-11ed-aa7c-7003bca91a86,4596,MV0001-05140,Washer,COMP-1768374767802-sjje0yq3o,403.001,"Steering Gears, Complete",SP-403.001-140,CONSUME,-1,2,2nd Engineer,Consumed during maintenance - UWO-601.002.01-2024-700,UWO-601.002.01-2024-700,22-Mar-2024,UTC,
2892,2024-03-22 00:00:00,7440571a-841a-11ed-aa7c-7003bca91a86,5464,MV0001-06008,Bearing Guide,COMP-1768374768533-xnq4n84q4,712.013.02,LO Separator Booster Pumps No.02,SP-712.013.01-1008,CONSUME,-1,4,2nd Engineer,Consumed during maintenance - UWO-601.002.01-2024-700,UWO-601.002.01-2024-700,22-Mar-2024,UTC,
2893,2024-03-22 00:00:00,7440571a-841a-11ed-aa7c-7003bca91a86,5153,MV0001-05697,U-Nut,COMP-1768374768482-7j8q5rba6,653.007.07,"AE3 Main Bearings, Journals No.07",SP-651.007.01-697,CONSUME,-1,4,2nd Engineer,Consumed during maintenance - UWO-601.002.01-2024-700,UWO-601.002.01-2024-700,22-Mar-2024,UTC,
2643,2024-03-21 00:00:00,7440571a-841a-11ed-aa7c-7003bca91a86,4794,MV0001-05338,Automatic Voltage Regulator Anti-Vibration Mount,COMP-1768374767899-slkigc1i8,665.001,"Emergency Generator Aggregates, Complete",SP-665.001-338,CONSUME,-2,2,2nd Engineer,Consumed during maintenance - MKR-IN-00085-651.003.02-2024-555,MKR-IN-00085-651.003.02-2024-555,21-Mar-2024,UTC,
2644,2024-03-21 00:00:00,7440571a-841a-11ed-aa7c-7003bca91a86,5427,MV0001-05971,Cylinder,COMP-1768374768525-zyps62yum,712.011.02,LO Separators No.02,SP-702.005.01-971,CONSUME,-2,2,2nd Engineer,Consumed during maintenance - MKR-IN-00085-651.003.02-2024-555,MKR-IN-00085-651.003.02-2024-555,21-Mar-2024,UTC,
2586,2024-03-18 00:00:00,7440571a-841a-11ed-aa7c-7003bca91a86,5340,MV0001-05884,Friction Boss,COMP-1768374768525-zyps62yum,712.011.02,LO Separators No.02,SP-702.005.01-884,CONSUME,-2,3,4th Engineer,Consumed during maintenance - MKR-IN-00085-652.003.03-2024-655,MKR-IN-00085-652.003.03-2024-655,18-Mar-2024,UTC,
201,2024-03-17 00:00:00,7440571a-841a-11ed-aa7c-7003bca91a86,4564,MV0001-05108,O-Ring,COMP-1768374767802-sjje0yq3o,403.001,"Steering Gears, Complete",SP-403.001-108,CONSUME,-2,3,6084f3b8-85dc-462a-b045-111d2b2e6d0e,Consumed for WO UWO-4-2024-618,UWO-4-2024-618,17-Mar-2024 00:00,UTC,
2085,2024-03-17 00:00:00,7440571a-841a-11ed-aa7c-7003bca91a86,5172,MV0001-05716,Gasket,COMP-1768374768525-zyps62yum,712.011.02,LO Separators No.02,SP-702.005.01-716,CONSUME,-1,4,2nd Engineer,Consumed during maintenance - MKR-IN-00085-652.003.01-2024-648,MKR-IN-00085-652.003.01-2024-648,17-Mar-2024,UTC,
2086,2024-03-17 00:00:00,7440571a-841a-11ed-aa7c-7003bca91a86,5149,MV0001-05693,Split Pin,COMP-1768374768462-uelez69lg,653.004.06,AE3 Pistons And Connecting Rod No.06,SP-651.004.01-693,CONSUME,-2,1,2nd Engineer,Consumed during maintenance - MKR-IN-00085-652.003.01-2024-648,MKR-IN-00085-652.003.01-2024-648,17-Mar-2024,UTC,
2968,2024-03-17 00:00:00,7440571a-841a-11ed-aa7c-7003bca91a86,5180,MV0001-05724,Oil Gauge Retainer,COMP-1768374768525-zyps62yum,712.011.02,LO Separators No.02,SP-702.005.01-724,CONSUME,-1,1,3rd Engineer,Consumed during maintenance - UWO-4-2024-618,UWO-4-2024-618,17-Mar-2024,UTC,
2969,2024-03-17 00:00:00,7440571a-841a-11ed-aa7c-7003bca91a86,5332,MV0001-05876,O-Ring,COMP-1768374768525-zyps62yum,712.011.02,LO Separators No.02,SP-702.005.01-876,CONSUME,-1,4,3rd Engineer,Consumed during maintenance - UWO-4-2024-618,UWO-4-2024-618,17-Mar-2024,UTC,
199,2024-03-16 00:00:00,7440571a-841a-11ed-aa7c-7003bca91a86,4760,MV0001-05304,Exciter Stator,COMP-1768374767899-slkigc1i8,665.001,"Emergency Generator Aggregates, Complete",SP-665.001-304,CONSUME,-2,3,056a433e-b880-43c6-9d59-b1cfe71a4014,Consumed for WO UWO-653.003.06-2024-814,UWO-653.003.06-2024-814,16-Mar-2024 00:00,UTC,
200,2024-03-16 00:00:00,7440571a-841a-11ed-aa7c-7003bca91a86,4621,MV0001-05165,Stop Valve,COMP-1768374767815-k5anrfi02,554.001,Provision Cooling Compressor Aggregates,SP-554.001-165,CONSUME,-1,4,480b40d0-04bd-4590-a936-2f879b867977,Consumed for WO WO-702.005.02-2024-217,WO-702.005.02-2024-217,16-Mar-2024 00:00,UTC,
2656,2024-03-16 00:00:00,7440571a-841a-11ed-aa7c-7003bca91a86,5115,MV0001-05659,Main Bearing Metal Assembly,COMP-1768374768443-sj0hmblft,653.003.06,AE3 Cylinder Liners No.06,SP-651.003.01-659,CONSUME,-2,0,4th Engineer,Consumed during maintenance - UWO-653.003.06-2024-814,UWO-653.003.06-2024-814,16-Mar-2024,UTC,
2657,2024-03-16 00:00:00,7440571a-841a-11ed-aa7c-7003bca91a86,5123,MV0001-05667,Side Bolt,COMP-1768374768443-sj0hmblft,653.003.06,AE3 Cylinder Liners No.06,SP-651.003.01-667,CONSUME,-1,1,4th Engineer,Consumed during maintenance - UWO-653.003.06-2024-814,UWO-653.003.06-2024-814,16-Mar-2024,UTC,
2658,2024-03-16 00:00:00,7440571a-841a-11ed-aa7c-7003bca91a86,5121,MV0001-05665,Stud,COMP-1768374768443-sj0hmblft,653.003.06,AE3 Cylinder Liners No.06,SP-651.003.01-665,CONSUME,-1,2,4th Engineer,Consumed during maintenance - UWO-653.003.06-2024-814,UWO-653.003.06-2024-814,16-Mar-2024,UTC,
2147,2024-03-14 00:00:00,7440571a-841a-11ed-aa7c-7003bca91a86,4818,MV0001-05362,Terminal Box Lid,COMP-1768374767899-slkigc1i8,665.001,"Emergency Generator Aggregates, Complete",SP-665.001-362,CONSUME,-2,3,Chief Engineer,Consumed during maintenance - MKR-IN-00080-652.002.02-2024-616,MKR-IN-00080-652.002.02-2024-616,14-Mar-2024,UTC,
2535,2024-03-14 00:00:00,7440571a-841a-11ed-aa7c-7003bca91a86,4574,MV0001-05118,Bonded Seal,COMP-1768374767802-sjje0yq3o,403.001,"Steering Gears, Complete",SP-403.001-118,CONSUME,-1,4,2nd Engineer,Consumed during maintenance - MKR-IN-00080-651.002.02-2024-515,MKR-IN-00080-651.002.02-2024-515,14-Mar-2024,UTC,
2536,2024-03-14 00:00:00,7440571a-841a-11ed-aa7c-7003bca91a86,5129,MV0001-05673,Parallel Pin,COMP-1768374768443-sj0hmblft,653.003.06,AE3 Cylinder Liners No.06,SP-651.003.01-673,CONSUME,-2,1,2nd Engineer,Consumed during maintenance - MKR-IN-00080-651.002.02-2024-515,MKR-IN-00080-651.002.02-2024-515,14-Mar-2024,UTC,
1035,2024-03-13 00:00:00,7440571a-841a-11ed-aa7c-7003bca91a86,4837,MV0001-05381,Volute Casing,COMP-1768374767907-73hq6hda8,801.001,Clean Ballast Pumps,SP-801.001-381,RECEIVE,1,206,228b5256-5bd2-4bf3-826f-c6fe76571449,Received from Nordic Maritime Supply at Jebel Ali,PO-2024-7452,13-Mar-2024 00:00,UTC,Jebel Ali
1036,2024-03-13 00:00:00,7440571a-841a-11ed-aa7c-7003bca91a86,4473,MV0001-05017,Neck Bush,COMP-1768374767799-zs6hrf8cm,401.005,Rudders W/Nozzle,SP-401.005-017,RECEIVE,2,5,228b5256-5bd2-4bf3-826f-c6fe76571449,Received from Nordic Maritime Supply at Jebel Ali,PO-2024-3356,13-Mar-2024 00:00,UTC,Jebel Ali
1037,2024-03-13 00:00:00,7440571a-841a-11ed-aa7c-7003bca91a86,4491,MV0001-05035,O-Ring,COMP-1768374767799-zs6hrf8cm,401.005,Rudders W/Nozzle,SP-401.005-035,RECEIVE,1,14,228b5256-5bd2-4bf3-826f-c6fe76571449,Received from Nordic Maritime Supply at Jebel Ali,PO-2024-6784,13-Mar-2024 00:00,UTC,Jebel Ali
1038,2024-03-13 00:00:00,7440571a-841a-11ed-aa7c-7003bca91a86,4504,MV0001-05048,Base Plate,COMP-1768374767799-zs6hrf8cm,401.005,Rudders W/Nozzle,SP-401.005-048,RECEIVE,5,10,228b5256-5bd2-4bf3-826f-c6fe76571449,Received from Nordic Maritime Supply at Jebel Ali,PO-2024-5451,13-Mar-2024 00:00,UTC,Jebel Ali
1039,2024-03-13 00:00:00,7440571a-841a-11ed-aa7c-7003bca91a86,4514,MV0001-05058,Reamer Bolt,COMP-1768374767799-zs6hrf8cm,401.005,Rudders W/Nozzle,SP-401.005-058,RECEIVE,3,10,228b5256-5bd2-4bf3-826f-c6fe76571449,Received from Nordic Maritime Supply at Jebel Ali,PO-2024-4818,13-Mar-2024 00:00,UTC,Jebel Ali
1040,2024-03-13 00:00:00,7440571a-841a-11ed-aa7c-7003bca91a86,4515,MV0001-05059,Nut,COMP-1768374767799-zs6hrf8cm,401.005,Rudders W/Nozzle,SP-401.005-059,RECEIVE,5,11,228b5256-5bd2-4bf3-826f-c6fe76571449,Received from Nordic Maritime Supply at Jebel Ali,PO-2024-0070,13-Mar-2024 00:00,UTC,Jebel Ali
1041,2024-03-13 00:00:00,7440571a-841a-11ed-aa7c-7003bca91a86,4557,MV0001-05101,Hex. Head Screw,COMP-1768374767802-sjje0yq3o,403.001,"Steering Gears, Complete",SP-403.001-101,RECEIVE,3,9,228b5256-5bd2-4bf3-826f-c6fe76571449,Received from Nordic Maritime Supply at Jebel Ali,PO-2024-0074,13-Mar-2024 00:00,UTC,Jebel Ali
1042,2024-03-13 00:00:00,7440571a-841a-11ed-aa7c-7003bca91a86,4570,MV0001-05114,Nipple-G,COMP-1768374767802-sjje0yq3o,403.001,"Steering Gears, Complete",SP-403.001-114,RECEIVE,5,14,228b5256-5bd2-4bf3-826f-c6fe76571449,Received from Nordic Maritime Supply at Jebel Ali,PO-2024-4221,13-Mar-2024 00:00,UTC,Jebel Ali
1043,2024-03-13 00:00:00,7440571a-841a-11ed-aa7c-7003bca91a86,4577,MV0001-05121,Bonded Seal,COMP-1768374767802-sjje0yq3o,403.001,"Steering Gears, Complete",SP-403.001-121,RECEIVE,4,13,228b5256-5bd2-4bf3-826f-c6fe76571449,Received from Nordic Maritime Supply at Jebel Ali,PO-2024-6017,13-Mar-2024 00:00,UTC,Jebel Ali
1044,2024-03-13 00:00:00,7440571a-841a-11ed-aa7c-7003bca91a86,4594,MV0001-05138,O-Ring Angus,COMP-1768374767802-sjje0yq3o,403.001,"Steering Gears, Complete",SP-403.001-138,RECEIVE,2,7,228b5256-5bd2-4bf3-826f-c6fe76571449,Received from Nordic Maritime Supply at Jebel Ali,PO-2024-4857,13-Mar-2024 00:00,UTC,Jebel Ali
1045,2024-03-13 00:00:00,7440571a-841a-11ed-aa7c-7003bca91a86,4598,MV0001-05142,Cable Protector,COMP-1768374767802-sjje0yq3o,403.001,"Steering Gears, Complete",SP-403.001-142,RECEIVE,3,5,228b5256-5bd2-4bf3-826f-c6fe76571449,Received from Nordic Maritime Supply at Jebel Ali,PO-2024-7633,13-Mar-2024 00:00,UTC,Jebel Ali
1046,2024-03-13 00:00:00,7440571a-841a-11ed-aa7c-7003bca91a86,4600,MV0001-05144,Piston Bypass Valve,COMP-1768374767802-sjje0yq3o,403.001,"Steering Gears, Complete",SP-403.001-144,RECEIVE,5,9,228b5256-5bd2-4bf3-826f-c6fe76571449,Received from Nordic Maritime Supply at Jebel Ali,PO-2024-3890,13-Mar-2024 00:00,UTC,Jebel Ali
1047,2024-03-13 00:00:00,7440571a-841a-11ed-aa7c-7003bca91a86,4601,MV0001-05145,Spring,COMP-1768374767802-sjje0yq3o,403.001,"Steering Gears, Complete",SP-403.001-145,RECEIVE,2,16,228b5256-5bd2-4bf3-826f-c6fe76571449,Received from Nordic Maritime Supply at Jebel Ali,PO-2024-8822,13-Mar-2024 00:00,UTC,Jebel Ali
1048,2024-03-13 00:00:00,7440571a-841a-11ed-aa7c-7003bca91a86,4610,MV0001-05154,Adjusting Screw,COMP-1768374767802-sjje0yq3o,403.001,"Steering Gears, Complete",SP-403.001-154,RECEIVE,1,2,228b5256-5bd2-4bf3-826f-c6fe76571449,Received from Nordic Maritime Supply at Jebel Ali,PO-2024-7365,13-Mar-2024 00:00,UTC,Jebel Ali
1049,2024-03-13 00:00:00,7440571a-841a-11ed-aa7c-7003bca91a86,4613,MV0001-05157,O-Ring,COMP-1768374767802-sjje0yq3o,403.001,"Steering Gears, Complete",SP-403.001-157,RECEIVE,2,9,228b5256-5bd2-4bf3-826f-c6fe76571449,Received from Nordic Maritime Supply at Jebel Ali,PO-2024-6564,13-Mar-2024 00:00,UTC,Jebel Ali
1050,2024-03-13 00:00:00,7440571a-841a-11ed-aa7c-7003bca91a86,4617,MV0001-05161,Magnet Valve,COMP-1768374767815-k5anrfi02,554.001,Provision Cooling Compressor Aggregates,SP-554.001-161,RECEIVE,2,4,228b5256-5bd2-4bf3-826f-c6fe76571449,Received from Nordic Maritime Supply at Jebel Ali,PO-2024-2624,13-Mar-2024 00:00,UTC,Jebel Ali
1051,2024-03-13 00:00:00,7440571a-841a-11ed-aa7c-7003bca91a86,4642,MV0001-05186,Magnetic Contactor,COMP-1768374767815-k5anrfi02,554.001,Provision Cooling Compressor Aggregates,SP-554.001-186,RECEIVE,1,11,228b5256-5bd2-4bf3-826f-c6fe76571449,Received from Nordic Maritime Supply at Jebel Ali,PO-2024-2075,13-Mar-2024 00:00,UTC,Jebel Ali
1052,2024-03-13 00:00:00,7440571a-841a-11ed-aa7c-7003bca91a86,4679,MV0001-05223,Nut,COMP-1768374767834-dbncpiany,601.053,ME Turbochargers,SP-601.053-223,RECEIVE,4,9,228b5256-5bd2-4bf3-826f-c6fe76571449,Received from Nordic Maritime Supply at Jebel Ali,PO-2024-6538,13-Mar-2024 00:00,UTC,Jebel Ali
1053,2024-03-13 00:00:00,7440571a-841a-11ed-aa7c-7003bca91a86,4682,MV0001-05226,Locking Wire,COMP-1768374767834-dbncpiany,601.053,ME Turbochargers,SP-601.053-226,RECEIVE,2,8,228b5256-5bd2-4bf3-826f-c6fe76571449,Received from Nordic Maritime Supply at Jebel Ali,PO-2024-9577,13-Mar-2024 00:00,UTC,Jebel Ali
1054,2024-03-13 00:00:00,7440571a-841a-11ed-aa7c-7003bca91a86,4707,MV0001-05251,Stud Bolt,COMP-1768374767837-m3bhk56ru,601.059,ME Exhaust Gas Manifolds/Pipes W/Insulation,SP-601.059-251,RECEIVE,2,8,228b5256-5bd2-4bf3-826f-c6fe76571449,Received from Nordic Maritime Supply at Jebel Ali,PO-2024-2155,13-Mar-2024 00:00,UTC,Jebel Ali
1055,2024-03-13 00:00:00,7440571a-841a-11ed-aa7c-7003bca91a86,4709,MV0001-05253,Nut,COMP-1768374767837-m3bhk56ru,601.059,ME Exhaust Gas Manifolds/Pipes W/Insulation,SP-601.059-253,RECEIVE,5,10,228b5256-5bd2-4bf3-826f-c6fe76571449,Received from Nordic Maritime Supply at Jebel Ali,PO-2024-1347,13-Mar-2024 00:00,UTC,Jebel Ali
1056,2024-03-13 00:00:00,7440571a-841a-11ed-aa7c-7003bca91a86,4711,MV0001-05255,Plain Washer,COMP-1768374767837-m3bhk56ru,601.059,ME Exhaust Gas Manifolds/Pipes W/Insulation,SP-601.059-255,RECEIVE,1,9,228b5256-5bd2-4bf3-826f-c6fe76571449,Received from Nordic Maritime Supply at Jebel Ali,PO-2024-4772,13-Mar-2024 00:00,UTC,Jebel Ali
1057,2024-03-13 00:00:00,7440571a-841a-11ed-aa7c-7003bca91a86,4714,MV0001-05258,Hand Trimmer,COMP-1768374767899-slkigc1i8,665.001,"Emergency Generator Aggregates, Complete",SP-665.001-258,RECEIVE,4,7,228b5256-5bd2-4bf3-826f-c6fe76571449,Received from Nordic Maritime Supply at Jebel Ali,PO-2024-8546,13-Mar-2024 00:00,UTC,Jebel Ali
1058,2024-03-13 00:00:00,7440571a-841a-11ed-aa7c-7003bca91a86,4722,MV0001-05266,Cover Non Drive End,COMP-1768374767899-slkigc1i8,665.001,"Emergency Generator Aggregates, Complete",SP-665.001-266,RECEIVE,3,8,228b5256-5bd2-4bf3-826f-c6fe76571449,Received from Nordic Maritime Supply at Jebel Ali,PO-2024-3369,13-Mar-2024 00:00,UTC,Jebel Ali
1059,2024-03-13 00:00:00,7440571a-841a-11ed-aa7c-7003bca91a86,4734,MV0001-05278,Terminal Box Lid,COMP-1768374767899-slkigc1i8,665.001,"Emergency Generator Aggregates, Complete",SP-665.001-278,RECEIVE,2,7,228b5256-5bd2-4bf3-826f-c6fe76571449,Received from Nordic Maritime Supply at Jebel Ali,PO-2024-7805,13-Mar-2024 00:00,UTC,Jebel Ali
1060,2024-03-13 00:00:00,7440571a-841a-11ed-aa7c-7003bca91a86,4742,MV0001-05286,Varistor,COMP-1768374767899-slkigc1i8,665.001,"Emergency Generator Aggregates, Complete",SP-665.001-286,RECEIVE,3,8,228b5256-5bd2-4bf3-826f-c6fe76571449,Received from Nordic Maritime Supply at Jebel Ali,PO-2024-5043,13-Mar-2024 00:00,UTC,Jebel Ali
1061,2024-03-13 00:00:00,7440571a-841a-11ed-aa7c-7003bca91a86,4765,MV0001-05309,Bearing Wave Washer Drive End,COMP-1768374767899-slkigc1i8,665.001,"Emergency Generator Aggregates, Complete",SP-665.001-309,RECEIVE,3,9,228b5256-5bd2-4bf3-826f-c6fe76571449,Received from Nordic Maritime Supply at Jebel Ali,PO-2024-8308,13-Mar-2024 00:00,UTC,Jebel Ali
1062,2024-03-13 00:00:00,7440571a-841a-11ed-aa7c-7003bca91a86,4806,MV0001-05350,Non Drive End Bracket,COMP-1768374767899-slkigc1i8,665.001,"Emergency Generator Aggregates, Complete",SP-665.001-350,RECEIVE,2,5,228b5256-5bd2-4bf3-826f-c6fe76571449,Received from Nordic Maritime Supply at Jebel Ali,PO-2024-9879,13-Mar-2024 00:00,UTC,Jebel Ali
1063,2024-03-13 00:00:00,7440571a-841a-11ed-aa7c-7003bca91a86,4808,MV0001-05352,Bearing O-Ring Non Drive End,COMP-1768374767899-slkigc1i8,665.001,"Emergency Generator Aggregates, Complete",SP-665.001-352,RECEIVE,1,11,228b5256-5bd2-4bf3-826f-c6fe76571449,Received from Nordic Maritime Supply at Jebel Ali,PO-2024-0654,13-Mar-2024 00:00,UTC,Jebel Ali
1064,2024-03-13 00:00:00,7440571a-841a-11ed-aa7c-7003bca91a86,4833,MV0001-05377,Edging Strip,COMP-1768374767899-slkigc1i8,665.001,"Emergency Generator Aggregates, Complete",SP-665.001-377,RECEIVE,1,4,228b5256-5bd2-4bf3-826f-c6fe76571449,Received from Nordic Maritime Supply at Jebel Ali,PO-2024-1288,13-Mar-2024 00:00,UTC,Jebel Ali
1065,2024-03-13 00:00:00,7440571a-841a-11ed-aa7c-7003bca91a86,4849,MV0001-05393,Coupling Key,COMP-1768374767907-73hq6hda8,801.001,Clean Ballast Pumps,SP-801.001-393,RECEIVE,2,18,228b5256-5bd2-4bf3-826f-c6fe76571449,Received from Nordic Maritime Supply at Jebel Ali,PO-2024-5548,13-Mar-2024 00:00,UTC,Jebel Ali
1066,2024-03-13 00:00:00,7440571a-841a-11ed-aa7c-7003bca91a86,4870,MV0001-05414,Packing Ring,COMP-1768374767907-73hq6hda8,801.001,Clean Ballast Pumps,SP-801.001-414,RECEIVE,5,16,228b5256-5bd2-4bf3-826f-c6fe76571449,Received from Nordic Maritime Supply at Jebel Ali,PO-2024-9843,13-Mar-2024 00:00,UTC,Jebel Ali
1067,2024-03-13 00:00:00,7440571a-841a-11ed-aa7c-7003bca91a86,4911,MV0001-05455,Coupling,COMP-1768374767907-73hq6hda8,801.001,Clean Ballast Pumps,SP-801.001-455,RECEIVE,3,7,228b5256-5bd2-4bf3-826f-c6fe76571449,Received from Nordic Maritime Supply at Jebel Ali,PO-2024-5293,13-Mar-2024 00:00,UTC,Jebel Ali
1068,2024-03-13 00:00:00,7440571a-841a-11ed-aa7c-7003bca91a86,4920,MV0001-05464,Snap Ring,COMP-1768374767907-73hq6hda8,801.001,Clean Ballast Pumps,SP-801.001-464,RECEIVE,1,7,228b5256-5bd2-4bf3-826f-c6fe76571449,Received from Nordic Maritime Supply at Jebel Ali,PO-2024-2113,13-Mar-2024 00:00,UTC,Jebel Ali
1069,2024-03-13 00:00:00,7440571a-841a-11ed-aa7c-7003bca91a86,4923,MV0001-05467,Group Board,COMP-1768374767907-73hq6hda8,801.001,Clean Ballast Pumps,SP-801.001-467,RECEIVE,5,12,228b5256-5bd2-4bf3-826f-c6fe76571449,Received from Nordic Maritime Supply at Jebel Ali,PO-2024-5147,13-Mar-2024 00:00,UTC,Jebel Ali
1070,2024-03-13 00:00:00,7440571a-841a-11ed-aa7c-7003bca91a86,4924,MV0001-05468,Thermo Switch,COMP-1768374767907-73hq6hda8,801.001,Clean Ballast Pumps,SP-801.001-468,RECEIVE,3,8,228b5256-5bd2-4bf3-826f-c6fe76571449,Received from Nordic Maritime Supply at Jebel Ali,PO-2024-6614,13-Mar-2024 00:00,UTC,Jebel Ali
1071,2024-03-13 00:00:00,7440571a-841a-11ed-aa7c-7003bca91a86,4930,MV0001-05474,Anode Rods,COMP-1768374767914-980b44ij3,278.010.02,Impressed Current Systems No.02,SP-278.010.01-474,RECEIVE,2,11,228b5256-5bd2-4bf3-826f-c6fe76571449,Received from Nordic Maritime Supply at Jebel Ali,PO-2024-9481,13-Mar-2024 00:00,UTC,Jebel Ali
1072,2024-03-13 00:00:00,7440571a-841a-11ed-aa7c-7003bca91a86,4939,MV0001-05483,O-Ring,COMP-1768374767809-mr8172nux,411.002,X-Band Radar,SP-411.002-483,RECEIVE,3,9,228b5256-5bd2-4bf3-826f-c6fe76571449,Received from Nordic Maritime Supply at Jebel Ali,PO-2024-2911,13-Mar-2024 00:00,UTC,Jebel Ali
1073,2024-03-13 00:00:00,7440571a-841a-11ed-aa7c-7003bca91a86,4946,MV0001-05490,Valve Plate,COMP-1768374767967-jb4k6wuji,554.003.02,Compressors W/Drive Unit No.02,SP-554.003.01-490,RECEIVE,4,15,228b5256-5bd2-4bf3-826f-c6fe76571449,Received from Nordic Maritime Supply at Jebel Ali,PO-2024-5164,13-Mar-2024 00:00,UTC,Jebel Ali
2098,2024-03-13 00:00:00,7440571a-841a-11ed-aa7c-7003bca91a86,5396,MV0001-05940,Pilot Spring,COMP-1768374768525-zyps62yum,712.011.02,LO Separators No.02,SP-702.005.01-940,CONSUME,-2,3,Electrican,Consumed during maintenance - MKR-IN-00072-285.001.07-2024-226,MKR-IN-00072-285.001.07-2024-226,13-Mar-2024,UTC,
2431,2024-03-12 00:00:00,7440571a-841a-11ed-aa7c-7003bca91a86,4542,MV0001-05086,Internal Seals,COMP-1768374767802-sjje0yq3o,403.001,"Steering Gears, Complete",SP-403.001-086,CONSUME,-2,3,4th Engineer,Consumed during maintenance - MKR-IN-00080-653.002.02-2024-693,MKR-IN-00080-653.002.02-2024-693,12-Mar-2024,UTC,
2785,2024-03-11 00:00:00,7440571a-841a-11ed-aa7c-7003bca91a86,5490,MV0001-06034,Washer-P,COMP-1768374767795-1qyq8qvkb,721.001.02,Main Sw Cooling Pumps No.02,SP-721.001.01-1034,CONSUME,-1,4,Electrican,Consumed during maintenance - MKR-IN-00080-653.002.02-2024-696,MKR-IN-00080-653.002.02-2024-696,11-Mar-2024,UTC,
2851,2024-03-11 00:00:00,7440571a-841a-11ed-aa7c-7003bca91a86,4920,MV0001-05464,Snap Ring,COMP-1768374767907-73hq6hda8,801.001,Clean Ballast Pumps,SP-801.001-464,CONSUME,-2,1,4th Engineer,Consumed during maintenance - MKR-IN-00076-601.005.02-2024-402,MKR-IN-00076-601.005.02-2024-402,11-Mar-2024,UTC,
196,2024-03-07 00:00:00,7440571a-841a-11ed-aa7c-7003bca91a86,4939,MV0001-05483,O-Ring,COMP-1768374767809-mr8172nux,411.002,X-Band Radar,SP-411.002-483,CONSUME,-1,7,6084f3b8-85dc-462a-b045-111d2b2e6d0e,Consumed for WO WO-411.002-2024-404,WO-411.002-2024-404,07-Mar-2024 00:00,UTC,
197,2024-03-07 00:00:00,7440571a-841a-11ed-aa7c-7003bca91a86,4952,MV0001-05496,Piston Ring,COMP-1768374767967-jb4k6wuji,554.003.02,Compressors W/Drive Unit No.02,SP-554.003.01-496,CONSUME,-1,4,977621de-77d7-4892-ae27-adaebcc27d0b,Consumed for WO WO-653.003.06-2024-365,WO-653.003.06-2024-365,07-Mar-2024 00:00,UTC,
198,2024-03-07 00:00:00,7440571a-841a-11ed-aa7c-7003bca91a86,4737,MV0001-05281,Automatic Voltage Regulator,COMP-1768374767899-slkigc1i8,665.001,"Emergency Generator Aggregates, Complete",SP-665.001-281,CONSUME,-2,3,6084f3b8-85dc-462a-b045-111d2b2e6d0e,Consumed for WO UWO-601.018-2024-538,UWO-601.018-2024-538,07-Mar-2024 00:00,UTC,
2789,2024-03-07 00:00:00,7440571a-841a-11ed-aa7c-7003bca91a86,5084,MV0001-05628,O-Ring,COMP-1768374767830-uxleqdvg1,601.018,ME Crankcases,SP-601.018-628,CONSUME,-2,0,3rd Engineer,Consumed during maintenance - UWO-601.018-2024-538,UWO-601.018-2024-538,07-Mar-2024,UTC,
2762,2024-03-06 00:00:00,7440571a-841a-11ed-aa7c-7003bca91a86,5141,MV0001-05685,Flywheel Assembly,COMP-1768374768462-uelez69lg,653.004.06,AE3 Pistons And Connecting Rod No.06,SP-651.004.01-685,CONSUME,-1,3,4th Engineer,Consumed during maintenance - MKR-OV-00025-653.004.06-2024-127,MKR-OV-00025-653.004.06-2024-127,06-Mar-2024,UTC,
2763,2024-03-06 00:00:00,7440571a-841a-11ed-aa7c-7003bca91a86,5148,MV0001-05692,Reamer Bolt,COMP-1768374768462-uelez69lg,653.004.06,AE3 Pistons And Connecting Rod No.06,SP-651.004.01-692,CONSUME,-1,7,4th Engineer,Consumed during maintenance - MKR-OV-00025-653.004.06-2024-127,MKR-OV-00025-653.004.06-2024-127,06-Mar-2024,UTC,
195,2024-03-04 00:00:00,7440571a-841a-11ed-aa7c-7003bca91a86,4662,MV0001-05206,Thrust Bearing Support,COMP-1768374767834-dbncpiany,601.053,ME Turbochargers,SP-601.053-206,CONSUME,-2,3,480b40d0-04bd-4590-a936-2f879b867977,Consumed for WO WO-651.003.01-2024-329,WO-651.003.01-2024-329,04-Mar-2024 00:00,UTC,
2996,2024-03-03 00:00:00,7440571a-841a-11ed-aa7c-7003bca91a86,4457,MV0001-05001,Nilesh,COMP-1768374767799-zs6hrf8cm,401.005,Rudders W/Nozzle,SP-401.005-001,CONSUME,-2,5,4th Engineer,Consumed during maintenance - UWO-554.003.01-2024-723,UWO-554.003.01-2024-723,03-Mar-2024,UTC,
2015,2024-03-03 00:00:00,7440571a-841a-11ed-aa7c-7003bca91a86,4543,MV0001-05087,Gland Seal,COMP-1768374767802-sjje0yq3o,403.001,"Steering Gears, Complete",SP-403.001-087,CONSUME,-1,4,4th Engineer,Consumed during maintenance - MKR-IN-00080-651.002.01-2024-503,MKR-IN-00080-651.002.01-2024-503,03-Mar-2024,UTC,
2016,2024-03-03 00:00:00,7440571a-841a-11ed-aa7c-7003bca91a86,4901,MV0001-05445,Hub,COMP-1768374767907-73hq6hda8,801.001,Clean Ballast Pumps,SP-801.001-445,CONSUME,-1,4,4th Engineer,Consumed during maintenance - MKR-IN-00080-651.002.01-2024-503,MKR-IN-00080-651.002.01-2024-503,03-Mar-2024,UTC,
2092,2024-03-02 00:00:00,7440571a-841a-11ed-aa7c-7003bca91a86,5034,MV0001-05578,Cylinder Cover,COMP-1768374767994-apqr6kc7v,601.002.06,ME Cylinder Covers W/Valves No.06,SP-601.002.01-578,CONSUME,-2,3,4th Engineer,Consumed during maintenance - MKR-IN-00064-601.007.03-2024-428,MKR-IN-00064-601.007.03-2024-428,02-Mar-2024,UTC,
2612,2024-03-02 00:00:00,7440571a-841a-11ed-aa7c-7003bca91a86,5000,MV0001-05544,Flared Joint,COMP-1768374767967-jb4k6wuji,554.003.02,Compressors W/Drive Unit No.02,SP-554.003.01-544,CONSUME,-1,4,3rd Engineer,Consumed during maintenance - WO-702.005.02-2024-215,WO-702.005.02-2024-215,02-Mar-2024,UTC,
2613,2024-03-02 00:00:00,7440571a-841a-11ed-aa7c-7003bca91a86,4818,MV0001-05362,Terminal Box Lid,COMP-1768374767899-slkigc1i8,665.001,"Emergency Generator Aggregates, Complete",SP-665.001-362,CONSUME,-1,2,3rd Engineer,Consumed during maintenance - WO-702.005.02-2024-215,WO-702.005.02-2024-215,02-Mar-2024,UTC,
194,2024-03-01 00:00:00,7440571a-841a-11ed-aa7c-7003bca91a86,4676,MV0001-05220,Bolt,COMP-1768374767834-dbncpiany,601.053,ME Turbochargers,SP-601.053-220,CONSUME,-2,0,6084f3b8-85dc-462a-b045-111d2b2e6d0e,Consumed for WO WO-601.053-2024-457,WO-601.053-2024-457,01-Mar-2024 00:00,UTC,
2854,2024-02-27 00:00:00,7440571a-841a-11ed-aa7c-7003bca91a86,4666,MV0001-05210,Thrust Bearing Segment,COMP-1768374767834-dbncpiany,601.053,ME Turbochargers,SP-601.053-210,CONSUME,-2,3,Electrican,Consumed during maintenance - MKR-OV-00026-652.046-2024-109,MKR-OV-00026-652.046-2024-109,27-Feb-2024,UTC,
193,2024-02-23 00:00:00,7440571a-841a-11ed-aa7c-7003bca91a86,4740,MV0001-05284,Main Rectifier Assembly-Forward,COMP-1768374767899-slkigc1i8,665.001,"Emergency Generator Aggregates, Complete",SP-665.001-284,CONSUME,-1,4,228b5256-5bd2-4bf3-826f-c6fe76571449,Consumed for WO UWO-66-2024-837,UWO-66-2024-837,23-Feb-2024 00:00,UTC,
2297,2024-02-22 00:00:00,7440571a-841a-11ed-aa7c-7003bca91a86,4545,MV0001-05089,Cover Seal,COMP-1768374767802-sjje0yq3o,403.001,"Steering Gears, Complete",SP-403.001-089,CONSUME,-1,4,4th Engineer,Consumed during maintenance - MKR-IN-00072-285.001.01-2024-182,MKR-IN-00072-285.001.01-2024-182,22-Feb-2024,UTC,
192,2024-02-21 00:00:00,7440571a-841a-11ed-aa7c-7003bca91a86,4617,MV0001-05161,Magnet Valve,COMP-1768374767815-k5anrfi02,554.001,Provision Cooling Compressor Aggregates,SP-554.001-161,CONSUME,-1,3,480b40d0-04bd-4590-a936-2f879b867977,Consumed for WO UWO-601.026-2024-835,UWO-601.026-2024-835,21-Feb-2024 00:00,UTC,
191,2024-02-20 00:00:00,7440571a-841a-11ed-aa7c-7003bca91a86,4758,MV0001-05302,Rotor,COMP-1768374767899-slkigc1i8,665.001,"Emergency Generator Aggregates, Complete",SP-665.001-302,CONSUME,-2,3,056a433e-b880-43c6-9d59-b1cfe71a4014,Consumed for WO WO-702.005.02-2024-213,WO-702.005.02-2024-213,20-Feb-2024 00:00,UTC,
2652,2024-02-19 00:00:00,7440571a-841a-11ed-aa7c-7003bca91a86,4913,MV0001-05457,Bellows,COMP-1768374767907-73hq6hda8,801.001,Clean Ballast Pumps,SP-801.001-457,CONSUME,-2,3,3rd Engineer,Consumed during maintenance - UWO-601.003.05-2024-631,UWO-601.003.05-2024-631,19-Feb-2024,UTC,
2980,2024-02-17 00:00:00,7440571a-841a-11ed-aa7c-7003bca91a86,5024,MV0001-05568,Piston Ring,COMP-1768374767967-jb4k6wuji,554.003.02,Compressors W/Drive Unit No.02,SP-554.003.01-568,CONSUME,-1,0,3rd Engineer,Consumed during maintenance - UWO-652.004.02-2024-581,UWO-652.004.02-2024-581,17-Feb-2024,UTC,
2979,2024-02-17 00:00:00,7440571a-841a-11ed-aa7c-7003bca91a86,5131,MV0001-05675,Crank Pin Metal Assembly,COMP-1768374768462-uelez69lg,653.004.06,AE3 Pistons And Connecting Rod No.06,SP-651.004.01-675,CONSUME,-1,2,3rd Engineer,Consumed during maintenance - UWO-652.004.02-2024-581,UWO-652.004.02-2024-581,17-Feb-2024,UTC,
2040,2024-02-17 00:00:00,7440571a-841a-11ed-aa7c-7003bca91a86,4923,MV0001-05467,Group Board,COMP-1768374767907-73hq6hda8,801.001,Clean Ballast Pumps,SP-801.001-467,CONSUME,-1,4,4th Engineer,Consumed during maintenance - MKR-IN-00076-601.005.05-2024-406,MKR-IN-00076-601.005.05-2024-406,17-Feb-2024,UTC,
2169,2024-02-17 00:00:00,7440571a-841a-11ed-aa7c-7003bca91a86,5351,MV0001-05895,Retaining Ring C,COMP-1768374768525-zyps62yum,712.011.02,LO Separators No.02,SP-702.005.01-895,CONSUME,-1,2,2nd Engineer,Consumed during maintenance - MKR-IN-00085-651.003.04-2024-574,MKR-IN-00085-651.003.04-2024-574,17-Feb-2024,UTC,
190,2024-02-15 00:00:00,7440571a-841a-11ed-aa7c-7003bca91a86,4680,MV0001-05224,Thread End Taper Pin,COMP-1768374767834-dbncpiany,601.053,ME Turbochargers,SP-601.053-224,CONSUME,-2,0,6084f3b8-85dc-462a-b045-111d2b2e6d0e,Consumed for WO UWO-601.007.05-2024-819,UWO-601.007.05-2024-819,15-Feb-2024 00:00,UTC,
2726,2024-02-15 00:00:00,7440571a-841a-11ed-aa7c-7003bca91a86,5291,MV0001-05835,Washer,COMP-1768374768525-zyps62yum,712.011.02,LO Separators No.02,SP-702.005.01-835,CONSUME,-2,1,2nd Engineer,Consumed during maintenance - UWO-601.007.05-2024-819,UWO-601.007.05-2024-819,15-Feb-2024,UTC,
2733,2024-02-15 00:00:00,7440571a-841a-11ed-aa7c-7003bca91a86,5553,MV0001-06097,Rigid Coupling,COMP-1768374767795-1qyq8qvkb,721.001.02,Main Sw Cooling Pumps No.02,SP-721.001.01-1097,CONSUME,-1,3,Electrican,Consumed during maintenance - MKR-IN-00015-652.007.04-2024-086,MKR-IN-00015-652.007.04-2024-086,15-Feb-2024,UTC,
2734,2024-02-15 00:00:00,7440571a-841a-11ed-aa7c-7003bca91a86,5298,MV0001-05842,Spring Seat,COMP-1768374768525-zyps62yum,712.011.02,LO Separators No.02,SP-702.005.01-842,CONSUME,-2,3,Electrican,Consumed during maintenance - MKR-IN-00015-652.007.04-2024-086,MKR-IN-00015-652.007.04-2024-086,15-Feb-2024,UTC,
2735,2024-02-15 00:00:00,7440571a-841a-11ed-aa7c-7003bca91a86,4916,MV0001-05460,Doubling Plate,COMP-1768374767907-73hq6hda8,801.001,Clean Ballast Pumps,SP-801.001-460,CONSUME,-2,3,Electrican,Consumed during maintenance - MKR-IN-00015-652.007.04-2024-086,MKR-IN-00015-652.007.04-2024-086,15-Feb-2024,UTC,
993,2024-02-13 00:00:00,7440571a-841a-11ed-aa7c-7003bca91a86,4837,MV0001-05381,Volute Casing,COMP-1768374767907-73hq6hda8,801.001,Clean Ballast Pumps,SP-801.001-381,RECEIVE,2,205,228b5256-5bd2-4bf3-826f-c6fe76571449,Received from MarineSpares Int. at Fujairah,PO-2024-8574,13-Feb-2024 00:00,UTC,Fujairah
994,2024-02-13 00:00:00,7440571a-841a-11ed-aa7c-7003bca91a86,4461,MV0001-05005,Hydraulic Jack,COMP-1768374767799-zs6hrf8cm,401.005,Rudders W/Nozzle,SP-401.005-005,RECEIVE,4,9,228b5256-5bd2-4bf3-826f-c6fe76571449,Received from MarineSpares Int. at Fujairah,PO-2024-5382,13-Feb-2024 00:00,UTC,Fujairah
995,2024-02-13 00:00:00,7440571a-841a-11ed-aa7c-7003bca91a86,4464,MV0001-05008,Deaeration Plug,COMP-1768374767799-zs6hrf8cm,401.005,Rudders W/Nozzle,SP-401.005-008,RECEIVE,4,9,228b5256-5bd2-4bf3-826f-c6fe76571449,Received from MarineSpares Int. at Fujairah,PO-2024-8536,13-Feb-2024 00:00,UTC,Fujairah
996,2024-02-13 00:00:00,7440571a-841a-11ed-aa7c-7003bca91a86,4477,MV0001-05021,Rudder Stock,COMP-1768374767799-zs6hrf8cm,401.005,Rudders W/Nozzle,SP-401.005-021,RECEIVE,5,10,228b5256-5bd2-4bf3-826f-c6fe76571449,Received from MarineSpares Int. at Fujairah,PO-2024-1885,13-Feb-2024 00:00,UTC,Fujairah
997,2024-02-13 00:00:00,7440571a-841a-11ed-aa7c-7003bca91a86,4515,MV0001-05059,Nut,COMP-1768374767799-zs6hrf8cm,401.005,Rudders W/Nozzle,SP-401.005-059,RECEIVE,1,6,228b5256-5bd2-4bf3-826f-c6fe76571449,Received from MarineSpares Int. at Fujairah,PO-2024-2974,13-Feb-2024 00:00,UTC,Fujairah
998,2024-02-13 00:00:00,7440571a-841a-11ed-aa7c-7003bca91a86,4521,MV0001-05065,O-Ring,COMP-1768374767799-zs6hrf8cm,401.005,Rudders W/Nozzle,SP-401.005-065,RECEIVE,5,12,228b5256-5bd2-4bf3-826f-c6fe76571449,Received from MarineSpares Int. at Fujairah,PO-2024-7012,13-Feb-2024 00:00,UTC,Fujairah
999,2024-02-13 00:00:00,7440571a-841a-11ed-aa7c-7003bca91a86,4528,MV0001-05072,Locking Screw,COMP-1768374767802-sjje0yq3o,403.001,"Steering Gears, Complete",SP-403.001-072,RECEIVE,2,6,228b5256-5bd2-4bf3-826f-c6fe76571449,Received from MarineSpares Int. at Fujairah,PO-2024-8844,13-Feb-2024 00:00,UTC,Fujairah
1000,2024-02-13 00:00:00,7440571a-841a-11ed-aa7c-7003bca91a86,4546,MV0001-05090,O-Ring,COMP-1768374767802-sjje0yq3o,403.001,"Steering Gears, Complete",SP-403.001-090,RECEIVE,5,19,228b5256-5bd2-4bf3-826f-c6fe76571449,Received from MarineSpares Int. at Fujairah,PO-2024-3350,13-Feb-2024 00:00,UTC,Fujairah
1001,2024-02-13 00:00:00,7440571a-841a-11ed-aa7c-7003bca91a86,4551,MV0001-05095,Plug,COMP-1768374767802-sjje0yq3o,403.001,"Steering Gears, Complete",SP-403.001-095,RECEIVE,1,6,228b5256-5bd2-4bf3-826f-c6fe76571449,Received from MarineSpares Int. at Fujairah,PO-2024-2977,13-Feb-2024 00:00,UTC,Fujairah
1002,2024-02-13 00:00:00,7440571a-841a-11ed-aa7c-7003bca91a86,4562,MV0001-05106,Plug,COMP-1768374767802-sjje0yq3o,403.001,"Steering Gears, Complete",SP-403.001-106,RECEIVE,5,9,228b5256-5bd2-4bf3-826f-c6fe76571449,Received from MarineSpares Int. at Fujairah,PO-2024-6702,13-Feb-2024 00:00,UTC,Fujairah
1003,2024-02-13 00:00:00,7440571a-841a-11ed-aa7c-7003bca91a86,4565,MV0001-05109,O-Ring,COMP-1768374767802-sjje0yq3o,403.001,"Steering Gears, Complete",SP-403.001-109,RECEIVE,5,11,228b5256-5bd2-4bf3-826f-c6fe76571449,Received from MarineSpares Int. at Fujairah,PO-2024-0031,13-Feb-2024 00:00,UTC,Fujairah
1004,2024-02-13 00:00:00,7440571a-841a-11ed-aa7c-7003bca91a86,4568,MV0001-05112,Manometer Liquid Filled,COMP-1768374767802-sjje0yq3o,403.001,"Steering Gears, Complete",SP-403.001-112,RECEIVE,1,9,228b5256-5bd2-4bf3-826f-c6fe76571449,Received from MarineSpares Int. at Fujairah,PO-2024-0984,13-Feb-2024 00:00,UTC,Fujairah
1005,2024-02-13 00:00:00,7440571a-841a-11ed-aa7c-7003bca91a86,4601,MV0001-05145,Spring,COMP-1768374767802-sjje0yq3o,403.001,"Steering Gears, Complete",SP-403.001-145,RECEIVE,3,14,228b5256-5bd2-4bf3-826f-c6fe76571449,Received from MarineSpares Int. at Fujairah,PO-2024-6223,13-Feb-2024 00:00,UTC,Fujairah
1006,2024-02-13 00:00:00,7440571a-841a-11ed-aa7c-7003bca91a86,4607,MV0001-05151,Pump Cartridge,COMP-1768374767802-sjje0yq3o,403.001,"Steering Gears, Complete",SP-403.001-151,RECEIVE,1,17,228b5256-5bd2-4bf3-826f-c6fe76571449,Received from MarineSpares Int. at Fujairah,PO-2024-1401,13-Feb-2024 00:00,UTC,Fujairah
1007,2024-02-13 00:00:00,7440571a-841a-11ed-aa7c-7003bca91a86,4613,MV0001-05157,O-Ring,COMP-1768374767802-sjje0yq3o,403.001,"Steering Gears, Complete",SP-403.001-157,RECEIVE,2,7,228b5256-5bd2-4bf3-826f-c6fe76571449,Received from MarineSpares Int. at Fujairah,PO-2024-9376,13-Feb-2024 00:00,UTC,Fujairah
1008,2024-02-13 00:00:00,7440571a-841a-11ed-aa7c-7003bca91a86,4626,MV0001-05170,W.T. Receptacle,COMP-1768374767815-k5anrfi02,554.001,Provision Cooling Compressor Aggregates,SP-554.001-170,RECEIVE,1,4,228b5256-5bd2-4bf3-826f-c6fe76571449,Received from MarineSpares Int. at Fujairah,PO-2024-3239,13-Feb-2024 00:00,UTC,Fujairah
1009,2024-02-13 00:00:00,7440571a-841a-11ed-aa7c-7003bca91a86,4649,MV0001-05193,Nut,COMP-1768374767827-g6k9lk4to,601.016,ME Tiebolts,SP-601.016-193,RECEIVE,3,8,228b5256-5bd2-4bf3-826f-c6fe76571449,Received from MarineSpares Int. at Fujairah,PO-2024-0187,13-Feb-2024 00:00,UTC,Fujairah
1010,2024-02-13 00:00:00,7440571a-841a-11ed-aa7c-7003bca91a86,4672,MV0001-05216,Bolt,COMP-1768374767834-dbncpiany,601.053,ME Turbochargers,SP-601.053-216,RECEIVE,5,13,228b5256-5bd2-4bf3-826f-c6fe76571449,Received from MarineSpares Int. at Fujairah,PO-2024-3977,13-Feb-2024 00:00,UTC,Fujairah
1011,2024-02-13 00:00:00,7440571a-841a-11ed-aa7c-7003bca91a86,4679,MV0001-05223,Nut,COMP-1768374767834-dbncpiany,601.053,ME Turbochargers,SP-601.053-223,RECEIVE,3,5,228b5256-5bd2-4bf3-826f-c6fe76571449,Received from MarineSpares Int. at Fujairah,PO-2024-8612,13-Feb-2024 00:00,UTC,Fujairah
1012,2024-02-13 00:00:00,7440571a-841a-11ed-aa7c-7003bca91a86,4687,MV0001-05231,Gasket,COMP-1768374767834-dbncpiany,601.053,ME Turbochargers,SP-601.053-231,RECEIVE,2,7,228b5256-5bd2-4bf3-826f-c6fe76571449,Received from MarineSpares Int. at Fujairah,PO-2024-6591,13-Feb-2024 00:00,UTC,Fujairah
1013,2024-02-13 00:00:00,7440571a-841a-11ed-aa7c-7003bca91a86,4690,MV0001-05234,Exhaust Pipe,COMP-1768374767837-m3bhk56ru,601.059,ME Exhaust Gas Manifolds/Pipes W/Insulation,SP-601.059-234,RECEIVE,1,6,228b5256-5bd2-4bf3-826f-c6fe76571449,Received from MarineSpares Int. at Fujairah,PO-2024-4833,13-Feb-2024 00:00,UTC,Fujairah
1014,2024-02-13 00:00:00,7440571a-841a-11ed-aa7c-7003bca91a86,4724,MV0001-05268,Bearing Non Drive End,COMP-1768374767899-slkigc1i8,665.001,"Emergency Generator Aggregates, Complete",SP-665.001-268,RECEIVE,2,11,228b5256-5bd2-4bf3-826f-c6fe76571449,Received from MarineSpares Int. at Fujairah,PO-2024-2340,13-Feb-2024 00:00,UTC,Fujairah
1015,2024-02-13 00:00:00,7440571a-841a-11ed-aa7c-7003bca91a86,4727,MV0001-05271,Drive End Screen,COMP-1768374767899-slkigc1i8,665.001,"Emergency Generator Aggregates, Complete",SP-665.001-271,RECEIVE,4,9,228b5256-5bd2-4bf3-826f-c6fe76571449,Received from MarineSpares Int. at Fujairah,PO-2024-6925,13-Feb-2024 00:00,UTC,Fujairah
1016,2024-02-13 00:00:00,7440571a-841a-11ed-aa7c-7003bca91a86,4730,MV0001-05274,Foot,COMP-1768374767899-slkigc1i8,665.001,"Emergency Generator Aggregates, Complete",SP-665.001-274,RECEIVE,2,10,228b5256-5bd2-4bf3-826f-c6fe76571449,Received from MarineSpares Int. at Fujairah,PO-2024-3559,13-Feb-2024 00:00,UTC,Fujairah
1017,2024-02-13 00:00:00,7440571a-841a-11ed-aa7c-7003bca91a86,4743,MV0001-05287,Diode-Forward Polarity,COMP-1768374767899-slkigc1i8,665.001,"Emergency Generator Aggregates, Complete",SP-665.001-287,RECEIVE,2,5,228b5256-5bd2-4bf3-826f-c6fe76571449,Received from MarineSpares Int. at Fujairah,PO-2024-4134,13-Feb-2024 00:00,UTC,Fujairah
1018,2024-02-13 00:00:00,7440571a-841a-11ed-aa7c-7003bca91a86,4761,MV0001-05305,Non Drive End Bracket,COMP-1768374767899-slkigc1i8,665.001,"Emergency Generator Aggregates, Complete",SP-665.001-305,RECEIVE,3,15,228b5256-5bd2-4bf3-826f-c6fe76571449,Received from MarineSpares Int. at Fujairah,PO-2024-3536,13-Feb-2024 00:00,UTC,Fujairah
1019,2024-02-13 00:00:00,7440571a-841a-11ed-aa7c-7003bca91a86,4791,MV0001-05335,Foot Mounting Spacer,COMP-1768374767899-slkigc1i8,665.001,"Emergency Generator Aggregates, Complete",SP-665.001-335,RECEIVE,2,11,228b5256-5bd2-4bf3-826f-c6fe76571449,Received from MarineSpares Int. at Fujairah,PO-2024-6900,13-Feb-2024 00:00,UTC,Fujairah
1020,2024-02-13 00:00:00,7440571a-841a-11ed-aa7c-7003bca91a86,4796,MV0001-05340,PMG Exciter Rotor,COMP-1768374767899-slkigc1i8,665.001,"Emergency Generator Aggregates, Complete",SP-665.001-340,RECEIVE,2,9,228b5256-5bd2-4bf3-826f-c6fe76571449,Received from MarineSpares Int. at Fujairah,PO-2024-0971,13-Feb-2024 00:00,UTC,Fujairah
1021,2024-02-13 00:00:00,7440571a-841a-11ed-aa7c-7003bca91a86,4807,MV0001-05351,Cover Non Drive End,COMP-1768374767899-slkigc1i8,665.001,"Emergency Generator Aggregates, Complete",SP-665.001-351,RECEIVE,5,13,228b5256-5bd2-4bf3-826f-c6fe76571449,Received from MarineSpares Int. at Fujairah,PO-2024-9583,13-Feb-2024 00:00,UTC,Fujairah
1022,2024-02-13 00:00:00,7440571a-841a-11ed-aa7c-7003bca91a86,4821,MV0001-05365,Control Gear,COMP-1768374767899-slkigc1i8,665.001,"Emergency Generator Aggregates, Complete",SP-665.001-365,RECEIVE,4,14,228b5256-5bd2-4bf3-826f-c6fe76571449,Received from MarineSpares Int. at Fujairah,PO-2024-2223,13-Feb-2024 00:00,UTC,Fujairah
1023,2024-02-13 00:00:00,7440571a-841a-11ed-aa7c-7003bca91a86,4822,MV0001-05366,Side Panel,COMP-1768374767899-slkigc1i8,665.001,"Emergency Generator Aggregates, Complete",SP-665.001-366,RECEIVE,5,10,228b5256-5bd2-4bf3-826f-c6fe76571449,Received from MarineSpares Int. at Fujairah,PO-2024-1078,13-Feb-2024 00:00,UTC,Fujairah
1024,2024-02-13 00:00:00,7440571a-841a-11ed-aa7c-7003bca91a86,4835,MV0001-05379,Foot Mounting Spacer,COMP-1768374767899-slkigc1i8,665.001,"Emergency Generator Aggregates, Complete",SP-665.001-379,RECEIVE,5,10,228b5256-5bd2-4bf3-826f-c6fe76571449,Received from MarineSpares Int. at Fujairah,PO-2024-9142,13-Feb-2024 00:00,UTC,Fujairah
1025,2024-02-13 00:00:00,7440571a-841a-11ed-aa7c-7003bca91a86,4855,MV0001-05399,Flinger,COMP-1768374767907-73hq6hda8,801.001,Clean Ballast Pumps,SP-801.001-399,RECEIVE,4,10,228b5256-5bd2-4bf3-826f-c6fe76571449,Received from MarineSpares Int. at Fujairah,PO-2024-0505,13-Feb-2024 00:00,UTC,Fujairah
1026,2024-02-13 00:00:00,7440571a-841a-11ed-aa7c-7003bca91a86,4864,MV0001-05408,Packing Ring,COMP-1768374767907-73hq6hda8,801.001,Clean Ballast Pumps,SP-801.001-408,RECEIVE,2,8,228b5256-5bd2-4bf3-826f-c6fe76571449,Received from MarineSpares Int. at Fujairah,PO-2024-6295,13-Feb-2024 00:00,UTC,Fujairah
1027,2024-02-13 00:00:00,7440571a-841a-11ed-aa7c-7003bca91a86,4865,MV0001-05409,Packing,COMP-1768374767907-73hq6hda8,801.001,Clean Ballast Pumps,SP-801.001-409,RECEIVE,5,16,228b5256-5bd2-4bf3-826f-c6fe76571449,Received from MarineSpares Int. at Fujairah,PO-2024-7521,13-Feb-2024 00:00,UTC,Fujairah
1028,2024-02-13 00:00:00,7440571a-841a-11ed-aa7c-7003bca91a86,4875,MV0001-05419,Mechanical Seal Cover,COMP-1768374767907-73hq6hda8,801.001,Clean Ballast Pumps,SP-801.001-419,RECEIVE,4,9,228b5256-5bd2-4bf3-826f-c6fe76571449,Received from MarineSpares Int. at Fujairah,PO-2024-9906,13-Feb-2024 00:00,UTC,Fujairah
1029,2024-02-13 00:00:00,7440571a-841a-11ed-aa7c-7003bca91a86,4884,MV0001-05428,Flinger,COMP-1768374767907-73hq6hda8,801.001,Clean Ballast Pumps,SP-801.001-428,RECEIVE,4,11,228b5256-5bd2-4bf3-826f-c6fe76571449,Received from MarineSpares Int. at Fujairah,PO-2024-5563,13-Feb-2024 00:00,UTC,Fujairah
1030,2024-02-13 00:00:00,7440571a-841a-11ed-aa7c-7003bca91a86,4889,MV0001-05433,Lantern Ring,COMP-1768374767907-73hq6hda8,801.001,Clean Ballast Pumps,SP-801.001-433,RECEIVE,3,10,228b5256-5bd2-4bf3-826f-c6fe76571449,Received from MarineSpares Int. at Fujairah,PO-2024-1145,13-Feb-2024 00:00,UTC,Fujairah
1031,2024-02-13 00:00:00,7440571a-841a-11ed-aa7c-7003bca91a86,4897,MV0001-05441,Coupling Flange,COMP-1768374767907-73hq6hda8,801.001,Clean Ballast Pumps,SP-801.001-441,RECEIVE,5,9,228b5256-5bd2-4bf3-826f-c6fe76571449,Received from MarineSpares Int. at Fujairah,PO-2024-4333,13-Feb-2024 00:00,UTC,Fujairah
1032,2024-02-13 00:00:00,7440571a-841a-11ed-aa7c-7003bca91a86,4918,MV0001-05462,Bearing,COMP-1768374767907-73hq6hda8,801.001,Clean Ballast Pumps,SP-801.001-462,RECEIVE,5,12,228b5256-5bd2-4bf3-826f-c6fe76571449,Received from MarineSpares Int. at Fujairah,PO-2024-1589,13-Feb-2024 00:00,UTC,Fujairah
1033,2024-02-13 00:00:00,7440571a-841a-11ed-aa7c-7003bca91a86,4925,MV0001-05469,Oil Seal,COMP-1768374767907-73hq6hda8,801.001,Clean Ballast Pumps,SP-801.001-469,RECEIVE,5,12,228b5256-5bd2-4bf3-826f-c6fe76571449,Received from MarineSpares Int. at Fujairah,PO-2024-3243,13-Feb-2024 00:00,UTC,Fujairah
1034,2024-02-13 00:00:00,7440571a-841a-11ed-aa7c-7003bca91a86,4954,MV0001-05498,Piston Pin,COMP-1768374767967-jb4k6wuji,554.003.02,Compressors W/Drive Unit No.02,SP-554.003.01-498,RECEIVE,2,11,228b5256-5bd2-4bf3-826f-c6fe76571449,Received from MarineSpares Int. at Fujairah,PO-2024-7184,13-Feb-2024 00:00,UTC,Fujairah
2420,2024-02-12 00:00:00,7440571a-841a-11ed-aa7c-7003bca91a86,4797,MV0001-05341,PMG Exciter Stator,COMP-1768374767899-slkigc1i8,665.001,"Emergency Generator Aggregates, Complete",SP-665.001-341,CONSUME,-1,2,Chief Engineer,Consumed during maintenance - MKR-OV-00025-651.004.06-2024-036,MKR-OV-00025-651.004.06-2024-036,12-Feb-2024,UTC,
189,2024-02-10 00:00:00,7440571a-841a-11ed-aa7c-7003bca91a86,4940,MV0001-05484,Gasket,COMP-1768374767809-mr8172nux,411.002,X-Band Radar,SP-411.002-484,CONSUME,-2,8,6084f3b8-85dc-462a-b045-111d2b2e6d0e,Consumed for WO UWO-652.018-2024-825,UWO-652.018-2024-825,10-Feb-2024 00:00,UTC,
2618,2024-02-08 00:00:00,7440571a-841a-11ed-aa7c-7003bca91a86,4866,MV0001-05410,Seal Ring,COMP-1768374767907-73hq6hda8,801.001,Clean Ballast Pumps,SP-801.001-410,CONSUME,-2,2,Chief Engineer,Consumed during maintenance - MKR-IN-00085-651.003.04-2024-575,MKR-IN-00085-651.003.04-2024-575,08-Feb-2024,UTC,
188,2024-02-06 00:00:00,7440571a-841a-11ed-aa7c-7003bca91a86,4541,MV0001-05085,Pipe Fitting,COMP-1768374767802-sjje0yq3o,403.001,"Steering Gears, Complete",SP-403.001-085,CONSUME,-2,3,6084f3b8-85dc-462a-b045-111d2b2e6d0e,Consumed for WO WO-653.003.06-2024-364,WO-653.003.06-2024-364,06-Feb-2024 00:00,UTC,
2707,2024-02-04 00:00:00,7440571a-841a-11ed-aa7c-7003bca91a86,4682,MV0001-05226,Locking Wire,COMP-1768374767834-dbncpiany,601.053,ME Turbochargers,SP-601.053-226,CONSUME,-1,4,2nd Engineer,Consumed during maintenance - WO-601.053-2024-431,WO-601.053-2024-431,04-Feb-2024,UTC,
2708,2024-02-04 00:00:00,7440571a-841a-11ed-aa7c-7003bca91a86,4658,MV0001-05202,Thrust Bearing Complete,COMP-1768374767834-dbncpiany,601.053,ME Turbochargers,SP-601.053-202,CONSUME,-1,2,2nd Engineer,Consumed during maintenance - WO-601.053-2024-431,WO-601.053-2024-431,04-Feb-2024,UTC,
187,2024-01-31 00:00:00,7440571a-841a-11ed-aa7c-7003bca91a86,4598,MV0001-05142,Cable Protector,COMP-1768374767802-sjje0yq3o,403.001,"Steering Gears, Complete",SP-403.001-142,CONSUME,-2,3,228b5256-5bd2-4bf3-826f-c6fe76571449,Consumed for WO UWO-653.020.05-2024-821,UWO-653.020.05-2024-821,31-Jan-2024 00:00,UTC,
2866,2024-01-31 00:00:00,7440571a-841a-11ed-aa7c-7003bca91a86,4655,MV0001-05199,Locking Wire,COMP-1768374767827-g6k9lk4to,601.016,ME Tiebolts,SP-601.016-199,CONSUME,-1,3,4th Engineer,Consumed during maintenance - UWO-653.020.05-2024-821,UWO-653.020.05-2024-821,31-Jan-2024,UTC,
2867,2024-01-31 00:00:00,7440571a-841a-11ed-aa7c-7003bca91a86,4601,MV0001-05145,Spring,COMP-1768374767802-sjje0yq3o,403.001,"Steering Gears, Complete",SP-403.001-145,CONSUME,-2,3,4th Engineer,Consumed during maintenance - UWO-653.020.05-2024-821,UWO-653.020.05-2024-821,31-Jan-2024,UTC,
186,2024-01-27 00:00:00,7440571a-841a-11ed-aa7c-7003bca91a86,4537,MV0001-05081,Lock Valve,COMP-1768374767802-sjje0yq3o,403.001,"Steering Gears, Complete",SP-403.001-081,CONSUME,-2,3,6084f3b8-85dc-462a-b045-111d2b2e6d0e,Consumed for WO WO-702.005.02-2024-210,WO-702.005.02-2024-210,27-Jan-2024 00:00,UTC,
185,2024-01-26 00:00:00,7440571a-841a-11ed-aa7c-7003bca91a86,4635,MV0001-05179,Lens,COMP-1768374767815-k5anrfi02,554.001,Provision Cooling Compressor Aggregates,SP-554.001-179,CONSUME,-1,4,6084f3b8-85dc-462a-b045-111d2b2e6d0e,Consumed for WO UWO-601.004.01-2023-642,UWO-601.004.01-2023-642,26-Jan-2024 00:00,UTC,
2902,2024-01-26 00:00:00,7440571a-841a-11ed-aa7c-7003bca91a86,5548,MV0001-06092,Seal Cage,COMP-1768374767795-1qyq8qvkb,721.001.02,Main Sw Cooling Pumps No.02,SP-721.001.01-1092,CONSUME,-1,3,3rd Engineer,Consumed during maintenance - UWO-601.004.01-2023-642,UWO-601.004.01-2023-642,26-Jan-2024,UTC,
2903,2024-01-26 00:00:00,7440571a-841a-11ed-aa7c-7003bca91a86,5498,MV0001-06042,Chain,COMP-1768374767795-1qyq8qvkb,721.001.02,Main Sw Cooling Pumps No.02,SP-721.001.01-1042,CONSUME,-1,4,3rd Engineer,Consumed during maintenance - UWO-601.004.01-2023-642,UWO-601.004.01-2023-642,26-Jan-2024,UTC,
2904,2024-01-26 00:00:00,7440571a-841a-11ed-aa7c-7003bca91a86,4522,MV0001-05066,Hexagon High Strength Bolt,COMP-1768374767799-zs6hrf8cm,401.005,Rudders W/Nozzle,SP-401.005-066,CONSUME,-1,4,3rd Engineer,Consumed during maintenance - UWO-601.004.01-2023-642,UWO-601.004.01-2023-642,26-Jan-2024,UTC,
2392,2024-01-24 00:00:00,7440571a-841a-11ed-aa7c-7003bca91a86,4937,MV0001-05481,O-Ring,COMP-1768374767805-z4lpo0038,411.001,S-Band Radar,SP-411.001-481,CONSUME,-2,4,Electrican,Consumed during maintenance - MKR-SE-00017-411.001-2024-001,MKR-SE-00017-411.001-2024-001,24-Jan-2024,UTC,
2393,2024-01-24 00:00:00,7440571a-841a-11ed-aa7c-7003bca91a86,4938,MV0001-05482,Gasket,COMP-1768374767805-z4lpo0038,411.001,S-Band Radar,SP-411.001-482,CONSUME,-2,3,Electrican,Consumed during maintenance - MKR-SE-00017-411.001-2024-001,MKR-SE-00017-411.001-2024-001,24-Jan-2024,UTC,
2630,2024-01-23 00:00:00,7440571a-841a-11ed-aa7c-7003bca91a86,5544,MV0001-06088,Impeller Nut,COMP-1768374767795-1qyq8qvkb,721.001.02,Main Sw Cooling Pumps No.02,SP-721.001.01-1088,CONSUME,-2,2,4th Engineer,Consumed during maintenance - MKR-IN-00085-652.003.03-2024-661,MKR-IN-00085-652.003.03-2024-661,23-Jan-2024,UTC,
2864,2024-01-23 00:00:00,7440571a-841a-11ed-aa7c-7003bca91a86,5393,MV0001-05937,Coil Assembly,COMP-1768374768525-zyps62yum,712.011.02,LO Separators No.02,SP-702.005.01-937,CONSUME,-1,4,3rd Engineer,Consumed during maintenance - UWO-601.004.03-2024-780,UWO-601.004.03-2024-780,23-Jan-2024,UTC,
184,2024-01-22 00:00:00,7440571a-841a-11ed-aa7c-7003bca91a86,4657,MV0001-05201,Nut,COMP-1768374767827-g6k9lk4to,601.016,ME Tiebolts,SP-601.016-201,CONSUME,-1,4,056a433e-b880-43c6-9d59-b1cfe71a4014,Consumed for WO UWO-601.018-2024-792,UWO-601.018-2024-792,22-Jan-2024 00:00,UTC,
2249,2024-01-17 00:00:00,7440571a-841a-11ed-aa7c-7003bca91a86,5480,MV0001-06024,Packing Gland,COMP-1768374767795-1qyq8qvkb,721.001.02,Main Sw Cooling Pumps No.02,SP-721.001.01-1024,CONSUME,-1,4,Chief Engineer,Consumed during maintenance - MKR-OV-00025-651.004.02-2024-023,MKR-OV-00025-651.004.02-2024-023,17-Jan-2024,UTC,
2417,2024-01-17 00:00:00,7440571a-841a-11ed-aa7c-7003bca91a86,5074,MV0001-05618,Gasket,COMP-1768374768143-4kulzp9vp,601.004.06,"ME Pistons, Piston Rods No.06",SP-601.004.01-618,CONSUME,-2,7,4th Engineer,Consumed during maintenance - MKR-IN-00063-601.004.06-2024-375,MKR-IN-00063-601.004.06-2024-375,17-Jan-2024,UTC,
2418,2024-01-17 00:00:00,7440571a-841a-11ed-aa7c-7003bca91a86,5073,MV0001-05617,O-Ring,COMP-1768374768143-4kulzp9vp,601.004.06,"ME Pistons, Piston Rods No.06",SP-601.004.01-617,CONSUME,-2,6,4th Engineer,Consumed during maintenance - MKR-IN-00063-601.004.06-2024-375,MKR-IN-00063-601.004.06-2024-375,17-Jan-2024,UTC,
183,2024-01-14 00:00:00,7440571a-841a-11ed-aa7c-7003bca91a86,4818,MV0001-05362,Terminal Box Lid,COMP-1768374767899-slkigc1i8,665.001,"Emergency Generator Aggregates, Complete",SP-665.001-362,CONSUME,-2,3,6084f3b8-85dc-462a-b045-111d2b2e6d0e,Consumed for WO UWO-601.003.01-2024-556,UWO-601.003.01-2024-556,14-Jan-2024 00:00,UTC,
2936,2024-01-14 00:00:00,7440571a-841a-11ed-aa7c-7003bca91a86,5354,MV0001-05898,Cover,COMP-1768374768525-zyps62yum,712.011.02,LO Separators No.02,SP-702.005.01-898,CONSUME,-2,1,2nd Engineer,Consumed during maintenance - UWO-651.007.03-2024-784,UWO-651.007.03-2024-784,14-Jan-2024,UTC,
2937,2024-01-14 00:00:00,7440571a-841a-11ed-aa7c-7003bca91a86,4936,MV0001-05480,O-Ring,COMP-1768374767958-93if5ek0n,403.006.02,Hydr. Oil Pumps No.02,SP-403.006.01-480,CONSUME,-2,2,2nd Engineer,Consumed during maintenance - UWO-651.007.03-2024-784,UWO-651.007.03-2024-784,14-Jan-2024,UTC,
2938,2024-01-14 00:00:00,7440571a-841a-11ed-aa7c-7003bca91a86,4642,MV0001-05186,Magnetic Contactor,COMP-1768374767815-k5anrfi02,554.001,Provision Cooling Compressor Aggregates,SP-554.001-186,CONSUME,-1,4,2nd Engineer,Consumed during maintenance - UWO-651.007.03-2024-784,UWO-651.007.03-2024-784,14-Jan-2024,UTC,
2945,2024-01-14 00:00:00,7440571a-841a-11ed-aa7c-7003bca91a86,5546,MV0001-06090,Impeller Washer,COMP-1768374767795-1qyq8qvkb,721.001.02,Main Sw Cooling Pumps No.02,SP-721.001.01-1090,CONSUME,-1,3,4th Engineer,Consumed during maintenance - UWO-601.003.01-2024-556,UWO-601.003.01-2024-556,14-Jan-2024,UTC,
182,2024-01-13 00:00:00,7440571a-841a-11ed-aa7c-7003bca91a86,4831,MV0001-05375,Main Terminal Panel,COMP-1768374767899-slkigc1i8,665.001,"Emergency Generator Aggregates, Complete",SP-665.001-375,CONSUME,-1,4,6084f3b8-85dc-462a-b045-111d2b2e6d0e,Consumed for WO WO-702.005.02-2024-208,WO-702.005.02-2024-208,13-Jan-2024 00:00,UTC,
950,2024-01-13 00:00:00,7440571a-841a-11ed-aa7c-7003bca91a86,4457,MV0001-05001,Nilesh,COMP-1768374767799-zs6hrf8cm,401.005,Rudders W/Nozzle,SP-401.005-001,RECEIVE,1,8,228b5256-5bd2-4bf3-826f-c6fe76571449,Received from Pacific Marine Parts at Busan,PO-2024-1476,13-Jan-2024 00:00,UTC,Busan
951,2024-01-13 00:00:00,7440571a-841a-11ed-aa7c-7003bca91a86,4479,MV0001-05023,Hydraulic Jack,COMP-1768374767799-zs6hrf8cm,401.005,Rudders W/Nozzle,SP-401.005-023,RECEIVE,4,14,228b5256-5bd2-4bf3-826f-c6fe76571449,Received from Pacific Marine Parts at Busan,PO-2024-8326,13-Jan-2024 00:00,UTC,Busan
952,2024-01-13 00:00:00,7440571a-841a-11ed-aa7c-7003bca91a86,4481,MV0001-05025,Gudgeon,COMP-1768374767799-zs6hrf8cm,401.005,Rudders W/Nozzle,SP-401.005-025,RECEIVE,2,10,228b5256-5bd2-4bf3-826f-c6fe76571449,Received from Pacific Marine Parts at Busan,PO-2024-7614,13-Jan-2024 00:00,UTC,Busan
953,2024-01-13 00:00:00,7440571a-841a-11ed-aa7c-7003bca91a86,4495,MV0001-05039,Plug,COMP-1768374767799-zs6hrf8cm,401.005,Rudders W/Nozzle,SP-401.005-039,RECEIVE,4,8,228b5256-5bd2-4bf3-826f-c6fe76571449,Received from Pacific Marine Parts at Busan,PO-2024-7684,13-Jan-2024 00:00,UTC,Busan
954,2024-01-13 00:00:00,7440571a-841a-11ed-aa7c-7003bca91a86,4498,MV0001-05042,Eye Bolt,COMP-1768374767799-zs6hrf8cm,401.005,Rudders W/Nozzle,SP-401.005-042,RECEIVE,1,7,228b5256-5bd2-4bf3-826f-c6fe76571449,Received from Pacific Marine Parts at Busan,PO-2024-6036,13-Jan-2024 00:00,UTC,Busan
955,2024-01-13 00:00:00,7440571a-841a-11ed-aa7c-7003bca91a86,4502,MV0001-05046,Support Ring,COMP-1768374767799-zs6hrf8cm,401.005,Rudders W/Nozzle,SP-401.005-046,RECEIVE,3,8,228b5256-5bd2-4bf3-826f-c6fe76571449,Received from Pacific Marine Parts at Busan,PO-2024-9018,13-Jan-2024 00:00,UTC,Busan
956,2024-01-13 00:00:00,7440571a-841a-11ed-aa7c-7003bca91a86,4520,MV0001-05064,Drive Band,COMP-1768374767799-zs6hrf8cm,401.005,Rudders W/Nozzle,SP-401.005-064,RECEIVE,3,8,228b5256-5bd2-4bf3-826f-c6fe76571449,Received from Pacific Marine Parts at Busan,PO-2024-9129,13-Jan-2024 00:00,UTC,Busan
957,2024-01-13 00:00:00,7440571a-841a-11ed-aa7c-7003bca91a86,4523,MV0001-05067,Hexagon High Strength Bolt,COMP-1768374767799-zs6hrf8cm,401.005,Rudders W/Nozzle,SP-401.005-067,RECEIVE,1,6,228b5256-5bd2-4bf3-826f-c6fe76571449,Received from Pacific Marine Parts at Busan,PO-2024-5883,13-Jan-2024 00:00,UTC,Busan
958,2024-01-13 00:00:00,7440571a-841a-11ed-aa7c-7003bca91a86,4524,MV0001-05068,Plug,COMP-1768374767799-zs6hrf8cm,401.005,Rudders W/Nozzle,SP-401.005-068,RECEIVE,5,11,228b5256-5bd2-4bf3-826f-c6fe76571449,Received from Pacific Marine Parts at Busan,PO-2024-4059,13-Jan-2024 00:00,UTC,Busan
959,2024-01-13 00:00:00,7440571a-841a-11ed-aa7c-7003bca91a86,4540,MV0001-05084,Pointer,COMP-1768374767802-sjje0yq3o,403.001,"Steering Gears, Complete",SP-403.001-084,RECEIVE,4,9,228b5256-5bd2-4bf3-826f-c6fe76571449,Received from Pacific Marine Parts at Busan,PO-2024-7018,13-Jan-2024 00:00,UTC,Busan
960,2024-01-13 00:00:00,7440571a-841a-11ed-aa7c-7003bca91a86,4556,MV0001-05100,Hex. Screw,COMP-1768374767802-sjje0yq3o,403.001,"Steering Gears, Complete",SP-403.001-100,RECEIVE,3,7,228b5256-5bd2-4bf3-826f-c6fe76571449,Received from Pacific Marine Parts at Busan,PO-2024-6606,13-Jan-2024 00:00,UTC,Busan
961,2024-01-13 00:00:00,7440571a-841a-11ed-aa7c-7003bca91a86,4565,MV0001-05109,O-Ring,COMP-1768374767802-sjje0yq3o,403.001,"Steering Gears, Complete",SP-403.001-109,RECEIVE,1,6,228b5256-5bd2-4bf3-826f-c6fe76571449,Received from Pacific Marine Parts at Busan,PO-2024-4572,13-Jan-2024 00:00,UTC,Busan
962,2024-01-13 00:00:00,7440571a-841a-11ed-aa7c-7003bca91a86,4566,MV0001-05110,Lock Plate,COMP-1768374767802-sjje0yq3o,403.001,"Steering Gears, Complete",SP-403.001-110,RECEIVE,5,10,228b5256-5bd2-4bf3-826f-c6fe76571449,Received from Pacific Marine Parts at Busan,PO-2024-9231,13-Jan-2024 00:00,UTC,Busan
963,2024-01-13 00:00:00,7440571a-841a-11ed-aa7c-7003bca91a86,4572,MV0001-05116,O-Ring,COMP-1768374767802-sjje0yq3o,403.001,"Steering Gears, Complete",SP-403.001-116,RECEIVE,2,7,228b5256-5bd2-4bf3-826f-c6fe76571449,Received from Pacific Marine Parts at Busan,PO-2024-2015,13-Jan-2024 00:00,UTC,Busan
964,2024-01-13 00:00:00,7440571a-841a-11ed-aa7c-7003bca91a86,4607,MV0001-05151,Pump Cartridge,COMP-1768374767802-sjje0yq3o,403.001,"Steering Gears, Complete",SP-403.001-151,RECEIVE,5,16,228b5256-5bd2-4bf3-826f-c6fe76571449,Received from Pacific Marine Parts at Busan,PO-2024-0658,13-Jan-2024 00:00,UTC,Busan
965,2024-01-13 00:00:00,7440571a-841a-11ed-aa7c-7003bca91a86,4624,MV0001-05168,W.T Switch,COMP-1768374767815-k5anrfi02,554.001,Provision Cooling Compressor Aggregates,SP-554.001-168,RECEIVE,1,8,228b5256-5bd2-4bf3-826f-c6fe76571449,Received from Pacific Marine Parts at Busan,PO-2024-6941,13-Jan-2024 00:00,UTC,Busan
966,2024-01-13 00:00:00,7440571a-841a-11ed-aa7c-7003bca91a86,4631,MV0001-05175,Dryer,COMP-1768374767815-k5anrfi02,554.001,Provision Cooling Compressor Aggregates,SP-554.001-175,RECEIVE,2,7,228b5256-5bd2-4bf3-826f-c6fe76571449,Received from Pacific Marine Parts at Busan,PO-2024-5737,13-Jan-2024 00:00,UTC,Busan
967,2024-01-13 00:00:00,7440571a-841a-11ed-aa7c-7003bca91a86,4689,MV0001-05233,Exhaust Pipe Complete,COMP-1768374767837-m3bhk56ru,601.059,ME Exhaust Gas Manifolds/Pipes W/Insulation,SP-601.059-233,RECEIVE,2,12,228b5256-5bd2-4bf3-826f-c6fe76571449,Received from Pacific Marine Parts at Busan,PO-2024-5628,13-Jan-2024 00:00,UTC,Busan
968,2024-01-13 00:00:00,7440571a-841a-11ed-aa7c-7003bca91a86,4697,MV0001-05241,Cover,COMP-1768374767837-m3bhk56ru,601.059,ME Exhaust Gas Manifolds/Pipes W/Insulation,SP-601.059-241,RECEIVE,2,9,228b5256-5bd2-4bf3-826f-c6fe76571449,Received from Pacific Marine Parts at Busan,PO-2024-6905,13-Jan-2024 00:00,UTC,Busan
969,2024-01-13 00:00:00,7440571a-841a-11ed-aa7c-7003bca91a86,4715,MV0001-05259,Ball Bearing,COMP-1768374767899-slkigc1i8,665.001,"Emergency Generator Aggregates, Complete",SP-665.001-259,RECEIVE,3,20,228b5256-5bd2-4bf3-826f-c6fe76571449,Received from Pacific Marine Parts at Busan,PO-2024-7004,13-Jan-2024 00:00,UTC,Busan
970,2024-01-13 00:00:00,7440571a-841a-11ed-aa7c-7003bca91a86,4717,MV0001-05261,Stator,COMP-1768374767899-slkigc1i8,665.001,"Emergency Generator Aggregates, Complete",SP-665.001-261,RECEIVE,5,13,228b5256-5bd2-4bf3-826f-c6fe76571449,Received from Pacific Marine Parts at Busan,PO-2024-3985,13-Jan-2024 00:00,UTC,Busan
971,2024-01-13 00:00:00,7440571a-841a-11ed-aa7c-7003bca91a86,4744,MV0001-05288,Diode-Reverse Polarity,COMP-1768374767899-slkigc1i8,665.001,"Emergency Generator Aggregates, Complete",SP-665.001-288,RECEIVE,5,10,228b5256-5bd2-4bf3-826f-c6fe76571449,Received from Pacific Marine Parts at Busan,PO-2024-9237,13-Jan-2024 00:00,UTC,Busan
972,2024-01-13 00:00:00,7440571a-841a-11ed-aa7c-7003bca91a86,4770,MV0001-05314,Frame Cover Bottom,COMP-1768374767899-slkigc1i8,665.001,"Emergency Generator Aggregates, Complete",SP-665.001-314,RECEIVE,3,9,228b5256-5bd2-4bf3-826f-c6fe76571449,Received from Pacific Marine Parts at Busan,PO-2024-8988,13-Jan-2024 00:00,UTC,Busan
973,2024-01-13 00:00:00,7440571a-841a-11ed-aa7c-7003bca91a86,4772,MV0001-05316,Air Inlet Cover,COMP-1768374767899-slkigc1i8,665.001,"Emergency Generator Aggregates, Complete",SP-665.001-316,RECEIVE,4,14,228b5256-5bd2-4bf3-826f-c6fe76571449,Received from Pacific Marine Parts at Busan,PO-2024-4802,13-Jan-2024 00:00,UTC,Busan
974,2024-01-13 00:00:00,7440571a-841a-11ed-aa7c-7003bca91a86,4773,MV0001-05317,Terminal Box Lid,COMP-1768374767899-slkigc1i8,665.001,"Emergency Generator Aggregates, Complete",SP-665.001-317,RECEIVE,1,15,228b5256-5bd2-4bf3-826f-c6fe76571449,Received from Pacific Marine Parts at Busan,PO-2024-3620,13-Jan-2024 00:00,UTC,Busan
975,2024-01-13 00:00:00,7440571a-841a-11ed-aa7c-7003bca91a86,4788,MV0001-05332,Terminal Link,COMP-1768374767899-slkigc1i8,665.001,"Emergency Generator Aggregates, Complete",SP-665.001-332,RECEIVE,5,12,228b5256-5bd2-4bf3-826f-c6fe76571449,Received from Pacific Marine Parts at Busan,PO-2024-3485,13-Jan-2024 00:00,UTC,Busan
976,2024-01-13 00:00:00,7440571a-841a-11ed-aa7c-7003bca91a86,4796,MV0001-05340,PMG Exciter Rotor,COMP-1768374767899-slkigc1i8,665.001,"Emergency Generator Aggregates, Complete",SP-665.001-340,RECEIVE,3,7,228b5256-5bd2-4bf3-826f-c6fe76571449,Received from Pacific Marine Parts at Busan,PO-2024-6810,13-Jan-2024 00:00,UTC,Busan
977,2024-01-13 00:00:00,7440571a-841a-11ed-aa7c-7003bca91a86,4807,MV0001-05351,Cover Non Drive End,COMP-1768374767899-slkigc1i8,665.001,"Emergency Generator Aggregates, Complete",SP-665.001-351,RECEIVE,1,8,228b5256-5bd2-4bf3-826f-c6fe76571449,Received from Pacific Marine Parts at Busan,PO-2024-3112,13-Jan-2024 00:00,UTC,Busan
978,2024-01-13 00:00:00,7440571a-841a-11ed-aa7c-7003bca91a86,4813,MV0001-05357,Bearing Drive End,COMP-1768374767899-slkigc1i8,665.001,"Emergency Generator Aggregates, Complete",SP-665.001-357,RECEIVE,1,13,228b5256-5bd2-4bf3-826f-c6fe76571449,Received from Pacific Marine Parts at Busan,PO-2024-8957,13-Jan-2024 00:00,UTC,Busan
979,2024-01-13 00:00:00,7440571a-841a-11ed-aa7c-7003bca91a86,4818,MV0001-05362,Terminal Box Lid,COMP-1768374767899-slkigc1i8,665.001,"Emergency Generator Aggregates, Complete",SP-665.001-362,RECEIVE,5,8,228b5256-5bd2-4bf3-826f-c6fe76571449,Received from Pacific Marine Parts at Busan,PO-2024-6457,13-Jan-2024 00:00,UTC,Busan
980,2024-01-13 00:00:00,7440571a-841a-11ed-aa7c-7003bca91a86,4830,MV0001-05374,Frame To End Bracket Adaptor Ring,COMP-1768374767899-slkigc1i8,665.001,"Emergency Generator Aggregates, Complete",SP-665.001-374,RECEIVE,1,5,228b5256-5bd2-4bf3-826f-c6fe76571449,Received from Pacific Marine Parts at Busan,PO-2024-5010,13-Jan-2024 00:00,UTC,Busan
981,2024-01-13 00:00:00,7440571a-841a-11ed-aa7c-7003bca91a86,4839,MV0001-05383,Pump Bed,COMP-1768374767907-73hq6hda8,801.001,Clean Ballast Pumps,SP-801.001-383,RECEIVE,4,13,228b5256-5bd2-4bf3-826f-c6fe76571449,Received from Pacific Marine Parts at Busan,PO-2024-8153,13-Jan-2024 00:00,UTC,Busan
982,2024-01-13 00:00:00,7440571a-841a-11ed-aa7c-7003bca91a86,4849,MV0001-05393,Coupling Key,COMP-1768374767907-73hq6hda8,801.001,Clean Ballast Pumps,SP-801.001-393,RECEIVE,4,16,228b5256-5bd2-4bf3-826f-c6fe76571449,Received from Pacific Marine Parts at Busan,PO-2024-1497,13-Jan-2024 00:00,UTC,Busan
983,2024-01-13 00:00:00,7440571a-841a-11ed-aa7c-7003bca91a86,4851,MV0001-05395,Ball Bearing,COMP-1768374767907-73hq6hda8,801.001,Clean Ballast Pumps,SP-801.001-395,RECEIVE,4,13,228b5256-5bd2-4bf3-826f-c6fe76571449,Received from Pacific Marine Parts at Busan,PO-2024-4334,13-Jan-2024 00:00,UTC,Busan
984,2024-01-13 00:00:00,7440571a-841a-11ed-aa7c-7003bca91a86,4855,MV0001-05399,Flinger,COMP-1768374767907-73hq6hda8,801.001,Clean Ballast Pumps,SP-801.001-399,RECEIVE,2,6,228b5256-5bd2-4bf3-826f-c6fe76571449,Received from Pacific Marine Parts at Busan,PO-2024-5661,13-Jan-2024 00:00,UTC,Busan
985,2024-01-13 00:00:00,7440571a-841a-11ed-aa7c-7003bca91a86,4863,MV0001-05407,Floating Seat,COMP-1768374767907-73hq6hda8,801.001,Clean Ballast Pumps,SP-801.001-407,RECEIVE,2,7,228b5256-5bd2-4bf3-826f-c6fe76571449,Received from Pacific Marine Parts at Busan,PO-2024-0265,13-Jan-2024 00:00,UTC,Busan
986,2024-01-13 00:00:00,7440571a-841a-11ed-aa7c-7003bca91a86,4871,MV0001-05415,Snap Ring,COMP-1768374767907-73hq6hda8,801.001,Clean Ballast Pumps,SP-801.001-415,RECEIVE,3,11,228b5256-5bd2-4bf3-826f-c6fe76571449,Received from Pacific Marine Parts at Busan,PO-2024-8911,13-Jan-2024 00:00,UTC,Busan
987,2024-01-13 00:00:00,7440571a-841a-11ed-aa7c-7003bca91a86,4878,MV0001-05422,Packing Ring,COMP-1768374767907-73hq6hda8,801.001,Clean Ballast Pumps,SP-801.001-422,RECEIVE,3,13,228b5256-5bd2-4bf3-826f-c6fe76571449,Received from Pacific Marine Parts at Busan,PO-2024-8369,13-Jan-2024 00:00,UTC,Busan
988,2024-01-13 00:00:00,7440571a-841a-11ed-aa7c-7003bca91a86,4879,MV0001-05423,Bearing Support,COMP-1768374767907-73hq6hda8,801.001,Clean Ballast Pumps,SP-801.001-423,RECEIVE,4,12,228b5256-5bd2-4bf3-826f-c6fe76571449,Received from Pacific Marine Parts at Busan,PO-2024-2709,13-Jan-2024 00:00,UTC,Busan
989,2024-01-13 00:00:00,7440571a-841a-11ed-aa7c-7003bca91a86,4900,MV0001-05444,Hub,COMP-1768374767907-73hq6hda8,801.001,Clean Ballast Pumps,SP-801.001-444,RECEIVE,4,13,228b5256-5bd2-4bf3-826f-c6fe76571449,Received from Pacific Marine Parts at Busan,PO-2024-8821,13-Jan-2024 00:00,UTC,Busan
990,2024-01-13 00:00:00,7440571a-841a-11ed-aa7c-7003bca91a86,4918,MV0001-05462,Bearing,COMP-1768374767907-73hq6hda8,801.001,Clean Ballast Pumps,SP-801.001-462,RECEIVE,5,7,228b5256-5bd2-4bf3-826f-c6fe76571449,Received from Pacific Marine Parts at Busan,PO-2024-8582,13-Jan-2024 00:00,UTC,Busan
991,2024-01-13 00:00:00,7440571a-841a-11ed-aa7c-7003bca91a86,4925,MV0001-05469,Oil Seal,COMP-1768374767907-73hq6hda8,801.001,Clean Ballast Pumps,SP-801.001-469,RECEIVE,3,7,228b5256-5bd2-4bf3-826f-c6fe76571449,Received from Pacific Marine Parts at Busan,PO-2024-6830,13-Jan-2024 00:00,UTC,Busan
992,2024-01-13 00:00:00,7440571a-841a-11ed-aa7c-7003bca91a86,4931,MV0001-05475,Rectifier,COMP-1768374767914-980b44ij3,278.010.02,Impressed Current Systems No.02,SP-278.010.01-475,RECEIVE,1,12,228b5256-5bd2-4bf3-826f-c6fe76571449,Received from Pacific Marine Parts at Busan,PO-2024-7253,13-Jan-2024 00:00,UTC,Busan
3014,2024-01-09 00:00:00,7440571a-841a-11ed-aa7c-7003bca91a86,5115,MV0001-05659,Main Bearing Metal Assembly,COMP-1768374768443-sj0hmblft,653.003.06,AE3 Cylinder Liners No.06,SP-651.003.01-659,CONSUME,-2,0,3rd Engineer,Consumed during maintenance - WO-653.003.06-2024-363,WO-653.003.06-2024-363,09-Jan-2024,UTC,
3013,2024-01-09 00:00:00,7440571a-841a-11ed-aa7c-7003bca91a86,5116,MV0001-05660,"Bolt Assembly, Main Bearing",COMP-1768374768443-sj0hmblft,653.003.06,AE3 Cylinder Liners No.06,SP-651.003.01-660,CONSUME,-1,4,3rd Engineer,Consumed during maintenance - WO-653.003.06-2024-363,WO-653.003.06-2024-363,09-Jan-2024,UTC,
181,2024-01-05 00:00:00,7440571a-841a-11ed-aa7c-7003bca91a86,4486,MV0001-05030,Securing Wire,COMP-1768374767799-zs6hrf8cm,401.005,Rudders W/Nozzle,SP-401.005-030,CONSUME,-1,3,977621de-77d7-4892-ae27-adaebcc27d0b,Consumed for WO UWO-652.020-2023-775,UWO-652.020-2023-775,05-Jan-2024 00:00,UTC,
2369,2024-01-04 00:00:00,7440571a-841a-11ed-aa7c-7003bca91a86,4776,MV0001-05320,Automatic Voltage Regulator,COMP-1768374767899-slkigc1i8,665.001,"Emergency Generator Aggregates, Complete",SP-665.001-320,CONSUME,-1,4,Chief Engineer,Consumed during maintenance - MKR-IN-00085-651.003.02-2023-558,MKR-IN-00085-651.003.02-2023-558,04-Jan-2024,UTC,
180,2024-01-01 00:00:00,7440571a-841a-11ed-aa7c-7003bca91a86,4555,MV0001-05099,Cyl. Head Screw,COMP-1768374767802-sjje0yq3o,403.001,"Steering Gears, Complete",SP-403.001-099,CONSUME,-1,2,056a433e-b880-43c6-9d59-b1cfe71a4014,Consumed for WO UWO-652.004.03-2023-518,UWO-652.004.03-2023-518,01-Jan-2024 00:00,UTC,
2626,2024-01-01 00:00:00,7440571a-841a-11ed-aa7c-7003bca91a86,5196,MV0001-05740,Socket Cap Screw,COMP-1768374768525-zyps62yum,712.011.02,LO Separators No.02,SP-702.005.01-740,CONSUME,-2,2,3rd Engineer,Consumed during maintenance - WO-702.005.02-2023-206,WO-702.005.02-2023-206,01-Jan-2024,UTC,
2627,2024-01-01 00:00:00,7440571a-841a-11ed-aa7c-7003bca91a86,5473,MV0001-06017,Impeller,COMP-1768374767795-1qyq8qvkb,721.001.02,Main Sw Cooling Pumps No.02,SP-721.001.01-1017,CONSUME,-1,4,3rd Engineer,Consumed during maintenance - WO-702.005.02-2023-206,WO-702.005.02-2023-206,01-Jan-2024,UTC,
2239,2023-12-31 00:00:00,7440571a-841a-11ed-aa7c-7003bca91a86,5387,MV0001-05931,Power Supply Unit,COMP-1768374768525-zyps62yum,712.011.02,LO Separators No.02,SP-702.005.01-931,CONSUME,-2,3,3rd Engineer,Consumed during maintenance - WO-651.003.01-2024-327,WO-651.003.01-2024-327,31-Dec-2023,UTC,
2240,2023-12-31 00:00:00,7440571a-841a-11ed-aa7c-7003bca91a86,4606,MV0001-05150,Plug,COMP-1768374767802-sjje0yq3o,403.001,"Steering Gears, Complete",SP-403.001-150,CONSUME,-1,4,3rd Engineer,Consumed during maintenance - WO-651.003.01-2024-327,WO-651.003.01-2024-327,31-Dec-2023,UTC,
2241,2023-12-31 00:00:00,7440571a-841a-11ed-aa7c-7003bca91a86,4737,MV0001-05281,Automatic Voltage Regulator,COMP-1768374767899-slkigc1i8,665.001,"Emergency Generator Aggregates, Complete",SP-665.001-281,CONSUME,-2,3,3rd Engineer,Consumed during maintenance - WO-651.003.01-2024-327,WO-651.003.01-2024-327,31-Dec-2023,UTC,
2425,2023-12-31 00:00:00,7440571a-841a-11ed-aa7c-7003bca91a86,4969,MV0001-05513,Plug,COMP-1768374767967-jb4k6wuji,554.003.02,Compressors W/Drive Unit No.02,SP-554.003.01-513,CONSUME,-1,4,2nd Engineer,Consumed during maintenance - UWO-652.002-2023-693,UWO-652.002-2023-693,31-Dec-2023,UTC,
2275,2023-12-30 00:00:00,7440571a-841a-11ed-aa7c-7003bca91a86,5101,MV0001-05645,Gasket,COMP-1768374767834-dbncpiany,601.053,ME Turbochargers,SP-601.053-645,CONSUME,-2,8,2nd Engineer,Consumed during maintenance - WO-601.053-2024-430,WO-601.053-2024-430,30-Dec-2023,UTC,
179,2023-12-27 00:00:00,7440571a-841a-11ed-aa7c-7003bca91a86,4739,MV0001-05283,Automatic Voltage Regulator Mounting Bracket,COMP-1768374767899-slkigc1i8,665.001,"Emergency Generator Aggregates, Complete",SP-665.001-283,CONSUME,-1,4,6084f3b8-85dc-462a-b045-111d2b2e6d0e,Consumed for WO UWO-601.002.01-2023-499,UWO-601.002.01-2023-499,27-Dec-2023 00:00,UTC,
2506,2023-12-27 00:00:00,7440571a-841a-11ed-aa7c-7003bca91a86,4806,MV0001-05350,Non Drive End Bracket,COMP-1768374767899-slkigc1i8,665.001,"Emergency Generator Aggregates, Complete",SP-665.001-350,CONSUME,-2,3,4th Engineer,Consumed during maintenance - UWO-601.002.01-2023-499,UWO-601.002.01-2023-499,27-Dec-2023,UTC,
2594,2023-12-27 00:00:00,7440571a-841a-11ed-aa7c-7003bca91a86,4901,MV0001-05445,Hub,COMP-1768374767907-73hq6hda8,801.001,Clean Ballast Pumps,SP-801.001-445,CONSUME,-2,0,2nd Engineer,Consumed during maintenance - UWO-652.003.01-2023-562,UWO-652.003.01-2023-562,27-Dec-2023,UTC,
2595,2023-12-27 00:00:00,7440571a-841a-11ed-aa7c-7003bca91a86,4909,MV0001-05453,Intermediate Shaft,COMP-1768374767907-73hq6hda8,801.001,Clean Ballast Pumps,SP-801.001-453,CONSUME,-2,3,2nd Engineer,Consumed during maintenance - UWO-652.003.01-2023-562,UWO-652.003.01-2023-562,27-Dec-2023,UTC,
2874,2023-12-27 00:00:00,7440571a-841a-11ed-aa7c-7003bca91a86,5376,MV0001-05920,Transformer,COMP-1768374768525-zyps62yum,712.011.02,LO Separators No.02,SP-702.005.01-920,CONSUME,-1,4,Electrican,Consumed during maintenance - MKR-OV-00011-601.004.05-2023-353,MKR-OV-00011-601.004.05-2023-353,27-Dec-2023,UTC,
2875,2023-12-27 00:00:00,7440571a-841a-11ed-aa7c-7003bca91a86,5443,MV0001-05987,Bearing Bush,COMP-1768374768533-xnq4n84q4,712.013.02,LO Separator Booster Pumps No.02,SP-712.013.01-987,CONSUME,-1,2,Electrican,Consumed during maintenance - MKR-OV-00011-601.004.05-2023-353,MKR-OV-00011-601.004.05-2023-353,27-Dec-2023,UTC,
2876,2023-12-27 00:00:00,7440571a-841a-11ed-aa7c-7003bca91a86,5095,MV0001-05639,O-Ring,COMP-1768374768201-mvmpi8w24,601.026.06,ME Hp Fuel Pumps No.06,SP-601.026.01-639,CONSUME,-1,3,Electrican,Consumed during maintenance - MKR-OV-00011-601.004.05-2023-353,MKR-OV-00011-601.004.05-2023-353,27-Dec-2023,UTC,
2601,2023-12-26 00:00:00,7440571a-841a-11ed-aa7c-7003bca91a86,5511,MV0001-06055,Spacer,COMP-1768374767795-1qyq8qvkb,721.001.02,Main Sw Cooling Pumps No.02,SP-721.001.01-1055,CONSUME,-2,1,2nd Engineer,Consumed during maintenance - UWO-652.003.04-2023-683,UWO-652.003.04-2023-683,26-Dec-2023,UTC,
178,2023-12-25 00:00:00,7440571a-841a-11ed-aa7c-7003bca91a86,4925,MV0001-05469,Oil Seal,COMP-1768374767907-73hq6hda8,801.001,Clean Ballast Pumps,SP-801.001-469,CONSUME,-1,4,056a433e-b880-43c6-9d59-b1cfe71a4014,Consumed for WO WO-702.005.02-2023-205,WO-702.005.02-2023-205,25-Dec-2023 00:00,UTC,
2731,2023-12-23 00:00:00,7440571a-841a-11ed-aa7c-7003bca91a86,4941,MV0001-05485,Release & Lifting Gear,COMP-1768374767812-t7u0ew84e,501.002,Covered Lifeboats,SP-501.002-485,CONSUME,-1,7,4th Engineer,Consumed during maintenance - MKR-IN-00073-501.002-2023-272,MKR-IN-00073-501.002-2023-272,23-Dec-2023,UTC,
2732,2023-12-23 00:00:00,7440571a-841a-11ed-aa7c-7003bca91a86,4942,MV0001-05486,fuel filters,COMP-1768374767812-t7u0ew84e,501.002,Covered Lifeboats,SP-501.002-486,CONSUME,-1,8,4th Engineer,Consumed during maintenance - MKR-IN-00073-501.002-2023-272,MKR-IN-00073-501.002-2023-272,23-Dec-2023,UTC,
2963,2023-12-20 00:00:00,7440571a-841a-11ed-aa7c-7003bca91a86,4778,MV0001-05322,Automatic Voltage Regulator Mounting Bracket,COMP-1768374767899-slkigc1i8,665.001,"Emergency Generator Aggregates, Complete",SP-665.001-322,CONSUME,-1,2,4th Engineer,Consumed during maintenance - MKR-IN-00076-601.005.01-2023-384,MKR-IN-00076-601.005.01-2023-384,20-Dec-2023,UTC,
2588,2023-12-19 00:00:00,7440571a-841a-11ed-aa7c-7003bca91a86,5241,MV0001-05785,Pin,COMP-1768374768525-zyps62yum,712.011.02,LO Separators No.02,SP-702.005.01-785,CONSUME,-1,3,4th Engineer,Consumed during maintenance - MKR-IN-00085-651.003.02-2023-552,MKR-IN-00085-651.003.02-2023-552,19-Dec-2023,UTC,
2264,2023-12-17 00:00:00,7440571a-841a-11ed-aa7c-7003bca91a86,4847,MV0001-05391,Impeller Shaft,COMP-1768374767907-73hq6hda8,801.001,Clean Ballast Pumps,SP-801.001-391,CONSUME,-2,3,3rd Engineer,Consumed during maintenance - WO-702.005.02-2023-204,WO-702.005.02-2023-204,17-Dec-2023,UTC,
2265,2023-12-17 00:00:00,7440571a-841a-11ed-aa7c-7003bca91a86,4711,MV0001-05255,Plain Washer,COMP-1768374767837-m3bhk56ru,601.059,ME Exhaust Gas Manifolds/Pipes W/Insulation,SP-601.059-255,CONSUME,-2,3,3rd Engineer,Consumed during maintenance - WO-702.005.02-2023-204,WO-702.005.02-2023-204,17-Dec-2023,UTC,
2266,2023-12-17 00:00:00,7440571a-841a-11ed-aa7c-7003bca91a86,4992,MV0001-05536,Retaining Ring-32,COMP-1768374767967-jb4k6wuji,554.003.02,Compressors W/Drive Unit No.02,SP-554.003.01-536,CONSUME,-2,3,3rd Engineer,Consumed during maintenance - WO-702.005.02-2023-204,WO-702.005.02-2023-204,17-Dec-2023,UTC,
901,2023-12-13 00:00:00,7440571a-841a-11ed-aa7c-7003bca91a86,4837,MV0001-05381,Volute Casing,COMP-1768374767907-73hq6hda8,801.001,Clean Ballast Pumps,SP-801.001-381,RECEIVE,3,203,228b5256-5bd2-4bf3-826f-c6fe76571449,Received from Nordic Maritime Supply at Shanghai,PO-2023-4113,13-Dec-2023 00:00,UTC,Shanghai
902,2023-12-13 00:00:00,7440571a-841a-11ed-aa7c-7003bca91a86,4471,MV0001-05015,Securing Wire,COMP-1768374767799-zs6hrf8cm,401.005,Rudders W/Nozzle,SP-401.005-015,RECEIVE,1,6,228b5256-5bd2-4bf3-826f-c6fe76571449,Received from Nordic Maritime Supply at Shanghai,PO-2023-7719,13-Dec-2023 00:00,UTC,Shanghai
903,2023-12-13 00:00:00,7440571a-841a-11ed-aa7c-7003bca91a86,4478,MV0001-05022,Stock Nut,COMP-1768374767799-zs6hrf8cm,401.005,Rudders W/Nozzle,SP-401.005-022,RECEIVE,3,6,228b5256-5bd2-4bf3-826f-c6fe76571449,Received from Nordic Maritime Supply at Shanghai,PO-2023-7313,13-Dec-2023 00:00,UTC,Shanghai
904,2023-12-13 00:00:00,7440571a-841a-11ed-aa7c-7003bca91a86,4491,MV0001-05035,O-Ring,COMP-1768374767799-zs6hrf8cm,401.005,Rudders W/Nozzle,SP-401.005-035,RECEIVE,1,13,228b5256-5bd2-4bf3-826f-c6fe76571449,Received from Nordic Maritime Supply at Shanghai,PO-2023-3496,13-Dec-2023 00:00,UTC,Shanghai
905,2023-12-13 00:00:00,7440571a-841a-11ed-aa7c-7003bca91a86,4492,MV0001-05036,O-Ring,COMP-1768374767799-zs6hrf8cm,401.005,Rudders W/Nozzle,SP-401.005-036,RECEIVE,4,9,228b5256-5bd2-4bf3-826f-c6fe76571449,Received from Nordic Maritime Supply at Shanghai,PO-2023-8292,13-Dec-2023 00:00,UTC,Shanghai
906,2023-12-13 00:00:00,7440571a-841a-11ed-aa7c-7003bca91a86,4501,MV0001-05045,Support Ring,COMP-1768374767799-zs6hrf8cm,401.005,Rudders W/Nozzle,SP-401.005-045,RECEIVE,3,8,228b5256-5bd2-4bf3-826f-c6fe76571449,Received from Nordic Maritime Supply at Shanghai,PO-2023-9133,13-Dec-2023 00:00,UTC,Shanghai
907,2023-12-13 00:00:00,7440571a-841a-11ed-aa7c-7003bca91a86,4503,MV0001-05047,Seat Plate,COMP-1768374767799-zs6hrf8cm,401.005,Rudders W/Nozzle,SP-401.005-047,RECEIVE,5,11,228b5256-5bd2-4bf3-826f-c6fe76571449,Received from Nordic Maritime Supply at Shanghai,PO-2023-2355,13-Dec-2023 00:00,UTC,Shanghai
908,2023-12-13 00:00:00,7440571a-841a-11ed-aa7c-7003bca91a86,4513,MV0001-05057,O-Ring,COMP-1768374767799-zs6hrf8cm,401.005,Rudders W/Nozzle,SP-401.005-057,RECEIVE,2,7,228b5256-5bd2-4bf3-826f-c6fe76571449,Received from Nordic Maritime Supply at Shanghai,PO-2023-5809,13-Dec-2023 00:00,UTC,Shanghai
909,2023-12-13 00:00:00,7440571a-841a-11ed-aa7c-7003bca91a86,4514,MV0001-05058,Reamer Bolt,COMP-1768374767799-zs6hrf8cm,401.005,Rudders W/Nozzle,SP-401.005-058,RECEIVE,2,7,228b5256-5bd2-4bf3-826f-c6fe76571449,Received from Nordic Maritime Supply at Shanghai,PO-2023-9891,13-Dec-2023 00:00,UTC,Shanghai
910,2023-12-13 00:00:00,7440571a-841a-11ed-aa7c-7003bca91a86,4521,MV0001-05065,O-Ring,COMP-1768374767799-zs6hrf8cm,401.005,Rudders W/Nozzle,SP-401.005-065,RECEIVE,4,7,228b5256-5bd2-4bf3-826f-c6fe76571449,Received from Nordic Maritime Supply at Shanghai,PO-2023-6102,13-Dec-2023 00:00,UTC,Shanghai
911,2023-12-13 00:00:00,7440571a-841a-11ed-aa7c-7003bca91a86,4546,MV0001-05090,O-Ring,COMP-1768374767802-sjje0yq3o,403.001,"Steering Gears, Complete",SP-403.001-090,RECEIVE,4,14,228b5256-5bd2-4bf3-826f-c6fe76571449,Received from Nordic Maritime Supply at Shanghai,PO-2023-6428,13-Dec-2023 00:00,UTC,Shanghai
912,2023-12-13 00:00:00,7440571a-841a-11ed-aa7c-7003bca91a86,4558,MV0001-05102,Cyl. Head Screw,COMP-1768374767802-sjje0yq3o,403.001,"Steering Gears, Complete",SP-403.001-102,RECEIVE,5,11,228b5256-5bd2-4bf3-826f-c6fe76571449,Received from Nordic Maritime Supply at Shanghai,PO-2023-3783,13-Dec-2023 00:00,UTC,Shanghai
913,2023-12-13 00:00:00,7440571a-841a-11ed-aa7c-7003bca91a86,4602,MV0001-05146,O-Ring,COMP-1768374767802-sjje0yq3o,403.001,"Steering Gears, Complete",SP-403.001-146,RECEIVE,5,17,228b5256-5bd2-4bf3-826f-c6fe76571449,Received from Nordic Maritime Supply at Shanghai,PO-2023-6454,13-Dec-2023 00:00,UTC,Shanghai
914,2023-12-13 00:00:00,7440571a-841a-11ed-aa7c-7003bca91a86,4603,MV0001-05147,Hex. Screw,COMP-1768374767802-sjje0yq3o,403.001,"Steering Gears, Complete",SP-403.001-147,RECEIVE,2,7,228b5256-5bd2-4bf3-826f-c6fe76571449,Received from Nordic Maritime Supply at Shanghai,PO-2023-5510,13-Dec-2023 00:00,UTC,Shanghai
915,2023-12-13 00:00:00,7440571a-841a-11ed-aa7c-7003bca91a86,4612,MV0001-05156,O-Ring,COMP-1768374767802-sjje0yq3o,403.001,"Steering Gears, Complete",SP-403.001-156,RECEIVE,5,14,228b5256-5bd2-4bf3-826f-c6fe76571449,Received from Nordic Maritime Supply at Shanghai,PO-2023-2881,13-Dec-2023 00:00,UTC,Shanghai
916,2023-12-13 00:00:00,7440571a-841a-11ed-aa7c-7003bca91a86,4613,MV0001-05157,O-Ring,COMP-1768374767802-sjje0yq3o,403.001,"Steering Gears, Complete",SP-403.001-157,RECEIVE,1,5,228b5256-5bd2-4bf3-826f-c6fe76571449,Received from Nordic Maritime Supply at Shanghai,PO-2023-2109,13-Dec-2023 00:00,UTC,Shanghai
917,2023-12-13 00:00:00,7440571a-841a-11ed-aa7c-7003bca91a86,4624,MV0001-05168,W.T Switch,COMP-1768374767815-k5anrfi02,554.001,Provision Cooling Compressor Aggregates,SP-554.001-168,RECEIVE,2,7,228b5256-5bd2-4bf3-826f-c6fe76571449,Received from Nordic Maritime Supply at Shanghai,PO-2023-1674,13-Dec-2023 00:00,UTC,Shanghai
918,2023-12-13 00:00:00,7440571a-841a-11ed-aa7c-7003bca91a86,4626,MV0001-05170,W.T. Receptacle,COMP-1768374767815-k5anrfi02,554.001,Provision Cooling Compressor Aggregates,SP-554.001-170,RECEIVE,3,3,228b5256-5bd2-4bf3-826f-c6fe76571449,Received from Nordic Maritime Supply at Shanghai,PO-2023-6415,13-Dec-2023 00:00,UTC,Shanghai
919,2023-12-13 00:00:00,7440571a-841a-11ed-aa7c-7003bca91a86,4634,MV0001-05178,Gas Detector,COMP-1768374767815-k5anrfi02,554.001,Provision Cooling Compressor Aggregates,SP-554.001-178,RECEIVE,1,6,228b5256-5bd2-4bf3-826f-c6fe76571449,Received from Nordic Maritime Supply at Shanghai,PO-2023-8835,13-Dec-2023 00:00,UTC,Shanghai
920,2023-12-13 00:00:00,7440571a-841a-11ed-aa7c-7003bca91a86,4665,MV0001-05209,"Oil Scraper, In Two Parts, Complete",COMP-1768374767834-dbncpiany,601.053,ME Turbochargers,SP-601.053-209,RECEIVE,5,8,228b5256-5bd2-4bf3-826f-c6fe76571449,Received from Nordic Maritime Supply at Shanghai,PO-2023-2524,13-Dec-2023 00:00,UTC,Shanghai
921,2023-12-13 00:00:00,7440571a-841a-11ed-aa7c-7003bca91a86,4674,MV0001-05218,Reamer Bolt,COMP-1768374767834-dbncpiany,601.053,ME Turbochargers,SP-601.053-218,RECEIVE,5,11,228b5256-5bd2-4bf3-826f-c6fe76571449,Received from Nordic Maritime Supply at Shanghai,PO-2023-2593,13-Dec-2023 00:00,UTC,Shanghai
922,2023-12-13 00:00:00,7440571a-841a-11ed-aa7c-7003bca91a86,4692,MV0001-05236,Expansion Joint,COMP-1768374767837-m3bhk56ru,601.059,ME Exhaust Gas Manifolds/Pipes W/Insulation,SP-601.059-236,RECEIVE,2,10,228b5256-5bd2-4bf3-826f-c6fe76571449,Received from Nordic Maritime Supply at Shanghai,PO-2023-2916,13-Dec-2023 00:00,UTC,Shanghai
923,2023-12-13 00:00:00,7440571a-841a-11ed-aa7c-7003bca91a86,4702,MV0001-05246,Bolt,COMP-1768374767837-m3bhk56ru,601.059,ME Exhaust Gas Manifolds/Pipes W/Insulation,SP-601.059-246,RECEIVE,1,6,228b5256-5bd2-4bf3-826f-c6fe76571449,Received from Nordic Maritime Supply at Shanghai,PO-2023-0384,13-Dec-2023 00:00,UTC,Shanghai
924,2023-12-13 00:00:00,7440571a-841a-11ed-aa7c-7003bca91a86,4715,MV0001-05259,Ball Bearing,COMP-1768374767899-slkigc1i8,665.001,"Emergency Generator Aggregates, Complete",SP-665.001-259,RECEIVE,2,17,228b5256-5bd2-4bf3-826f-c6fe76571449,Received from Nordic Maritime Supply at Shanghai,PO-2023-9414,13-Dec-2023 00:00,UTC,Shanghai
925,2023-12-13 00:00:00,7440571a-841a-11ed-aa7c-7003bca91a86,4724,MV0001-05268,Bearing Non Drive End,COMP-1768374767899-slkigc1i8,665.001,"Emergency Generator Aggregates, Complete",SP-665.001-268,RECEIVE,5,9,228b5256-5bd2-4bf3-826f-c6fe76571449,Received from Nordic Maritime Supply at Shanghai,PO-2023-0923,13-Dec-2023 00:00,UTC,Shanghai
926,2023-12-13 00:00:00,7440571a-841a-11ed-aa7c-7003bca91a86,4731,MV0001-05275,Frame Cover Bottom,COMP-1768374767899-slkigc1i8,665.001,"Emergency Generator Aggregates, Complete",SP-665.001-275,RECEIVE,3,12,228b5256-5bd2-4bf3-826f-c6fe76571449,Received from Nordic Maritime Supply at Shanghai,PO-2023-1507,13-Dec-2023 00:00,UTC,Shanghai
927,2023-12-13 00:00:00,7440571a-841a-11ed-aa7c-7003bca91a86,4750,MV0001-05294,Edging Strip,COMP-1768374767899-slkigc1i8,665.001,"Emergency Generator Aggregates, Complete",SP-665.001-294,RECEIVE,3,11,228b5256-5bd2-4bf3-826f-c6fe76571449,Received from Nordic Maritime Supply at Shanghai,PO-2023-3367,13-Dec-2023 00:00,UTC,Shanghai
928,2023-12-13 00:00:00,7440571a-841a-11ed-aa7c-7003bca91a86,4755,MV0001-05299,Automatic Voltage Regulator Anti-Vibration Mounting Assembly,COMP-1768374767899-slkigc1i8,665.001,"Emergency Generator Aggregates, Complete",SP-665.001-299,RECEIVE,4,9,228b5256-5bd2-4bf3-826f-c6fe76571449,Received from Nordic Maritime Supply at Shanghai,PO-2023-3868,13-Dec-2023 00:00,UTC,Shanghai
929,2023-12-13 00:00:00,7440571a-841a-11ed-aa7c-7003bca91a86,4762,MV0001-05306,Cover Non Drive End,COMP-1768374767899-slkigc1i8,665.001,"Emergency Generator Aggregates, Complete",SP-665.001-306,RECEIVE,3,7,228b5256-5bd2-4bf3-826f-c6fe76571449,Received from Nordic Maritime Supply at Shanghai,PO-2023-0988,13-Dec-2023 00:00,UTC,Shanghai
930,2023-12-13 00:00:00,7440571a-841a-11ed-aa7c-7003bca91a86,4781,MV0001-05325,Varistor,COMP-1768374767899-slkigc1i8,665.001,"Emergency Generator Aggregates, Complete",SP-665.001-325,RECEIVE,5,10,228b5256-5bd2-4bf3-826f-c6fe76571449,Received from Nordic Maritime Supply at Shanghai,PO-2023-5827,13-Dec-2023 00:00,UTC,Shanghai
931,2023-12-13 00:00:00,7440571a-841a-11ed-aa7c-7003bca91a86,4797,MV0001-05341,PMG Exciter Stator,COMP-1768374767899-slkigc1i8,665.001,"Emergency Generator Aggregates, Complete",SP-665.001-341,RECEIVE,2,9,228b5256-5bd2-4bf3-826f-c6fe76571449,Received from Nordic Maritime Supply at Shanghai,PO-2023-9743,13-Dec-2023 00:00,UTC,Shanghai
932,2023-12-13 00:00:00,7440571a-841a-11ed-aa7c-7003bca91a86,4831,MV0001-05375,Main Terminal Panel,COMP-1768374767899-slkigc1i8,665.001,"Emergency Generator Aggregates, Complete",SP-665.001-375,RECEIVE,3,8,228b5256-5bd2-4bf3-826f-c6fe76571449,Received from Nordic Maritime Supply at Shanghai,PO-2023-7170,13-Dec-2023 00:00,UTC,Shanghai
933,2023-12-13 00:00:00,7440571a-841a-11ed-aa7c-7003bca91a86,4832,MV0001-05376,Terminal Link,COMP-1768374767899-slkigc1i8,665.001,"Emergency Generator Aggregates, Complete",SP-665.001-376,RECEIVE,2,7,228b5256-5bd2-4bf3-826f-c6fe76571449,Received from Nordic Maritime Supply at Shanghai,PO-2023-4451,13-Dec-2023 00:00,UTC,Shanghai
934,2023-12-13 00:00:00,7440571a-841a-11ed-aa7c-7003bca91a86,4849,MV0001-05393,Coupling Key,COMP-1768374767907-73hq6hda8,801.001,Clean Ballast Pumps,SP-801.001-393,RECEIVE,5,12,228b5256-5bd2-4bf3-826f-c6fe76571449,Received from Nordic Maritime Supply at Shanghai,PO-2023-0592,13-Dec-2023 00:00,UTC,Shanghai
935,2023-12-13 00:00:00,7440571a-841a-11ed-aa7c-7003bca91a86,4865,MV0001-05409,Packing,COMP-1768374767907-73hq6hda8,801.001,Clean Ballast Pumps,SP-801.001-409,RECEIVE,1,11,228b5256-5bd2-4bf3-826f-c6fe76571449,Received from Nordic Maritime Supply at Shanghai,PO-2023-4443,13-Dec-2023 00:00,UTC,Shanghai
936,2023-12-13 00:00:00,7440571a-841a-11ed-aa7c-7003bca91a86,4871,MV0001-05415,Snap Ring,COMP-1768374767907-73hq6hda8,801.001,Clean Ballast Pumps,SP-801.001-415,RECEIVE,3,8,228b5256-5bd2-4bf3-826f-c6fe76571449,Received from Nordic Maritime Supply at Shanghai,PO-2023-2851,13-Dec-2023 00:00,UTC,Shanghai
937,2023-12-13 00:00:00,7440571a-841a-11ed-aa7c-7003bca91a86,4879,MV0001-05423,Bearing Support,COMP-1768374767907-73hq6hda8,801.001,Clean Ballast Pumps,SP-801.001-423,RECEIVE,4,8,228b5256-5bd2-4bf3-826f-c6fe76571449,Received from Nordic Maritime Supply at Shanghai,PO-2023-6823,13-Dec-2023 00:00,UTC,Shanghai
938,2023-12-13 00:00:00,7440571a-841a-11ed-aa7c-7003bca91a86,4882,MV0001-05426,Bearing Cover,COMP-1768374767907-73hq6hda8,801.001,Clean Ballast Pumps,SP-801.001-426,RECEIVE,4,14,228b5256-5bd2-4bf3-826f-c6fe76571449,Received from Nordic Maritime Supply at Shanghai,PO-2023-1644,13-Dec-2023 00:00,UTC,Shanghai
939,2023-12-13 00:00:00,7440571a-841a-11ed-aa7c-7003bca91a86,4889,MV0001-05433,Lantern Ring,COMP-1768374767907-73hq6hda8,801.001,Clean Ballast Pumps,SP-801.001-433,RECEIVE,4,7,228b5256-5bd2-4bf3-826f-c6fe76571449,Received from Nordic Maritime Supply at Shanghai,PO-2023-7603,13-Dec-2023 00:00,UTC,Shanghai
940,2023-12-13 00:00:00,7440571a-841a-11ed-aa7c-7003bca91a86,4902,MV0001-05446,Coupling Bolt Nut And Washer,COMP-1768374767907-73hq6hda8,801.001,Clean Ballast Pumps,SP-801.001-446,RECEIVE,2,10,228b5256-5bd2-4bf3-826f-c6fe76571449,Received from Nordic Maritime Supply at Shanghai,PO-2023-2693,13-Dec-2023 00:00,UTC,Shanghai
941,2023-12-13 00:00:00,7440571a-841a-11ed-aa7c-7003bca91a86,4905,MV0001-05449,Packing Ring,COMP-1768374767907-73hq6hda8,801.001,Clean Ballast Pumps,SP-801.001-449,RECEIVE,5,10,228b5256-5bd2-4bf3-826f-c6fe76571449,Received from Nordic Maritime Supply at Shanghai,PO-2023-8884,13-Dec-2023 00:00,UTC,Shanghai
942,2023-12-13 00:00:00,7440571a-841a-11ed-aa7c-7003bca91a86,4908,MV0001-05452,Cover And Packing,COMP-1768374767907-73hq6hda8,801.001,Clean Ballast Pumps,SP-801.001-452,RECEIVE,1,12,228b5256-5bd2-4bf3-826f-c6fe76571449,Received from Nordic Maritime Supply at Shanghai,PO-2023-6192,13-Dec-2023 00:00,UTC,Shanghai
943,2023-12-13 00:00:00,7440571a-841a-11ed-aa7c-7003bca91a86,4910,MV0001-05454,Floating Shaft,COMP-1768374767907-73hq6hda8,801.001,Clean Ballast Pumps,SP-801.001-454,RECEIVE,2,7,228b5256-5bd2-4bf3-826f-c6fe76571449,Received from Nordic Maritime Supply at Shanghai,PO-2023-2465,13-Dec-2023 00:00,UTC,Shanghai
944,2023-12-13 00:00:00,7440571a-841a-11ed-aa7c-7003bca91a86,4916,MV0001-05460,Doubling Plate,COMP-1768374767907-73hq6hda8,801.001,Clean Ballast Pumps,SP-801.001-460,RECEIVE,4,12,228b5256-5bd2-4bf3-826f-c6fe76571449,Received from Nordic Maritime Supply at Shanghai,PO-2023-5419,13-Dec-2023 00:00,UTC,Shanghai
945,2023-12-13 00:00:00,7440571a-841a-11ed-aa7c-7003bca91a86,4929,MV0001-05473,Eye Bolt,COMP-1768374767907-73hq6hda8,801.001,Clean Ballast Pumps,SP-801.001-473,RECEIVE,5,11,228b5256-5bd2-4bf3-826f-c6fe76571449,Received from Nordic Maritime Supply at Shanghai,PO-2023-8296,13-Dec-2023 00:00,UTC,Shanghai
946,2023-12-13 00:00:00,7440571a-841a-11ed-aa7c-7003bca91a86,4930,MV0001-05474,Anode Rods,COMP-1768374767914-980b44ij3,278.010.02,Impressed Current Systems No.02,SP-278.010.01-474,RECEIVE,1,9,228b5256-5bd2-4bf3-826f-c6fe76571449,Received from Nordic Maritime Supply at Shanghai,PO-2023-6264,13-Dec-2023 00:00,UTC,Shanghai
947,2023-12-13 00:00:00,7440571a-841a-11ed-aa7c-7003bca91a86,4946,MV0001-05490,Valve Plate,COMP-1768374767967-jb4k6wuji,554.003.02,Compressors W/Drive Unit No.02,SP-554.003.01-490,RECEIVE,2,11,228b5256-5bd2-4bf3-826f-c6fe76571449,Received from Nordic Maritime Supply at Shanghai,PO-2023-3602,13-Dec-2023 00:00,UTC,Shanghai
948,2023-12-13 00:00:00,7440571a-841a-11ed-aa7c-7003bca91a86,4952,MV0001-05496,Piston Ring,COMP-1768374767967-jb4k6wuji,554.003.02,Compressors W/Drive Unit No.02,SP-554.003.01-496,RECEIVE,3,6,228b5256-5bd2-4bf3-826f-c6fe76571449,Received from Nordic Maritime Supply at Shanghai,PO-2023-2310,13-Dec-2023 00:00,UTC,Shanghai
949,2023-12-13 00:00:00,7440571a-841a-11ed-aa7c-7003bca91a86,4958,MV0001-05502,Joint,COMP-1768374767967-jb4k6wuji,554.003.02,Compressors W/Drive Unit No.02,SP-554.003.01-502,RECEIVE,4,19,228b5256-5bd2-4bf3-826f-c6fe76571449,Received from Nordic Maritime Supply at Shanghai,PO-2023-5578,13-Dec-2023 00:00,UTC,Shanghai
177,2023-12-12 00:00:00,7440571a-841a-11ed-aa7c-7003bca91a86,4848,MV0001-05392,Impeller Key,COMP-1768374767907-73hq6hda8,801.001,Clean Ballast Pumps,SP-801.001-392,CONSUME,-2,1,228b5256-5bd2-4bf3-826f-c6fe76571449,Consumed for WO WO-702.005.02-2023-203,WO-702.005.02-2023-203,12-Dec-2023 00:00,UTC,
176,2023-12-11 00:00:00,7440571a-841a-11ed-aa7c-7003bca91a86,4563,MV0001-05107,Washer,COMP-1768374767802-sjje0yq3o,403.001,"Steering Gears, Complete",SP-403.001-107,CONSUME,-1,2,977621de-77d7-4892-ae27-adaebcc27d0b,Consumed for WO UWO-665-2023-711,UWO-665-2023-711,11-Dec-2023 00:00,UTC,
2416,2023-12-11 00:00:00,7440571a-841a-11ed-aa7c-7003bca91a86,5175,MV0001-05719,Bolt,COMP-1768374768525-zyps62yum,712.011.02,LO Separators No.02,SP-702.005.01-719,CONSUME,-2,1,2nd Engineer,Consumed during maintenance - UWO-665-2023-711,UWO-665-2023-711,11-Dec-2023,UTC,
2497,2023-12-11 00:00:00,7440571a-841a-11ed-aa7c-7003bca91a86,4915,MV0001-05459,Seat Packing,COMP-1768374767907-73hq6hda8,801.001,Clean Ballast Pumps,SP-801.001-459,CONSUME,-1,0,Electrican,Consumed during maintenance - MKR-IN-00080-653.002.01-2023-681,MKR-IN-00080-653.002.01-2023-681,11-Dec-2023,UTC,
2498,2023-12-11 00:00:00,7440571a-841a-11ed-aa7c-7003bca91a86,4523,MV0001-05067,Hexagon High Strength Bolt,COMP-1768374767799-zs6hrf8cm,401.005,Rudders W/Nozzle,SP-401.005-067,CONSUME,-1,4,Electrican,Consumed during maintenance - MKR-IN-00080-653.002.01-2023-681,MKR-IN-00080-653.002.01-2023-681,11-Dec-2023,UTC,
2614,2023-12-11 00:00:00,7440571a-841a-11ed-aa7c-7003bca91a86,5125,MV0001-05669,"Main Bearing, Lower",COMP-1768374768443-sj0hmblft,653.003.06,AE3 Cylinder Liners No.06,SP-651.003.01-669,CONSUME,-1,4,2nd Engineer,Consumed during maintenance - MKR-IN-00079-601.066.05-2023-480,MKR-IN-00079-601.066.05-2023-480,11-Dec-2023,UTC,
3023,2023-12-10 00:00:00,7440571a-841a-11ed-aa7c-7003bca91a86,5183,MV0001-05727,Rubber Plate,COMP-1768374768525-zyps62yum,712.011.02,LO Separators No.02,SP-702.005.01-727,CONSUME,-2,2,Electrican,Consumed during maintenance - MKR-IN-00076-601.005.02-2023-396,MKR-IN-00076-601.005.02-2023-396,10-Dec-2023,UTC,
3022,2023-12-10 00:00:00,7440571a-841a-11ed-aa7c-7003bca91a86,4680,MV0001-05224,Thread End Taper Pin,COMP-1768374767834-dbncpiany,601.053,ME Turbochargers,SP-601.053-224,CONSUME,-2,3,Electrican,Consumed during maintenance - MKR-IN-00076-601.005.02-2023-396,MKR-IN-00076-601.005.02-2023-396,10-Dec-2023,UTC,
1932,2023-12-09 00:00:00,7440571a-841a-11ed-aa7c-7003bca91a86,4941,MV0001-05485,Release & Lifting Gear,COMP-1768374767812-t7u0ew84e,501.002,Covered Lifeboats,SP-501.002-485,CONSUME,-2,8,4th Engineer,Consumed during maintenance - MKR-IN-00073-501.002-2023-277,MKR-IN-00073-501.002-2023-277,09-Dec-2023,UTC,
2482,2023-12-07 00:00:00,7440571a-841a-11ed-aa7c-7003bca91a86,5123,MV0001-05667,Side Bolt,COMP-1768374768443-sj0hmblft,653.003.06,AE3 Cylinder Liners No.06,SP-651.003.01-667,CONSUME,-1,2,3rd Engineer,Consumed during maintenance - WO-653.003.06-2023-362,WO-653.003.06-2023-362,07-Dec-2023,UTC,
2483,2023-12-07 00:00:00,7440571a-841a-11ed-aa7c-7003bca91a86,5115,MV0001-05659,Main Bearing Metal Assembly,COMP-1768374768443-sj0hmblft,653.003.06,AE3 Cylinder Liners No.06,SP-651.003.01-659,CONSUME,-2,0,3rd Engineer,Consumed during maintenance - WO-653.003.06-2023-362,WO-653.003.06-2023-362,07-Dec-2023,UTC,
175,2023-12-04 00:00:00,7440571a-841a-11ed-aa7c-7003bca91a86,4756,MV0001-05300,Auxiliary Terminal Assembly,COMP-1768374767899-slkigc1i8,665.001,"Emergency Generator Aggregates, Complete",SP-665.001-300,CONSUME,-2,3,228b5256-5bd2-4bf3-826f-c6fe76571449,Consumed for WO WO-702.005.02-2023-202,WO-702.005.02-2023-202,04-Dec-2023 00:00,UTC,
174,2023-12-03 00:00:00,7440571a-841a-11ed-aa7c-7003bca91a86,4600,MV0001-05144,Piston Bypass Valve,COMP-1768374767802-sjje0yq3o,403.001,"Steering Gears, Complete",SP-403.001-144,CONSUME,-1,4,480b40d0-04bd-4590-a936-2f879b867977,Consumed for WO UWO-651.007.04-2023-635,UWO-651.007.04-2023-635,03-Dec-2023 00:00,UTC,
2562,2023-12-03 00:00:00,7440571a-841a-11ed-aa7c-7003bca91a86,5534,MV0001-06078,Auto. Valve Spring,COMP-1768374767795-1qyq8qvkb,721.001.02,Main Sw Cooling Pumps No.02,SP-721.001.01-1078,CONSUME,-2,2,4th Engineer,Consumed during maintenance - UWO-651.007.04-2023-635,UWO-651.007.04-2023-635,03-Dec-2023,UTC,
2649,2023-12-02 00:00:00,7440571a-841a-11ed-aa7c-7003bca91a86,5450,MV0001-05994,Packing Gland,COMP-1768374768533-xnq4n84q4,712.013.02,LO Separator Booster Pumps No.02,SP-712.013.01-994,CONSUME,-2,3,3rd Engineer,Consumed during maintenance - WO-651.003.01-2023-326,WO-651.003.01-2023-326,02-Dec-2023,UTC,
2129,2023-12-01 00:00:00,7440571a-841a-11ed-aa7c-7003bca91a86,5182,MV0001-05726,Sight Glass,COMP-1768374768525-zyps62yum,712.011.02,LO Separators No.02,SP-702.005.01-726,CONSUME,-2,3,Chief Engineer,Consumed during maintenance - MKR-IN-00063-601.004.01-2023-300,MKR-IN-00063-601.004.01-2023-300,01-Dec-2023,UTC,
2130,2023-12-01 00:00:00,7440571a-841a-11ed-aa7c-7003bca91a86,4825,MV0001-05369,Varistor,COMP-1768374767899-slkigc1i8,665.001,"Emergency Generator Aggregates, Complete",SP-665.001-369,CONSUME,-1,4,Chief Engineer,Consumed during maintenance - MKR-IN-00063-601.004.01-2023-300,MKR-IN-00063-601.004.01-2023-300,01-Dec-2023,UTC,
173,2023-11-29 00:00:00,7440571a-841a-11ed-aa7c-7003bca91a86,4763,MV0001-05307,Bearing O-Ring Non Drive End,COMP-1768374767899-slkigc1i8,665.001,"Emergency Generator Aggregates, Complete",SP-665.001-307,CONSUME,-2,3,228b5256-5bd2-4bf3-826f-c6fe76571449,Consumed for WO UWO-651.004.05-2023-487,UWO-651.004.05-2023-487,29-Nov-2023 00:00,UTC,
2386,2023-11-29 00:00:00,7440571a-841a-11ed-aa7c-7003bca91a86,5175,MV0001-05719,Bolt,COMP-1768374768525-zyps62yum,712.011.02,LO Separators No.02,SP-702.005.01-719,CONSUME,-2,3,2nd Engineer,Consumed during maintenance - UWO-651.004.05-2023-487,UWO-651.004.05-2023-487,29-Nov-2023,UTC,
172,2023-11-28 00:00:00,7440571a-841a-11ed-aa7c-7003bca91a86,4500,MV0001-05044,Bush Case,COMP-1768374767799-zs6hrf8cm,401.005,Rudders W/Nozzle,SP-401.005-044,CONSUME,-1,4,228b5256-5bd2-4bf3-826f-c6fe76571449,Consumed for WO WO-702.005.02-2023-201,WO-702.005.02-2023-201,28-Nov-2023 00:00,UTC,
2251,2023-11-28 00:00:00,7440571a-841a-11ed-aa7c-7003bca91a86,4663,MV0001-05207,Thrust Bearing Support,COMP-1768374767834-dbncpiany,601.053,ME Turbochargers,SP-601.053-207,CONSUME,-1,4,2nd Engineer,Consumed during maintenance - WO-601.053-2023-429,WO-601.053-2023-429,28-Nov-2023,UTC,
2252,2023-11-28 00:00:00,7440571a-841a-11ed-aa7c-7003bca91a86,4662,MV0001-05206,Thrust Bearing Support,COMP-1768374767834-dbncpiany,601.053,ME Turbochargers,SP-601.053-206,CONSUME,-2,3,2nd Engineer,Consumed during maintenance - WO-601.053-2023-429,WO-601.053-2023-429,28-Nov-2023,UTC,
2253,2023-11-28 00:00:00,7440571a-841a-11ed-aa7c-7003bca91a86,4676,MV0001-05220,Bolt,COMP-1768374767834-dbncpiany,601.053,ME Turbochargers,SP-601.053-220,CONSUME,-2,1,2nd Engineer,Consumed during maintenance - WO-601.053-2023-429,WO-601.053-2023-429,28-Nov-2023,UTC,
171,2023-11-27 00:00:00,7440571a-841a-11ed-aa7c-7003bca91a86,4918,MV0001-05462,Bearing,COMP-1768374767907-73hq6hda8,801.001,Clean Ballast Pumps,SP-801.001-462,CONSUME,-1,4,977621de-77d7-4892-ae27-adaebcc27d0b,Consumed for WO UWO-601.026-2023-586,UWO-601.026-2023-586,27-Nov-2023 00:00,UTC,
2469,2023-11-27 00:00:00,7440571a-841a-11ed-aa7c-7003bca91a86,4526,MV0001-05070,Grease Nipple,COMP-1768374767799-zs6hrf8cm,401.005,Rudders W/Nozzle,SP-401.005-070,CONSUME,-2,0,4th Engineer,Consumed during maintenance - UWO-601.026-2023-586,UWO-601.026-2023-586,27-Nov-2023,UTC,
2470,2023-11-27 00:00:00,7440571a-841a-11ed-aa7c-7003bca91a86,4891,MV0001-05435,Gland packing,COMP-1768374767907-73hq6hda8,801.001,Clean Ballast Pumps,SP-801.001-435,CONSUME,-1,4,4th Engineer,Consumed during maintenance - UWO-601.026-2023-586,UWO-601.026-2023-586,27-Nov-2023,UTC,
2426,2023-11-25 00:00:00,7440571a-841a-11ed-aa7c-7003bca91a86,4804,MV0001-05348,Exciter Rotor,COMP-1768374767899-slkigc1i8,665.001,"Emergency Generator Aggregates, Complete",SP-665.001-348,CONSUME,-1,4,Chief Engineer,Consumed during maintenance - UWO-653.004-2023-536,UWO-653.004-2023-536,25-Nov-2023,UTC,
2427,2023-11-25 00:00:00,7440571a-841a-11ed-aa7c-7003bca91a86,5132,MV0001-05676,Crankshaft Assembly,COMP-1768374768462-uelez69lg,653.004.06,AE3 Pistons And Connecting Rod No.06,SP-651.004.01-676,CONSUME,-1,3,Chief Engineer,Consumed during maintenance - UWO-653.004-2023-536,UWO-653.004-2023-536,25-Nov-2023,UTC,
2395,2023-11-22 00:00:00,7440571a-841a-11ed-aa7c-7003bca91a86,4766,MV0001-05310,Drive End Bracket,COMP-1768374767899-slkigc1i8,665.001,"Emergency Generator Aggregates, Complete",SP-665.001-310,CONSUME,-1,4,Chief Engineer,Consumed during maintenance - MKR-OV-00012-601.003.02-2023-288,MKR-OV-00012-601.003.02-2023-288,22-Nov-2023,UTC,
170,2023-11-18 00:00:00,7440571a-841a-11ed-aa7c-7003bca91a86,4933,MV0001-05477,Rudder Pintle Pins,COMP-1768374767799-zs6hrf8cm,401.005,Rudders W/Nozzle,SP-401.005-477,CONSUME,-1,9,6084f3b8-85dc-462a-b045-111d2b2e6d0e,Consumed for WO WO-702.005.02-2023-200,WO-702.005.02-2023-200,18-Nov-2023 00:00,UTC,
167,2023-11-16 00:00:00,7440571a-841a-11ed-aa7c-7003bca91a86,4615,MV0001-05159,Belt Heater,COMP-1768374767815-k5anrfi02,554.001,Provision Cooling Compressor Aggregates,SP-554.001-159,CONSUME,-1,4,6084f3b8-85dc-462a-b045-111d2b2e6d0e,Consumed for WO WO-554.001-2023-411,WO-554.001-2023-411,16-Nov-2023 00:00,UTC,
168,2023-11-16 00:00:00,7440571a-841a-11ed-aa7c-7003bca91a86,4616,MV0001-05160,Stop Valve,COMP-1768374767815-k5anrfi02,554.001,Provision Cooling Compressor Aggregates,SP-554.001-160,CONSUME,-2,3,480b40d0-04bd-4590-a936-2f879b867977,Consumed for WO WO-554.001-2023-411,WO-554.001-2023-411,16-Nov-2023 00:00,UTC,
169,2023-11-16 00:00:00,7440571a-841a-11ed-aa7c-7003bca91a86,4617,MV0001-05161,Magnet Valve,COMP-1768374767815-k5anrfi02,554.001,Provision Cooling Compressor Aggregates,SP-554.001-161,CONSUME,-1,4,056a433e-b880-43c6-9d59-b1cfe71a4014,Consumed for WO WO-554.001-2023-411,WO-554.001-2023-411,16-Nov-2023 00:00,UTC,
2161,2023-11-14 00:00:00,7440571a-841a-11ed-aa7c-7003bca91a86,4625,MV0001-05169,Switch With Indicator Lamp,COMP-1768374767815-k5anrfi02,554.001,Provision Cooling Compressor Aggregates,SP-554.001-169,CONSUME,-1,4,4th Engineer,Consumed during maintenance - MKR-OV-00025-652.004.03-2023-073,MKR-OV-00025-652.004.03-2023-073,14-Nov-2023,UTC,
864,2023-11-13 00:00:00,7440571a-841a-11ed-aa7c-7003bca91a86,4467,MV0001-05011,Hydraulic Oil Plug,COMP-1768374767799-zs6hrf8cm,401.005,Rudders W/Nozzle,SP-401.005-011,RECEIVE,1,7,228b5256-5bd2-4bf3-826f-c6fe76571449,Received from MarineSpares Int. at Fujairah,PO-2023-1694,13-Nov-2023 00:00,UTC,Fujairah
865,2023-11-13 00:00:00,7440571a-841a-11ed-aa7c-7003bca91a86,4479,MV0001-05023,Hydraulic Jack,COMP-1768374767799-zs6hrf8cm,401.005,Rudders W/Nozzle,SP-401.005-023,RECEIVE,1,10,228b5256-5bd2-4bf3-826f-c6fe76571449,Received from MarineSpares Int. at Fujairah,PO-2023-3031,13-Nov-2023 00:00,UTC,Fujairah
866,2023-11-13 00:00:00,7440571a-841a-11ed-aa7c-7003bca91a86,4497,MV0001-05041,Eye Bolt,COMP-1768374767799-zs6hrf8cm,401.005,Rudders W/Nozzle,SP-401.005-041,RECEIVE,1,9,228b5256-5bd2-4bf3-826f-c6fe76571449,Received from MarineSpares Int. at Fujairah,PO-2023-4674,13-Nov-2023 00:00,UTC,Fujairah
867,2023-11-13 00:00:00,7440571a-841a-11ed-aa7c-7003bca91a86,4498,MV0001-05042,Eye Bolt,COMP-1768374767799-zs6hrf8cm,401.005,Rudders W/Nozzle,SP-401.005-042,RECEIVE,1,6,228b5256-5bd2-4bf3-826f-c6fe76571449,Received from MarineSpares Int. at Fujairah,PO-2023-5213,13-Nov-2023 00:00,UTC,Fujairah
868,2023-11-13 00:00:00,7440571a-841a-11ed-aa7c-7003bca91a86,4516,MV0001-05060,Nut,COMP-1768374767799-zs6hrf8cm,401.005,Rudders W/Nozzle,SP-401.005-060,RECEIVE,3,8,228b5256-5bd2-4bf3-826f-c6fe76571449,Received from MarineSpares Int. at Fujairah,PO-2023-2497,13-Nov-2023 00:00,UTC,Fujairah
869,2023-11-13 00:00:00,7440571a-841a-11ed-aa7c-7003bca91a86,4536,MV0001-05080,Safety Valve,COMP-1768374767802-sjje0yq3o,403.001,"Steering Gears, Complete",SP-403.001-080,RECEIVE,5,9,228b5256-5bd2-4bf3-826f-c6fe76571449,Received from MarineSpares Int. at Fujairah,PO-2023-6700,13-Nov-2023 00:00,UTC,Fujairah
870,2023-11-13 00:00:00,7440571a-841a-11ed-aa7c-7003bca91a86,4576,MV0001-05120,Fitting,COMP-1768374767802-sjje0yq3o,403.001,"Steering Gears, Complete",SP-403.001-120,RECEIVE,3,7,228b5256-5bd2-4bf3-826f-c6fe76571449,Received from MarineSpares Int. at Fujairah,PO-2023-8795,13-Nov-2023 00:00,UTC,Fujairah
871,2023-11-13 00:00:00,7440571a-841a-11ed-aa7c-7003bca91a86,4584,MV0001-05128,Spool,COMP-1768374767802-sjje0yq3o,403.001,"Steering Gears, Complete",SP-403.001-128,RECEIVE,4,6,228b5256-5bd2-4bf3-826f-c6fe76571449,Received from MarineSpares Int. at Fujairah,PO-2023-7177,13-Nov-2023 00:00,UTC,Fujairah
872,2023-11-13 00:00:00,7440571a-841a-11ed-aa7c-7003bca91a86,4601,MV0001-05145,Spring,COMP-1768374767802-sjje0yq3o,403.001,"Steering Gears, Complete",SP-403.001-145,RECEIVE,5,11,228b5256-5bd2-4bf3-826f-c6fe76571449,Received from MarineSpares Int. at Fujairah,PO-2023-5682,13-Nov-2023 00:00,UTC,Fujairah
873,2023-11-13 00:00:00,7440571a-841a-11ed-aa7c-7003bca91a86,4615,MV0001-05159,Belt Heater,COMP-1768374767815-k5anrfi02,554.001,Provision Cooling Compressor Aggregates,SP-554.001-159,RECEIVE,2,2,228b5256-5bd2-4bf3-826f-c6fe76571449,Received from MarineSpares Int. at Fujairah,PO-2023-8847,13-Nov-2023 00:00,UTC,Fujairah
874,2023-11-13 00:00:00,7440571a-841a-11ed-aa7c-7003bca91a86,4621,MV0001-05165,Stop Valve,COMP-1768374767815-k5anrfi02,554.001,Provision Cooling Compressor Aggregates,SP-554.001-165,RECEIVE,4,8,228b5256-5bd2-4bf3-826f-c6fe76571449,Received from MarineSpares Int. at Fujairah,PO-2023-1816,13-Nov-2023 00:00,UTC,Fujairah
875,2023-11-13 00:00:00,7440571a-841a-11ed-aa7c-7003bca91a86,4628,MV0001-05172,Cable Junction Box,COMP-1768374767815-k5anrfi02,554.001,Provision Cooling Compressor Aggregates,SP-554.001-172,RECEIVE,1,10,228b5256-5bd2-4bf3-826f-c6fe76571449,Received from MarineSpares Int. at Fujairah,PO-2023-6444,13-Nov-2023 00:00,UTC,Fujairah
876,2023-11-13 00:00:00,7440571a-841a-11ed-aa7c-7003bca91a86,4637,MV0001-05181,Fuse,COMP-1768374767815-k5anrfi02,554.001,Provision Cooling Compressor Aggregates,SP-554.001-181,RECEIVE,4,12,228b5256-5bd2-4bf3-826f-c6fe76571449,Received from MarineSpares Int. at Fujairah,PO-2023-0623,13-Nov-2023 00:00,UTC,Fujairah
877,2023-11-13 00:00:00,7440571a-841a-11ed-aa7c-7003bca91a86,4642,MV0001-05186,Magnetic Contactor,COMP-1768374767815-k5anrfi02,554.001,Provision Cooling Compressor Aggregates,SP-554.001-186,RECEIVE,4,10,228b5256-5bd2-4bf3-826f-c6fe76571449,Received from MarineSpares Int. at Fujairah,PO-2023-6659,13-Nov-2023 00:00,UTC,Fujairah
878,2023-11-13 00:00:00,7440571a-841a-11ed-aa7c-7003bca91a86,4646,MV0001-05190,Rubber Sheet,COMP-1768374767818-ckg4kqu6q,601.001,"Main Diesel Engine, Compl.",SP-601.001-190,RECEIVE,2,3,228b5256-5bd2-4bf3-826f-c6fe76571449,Received from MarineSpares Int. at Fujairah,PO-2023-0807,13-Nov-2023 00:00,UTC,Fujairah
879,2023-11-13 00:00:00,7440571a-841a-11ed-aa7c-7003bca91a86,4672,MV0001-05216,Bolt,COMP-1768374767834-dbncpiany,601.053,ME Turbochargers,SP-601.053-216,RECEIVE,3,8,228b5256-5bd2-4bf3-826f-c6fe76571449,Received from MarineSpares Int. at Fujairah,PO-2023-4307,13-Nov-2023 00:00,UTC,Fujairah
880,2023-11-13 00:00:00,7440571a-841a-11ed-aa7c-7003bca91a86,4682,MV0001-05226,Locking Wire,COMP-1768374767834-dbncpiany,601.053,ME Turbochargers,SP-601.053-226,RECEIVE,1,6,228b5256-5bd2-4bf3-826f-c6fe76571449,Received from MarineSpares Int. at Fujairah,PO-2023-2284,13-Nov-2023 00:00,UTC,Fujairah
881,2023-11-13 00:00:00,7440571a-841a-11ed-aa7c-7003bca91a86,4711,MV0001-05255,Plain Washer,COMP-1768374767837-m3bhk56ru,601.059,ME Exhaust Gas Manifolds/Pipes W/Insulation,SP-601.059-255,RECEIVE,3,8,228b5256-5bd2-4bf3-826f-c6fe76571449,Received from MarineSpares Int. at Fujairah,PO-2023-0424,13-Nov-2023 00:00,UTC,Fujairah
882,2023-11-13 00:00:00,7440571a-841a-11ed-aa7c-7003bca91a86,4717,MV0001-05261,Stator,COMP-1768374767899-slkigc1i8,665.001,"Emergency Generator Aggregates, Complete",SP-665.001-261,RECEIVE,4,8,228b5256-5bd2-4bf3-826f-c6fe76571449,Received from MarineSpares Int. at Fujairah,PO-2023-6506,13-Nov-2023 00:00,UTC,Fujairah
883,2023-11-13 00:00:00,7440571a-841a-11ed-aa7c-7003bca91a86,4731,MV0001-05275,Frame Cover Bottom,COMP-1768374767899-slkigc1i8,665.001,"Emergency Generator Aggregates, Complete",SP-665.001-275,RECEIVE,4,9,228b5256-5bd2-4bf3-826f-c6fe76571449,Received from MarineSpares Int. at Fujairah,PO-2023-4076,13-Nov-2023 00:00,UTC,Fujairah
884,2023-11-13 00:00:00,7440571a-841a-11ed-aa7c-7003bca91a86,4745,MV0001-05289,Lifting Lug-Drive End,COMP-1768374767899-slkigc1i8,665.001,"Emergency Generator Aggregates, Complete",SP-665.001-289,RECEIVE,5,13,228b5256-5bd2-4bf3-826f-c6fe76571449,Received from MarineSpares Int. at Fujairah,PO-2023-6621,13-Nov-2023 00:00,UTC,Fujairah
885,2023-11-13 00:00:00,7440571a-841a-11ed-aa7c-7003bca91a86,4761,MV0001-05305,Non Drive End Bracket,COMP-1768374767899-slkigc1i8,665.001,"Emergency Generator Aggregates, Complete",SP-665.001-305,RECEIVE,3,12,228b5256-5bd2-4bf3-826f-c6fe76571449,Received from MarineSpares Int. at Fujairah,PO-2023-4612,13-Nov-2023 00:00,UTC,Fujairah
886,2023-11-13 00:00:00,7440571a-841a-11ed-aa7c-7003bca91a86,4772,MV0001-05316,Air Inlet Cover,COMP-1768374767899-slkigc1i8,665.001,"Emergency Generator Aggregates, Complete",SP-665.001-316,RECEIVE,5,10,228b5256-5bd2-4bf3-826f-c6fe76571449,Received from MarineSpares Int. at Fujairah,PO-2023-4212,13-Nov-2023 00:00,UTC,Fujairah
887,2023-11-13 00:00:00,7440571a-841a-11ed-aa7c-7003bca91a86,4779,MV0001-05323,Main Rectifier Assembly-Forward,COMP-1768374767899-slkigc1i8,665.001,"Emergency Generator Aggregates, Complete",SP-665.001-323,RECEIVE,1,9,228b5256-5bd2-4bf3-826f-c6fe76571449,Received from MarineSpares Int. at Fujairah,PO-2023-5185,13-Nov-2023 00:00,UTC,Fujairah
888,2023-11-13 00:00:00,7440571a-841a-11ed-aa7c-7003bca91a86,4788,MV0001-05332,Terminal Link,COMP-1768374767899-slkigc1i8,665.001,"Emergency Generator Aggregates, Complete",SP-665.001-332,RECEIVE,2,7,228b5256-5bd2-4bf3-826f-c6fe76571449,Received from MarineSpares Int. at Fujairah,PO-2023-1616,13-Nov-2023 00:00,UTC,Fujairah
889,2023-11-13 00:00:00,7440571a-841a-11ed-aa7c-7003bca91a86,4791,MV0001-05335,Foot Mounting Spacer,COMP-1768374767899-slkigc1i8,665.001,"Emergency Generator Aggregates, Complete",SP-665.001-335,RECEIVE,4,9,228b5256-5bd2-4bf3-826f-c6fe76571449,Received from MarineSpares Int. at Fujairah,PO-2023-1664,13-Nov-2023 00:00,UTC,Fujairah
890,2023-11-13 00:00:00,7440571a-841a-11ed-aa7c-7003bca91a86,4807,MV0001-05351,Cover Non Drive End,COMP-1768374767899-slkigc1i8,665.001,"Emergency Generator Aggregates, Complete",SP-665.001-351,RECEIVE,2,7,228b5256-5bd2-4bf3-826f-c6fe76571449,Received from MarineSpares Int. at Fujairah,PO-2023-4090,13-Nov-2023 00:00,UTC,Fujairah
891,2023-11-13 00:00:00,7440571a-841a-11ed-aa7c-7003bca91a86,4811,MV0001-05355,Drive End Bracket,COMP-1768374767899-slkigc1i8,665.001,"Emergency Generator Aggregates, Complete",SP-665.001-355,RECEIVE,2,7,228b5256-5bd2-4bf3-826f-c6fe76571449,Received from MarineSpares Int. at Fujairah,PO-2023-1865,13-Nov-2023 00:00,UTC,Fujairah
892,2023-11-13 00:00:00,7440571a-841a-11ed-aa7c-7003bca91a86,4844,MV0001-05388,Bearing Inner Case,COMP-1768374767907-73hq6hda8,801.001,Clean Ballast Pumps,SP-801.001-388,RECEIVE,3,8,228b5256-5bd2-4bf3-826f-c6fe76571449,Received from MarineSpares Int. at Fujairah,PO-2023-9364,13-Nov-2023 00:00,UTC,Fujairah
893,2023-11-13 00:00:00,7440571a-841a-11ed-aa7c-7003bca91a86,4862,MV0001-05406,Stopper Ring And Set Screw,COMP-1768374767907-73hq6hda8,801.001,Clean Ballast Pumps,SP-801.001-406,RECEIVE,4,12,228b5256-5bd2-4bf3-826f-c6fe76571449,Received from MarineSpares Int. at Fujairah,PO-2023-4950,13-Nov-2023 00:00,UTC,Fujairah
894,2023-11-13 00:00:00,7440571a-841a-11ed-aa7c-7003bca91a86,4867,MV0001-05411,Packing Ring,COMP-1768374767907-73hq6hda8,801.001,Clean Ballast Pumps,SP-801.001-411,RECEIVE,3,16,228b5256-5bd2-4bf3-826f-c6fe76571449,Received from MarineSpares Int. at Fujairah,PO-2023-6817,13-Nov-2023 00:00,UTC,Fujairah
895,2023-11-13 00:00:00,7440571a-841a-11ed-aa7c-7003bca91a86,4886,MV0001-05430,Distance Ring,COMP-1768374767907-73hq6hda8,801.001,Clean Ballast Pumps,SP-801.001-430,RECEIVE,5,9,228b5256-5bd2-4bf3-826f-c6fe76571449,Received from MarineSpares Int. at Fujairah,PO-2023-9266,13-Nov-2023 00:00,UTC,Fujairah
896,2023-11-13 00:00:00,7440571a-841a-11ed-aa7c-7003bca91a86,4891,MV0001-05435,Gland packing,COMP-1768374767907-73hq6hda8,801.001,Clean Ballast Pumps,SP-801.001-435,RECEIVE,3,12,228b5256-5bd2-4bf3-826f-c6fe76571449,Received from MarineSpares Int. at Fujairah,PO-2023-2616,13-Nov-2023 00:00,UTC,Fujairah
897,2023-11-13 00:00:00,7440571a-841a-11ed-aa7c-7003bca91a86,4902,MV0001-05446,Coupling Bolt Nut And Washer,COMP-1768374767907-73hq6hda8,801.001,Clean Ballast Pumps,SP-801.001-446,RECEIVE,2,8,228b5256-5bd2-4bf3-826f-c6fe76571449,Received from MarineSpares Int. at Fujairah,PO-2023-8307,13-Nov-2023 00:00,UTC,Fujairah
898,2023-11-13 00:00:00,7440571a-841a-11ed-aa7c-7003bca91a86,4917,MV0001-05461,Plug,COMP-1768374767907-73hq6hda8,801.001,Clean Ballast Pumps,SP-801.001-461,RECEIVE,1,6,228b5256-5bd2-4bf3-826f-c6fe76571449,Received from MarineSpares Int. at Fujairah,PO-2023-8518,13-Nov-2023 00:00,UTC,Fujairah
899,2023-11-13 00:00:00,7440571a-841a-11ed-aa7c-7003bca91a86,4957,MV0001-05501,Relief Valve,COMP-1768374767967-jb4k6wuji,554.003.02,Compressors W/Drive Unit No.02,SP-554.003.01-501,RECEIVE,3,13,228b5256-5bd2-4bf3-826f-c6fe76571449,Received from MarineSpares Int. at Fujairah,PO-2023-0039,13-Nov-2023 00:00,UTC,Fujairah
900,2023-11-13 00:00:00,7440571a-841a-11ed-aa7c-7003bca91a86,4958,MV0001-05502,Joint,COMP-1768374767967-jb4k6wuji,554.003.02,Compressors W/Drive Unit No.02,SP-554.003.01-502,RECEIVE,2,15,228b5256-5bd2-4bf3-826f-c6fe76571449,Received from MarineSpares Int. at Fujairah,PO-2023-9937,13-Nov-2023 00:00,UTC,Fujairah
2919,2023-11-11 00:00:00,7440571a-841a-11ed-aa7c-7003bca91a86,5292,MV0001-05836,Bearing Case-2,COMP-1768374768525-zyps62yum,712.011.02,LO Separators No.02,SP-702.005.01-836,CONSUME,-2,3,Chief Engineer,Consumed during maintenance - MKR-OV-00025-653.004.05-2023-122,MKR-OV-00025-653.004.05-2023-122,11-Nov-2023,UTC,
2920,2023-11-11 00:00:00,7440571a-841a-11ed-aa7c-7003bca91a86,4538,MV0001-05082,Pressure Valve,COMP-1768374767802-sjje0yq3o,403.001,"Steering Gears, Complete",SP-403.001-082,CONSUME,-2,3,Chief Engineer,Consumed during maintenance - MKR-OV-00025-653.004.05-2023-122,MKR-OV-00025-653.004.05-2023-122,11-Nov-2023,UTC,
166,2023-11-10 00:00:00,7440571a-841a-11ed-aa7c-7003bca91a86,4800,MV0001-05344,PMG Clamp,COMP-1768374767899-slkigc1i8,665.001,"Emergency Generator Aggregates, Complete",SP-665.001-344,CONSUME,-2,3,480b40d0-04bd-4590-a936-2f879b867977,Consumed for WO WO-702.005.02-2023-199,WO-702.005.02-2023-199,10-Nov-2023 00:00,UTC,
2224,2023-11-09 00:00:00,7440571a-841a-11ed-aa7c-7003bca91a86,4658,MV0001-05202,Thrust Bearing Complete,COMP-1768374767834-dbncpiany,601.053,ME Turbochargers,SP-601.053-202,CONSUME,-1,4,2nd Engineer,Consumed during maintenance - WO-601.053-2023-456,WO-601.053-2023-456,09-Nov-2023,UTC,
2929,2023-11-09 00:00:00,7440571a-841a-11ed-aa7c-7003bca91a86,5072,MV0001-05616,Gasket,COMP-1768374768022-1676057de,601.003.06,ME Cylinder Liners No.06,SP-601.003.01-616,CONSUME,-1,5,4th Engineer,Consumed during maintenance - MKR-OV-00012-601.003.06-2023-292,MKR-OV-00012-601.003.06-2023-292,09-Nov-2023,UTC,
2010,2023-11-08 00:00:00,7440571a-841a-11ed-aa7c-7003bca91a86,5189,MV0001-05733,Base Plate,COMP-1768374768525-zyps62yum,712.011.02,LO Separators No.02,SP-702.005.01-733,CONSUME,-1,4,Chief Engineer,Consumed during maintenance - MKR-IN-00072-285.001.09-2023-248,MKR-IN-00072-285.001.09-2023-248,08-Nov-2023,UTC,
2499,2023-11-07 00:00:00,7440571a-841a-11ed-aa7c-7003bca91a86,5375,MV0001-05919,Current Transformer,COMP-1768374768525-zyps62yum,712.011.02,LO Separators No.02,SP-702.005.01-919,CONSUME,-1,4,3rd Engineer,Consumed during maintenance - UWO-653.002.01-2023-531,UWO-653.002.01-2023-531,07-Nov-2023,UTC,
165,2023-11-06 00:00:00,7440571a-841a-11ed-aa7c-7003bca91a86,4673,MV0001-05217,Bolt,COMP-1768374767834-dbncpiany,601.053,ME Turbochargers,SP-601.053-217,CONSUME,-2,3,480b40d0-04bd-4590-a936-2f879b867977,Consumed for WO WO-653.003.06-2023-361,WO-653.003.06-2023-361,06-Nov-2023 00:00,UTC,
2599,2023-11-04 00:00:00,7440571a-841a-11ed-aa7c-7003bca91a86,5301,MV0001-05845,Collar,COMP-1768374768525-zyps62yum,712.011.02,LO Separators No.02,SP-702.005.01-845,CONSUME,-2,3,4th Engineer,Consumed during maintenance - UWO-652.007.03-2023-605,UWO-652.007.03-2023-605,04-Nov-2023,UTC,
2600,2023-11-04 00:00:00,7440571a-841a-11ed-aa7c-7003bca91a86,5196,MV0001-05740,Socket Cap Screw,COMP-1768374768525-zyps62yum,712.011.02,LO Separators No.02,SP-702.005.01-740,CONSUME,-1,4,4th Engineer,Consumed during maintenance - UWO-652.007.03-2023-605,UWO-652.007.03-2023-605,04-Nov-2023,UTC,
2625,2023-11-04 00:00:00,7440571a-841a-11ed-aa7c-7003bca91a86,5030,MV0001-05574,Tube Brush,COMP-1768374767974-ma2l45pdf,554.005.02,Condensers No.02,SP-554.005.01-574,CONSUME,-2,7,3rd Engineer,Consumed during maintenance - WO-702.005.02-2023-198,WO-702.005.02-2023-198,04-Nov-2023,UTC,
164,2023-11-03 00:00:00,7440571a-841a-11ed-aa7c-7003bca91a86,4506,MV0001-05050,Trunk Plate,COMP-1768374767799-zs6hrf8cm,401.005,Rudders W/Nozzle,SP-401.005-050,CONSUME,-2,2,228b5256-5bd2-4bf3-826f-c6fe76571449,Consumed for WO UWO-601.026.06-2023-743,UWO-601.026.06-2023-743,03-Nov-2023 00:00,UTC,
2379,2023-11-03 00:00:00,7440571a-841a-11ed-aa7c-7003bca91a86,5098,MV0001-05642,Eye Bolt,COMP-1768374768201-mvmpi8w24,601.026.06,ME Hp Fuel Pumps No.06,SP-601.026.01-642,CONSUME,-2,3,3rd Engineer,Consumed during maintenance - UWO-601.026.06-2023-743,UWO-601.026.06-2023-743,03-Nov-2023,UTC,
2380,2023-11-03 00:00:00,7440571a-841a-11ed-aa7c-7003bca91a86,5089,MV0001-05633,Flange,COMP-1768374768201-mvmpi8w24,601.026.06,ME Hp Fuel Pumps No.06,SP-601.026.01-633,CONSUME,-1,4,3rd Engineer,Consumed during maintenance - UWO-601.026.06-2023-743,UWO-601.026.06-2023-743,03-Nov-2023,UTC,
2218,2023-11-02 00:00:00,7440571a-841a-11ed-aa7c-7003bca91a86,4886,MV0001-05430,Distance Ring,COMP-1768374767907-73hq6hda8,801.001,Clean Ballast Pumps,SP-801.001-430,CONSUME,-1,4,3rd Engineer,Consumed during maintenance - UWO-652.003.01-2023-862,UWO-652.003.01-2023-862,02-Nov-2023,UTC,
2587,2023-11-02 00:00:00,7440571a-841a-11ed-aa7c-7003bca91a86,4976,MV0001-05520,Gasket,COMP-1768374767967-jb4k6wuji,554.003.02,Compressors W/Drive Unit No.02,SP-554.003.01-520,CONSUME,-1,0,3rd Engineer,Consumed during maintenance - WO-651.003.01-2023-325,WO-651.003.01-2023-325,02-Nov-2023,UTC,
2439,2023-11-01 00:00:00,7440571a-841a-11ed-aa7c-7003bca91a86,4970,MV0001-05514,Plug,COMP-1768374767967-jb4k6wuji,554.003.02,Compressors W/Drive Unit No.02,SP-554.003.01-514,CONSUME,-2,3,Chief Engineer,Consumed during maintenance - UWO-653.002.01-2023-505,UWO-653.002.01-2023-505,01-Nov-2023,UTC,
2794,2023-11-01 00:00:00,7440571a-841a-11ed-aa7c-7003bca91a86,5060,MV0001-05604,Sleeve,COMP-1768374767994-apqr6kc7v,601.002.06,ME Cylinder Covers W/Valves No.06,SP-601.002.01-604,CONSUME,-1,4,Chief Engineer,Consumed during maintenance - MKR-IN-00063-601.004.04-2023-350,MKR-IN-00063-601.004.04-2023-350,01-Nov-2023,UTC,
2795,2023-11-01 00:00:00,7440571a-841a-11ed-aa7c-7003bca91a86,5491,MV0001-06035,Washer-M,COMP-1768374767795-1qyq8qvkb,721.001.02,Main Sw Cooling Pumps No.02,SP-721.001.01-1035,CONSUME,-1,4,Chief Engineer,Consumed during maintenance - MKR-IN-00063-601.004.04-2023-350,MKR-IN-00063-601.004.04-2023-350,01-Nov-2023,UTC,
2330,2023-10-29 00:00:00,7440571a-841a-11ed-aa7c-7003bca91a86,4857,MV0001-05401,Packing Ring,COMP-1768374767907-73hq6hda8,801.001,Clean Ballast Pumps,SP-801.001-401,CONSUME,-2,2,3rd Engineer,Consumed during maintenance - WO-702.005.02-2023-197,WO-702.005.02-2023-197,29-Oct-2023,UTC,
2331,2023-10-29 00:00:00,7440571a-841a-11ed-aa7c-7003bca91a86,4839,MV0001-05383,Pump Bed,COMP-1768374767907-73hq6hda8,801.001,Clean Ballast Pumps,SP-801.001-383,CONSUME,-2,3,3rd Engineer,Consumed during maintenance - WO-702.005.02-2023-197,WO-702.005.02-2023-197,29-Oct-2023,UTC,
2332,2023-10-29 00:00:00,7440571a-841a-11ed-aa7c-7003bca91a86,4530,MV0001-05074,Shackle,COMP-1768374767802-sjje0yq3o,403.001,"Steering Gears, Complete",SP-403.001-074,CONSUME,-2,2,3rd Engineer,Consumed during maintenance - WO-702.005.02-2023-197,WO-702.005.02-2023-197,29-Oct-2023,UTC,
161,2023-10-27 00:00:00,7440571a-841a-11ed-aa7c-7003bca91a86,4676,MV0001-05220,Bolt,COMP-1768374767834-dbncpiany,601.053,ME Turbochargers,SP-601.053-220,CONSUME,-2,0,228b5256-5bd2-4bf3-826f-c6fe76571449,Consumed for WO WO-601.053-2023-428,WO-601.053-2023-428,27-Oct-2023 00:00,UTC,
162,2023-10-27 00:00:00,7440571a-841a-11ed-aa7c-7003bca91a86,4677,MV0001-05221,Gasket,COMP-1768374767834-dbncpiany,601.053,ME Turbochargers,SP-601.053-221,CONSUME,-1,0,480b40d0-04bd-4590-a936-2f879b867977,Consumed for WO WO-601.053-2023-428,WO-601.053-2023-428,27-Oct-2023 00:00,UTC,
163,2023-10-27 00:00:00,7440571a-841a-11ed-aa7c-7003bca91a86,4658,MV0001-05202,Thrust Bearing Complete,COMP-1768374767834-dbncpiany,601.053,ME Turbochargers,SP-601.053-202,CONSUME,-2,1,056a433e-b880-43c6-9d59-b1cfe71a4014,Consumed for WO WO-601.053-2023-428,WO-601.053-2023-428,27-Oct-2023 00:00,UTC,
2311,2023-10-26 00:00:00,7440571a-841a-11ed-aa7c-7003bca91a86,5466,MV0001-06010,Adjusting Nut-Thrust,COMP-1768374768533-xnq4n84q4,712.013.02,LO Separator Booster Pumps No.02,SP-712.013.01-1010,CONSUME,-1,2,Chief Engineer,Consumed during maintenance - UWO-652.007.01-2023-701,UWO-652.007.01-2023-701,26-Oct-2023,UTC,
158,2023-10-25 00:00:00,7440571a-841a-11ed-aa7c-7003bca91a86,4676,MV0001-05220,Bolt,COMP-1768374767834-dbncpiany,601.053,ME Turbochargers,SP-601.053-220,CONSUME,-1,0,977621de-77d7-4892-ae27-adaebcc27d0b,Consumed for WO WO-601.053-2023-417,WO-601.053-2023-417,25-Oct-2023 00:00,UTC,
159,2023-10-25 00:00:00,7440571a-841a-11ed-aa7c-7003bca91a86,4677,MV0001-05221,Gasket,COMP-1768374767834-dbncpiany,601.053,ME Turbochargers,SP-601.053-221,CONSUME,-1,0,977621de-77d7-4892-ae27-adaebcc27d0b,Consumed for WO WO-601.053-2023-417,WO-601.053-2023-417,25-Oct-2023 00:00,UTC,
160,2023-10-25 00:00:00,7440571a-841a-11ed-aa7c-7003bca91a86,4658,MV0001-05202,Thrust Bearing Complete,COMP-1768374767834-dbncpiany,601.053,ME Turbochargers,SP-601.053-202,CONSUME,-1,3,056a433e-b880-43c6-9d59-b1cfe71a4014,Consumed for WO WO-601.053-2023-417,WO-601.053-2023-417,25-Oct-2023 00:00,UTC,
157,2023-10-24 00:00:00,7440571a-841a-11ed-aa7c-7003bca91a86,4705,MV0001-05249,Bolt,COMP-1768374767837-m3bhk56ru,601.059,ME Exhaust Gas Manifolds/Pipes W/Insulation,SP-601.059-249,CONSUME,-2,3,977621de-77d7-4892-ae27-adaebcc27d0b,Consumed for WO UWO-651.053-2023-679,UWO-651.053-2023-679,24-Oct-2023 00:00,UTC,
2447,2023-10-24 00:00:00,7440571a-841a-11ed-aa7c-7003bca91a86,5455,MV0001-05999,Thrust Ball Bearing,COMP-1768374768533-xnq4n84q4,712.013.02,LO Separator Booster Pumps No.02,SP-712.013.01-999,CONSUME,-1,4,4th Engineer,Consumed during maintenance - UWO-651.053-2023-679,UWO-651.053-2023-679,24-Oct-2023,UTC,
2448,2023-10-24 00:00:00,7440571a-841a-11ed-aa7c-7003bca91a86,4758,MV0001-05302,Rotor,COMP-1768374767899-slkigc1i8,665.001,"Emergency Generator Aggregates, Complete",SP-665.001-302,CONSUME,-1,0,4th Engineer,Consumed during maintenance - UWO-651.053-2023-679,UWO-651.053-2023-679,24-Oct-2023,UTC,
2468,2023-10-24 00:00:00,7440571a-841a-11ed-aa7c-7003bca91a86,5107,MV0001-05651,Gasket,COMP-1768374767845-490ayszf9,601.064,ME Turning Gear,SP-601.064-651,CONSUME,-1,9,3rd Engineer,Consumed during maintenance - WO-702.005.02-2023-196,WO-702.005.02-2023-196,24-Oct-2023,UTC,
2518,2023-10-23 00:00:00,7440571a-841a-11ed-aa7c-7003bca91a86,4901,MV0001-05445,Hub,COMP-1768374767907-73hq6hda8,801.001,Clean Ballast Pumps,SP-801.001-445,CONSUME,-2,1,4th Engineer,Consumed during maintenance - MKR-IN-00079-601.066.05-2023-483,MKR-IN-00079-601.066.05-2023-483,23-Oct-2023,UTC,
156,2023-10-18 00:00:00,7440571a-841a-11ed-aa7c-7003bca91a86,4655,MV0001-05199,Locking Wire,COMP-1768374767827-g6k9lk4to,601.016,ME Tiebolts,SP-601.016-199,CONSUME,-2,1,6084f3b8-85dc-462a-b045-111d2b2e6d0e,Consumed for WO WO-702.005.02-2023-193,WO-702.005.02-2023-193,18-Oct-2023 00:00,UTC,
155,2023-10-15 00:00:00,7440571a-841a-11ed-aa7c-7003bca91a86,4522,MV0001-05066,Hexagon High Strength Bolt,COMP-1768374767799-zs6hrf8cm,401.005,Rudders W/Nozzle,SP-401.005-066,CONSUME,-1,4,228b5256-5bd2-4bf3-826f-c6fe76571449,Consumed for WO UWO-652.007.03-2023-716,UWO-652.007.03-2023-716,15-Oct-2023 00:00,UTC,
2366,2023-10-15 00:00:00,7440571a-841a-11ed-aa7c-7003bca91a86,5069,MV0001-05613,Water Guide Jacket Of Cylinder Cover,COMP-1768374767994-apqr6kc7v,601.002.06,ME Cylinder Covers W/Valves No.06,SP-601.002.01-613,CONSUME,-1,3,3rd Engineer,Consumed during maintenance - UWO-652.007.03-2023-716,UWO-652.007.03-2023-716,15-Oct-2023,UTC,
2367,2023-10-15 00:00:00,7440571a-841a-11ed-aa7c-7003bca91a86,4782,MV0001-05326,Diode-Forward Polarity,COMP-1768374767899-slkigc1i8,665.001,"Emergency Generator Aggregates, Complete",SP-665.001-326,CONSUME,-2,3,3rd Engineer,Consumed during maintenance - UWO-652.007.03-2023-716,UWO-652.007.03-2023-716,15-Oct-2023,UTC,
2700,2023-10-15 00:00:00,7440571a-841a-11ed-aa7c-7003bca91a86,4837,MV0001-05381,Volute Casing,COMP-1768374767907-73hq6hda8,801.001,Clean Ballast Pumps,SP-801.001-381,CONSUME,-2,198,Chief Engineer,Consumed during maintenance - MKR-IN-00080-653.002.01-2023-684,MKR-IN-00080-653.002.01-2023-684,15-Oct-2023,UTC,
2579,2023-10-14 00:00:00,7440571a-841a-11ed-aa7c-7003bca91a86,5084,MV0001-05628,O-Ring,COMP-1768374767830-uxleqdvg1,601.018,ME Crankcases,SP-601.018-628,CONSUME,-2,2,3rd Engineer,Consumed during maintenance - WO-702.005.02-2023-195,WO-702.005.02-2023-195,14-Oct-2023,UTC,
2580,2023-10-14 00:00:00,7440571a-841a-11ed-aa7c-7003bca91a86,5263,MV0001-05807,Valve Sheet,COMP-1768374768525-zyps62yum,712.011.02,LO Separators No.02,SP-702.005.01-807,CONSUME,-1,4,3rd Engineer,Consumed during maintenance - WO-702.005.02-2023-195,WO-702.005.02-2023-195,14-Oct-2023,UTC,
817,2023-10-13 00:00:00,7440571a-841a-11ed-aa7c-7003bca91a86,4837,MV0001-05381,Volute Casing,COMP-1768374767907-73hq6hda8,801.001,Clean Ballast Pumps,SP-801.001-381,RECEIVE,1,200,228b5256-5bd2-4bf3-826f-c6fe76571449,Received from MarineSpares Int. at Fujairah,PO-2023-2083,13-Oct-2023 00:00,UTC,Fujairah
818,2023-10-13 00:00:00,7440571a-841a-11ed-aa7c-7003bca91a86,4469,MV0001-05013,O-Ring Clamp,COMP-1768374767799-zs6hrf8cm,401.005,Rudders W/Nozzle,SP-401.005-013,RECEIVE,4,9,228b5256-5bd2-4bf3-826f-c6fe76571449,Received from MarineSpares Int. at Fujairah,PO-2023-9733,13-Oct-2023 00:00,UTC,Fujairah
819,2023-10-13 00:00:00,7440571a-841a-11ed-aa7c-7003bca91a86,4485,MV0001-05029,Bolt,COMP-1768374767799-zs6hrf8cm,401.005,Rudders W/Nozzle,SP-401.005-029,RECEIVE,5,5,228b5256-5bd2-4bf3-826f-c6fe76571449,Received from MarineSpares Int. at Fujairah,PO-2023-0906,13-Oct-2023 00:00,UTC,Fujairah
820,2023-10-13 00:00:00,7440571a-841a-11ed-aa7c-7003bca91a86,4486,MV0001-05030,Securing Wire,COMP-1768374767799-zs6hrf8cm,401.005,Rudders W/Nozzle,SP-401.005-030,RECEIVE,1,4,228b5256-5bd2-4bf3-826f-c6fe76571449,Received from MarineSpares Int. at Fujairah,PO-2023-0893,13-Oct-2023 00:00,UTC,Fujairah
821,2023-10-13 00:00:00,7440571a-841a-11ed-aa7c-7003bca91a86,4494,MV0001-05038,Back-Up Ring,COMP-1768374767799-zs6hrf8cm,401.005,Rudders W/Nozzle,SP-401.005-038,RECEIVE,5,12,228b5256-5bd2-4bf3-826f-c6fe76571449,Received from MarineSpares Int. at Fujairah,PO-2023-3882,13-Oct-2023 00:00,UTC,Fujairah
822,2023-10-13 00:00:00,7440571a-841a-11ed-aa7c-7003bca91a86,4497,MV0001-05041,Eye Bolt,COMP-1768374767799-zs6hrf8cm,401.005,Rudders W/Nozzle,SP-401.005-041,RECEIVE,3,8,228b5256-5bd2-4bf3-826f-c6fe76571449,Received from MarineSpares Int. at Fujairah,PO-2023-5541,13-Oct-2023 00:00,UTC,Fujairah
823,2023-10-13 00:00:00,7440571a-841a-11ed-aa7c-7003bca91a86,4517,MV0001-05061,Casing,COMP-1768374767799-zs6hrf8cm,401.005,Rudders W/Nozzle,SP-401.005-061,RECEIVE,1,7,228b5256-5bd2-4bf3-826f-c6fe76571449,Received from MarineSpares Int. at Fujairah,PO-2023-9698,13-Oct-2023 00:00,UTC,Fujairah
824,2023-10-13 00:00:00,7440571a-841a-11ed-aa7c-7003bca91a86,4531,MV0001-05075,Packing Brick-Wood,COMP-1768374767802-sjje0yq3o,403.001,"Steering Gears, Complete",SP-403.001-075,RECEIVE,2,7,228b5256-5bd2-4bf3-826f-c6fe76571449,Received from MarineSpares Int. at Fujairah,PO-2023-8982,13-Oct-2023 00:00,UTC,Fujairah
825,2023-10-13 00:00:00,7440571a-841a-11ed-aa7c-7003bca91a86,4552,MV0001-05096,Plug,COMP-1768374767802-sjje0yq3o,403.001,"Steering Gears, Complete",SP-403.001-096,RECEIVE,2,6,228b5256-5bd2-4bf3-826f-c6fe76571449,Received from MarineSpares Int. at Fujairah,PO-2023-8020,13-Oct-2023 00:00,UTC,Fujairah
826,2023-10-13 00:00:00,7440571a-841a-11ed-aa7c-7003bca91a86,4555,MV0001-05099,Cyl. Head Screw,COMP-1768374767802-sjje0yq3o,403.001,"Steering Gears, Complete",SP-403.001-099,RECEIVE,3,11,228b5256-5bd2-4bf3-826f-c6fe76571449,Received from MarineSpares Int. at Fujairah,PO-2023-3600,13-Oct-2023 00:00,UTC,Fujairah
827,2023-10-13 00:00:00,7440571a-841a-11ed-aa7c-7003bca91a86,4568,MV0001-05112,Manometer Liquid Filled,COMP-1768374767802-sjje0yq3o,403.001,"Steering Gears, Complete",SP-403.001-112,RECEIVE,4,8,228b5256-5bd2-4bf3-826f-c6fe76571449,Received from MarineSpares Int. at Fujairah,PO-2023-4403,13-Oct-2023 00:00,UTC,Fujairah
828,2023-10-13 00:00:00,7440571a-841a-11ed-aa7c-7003bca91a86,4577,MV0001-05121,Bonded Seal,COMP-1768374767802-sjje0yq3o,403.001,"Steering Gears, Complete",SP-403.001-121,RECEIVE,4,9,228b5256-5bd2-4bf3-826f-c6fe76571449,Received from MarineSpares Int. at Fujairah,PO-2023-2288,13-Oct-2023 00:00,UTC,Fujairah
829,2023-10-13 00:00:00,7440571a-841a-11ed-aa7c-7003bca91a86,4586,MV0001-05130,End Cover,COMP-1768374767802-sjje0yq3o,403.001,"Steering Gears, Complete",SP-403.001-130,RECEIVE,1,10,228b5256-5bd2-4bf3-826f-c6fe76571449,Received from MarineSpares Int. at Fujairah,PO-2023-7632,13-Oct-2023 00:00,UTC,Fujairah
830,2023-10-13 00:00:00,7440571a-841a-11ed-aa7c-7003bca91a86,4589,MV0001-05133,Cyl. Head Screw,COMP-1768374767802-sjje0yq3o,403.001,"Steering Gears, Complete",SP-403.001-133,RECEIVE,2,7,228b5256-5bd2-4bf3-826f-c6fe76571449,Received from MarineSpares Int. at Fujairah,PO-2023-4303,13-Oct-2023 00:00,UTC,Fujairah
831,2023-10-13 00:00:00,7440571a-841a-11ed-aa7c-7003bca91a86,4597,MV0001-05141,Reduction,COMP-1768374767802-sjje0yq3o,403.001,"Steering Gears, Complete",SP-403.001-141,RECEIVE,4,5,228b5256-5bd2-4bf3-826f-c6fe76571449,Received from MarineSpares Int. at Fujairah,PO-2023-0658,13-Oct-2023 00:00,UTC,Fujairah
832,2023-10-13 00:00:00,7440571a-841a-11ed-aa7c-7003bca91a86,4602,MV0001-05146,O-Ring,COMP-1768374767802-sjje0yq3o,403.001,"Steering Gears, Complete",SP-403.001-146,RECEIVE,4,12,228b5256-5bd2-4bf3-826f-c6fe76571449,Received from MarineSpares Int. at Fujairah,PO-2023-0302,13-Oct-2023 00:00,UTC,Fujairah
833,2023-10-13 00:00:00,7440571a-841a-11ed-aa7c-7003bca91a86,4632,MV0001-05176,Change Pipe And Joint,COMP-1768374767815-k5anrfi02,554.001,Provision Cooling Compressor Aggregates,SP-554.001-176,RECEIVE,1,10,228b5256-5bd2-4bf3-826f-c6fe76571449,Received from MarineSpares Int. at Fujairah,PO-2023-0555,13-Oct-2023 00:00,UTC,Fujairah
834,2023-10-13 00:00:00,7440571a-841a-11ed-aa7c-7003bca91a86,4633,MV0001-05177,Felt,COMP-1768374767815-k5anrfi02,554.001,Provision Cooling Compressor Aggregates,SP-554.001-177,RECEIVE,1,7,228b5256-5bd2-4bf3-826f-c6fe76571449,Received from MarineSpares Int. at Fujairah,PO-2023-3631,13-Oct-2023 00:00,UTC,Fujairah
835,2023-10-13 00:00:00,7440571a-841a-11ed-aa7c-7003bca91a86,4636,MV0001-05180,Lens,COMP-1768374767815-k5anrfi02,554.001,Provision Cooling Compressor Aggregates,SP-554.001-180,RECEIVE,3,16,228b5256-5bd2-4bf3-826f-c6fe76571449,Received from MarineSpares Int. at Fujairah,PO-2023-4450,13-Oct-2023 00:00,UTC,Fujairah
836,2023-10-13 00:00:00,7440571a-841a-11ed-aa7c-7003bca91a86,4651,MV0001-05195,Bush,COMP-1768374767827-g6k9lk4to,601.016,ME Tiebolts,SP-601.016-195,RECEIVE,4,11,228b5256-5bd2-4bf3-826f-c6fe76571449,Received from MarineSpares Int. at Fujairah,PO-2023-7937,13-Oct-2023 00:00,UTC,Fujairah
837,2023-10-13 00:00:00,7440571a-841a-11ed-aa7c-7003bca91a86,4660,MV0001-05204,Thrust Bearing Support,COMP-1768374767834-dbncpiany,601.053,ME Turbochargers,SP-601.053-204,RECEIVE,1,4,228b5256-5bd2-4bf3-826f-c6fe76571449,Received from MarineSpares Int. at Fujairah,PO-2023-5293,13-Oct-2023 00:00,UTC,Fujairah
838,2023-10-13 00:00:00,7440571a-841a-11ed-aa7c-7003bca91a86,4664,MV0001-05208,"End Cover, In Two Parts, Complete",COMP-1768374767834-dbncpiany,601.053,ME Turbochargers,SP-601.053-208,RECEIVE,3,9,228b5256-5bd2-4bf3-826f-c6fe76571449,Received from MarineSpares Int. at Fujairah,PO-2023-3733,13-Oct-2023 00:00,UTC,Fujairah
839,2023-10-13 00:00:00,7440571a-841a-11ed-aa7c-7003bca91a86,4684,MV0001-05228,Tongued Washer,COMP-1768374767834-dbncpiany,601.053,ME Turbochargers,SP-601.053-228,RECEIVE,5,11,228b5256-5bd2-4bf3-826f-c6fe76571449,Received from MarineSpares Int. at Fujairah,PO-2023-1774,13-Oct-2023 00:00,UTC,Fujairah
840,2023-10-13 00:00:00,7440571a-841a-11ed-aa7c-7003bca91a86,4693,MV0001-05237,Expansion Joint,COMP-1768374767837-m3bhk56ru,601.059,ME Exhaust Gas Manifolds/Pipes W/Insulation,SP-601.059-237,RECEIVE,3,11,228b5256-5bd2-4bf3-826f-c6fe76571449,Received from MarineSpares Int. at Fujairah,PO-2023-3171,13-Oct-2023 00:00,UTC,Fujairah
841,2023-10-13 00:00:00,7440571a-841a-11ed-aa7c-7003bca91a86,4705,MV0001-05249,Bolt,COMP-1768374767837-m3bhk56ru,601.059,ME Exhaust Gas Manifolds/Pipes W/Insulation,SP-601.059-249,RECEIVE,3,3,228b5256-5bd2-4bf3-826f-c6fe76571449,Received from MarineSpares Int. at Fujairah,PO-2023-9762,13-Oct-2023 00:00,UTC,Fujairah
842,2023-10-13 00:00:00,7440571a-841a-11ed-aa7c-7003bca91a86,4706,MV0001-05250,Bolt,COMP-1768374767837-m3bhk56ru,601.059,ME Exhaust Gas Manifolds/Pipes W/Insulation,SP-601.059-250,RECEIVE,2,11,228b5256-5bd2-4bf3-826f-c6fe76571449,Received from MarineSpares Int. at Fujairah,PO-2023-0797,13-Oct-2023 00:00,UTC,Fujairah
843,2023-10-13 00:00:00,7440571a-841a-11ed-aa7c-7003bca91a86,4715,MV0001-05259,Ball Bearing,COMP-1768374767899-slkigc1i8,665.001,"Emergency Generator Aggregates, Complete",SP-665.001-259,RECEIVE,4,15,228b5256-5bd2-4bf3-826f-c6fe76571449,Received from MarineSpares Int. at Fujairah,PO-2023-6406,13-Oct-2023 00:00,UTC,Fujairah
844,2023-10-13 00:00:00,7440571a-841a-11ed-aa7c-7003bca91a86,4739,MV0001-05283,Automatic Voltage Regulator Mounting Bracket,COMP-1768374767899-slkigc1i8,665.001,"Emergency Generator Aggregates, Complete",SP-665.001-283,RECEIVE,5,9,228b5256-5bd2-4bf3-826f-c6fe76571449,Received from MarineSpares Int. at Fujairah,PO-2023-2837,13-Oct-2023 00:00,UTC,Fujairah
845,2023-10-13 00:00:00,7440571a-841a-11ed-aa7c-7003bca91a86,4741,MV0001-05285,Main Rectifier Assembly-Reverse,COMP-1768374767899-slkigc1i8,665.001,"Emergency Generator Aggregates, Complete",SP-665.001-285,RECEIVE,2,7,228b5256-5bd2-4bf3-826f-c6fe76571449,Received from MarineSpares Int. at Fujairah,PO-2023-3819,13-Oct-2023 00:00,UTC,Fujairah
846,2023-10-13 00:00:00,7440571a-841a-11ed-aa7c-7003bca91a86,4750,MV0001-05294,Edging Strip,COMP-1768374767899-slkigc1i8,665.001,"Emergency Generator Aggregates, Complete",SP-665.001-294,RECEIVE,3,8,228b5256-5bd2-4bf3-826f-c6fe76571449,Received from MarineSpares Int. at Fujairah,PO-2023-6293,13-Oct-2023 00:00,UTC,Fujairah
847,2023-10-13 00:00:00,7440571a-841a-11ed-aa7c-7003bca91a86,4751,MV0001-05295,Fan,COMP-1768374767899-slkigc1i8,665.001,"Emergency Generator Aggregates, Complete",SP-665.001-295,RECEIVE,5,6,228b5256-5bd2-4bf3-826f-c6fe76571449,Received from MarineSpares Int. at Fujairah,PO-2023-3402,13-Oct-2023 00:00,UTC,Fujairah
848,2023-10-13 00:00:00,7440571a-841a-11ed-aa7c-7003bca91a86,4778,MV0001-05322,Automatic Voltage Regulator Mounting Bracket,COMP-1768374767899-slkigc1i8,665.001,"Emergency Generator Aggregates, Complete",SP-665.001-322,RECEIVE,3,9,228b5256-5bd2-4bf3-826f-c6fe76571449,Received from MarineSpares Int. at Fujairah,PO-2023-1486,13-Oct-2023 00:00,UTC,Fujairah
849,2023-10-13 00:00:00,7440571a-841a-11ed-aa7c-7003bca91a86,4789,MV0001-05333,Edging Strip,COMP-1768374767899-slkigc1i8,665.001,"Emergency Generator Aggregates, Complete",SP-665.001-333,RECEIVE,1,6,228b5256-5bd2-4bf3-826f-c6fe76571449,Received from MarineSpares Int. at Fujairah,PO-2023-9521,13-Oct-2023 00:00,UTC,Fujairah
850,2023-10-13 00:00:00,7440571a-841a-11ed-aa7c-7003bca91a86,4792,MV0001-05336,Cap Screw,COMP-1768374767899-slkigc1i8,665.001,"Emergency Generator Aggregates, Complete",SP-665.001-336,RECEIVE,5,5,228b5256-5bd2-4bf3-826f-c6fe76571449,Received from MarineSpares Int. at Fujairah,PO-2023-9003,13-Oct-2023 00:00,UTC,Fujairah
851,2023-10-13 00:00:00,7440571a-841a-11ed-aa7c-7003bca91a86,4797,MV0001-05341,PMG Exciter Stator,COMP-1768374767899-slkigc1i8,665.001,"Emergency Generator Aggregates, Complete",SP-665.001-341,RECEIVE,4,7,228b5256-5bd2-4bf3-826f-c6fe76571449,Received from MarineSpares Int. at Fujairah,PO-2023-2074,13-Oct-2023 00:00,UTC,Fujairah
852,2023-10-13 00:00:00,7440571a-841a-11ed-aa7c-7003bca91a86,4799,MV0001-05343,PMG Pillar,COMP-1768374767899-slkigc1i8,665.001,"Emergency Generator Aggregates, Complete",SP-665.001-343,RECEIVE,4,11,228b5256-5bd2-4bf3-826f-c6fe76571449,Received from MarineSpares Int. at Fujairah,PO-2023-9893,13-Oct-2023 00:00,UTC,Fujairah
853,2023-10-13 00:00:00,7440571a-841a-11ed-aa7c-7003bca91a86,4800,MV0001-05344,PMG Clamp,COMP-1768374767899-slkigc1i8,665.001,"Emergency Generator Aggregates, Complete",SP-665.001-344,RECEIVE,4,10,228b5256-5bd2-4bf3-826f-c6fe76571449,Received from MarineSpares Int. at Fujairah,PO-2023-0232,13-Oct-2023 00:00,UTC,Fujairah
854,2023-10-13 00:00:00,7440571a-841a-11ed-aa7c-7003bca91a86,4803,MV0001-05347,Rotor,COMP-1768374767899-slkigc1i8,665.001,"Emergency Generator Aggregates, Complete",SP-665.001-347,RECEIVE,4,14,228b5256-5bd2-4bf3-826f-c6fe76571449,Received from MarineSpares Int. at Fujairah,PO-2023-4348,13-Oct-2023 00:00,UTC,Fujairah
855,2023-10-13 00:00:00,7440571a-841a-11ed-aa7c-7003bca91a86,4813,MV0001-05357,Bearing Drive End,COMP-1768374767899-slkigc1i8,665.001,"Emergency Generator Aggregates, Complete",SP-665.001-357,RECEIVE,3,12,228b5256-5bd2-4bf3-826f-c6fe76571449,Received from MarineSpares Int. at Fujairah,PO-2023-8203,13-Oct-2023 00:00,UTC,Fujairah
856,2023-10-13 00:00:00,7440571a-841a-11ed-aa7c-7003bca91a86,4817,MV0001-05361,Air Inlet Cover,COMP-1768374767899-slkigc1i8,665.001,"Emergency Generator Aggregates, Complete",SP-665.001-361,RECEIVE,2,10,228b5256-5bd2-4bf3-826f-c6fe76571449,Received from MarineSpares Int. at Fujairah,PO-2023-7696,13-Oct-2023 00:00,UTC,Fujairah
857,2023-10-13 00:00:00,7440571a-841a-11ed-aa7c-7003bca91a86,4857,MV0001-05401,Packing Ring,COMP-1768374767907-73hq6hda8,801.001,Clean Ballast Pumps,SP-801.001-401,RECEIVE,1,4,228b5256-5bd2-4bf3-826f-c6fe76571449,Received from MarineSpares Int. at Fujairah,PO-2023-3096,13-Oct-2023 00:00,UTC,Fujairah
858,2023-10-13 00:00:00,7440571a-841a-11ed-aa7c-7003bca91a86,4876,MV0001-05420,Bearing Nut,COMP-1768374767907-73hq6hda8,801.001,Clean Ballast Pumps,SP-801.001-420,RECEIVE,4,7,228b5256-5bd2-4bf3-826f-c6fe76571449,Received from MarineSpares Int. at Fujairah,PO-2023-1220,13-Oct-2023 00:00,UTC,Fujairah
859,2023-10-13 00:00:00,7440571a-841a-11ed-aa7c-7003bca91a86,4927,MV0001-05471,Bearing Nut Spanner,COMP-1768374767907-73hq6hda8,801.001,Clean Ballast Pumps,SP-801.001-471,RECEIVE,3,6,228b5256-5bd2-4bf3-826f-c6fe76571449,Received from MarineSpares Int. at Fujairah,PO-2023-9616,13-Oct-2023 00:00,UTC,Fujairah
860,2023-10-13 00:00:00,7440571a-841a-11ed-aa7c-7003bca91a86,4937,MV0001-05481,O-Ring,COMP-1768374767805-z4lpo0038,411.001,S-Band Radar,SP-411.001-481,RECEIVE,5,11,228b5256-5bd2-4bf3-826f-c6fe76571449,Received from MarineSpares Int. at Fujairah,PO-2023-3249,13-Oct-2023 00:00,UTC,Fujairah
861,2023-10-13 00:00:00,7440571a-841a-11ed-aa7c-7003bca91a86,4940,MV0001-05484,Gasket,COMP-1768374767809-mr8172nux,411.002,X-Band Radar,SP-411.002-484,RECEIVE,5,10,228b5256-5bd2-4bf3-826f-c6fe76571449,Received from MarineSpares Int. at Fujairah,PO-2023-6481,13-Oct-2023 00:00,UTC,Fujairah
862,2023-10-13 00:00:00,7440571a-841a-11ed-aa7c-7003bca91a86,4944,MV0001-05488,Gasket,COMP-1768374767815-k5anrfi02,554.001,Provision Cooling Compressor Aggregates,SP-554.001-488,RECEIVE,2,7,228b5256-5bd2-4bf3-826f-c6fe76571449,Received from MarineSpares Int. at Fujairah,PO-2023-4428,13-Oct-2023 00:00,UTC,Fujairah
863,2023-10-13 00:00:00,7440571a-841a-11ed-aa7c-7003bca91a86,4950,MV0001-05494,Valve Plate Assembly,COMP-1768374767967-jb4k6wuji,554.003.02,Compressors W/Drive Unit No.02,SP-554.003.01-494,RECEIVE,4,15,228b5256-5bd2-4bf3-826f-c6fe76571449,Received from MarineSpares Int. at Fujairah,PO-2023-6283,13-Oct-2023 00:00,UTC,Fujairah
2449,2023-10-12 00:00:00,7440571a-841a-11ed-aa7c-7003bca91a86,5341,MV0001-05885,Socket Set Screw,COMP-1768374768525-zyps62yum,712.011.02,LO Separators No.02,SP-702.005.01-885,CONSUME,-1,3,3rd Engineer,Consumed during maintenance - UWO-712.011.02-2023-497,UWO-712.011.02-2023-497,12-Oct-2023,UTC,
2804,2023-10-11 00:00:00,7440571a-841a-11ed-aa7c-7003bca91a86,4596,MV0001-05140,Washer,COMP-1768374767802-sjje0yq3o,403.001,"Steering Gears, Complete",SP-403.001-140,CONSUME,-2,3,Electrican,Consumed during maintenance - MKR-OV-00027-652.053-2023-674,MKR-OV-00027-652.053-2023-674,11-Oct-2023,UTC,
154,2023-10-11 00:00:00,7440571a-841a-11ed-aa7c-7003bca91a86,4909,MV0001-05453,Intermediate Shaft,COMP-1768374767907-73hq6hda8,801.001,Clean Ballast Pumps,SP-801.001-453,CONSUME,-2,3,6084f3b8-85dc-462a-b045-111d2b2e6d0e,Consumed for WO UWO-28-2023-703,UWO-28-2023-703,11-Oct-2023 00:00,UTC,
2400,2023-10-11 00:00:00,7440571a-841a-11ed-aa7c-7003bca91a86,4847,MV0001-05391,Impeller Shaft,COMP-1768374767907-73hq6hda8,801.001,Clean Ballast Pumps,SP-801.001-391,CONSUME,-1,2,2nd Engineer,Consumed during maintenance - UWO-28-2023-703,UWO-28-2023-703,11-Oct-2023,UTC,
2401,2023-10-11 00:00:00,7440571a-841a-11ed-aa7c-7003bca91a86,5088,MV0001-05632,Non Return Valve,COMP-1768374768201-mvmpi8w24,601.026.06,ME Hp Fuel Pumps No.06,SP-601.026.01-632,CONSUME,-1,4,2nd Engineer,Consumed during maintenance - UWO-28-2023-703,UWO-28-2023-703,11-Oct-2023,UTC,
2402,2023-10-11 00:00:00,7440571a-841a-11ed-aa7c-7003bca91a86,5564,MV0001-06108,O-Ring,COMP-1768374767795-1qyq8qvkb,721.001.02,Main Sw Cooling Pumps No.02,SP-721.001.01-1108,CONSUME,-2,3,2nd Engineer,Consumed during maintenance - UWO-28-2023-703,UWO-28-2023-703,11-Oct-2023,UTC,
2739,2023-10-10 00:00:00,7440571a-841a-11ed-aa7c-7003bca91a86,5193,MV0001-05737,Socket Cap Screw,COMP-1768374768525-zyps62yum,712.011.02,LO Separators No.02,SP-702.005.01-737,CONSUME,-1,4,4th Engineer,Consumed during maintenance - MKR-IN-00079-601.066.05-2023-476,MKR-IN-00079-601.066.05-2023-476,10-Oct-2023,UTC,
2740,2023-10-10 00:00:00,7440571a-841a-11ed-aa7c-7003bca91a86,4994,MV0001-05538,Parallel Key,COMP-1768374767967-jb4k6wuji,554.003.02,Compressors W/Drive Unit No.02,SP-554.003.01-538,CONSUME,-1,0,4th Engineer,Consumed during maintenance - MKR-IN-00079-601.066.05-2023-476,MKR-IN-00079-601.066.05-2023-476,10-Oct-2023,UTC,
153,2023-10-09 00:00:00,7440571a-841a-11ed-aa7c-7003bca91a86,4769,MV0001-05313,Foot,COMP-1768374767899-slkigc1i8,665.001,"Emergency Generator Aggregates, Complete",SP-665.001-313,CONSUME,-1,4,6084f3b8-85dc-462a-b045-111d2b2e6d0e,Consumed for WO UWO-601.066.03-2023-472,UWO-601.066.03-2023-472,09-Oct-2023 00:00,UTC,
2487,2023-10-09 00:00:00,7440571a-841a-11ed-aa7c-7003bca91a86,5098,MV0001-05642,Eye Bolt,COMP-1768374768201-mvmpi8w24,601.026.06,ME Hp Fuel Pumps No.06,SP-601.026.01-642,CONSUME,-2,1,Chief Engineer,Consumed during maintenance - UWO-601.066.03-2023-472,UWO-601.066.03-2023-472,09-Oct-2023,UTC,
152,2023-10-07 00:00:00,7440571a-841a-11ed-aa7c-7003bca91a86,4764,MV0001-05308,Bearing Non Drive End,COMP-1768374767899-slkigc1i8,665.001,"Emergency Generator Aggregates, Complete",SP-665.001-308,CONSUME,-2,3,480b40d0-04bd-4590-a936-2f879b867977,Consumed for WO WO-702.005.02-2023-194,WO-702.005.02-2023-194,07-Oct-2023 00:00,UTC,
151,2023-10-05 00:00:00,7440571a-841a-11ed-aa7c-7003bca91a86,4515,MV0001-05059,Nut,COMP-1768374767799-zs6hrf8cm,401.005,Rudders W/Nozzle,SP-401.005-059,CONSUME,-2,3,056a433e-b880-43c6-9d59-b1cfe71a4014,Consumed for WO WO-653.003.06-2023-360,WO-653.003.06-2023-360,05-Oct-2023 00:00,UTC,
149,2023-10-04 00:00:00,7440571a-841a-11ed-aa7c-7003bca91a86,4629,MV0001-05173,Digital Thermostat,COMP-1768374767815-k5anrfi02,554.001,Provision Cooling Compressor Aggregates,SP-554.001-173,CONSUME,-1,4,480b40d0-04bd-4590-a936-2f879b867977,Consumed for WO WO-651.003.01-2023-324,WO-651.003.01-2023-324,04-Oct-2023 00:00,UTC,
150,2023-10-04 00:00:00,7440571a-841a-11ed-aa7c-7003bca91a86,4774,MV0001-05318,End panel Drive End,COMP-1768374767899-slkigc1i8,665.001,"Emergency Generator Aggregates, Complete",SP-665.001-318,CONSUME,-1,2,228b5256-5bd2-4bf3-826f-c6fe76571449,Consumed for WO UWO-651.020.01-2023-598,UWO-651.020.01-2023-598,04-Oct-2023 00:00,UTC,
2505,2023-10-04 00:00:00,7440571a-841a-11ed-aa7c-7003bca91a86,5029,MV0001-05573,Expansion Valve,COMP-1768374767974-ma2l45pdf,554.005.02,Condensers No.02,SP-554.005.01-573,CONSUME,-1,1,4th Engineer,Consumed during maintenance - UWO-651.020.01-2023-598,UWO-651.020.01-2023-598,04-Oct-2023,UTC,
2677,2023-10-02 00:00:00,7440571a-841a-11ed-aa7c-7003bca91a86,5038,MV0001-05582,Stud Bolt,COMP-1768374767994-apqr6kc7v,601.002.06,ME Cylinder Covers W/Valves No.06,SP-601.002.01-582,CONSUME,-2,3,2nd Engineer,Consumed during maintenance - MKR-IN-00072-285.001.10-2023-258,MKR-IN-00072-285.001.10-2023-258,02-Oct-2023,UTC,
2678,2023-10-02 00:00:00,7440571a-841a-11ed-aa7c-7003bca91a86,5392,MV0001-05936,Terminal Unit,COMP-1768374768525-zyps62yum,712.011.02,LO Separators No.02,SP-702.005.01-936,CONSUME,-1,1,2nd Engineer,Consumed during maintenance - MKR-IN-00072-285.001.10-2023-258,MKR-IN-00072-285.001.10-2023-258,02-Oct-2023,UTC,
2462,2023-10-01 00:00:00,7440571a-841a-11ed-aa7c-7003bca91a86,4862,MV0001-05406,Stopper Ring And Set Screw,COMP-1768374767907-73hq6hda8,801.001,Clean Ballast Pumps,SP-801.001-406,CONSUME,-1,4,Chief Engineer,Consumed during maintenance - MKR-IN-00063-601.004.05-2023-367,MKR-IN-00063-601.004.05-2023-367,01-Oct-2023,UTC,
145,2023-09-29 00:00:00,7440571a-841a-11ed-aa7c-7003bca91a86,4676,MV0001-05220,Bolt,COMP-1768374767834-dbncpiany,601.053,ME Turbochargers,SP-601.053-220,CONSUME,-1,0,977621de-77d7-4892-ae27-adaebcc27d0b,Consumed for WO WO-601.053-2023-427,WO-601.053-2023-427,29-Sep-2023 00:00,UTC,
146,2023-09-29 00:00:00,7440571a-841a-11ed-aa7c-7003bca91a86,4677,MV0001-05221,Gasket,COMP-1768374767834-dbncpiany,601.053,ME Turbochargers,SP-601.053-221,CONSUME,-1,1,480b40d0-04bd-4590-a936-2f879b867977,Consumed for WO WO-601.053-2023-427,WO-601.053-2023-427,29-Sep-2023 00:00,UTC,
147,2023-09-29 00:00:00,7440571a-841a-11ed-aa7c-7003bca91a86,4658,MV0001-05202,Thrust Bearing Complete,COMP-1768374767834-dbncpiany,601.053,ME Turbochargers,SP-601.053-202,CONSUME,-1,4,6084f3b8-85dc-462a-b045-111d2b2e6d0e,Consumed for WO WO-601.053-2023-427,WO-601.053-2023-427,29-Sep-2023 00:00,UTC,
148,2023-09-29 00:00:00,7440571a-841a-11ed-aa7c-7003bca91a86,4668,MV0001-05212,LO Inlet Pipe,COMP-1768374767834-dbncpiany,601.053,ME Turbochargers,SP-601.053-212,CONSUME,-2,1,6084f3b8-85dc-462a-b045-111d2b2e6d0e,Consumed for WO UWO-41-2023-567,UWO-41-2023-567,29-Sep-2023 00:00,UTC,
2281,2023-09-29 00:00:00,7440571a-841a-11ed-aa7c-7003bca91a86,4859,MV0001-05403,Seal Ring,COMP-1768374767907-73hq6hda8,801.001,Clean Ballast Pumps,SP-801.001-403,CONSUME,-1,4,2nd Engineer,Consumed during maintenance - UWO-41-2023-567,UWO-41-2023-567,29-Sep-2023,UTC,
2408,2023-09-29 00:00:00,7440571a-841a-11ed-aa7c-7003bca91a86,4871,MV0001-05415,Snap Ring,COMP-1768374767907-73hq6hda8,801.001,Clean Ballast Pumps,SP-801.001-415,CONSUME,-2,3,2nd Engineer,Consumed during maintenance - UWO-403.006-2023-590,UWO-403.006-2023-590,29-Sep-2023,UTC,
2409,2023-09-29 00:00:00,7440571a-841a-11ed-aa7c-7003bca91a86,4657,MV0001-05201,Nut,COMP-1768374767827-g6k9lk4to,601.016,ME Tiebolts,SP-601.016-201,CONSUME,-1,4,2nd Engineer,Consumed during maintenance - UWO-403.006-2023-590,UWO-403.006-2023-590,29-Sep-2023,UTC,
1974,2023-09-27 00:00:00,7440571a-841a-11ed-aa7c-7003bca91a86,4890,MV0001-05434,Packing Ring,COMP-1768374767907-73hq6hda8,801.001,Clean Ballast Pumps,SP-801.001-434,CONSUME,-2,3,3rd Engineer,Consumed during maintenance - UWO-721.003-2023-664,UWO-721.003-2023-664,27-Sep-2023,UTC,
2831,2023-09-24 00:00:00,7440571a-841a-11ed-aa7c-7003bca91a86,5108,MV0001-05652,O-Ring,COMP-1768374767845-490ayszf9,601.064,ME Turning Gear,SP-601.064-652,CONSUME,-2,4,4th Engineer,Consumed during maintenance - MKR-IN-00065-601.064-2023-014,MKR-IN-00065-601.064-2023-014,24-Sep-2023,UTC,
2832,2023-09-24 00:00:00,7440571a-841a-11ed-aa7c-7003bca91a86,5107,MV0001-05651,Gasket,COMP-1768374767845-490ayszf9,601.064,ME Turning Gear,SP-601.064-651,CONSUME,-1,8,4th Engineer,Consumed during maintenance - MKR-IN-00065-601.064-2023-014,MKR-IN-00065-601.064-2023-014,24-Sep-2023,UTC,
1955,2023-09-22 00:00:00,7440571a-841a-11ed-aa7c-7003bca91a86,5414,MV0001-05958,Spool,COMP-1768374768525-zyps62yum,712.011.02,LO Separators No.02,SP-702.005.01-958,CONSUME,-1,4,2nd Engineer,Consumed during maintenance - UWO-652.020.01-2023-658,UWO-652.020.01-2023-658,22-Sep-2023,UTC,
2159,2023-09-22 00:00:00,7440571a-841a-11ed-aa7c-7003bca91a86,5566,MV0001-06110,Key For Coupling,COMP-1768374767795-1qyq8qvkb,721.001.02,Main Sw Cooling Pumps No.02,SP-721.001.01-1110,CONSUME,-1,4,3rd Engineer,Consumed during maintenance - WO-702.005.02-2023-192,WO-702.005.02-2023-192,22-Sep-2023,UTC,
2160,2023-09-22 00:00:00,7440571a-841a-11ed-aa7c-7003bca91a86,4460,MV0001-05004,Rudder Stock Nut,COMP-1768374767799-zs6hrf8cm,401.005,Rudders W/Nozzle,SP-401.005-004,CONSUME,-2,3,3rd Engineer,Consumed during maintenance - WO-702.005.02-2023-192,WO-702.005.02-2023-192,22-Sep-2023,UTC,
144,2023-09-21 00:00:00,7440571a-841a-11ed-aa7c-7003bca91a86,4655,MV0001-05199,Locking Wire,COMP-1768374767827-g6k9lk4to,601.016,ME Tiebolts,SP-601.016-199,CONSUME,-2,3,228b5256-5bd2-4bf3-826f-c6fe76571449,Consumed for WO UWO-652.001-2023-803,UWO-652.001-2023-803,21-Sep-2023 00:00,UTC,
2126,2023-09-21 00:00:00,7440571a-841a-11ed-aa7c-7003bca91a86,4917,MV0001-05461,Plug,COMP-1768374767907-73hq6hda8,801.001,Clean Ballast Pumps,SP-801.001-461,CONSUME,-2,3,4th Engineer,Consumed during maintenance - UWO-652.001-2023-803,UWO-652.001-2023-803,21-Sep-2023,UTC,
2127,2023-09-21 00:00:00,7440571a-841a-11ed-aa7c-7003bca91a86,5232,MV0001-05776,Nozzle Joint,COMP-1768374768525-zyps62yum,712.011.02,LO Separators No.02,SP-702.005.01-776,CONSUME,-1,3,4th Engineer,Consumed during maintenance - UWO-652.001-2023-803,UWO-652.001-2023-803,21-Sep-2023,UTC,
2173,2023-09-20 00:00:00,7440571a-841a-11ed-aa7c-7003bca91a86,4798,MV0001-05342,PMG Bolt,COMP-1768374767899-slkigc1i8,665.001,"Emergency Generator Aggregates, Complete",SP-665.001-342,CONSUME,-2,3,4th Engineer,Consumed during maintenance - UWO-651.001-2023-504,UWO-651.001-2023-504,20-Sep-2023,UTC,
143,2023-09-19 00:00:00,7440571a-841a-11ed-aa7c-7003bca91a86,4732,MV0001-05276,Frame Cover Top,COMP-1768374767899-slkigc1i8,665.001,"Emergency Generator Aggregates, Complete",SP-665.001-276,CONSUME,-2,3,056a433e-b880-43c6-9d59-b1cfe71a4014,Consumed for WO WO-702.005.02-2023-191,WO-702.005.02-2023-191,19-Sep-2023 00:00,UTC,
2022,2023-09-18 00:00:00,7440571a-841a-11ed-aa7c-7003bca91a86,5554,MV0001-06098,Coupling Bolt Complete,COMP-1768374767795-1qyq8qvkb,721.001.02,Main Sw Cooling Pumps No.02,SP-721.001.01-1098,CONSUME,-2,3,2nd Engineer,Consumed during maintenance - MKR-OV-00025-652.004.06-2023-082,MKR-OV-00025-652.004.06-2023-082,18-Sep-2023,UTC,
2617,2023-09-18 00:00:00,7440571a-841a-11ed-aa7c-7003bca91a86,5408,MV0001-05952,Pressure Gauge,COMP-1768374768525-zyps62yum,712.011.02,LO Separators No.02,SP-702.005.01-952,CONSUME,-1,3,Electrican,Consumed during maintenance - MKR-IN-00080-652.002.03-2023-628,MKR-IN-00080-652.002.03-2023-628,18-Sep-2023,UTC,
2205,2023-09-17 00:00:00,7440571a-841a-11ed-aa7c-7003bca91a86,5118,MV0001-05662,Cylinder Block,COMP-1768374768443-sj0hmblft,653.003.06,AE3 Cylinder Liners No.06,SP-651.003.01-662,CONSUME,-1,1,4th Engineer,Consumed during maintenance - UWO-702.005-2023-591,UWO-702.005-2023-591,17-Sep-2023,UTC,
2174,2023-09-16 00:00:00,7440571a-841a-11ed-aa7c-7003bca91a86,5061,MV0001-05605,Cross Head Pin Bearing,COMP-1768374767994-apqr6kc7v,601.002.06,ME Cylinder Covers W/Valves No.06,SP-601.002.01-605,CONSUME,-1,4,Chief Engineer,Consumed during maintenance - MKR-IN-00063-601.004.03-2023-327,MKR-IN-00063-601.004.03-2023-327,16-Sep-2023,UTC,
2334,2023-09-16 00:00:00,7440571a-841a-11ed-aa7c-7003bca91a86,5504,MV0001-06048,Ball Bearing,COMP-1768374767795-1qyq8qvkb,721.001.02,Main Sw Cooling Pumps No.02,SP-721.001.01-1048,CONSUME,-1,4,Chief Engineer,Consumed during maintenance - MKR-IN-00076-601.005.01-2023-387,MKR-IN-00076-601.005.01-2023-387,16-Sep-2023,UTC,
2335,2023-09-16 00:00:00,7440571a-841a-11ed-aa7c-7003bca91a86,5158,MV0001-05702,Cylinder Liner,COMP-1768374768505-jktu58f2h,653.020.07,AE3 Crankcase Doors W/Safety Valve No.07,SP-651.020.01-702,CONSUME,-1,4,Chief Engineer,Consumed during maintenance - MKR-IN-00076-601.005.01-2023-387,MKR-IN-00076-601.005.01-2023-387,16-Sep-2023,UTC,
2759,2023-09-16 00:00:00,7440571a-841a-11ed-aa7c-7003bca91a86,4597,MV0001-05141,Reduction,COMP-1768374767802-sjje0yq3o,403.001,"Steering Gears, Complete",SP-403.001-141,CONSUME,-2,1,2nd Engineer,Consumed during maintenance - MKR-IN-00072-285.001.06-2023-210,MKR-IN-00072-285.001.06-2023-210,16-Sep-2023,UTC,
2104,2023-09-14 00:00:00,7440571a-841a-11ed-aa7c-7003bca91a86,5187,MV0001-05731,O-Ring,COMP-1768374768525-zyps62yum,712.011.02,LO Separators No.02,SP-702.005.01-731,CONSUME,-2,3,2nd Engineer,Consumed during maintenance - UWO-601.026.02-2023-863,UWO-601.026.02-2023-863,14-Sep-2023,UTC,
2105,2023-09-14 00:00:00,7440571a-841a-11ed-aa7c-7003bca91a86,4974,MV0001-05518,Bolt,COMP-1768374767967-jb4k6wuji,554.003.02,Compressors W/Drive Unit No.02,SP-554.003.01-518,CONSUME,-2,3,2nd Engineer,Consumed during maintenance - UWO-601.026.02-2023-863,UWO-601.026.02-2023-863,14-Sep-2023,UTC,
770,2023-09-13 00:00:00,7440571a-841a-11ed-aa7c-7003bca91a86,4508,MV0001-05052,hii,COMP-1768374767799-zs6hrf8cm,401.005,Rudders W/Nozzle,SP-401.005-052,RECEIVE,5,7,228b5256-5bd2-4bf3-826f-c6fe76571449,Received from Atlas Marine Parts at Colombo,PO-2023-8336,13-Sep-2023 00:00,UTC,Colombo
771,2023-09-13 00:00:00,7440571a-841a-11ed-aa7c-7003bca91a86,4459,MV0001-05003,Rudder Stock,COMP-1768374767799-zs6hrf8cm,401.005,Rudders W/Nozzle,SP-401.005-003,RECEIVE,2,6,228b5256-5bd2-4bf3-826f-c6fe76571449,Received from Atlas Marine Parts at Colombo,PO-2023-8708,13-Sep-2023 00:00,UTC,Colombo
772,2023-09-13 00:00:00,7440571a-841a-11ed-aa7c-7003bca91a86,4465,MV0001-05009,Drain Plug,COMP-1768374767799-zs6hrf8cm,401.005,Rudders W/Nozzle,SP-401.005-009,RECEIVE,1,8,228b5256-5bd2-4bf3-826f-c6fe76571449,Received from Atlas Marine Parts at Colombo,PO-2023-1998,13-Sep-2023 00:00,UTC,Colombo
773,2023-09-13 00:00:00,7440571a-841a-11ed-aa7c-7003bca91a86,4466,MV0001-05010,Hydraulic Oil Plug,COMP-1768374767799-zs6hrf8cm,401.005,Rudders W/Nozzle,SP-401.005-010,RECEIVE,1,5,228b5256-5bd2-4bf3-826f-c6fe76571449,Received from Atlas Marine Parts at Colombo,PO-2023-9986,13-Sep-2023 00:00,UTC,Colombo
774,2023-09-13 00:00:00,7440571a-841a-11ed-aa7c-7003bca91a86,4476,MV0001-05020,Rudder Blade,COMP-1768374767799-zs6hrf8cm,401.005,Rudders W/Nozzle,SP-401.005-020,RECEIVE,5,10,228b5256-5bd2-4bf3-826f-c6fe76571449,Received from Atlas Marine Parts at Colombo,PO-2023-6419,13-Sep-2023 00:00,UTC,Colombo
775,2023-09-13 00:00:00,7440571a-841a-11ed-aa7c-7003bca91a86,4479,MV0001-05023,Hydraulic Jack,COMP-1768374767799-zs6hrf8cm,401.005,Rudders W/Nozzle,SP-401.005-023,RECEIVE,3,9,228b5256-5bd2-4bf3-826f-c6fe76571449,Received from Atlas Marine Parts at Colombo,PO-2023-9279,13-Sep-2023 00:00,UTC,Colombo
776,2023-09-13 00:00:00,7440571a-841a-11ed-aa7c-7003bca91a86,4481,MV0001-05025,Gudgeon,COMP-1768374767799-zs6hrf8cm,401.005,Rudders W/Nozzle,SP-401.005-025,RECEIVE,4,8,228b5256-5bd2-4bf3-826f-c6fe76571449,Received from Atlas Marine Parts at Colombo,PO-2023-3258,13-Sep-2023 00:00,UTC,Colombo
777,2023-09-13 00:00:00,7440571a-841a-11ed-aa7c-7003bca91a86,4515,MV0001-05059,Nut,COMP-1768374767799-zs6hrf8cm,401.005,Rudders W/Nozzle,SP-401.005-059,RECEIVE,5,5,228b5256-5bd2-4bf3-826f-c6fe76571449,Received from Atlas Marine Parts at Colombo,PO-2023-0348,13-Sep-2023 00:00,UTC,Colombo
778,2023-09-13 00:00:00,7440571a-841a-11ed-aa7c-7003bca91a86,4538,MV0001-05082,Pressure Valve,COMP-1768374767802-sjje0yq3o,403.001,"Steering Gears, Complete",SP-403.001-082,RECEIVE,2,6,228b5256-5bd2-4bf3-826f-c6fe76571449,Received from Atlas Marine Parts at Colombo,PO-2023-1449,13-Sep-2023 00:00,UTC,Colombo
779,2023-09-13 00:00:00,7440571a-841a-11ed-aa7c-7003bca91a86,4550,MV0001-05094,Vent. Plug ER,COMP-1768374767802-sjje0yq3o,403.001,"Steering Gears, Complete",SP-403.001-094,RECEIVE,1,5,228b5256-5bd2-4bf3-826f-c6fe76571449,Received from Atlas Marine Parts at Colombo,PO-2023-3614,13-Sep-2023 00:00,UTC,Colombo
780,2023-09-13 00:00:00,7440571a-841a-11ed-aa7c-7003bca91a86,4567,MV0001-05111,Cyl. Head Screw,COMP-1768374767802-sjje0yq3o,403.001,"Steering Gears, Complete",SP-403.001-111,RECEIVE,3,12,228b5256-5bd2-4bf3-826f-c6fe76571449,Received from Atlas Marine Parts at Colombo,PO-2023-2010,13-Sep-2023 00:00,UTC,Colombo
781,2023-09-13 00:00:00,7440571a-841a-11ed-aa7c-7003bca91a86,4587,MV0001-05131,Flange SAE,COMP-1768374767802-sjje0yq3o,403.001,"Steering Gears, Complete",SP-403.001-131,RECEIVE,1,6,228b5256-5bd2-4bf3-826f-c6fe76571449,Received from Atlas Marine Parts at Colombo,PO-2023-1771,13-Sep-2023 00:00,UTC,Colombo
782,2023-09-13 00:00:00,7440571a-841a-11ed-aa7c-7003bca91a86,4596,MV0001-05140,Washer,COMP-1768374767802-sjje0yq3o,403.001,"Steering Gears, Complete",SP-403.001-140,RECEIVE,4,9,228b5256-5bd2-4bf3-826f-c6fe76571449,Received from Atlas Marine Parts at Colombo,PO-2023-1949,13-Sep-2023 00:00,UTC,Colombo
783,2023-09-13 00:00:00,7440571a-841a-11ed-aa7c-7003bca91a86,4606,MV0001-05150,Plug,COMP-1768374767802-sjje0yq3o,403.001,"Steering Gears, Complete",SP-403.001-150,RECEIVE,2,12,228b5256-5bd2-4bf3-826f-c6fe76571449,Received from Atlas Marine Parts at Colombo,PO-2023-1356,13-Sep-2023 00:00,UTC,Colombo
784,2023-09-13 00:00:00,7440571a-841a-11ed-aa7c-7003bca91a86,4607,MV0001-05151,Pump Cartridge,COMP-1768374767802-sjje0yq3o,403.001,"Steering Gears, Complete",SP-403.001-151,RECEIVE,4,11,228b5256-5bd2-4bf3-826f-c6fe76571449,Received from Atlas Marine Parts at Colombo,PO-2023-6843,13-Sep-2023 00:00,UTC,Colombo
785,2023-09-13 00:00:00,7440571a-841a-11ed-aa7c-7003bca91a86,4636,MV0001-05180,Lens,COMP-1768374767815-k5anrfi02,554.001,Provision Cooling Compressor Aggregates,SP-554.001-180,RECEIVE,4,13,228b5256-5bd2-4bf3-826f-c6fe76571449,Received from Atlas Marine Parts at Colombo,PO-2023-9776,13-Sep-2023 00:00,UTC,Colombo
786,2023-09-13 00:00:00,7440571a-841a-11ed-aa7c-7003bca91a86,4641,MV0001-05185,Over Current Relay,COMP-1768374767815-k5anrfi02,554.001,Provision Cooling Compressor Aggregates,SP-554.001-185,RECEIVE,3,6,228b5256-5bd2-4bf3-826f-c6fe76571449,Received from Atlas Marine Parts at Colombo,PO-2023-8865,13-Sep-2023 00:00,UTC,Colombo
787,2023-09-13 00:00:00,7440571a-841a-11ed-aa7c-7003bca91a86,4642,MV0001-05186,Magnetic Contactor,COMP-1768374767815-k5anrfi02,554.001,Provision Cooling Compressor Aggregates,SP-554.001-186,RECEIVE,3,6,228b5256-5bd2-4bf3-826f-c6fe76571449,Received from Atlas Marine Parts at Colombo,PO-2023-4376,13-Sep-2023 00:00,UTC,Colombo
788,2023-09-13 00:00:00,7440571a-841a-11ed-aa7c-7003bca91a86,4683,MV0001-05227,O-Ring,COMP-1768374767834-dbncpiany,601.053,ME Turbochargers,SP-601.053-227,RECEIVE,3,6,228b5256-5bd2-4bf3-826f-c6fe76571449,Received from Atlas Marine Parts at Colombo,PO-2023-8466,13-Sep-2023 00:00,UTC,Colombo
789,2023-09-13 00:00:00,7440571a-841a-11ed-aa7c-7003bca91a86,4685,MV0001-05229,Thread End Taper Pin,COMP-1768374767834-dbncpiany,601.053,ME Turbochargers,SP-601.053-229,RECEIVE,4,13,228b5256-5bd2-4bf3-826f-c6fe76571449,Received from Atlas Marine Parts at Colombo,PO-2023-8279,13-Sep-2023 00:00,UTC,Colombo
790,2023-09-13 00:00:00,7440571a-841a-11ed-aa7c-7003bca91a86,4692,MV0001-05236,Expansion Joint,COMP-1768374767837-m3bhk56ru,601.059,ME Exhaust Gas Manifolds/Pipes W/Insulation,SP-601.059-236,RECEIVE,3,8,228b5256-5bd2-4bf3-826f-c6fe76571449,Received from Atlas Marine Parts at Colombo,PO-2023-5979,13-Sep-2023 00:00,UTC,Colombo
791,2023-09-13 00:00:00,7440571a-841a-11ed-aa7c-7003bca91a86,4696,MV0001-05240,Support,COMP-1768374767837-m3bhk56ru,601.059,ME Exhaust Gas Manifolds/Pipes W/Insulation,SP-601.059-240,RECEIVE,3,5,228b5256-5bd2-4bf3-826f-c6fe76571449,Received from Atlas Marine Parts at Colombo,PO-2023-6217,13-Sep-2023 00:00,UTC,Colombo
792,2023-09-13 00:00:00,7440571a-841a-11ed-aa7c-7003bca91a86,4700,MV0001-05244,Gasket,COMP-1768374767837-m3bhk56ru,601.059,ME Exhaust Gas Manifolds/Pipes W/Insulation,SP-601.059-244,RECEIVE,5,10,228b5256-5bd2-4bf3-826f-c6fe76571449,Received from Atlas Marine Parts at Colombo,PO-2023-9781,13-Sep-2023 00:00,UTC,Colombo
793,2023-09-13 00:00:00,7440571a-841a-11ed-aa7c-7003bca91a86,4745,MV0001-05289,Lifting Lug-Drive End,COMP-1768374767899-slkigc1i8,665.001,"Emergency Generator Aggregates, Complete",SP-665.001-289,RECEIVE,3,8,228b5256-5bd2-4bf3-826f-c6fe76571449,Received from Atlas Marine Parts at Colombo,PO-2023-2413,13-Sep-2023 00:00,UTC,Colombo
794,2023-09-13 00:00:00,7440571a-841a-11ed-aa7c-7003bca91a86,4746,MV0001-05290,Lifting Lug -Non Drive End,COMP-1768374767899-slkigc1i8,665.001,"Emergency Generator Aggregates, Complete",SP-665.001-290,RECEIVE,3,12,228b5256-5bd2-4bf3-826f-c6fe76571449,Received from Atlas Marine Parts at Colombo,PO-2023-1208,13-Sep-2023 00:00,UTC,Colombo
795,2023-09-13 00:00:00,7440571a-841a-11ed-aa7c-7003bca91a86,4773,MV0001-05317,Terminal Box Lid,COMP-1768374767899-slkigc1i8,665.001,"Emergency Generator Aggregates, Complete",SP-665.001-317,RECEIVE,5,14,228b5256-5bd2-4bf3-826f-c6fe76571449,Received from Atlas Marine Parts at Colombo,PO-2023-7061,13-Sep-2023 00:00,UTC,Colombo
796,2023-09-13 00:00:00,7440571a-841a-11ed-aa7c-7003bca91a86,4778,MV0001-05322,Automatic Voltage Regulator Mounting Bracket,COMP-1768374767899-slkigc1i8,665.001,"Emergency Generator Aggregates, Complete",SP-665.001-322,RECEIVE,2,6,228b5256-5bd2-4bf3-826f-c6fe76571449,Received from Atlas Marine Parts at Colombo,PO-2023-2094,13-Sep-2023 00:00,UTC,Colombo
797,2023-09-13 00:00:00,7440571a-841a-11ed-aa7c-7003bca91a86,4782,MV0001-05326,Diode-Forward Polarity,COMP-1768374767899-slkigc1i8,665.001,"Emergency Generator Aggregates, Complete",SP-665.001-326,RECEIVE,5,10,228b5256-5bd2-4bf3-826f-c6fe76571449,Received from Atlas Marine Parts at Colombo,PO-2023-5737,13-Sep-2023 00:00,UTC,Colombo
798,2023-09-13 00:00:00,7440571a-841a-11ed-aa7c-7003bca91a86,4793,MV0001-05337,Automatic Voltage Regulator Access Cover,COMP-1768374767899-slkigc1i8,665.001,"Emergency Generator Aggregates, Complete",SP-665.001-337,RECEIVE,2,7,228b5256-5bd2-4bf3-826f-c6fe76571449,Received from Atlas Marine Parts at Colombo,PO-2023-2147,13-Sep-2023 00:00,UTC,Colombo
799,2023-09-13 00:00:00,7440571a-841a-11ed-aa7c-7003bca91a86,4795,MV0001-05339,Auxiliary Terminal Assembly,COMP-1768374767899-slkigc1i8,665.001,"Emergency Generator Aggregates, Complete",SP-665.001-339,RECEIVE,4,9,228b5256-5bd2-4bf3-826f-c6fe76571449,Received from Atlas Marine Parts at Colombo,PO-2023-7129,13-Sep-2023 00:00,UTC,Colombo
800,2023-09-13 00:00:00,7440571a-841a-11ed-aa7c-7003bca91a86,4798,MV0001-05342,PMG Bolt,COMP-1768374767899-slkigc1i8,665.001,"Emergency Generator Aggregates, Complete",SP-665.001-342,RECEIVE,4,18,228b5256-5bd2-4bf3-826f-c6fe76571449,Received from Atlas Marine Parts at Colombo,PO-2023-9004,13-Sep-2023 00:00,UTC,Colombo
801,2023-09-13 00:00:00,7440571a-841a-11ed-aa7c-7003bca91a86,4814,MV0001-05358,Foot,COMP-1768374767899-slkigc1i8,665.001,"Emergency Generator Aggregates, Complete",SP-665.001-358,RECEIVE,2,7,228b5256-5bd2-4bf3-826f-c6fe76571449,Received from Atlas Marine Parts at Colombo,PO-2023-6962,13-Sep-2023 00:00,UTC,Colombo
802,2023-09-13 00:00:00,7440571a-841a-11ed-aa7c-7003bca91a86,4825,MV0001-05369,Varistor,COMP-1768374767899-slkigc1i8,665.001,"Emergency Generator Aggregates, Complete",SP-665.001-369,RECEIVE,4,13,228b5256-5bd2-4bf3-826f-c6fe76571449,Received from Atlas Marine Parts at Colombo,PO-2023-7050,13-Sep-2023 00:00,UTC,Colombo
803,2023-09-13 00:00:00,7440571a-841a-11ed-aa7c-7003bca91a86,4844,MV0001-05388,Bearing Inner Case,COMP-1768374767907-73hq6hda8,801.001,Clean Ballast Pumps,SP-801.001-388,RECEIVE,1,5,228b5256-5bd2-4bf3-826f-c6fe76571449,Received from Atlas Marine Parts at Colombo,PO-2023-5440,13-Sep-2023 00:00,UTC,Colombo
804,2023-09-13 00:00:00,7440571a-841a-11ed-aa7c-7003bca91a86,4848,MV0001-05392,Impeller Key,COMP-1768374767907-73hq6hda8,801.001,Clean Ballast Pumps,SP-801.001-392,RECEIVE,4,10,228b5256-5bd2-4bf3-826f-c6fe76571449,Received from Atlas Marine Parts at Colombo,PO-2023-3367,13-Sep-2023 00:00,UTC,Colombo
805,2023-09-13 00:00:00,7440571a-841a-11ed-aa7c-7003bca91a86,4865,MV0001-05409,Packing,COMP-1768374767907-73hq6hda8,801.001,Clean Ballast Pumps,SP-801.001-409,RECEIVE,5,10,228b5256-5bd2-4bf3-826f-c6fe76571449,Received from Atlas Marine Parts at Colombo,PO-2023-5079,13-Sep-2023 00:00,UTC,Colombo
806,2023-09-13 00:00:00,7440571a-841a-11ed-aa7c-7003bca91a86,4892,MV0001-05436,Sleeve,COMP-1768374767907-73hq6hda8,801.001,Clean Ballast Pumps,SP-801.001-436,RECEIVE,2,13,228b5256-5bd2-4bf3-826f-c6fe76571449,Received from Atlas Marine Parts at Colombo,PO-2023-3993,13-Sep-2023 00:00,UTC,Colombo
807,2023-09-13 00:00:00,7440571a-841a-11ed-aa7c-7003bca91a86,4893,MV0001-05437,Sleeve,COMP-1768374767907-73hq6hda8,801.001,Clean Ballast Pumps,SP-801.001-437,RECEIVE,5,9,228b5256-5bd2-4bf3-826f-c6fe76571449,Received from Atlas Marine Parts at Colombo,PO-2023-8286,13-Sep-2023 00:00,UTC,Colombo
808,2023-09-13 00:00:00,7440571a-841a-11ed-aa7c-7003bca91a86,4896,MV0001-05440,Coupling Flange,COMP-1768374767907-73hq6hda8,801.001,Clean Ballast Pumps,SP-801.001-440,RECEIVE,4,12,228b5256-5bd2-4bf3-826f-c6fe76571449,Received from Atlas Marine Parts at Colombo,PO-2023-1924,13-Sep-2023 00:00,UTC,Colombo
809,2023-09-13 00:00:00,7440571a-841a-11ed-aa7c-7003bca91a86,4898,MV0001-05442,Hub,COMP-1768374767907-73hq6hda8,801.001,Clean Ballast Pumps,SP-801.001-442,RECEIVE,2,9,228b5256-5bd2-4bf3-826f-c6fe76571449,Received from Atlas Marine Parts at Colombo,PO-2023-2751,13-Sep-2023 00:00,UTC,Colombo
810,2023-09-13 00:00:00,7440571a-841a-11ed-aa7c-7003bca91a86,4902,MV0001-05446,Coupling Bolt Nut And Washer,COMP-1768374767907-73hq6hda8,801.001,Clean Ballast Pumps,SP-801.001-446,RECEIVE,1,6,228b5256-5bd2-4bf3-826f-c6fe76571449,Received from Atlas Marine Parts at Colombo,PO-2023-6949,13-Sep-2023 00:00,UTC,Colombo
811,2023-09-13 00:00:00,7440571a-841a-11ed-aa7c-7003bca91a86,4908,MV0001-05452,Cover And Packing,COMP-1768374767907-73hq6hda8,801.001,Clean Ballast Pumps,SP-801.001-452,RECEIVE,2,11,228b5256-5bd2-4bf3-826f-c6fe76571449,Received from Atlas Marine Parts at Colombo,PO-2023-7946,13-Sep-2023 00:00,UTC,Colombo
812,2023-09-13 00:00:00,7440571a-841a-11ed-aa7c-7003bca91a86,4922,MV0001-05466,Oil Seal,COMP-1768374767907-73hq6hda8,801.001,Clean Ballast Pumps,SP-801.001-466,RECEIVE,1,5,228b5256-5bd2-4bf3-826f-c6fe76571449,Received from Atlas Marine Parts at Colombo,PO-2023-4012,13-Sep-2023 00:00,UTC,Colombo
813,2023-09-13 00:00:00,7440571a-841a-11ed-aa7c-7003bca91a86,4925,MV0001-05469,Oil Seal,COMP-1768374767907-73hq6hda8,801.001,Clean Ballast Pumps,SP-801.001-469,RECEIVE,2,4,228b5256-5bd2-4bf3-826f-c6fe76571449,Received from Atlas Marine Parts at Colombo,PO-2023-9502,13-Sep-2023 00:00,UTC,Colombo
814,2023-09-13 00:00:00,7440571a-841a-11ed-aa7c-7003bca91a86,4948,MV0001-05492,Bearing Holder,COMP-1768374767967-jb4k6wuji,554.003.02,Compressors W/Drive Unit No.02,SP-554.003.01-492,RECEIVE,2,8,228b5256-5bd2-4bf3-826f-c6fe76571449,Received from Atlas Marine Parts at Colombo,PO-2023-6638,13-Sep-2023 00:00,UTC,Colombo
815,2023-09-13 00:00:00,7440571a-841a-11ed-aa7c-7003bca91a86,4950,MV0001-05494,Valve Plate Assembly,COMP-1768374767967-jb4k6wuji,554.003.02,Compressors W/Drive Unit No.02,SP-554.003.01-494,RECEIVE,1,11,228b5256-5bd2-4bf3-826f-c6fe76571449,Received from Atlas Marine Parts at Colombo,PO-2023-6868,13-Sep-2023 00:00,UTC,Colombo
816,2023-09-13 00:00:00,7440571a-841a-11ed-aa7c-7003bca91a86,4951,MV0001-05495,Suction Valve,COMP-1768374767967-jb4k6wuji,554.003.02,Compressors W/Drive Unit No.02,SP-554.003.01-495,RECEIVE,5,10,228b5256-5bd2-4bf3-826f-c6fe76571449,Received from Atlas Marine Parts at Colombo,PO-2023-8779,13-Sep-2023 00:00,UTC,Colombo
2336,2023-09-13 00:00:00,7440571a-841a-11ed-aa7c-7003bca91a86,5087,MV0001-05631,Measuring Insert,COMP-1768374768201-mvmpi8w24,601.026.06,ME Hp Fuel Pumps No.06,SP-601.026.01-631,CONSUME,-1,3,Chief Engineer,Consumed during maintenance - MKR-IN-00085-652.003.03-2023-653,MKR-IN-00085-652.003.03-2023-653,13-Sep-2023,UTC,
2659,2023-09-13 00:00:00,7440571a-841a-11ed-aa7c-7003bca91a86,5180,MV0001-05724,Oil Gauge Retainer,COMP-1768374768525-zyps62yum,712.011.02,LO Separators No.02,SP-702.005.01-724,CONSUME,-2,2,Chief Engineer,Consumed during maintenance - MKR-OV-00025-653.004.01-2023-111,MKR-OV-00025-653.004.01-2023-111,13-Sep-2023,UTC,
2660,2023-09-13 00:00:00,7440571a-841a-11ed-aa7c-7003bca91a86,5448,MV0001-05992,Pump Shaft,COMP-1768374768533-xnq4n84q4,712.013.02,LO Separator Booster Pumps No.02,SP-712.013.01-992,CONSUME,-2,3,Chief Engineer,Consumed during maintenance - MKR-OV-00025-653.004.01-2023-111,MKR-OV-00025-653.004.01-2023-111,13-Sep-2023,UTC,
2328,2023-09-12 00:00:00,7440571a-841a-11ed-aa7c-7003bca91a86,5241,MV0001-05785,Pin,COMP-1768374768525-zyps62yum,712.011.02,LO Separators No.02,SP-702.005.01-785,CONSUME,-1,4,3rd Engineer,Consumed during maintenance - WO-702.005.02-2023-190,WO-702.005.02-2023-190,12-Sep-2023,UTC,
2329,2023-09-12 00:00:00,7440571a-841a-11ed-aa7c-7003bca91a86,5132,MV0001-05676,Crankshaft Assembly,COMP-1768374768462-uelez69lg,653.004.06,AE3 Pistons And Connecting Rod No.06,SP-651.004.01-676,CONSUME,-1,4,3rd Engineer,Consumed during maintenance - WO-702.005.02-2023-190,WO-702.005.02-2023-190,12-Sep-2023,UTC,
142,2023-09-08 00:00:00,7440571a-841a-11ed-aa7c-7003bca91a86,4724,MV0001-05268,Bearing Non Drive End,COMP-1768374767899-slkigc1i8,665.001,"Emergency Generator Aggregates, Complete",SP-665.001-268,CONSUME,-1,4,6084f3b8-85dc-462a-b045-111d2b2e6d0e,Consumed for WO WO-653.003.06-2023-359,WO-653.003.06-2023-359,08-Sep-2023 00:00,UTC,
1925,2023-09-08 00:00:00,7440571a-841a-11ed-aa7c-7003bca91a86,5118,MV0001-05662,Cylinder Block,COMP-1768374768443-sj0hmblft,653.003.06,AE3 Cylinder Liners No.06,SP-651.003.01-662,CONSUME,-1,4,Chief Engineer,Consumed during maintenance - MKR-IN-00080-652.002.02-2023-608,MKR-IN-00080-652.002.02-2023-608,08-Sep-2023,UTC,
1926,2023-09-08 00:00:00,7440571a-841a-11ed-aa7c-7003bca91a86,4836,MV0001-05380,Cap Screw,COMP-1768374767899-slkigc1i8,665.001,"Emergency Generator Aggregates, Complete",SP-665.001-380,CONSUME,-2,3,Chief Engineer,Consumed during maintenance - MKR-IN-00080-652.002.02-2023-608,MKR-IN-00080-652.002.02-2023-608,08-Sep-2023,UTC,
2228,2023-09-08 00:00:00,7440571a-841a-11ed-aa7c-7003bca91a86,5024,MV0001-05568,Piston Ring,COMP-1768374767967-jb4k6wuji,554.003.02,Compressors W/Drive Unit No.02,SP-554.003.01-568,CONSUME,-2,1,2nd Engineer,Consumed during maintenance - MKR-IN-00050-554.003.02-2023-004,MKR-IN-00050-554.003.02-2023-004,08-Sep-2023,UTC,
2229,2023-09-08 00:00:00,7440571a-841a-11ed-aa7c-7003bca91a86,4976,MV0001-05520,Gasket,COMP-1768374767967-jb4k6wuji,554.003.02,Compressors W/Drive Unit No.02,SP-554.003.01-520,CONSUME,-2,3,2nd Engineer,Consumed during maintenance - MKR-IN-00050-554.003.02-2023-004,MKR-IN-00050-554.003.02-2023-004,08-Sep-2023,UTC,
2230,2023-09-08 00:00:00,7440571a-841a-11ed-aa7c-7003bca91a86,5021,MV0001-05565,Retaining Ring-18,COMP-1768374767967-jb4k6wuji,554.003.02,Compressors W/Drive Unit No.02,SP-554.003.01-565,CONSUME,-2,3,2nd Engineer,Consumed during maintenance - MKR-IN-00050-554.003.02-2023-004,MKR-IN-00050-554.003.02-2023-004,08-Sep-2023,UTC,
2053,2023-09-07 00:00:00,7440571a-841a-11ed-aa7c-7003bca91a86,5039,MV0001-05583,Nut,COMP-1768374767994-apqr6kc7v,601.002.06,ME Cylinder Covers W/Valves No.06,SP-601.002.01-583,CONSUME,-1,4,Chief Engineer,Consumed during maintenance - MKR-IN-00017-652.020.04-2023-100,MKR-IN-00017-652.020.04-2023-100,07-Sep-2023,UTC,
141,2023-09-02 00:00:00,7440571a-841a-11ed-aa7c-7003bca91a86,4494,MV0001-05038,Back-Up Ring,COMP-1768374767799-zs6hrf8cm,401.005,Rudders W/Nozzle,SP-401.005-038,CONSUME,-1,4,977621de-77d7-4892-ae27-adaebcc27d0b,Consumed for WO WO-651.003.01-2023-323,WO-651.003.01-2023-323,02-Sep-2023 00:00,UTC,
2323,2023-09-02 00:00:00,7440571a-841a-11ed-aa7c-7003bca91a86,5442,MV0001-05986,Side Cover,COMP-1768374768533-xnq4n84q4,712.013.02,LO Separator Booster Pumps No.02,SP-712.013.01-986,CONSUME,-2,3,Chief Engineer,Consumed during maintenance - MKR-IN-00063-601.004.03-2023-329,MKR-IN-00063-601.004.03-2023-329,02-Sep-2023,UTC,
2350,2023-08-30 00:00:00,7440571a-841a-11ed-aa7c-7003bca91a86,5170,MV0001-05714,Spring Washer,COMP-1768374768525-zyps62yum,712.011.02,LO Separators No.02,SP-702.005.01-714,CONSUME,-1,3,3rd Engineer,Consumed during maintenance - UWO-653.004.02-2023-796,UWO-653.004.02-2023-796,30-Aug-2023,UTC,
2351,2023-08-30 00:00:00,7440571a-841a-11ed-aa7c-7003bca91a86,5407,MV0001-05951,Body,COMP-1768374768525-zyps62yum,712.011.02,LO Separators No.02,SP-702.005.01-951,CONSUME,-2,2,3rd Engineer,Consumed during maintenance - UWO-653.004.02-2023-796,UWO-653.004.02-2023-796,30-Aug-2023,UTC,
2352,2023-08-30 00:00:00,7440571a-841a-11ed-aa7c-7003bca91a86,5242,MV0001-05786,O-Ring,COMP-1768374768525-zyps62yum,712.011.02,LO Separators No.02,SP-702.005.01-786,CONSUME,-1,4,3rd Engineer,Consumed during maintenance - UWO-653.004.02-2023-796,UWO-653.004.02-2023-796,30-Aug-2023,UTC,
2909,2023-08-28 00:00:00,7440571a-841a-11ed-aa7c-7003bca91a86,5122,MV0001-05666,Nut,COMP-1768374768443-sj0hmblft,653.003.06,AE3 Cylinder Liners No.06,SP-651.003.01-666,CONSUME,-1,3,Chief Engineer,Consumed during maintenance - MKR-IN-00072-285.001.04-2023-198,MKR-IN-00072-285.001.04-2023-198,28-Aug-2023,UTC,
140,2023-08-28 00:00:00,7440571a-841a-11ed-aa7c-7003bca91a86,4939,MV0001-05483,O-Ring,COMP-1768374767809-mr8172nux,411.002,X-Band Radar,SP-411.002-483,CONSUME,-2,8,480b40d0-04bd-4590-a936-2f879b867977,Consumed for WO WO-411.002-2023-403,WO-411.002-2023-403,28-Aug-2023 00:00,UTC,
138,2023-08-27 00:00:00,7440571a-841a-11ed-aa7c-7003bca91a86,4841,MV0001-05385,Bearing Housing,COMP-1768374767907-73hq6hda8,801.001,Clean Ballast Pumps,SP-801.001-385,CONSUME,-2,3,6084f3b8-85dc-462a-b045-111d2b2e6d0e,Consumed for WO WO-651.003.01-2023-322,WO-651.003.01-2023-322,27-Aug-2023 00:00,UTC,
139,2023-08-27 00:00:00,7440571a-841a-11ed-aa7c-7003bca91a86,4791,MV0001-05335,Foot Mounting Spacer,COMP-1768374767899-slkigc1i8,665.001,"Emergency Generator Aggregates, Complete",SP-665.001-335,CONSUME,-1,4,228b5256-5bd2-4bf3-826f-c6fe76571449,Consumed for WO UWO-702.005.02-2023-486,UWO-702.005.02-2023-486,27-Aug-2023 00:00,UTC,
2026,2023-08-27 00:00:00,7440571a-841a-11ed-aa7c-7003bca91a86,4551,MV0001-05095,Plug,COMP-1768374767802-sjje0yq3o,403.001,"Steering Gears, Complete",SP-403.001-095,CONSUME,-2,3,2nd Engineer,Consumed during maintenance - UWO-702.005.02-2023-486,UWO-702.005.02-2023-486,27-Aug-2023,UTC,
2215,2023-08-27 00:00:00,7440571a-841a-11ed-aa7c-7003bca91a86,5018,MV0001-05562,Elbow Joint,COMP-1768374767967-jb4k6wuji,554.003.02,Compressors W/Drive Unit No.02,SP-554.003.01-562,CONSUME,-2,3,3rd Engineer,Consumed during maintenance - UWO-65-2023-811,UWO-65-2023-811,27-Aug-2023,UTC,
2294,2023-08-27 00:00:00,7440571a-841a-11ed-aa7c-7003bca91a86,4915,MV0001-05459,Seat Packing,COMP-1768374767907-73hq6hda8,801.001,Clean Ballast Pumps,SP-801.001-459,CONSUME,-2,2,3rd Engineer,Consumed during maintenance - WO-702.005.02-2023-188,WO-702.005.02-2023-188,27-Aug-2023,UTC,
2301,2023-08-27 00:00:00,7440571a-841a-11ed-aa7c-7003bca91a86,4938,MV0001-05482,Gasket,COMP-1768374767805-z4lpo0038,411.001,S-Band Radar,SP-411.001-482,CONSUME,-1,5,2nd Officer,Consumed during maintenance - WO-411.001-2023-395,WO-411.001-2023-395,27-Aug-2023,UTC,
2381,2023-08-27 00:00:00,7440571a-841a-11ed-aa7c-7003bca91a86,4526,MV0001-05070,Grease Nipple,COMP-1768374767799-zs6hrf8cm,401.005,Rudders W/Nozzle,SP-401.005-070,CONSUME,-1,3,4th Engineer,Consumed during maintenance - UWO-702.005.01-2023-850,UWO-702.005.01-2023-850,27-Aug-2023,UTC,
2399,2023-08-27 00:00:00,7440571a-841a-11ed-aa7c-7003bca91a86,4677,MV0001-05221,Gasket,COMP-1768374767834-dbncpiany,601.053,ME Turbochargers,SP-601.053-221,CONSUME,-1,2,2nd Engineer,Consumed during maintenance - WO-601.053-2023-426,WO-601.053-2023-426,27-Aug-2023,UTC,
2811,2023-08-25 00:00:00,7440571a-841a-11ed-aa7c-7003bca91a86,5009,MV0001-05553,Service Valve-1,COMP-1768374767967-jb4k6wuji,554.003.02,Compressors W/Drive Unit No.02,SP-554.003.01-553,CONSUME,-2,3,2nd Engineer,Consumed during maintenance - MKR-OV-00012-601.003.04-2023-290,MKR-OV-00012-601.003.04-2023-290,25-Aug-2023,UTC,
2964,2023-08-24 00:00:00,7440571a-841a-11ed-aa7c-7003bca91a86,4945,MV0001-05489,Cylinder Cover,COMP-1768374767967-jb4k6wuji,554.003.02,Compressors W/Drive Unit No.02,SP-554.003.01-489,CONSUME,-1,4,Chief Engineer,Consumed during maintenance - MKR-IN-00018-651.020.03-2023-053,MKR-IN-00018-651.020.03-2023-053,24-Aug-2023,UTC,
2090,2023-08-24 00:00:00,7440571a-841a-11ed-aa7c-7003bca91a86,4532,MV0001-05076,Rotor Housing,COMP-1768374767802-sjje0yq3o,403.001,"Steering Gears, Complete",SP-403.001-076,CONSUME,-2,3,2nd Officer,Consumed during maintenance - UWO-285.001.07-2023-492,UWO-285.001.07-2023-492,24-Aug-2023,UTC,
2091,2023-08-24 00:00:00,7440571a-841a-11ed-aa7c-7003bca91a86,5112,MV0001-05656,O-Ring,COMP-1768374767879-whkjy1n4i,653.001,"Aux. Diesel Generator Aggregates, Complete No.03",SP-651.001-656,CONSUME,-2,7,2nd Officer,Consumed during maintenance - UWO-285.001.07-2023-492,UWO-285.001.07-2023-492,24-Aug-2023,UTC,
137,2023-08-23 00:00:00,7440571a-841a-11ed-aa7c-7003bca91a86,4834,MV0001-05378,Fan,COMP-1768374767899-slkigc1i8,665.001,"Emergency Generator Aggregates, Complete",SP-665.001-378,CONSUME,-2,3,228b5256-5bd2-4bf3-826f-c6fe76571449,Consumed for WO UWO-702.010.02-2023-555,UWO-702.010.02-2023-555,23-Aug-2023 00:00,UTC,
1934,2023-08-23 00:00:00,7440571a-841a-11ed-aa7c-7003bca91a86,5438,MV0001-05982,O-Ring,COMP-1768374768518-tf49j9qlz,702.010.02,DO Separator Booster Pumps No.02,SP-702.010.01-982,CONSUME,-1,4,2nd Engineer,Consumed during maintenance - UWO-702.010.02-2023-555,UWO-702.010.02-2023-555,23-Aug-2023,UTC,
2223,2023-08-23 00:00:00,7440571a-841a-11ed-aa7c-7003bca91a86,5286,MV0001-05830,Mist Cover,COMP-1768374768525-zyps62yum,712.011.02,LO Separators No.02,SP-702.005.01-830,CONSUME,-1,4,4th Engineer,Consumed during maintenance - MKR-IN-00085-651.003.05-2023-591,MKR-IN-00085-651.003.05-2023-591,23-Aug-2023,UTC,
2412,2023-08-23 00:00:00,7440571a-841a-11ed-aa7c-7003bca91a86,5554,MV0001-06098,Coupling Bolt Complete,COMP-1768374767795-1qyq8qvkb,721.001.02,Main Sw Cooling Pumps No.02,SP-721.001.01-1098,CONSUME,-1,2,4th Engineer,Consumed during maintenance - MKR-IN-00072-285.001.04-2023-193,MKR-IN-00072-285.001.04-2023-193,23-Aug-2023,UTC,
2413,2023-08-23 00:00:00,7440571a-841a-11ed-aa7c-7003bca91a86,4641,MV0001-05185,Over Current Relay,COMP-1768374767815-k5anrfi02,554.001,Provision Cooling Compressor Aggregates,SP-554.001-185,CONSUME,-2,3,4th Engineer,Consumed during maintenance - MKR-IN-00072-285.001.04-2023-193,MKR-IN-00072-285.001.04-2023-193,23-Aug-2023,UTC,
2591,2023-08-23 00:00:00,7440571a-841a-11ed-aa7c-7003bca91a86,5014,MV0001-05558,Washer,COMP-1768374767967-jb4k6wuji,554.003.02,Compressors W/Drive Unit No.02,SP-554.003.01-558,CONSUME,-2,0,4th Engineer,Consumed during maintenance - MKR-IN-00063-601.004.02-2023-320,MKR-IN-00063-601.004.02-2023-320,23-Aug-2023,UTC,
1929,2023-08-20 00:00:00,7440571a-841a-11ed-aa7c-7003bca91a86,4583,MV0001-05127,Housing,COMP-1768374767802-sjje0yq3o,403.001,"Steering Gears, Complete",SP-403.001-127,CONSUME,-1,4,3rd Engineer,Consumed during maintenance - WO-702.005.02-2023-187,WO-702.005.02-2023-187,20-Aug-2023,UTC,
136,2023-08-19 00:00:00,7440571a-841a-11ed-aa7c-7003bca91a86,4595,MV0001-05139,Sleeve,COMP-1768374767802-sjje0yq3o,403.001,"Steering Gears, Complete",SP-403.001-139,CONSUME,-1,4,977621de-77d7-4892-ae27-adaebcc27d0b,Consumed for WO UWO-601.002-2023-601,UWO-601.002-2023-601,19-Aug-2023 00:00,UTC,
2170,2023-08-19 00:00:00,7440571a-841a-11ed-aa7c-7003bca91a86,4740,MV0001-05284,Main Rectifier Assembly-Forward,COMP-1768374767899-slkigc1i8,665.001,"Emergency Generator Aggregates, Complete",SP-665.001-284,CONSUME,-1,4,Chief Engineer,Consumed during maintenance - UWO-601.002-2023-601,UWO-601.002-2023-601,19-Aug-2023,UTC,
2182,2023-08-18 00:00:00,7440571a-841a-11ed-aa7c-7003bca91a86,4952,MV0001-05496,Piston Ring,COMP-1768374767967-jb4k6wuji,554.003.02,Compressors W/Drive Unit No.02,SP-554.003.01-496,CONSUME,-2,2,2nd Engineer,Consumed during maintenance - MKR-IN-00085-652.003.04-2023-671,MKR-IN-00085-652.003.04-2023-671,18-Aug-2023,UTC,
2054,2023-08-17 00:00:00,7440571a-841a-11ed-aa7c-7003bca91a86,4722,MV0001-05266,Cover Non Drive End,COMP-1768374767899-slkigc1i8,665.001,"Emergency Generator Aggregates, Complete",SP-665.001-266,CONSUME,-2,3,3rd Engineer,Consumed during maintenance - UWO-712.011.01-2023-812,UWO-712.011.01-2023-812,17-Aug-2023,UTC,
2055,2023-08-17 00:00:00,7440571a-841a-11ed-aa7c-7003bca91a86,4689,MV0001-05233,Exhaust Pipe Complete,COMP-1768374767837-m3bhk56ru,601.059,ME Exhaust Gas Manifolds/Pipes W/Insulation,SP-601.059-233,CONSUME,-2,3,3rd Engineer,Consumed during maintenance - UWO-712.011.01-2023-812,UWO-712.011.01-2023-812,17-Aug-2023,UTC,
2217,2023-08-17 00:00:00,7440571a-841a-11ed-aa7c-7003bca91a86,4720,MV0001-05264,Exciter Stator,COMP-1768374767899-slkigc1i8,665.001,"Emergency Generator Aggregates, Complete",SP-665.001-264,CONSUME,-2,3,2nd Engineer,Consumed during maintenance - MKR-IN-00017-651.020.06-2023-059,MKR-IN-00017-651.020.06-2023-059,17-Aug-2023,UTC,
727,2023-08-13 00:00:00,7440571a-841a-11ed-aa7c-7003bca91a86,4470,MV0001-05014,Bolt,COMP-1768374767799-zs6hrf8cm,401.005,Rudders W/Nozzle,SP-401.005-014,RECEIVE,2,7,228b5256-5bd2-4bf3-826f-c6fe76571449,Received from Pacific Marine Parts at Mumbai,PO-2023-6137,13-Aug-2023 00:00,UTC,Mumbai
728,2023-08-13 00:00:00,7440571a-841a-11ed-aa7c-7003bca91a86,4489,MV0001-05033,Jack Cylinder,COMP-1768374767799-zs6hrf8cm,401.005,Rudders W/Nozzle,SP-401.005-033,RECEIVE,3,8,228b5256-5bd2-4bf3-826f-c6fe76571449,Received from Pacific Marine Parts at Mumbai,PO-2023-1829,13-Aug-2023 00:00,UTC,Mumbai
729,2023-08-13 00:00:00,7440571a-841a-11ed-aa7c-7003bca91a86,4496,MV0001-05040,Plug,COMP-1768374767799-zs6hrf8cm,401.005,Rudders W/Nozzle,SP-401.005-040,RECEIVE,4,15,228b5256-5bd2-4bf3-826f-c6fe76571449,Received from Pacific Marine Parts at Mumbai,PO-2023-1526,13-Aug-2023 00:00,UTC,Mumbai
730,2023-08-13 00:00:00,7440571a-841a-11ed-aa7c-7003bca91a86,4506,MV0001-05050,Trunk Plate,COMP-1768374767799-zs6hrf8cm,401.005,Rudders W/Nozzle,SP-401.005-050,RECEIVE,3,5,228b5256-5bd2-4bf3-826f-c6fe76571449,Received from Pacific Marine Parts at Mumbai,PO-2023-3328,13-Aug-2023 00:00,UTC,Mumbai
731,2023-08-13 00:00:00,7440571a-841a-11ed-aa7c-7003bca91a86,4514,MV0001-05058,Reamer Bolt,COMP-1768374767799-zs6hrf8cm,401.005,Rudders W/Nozzle,SP-401.005-058,RECEIVE,1,5,228b5256-5bd2-4bf3-826f-c6fe76571449,Received from Pacific Marine Parts at Mumbai,PO-2023-1037,13-Aug-2023 00:00,UTC,Mumbai
732,2023-08-13 00:00:00,7440571a-841a-11ed-aa7c-7003bca91a86,4546,MV0001-05090,O-Ring,COMP-1768374767802-sjje0yq3o,403.001,"Steering Gears, Complete",SP-403.001-090,RECEIVE,1,10,228b5256-5bd2-4bf3-826f-c6fe76571449,Received from Pacific Marine Parts at Mumbai,PO-2023-6830,13-Aug-2023 00:00,UTC,Mumbai
733,2023-08-13 00:00:00,7440571a-841a-11ed-aa7c-7003bca91a86,4549,MV0001-05093,Bonded Seal,COMP-1768374767802-sjje0yq3o,403.001,"Steering Gears, Complete",SP-403.001-093,RECEIVE,4,9,228b5256-5bd2-4bf3-826f-c6fe76571449,Received from Pacific Marine Parts at Mumbai,PO-2023-6322,13-Aug-2023 00:00,UTC,Mumbai
734,2023-08-13 00:00:00,7440571a-841a-11ed-aa7c-7003bca91a86,4588,MV0001-05132,Cyl. Head Screw,COMP-1768374767802-sjje0yq3o,403.001,"Steering Gears, Complete",SP-403.001-132,RECEIVE,1,6,228b5256-5bd2-4bf3-826f-c6fe76571449,Received from Pacific Marine Parts at Mumbai,PO-2023-7773,13-Aug-2023 00:00,UTC,Mumbai
735,2023-08-13 00:00:00,7440571a-841a-11ed-aa7c-7003bca91a86,4629,MV0001-05173,Digital Thermostat,COMP-1768374767815-k5anrfi02,554.001,Provision Cooling Compressor Aggregates,SP-554.001-173,RECEIVE,2,6,228b5256-5bd2-4bf3-826f-c6fe76571449,Received from Pacific Marine Parts at Mumbai,PO-2023-0960,13-Aug-2023 00:00,UTC,Mumbai
736,2023-08-13 00:00:00,7440571a-841a-11ed-aa7c-7003bca91a86,4636,MV0001-05180,Lens,COMP-1768374767815-k5anrfi02,554.001,Provision Cooling Compressor Aggregates,SP-554.001-180,RECEIVE,1,9,228b5256-5bd2-4bf3-826f-c6fe76571449,Received from Pacific Marine Parts at Mumbai,PO-2023-1984,13-Aug-2023 00:00,UTC,Mumbai
737,2023-08-13 00:00:00,7440571a-841a-11ed-aa7c-7003bca91a86,4637,MV0001-05181,Fuse,COMP-1768374767815-k5anrfi02,554.001,Provision Cooling Compressor Aggregates,SP-554.001-181,RECEIVE,5,8,228b5256-5bd2-4bf3-826f-c6fe76571449,Received from Pacific Marine Parts at Mumbai,PO-2023-1019,13-Aug-2023 00:00,UTC,Mumbai
738,2023-08-13 00:00:00,7440571a-841a-11ed-aa7c-7003bca91a86,4647,MV0001-05191,Tie-Rod Complete,COMP-1768374767827-g6k9lk4to,601.016,ME Tiebolts,SP-601.016-191,RECEIVE,4,10,228b5256-5bd2-4bf3-826f-c6fe76571449,Received from Pacific Marine Parts at Mumbai,PO-2023-3693,13-Aug-2023 00:00,UTC,Mumbai
739,2023-08-13 00:00:00,7440571a-841a-11ed-aa7c-7003bca91a86,4650,MV0001-05194,Nut,COMP-1768374767827-g6k9lk4to,601.016,ME Tiebolts,SP-601.016-194,RECEIVE,2,7,228b5256-5bd2-4bf3-826f-c6fe76571449,Received from Pacific Marine Parts at Mumbai,PO-2023-0251,13-Aug-2023 00:00,UTC,Mumbai
740,2023-08-13 00:00:00,7440571a-841a-11ed-aa7c-7003bca91a86,4653,MV0001-05197,Special Bolt With Wire Hole,COMP-1768374767827-g6k9lk4to,601.016,ME Tiebolts,SP-601.016-197,RECEIVE,4,9,228b5256-5bd2-4bf3-826f-c6fe76571449,Received from Pacific Marine Parts at Mumbai,PO-2023-5240,13-Aug-2023 00:00,UTC,Mumbai
741,2023-08-13 00:00:00,7440571a-841a-11ed-aa7c-7003bca91a86,4655,MV0001-05199,Locking Wire,COMP-1768374767827-g6k9lk4to,601.016,ME Tiebolts,SP-601.016-199,RECEIVE,2,2,228b5256-5bd2-4bf3-826f-c6fe76571449,Received from Pacific Marine Parts at Mumbai,PO-2023-9548,13-Aug-2023 00:00,UTC,Mumbai
742,2023-08-13 00:00:00,7440571a-841a-11ed-aa7c-7003bca91a86,4656,MV0001-05200,Hexagon Socket Head Bolt,COMP-1768374767827-g6k9lk4to,601.016,ME Tiebolts,SP-601.016-200,RECEIVE,5,10,228b5256-5bd2-4bf3-826f-c6fe76571449,Received from Pacific Marine Parts at Mumbai,PO-2023-9733,13-Aug-2023 00:00,UTC,Mumbai
743,2023-08-13 00:00:00,7440571a-841a-11ed-aa7c-7003bca91a86,4678,MV0001-05222,Bolt With Wire Hole,COMP-1768374767834-dbncpiany,601.053,ME Turbochargers,SP-601.053-222,RECEIVE,2,7,228b5256-5bd2-4bf3-826f-c6fe76571449,Received from Pacific Marine Parts at Mumbai,PO-2023-3293,13-Aug-2023 00:00,UTC,Mumbai
744,2023-08-13 00:00:00,7440571a-841a-11ed-aa7c-7003bca91a86,4684,MV0001-05228,Tongued Washer,COMP-1768374767834-dbncpiany,601.053,ME Turbochargers,SP-601.053-228,RECEIVE,3,6,228b5256-5bd2-4bf3-826f-c6fe76571449,Received from Pacific Marine Parts at Mumbai,PO-2023-4655,13-Aug-2023 00:00,UTC,Mumbai
745,2023-08-13 00:00:00,7440571a-841a-11ed-aa7c-7003bca91a86,4689,MV0001-05233,Exhaust Pipe Complete,COMP-1768374767837-m3bhk56ru,601.059,ME Exhaust Gas Manifolds/Pipes W/Insulation,SP-601.059-233,RECEIVE,3,10,228b5256-5bd2-4bf3-826f-c6fe76571449,Received from Pacific Marine Parts at Mumbai,PO-2023-6703,13-Aug-2023 00:00,UTC,Mumbai
746,2023-08-13 00:00:00,7440571a-841a-11ed-aa7c-7003bca91a86,4701,MV0001-05245,Bolt,COMP-1768374767837-m3bhk56ru,601.059,ME Exhaust Gas Manifolds/Pipes W/Insulation,SP-601.059-245,RECEIVE,2,14,228b5256-5bd2-4bf3-826f-c6fe76571449,Received from Pacific Marine Parts at Mumbai,PO-2023-2145,13-Aug-2023 00:00,UTC,Mumbai
747,2023-08-13 00:00:00,7440571a-841a-11ed-aa7c-7003bca91a86,4706,MV0001-05250,Bolt,COMP-1768374767837-m3bhk56ru,601.059,ME Exhaust Gas Manifolds/Pipes W/Insulation,SP-601.059-250,RECEIVE,4,9,228b5256-5bd2-4bf3-826f-c6fe76571449,Received from Pacific Marine Parts at Mumbai,PO-2023-9744,13-Aug-2023 00:00,UTC,Mumbai
748,2023-08-13 00:00:00,7440571a-841a-11ed-aa7c-7003bca91a86,4710,MV0001-05254,Nut,COMP-1768374767837-m3bhk56ru,601.059,ME Exhaust Gas Manifolds/Pipes W/Insulation,SP-601.059-254,RECEIVE,3,12,228b5256-5bd2-4bf3-826f-c6fe76571449,Received from Pacific Marine Parts at Mumbai,PO-2023-5836,13-Aug-2023 00:00,UTC,Mumbai
749,2023-08-13 00:00:00,7440571a-841a-11ed-aa7c-7003bca91a86,4726,MV0001-05270,Drive End Bracket/Engine Adaptor,COMP-1768374767899-slkigc1i8,665.001,"Emergency Generator Aggregates, Complete",SP-665.001-270,RECEIVE,1,10,228b5256-5bd2-4bf3-826f-c6fe76571449,Received from Pacific Marine Parts at Mumbai,PO-2023-2596,13-Aug-2023 00:00,UTC,Mumbai
750,2023-08-13 00:00:00,7440571a-841a-11ed-aa7c-7003bca91a86,4738,MV0001-05282,Side Panel,COMP-1768374767899-slkigc1i8,665.001,"Emergency Generator Aggregates, Complete",SP-665.001-282,RECEIVE,5,15,228b5256-5bd2-4bf3-826f-c6fe76571449,Received from Pacific Marine Parts at Mumbai,PO-2023-7096,13-Aug-2023 00:00,UTC,Mumbai
751,2023-08-13 00:00:00,7440571a-841a-11ed-aa7c-7003bca91a86,4746,MV0001-05290,Lifting Lug -Non Drive End,COMP-1768374767899-slkigc1i8,665.001,"Emergency Generator Aggregates, Complete",SP-665.001-290,RECEIVE,2,9,228b5256-5bd2-4bf3-826f-c6fe76571449,Received from Pacific Marine Parts at Mumbai,PO-2023-0232,13-Aug-2023 00:00,UTC,Mumbai
752,2023-08-13 00:00:00,7440571a-841a-11ed-aa7c-7003bca91a86,4762,MV0001-05306,Cover Non Drive End,COMP-1768374767899-slkigc1i8,665.001,"Emergency Generator Aggregates, Complete",SP-665.001-306,RECEIVE,1,4,228b5256-5bd2-4bf3-826f-c6fe76571449,Received from Pacific Marine Parts at Mumbai,PO-2023-9427,13-Aug-2023 00:00,UTC,Mumbai
753,2023-08-13 00:00:00,7440571a-841a-11ed-aa7c-7003bca91a86,4791,MV0001-05335,Foot Mounting Spacer,COMP-1768374767899-slkigc1i8,665.001,"Emergency Generator Aggregates, Complete",SP-665.001-335,RECEIVE,1,5,228b5256-5bd2-4bf3-826f-c6fe76571449,Received from Pacific Marine Parts at Mumbai,PO-2023-6336,13-Aug-2023 00:00,UTC,Mumbai
754,2023-08-13 00:00:00,7440571a-841a-11ed-aa7c-7003bca91a86,4809,MV0001-05353,Bearing Non Drive End,COMP-1768374767899-slkigc1i8,665.001,"Emergency Generator Aggregates, Complete",SP-665.001-353,RECEIVE,5,11,228b5256-5bd2-4bf3-826f-c6fe76571449,Received from Pacific Marine Parts at Mumbai,PO-2023-5411,13-Aug-2023 00:00,UTC,Mumbai
755,2023-08-13 00:00:00,7440571a-841a-11ed-aa7c-7003bca91a86,4813,MV0001-05357,Bearing Drive End,COMP-1768374767899-slkigc1i8,665.001,"Emergency Generator Aggregates, Complete",SP-665.001-357,RECEIVE,5,9,228b5256-5bd2-4bf3-826f-c6fe76571449,Received from Pacific Marine Parts at Mumbai,PO-2023-4351,13-Aug-2023 00:00,UTC,Mumbai
756,2023-08-13 00:00:00,7440571a-841a-11ed-aa7c-7003bca91a86,4816,MV0001-05360,Frame Cover Top,COMP-1768374767899-slkigc1i8,665.001,"Emergency Generator Aggregates, Complete",SP-665.001-360,RECEIVE,2,8,228b5256-5bd2-4bf3-826f-c6fe76571449,Received from Pacific Marine Parts at Mumbai,PO-2023-5418,13-Aug-2023 00:00,UTC,Mumbai
757,2023-08-13 00:00:00,7440571a-841a-11ed-aa7c-7003bca91a86,4831,MV0001-05375,Main Terminal Panel,COMP-1768374767899-slkigc1i8,665.001,"Emergency Generator Aggregates, Complete",SP-665.001-375,RECEIVE,1,5,228b5256-5bd2-4bf3-826f-c6fe76571449,Received from Pacific Marine Parts at Mumbai,PO-2023-8691,13-Aug-2023 00:00,UTC,Mumbai
758,2023-08-13 00:00:00,7440571a-841a-11ed-aa7c-7003bca91a86,4849,MV0001-05393,Coupling Key,COMP-1768374767907-73hq6hda8,801.001,Clean Ballast Pumps,SP-801.001-393,RECEIVE,4,7,228b5256-5bd2-4bf3-826f-c6fe76571449,Received from Pacific Marine Parts at Mumbai,PO-2023-2607,13-Aug-2023 00:00,UTC,Mumbai
759,2023-08-13 00:00:00,7440571a-841a-11ed-aa7c-7003bca91a86,4862,MV0001-05406,Stopper Ring And Set Screw,COMP-1768374767907-73hq6hda8,801.001,Clean Ballast Pumps,SP-801.001-406,RECEIVE,2,8,228b5256-5bd2-4bf3-826f-c6fe76571449,Received from Pacific Marine Parts at Mumbai,PO-2023-7339,13-Aug-2023 00:00,UTC,Mumbai
760,2023-08-13 00:00:00,7440571a-841a-11ed-aa7c-7003bca91a86,4870,MV0001-05414,Packing Ring,COMP-1768374767907-73hq6hda8,801.001,Clean Ballast Pumps,SP-801.001-414,RECEIVE,3,11,228b5256-5bd2-4bf3-826f-c6fe76571449,Received from Pacific Marine Parts at Mumbai,PO-2023-8066,13-Aug-2023 00:00,UTC,Mumbai
761,2023-08-13 00:00:00,7440571a-841a-11ed-aa7c-7003bca91a86,4883,MV0001-05427,Gland,COMP-1768374767907-73hq6hda8,801.001,Clean Ballast Pumps,SP-801.001-427,RECEIVE,2,5,228b5256-5bd2-4bf3-826f-c6fe76571449,Received from Pacific Marine Parts at Mumbai,PO-2023-0397,13-Aug-2023 00:00,UTC,Mumbai
762,2023-08-13 00:00:00,7440571a-841a-11ed-aa7c-7003bca91a86,4891,MV0001-05435,Gland packing,COMP-1768374767907-73hq6hda8,801.001,Clean Ballast Pumps,SP-801.001-435,RECEIVE,4,9,228b5256-5bd2-4bf3-826f-c6fe76571449,Received from Pacific Marine Parts at Mumbai,PO-2023-5796,13-Aug-2023 00:00,UTC,Mumbai
763,2023-08-13 00:00:00,7440571a-841a-11ed-aa7c-7003bca91a86,4898,MV0001-05442,Hub,COMP-1768374767907-73hq6hda8,801.001,Clean Ballast Pumps,SP-801.001-442,RECEIVE,3,7,228b5256-5bd2-4bf3-826f-c6fe76571449,Received from Pacific Marine Parts at Mumbai,PO-2023-5814,13-Aug-2023 00:00,UTC,Mumbai
764,2023-08-13 00:00:00,7440571a-841a-11ed-aa7c-7003bca91a86,4901,MV0001-05445,Hub,COMP-1768374767907-73hq6hda8,801.001,Clean Ballast Pumps,SP-801.001-445,RECEIVE,3,8,228b5256-5bd2-4bf3-826f-c6fe76571449,Received from Pacific Marine Parts at Mumbai,PO-2023-0493,13-Aug-2023 00:00,UTC,Mumbai
765,2023-08-13 00:00:00,7440571a-841a-11ed-aa7c-7003bca91a86,4908,MV0001-05452,Cover And Packing,COMP-1768374767907-73hq6hda8,801.001,Clean Ballast Pumps,SP-801.001-452,RECEIVE,5,9,228b5256-5bd2-4bf3-826f-c6fe76571449,Received from Pacific Marine Parts at Mumbai,PO-2023-0265,13-Aug-2023 00:00,UTC,Mumbai
766,2023-08-13 00:00:00,7440571a-841a-11ed-aa7c-7003bca91a86,4931,MV0001-05475,Rectifier,COMP-1768374767914-980b44ij3,278.010.02,Impressed Current Systems No.02,SP-278.010.01-475,RECEIVE,1,11,228b5256-5bd2-4bf3-826f-c6fe76571449,Received from Pacific Marine Parts at Mumbai,PO-2023-9948,13-Aug-2023 00:00,UTC,Mumbai
767,2023-08-13 00:00:00,7440571a-841a-11ed-aa7c-7003bca91a86,4971,MV0001-05515,Gasket,COMP-1768374767967-jb4k6wuji,554.003.02,Compressors W/Drive Unit No.02,SP-554.003.01-515,RECEIVE,2,7,228b5256-5bd2-4bf3-826f-c6fe76571449,Received from Pacific Marine Parts at Mumbai,PO-2023-3239,13-Aug-2023 00:00,UTC,Mumbai
768,2023-08-13 00:00:00,7440571a-841a-11ed-aa7c-7003bca91a86,4955,MV0001-05499,Spring Pin,COMP-1768374767967-jb4k6wuji,554.003.02,Compressors W/Drive Unit No.02,SP-554.003.01-499,RECEIVE,5,9,228b5256-5bd2-4bf3-826f-c6fe76571449,Received from Pacific Marine Parts at Mumbai,PO-2023-1843,13-Aug-2023 00:00,UTC,Mumbai
769,2023-08-13 00:00:00,7440571a-841a-11ed-aa7c-7003bca91a86,4957,MV0001-05501,Relief Valve,COMP-1768374767967-jb4k6wuji,554.003.02,Compressors W/Drive Unit No.02,SP-554.003.01-501,RECEIVE,2,10,228b5256-5bd2-4bf3-826f-c6fe76571449,Received from Pacific Marine Parts at Mumbai,PO-2023-4502,13-Aug-2023 00:00,UTC,Mumbai
2003,2023-08-11 00:00:00,7440571a-841a-11ed-aa7c-7003bca91a86,5374,MV0001-05918,Ac Ammeter,COMP-1768374768525-zyps62yum,712.011.02,LO Separators No.02,SP-702.005.01-918,CONSUME,-2,3,3rd Engineer,Consumed during maintenance - WO-702.005.02-2023-186,WO-702.005.02-2023-186,11-Aug-2023,UTC,
2559,2023-08-11 00:00:00,7440571a-841a-11ed-aa7c-7003bca91a86,4789,MV0001-05333,Edging Strip,COMP-1768374767899-slkigc1i8,665.001,"Emergency Generator Aggregates, Complete",SP-665.001-333,CONSUME,-1,4,Electrican,Consumed during maintenance - MKR-OV-00025-652.004.03-2023-072,MKR-OV-00025-652.004.03-2023-072,11-Aug-2023,UTC,
2650,2023-08-11 00:00:00,7440571a-841a-11ed-aa7c-7003bca91a86,4971,MV0001-05515,Gasket,COMP-1768374767967-jb4k6wuji,554.003.02,Compressors W/Drive Unit No.02,SP-554.003.01-515,CONSUME,-2,3,4th Engineer,Consumed during maintenance - MKR-IN-00051-554.003.02-2023-003,MKR-IN-00051-554.003.02-2023-003,11-Aug-2023,UTC,
2651,2023-08-11 00:00:00,7440571a-841a-11ed-aa7c-7003bca91a86,4954,MV0001-05498,Piston Pin,COMP-1768374767967-jb4k6wuji,554.003.02,Compressors W/Drive Unit No.02,SP-554.003.01-498,CONSUME,-2,3,4th Engineer,Consumed during maintenance - MKR-IN-00051-554.003.02-2023-003,MKR-IN-00051-554.003.02-2023-003,11-Aug-2023,UTC,
2670,2023-08-10 00:00:00,7440571a-841a-11ed-aa7c-7003bca91a86,5382,MV0001-05926,Fuse,COMP-1768374768525-zyps62yum,712.011.02,LO Separators No.02,SP-702.005.01-926,CONSUME,-1,4,2nd Engineer,Consumed during maintenance - MKR-IN-00080-652.002.02-2023-611,MKR-IN-00080-652.002.02-2023-611,10-Aug-2023,UTC,
2671,2023-08-10 00:00:00,7440571a-841a-11ed-aa7c-7003bca91a86,4861,MV0001-05405,Spring,COMP-1768374767907-73hq6hda8,801.001,Clean Ballast Pumps,SP-801.001-405,CONSUME,-1,3,2nd Engineer,Consumed during maintenance - MKR-IN-00080-652.002.02-2023-611,MKR-IN-00080-652.002.02-2023-611,10-Aug-2023,UTC,
135,2023-08-09 00:00:00,7440571a-841a-11ed-aa7c-7003bca91a86,4774,MV0001-05318,End panel Drive End,COMP-1768374767899-slkigc1i8,665.001,"Emergency Generator Aggregates, Complete",SP-665.001-318,CONSUME,-2,3,6084f3b8-85dc-462a-b045-111d2b2e6d0e,Consumed for WO UWO-652.020-2023-709,UWO-652.020-2023-709,09-Aug-2023 00:00,UTC,
2375,2023-08-09 00:00:00,7440571a-841a-11ed-aa7c-7003bca91a86,4638,MV0001-05182,Fuse,COMP-1768374767815-k5anrfi02,554.001,Provision Cooling Compressor Aggregates,SP-554.001-182,CONSUME,-1,4,2nd Engineer,Consumed during maintenance - UWO-652.020-2023-709,UWO-652.020-2023-709,09-Aug-2023,UTC,
2376,2023-08-09 00:00:00,7440571a-841a-11ed-aa7c-7003bca91a86,4811,MV0001-05355,Drive End Bracket,COMP-1768374767899-slkigc1i8,665.001,"Emergency Generator Aggregates, Complete",SP-665.001-355,CONSUME,-1,4,2nd Engineer,Consumed during maintenance - UWO-652.020-2023-709,UWO-652.020-2023-709,09-Aug-2023,UTC,
2705,2023-08-07 00:00:00,7440571a-841a-11ed-aa7c-7003bca91a86,5301,MV0001-05845,Collar,COMP-1768374768525-zyps62yum,712.011.02,LO Separators No.02,SP-702.005.01-845,CONSUME,-2,1,2nd Engineer,Consumed during maintenance - MKR-OV-00013-601.026.03-2023-437,MKR-OV-00013-601.026.03-2023-437,07-Aug-2023,UTC,
2706,2023-08-07 00:00:00,7440571a-841a-11ed-aa7c-7003bca91a86,5155,MV0001-05699,Split Pin,COMP-1768374767884-8s61xigy8,653.018,AE3 Crankcases,SP-651.018-699,CONSUME,-2,0,2nd Engineer,Consumed during maintenance - MKR-OV-00013-601.026.03-2023-437,MKR-OV-00013-601.026.03-2023-437,07-Aug-2023,UTC,
2285,2023-08-06 00:00:00,7440571a-841a-11ed-aa7c-7003bca91a86,4872,MV0001-05416,Split Ring,COMP-1768374767907-73hq6hda8,801.001,Clean Ballast Pumps,SP-801.001-416,CONSUME,-2,1,4th Engineer,Consumed during maintenance - MKR-IN-00080-652.002.01-2023-598,MKR-IN-00080-652.002.01-2023-598,06-Aug-2023,UTC,
2286,2023-08-06 00:00:00,7440571a-841a-11ed-aa7c-7003bca91a86,4699,MV0001-05243,Gasket,COMP-1768374767837-m3bhk56ru,601.059,ME Exhaust Gas Manifolds/Pipes W/Insulation,SP-601.059-243,CONSUME,-2,3,4th Engineer,Consumed during maintenance - MKR-IN-00080-652.002.01-2023-598,MKR-IN-00080-652.002.01-2023-598,06-Aug-2023,UTC,
2287,2023-08-06 00:00:00,7440571a-841a-11ed-aa7c-7003bca91a86,4524,MV0001-05068,Plug,COMP-1768374767799-zs6hrf8cm,401.005,Rudders W/Nozzle,SP-401.005-068,CONSUME,-1,4,4th Engineer,Consumed during maintenance - MKR-IN-00080-652.002.01-2023-598,MKR-IN-00080-652.002.01-2023-598,06-Aug-2023,UTC,
134,2023-08-01 00:00:00,7440571a-841a-11ed-aa7c-7003bca91a86,4642,MV0001-05186,Magnetic Contactor,COMP-1768374767815-k5anrfi02,554.001,Provision Cooling Compressor Aggregates,SP-554.001-186,CONSUME,-2,3,480b40d0-04bd-4590-a936-2f879b867977,Consumed for WO WO-702.005.02-2023-184,WO-702.005.02-2023-184,01-Aug-2023 00:00,UTC,
2029,2023-08-01 00:00:00,7440571a-841a-11ed-aa7c-7003bca91a86,4967,MV0001-05511,Bearing Holder,COMP-1768374767967-jb4k6wuji,554.003.02,Compressors W/Drive Unit No.02,SP-554.003.01-511,CONSUME,-2,3,3rd Engineer,Consumed during maintenance - UWO-554.003.02-2023-791,UWO-554.003.02-2023-791,01-Aug-2023,UTC,
2030,2023-08-01 00:00:00,7440571a-841a-11ed-aa7c-7003bca91a86,4965,MV0001-05509,Pin,COMP-1768374767967-jb4k6wuji,554.003.02,Compressors W/Drive Unit No.02,SP-554.003.01-509,CONSUME,-1,4,3rd Engineer,Consumed during maintenance - UWO-554.003.02-2023-791,UWO-554.003.02-2023-791,01-Aug-2023,UTC,
2031,2023-08-01 00:00:00,7440571a-841a-11ed-aa7c-7003bca91a86,5005,MV0001-05549,Pin,COMP-1768374767967-jb4k6wuji,554.003.02,Compressors W/Drive Unit No.02,SP-554.003.01-549,CONSUME,-2,3,3rd Engineer,Consumed during maintenance - UWO-554.003.02-2023-791,UWO-554.003.02-2023-791,01-Aug-2023,UTC,
2143,2023-07-27 00:00:00,7440571a-841a-11ed-aa7c-7003bca91a86,4691,MV0001-05235,Exhaust Pipe,COMP-1768374767837-m3bhk56ru,601.059,ME Exhaust Gas Manifolds/Pipes W/Insulation,SP-601.059-235,CONSUME,-2,3,3rd Engineer,Consumed during maintenance - UWO-651.020.02-2023-477,UWO-651.020.02-2023-477,27-Jul-2023,UTC,
2144,2023-07-27 00:00:00,7440571a-841a-11ed-aa7c-7003bca91a86,5385,MV0001-05929,Electric Wire,COMP-1768374768525-zyps62yum,712.011.02,LO Separators No.02,SP-702.005.01-929,CONSUME,-2,2,3rd Engineer,Consumed during maintenance - UWO-651.020.02-2023-477,UWO-651.020.02-2023-477,27-Jul-2023,UTC,
132,2023-07-24 00:00:00,7440571a-841a-11ed-aa7c-7003bca91a86,4676,MV0001-05220,Bolt,COMP-1768374767834-dbncpiany,601.053,ME Turbochargers,SP-601.053-220,CONSUME,-2,0,480b40d0-04bd-4590-a936-2f879b867977,Consumed for WO WO-601.053-2023-425,WO-601.053-2023-425,24-Jul-2023 00:00,UTC,
133,2023-07-24 00:00:00,7440571a-841a-11ed-aa7c-7003bca91a86,4677,MV0001-05221,Gasket,COMP-1768374767834-dbncpiany,601.053,ME Turbochargers,SP-601.053-221,CONSUME,-2,2,228b5256-5bd2-4bf3-826f-c6fe76571449,Consumed for WO WO-601.053-2023-425,WO-601.053-2023-425,24-Jul-2023 00:00,UTC,
2261,2023-07-24 00:00:00,7440571a-841a-11ed-aa7c-7003bca91a86,4835,MV0001-05379,Foot Mounting Spacer,COMP-1768374767899-slkigc1i8,665.001,"Emergency Generator Aggregates, Complete",SP-665.001-379,CONSUME,-2,1,Chief Engineer,Consumed during maintenance - MKR-OV-00025-653.004.04-2023-119,MKR-OV-00025-653.004.04-2023-119,24-Jul-2023,UTC,
2274,2023-07-24 00:00:00,7440571a-841a-11ed-aa7c-7003bca91a86,5071,MV0001-05615,O-Ring,COMP-1768374768022-1676057de,601.003.06,ME Cylinder Liners No.06,SP-601.003.01-615,CONSUME,-2,8,3rd Engineer,Consumed during maintenance - UWO-721-2023-858,UWO-721-2023-858,24-Jul-2023,UTC,
2078,2023-07-22 00:00:00,7440571a-841a-11ed-aa7c-7003bca91a86,4815,MV0001-05359,Frame Cover Bottom,COMP-1768374767899-slkigc1i8,665.001,"Emergency Generator Aggregates, Complete",SP-665.001-359,CONSUME,-2,1,3rd Engineer,Consumed during maintenance - WO-702.005.02-2023-183,WO-702.005.02-2023-183,22-Jul-2023,UTC,
2305,2023-07-22 00:00:00,7440571a-841a-11ed-aa7c-7003bca91a86,4691,MV0001-05235,Exhaust Pipe,COMP-1768374767837-m3bhk56ru,601.059,ME Exhaust Gas Manifolds/Pipes W/Insulation,SP-601.059-235,CONSUME,-2,1,Chief Engineer,Consumed during maintenance - MKR-IN-00078-601.059-2023-442,MKR-IN-00078-601.059-2023-442,22-Jul-2023,UTC,
2306,2023-07-22 00:00:00,7440571a-841a-11ed-aa7c-7003bca91a86,4706,MV0001-05250,Bolt,COMP-1768374767837-m3bhk56ru,601.059,ME Exhaust Gas Manifolds/Pipes W/Insulation,SP-601.059-250,CONSUME,-2,3,Chief Engineer,Consumed during maintenance - MKR-IN-00078-601.059-2023-442,MKR-IN-00078-601.059-2023-442,22-Jul-2023,UTC,
2309,2023-07-19 00:00:00,7440571a-841a-11ed-aa7c-7003bca91a86,5156,MV0001-05700,O-Ring,COMP-1768374768505-jktu58f2h,653.020.07,AE3 Crankcase Doors W/Safety Valve No.07,SP-651.020.01-700,CONSUME,-2,0,Chief Engineer,Consumed during maintenance - UWO-653.020.07-2023-520,UWO-653.020.07-2023-520,19-Jul-2023,UTC,
2310,2023-07-19 00:00:00,7440571a-841a-11ed-aa7c-7003bca91a86,5157,MV0001-05701,Cylinder Liner Assembly,COMP-1768374768505-jktu58f2h,653.020.07,AE3 Crankcase Doors W/Safety Valve No.07,SP-651.020.01-701,CONSUME,-1,4,Chief Engineer,Consumed during maintenance - UWO-653.020.07-2023-520,UWO-653.020.07-2023-520,19-Jul-2023,UTC,
1959,2023-07-18 00:00:00,7440571a-841a-11ed-aa7c-7003bca91a86,4530,MV0001-05074,Shackle,COMP-1768374767802-sjje0yq3o,403.001,"Steering Gears, Complete",SP-403.001-074,CONSUME,-1,4,3rd Engineer,Consumed during maintenance - WO-702.005.02-2023-182,WO-702.005.02-2023-182,18-Jul-2023,UTC,
1960,2023-07-18 00:00:00,7440571a-841a-11ed-aa7c-7003bca91a86,5561,MV0001-06105,Washer-M,COMP-1768374767795-1qyq8qvkb,721.001.02,Main Sw Cooling Pumps No.02,SP-721.001.01-1105,CONSUME,-2,3,3rd Engineer,Consumed during maintenance - WO-702.005.02-2023-182,WO-702.005.02-2023-182,18-Jul-2023,UTC,
131,2023-07-16 00:00:00,7440571a-841a-11ed-aa7c-7003bca91a86,4538,MV0001-05082,Pressure Valve,COMP-1768374767802-sjje0yq3o,403.001,"Steering Gears, Complete",SP-403.001-082,CONSUME,-1,4,228b5256-5bd2-4bf3-826f-c6fe76571449,Consumed for WO UWO-721.003.01-2023-546,UWO-721.003.01-2023-546,16-Jul-2023 00:00,UTC,
2333,2023-07-16 00:00:00,7440571a-841a-11ed-aa7c-7003bca91a86,4604,MV0001-05148,Washer,COMP-1768374767802-sjje0yq3o,403.001,"Steering Gears, Complete",SP-403.001-148,CONSUME,-2,3,3rd Engineer,Consumed during maintenance - UWO-721.003.01-2023-546,UWO-721.003.01-2023-546,16-Jul-2023,UTC,
2817,2023-07-14 00:00:00,7440571a-841a-11ed-aa7c-7003bca91a86,4674,MV0001-05218,Reamer Bolt,COMP-1768374767834-dbncpiany,601.053,ME Turbochargers,SP-601.053-218,CONSUME,-2,3,2nd Engineer,Consumed during maintenance - MKR-IN-00085-651.003.03-2023-567,MKR-IN-00085-651.003.03-2023-567,14-Jul-2023,UTC,
2140,2023-07-14 00:00:00,7440571a-841a-11ed-aa7c-7003bca91a86,4881,MV0001-05425,Bearing Housing,COMP-1768374767907-73hq6hda8,801.001,Clean Ballast Pumps,SP-801.001-425,CONSUME,-1,2,2nd Engineer,Consumed during maintenance - UWO-651.003.05-2023-619,UWO-651.003.05-2023-619,14-Jul-2023,UTC,
685,2023-07-13 00:00:00,7440571a-841a-11ed-aa7c-7003bca91a86,4676,MV0001-05220,Bolt,COMP-1768374767834-dbncpiany,601.053,ME Turbochargers,SP-601.053-220,RECEIVE,1,4,228b5256-5bd2-4bf3-826f-c6fe76571449,Received from Nordic Maritime Supply at Suez,PO-2023-1437,13-Jul-2023 00:00,UTC,Suez
686,2023-07-13 00:00:00,7440571a-841a-11ed-aa7c-7003bca91a86,4468,MV0001-05012,O-Ring,COMP-1768374767799-zs6hrf8cm,401.005,Rudders W/Nozzle,SP-401.005-012,RECEIVE,3,8,228b5256-5bd2-4bf3-826f-c6fe76571449,Received from Nordic Maritime Supply at Suez,PO-2023-4759,13-Jul-2023 00:00,UTC,Suez
687,2023-07-13 00:00:00,7440571a-841a-11ed-aa7c-7003bca91a86,4472,MV0001-05016,Deck Seal,COMP-1768374767799-zs6hrf8cm,401.005,Rudders W/Nozzle,SP-401.005-016,RECEIVE,3,7,228b5256-5bd2-4bf3-826f-c6fe76571449,Received from Nordic Maritime Supply at Suez,PO-2023-5715,13-Jul-2023 00:00,UTC,Suez
688,2023-07-13 00:00:00,7440571a-841a-11ed-aa7c-7003bca91a86,4483,MV0001-05027,O-Ring,COMP-1768374767799-zs6hrf8cm,401.005,Rudders W/Nozzle,SP-401.005-027,RECEIVE,1,6,228b5256-5bd2-4bf3-826f-c6fe76571449,Received from Nordic Maritime Supply at Suez,PO-2023-6596,13-Jul-2023 00:00,UTC,Suez
689,2023-07-13 00:00:00,7440571a-841a-11ed-aa7c-7003bca91a86,4491,MV0001-05035,O-Ring,COMP-1768374767799-zs6hrf8cm,401.005,Rudders W/Nozzle,SP-401.005-035,RECEIVE,4,12,228b5256-5bd2-4bf3-826f-c6fe76571449,Received from Nordic Maritime Supply at Suez,PO-2023-5873,13-Jul-2023 00:00,UTC,Suez
690,2023-07-13 00:00:00,7440571a-841a-11ed-aa7c-7003bca91a86,4500,MV0001-05044,Bush Case,COMP-1768374767799-zs6hrf8cm,401.005,Rudders W/Nozzle,SP-401.005-044,RECEIVE,5,9,228b5256-5bd2-4bf3-826f-c6fe76571449,Received from Nordic Maritime Supply at Suez,PO-2023-5082,13-Jul-2023 00:00,UTC,Suez
691,2023-07-13 00:00:00,7440571a-841a-11ed-aa7c-7003bca91a86,4533,MV0001-05077,Cover,COMP-1768374767802-sjje0yq3o,403.001,"Steering Gears, Complete",SP-403.001-077,RECEIVE,5,9,228b5256-5bd2-4bf3-826f-c6fe76571449,Received from Nordic Maritime Supply at Suez,PO-2023-9092,13-Jul-2023 00:00,UTC,Suez
692,2023-07-13 00:00:00,7440571a-841a-11ed-aa7c-7003bca91a86,4557,MV0001-05101,Hex. Head Screw,COMP-1768374767802-sjje0yq3o,403.001,"Steering Gears, Complete",SP-403.001-101,RECEIVE,1,6,228b5256-5bd2-4bf3-826f-c6fe76571449,Received from Nordic Maritime Supply at Suez,PO-2023-5306,13-Jul-2023 00:00,UTC,Suez
693,2023-07-13 00:00:00,7440571a-841a-11ed-aa7c-7003bca91a86,4569,MV0001-05113,Manometer Valve,COMP-1768374767802-sjje0yq3o,403.001,"Steering Gears, Complete",SP-403.001-113,RECEIVE,3,6,228b5256-5bd2-4bf3-826f-c6fe76571449,Received from Nordic Maritime Supply at Suez,PO-2023-7632,13-Jul-2023 00:00,UTC,Suez
694,2023-07-13 00:00:00,7440571a-841a-11ed-aa7c-7003bca91a86,4590,MV0001-05134,O-Ring,COMP-1768374767802-sjje0yq3o,403.001,"Steering Gears, Complete",SP-403.001-134,RECEIVE,3,6,228b5256-5bd2-4bf3-826f-c6fe76571449,Received from Nordic Maritime Supply at Suez,PO-2023-5398,13-Jul-2023 00:00,UTC,Suez
695,2023-07-13 00:00:00,7440571a-841a-11ed-aa7c-7003bca91a86,4591,MV0001-05135,O-Ring Angus,COMP-1768374767802-sjje0yq3o,403.001,"Steering Gears, Complete",SP-403.001-135,RECEIVE,1,8,228b5256-5bd2-4bf3-826f-c6fe76571449,Received from Nordic Maritime Supply at Suez,PO-2023-5377,13-Jul-2023 00:00,UTC,Suez
696,2023-07-13 00:00:00,7440571a-841a-11ed-aa7c-7003bca91a86,4604,MV0001-05148,Washer,COMP-1768374767802-sjje0yq3o,403.001,"Steering Gears, Complete",SP-403.001-148,RECEIVE,3,13,228b5256-5bd2-4bf3-826f-c6fe76571449,Received from Nordic Maritime Supply at Suez,PO-2023-5589,13-Jul-2023 00:00,UTC,Suez
697,2023-07-13 00:00:00,7440571a-841a-11ed-aa7c-7003bca91a86,4605,MV0001-05149,O-Ring Angus,COMP-1768374767802-sjje0yq3o,403.001,"Steering Gears, Complete",SP-403.001-149,RECEIVE,2,7,228b5256-5bd2-4bf3-826f-c6fe76571449,Received from Nordic Maritime Supply at Suez,PO-2023-9195,13-Jul-2023 00:00,UTC,Suez
698,2023-07-13 00:00:00,7440571a-841a-11ed-aa7c-7003bca91a86,4609,MV0001-05153,Plug,COMP-1768374767802-sjje0yq3o,403.001,"Steering Gears, Complete",SP-403.001-153,RECEIVE,1,5,228b5256-5bd2-4bf3-826f-c6fe76571449,Received from Nordic Maritime Supply at Suez,PO-2023-9138,13-Jul-2023 00:00,UTC,Suez
699,2023-07-13 00:00:00,7440571a-841a-11ed-aa7c-7003bca91a86,4632,MV0001-05176,Change Pipe And Joint,COMP-1768374767815-k5anrfi02,554.001,Provision Cooling Compressor Aggregates,SP-554.001-176,RECEIVE,4,9,228b5256-5bd2-4bf3-826f-c6fe76571449,Received from Nordic Maritime Supply at Suez,PO-2023-6579,13-Jul-2023 00:00,UTC,Suez
700,2023-07-13 00:00:00,7440571a-841a-11ed-aa7c-7003bca91a86,4651,MV0001-05195,Bush,COMP-1768374767827-g6k9lk4to,601.016,ME Tiebolts,SP-601.016-195,RECEIVE,3,7,228b5256-5bd2-4bf3-826f-c6fe76571449,Received from Nordic Maritime Supply at Suez,PO-2023-9245,13-Jul-2023 00:00,UTC,Suez
701,2023-07-13 00:00:00,7440571a-841a-11ed-aa7c-7003bca91a86,4653,MV0001-05197,Special Bolt With Wire Hole,COMP-1768374767827-g6k9lk4to,601.016,ME Tiebolts,SP-601.016-197,RECEIVE,1,5,228b5256-5bd2-4bf3-826f-c6fe76571449,Received from Nordic Maritime Supply at Suez,PO-2023-3117,13-Jul-2023 00:00,UTC,Suez
702,2023-07-13 00:00:00,7440571a-841a-11ed-aa7c-7003bca91a86,4662,MV0001-05206,Thrust Bearing Support,COMP-1768374767834-dbncpiany,601.053,ME Turbochargers,SP-601.053-206,RECEIVE,4,8,228b5256-5bd2-4bf3-826f-c6fe76571449,Received from Nordic Maritime Supply at Suez,PO-2023-5333,13-Jul-2023 00:00,UTC,Suez
703,2023-07-13 00:00:00,7440571a-841a-11ed-aa7c-7003bca91a86,4665,MV0001-05209,"Oil Scraper, In Two Parts, Complete",COMP-1768374767834-dbncpiany,601.053,ME Turbochargers,SP-601.053-209,RECEIVE,2,3,228b5256-5bd2-4bf3-826f-c6fe76571449,Received from Nordic Maritime Supply at Suez,PO-2023-4184,13-Jul-2023 00:00,UTC,Suez
704,2023-07-13 00:00:00,7440571a-841a-11ed-aa7c-7003bca91a86,4669,MV0001-05213,Bolt,COMP-1768374767834-dbncpiany,601.053,ME Turbochargers,SP-601.053-213,RECEIVE,4,10,228b5256-5bd2-4bf3-826f-c6fe76571449,Received from Nordic Maritime Supply at Suez,PO-2023-7713,13-Jul-2023 00:00,UTC,Suez
705,2023-07-13 00:00:00,7440571a-841a-11ed-aa7c-7003bca91a86,4686,MV0001-05230,Blank Flange,COMP-1768374767834-dbncpiany,601.053,ME Turbochargers,SP-601.053-230,RECEIVE,4,7,228b5256-5bd2-4bf3-826f-c6fe76571449,Received from Nordic Maritime Supply at Suez,PO-2023-2579,13-Jul-2023 00:00,UTC,Suez
706,2023-07-13 00:00:00,7440571a-841a-11ed-aa7c-7003bca91a86,4690,MV0001-05234,Exhaust Pipe,COMP-1768374767837-m3bhk56ru,601.059,ME Exhaust Gas Manifolds/Pipes W/Insulation,SP-601.059-234,RECEIVE,2,5,228b5256-5bd2-4bf3-826f-c6fe76571449,Received from Nordic Maritime Supply at Suez,PO-2023-7125,13-Jul-2023 00:00,UTC,Suez
707,2023-07-13 00:00:00,7440571a-841a-11ed-aa7c-7003bca91a86,4698,MV0001-05242,Bolt,COMP-1768374767837-m3bhk56ru,601.059,ME Exhaust Gas Manifolds/Pipes W/Insulation,SP-601.059-242,RECEIVE,1,5,228b5256-5bd2-4bf3-826f-c6fe76571449,Received from Nordic Maritime Supply at Suez,PO-2023-9877,13-Jul-2023 00:00,UTC,Suez
708,2023-07-13 00:00:00,7440571a-841a-11ed-aa7c-7003bca91a86,4704,MV0001-05248,Bolt,COMP-1768374767837-m3bhk56ru,601.059,ME Exhaust Gas Manifolds/Pipes W/Insulation,SP-601.059-248,RECEIVE,4,16,228b5256-5bd2-4bf3-826f-c6fe76571449,Received from Nordic Maritime Supply at Suez,PO-2023-9129,13-Jul-2023 00:00,UTC,Suez
709,2023-07-13 00:00:00,7440571a-841a-11ed-aa7c-7003bca91a86,4713,MV0001-05257,Packing,COMP-1768374767879-whkjy1n4i,653.001,"Aux. Diesel Generator Aggregates, Complete No.03",SP-651.001-257,RECEIVE,2,2,228b5256-5bd2-4bf3-826f-c6fe76571449,Received from Nordic Maritime Supply at Suez,PO-2023-9516,13-Jul-2023 00:00,UTC,Suez
710,2023-07-13 00:00:00,7440571a-841a-11ed-aa7c-7003bca91a86,4733,MV0001-05277,Air Inlet Cover,COMP-1768374767899-slkigc1i8,665.001,"Emergency Generator Aggregates, Complete",SP-665.001-277,RECEIVE,2,6,228b5256-5bd2-4bf3-826f-c6fe76571449,Received from Nordic Maritime Supply at Suez,PO-2023-7700,13-Jul-2023 00:00,UTC,Suez
711,2023-07-13 00:00:00,7440571a-841a-11ed-aa7c-7003bca91a86,4740,MV0001-05284,Main Rectifier Assembly-Forward,COMP-1768374767899-slkigc1i8,665.001,"Emergency Generator Aggregates, Complete",SP-665.001-284,RECEIVE,3,15,228b5256-5bd2-4bf3-826f-c6fe76571449,Received from Nordic Maritime Supply at Suez,PO-2023-3182,13-Jul-2023 00:00,UTC,Suez
712,2023-07-13 00:00:00,7440571a-841a-11ed-aa7c-7003bca91a86,4756,MV0001-05300,Auxiliary Terminal Assembly,COMP-1768374767899-slkigc1i8,665.001,"Emergency Generator Aggregates, Complete",SP-665.001-300,RECEIVE,1,4,228b5256-5bd2-4bf3-826f-c6fe76571449,Received from Nordic Maritime Supply at Suez,PO-2023-9096,13-Jul-2023 00:00,UTC,Suez
713,2023-07-13 00:00:00,7440571a-841a-11ed-aa7c-7003bca91a86,4770,MV0001-05314,Frame Cover Bottom,COMP-1768374767899-slkigc1i8,665.001,"Emergency Generator Aggregates, Complete",SP-665.001-314,RECEIVE,1,6,228b5256-5bd2-4bf3-826f-c6fe76571449,Received from Nordic Maritime Supply at Suez,PO-2023-5351,13-Jul-2023 00:00,UTC,Suez
714,2023-07-13 00:00:00,7440571a-841a-11ed-aa7c-7003bca91a86,4790,MV0001-05334,Fan,COMP-1768374767899-slkigc1i8,665.001,"Emergency Generator Aggregates, Complete",SP-665.001-334,RECEIVE,2,9,228b5256-5bd2-4bf3-826f-c6fe76571449,Received from Nordic Maritime Supply at Suez,PO-2023-8927,13-Jul-2023 00:00,UTC,Suez
715,2023-07-13 00:00:00,7440571a-841a-11ed-aa7c-7003bca91a86,4800,MV0001-05344,PMG Clamp,COMP-1768374767899-slkigc1i8,665.001,"Emergency Generator Aggregates, Complete",SP-665.001-344,RECEIVE,3,6,228b5256-5bd2-4bf3-826f-c6fe76571449,Received from Nordic Maritime Supply at Suez,PO-2023-4467,13-Jul-2023 00:00,UTC,Suez
716,2023-07-13 00:00:00,7440571a-841a-11ed-aa7c-7003bca91a86,4805,MV0001-05349,Exciter Stator,COMP-1768374767899-slkigc1i8,665.001,"Emergency Generator Aggregates, Complete",SP-665.001-349,RECEIVE,2,7,228b5256-5bd2-4bf3-826f-c6fe76571449,Received from Nordic Maritime Supply at Suez,PO-2023-8074,13-Jul-2023 00:00,UTC,Suez
717,2023-07-13 00:00:00,7440571a-841a-11ed-aa7c-7003bca91a86,4808,MV0001-05352,Bearing O-Ring Non Drive End,COMP-1768374767899-slkigc1i8,665.001,"Emergency Generator Aggregates, Complete",SP-665.001-352,RECEIVE,5,10,228b5256-5bd2-4bf3-826f-c6fe76571449,Received from Nordic Maritime Supply at Suez,PO-2023-7749,13-Jul-2023 00:00,UTC,Suez
718,2023-07-13 00:00:00,7440571a-841a-11ed-aa7c-7003bca91a86,4816,MV0001-05360,Frame Cover Top,COMP-1768374767899-slkigc1i8,665.001,"Emergency Generator Aggregates, Complete",SP-665.001-360,RECEIVE,2,6,228b5256-5bd2-4bf3-826f-c6fe76571449,Received from Nordic Maritime Supply at Suez,PO-2023-8146,13-Jul-2023 00:00,UTC,Suez
719,2023-07-13 00:00:00,7440571a-841a-11ed-aa7c-7003bca91a86,4817,MV0001-05361,Air Inlet Cover,COMP-1768374767899-slkigc1i8,665.001,"Emergency Generator Aggregates, Complete",SP-665.001-361,RECEIVE,5,8,228b5256-5bd2-4bf3-826f-c6fe76571449,Received from Nordic Maritime Supply at Suez,PO-2023-1084,13-Jul-2023 00:00,UTC,Suez
720,2023-07-13 00:00:00,7440571a-841a-11ed-aa7c-7003bca91a86,4853,MV0001-05397,Mouth Ring,COMP-1768374767907-73hq6hda8,801.001,Clean Ballast Pumps,SP-801.001-397,RECEIVE,4,8,228b5256-5bd2-4bf3-826f-c6fe76571449,Received from Nordic Maritime Supply at Suez,PO-2023-0444,13-Jul-2023 00:00,UTC,Suez
721,2023-07-13 00:00:00,7440571a-841a-11ed-aa7c-7003bca91a86,4867,MV0001-05411,Packing Ring,COMP-1768374767907-73hq6hda8,801.001,Clean Ballast Pumps,SP-801.001-411,RECEIVE,4,13,228b5256-5bd2-4bf3-826f-c6fe76571449,Received from Nordic Maritime Supply at Suez,PO-2023-2236,13-Jul-2023 00:00,UTC,Suez
722,2023-07-13 00:00:00,7440571a-841a-11ed-aa7c-7003bca91a86,4878,MV0001-05422,Packing Ring,COMP-1768374767907-73hq6hda8,801.001,Clean Ballast Pumps,SP-801.001-422,RECEIVE,5,10,228b5256-5bd2-4bf3-826f-c6fe76571449,Received from Nordic Maritime Supply at Suez,PO-2023-5497,13-Jul-2023 00:00,UTC,Suez
723,2023-07-13 00:00:00,7440571a-841a-11ed-aa7c-7003bca91a86,4882,MV0001-05426,Bearing Cover,COMP-1768374767907-73hq6hda8,801.001,Clean Ballast Pumps,SP-801.001-426,RECEIVE,5,10,228b5256-5bd2-4bf3-826f-c6fe76571449,Received from Nordic Maritime Supply at Suez,PO-2023-3620,13-Jul-2023 00:00,UTC,Suez
724,2023-07-13 00:00:00,7440571a-841a-11ed-aa7c-7003bca91a86,4897,MV0001-05441,Coupling Flange,COMP-1768374767907-73hq6hda8,801.001,Clean Ballast Pumps,SP-801.001-441,RECEIVE,1,4,228b5256-5bd2-4bf3-826f-c6fe76571449,Received from Nordic Maritime Supply at Suez,PO-2023-3691,13-Jul-2023 00:00,UTC,Suez
725,2023-07-13 00:00:00,7440571a-841a-11ed-aa7c-7003bca91a86,4947,MV0001-05491,Bottom Cover,COMP-1768374767967-jb4k6wuji,554.003.02,Compressors W/Drive Unit No.02,SP-554.003.01-491,RECEIVE,1,6,228b5256-5bd2-4bf3-826f-c6fe76571449,Received from Nordic Maritime Supply at Suez,PO-2023-2675,13-Jul-2023 00:00,UTC,Suez
726,2023-07-13 00:00:00,7440571a-841a-11ed-aa7c-7003bca91a86,4954,MV0001-05498,Piston Pin,COMP-1768374767967-jb4k6wuji,554.003.02,Compressors W/Drive Unit No.02,SP-554.003.01-498,RECEIVE,5,9,228b5256-5bd2-4bf3-826f-c6fe76571449,Received from Nordic Maritime Supply at Suez,PO-2023-4497,13-Jul-2023 00:00,UTC,Suez
130,2023-07-12 00:00:00,7440571a-841a-11ed-aa7c-7003bca91a86,4817,MV0001-05361,Air Inlet Cover,COMP-1768374767899-slkigc1i8,665.001,"Emergency Generator Aggregates, Complete",SP-665.001-361,CONSUME,-2,3,228b5256-5bd2-4bf3-826f-c6fe76571449,Consumed for WO UWO-652.003.05-2023-599,UWO-652.003.05-2023-599,12-Jul-2023 00:00,UTC,
2254,2023-07-12 00:00:00,7440571a-841a-11ed-aa7c-7003bca91a86,4648,MV0001-05192,Tie-Rod,COMP-1768374767827-g6k9lk4to,601.016,ME Tiebolts,SP-601.016-192,CONSUME,-2,3,3rd Engineer,Consumed during maintenance - UWO-652.003.05-2023-599,UWO-652.003.05-2023-599,12-Jul-2023,UTC,
2255,2023-07-12 00:00:00,7440571a-841a-11ed-aa7c-7003bca91a86,4662,MV0001-05206,Thrust Bearing Support,COMP-1768374767834-dbncpiany,601.053,ME Turbochargers,SP-601.053-206,CONSUME,-2,1,3rd Engineer,Consumed during maintenance - UWO-652.003.05-2023-599,UWO-652.003.05-2023-599,12-Jul-2023,UTC,
2256,2023-07-12 00:00:00,7440571a-841a-11ed-aa7c-7003bca91a86,5111,MV0001-05655,Gasket,COMP-1768374767879-whkjy1n4i,653.001,"Aux. Diesel Generator Aggregates, Complete No.03",SP-651.001-655,CONSUME,-2,8,3rd Engineer,Consumed during maintenance - UWO-652.003.05-2023-599,UWO-652.003.05-2023-599,12-Jul-2023,UTC,
2679,2023-07-12 00:00:00,7440571a-841a-11ed-aa7c-7003bca91a86,5074,MV0001-05618,Gasket,COMP-1768374768143-4kulzp9vp,601.004.06,"ME Pistons, Piston Rods No.06",SP-601.004.01-618,CONSUME,-1,6,4th Engineer,Consumed during maintenance - MKR-IN-00063-601.004.06-2023-379,MKR-IN-00063-601.004.06-2023-379,12-Jul-2023,UTC,
2680,2023-07-12 00:00:00,7440571a-841a-11ed-aa7c-7003bca91a86,5073,MV0001-05617,O-Ring,COMP-1768374768143-4kulzp9vp,601.004.06,"ME Pistons, Piston Rods No.06",SP-601.004.01-617,CONSUME,-1,5,4th Engineer,Consumed during maintenance - MKR-IN-00063-601.004.06-2023-379,MKR-IN-00063-601.004.06-2023-379,12-Jul-2023,UTC,
2154,2023-07-10 00:00:00,7440571a-841a-11ed-aa7c-7003bca91a86,4950,MV0001-05494,Valve Plate Assembly,COMP-1768374767967-jb4k6wuji,554.003.02,Compressors W/Drive Unit No.02,SP-554.003.01-494,CONSUME,-2,1,4th Engineer,Consumed during maintenance - MKR-IN-00080-652.002.01-2023-606,MKR-IN-00080-652.002.01-2023-606,10-Jul-2023,UTC,
2155,2023-07-10 00:00:00,7440571a-841a-11ed-aa7c-7003bca91a86,5076,MV0001-05620,Gasket,COMP-1768374768161-fwhsrv4rs,601.005.06,"ME Connecting Rods, Crosshead, Guides No.06",SP-601.005.01-620,CONSUME,-2,7,4th Engineer,Consumed during maintenance - MKR-IN-00080-652.002.01-2023-606,MKR-IN-00080-652.002.01-2023-606,10-Jul-2023,UTC,
2074,2023-07-09 00:00:00,7440571a-841a-11ed-aa7c-7003bca91a86,5031,MV0001-05575,O-Ring,COMP-1768374767818-ckg4kqu6q,601.001,"Main Diesel Engine, Compl.",SP-601.001-575,CONSUME,-2,2,3rd Engineer,Consumed during maintenance - WO-702.005.02-2023-181,WO-702.005.02-2023-181,09-Jul-2023,UTC,
129,2023-07-05 00:00:00,7440571a-841a-11ed-aa7c-7003bca91a86,4898,MV0001-05442,Hub,COMP-1768374767907-73hq6hda8,801.001,Clean Ballast Pumps,SP-801.001-442,CONSUME,-2,3,977621de-77d7-4892-ae27-adaebcc27d0b,Consumed for WO WO-653.003.06-2023-357,WO-653.003.06-2023-357,05-Jul-2023 00:00,UTC,
2220,2023-07-05 00:00:00,7440571a-841a-11ed-aa7c-7003bca91a86,4942,MV0001-05486,fuel filters,COMP-1768374767812-t7u0ew84e,501.002,Covered Lifeboats,SP-501.002-486,CONSUME,-1,9,Chief Engineer,Consumed during maintenance - MKR-IN-00080-651.002.01-2023-504,MKR-IN-00080-651.002.01-2023-504,05-Jul-2023,UTC,
128,2023-07-02 00:00:00,7440571a-841a-11ed-aa7c-7003bca91a86,4717,MV0001-05261,Stator,COMP-1768374767899-slkigc1i8,665.001,"Emergency Generator Aggregates, Complete",SP-665.001-261,CONSUME,-1,4,228b5256-5bd2-4bf3-826f-c6fe76571449,Consumed for WO WO-651.003.01-2023-321,WO-651.003.01-2023-321,02-Jul-2023 00:00,UTC,
2007,2023-07-02 00:00:00,7440571a-841a-11ed-aa7c-7003bca91a86,5072,MV0001-05616,Gasket,COMP-1768374768022-1676057de,601.003.06,ME Cylinder Liners No.06,SP-601.003.01-616,CONSUME,-2,8,2nd Officer,Consumed during maintenance - UWO-285.001.10-2023-571,UWO-285.001.10-2023-571,02-Jul-2023,UTC,
2944,2023-07-01 00:00:00,7440571a-841a-11ed-aa7c-7003bca91a86,4908,MV0001-05452,Cover And Packing,COMP-1768374767907-73hq6hda8,801.001,Clean Ballast Pumps,SP-801.001-452,CONSUME,-1,2,3rd Engineer,Consumed during maintenance - WO-702.005.02-2023-180,WO-702.005.02-2023-180,01-Jul-2023,UTC,
127,2023-07-01 00:00:00,7440571a-841a-11ed-aa7c-7003bca91a86,4555,MV0001-05099,Cyl. Head Screw,COMP-1768374767802-sjje0yq3o,403.001,"Steering Gears, Complete",SP-403.001-099,CONSUME,-2,3,977621de-77d7-4892-ae27-adaebcc27d0b,Consumed for WO UWO-601.026.02-2023-760,UWO-601.026.02-2023-760,01-Jul-2023 00:00,UTC,
2099,2023-07-01 00:00:00,7440571a-841a-11ed-aa7c-7003bca91a86,5398,MV0001-05942,Plunger Spring,COMP-1768374768525-zyps62yum,712.011.02,LO Separators No.02,SP-702.005.01-942,CONSUME,-2,3,3rd Engineer,Consumed during maintenance - UWO-601.026.02-2023-760,UWO-601.026.02-2023-760,01-Jul-2023,UTC,
2100,2023-07-01 00:00:00,7440571a-841a-11ed-aa7c-7003bca91a86,5544,MV0001-06088,Impeller Nut,COMP-1768374767795-1qyq8qvkb,721.001.02,Main Sw Cooling Pumps No.02,SP-721.001.01-1088,CONSUME,-1,4,3rd Engineer,Consumed during maintenance - UWO-601.026.02-2023-760,UWO-601.026.02-2023-760,01-Jul-2023,UTC,
2782,2023-06-27 00:00:00,7440571a-841a-11ed-aa7c-7003bca91a86,4963,MV0001-05507,Oil Pump Cover,COMP-1768374767967-jb4k6wuji,554.003.02,Compressors W/Drive Unit No.02,SP-554.003.01-507,CONSUME,-2,2,3rd Engineer,Consumed during maintenance - WO-702.005.02-2023-179,WO-702.005.02-2023-179,27-Jun-2023,UTC,
2783,2023-06-27 00:00:00,7440571a-841a-11ed-aa7c-7003bca91a86,4551,MV0001-05095,Plug,COMP-1768374767802-sjje0yq3o,403.001,"Steering Gears, Complete",SP-403.001-095,CONSUME,-2,0,3rd Engineer,Consumed during maintenance - WO-702.005.02-2023-179,WO-702.005.02-2023-179,27-Jun-2023,UTC,
126,2023-06-26 00:00:00,7440571a-841a-11ed-aa7c-7003bca91a86,4713,MV0001-05257,Packing,COMP-1768374767879-whkjy1n4i,653.001,"Aux. Diesel Generator Aggregates, Complete No.03",SP-651.001-257,CONSUME,-2,2,6084f3b8-85dc-462a-b045-111d2b2e6d0e,Consumed for WO UWO-601.066.02-2023-481,UWO-601.066.02-2023-481,26-Jun-2023 00:00,UTC,
2683,2023-06-26 00:00:00,7440571a-841a-11ed-aa7c-7003bca91a86,5546,MV0001-06090,Impeller Washer,COMP-1768374767795-1qyq8qvkb,721.001.02,Main Sw Cooling Pumps No.02,SP-721.001.01-1090,CONSUME,-1,4,3rd Engineer,Consumed during maintenance - UWO-601.066.02-2023-481,UWO-601.066.02-2023-481,26-Jun-2023,UTC,
2701,2023-06-26 00:00:00,7440571a-841a-11ed-aa7c-7003bca91a86,4686,MV0001-05230,Blank Flange,COMP-1768374767834-dbncpiany,601.053,ME Turbochargers,SP-601.053-230,CONSUME,-1,2,2nd Engineer,Consumed during maintenance - WO-601.053-2023-455,WO-601.053-2023-455,26-Jun-2023,UTC,
2433,2023-06-24 00:00:00,7440571a-841a-11ed-aa7c-7003bca91a86,5155,MV0001-05699,Split Pin,COMP-1768374767884-8s61xigy8,653.018,AE3 Crankcases,SP-651.018-699,CONSUME,-2,0,Electrican,Consumed during maintenance - MKR-IN-00086-653.018-2023-136,MKR-IN-00086-653.018-2023-136,24-Jun-2023,UTC,
124,2023-06-21 00:00:00,7440571a-841a-11ed-aa7c-7003bca91a86,4676,MV0001-05220,Bolt,COMP-1768374767834-dbncpiany,601.053,ME Turbochargers,SP-601.053-220,CONSUME,-2,0,480b40d0-04bd-4590-a936-2f879b867977,Consumed for WO WO-601.053-2023-424,WO-601.053-2023-424,21-Jun-2023 00:00,UTC,
125,2023-06-21 00:00:00,7440571a-841a-11ed-aa7c-7003bca91a86,4943,MV0001-05487,O-Ring,COMP-1768374767815-k5anrfi02,554.001,Provision Cooling Compressor Aggregates,SP-554.001-487,CONSUME,-2,3,228b5256-5bd2-4bf3-826f-c6fe76571449,Consumed for WO UWO-653.018-2023-534,UWO-653.018-2023-534,21-Jun-2023 00:00,UTC,
2122,2023-06-21 00:00:00,7440571a-841a-11ed-aa7c-7003bca91a86,5155,MV0001-05699,Split Pin,COMP-1768374767884-8s61xigy8,653.018,AE3 Crankcases,SP-651.018-699,CONSUME,-2,3,2nd Engineer,Consumed during maintenance - UWO-653.018-2023-534,UWO-653.018-2023-534,21-Jun-2023,UTC,
2905,2023-06-18 00:00:00,7440571a-841a-11ed-aa7c-7003bca91a86,5293,MV0001-05837,Bearing-2,COMP-1768374768525-zyps62yum,712.011.02,LO Separators No.02,SP-702.005.01-837,CONSUME,-2,3,4th Engineer,Consumed during maintenance - MKR-OV-00025-651.004.02-2023-025,MKR-OV-00025-651.004.02-2023-025,18-Jun-2023,UTC,
123,2023-06-17 00:00:00,7440571a-841a-11ed-aa7c-7003bca91a86,4874,MV0001-05418,Mechanical Seal Cover,COMP-1768374767907-73hq6hda8,801.001,Clean Ballast Pumps,SP-801.001-418,CONSUME,-1,4,056a433e-b880-43c6-9d59-b1cfe71a4014,Consumed for WO UWO-721.003-2023-488,UWO-721.003-2023-488,17-Jun-2023 00:00,UTC,
2445,2023-06-17 00:00:00,7440571a-841a-11ed-aa7c-7003bca91a86,5285,MV0001-05829,Flat Spring,COMP-1768374768525-zyps62yum,712.011.02,LO Separators No.02,SP-702.005.01-829,CONSUME,-2,3,2nd Engineer,Consumed during maintenance - UWO-721.003-2023-488,UWO-721.003-2023-488,17-Jun-2023,UTC,
2446,2023-06-17 00:00:00,7440571a-841a-11ed-aa7c-7003bca91a86,5182,MV0001-05726,Sight Glass,COMP-1768374768525-zyps62yum,712.011.02,LO Separators No.02,SP-702.005.01-726,CONSUME,-2,1,2nd Engineer,Consumed during maintenance - UWO-721.003-2023-488,UWO-721.003-2023-488,17-Jun-2023,UTC,
2492,2023-06-17 00:00:00,7440571a-841a-11ed-aa7c-7003bca91a86,4684,MV0001-05228,Tongued Washer,COMP-1768374767834-dbncpiany,601.053,ME Turbochargers,SP-601.053-228,CONSUME,-1,4,2nd Engineer,Consumed during maintenance - MKR-OV-00026-651.046-2023-064,MKR-OV-00026-651.046-2023-064,17-Jun-2023,UTC,
647,2023-06-13 00:00:00,7440571a-841a-11ed-aa7c-7003bca91a86,4508,MV0001-05052,hii,COMP-1768374767799-zs6hrf8cm,401.005,Rudders W/Nozzle,SP-401.005-052,RECEIVE,2,2,228b5256-5bd2-4bf3-826f-c6fe76571449,Received from Pacific Marine Parts at Houston,PO-2023-0710,13-Jun-2023 00:00,UTC,Houston
648,2023-06-13 00:00:00,7440571a-841a-11ed-aa7c-7003bca91a86,4479,MV0001-05023,Hydraulic Jack,COMP-1768374767799-zs6hrf8cm,401.005,Rudders W/Nozzle,SP-401.005-023,RECEIVE,1,6,228b5256-5bd2-4bf3-826f-c6fe76571449,Received from Pacific Marine Parts at Houston,PO-2023-1586,13-Jun-2023 00:00,UTC,Houston
649,2023-06-13 00:00:00,7440571a-841a-11ed-aa7c-7003bca91a86,4480,MV0001-05024,Locking Bar,COMP-1768374767799-zs6hrf8cm,401.005,Rudders W/Nozzle,SP-401.005-024,RECEIVE,3,8,228b5256-5bd2-4bf3-826f-c6fe76571449,Received from Pacific Marine Parts at Houston,PO-2023-4427,13-Jun-2023 00:00,UTC,Houston
650,2023-06-13 00:00:00,7440571a-841a-11ed-aa7c-7003bca91a86,4482,MV0001-05026,Sleeve,COMP-1768374767799-zs6hrf8cm,401.005,Rudders W/Nozzle,SP-401.005-026,RECEIVE,3,8,228b5256-5bd2-4bf3-826f-c6fe76571449,Received from Pacific Marine Parts at Houston,PO-2023-3062,13-Jun-2023 00:00,UTC,Houston
651,2023-06-13 00:00:00,7440571a-841a-11ed-aa7c-7003bca91a86,4496,MV0001-05040,Plug,COMP-1768374767799-zs6hrf8cm,401.005,Rudders W/Nozzle,SP-401.005-040,RECEIVE,2,11,228b5256-5bd2-4bf3-826f-c6fe76571449,Received from Pacific Marine Parts at Houston,PO-2023-0671,13-Jun-2023 00:00,UTC,Houston
652,2023-06-13 00:00:00,7440571a-841a-11ed-aa7c-7003bca91a86,4503,MV0001-05047,Seat Plate,COMP-1768374767799-zs6hrf8cm,401.005,Rudders W/Nozzle,SP-401.005-047,RECEIVE,1,6,228b5256-5bd2-4bf3-826f-c6fe76571449,Received from Pacific Marine Parts at Houston,PO-2023-6159,13-Jun-2023 00:00,UTC,Houston
653,2023-06-13 00:00:00,7440571a-841a-11ed-aa7c-7003bca91a86,4512,MV0001-05056,"Stud Bolt, Nut",COMP-1768374767799-zs6hrf8cm,401.005,Rudders W/Nozzle,SP-401.005-056,RECEIVE,1,8,228b5256-5bd2-4bf3-826f-c6fe76571449,Received from Pacific Marine Parts at Houston,PO-2023-4786,13-Jun-2023 00:00,UTC,Houston
654,2023-06-13 00:00:00,7440571a-841a-11ed-aa7c-7003bca91a86,4516,MV0001-05060,Nut,COMP-1768374767799-zs6hrf8cm,401.005,Rudders W/Nozzle,SP-401.005-060,RECEIVE,4,5,228b5256-5bd2-4bf3-826f-c6fe76571449,Received from Pacific Marine Parts at Houston,PO-2023-1888,13-Jun-2023 00:00,UTC,Houston
655,2023-06-13 00:00:00,7440571a-841a-11ed-aa7c-7003bca91a86,4524,MV0001-05068,Plug,COMP-1768374767799-zs6hrf8cm,401.005,Rudders W/Nozzle,SP-401.005-068,RECEIVE,2,6,228b5256-5bd2-4bf3-826f-c6fe76571449,Received from Pacific Marine Parts at Houston,PO-2023-8917,13-Jun-2023 00:00,UTC,Houston
656,2023-06-13 00:00:00,7440571a-841a-11ed-aa7c-7003bca91a86,4534,MV0001-05078,Rotor,COMP-1768374767802-sjje0yq3o,403.001,"Steering Gears, Complete",SP-403.001-078,RECEIVE,5,13,228b5256-5bd2-4bf3-826f-c6fe76571449,Received from Pacific Marine Parts at Houston,PO-2023-0084,13-Jun-2023 00:00,UTC,Houston
657,2023-06-13 00:00:00,7440571a-841a-11ed-aa7c-7003bca91a86,4546,MV0001-05090,O-Ring,COMP-1768374767802-sjje0yq3o,403.001,"Steering Gears, Complete",SP-403.001-090,RECEIVE,5,9,228b5256-5bd2-4bf3-826f-c6fe76571449,Received from Pacific Marine Parts at Houston,PO-2023-7493,13-Jun-2023 00:00,UTC,Houston
658,2023-06-13 00:00:00,7440571a-841a-11ed-aa7c-7003bca91a86,4591,MV0001-05135,O-Ring Angus,COMP-1768374767802-sjje0yq3o,403.001,"Steering Gears, Complete",SP-403.001-135,RECEIVE,2,7,228b5256-5bd2-4bf3-826f-c6fe76571449,Received from Pacific Marine Parts at Houston,PO-2023-0325,13-Jun-2023 00:00,UTC,Houston
659,2023-06-13 00:00:00,7440571a-841a-11ed-aa7c-7003bca91a86,4593,MV0001-05137,Initiator,COMP-1768374767802-sjje0yq3o,403.001,"Steering Gears, Complete",SP-403.001-137,RECEIVE,1,6,228b5256-5bd2-4bf3-826f-c6fe76571449,Received from Pacific Marine Parts at Houston,PO-2023-1145,13-Jun-2023 00:00,UTC,Houston
660,2023-06-13 00:00:00,7440571a-841a-11ed-aa7c-7003bca91a86,4620,MV0001-05164,Dryer,COMP-1768374767815-k5anrfi02,554.001,Provision Cooling Compressor Aggregates,SP-554.001-164,RECEIVE,2,7,228b5256-5bd2-4bf3-826f-c6fe76571449,Received from Pacific Marine Parts at Houston,PO-2023-1216,13-Jun-2023 00:00,UTC,Houston
661,2023-06-13 00:00:00,7440571a-841a-11ed-aa7c-7003bca91a86,4623,MV0001-05167,W.T Type Wall Light,COMP-1768374767815-k5anrfi02,554.001,Provision Cooling Compressor Aggregates,SP-554.001-167,RECEIVE,5,16,228b5256-5bd2-4bf3-826f-c6fe76571449,Received from Pacific Marine Parts at Houston,PO-2023-2581,13-Jun-2023 00:00,UTC,Houston
662,2023-06-13 00:00:00,7440571a-841a-11ed-aa7c-7003bca91a86,4625,MV0001-05169,Switch With Indicator Lamp,COMP-1768374767815-k5anrfi02,554.001,Provision Cooling Compressor Aggregates,SP-554.001-169,RECEIVE,3,12,228b5256-5bd2-4bf3-826f-c6fe76571449,Received from Pacific Marine Parts at Houston,PO-2023-2033,13-Jun-2023 00:00,UTC,Houston
663,2023-06-13 00:00:00,7440571a-841a-11ed-aa7c-7003bca91a86,4628,MV0001-05172,Cable Junction Box,COMP-1768374767815-k5anrfi02,554.001,Provision Cooling Compressor Aggregates,SP-554.001-172,RECEIVE,4,9,228b5256-5bd2-4bf3-826f-c6fe76571449,Received from Pacific Marine Parts at Houston,PO-2023-5551,13-Jun-2023 00:00,UTC,Houston
664,2023-06-13 00:00:00,7440571a-841a-11ed-aa7c-7003bca91a86,4662,MV0001-05206,Thrust Bearing Support,COMP-1768374767834-dbncpiany,601.053,ME Turbochargers,SP-601.053-206,RECEIVE,2,4,228b5256-5bd2-4bf3-826f-c6fe76571449,Received from Pacific Marine Parts at Houston,PO-2023-8969,13-Jun-2023 00:00,UTC,Houston
665,2023-06-13 00:00:00,7440571a-841a-11ed-aa7c-7003bca91a86,4664,MV0001-05208,"End Cover, In Two Parts, Complete",COMP-1768374767834-dbncpiany,601.053,ME Turbochargers,SP-601.053-208,RECEIVE,1,6,228b5256-5bd2-4bf3-826f-c6fe76571449,Received from Pacific Marine Parts at Houston,PO-2023-9234,13-Jun-2023 00:00,UTC,Houston
666,2023-06-13 00:00:00,7440571a-841a-11ed-aa7c-7003bca91a86,4673,MV0001-05217,Bolt,COMP-1768374767834-dbncpiany,601.053,ME Turbochargers,SP-601.053-217,RECEIVE,4,15,228b5256-5bd2-4bf3-826f-c6fe76571449,Received from Pacific Marine Parts at Houston,PO-2023-5472,13-Jun-2023 00:00,UTC,Houston
667,2023-06-13 00:00:00,7440571a-841a-11ed-aa7c-7003bca91a86,4701,MV0001-05245,Bolt,COMP-1768374767837-m3bhk56ru,601.059,ME Exhaust Gas Manifolds/Pipes W/Insulation,SP-601.059-245,RECEIVE,3,12,228b5256-5bd2-4bf3-826f-c6fe76571449,Received from Pacific Marine Parts at Houston,PO-2023-4760,13-Jun-2023 00:00,UTC,Houston
668,2023-06-13 00:00:00,7440571a-841a-11ed-aa7c-7003bca91a86,4710,MV0001-05254,Nut,COMP-1768374767837-m3bhk56ru,601.059,ME Exhaust Gas Manifolds/Pipes W/Insulation,SP-601.059-254,RECEIVE,3,9,228b5256-5bd2-4bf3-826f-c6fe76571449,Received from Pacific Marine Parts at Houston,PO-2023-2953,13-Jun-2023 00:00,UTC,Houston
669,2023-06-13 00:00:00,7440571a-841a-11ed-aa7c-7003bca91a86,4729,MV0001-05273,Coupling Bolt,COMP-1768374767899-slkigc1i8,665.001,"Emergency Generator Aggregates, Complete",SP-665.001-273,RECEIVE,4,9,228b5256-5bd2-4bf3-826f-c6fe76571449,Received from Pacific Marine Parts at Houston,PO-2023-6016,13-Jun-2023 00:00,UTC,Houston
670,2023-06-13 00:00:00,7440571a-841a-11ed-aa7c-7003bca91a86,4740,MV0001-05284,Main Rectifier Assembly-Forward,COMP-1768374767899-slkigc1i8,665.001,"Emergency Generator Aggregates, Complete",SP-665.001-284,RECEIVE,4,12,228b5256-5bd2-4bf3-826f-c6fe76571449,Received from Pacific Marine Parts at Houston,PO-2023-2813,13-Jun-2023 00:00,UTC,Houston
671,2023-06-13 00:00:00,7440571a-841a-11ed-aa7c-7003bca91a86,4765,MV0001-05309,Bearing Wave Washer Drive End,COMP-1768374767899-slkigc1i8,665.001,"Emergency Generator Aggregates, Complete",SP-665.001-309,RECEIVE,2,6,228b5256-5bd2-4bf3-826f-c6fe76571449,Received from Pacific Marine Parts at Houston,PO-2023-9158,13-Jun-2023 00:00,UTC,Houston
672,2023-06-13 00:00:00,7440571a-841a-11ed-aa7c-7003bca91a86,4767,MV0001-05311,Drive End Screen,COMP-1768374767899-slkigc1i8,665.001,"Emergency Generator Aggregates, Complete",SP-665.001-311,RECEIVE,2,11,228b5256-5bd2-4bf3-826f-c6fe76571449,Received from Pacific Marine Parts at Houston,PO-2023-5496,13-Jun-2023 00:00,UTC,Houston
673,2023-06-13 00:00:00,7440571a-841a-11ed-aa7c-7003bca91a86,4768,MV0001-05312,Bearing Drive End,COMP-1768374767899-slkigc1i8,665.001,"Emergency Generator Aggregates, Complete",SP-665.001-312,RECEIVE,3,13,228b5256-5bd2-4bf3-826f-c6fe76571449,Received from Pacific Marine Parts at Houston,PO-2023-7345,13-Jun-2023 00:00,UTC,Houston
674,2023-06-13 00:00:00,7440571a-841a-11ed-aa7c-7003bca91a86,4773,MV0001-05317,Terminal Box Lid,COMP-1768374767899-slkigc1i8,665.001,"Emergency Generator Aggregates, Complete",SP-665.001-317,RECEIVE,4,9,228b5256-5bd2-4bf3-826f-c6fe76571449,Received from Pacific Marine Parts at Houston,PO-2023-4003,13-Jun-2023 00:00,UTC,Houston
675,2023-06-13 00:00:00,7440571a-841a-11ed-aa7c-7003bca91a86,4819,MV0001-05363,End panel Drive End,COMP-1768374767899-slkigc1i8,665.001,"Emergency Generator Aggregates, Complete",SP-665.001-363,RECEIVE,1,9,228b5256-5bd2-4bf3-826f-c6fe76571449,Received from Pacific Marine Parts at Houston,PO-2023-4720,13-Jun-2023 00:00,UTC,Houston
676,2023-06-13 00:00:00,7440571a-841a-11ed-aa7c-7003bca91a86,4820,MV0001-05364,End panel Non Drive End,COMP-1768374767899-slkigc1i8,665.001,"Emergency Generator Aggregates, Complete",SP-665.001-364,RECEIVE,4,9,228b5256-5bd2-4bf3-826f-c6fe76571449,Received from Pacific Marine Parts at Houston,PO-2023-7221,13-Jun-2023 00:00,UTC,Houston
677,2023-06-13 00:00:00,7440571a-841a-11ed-aa7c-7003bca91a86,4825,MV0001-05369,Varistor,COMP-1768374767899-slkigc1i8,665.001,"Emergency Generator Aggregates, Complete",SP-665.001-369,RECEIVE,2,9,228b5256-5bd2-4bf3-826f-c6fe76571449,Received from Pacific Marine Parts at Houston,PO-2023-9282,13-Jun-2023 00:00,UTC,Houston
678,2023-06-13 00:00:00,7440571a-841a-11ed-aa7c-7003bca91a86,4839,MV0001-05383,Pump Bed,COMP-1768374767907-73hq6hda8,801.001,Clean Ballast Pumps,SP-801.001-383,RECEIVE,4,9,228b5256-5bd2-4bf3-826f-c6fe76571449,Received from Pacific Marine Parts at Houston,PO-2023-9712,13-Jun-2023 00:00,UTC,Houston
679,2023-06-13 00:00:00,7440571a-841a-11ed-aa7c-7003bca91a86,4870,MV0001-05414,Packing Ring,COMP-1768374767907-73hq6hda8,801.001,Clean Ballast Pumps,SP-801.001-414,RECEIVE,3,8,228b5256-5bd2-4bf3-826f-c6fe76571449,Received from Pacific Marine Parts at Houston,PO-2023-6767,13-Jun-2023 00:00,UTC,Houston
680,2023-06-13 00:00:00,7440571a-841a-11ed-aa7c-7003bca91a86,4896,MV0001-05440,Coupling Flange,COMP-1768374767907-73hq6hda8,801.001,Clean Ballast Pumps,SP-801.001-440,RECEIVE,3,8,228b5256-5bd2-4bf3-826f-c6fe76571449,Received from Pacific Marine Parts at Houston,PO-2023-1392,13-Jun-2023 00:00,UTC,Houston
681,2023-06-13 00:00:00,7440571a-841a-11ed-aa7c-7003bca91a86,4925,MV0001-05469,Oil Seal,COMP-1768374767907-73hq6hda8,801.001,Clean Ballast Pumps,SP-801.001-469,RECEIVE,1,2,228b5256-5bd2-4bf3-826f-c6fe76571449,Received from Pacific Marine Parts at Houston,PO-2023-6248,13-Jun-2023 00:00,UTC,Houston
682,2023-06-13 00:00:00,7440571a-841a-11ed-aa7c-7003bca91a86,4942,MV0001-05486,fuel filters,COMP-1768374767812-t7u0ew84e,501.002,Covered Lifeboats,SP-501.002-486,RECEIVE,4,13,228b5256-5bd2-4bf3-826f-c6fe76571449,Received from Pacific Marine Parts at Houston,PO-2023-3086,13-Jun-2023 00:00,UTC,Houston
683,2023-06-13 00:00:00,7440571a-841a-11ed-aa7c-7003bca91a86,4950,MV0001-05494,Valve Plate Assembly,COMP-1768374767967-jb4k6wuji,554.003.02,Compressors W/Drive Unit No.02,SP-554.003.01-494,RECEIVE,5,10,228b5256-5bd2-4bf3-826f-c6fe76571449,Received from Pacific Marine Parts at Houston,PO-2023-0477,13-Jun-2023 00:00,UTC,Houston
684,2023-06-13 00:00:00,7440571a-841a-11ed-aa7c-7003bca91a86,4957,MV0001-05501,Relief Valve,COMP-1768374767967-jb4k6wuji,554.003.02,Compressors W/Drive Unit No.02,SP-554.003.01-501,RECEIVE,5,8,228b5256-5bd2-4bf3-826f-c6fe76571449,Received from Pacific Marine Parts at Houston,PO-2023-3405,13-Jun-2023 00:00,UTC,Houston
2982,2023-06-12 00:00:00,7440571a-841a-11ed-aa7c-7003bca91a86,5058,MV0001-05602,Piston Complete,COMP-1768374767994-apqr6kc7v,601.002.06,ME Cylinder Covers W/Valves No.06,SP-601.002.01-602,CONSUME,-1,2,2nd Engineer,Consumed during maintenance - UWO-651.007.02-2023-848,UWO-651.007.02-2023-848,12-Jun-2023,UTC,
2981,2023-06-12 00:00:00,7440571a-841a-11ed-aa7c-7003bca91a86,5319,MV0001-05863,Brake Handle,COMP-1768374768525-zyps62yum,712.011.02,LO Separators No.02,SP-702.005.01-863,CONSUME,-2,2,2nd Engineer,Consumed during maintenance - UWO-651.007.02-2023-848,UWO-651.007.02-2023-848,12-Jun-2023,UTC,
122,2023-06-12 00:00:00,7440571a-841a-11ed-aa7c-7003bca91a86,4654,MV0001-05198,Cover,COMP-1768374767827-g6k9lk4to,601.016,ME Tiebolts,SP-601.016-198,CONSUME,-2,3,6084f3b8-85dc-462a-b045-111d2b2e6d0e,Consumed for WO WO-702.005.02-2023-176,WO-702.005.02-2023-176,12-Jun-2023 00:00,UTC,
121,2023-06-10 00:00:00,7440571a-841a-11ed-aa7c-7003bca91a86,4927,MV0001-05471,Bearing Nut Spanner,COMP-1768374767907-73hq6hda8,801.001,Clean Ballast Pumps,SP-801.001-471,CONSUME,-2,3,228b5256-5bd2-4bf3-826f-c6fe76571449,Consumed for WO UWO-721.003-2023-670,UWO-721.003-2023-670,10-Jun-2023 00:00,UTC,
2394,2023-06-10 00:00:00,7440571a-841a-11ed-aa7c-7003bca91a86,5108,MV0001-05652,O-Ring,COMP-1768374767845-490ayszf9,601.064,ME Turning Gear,SP-601.064-652,CONSUME,-2,7,2nd Engineer,Consumed during maintenance - MKR-IN-00065-601.064-2023-018,MKR-IN-00065-601.064-2023-018,10-Jun-2023,UTC,
2653,2023-06-10 00:00:00,7440571a-841a-11ed-aa7c-7003bca91a86,4936,MV0001-05480,O-Ring,COMP-1768374767958-93if5ek0n,403.006.02,Hydr. Oil Pumps No.02,SP-403.006.01-480,CONSUME,-2,6,3rd Engineer,Consumed during maintenance - UWO-403.006.02-2023-714,UWO-403.006.02-2023-714,10-Jun-2023,UTC,
2772,2023-06-10 00:00:00,7440571a-841a-11ed-aa7c-7003bca91a86,4678,MV0001-05222,Bolt With Wire Hole,COMP-1768374767834-dbncpiany,601.053,ME Turbochargers,SP-601.053-222,CONSUME,-1,3,4th Engineer,Consumed during maintenance - MKR-IN-00079-601.066.03-2023-467,MKR-IN-00079-601.066.03-2023-467,10-Jun-2023,UTC,
120,2023-06-07 00:00:00,7440571a-841a-11ed-aa7c-7003bca91a86,4627,MV0001-05171,Cable Junction Box,COMP-1768374767815-k5anrfi02,554.001,Provision Cooling Compressor Aggregates,SP-554.001-171,CONSUME,-1,4,977621de-77d7-4892-ae27-adaebcc27d0b,Consumed for WO WO-653.003.06-2023-356,WO-653.003.06-2023-356,07-Jun-2023 00:00,UTC,
119,2023-06-06 00:00:00,7440571a-841a-11ed-aa7c-7003bca91a86,4876,MV0001-05420,Bearing Nut,COMP-1768374767907-73hq6hda8,801.001,Clean Ballast Pumps,SP-801.001-420,CONSUME,-2,3,977621de-77d7-4892-ae27-adaebcc27d0b,Consumed for WO UWO-653.020.04-2023-559,UWO-653.020.04-2023-559,06-Jun-2023 00:00,UTC,
2844,2023-06-04 00:00:00,7440571a-841a-11ed-aa7c-7003bca91a86,5009,MV0001-05553,Service Valve-1,COMP-1768374767967-jb4k6wuji,554.003.02,Compressors W/Drive Unit No.02,SP-554.003.01-553,CONSUME,-1,2,Electrican,Consumed during maintenance - MKR-IN-00072-285.001.10-2023-263,MKR-IN-00072-285.001.10-2023-263,04-Jun-2023,UTC,
2843,2023-06-04 00:00:00,7440571a-841a-11ed-aa7c-7003bca91a86,5042,MV0001-05586,Parallel Pin,COMP-1768374767994-apqr6kc7v,601.002.06,ME Cylinder Covers W/Valves No.06,SP-601.002.01-586,CONSUME,-1,2,Electrican,Consumed during maintenance - MKR-IN-00072-285.001.10-2023-263,MKR-IN-00072-285.001.10-2023-263,04-Jun-2023,UTC,
118,2023-06-03 00:00:00,7440571a-841a-11ed-aa7c-7003bca91a86,4680,MV0001-05224,Thread End Taper Pin,COMP-1768374767834-dbncpiany,601.053,ME Turbochargers,SP-601.053-224,CONSUME,-2,2,6084f3b8-85dc-462a-b045-111d2b2e6d0e,Consumed for WO UWO-702.005-2023-779,UWO-702.005-2023-779,03-Jun-2023 00:00,UTC,
2150,2023-06-03 00:00:00,7440571a-841a-11ed-aa7c-7003bca91a86,4707,MV0001-05251,Stud Bolt,COMP-1768374767837-m3bhk56ru,601.059,ME Exhaust Gas Manifolds/Pipes W/Insulation,SP-601.059-251,CONSUME,-1,4,Electrican,Consumed during maintenance - MKR-IN-00072-285.001.05-2023-201,MKR-IN-00072-285.001.05-2023-201,03-Jun-2023,UTC,
2607,2023-06-03 00:00:00,7440571a-841a-11ed-aa7c-7003bca91a86,4569,MV0001-05113,Manometer Valve,COMP-1768374767802-sjje0yq3o,403.001,"Steering Gears, Complete",SP-403.001-113,CONSUME,-1,4,2nd Engineer,Consumed during maintenance - UWO-702.005-2023-779,UWO-702.005-2023-779,03-Jun-2023,UTC,
2958,2023-06-01 00:00:00,7440571a-841a-11ed-aa7c-7003bca91a86,4604,MV0001-05148,Washer,COMP-1768374767802-sjje0yq3o,403.001,"Steering Gears, Complete",SP-403.001-148,CONSUME,-1,2,3rd Engineer,Consumed during maintenance - UWO-651.053-2023-684,UWO-651.053-2023-684,01-Jun-2023,UTC,
2957,2023-06-01 00:00:00,7440571a-841a-11ed-aa7c-7003bca91a86,5370,MV0001-05914,Butterfly Valve With Lever Handle,COMP-1768374768525-zyps62yum,712.011.02,LO Separators No.02,SP-702.005.01-914,CONSUME,-2,3,3rd Engineer,Consumed during maintenance - UWO-651.053-2023-684,UWO-651.053-2023-684,01-Jun-2023,UTC,
116,2023-06-01 00:00:00,7440571a-841a-11ed-aa7c-7003bca91a86,4516,MV0001-05060,Nut,COMP-1768374767799-zs6hrf8cm,401.005,Rudders W/Nozzle,SP-401.005-060,CONSUME,-2,3,480b40d0-04bd-4590-a936-2f879b867977,Consumed for WO UWO-6-2023-517,UWO-6-2023-517,01-Jun-2023 00:00,UTC,
117,2023-06-01 00:00:00,7440571a-841a-11ed-aa7c-7003bca91a86,4680,MV0001-05224,Thread End Taper Pin,COMP-1768374767834-dbncpiany,601.053,ME Turbochargers,SP-601.053-224,CONSUME,-1,4,977621de-77d7-4892-ae27-adaebcc27d0b,Consumed for WO UWO-554.005.01-2023-755,UWO-554.005.01-2023-755,01-Jun-2023 00:00,UTC,
2341,2023-06-01 00:00:00,7440571a-841a-11ed-aa7c-7003bca91a86,5144,MV0001-05688,Flywheel,COMP-1768374768462-uelez69lg,653.004.06,AE3 Pistons And Connecting Rod No.06,SP-651.004.01-688,CONSUME,-2,3,2nd Engineer,Consumed during maintenance - UWO-6-2023-517,UWO-6-2023-517,01-Jun-2023,UTC,
2819,2023-05-31 00:00:00,7440571a-841a-11ed-aa7c-7003bca91a86,5167,MV0001-05711,O-Ring,COMP-1768374767903-diu642k7j,665.003,Emergency Generator Drive Units,SP-665.003-711,CONSUME,-2,3,3rd Engineer,Consumed during maintenance - UWO-665.003-2023-530,UWO-665.003-2023-530,31-May-2023,UTC,
115,2023-05-31 00:00:00,7440571a-841a-11ed-aa7c-7003bca91a86,4651,MV0001-05195,Bush,COMP-1768374767827-g6k9lk4to,601.016,ME Tiebolts,SP-601.016-195,CONSUME,-1,4,977621de-77d7-4892-ae27-adaebcc27d0b,Consumed for WO UWO-651.020.05-2023-847,UWO-651.020.05-2023-847,31-May-2023 00:00,UTC,
2684,2023-05-31 00:00:00,7440571a-841a-11ed-aa7c-7003bca91a86,5106,MV0001-05650,O-Ring,COMP-1768374767841-28lhyy6ri,601.060,ME Crankshafts,SP-601.060-650,CONSUME,-2,7,3rd Engineer,Consumed during maintenance - UWO-651.004.05-2023-829,UWO-651.004.05-2023-829,31-May-2023,UTC,
2685,2023-05-31 00:00:00,7440571a-841a-11ed-aa7c-7003bca91a86,5430,MV0001-05974,Piston,COMP-1768374768525-zyps62yum,712.011.02,LO Separators No.02,SP-702.005.01-974,CONSUME,-2,1,3rd Engineer,Consumed during maintenance - UWO-651.004.05-2023-829,UWO-651.004.05-2023-829,31-May-2023,UTC,
114,2023-05-30 00:00:00,7440571a-841a-11ed-aa7c-7003bca91a86,4711,MV0001-05255,Plain Washer,COMP-1768374767837-m3bhk56ru,601.059,ME Exhaust Gas Manifolds/Pipes W/Insulation,SP-601.059-255,CONSUME,-2,3,056a433e-b880-43c6-9d59-b1cfe71a4014,Consumed for WO WO-702.005.02-2023-175,WO-702.005.02-2023-175,30-May-2023 00:00,UTC,
2942,2023-05-27 00:00:00,7440571a-841a-11ed-aa7c-7003bca91a86,5462,MV0001-06006,Adjust Ng Bolt,COMP-1768374768533-xnq4n84q4,712.013.02,LO Separator Booster Pumps No.02,SP-712.013.01-1006,CONSUME,-1,4,2nd Engineer,Consumed during maintenance - MKR-IN-00063-601.004.03-2023-334,MKR-IN-00063-601.004.03-2023-334,27-May-2023,UTC,
2941,2023-05-27 00:00:00,7440571a-841a-11ed-aa7c-7003bca91a86,4724,MV0001-05268,Bearing Non Drive End,COMP-1768374767899-slkigc1i8,665.001,"Emergency Generator Aggregates, Complete",SP-665.001-268,CONSUME,-1,4,2nd Engineer,Consumed during maintenance - MKR-IN-00063-601.004.03-2023-334,MKR-IN-00063-601.004.03-2023-334,27-May-2023,UTC,
2590,2023-05-24 00:00:00,7440571a-841a-11ed-aa7c-7003bca91a86,5392,MV0001-05936,Terminal Unit,COMP-1768374768525-zyps62yum,712.011.02,LO Separators No.02,SP-702.005.01-936,CONSUME,-1,2,3rd Engineer,Consumed during maintenance - UWO-653.007.04-2023-506,UWO-653.007.04-2023-506,24-May-2023,UTC,
1935,2023-05-23 00:00:00,7440571a-841a-11ed-aa7c-7003bca91a86,5352,MV0001-05896,Socket Cap Screw,COMP-1768374768525-zyps62yum,712.011.02,LO Separators No.02,SP-702.005.01-896,CONSUME,-2,3,3rd Engineer,Consumed during maintenance - WO-702.005.02-2023-174,WO-702.005.02-2023-174,23-May-2023,UTC,
1936,2023-05-23 00:00:00,7440571a-841a-11ed-aa7c-7003bca91a86,4835,MV0001-05379,Foot Mounting Spacer,COMP-1768374767899-slkigc1i8,665.001,"Emergency Generator Aggregates, Complete",SP-665.001-379,CONSUME,-2,3,3rd Engineer,Consumed during maintenance - WO-702.005.02-2023-174,WO-702.005.02-2023-174,23-May-2023,UTC,
113,2023-05-18 00:00:00,7440571a-841a-11ed-aa7c-7003bca91a86,4563,MV0001-05107,Washer,COMP-1768374767802-sjje0yq3o,403.001,"Steering Gears, Complete",SP-403.001-107,CONSUME,-2,3,977621de-77d7-4892-ae27-adaebcc27d0b,Consumed for WO UWO-721.003.02-2023-614,UWO-721.003.02-2023-614,18-May-2023 00:00,UTC,
2282,2023-05-18 00:00:00,7440571a-841a-11ed-aa7c-7003bca91a86,5567,MV0001-06111,O-Ring,COMP-1768374768550-hmn480hin,721.003.02,Aux. Sw Cooling Pumps No.02,SP-721.003.01-1111,CONSUME,-1,2,Chief Engineer,Consumed during maintenance - UWO-721.003.02-2023-614,UWO-721.003.02-2023-614,18-May-2023,UTC,
112,2023-05-16 00:00:00,7440571a-841a-11ed-aa7c-7003bca91a86,4474,MV0001-05018,Bolts,COMP-1768374767799-zs6hrf8cm,401.005,Rudders W/Nozzle,SP-401.005-018,CONSUME,-1,4,6084f3b8-85dc-462a-b045-111d2b2e6d0e,Consumed for WO UWO-651.020.03-2023-524,UWO-651.020.03-2023-524,16-May-2023 00:00,UTC,
2225,2023-05-16 00:00:00,7440571a-841a-11ed-aa7c-7003bca91a86,4922,MV0001-05466,Oil Seal,COMP-1768374767907-73hq6hda8,801.001,Clean Ballast Pumps,SP-801.001-466,CONSUME,-1,4,4th Engineer,Consumed during maintenance - UWO-651.020.03-2023-524,UWO-651.020.03-2023-524,16-May-2023,UTC,
2226,2023-05-16 00:00:00,7440571a-841a-11ed-aa7c-7003bca91a86,4836,MV0001-05380,Cap Screw,COMP-1768374767899-slkigc1i8,665.001,"Emergency Generator Aggregates, Complete",SP-665.001-380,CONSUME,-2,1,4th Engineer,Consumed during maintenance - UWO-651.020.03-2023-524,UWO-651.020.03-2023-524,16-May-2023,UTC,
2227,2023-05-16 00:00:00,7440571a-841a-11ed-aa7c-7003bca91a86,4750,MV0001-05294,Edging Strip,COMP-1768374767899-slkigc1i8,665.001,"Emergency Generator Aggregates, Complete",SP-665.001-294,CONSUME,-1,4,4th Engineer,Consumed during maintenance - UWO-651.020.03-2023-524,UWO-651.020.03-2023-524,16-May-2023,UTC,
111,2023-05-13 00:00:00,7440571a-841a-11ed-aa7c-7003bca91a86,4626,MV0001-05170,W.T. Receptacle,COMP-1768374767815-k5anrfi02,554.001,Provision Cooling Compressor Aggregates,SP-554.001-170,CONSUME,-2,3,977621de-77d7-4892-ae27-adaebcc27d0b,Consumed for WO UWO-653.020.05-2023-622,UWO-653.020.05-2023-622,13-May-2023 00:00,UTC,
605,2023-05-13 00:00:00,7440571a-841a-11ed-aa7c-7003bca91a86,4458,MV0001-05002,Gudgeon,COMP-1768374767799-zs6hrf8cm,401.005,Rudders W/Nozzle,SP-401.005-002,RECEIVE,1,5,228b5256-5bd2-4bf3-826f-c6fe76571449,Received from MarineSpares Int. at Colombo,PO-2023-2075,13-May-2023 00:00,UTC,Colombo
606,2023-05-13 00:00:00,7440571a-841a-11ed-aa7c-7003bca91a86,4494,MV0001-05038,Back-Up Ring,COMP-1768374767799-zs6hrf8cm,401.005,Rudders W/Nozzle,SP-401.005-038,RECEIVE,4,7,228b5256-5bd2-4bf3-826f-c6fe76571449,Received from MarineSpares Int. at Colombo,PO-2023-2877,13-May-2023 00:00,UTC,Colombo
607,2023-05-13 00:00:00,7440571a-841a-11ed-aa7c-7003bca91a86,4496,MV0001-05040,Plug,COMP-1768374767799-zs6hrf8cm,401.005,Rudders W/Nozzle,SP-401.005-040,RECEIVE,2,9,228b5256-5bd2-4bf3-826f-c6fe76571449,Received from MarineSpares Int. at Colombo,PO-2023-9004,13-May-2023 00:00,UTC,Colombo
608,2023-05-13 00:00:00,7440571a-841a-11ed-aa7c-7003bca91a86,4512,MV0001-05056,"Stud Bolt, Nut",COMP-1768374767799-zs6hrf8cm,401.005,Rudders W/Nozzle,SP-401.005-056,RECEIVE,2,7,228b5256-5bd2-4bf3-826f-c6fe76571449,Received from MarineSpares Int. at Colombo,PO-2023-5345,13-May-2023 00:00,UTC,Colombo
609,2023-05-13 00:00:00,7440571a-841a-11ed-aa7c-7003bca91a86,4528,MV0001-05072,Locking Screw,COMP-1768374767802-sjje0yq3o,403.001,"Steering Gears, Complete",SP-403.001-072,RECEIVE,4,4,228b5256-5bd2-4bf3-826f-c6fe76571449,Received from MarineSpares Int. at Colombo,PO-2023-1905,13-May-2023 00:00,UTC,Colombo
610,2023-05-13 00:00:00,7440571a-841a-11ed-aa7c-7003bca91a86,4534,MV0001-05078,Rotor,COMP-1768374767802-sjje0yq3o,403.001,"Steering Gears, Complete",SP-403.001-078,RECEIVE,3,8,228b5256-5bd2-4bf3-826f-c6fe76571449,Received from MarineSpares Int. at Colombo,PO-2023-0867,13-May-2023 00:00,UTC,Colombo
611,2023-05-13 00:00:00,7440571a-841a-11ed-aa7c-7003bca91a86,4561,MV0001-05105,Washer,COMP-1768374767802-sjje0yq3o,403.001,"Steering Gears, Complete",SP-403.001-105,RECEIVE,1,6,228b5256-5bd2-4bf3-826f-c6fe76571449,Received from MarineSpares Int. at Colombo,PO-2023-1465,13-May-2023 00:00,UTC,Colombo
612,2023-05-13 00:00:00,7440571a-841a-11ed-aa7c-7003bca91a86,4562,MV0001-05106,Plug,COMP-1768374767802-sjje0yq3o,403.001,"Steering Gears, Complete",SP-403.001-106,RECEIVE,1,4,228b5256-5bd2-4bf3-826f-c6fe76571449,Received from MarineSpares Int. at Colombo,PO-2023-1679,13-May-2023 00:00,UTC,Colombo
613,2023-05-13 00:00:00,7440571a-841a-11ed-aa7c-7003bca91a86,4604,MV0001-05148,Washer,COMP-1768374767802-sjje0yq3o,403.001,"Steering Gears, Complete",SP-403.001-148,RECEIVE,5,10,228b5256-5bd2-4bf3-826f-c6fe76571449,Received from MarineSpares Int. at Colombo,PO-2023-0288,13-May-2023 00:00,UTC,Colombo
614,2023-05-13 00:00:00,7440571a-841a-11ed-aa7c-7003bca91a86,4616,MV0001-05160,Stop Valve,COMP-1768374767815-k5anrfi02,554.001,Provision Cooling Compressor Aggregates,SP-554.001-160,RECEIVE,5,5,228b5256-5bd2-4bf3-826f-c6fe76571449,Received from MarineSpares Int. at Colombo,PO-2023-7100,13-May-2023 00:00,UTC,Colombo
615,2023-05-13 00:00:00,7440571a-841a-11ed-aa7c-7003bca91a86,4623,MV0001-05167,W.T Type Wall Light,COMP-1768374767815-k5anrfi02,554.001,Provision Cooling Compressor Aggregates,SP-554.001-167,RECEIVE,3,11,228b5256-5bd2-4bf3-826f-c6fe76571449,Received from MarineSpares Int. at Colombo,PO-2023-6193,13-May-2023 00:00,UTC,Colombo
616,2023-05-13 00:00:00,7440571a-841a-11ed-aa7c-7003bca91a86,4625,MV0001-05169,Switch With Indicator Lamp,COMP-1768374767815-k5anrfi02,554.001,Provision Cooling Compressor Aggregates,SP-554.001-169,RECEIVE,4,9,228b5256-5bd2-4bf3-826f-c6fe76571449,Received from MarineSpares Int. at Colombo,PO-2023-6994,13-May-2023 00:00,UTC,Colombo
617,2023-05-13 00:00:00,7440571a-841a-11ed-aa7c-7003bca91a86,4630,MV0001-05174,Freon Gas,COMP-1768374767815-k5anrfi02,554.001,Provision Cooling Compressor Aggregates,SP-554.001-174,RECEIVE,1,6,228b5256-5bd2-4bf3-826f-c6fe76571449,Received from MarineSpares Int. at Colombo,PO-2023-2702,13-May-2023 00:00,UTC,Colombo
618,2023-05-13 00:00:00,7440571a-841a-11ed-aa7c-7003bca91a86,4633,MV0001-05177,Felt,COMP-1768374767815-k5anrfi02,554.001,Provision Cooling Compressor Aggregates,SP-554.001-177,RECEIVE,1,6,228b5256-5bd2-4bf3-826f-c6fe76571449,Received from MarineSpares Int. at Colombo,PO-2023-1822,13-May-2023 00:00,UTC,Colombo
619,2023-05-13 00:00:00,7440571a-841a-11ed-aa7c-7003bca91a86,4636,MV0001-05180,Lens,COMP-1768374767815-k5anrfi02,554.001,Provision Cooling Compressor Aggregates,SP-554.001-180,RECEIVE,3,8,228b5256-5bd2-4bf3-826f-c6fe76571449,Received from MarineSpares Int. at Colombo,PO-2023-5420,13-May-2023 00:00,UTC,Colombo
620,2023-05-13 00:00:00,7440571a-841a-11ed-aa7c-7003bca91a86,4644,MV0001-05188,Pressure Controls,COMP-1768374767815-k5anrfi02,554.001,Provision Cooling Compressor Aggregates,SP-554.001-188,RECEIVE,3,7,228b5256-5bd2-4bf3-826f-c6fe76571449,Received from MarineSpares Int. at Colombo,PO-2023-7426,13-May-2023 00:00,UTC,Colombo
621,2023-05-13 00:00:00,7440571a-841a-11ed-aa7c-7003bca91a86,4663,MV0001-05207,Thrust Bearing Support,COMP-1768374767834-dbncpiany,601.053,ME Turbochargers,SP-601.053-207,RECEIVE,1,6,228b5256-5bd2-4bf3-826f-c6fe76571449,Received from MarineSpares Int. at Colombo,PO-2023-5797,13-May-2023 00:00,UTC,Colombo
622,2023-05-13 00:00:00,7440571a-841a-11ed-aa7c-7003bca91a86,4669,MV0001-05213,Bolt,COMP-1768374767834-dbncpiany,601.053,ME Turbochargers,SP-601.053-213,RECEIVE,1,6,228b5256-5bd2-4bf3-826f-c6fe76571449,Received from MarineSpares Int. at Colombo,PO-2023-4357,13-May-2023 00:00,UTC,Colombo
623,2023-05-13 00:00:00,7440571a-841a-11ed-aa7c-7003bca91a86,4680,MV0001-05224,Thread End Taper Pin,COMP-1768374767834-dbncpiany,601.053,ME Turbochargers,SP-601.053-224,RECEIVE,2,2,228b5256-5bd2-4bf3-826f-c6fe76571449,Received from MarineSpares Int. at Colombo,PO-2023-2340,13-May-2023 00:00,UTC,Colombo
624,2023-05-13 00:00:00,7440571a-841a-11ed-aa7c-7003bca91a86,4688,MV0001-05232,Bolt,COMP-1768374767834-dbncpiany,601.053,ME Turbochargers,SP-601.053-232,RECEIVE,1,6,228b5256-5bd2-4bf3-826f-c6fe76571449,Received from MarineSpares Int. at Colombo,PO-2023-5236,13-May-2023 00:00,UTC,Colombo
625,2023-05-13 00:00:00,7440571a-841a-11ed-aa7c-7003bca91a86,4689,MV0001-05233,Exhaust Pipe Complete,COMP-1768374767837-m3bhk56ru,601.059,ME Exhaust Gas Manifolds/Pipes W/Insulation,SP-601.059-233,RECEIVE,3,7,228b5256-5bd2-4bf3-826f-c6fe76571449,Received from MarineSpares Int. at Colombo,PO-2023-5563,13-May-2023 00:00,UTC,Colombo
626,2023-05-13 00:00:00,7440571a-841a-11ed-aa7c-7003bca91a86,4691,MV0001-05235,Exhaust Pipe,COMP-1768374767837-m3bhk56ru,601.059,ME Exhaust Gas Manifolds/Pipes W/Insulation,SP-601.059-235,RECEIVE,5,10,228b5256-5bd2-4bf3-826f-c6fe76571449,Received from MarineSpares Int. at Colombo,PO-2023-1894,13-May-2023 00:00,UTC,Colombo
627,2023-05-13 00:00:00,7440571a-841a-11ed-aa7c-7003bca91a86,4715,MV0001-05259,Ball Bearing,COMP-1768374767899-slkigc1i8,665.001,"Emergency Generator Aggregates, Complete",SP-665.001-259,RECEIVE,4,11,228b5256-5bd2-4bf3-826f-c6fe76571449,Received from MarineSpares Int. at Colombo,PO-2023-5865,13-May-2023 00:00,UTC,Colombo
628,2023-05-13 00:00:00,7440571a-841a-11ed-aa7c-7003bca91a86,4728,MV0001-05272,Coupling Disc,COMP-1768374767899-slkigc1i8,665.001,"Emergency Generator Aggregates, Complete",SP-665.001-272,RECEIVE,3,7,228b5256-5bd2-4bf3-826f-c6fe76571449,Received from MarineSpares Int. at Colombo,PO-2023-8323,13-May-2023 00:00,UTC,Colombo
629,2023-05-13 00:00:00,7440571a-841a-11ed-aa7c-7003bca91a86,4740,MV0001-05284,Main Rectifier Assembly-Forward,COMP-1768374767899-slkigc1i8,665.001,"Emergency Generator Aggregates, Complete",SP-665.001-284,RECEIVE,5,8,228b5256-5bd2-4bf3-826f-c6fe76571449,Received from MarineSpares Int. at Colombo,PO-2023-5103,13-May-2023 00:00,UTC,Colombo
630,2023-05-13 00:00:00,7440571a-841a-11ed-aa7c-7003bca91a86,4757,MV0001-05301,Stator,COMP-1768374767899-slkigc1i8,665.001,"Emergency Generator Aggregates, Complete",SP-665.001-301,RECEIVE,3,7,228b5256-5bd2-4bf3-826f-c6fe76571449,Received from MarineSpares Int. at Colombo,PO-2023-7956,13-May-2023 00:00,UTC,Colombo
631,2023-05-13 00:00:00,7440571a-841a-11ed-aa7c-7003bca91a86,4758,MV0001-05302,Rotor,COMP-1768374767899-slkigc1i8,665.001,"Emergency Generator Aggregates, Complete",SP-665.001-302,RECEIVE,5,8,228b5256-5bd2-4bf3-826f-c6fe76571449,Received from MarineSpares Int. at Colombo,PO-2023-1162,13-May-2023 00:00,UTC,Colombo
632,2023-05-13 00:00:00,7440571a-841a-11ed-aa7c-7003bca91a86,4761,MV0001-05305,Non Drive End Bracket,COMP-1768374767899-slkigc1i8,665.001,"Emergency Generator Aggregates, Complete",SP-665.001-305,RECEIVE,5,9,228b5256-5bd2-4bf3-826f-c6fe76571449,Received from MarineSpares Int. at Colombo,PO-2023-7003,13-May-2023 00:00,UTC,Colombo
633,2023-05-13 00:00:00,7440571a-841a-11ed-aa7c-7003bca91a86,4779,MV0001-05323,Main Rectifier Assembly-Forward,COMP-1768374767899-slkigc1i8,665.001,"Emergency Generator Aggregates, Complete",SP-665.001-323,RECEIVE,4,8,228b5256-5bd2-4bf3-826f-c6fe76571449,Received from MarineSpares Int. at Colombo,PO-2023-9188,13-May-2023 00:00,UTC,Colombo
634,2023-05-13 00:00:00,7440571a-841a-11ed-aa7c-7003bca91a86,4783,MV0001-05327,Diode-Reverse Polarity,COMP-1768374767899-slkigc1i8,665.001,"Emergency Generator Aggregates, Complete",SP-665.001-327,RECEIVE,1,5,228b5256-5bd2-4bf3-826f-c6fe76571449,Received from MarineSpares Int. at Colombo,PO-2023-8655,13-May-2023 00:00,UTC,Colombo
635,2023-05-13 00:00:00,7440571a-841a-11ed-aa7c-7003bca91a86,4786,MV0001-05330,Frame To End Bracket Adaptor Ring,COMP-1768374767899-slkigc1i8,665.001,"Emergency Generator Aggregates, Complete",SP-665.001-330,RECEIVE,3,8,228b5256-5bd2-4bf3-826f-c6fe76571449,Received from MarineSpares Int. at Colombo,PO-2023-3433,13-May-2023 00:00,UTC,Colombo
636,2023-05-13 00:00:00,7440571a-841a-11ed-aa7c-7003bca91a86,4798,MV0001-05342,PMG Bolt,COMP-1768374767899-slkigc1i8,665.001,"Emergency Generator Aggregates, Complete",SP-665.001-342,RECEIVE,5,14,228b5256-5bd2-4bf3-826f-c6fe76571449,Received from MarineSpares Int. at Colombo,PO-2023-0314,13-May-2023 00:00,UTC,Colombo
637,2023-05-13 00:00:00,7440571a-841a-11ed-aa7c-7003bca91a86,4799,MV0001-05343,PMG Pillar,COMP-1768374767899-slkigc1i8,665.001,"Emergency Generator Aggregates, Complete",SP-665.001-343,RECEIVE,4,7,228b5256-5bd2-4bf3-826f-c6fe76571449,Received from MarineSpares Int. at Colombo,PO-2023-6646,13-May-2023 00:00,UTC,Colombo
638,2023-05-13 00:00:00,7440571a-841a-11ed-aa7c-7003bca91a86,4850,MV0001-05394,Impeller Nut,COMP-1768374767907-73hq6hda8,801.001,Clean Ballast Pumps,SP-801.001-394,RECEIVE,3,8,228b5256-5bd2-4bf3-826f-c6fe76571449,Received from MarineSpares Int. at Colombo,PO-2023-0991,13-May-2023 00:00,UTC,Colombo
639,2023-05-13 00:00:00,7440571a-841a-11ed-aa7c-7003bca91a86,4852,MV0001-05396,Ball Bearing,COMP-1768374767907-73hq6hda8,801.001,Clean Ballast Pumps,SP-801.001-396,RECEIVE,2,8,228b5256-5bd2-4bf3-826f-c6fe76571449,Received from MarineSpares Int. at Colombo,PO-2023-9695,13-May-2023 00:00,UTC,Colombo
640,2023-05-13 00:00:00,7440571a-841a-11ed-aa7c-7003bca91a86,4866,MV0001-05410,Seal Ring,COMP-1768374767907-73hq6hda8,801.001,Clean Ballast Pumps,SP-801.001-410,RECEIVE,1,10,228b5256-5bd2-4bf3-826f-c6fe76571449,Received from MarineSpares Int. at Colombo,PO-2023-3829,13-May-2023 00:00,UTC,Colombo
641,2023-05-13 00:00:00,7440571a-841a-11ed-aa7c-7003bca91a86,4880,MV0001-05424,Bearing Case,COMP-1768374767907-73hq6hda8,801.001,Clean Ballast Pumps,SP-801.001-424,RECEIVE,3,6,228b5256-5bd2-4bf3-826f-c6fe76571449,Received from MarineSpares Int. at Colombo,PO-2023-7039,13-May-2023 00:00,UTC,Colombo
642,2023-05-13 00:00:00,7440571a-841a-11ed-aa7c-7003bca91a86,4884,MV0001-05428,Flinger,COMP-1768374767907-73hq6hda8,801.001,Clean Ballast Pumps,SP-801.001-428,RECEIVE,3,7,228b5256-5bd2-4bf3-826f-c6fe76571449,Received from MarineSpares Int. at Colombo,PO-2023-2204,13-May-2023 00:00,UTC,Colombo
643,2023-05-13 00:00:00,7440571a-841a-11ed-aa7c-7003bca91a86,4892,MV0001-05436,Sleeve,COMP-1768374767907-73hq6hda8,801.001,Clean Ballast Pumps,SP-801.001-436,RECEIVE,3,11,228b5256-5bd2-4bf3-826f-c6fe76571449,Received from MarineSpares Int. at Colombo,PO-2023-2545,13-May-2023 00:00,UTC,Colombo
644,2023-05-13 00:00:00,7440571a-841a-11ed-aa7c-7003bca91a86,4907,MV0001-05451,Packing Ring,COMP-1768374767907-73hq6hda8,801.001,Clean Ballast Pumps,SP-801.001-451,RECEIVE,5,9,228b5256-5bd2-4bf3-826f-c6fe76571449,Received from MarineSpares Int. at Colombo,PO-2023-2347,13-May-2023 00:00,UTC,Colombo
645,2023-05-13 00:00:00,7440571a-841a-11ed-aa7c-7003bca91a86,4945,MV0001-05489,Cylinder Cover,COMP-1768374767967-jb4k6wuji,554.003.02,Compressors W/Drive Unit No.02,SP-554.003.01-489,RECEIVE,5,6,228b5256-5bd2-4bf3-826f-c6fe76571449,Received from MarineSpares Int. at Colombo,PO-2023-8150,13-May-2023 00:00,UTC,Colombo
646,2023-05-13 00:00:00,7440571a-841a-11ed-aa7c-7003bca91a86,4958,MV0001-05502,Joint,COMP-1768374767967-jb4k6wuji,554.003.02,Compressors W/Drive Unit No.02,SP-554.003.01-502,RECEIVE,5,13,228b5256-5bd2-4bf3-826f-c6fe76571449,Received from MarineSpares Int. at Colombo,PO-2023-2199,13-May-2023 00:00,UTC,Colombo
2799,2023-05-12 00:00:00,7440571a-841a-11ed-aa7c-7003bca91a86,4922,MV0001-05466,Oil Seal,COMP-1768374767907-73hq6hda8,801.001,Clean Ballast Pumps,SP-801.001-466,CONSUME,-1,3,2nd Engineer,Consumed during maintenance - MKR-IN-00080-651.002.01-2023-507,MKR-IN-00080-651.002.01-2023-507,12-May-2023,UTC,
2476,2023-05-12 00:00:00,7440571a-841a-11ed-aa7c-7003bca91a86,4952,MV0001-05496,Piston Ring,COMP-1768374767967-jb4k6wuji,554.003.02,Compressors W/Drive Unit No.02,SP-554.003.01-496,CONSUME,-1,1,Chief Engineer,Consumed during maintenance - MKR-IN-00076-601.005.02-2023-398,MKR-IN-00076-601.005.02-2023-398,12-May-2023,UTC,
2477,2023-05-12 00:00:00,7440571a-841a-11ed-aa7c-7003bca91a86,4547,MV0001-05091,Bonded Seal,COMP-1768374767802-sjje0yq3o,403.001,"Steering Gears, Complete",SP-403.001-091,CONSUME,-1,4,Chief Engineer,Consumed during maintenance - MKR-IN-00076-601.005.02-2023-398,MKR-IN-00076-601.005.02-2023-398,12-May-2023,UTC,
2478,2023-05-12 00:00:00,7440571a-841a-11ed-aa7c-7003bca91a86,4840,MV0001-05384,Bearing Housing,COMP-1768374767907-73hq6hda8,801.001,Clean Ballast Pumps,SP-801.001-384,CONSUME,-2,3,Chief Engineer,Consumed during maintenance - MKR-IN-00076-601.005.02-2023-398,MKR-IN-00076-601.005.02-2023-398,12-May-2023,UTC,
110,2023-05-07 00:00:00,7440571a-841a-11ed-aa7c-7003bca91a86,4473,MV0001-05017,Neck Bush,COMP-1768374767799-zs6hrf8cm,401.005,Rudders W/Nozzle,SP-401.005-017,CONSUME,-2,3,480b40d0-04bd-4590-a936-2f879b867977,Consumed for WO WO-653.003.06-2023-355,WO-653.003.06-2023-355,07-May-2023 00:00,UTC,
2688,2023-05-07 00:00:00,7440571a-841a-11ed-aa7c-7003bca91a86,5318,MV0001-05862,Spring Pin,COMP-1768374768525-zyps62yum,712.011.02,LO Separators No.02,SP-702.005.01-862,CONSUME,-2,3,3rd Engineer,Consumed during maintenance - WO-702.005.02-2023-172,WO-702.005.02-2023-172,07-May-2023,UTC,
2383,2023-05-04 00:00:00,7440571a-841a-11ed-aa7c-7003bca91a86,4678,MV0001-05222,Bolt With Wire Hole,COMP-1768374767834-dbncpiany,601.053,ME Turbochargers,SP-601.053-222,CONSUME,-1,4,Chief Engineer,Consumed during maintenance - MKR-IN-00080-652.002.02-2023-615,MKR-IN-00080-652.002.02-2023-615,04-May-2023,UTC,
2384,2023-05-04 00:00:00,7440571a-841a-11ed-aa7c-7003bca91a86,5027,MV0001-05571,Zn Plate,COMP-1768374767974-ma2l45pdf,554.005.02,Condensers No.02,SP-554.005.01-571,CONSUME,-1,4,Chief Engineer,Consumed during maintenance - MKR-IN-00080-652.002.02-2023-615,MKR-IN-00080-652.002.02-2023-615,04-May-2023,UTC,
109,2023-05-03 00:00:00,7440571a-841a-11ed-aa7c-7003bca91a86,4607,MV0001-05151,Pump Cartridge,COMP-1768374767802-sjje0yq3o,403.001,"Steering Gears, Complete",SP-403.001-151,CONSUME,-2,3,6084f3b8-85dc-462a-b045-111d2b2e6d0e,Consumed for WO UWO-651.007.04-2023-513,UWO-651.007.04-2023-513,03-May-2023 00:00,UTC,
2790,2023-05-03 00:00:00,7440571a-841a-11ed-aa7c-7003bca91a86,4983,MV0001-05527,Elbow,COMP-1768374767967-jb4k6wuji,554.003.02,Compressors W/Drive Unit No.02,SP-554.003.01-527,CONSUME,-1,4,2nd Engineer,Consumed during maintenance - UWO-651.007.04-2023-513,UWO-651.007.04-2023-513,03-May-2023,UTC,
2791,2023-05-03 00:00:00,7440571a-841a-11ed-aa7c-7003bca91a86,5200,MV0001-05744,Upper Hood,COMP-1768374768525-zyps62yum,712.011.02,LO Separators No.02,SP-702.005.01-744,CONSUME,-1,4,2nd Engineer,Consumed during maintenance - UWO-651.007.04-2023-513,UWO-651.007.04-2023-513,03-May-2023,UTC,
2792,2023-05-03 00:00:00,7440571a-841a-11ed-aa7c-7003bca91a86,4751,MV0001-05295,Fan,COMP-1768374767899-slkigc1i8,665.001,"Emergency Generator Aggregates, Complete",SP-665.001-295,CONSUME,-1,4,2nd Engineer,Consumed during maintenance - UWO-651.007.04-2023-513,UWO-651.007.04-2023-513,03-May-2023,UTC,
2648,2023-05-02 00:00:00,7440571a-841a-11ed-aa7c-7003bca91a86,5032,MV0001-05576,Gasket,COMP-1768374767818-ckg4kqu6q,601.001,"Main Diesel Engine, Compl.",SP-601.001-576,CONSUME,-1,0,2nd Engineer,Consumed during maintenance - MKR-OV-00025-651.004.02-2023-024,MKR-OV-00025-651.004.02-2023-024,02-May-2023,UTC,
107,2023-05-01 00:00:00,7440571a-841a-11ed-aa7c-7003bca91a86,4733,MV0001-05277,Air Inlet Cover,COMP-1768374767899-slkigc1i8,665.001,"Emergency Generator Aggregates, Complete",SP-665.001-277,CONSUME,-1,4,6084f3b8-85dc-462a-b045-111d2b2e6d0e,Consumed for WO UWO-601.004.02-2023-762,UWO-601.004.02-2023-762,01-May-2023 00:00,UTC,
108,2023-05-01 00:00:00,7440571a-841a-11ed-aa7c-7003bca91a86,4517,MV0001-05061,Casing,COMP-1768374767799-zs6hrf8cm,401.005,Rudders W/Nozzle,SP-401.005-061,CONSUME,-1,4,480b40d0-04bd-4590-a936-2f879b867977,Consumed for WO WO-651.003.01-2023-319,WO-651.003.01-2023-319,01-May-2023 00:00,UTC,
2185,2023-05-01 00:00:00,7440571a-841a-11ed-aa7c-7003bca91a86,4499,MV0001-05043,Bush,COMP-1768374767799-zs6hrf8cm,401.005,Rudders W/Nozzle,SP-401.005-043,CONSUME,-2,3,2nd Engineer,Consumed during maintenance - MKR-IN-00063-601.004.05-2023-360,MKR-IN-00063-601.004.05-2023-360,01-May-2023,UTC,
106,2023-04-30 00:00:00,7440571a-841a-11ed-aa7c-7003bca91a86,4696,MV0001-05240,Support,COMP-1768374767837-m3bhk56ru,601.059,ME Exhaust Gas Manifolds/Pipes W/Insulation,SP-601.059-240,CONSUME,-2,3,977621de-77d7-4892-ae27-adaebcc27d0b,Consumed for WO WO-702.005.02-2023-171,WO-702.005.02-2023-171,30-Apr-2023 00:00,UTC,
2932,2023-04-27 00:00:00,7440571a-841a-11ed-aa7c-7003bca91a86,5111,MV0001-05655,Gasket,COMP-1768374767879-whkjy1n4i,653.001,"Aux. Diesel Generator Aggregates, Complete No.03",SP-651.001-655,CONSUME,-1,3,2nd Engineer,Consumed during maintenance - UWO-653.001-2023-632,UWO-653.001-2023-632,27-Apr-2023,UTC,
2931,2023-04-27 00:00:00,7440571a-841a-11ed-aa7c-7003bca91a86,4713,MV0001-05257,Packing,COMP-1768374767879-whkjy1n4i,653.001,"Aux. Diesel Generator Aggregates, Complete No.03",SP-651.001-257,CONSUME,-1,2,2nd Engineer,Consumed during maintenance - UWO-653.001-2023-632,UWO-653.001-2023-632,27-Apr-2023,UTC,
105,2023-04-27 00:00:00,7440571a-841a-11ed-aa7c-7003bca91a86,4713,MV0001-05257,Packing,COMP-1768374767879-whkjy1n4i,653.001,"Aux. Diesel Generator Aggregates, Complete No.03",SP-651.001-257,CONSUME,-1,4,977621de-77d7-4892-ae27-adaebcc27d0b,Consumed for WO UWO-653.001-2023-632,UWO-653.001-2023-632,27-Apr-2023 00:00,UTC,
104,2023-04-25 00:00:00,7440571a-841a-11ed-aa7c-7003bca91a86,4622,MV0001-05166,Sight Glass,COMP-1768374767815-k5anrfi02,554.001,Provision Cooling Compressor Aggregates,SP-554.001-166,CONSUME,-2,3,228b5256-5bd2-4bf3-826f-c6fe76571449,Consumed for WO WO-702.005.02-2023-170,WO-702.005.02-2023-170,25-Apr-2023 00:00,UTC,
2955,2023-04-22 00:00:00,7440571a-841a-11ed-aa7c-7003bca91a86,4667,MV0001-05211,Pointer,COMP-1768374767834-dbncpiany,601.053,ME Turbochargers,SP-601.053-211,CONSUME,-2,3,4th Engineer,Consumed during maintenance - MKR-IN-00076-601.005.02-2023-397,MKR-IN-00076-601.005.02-2023-397,22-Apr-2023,UTC,
2954,2023-04-22 00:00:00,7440571a-841a-11ed-aa7c-7003bca91a86,4560,MV0001-05104,Nut,COMP-1768374767802-sjje0yq3o,403.001,"Steering Gears, Complete",SP-403.001-104,CONSUME,-2,1,4th Engineer,Consumed during maintenance - MKR-IN-00076-601.005.02-2023-397,MKR-IN-00076-601.005.02-2023-397,22-Apr-2023,UTC,
103,2023-04-22 00:00:00,7440571a-841a-11ed-aa7c-7003bca91a86,4720,MV0001-05264,Exciter Stator,COMP-1768374767899-slkigc1i8,665.001,"Emergency Generator Aggregates, Complete",SP-665.001-264,CONSUME,-2,3,977621de-77d7-4892-ae27-adaebcc27d0b,Consumed for WO UWO-601.007.06-2023-805,UWO-601.007.06-2023-805,22-Apr-2023 00:00,UTC,
2564,2023-04-22 00:00:00,7440571a-841a-11ed-aa7c-7003bca91a86,5423,MV0001-05967,Valve Disk,COMP-1768374768525-zyps62yum,712.011.02,LO Separators No.02,SP-702.005.01-967,CONSUME,-1,4,4th Engineer,Consumed during maintenance - UWO-601.007.06-2023-805,UWO-601.007.06-2023-805,22-Apr-2023,UTC,
2565,2023-04-22 00:00:00,7440571a-841a-11ed-aa7c-7003bca91a86,5197,MV0001-05741,Lower Hood,COMP-1768374768525-zyps62yum,712.011.02,LO Separators No.02,SP-702.005.01-741,CONSUME,-2,3,4th Engineer,Consumed during maintenance - UWO-601.007.06-2023-805,UWO-601.007.06-2023-805,22-Apr-2023,UTC,
102,2023-04-21 00:00:00,7440571a-841a-11ed-aa7c-7003bca91a86,4506,MV0001-05050,Trunk Plate,COMP-1768374767799-zs6hrf8cm,401.005,Rudders W/Nozzle,SP-401.005-050,CONSUME,-1,4,977621de-77d7-4892-ae27-adaebcc27d0b,Consumed for WO UWO-50-2023-718,UWO-50-2023-718,21-Apr-2023 00:00,UTC,
2484,2023-04-21 00:00:00,7440571a-841a-11ed-aa7c-7003bca91a86,4478,MV0001-05022,Stock Nut,COMP-1768374767799-zs6hrf8cm,401.005,Rudders W/Nozzle,SP-401.005-022,CONSUME,-2,3,3rd Engineer,Consumed during maintenance - UWO-50-2023-718,UWO-50-2023-718,21-Apr-2023,UTC,
2152,2023-04-20 00:00:00,7440571a-841a-11ed-aa7c-7003bca91a86,5438,MV0001-05982,O-Ring,COMP-1768374768518-tf49j9qlz,702.010.02,DO Separator Booster Pumps No.02,SP-702.010.01-982,CONSUME,-1,3,3rd Engineer,Consumed during maintenance - UWO-702.010.02-2023-707,UWO-702.010.02-2023-707,20-Apr-2023,UTC,
101,2023-04-19 00:00:00,7440571a-841a-11ed-aa7c-7003bca91a86,4641,MV0001-05185,Over Current Relay,COMP-1768374767815-k5anrfi02,554.001,Provision Cooling Compressor Aggregates,SP-554.001-185,CONSUME,-2,3,228b5256-5bd2-4bf3-826f-c6fe76571449,Consumed for WO UWO-601.026-2023-846,UWO-601.026-2023-846,19-Apr-2023 00:00,UTC,
2491,2023-04-19 00:00:00,7440571a-841a-11ed-aa7c-7003bca91a86,5321,MV0001-05865,Lining Boss,COMP-1768374768525-zyps62yum,712.011.02,LO Separators No.02,SP-702.005.01-865,CONSUME,-2,1,3rd Engineer,Consumed during maintenance - UWO-601.026-2023-846,UWO-601.026-2023-846,19-Apr-2023,UTC,
2245,2023-04-18 00:00:00,7440571a-841a-11ed-aa7c-7003bca91a86,4915,MV0001-05459,Seat Packing,COMP-1768374767907-73hq6hda8,801.001,Clean Ballast Pumps,SP-801.001-459,CONSUME,-1,4,Chief Engineer,Consumed during maintenance - MKR-IN-00072-285.001.09-2023-245,MKR-IN-00072-285.001.09-2023-245,18-Apr-2023,UTC,
2246,2023-04-18 00:00:00,7440571a-841a-11ed-aa7c-7003bca91a86,4676,MV0001-05220,Bolt,COMP-1768374767834-dbncpiany,601.053,ME Turbochargers,SP-601.053-220,CONSUME,-1,3,Chief Engineer,Consumed during maintenance - MKR-IN-00072-285.001.09-2023-245,MKR-IN-00072-285.001.09-2023-245,18-Apr-2023,UTC,
100,2023-04-17 00:00:00,7440571a-841a-11ed-aa7c-7003bca91a86,4554,MV0001-05098,Extracting Screw,COMP-1768374767802-sjje0yq3o,403.001,"Steering Gears, Complete",SP-403.001-098,CONSUME,-2,3,6084f3b8-85dc-462a-b045-111d2b2e6d0e,Consumed for WO UWO-702.010.02-2023-778,UWO-702.010.02-2023-778,17-Apr-2023 00:00,UTC,
99,2023-04-16 00:00:00,7440571a-841a-11ed-aa7c-7003bca91a86,4597,MV0001-05141,Reduction,COMP-1768374767802-sjje0yq3o,403.001,"Steering Gears, Complete",SP-403.001-141,CONSUME,-2,3,977621de-77d7-4892-ae27-adaebcc27d0b,Consumed for WO UWO-601.003.03-2023-717,UWO-601.003.03-2023-717,16-Apr-2023 00:00,UTC,
1991,2023-04-16 00:00:00,7440571a-841a-11ed-aa7c-7003bca91a86,4911,MV0001-05455,Coupling,COMP-1768374767907-73hq6hda8,801.001,Clean Ballast Pumps,SP-801.001-455,CONSUME,-1,4,3rd Engineer,Consumed during maintenance - UWO-601.003.03-2023-717,UWO-601.003.03-2023-717,16-Apr-2023,UTC,
2262,2023-04-16 00:00:00,7440571a-841a-11ed-aa7c-7003bca91a86,4757,MV0001-05301,Stator,COMP-1768374767899-slkigc1i8,665.001,"Emergency Generator Aggregates, Complete",SP-665.001-301,CONSUME,-1,4,Chief Engineer,Consumed during maintenance - MKR-OV-00025-651.004.06-2023-035,MKR-OV-00025-651.004.06-2023-035,16-Apr-2023,UTC,
2263,2023-04-16 00:00:00,7440571a-841a-11ed-aa7c-7003bca91a86,4973,MV0001-05517,Gasket,COMP-1768374767967-jb4k6wuji,554.003.02,Compressors W/Drive Unit No.02,SP-554.003.01-517,CONSUME,-1,2,Chief Engineer,Consumed during maintenance - MKR-OV-00025-651.004.06-2023-035,MKR-OV-00025-651.004.06-2023-035,16-Apr-2023,UTC,
98,2023-04-14 00:00:00,7440571a-841a-11ed-aa7c-7003bca91a86,4546,MV0001-05090,O-Ring,COMP-1768374767802-sjje0yq3o,403.001,"Steering Gears, Complete",SP-403.001-090,CONSUME,-2,3,6084f3b8-85dc-462a-b045-111d2b2e6d0e,Consumed for WO WO-702.005.02-2023-169,WO-702.005.02-2023-169,14-Apr-2023 00:00,UTC,
3017,2023-04-13 00:00:00,7440571a-841a-11ed-aa7c-7003bca91a86,5168,MV0001-05712,Frame,COMP-1768374768525-zyps62yum,712.011.02,LO Separators No.02,SP-702.005.01-712,CONSUME,-2,3,4th Engineer,Consumed during maintenance - MKR-OV-00026-651.046-2023-063,MKR-OV-00026-651.046-2023-063,13-Apr-2023,UTC,
2879,2023-04-13 00:00:00,7440571a-841a-11ed-aa7c-7003bca91a86,5467,MV0001-06011,Cover,COMP-1768374768533-xnq4n84q4,712.013.02,LO Separator Booster Pumps No.02,SP-712.013.01-1011,CONSUME,-2,1,Chief Engineer,Consumed during maintenance - UWO-651.003.06-2023-623,UWO-651.003.06-2023-623,13-Apr-2023,UTC,
2878,2023-04-13 00:00:00,7440571a-841a-11ed-aa7c-7003bca91a86,5550,MV0001-06094,Gland packing,COMP-1768374767795-1qyq8qvkb,721.001.02,Main Sw Cooling Pumps No.02,SP-721.001.01-1094,CONSUME,-2,3,Chief Engineer,Consumed during maintenance - UWO-651.003.06-2023-623,UWO-651.003.06-2023-623,13-Apr-2023,UTC,
95,2023-04-13 00:00:00,7440571a-841a-11ed-aa7c-7003bca91a86,4667,MV0001-05211,Pointer,COMP-1768374767834-dbncpiany,601.053,ME Turbochargers,SP-601.053-211,CONSUME,-2,3,6084f3b8-85dc-462a-b045-111d2b2e6d0e,Consumed for WO UWO-653.020-2023-576,UWO-653.020-2023-576,13-Apr-2023 00:00,UTC,
96,2023-04-13 00:00:00,7440571a-841a-11ed-aa7c-7003bca91a86,4676,MV0001-05220,Bolt,COMP-1768374767834-dbncpiany,601.053,ME Turbochargers,SP-601.053-220,CONSUME,-2,2,977621de-77d7-4892-ae27-adaebcc27d0b,Consumed for WO WO-601.053-2023-422,WO-601.053-2023-422,13-Apr-2023 00:00,UTC,
97,2023-04-13 00:00:00,7440571a-841a-11ed-aa7c-7003bca91a86,4677,MV0001-05221,Gasket,COMP-1768374767834-dbncpiany,601.053,ME Turbochargers,SP-601.053-221,CONSUME,-1,4,056a433e-b880-43c6-9d59-b1cfe71a4014,Consumed for WO WO-601.053-2023-422,WO-601.053-2023-422,13-Apr-2023 00:00,UTC,
556,2023-04-13 00:00:00,7440571a-841a-11ed-aa7c-7003bca91a86,4469,MV0001-05013,O-Ring Clamp,COMP-1768374767799-zs6hrf8cm,401.005,Rudders W/Nozzle,SP-401.005-013,RECEIVE,2,5,228b5256-5bd2-4bf3-826f-c6fe76571449,Received from Ocean Trading Co. at Shanghai,PO-2023-1782,13-Apr-2023 00:00,UTC,Shanghai
557,2023-04-13 00:00:00,7440571a-841a-11ed-aa7c-7003bca91a86,4475,MV0001-05019,O-Ring,COMP-1768374767799-zs6hrf8cm,401.005,Rudders W/Nozzle,SP-401.005-019,RECEIVE,1,6,228b5256-5bd2-4bf3-826f-c6fe76571449,Received from Ocean Trading Co. at Shanghai,PO-2023-2674,13-Apr-2023 00:00,UTC,Shanghai
558,2023-04-13 00:00:00,7440571a-841a-11ed-aa7c-7003bca91a86,4491,MV0001-05035,O-Ring,COMP-1768374767799-zs6hrf8cm,401.005,Rudders W/Nozzle,SP-401.005-035,RECEIVE,3,8,228b5256-5bd2-4bf3-826f-c6fe76571449,Received from Ocean Trading Co. at Shanghai,PO-2023-7982,13-Apr-2023 00:00,UTC,Shanghai
559,2023-04-13 00:00:00,7440571a-841a-11ed-aa7c-7003bca91a86,4512,MV0001-05056,"Stud Bolt, Nut",COMP-1768374767799-zs6hrf8cm,401.005,Rudders W/Nozzle,SP-401.005-056,RECEIVE,1,5,228b5256-5bd2-4bf3-826f-c6fe76571449,Received from Ocean Trading Co. at Shanghai,PO-2023-3047,13-Apr-2023 00:00,UTC,Shanghai
560,2023-04-13 00:00:00,7440571a-841a-11ed-aa7c-7003bca91a86,4517,MV0001-05061,Casing,COMP-1768374767799-zs6hrf8cm,401.005,Rudders W/Nozzle,SP-401.005-061,RECEIVE,2,6,228b5256-5bd2-4bf3-826f-c6fe76571449,Received from Ocean Trading Co. at Shanghai,PO-2023-4207,13-Apr-2023 00:00,UTC,Shanghai
561,2023-04-13 00:00:00,7440571a-841a-11ed-aa7c-7003bca91a86,4545,MV0001-05089,Cover Seal,COMP-1768374767802-sjje0yq3o,403.001,"Steering Gears, Complete",SP-403.001-089,RECEIVE,4,15,228b5256-5bd2-4bf3-826f-c6fe76571449,Received from Ocean Trading Co. at Shanghai,PO-2023-9891,13-Apr-2023 00:00,UTC,Shanghai
562,2023-04-13 00:00:00,7440571a-841a-11ed-aa7c-7003bca91a86,4546,MV0001-05090,O-Ring,COMP-1768374767802-sjje0yq3o,403.001,"Steering Gears, Complete",SP-403.001-090,RECEIVE,1,4,228b5256-5bd2-4bf3-826f-c6fe76571449,Received from Ocean Trading Co. at Shanghai,PO-2023-2479,13-Apr-2023 00:00,UTC,Shanghai
563,2023-04-13 00:00:00,7440571a-841a-11ed-aa7c-7003bca91a86,4555,MV0001-05099,Cyl. Head Screw,COMP-1768374767802-sjje0yq3o,403.001,"Steering Gears, Complete",SP-403.001-099,RECEIVE,2,8,228b5256-5bd2-4bf3-826f-c6fe76571449,Received from Ocean Trading Co. at Shanghai,PO-2023-2752,13-Apr-2023 00:00,UTC,Shanghai
564,2023-04-13 00:00:00,7440571a-841a-11ed-aa7c-7003bca91a86,4558,MV0001-05102,Cyl. Head Screw,COMP-1768374767802-sjje0yq3o,403.001,"Steering Gears, Complete",SP-403.001-102,RECEIVE,3,6,228b5256-5bd2-4bf3-826f-c6fe76571449,Received from Ocean Trading Co. at Shanghai,PO-2023-0902,13-Apr-2023 00:00,UTC,Shanghai
565,2023-04-13 00:00:00,7440571a-841a-11ed-aa7c-7003bca91a86,4567,MV0001-05111,Cyl. Head Screw,COMP-1768374767802-sjje0yq3o,403.001,"Steering Gears, Complete",SP-403.001-111,RECEIVE,4,9,228b5256-5bd2-4bf3-826f-c6fe76571449,Received from Ocean Trading Co. at Shanghai,PO-2023-5101,13-Apr-2023 00:00,UTC,Shanghai
566,2023-04-13 00:00:00,7440571a-841a-11ed-aa7c-7003bca91a86,4570,MV0001-05114,Nipple-G,COMP-1768374767802-sjje0yq3o,403.001,"Steering Gears, Complete",SP-403.001-114,RECEIVE,5,9,228b5256-5bd2-4bf3-826f-c6fe76571449,Received from Ocean Trading Co. at Shanghai,PO-2023-4899,13-Apr-2023 00:00,UTC,Shanghai
567,2023-04-13 00:00:00,7440571a-841a-11ed-aa7c-7003bca91a86,4571,MV0001-05115,Bonded Seal,COMP-1768374767802-sjje0yq3o,403.001,"Steering Gears, Complete",SP-403.001-115,RECEIVE,3,12,228b5256-5bd2-4bf3-826f-c6fe76571449,Received from Ocean Trading Co. at Shanghai,PO-2023-3838,13-Apr-2023 00:00,UTC,Shanghai
568,2023-04-13 00:00:00,7440571a-841a-11ed-aa7c-7003bca91a86,4582,MV0001-05126,Main Piston,COMP-1768374767802-sjje0yq3o,403.001,"Steering Gears, Complete",SP-403.001-126,RECEIVE,2,7,228b5256-5bd2-4bf3-826f-c6fe76571449,Received from Ocean Trading Co. at Shanghai,PO-2023-0768,13-Apr-2023 00:00,UTC,Shanghai
569,2023-04-13 00:00:00,7440571a-841a-11ed-aa7c-7003bca91a86,4586,MV0001-05130,End Cover,COMP-1768374767802-sjje0yq3o,403.001,"Steering Gears, Complete",SP-403.001-130,RECEIVE,5,9,228b5256-5bd2-4bf3-826f-c6fe76571449,Received from Ocean Trading Co. at Shanghai,PO-2023-2627,13-Apr-2023 00:00,UTC,Shanghai
570,2023-04-13 00:00:00,7440571a-841a-11ed-aa7c-7003bca91a86,4601,MV0001-05145,Spring,COMP-1768374767802-sjje0yq3o,403.001,"Steering Gears, Complete",SP-403.001-145,RECEIVE,1,6,228b5256-5bd2-4bf3-826f-c6fe76571449,Received from Ocean Trading Co. at Shanghai,PO-2023-5829,13-Apr-2023 00:00,UTC,Shanghai
571,2023-04-13 00:00:00,7440571a-841a-11ed-aa7c-7003bca91a86,4612,MV0001-05156,O-Ring,COMP-1768374767802-sjje0yq3o,403.001,"Steering Gears, Complete",SP-403.001-156,RECEIVE,4,9,228b5256-5bd2-4bf3-826f-c6fe76571449,Received from Ocean Trading Co. at Shanghai,PO-2023-2342,13-Apr-2023 00:00,UTC,Shanghai
572,2023-04-13 00:00:00,7440571a-841a-11ed-aa7c-7003bca91a86,4625,MV0001-05169,Switch With Indicator Lamp,COMP-1768374767815-k5anrfi02,554.001,Provision Cooling Compressor Aggregates,SP-554.001-169,RECEIVE,1,5,228b5256-5bd2-4bf3-826f-c6fe76571449,Received from Ocean Trading Co. at Shanghai,PO-2023-5771,13-Apr-2023 00:00,UTC,Shanghai
573,2023-04-13 00:00:00,7440571a-841a-11ed-aa7c-7003bca91a86,4645,MV0001-05189,Crinket,COMP-1768374767818-ckg4kqu6q,601.001,"Main Diesel Engine, Compl.",SP-601.001-189,RECEIVE,1,1,228b5256-5bd2-4bf3-826f-c6fe76571449,Received from Ocean Trading Co. at Shanghai,PO-2023-5767,13-Apr-2023 00:00,UTC,Shanghai
574,2023-04-13 00:00:00,7440571a-841a-11ed-aa7c-7003bca91a86,4670,MV0001-05214,Bolt With Wire Hole,COMP-1768374767834-dbncpiany,601.053,ME Turbochargers,SP-601.053-214,RECEIVE,2,7,228b5256-5bd2-4bf3-826f-c6fe76571449,Received from Ocean Trading Co. at Shanghai,PO-2023-3588,13-Apr-2023 00:00,UTC,Shanghai
575,2023-04-13 00:00:00,7440571a-841a-11ed-aa7c-7003bca91a86,4673,MV0001-05217,Bolt,COMP-1768374767834-dbncpiany,601.053,ME Turbochargers,SP-601.053-217,RECEIVE,5,11,228b5256-5bd2-4bf3-826f-c6fe76571449,Received from Ocean Trading Co. at Shanghai,PO-2023-0720,13-Apr-2023 00:00,UTC,Shanghai
576,2023-04-13 00:00:00,7440571a-841a-11ed-aa7c-7003bca91a86,4674,MV0001-05218,Reamer Bolt,COMP-1768374767834-dbncpiany,601.053,ME Turbochargers,SP-601.053-218,RECEIVE,1,6,228b5256-5bd2-4bf3-826f-c6fe76571449,Received from Ocean Trading Co. at Shanghai,PO-2023-1295,13-Apr-2023 00:00,UTC,Shanghai
577,2023-04-13 00:00:00,7440571a-841a-11ed-aa7c-7003bca91a86,4693,MV0001-05237,Expansion Joint,COMP-1768374767837-m3bhk56ru,601.059,ME Exhaust Gas Manifolds/Pipes W/Insulation,SP-601.059-237,RECEIVE,3,8,228b5256-5bd2-4bf3-826f-c6fe76571449,Received from Ocean Trading Co. at Shanghai,PO-2023-2747,13-Apr-2023 00:00,UTC,Shanghai
578,2023-04-13 00:00:00,7440571a-841a-11ed-aa7c-7003bca91a86,4697,MV0001-05241,Cover,COMP-1768374767837-m3bhk56ru,601.059,ME Exhaust Gas Manifolds/Pipes W/Insulation,SP-601.059-241,RECEIVE,2,7,228b5256-5bd2-4bf3-826f-c6fe76571449,Received from Ocean Trading Co. at Shanghai,PO-2023-3513,13-Apr-2023 00:00,UTC,Shanghai
579,2023-04-13 00:00:00,7440571a-841a-11ed-aa7c-7003bca91a86,4699,MV0001-05243,Gasket,COMP-1768374767837-m3bhk56ru,601.059,ME Exhaust Gas Manifolds/Pipes W/Insulation,SP-601.059-243,RECEIVE,2,9,228b5256-5bd2-4bf3-826f-c6fe76571449,Received from Ocean Trading Co. at Shanghai,PO-2023-0308,13-Apr-2023 00:00,UTC,Shanghai
580,2023-04-13 00:00:00,7440571a-841a-11ed-aa7c-7003bca91a86,4701,MV0001-05245,Bolt,COMP-1768374767837-m3bhk56ru,601.059,ME Exhaust Gas Manifolds/Pipes W/Insulation,SP-601.059-245,RECEIVE,4,9,228b5256-5bd2-4bf3-826f-c6fe76571449,Received from Ocean Trading Co. at Shanghai,PO-2023-8867,13-Apr-2023 00:00,UTC,Shanghai
581,2023-04-13 00:00:00,7440571a-841a-11ed-aa7c-7003bca91a86,4704,MV0001-05248,Bolt,COMP-1768374767837-m3bhk56ru,601.059,ME Exhaust Gas Manifolds/Pipes W/Insulation,SP-601.059-248,RECEIVE,2,12,228b5256-5bd2-4bf3-826f-c6fe76571449,Received from Ocean Trading Co. at Shanghai,PO-2023-5102,13-Apr-2023 00:00,UTC,Shanghai
582,2023-04-13 00:00:00,7440571a-841a-11ed-aa7c-7003bca91a86,4710,MV0001-05254,Nut,COMP-1768374767837-m3bhk56ru,601.059,ME Exhaust Gas Manifolds/Pipes W/Insulation,SP-601.059-254,RECEIVE,1,6,228b5256-5bd2-4bf3-826f-c6fe76571449,Received from Ocean Trading Co. at Shanghai,PO-2023-3457,13-Apr-2023 00:00,UTC,Shanghai
583,2023-04-13 00:00:00,7440571a-841a-11ed-aa7c-7003bca91a86,4715,MV0001-05259,Ball Bearing,COMP-1768374767899-slkigc1i8,665.001,"Emergency Generator Aggregates, Complete",SP-665.001-259,RECEIVE,4,7,228b5256-5bd2-4bf3-826f-c6fe76571449,Received from Ocean Trading Co. at Shanghai,PO-2023-7552,13-Apr-2023 00:00,UTC,Shanghai
584,2023-04-13 00:00:00,7440571a-841a-11ed-aa7c-7003bca91a86,4730,MV0001-05274,Foot,COMP-1768374767899-slkigc1i8,665.001,"Emergency Generator Aggregates, Complete",SP-665.001-274,RECEIVE,3,8,228b5256-5bd2-4bf3-826f-c6fe76571449,Received from Ocean Trading Co. at Shanghai,PO-2023-2611,13-Apr-2023 00:00,UTC,Shanghai
585,2023-04-13 00:00:00,7440571a-841a-11ed-aa7c-7003bca91a86,4732,MV0001-05276,Frame Cover Top,COMP-1768374767899-slkigc1i8,665.001,"Emergency Generator Aggregates, Complete",SP-665.001-276,RECEIVE,2,4,228b5256-5bd2-4bf3-826f-c6fe76571449,Received from Ocean Trading Co. at Shanghai,PO-2023-5091,13-Apr-2023 00:00,UTC,Shanghai
586,2023-04-13 00:00:00,7440571a-841a-11ed-aa7c-7003bca91a86,4735,MV0001-05279,End panel Drive End,COMP-1768374767899-slkigc1i8,665.001,"Emergency Generator Aggregates, Complete",SP-665.001-279,RECEIVE,2,9,228b5256-5bd2-4bf3-826f-c6fe76571449,Received from Ocean Trading Co. at Shanghai,PO-2023-4920,13-Apr-2023 00:00,UTC,Shanghai
587,2023-04-13 00:00:00,7440571a-841a-11ed-aa7c-7003bca91a86,4738,MV0001-05282,Side Panel,COMP-1768374767899-slkigc1i8,665.001,"Emergency Generator Aggregates, Complete",SP-665.001-282,RECEIVE,5,10,228b5256-5bd2-4bf3-826f-c6fe76571449,Received from Ocean Trading Co. at Shanghai,PO-2023-8535,13-Apr-2023 00:00,UTC,Shanghai
588,2023-04-13 00:00:00,7440571a-841a-11ed-aa7c-7003bca91a86,4746,MV0001-05290,Lifting Lug -Non Drive End,COMP-1768374767899-slkigc1i8,665.001,"Emergency Generator Aggregates, Complete",SP-665.001-290,RECEIVE,2,7,228b5256-5bd2-4bf3-826f-c6fe76571449,Received from Ocean Trading Co. at Shanghai,PO-2023-6461,13-Apr-2023 00:00,UTC,Shanghai
589,2023-04-13 00:00:00,7440571a-841a-11ed-aa7c-7003bca91a86,4768,MV0001-05312,Bearing Drive End,COMP-1768374767899-slkigc1i8,665.001,"Emergency Generator Aggregates, Complete",SP-665.001-312,RECEIVE,5,10,228b5256-5bd2-4bf3-826f-c6fe76571449,Received from Ocean Trading Co. at Shanghai,PO-2023-9072,13-Apr-2023 00:00,UTC,Shanghai
590,2023-04-13 00:00:00,7440571a-841a-11ed-aa7c-7003bca91a86,4790,MV0001-05334,Fan,COMP-1768374767899-slkigc1i8,665.001,"Emergency Generator Aggregates, Complete",SP-665.001-334,RECEIVE,2,7,228b5256-5bd2-4bf3-826f-c6fe76571449,Received from Ocean Trading Co. at Shanghai,PO-2023-8351,13-Apr-2023 00:00,UTC,Shanghai
591,2023-04-13 00:00:00,7440571a-841a-11ed-aa7c-7003bca91a86,4804,MV0001-05348,Exciter Rotor,COMP-1768374767899-slkigc1i8,665.001,"Emergency Generator Aggregates, Complete",SP-665.001-348,RECEIVE,3,8,228b5256-5bd2-4bf3-826f-c6fe76571449,Received from Ocean Trading Co. at Shanghai,PO-2023-7025,13-Apr-2023 00:00,UTC,Shanghai
592,2023-04-13 00:00:00,7440571a-841a-11ed-aa7c-7003bca91a86,4815,MV0001-05359,Frame Cover Bottom,COMP-1768374767899-slkigc1i8,665.001,"Emergency Generator Aggregates, Complete",SP-665.001-359,RECEIVE,4,12,228b5256-5bd2-4bf3-826f-c6fe76571449,Received from Ocean Trading Co. at Shanghai,PO-2023-2979,13-Apr-2023 00:00,UTC,Shanghai
593,2023-04-13 00:00:00,7440571a-841a-11ed-aa7c-7003bca91a86,4819,MV0001-05363,End panel Drive End,COMP-1768374767899-slkigc1i8,665.001,"Emergency Generator Aggregates, Complete",SP-665.001-363,RECEIVE,3,8,228b5256-5bd2-4bf3-826f-c6fe76571449,Received from Ocean Trading Co. at Shanghai,PO-2023-6022,13-Apr-2023 00:00,UTC,Shanghai
594,2023-04-13 00:00:00,7440571a-841a-11ed-aa7c-7003bca91a86,4825,MV0001-05369,Varistor,COMP-1768374767899-slkigc1i8,665.001,"Emergency Generator Aggregates, Complete",SP-665.001-369,RECEIVE,4,7,228b5256-5bd2-4bf3-826f-c6fe76571449,Received from Ocean Trading Co. at Shanghai,PO-2023-4867,13-Apr-2023 00:00,UTC,Shanghai
595,2023-04-13 00:00:00,7440571a-841a-11ed-aa7c-7003bca91a86,4838,MV0001-05382,Volute Cover,COMP-1768374767907-73hq6hda8,801.001,Clean Ballast Pumps,SP-801.001-382,RECEIVE,4,6,228b5256-5bd2-4bf3-826f-c6fe76571449,Received from Ocean Trading Co. at Shanghai,PO-2023-0819,13-Apr-2023 00:00,UTC,Shanghai
596,2023-04-13 00:00:00,7440571a-841a-11ed-aa7c-7003bca91a86,4847,MV0001-05391,Impeller Shaft,COMP-1768374767907-73hq6hda8,801.001,Clean Ballast Pumps,SP-801.001-391,RECEIVE,1,6,228b5256-5bd2-4bf3-826f-c6fe76571449,Received from Ocean Trading Co. at Shanghai,PO-2023-9825,13-Apr-2023 00:00,UTC,Shanghai
597,2023-04-13 00:00:00,7440571a-841a-11ed-aa7c-7003bca91a86,4867,MV0001-05411,Packing Ring,COMP-1768374767907-73hq6hda8,801.001,Clean Ballast Pumps,SP-801.001-411,RECEIVE,4,9,228b5256-5bd2-4bf3-826f-c6fe76571449,Received from Ocean Trading Co. at Shanghai,PO-2023-4561,13-Apr-2023 00:00,UTC,Shanghai
598,2023-04-13 00:00:00,7440571a-841a-11ed-aa7c-7003bca91a86,4875,MV0001-05419,Mechanical Seal Cover,COMP-1768374767907-73hq6hda8,801.001,Clean Ballast Pumps,SP-801.001-419,RECEIVE,5,5,228b5256-5bd2-4bf3-826f-c6fe76571449,Received from Ocean Trading Co. at Shanghai,PO-2023-8982,13-Apr-2023 00:00,UTC,Shanghai
599,2023-04-13 00:00:00,7440571a-841a-11ed-aa7c-7003bca91a86,4915,MV0001-05459,Seat Packing,COMP-1768374767907-73hq6hda8,801.001,Clean Ballast Pumps,SP-801.001-459,RECEIVE,4,13,228b5256-5bd2-4bf3-826f-c6fe76571449,Received from Ocean Trading Co. at Shanghai,PO-2023-7682,13-Apr-2023 00:00,UTC,Shanghai
600,2023-04-13 00:00:00,7440571a-841a-11ed-aa7c-7003bca91a86,4920,MV0001-05464,Snap Ring,COMP-1768374767907-73hq6hda8,801.001,Clean Ballast Pumps,SP-801.001-464,RECEIVE,3,6,228b5256-5bd2-4bf3-826f-c6fe76571449,Received from Ocean Trading Co. at Shanghai,PO-2023-3587,13-Apr-2023 00:00,UTC,Shanghai
601,2023-04-13 00:00:00,7440571a-841a-11ed-aa7c-7003bca91a86,4923,MV0001-05467,Group Board,COMP-1768374767907-73hq6hda8,801.001,Clean Ballast Pumps,SP-801.001-467,RECEIVE,3,7,228b5256-5bd2-4bf3-826f-c6fe76571449,Received from Ocean Trading Co. at Shanghai,PO-2023-1599,13-Apr-2023 00:00,UTC,Shanghai
602,2023-04-13 00:00:00,7440571a-841a-11ed-aa7c-7003bca91a86,4946,MV0001-05490,Valve Plate,COMP-1768374767967-jb4k6wuji,554.003.02,Compressors W/Drive Unit No.02,SP-554.003.01-490,RECEIVE,4,9,228b5256-5bd2-4bf3-826f-c6fe76571449,Received from Ocean Trading Co. at Shanghai,PO-2023-7382,13-Apr-2023 00:00,UTC,Shanghai
603,2023-04-13 00:00:00,7440571a-841a-11ed-aa7c-7003bca91a86,4948,MV0001-05492,Bearing Holder,COMP-1768374767967-jb4k6wuji,554.003.02,Compressors W/Drive Unit No.02,SP-554.003.01-492,RECEIVE,1,6,228b5256-5bd2-4bf3-826f-c6fe76571449,Received from Ocean Trading Co. at Shanghai,PO-2023-2194,13-Apr-2023 00:00,UTC,Shanghai
604,2023-04-13 00:00:00,7440571a-841a-11ed-aa7c-7003bca91a86,4958,MV0001-05502,Joint,COMP-1768374767967-jb4k6wuji,554.003.02,Compressors W/Drive Unit No.02,SP-554.003.01-502,RECEIVE,5,8,228b5256-5bd2-4bf3-826f-c6fe76571449,Received from Ocean Trading Co. at Shanghai,PO-2023-8887,13-Apr-2023 00:00,UTC,Shanghai
2353,2023-04-11 00:00:00,7440571a-841a-11ed-aa7c-7003bca91a86,4768,MV0001-05312,Bearing Drive End,COMP-1768374767899-slkigc1i8,665.001,"Emergency Generator Aggregates, Complete",SP-665.001-312,CONSUME,-1,4,2nd Engineer,Consumed during maintenance - MKR-IN-00072-285.001.01-2023-180,MKR-IN-00072-285.001.01-2023-180,11-Apr-2023,UTC,
2645,2023-04-11 00:00:00,7440571a-841a-11ed-aa7c-7003bca91a86,5326,MV0001-05870,Lock Nut,COMP-1768374768525-zyps62yum,712.011.02,LO Separators No.02,SP-702.005.01-870,CONSUME,-2,1,4th Engineer,Consumed during maintenance - MKR-IN-00079-601.066.01-2023-460,MKR-IN-00079-601.066.01-2023-460,11-Apr-2023,UTC,
2646,2023-04-11 00:00:00,7440571a-841a-11ed-aa7c-7003bca91a86,4573,MV0001-05117,O-Ring,COMP-1768374767802-sjje0yq3o,403.001,"Steering Gears, Complete",SP-403.001-117,CONSUME,-1,2,4th Engineer,Consumed during maintenance - MKR-IN-00079-601.066.01-2023-460,MKR-IN-00079-601.066.01-2023-460,11-Apr-2023,UTC,
2596,2023-04-05 00:00:00,7440571a-841a-11ed-aa7c-7003bca91a86,5115,MV0001-05659,Main Bearing Metal Assembly,COMP-1768374768443-sj0hmblft,653.003.06,AE3 Cylinder Liners No.06,SP-651.003.01-659,CONSUME,-2,0,3rd Engineer,Consumed during maintenance - WO-653.003.06-2023-354,WO-653.003.06-2023-354,05-Apr-2023,UTC,
94,2023-04-04 00:00:00,7440571a-841a-11ed-aa7c-7003bca91a86,4652,MV0001-05196,Bush,COMP-1768374767827-g6k9lk4to,601.016,ME Tiebolts,SP-601.016-196,CONSUME,-1,4,480b40d0-04bd-4590-a936-2f879b867977,Consumed for WO UWO-652.002-2023-873,UWO-652.002-2023-873,04-Apr-2023 00:00,UTC,
2581,2023-04-04 00:00:00,7440571a-841a-11ed-aa7c-7003bca91a86,5310,MV0001-05854,O-Ring,COMP-1768374768525-zyps62yum,712.011.02,LO Separators No.02,SP-702.005.01-854,CONSUME,-1,4,Chief Engineer,Consumed during maintenance - MKR-IN-00080-651.002.01-2023-498,MKR-IN-00080-651.002.01-2023-498,04-Apr-2023,UTC,
93,2023-04-01 00:00:00,7440571a-841a-11ed-aa7c-7003bca91a86,4547,MV0001-05091,Bonded Seal,COMP-1768374767802-sjje0yq3o,403.001,"Steering Gears, Complete",SP-403.001-091,CONSUME,-2,3,6084f3b8-85dc-462a-b045-111d2b2e6d0e,Consumed for WO WO-702.005.02-2023-167,WO-702.005.02-2023-167,01-Apr-2023 00:00,UTC,
2860,2023-03-25 00:00:00,7440571a-841a-11ed-aa7c-7003bca91a86,5005,MV0001-05549,Pin,COMP-1768374767967-jb4k6wuji,554.003.02,Compressors W/Drive Unit No.02,SP-554.003.01-549,CONSUME,-2,1,2nd Engineer,Consumed during maintenance - MKR-IN-00063-601.004.04-2023-341,MKR-IN-00063-601.004.04-2023-341,25-Mar-2023,UTC,
2299,2023-03-25 00:00:00,7440571a-841a-11ed-aa7c-7003bca91a86,4999,MV0001-05543,Bolt,COMP-1768374767967-jb4k6wuji,554.003.02,Compressors W/Drive Unit No.02,SP-554.003.01-543,CONSUME,-2,2,3rd Engineer,Consumed during maintenance - WO-702.005.02-2023-166,WO-702.005.02-2023-166,25-Mar-2023,UTC,
2148,2023-03-23 00:00:00,7440571a-841a-11ed-aa7c-7003bca91a86,5414,MV0001-05958,Spool,COMP-1768374768525-zyps62yum,712.011.02,LO Separators No.02,SP-702.005.01-958,CONSUME,-2,0,2nd Engineer,Consumed during maintenance - UWO-652.003.03-2023-794,UWO-652.003.03-2023-794,23-Mar-2023,UTC,
2149,2023-03-23 00:00:00,7440571a-841a-11ed-aa7c-7003bca91a86,4822,MV0001-05366,Side Panel,COMP-1768374767899-slkigc1i8,665.001,"Emergency Generator Aggregates, Complete",SP-665.001-366,CONSUME,-1,4,2nd Engineer,Consumed during maintenance - UWO-652.003.03-2023-794,UWO-652.003.03-2023-794,23-Mar-2023,UTC,
2456,2023-03-23 00:00:00,7440571a-841a-11ed-aa7c-7003bca91a86,5079,MV0001-05623,Gasket,COMP-1768374767824-e42vyhy7q,601.010,"ME Bedplates, Frames",SP-601.010-623,CONSUME,-2,8,Chief Engineer,Consumed during maintenance - MKR-IN-00080-653.002.01-2023-676,MKR-IN-00080-653.002.01-2023-676,23-Mar-2023,UTC,
2457,2023-03-23 00:00:00,7440571a-841a-11ed-aa7c-7003bca91a86,5226,MV0001-05770,Connecting Flange,COMP-1768374768525-zyps62yum,712.011.02,LO Separators No.02,SP-702.005.01-770,CONSUME,-1,4,Chief Engineer,Consumed during maintenance - MKR-IN-00080-653.002.01-2023-676,MKR-IN-00080-653.002.01-2023-676,23-Mar-2023,UTC,
2913,2023-03-21 00:00:00,7440571a-841a-11ed-aa7c-7003bca91a86,5065,MV0001-05609,Crank Pin Bearing,COMP-1768374767994-apqr6kc7v,601.002.06,ME Cylinder Covers W/Valves No.06,SP-601.002.01-609,CONSUME,-2,1,4th Engineer,Consumed during maintenance - UWO-601.002.06-2023-735,UWO-601.002.06-2023-735,21-Mar-2023,UTC,
2912,2023-03-21 00:00:00,7440571a-841a-11ed-aa7c-7003bca91a86,5057,MV0001-05601,Thrust Pad,COMP-1768374767994-apqr6kc7v,601.002.06,ME Cylinder Covers W/Valves No.06,SP-601.002.01-601,CONSUME,-1,2,4th Engineer,Consumed during maintenance - UWO-601.002.06-2023-735,UWO-601.002.06-2023-735,21-Mar-2023,UTC,
2563,2023-03-21 00:00:00,7440571a-841a-11ed-aa7c-7003bca91a86,5042,MV0001-05586,Parallel Pin,COMP-1768374767994-apqr6kc7v,601.002.06,ME Cylinder Covers W/Valves No.06,SP-601.002.01-586,CONSUME,-2,3,Chief Engineer,Consumed during maintenance - MKR-IN-00080-651.002.06-2023-541,MKR-IN-00080-651.002.06-2023-541,21-Mar-2023,UTC,
2750,2023-03-21 00:00:00,7440571a-841a-11ed-aa7c-7003bca91a86,5533,MV0001-06077,Adjusting Spindle,COMP-1768374767795-1qyq8qvkb,721.001.02,Main Sw Cooling Pumps No.02,SP-721.001.01-1077,CONSUME,-2,2,4th Engineer,Consumed during maintenance - MKR-IN-00080-653.002.01-2023-683,MKR-IN-00080-653.002.01-2023-683,21-Mar-2023,UTC,
2751,2023-03-21 00:00:00,7440571a-841a-11ed-aa7c-7003bca91a86,5049,MV0001-05593,Fuel Injection Valve Complete,COMP-1768374767994-apqr6kc7v,601.002.06,ME Cylinder Covers W/Valves No.06,SP-601.002.01-593,CONSUME,-2,3,4th Engineer,Consumed during maintenance - MKR-IN-00080-653.002.01-2023-683,MKR-IN-00080-653.002.01-2023-683,21-Mar-2023,UTC,
2752,2023-03-21 00:00:00,7440571a-841a-11ed-aa7c-7003bca91a86,4761,MV0001-05305,Non Drive End Bracket,COMP-1768374767899-slkigc1i8,665.001,"Emergency Generator Aggregates, Complete",SP-665.001-305,CONSUME,-1,3,4th Engineer,Consumed during maintenance - MKR-IN-00080-653.002.01-2023-683,MKR-IN-00080-653.002.01-2023-683,21-Mar-2023,UTC,
2346,2023-03-20 00:00:00,7440571a-841a-11ed-aa7c-7003bca91a86,4685,MV0001-05229,Thread End Taper Pin,COMP-1768374767834-dbncpiany,601.053,ME Turbochargers,SP-601.053-229,CONSUME,-2,3,2nd Engineer,Consumed during maintenance - WO-601.053-2023-421,WO-601.053-2023-421,20-Mar-2023,UTC,
2347,2023-03-20 00:00:00,7440571a-841a-11ed-aa7c-7003bca91a86,4673,MV0001-05217,Bolt,COMP-1768374767834-dbncpiany,601.053,ME Turbochargers,SP-601.053-217,CONSUME,-1,4,2nd Engineer,Consumed during maintenance - WO-601.053-2023-421,WO-601.053-2023-421,20-Mar-2023,UTC,
2348,2023-03-20 00:00:00,7440571a-841a-11ed-aa7c-7003bca91a86,4658,MV0001-05202,Thrust Bearing Complete,COMP-1768374767834-dbncpiany,601.053,ME Turbochargers,SP-601.053-202,CONSUME,-1,3,2nd Engineer,Consumed during maintenance - WO-601.053-2023-421,WO-601.053-2023-421,20-Mar-2023,UTC,
91,2023-03-19 00:00:00,7440571a-841a-11ed-aa7c-7003bca91a86,4771,MV0001-05315,Frame Cover Top,COMP-1768374767899-slkigc1i8,665.001,"Emergency Generator Aggregates, Complete",SP-665.001-315,CONSUME,-1,4,228b5256-5bd2-4bf3-826f-c6fe76571449,Consumed for WO UWO-601.003.02-2023-882,UWO-601.003.02-2023-882,19-Mar-2023 00:00,UTC,
92,2023-03-19 00:00:00,7440571a-841a-11ed-aa7c-7003bca91a86,4509,MV0001-05053,Rib,COMP-1768374767799-zs6hrf8cm,401.005,Rudders W/Nozzle,SP-401.005-053,CONSUME,-1,4,977621de-77d7-4892-ae27-adaebcc27d0b,Consumed for WO UWO-652.003.05-2023-856,UWO-652.003.05-2023-856,19-Mar-2023 00:00,UTC,
2088,2023-03-19 00:00:00,7440571a-841a-11ed-aa7c-7003bca91a86,4477,MV0001-05021,Rudder Stock,COMP-1768374767799-zs6hrf8cm,401.005,Rudders W/Nozzle,SP-401.005-021,CONSUME,-1,4,3rd Engineer,Consumed during maintenance - UWO-601.003.02-2023-882,UWO-601.003.02-2023-882,19-Mar-2023,UTC,
2089,2023-03-19 00:00:00,7440571a-841a-11ed-aa7c-7003bca91a86,4920,MV0001-05464,Snap Ring,COMP-1768374767907-73hq6hda8,801.001,Clean Ballast Pumps,SP-801.001-464,CONSUME,-1,3,3rd Engineer,Consumed during maintenance - UWO-601.003.02-2023-882,UWO-601.003.02-2023-882,19-Mar-2023,UTC,
1933,2023-03-18 00:00:00,7440571a-841a-11ed-aa7c-7003bca91a86,5407,MV0001-05951,Body,COMP-1768374768525-zyps62yum,712.011.02,LO Separators No.02,SP-702.005.01-951,CONSUME,-1,4,2nd Engineer,Consumed during maintenance - MKR-IN-00085-651.003.02-2023-554,MKR-IN-00085-651.003.02-2023-554,18-Mar-2023,UTC,
90,2023-03-15 00:00:00,7440571a-841a-11ed-aa7c-7003bca91a86,4478,MV0001-05022,Stock Nut,COMP-1768374767799-zs6hrf8cm,401.005,Rudders W/Nozzle,SP-401.005-022,CONSUME,-2,3,228b5256-5bd2-4bf3-826f-c6fe76571449,Consumed for WO UWO-652.007.03-2023-503,UWO-652.007.03-2023-503,15-Mar-2023 00:00,UTC,
1972,2023-03-15 00:00:00,7440571a-841a-11ed-aa7c-7003bca91a86,4506,MV0001-05050,Trunk Plate,COMP-1768374767799-zs6hrf8cm,401.005,Rudders W/Nozzle,SP-401.005-050,CONSUME,-1,4,Chief Engineer,Consumed during maintenance - UWO-652.007.03-2023-503,UWO-652.007.03-2023-503,15-Mar-2023,UTC,
88,2023-03-14 00:00:00,7440571a-841a-11ed-aa7c-7003bca91a86,4536,MV0001-05080,Safety Valve,COMP-1768374767802-sjje0yq3o,403.001,"Steering Gears, Complete",SP-403.001-080,CONSUME,-1,4,6084f3b8-85dc-462a-b045-111d2b2e6d0e,Consumed for WO WO-702.005.02-2023-164,WO-702.005.02-2023-164,14-Mar-2023 00:00,UTC,
89,2023-03-14 00:00:00,7440571a-841a-11ed-aa7c-7003bca91a86,4869,MV0001-05413,Stopper Ring And Set Screw,COMP-1768374767907-73hq6hda8,801.001,Clean Ballast Pumps,SP-801.001-413,CONSUME,-1,4,056a433e-b880-43c6-9d59-b1cfe71a4014,Consumed for WO UWO-7-2023-731,UWO-7-2023-731,14-Mar-2023 00:00,UTC,
2141,2023-03-14 00:00:00,7440571a-841a-11ed-aa7c-7003bca91a86,5522,MV0001-06066,Lock Washer,COMP-1768374767795-1qyq8qvkb,721.001.02,Main Sw Cooling Pumps No.02,SP-721.001.01-1066,CONSUME,-1,4,Chief Engineer,Consumed during maintenance - UWO-7-2023-731,UWO-7-2023-731,14-Mar-2023,UTC,
2142,2023-03-14 00:00:00,7440571a-841a-11ed-aa7c-7003bca91a86,4896,MV0001-05440,Coupling Flange,COMP-1768374767907-73hq6hda8,801.001,Clean Ballast Pumps,SP-801.001-440,CONSUME,-1,4,Chief Engineer,Consumed during maintenance - UWO-7-2023-731,UWO-7-2023-731,14-Mar-2023,UTC,
2631,2023-03-14 00:00:00,7440571a-841a-11ed-aa7c-7003bca91a86,4781,MV0001-05325,Varistor,COMP-1768374767899-slkigc1i8,665.001,"Emergency Generator Aggregates, Complete",SP-665.001-325,CONSUME,-1,2,4th Engineer,Consumed during maintenance - MKR-IN-00085-651.003.04-2023-580,MKR-IN-00085-651.003.04-2023-580,14-Mar-2023,UTC,
517,2023-03-13 00:00:00,7440571a-841a-11ed-aa7c-7003bca91a86,4465,MV0001-05009,Drain Plug,COMP-1768374767799-zs6hrf8cm,401.005,Rudders W/Nozzle,SP-401.005-009,RECEIVE,2,7,228b5256-5bd2-4bf3-826f-c6fe76571449,Received from Pacific Marine Parts at Mumbai,PO-2023-7858,13-Mar-2023 00:00,UTC,Mumbai
518,2023-03-13 00:00:00,7440571a-841a-11ed-aa7c-7003bca91a86,4467,MV0001-05011,Hydraulic Oil Plug,COMP-1768374767799-zs6hrf8cm,401.005,Rudders W/Nozzle,SP-401.005-011,RECEIVE,3,6,228b5256-5bd2-4bf3-826f-c6fe76571449,Received from Pacific Marine Parts at Mumbai,PO-2023-5138,13-Mar-2023 00:00,UTC,Mumbai
519,2023-03-13 00:00:00,7440571a-841a-11ed-aa7c-7003bca91a86,4488,MV0001-05032,O-Ring,COMP-1768374767799-zs6hrf8cm,401.005,Rudders W/Nozzle,SP-401.005-032,RECEIVE,4,6,228b5256-5bd2-4bf3-826f-c6fe76571449,Received from Pacific Marine Parts at Mumbai,PO-2023-5752,13-Mar-2023 00:00,UTC,Mumbai
520,2023-03-13 00:00:00,7440571a-841a-11ed-aa7c-7003bca91a86,4537,MV0001-05081,Lock Valve,COMP-1768374767802-sjje0yq3o,403.001,"Steering Gears, Complete",SP-403.001-081,RECEIVE,3,6,228b5256-5bd2-4bf3-826f-c6fe76571449,Received from Pacific Marine Parts at Mumbai,PO-2023-9208,13-Mar-2023 00:00,UTC,Mumbai
521,2023-03-13 00:00:00,7440571a-841a-11ed-aa7c-7003bca91a86,4545,MV0001-05089,Cover Seal,COMP-1768374767802-sjje0yq3o,403.001,"Steering Gears, Complete",SP-403.001-089,RECEIVE,2,11,228b5256-5bd2-4bf3-826f-c6fe76571449,Received from Pacific Marine Parts at Mumbai,PO-2023-3490,13-Mar-2023 00:00,UTC,Mumbai
522,2023-03-13 00:00:00,7440571a-841a-11ed-aa7c-7003bca91a86,4677,MV0001-05221,Gasket,COMP-1768374767834-dbncpiany,601.053,ME Turbochargers,SP-601.053-221,RECEIVE,4,4,228b5256-5bd2-4bf3-826f-c6fe76571449,Received from Pacific Marine Parts at Mumbai,PO-2023-8412,13-Mar-2023 00:00,UTC,Mumbai
523,2023-03-13 00:00:00,7440571a-841a-11ed-aa7c-7003bca91a86,4553,MV0001-05097,Adjusting Screw,COMP-1768374767802-sjje0yq3o,403.001,"Steering Gears, Complete",SP-403.001-097,RECEIVE,5,8,228b5256-5bd2-4bf3-826f-c6fe76571449,Received from Pacific Marine Parts at Mumbai,PO-2023-4629,13-Mar-2023 00:00,UTC,Mumbai
524,2023-03-13 00:00:00,7440571a-841a-11ed-aa7c-7003bca91a86,4555,MV0001-05099,Cyl. Head Screw,COMP-1768374767802-sjje0yq3o,403.001,"Steering Gears, Complete",SP-403.001-099,RECEIVE,4,6,228b5256-5bd2-4bf3-826f-c6fe76571449,Received from Pacific Marine Parts at Mumbai,PO-2023-0116,13-Mar-2023 00:00,UTC,Mumbai
525,2023-03-13 00:00:00,7440571a-841a-11ed-aa7c-7003bca91a86,4579,MV0001-05123,Lock Plate,COMP-1768374767802-sjje0yq3o,403.001,"Steering Gears, Complete",SP-403.001-123,RECEIVE,3,8,228b5256-5bd2-4bf3-826f-c6fe76571449,Received from Pacific Marine Parts at Mumbai,PO-2023-2941,13-Mar-2023 00:00,UTC,Mumbai
526,2023-03-13 00:00:00,7440571a-841a-11ed-aa7c-7003bca91a86,4602,MV0001-05146,O-Ring,COMP-1768374767802-sjje0yq3o,403.001,"Steering Gears, Complete",SP-403.001-146,RECEIVE,3,8,228b5256-5bd2-4bf3-826f-c6fe76571449,Received from Pacific Marine Parts at Mumbai,PO-2023-0995,13-Mar-2023 00:00,UTC,Mumbai
527,2023-03-13 00:00:00,7440571a-841a-11ed-aa7c-7003bca91a86,4609,MV0001-05153,Plug,COMP-1768374767802-sjje0yq3o,403.001,"Steering Gears, Complete",SP-403.001-153,RECEIVE,4,4,228b5256-5bd2-4bf3-826f-c6fe76571449,Received from Pacific Marine Parts at Mumbai,PO-2023-3802,13-Mar-2023 00:00,UTC,Mumbai
528,2023-03-13 00:00:00,7440571a-841a-11ed-aa7c-7003bca91a86,4632,MV0001-05176,Change Pipe And Joint,COMP-1768374767815-k5anrfi02,554.001,Provision Cooling Compressor Aggregates,SP-554.001-176,RECEIVE,1,5,228b5256-5bd2-4bf3-826f-c6fe76571449,Received from Pacific Marine Parts at Mumbai,PO-2023-7567,13-Mar-2023 00:00,UTC,Mumbai
529,2023-03-13 00:00:00,7440571a-841a-11ed-aa7c-7003bca91a86,4643,MV0001-05187,Magnetic Contactor,COMP-1768374767815-k5anrfi02,554.001,Provision Cooling Compressor Aggregates,SP-554.001-187,RECEIVE,1,6,228b5256-5bd2-4bf3-826f-c6fe76571449,Received from Pacific Marine Parts at Mumbai,PO-2023-2323,13-Mar-2023 00:00,UTC,Mumbai
530,2023-03-13 00:00:00,7440571a-841a-11ed-aa7c-7003bca91a86,4654,MV0001-05198,Cover,COMP-1768374767827-g6k9lk4to,601.016,ME Tiebolts,SP-601.016-198,RECEIVE,5,8,228b5256-5bd2-4bf3-826f-c6fe76571449,Received from Pacific Marine Parts at Mumbai,PO-2023-6122,13-Mar-2023 00:00,UTC,Mumbai
531,2023-03-13 00:00:00,7440571a-841a-11ed-aa7c-7003bca91a86,4662,MV0001-05206,Thrust Bearing Support,COMP-1768374767834-dbncpiany,601.053,ME Turbochargers,SP-601.053-206,RECEIVE,2,2,228b5256-5bd2-4bf3-826f-c6fe76571449,Received from Pacific Marine Parts at Mumbai,PO-2023-8041,13-Mar-2023 00:00,UTC,Mumbai
532,2023-03-13 00:00:00,7440571a-841a-11ed-aa7c-7003bca91a86,4673,MV0001-05217,Bolt,COMP-1768374767834-dbncpiany,601.053,ME Turbochargers,SP-601.053-217,RECEIVE,3,6,228b5256-5bd2-4bf3-826f-c6fe76571449,Received from Pacific Marine Parts at Mumbai,PO-2023-7796,13-Mar-2023 00:00,UTC,Mumbai
533,2023-03-13 00:00:00,7440571a-841a-11ed-aa7c-7003bca91a86,4685,MV0001-05229,Thread End Taper Pin,COMP-1768374767834-dbncpiany,601.053,ME Turbochargers,SP-601.053-229,RECEIVE,4,9,228b5256-5bd2-4bf3-826f-c6fe76571449,Received from Pacific Marine Parts at Mumbai,PO-2023-3195,13-Mar-2023 00:00,UTC,Mumbai
534,2023-03-13 00:00:00,7440571a-841a-11ed-aa7c-7003bca91a86,4693,MV0001-05237,Expansion Joint,COMP-1768374767837-m3bhk56ru,601.059,ME Exhaust Gas Manifolds/Pipes W/Insulation,SP-601.059-237,RECEIVE,3,5,228b5256-5bd2-4bf3-826f-c6fe76571449,Received from Pacific Marine Parts at Mumbai,PO-2023-5624,13-Mar-2023 00:00,UTC,Mumbai
535,2023-03-13 00:00:00,7440571a-841a-11ed-aa7c-7003bca91a86,4699,MV0001-05243,Gasket,COMP-1768374767837-m3bhk56ru,601.059,ME Exhaust Gas Manifolds/Pipes W/Insulation,SP-601.059-243,RECEIVE,2,7,228b5256-5bd2-4bf3-826f-c6fe76571449,Received from Pacific Marine Parts at Mumbai,PO-2023-8924,13-Mar-2023 00:00,UTC,Mumbai
536,2023-03-13 00:00:00,7440571a-841a-11ed-aa7c-7003bca91a86,4704,MV0001-05248,Bolt,COMP-1768374767837-m3bhk56ru,601.059,ME Exhaust Gas Manifolds/Pipes W/Insulation,SP-601.059-248,RECEIVE,5,10,228b5256-5bd2-4bf3-826f-c6fe76571449,Received from Pacific Marine Parts at Mumbai,PO-2023-3202,13-Mar-2023 00:00,UTC,Mumbai
537,2023-03-13 00:00:00,7440571a-841a-11ed-aa7c-7003bca91a86,4719,MV0001-05263,Exciter Rotor,COMP-1768374767899-slkigc1i8,665.001,"Emergency Generator Aggregates, Complete",SP-665.001-263,RECEIVE,5,9,228b5256-5bd2-4bf3-826f-c6fe76571449,Received from Pacific Marine Parts at Mumbai,PO-2023-9179,13-Mar-2023 00:00,UTC,Mumbai
538,2023-03-13 00:00:00,7440571a-841a-11ed-aa7c-7003bca91a86,4726,MV0001-05270,Drive End Bracket/Engine Adaptor,COMP-1768374767899-slkigc1i8,665.001,"Emergency Generator Aggregates, Complete",SP-665.001-270,RECEIVE,5,9,228b5256-5bd2-4bf3-826f-c6fe76571449,Received from Pacific Marine Parts at Mumbai,PO-2023-6977,13-Mar-2023 00:00,UTC,Mumbai
539,2023-03-13 00:00:00,7440571a-841a-11ed-aa7c-7003bca91a86,4735,MV0001-05279,End panel Drive End,COMP-1768374767899-slkigc1i8,665.001,"Emergency Generator Aggregates, Complete",SP-665.001-279,RECEIVE,3,7,228b5256-5bd2-4bf3-826f-c6fe76571449,Received from Pacific Marine Parts at Mumbai,PO-2023-9629,13-Mar-2023 00:00,UTC,Mumbai
540,2023-03-13 00:00:00,7440571a-841a-11ed-aa7c-7003bca91a86,4749,MV0001-05293,Terminal Link,COMP-1768374767899-slkigc1i8,665.001,"Emergency Generator Aggregates, Complete",SP-665.001-293,RECEIVE,3,7,228b5256-5bd2-4bf3-826f-c6fe76571449,Received from Pacific Marine Parts at Mumbai,PO-2023-5676,13-Mar-2023 00:00,UTC,Mumbai
541,2023-03-13 00:00:00,7440571a-841a-11ed-aa7c-7003bca91a86,4754,MV0001-05298,Automatic Voltage Regulator Access Cover,COMP-1768374767899-slkigc1i8,665.001,"Emergency Generator Aggregates, Complete",SP-665.001-298,RECEIVE,1,6,228b5256-5bd2-4bf3-826f-c6fe76571449,Received from Pacific Marine Parts at Mumbai,PO-2023-0022,13-Mar-2023 00:00,UTC,Mumbai
542,2023-03-13 00:00:00,7440571a-841a-11ed-aa7c-7003bca91a86,4766,MV0001-05310,Drive End Bracket,COMP-1768374767899-slkigc1i8,665.001,"Emergency Generator Aggregates, Complete",SP-665.001-310,RECEIVE,3,5,228b5256-5bd2-4bf3-826f-c6fe76571449,Received from Pacific Marine Parts at Mumbai,PO-2023-9083,13-Mar-2023 00:00,UTC,Mumbai
543,2023-03-13 00:00:00,7440571a-841a-11ed-aa7c-7003bca91a86,4767,MV0001-05311,Drive End Screen,COMP-1768374767899-slkigc1i8,665.001,"Emergency Generator Aggregates, Complete",SP-665.001-311,RECEIVE,4,9,228b5256-5bd2-4bf3-826f-c6fe76571449,Received from Pacific Marine Parts at Mumbai,PO-2023-2966,13-Mar-2023 00:00,UTC,Mumbai
544,2023-03-13 00:00:00,7440571a-841a-11ed-aa7c-7003bca91a86,4798,MV0001-05342,PMG Bolt,COMP-1768374767899-slkigc1i8,665.001,"Emergency Generator Aggregates, Complete",SP-665.001-342,RECEIVE,5,9,228b5256-5bd2-4bf3-826f-c6fe76571449,Received from Pacific Marine Parts at Mumbai,PO-2023-6597,13-Mar-2023 00:00,UTC,Mumbai
545,2023-03-13 00:00:00,7440571a-841a-11ed-aa7c-7003bca91a86,4815,MV0001-05359,Frame Cover Bottom,COMP-1768374767899-slkigc1i8,665.001,"Emergency Generator Aggregates, Complete",SP-665.001-359,RECEIVE,3,8,228b5256-5bd2-4bf3-826f-c6fe76571449,Received from Pacific Marine Parts at Mumbai,PO-2023-1533,13-Mar-2023 00:00,UTC,Mumbai
546,2023-03-13 00:00:00,7440571a-841a-11ed-aa7c-7003bca91a86,4821,MV0001-05365,Control Gear,COMP-1768374767899-slkigc1i8,665.001,"Emergency Generator Aggregates, Complete",SP-665.001-365,RECEIVE,5,10,228b5256-5bd2-4bf3-826f-c6fe76571449,Received from Pacific Marine Parts at Mumbai,PO-2023-2080,13-Mar-2023 00:00,UTC,Mumbai
547,2023-03-13 00:00:00,7440571a-841a-11ed-aa7c-7003bca91a86,4849,MV0001-05393,Coupling Key,COMP-1768374767907-73hq6hda8,801.001,Clean Ballast Pumps,SP-801.001-393,RECEIVE,1,3,228b5256-5bd2-4bf3-826f-c6fe76571449,Received from Pacific Marine Parts at Mumbai,PO-2023-6507,13-Mar-2023 00:00,UTC,Mumbai
548,2023-03-13 00:00:00,7440571a-841a-11ed-aa7c-7003bca91a86,4852,MV0001-05396,Ball Bearing,COMP-1768374767907-73hq6hda8,801.001,Clean Ballast Pumps,SP-801.001-396,RECEIVE,1,6,228b5256-5bd2-4bf3-826f-c6fe76571449,Received from Pacific Marine Parts at Mumbai,PO-2023-4794,13-Mar-2023 00:00,UTC,Mumbai
549,2023-03-13 00:00:00,7440571a-841a-11ed-aa7c-7003bca91a86,4859,MV0001-05403,Seal Ring,COMP-1768374767907-73hq6hda8,801.001,Clean Ballast Pumps,SP-801.001-403,RECEIVE,1,6,228b5256-5bd2-4bf3-826f-c6fe76571449,Received from Pacific Marine Parts at Mumbai,PO-2023-5735,13-Mar-2023 00:00,UTC,Mumbai
550,2023-03-13 00:00:00,7440571a-841a-11ed-aa7c-7003bca91a86,4862,MV0001-05406,Stopper Ring And Set Screw,COMP-1768374767907-73hq6hda8,801.001,Clean Ballast Pumps,SP-801.001-406,RECEIVE,1,6,228b5256-5bd2-4bf3-826f-c6fe76571449,Received from Pacific Marine Parts at Mumbai,PO-2023-5365,13-Mar-2023 00:00,UTC,Mumbai
551,2023-03-13 00:00:00,7440571a-841a-11ed-aa7c-7003bca91a86,4898,MV0001-05442,Hub,COMP-1768374767907-73hq6hda8,801.001,Clean Ballast Pumps,SP-801.001-442,RECEIVE,1,4,228b5256-5bd2-4bf3-826f-c6fe76571449,Received from Pacific Marine Parts at Mumbai,PO-2023-0244,13-Mar-2023 00:00,UTC,Mumbai
552,2023-03-13 00:00:00,7440571a-841a-11ed-aa7c-7003bca91a86,4900,MV0001-05444,Hub,COMP-1768374767907-73hq6hda8,801.001,Clean Ballast Pumps,SP-801.001-444,RECEIVE,4,9,228b5256-5bd2-4bf3-826f-c6fe76571449,Received from Pacific Marine Parts at Mumbai,PO-2023-1995,13-Mar-2023 00:00,UTC,Mumbai
553,2023-03-13 00:00:00,7440571a-841a-11ed-aa7c-7003bca91a86,4915,MV0001-05459,Seat Packing,COMP-1768374767907-73hq6hda8,801.001,Clean Ballast Pumps,SP-801.001-459,RECEIVE,4,9,228b5256-5bd2-4bf3-826f-c6fe76571449,Received from Pacific Marine Parts at Mumbai,PO-2023-7723,13-Mar-2023 00:00,UTC,Mumbai
554,2023-03-13 00:00:00,7440571a-841a-11ed-aa7c-7003bca91a86,4934,MV0001-05478,O-Ring,COMP-1768374767802-sjje0yq3o,403.001,"Steering Gears, Complete",SP-403.001-478,RECEIVE,1,12,228b5256-5bd2-4bf3-826f-c6fe76571449,Received from Pacific Marine Parts at Mumbai,PO-2023-4087,13-Mar-2023 00:00,UTC,Mumbai
555,2023-03-13 00:00:00,7440571a-841a-11ed-aa7c-7003bca91a86,4939,MV0001-05483,O-Ring,COMP-1768374767809-mr8172nux,411.002,X-Band Radar,SP-411.002-483,RECEIVE,4,6,228b5256-5bd2-4bf3-826f-c6fe76571449,Received from Pacific Marine Parts at Mumbai,PO-2023-1164,13-Mar-2023 00:00,UTC,Mumbai
2930,2023-03-12 00:00:00,7440571a-841a-11ed-aa7c-7003bca91a86,4696,MV0001-05240,Support,COMP-1768374767837-m3bhk56ru,601.059,ME Exhaust Gas Manifolds/Pipes W/Insulation,SP-601.059-240,CONSUME,-1,4,Chief Engineer,Consumed during maintenance - UWO-653.007.03-2023-686,UWO-653.007.03-2023-686,12-Mar-2023,UTC,
87,2023-03-12 00:00:00,7440571a-841a-11ed-aa7c-7003bca91a86,4689,MV0001-05233,Exhaust Pipe Complete,COMP-1768374767837-m3bhk56ru,601.059,ME Exhaust Gas Manifolds/Pipes W/Insulation,SP-601.059-233,CONSUME,-1,4,6084f3b8-85dc-462a-b045-111d2b2e6d0e,Consumed for WO UWO-652.004.02-2023-883,UWO-652.004.02-2023-883,12-Mar-2023 00:00,UTC,
2585,2023-03-12 00:00:00,7440571a-841a-11ed-aa7c-7003bca91a86,4572,MV0001-05116,O-Ring,COMP-1768374767802-sjje0yq3o,403.001,"Steering Gears, Complete",SP-403.001-116,CONSUME,-1,4,2nd Engineer,Consumed during maintenance - UWO-652.004.02-2023-883,UWO-652.004.02-2023-883,12-Mar-2023,UTC,
2302,2023-03-10 00:00:00,7440571a-841a-11ed-aa7c-7003bca91a86,4848,MV0001-05392,Impeller Key,COMP-1768374767907-73hq6hda8,801.001,Clean Ballast Pumps,SP-801.001-392,CONSUME,-2,3,2nd Engineer,Consumed during maintenance - MKR-IN-00015-651.007.03-2023-040,MKR-IN-00015-651.007.03-2023-040,10-Mar-2023,UTC,
2303,2023-03-10 00:00:00,7440571a-841a-11ed-aa7c-7003bca91a86,4927,MV0001-05471,Bearing Nut Spanner,COMP-1768374767907-73hq6hda8,801.001,Clean Ballast Pumps,SP-801.001-471,CONSUME,-1,4,2nd Engineer,Consumed during maintenance - MKR-IN-00015-651.007.03-2023-040,MKR-IN-00015-651.007.03-2023-040,10-Mar-2023,UTC,
2304,2023-03-10 00:00:00,7440571a-841a-11ed-aa7c-7003bca91a86,4461,MV0001-05005,Hydraulic Jack,COMP-1768374767799-zs6hrf8cm,401.005,Rudders W/Nozzle,SP-401.005-005,CONSUME,-2,3,2nd Engineer,Consumed during maintenance - MKR-IN-00015-651.007.03-2023-040,MKR-IN-00015-651.007.03-2023-040,10-Mar-2023,UTC,
86,2023-03-09 00:00:00,7440571a-841a-11ed-aa7c-7003bca91a86,4486,MV0001-05030,Securing Wire,COMP-1768374767799-zs6hrf8cm,401.005,Rudders W/Nozzle,SP-401.005-030,CONSUME,-1,4,056a433e-b880-43c6-9d59-b1cfe71a4014,Consumed for WO UWO-55-2023-548,UWO-55-2023-548,09-Mar-2023 00:00,UTC,
2744,2023-03-09 00:00:00,7440571a-841a-11ed-aa7c-7003bca91a86,5532,MV0001-06076,Nut,COMP-1768374767795-1qyq8qvkb,721.001.02,Main Sw Cooling Pumps No.02,SP-721.001.01-1076,CONSUME,-2,2,4th Engineer,Consumed during maintenance - UWO-55-2023-548,UWO-55-2023-548,09-Mar-2023,UTC,
2745,2023-03-09 00:00:00,7440571a-841a-11ed-aa7c-7003bca91a86,5181,MV0001-05725,Gasket,COMP-1768374768525-zyps62yum,712.011.02,LO Separators No.02,SP-702.005.01-725,CONSUME,-1,4,4th Engineer,Consumed during maintenance - UWO-55-2023-548,UWO-55-2023-548,09-Mar-2023,UTC,
1943,2023-03-07 00:00:00,7440571a-841a-11ed-aa7c-7003bca91a86,4483,MV0001-05027,O-Ring,COMP-1768374767799-zs6hrf8cm,401.005,Rudders W/Nozzle,SP-401.005-027,CONSUME,-2,3,4th Engineer,Consumed during maintenance - UWO-652.020.03-2023-583,UWO-652.020.03-2023-583,07-Mar-2023,UTC,
1944,2023-03-07 00:00:00,7440571a-841a-11ed-aa7c-7003bca91a86,5439,MV0001-05983,O-Ring,COMP-1768374768525-zyps62yum,712.011.02,LO Separators No.02,SP-702.005.01-983,CONSUME,-2,3,4th Engineer,Consumed during maintenance - UWO-652.020.03-2023-583,UWO-652.020.03-2023-583,07-Mar-2023,UTC,
2899,2023-03-06 00:00:00,7440571a-841a-11ed-aa7c-7003bca91a86,4554,MV0001-05098,Extracting Screw,COMP-1768374767802-sjje0yq3o,403.001,"Steering Gears, Complete",SP-403.001-098,CONSUME,-2,3,3rd Engineer,Consumed during maintenance - WO-702.005.02-2023-163,WO-702.005.02-2023-163,06-Mar-2023,UTC,
1945,2023-03-06 00:00:00,7440571a-841a-11ed-aa7c-7003bca91a86,5325,MV0001-05869,Key,COMP-1768374768525-zyps62yum,712.011.02,LO Separators No.02,SP-702.005.01-869,CONSUME,-1,4,Chief Engineer,Consumed during maintenance - MKR-IN-00080-651.002.04-2023-540,MKR-IN-00080-651.002.04-2023-540,06-Mar-2023,UTC,
2575,2023-03-04 00:00:00,7440571a-841a-11ed-aa7c-7003bca91a86,5565,MV0001-06109,Key For Impeller,COMP-1768374767795-1qyq8qvkb,721.001.02,Main Sw Cooling Pumps No.02,SP-721.001.01-1109,CONSUME,-1,4,4th Engineer,Consumed during maintenance - MKR-IN-00085-652.003.04-2023-664,MKR-IN-00085-652.003.04-2023-664,04-Mar-2023,UTC,
2576,2023-03-04 00:00:00,7440571a-841a-11ed-aa7c-7003bca91a86,4977,MV0001-05521,Stud Bolt,COMP-1768374767967-jb4k6wuji,554.003.02,Compressors W/Drive Unit No.02,SP-554.003.01-521,CONSUME,-1,4,4th Engineer,Consumed during maintenance - MKR-IN-00085-652.003.04-2023-664,MKR-IN-00085-652.003.04-2023-664,04-Mar-2023,UTC,
2869,2023-02-28 00:00:00,7440571a-841a-11ed-aa7c-7003bca91a86,5072,MV0001-05616,Gasket,COMP-1768374768022-1676057de,601.003.06,ME Cylinder Liners No.06,SP-601.003.01-616,CONSUME,-1,6,2nd Engineer,Consumed during maintenance - UWO-652.003.06-2023-637,UWO-652.003.06-2023-637,28-Feb-2023,UTC,
2868,2023-02-28 00:00:00,7440571a-841a-11ed-aa7c-7003bca91a86,4831,MV0001-05375,Main Terminal Panel,COMP-1768374767899-slkigc1i8,665.001,"Emergency Generator Aggregates, Complete",SP-665.001-375,CONSUME,-1,3,2nd Engineer,Consumed during maintenance - UWO-652.003.06-2023-637,UWO-652.003.06-2023-637,28-Feb-2023,UTC,
2458,2023-02-28 00:00:00,7440571a-841a-11ed-aa7c-7003bca91a86,4721,MV0001-05265,Non Drive End Bracket,COMP-1768374767899-slkigc1i8,665.001,"Emergency Generator Aggregates, Complete",SP-665.001-265,CONSUME,-1,4,3rd Engineer,Consumed during maintenance - WO-651.003.01-2023-317,WO-651.003.01-2023-317,28-Feb-2023,UTC,
2359,2023-02-22 00:00:00,7440571a-841a-11ed-aa7c-7003bca91a86,5091,MV0001-05635,Gasket,COMP-1768374768201-mvmpi8w24,601.026.06,ME Hp Fuel Pumps No.06,SP-601.026.01-635,CONSUME,-2,3,4th Engineer,Consumed during maintenance - MKR-IN-00072-285.001.04-2023-191,MKR-IN-00072-285.001.04-2023-191,22-Feb-2023,UTC,
85,2023-02-21 00:00:00,7440571a-841a-11ed-aa7c-7003bca91a86,4848,MV0001-05392,Impeller Key,COMP-1768374767907-73hq6hda8,801.001,Clean Ballast Pumps,SP-801.001-392,CONSUME,-2,3,977621de-77d7-4892-ae27-adaebcc27d0b,Consumed for WO UWO-651.002.06-2023-874,UWO-651.002.06-2023-874,21-Feb-2023 00:00,UTC,
84,2023-02-20 00:00:00,7440571a-841a-11ed-aa7c-7003bca91a86,4569,MV0001-05113,Manometer Valve,COMP-1768374767802-sjje0yq3o,403.001,"Steering Gears, Complete",SP-403.001-113,CONSUME,-2,3,977621de-77d7-4892-ae27-adaebcc27d0b,Consumed for WO UWO-601.026.02-2023-802,UWO-601.026.02-2023-802,20-Feb-2023 00:00,UTC,
82,2023-02-15 00:00:00,7440571a-841a-11ed-aa7c-7003bca91a86,4752,MV0001-05296,Foot Mounting Spacer,COMP-1768374767899-slkigc1i8,665.001,"Emergency Generator Aggregates, Complete",SP-665.001-296,CONSUME,-2,3,228b5256-5bd2-4bf3-826f-c6fe76571449,Consumed for WO WO-554.003.01-2023-466,WO-554.003.01-2023-466,15-Feb-2023 00:00,UTC,
83,2023-02-15 00:00:00,7440571a-841a-11ed-aa7c-7003bca91a86,4668,MV0001-05212,LO Inlet Pipe,COMP-1768374767834-dbncpiany,601.053,ME Turbochargers,SP-601.053-212,CONSUME,-2,3,228b5256-5bd2-4bf3-826f-c6fe76571449,Consumed for WO WO-554.003.01-2023-467,WO-554.003.01-2023-467,15-Feb-2023 00:00,UTC,
2787,2023-02-14 00:00:00,7440571a-841a-11ed-aa7c-7003bca91a86,5070,MV0001-05614,Cylinder Cover Of Cam Shaft Shifting Device,COMP-1768374767994-apqr6kc7v,601.002.06,ME Cylinder Covers W/Valves No.06,SP-601.002.01-614,CONSUME,-2,8,3rd Engineer,Consumed during maintenance - WO-702.005.02-2023-160,WO-702.005.02-2023-160,14-Feb-2023,UTC,
2788,2023-02-14 00:00:00,7440571a-841a-11ed-aa7c-7003bca91a86,5213,MV0001-05757,O-Ring Retainer,COMP-1768374768525-zyps62yum,712.011.02,LO Separators No.02,SP-702.005.01-757,CONSUME,-1,4,3rd Engineer,Consumed during maintenance - WO-702.005.02-2023-160,WO-702.005.02-2023-160,14-Feb-2023,UTC,
485,2023-02-13 00:00:00,7440571a-841a-11ed-aa7c-7003bca91a86,4837,MV0001-05381,Volute Casing,COMP-1768374767907-73hq6hda8,801.001,Clean Ballast Pumps,SP-801.001-381,RECEIVE,4,199,228b5256-5bd2-4bf3-826f-c6fe76571449,Received from Atlas Marine Parts at Mumbai,PO-2023-5860,13-Feb-2023 00:00,UTC,Mumbai
486,2023-02-13 00:00:00,7440571a-841a-11ed-aa7c-7003bca91a86,4676,MV0001-05220,Bolt,COMP-1768374767834-dbncpiany,601.053,ME Turbochargers,SP-601.053-220,RECEIVE,3,3,228b5256-5bd2-4bf3-826f-c6fe76571449,Received from Atlas Marine Parts at Mumbai,PO-2023-7027,13-Feb-2023 00:00,UTC,Mumbai
487,2023-02-13 00:00:00,7440571a-841a-11ed-aa7c-7003bca91a86,4496,MV0001-05040,Plug,COMP-1768374767799-zs6hrf8cm,401.005,Rudders W/Nozzle,SP-401.005-040,RECEIVE,2,7,228b5256-5bd2-4bf3-826f-c6fe76571449,Received from Atlas Marine Parts at Mumbai,PO-2023-8139,13-Feb-2023 00:00,UTC,Mumbai
488,2023-02-13 00:00:00,7440571a-841a-11ed-aa7c-7003bca91a86,4545,MV0001-05089,Cover Seal,COMP-1768374767802-sjje0yq3o,403.001,"Steering Gears, Complete",SP-403.001-089,RECEIVE,4,9,228b5256-5bd2-4bf3-826f-c6fe76571449,Received from Atlas Marine Parts at Mumbai,PO-2023-8743,13-Feb-2023 00:00,UTC,Mumbai
489,2023-02-13 00:00:00,7440571a-841a-11ed-aa7c-7003bca91a86,4571,MV0001-05115,Bonded Seal,COMP-1768374767802-sjje0yq3o,403.001,"Steering Gears, Complete",SP-403.001-115,RECEIVE,4,9,228b5256-5bd2-4bf3-826f-c6fe76571449,Received from Atlas Marine Parts at Mumbai,PO-2023-6858,13-Feb-2023 00:00,UTC,Mumbai
490,2023-02-13 00:00:00,7440571a-841a-11ed-aa7c-7003bca91a86,4573,MV0001-05117,O-Ring,COMP-1768374767802-sjje0yq3o,403.001,"Steering Gears, Complete",SP-403.001-117,RECEIVE,5,10,228b5256-5bd2-4bf3-826f-c6fe76571449,Received from Atlas Marine Parts at Mumbai,PO-2023-9658,13-Feb-2023 00:00,UTC,Mumbai
491,2023-02-13 00:00:00,7440571a-841a-11ed-aa7c-7003bca91a86,4606,MV0001-05150,Plug,COMP-1768374767802-sjje0yq3o,403.001,"Steering Gears, Complete",SP-403.001-150,RECEIVE,5,10,228b5256-5bd2-4bf3-826f-c6fe76571449,Received from Atlas Marine Parts at Mumbai,PO-2023-3830,13-Feb-2023 00:00,UTC,Mumbai
492,2023-02-13 00:00:00,7440571a-841a-11ed-aa7c-7003bca91a86,4607,MV0001-05151,Pump Cartridge,COMP-1768374767802-sjje0yq3o,403.001,"Steering Gears, Complete",SP-403.001-151,RECEIVE,5,7,228b5256-5bd2-4bf3-826f-c6fe76571449,Received from Atlas Marine Parts at Mumbai,PO-2023-1214,13-Feb-2023 00:00,UTC,Mumbai
493,2023-02-13 00:00:00,7440571a-841a-11ed-aa7c-7003bca91a86,4617,MV0001-05161,Magnet Valve,COMP-1768374767815-k5anrfi02,554.001,Provision Cooling Compressor Aggregates,SP-554.001-161,RECEIVE,1,2,228b5256-5bd2-4bf3-826f-c6fe76571449,Received from Atlas Marine Parts at Mumbai,PO-2023-5016,13-Feb-2023 00:00,UTC,Mumbai
494,2023-02-13 00:00:00,7440571a-841a-11ed-aa7c-7003bca91a86,4623,MV0001-05167,W.T Type Wall Light,COMP-1768374767815-k5anrfi02,554.001,Provision Cooling Compressor Aggregates,SP-554.001-167,RECEIVE,5,8,228b5256-5bd2-4bf3-826f-c6fe76571449,Received from Atlas Marine Parts at Mumbai,PO-2023-3292,13-Feb-2023 00:00,UTC,Mumbai
495,2023-02-13 00:00:00,7440571a-841a-11ed-aa7c-7003bca91a86,4639,MV0001-05183,Fuse,COMP-1768374767815-k5anrfi02,554.001,Provision Cooling Compressor Aggregates,SP-554.001-183,RECEIVE,1,2,228b5256-5bd2-4bf3-826f-c6fe76571449,Received from Atlas Marine Parts at Mumbai,PO-2023-8589,13-Feb-2023 00:00,UTC,Mumbai
496,2023-02-13 00:00:00,7440571a-841a-11ed-aa7c-7003bca91a86,4647,MV0001-05191,Tie-Rod Complete,COMP-1768374767827-g6k9lk4to,601.016,ME Tiebolts,SP-601.016-191,RECEIVE,2,6,228b5256-5bd2-4bf3-826f-c6fe76571449,Received from Atlas Marine Parts at Mumbai,PO-2023-5118,13-Feb-2023 00:00,UTC,Mumbai
497,2023-02-13 00:00:00,7440571a-841a-11ed-aa7c-7003bca91a86,4667,MV0001-05211,Pointer,COMP-1768374767834-dbncpiany,601.053,ME Turbochargers,SP-601.053-211,RECEIVE,1,4,228b5256-5bd2-4bf3-826f-c6fe76571449,Received from Atlas Marine Parts at Mumbai,PO-2023-6205,13-Feb-2023 00:00,UTC,Mumbai
498,2023-02-13 00:00:00,7440571a-841a-11ed-aa7c-7003bca91a86,4707,MV0001-05251,Stud Bolt,COMP-1768374767837-m3bhk56ru,601.059,ME Exhaust Gas Manifolds/Pipes W/Insulation,SP-601.059-251,RECEIVE,2,6,228b5256-5bd2-4bf3-826f-c6fe76571449,Received from Atlas Marine Parts at Mumbai,PO-2023-6449,13-Feb-2023 00:00,UTC,Mumbai
499,2023-02-13 00:00:00,7440571a-841a-11ed-aa7c-7003bca91a86,4711,MV0001-05255,Plain Washer,COMP-1768374767837-m3bhk56ru,601.059,ME Exhaust Gas Manifolds/Pipes W/Insulation,SP-601.059-255,RECEIVE,4,5,228b5256-5bd2-4bf3-826f-c6fe76571449,Received from Atlas Marine Parts at Mumbai,PO-2023-3845,13-Feb-2023 00:00,UTC,Mumbai
500,2023-02-13 00:00:00,7440571a-841a-11ed-aa7c-7003bca91a86,4740,MV0001-05284,Main Rectifier Assembly-Forward,COMP-1768374767899-slkigc1i8,665.001,"Emergency Generator Aggregates, Complete",SP-665.001-284,RECEIVE,1,3,228b5256-5bd2-4bf3-826f-c6fe76571449,Received from Atlas Marine Parts at Mumbai,PO-2023-5667,13-Feb-2023 00:00,UTC,Mumbai
501,2023-02-13 00:00:00,7440571a-841a-11ed-aa7c-7003bca91a86,4747,MV0001-05291,Frame To End Bracket Adaptor Ring,COMP-1768374767899-slkigc1i8,665.001,"Emergency Generator Aggregates, Complete",SP-665.001-291,RECEIVE,5,8,228b5256-5bd2-4bf3-826f-c6fe76571449,Received from Atlas Marine Parts at Mumbai,PO-2023-5844,13-Feb-2023 00:00,UTC,Mumbai
502,2023-02-13 00:00:00,7440571a-841a-11ed-aa7c-7003bca91a86,4779,MV0001-05323,Main Rectifier Assembly-Forward,COMP-1768374767899-slkigc1i8,665.001,"Emergency Generator Aggregates, Complete",SP-665.001-323,RECEIVE,2,4,228b5256-5bd2-4bf3-826f-c6fe76571449,Received from Atlas Marine Parts at Mumbai,PO-2023-1884,13-Feb-2023 00:00,UTC,Mumbai
503,2023-02-13 00:00:00,7440571a-841a-11ed-aa7c-7003bca91a86,4784,MV0001-05328,Lifting Lug-Drive End,COMP-1768374767899-slkigc1i8,665.001,"Emergency Generator Aggregates, Complete",SP-665.001-328,RECEIVE,4,9,228b5256-5bd2-4bf3-826f-c6fe76571449,Received from Atlas Marine Parts at Mumbai,PO-2023-0327,13-Feb-2023 00:00,UTC,Mumbai
504,2023-02-13 00:00:00,7440571a-841a-11ed-aa7c-7003bca91a86,4803,MV0001-05347,Rotor,COMP-1768374767899-slkigc1i8,665.001,"Emergency Generator Aggregates, Complete",SP-665.001-347,RECEIVE,5,10,228b5256-5bd2-4bf3-826f-c6fe76571449,Received from Atlas Marine Parts at Mumbai,PO-2023-0617,13-Feb-2023 00:00,UTC,Mumbai
505,2023-02-13 00:00:00,7440571a-841a-11ed-aa7c-7003bca91a86,4809,MV0001-05353,Bearing Non Drive End,COMP-1768374767899-slkigc1i8,665.001,"Emergency Generator Aggregates, Complete",SP-665.001-353,RECEIVE,1,6,228b5256-5bd2-4bf3-826f-c6fe76571449,Received from Atlas Marine Parts at Mumbai,PO-2023-9868,13-Feb-2023 00:00,UTC,Mumbai
506,2023-02-13 00:00:00,7440571a-841a-11ed-aa7c-7003bca91a86,4848,MV0001-05392,Impeller Key,COMP-1768374767907-73hq6hda8,801.001,Clean Ballast Pumps,SP-801.001-392,RECEIVE,5,6,228b5256-5bd2-4bf3-826f-c6fe76571449,Received from Atlas Marine Parts at Mumbai,PO-2023-6275,13-Feb-2023 00:00,UTC,Mumbai
507,2023-02-13 00:00:00,7440571a-841a-11ed-aa7c-7003bca91a86,4851,MV0001-05395,Ball Bearing,COMP-1768374767907-73hq6hda8,801.001,Clean Ballast Pumps,SP-801.001-395,RECEIVE,4,9,228b5256-5bd2-4bf3-826f-c6fe76571449,Received from Atlas Marine Parts at Mumbai,PO-2023-6352,13-Feb-2023 00:00,UTC,Mumbai
508,2023-02-13 00:00:00,7440571a-841a-11ed-aa7c-7003bca91a86,4864,MV0001-05408,Packing Ring,COMP-1768374767907-73hq6hda8,801.001,Clean Ballast Pumps,SP-801.001-408,RECEIVE,1,6,228b5256-5bd2-4bf3-826f-c6fe76571449,Received from Atlas Marine Parts at Mumbai,PO-2023-3586,13-Feb-2023 00:00,UTC,Mumbai
509,2023-02-13 00:00:00,7440571a-841a-11ed-aa7c-7003bca91a86,4866,MV0001-05410,Seal Ring,COMP-1768374767907-73hq6hda8,801.001,Clean Ballast Pumps,SP-801.001-410,RECEIVE,4,9,228b5256-5bd2-4bf3-826f-c6fe76571449,Received from Atlas Marine Parts at Mumbai,PO-2023-7770,13-Feb-2023 00:00,UTC,Mumbai
510,2023-02-13 00:00:00,7440571a-841a-11ed-aa7c-7003bca91a86,4874,MV0001-05418,Mechanical Seal Cover,COMP-1768374767907-73hq6hda8,801.001,Clean Ballast Pumps,SP-801.001-418,RECEIVE,2,6,228b5256-5bd2-4bf3-826f-c6fe76571449,Received from Atlas Marine Parts at Mumbai,PO-2023-1656,13-Feb-2023 00:00,UTC,Mumbai
511,2023-02-13 00:00:00,7440571a-841a-11ed-aa7c-7003bca91a86,4892,MV0001-05436,Sleeve,COMP-1768374767907-73hq6hda8,801.001,Clean Ballast Pumps,SP-801.001-436,RECEIVE,3,8,228b5256-5bd2-4bf3-826f-c6fe76571449,Received from Atlas Marine Parts at Mumbai,PO-2023-3662,13-Feb-2023 00:00,UTC,Mumbai
512,2023-02-13 00:00:00,7440571a-841a-11ed-aa7c-7003bca91a86,4914,MV0001-05458,Seat Packing,COMP-1768374767907-73hq6hda8,801.001,Clean Ballast Pumps,SP-801.001-458,RECEIVE,1,6,228b5256-5bd2-4bf3-826f-c6fe76571449,Received from Atlas Marine Parts at Mumbai,PO-2023-2989,13-Feb-2023 00:00,UTC,Mumbai
513,2023-02-13 00:00:00,7440571a-841a-11ed-aa7c-7003bca91a86,4916,MV0001-05460,Doubling Plate,COMP-1768374767907-73hq6hda8,801.001,Clean Ballast Pumps,SP-801.001-460,RECEIVE,5,8,228b5256-5bd2-4bf3-826f-c6fe76571449,Received from Atlas Marine Parts at Mumbai,PO-2023-6282,13-Feb-2023 00:00,UTC,Mumbai
514,2023-02-13 00:00:00,7440571a-841a-11ed-aa7c-7003bca91a86,4921,MV0001-05465,Oil Seal,COMP-1768374767907-73hq6hda8,801.001,Clean Ballast Pumps,SP-801.001-465,RECEIVE,1,4,228b5256-5bd2-4bf3-826f-c6fe76571449,Received from Atlas Marine Parts at Mumbai,PO-2023-6632,13-Feb-2023 00:00,UTC,Mumbai
515,2023-02-13 00:00:00,7440571a-841a-11ed-aa7c-7003bca91a86,4934,MV0001-05478,O-Ring,COMP-1768374767802-sjje0yq3o,403.001,"Steering Gears, Complete",SP-403.001-478,RECEIVE,2,11,228b5256-5bd2-4bf3-826f-c6fe76571449,Received from Atlas Marine Parts at Mumbai,PO-2023-3757,13-Feb-2023 00:00,UTC,Mumbai
516,2023-02-13 00:00:00,7440571a-841a-11ed-aa7c-7003bca91a86,4938,MV0001-05482,Gasket,COMP-1768374767805-z4lpo0038,411.001,S-Band Radar,SP-411.001-482,RECEIVE,1,11,228b5256-5bd2-4bf3-826f-c6fe76571449,Received from Atlas Marine Parts at Mumbai,PO-2023-8544,13-Feb-2023 00:00,UTC,Mumbai
2972,2023-02-05 00:00:00,7440571a-841a-11ed-aa7c-7003bca91a86,5342,MV0001-05886,Friction Clutch,COMP-1768374768525-zyps62yum,712.011.02,LO Separators No.02,SP-702.005.01-886,CONSUME,-2,1,3rd Engineer,Consumed during maintenance - WO-702.005.02-2023-159,WO-702.005.02-2023-159,05-Feb-2023,UTC,
81,2023-01-30 00:00:00,7440571a-841a-11ed-aa7c-7003bca91a86,4886,MV0001-05430,Distance Ring,COMP-1768374767907-73hq6hda8,801.001,Clean Ballast Pumps,SP-801.001-430,CONSUME,-1,4,977621de-77d7-4892-ae27-adaebcc27d0b,Consumed for WO WO-702.005.02-2023-158,WO-702.005.02-2023-158,30-Jan-2023 00:00,UTC,
